feature	diet_dairy	diet_meat	time_baseline	time_endpoint	n_embeddings
N_AQ.1	3	4	6	1	7
N_AQ.10	1	6	5	2	7
N_AQ.100	3	4	2	5	7
N_AQ.1000	2	5	5	2	7
N_AQ.1001	3	4	4	3	7
N_AQ.1002	4	3	4	3	7
N_AQ.1003	4	3	2	5	7
N_AQ.1005	4	3	1	6	7
N_AQ.1007	5	2	5	2	7
N_AQ.1008	3	4	4	3	7
N_AQ.1009	1	6	5	2	7
N_AQ.101	2	5	5	2	7
N_AQ.1011	2	5	6	1	7
N_AQ.1013	3	4	6	1	7
N_AQ.1014	4	3	7	0	7
N_AQ.1015	5	2	1	6	7
N_AQ.1017	4	3	6	1	7
N_AQ.1019	3	4	5	2	7
N_AQ.1020	2	5	5	2	7
N_AQ.1021	4	3	2	5	7
N_AQ.1023	2	5	3	4	7
N_AQ.1024	3	4	3	4	7
N_AQ.1025	2	5	3	4	7
N_AQ.1026	2	5	4	3	7
N_AQ.1027	5	2	1	6	7
N_AQ.103	3	4	1	6	7
N_AQ.1030	2	5	6	1	7
N_AQ.1031	3	4	5	2	7
N_AQ.1032	4	3	2	5	7
N_AQ.1033	3	4	4	3	7
N_AQ.1034	2	5	5	2	7
N_AQ.1035	2	5	6	1	7
N_AQ.1036	5	2	2	5	7
N_AQ.1037	3	4	5	2	7
N_AQ.1038	2	5	5	2	7
N_AQ.1039	4	3	2	5	7
N_AQ.104	3	4	3	4	7
N_AQ.1043	3	4	2	5	7
N_AQ.1044	4	3	3	4	7
N_AQ.1045	3	4	4	3	7
N_AQ.1046	2	5	4	3	7
N_AQ.1048	4	3	4	3	7
N_AQ.1049	5	2	4	3	7
N_AQ.105	3	4	4	3	7
N_AQ.1050	6	1	1	6	7
N_AQ.1051	1	6	6	1	7
N_AQ.1052	4	3	5	2	7
N_AQ.1055	2	5	4	3	7
N_AQ.1056	4	3	3	4	7
N_AQ.1057	3	4	5	2	7
N_AQ.1059	4	3	4	3	7
N_AQ.106	1	6	7	0	7
N_AQ.1060	3	4	5	2	7
N_AQ.1062	3	4	4	3	7
N_AQ.1063	4	3	1	6	7
N_AQ.1064	3	4	2	5	7
N_AQ.1065	4	3	2	5	7
N_AQ.1067	3	4	2	5	7
N_AQ.1068	4	3	3	4	7
N_AQ.1069	3	4	5	2	7
N_AQ.107	4	3	6	1	7
N_AQ.1070	5	2	2	5	7
N_AQ.1071	2	5	5	2	7
N_AQ.1072	7	0	2	5	7
N_AQ.1073	4	3	6	1	7
N_AQ.1074	5	2	1	6	7
N_AQ.1075	2	5	5	2	7
N_AQ.1076	4	3	0	7	7
N_AQ.1078	3	4	3	4	7
N_AQ.1079	1	6	2	5	7
N_AQ.108	3	4	4	3	7
N_AQ.1080	2	5	6	1	7
N_AQ.1081	3	4	4	3	7
N_AQ.1082	4	3	2	5	7
N_AQ.1083	3	4	3	4	7
N_AQ.1085	1	6	4	3	7
N_AQ.1086	3	4	4	3	7
N_AQ.1087	3	4	5	2	7
N_AQ.1088	3	4	5	2	7
N_AQ.1089	4	3	2	5	7
N_AQ.109	3	4	2	5	7
N_AQ.1090	2	5	3	4	7
N_AQ.1091	1	6	4	3	7
N_AQ.1092	4	3	3	4	7
N_AQ.1093	3	4	2	5	7
N_AQ.1094	4	3	4	3	7
N_AQ.1095	2	5	4	3	7
N_AQ.1096	3	4	6	1	7
N_AQ.1097	0	7	6	1	7
N_AQ.1098	1	6	4	3	7
N_AQ.1099	3	4	4	3	7
N_AQ.11	4	3	4	3	7
N_AQ.110	0	7	3	4	7
N_AQ.1101	5	2	6	1	7
N_AQ.1103	1	6	6	1	7
N_AQ.1104	2	5	3	4	7
N_AQ.1106	5	2	3	4	7
N_AQ.1108	4	3	5	2	7
N_AQ.1109	3	4	4	3	7
N_AQ.111	2	5	4	3	7
N_AQ.1110	3	4	3	4	7
N_AQ.1111	2	5	3	4	7
N_AQ.1112	4	3	2	5	7
N_AQ.1113	3	4	3	4	7
N_AQ.1114	5	2	3	4	7
N_AQ.1115	2	5	1	6	7
N_AQ.1116	2	5	0	7	7
N_AQ.1118	2	5	5	2	7
N_AQ.1119	3	4	5	2	7
N_AQ.112	3	4	5	2	7
N_AQ.1120	4	3	3	4	7
N_AQ.1121	3	4	5	2	7
N_AQ.1122	2	5	1	6	7
N_AQ.1123	3	4	3	4	7
N_AQ.1124	2	5	3	4	7
N_AQ.1125	3	4	3	4	7
N_AQ.1126	4	3	4	3	7
N_AQ.1129	3	4	2	5	7
N_AQ.113	2	5	2	5	7
N_AQ.1130	2	5	4	3	7
N_AQ.1132	2	5	6	1	7
N_AQ.1133	3	4	0	7	7
N_AQ.1134	3	4	2	5	7
N_AQ.1136	3	4	2	5	7
N_AQ.1138	4	3	5	2	7
N_AQ.114	4	3	4	3	7
N_AQ.1140	2	5	1	6	7
N_AQ.1141	4	3	3	4	7
N_AQ.1142	3	4	3	4	7
N_AQ.1143	3	4	5	2	7
N_AQ.1145	2	5	3	4	7
N_AQ.1146	4	3	4	3	7
N_AQ.1147	0	7	6	1	7
N_AQ.1148	4	3	4	3	7
N_AQ.115	5	2	6	1	7
N_AQ.1150	3	4	2	5	7
N_AQ.1151	2	5	6	1	7
N_AQ.1153	4	3	1	6	7
N_AQ.1155	1	6	5	2	7
N_AQ.1157	2	5	2	5	7
N_AQ.1159	3	4	6	1	7
N_AQ.116	2	5	5	2	7
N_AQ.1161	4	3	1	6	7
N_AQ.1163	1	6	5	2	7
N_AQ.1164	3	4	2	5	7
N_AQ.1166	5	2	4	3	7
N_AQ.1167	6	1	2	5	7
N_AQ.1168	2	5	2	5	7
N_AQ.1169	2	5	1	6	7
N_AQ.117	4	3	3	4	7
N_AQ.1171	2	5	6	1	7
N_AQ.1172	3	4	6	1	7
N_AQ.1173	0	7	7	0	7
N_AQ.1174	6	1	3	4	7
N_AQ.1175	1	6	5	2	7
N_AQ.1176	4	3	3	4	7
N_AQ.1177	5	2	5	2	7
N_AQ.1178	3	4	5	2	7
N_AQ.118	2	5	5	2	7
N_AQ.1181	4	3	6	1	7
N_AQ.1182	2	5	4	3	7
N_AQ.1183	4	3	1	6	7
N_AQ.1184	4	3	6	1	7
N_AQ.1186	3	4	0	7	7
N_AQ.1187	4	3	6	1	7
N_AQ.1188	1	6	7	0	7
N_AQ.1189	5	2	5	2	7
N_AQ.119	4	3	4	3	7
N_AQ.1191	2	5	6	1	7
N_AQ.1192	1	6	5	2	7
N_AQ.1193	5	2	6	1	7
N_AQ.1194	2	5	4	3	7
N_AQ.1195	2	5	5	2	7
N_AQ.1196	3	4	4	3	7
N_AQ.1197	5	2	4	3	7
N_AQ.1198	2	5	6	1	7
N_AQ.1199	4	3	3	4	7
N_AQ.12	6	1	1	6	7
N_AQ.1200	2	5	5	2	7
N_AQ.1201	1	6	5	2	7
N_AQ.1202	4	3	6	1	7
N_AQ.1203	3	4	4	3	7
N_AQ.1205	2	5	2	5	7
N_AQ.1207	4	3	2	5	7
N_AQ.1208	4	3	4	3	7
N_AQ.1209	2	5	2	5	7
N_AQ.121	4	3	4	3	7
N_AQ.1210	3	4	5	2	7
N_AQ.1212	3	4	1	6	7
N_AQ.1213	4	3	6	1	7
N_AQ.1214	4	3	4	3	7
N_AQ.1215	2	5	6	1	7
N_AQ.1216	4	3	5	2	7
N_AQ.1217	0	7	2	5	7
N_AQ.1218	2	5	5	2	7
N_AQ.1219	2	5	6	1	7
N_AQ.122	2	5	1	6	7
N_AQ.1220	3	4	4	3	7
N_AQ.1221	2	5	5	2	7
N_AQ.1222	2	5	4	3	7
N_AQ.1225	3	4	7	0	7
N_AQ.1226	3	4	2	5	7
N_AQ.1228	4	3	2	5	7
N_AQ.1229	5	2	2	5	7
N_AQ.123	2	5	1	6	7
N_AQ.1230	0	7	7	0	7
N_AQ.1231	1	6	7	0	7
N_AQ.1232	3	4	3	4	7
N_AQ.1233	4	3	4	3	7
N_AQ.1234	3	4	6	1	7
N_AQ.1235	4	3	3	4	7
N_AQ.1236	2	5	3	4	7
N_AQ.1237	5	2	4	3	7
N_AQ.124	4	3	3	4	7
N_AQ.1240	1	6	6	1	7
N_AQ.1242	2	5	3	4	7
N_AQ.1243	3	4	2	5	7
N_AQ.1244	2	5	6	1	7
N_AQ.1246	1	6	4	3	7
N_AQ.1247	2	5	6	1	7
N_AQ.1248	4	3	2	5	7
N_AQ.1249	2	5	6	1	7
N_AQ.1250	1	6	5	2	7
N_AQ.1252	3	4	2	5	7
N_AQ.1254	4	3	5	2	7
N_AQ.1255	5	2	3	4	7
N_AQ.1257	4	3	2	5	7
N_AQ.1258	4	3	3	4	7
N_AQ.1259	2	5	6	1	7
N_AQ.126	3	4	2	5	7
N_AQ.1260	2	5	5	2	7
N_AQ.1261	4	3	3	4	7
N_AQ.1262	5	2	1	6	7
N_AQ.1263	1	6	1	6	7
N_AQ.1264	0	7	3	4	7
N_AQ.1265	6	1	4	3	7
N_AQ.1267	3	4	4	3	7
N_AQ.1268	3	4	2	5	7
N_AQ.1269	2	5	4	3	7
N_AQ.1270	3	4	5	2	7
N_AQ.1271	3	4	3	4	7
N_AQ.1272	3	4	3	4	7
N_AQ.1273	5	2	5	2	7
N_AQ.1274	2	5	3	4	7
N_AQ.1275	4	3	3	4	7
N_AQ.1276	4	3	5	2	7
N_AQ.1277	4	3	5	2	7
N_AQ.1278	1	6	4	3	7
N_AQ.1279	4	3	4	3	7
N_AQ.128	0	7	3	4	7
N_AQ.1280	2	5	4	3	7
N_AQ.1282	6	1	5	2	7
N_AQ.1283	3	4	5	2	7
N_AQ.1284	2	5	4	3	7
N_AQ.1285	3	4	5	2	7
N_AQ.1287	5	2	5	2	7
N_AQ.1288	5	2	5	2	7
N_AQ.1289	5	2	6	1	7
N_AQ.129	2	5	5	2	7
N_AQ.1290	4	3	4	3	7
N_AQ.1291	3	4	2	5	7
N_AQ.1292	1	6	5	2	7
N_AQ.1293	5	2	4	3	7
N_AQ.1294	3	4	4	3	7
N_AQ.1296	2	5	5	2	7
N_AQ.1297	5	2	3	4	7
N_AQ.1298	1	6	3	4	7
N_AQ.1299	3	4	2	5	7
N_AQ.13	4	3	2	5	7
N_AQ.130	3	4	5	2	7
N_AQ.1300	3	4	5	2	7
N_AQ.1301	2	5	2	5	7
N_AQ.1302	2	5	2	5	7
N_AQ.1304	4	3	4	3	7
N_AQ.1305	4	3	6	1	7
N_AQ.1306	3	4	6	1	7
N_AQ.1307	3	4	5	2	7
N_AQ.1308	3	4	4	3	7
N_AQ.131	4	3	6	1	7
N_AQ.1310	1	6	4	3	7
N_AQ.1311	4	3	1	6	7
N_AQ.1312	1	6	5	2	7
N_AQ.1313	2	5	3	4	7
N_AQ.1314	2	5	5	2	7
N_AQ.1315	1	6	4	3	7
N_AQ.1316	5	2	3	4	7
N_AQ.1317	3	4	3	4	7
N_AQ.1318	0	7	4	3	7
N_AQ.1319	5	2	4	3	7
N_AQ.132	6	1	6	1	7
N_AQ.1323	5	2	5	2	7
N_AQ.1325	4	3	6	1	7
N_AQ.1326	4	3	5	2	7
N_AQ.1327	2	5	2	5	7
N_AQ.1329	3	4	6	1	7
N_AQ.1330	1	6	3	4	7
N_AQ.1331	2	5	6	1	7
N_AQ.1332	2	5	7	0	7
N_AQ.1333	3	4	3	4	7
N_AQ.1335	3	4	5	2	7
N_AQ.1337	5	2	2	5	7
N_AQ.1338	3	4	0	7	7
N_AQ.1339	2	5	3	4	7
N_AQ.134	4	3	3	4	7
N_AQ.1340	5	2	1	6	7
N_AQ.1342	3	4	3	4	7
N_AQ.1343	4	3	6	1	7
N_AQ.1344	1	6	6	1	7
N_AQ.1346	3	4	5	2	7
N_AQ.1347	3	4	4	3	7
N_AQ.1349	3	4	5	2	7
N_AQ.135	2	5	3	4	7
N_AQ.1350	4	3	3	4	7
N_AQ.1351	2	5	6	1	7
N_AQ.1352	3	4	4	3	7
N_AQ.1353	3	4	4	3	7
N_AQ.1354	1	6	3	4	7
N_AQ.1355	3	4	3	4	7
N_AQ.1356	4	3	5	2	7
N_AQ.1357	1	6	2	5	7
N_AQ.1358	2	5	3	4	7
N_AQ.136	3	4	3	4	7
N_AQ.1360	3	4	3	4	7
N_AQ.1361	6	1	1	6	7
N_AQ.1362	1	6	5	2	7
N_AQ.1363	4	3	0	7	7
N_AQ.1364	4	3	5	2	7
N_AQ.1366	4	3	5	2	7
N_AQ.1367	0	7	4	3	7
N_AQ.1368	4	3	4	3	7
N_AQ.1369	4	3	3	4	7
N_AQ.137	1	6	5	2	7
N_AQ.1370	2	5	2	5	7
N_AQ.1371	2	5	5	2	7
N_AQ.1374	2	5	6	1	7
N_AQ.1375	2	5	3	4	7
N_AQ.1377	4	3	2	5	7
N_AQ.1378	4	3	5	2	7
N_AQ.1379	5	2	4	3	7
N_AQ.138	1	6	5	2	7
N_AQ.1380	4	3	6	1	7
N_AQ.1382	3	4	3	4	7
N_AQ.1383	3	4	6	1	7
N_AQ.1385	6	1	3	4	7
N_AQ.1386	5	2	5	2	7
N_AQ.1388	3	4	2	5	7
N_AQ.139	6	1	2	5	7
N_AQ.1391	3	4	6	1	7
N_AQ.1392	2	5	5	2	7
N_AQ.1393	4	3	6	1	7
N_AQ.1394	4	3	2	5	7
N_AQ.1395	2	5	6	1	7
N_AQ.1397	2	5	5	2	7
N_AQ.1398	1	6	7	0	7
N_AQ.1399	2	5	5	2	7
N_AQ.14	2	5	4	3	7
N_AQ.140	3	4	6	1	7
N_AQ.1400	3	4	6	1	7
N_AQ.1401	3	4	4	3	7
N_AQ.1402	5	2	1	6	7
N_AQ.1405	2	5	5	2	7
N_AQ.1406	2	5	6	1	7
N_AQ.1407	5	2	6	1	7
N_AQ.1408	6	1	2	5	7
N_AQ.1411	4	3	4	3	7
N_AQ.1412	2	5	4	3	7
N_AQ.1413	4	3	5	2	7
N_AQ.1414	4	3	4	3	7
N_AQ.1415	2	5	4	3	7
N_AQ.1416	4	3	4	3	7
N_AQ.1417	2	5	4	3	7
N_AQ.1418	4	3	2	5	7
N_AQ.1419	2	5	6	1	7
N_AQ.1420	4	3	3	4	7
N_AQ.1422	2	5	4	3	7
N_AQ.1423	4	3	3	4	7
N_AQ.1424	3	4	5	2	7
N_AQ.1425	2	5	4	3	7
N_AQ.1427	2	5	6	1	7
N_AQ.1428	3	4	5	2	7
N_AQ.1429	4	3	2	5	7
N_AQ.143	4	3	5	2	7
N_AQ.1430	2	5	5	2	7
N_AQ.1431	4	3	6	1	7
N_AQ.1432	4	3	6	1	7
N_AQ.1433	5	2	4	3	7
N_AQ.1434	3	4	2	5	7
N_AQ.1435	2	5	5	2	7
N_AQ.1437	4	3	0	7	7
N_AQ.1438	3	4	5	2	7
N_AQ.144	3	4	7	0	7
N_AQ.1440	3	4	3	4	7
N_AQ.1441	3	4	4	3	7
N_AQ.1442	2	5	6	1	7
N_AQ.1444	5	2	5	2	7
N_AQ.1445	1	6	4	3	7
N_AQ.1446	5	2	3	4	7
N_AQ.1447	6	1	5	2	7
N_AQ.1448	3	4	3	4	7
N_AQ.1449	5	2	3	4	7
N_AQ.145	2	5	2	5	7
N_AQ.1450	4	3	4	3	7
N_AQ.1451	3	4	3	4	7
N_AQ.1455	4	3	0	7	7
N_AQ.1456	1	6	5	2	7
N_AQ.1457	1	6	4	3	7
N_AQ.1459	4	3	3	4	7
N_AQ.146	2	5	1	6	7
N_AQ.1460	2	5	5	2	7
N_AQ.1461	3	4	2	5	7
N_AQ.1462	5	2	3	4	7
N_AQ.1463	4	3	5	2	7
N_AQ.1464	3	4	4	3	7
N_AQ.1465	5	2	2	5	7
N_AQ.1466	2	5	0	7	7
N_AQ.1467	5	2	0	7	7
N_AQ.1470	2	5	7	0	7
N_AQ.1471	3	4	3	4	7
N_AQ.1473	2	5	5	2	7
N_AQ.1474	2	5	3	4	7
N_AQ.1475	5	2	5	2	7
N_AQ.1477	3	4	4	3	7
N_AQ.1479	2	5	5	2	7
N_AQ.148	0	7	4	3	7
N_AQ.1481	1	6	5	2	7
N_AQ.1482	6	1	2	5	7
N_AQ.1483	4	3	4	3	7
N_AQ.1485	3	4	2	5	7
N_AQ.1486	3	4	2	5	7
N_AQ.1487	2	5	5	2	7
N_AQ.1488	4	3	4	3	7
N_AQ.1489	4	3	3	4	7
N_AQ.1490	3	4	4	3	7
N_AQ.1492	3	4	4	3	7
N_AQ.1493	2	5	4	3	7
N_AQ.1494	3	4	1	6	7
N_AQ.1495	1	6	5	2	7
N_AQ.1496	3	4	0	7	7
N_AQ.1497	1	6	3	4	7
N_AQ.1500	4	3	0	7	7
N_AQ.1501	4	3	4	3	7
N_AQ.1502	3	4	5	2	7
N_AQ.1503	3	4	4	3	7
N_AQ.1504	3	4	5	2	7
N_AQ.1505	3	4	5	2	7
N_AQ.1506	4	3	2	5	7
N_AQ.1507	1	6	7	0	7
N_AQ.1508	5	2	2	5	7
N_AQ.1509	4	3	5	2	7
N_AQ.151	0	7	5	2	7
N_AQ.1511	1	6	5	2	7
N_AQ.1514	4	3	6	1	7
N_AQ.1515	2	5	6	1	7
N_AQ.1516	4	3	1	6	7
N_AQ.1518	1	6	5	2	7
N_AQ.1519	2	5	3	4	7
N_AQ.152	5	2	2	5	7
N_AQ.1521	2	5	4	3	7
N_AQ.1523	4	3	4	3	7
N_AQ.1524	1	6	4	3	7
N_AQ.1525	2	5	1	6	7
N_AQ.1526	5	2	5	2	7
N_AQ.1528	3	4	5	2	7
N_AQ.1529	5	2	5	2	7
N_AQ.153	3	4	3	4	7
N_AQ.1530	1	6	3	4	7
N_AQ.1532	3	4	5	2	7
N_AQ.1533	2	5	3	4	7
N_AQ.1534	4	3	3	4	7
N_AQ.1535	1	6	5	2	7
N_AQ.1536	1	6	6	1	7
N_AQ.1538	4	3	2	5	7
N_AQ.154	4	3	1	6	7
N_AQ.1540	2	5	7	0	7
N_AQ.1541	2	5	0	7	7
N_AQ.1542	2	5	4	3	7
N_AQ.1543	1	6	5	2	7
N_AQ.1544	2	5	4	3	7
N_AQ.1546	2	5	5	2	7
N_AQ.1547	5	2	3	4	7
N_AQ.1548	2	5	5	2	7
N_AQ.1549	5	2	2	5	7
N_AQ.155	2	5	4	3	7
N_AQ.1550	4	3	7	0	7
N_AQ.1552	4	3	3	4	7
N_AQ.1554	0	7	4	3	7
N_AQ.1555	3	4	3	4	7
N_AQ.156	3	4	4	3	7
N_AQ.157	5	2	2	5	7
N_AQ.158	3	4	5	2	7
N_AQ.159	2	5	6	1	7
N_AQ.16	1	6	3	4	7
N_AQ.160	6	1	1	6	7
N_AQ.163	1	6	6	1	7
N_AQ.164	5	2	4	3	7
N_AQ.165	3	4	3	4	7
N_AQ.167	6	1	1	6	7
N_AQ.168	5	2	2	5	7
N_AQ.169	4	3	4	3	7
N_AQ.17	3	4	6	1	7
N_AQ.170	2	5	5	2	7
N_AQ.171	3	4	3	4	7
N_AQ.172	0	7	4	3	7
N_AQ.173	4	3	4	3	7
N_AQ.174	1	6	7	0	7
N_AQ.175	3	4	1	6	7
N_AQ.176	3	4	5	2	7
N_AQ.177	3	4	6	1	7
N_AQ.178	4	3	4	3	7
N_AQ.179	6	1	4	3	7
N_AQ.180	3	4	5	2	7
N_AQ.182	1	6	6	1	7
N_AQ.183	3	4	1	6	7
N_AQ.184	2	5	4	3	7
N_AQ.185	3	4	5	2	7
N_AQ.186	4	3	1	6	7
N_AQ.187	3	4	4	3	7
N_AQ.188	3	4	4	3	7
N_AQ.189	2	5	5	2	7
N_AQ.19	6	1	4	3	7
N_AQ.190	4	3	3	4	7
N_AQ.191	2	5	5	2	7
N_AQ.194	1	6	1	6	7
N_AQ.195	2	5	3	4	7
N_AQ.196	3	4	6	1	7
N_AQ.197	2	5	5	2	7
N_AQ.199	5	2	1	6	7
N_AQ.2	2	5	6	1	7
N_AQ.20	1	6	5	2	7
N_AQ.200	0	7	6	1	7
N_AQ.201	3	4	0	7	7
N_AQ.202	3	4	3	4	7
N_AQ.204	4	3	6	1	7
N_AQ.205	3	4	3	4	7
N_AQ.206	2	5	4	3	7
N_AQ.207	4	3	1	6	7
N_AQ.208	5	2	1	6	7
N_AQ.209	1	6	3	4	7
N_AQ.21	4	3	4	3	7
N_AQ.210	2	5	3	4	7
N_AQ.211	5	2	6	1	7
N_AQ.213	5	2	3	4	7
N_AQ.215	5	2	2	5	7
N_AQ.216	3	4	3	4	7
N_AQ.217	2	5	4	3	7
N_AQ.218	5	2	5	2	7
N_AQ.219	4	3	2	5	7
N_AQ.22	4	3	3	4	7
N_AQ.220	2	5	3	4	7
N_AQ.221	4	3	3	4	7
N_AQ.222	2	5	5	2	7
N_AQ.223	2	5	3	4	7
N_AQ.224	2	5	3	4	7
N_AQ.227	1	6	5	2	7
N_AQ.229	6	1	4	3	7
N_AQ.23	3	4	5	2	7
N_AQ.230	1	6	5	2	7
N_AQ.231	3	4	3	4	7
N_AQ.232	5	2	1	6	7
N_AQ.233	4	3	4	3	7
N_AQ.234	1	6	3	4	7
N_AQ.235	3	4	4	3	7
N_AQ.236	6	1	4	3	7
N_AQ.238	1	6	3	4	7
N_AQ.239	2	5	3	4	7
N_AQ.24	4	3	1	6	7
N_AQ.240	2	5	4	3	7
N_AQ.241	5	2	2	5	7
N_AQ.242	5	2	5	2	7
N_AQ.243	4	3	3	4	7
N_AQ.244	2	5	5	2	7
N_AQ.246	3	4	1	6	7
N_AQ.247	4	3	6	1	7
N_AQ.248	4	3	4	3	7
N_AQ.249	4	3	3	4	7
N_AQ.25	5	2	1	6	7
N_AQ.250	4	3	0	7	7
N_AQ.251	3	4	5	2	7
N_AQ.252	3	4	3	4	7
N_AQ.254	0	7	7	0	7
N_AQ.255	5	2	4	3	7
N_AQ.256	1	6	7	0	7
N_AQ.257	2	5	4	3	7
N_AQ.258	3	4	3	4	7
N_AQ.259	1	6	4	3	7
N_AQ.26	3	4	2	5	7
N_AQ.260	3	4	4	3	7
N_AQ.261	4	3	4	3	7
N_AQ.263	5	2	1	6	7
N_AQ.264	2	5	6	1	7
N_AQ.265	4	3	4	3	7
N_AQ.266	4	3	5	2	7
N_AQ.267	3	4	5	2	7
N_AQ.268	3	4	2	5	7
N_AQ.269	2	5	3	4	7
N_AQ.27	5	2	2	5	7
N_AQ.270	2	5	5	2	7
N_AQ.271	4	3	3	4	7
N_AQ.272	2	5	4	3	7
N_AQ.273	2	5	2	5	7
N_AQ.274	1	6	6	1	7
N_AQ.276	2	5	6	1	7
N_AQ.278	5	2	4	3	7
N_AQ.279	3	4	5	2	7
N_AQ.28	1	6	5	2	7
N_AQ.281	3	4	5	2	7
N_AQ.282	3	4	5	2	7
N_AQ.283	3	4	2	5	7
N_AQ.284	2	5	6	1	7
N_AQ.285	1	6	2	5	7
N_AQ.286	5	2	4	3	7
N_AQ.287	3	4	5	2	7
N_AQ.288	3	4	5	2	7
N_AQ.289	2	5	6	1	7
N_AQ.29	0	7	6	1	7
N_AQ.290	2	5	1	6	7
N_AQ.291	4	3	6	1	7
N_AQ.292	3	4	2	5	7
N_AQ.293	2	5	5	2	7
N_AQ.294	5	2	5	2	7
N_AQ.295	4	3	5	2	7
N_AQ.296	2	5	6	1	7
N_AQ.297	4	3	1	6	7
N_AQ.298	1	6	3	4	7
N_AQ.299	3	4	6	1	7
N_AQ.3	3	4	1	6	7
N_AQ.30	2	5	4	3	7
N_AQ.300	6	1	2	5	7
N_AQ.301	2	5	6	1	7
N_AQ.302	3	4	5	2	7
N_AQ.303	2	5	4	3	7
N_AQ.304	4	3	4	3	7
N_AQ.305	3	4	4	3	7
N_AQ.307	4	3	6	1	7
N_AQ.308	5	2	1	6	7
N_AQ.309	6	1	5	2	7
N_AQ.31	3	4	2	5	7
N_AQ.310	1	6	5	2	7
N_AQ.311	2	5	5	2	7
N_AQ.312	3	4	2	5	7
N_AQ.313	4	3	5	2	7
N_AQ.315	4	3	5	2	7
N_AQ.316	3	4	0	7	7
N_AQ.317	2	5	4	3	7
N_AQ.318	4	3	4	3	7
N_AQ.319	2	5	5	2	7
N_AQ.32	4	3	1	6	7
N_AQ.320	2	5	4	3	7
N_AQ.322	4	3	4	3	7
N_AQ.323	4	3	5	2	7
N_AQ.324	1	6	5	2	7
N_AQ.325	2	5	1	6	7
N_AQ.326	3	4	5	2	7
N_AQ.328	1	6	5	2	7
N_AQ.329	4	3	2	5	7
N_AQ.33	5	2	1	6	7
N_AQ.332	3	4	5	2	7
N_AQ.333	2	5	2	5	7
N_AQ.334	5	2	4	3	7
N_AQ.335	3	4	5	2	7
N_AQ.336	4	3	2	5	7
N_AQ.337	4	3	0	7	7
N_AQ.338	3	4	2	5	7
N_AQ.339	3	4	1	6	7
N_AQ.34	4	3	4	3	7
N_AQ.340	3	4	4	3	7
N_AQ.341	5	2	0	7	7
N_AQ.342	3	4	4	3	7
N_AQ.343	2	5	5	2	7
N_AQ.344	4	3	5	2	7
N_AQ.345	4	3	2	5	7
N_AQ.346	2	5	4	3	7
N_AQ.347	4	3	6	1	7
N_AQ.348	3	4	2	5	7
N_AQ.349	4	3	5	2	7
N_AQ.35	5	2	1	6	7
N_AQ.350	3	4	7	0	7
N_AQ.351	3	4	3	4	7
N_AQ.352	4	3	4	3	7
N_AQ.353	2	5	6	1	7
N_AQ.354	3	4	3	4	7
N_AQ.355	3	4	5	2	7
N_AQ.356	2	5	2	5	7
N_AQ.357	3	4	3	4	7
N_AQ.358	2	5	3	4	7
N_AQ.359	4	3	3	4	7
N_AQ.360	3	4	7	0	7
N_AQ.361	3	4	2	5	7
N_AQ.362	2	5	3	4	7
N_AQ.363	3	4	3	4	7
N_AQ.364	1	6	5	2	7
N_AQ.365	2	5	3	4	7
N_AQ.366	2	5	2	5	7
N_AQ.367	2	5	2	5	7
N_AQ.368	1	6	4	3	7
N_AQ.37	4	3	2	5	7
N_AQ.370	3	4	3	4	7
N_AQ.371	2	5	5	2	7
N_AQ.372	4	3	5	2	7
N_AQ.373	3	4	5	2	7
N_AQ.375	3	4	4	3	7
N_AQ.376	2	5	2	5	7
N_AQ.377	3	4	4	3	7
N_AQ.378	1	6	7	0	7
N_AQ.379	6	1	2	5	7
N_AQ.38	3	4	1	6	7
N_AQ.380	3	4	2	5	7
N_AQ.381	5	2	2	5	7
N_AQ.382	2	5	4	3	7
N_AQ.384	3	4	5	2	7
N_AQ.386	4	3	2	5	7
N_AQ.387	1	6	5	2	7
N_AQ.389	0	7	3	4	7
N_AQ.39	2	5	4	3	7
N_AQ.391	4	3	1	6	7
N_AQ.392	5	2	6	1	7
N_AQ.394	5	2	3	4	7
N_AQ.396	5	2	4	3	7
N_AQ.397	2	5	0	7	7
N_AQ.398	3	4	5	2	7
N_AQ.399	1	6	7	0	7
N_AQ.4	5	2	5	2	7
N_AQ.40	4	3	0	7	7
N_AQ.400	4	3	4	3	7
N_AQ.401	4	3	6	1	7
N_AQ.402	3	4	3	4	7
N_AQ.403	3	4	3	4	7
N_AQ.404	4	3	5	2	7
N_AQ.405	3	4	1	6	7
N_AQ.406	3	4	6	1	7
N_AQ.408	5	2	6	1	7
N_AQ.409	4	3	7	0	7
N_AQ.41	2	5	7	0	7
N_AQ.410	4	3	2	5	7
N_AQ.411	1	6	3	4	7
N_AQ.412	3	4	1	6	7
N_AQ.414	1	6	5	2	7
N_AQ.415	4	3	2	5	7
N_AQ.416	3	4	4	3	7
N_AQ.417	5	2	4	3	7
N_AQ.418	1	6	5	2	7
N_AQ.419	0	7	6	1	7
N_AQ.42	1	6	6	1	7
N_AQ.420	3	4	3	4	7
N_AQ.421	3	4	4	3	7
N_AQ.422	3	4	1	6	7
N_AQ.423	3	4	4	3	7
N_AQ.424	1	6	5	2	7
N_AQ.425	4	3	5	2	7
N_AQ.426	3	4	5	2	7
N_AQ.427	3	4	3	4	7
N_AQ.43	3	4	2	5	7
N_AQ.430	5	2	4	3	7
N_AQ.432	4	3	4	3	7
N_AQ.433	4	3	0	7	7
N_AQ.436	2	5	6	1	7
N_AQ.438	3	4	0	7	7
N_AQ.439	4	3	2	5	7
N_AQ.44	2	5	5	2	7
N_AQ.440	2	5	4	3	7
N_AQ.441	5	2	2	5	7
N_AQ.442	2	5	2	5	7
N_AQ.444	1	6	3	4	7
N_AQ.445	3	4	5	2	7
N_AQ.446	5	2	2	5	7
N_AQ.447	0	7	6	1	7
N_AQ.448	1	6	5	2	7
N_AQ.449	4	3	3	4	7
N_AQ.45	0	7	1	6	7
N_AQ.450	3	4	3	4	7
N_AQ.451	3	4	2	5	7
N_AQ.452	5	2	3	4	7
N_AQ.453	4	3	4	3	7
N_AQ.454	3	4	3	4	7
N_AQ.456	2	5	2	5	7
N_AQ.457	4	3	6	1	7
N_AQ.458	5	2	0	7	7
N_AQ.459	2	5	4	3	7
N_AQ.46	3	4	2	5	7
N_AQ.461	3	4	5	2	7
N_AQ.462	2	5	4	3	7
N_AQ.464	3	4	2	5	7
N_AQ.465	1	6	1	6	7
N_AQ.466	5	2	5	2	7
N_AQ.467	5	2	6	1	7
N_AQ.468	4	3	4	3	7
N_AQ.47	5	2	4	3	7
N_AQ.470	4	3	2	5	7
N_AQ.471	4	3	5	2	7
N_AQ.472	3	4	5	2	7
N_AQ.473	3	4	5	2	7
N_AQ.475	5	2	3	4	7
N_AQ.476	3	4	3	4	7
N_AQ.477	2	5	4	3	7
N_AQ.478	3	4	4	3	7
N_AQ.479	2	5	3	4	7
N_AQ.48	3	4	3	4	7
N_AQ.480	4	3	4	3	7
N_AQ.481	5	2	3	4	7
N_AQ.482	2	5	6	1	7
N_AQ.483	2	5	2	5	7
N_AQ.484	2	5	5	2	7
N_AQ.485	2	5	6	1	7
N_AQ.486	1	6	4	3	7
N_AQ.487	2	5	6	1	7
N_AQ.488	4	3	5	2	7
N_AQ.489	4	3	4	3	7
N_AQ.49	1	6	6	1	7
N_AQ.490	2	5	3	4	7
N_AQ.491	4	3	5	2	7
N_AQ.492	6	1	2	5	7
N_AQ.493	2	5	6	1	7
N_AQ.494	2	5	3	4	7
N_AQ.495	2	5	5	2	7
N_AQ.496	3	4	2	5	7
N_AQ.497	2	5	5	2	7
N_AQ.498	2	5	5	2	7
N_AQ.499	1	6	7	0	7
N_AQ.5	2	5	3	4	7
N_AQ.50	3	4	4	3	7
N_AQ.500	1	6	4	3	7
N_AQ.502	2	5	1	6	7
N_AQ.503	4	3	5	2	7
N_AQ.504	2	5	4	3	7
N_AQ.505	4	3	4	3	7
N_AQ.506	0	7	6	1	7
N_AQ.509	5	2	4	3	7
N_AQ.510	3	4	7	0	7
N_AQ.511	3	4	6	1	7
N_AQ.512	1	6	5	2	7
N_AQ.513	2	5	3	4	7
N_AQ.514	4	3	4	3	7
N_AQ.515	5	2	0	7	7
N_AQ.516	5	2	3	4	7
N_AQ.518	3	4	7	0	7
N_AQ.519	3	4	2	5	7
N_AQ.52	2	5	5	2	7
N_AQ.520	2	5	4	3	7
N_AQ.521	2	5	3	4	7
N_AQ.522	2	5	3	4	7
N_AQ.523	1	6	6	1	7
N_AQ.524	4	3	2	5	7
N_AQ.525	6	1	4	3	7
N_AQ.526	4	3	5	2	7
N_AQ.527	5	2	4	3	7
N_AQ.528	3	4	5	2	7
N_AQ.529	5	2	0	7	7
N_AQ.53	3	4	4	3	7
N_AQ.531	5	2	4	3	7
N_AQ.532	4	3	5	2	7
N_AQ.533	0	7	5	2	7
N_AQ.534	2	5	1	6	7
N_AQ.536	3	4	4	3	7
N_AQ.537	3	4	4	3	7
N_AQ.538	4	3	3	4	7
N_AQ.539	3	4	4	3	7
N_AQ.54	3	4	5	2	7
N_AQ.540	3	4	6	1	7
N_AQ.542	3	4	6	1	7
N_AQ.543	1	6	6	1	7
N_AQ.544	5	2	4	3	7
N_AQ.545	1	6	6	1	7
N_AQ.547	1	6	4	3	7
N_AQ.548	1	6	6	1	7
N_AQ.549	4	3	5	2	7
N_AQ.55	2	5	5	2	7
N_AQ.550	4	3	5	2	7
N_AQ.552	2	5	6	1	7
N_AQ.553	3	4	0	7	7
N_AQ.554	3	4	6	1	7
N_AQ.555	5	2	3	4	7
N_AQ.556	4	3	7	0	7
N_AQ.557	5	2	4	3	7
N_AQ.558	5	2	2	5	7
N_AQ.56	3	4	2	5	7
N_AQ.560	3	4	4	3	7
N_AQ.561	2	5	5	2	7
N_AQ.563	4	3	7	0	7
N_AQ.564	1	6	6	1	7
N_AQ.566	5	2	4	3	7
N_AQ.567	6	1	6	1	7
N_AQ.569	3	4	4	3	7
N_AQ.57	3	4	4	3	7
N_AQ.570	2	5	6	1	7
N_AQ.572	1	6	2	5	7
N_AQ.573	5	2	2	5	7
N_AQ.574	0	7	6	1	7
N_AQ.575	3	4	4	3	7
N_AQ.576	5	2	4	3	7
N_AQ.577	4	3	5	2	7
N_AQ.578	3	4	2	5	7
N_AQ.579	4	3	6	1	7
N_AQ.58	5	2	5	2	7
N_AQ.580	4	3	3	4	7
N_AQ.581	4	3	5	2	7
N_AQ.582	3	4	4	3	7
N_AQ.583	1	6	5	2	7
N_AQ.584	5	2	3	4	7
N_AQ.585	2	5	4	3	7
N_AQ.586	2	5	6	1	7
N_AQ.587	3	4	2	5	7
N_AQ.588	3	4	4	3	7
N_AQ.59	4	3	4	3	7
N_AQ.590	5	2	4	3	7
N_AQ.591	3	4	4	3	7
N_AQ.593	4	3	3	4	7
N_AQ.594	2	5	4	3	7
N_AQ.595	5	2	0	7	7
N_AQ.596	4	3	4	3	7
N_AQ.597	6	1	5	2	7
N_AQ.598	1	6	6	1	7
N_AQ.599	3	4	5	2	7
N_AQ.6	4	3	3	4	7
N_AQ.60	1	6	4	3	7
N_AQ.600	5	2	3	4	7
N_AQ.601	4	3	5	2	7
N_AQ.602	2	5	4	3	7
N_AQ.603	4	3	1	6	7
N_AQ.604	3	4	2	5	7
N_AQ.606	2	5	7	0	7
N_AQ.607	2	5	4	3	7
N_AQ.608	5	2	1	6	7
N_AQ.609	4	3	1	6	7
N_AQ.61	4	3	2	5	7
N_AQ.611	3	4	4	3	7
N_AQ.612	2	5	6	1	7
N_AQ.613	1	6	5	2	7
N_AQ.614	7	0	1	6	7
N_AQ.615	4	3	4	3	7
N_AQ.617	0	7	4	3	7
N_AQ.619	6	1	6	1	7
N_AQ.62	2	5	5	2	7
N_AQ.621	3	4	5	2	7
N_AQ.622	1	6	5	2	7
N_AQ.623	1	6	4	3	7
N_AQ.624	4	3	4	3	7
N_AQ.625	3	4	5	2	7
N_AQ.626	2	5	6	1	7
N_AQ.627	2	5	6	1	7
N_AQ.628	4	3	3	4	7
N_AQ.629	3	4	3	4	7
N_AQ.63	3	4	5	2	7
N_AQ.630	3	4	6	1	7
N_AQ.631	3	4	6	1	7
N_AQ.632	4	3	4	3	7
N_AQ.633	3	4	3	4	7
N_AQ.635	5	2	2	5	7
N_AQ.636	2	5	2	5	7
N_AQ.637	2	5	4	3	7
N_AQ.639	4	3	5	2	7
N_AQ.64	4	3	6	1	7
N_AQ.642	6	1	4	3	7
N_AQ.643	5	2	3	4	7
N_AQ.644	5	2	4	3	7
N_AQ.645	2	5	2	5	7
N_AQ.647	4	3	4	3	7
N_AQ.648	3	4	6	1	7
N_AQ.649	1	6	6	1	7
N_AQ.650	0	7	2	5	7
N_AQ.651	3	4	5	2	7
N_AQ.652	5	2	4	3	7
N_AQ.653	5	2	0	7	7
N_AQ.654	2	5	4	3	7
N_AQ.655	2	5	5	2	7
N_AQ.656	1	6	6	1	7
N_AQ.658	5	2	2	5	7
N_AQ.659	4	3	4	3	7
N_AQ.66	4	3	4	3	7
N_AQ.660	5	2	1	6	7
N_AQ.661	1	6	4	3	7
N_AQ.662	1	6	2	5	7
N_AQ.663	1	6	4	3	7
N_AQ.664	5	2	3	4	7
N_AQ.665	4	3	7	0	7
N_AQ.667	2	5	6	1	7
N_AQ.668	3	4	4	3	7
N_AQ.669	3	4	6	1	7
N_AQ.67	4	3	4	3	7
N_AQ.670	3	4	7	0	7
N_AQ.673	4	3	6	1	7
N_AQ.674	2	5	4	3	7
N_AQ.675	3	4	6	1	7
N_AQ.676	5	2	1	6	7
N_AQ.677	3	4	0	7	7
N_AQ.678	3	4	4	3	7
N_AQ.679	2	5	5	2	7
N_AQ.68	4	3	3	4	7
N_AQ.680	3	4	5	2	7
N_AQ.681	2	5	6	1	7
N_AQ.683	4	3	5	2	7
N_AQ.684	3	4	5	2	7
N_AQ.685	2	5	6	1	7
N_AQ.686	2	5	3	4	7
N_AQ.687	4	3	2	5	7
N_AQ.688	4	3	6	1	7
N_AQ.689	4	3	3	4	7
N_AQ.69	3	4	5	2	7
N_AQ.690	2	5	4	3	7
N_AQ.691	4	3	6	1	7
N_AQ.692	3	4	6	1	7
N_AQ.693	6	1	1	6	7
N_AQ.694	2	5	2	5	7
N_AQ.695	4	3	3	4	7
N_AQ.696	3	4	2	5	7
N_AQ.697	2	5	1	6	7
N_AQ.698	3	4	6	1	7
N_AQ.7	4	3	4	3	7
N_AQ.70	3	4	5	2	7
N_AQ.700	5	2	3	4	7
N_AQ.701	5	2	2	5	7
N_AQ.702	3	4	3	4	7
N_AQ.703	2	5	7	0	7
N_AQ.704	4	3	3	4	7
N_AQ.705	5	2	1	6	7
N_AQ.706	3	4	6	1	7
N_AQ.708	3	4	0	7	7
N_AQ.709	2	5	3	4	7
N_AQ.71	2	5	1	6	7
N_AQ.712	3	4	4	3	7
N_AQ.713	3	4	7	0	7
N_AQ.714	2	5	6	1	7
N_AQ.716	5	2	2	5	7
N_AQ.717	5	2	4	3	7
N_AQ.718	4	3	6	1	7
N_AQ.719	1	6	4	3	7
N_AQ.72	3	4	3	4	7
N_AQ.720	3	4	2	5	7
N_AQ.722	1	6	4	3	7
N_AQ.724	5	2	3	4	7
N_AQ.725	5	2	4	3	7
N_AQ.726	3	4	4	3	7
N_AQ.727	2	5	3	4	7
N_AQ.728	3	4	5	2	7
N_AQ.729	2	5	2	5	7
N_AQ.73	5	2	3	4	7
N_AQ.730	3	4	2	5	7
N_AQ.731	2	5	4	3	7
N_AQ.732	4	3	5	2	7
N_AQ.733	2	5	6	1	7
N_AQ.734	2	5	5	2	7
N_AQ.735	5	2	0	7	7
N_AQ.736	3	4	6	1	7
N_AQ.737	1	6	5	2	7
N_AQ.738	2	5	3	4	7
N_AQ.739	3	4	4	3	7
N_AQ.74	2	5	6	1	7
N_AQ.740	2	5	1	6	7
N_AQ.741	2	5	3	4	7
N_AQ.744	2	5	3	4	7
N_AQ.745	2	5	7	0	7
N_AQ.748	4	3	5	2	7
N_AQ.749	5	2	2	5	7
N_AQ.75	2	5	4	3	7
N_AQ.750	5	2	2	5	7
N_AQ.751	4	3	3	4	7
N_AQ.752	3	4	1	6	7
N_AQ.754	3	4	1	6	7
N_AQ.755	4	3	5	2	7
N_AQ.756	4	3	3	4	7
N_AQ.758	3	4	4	3	7
N_AQ.759	5	2	4	3	7
N_AQ.76	4	3	4	3	7
N_AQ.760	3	4	2	5	7
N_AQ.761	3	4	5	2	7
N_AQ.762	3	4	4	3	7
N_AQ.765	5	2	1	6	7
N_AQ.766	5	2	4	3	7
N_AQ.768	1	6	5	2	7
N_AQ.769	4	3	4	3	7
N_AQ.77	1	6	5	2	7
N_AQ.771	3	4	2	5	7
N_AQ.772	3	4	6	1	7
N_AQ.774	1	6	7	0	7
N_AQ.775	4	3	4	3	7
N_AQ.776	3	4	2	5	7
N_AQ.777	2	5	4	3	7
N_AQ.779	4	3	5	2	7
N_AQ.781	1	6	5	2	7
N_AQ.782	3	4	5	2	7
N_AQ.784	5	2	2	5	7
N_AQ.785	2	5	5	2	7
N_AQ.786	3	4	6	1	7
N_AQ.787	4	3	5	2	7
N_AQ.788	2	5	5	2	7
N_AQ.789	3	4	2	5	7
N_AQ.79	1	6	5	2	7
N_AQ.790	3	4	5	2	7
N_AQ.791	5	2	3	4	7
N_AQ.792	3	4	5	2	7
N_AQ.793	5	2	1	6	7
N_AQ.794	4	3	3	4	7
N_AQ.795	4	3	3	4	7
N_AQ.796	3	4	4	3	7
N_AQ.797	1	6	3	4	7
N_AQ.798	2	5	5	2	7
N_AQ.799	4	3	6	1	7
N_AQ.8	4	3	7	0	7
N_AQ.80	3	4	3	4	7
N_AQ.801	3	4	7	0	7
N_AQ.803	3	4	3	4	7
N_AQ.804	2	5	5	2	7
N_AQ.805	4	3	3	4	7
N_AQ.806	3	4	3	4	7
N_AQ.807	3	4	5	2	7
N_AQ.808	3	4	5	2	7
N_AQ.809	5	2	2	5	7
N_AQ.810	4	3	4	3	7
N_AQ.811	4	3	5	2	7
N_AQ.812	1	6	6	1	7
N_AQ.813	0	7	4	3	7
N_AQ.815	1	6	2	5	7
N_AQ.816	5	2	2	5	7
N_AQ.817	1	6	6	1	7
N_AQ.818	1	6	6	1	7
N_AQ.819	3	4	2	5	7
N_AQ.821	4	3	2	5	7
N_AQ.823	3	4	5	2	7
N_AQ.824	2	5	3	4	7
N_AQ.825	3	4	5	2	7
N_AQ.826	3	4	5	2	7
N_AQ.829	2	5	5	2	7
N_AQ.83	3	4	4	3	7
N_AQ.830	2	5	4	3	7
N_AQ.831	0	7	6	1	7
N_AQ.832	2	5	5	2	7
N_AQ.833	2	5	4	3	7
N_AQ.834	3	4	7	0	7
N_AQ.835	3	4	5	2	7
N_AQ.836	5	2	2	5	7
N_AQ.837	4	3	1	6	7
N_AQ.838	2	5	7	0	7
N_AQ.839	4	3	0	7	7
N_AQ.84	0	7	4	3	7
N_AQ.841	2	5	6	1	7
N_AQ.842	4	3	2	5	7
N_AQ.843	4	3	4	3	7
N_AQ.844	0	7	6	1	7
N_AQ.845	1	6	6	1	7
N_AQ.846	5	2	6	1	7
N_AQ.847	4	3	3	4	7
N_AQ.849	3	4	4	3	7
N_AQ.85	3	4	2	5	7
N_AQ.850	3	4	2	5	7
N_AQ.851	5	2	3	4	7
N_AQ.852	5	2	4	3	7
N_AQ.853	3	4	1	6	7
N_AQ.854	3	4	5	2	7
N_AQ.855	3	4	3	4	7
N_AQ.856	3	4	0	7	7
N_AQ.857	5	2	3	4	7
N_AQ.858	1	6	0	7	7
N_AQ.859	2	5	5	2	7
N_AQ.86	5	2	3	4	7
N_AQ.860	5	2	4	3	7
N_AQ.861	3	4	2	5	7
N_AQ.862	6	1	2	5	7
N_AQ.863	3	4	2	5	7
N_AQ.864	5	2	3	4	7
N_AQ.866	3	4	2	5	7
N_AQ.867	3	4	6	1	7
N_AQ.868	2	5	7	0	7
N_AQ.869	2	5	2	5	7
N_AQ.87	4	3	2	5	7
N_AQ.871	6	1	5	2	7
N_AQ.872	1	6	2	5	7
N_AQ.873	3	4	5	2	7
N_AQ.875	5	2	3	4	7
N_AQ.877	4	3	3	4	7
N_AQ.878	3	4	6	1	7
N_AQ.879	3	4	5	2	7
N_AQ.88	5	2	3	4	7
N_AQ.880	4	3	1	6	7
N_AQ.881	3	4	5	2	7
N_AQ.883	6	1	4	3	7
N_AQ.884	2	5	4	3	7
N_AQ.885	3	4	5	2	7
N_AQ.886	5	2	3	4	7
N_AQ.887	7	0	1	6	7
N_AQ.888	2	5	2	5	7
N_AQ.889	3	4	4	3	7
N_AQ.89	3	4	4	3	7
N_AQ.890	1	6	4	3	7
N_AQ.892	2	5	6	1	7
N_AQ.893	4	3	5	2	7
N_AQ.894	3	4	5	2	7
N_AQ.895	2	5	5	2	7
N_AQ.896	5	2	2	5	7
N_AQ.897	1	6	6	1	7
N_AQ.898	5	2	3	4	7
N_AQ.9	3	4	5	2	7
N_AQ.90	4	3	4	3	7
N_AQ.900	4	3	5	2	7
N_AQ.904	1	6	5	2	7
N_AQ.905	2	5	6	1	7
N_AQ.907	3	4	3	4	7
N_AQ.908	2	5	5	2	7
N_AQ.909	3	4	3	4	7
N_AQ.91	1	6	7	0	7
N_AQ.910	4	3	1	6	7
N_AQ.911	2	5	5	2	7
N_AQ.912	3	4	2	5	7
N_AQ.913	3	4	3	4	7
N_AQ.914	3	4	2	5	7
N_AQ.915	1	6	6	1	7
N_AQ.916	5	2	5	2	7
N_AQ.917	2	5	0	7	7
N_AQ.918	2	5	4	3	7
N_AQ.92	0	7	5	2	7
N_AQ.920	3	4	3	4	7
N_AQ.921	0	7	5	2	7
N_AQ.922	4	3	3	4	7
N_AQ.923	2	5	4	3	7
N_AQ.924	1	6	5	2	7
N_AQ.925	3	4	3	4	7
N_AQ.926	5	2	1	6	7
N_AQ.927	3	4	4	3	7
N_AQ.928	3	4	4	3	7
N_AQ.929	5	2	3	4	7
N_AQ.93	2	5	5	2	7
N_AQ.930	3	4	5	2	7
N_AQ.931	3	4	2	5	7
N_AQ.932	2	5	6	1	7
N_AQ.933	5	2	6	1	7
N_AQ.934	3	4	3	4	7
N_AQ.936	3	4	5	2	7
N_AQ.937	5	2	6	1	7
N_AQ.938	3	4	1	6	7
N_AQ.939	2	5	5	2	7
N_AQ.94	3	4	4	3	7
N_AQ.940	3	4	4	3	7
N_AQ.942	2	5	4	3	7
N_AQ.943	0	7	6	1	7
N_AQ.944	2	5	5	2	7
N_AQ.945	4	3	5	2	7
N_AQ.946	4	3	5	2	7
N_AQ.947	3	4	4	3	7
N_AQ.948	2	5	5	2	7
N_AQ.949	4	3	6	1	7
N_AQ.950	3	4	7	0	7
N_AQ.953	3	4	6	1	7
N_AQ.954	3	4	4	3	7
N_AQ.955	3	4	2	5	7
N_AQ.956	4	3	3	4	7
N_AQ.957	4	3	2	5	7
N_AQ.958	2	5	3	4	7
N_AQ.959	3	4	2	5	7
N_AQ.96	3	4	2	5	7
N_AQ.960	2	5	6	1	7
N_AQ.961	2	5	1	6	7
N_AQ.962	5	2	3	4	7
N_AQ.963	2	5	3	4	7
N_AQ.964	0	7	6	1	7
N_AQ.965	3	4	3	4	7
N_AQ.966	2	5	3	4	7
N_AQ.967	2	5	5	2	7
N_AQ.968	4	3	6	1	7
N_AQ.969	2	5	3	4	7
N_AQ.97	3	4	5	2	7
N_AQ.970	1	6	2	5	7
N_AQ.971	3	4	3	4	7
N_AQ.972	3	4	2	5	7
N_AQ.973	5	2	1	6	7
N_AQ.974	6	1	3	4	7
N_AQ.975	2	5	5	2	7
N_AQ.977	4	3	7	0	7
N_AQ.978	1	6	4	3	7
N_AQ.98	4	3	5	2	7
N_AQ.980	2	5	3	4	7
N_AQ.981	4	3	2	5	7
N_AQ.982	2	5	5	2	7
N_AQ.983	2	5	4	3	7
N_AQ.984	2	5	3	4	7
N_AQ.985	2	5	3	4	7
N_AQ.986	4	3	5	2	7
N_AQ.987	3	4	4	3	7
N_AQ.988	2	5	3	4	7
N_AQ.989	4	3	3	4	7
N_AQ.99	4	3	2	5	7
N_AQ.990	1	6	4	3	7
N_AQ.991	3	4	4	3	7
N_AQ.992	3	4	6	1	7
N_AQ.994	3	4	3	4	7
N_AQ.995	1	6	5	2	7
N_AQ.997	4	3	3	4	7
N_AQ.998	2	5	5	2	7
N_AQ.1004	1	6	6	1	7
N_AQ.1006	4	3	3	4	7
N_AQ.1012	5	2	4	3	7
N_AQ.102	4	3	1	6	7
N_AQ.1022	2	5	3	4	7
N_AQ.1028	0	7	4	3	7
N_AQ.1029	4	3	3	4	7
N_AQ.1041	3	4	6	1	7
N_AQ.1047	3	4	6	1	7
N_AQ.1053	2	5	6	1	7
N_AQ.1054	2	5	5	2	7
N_AQ.1058	6	1	3	4	7
N_AQ.1066	3	4	4	3	7
N_AQ.1077	3	4	4	3	7
N_AQ.1100	4	3	6	1	7
N_AQ.1105	2	5	4	3	7
N_AQ.1128	0	7	5	2	7
N_AQ.1135	6	1	4	3	7
N_AQ.1137	4	3	6	1	7
N_AQ.1139	1	6	5	2	7
N_AQ.1156	4	3	4	3	7
N_AQ.1162	5	2	4	3	7
N_AQ.1170	4	3	4	3	7
N_AQ.1179	0	7	6	1	7
N_AQ.120	4	3	4	3	7
N_AQ.1211	0	7	5	2	7
N_AQ.1223	5	2	6	1	7
N_AQ.1224	2	5	2	5	7
N_AQ.1227	3	4	0	7	7
N_AQ.1238	3	4	5	2	7
N_AQ.1239	2	5	6	1	7
N_AQ.1241	3	4	3	4	7
N_AQ.1245	4	3	6	1	7
N_AQ.125	4	3	4	3	7
N_AQ.1251	4	3	4	3	7
N_AQ.1256	2	5	6	1	7
N_AQ.1286	3	4	4	3	7
N_AQ.1295	2	5	5	2	7
N_AQ.1303	4	3	5	2	7
N_AQ.1309	4	3	3	4	7
N_AQ.1321	3	4	7	0	7
N_AQ.1324	2	5	5	2	7
N_AQ.133	2	5	7	0	7
N_AQ.1334	3	4	6	1	7
N_AQ.1341	2	5	5	2	7
N_AQ.1345	1	6	7	0	7
N_AQ.1348	3	4	1	6	7
N_AQ.1365	4	3	3	4	7
N_AQ.1373	6	1	6	1	7
N_AQ.1376	2	5	4	3	7
N_AQ.1384	4	3	5	2	7
N_AQ.1387	2	5	7	0	7
N_AQ.1403	4	3	2	5	7
N_AQ.1404	4	3	5	2	7
N_AQ.142	4	3	5	2	7
N_AQ.1421	6	1	2	5	7
N_AQ.1426	4	3	4	3	7
N_AQ.1443	5	2	3	4	7
N_AQ.1452	3	4	5	2	7
N_AQ.1454	3	4	7	0	7
N_AQ.1478	2	5	5	2	7
N_AQ.1484	5	2	5	2	7
N_AQ.1498	1	6	6	1	7
N_AQ.1499	1	6	3	4	7
N_AQ.150	1	6	6	1	7
N_AQ.1512	2	5	6	1	7
N_AQ.1517	2	5	6	1	7
N_AQ.1520	2	5	5	2	7
N_AQ.1531	1	6	6	1	7
N_AQ.1539	4	3	4	3	7
N_AQ.1551	1	6	2	5	7
N_AQ.1553	1	6	2	5	7
N_AQ.1556	0	7	4	3	7
N_AQ.181	4	3	7	0	7
N_AQ.193	3	4	6	1	7
N_AQ.198	3	4	7	0	7
N_AQ.203	5	2	6	1	7
N_AQ.212	3	4	5	2	7
N_AQ.214	5	2	4	3	7
N_AQ.225	1	6	6	1	7
N_AQ.237	2	5	7	0	7
N_AQ.245	1	6	3	4	7
N_AQ.262	3	4	7	0	7
N_AQ.275	0	7	4	3	7
N_AQ.277	1	6	7	0	7
N_AQ.280	1	6	7	0	7
N_AQ.306	4	3	5	2	7
N_AQ.314	0	7	7	0	7
N_AQ.321	5	2	6	1	7
N_AQ.327	1	6	6	1	7
N_AQ.330	3	4	3	4	7
N_AQ.331	4	3	5	2	7
N_AQ.374	2	5	4	3	7
N_AQ.390	4	3	3	4	7
N_AQ.393	4	3	7	0	7
N_AQ.413	1	6	6	1	7
N_AQ.428	3	4	4	3	7
N_AQ.434	3	4	5	2	7
N_AQ.435	4	3	6	1	7
N_AQ.463	0	7	6	1	7
N_AQ.474	0	7	6	1	7
N_AQ.507	4	3	7	0	7
N_AQ.508	2	5	4	3	7
N_AQ.51	6	1	3	4	7
N_AQ.517	0	7	3	4	7
N_AQ.530	2	5	5	2	7
N_AQ.551	2	5	5	2	7
N_AQ.559	2	5	6	1	7
N_AQ.571	3	4	7	0	7
N_AQ.589	2	5	7	0	7
N_AQ.592	4	3	1	6	7
N_AQ.605	1	6	7	0	7
N_AQ.641	4	3	6	1	7
N_AQ.657	2	5	5	2	7
N_AQ.671	2	5	6	1	7
N_AQ.682	3	4	4	3	7
N_AQ.699	3	4	5	2	7
N_AQ.710	5	2	5	2	7
N_AQ.721	5	2	1	6	7
N_AQ.723	3	4	4	3	7
N_AQ.742	4	3	7	0	7
N_AQ.746	4	3	5	2	7
N_AQ.753	1	6	6	1	7
N_AQ.757	4	3	3	4	7
N_AQ.763	2	5	4	3	7
N_AQ.764	2	5	4	3	7
N_AQ.767	1	6	7	0	7
N_AQ.770	2	5	6	1	7
N_AQ.773	4	3	5	2	7
N_AQ.78	3	4	5	2	7
N_AQ.783	3	4	5	2	7
N_AQ.802	3	4	4	3	7
N_AQ.828	3	4	5	2	7
N_AQ.865	6	1	4	3	7
N_AQ.870	3	4	5	2	7
N_AQ.874	3	4	5	2	7
N_AQ.882	4	3	7	0	7
N_AQ.899	3	4	6	1	7
N_AQ.901	2	5	4	3	7
N_AQ.919	4	3	5	2	7
N_AQ.935	2	5	4	3	7
N_AQ.952	3	4	5	2	7
N_AQ.976	0	7	4	3	7
N_AQ.979	0	7	1	6	7
N_AQ.999	3	4	5	2	7
N_AQ.1010	3	4	4	3	7
N_AQ.1084	4	3	2	5	7
N_AQ.1117	3	4	5	2	7
N_AQ.1152	4	3	3	4	7
N_AQ.1165	2	5	5	2	7
N_AQ.1180	5	2	2	5	7
N_AQ.1253	4	3	3	4	7
N_AQ.1322	3	4	1	6	7
N_AQ.1453	3	4	6	1	7
N_AQ.15	4	3	2	5	7
N_AQ.1510	1	6	3	4	7
N_AQ.1513	4	3	2	5	7
N_AQ.1537	3	4	4	3	7
N_AQ.383	0	7	5	2	7
N_AQ.395	2	5	2	5	7
N_AQ.429	1	6	6	1	7
N_AQ.620	3	4	5	2	7
N_AQ.634	2	5	7	0	7
N_AQ.640	3	4	1	6	7
N_AQ.814	3	4	6	1	7
N_AQ.82	3	4	4	3	7
N_AQ.827	3	4	5	2	7
N_AQ.902	3	4	4	3	7
N_AQ.941	3	4	4	3	7
N_AQ.996	3	4	4	3	7
N_AQ.1016	3	4	7	0	7
N_AQ.1040	2	5	7	0	7
N_AQ.1127	0	7	6	1	7
N_AQ.1144	3	4	5	2	7
N_AQ.1149	3	4	5	2	7
N_AQ.1160	2	5	5	2	7
N_AQ.1266	5	2	5	2	7
N_AQ.127	2	5	6	1	7
N_AQ.1328	4	3	5	2	7
N_AQ.1359	2	5	3	4	7
N_AQ.1372	1	6	5	2	7
N_AQ.1389	0	7	5	2	7
N_AQ.1390	2	5	7	0	7
N_AQ.141	2	5	6	1	7
N_AQ.1458	3	4	6	1	7
N_AQ.1468	3	4	6	1	7
N_AQ.147	3	4	5	2	7
N_AQ.1472	1	6	6	1	7
N_AQ.1527	5	2	4	3	7
N_AQ.1545	0	7	7	0	7
N_AQ.161	1	6	5	2	7
N_AQ.226	2	5	6	1	7
N_AQ.253	1	6	4	3	7
N_AQ.36	1	6	3	4	7
N_AQ.369	1	6	6	1	7
N_AQ.385	2	5	5	2	7
N_AQ.388	2	5	1	6	7
N_AQ.431	1	6	3	4	7
N_AQ.437	2	5	3	4	7
N_AQ.443	5	2	3	4	7
N_AQ.455	1	6	3	4	7
N_AQ.469	1	6	4	3	7
N_AQ.501	5	2	7	0	7
N_AQ.535	1	6	5	2	7
N_AQ.541	1	6	6	1	7
N_AQ.562	1	6	4	3	7
N_AQ.565	2	5	5	2	7
N_AQ.568	4	3	6	1	7
N_AQ.616	2	5	6	1	7
N_AQ.618	1	6	5	2	7
N_AQ.638	1	6	6	1	7
N_AQ.646	3	4	4	3	7
N_AQ.666	1	6	6	1	7
N_AQ.672	3	4	4	3	7
N_AQ.707	0	7	5	2	7
N_AQ.711	3	4	6	1	7
N_AQ.747	3	4	4	3	7
N_AQ.778	1	6	6	1	7
N_AQ.780	3	4	5	2	7
N_AQ.800	1	6	6	1	7
N_AQ.81	4	3	2	5	7
N_AQ.820	0	7	7	0	7
N_AQ.822	3	4	5	2	7
N_AQ.876	3	4	2	5	7
N_AQ.891	1	6	5	2	7
N_AQ.903	2	5	4	3	7
N_AQ.906	3	4	5	2	7
N_AQ.993	2	5	7	0	7
N_AQ.1018	6	1	2	5	7
N_AQ.1206	2	5	5	2	7
N_AQ.1439	2	5	4	3	7
N_AQ.848	3	4	6	1	7
N_AQ.460	3	4	5	2	7
N_AQ.1185	2	5	6	1	7
N_AQ.610	3	4	4	3	7
N_AQ.715	2	5	4	3	7
N_AQ.1190	6	1	4	3	7
N_AQ.1204	3	4	3	4	7
N_AQ.840	0	7	4	3	7
P_AQ.1	3	4	5	2	7
P_AQ.10	3	4	7	0	7
P_AQ.1001	4	3	2	5	7
P_AQ.1002	4	3	3	4	7
P_AQ.1003	3	4	7	0	7
P_AQ.1004	3	4	6	1	7
P_AQ.1005	4	3	3	4	7
P_AQ.1006	3	4	7	0	7
P_AQ.1008	3	4	4	3	7
P_AQ.101	1	6	1	6	7
P_AQ.1010	4	3	3	4	7
P_AQ.1011	5	2	6	1	7
P_AQ.1012	3	4	6	1	7
P_AQ.1013	5	2	3	4	7
P_AQ.1015	2	5	3	4	7
P_AQ.1016	3	4	4	3	7
P_AQ.1017	3	4	1	6	7
P_AQ.1019	1	6	7	0	7
P_AQ.102	3	4	6	1	7
P_AQ.1020	3	4	1	6	7
P_AQ.1024	2	5	5	2	7
P_AQ.1025	1	6	4	3	7
P_AQ.1026	5	2	2	5	7
P_AQ.1027	2	5	5	2	7
P_AQ.1028	2	5	6	1	7
P_AQ.1029	5	2	4	3	7
P_AQ.103	5	2	3	4	7
P_AQ.1030	3	4	3	4	7
P_AQ.1031	1	6	6	1	7
P_AQ.1032	2	5	2	5	7
P_AQ.1034	3	4	2	5	7
P_AQ.1035	3	4	3	4	7
P_AQ.1036	0	7	4	3	7
P_AQ.1037	3	4	5	2	7
P_AQ.1038	0	7	2	5	7
P_AQ.1039	3	4	5	2	7
P_AQ.104	3	4	4	3	7
P_AQ.1041	5	2	4	3	7
P_AQ.1042	5	2	3	4	7
P_AQ.1043	4	3	4	3	7
P_AQ.1044	3	4	3	4	7
P_AQ.1045	2	5	3	4	7
P_AQ.1046	3	4	3	4	7
P_AQ.1048	3	4	3	4	7
P_AQ.1049	3	4	3	4	7
P_AQ.105	2	5	7	0	7
P_AQ.1051	3	4	6	1	7
P_AQ.1052	4	3	6	1	7
P_AQ.1053	3	4	3	4	7
P_AQ.1056	3	4	1	6	7
P_AQ.1057	2	5	2	5	7
P_AQ.1058	4	3	3	4	7
P_AQ.1059	5	2	5	2	7
P_AQ.106	4	3	3	4	7
P_AQ.1060	4	3	3	4	7
P_AQ.1061	5	2	3	4	7
P_AQ.1062	4	3	3	4	7
P_AQ.1063	4	3	4	3	7
P_AQ.1064	3	4	2	5	7
P_AQ.1065	4	3	6	1	7
P_AQ.1066	4	3	5	2	7
P_AQ.1068	5	2	1	6	7
P_AQ.1069	2	5	4	3	7
P_AQ.107	3	4	3	4	7
P_AQ.1070	4	3	5	2	7
P_AQ.1071	3	4	1	6	7
P_AQ.1072	5	2	4	3	7
P_AQ.1073	2	5	5	2	7
P_AQ.1074	2	5	3	4	7
P_AQ.1075	4	3	2	5	7
P_AQ.1076	0	7	4	3	7
P_AQ.1077	4	3	5	2	7
P_AQ.1078	3	4	4	3	7
P_AQ.1079	2	5	3	4	7
P_AQ.108	3	4	0	7	7
P_AQ.1080	6	1	6	1	7
P_AQ.1081	4	3	5	2	7
P_AQ.1082	3	4	5	2	7
P_AQ.1084	3	4	4	3	7
P_AQ.1085	3	4	5	2	7
P_AQ.1087	2	5	5	2	7
P_AQ.1088	3	4	3	4	7
P_AQ.1089	2	5	3	4	7
P_AQ.1090	4	3	3	4	7
P_AQ.1091	2	5	2	5	7
P_AQ.1092	3	4	2	5	7
P_AQ.1094	3	4	2	5	7
P_AQ.1095	4	3	4	3	7
P_AQ.1096	3	4	5	2	7
P_AQ.1097	4	3	3	4	7
P_AQ.1098	3	4	5	2	7
P_AQ.11	4	3	1	6	7
P_AQ.1100	3	4	6	1	7
P_AQ.1101	4	3	1	6	7
P_AQ.1102	5	2	5	2	7
P_AQ.1104	3	4	4	3	7
P_AQ.1105	5	2	6	1	7
P_AQ.1106	4	3	3	4	7
P_AQ.1107	3	4	4	3	7
P_AQ.1109	0	7	3	4	7
P_AQ.111	2	5	2	5	7
P_AQ.1110	3	4	4	3	7
P_AQ.1111	2	5	3	4	7
P_AQ.1112	5	2	3	4	7
P_AQ.1113	5	2	3	4	7
P_AQ.1115	5	2	4	3	7
P_AQ.1116	4	3	5	2	7
P_AQ.1117	1	6	6	1	7
P_AQ.1118	1	6	4	3	7
P_AQ.1119	2	5	4	3	7
P_AQ.1120	4	3	5	2	7
P_AQ.1121	2	5	5	2	7
P_AQ.1122	3	4	5	2	7
P_AQ.1123	4	3	5	2	7
P_AQ.1125	3	4	4	3	7
P_AQ.1126	2	5	2	5	7
P_AQ.1128	3	4	6	1	7
P_AQ.1129	5	2	2	5	7
P_AQ.113	2	5	4	3	7
P_AQ.1130	3	4	5	2	7
P_AQ.1131	2	5	6	1	7
P_AQ.1133	4	3	4	3	7
P_AQ.1134	0	7	7	0	7
P_AQ.1135	2	5	6	1	7
P_AQ.1136	4	3	1	6	7
P_AQ.1137	4	3	1	6	7
P_AQ.1138	3	4	4	3	7
P_AQ.1139	3	4	1	6	7
P_AQ.114	1	6	6	1	7
P_AQ.1140	1	6	1	6	7
P_AQ.1141	4	3	2	5	7
P_AQ.1142	4	3	3	4	7
P_AQ.1143	3	4	2	5	7
P_AQ.1145	5	2	3	4	7
P_AQ.1146	2	5	2	5	7
P_AQ.1147	0	7	4	3	7
P_AQ.1148	1	6	3	4	7
P_AQ.115	2	5	3	4	7
P_AQ.1150	1	6	5	2	7
P_AQ.1151	3	4	5	2	7
P_AQ.1152	3	4	3	4	7
P_AQ.1153	5	2	1	6	7
P_AQ.1155	3	4	5	2	7
P_AQ.1156	5	2	4	3	7
P_AQ.1158	1	6	5	2	7
P_AQ.1159	2	5	4	3	7
P_AQ.116	2	5	3	4	7
P_AQ.1160	1	6	3	4	7
P_AQ.1161	4	3	6	1	7
P_AQ.1162	4	3	7	0	7
P_AQ.1164	3	4	2	5	7
P_AQ.1165	2	5	6	1	7
P_AQ.1166	5	2	6	1	7
P_AQ.1167	4	3	4	3	7
P_AQ.1168	4	3	6	1	7
P_AQ.1169	4	3	4	3	7
P_AQ.117	4	3	5	2	7
P_AQ.1170	2	5	5	2	7
P_AQ.1171	5	2	6	1	7
P_AQ.1172	4	3	2	5	7
P_AQ.1174	4	3	3	4	7
P_AQ.1175	4	3	3	4	7
P_AQ.1177	3	4	2	5	7
P_AQ.1178	0	7	5	2	7
P_AQ.118	4	3	3	4	7
P_AQ.1180	2	5	6	1	7
P_AQ.1181	4	3	5	2	7
P_AQ.1182	1	6	3	4	7
P_AQ.1184	4	3	4	3	7
P_AQ.1185	2	5	7	0	7
P_AQ.1186	6	1	1	6	7
P_AQ.1188	3	4	4	3	7
P_AQ.1189	4	3	1	6	7
P_AQ.119	4	3	7	0	7
P_AQ.1190	3	4	6	1	7
P_AQ.1192	5	2	5	2	7
P_AQ.1194	3	4	4	3	7
P_AQ.1195	3	4	5	2	7
P_AQ.1196	3	4	4	3	7
P_AQ.1197	3	4	4	3	7
P_AQ.1198	1	6	6	1	7
P_AQ.1199	0	7	6	1	7
P_AQ.12	3	4	3	4	7
P_AQ.120	2	5	6	1	7
P_AQ.1200	4	3	2	5	7
P_AQ.1202	4	3	5	2	7
P_AQ.1203	4	3	7	0	7
P_AQ.1204	3	4	2	5	7
P_AQ.1205	4	3	4	3	7
P_AQ.1206	5	2	3	4	7
P_AQ.1207	3	4	3	4	7
P_AQ.1208	2	5	3	4	7
P_AQ.121	3	4	3	4	7
P_AQ.1211	5	2	1	6	7
P_AQ.1212	3	4	4	3	7
P_AQ.1213	4	3	4	3	7
P_AQ.1214	2	5	5	2	7
P_AQ.1215	3	4	3	4	7
P_AQ.1216	1	6	5	2	7
P_AQ.1217	3	4	4	3	7
P_AQ.1219	3	4	4	3	7
P_AQ.122	0	7	4	3	7
P_AQ.1220	3	4	4	3	7
P_AQ.1221	2	5	2	5	7
P_AQ.1222	6	1	5	2	7
P_AQ.1223	3	4	5	2	7
P_AQ.1224	4	3	4	3	7
P_AQ.1225	4	3	3	4	7
P_AQ.1228	2	5	6	1	7
P_AQ.1229	1	6	2	5	7
P_AQ.123	3	4	4	3	7
P_AQ.1230	4	3	4	3	7
P_AQ.1231	4	3	1	6	7
P_AQ.1232	3	4	2	5	7
P_AQ.1234	3	4	3	4	7
P_AQ.1236	4	3	4	3	7
P_AQ.1238	5	2	5	2	7
P_AQ.124	0	7	5	2	7
P_AQ.1240	4	3	1	6	7
P_AQ.1242	2	5	5	2	7
P_AQ.1244	5	2	4	3	7
P_AQ.1246	5	2	4	3	7
P_AQ.1247	4	3	4	3	7
P_AQ.1249	5	2	3	4	7
P_AQ.1250	3	4	6	1	7
P_AQ.1251	2	5	4	3	7
P_AQ.1252	2	5	6	1	7
P_AQ.1254	3	4	2	5	7
P_AQ.1255	6	1	1	6	7
P_AQ.1256	3	4	6	1	7
P_AQ.1257	5	2	6	1	7
P_AQ.1258	3	4	4	3	7
P_AQ.1259	6	1	1	6	7
P_AQ.126	1	6	5	2	7
P_AQ.1262	2	5	7	0	7
P_AQ.1263	3	4	4	3	7
P_AQ.1264	1	6	5	2	7
P_AQ.1265	3	4	5	2	7
P_AQ.1266	3	4	7	0	7
P_AQ.1267	3	4	5	2	7
P_AQ.1268	4	3	6	1	7
P_AQ.1269	1	6	4	3	7
P_AQ.127	3	4	3	4	7
P_AQ.1270	6	1	2	5	7
P_AQ.1271	5	2	5	2	7
P_AQ.1272	4	3	3	4	7
P_AQ.1273	2	5	4	3	7
P_AQ.1274	3	4	4	3	7
P_AQ.1275	3	4	5	2	7
P_AQ.1276	4	3	2	5	7
P_AQ.1278	2	5	4	3	7
P_AQ.1279	3	4	3	4	7
P_AQ.128	4	3	2	5	7
P_AQ.1280	3	4	4	3	7
P_AQ.1281	4	3	4	3	7
P_AQ.1282	4	3	5	2	7
P_AQ.1285	4	3	4	3	7
P_AQ.1288	4	3	1	6	7
P_AQ.1289	3	4	2	5	7
P_AQ.129	4	3	5	2	7
P_AQ.1290	0	7	5	2	7
P_AQ.1292	1	6	6	1	7
P_AQ.1293	4	3	4	3	7
P_AQ.1294	4	3	5	2	7
P_AQ.1295	2	5	4	3	7
P_AQ.1296	4	3	1	6	7
P_AQ.1297	4	3	5	2	7
P_AQ.1298	3	4	6	1	7
P_AQ.1299	3	4	4	3	7
P_AQ.13	3	4	4	3	7
P_AQ.130	3	4	2	5	7
P_AQ.1300	2	5	5	2	7
P_AQ.1301	3	4	4	3	7
P_AQ.1302	3	4	4	3	7
P_AQ.1304	3	4	2	5	7
P_AQ.1305	3	4	3	4	7
P_AQ.1307	2	5	2	5	7
P_AQ.1308	2	5	5	2	7
P_AQ.1309	4	3	4	3	7
P_AQ.131	4	3	3	4	7
P_AQ.1310	4	3	7	0	7
P_AQ.1311	4	3	3	4	7
P_AQ.1312	4	3	1	6	7
P_AQ.1314	4	3	5	2	7
P_AQ.1315	2	5	4	3	7
P_AQ.1317	3	4	6	1	7
P_AQ.1318	3	4	3	4	7
P_AQ.132	4	3	6	1	7
P_AQ.1320	5	2	4	3	7
P_AQ.1322	3	4	5	2	7
P_AQ.1323	3	4	3	4	7
P_AQ.1324	2	5	4	3	7
P_AQ.1325	3	4	1	6	7
P_AQ.1326	3	4	6	1	7
P_AQ.1327	3	4	3	4	7
P_AQ.1328	4	3	0	7	7
P_AQ.1329	4	3	4	3	7
P_AQ.133	6	1	4	3	7
P_AQ.1330	1	6	2	5	7
P_AQ.1331	4	3	3	4	7
P_AQ.1333	3	4	5	2	7
P_AQ.1334	1	6	3	4	7
P_AQ.1336	1	6	5	2	7
P_AQ.1337	3	4	4	3	7
P_AQ.1338	1	6	5	2	7
P_AQ.1339	2	5	5	2	7
P_AQ.134	3	4	5	2	7
P_AQ.1341	3	4	4	3	7
P_AQ.1342	2	5	6	1	7
P_AQ.1343	5	2	4	3	7
P_AQ.1344	3	4	2	5	7
P_AQ.1345	3	4	3	4	7
P_AQ.1347	4	3	5	2	7
P_AQ.1348	6	1	4	3	7
P_AQ.1349	2	5	3	4	7
P_AQ.135	4	3	2	5	7
P_AQ.1351	4	3	5	2	7
P_AQ.1354	3	4	5	2	7
P_AQ.1355	3	4	2	5	7
P_AQ.1356	2	5	4	3	7
P_AQ.1357	4	3	2	5	7
P_AQ.1358	4	3	5	2	7
P_AQ.1359	4	3	3	4	7
P_AQ.136	6	1	4	3	7
P_AQ.1361	6	1	2	5	7
P_AQ.1363	6	1	4	3	7
P_AQ.1364	6	1	2	5	7
P_AQ.1365	2	5	6	1	7
P_AQ.1366	3	4	3	4	7
P_AQ.1367	3	4	6	1	7
P_AQ.1368	3	4	1	6	7
P_AQ.1369	3	4	3	4	7
P_AQ.137	3	4	2	5	7
P_AQ.1370	3	4	3	4	7
P_AQ.1372	2	5	2	5	7
P_AQ.1374	4	3	2	5	7
P_AQ.1375	3	4	4	3	7
P_AQ.1376	6	1	3	4	7
P_AQ.1377	3	4	3	4	7
P_AQ.1379	3	4	2	5	7
P_AQ.138	2	5	5	2	7
P_AQ.1381	5	2	2	5	7
P_AQ.1382	4	3	4	3	7
P_AQ.1383	3	4	4	3	7
P_AQ.1384	2	5	4	3	7
P_AQ.1385	3	4	0	7	7
P_AQ.1386	4	3	6	1	7
P_AQ.1387	2	5	5	2	7
P_AQ.1388	6	1	0	7	7
P_AQ.1389	2	5	3	4	7
P_AQ.139	4	3	4	3	7
P_AQ.1390	4	3	3	4	7
P_AQ.1391	4	3	2	5	7
P_AQ.1392	3	4	3	4	7
P_AQ.1393	5	2	2	5	7
P_AQ.1394	5	2	2	5	7
P_AQ.1395	5	2	1	6	7
P_AQ.1396	1	6	5	2	7
P_AQ.1397	3	4	1	6	7
P_AQ.1398	4	3	3	4	7
P_AQ.1399	4	3	5	2	7
P_AQ.14	1	6	5	2	7
P_AQ.140	2	5	3	4	7
P_AQ.1400	3	4	2	5	7
P_AQ.1402	6	1	1	6	7
P_AQ.1405	2	5	3	4	7
P_AQ.1408	4	3	2	5	7
P_AQ.1409	4	3	5	2	7
P_AQ.141	4	3	4	3	7
P_AQ.1411	1	6	5	2	7
P_AQ.1412	3	4	4	3	7
P_AQ.1414	2	5	4	3	7
P_AQ.1415	1	6	3	4	7
P_AQ.1416	4	3	2	5	7
P_AQ.1417	4	3	0	7	7
P_AQ.1418	2	5	6	1	7
P_AQ.1419	4	3	5	2	7
P_AQ.142	3	4	2	5	7
P_AQ.1422	3	4	1	6	7
P_AQ.1423	3	4	4	3	7
P_AQ.1424	3	4	2	5	7
P_AQ.1425	4	3	5	2	7
P_AQ.1426	5	2	2	5	7
P_AQ.1427	3	4	4	3	7
P_AQ.1428	3	4	7	0	7
P_AQ.143	3	4	1	6	7
P_AQ.1431	4	3	3	4	7
P_AQ.1432	3	4	3	4	7
P_AQ.1433	2	5	4	3	7
P_AQ.1436	4	3	3	4	7
P_AQ.1437	3	4	2	5	7
P_AQ.1439	2	5	1	6	7
P_AQ.144	3	4	6	1	7
P_AQ.1440	5	2	2	5	7
P_AQ.1441	4	3	3	4	7
P_AQ.1443	6	1	3	4	7
P_AQ.1444	4	3	2	5	7
P_AQ.1446	2	5	2	5	7
P_AQ.1448	2	5	4	3	7
P_AQ.1449	4	3	2	5	7
P_AQ.145	1	6	5	2	7
P_AQ.1450	3	4	5	2	7
P_AQ.1451	1	6	4	3	7
P_AQ.1452	2	5	5	2	7
P_AQ.1453	6	1	5	2	7
P_AQ.1454	5	2	5	2	7
P_AQ.1455	5	2	2	5	7
P_AQ.1456	3	4	4	3	7
P_AQ.1458	2	5	7	0	7
P_AQ.146	5	2	2	5	7
P_AQ.1460	4	3	2	5	7
P_AQ.1461	3	4	6	1	7
P_AQ.1462	5	2	2	5	7
P_AQ.1464	2	5	3	4	7
P_AQ.1465	2	5	4	3	7
P_AQ.1466	3	4	0	7	7
P_AQ.1467	5	2	3	4	7
P_AQ.1470	4	3	3	4	7
P_AQ.1471	2	5	5	2	7
P_AQ.1472	4	3	3	4	7
P_AQ.1473	3	4	0	7	7
P_AQ.1474	4	3	2	5	7
P_AQ.1475	3	4	6	1	7
P_AQ.1476	3	4	5	2	7
P_AQ.1479	4	3	2	5	7
P_AQ.148	4	3	2	5	7
P_AQ.1480	4	3	0	7	7
P_AQ.1481	4	3	1	6	7
P_AQ.1482	4	3	3	4	7
P_AQ.1483	5	2	4	3	7
P_AQ.1484	1	6	6	1	7
P_AQ.1485	3	4	2	5	7
P_AQ.1486	4	3	2	5	7
P_AQ.1487	4	3	3	4	7
P_AQ.1488	4	3	4	3	7
P_AQ.1489	3	4	5	2	7
P_AQ.149	4	3	0	7	7
P_AQ.1490	2	5	5	2	7
P_AQ.1491	4	3	5	2	7
P_AQ.1492	3	4	5	2	7
P_AQ.1493	4	3	5	2	7
P_AQ.1494	3	4	6	1	7
P_AQ.1495	4	3	5	2	7
P_AQ.1496	4	3	4	3	7
P_AQ.1497	3	4	5	2	7
P_AQ.1498	4	3	4	3	7
P_AQ.15	3	4	1	6	7
P_AQ.150	5	2	2	5	7
P_AQ.1500	3	4	4	3	7
P_AQ.1501	2	5	2	5	7
P_AQ.1502	4	3	1	6	7
P_AQ.1503	4	3	3	4	7
P_AQ.1504	2	5	4	3	7
P_AQ.1505	3	4	4	3	7
P_AQ.1506	2	5	3	4	7
P_AQ.1507	4	3	6	1	7
P_AQ.1508	1	6	3	4	7
P_AQ.1509	5	2	6	1	7
P_AQ.151	4	3	1	6	7
P_AQ.1510	3	4	5	2	7
P_AQ.1512	3	4	4	3	7
P_AQ.1513	2	5	2	5	7
P_AQ.1514	5	2	5	2	7
P_AQ.1515	3	4	3	4	7
P_AQ.1516	5	2	3	4	7
P_AQ.1517	2	5	4	3	7
P_AQ.1519	3	4	4	3	7
P_AQ.152	3	4	3	4	7
P_AQ.1520	3	4	5	2	7
P_AQ.1522	2	5	1	6	7
P_AQ.1525	5	2	4	3	7
P_AQ.1526	3	4	1	6	7
P_AQ.1527	2	5	1	6	7
P_AQ.1528	7	0	3	4	7
P_AQ.153	2	5	3	4	7
P_AQ.1530	3	4	4	3	7
P_AQ.1532	3	4	2	5	7
P_AQ.1533	3	4	4	3	7
P_AQ.1534	3	4	2	5	7
P_AQ.1537	4	3	3	4	7
P_AQ.1538	5	2	2	5	7
P_AQ.1539	1	6	6	1	7
P_AQ.1541	2	5	6	1	7
P_AQ.1542	4	3	3	4	7
P_AQ.1543	1	6	7	0	7
P_AQ.1544	4	3	4	3	7
P_AQ.1545	1	6	1	6	7
P_AQ.1547	2	5	3	4	7
P_AQ.1548	2	5	3	4	7
P_AQ.1549	3	4	5	2	7
P_AQ.155	4	3	5	2	7
P_AQ.1551	4	3	1	6	7
P_AQ.1552	3	4	4	3	7
P_AQ.1553	4	3	6	1	7
P_AQ.1554	4	3	5	2	7
P_AQ.1555	4	3	4	3	7
P_AQ.1556	2	5	6	1	7
P_AQ.1557	3	4	1	6	7
P_AQ.1558	4	3	5	2	7
P_AQ.1560	3	4	2	5	7
P_AQ.1562	3	4	2	5	7
P_AQ.1563	3	4	5	2	7
P_AQ.1565	5	2	5	2	7
P_AQ.1566	2	5	2	5	7
P_AQ.1567	2	5	4	3	7
P_AQ.1568	5	2	2	5	7
P_AQ.1569	2	5	6	1	7
P_AQ.157	4	3	6	1	7
P_AQ.1570	4	3	5	2	7
P_AQ.1571	6	1	5	2	7
P_AQ.1573	3	4	4	3	7
P_AQ.1574	1	6	5	2	7
P_AQ.1576	3	4	6	1	7
P_AQ.1578	3	4	2	5	7
P_AQ.1579	2	5	5	2	7
P_AQ.158	2	5	6	1	7
P_AQ.1580	3	4	4	3	7
P_AQ.1581	4	3	3	4	7
P_AQ.1582	3	4	3	4	7
P_AQ.1583	3	4	6	1	7
P_AQ.1584	4	3	1	6	7
P_AQ.1585	1	6	4	3	7
P_AQ.1586	3	4	2	5	7
P_AQ.1588	5	2	2	5	7
P_AQ.1589	5	2	5	2	7
P_AQ.159	6	1	4	3	7
P_AQ.1590	3	4	4	3	7
P_AQ.1591	0	7	5	2	7
P_AQ.1592	1	6	3	4	7
P_AQ.1593	3	4	4	3	7
P_AQ.1594	4	3	4	3	7
P_AQ.1595	3	4	3	4	7
P_AQ.1596	1	6	1	6	7
P_AQ.1598	4	3	2	5	7
P_AQ.1599	6	1	2	5	7
P_AQ.16	4	3	5	2	7
P_AQ.160	5	2	4	3	7
P_AQ.1602	4	3	3	4	7
P_AQ.1603	4	3	6	1	7
P_AQ.1604	2	5	5	2	7
P_AQ.1605	4	3	4	3	7
P_AQ.1606	0	7	6	1	7
P_AQ.1607	4	3	4	3	7
P_AQ.1609	5	2	4	3	7
P_AQ.161	5	2	4	3	7
P_AQ.1610	2	5	3	4	7
P_AQ.1611	3	4	3	4	7
P_AQ.1613	3	4	5	2	7
P_AQ.1614	2	5	3	4	7
P_AQ.1615	2	5	3	4	7
P_AQ.1617	3	4	2	5	7
P_AQ.1618	4	3	1	6	7
P_AQ.1619	4	3	4	3	7
P_AQ.162	2	5	6	1	7
P_AQ.1620	2	5	3	4	7
P_AQ.1621	4	3	5	2	7
P_AQ.1622	4	3	2	5	7
P_AQ.1623	2	5	5	2	7
P_AQ.1625	6	1	3	4	7
P_AQ.1626	0	7	3	4	7
P_AQ.1627	4	3	4	3	7
P_AQ.1628	3	4	6	1	7
P_AQ.1629	1	6	3	4	7
P_AQ.163	3	4	4	3	7
P_AQ.1630	2	5	3	4	7
P_AQ.1631	6	1	5	2	7
P_AQ.1632	3	4	3	4	7
P_AQ.1634	5	2	1	6	7
P_AQ.1635	3	4	6	1	7
P_AQ.1636	3	4	2	5	7
P_AQ.1637	2	5	6	1	7
P_AQ.1638	3	4	6	1	7
P_AQ.1639	5	2	2	5	7
P_AQ.164	5	2	3	4	7
P_AQ.1640	3	4	3	4	7
P_AQ.1641	5	2	2	5	7
P_AQ.1642	3	4	3	4	7
P_AQ.1644	4	3	5	2	7
P_AQ.1645	2	5	3	4	7
P_AQ.1646	5	2	1	6	7
P_AQ.1647	3	4	3	4	7
P_AQ.1648	2	5	4	3	7
P_AQ.1649	2	5	5	2	7
P_AQ.165	3	4	7	0	7
P_AQ.1650	2	5	5	2	7
P_AQ.1651	3	4	4	3	7
P_AQ.1652	4	3	5	2	7
P_AQ.1654	4	3	5	2	7
P_AQ.1657	3	4	3	4	7
P_AQ.1659	4	3	5	2	7
P_AQ.166	1	6	4	3	7
P_AQ.1660	3	4	5	2	7
P_AQ.1661	3	4	6	1	7
P_AQ.1662	3	4	3	4	7
P_AQ.1663	2	5	5	2	7
P_AQ.1665	1	6	6	1	7
P_AQ.1666	4	3	4	3	7
P_AQ.1667	2	5	5	2	7
P_AQ.1668	3	4	1	6	7
P_AQ.1669	3	4	4	3	7
P_AQ.167	6	1	1	6	7
P_AQ.1670	2	5	7	0	7
P_AQ.1671	4	3	4	3	7
P_AQ.1673	1	6	3	4	7
P_AQ.1674	4	3	4	3	7
P_AQ.1675	6	1	5	2	7
P_AQ.1676	2	5	4	3	7
P_AQ.1677	3	4	7	0	7
P_AQ.168	4	3	3	4	7
P_AQ.1680	5	2	2	5	7
P_AQ.1681	3	4	2	5	7
P_AQ.1682	2	5	5	2	7
P_AQ.1683	2	5	5	2	7
P_AQ.1685	4	3	3	4	7
P_AQ.1687	5	2	3	4	7
P_AQ.1688	4	3	5	2	7
P_AQ.1689	5	2	3	4	7
P_AQ.169	3	4	5	2	7
P_AQ.1690	3	4	4	3	7
P_AQ.1691	2	5	2	5	7
P_AQ.1695	3	4	5	2	7
P_AQ.1696	2	5	5	2	7
P_AQ.1697	3	4	0	7	7
P_AQ.1698	5	2	4	3	7
P_AQ.1699	2	5	4	3	7
P_AQ.17	4	3	7	0	7
P_AQ.170	2	5	2	5	7
P_AQ.1700	3	4	3	4	7
P_AQ.1701	2	5	3	4	7
P_AQ.1703	4	3	5	2	7
P_AQ.1704	6	1	3	4	7
P_AQ.1705	4	3	6	1	7
P_AQ.1706	4	3	2	5	7
P_AQ.1707	3	4	4	3	7
P_AQ.1708	4	3	6	1	7
P_AQ.1709	3	4	6	1	7
P_AQ.171	4	3	5	2	7
P_AQ.1710	3	4	5	2	7
P_AQ.1711	3	4	3	4	7
P_AQ.1712	3	4	5	2	7
P_AQ.1713	4	3	2	5	7
P_AQ.1716	3	4	3	4	7
P_AQ.1717	4	3	2	5	7
P_AQ.1719	2	5	3	4	7
P_AQ.172	2	5	2	5	7
P_AQ.1720	3	4	4	3	7
P_AQ.1721	5	2	1	6	7
P_AQ.1722	4	3	5	2	7
P_AQ.1723	5	2	4	3	7
P_AQ.1724	1	6	7	0	7
P_AQ.1725	3	4	6	1	7
P_AQ.1726	3	4	4	3	7
P_AQ.1727	2	5	2	5	7
P_AQ.1732	4	3	6	1	7
P_AQ.1733	0	7	6	1	7
P_AQ.1735	3	4	4	3	7
P_AQ.1736	5	2	4	3	7
P_AQ.1738	4	3	3	4	7
P_AQ.1739	1	6	4	3	7
P_AQ.174	3	4	2	5	7
P_AQ.1741	3	4	4	3	7
P_AQ.1742	3	4	5	2	7
P_AQ.1743	5	2	5	2	7
P_AQ.1744	3	4	2	5	7
P_AQ.1745	5	2	1	6	7
P_AQ.1746	4	3	5	2	7
P_AQ.1747	2	5	3	4	7
P_AQ.1749	6	1	6	1	7
P_AQ.175	4	3	5	2	7
P_AQ.1750	1	6	5	2	7
P_AQ.1751	5	2	1	6	7
P_AQ.1752	3	4	2	5	7
P_AQ.1754	4	3	4	3	7
P_AQ.1755	1	6	3	4	7
P_AQ.1756	3	4	1	6	7
P_AQ.1757	4	3	4	3	7
P_AQ.1759	4	3	3	4	7
P_AQ.1761	2	5	2	5	7
P_AQ.1762	2	5	5	2	7
P_AQ.1763	4	3	1	6	7
P_AQ.1764	2	5	3	4	7
P_AQ.1765	2	5	1	6	7
P_AQ.1767	2	5	3	4	7
P_AQ.1768	1	6	3	4	7
P_AQ.1769	4	3	2	5	7
P_AQ.177	2	5	5	2	7
P_AQ.1770	4	3	3	4	7
P_AQ.1771	2	5	5	2	7
P_AQ.1772	1	6	2	5	7
P_AQ.1773	2	5	3	4	7
P_AQ.1774	2	5	4	3	7
P_AQ.1778	2	5	3	4	7
P_AQ.1779	3	4	4	3	7
P_AQ.178	3	4	5	2	7
P_AQ.1780	3	4	3	4	7
P_AQ.1781	2	5	0	7	7
P_AQ.1782	3	4	0	7	7
P_AQ.1783	5	2	4	3	7
P_AQ.179	3	4	4	3	7
P_AQ.18	2	5	2	5	7
P_AQ.180	4	3	3	4	7
P_AQ.181	4	3	2	5	7
P_AQ.182	2	5	7	0	7
P_AQ.183	2	5	5	2	7
P_AQ.184	6	1	1	6	7
P_AQ.185	3	4	5	2	7
P_AQ.186	5	2	0	7	7
P_AQ.187	1	6	6	1	7
P_AQ.188	3	4	5	2	7
P_AQ.189	4	3	2	5	7
P_AQ.19	2	5	4	3	7
P_AQ.190	3	4	3	4	7
P_AQ.191	4	3	2	5	7
P_AQ.192	6	1	3	4	7
P_AQ.193	3	4	6	1	7
P_AQ.194	2	5	3	4	7
P_AQ.195	5	2	4	3	7
P_AQ.196	1	6	5	2	7
P_AQ.197	3	4	4	3	7
P_AQ.198	2	5	4	3	7
P_AQ.199	3	4	3	4	7
P_AQ.2	2	5	2	5	7
P_AQ.20	4	3	3	4	7
P_AQ.201	3	4	5	2	7
P_AQ.202	4	3	3	4	7
P_AQ.204	3	4	4	3	7
P_AQ.205	3	4	4	3	7
P_AQ.206	3	4	6	1	7
P_AQ.207	3	4	4	3	7
P_AQ.208	1	6	5	2	7
P_AQ.209	0	7	5	2	7
P_AQ.21	3	4	2	5	7
P_AQ.210	3	4	3	4	7
P_AQ.212	4	3	1	6	7
P_AQ.213	2	5	7	0	7
P_AQ.215	4	3	4	3	7
P_AQ.216	1	6	5	2	7
P_AQ.217	4	3	4	3	7
P_AQ.218	2	5	3	4	7
P_AQ.219	4	3	5	2	7
P_AQ.22	2	5	5	2	7
P_AQ.220	3	4	5	2	7
P_AQ.221	3	4	5	2	7
P_AQ.222	4	3	1	6	7
P_AQ.223	3	4	4	3	7
P_AQ.224	4	3	1	6	7
P_AQ.225	2	5	4	3	7
P_AQ.226	3	4	4	3	7
P_AQ.227	5	2	5	2	7
P_AQ.228	2	5	4	3	7
P_AQ.229	5	2	6	1	7
P_AQ.23	4	3	4	3	7
P_AQ.230	5	2	0	7	7
P_AQ.231	3	4	3	4	7
P_AQ.232	4	3	3	4	7
P_AQ.233	4	3	2	5	7
P_AQ.234	2	5	3	4	7
P_AQ.235	6	1	2	5	7
P_AQ.236	5	2	3	4	7
P_AQ.237	1	6	2	5	7
P_AQ.238	4	3	5	2	7
P_AQ.239	4	3	4	3	7
P_AQ.24	3	4	5	2	7
P_AQ.241	3	4	1	6	7
P_AQ.242	3	4	6	1	7
P_AQ.247	1	6	2	5	7
P_AQ.248	0	7	3	4	7
P_AQ.249	4	3	6	1	7
P_AQ.25	4	3	1	6	7
P_AQ.250	5	2	6	1	7
P_AQ.251	2	5	4	3	7
P_AQ.252	5	2	2	5	7
P_AQ.253	5	2	0	7	7
P_AQ.254	3	4	1	6	7
P_AQ.255	2	5	5	2	7
P_AQ.256	3	4	5	2	7
P_AQ.257	3	4	6	1	7
P_AQ.259	3	4	5	2	7
P_AQ.26	4	3	6	1	7
P_AQ.260	3	4	3	4	7
P_AQ.261	4	3	3	4	7
P_AQ.262	2	5	2	5	7
P_AQ.263	5	2	3	4	7
P_AQ.264	2	5	5	2	7
P_AQ.265	2	5	6	1	7
P_AQ.266	2	5	3	4	7
P_AQ.267	5	2	6	1	7
P_AQ.268	5	2	2	5	7
P_AQ.27	3	4	5	2	7
P_AQ.270	2	5	3	4	7
P_AQ.271	3	4	2	5	7
P_AQ.272	4	3	5	2	7
P_AQ.273	2	5	3	4	7
P_AQ.275	2	5	5	2	7
P_AQ.276	2	5	1	6	7
P_AQ.277	4	3	6	1	7
P_AQ.278	1	6	7	0	7
P_AQ.28	2	5	5	2	7
P_AQ.280	4	3	2	5	7
P_AQ.281	3	4	1	6	7
P_AQ.283	4	3	0	7	7
P_AQ.284	3	4	6	1	7
P_AQ.286	4	3	5	2	7
P_AQ.287	2	5	6	1	7
P_AQ.288	3	4	3	4	7
P_AQ.289	2	5	7	0	7
P_AQ.29	4	3	6	1	7
P_AQ.290	3	4	3	4	7
P_AQ.291	5	2	5	2	7
P_AQ.292	3	4	3	4	7
P_AQ.293	3	4	6	1	7
P_AQ.294	3	4	5	2	7
P_AQ.295	3	4	6	1	7
P_AQ.296	5	2	2	5	7
P_AQ.297	3	4	6	1	7
P_AQ.298	1	6	6	1	7
P_AQ.299	3	4	1	6	7
P_AQ.3	6	1	4	3	7
P_AQ.30	1	6	4	3	7
P_AQ.300	4	3	2	5	7
P_AQ.301	2	5	5	2	7
P_AQ.303	5	2	4	3	7
P_AQ.304	2	5	1	6	7
P_AQ.305	5	2	2	5	7
P_AQ.306	3	4	3	4	7
P_AQ.307	2	5	0	7	7
P_AQ.308	6	1	3	4	7
P_AQ.309	0	7	6	1	7
P_AQ.31	4	3	3	4	7
P_AQ.310	4	3	4	3	7
P_AQ.311	1	6	4	3	7
P_AQ.312	5	2	1	6	7
P_AQ.313	5	2	2	5	7
P_AQ.314	2	5	5	2	7
P_AQ.315	4	3	2	5	7
P_AQ.318	2	5	4	3	7
P_AQ.319	4	3	2	5	7
P_AQ.32	2	5	3	4	7
P_AQ.320	3	4	3	4	7
P_AQ.322	3	4	2	5	7
P_AQ.323	3	4	4	3	7
P_AQ.324	4	3	3	4	7
P_AQ.325	2	5	5	2	7
P_AQ.327	1	6	6	1	7
P_AQ.328	5	2	5	2	7
P_AQ.329	5	2	2	5	7
P_AQ.33	5	2	5	2	7
P_AQ.330	1	6	4	3	7
P_AQ.331	2	5	4	3	7
P_AQ.332	3	4	2	5	7
P_AQ.334	4	3	3	4	7
P_AQ.335	5	2	2	5	7
P_AQ.337	4	3	2	5	7
P_AQ.338	6	1	0	7	7
P_AQ.34	2	5	2	5	7
P_AQ.340	2	5	6	1	7
P_AQ.341	4	3	2	5	7
P_AQ.342	5	2	3	4	7
P_AQ.343	3	4	4	3	7
P_AQ.344	2	5	7	0	7
P_AQ.345	4	3	4	3	7
P_AQ.346	2	5	5	2	7
P_AQ.347	4	3	3	4	7
P_AQ.348	3	4	5	2	7
P_AQ.349	3	4	6	1	7
P_AQ.35	4	3	2	5	7
P_AQ.350	3	4	3	4	7
P_AQ.351	4	3	3	4	7
P_AQ.352	2	5	6	1	7
P_AQ.353	3	4	1	6	7
P_AQ.354	1	6	5	2	7
P_AQ.355	2	5	6	1	7
P_AQ.356	4	3	4	3	7
P_AQ.357	4	3	4	3	7
P_AQ.358	2	5	6	1	7
P_AQ.359	5	2	0	7	7
P_AQ.36	5	2	0	7	7
P_AQ.360	5	2	0	7	7
P_AQ.361	1	6	5	2	7
P_AQ.362	3	4	1	6	7
P_AQ.363	2	5	5	2	7
P_AQ.364	3	4	3	4	7
P_AQ.365	6	1	2	5	7
P_AQ.366	2	5	5	2	7
P_AQ.367	3	4	4	3	7
P_AQ.368	3	4	1	6	7
P_AQ.369	2	5	3	4	7
P_AQ.37	5	2	2	5	7
P_AQ.370	4	3	4	3	7
P_AQ.371	3	4	4	3	7
P_AQ.372	3	4	4	3	7
P_AQ.373	1	6	5	2	7
P_AQ.374	4	3	2	5	7
P_AQ.375	2	5	3	4	7
P_AQ.376	2	5	4	3	7
P_AQ.377	3	4	2	5	7
P_AQ.378	5	2	4	3	7
P_AQ.38	2	5	4	3	7
P_AQ.381	5	2	3	4	7
P_AQ.383	4	3	1	6	7
P_AQ.384	3	4	4	3	7
P_AQ.385	4	3	5	2	7
P_AQ.386	2	5	6	1	7
P_AQ.387	4	3	1	6	7
P_AQ.388	5	2	3	4	7
P_AQ.389	2	5	5	2	7
P_AQ.39	4	3	5	2	7
P_AQ.391	4	3	6	1	7
P_AQ.392	5	2	0	7	7
P_AQ.393	2	5	6	1	7
P_AQ.394	3	4	4	3	7
P_AQ.395	6	1	3	4	7
P_AQ.396	4	3	4	3	7
P_AQ.397	4	3	4	3	7
P_AQ.398	3	4	7	0	7
P_AQ.399	6	1	1	6	7
P_AQ.4	3	4	1	6	7
P_AQ.40	3	4	3	4	7
P_AQ.400	5	2	3	4	7
P_AQ.401	3	4	2	5	7
P_AQ.404	3	4	1	6	7
P_AQ.405	2	5	3	4	7
P_AQ.406	4	3	3	4	7
P_AQ.408	5	2	6	1	7
P_AQ.409	4	3	4	3	7
P_AQ.41	4	3	2	5	7
P_AQ.411	4	3	3	4	7
P_AQ.412	3	4	6	1	7
P_AQ.413	2	5	4	3	7
P_AQ.414	4	3	3	4	7
P_AQ.415	4	3	2	5	7
P_AQ.416	3	4	6	1	7
P_AQ.417	3	4	3	4	7
P_AQ.418	5	2	2	5	7
P_AQ.419	1	6	1	6	7
P_AQ.42	2	5	5	2	7
P_AQ.420	5	2	5	2	7
P_AQ.421	5	2	4	3	7
P_AQ.422	2	5	5	2	7
P_AQ.424	5	2	3	4	7
P_AQ.425	0	7	4	3	7
P_AQ.426	3	4	6	1	7
P_AQ.427	1	6	5	2	7
P_AQ.428	3	4	1	6	7
P_AQ.429	4	3	5	2	7
P_AQ.43	3	4	6	1	7
P_AQ.430	1	6	6	1	7
P_AQ.431	1	6	6	1	7
P_AQ.432	3	4	3	4	7
P_AQ.433	1	6	4	3	7
P_AQ.434	2	5	6	1	7
P_AQ.435	2	5	7	0	7
P_AQ.438	5	2	5	2	7
P_AQ.439	3	4	2	5	7
P_AQ.44	3	4	7	0	7
P_AQ.440	4	3	5	2	7
P_AQ.441	2	5	5	2	7
P_AQ.442	5	2	2	5	7
P_AQ.444	2	5	3	4	7
P_AQ.445	4	3	5	2	7
P_AQ.446	4	3	5	2	7
P_AQ.447	4	3	2	5	7
P_AQ.448	6	1	0	7	7
P_AQ.45	4	3	2	5	7
P_AQ.450	1	6	6	1	7
P_AQ.451	3	4	2	5	7
P_AQ.452	2	5	2	5	7
P_AQ.453	4	3	0	7	7
P_AQ.455	3	4	4	3	7
P_AQ.456	4	3	3	4	7
P_AQ.457	4	3	3	4	7
P_AQ.458	4	3	5	2	7
P_AQ.459	2	5	4	3	7
P_AQ.46	3	4	5	2	7
P_AQ.460	3	4	3	4	7
P_AQ.462	4	3	4	3	7
P_AQ.464	4	3	2	5	7
P_AQ.465	2	5	5	2	7
P_AQ.466	4	3	3	4	7
P_AQ.467	4	3	1	6	7
P_AQ.468	2	5	6	1	7
P_AQ.470	4	3	1	6	7
P_AQ.471	3	4	4	3	7
P_AQ.472	3	4	2	5	7
P_AQ.473	4	3	1	6	7
P_AQ.474	1	6	4	3	7
P_AQ.475	3	4	2	5	7
P_AQ.476	3	4	3	4	7
P_AQ.477	3	4	4	3	7
P_AQ.478	3	4	1	6	7
P_AQ.479	0	7	5	2	7
P_AQ.48	4	3	3	4	7
P_AQ.480	1	6	5	2	7
P_AQ.481	4	3	0	7	7
P_AQ.482	5	2	3	4	7
P_AQ.484	4	3	2	5	7
P_AQ.485	2	5	6	1	7
P_AQ.486	5	2	4	3	7
P_AQ.487	4	3	4	3	7
P_AQ.488	2	5	6	1	7
P_AQ.489	2	5	4	3	7
P_AQ.49	5	2	1	6	7
P_AQ.490	5	2	3	4	7
P_AQ.491	3	4	5	2	7
P_AQ.492	1	6	1	6	7
P_AQ.493	5	2	3	4	7
P_AQ.494	3	4	6	1	7
P_AQ.495	2	5	4	3	7
P_AQ.496	2	5	5	2	7
P_AQ.497	4	3	0	7	7
P_AQ.498	2	5	3	4	7
P_AQ.499	4	3	1	6	7
P_AQ.5	4	3	6	1	7
P_AQ.50	2	5	6	1	7
P_AQ.500	2	5	3	4	7
P_AQ.501	3	4	7	0	7
P_AQ.502	6	1	5	2	7
P_AQ.503	4	3	2	5	7
P_AQ.504	3	4	3	4	7
P_AQ.505	5	2	4	3	7
P_AQ.506	4	3	5	2	7
P_AQ.507	1	6	6	1	7
P_AQ.508	4	3	3	4	7
P_AQ.509	4	3	3	4	7
P_AQ.51	1	6	4	3	7
P_AQ.510	2	5	5	2	7
P_AQ.511	5	2	1	6	7
P_AQ.512	3	4	5	2	7
P_AQ.514	5	2	3	4	7
P_AQ.515	4	3	5	2	7
P_AQ.516	1	6	3	4	7
P_AQ.517	1	6	5	2	7
P_AQ.518	5	2	4	3	7
P_AQ.519	3	4	4	3	7
P_AQ.52	4	3	3	4	7
P_AQ.520	3	4	5	2	7
P_AQ.521	3	4	4	3	7
P_AQ.522	5	2	2	5	7
P_AQ.523	4	3	6	1	7
P_AQ.524	2	5	5	2	7
P_AQ.525	4	3	3	4	7
P_AQ.526	3	4	4	3	7
P_AQ.527	5	2	2	5	7
P_AQ.528	4	3	3	4	7
P_AQ.529	4	3	5	2	7
P_AQ.53	2	5	4	3	7
P_AQ.531	1	6	5	2	7
P_AQ.532	1	6	2	5	7
P_AQ.533	2	5	1	6	7
P_AQ.534	3	4	6	1	7
P_AQ.535	2	5	3	4	7
P_AQ.536	4	3	3	4	7
P_AQ.537	2	5	5	2	7
P_AQ.538	2	5	4	3	7
P_AQ.539	1	6	1	6	7
P_AQ.54	3	4	0	7	7
P_AQ.540	2	5	4	3	7
P_AQ.541	5	2	6	1	7
P_AQ.542	3	4	3	4	7
P_AQ.544	3	4	1	6	7
P_AQ.545	2	5	3	4	7
P_AQ.546	5	2	3	4	7
P_AQ.547	5	2	3	4	7
P_AQ.549	2	5	4	3	7
P_AQ.55	5	2	4	3	7
P_AQ.550	4	3	7	0	7
P_AQ.551	3	4	4	3	7
P_AQ.552	1	6	4	3	7
P_AQ.553	1	6	5	2	7
P_AQ.554	2	5	6	1	7
P_AQ.555	3	4	6	1	7
P_AQ.557	4	3	2	5	7
P_AQ.558	2	5	3	4	7
P_AQ.559	1	6	7	0	7
P_AQ.56	3	4	4	3	7
P_AQ.560	3	4	1	6	7
P_AQ.561	3	4	4	3	7
P_AQ.562	1	6	4	3	7
P_AQ.563	4	3	2	5	7
P_AQ.564	4	3	6	1	7
P_AQ.565	1	6	4	3	7
P_AQ.566	1	6	3	4	7
P_AQ.567	4	3	5	2	7
P_AQ.568	5	2	3	4	7
P_AQ.57	2	5	6	1	7
P_AQ.570	4	3	2	5	7
P_AQ.571	1	6	5	2	7
P_AQ.572	1	6	2	5	7
P_AQ.574	2	5	6	1	7
P_AQ.576	4	3	6	1	7
P_AQ.577	3	4	5	2	7
P_AQ.578	2	5	5	2	7
P_AQ.579	2	5	2	5	7
P_AQ.58	3	4	7	0	7
P_AQ.580	1	6	5	2	7
P_AQ.581	3	4	5	2	7
P_AQ.582	6	1	0	7	7
P_AQ.583	4	3	3	4	7
P_AQ.584	5	2	7	0	7
P_AQ.585	2	5	6	1	7
P_AQ.586	6	1	3	4	7
P_AQ.587	3	4	3	4	7
P_AQ.588	1	6	4	3	7
P_AQ.589	5	2	4	3	7
P_AQ.59	3	4	0	7	7
P_AQ.591	4	3	2	5	7
P_AQ.592	4	3	4	3	7
P_AQ.593	2	5	1	6	7
P_AQ.594	3	4	2	5	7
P_AQ.595	3	4	5	2	7
P_AQ.596	2	5	6	1	7
P_AQ.597	5	2	4	3	7
P_AQ.598	3	4	3	4	7
P_AQ.599	5	2	1	6	7
P_AQ.6	4	3	1	6	7
P_AQ.60	4	3	4	3	7
P_AQ.600	1	6	5	2	7
P_AQ.601	4	3	4	3	7
P_AQ.602	4	3	3	4	7
P_AQ.603	5	2	5	2	7
P_AQ.604	3	4	1	6	7
P_AQ.605	1	6	4	3	7
P_AQ.606	2	5	5	2	7
P_AQ.607	0	7	5	2	7
P_AQ.608	5	2	1	6	7
P_AQ.609	4	3	2	5	7
P_AQ.61	3	4	2	5	7
P_AQ.610	2	5	3	4	7
P_AQ.611	5	2	1	6	7
P_AQ.612	0	7	6	1	7
P_AQ.614	2	5	4	3	7
P_AQ.615	5	2	2	5	7
P_AQ.616	4	3	3	4	7
P_AQ.617	1	6	7	0	7
P_AQ.618	2	5	3	4	7
P_AQ.619	4	3	5	2	7
P_AQ.62	4	3	4	3	7
P_AQ.620	4	3	4	3	7
P_AQ.621	5	2	1	6	7
P_AQ.622	3	4	4	3	7
P_AQ.623	4	3	4	3	7
P_AQ.624	3	4	5	2	7
P_AQ.625	3	4	5	2	7
P_AQ.626	0	7	5	2	7
P_AQ.627	2	5	3	4	7
P_AQ.628	3	4	6	1	7
P_AQ.629	2	5	5	2	7
P_AQ.63	0	7	6	1	7
P_AQ.630	5	2	3	4	7
P_AQ.631	3	4	1	6	7
P_AQ.632	4	3	4	3	7
P_AQ.633	4	3	2	5	7
P_AQ.634	2	5	2	5	7
P_AQ.635	1	6	4	3	7
P_AQ.636	4	3	5	2	7
P_AQ.637	2	5	4	3	7
P_AQ.638	2	5	3	4	7
P_AQ.639	4	3	3	4	7
P_AQ.64	3	4	1	6	7
P_AQ.640	2	5	4	3	7
P_AQ.641	3	4	4	3	7
P_AQ.642	4	3	4	3	7
P_AQ.645	3	4	0	7	7
P_AQ.646	3	4	3	4	7
P_AQ.647	2	5	4	3	7
P_AQ.648	2	5	3	4	7
P_AQ.65	2	5	1	6	7
P_AQ.650	4	3	3	4	7
P_AQ.651	5	2	2	5	7
P_AQ.652	0	7	6	1	7
P_AQ.653	4	3	2	5	7
P_AQ.654	2	5	1	6	7
P_AQ.655	1	6	4	3	7
P_AQ.656	1	6	4	3	7
P_AQ.657	3	4	3	4	7
P_AQ.658	2	5	7	0	7
P_AQ.659	5	2	3	4	7
P_AQ.66	2	5	6	1	7
P_AQ.660	2	5	5	2	7
P_AQ.661	3	4	2	5	7
P_AQ.662	2	5	3	4	7
P_AQ.663	3	4	4	3	7
P_AQ.665	5	2	6	1	7
P_AQ.666	3	4	6	1	7
P_AQ.667	2	5	4	3	7
P_AQ.668	3	4	5	2	7
P_AQ.669	4	3	4	3	7
P_AQ.67	4	3	0	7	7
P_AQ.670	3	4	5	2	7
P_AQ.671	6	1	2	5	7
P_AQ.672	5	2	4	3	7
P_AQ.673	3	4	4	3	7
P_AQ.674	3	4	4	3	7
P_AQ.675	3	4	6	1	7
P_AQ.677	1	6	2	5	7
P_AQ.679	3	4	2	5	7
P_AQ.68	5	2	4	3	7
P_AQ.680	4	3	3	4	7
P_AQ.681	2	5	4	3	7
P_AQ.682	2	5	3	4	7
P_AQ.683	3	4	5	2	7
P_AQ.684	1	6	5	2	7
P_AQ.685	3	4	3	4	7
P_AQ.686	4	3	6	1	7
P_AQ.687	3	4	5	2	7
P_AQ.688	5	2	3	4	7
P_AQ.689	4	3	4	3	7
P_AQ.69	3	4	5	2	7
P_AQ.690	2	5	5	2	7
P_AQ.691	2	5	5	2	7
P_AQ.692	3	4	4	3	7
P_AQ.694	2	5	3	4	7
P_AQ.695	3	4	2	5	7
P_AQ.696	4	3	6	1	7
P_AQ.697	2	5	6	1	7
P_AQ.698	2	5	5	2	7
P_AQ.699	2	5	4	3	7
P_AQ.7	1	6	4	3	7
P_AQ.70	4	3	3	4	7
P_AQ.700	3	4	5	2	7
P_AQ.702	3	4	4	3	7
P_AQ.703	3	4	5	2	7
P_AQ.704	4	3	4	3	7
P_AQ.705	5	2	3	4	7
P_AQ.706	4	3	1	6	7
P_AQ.707	6	1	3	4	7
P_AQ.708	3	4	1	6	7
P_AQ.709	1	6	2	5	7
P_AQ.71	2	5	4	3	7
P_AQ.710	1	6	5	2	7
P_AQ.711	3	4	3	4	7
P_AQ.714	2	5	2	5	7
P_AQ.715	3	4	5	2	7
P_AQ.716	2	5	5	2	7
P_AQ.717	3	4	4	3	7
P_AQ.718	3	4	6	1	7
P_AQ.719	3	4	6	1	7
P_AQ.72	5	2	2	5	7
P_AQ.720	3	4	3	4	7
P_AQ.721	3	4	6	1	7
P_AQ.722	5	2	5	2	7
P_AQ.723	3	4	2	5	7
P_AQ.724	5	2	2	5	7
P_AQ.725	3	4	2	5	7
P_AQ.729	4	3	4	3	7
P_AQ.73	5	2	3	4	7
P_AQ.730	4	3	6	1	7
P_AQ.731	4	3	3	4	7
P_AQ.732	4	3	5	2	7
P_AQ.733	3	4	4	3	7
P_AQ.734	2	5	7	0	7
P_AQ.735	3	4	5	2	7
P_AQ.736	3	4	3	4	7
P_AQ.737	1	6	6	1	7
P_AQ.738	3	4	5	2	7
P_AQ.739	3	4	6	1	7
P_AQ.74	3	4	2	5	7
P_AQ.740	3	4	5	2	7
P_AQ.741	2	5	1	6	7
P_AQ.743	4	3	6	1	7
P_AQ.744	4	3	1	6	7
P_AQ.745	2	5	4	3	7
P_AQ.746	3	4	3	4	7
P_AQ.747	3	4	3	4	7
P_AQ.75	2	5	3	4	7
P_AQ.750	4	3	2	5	7
P_AQ.751	4	3	2	5	7
P_AQ.752	4	3	0	7	7
P_AQ.753	2	5	4	3	7
P_AQ.755	3	4	2	5	7
P_AQ.756	4	3	1	6	7
P_AQ.757	2	5	4	3	7
P_AQ.758	4	3	2	5	7
P_AQ.759	3	4	6	1	7
P_AQ.76	5	2	5	2	7
P_AQ.760	2	5	4	3	7
P_AQ.761	5	2	4	3	7
P_AQ.762	4	3	4	3	7
P_AQ.763	4	3	1	6	7
P_AQ.764	4	3	1	6	7
P_AQ.765	0	7	2	5	7
P_AQ.766	2	5	2	5	7
P_AQ.767	1	6	3	4	7
P_AQ.768	5	2	3	4	7
P_AQ.769	1	6	1	6	7
P_AQ.77	3	4	5	2	7
P_AQ.770	4	3	3	4	7
P_AQ.772	4	3	3	4	7
P_AQ.773	3	4	2	5	7
P_AQ.774	2	5	6	1	7
P_AQ.775	4	3	5	2	7
P_AQ.776	3	4	6	1	7
P_AQ.777	3	4	3	4	7
P_AQ.778	2	5	6	1	7
P_AQ.779	3	4	3	4	7
P_AQ.78	2	5	5	2	7
P_AQ.780	5	2	4	3	7
P_AQ.781	3	4	3	4	7
P_AQ.782	2	5	4	3	7
P_AQ.784	3	4	2	5	7
P_AQ.785	5	2	5	2	7
P_AQ.787	4	3	2	5	7
P_AQ.788	2	5	3	4	7
P_AQ.789	2	5	5	2	7
P_AQ.79	4	3	4	3	7
P_AQ.791	5	2	3	4	7
P_AQ.792	2	5	5	2	7
P_AQ.793	3	4	3	4	7
P_AQ.794	3	4	3	4	7
P_AQ.795	3	4	2	5	7
P_AQ.796	3	4	5	2	7
P_AQ.797	4	3	4	3	7
P_AQ.798	4	3	5	2	7
P_AQ.799	4	3	4	3	7
P_AQ.8	4	3	2	5	7
P_AQ.80	3	4	3	4	7
P_AQ.801	3	4	2	5	7
P_AQ.803	5	2	4	3	7
P_AQ.804	3	4	6	1	7
P_AQ.805	4	3	1	6	7
P_AQ.806	2	5	5	2	7
P_AQ.807	2	5	1	6	7
P_AQ.808	3	4	3	4	7
P_AQ.809	2	5	6	1	7
P_AQ.81	2	5	1	6	7
P_AQ.811	4	3	5	2	7
P_AQ.812	4	3	4	3	7
P_AQ.813	3	4	4	3	7
P_AQ.814	6	1	2	5	7
P_AQ.815	4	3	2	5	7
P_AQ.816	3	4	6	1	7
P_AQ.817	4	3	5	2	7
P_AQ.818	0	7	4	3	7
P_AQ.819	5	2	3	4	7
P_AQ.82	3	4	4	3	7
P_AQ.820	3	4	5	2	7
P_AQ.821	3	4	3	4	7
P_AQ.823	4	3	3	4	7
P_AQ.824	4	3	3	4	7
P_AQ.825	4	3	6	1	7
P_AQ.826	3	4	4	3	7
P_AQ.827	6	1	2	5	7
P_AQ.828	4	3	2	5	7
P_AQ.829	2	5	5	2	7
P_AQ.83	4	3	5	2	7
P_AQ.830	1	6	6	1	7
P_AQ.831	5	2	3	4	7
P_AQ.833	4	3	6	1	7
P_AQ.834	1	6	5	2	7
P_AQ.835	2	5	5	2	7
P_AQ.836	2	5	1	6	7
P_AQ.837	3	4	5	2	7
P_AQ.838	2	5	5	2	7
P_AQ.839	2	5	6	1	7
P_AQ.84	5	2	0	7	7
P_AQ.840	5	2	2	5	7
P_AQ.841	2	5	7	0	7
P_AQ.842	2	5	4	3	7
P_AQ.843	5	2	2	5	7
P_AQ.844	2	5	5	2	7
P_AQ.845	2	5	5	2	7
P_AQ.846	5	2	3	4	7
P_AQ.847	3	4	3	4	7
P_AQ.848	3	4	2	5	7
P_AQ.849	2	5	7	0	7
P_AQ.85	3	4	5	2	7
P_AQ.850	4	3	1	6	7
P_AQ.852	2	5	3	4	7
P_AQ.853	3	4	5	2	7
P_AQ.854	3	4	2	5	7
P_AQ.855	2	5	5	2	7
P_AQ.856	3	4	5	2	7
P_AQ.857	5	2	3	4	7
P_AQ.858	4	3	5	2	7
P_AQ.859	3	4	7	0	7
P_AQ.86	1	6	6	1	7
P_AQ.860	4	3	3	4	7
P_AQ.862	6	1	6	1	7
P_AQ.863	3	4	1	6	7
P_AQ.865	2	5	3	4	7
P_AQ.866	4	3	7	0	7
P_AQ.867	3	4	6	1	7
P_AQ.868	3	4	5	2	7
P_AQ.869	4	3	3	4	7
P_AQ.87	4	3	4	3	7
P_AQ.870	2	5	4	3	7
P_AQ.871	3	4	3	4	7
P_AQ.873	4	3	2	5	7
P_AQ.874	3	4	1	6	7
P_AQ.875	2	5	7	0	7
P_AQ.876	5	2	2	5	7
P_AQ.877	2	5	3	4	7
P_AQ.878	5	2	2	5	7
P_AQ.879	3	4	4	3	7
P_AQ.88	4	3	1	6	7
P_AQ.880	3	4	3	4	7
P_AQ.881	2	5	4	3	7
P_AQ.883	3	4	5	2	7
P_AQ.884	5	2	4	3	7
P_AQ.885	3	4	2	5	7
P_AQ.886	4	3	2	5	7
P_AQ.887	1	6	3	4	7
P_AQ.888	2	5	4	3	7
P_AQ.89	1	6	7	0	7
P_AQ.890	5	2	4	3	7
P_AQ.891	2	5	5	2	7
P_AQ.892	4	3	2	5	7
P_AQ.894	3	4	6	1	7
P_AQ.895	2	5	2	5	7
P_AQ.896	1	6	3	4	7
P_AQ.897	3	4	3	4	7
P_AQ.898	1	6	5	2	7
P_AQ.9	4	3	4	3	7
P_AQ.90	1	6	4	3	7
P_AQ.900	3	4	5	2	7
P_AQ.901	4	3	5	2	7
P_AQ.902	4	3	2	5	7
P_AQ.903	5	2	4	3	7
P_AQ.904	1	6	6	1	7
P_AQ.905	1	6	5	2	7
P_AQ.906	2	5	5	2	7
P_AQ.907	4	3	6	1	7
P_AQ.908	3	4	6	1	7
P_AQ.909	4	3	3	4	7
P_AQ.91	5	2	0	7	7
P_AQ.910	3	4	2	5	7
P_AQ.911	4	3	2	5	7
P_AQ.912	1	6	5	2	7
P_AQ.913	2	5	7	0	7
P_AQ.914	5	2	1	6	7
P_AQ.915	0	7	5	2	7
P_AQ.917	2	5	6	1	7
P_AQ.918	1	6	5	2	7
P_AQ.919	1	6	3	4	7
P_AQ.92	4	3	3	4	7
P_AQ.920	0	7	5	2	7
P_AQ.921	1	6	4	3	7
P_AQ.922	2	5	3	4	7
P_AQ.924	3	4	4	3	7
P_AQ.925	1	6	7	0	7
P_AQ.926	1	6	2	5	7
P_AQ.927	2	5	4	3	7
P_AQ.928	3	4	5	2	7
P_AQ.929	2	5	3	4	7
P_AQ.93	2	5	6	1	7
P_AQ.930	2	5	7	0	7
P_AQ.931	3	4	6	1	7
P_AQ.932	2	5	6	1	7
P_AQ.933	6	1	7	0	7
P_AQ.934	3	4	4	3	7
P_AQ.935	3	4	2	5	7
P_AQ.937	1	6	6	1	7
P_AQ.938	5	2	2	5	7
P_AQ.939	2	5	5	2	7
P_AQ.94	5	2	3	4	7
P_AQ.940	3	4	3	4	7
P_AQ.943	3	4	3	4	7
P_AQ.944	0	7	7	0	7
P_AQ.945	0	7	3	4	7
P_AQ.946	4	3	5	2	7
P_AQ.947	4	3	3	4	7
P_AQ.948	2	5	4	3	7
P_AQ.949	3	4	5	2	7
P_AQ.95	4	3	3	4	7
P_AQ.950	4	3	6	1	7
P_AQ.951	4	3	0	7	7
P_AQ.952	3	4	3	4	7
P_AQ.953	5	2	4	3	7
P_AQ.954	3	4	5	2	7
P_AQ.955	3	4	1	6	7
P_AQ.957	4	3	1	6	7
P_AQ.958	2	5	7	0	7
P_AQ.959	2	5	5	2	7
P_AQ.96	4	3	5	2	7
P_AQ.960	3	4	3	4	7
P_AQ.961	2	5	3	4	7
P_AQ.963	2	5	4	3	7
P_AQ.964	2	5	5	2	7
P_AQ.965	4	3	6	1	7
P_AQ.968	2	5	4	3	7
P_AQ.969	2	5	4	3	7
P_AQ.97	2	5	7	0	7
P_AQ.970	3	4	4	3	7
P_AQ.971	5	2	5	2	7
P_AQ.972	0	7	6	1	7
P_AQ.973	2	5	3	4	7
P_AQ.974	4	3	3	4	7
P_AQ.975	3	4	4	3	7
P_AQ.977	5	2	0	7	7
P_AQ.978	5	2	5	2	7
P_AQ.979	4	3	4	3	7
P_AQ.98	5	2	2	5	7
P_AQ.980	3	4	6	1	7
P_AQ.981	5	2	3	4	7
P_AQ.982	4	3	3	4	7
P_AQ.983	4	3	6	1	7
P_AQ.985	2	5	5	2	7
P_AQ.987	5	2	5	2	7
P_AQ.989	2	5	2	5	7
P_AQ.99	5	2	4	3	7
P_AQ.990	4	3	2	5	7
P_AQ.991	5	2	1	6	7
P_AQ.992	2	5	3	4	7
P_AQ.993	3	4	1	6	7
P_AQ.994	2	5	1	6	7
P_AQ.995	3	4	3	4	7
P_AQ.996	2	5	5	2	7
P_AQ.997	3	4	3	4	7
P_AQ.999	3	4	4	3	7
P_AQ.100	1	6	5	2	7
P_AQ.1000	4	3	5	2	7
P_AQ.1021	3	4	5	2	7
P_AQ.1022	6	1	5	2	7
P_AQ.1033	2	5	5	2	7
P_AQ.1040	1	6	7	0	7
P_AQ.1083	1	6	6	1	7
P_AQ.1086	2	5	5	2	7
P_AQ.109	4	3	2	5	7
P_AQ.1103	4	3	4	3	7
P_AQ.1114	4	3	3	4	7
P_AQ.112	5	2	3	4	7
P_AQ.1124	4	3	6	1	7
P_AQ.1127	5	2	4	3	7
P_AQ.1144	3	4	6	1	7
P_AQ.1154	2	5	4	3	7
P_AQ.1173	4	3	7	0	7
P_AQ.1176	1	6	7	0	7
P_AQ.1191	3	4	7	0	7
P_AQ.1193	4	3	5	2	7
P_AQ.1201	3	4	6	1	7
P_AQ.1235	1	6	4	3	7
P_AQ.1237	5	2	3	4	7
P_AQ.1241	4	3	5	2	7
P_AQ.1243	5	2	5	2	7
P_AQ.125	5	2	2	5	7
P_AQ.1253	2	5	6	1	7
P_AQ.1284	4	3	6	1	7
P_AQ.1303	2	5	5	2	7
P_AQ.1306	3	4	5	2	7
P_AQ.1313	3	4	6	1	7
P_AQ.1321	5	2	7	0	7
P_AQ.1335	1	6	6	1	7
P_AQ.1352	0	7	6	1	7
P_AQ.1353	4	3	0	7	7
P_AQ.1360	3	4	4	3	7
P_AQ.1362	0	7	3	4	7
P_AQ.1373	2	5	5	2	7
P_AQ.1378	6	1	3	4	7
P_AQ.1380	3	4	7	0	7
P_AQ.1407	2	5	4	3	7
P_AQ.1410	2	5	6	1	7
P_AQ.1420	1	6	6	1	7
P_AQ.1430	2	5	5	2	7
P_AQ.1459	3	4	5	2	7
P_AQ.1463	1	6	5	2	7
P_AQ.1468	1	6	5	2	7
P_AQ.1477	2	5	6	1	7
P_AQ.1478	2	5	3	4	7
P_AQ.1499	2	5	6	1	7
P_AQ.1521	3	4	5	2	7
P_AQ.1529	2	5	3	4	7
P_AQ.1536	4	3	6	1	7
P_AQ.154	4	3	4	3	7
P_AQ.1546	4	3	4	3	7
P_AQ.156	4	3	6	1	7
P_AQ.1572	3	4	3	4	7
P_AQ.1575	4	3	6	1	7
P_AQ.1600	1	6	6	1	7
P_AQ.1616	3	4	6	1	7
P_AQ.1624	4	3	4	3	7
P_AQ.1633	2	5	6	1	7
P_AQ.1643	1	6	5	2	7
P_AQ.1653	4	3	4	3	7
P_AQ.1672	4	3	5	2	7
P_AQ.1679	1	6	4	3	7
P_AQ.1692	4	3	3	4	7
P_AQ.1693	3	4	5	2	7
P_AQ.1694	2	5	6	1	7
P_AQ.1714	2	5	7	0	7
P_AQ.1728	1	6	7	0	7
P_AQ.173	3	4	1	6	7
P_AQ.1731	5	2	2	5	7
P_AQ.1734	5	2	4	3	7
P_AQ.1737	1	6	5	2	7
P_AQ.1753	4	3	7	0	7
P_AQ.176	4	3	3	4	7
P_AQ.1777	3	4	4	3	7
P_AQ.200	5	2	3	4	7
P_AQ.203	4	3	2	5	7
P_AQ.211	2	5	5	2	7
P_AQ.214	3	4	2	5	7
P_AQ.243	3	4	4	3	7
P_AQ.245	1	6	6	1	7
P_AQ.246	4	3	5	2	7
P_AQ.274	5	2	3	4	7
P_AQ.279	4	3	2	5	7
P_AQ.326	4	3	3	4	7
P_AQ.402	2	5	5	2	7
P_AQ.403	2	5	6	1	7
P_AQ.407	3	4	4	3	7
P_AQ.423	1	6	4	3	7
P_AQ.437	4	3	5	2	7
P_AQ.443	4	3	4	3	7
P_AQ.449	2	5	5	2	7
P_AQ.463	3	4	4	3	7
P_AQ.47	3	4	7	0	7
P_AQ.483	3	4	4	3	7
P_AQ.513	1	6	4	3	7
P_AQ.548	2	5	5	2	7
P_AQ.556	5	2	1	6	7
P_AQ.573	3	4	6	1	7
P_AQ.575	1	6	2	5	7
P_AQ.590	4	3	7	0	7
P_AQ.643	1	6	7	0	7
P_AQ.676	3	4	5	2	7
P_AQ.726	5	2	6	1	7
P_AQ.727	4	3	5	2	7
P_AQ.728	2	5	4	3	7
P_AQ.742	5	2	2	5	7
P_AQ.748	3	4	5	2	7
P_AQ.771	0	7	6	1	7
P_AQ.786	4	3	3	4	7
P_AQ.800	4	3	3	4	7
P_AQ.810	3	4	3	4	7
P_AQ.822	5	2	4	3	7
P_AQ.832	2	5	6	1	7
P_AQ.861	3	4	5	2	7
P_AQ.872	4	3	4	3	7
P_AQ.889	5	2	5	2	7
P_AQ.936	3	4	6	1	7
P_AQ.941	2	5	5	2	7
P_AQ.942	2	5	5	2	7
P_AQ.956	2	5	3	4	7
P_AQ.962	0	7	4	3	7
P_AQ.967	3	4	6	1	7
P_AQ.984	2	5	7	0	7
P_AQ.998	2	5	7	0	7
P_AQ.1047	3	4	5	2	7
P_AQ.1050	3	4	7	0	7
P_AQ.1054	2	5	5	2	7
P_AQ.1157	3	4	4	3	7
P_AQ.1163	3	4	3	4	7
P_AQ.1179	3	4	6	1	7
P_AQ.1183	3	4	4	3	7
P_AQ.1187	1	6	3	4	7
P_AQ.1210	3	4	4	3	7
P_AQ.1233	3	4	3	4	7
P_AQ.1239	4	3	4	3	7
P_AQ.1260	4	3	5	2	7
P_AQ.1286	3	4	2	5	7
P_AQ.1287	5	2	2	5	7
P_AQ.1346	3	4	1	6	7
P_AQ.1403	2	5	6	1	7
P_AQ.1435	6	1	2	5	7
P_AQ.1524	5	2	2	5	7
P_AQ.1531	4	3	4	3	7
P_AQ.1535	3	4	5	2	7
P_AQ.1564	3	4	5	2	7
P_AQ.1587	5	2	1	6	7
P_AQ.1655	5	2	2	5	7
P_AQ.1664	2	5	7	0	7
P_AQ.1715	4	3	2	5	7
P_AQ.1784	3	4	1	6	7
P_AQ.302	4	3	2	5	7
P_AQ.321	5	2	3	4	7
P_AQ.336	2	5	6	1	7
P_AQ.339	6	1	2	5	7
P_AQ.454	2	5	6	1	7
P_AQ.461	1	6	6	1	7
P_AQ.469	5	2	3	4	7
P_AQ.569	3	4	2	5	7
P_AQ.649	3	4	5	2	7
P_AQ.864	4	3	3	4	7
P_AQ.923	2	5	1	6	7
P_AQ.988	3	4	2	5	7
P_AQ.1007	4	3	5	2	7
P_AQ.1014	0	7	6	1	7
P_AQ.1018	4	3	7	0	7
P_AQ.1023	4	3	7	0	7
P_AQ.1055	1	6	4	3	7
P_AQ.1099	2	5	4	3	7
P_AQ.1108	1	6	6	1	7
P_AQ.1132	2	5	4	3	7
P_AQ.1227	1	6	4	3	7
P_AQ.1245	1	6	7	0	7
P_AQ.1261	1	6	6	1	7
P_AQ.1283	2	5	5	2	7
P_AQ.1316	1	6	6	1	7
P_AQ.1332	3	4	5	2	7
P_AQ.1340	1	6	6	1	7
P_AQ.1350	3	4	3	4	7
P_AQ.1401	5	2	3	4	7
P_AQ.1404	2	5	5	2	7
P_AQ.1406	1	6	7	0	7
P_AQ.1434	3	4	5	2	7
P_AQ.1438	0	7	7	0	7
P_AQ.1447	1	6	6	1	7
P_AQ.1469	3	4	4	3	7
P_AQ.147	3	4	4	3	7
P_AQ.1511	0	7	6	1	7
P_AQ.1523	3	4	6	1	7
P_AQ.1577	3	4	5	2	7
P_AQ.1597	1	6	6	1	7
P_AQ.1601	4	3	3	4	7
P_AQ.1608	2	5	7	0	7
P_AQ.1612	3	4	4	3	7
P_AQ.1658	2	5	4	3	7
P_AQ.1684	3	4	3	4	7
P_AQ.1686	4	3	4	3	7
P_AQ.1702	1	6	6	1	7
P_AQ.240	0	7	5	2	7
P_AQ.258	0	7	6	1	7
P_AQ.269	1	6	6	1	7
P_AQ.285	4	3	0	7	7
P_AQ.316	3	4	6	1	7
P_AQ.317	3	4	6	1	7
P_AQ.333	2	5	5	2	7
P_AQ.390	4	3	5	2	7
P_AQ.410	2	5	7	0	7
P_AQ.436	1	6	6	1	7
P_AQ.613	0	7	5	2	7
P_AQ.701	0	7	7	0	7
P_AQ.749	1	6	6	1	7
P_AQ.754	1	6	7	0	7
P_AQ.802	3	4	3	4	7
P_AQ.851	2	5	7	0	7
P_AQ.899	3	4	5	2	7
P_AQ.916	3	4	5	2	7
P_AQ.966	5	2	2	5	7
P_AQ.976	4	3	7	0	7
P_AQ.1218	2	5	5	2	7
P_AQ.1226	4	3	3	4	7
P_AQ.1291	5	2	5	2	7
P_AQ.1371	3	4	6	1	7
P_AQ.1421	2	5	5	2	7
P_AQ.1718	2	5	5	2	7
P_AQ.1729	4	3	6	1	7
P_AQ.1748	3	4	4	3	7
P_AQ.664	5	2	2	5	7
P_AQ.693	4	3	1	6	7
P_AQ.783	4	3	0	7	7
P_AQ.1009	7	0	3	4	7
P_AQ.1678	2	5	6	1	7
P_AQ.543	4	3	2	5	7
P_AQ.893	1	6	7	0	7
P_AQ.1540	4	3	1	6	7
P_AQ.1775	3	4	6	1	7
P_AQ.382	5	2	2	5	7
P_AQ.1776	4	3	4	3	7
N_LP.1	4	3	4	3	7
N_LP.10	1	6	5	2	7
N_LP.100	4	3	4	3	7
N_LP.1001	3	4	2	5	7
N_LP.1002	4	3	1	6	7
N_LP.1003	5	2	4	3	7
N_LP.1004	3	4	6	1	7
N_LP.1005	4	3	7	0	7
N_LP.1006	4	3	4	3	7
N_LP.1009	2	5	5	2	7
N_LP.101	2	5	3	4	7
N_LP.1010	1	6	4	3	7
N_LP.1011	2	5	3	4	7
N_LP.1012	5	2	4	3	7
N_LP.1013	3	4	5	2	7
N_LP.1014	3	4	5	2	7
N_LP.1015	3	4	5	2	7
N_LP.1016	3	4	0	7	7
N_LP.1017	4	3	5	2	7
N_LP.1018	3	4	1	6	7
N_LP.1019	4	3	0	7	7
N_LP.102	3	4	5	2	7
N_LP.1020	4	3	1	6	7
N_LP.1021	3	4	7	0	7
N_LP.1022	2	5	4	3	7
N_LP.1023	3	4	6	1	7
N_LP.1024	4	3	5	2	7
N_LP.1025	4	3	3	4	7
N_LP.1026	3	4	4	3	7
N_LP.1028	4	3	2	5	7
N_LP.1029	3	4	3	4	7
N_LP.1031	3	4	3	4	7
N_LP.1032	3	4	5	2	7
N_LP.1033	4	3	6	1	7
N_LP.1034	2	5	5	2	7
N_LP.1035	5	2	2	5	7
N_LP.1038	3	4	5	2	7
N_LP.1039	3	4	5	2	7
N_LP.104	3	4	2	5	7
N_LP.1040	4	3	4	3	7
N_LP.1041	1	6	6	1	7
N_LP.1042	4	3	1	6	7
N_LP.1043	3	4	3	4	7
N_LP.1044	6	1	3	4	7
N_LP.1046	3	4	6	1	7
N_LP.105	3	4	3	4	7
N_LP.1050	2	5	7	0	7
N_LP.1051	2	5	3	4	7
N_LP.1052	6	1	5	2	7
N_LP.1053	2	5	3	4	7
N_LP.1054	2	5	7	0	7
N_LP.1055	3	4	6	1	7
N_LP.1056	3	4	4	3	7
N_LP.1057	4	3	0	7	7
N_LP.1058	4	3	6	1	7
N_LP.1059	3	4	2	5	7
N_LP.106	0	7	6	1	7
N_LP.1060	0	7	2	5	7
N_LP.1061	3	4	2	5	7
N_LP.1062	2	5	5	2	7
N_LP.1063	2	5	4	3	7
N_LP.1064	2	5	4	3	7
N_LP.1065	4	3	0	7	7
N_LP.1066	5	2	3	4	7
N_LP.1067	3	4	3	4	7
N_LP.1068	4	3	6	1	7
N_LP.1069	2	5	6	1	7
N_LP.107	4	3	2	5	7
N_LP.1070	5	2	2	5	7
N_LP.1071	3	4	2	5	7
N_LP.1072	2	5	5	2	7
N_LP.1073	2	5	4	3	7
N_LP.1074	5	2	2	5	7
N_LP.1075	1	6	6	1	7
N_LP.1076	1	6	5	2	7
N_LP.1077	4	3	2	5	7
N_LP.1078	4	3	2	5	7
N_LP.1079	3	4	3	4	7
N_LP.108	3	4	4	3	7
N_LP.1080	3	4	5	2	7
N_LP.1081	4	3	6	1	7
N_LP.1082	3	4	2	5	7
N_LP.1083	3	4	3	4	7
N_LP.1084	2	5	3	4	7
N_LP.1085	2	5	3	4	7
N_LP.1087	0	7	5	2	7
N_LP.1089	4	3	5	2	7
N_LP.109	0	7	6	1	7
N_LP.1090	1	6	3	4	7
N_LP.1091	5	2	2	5	7
N_LP.1092	4	3	3	4	7
N_LP.1093	0	7	5	2	7
N_LP.1094	2	5	3	4	7
N_LP.1095	4	3	4	3	7
N_LP.1096	2	5	4	3	7
N_LP.1097	2	5	5	2	7
N_LP.1098	2	5	6	1	7
N_LP.1099	3	4	5	2	7
N_LP.11	4	3	3	4	7
N_LP.110	3	4	5	2	7
N_LP.1100	1	6	5	2	7
N_LP.1103	5	2	2	5	7
N_LP.1104	5	2	4	3	7
N_LP.1105	4	3	3	4	7
N_LP.1106	3	4	4	3	7
N_LP.1107	5	2	1	6	7
N_LP.1108	2	5	7	0	7
N_LP.1109	3	4	5	2	7
N_LP.111	3	4	7	0	7
N_LP.1110	4	3	4	3	7
N_LP.1112	2	5	5	2	7
N_LP.1113	4	3	5	2	7
N_LP.1114	4	3	3	4	7
N_LP.1115	2	5	4	3	7
N_LP.1116	2	5	5	2	7
N_LP.1117	3	4	5	2	7
N_LP.1118	4	3	5	2	7
N_LP.112	0	7	5	2	7
N_LP.1120	4	3	2	5	7
N_LP.1121	3	4	4	3	7
N_LP.1122	3	4	7	0	7
N_LP.1123	3	4	6	1	7
N_LP.1125	3	4	5	2	7
N_LP.1126	5	2	2	5	7
N_LP.1127	1	6	7	0	7
N_LP.1128	3	4	7	0	7
N_LP.1129	6	1	3	4	7
N_LP.113	3	4	2	5	7
N_LP.1130	4	3	6	1	7
N_LP.1131	4	3	6	1	7
N_LP.1132	2	5	4	3	7
N_LP.1133	5	2	3	4	7
N_LP.1136	0	7	6	1	7
N_LP.1137	4	3	4	3	7
N_LP.1139	4	3	2	5	7
N_LP.114	4	3	6	1	7
N_LP.1140	3	4	4	3	7
N_LP.1141	3	4	5	2	7
N_LP.1142	4	3	2	5	7
N_LP.1143	4	3	3	4	7
N_LP.1144	2	5	6	1	7
N_LP.1145	1	6	4	3	7
N_LP.1146	3	4	6	1	7
N_LP.1147	4	3	5	2	7
N_LP.1148	2	5	3	4	7
N_LP.1149	1	6	6	1	7
N_LP.115	2	5	5	2	7
N_LP.1150	4	3	5	2	7
N_LP.1151	3	4	5	2	7
N_LP.1152	3	4	4	3	7
N_LP.1153	2	5	2	5	7
N_LP.1154	3	4	3	4	7
N_LP.1155	3	4	3	4	7
N_LP.1157	5	2	2	5	7
N_LP.1158	2	5	5	2	7
N_LP.1159	2	5	5	2	7
N_LP.116	4	3	2	5	7
N_LP.1160	2	5	6	1	7
N_LP.1161	2	5	6	1	7
N_LP.1162	2	5	2	5	7
N_LP.1163	6	1	3	4	7
N_LP.1164	4	3	1	6	7
N_LP.1165	2	5	7	0	7
N_LP.1166	3	4	5	2	7
N_LP.1167	3	4	5	2	7
N_LP.1168	3	4	5	2	7
N_LP.1169	4	3	5	2	7
N_LP.117	5	2	1	6	7
N_LP.1171	2	5	6	1	7
N_LP.1172	3	4	3	4	7
N_LP.1173	3	4	2	5	7
N_LP.1174	3	4	7	0	7
N_LP.1175	3	4	4	3	7
N_LP.1176	2	5	4	3	7
N_LP.1177	4	3	2	5	7
N_LP.1178	1	6	2	5	7
N_LP.1179	3	4	5	2	7
N_LP.118	3	4	6	1	7
N_LP.1180	5	2	6	1	7
N_LP.1181	0	7	2	5	7
N_LP.1182	3	4	2	5	7
N_LP.1183	4	3	4	3	7
N_LP.1184	2	5	3	4	7
N_LP.1185	2	5	6	1	7
N_LP.1186	4	3	1	6	7
N_LP.1187	3	4	2	5	7
N_LP.1188	4	3	2	5	7
N_LP.1189	2	5	2	5	7
N_LP.119	3	4	4	3	7
N_LP.1190	4	3	3	4	7
N_LP.1191	5	2	3	4	7
N_LP.1192	5	2	5	2	7
N_LP.1194	3	4	1	6	7
N_LP.1195	3	4	4	3	7
N_LP.1196	3	4	4	3	7
N_LP.1197	3	4	3	4	7
N_LP.1198	4	3	5	2	7
N_LP.1199	4	3	5	2	7
N_LP.12	3	4	3	4	7
N_LP.120	2	5	4	3	7
N_LP.1201	2	5	2	5	7
N_LP.1202	5	2	4	3	7
N_LP.1203	3	4	5	2	7
N_LP.1204	4	3	4	3	7
N_LP.1205	4	3	0	7	7
N_LP.1206	1	6	4	3	7
N_LP.1207	2	5	5	2	7
N_LP.1208	0	7	5	2	7
N_LP.1209	3	4	4	3	7
N_LP.121	1	6	3	4	7
N_LP.1210	3	4	5	2	7
N_LP.1211	3	4	4	3	7
N_LP.1212	2	5	6	1	7
N_LP.1213	3	4	6	1	7
N_LP.1214	4	3	3	4	7
N_LP.1215	3	4	3	4	7
N_LP.1216	1	6	6	1	7
N_LP.1217	3	4	7	0	7
N_LP.1218	3	4	3	4	7
N_LP.1219	0	7	5	2	7
N_LP.122	5	2	3	4	7
N_LP.1220	2	5	7	0	7
N_LP.1221	2	5	5	2	7
N_LP.1222	7	0	4	3	7
N_LP.1224	3	4	5	2	7
N_LP.1225	4	3	2	5	7
N_LP.1226	2	5	6	1	7
N_LP.1227	3	4	6	1	7
N_LP.1228	3	4	3	4	7
N_LP.1229	4	3	4	3	7
N_LP.123	5	2	2	5	7
N_LP.1231	4	3	5	2	7
N_LP.1232	2	5	4	3	7
N_LP.1234	0	7	6	1	7
N_LP.1235	5	2	5	2	7
N_LP.1236	4	3	2	5	7
N_LP.1237	4	3	2	5	7
N_LP.1238	4	3	6	1	7
N_LP.1239	3	4	4	3	7
N_LP.124	3	4	3	4	7
N_LP.1240	5	2	3	4	7
N_LP.1242	3	4	5	2	7
N_LP.1243	3	4	4	3	7
N_LP.1244	2	5	3	4	7
N_LP.1245	4	3	2	5	7
N_LP.1246	3	4	5	2	7
N_LP.1247	2	5	6	1	7
N_LP.1248	1	6	2	5	7
N_LP.1249	1	6	4	3	7
N_LP.125	3	4	5	2	7
N_LP.1252	4	3	4	3	7
N_LP.1253	3	4	4	3	7
N_LP.1254	2	5	4	3	7
N_LP.1255	4	3	3	4	7
N_LP.1256	1	6	5	2	7
N_LP.1257	5	2	4	3	7
N_LP.1258	3	4	3	4	7
N_LP.1259	3	4	3	4	7
N_LP.126	2	5	6	1	7
N_LP.1260	2	5	5	2	7
N_LP.1261	5	2	3	4	7
N_LP.1262	3	4	6	1	7
N_LP.1263	4	3	3	4	7
N_LP.1264	4	3	4	3	7
N_LP.1266	3	4	4	3	7
N_LP.1267	1	6	5	2	7
N_LP.1268	1	6	4	3	7
N_LP.1269	2	5	6	1	7
N_LP.127	3	4	2	5	7
N_LP.1270	4	3	3	4	7
N_LP.1271	1	6	6	1	7
N_LP.1272	4	3	4	3	7
N_LP.1273	2	5	3	4	7
N_LP.1274	4	3	2	5	7
N_LP.1276	3	4	4	3	7
N_LP.1277	4	3	2	5	7
N_LP.1278	1	6	4	3	7
N_LP.1279	6	1	3	4	7
N_LP.128	4	3	5	2	7
N_LP.1280	3	4	5	2	7
N_LP.1281	4	3	2	5	7
N_LP.1282	5	2	1	6	7
N_LP.1283	3	4	3	4	7
N_LP.1284	2	5	3	4	7
N_LP.1285	5	2	3	4	7
N_LP.1288	3	4	5	2	7
N_LP.1289	2	5	6	1	7
N_LP.1290	4	3	3	4	7
N_LP.1291	2	5	7	0	7
N_LP.1292	4	3	3	4	7
N_LP.1293	4	3	3	4	7
N_LP.1294	1	6	6	1	7
N_LP.1295	4	3	5	2	7
N_LP.1296	2	5	6	1	7
N_LP.1297	4	3	5	2	7
N_LP.1298	3	4	3	4	7
N_LP.1299	2	5	2	5	7
N_LP.13	4	3	4	3	7
N_LP.130	2	5	3	4	7
N_LP.1300	4	3	3	4	7
N_LP.1301	1	6	3	4	7
N_LP.1302	1	6	6	1	7
N_LP.1303	4	3	3	4	7
N_LP.1304	3	4	2	5	7
N_LP.1305	4	3	5	2	7
N_LP.1306	5	2	3	4	7
N_LP.1307	6	1	3	4	7
N_LP.1308	3	4	4	3	7
N_LP.1309	3	4	2	5	7
N_LP.131	2	5	5	2	7
N_LP.1310	4	3	6	1	7
N_LP.1311	2	5	6	1	7
N_LP.1312	5	2	3	4	7
N_LP.1313	3	4	3	4	7
N_LP.1314	6	1	4	3	7
N_LP.1315	1	6	5	2	7
N_LP.1316	1	6	5	2	7
N_LP.1317	2	5	4	3	7
N_LP.1318	3	4	4	3	7
N_LP.1319	6	1	5	2	7
N_LP.132	2	5	7	0	7
N_LP.1320	1	6	4	3	7
N_LP.1321	3	4	4	3	7
N_LP.1322	3	4	4	3	7
N_LP.1323	1	6	6	1	7
N_LP.1324	2	5	6	1	7
N_LP.1325	5	2	2	5	7
N_LP.1326	1	6	4	3	7
N_LP.1327	5	2	1	6	7
N_LP.1328	5	2	5	2	7
N_LP.1329	3	4	5	2	7
N_LP.133	4	3	6	1	7
N_LP.1330	1	6	3	4	7
N_LP.1331	2	5	6	1	7
N_LP.1332	2	5	4	3	7
N_LP.1333	3	4	4	3	7
N_LP.1334	3	4	1	6	7
N_LP.1335	3	4	2	5	7
N_LP.1336	6	1	2	5	7
N_LP.1337	3	4	4	3	7
N_LP.1338	4	3	4	3	7
N_LP.1339	5	2	3	4	7
N_LP.134	4	3	3	4	7
N_LP.1340	2	5	5	2	7
N_LP.1341	2	5	1	6	7
N_LP.1342	2	5	6	1	7
N_LP.1343	3	4	3	4	7
N_LP.1344	2	5	4	3	7
N_LP.1345	2	5	4	3	7
N_LP.1346	4	3	5	2	7
N_LP.1347	1	6	5	2	7
N_LP.1348	7	0	2	5	7
N_LP.1349	5	2	2	5	7
N_LP.135	1	6	4	3	7
N_LP.1350	5	2	4	3	7
N_LP.1351	3	4	6	1	7
N_LP.1352	4	3	6	1	7
N_LP.1353	3	4	4	3	7
N_LP.1354	2	5	5	2	7
N_LP.1355	4	3	4	3	7
N_LP.1356	2	5	5	2	7
N_LP.1357	5	2	1	6	7
N_LP.1358	5	2	4	3	7
N_LP.1359	5	2	5	2	7
N_LP.136	1	6	6	1	7
N_LP.1360	4	3	3	4	7
N_LP.1361	3	4	6	1	7
N_LP.1362	3	4	3	4	7
N_LP.1363	4	3	1	6	7
N_LP.1364	1	6	6	1	7
N_LP.1365	2	5	6	1	7
N_LP.1366	3	4	7	0	7
N_LP.1367	2	5	6	1	7
N_LP.1368	3	4	4	3	7
N_LP.1369	4	3	4	3	7
N_LP.137	4	3	3	4	7
N_LP.1370	2	5	4	3	7
N_LP.1371	3	4	4	3	7
N_LP.1372	4	3	6	1	7
N_LP.1373	4	3	2	5	7
N_LP.1374	3	4	5	2	7
N_LP.1375	5	2	2	5	7
N_LP.1376	2	5	4	3	7
N_LP.1377	1	6	7	0	7
N_LP.1378	3	4	6	1	7
N_LP.1379	6	1	5	2	7
N_LP.138	0	7	6	1	7
N_LP.1380	5	2	1	6	7
N_LP.1381	3	4	4	3	7
N_LP.1383	3	4	2	5	7
N_LP.1384	4	3	4	3	7
N_LP.1385	4	3	5	2	7
N_LP.1386	2	5	2	5	7
N_LP.1387	4	3	4	3	7
N_LP.1388	2	5	4	3	7
N_LP.1389	3	4	5	2	7
N_LP.139	1	6	3	4	7
N_LP.1391	1	6	5	2	7
N_LP.1392	3	4	1	6	7
N_LP.1393	4	3	6	1	7
N_LP.1394	1	6	7	0	7
N_LP.1395	3	4	6	1	7
N_LP.1396	4	3	2	5	7
N_LP.1397	1	6	3	4	7
N_LP.1398	2	5	5	2	7
N_LP.14	2	5	6	1	7
N_LP.140	5	2	5	2	7
N_LP.1400	2	5	4	3	7
N_LP.1401	3	4	2	5	7
N_LP.1402	3	4	2	5	7
N_LP.1403	1	6	5	2	7
N_LP.1404	2	5	5	2	7
N_LP.1406	3	4	7	0	7
N_LP.1407	5	2	4	3	7
N_LP.1408	4	3	4	3	7
N_LP.141	2	5	5	2	7
N_LP.1410	3	4	3	4	7
N_LP.1411	3	4	6	1	7
N_LP.1412	4	3	6	1	7
N_LP.1413	3	4	6	1	7
N_LP.1415	5	2	2	5	7
N_LP.1416	6	1	4	3	7
N_LP.1417	2	5	3	4	7
N_LP.1418	4	3	2	5	7
N_LP.1419	4	3	4	3	7
N_LP.142	4	3	2	5	7
N_LP.1420	3	4	4	3	7
N_LP.1421	3	4	5	2	7
N_LP.1422	5	2	4	3	7
N_LP.1423	2	5	3	4	7
N_LP.1424	2	5	4	3	7
N_LP.1425	3	4	6	1	7
N_LP.1426	3	4	1	6	7
N_LP.1427	1	6	3	4	7
N_LP.1428	4	3	4	3	7
N_LP.1429	2	5	6	1	7
N_LP.143	1	6	4	3	7
N_LP.1430	4	3	4	3	7
N_LP.1431	3	4	6	1	7
N_LP.1432	5	2	0	7	7
N_LP.1433	2	5	6	1	7
N_LP.1434	4	3	5	2	7
N_LP.1435	4	3	0	7	7
N_LP.1437	3	4	3	4	7
N_LP.1438	5	2	4	3	7
N_LP.144	1	6	6	1	7
N_LP.1440	3	4	5	2	7
N_LP.1441	3	4	6	1	7
N_LP.1442	2	5	4	3	7
N_LP.1443	4	3	2	5	7
N_LP.1444	5	2	3	4	7
N_LP.1445	5	2	2	5	7
N_LP.1446	4	3	5	2	7
N_LP.1447	3	4	4	3	7
N_LP.1448	4	3	4	3	7
N_LP.1449	3	4	1	6	7
N_LP.145	4	3	4	3	7
N_LP.1451	5	2	3	4	7
N_LP.1452	1	6	4	3	7
N_LP.1453	5	2	5	2	7
N_LP.1455	1	6	1	6	7
N_LP.1456	3	4	5	2	7
N_LP.1457	3	4	3	4	7
N_LP.1458	3	4	0	7	7
N_LP.1459	5	2	4	3	7
N_LP.146	4	3	2	5	7
N_LP.1460	3	4	2	5	7
N_LP.1461	3	4	6	1	7
N_LP.1462	4	3	0	7	7
N_LP.1463	5	2	4	3	7
N_LP.1465	4	3	4	3	7
N_LP.1466	1	6	4	3	7
N_LP.1467	0	7	4	3	7
N_LP.1468	3	4	4	3	7
N_LP.1469	2	5	5	2	7
N_LP.147	4	3	5	2	7
N_LP.1470	3	4	6	1	7
N_LP.1471	4	3	3	4	7
N_LP.1472	3	4	4	3	7
N_LP.1473	2	5	5	2	7
N_LP.1474	2	5	3	4	7
N_LP.1475	4	3	5	2	7
N_LP.1476	4	3	5	2	7
N_LP.1477	3	4	5	2	7
N_LP.1478	4	3	4	3	7
N_LP.1479	4	3	2	5	7
N_LP.148	2	5	6	1	7
N_LP.1480	3	4	2	5	7
N_LP.1481	3	4	4	3	7
N_LP.1482	4	3	1	6	7
N_LP.1483	3	4	5	2	7
N_LP.1484	3	4	6	1	7
N_LP.1485	3	4	6	1	7
N_LP.1486	3	4	4	3	7
N_LP.1487	1	6	6	1	7
N_LP.1488	3	4	5	2	7
N_LP.149	4	3	2	5	7
N_LP.1490	2	5	5	2	7
N_LP.1491	3	4	3	4	7
N_LP.1492	4	3	4	3	7
N_LP.1493	5	2	6	1	7
N_LP.1494	4	3	6	1	7
N_LP.1495	2	5	6	1	7
N_LP.1496	3	4	6	1	7
N_LP.1497	4	3	1	6	7
N_LP.1498	6	1	6	1	7
N_LP.1499	2	5	6	1	7
N_LP.15	3	4	4	3	7
N_LP.150	5	2	5	2	7
N_LP.1500	3	4	4	3	7
N_LP.1501	2	5	5	2	7
N_LP.1502	1	6	3	4	7
N_LP.1503	0	7	4	3	7
N_LP.1504	1	6	3	4	7
N_LP.1505	4	3	5	2	7
N_LP.1506	4	3	4	3	7
N_LP.1507	2	5	4	3	7
N_LP.1508	1	6	6	1	7
N_LP.1509	4	3	3	4	7
N_LP.151	3	4	3	4	7
N_LP.1510	4	3	6	1	7
N_LP.1511	3	4	2	5	7
N_LP.1512	2	5	5	2	7
N_LP.1513	3	4	4	3	7
N_LP.1514	5	2	6	1	7
N_LP.1515	0	7	5	2	7
N_LP.1516	2	5	7	0	7
N_LP.1517	5	2	2	5	7
N_LP.1518	3	4	5	2	7
N_LP.1519	4	3	5	2	7
N_LP.152	4	3	2	5	7
N_LP.1520	3	4	5	2	7
N_LP.1521	3	4	4	3	7
N_LP.1523	5	2	6	1	7
N_LP.1524	4	3	6	1	7
N_LP.1525	4	3	0	7	7
N_LP.1526	5	2	0	7	7
N_LP.1527	3	4	1	6	7
N_LP.1528	4	3	2	5	7
N_LP.1529	2	5	5	2	7
N_LP.153	4	3	3	4	7
N_LP.1530	4	3	2	5	7
N_LP.1531	4	3	2	5	7
N_LP.1532	5	2	3	4	7
N_LP.1533	2	5	3	4	7
N_LP.1534	3	4	6	1	7
N_LP.1535	0	7	4	3	7
N_LP.1536	3	4	3	4	7
N_LP.1537	4	3	5	2	7
N_LP.1538	3	4	3	4	7
N_LP.1539	3	4	6	1	7
N_LP.154	1	6	4	3	7
N_LP.1540	3	4	3	4	7
N_LP.1541	2	5	1	6	7
N_LP.1542	3	4	5	2	7
N_LP.1543	2	5	5	2	7
N_LP.1544	2	5	5	2	7
N_LP.1545	5	2	4	3	7
N_LP.1546	3	4	5	2	7
N_LP.1547	5	2	2	5	7
N_LP.1548	3	4	1	6	7
N_LP.1549	3	4	4	3	7
N_LP.155	1	6	4	3	7
N_LP.1550	5	2	2	5	7
N_LP.1551	5	2	6	1	7
N_LP.1552	2	5	2	5	7
N_LP.1553	2	5	4	3	7
N_LP.1554	3	4	4	3	7
N_LP.1555	2	5	4	3	7
N_LP.1556	4	3	3	4	7
N_LP.1557	4	3	5	2	7
N_LP.1558	2	5	5	2	7
N_LP.1559	3	4	3	4	7
N_LP.156	3	4	3	4	7
N_LP.1560	3	4	4	3	7
N_LP.1561	3	4	3	4	7
N_LP.1562	6	1	1	6	7
N_LP.1563	2	5	2	5	7
N_LP.1564	4	3	4	3	7
N_LP.1565	3	4	3	4	7
N_LP.1566	4	3	5	2	7
N_LP.1567	4	3	4	3	7
N_LP.1568	3	4	3	4	7
N_LP.1569	2	5	4	3	7
N_LP.157	4	3	4	3	7
N_LP.1570	1	6	7	0	7
N_LP.1571	2	5	2	5	7
N_LP.1572	1	6	6	1	7
N_LP.1573	3	4	4	3	7
N_LP.1574	3	4	3	4	7
N_LP.1575	4	3	4	3	7
N_LP.1576	4	3	5	2	7
N_LP.1577	5	2	4	3	7
N_LP.1578	4	3	7	0	7
N_LP.1579	3	4	2	5	7
N_LP.158	3	4	4	3	7
N_LP.1580	6	1	4	3	7
N_LP.1581	5	2	6	1	7
N_LP.1582	2	5	3	4	7
N_LP.1583	4	3	4	3	7
N_LP.1584	6	1	3	4	7
N_LP.1585	4	3	4	3	7
N_LP.1586	5	2	4	3	7
N_LP.1587	2	5	6	1	7
N_LP.159	0	7	6	1	7
N_LP.1590	4	3	5	2	7
N_LP.1591	1	6	2	5	7
N_LP.1592	3	4	5	2	7
N_LP.1593	3	4	4	3	7
N_LP.1594	3	4	5	2	7
N_LP.1595	1	6	4	3	7
N_LP.1596	3	4	2	5	7
N_LP.1597	3	4	3	4	7
N_LP.1598	2	5	1	6	7
N_LP.1599	5	2	2	5	7
N_LP.16	2	5	3	4	7
N_LP.160	0	7	5	2	7
N_LP.1600	2	5	3	4	7
N_LP.1601	2	5	4	3	7
N_LP.1602	1	6	3	4	7
N_LP.1603	2	5	5	2	7
N_LP.1604	3	4	4	3	7
N_LP.1605	3	4	5	2	7
N_LP.1606	4	3	5	2	7
N_LP.1607	3	4	6	1	7
N_LP.1608	4	3	2	5	7
N_LP.1609	4	3	4	3	7
N_LP.161	1	6	5	2	7
N_LP.1611	1	6	3	4	7
N_LP.1612	4	3	4	3	7
N_LP.1613	1	6	5	2	7
N_LP.1614	3	4	4	3	7
N_LP.1615	4	3	3	4	7
N_LP.1616	3	4	2	5	7
N_LP.1617	4	3	5	2	7
N_LP.1618	3	4	2	5	7
N_LP.1619	3	4	3	4	7
N_LP.162	2	5	5	2	7
N_LP.1620	3	4	2	5	7
N_LP.1621	1	6	7	0	7
N_LP.1622	2	5	4	3	7
N_LP.1623	3	4	5	2	7
N_LP.1624	3	4	6	1	7
N_LP.1625	3	4	6	1	7
N_LP.1626	3	4	3	4	7
N_LP.1627	4	3	4	3	7
N_LP.1629	3	4	4	3	7
N_LP.163	6	1	0	7	7
N_LP.1630	4	3	4	3	7
N_LP.1631	2	5	6	1	7
N_LP.1632	3	4	6	1	7
N_LP.1633	2	5	3	4	7
N_LP.1634	3	4	1	6	7
N_LP.1635	4	3	4	3	7
N_LP.1636	2	5	5	2	7
N_LP.1637	4	3	4	3	7
N_LP.1638	4	3	2	5	7
N_LP.1639	5	2	2	5	7
N_LP.164	2	5	6	1	7
N_LP.1640	1	6	1	6	7
N_LP.1641	4	3	5	2	7
N_LP.1642	3	4	5	2	7
N_LP.1643	4	3	3	4	7
N_LP.1644	5	2	6	1	7
N_LP.1645	4	3	4	3	7
N_LP.1646	3	4	4	3	7
N_LP.1647	4	3	2	5	7
N_LP.1648	5	2	3	4	7
N_LP.1649	3	4	2	5	7
N_LP.1650	3	4	5	2	7
N_LP.1651	5	2	3	4	7
N_LP.1652	4	3	2	5	7
N_LP.1653	3	4	2	5	7
N_LP.1654	4	3	0	7	7
N_LP.1655	4	3	3	4	7
N_LP.1657	5	2	3	4	7
N_LP.1658	1	6	3	4	7
N_LP.1659	4	3	3	4	7
N_LP.166	3	4	1	6	7
N_LP.1660	3	4	0	7	7
N_LP.1661	5	2	0	7	7
N_LP.1662	3	4	6	1	7
N_LP.1663	3	4	5	2	7
N_LP.1664	1	6	3	4	7
N_LP.1665	3	4	5	2	7
N_LP.1666	4	3	2	5	7
N_LP.1667	5	2	2	5	7
N_LP.1668	2	5	1	6	7
N_LP.1669	2	5	4	3	7
N_LP.1670	4	3	6	1	7
N_LP.1671	4	3	4	3	7
N_LP.1672	5	2	4	3	7
N_LP.1673	1	6	5	2	7
N_LP.1674	5	2	4	3	7
N_LP.1675	2	5	1	6	7
N_LP.1676	3	4	3	4	7
N_LP.1677	3	4	5	2	7
N_LP.1678	2	5	3	4	7
N_LP.1679	4	3	4	3	7
N_LP.168	3	4	7	0	7
N_LP.1680	3	4	6	1	7
N_LP.1681	4	3	4	3	7
N_LP.1682	6	1	5	2	7
N_LP.1683	2	5	4	3	7
N_LP.1684	3	4	4	3	7
N_LP.1685	3	4	6	1	7
N_LP.1686	5	2	4	3	7
N_LP.1687	5	2	4	3	7
N_LP.1688	3	4	4	3	7
N_LP.1689	1	6	7	0	7
N_LP.169	2	5	1	6	7
N_LP.1690	2	5	3	4	7
N_LP.1692	4	3	6	1	7
N_LP.1693	1	6	5	2	7
N_LP.1694	3	4	3	4	7
N_LP.1695	4	3	6	1	7
N_LP.1696	1	6	3	4	7
N_LP.1697	4	3	2	5	7
N_LP.1698	4	3	1	6	7
N_LP.1699	3	4	5	2	7
N_LP.17	4	3	3	4	7
N_LP.170	4	3	6	1	7
N_LP.1700	2	5	2	5	7
N_LP.1701	5	2	4	3	7
N_LP.1702	3	4	5	2	7
N_LP.1703	4	3	6	1	7
N_LP.1704	3	4	3	4	7
N_LP.1705	3	4	5	2	7
N_LP.1706	1	6	4	3	7
N_LP.1707	3	4	4	3	7
N_LP.1708	4	3	0	7	7
N_LP.1709	3	4	6	1	7
N_LP.171	4	3	1	6	7
N_LP.1710	2	5	3	4	7
N_LP.1711	2	5	2	5	7
N_LP.1712	3	4	2	5	7
N_LP.1713	3	4	5	2	7
N_LP.1714	3	4	4	3	7
N_LP.1715	4	3	6	1	7
N_LP.1716	3	4	4	3	7
N_LP.1717	2	5	5	2	7
N_LP.1718	3	4	5	2	7
N_LP.1719	2	5	5	2	7
N_LP.172	3	4	6	1	7
N_LP.1720	4	3	5	2	7
N_LP.1721	4	3	4	3	7
N_LP.1722	3	4	0	7	7
N_LP.1723	3	4	4	3	7
N_LP.1724	2	5	3	4	7
N_LP.1725	2	5	1	6	7
N_LP.1726	4	3	3	4	7
N_LP.1727	7	0	2	5	7
N_LP.1728	3	4	2	5	7
N_LP.1729	4	3	6	1	7
N_LP.173	3	4	3	4	7
N_LP.1730	0	7	4	3	7
N_LP.1731	3	4	4	3	7
N_LP.1733	3	4	5	2	7
N_LP.1734	3	4	0	7	7
N_LP.1735	3	4	4	3	7
N_LP.1736	3	4	4	3	7
N_LP.1737	1	6	2	5	7
N_LP.1738	2	5	7	0	7
N_LP.1739	5	2	2	5	7
N_LP.174	4	3	5	2	7
N_LP.1740	2	5	3	4	7
N_LP.1741	2	5	3	4	7
N_LP.1742	3	4	7	0	7
N_LP.1743	2	5	1	6	7
N_LP.1744	4	3	4	3	7
N_LP.1745	2	5	2	5	7
N_LP.1746	4	3	6	1	7
N_LP.1747	1	6	5	2	7
N_LP.1748	3	4	3	4	7
N_LP.1749	5	2	4	3	7
N_LP.175	4	3	2	5	7
N_LP.1750	5	2	1	6	7
N_LP.1751	0	7	5	2	7
N_LP.1752	2	5	1	6	7
N_LP.1754	5	2	3	4	7
N_LP.1755	6	1	3	4	7
N_LP.1756	2	5	6	1	7
N_LP.1757	3	4	6	1	7
N_LP.1758	3	4	2	5	7
N_LP.1759	3	4	5	2	7
N_LP.176	4	3	2	5	7
N_LP.1760	4	3	6	1	7
N_LP.1761	2	5	5	2	7
N_LP.1762	3	4	5	2	7
N_LP.1763	2	5	4	3	7
N_LP.1764	5	2	5	2	7
N_LP.1765	3	4	5	2	7
N_LP.1766	2	5	5	2	7
N_LP.1767	2	5	7	0	7
N_LP.1768	7	0	5	2	7
N_LP.1769	2	5	5	2	7
N_LP.177	3	4	4	3	7
N_LP.1770	2	5	3	4	7
N_LP.1771	3	4	3	4	7
N_LP.1772	4	3	3	4	7
N_LP.1773	2	5	5	2	7
N_LP.1774	6	1	2	5	7
N_LP.1775	4	3	6	1	7
N_LP.1776	3	4	3	4	7
N_LP.1777	2	5	5	2	7
N_LP.1778	3	4	4	3	7
N_LP.1779	3	4	2	5	7
N_LP.178	2	5	3	4	7
N_LP.1780	2	5	5	2	7
N_LP.1781	3	4	5	2	7
N_LP.1782	2	5	2	5	7
N_LP.1783	5	2	5	2	7
N_LP.1784	2	5	1	6	7
N_LP.1785	3	4	1	6	7
N_LP.1786	5	2	4	3	7
N_LP.1787	3	4	2	5	7
N_LP.1788	3	4	5	2	7
N_LP.1789	2	5	4	3	7
N_LP.179	2	5	7	0	7
N_LP.1790	1	6	4	3	7
N_LP.1791	4	3	6	1	7
N_LP.1792	3	4	6	1	7
N_LP.1793	3	4	6	1	7
N_LP.1795	3	4	3	4	7
N_LP.1796	5	2	4	3	7
N_LP.1797	2	5	7	0	7
N_LP.1798	2	5	6	1	7
N_LP.1799	3	4	2	5	7
N_LP.18	4	3	4	3	7
N_LP.180	1	6	5	2	7
N_LP.1801	3	4	4	3	7
N_LP.1802	5	2	2	5	7
N_LP.1803	1	6	5	2	7
N_LP.1804	3	4	3	4	7
N_LP.1805	5	2	1	6	7
N_LP.1807	5	2	3	4	7
N_LP.1808	6	1	6	1	7
N_LP.1809	3	4	5	2	7
N_LP.181	2	5	7	0	7
N_LP.1810	4	3	5	2	7
N_LP.1811	2	5	4	3	7
N_LP.1812	3	4	5	2	7
N_LP.1813	1	6	3	4	7
N_LP.1814	2	5	5	2	7
N_LP.1815	3	4	6	1	7
N_LP.1817	5	2	0	7	7
N_LP.1819	3	4	4	3	7
N_LP.182	4	3	4	3	7
N_LP.1820	3	4	7	0	7
N_LP.1821	3	4	3	4	7
N_LP.1822	2	5	5	2	7
N_LP.1823	4	3	5	2	7
N_LP.1824	4	3	4	3	7
N_LP.1825	2	5	7	0	7
N_LP.1826	1	6	7	0	7
N_LP.1827	4	3	6	1	7
N_LP.1828	3	4	5	2	7
N_LP.1829	2	5	2	5	7
N_LP.183	4	3	4	3	7
N_LP.1830	3	4	4	3	7
N_LP.1831	3	4	3	4	7
N_LP.1832	5	2	3	4	7
N_LP.1833	4	3	5	2	7
N_LP.1834	2	5	1	6	7
N_LP.1835	3	4	6	1	7
N_LP.1836	2	5	5	2	7
N_LP.1837	0	7	6	1	7
N_LP.1838	3	4	4	3	7
N_LP.1839	4	3	2	5	7
N_LP.184	1	6	4	3	7
N_LP.1840	1	6	4	3	7
N_LP.1841	3	4	2	5	7
N_LP.1842	4	3	5	2	7
N_LP.1843	0	7	4	3	7
N_LP.1844	1	6	4	3	7
N_LP.1845	4	3	4	3	7
N_LP.1846	1	6	5	2	7
N_LP.1847	1	6	6	1	7
N_LP.1848	5	2	3	4	7
N_LP.1849	1	6	2	5	7
N_LP.185	3	4	4	3	7
N_LP.1850	1	6	7	0	7
N_LP.1851	2	5	5	2	7
N_LP.1853	4	3	4	3	7
N_LP.1854	3	4	1	6	7
N_LP.1855	3	4	3	4	7
N_LP.1856	3	4	2	5	7
N_LP.1857	4	3	3	4	7
N_LP.1858	3	4	4	3	7
N_LP.186	3	4	4	3	7
N_LP.1860	1	6	5	2	7
N_LP.1861	4	3	2	5	7
N_LP.1862	3	4	4	3	7
N_LP.1863	3	4	4	3	7
N_LP.1864	4	3	2	5	7
N_LP.1865	4	3	4	3	7
N_LP.1866	4	3	1	6	7
N_LP.1867	1	6	4	3	7
N_LP.1868	1	6	6	1	7
N_LP.1869	4	3	3	4	7
N_LP.187	2	5	5	2	7
N_LP.1870	2	5	5	2	7
N_LP.1871	3	4	3	4	7
N_LP.1872	3	4	5	2	7
N_LP.1873	2	5	4	3	7
N_LP.1874	2	5	5	2	7
N_LP.1875	3	4	2	5	7
N_LP.1876	5	2	2	5	7
N_LP.1877	4	3	4	3	7
N_LP.1878	3	4	5	2	7
N_LP.1879	5	2	1	6	7
N_LP.188	4	3	4	3	7
N_LP.1880	3	4	5	2	7
N_LP.1881	3	4	6	1	7
N_LP.1882	4	3	2	5	7
N_LP.1883	3	4	6	1	7
N_LP.1884	2	5	6	1	7
N_LP.1885	3	4	4	3	7
N_LP.1886	3	4	6	1	7
N_LP.1887	3	4	2	5	7
N_LP.1888	5	2	4	3	7
N_LP.1889	1	6	3	4	7
N_LP.189	2	5	6	1	7
N_LP.1890	4	3	3	4	7
N_LP.1891	3	4	5	2	7
N_LP.1892	3	4	4	3	7
N_LP.1893	1	6	5	2	7
N_LP.1894	4	3	5	2	7
N_LP.1895	5	2	5	2	7
N_LP.1896	4	3	6	1	7
N_LP.1897	3	4	1	6	7
N_LP.1898	3	4	7	0	7
N_LP.1899	3	4	3	4	7
N_LP.19	3	4	2	5	7
N_LP.190	1	6	4	3	7
N_LP.1900	4	3	5	2	7
N_LP.1901	2	5	4	3	7
N_LP.1902	2	5	5	2	7
N_LP.1903	6	1	4	3	7
N_LP.1904	1	6	3	4	7
N_LP.1905	4	3	6	1	7
N_LP.1907	3	4	5	2	7
N_LP.1908	2	5	5	2	7
N_LP.1909	4	3	5	2	7
N_LP.191	2	5	5	2	7
N_LP.1911	4	3	3	4	7
N_LP.1913	0	7	2	5	7
N_LP.1914	3	4	3	4	7
N_LP.1915	1	6	3	4	7
N_LP.1916	2	5	6	1	7
N_LP.1917	4	3	2	5	7
N_LP.1918	5	2	4	3	7
N_LP.1919	2	5	2	5	7
N_LP.192	1	6	4	3	7
N_LP.1920	2	5	3	4	7
N_LP.1921	2	5	7	0	7
N_LP.1922	3	4	5	2	7
N_LP.1923	3	4	3	4	7
N_LP.1924	1	6	3	4	7
N_LP.1925	3	4	4	3	7
N_LP.1926	3	4	6	1	7
N_LP.1927	4	3	4	3	7
N_LP.1928	3	4	4	3	7
N_LP.1929	0	7	4	3	7
N_LP.193	3	4	3	4	7
N_LP.1930	2	5	2	5	7
N_LP.1931	2	5	3	4	7
N_LP.1932	2	5	3	4	7
N_LP.1933	0	7	5	2	7
N_LP.1934	3	4	4	3	7
N_LP.1935	3	4	5	2	7
N_LP.1936	2	5	5	2	7
N_LP.1937	2	5	5	2	7
N_LP.1938	3	4	5	2	7
N_LP.1939	3	4	2	5	7
N_LP.194	4	3	1	6	7
N_LP.1940	3	4	5	2	7
N_LP.1941	3	4	2	5	7
N_LP.1942	3	4	4	3	7
N_LP.1943	6	1	2	5	7
N_LP.1945	4	3	3	4	7
N_LP.1946	3	4	4	3	7
N_LP.1947	3	4	6	1	7
N_LP.1948	5	2	5	2	7
N_LP.1949	5	2	6	1	7
N_LP.195	4	3	2	5	7
N_LP.1951	2	5	5	2	7
N_LP.1952	4	3	5	2	7
N_LP.1953	2	5	2	5	7
N_LP.1954	3	4	7	0	7
N_LP.1955	4	3	4	3	7
N_LP.1956	2	5	2	5	7
N_LP.1957	5	2	3	4	7
N_LP.1958	2	5	4	3	7
N_LP.1959	5	2	4	3	7
N_LP.196	3	4	5	2	7
N_LP.1960	2	5	2	5	7
N_LP.1961	1	6	7	0	7
N_LP.1962	3	4	4	3	7
N_LP.1963	2	5	5	2	7
N_LP.1964	5	2	2	5	7
N_LP.1965	1	6	4	3	7
N_LP.1966	3	4	3	4	7
N_LP.1967	5	2	3	4	7
N_LP.1968	1	6	4	3	7
N_LP.1969	3	4	3	4	7
N_LP.197	4	3	5	2	7
N_LP.1970	3	4	4	3	7
N_LP.1971	4	3	3	4	7
N_LP.1972	4	3	4	3	7
N_LP.1973	2	5	4	3	7
N_LP.1974	5	2	6	1	7
N_LP.1975	4	3	4	3	7
N_LP.1976	5	2	3	4	7
N_LP.1977	3	4	4	3	7
N_LP.1978	4	3	3	4	7
N_LP.1979	4	3	1	6	7
N_LP.198	3	4	3	4	7
N_LP.1980	3	4	1	6	7
N_LP.1981	6	1	6	1	7
N_LP.1982	2	5	2	5	7
N_LP.1983	5	2	2	5	7
N_LP.1984	5	2	4	3	7
N_LP.1985	3	4	3	4	7
N_LP.1986	1	6	5	2	7
N_LP.1987	4	3	4	3	7
N_LP.1988	2	5	3	4	7
N_LP.1989	2	5	5	2	7
N_LP.199	4	3	3	4	7
N_LP.1990	4	3	4	3	7
N_LP.1991	5	2	4	3	7
N_LP.1992	0	7	5	2	7
N_LP.1993	4	3	1	6	7
N_LP.1994	5	2	3	4	7
N_LP.1995	3	4	5	2	7
N_LP.1996	2	5	4	3	7
N_LP.1997	0	7	5	2	7
N_LP.1998	3	4	4	3	7
N_LP.1999	4	3	4	3	7
N_LP.2	1	6	5	2	7
N_LP.20	4	3	0	7	7
N_LP.200	5	2	3	4	7
N_LP.2001	2	5	5	2	7
N_LP.2002	5	2	1	6	7
N_LP.2003	1	6	5	2	7
N_LP.2004	2	5	5	2	7
N_LP.2005	3	4	3	4	7
N_LP.2006	2	5	4	3	7
N_LP.2007	4	3	1	6	7
N_LP.2008	3	4	5	2	7
N_LP.201	3	4	5	2	7
N_LP.2010	2	5	4	3	7
N_LP.2011	4	3	5	2	7
N_LP.2012	2	5	1	6	7
N_LP.2013	3	4	2	5	7
N_LP.2014	4	3	2	5	7
N_LP.2015	1	6	3	4	7
N_LP.2016	3	4	5	2	7
N_LP.2017	5	2	4	3	7
N_LP.2018	2	5	4	3	7
N_LP.2019	5	2	0	7	7
N_LP.202	4	3	2	5	7
N_LP.2020	2	5	3	4	7
N_LP.2021	2	5	4	3	7
N_LP.2023	3	4	2	5	7
N_LP.2024	2	5	3	4	7
N_LP.2025	2	5	6	1	7
N_LP.2026	3	4	7	0	7
N_LP.2027	2	5	2	5	7
N_LP.2028	3	4	1	6	7
N_LP.2029	2	5	5	2	7
N_LP.203	1	6	6	1	7
N_LP.2030	4	3	2	5	7
N_LP.2031	1	6	3	4	7
N_LP.2032	4	3	5	2	7
N_LP.2033	3	4	4	3	7
N_LP.2034	2	5	3	4	7
N_LP.2035	4	3	5	2	7
N_LP.2036	3	4	3	4	7
N_LP.2037	2	5	6	1	7
N_LP.2038	2	5	6	1	7
N_LP.2039	3	4	2	5	7
N_LP.204	4	3	4	3	7
N_LP.2040	4	3	4	3	7
N_LP.2041	2	5	6	1	7
N_LP.2042	5	2	1	6	7
N_LP.2043	4	3	6	1	7
N_LP.2045	3	4	4	3	7
N_LP.2046	2	5	2	5	7
N_LP.2047	2	5	3	4	7
N_LP.2048	4	3	3	4	7
N_LP.2049	1	6	4	3	7
N_LP.205	4	3	3	4	7
N_LP.2051	4	3	3	4	7
N_LP.2052	3	4	4	3	7
N_LP.2053	3	4	3	4	7
N_LP.2054	3	4	6	1	7
N_LP.2055	2	5	6	1	7
N_LP.2056	2	5	3	4	7
N_LP.2057	2	5	4	3	7
N_LP.2058	4	3	3	4	7
N_LP.2059	2	5	3	4	7
N_LP.206	3	4	5	2	7
N_LP.2060	5	2	6	1	7
N_LP.2061	3	4	3	4	7
N_LP.2062	4	3	4	3	7
N_LP.2063	3	4	4	3	7
N_LP.2064	2	5	6	1	7
N_LP.2065	2	5	6	1	7
N_LP.2066	3	4	3	4	7
N_LP.2067	1	6	4	3	7
N_LP.2068	4	3	7	0	7
N_LP.2069	3	4	3	4	7
N_LP.207	3	4	5	2	7
N_LP.2070	3	4	4	3	7
N_LP.2071	4	3	5	2	7
N_LP.2072	1	6	4	3	7
N_LP.2073	4	3	5	2	7
N_LP.2074	2	5	6	1	7
N_LP.2075	4	3	6	1	7
N_LP.2076	0	7	4	3	7
N_LP.2077	3	4	5	2	7
N_LP.2078	4	3	4	3	7
N_LP.2079	3	4	3	4	7
N_LP.208	3	4	4	3	7
N_LP.2080	1	6	5	2	7
N_LP.2081	4	3	4	3	7
N_LP.2082	1	6	4	3	7
N_LP.2083	2	5	2	5	7
N_LP.2084	2	5	3	4	7
N_LP.2085	4	3	6	1	7
N_LP.2086	2	5	3	4	7
N_LP.2087	2	5	3	4	7
N_LP.2088	1	6	3	4	7
N_LP.2089	2	5	5	2	7
N_LP.209	5	2	6	1	7
N_LP.2091	5	2	4	3	7
N_LP.2092	3	4	4	3	7
N_LP.2094	3	4	5	2	7
N_LP.2095	3	4	6	1	7
N_LP.2096	4	3	1	6	7
N_LP.2097	4	3	3	4	7
N_LP.2099	3	4	5	2	7
N_LP.21	6	1	2	5	7
N_LP.210	2	5	7	0	7
N_LP.2100	2	5	6	1	7
N_LP.2101	3	4	4	3	7
N_LP.2102	5	2	4	3	7
N_LP.2103	4	3	4	3	7
N_LP.2104	3	4	5	2	7
N_LP.2105	4	3	2	5	7
N_LP.2106	3	4	6	1	7
N_LP.2107	3	4	3	4	7
N_LP.2108	2	5	5	2	7
N_LP.2109	2	5	4	3	7
N_LP.211	3	4	2	5	7
N_LP.2110	5	2	1	6	7
N_LP.2111	4	3	4	3	7
N_LP.2112	4	3	4	3	7
N_LP.2113	2	5	4	3	7
N_LP.2114	5	2	1	6	7
N_LP.2115	3	4	4	3	7
N_LP.2116	0	7	5	2	7
N_LP.2117	2	5	4	3	7
N_LP.2118	1	6	4	3	7
N_LP.2119	3	4	5	2	7
N_LP.212	2	5	5	2	7
N_LP.2120	3	4	6	1	7
N_LP.2121	1	6	1	6	7
N_LP.2122	3	4	3	4	7
N_LP.2124	2	5	5	2	7
N_LP.2125	3	4	4	3	7
N_LP.2126	5	2	5	2	7
N_LP.2127	3	4	3	4	7
N_LP.2128	4	3	6	1	7
N_LP.2129	3	4	4	3	7
N_LP.213	5	2	4	3	7
N_LP.2131	4	3	3	4	7
N_LP.2132	3	4	5	2	7
N_LP.2133	3	4	4	3	7
N_LP.2134	3	4	4	3	7
N_LP.2135	5	2	4	3	7
N_LP.2137	3	4	3	4	7
N_LP.2138	2	5	5	2	7
N_LP.2139	4	3	1	6	7
N_LP.214	5	2	2	5	7
N_LP.2140	3	4	4	3	7
N_LP.2142	4	3	5	2	7
N_LP.2143	2	5	4	3	7
N_LP.2144	3	4	3	4	7
N_LP.2145	4	3	5	2	7
N_LP.2146	6	1	4	3	7
N_LP.2147	2	5	4	3	7
N_LP.2148	4	3	5	2	7
N_LP.2149	2	5	6	1	7
N_LP.215	2	5	3	4	7
N_LP.2150	4	3	4	3	7
N_LP.2151	2	5	3	4	7
N_LP.2152	3	4	4	3	7
N_LP.2153	4	3	4	3	7
N_LP.2154	2	5	4	3	7
N_LP.2155	3	4	6	1	7
N_LP.2156	4	3	6	1	7
N_LP.2157	4	3	0	7	7
N_LP.2158	3	4	5	2	7
N_LP.2159	4	3	1	6	7
N_LP.2160	5	2	4	3	7
N_LP.2161	3	4	4	3	7
N_LP.2162	3	4	1	6	7
N_LP.2163	3	4	3	4	7
N_LP.2164	4	3	3	4	7
N_LP.2165	2	5	4	3	7
N_LP.2166	4	3	4	3	7
N_LP.2167	2	5	4	3	7
N_LP.2168	4	3	5	2	7
N_LP.2169	3	4	7	0	7
N_LP.217	0	7	4	3	7
N_LP.2170	4	3	6	1	7
N_LP.2171	2	5	4	3	7
N_LP.2172	2	5	6	1	7
N_LP.2173	3	4	5	2	7
N_LP.2174	1	6	6	1	7
N_LP.2175	2	5	5	2	7
N_LP.2176	1	6	6	1	7
N_LP.2177	4	3	4	3	7
N_LP.2178	2	5	5	2	7
N_LP.2179	4	3	5	2	7
N_LP.218	3	4	6	1	7
N_LP.2180	4	3	4	3	7
N_LP.2181	2	5	2	5	7
N_LP.2182	2	5	5	2	7
N_LP.2183	3	4	1	6	7
N_LP.2184	4	3	2	5	7
N_LP.2185	2	5	5	2	7
N_LP.2186	5	2	3	4	7
N_LP.2187	2	5	4	3	7
N_LP.2188	3	4	4	3	7
N_LP.2189	4	3	2	5	7
N_LP.219	1	6	6	1	7
N_LP.2190	2	5	4	3	7
N_LP.2192	3	4	1	6	7
N_LP.2193	2	5	6	1	7
N_LP.2194	5	2	4	3	7
N_LP.2195	4	3	3	4	7
N_LP.2196	5	2	1	6	7
N_LP.2197	3	4	6	1	7
N_LP.2198	1	6	2	5	7
N_LP.2199	4	3	3	4	7
N_LP.22	4	3	4	3	7
N_LP.220	2	5	4	3	7
N_LP.2200	3	4	3	4	7
N_LP.2201	3	4	5	2	7
N_LP.2202	2	5	5	2	7
N_LP.2203	1	6	6	1	7
N_LP.2204	4	3	5	2	7
N_LP.2205	1	6	3	4	7
N_LP.2206	3	4	3	4	7
N_LP.2207	3	4	6	1	7
N_LP.2208	3	4	6	1	7
N_LP.2209	3	4	4	3	7
N_LP.221	5	2	6	1	7
N_LP.2210	1	6	5	2	7
N_LP.2211	1	6	5	2	7
N_LP.2212	0	7	6	1	7
N_LP.2213	4	3	5	2	7
N_LP.2214	2	5	6	1	7
N_LP.2215	4	3	5	2	7
N_LP.2216	3	4	3	4	7
N_LP.2217	2	5	3	4	7
N_LP.2218	3	4	4	3	7
N_LP.2219	3	4	3	4	7
N_LP.222	2	5	5	2	7
N_LP.2220	3	4	6	1	7
N_LP.2221	0	7	5	2	7
N_LP.2222	2	5	3	4	7
N_LP.2223	3	4	5	2	7
N_LP.2224	2	5	5	2	7
N_LP.2225	1	6	3	4	7
N_LP.2226	1	6	5	2	7
N_LP.2227	5	2	4	3	7
N_LP.2228	2	5	4	3	7
N_LP.2229	3	4	4	3	7
N_LP.223	4	3	4	3	7
N_LP.2230	4	3	5	2	7
N_LP.2231	2	5	3	4	7
N_LP.2232	3	4	2	5	7
N_LP.2233	4	3	2	5	7
N_LP.2234	5	2	2	5	7
N_LP.2235	3	4	1	6	7
N_LP.2236	3	4	4	3	7
N_LP.2237	2	5	4	3	7
N_LP.2238	4	3	4	3	7
N_LP.224	3	4	4	3	7
N_LP.2240	0	7	5	2	7
N_LP.2241	3	4	3	4	7
N_LP.2242	3	4	4	3	7
N_LP.2243	2	5	6	1	7
N_LP.2244	1	6	4	3	7
N_LP.2245	2	5	5	2	7
N_LP.2246	5	2	4	3	7
N_LP.2247	4	3	7	0	7
N_LP.2248	1	6	4	3	7
N_LP.2249	4	3	1	6	7
N_LP.225	4	3	2	5	7
N_LP.2250	3	4	6	1	7
N_LP.2251	6	1	4	3	7
N_LP.2252	2	5	3	4	7
N_LP.2253	2	5	4	3	7
N_LP.2254	4	3	4	3	7
N_LP.2255	3	4	6	1	7
N_LP.2256	2	5	2	5	7
N_LP.2257	3	4	4	3	7
N_LP.2258	4	3	5	2	7
N_LP.2259	2	5	7	0	7
N_LP.226	0	7	6	1	7
N_LP.2260	2	5	4	3	7
N_LP.2261	4	3	5	2	7
N_LP.2262	4	3	5	2	7
N_LP.2263	1	6	4	3	7
N_LP.2264	5	2	2	5	7
N_LP.2265	4	3	0	7	7
N_LP.2266	5	2	6	1	7
N_LP.2267	3	4	5	2	7
N_LP.2268	3	4	5	2	7
N_LP.2269	1	6	4	3	7
N_LP.227	3	4	2	5	7
N_LP.2270	2	5	0	7	7
N_LP.2271	2	5	5	2	7
N_LP.2272	3	4	4	3	7
N_LP.2273	1	6	4	3	7
N_LP.2274	3	4	4	3	7
N_LP.2275	3	4	3	4	7
N_LP.2276	1	6	3	4	7
N_LP.2277	2	5	5	2	7
N_LP.2278	4	3	2	5	7
N_LP.2279	3	4	1	6	7
N_LP.228	1	6	6	1	7
N_LP.2280	3	4	3	4	7
N_LP.2281	3	4	2	5	7
N_LP.2282	5	2	5	2	7
N_LP.2283	4	3	6	1	7
N_LP.2284	2	5	6	1	7
N_LP.2285	3	4	3	4	7
N_LP.2286	1	6	2	5	7
N_LP.2287	4	3	3	4	7
N_LP.2288	3	4	5	2	7
N_LP.2289	3	4	4	3	7
N_LP.229	2	5	5	2	7
N_LP.2290	7	0	5	2	7
N_LP.2291	5	2	4	3	7
N_LP.2292	2	5	3	4	7
N_LP.2293	2	5	4	3	7
N_LP.2294	4	3	4	3	7
N_LP.2295	2	5	3	4	7
N_LP.2297	4	3	5	2	7
N_LP.2298	2	5	3	4	7
N_LP.2299	2	5	5	2	7
N_LP.23	3	4	4	3	7
N_LP.230	2	5	7	0	7
N_LP.2300	2	5	5	2	7
N_LP.2301	2	5	3	4	7
N_LP.2302	1	6	5	2	7
N_LP.2303	1	6	1	6	7
N_LP.2304	4	3	6	1	7
N_LP.2305	3	4	2	5	7
N_LP.2306	2	5	3	4	7
N_LP.2307	3	4	0	7	7
N_LP.2308	3	4	4	3	7
N_LP.2309	2	5	5	2	7
N_LP.231	3	4	5	2	7
N_LP.2311	6	1	7	0	7
N_LP.2312	5	2	3	4	7
N_LP.2313	2	5	6	1	7
N_LP.2314	5	2	2	5	7
N_LP.2315	2	5	4	3	7
N_LP.2316	2	5	5	2	7
N_LP.2317	1	6	4	3	7
N_LP.2318	4	3	4	3	7
N_LP.2319	1	6	3	4	7
N_LP.232	2	5	6	1	7
N_LP.2320	4	3	1	6	7
N_LP.2321	5	2	1	6	7
N_LP.2322	5	2	2	5	7
N_LP.2323	4	3	1	6	7
N_LP.2324	2	5	1	6	7
N_LP.2325	2	5	4	3	7
N_LP.2326	3	4	1	6	7
N_LP.2328	3	4	4	3	7
N_LP.2329	2	5	3	4	7
N_LP.233	2	5	4	3	7
N_LP.2330	3	4	4	3	7
N_LP.2331	3	4	2	5	7
N_LP.2332	2	5	3	4	7
N_LP.2333	2	5	1	6	7
N_LP.2334	3	4	4	3	7
N_LP.2335	3	4	3	4	7
N_LP.2336	3	4	5	2	7
N_LP.2337	2	5	5	2	7
N_LP.2338	3	4	5	2	7
N_LP.2339	4	3	3	4	7
N_LP.234	3	4	3	4	7
N_LP.2340	3	4	2	5	7
N_LP.2341	1	6	4	3	7
N_LP.2342	4	3	3	4	7
N_LP.2343	5	2	3	4	7
N_LP.2344	0	7	5	2	7
N_LP.2345	3	4	2	5	7
N_LP.2346	0	7	6	1	7
N_LP.2347	4	3	6	1	7
N_LP.2348	2	5	5	2	7
N_LP.2349	2	5	6	1	7
N_LP.235	1	6	7	0	7
N_LP.2350	3	4	4	3	7
N_LP.2351	2	5	3	4	7
N_LP.2352	5	2	5	2	7
N_LP.2353	3	4	5	2	7
N_LP.2354	1	6	2	5	7
N_LP.2355	5	2	3	4	7
N_LP.2356	1	6	3	4	7
N_LP.2357	2	5	2	5	7
N_LP.2358	3	4	6	1	7
N_LP.2359	2	5	2	5	7
N_LP.236	4	3	2	5	7
N_LP.2360	1	6	2	5	7
N_LP.2361	1	6	4	3	7
N_LP.2362	2	5	3	4	7
N_LP.2363	2	5	3	4	7
N_LP.2364	4	3	4	3	7
N_LP.2367	3	4	4	3	7
N_LP.2368	4	3	4	3	7
N_LP.237	4	3	5	2	7
N_LP.2370	4	3	4	3	7
N_LP.2371	5	2	4	3	7
N_LP.2372	4	3	1	6	7
N_LP.2373	2	5	6	1	7
N_LP.2375	4	3	5	2	7
N_LP.2376	4	3	4	3	7
N_LP.2377	5	2	5	2	7
N_LP.2378	1	6	7	0	7
N_LP.2379	3	4	2	5	7
N_LP.238	2	5	5	2	7
N_LP.2380	2	5	3	4	7
N_LP.2381	3	4	2	5	7
N_LP.2384	4	3	3	4	7
N_LP.2385	3	4	4	3	7
N_LP.2386	4	3	6	1	7
N_LP.2387	4	3	7	0	7
N_LP.2388	4	3	5	2	7
N_LP.2389	3	4	4	3	7
N_LP.239	4	3	4	3	7
N_LP.2391	3	4	7	0	7
N_LP.2392	3	4	5	2	7
N_LP.2393	3	4	6	1	7
N_LP.2394	3	4	4	3	7
N_LP.2395	2	5	7	0	7
N_LP.2396	3	4	3	4	7
N_LP.2398	2	5	5	2	7
N_LP.2399	2	5	2	5	7
N_LP.24	5	2	2	5	7
N_LP.240	3	4	5	2	7
N_LP.2400	3	4	4	3	7
N_LP.2402	5	2	3	4	7
N_LP.2405	1	6	3	4	7
N_LP.2407	3	4	5	2	7
N_LP.241	3	4	2	5	7
N_LP.242	1	6	7	0	7
N_LP.243	0	7	4	3	7
N_LP.244	3	4	4	3	7
N_LP.246	4	3	5	2	7
N_LP.247	3	4	4	3	7
N_LP.248	2	5	6	1	7
N_LP.249	3	4	4	3	7
N_LP.25	4	3	1	6	7
N_LP.250	3	4	3	4	7
N_LP.251	3	4	3	4	7
N_LP.252	2	5	2	5	7
N_LP.253	3	4	6	1	7
N_LP.254	4	3	4	3	7
N_LP.255	5	2	6	1	7
N_LP.256	5	2	1	6	7
N_LP.257	2	5	2	5	7
N_LP.258	2	5	3	4	7
N_LP.259	4	3	6	1	7
N_LP.26	5	2	5	2	7
N_LP.260	2	5	3	4	7
N_LP.262	3	4	4	3	7
N_LP.263	4	3	5	2	7
N_LP.264	5	2	4	3	7
N_LP.265	4	3	3	4	7
N_LP.266	3	4	3	4	7
N_LP.268	4	3	4	3	7
N_LP.269	2	5	6	1	7
N_LP.27	2	5	3	4	7
N_LP.270	4	3	3	4	7
N_LP.271	3	4	6	1	7
N_LP.272	2	5	5	2	7
N_LP.273	3	4	4	3	7
N_LP.274	1	6	3	4	7
N_LP.275	3	4	3	4	7
N_LP.276	6	1	1	6	7
N_LP.277	4	3	3	4	7
N_LP.278	3	4	4	3	7
N_LP.279	0	7	7	0	7
N_LP.28	2	5	6	1	7
N_LP.280	4	3	3	4	7
N_LP.281	3	4	5	2	7
N_LP.282	4	3	3	4	7
N_LP.283	3	4	5	2	7
N_LP.284	6	1	5	2	7
N_LP.285	2	5	5	2	7
N_LP.286	5	2	6	1	7
N_LP.287	3	4	7	0	7
N_LP.288	3	4	3	4	7
N_LP.29	3	4	4	3	7
N_LP.290	4	3	4	3	7
N_LP.291	3	4	4	3	7
N_LP.293	3	4	1	6	7
N_LP.294	4	3	6	1	7
N_LP.295	2	5	4	3	7
N_LP.296	2	5	4	3	7
N_LP.298	1	6	2	5	7
N_LP.299	1	6	5	2	7
N_LP.3	1	6	4	3	7
N_LP.30	3	4	3	4	7
N_LP.300	5	2	5	2	7
N_LP.302	4	3	3	4	7
N_LP.303	3	4	2	5	7
N_LP.304	3	4	4	3	7
N_LP.305	6	1	3	4	7
N_LP.306	4	3	3	4	7
N_LP.307	3	4	7	0	7
N_LP.308	4	3	4	3	7
N_LP.309	1	6	5	2	7
N_LP.31	1	6	5	2	7
N_LP.311	2	5	4	3	7
N_LP.312	3	4	7	0	7
N_LP.313	4	3	3	4	7
N_LP.315	3	4	1	6	7
N_LP.317	2	5	4	3	7
N_LP.318	4	3	1	6	7
N_LP.319	6	1	5	2	7
N_LP.32	5	2	3	4	7
N_LP.320	4	3	2	5	7
N_LP.321	5	2	5	2	7
N_LP.322	4	3	3	4	7
N_LP.324	3	4	5	2	7
N_LP.325	3	4	3	4	7
N_LP.326	2	5	6	1	7
N_LP.327	2	5	4	3	7
N_LP.328	2	5	6	1	7
N_LP.329	2	5	5	2	7
N_LP.33	4	3	1	6	7
N_LP.330	3	4	3	4	7
N_LP.331	7	0	4	3	7
N_LP.332	4	3	1	6	7
N_LP.334	0	7	7	0	7
N_LP.335	4	3	5	2	7
N_LP.336	2	5	6	1	7
N_LP.337	1	6	5	2	7
N_LP.338	2	5	3	4	7
N_LP.339	3	4	3	4	7
N_LP.34	3	4	5	2	7
N_LP.340	3	4	5	2	7
N_LP.341	3	4	3	4	7
N_LP.342	3	4	6	1	7
N_LP.343	3	4	6	1	7
N_LP.344	3	4	5	2	7
N_LP.345	4	3	7	0	7
N_LP.347	2	5	2	5	7
N_LP.348	7	0	2	5	7
N_LP.349	4	3	6	1	7
N_LP.35	2	5	4	3	7
N_LP.350	5	2	2	5	7
N_LP.351	0	7	7	0	7
N_LP.352	3	4	2	5	7
N_LP.353	5	2	3	4	7
N_LP.354	3	4	3	4	7
N_LP.355	4	3	1	6	7
N_LP.356	5	2	5	2	7
N_LP.357	3	4	3	4	7
N_LP.358	6	1	4	3	7
N_LP.359	3	4	4	3	7
N_LP.36	3	4	3	4	7
N_LP.360	0	7	3	4	7
N_LP.361	4	3	4	3	7
N_LP.362	2	5	6	1	7
N_LP.364	4	3	6	1	7
N_LP.365	1	6	6	1	7
N_LP.366	1	6	6	1	7
N_LP.367	5	2	1	6	7
N_LP.368	4	3	3	4	7
N_LP.369	2	5	6	1	7
N_LP.37	3	4	6	1	7
N_LP.370	4	3	5	2	7
N_LP.371	3	4	2	5	7
N_LP.372	2	5	2	5	7
N_LP.373	3	4	3	4	7
N_LP.374	3	4	6	1	7
N_LP.375	5	2	6	1	7
N_LP.376	4	3	5	2	7
N_LP.377	3	4	7	0	7
N_LP.378	2	5	2	5	7
N_LP.379	2	5	4	3	7
N_LP.38	3	4	2	5	7
N_LP.380	3	4	0	7	7
N_LP.381	3	4	5	2	7
N_LP.382	3	4	2	5	7
N_LP.383	2	5	4	3	7
N_LP.384	3	4	3	4	7
N_LP.385	5	2	2	5	7
N_LP.386	3	4	5	2	7
N_LP.387	4	3	6	1	7
N_LP.388	3	4	3	4	7
N_LP.389	4	3	4	3	7
N_LP.39	2	5	2	5	7
N_LP.390	2	5	6	1	7
N_LP.391	5	2	4	3	7
N_LP.392	4	3	6	1	7
N_LP.393	5	2	6	1	7
N_LP.394	5	2	5	2	7
N_LP.395	1	6	5	2	7
N_LP.396	3	4	4	3	7
N_LP.397	4	3	5	2	7
N_LP.398	4	3	3	4	7
N_LP.399	1	6	2	5	7
N_LP.4	3	4	4	3	7
N_LP.40	4	3	5	2	7
N_LP.400	4	3	2	5	7
N_LP.402	3	4	3	4	7
N_LP.404	2	5	6	1	7
N_LP.405	4	3	4	3	7
N_LP.406	4	3	6	1	7
N_LP.407	3	4	4	3	7
N_LP.408	4	3	4	3	7
N_LP.409	3	4	4	3	7
N_LP.41	1	6	7	0	7
N_LP.410	3	4	6	1	7
N_LP.411	2	5	6	1	7
N_LP.412	1	6	4	3	7
N_LP.414	3	4	4	3	7
N_LP.415	2	5	5	2	7
N_LP.416	3	4	4	3	7
N_LP.417	3	4	4	3	7
N_LP.418	1	6	5	2	7
N_LP.419	5	2	2	5	7
N_LP.42	3	4	4	3	7
N_LP.420	5	2	2	5	7
N_LP.421	2	5	7	0	7
N_LP.422	3	4	6	1	7
N_LP.423	3	4	4	3	7
N_LP.426	2	5	2	5	7
N_LP.427	3	4	1	6	7
N_LP.428	3	4	4	3	7
N_LP.429	3	4	4	3	7
N_LP.43	3	4	5	2	7
N_LP.430	5	2	1	6	7
N_LP.431	2	5	5	2	7
N_LP.432	2	5	5	2	7
N_LP.433	0	7	3	4	7
N_LP.434	1	6	4	3	7
N_LP.435	3	4	6	1	7
N_LP.436	3	4	4	3	7
N_LP.437	3	4	4	3	7
N_LP.438	2	5	6	1	7
N_LP.439	2	5	6	1	7
N_LP.44	3	4	1	6	7
N_LP.440	3	4	4	3	7
N_LP.441	2	5	5	2	7
N_LP.442	4	3	4	3	7
N_LP.443	1	6	5	2	7
N_LP.444	3	4	4	3	7
N_LP.445	1	6	5	2	7
N_LP.446	3	4	5	2	7
N_LP.447	2	5	6	1	7
N_LP.448	4	3	3	4	7
N_LP.45	4	3	3	4	7
N_LP.450	3	4	4	3	7
N_LP.452	4	3	7	0	7
N_LP.454	4	3	5	2	7
N_LP.455	4	3	6	1	7
N_LP.456	5	2	5	2	7
N_LP.457	3	4	6	1	7
N_LP.458	3	4	4	3	7
N_LP.459	3	4	4	3	7
N_LP.46	1	6	5	2	7
N_LP.461	4	3	6	1	7
N_LP.463	3	4	1	6	7
N_LP.464	1	6	6	1	7
N_LP.465	4	3	4	3	7
N_LP.466	4	3	3	4	7
N_LP.467	2	5	3	4	7
N_LP.468	4	3	3	4	7
N_LP.469	4	3	6	1	7
N_LP.47	3	4	3	4	7
N_LP.470	4	3	5	2	7
N_LP.471	6	1	4	3	7
N_LP.472	4	3	4	3	7
N_LP.473	4	3	2	5	7
N_LP.474	2	5	6	1	7
N_LP.476	1	6	3	4	7
N_LP.477	3	4	1	6	7
N_LP.479	3	4	3	4	7
N_LP.48	3	4	5	2	7
N_LP.480	2	5	1	6	7
N_LP.482	4	3	7	0	7
N_LP.483	5	2	3	4	7
N_LP.485	4	3	4	3	7
N_LP.486	4	3	6	1	7
N_LP.487	0	7	4	3	7
N_LP.488	3	4	0	7	7
N_LP.489	2	5	6	1	7
N_LP.49	4	3	7	0	7
N_LP.490	1	6	4	3	7
N_LP.491	2	5	5	2	7
N_LP.492	2	5	6	1	7
N_LP.493	4	3	2	5	7
N_LP.494	5	2	5	2	7
N_LP.495	4	3	3	4	7
N_LP.496	5	2	5	2	7
N_LP.497	4	3	6	1	7
N_LP.498	2	5	4	3	7
N_LP.499	2	5	6	1	7
N_LP.5	2	5	5	2	7
N_LP.50	4	3	5	2	7
N_LP.500	1	6	7	0	7
N_LP.501	2	5	4	3	7
N_LP.502	4	3	1	6	7
N_LP.503	3	4	4	3	7
N_LP.504	3	4	4	3	7
N_LP.505	5	2	2	5	7
N_LP.506	3	4	6	1	7
N_LP.507	1	6	4	3	7
N_LP.508	3	4	1	6	7
N_LP.509	2	5	4	3	7
N_LP.51	5	2	1	6	7
N_LP.510	4	3	5	2	7
N_LP.511	3	4	4	3	7
N_LP.512	2	5	5	2	7
N_LP.513	2	5	5	2	7
N_LP.514	3	4	4	3	7
N_LP.515	3	4	5	2	7
N_LP.516	4	3	2	5	7
N_LP.517	4	3	4	3	7
N_LP.518	4	3	5	2	7
N_LP.519	4	3	2	5	7
N_LP.52	2	5	6	1	7
N_LP.520	4	3	5	2	7
N_LP.521	3	4	6	1	7
N_LP.522	2	5	4	3	7
N_LP.523	3	4	4	3	7
N_LP.524	4	3	6	1	7
N_LP.525	4	3	5	2	7
N_LP.526	5	2	5	2	7
N_LP.527	3	4	6	1	7
N_LP.528	4	3	4	3	7
N_LP.529	2	5	2	5	7
N_LP.53	3	4	2	5	7
N_LP.530	2	5	5	2	7
N_LP.531	3	4	5	2	7
N_LP.533	3	4	6	1	7
N_LP.534	5	2	4	3	7
N_LP.535	2	5	6	1	7
N_LP.536	4	3	5	2	7
N_LP.537	4	3	3	4	7
N_LP.539	2	5	6	1	7
N_LP.54	2	5	4	3	7
N_LP.540	4	3	1	6	7
N_LP.542	3	4	3	4	7
N_LP.543	2	5	4	3	7
N_LP.544	3	4	7	0	7
N_LP.545	3	4	3	4	7
N_LP.546	4	3	2	5	7
N_LP.547	2	5	3	4	7
N_LP.548	2	5	2	5	7
N_LP.549	4	3	2	5	7
N_LP.55	4	3	4	3	7
N_LP.550	5	2	2	5	7
N_LP.551	5	2	4	3	7
N_LP.552	4	3	4	3	7
N_LP.553	3	4	7	0	7
N_LP.554	3	4	2	5	7
N_LP.555	4	3	5	2	7
N_LP.556	4	3	4	3	7
N_LP.558	3	4	2	5	7
N_LP.559	6	1	5	2	7
N_LP.56	2	5	3	4	7
N_LP.560	0	7	6	1	7
N_LP.561	1	6	5	2	7
N_LP.562	4	3	1	6	7
N_LP.565	4	3	6	1	7
N_LP.566	5	2	5	2	7
N_LP.567	3	4	5	2	7
N_LP.568	4	3	6	1	7
N_LP.57	7	0	2	5	7
N_LP.570	3	4	7	0	7
N_LP.571	4	3	4	3	7
N_LP.572	3	4	3	4	7
N_LP.573	5	2	4	3	7
N_LP.574	2	5	3	4	7
N_LP.576	2	5	5	2	7
N_LP.577	3	4	6	1	7
N_LP.578	2	5	4	3	7
N_LP.579	4	3	2	5	7
N_LP.58	1	6	4	3	7
N_LP.580	4	3	3	4	7
N_LP.581	3	4	4	3	7
N_LP.582	1	6	5	2	7
N_LP.583	4	3	4	3	7
N_LP.584	3	4	5	2	7
N_LP.585	1	6	6	1	7
N_LP.586	3	4	3	4	7
N_LP.587	2	5	6	1	7
N_LP.588	0	7	5	2	7
N_LP.59	2	5	6	1	7
N_LP.590	4	3	4	3	7
N_LP.591	4	3	2	5	7
N_LP.592	2	5	4	3	7
N_LP.593	2	5	7	0	7
N_LP.594	4	3	3	4	7
N_LP.595	2	5	6	1	7
N_LP.596	2	5	6	1	7
N_LP.597	5	2	4	3	7
N_LP.598	4	3	2	5	7
N_LP.599	3	4	0	7	7
N_LP.6	2	5	4	3	7
N_LP.600	2	5	3	4	7
N_LP.601	5	2	5	2	7
N_LP.602	3	4	4	3	7
N_LP.603	3	4	4	3	7
N_LP.604	4	3	1	6	7
N_LP.605	3	4	3	4	7
N_LP.606	2	5	7	0	7
N_LP.607	4	3	5	2	7
N_LP.608	3	4	7	0	7
N_LP.609	2	5	5	2	7
N_LP.61	3	4	4	3	7
N_LP.610	4	3	2	5	7
N_LP.611	3	4	6	1	7
N_LP.612	4	3	5	2	7
N_LP.613	1	6	4	3	7
N_LP.614	4	3	2	5	7
N_LP.615	4	3	4	3	7
N_LP.616	1	6	5	2	7
N_LP.617	2	5	5	2	7
N_LP.619	1	6	4	3	7
N_LP.62	1	6	5	2	7
N_LP.620	3	4	3	4	7
N_LP.621	1	6	6	1	7
N_LP.622	4	3	4	3	7
N_LP.623	4	3	5	2	7
N_LP.624	3	4	5	2	7
N_LP.625	2	5	2	5	7
N_LP.626	2	5	6	1	7
N_LP.627	3	4	5	2	7
N_LP.628	5	2	0	7	7
N_LP.63	2	5	7	0	7
N_LP.630	2	5	7	0	7
N_LP.631	3	4	6	1	7
N_LP.632	3	4	3	4	7
N_LP.633	2	5	6	1	7
N_LP.634	3	4	3	4	7
N_LP.636	2	5	5	2	7
N_LP.638	4	3	5	2	7
N_LP.639	6	1	4	3	7
N_LP.64	5	2	5	2	7
N_LP.640	2	5	4	3	7
N_LP.641	3	4	5	2	7
N_LP.642	5	2	5	2	7
N_LP.643	1	6	7	0	7
N_LP.646	3	4	6	1	7
N_LP.647	4	3	2	5	7
N_LP.648	4	3	6	1	7
N_LP.649	1	6	5	2	7
N_LP.65	5	2	4	3	7
N_LP.650	1	6	5	2	7
N_LP.651	6	1	4	3	7
N_LP.652	3	4	4	3	7
N_LP.653	3	4	6	1	7
N_LP.654	2	5	1	6	7
N_LP.655	4	3	4	3	7
N_LP.656	2	5	6	1	7
N_LP.657	1	6	4	3	7
N_LP.658	3	4	6	1	7
N_LP.66	2	5	1	6	7
N_LP.660	4	3	4	3	7
N_LP.661	1	6	5	2	7
N_LP.662	3	4	2	5	7
N_LP.663	2	5	2	5	7
N_LP.664	6	1	1	6	7
N_LP.665	3	4	2	5	7
N_LP.666	3	4	3	4	7
N_LP.667	4	3	3	4	7
N_LP.668	3	4	6	1	7
N_LP.669	2	5	7	0	7
N_LP.67	3	4	4	3	7
N_LP.670	4	3	5	2	7
N_LP.671	4	3	7	0	7
N_LP.672	2	5	3	4	7
N_LP.673	1	6	2	5	7
N_LP.674	4	3	3	4	7
N_LP.675	3	4	4	3	7
N_LP.676	4	3	4	3	7
N_LP.677	5	2	2	5	7
N_LP.678	2	5	5	2	7
N_LP.679	0	7	5	2	7
N_LP.68	4	3	1	6	7
N_LP.681	4	3	3	4	7
N_LP.682	3	4	3	4	7
N_LP.683	3	4	1	6	7
N_LP.685	3	4	6	1	7
N_LP.686	3	4	6	1	7
N_LP.687	4	3	2	5	7
N_LP.688	6	1	6	1	7
N_LP.689	4	3	5	2	7
N_LP.69	2	5	5	2	7
N_LP.690	3	4	5	2	7
N_LP.691	2	5	2	5	7
N_LP.693	5	2	2	5	7
N_LP.694	1	6	5	2	7
N_LP.695	5	2	4	3	7
N_LP.696	4	3	4	3	7
N_LP.697	2	5	4	3	7
N_LP.698	4	3	5	2	7
N_LP.699	2	5	6	1	7
N_LP.7	3	4	3	4	7
N_LP.70	1	6	1	6	7
N_LP.700	3	4	4	3	7
N_LP.701	4	3	4	3	7
N_LP.703	1	6	3	4	7
N_LP.704	2	5	3	4	7
N_LP.705	4	3	5	2	7
N_LP.707	2	5	5	2	7
N_LP.709	3	4	2	5	7
N_LP.71	4	3	2	5	7
N_LP.710	3	4	4	3	7
N_LP.711	3	4	5	2	7
N_LP.712	3	4	5	2	7
N_LP.713	2	5	3	4	7
N_LP.714	1	6	5	2	7
N_LP.715	3	4	4	3	7
N_LP.716	3	4	0	7	7
N_LP.717	3	4	6	1	7
N_LP.718	3	4	6	1	7
N_LP.719	3	4	4	3	7
N_LP.72	5	2	3	4	7
N_LP.721	1	6	5	2	7
N_LP.722	3	4	6	1	7
N_LP.723	2	5	5	2	7
N_LP.724	1	6	6	1	7
N_LP.725	3	4	5	2	7
N_LP.726	2	5	6	1	7
N_LP.727	4	3	5	2	7
N_LP.728	3	4	3	4	7
N_LP.729	4	3	4	3	7
N_LP.73	1	6	7	0	7
N_LP.730	2	5	2	5	7
N_LP.731	5	2	6	1	7
N_LP.732	2	5	5	2	7
N_LP.733	6	1	4	3	7
N_LP.735	3	4	5	2	7
N_LP.736	3	4	4	3	7
N_LP.737	2	5	4	3	7
N_LP.739	4	3	3	4	7
N_LP.74	2	5	3	4	7
N_LP.741	2	5	6	1	7
N_LP.742	4	3	3	4	7
N_LP.743	4	3	2	5	7
N_LP.744	4	3	3	4	7
N_LP.745	2	5	5	2	7
N_LP.746	2	5	7	0	7
N_LP.747	3	4	6	1	7
N_LP.748	6	1	4	3	7
N_LP.749	3	4	5	2	7
N_LP.75	2	5	6	1	7
N_LP.750	3	4	6	1	7
N_LP.751	5	2	3	4	7
N_LP.752	6	1	2	5	7
N_LP.753	1	6	6	1	7
N_LP.754	5	2	2	5	7
N_LP.755	4	3	4	3	7
N_LP.756	1	6	6	1	7
N_LP.757	4	3	5	2	7
N_LP.758	2	5	4	3	7
N_LP.759	3	4	2	5	7
N_LP.760	3	4	5	2	7
N_LP.761	2	5	2	5	7
N_LP.762	5	2	5	2	7
N_LP.763	5	2	6	1	7
N_LP.765	3	4	6	1	7
N_LP.766	4	3	6	1	7
N_LP.767	2	5	5	2	7
N_LP.768	1	6	4	3	7
N_LP.769	3	4	6	1	7
N_LP.77	0	7	5	2	7
N_LP.770	3	4	3	4	7
N_LP.771	4	3	1	6	7
N_LP.772	3	4	7	0	7
N_LP.773	3	4	6	1	7
N_LP.774	4	3	4	3	7
N_LP.775	4	3	1	6	7
N_LP.776	2	5	5	2	7
N_LP.777	4	3	3	4	7
N_LP.778	3	4	5	2	7
N_LP.779	3	4	7	0	7
N_LP.78	2	5	3	4	7
N_LP.780	5	2	3	4	7
N_LP.781	3	4	7	0	7
N_LP.782	1	6	6	1	7
N_LP.783	1	6	5	2	7
N_LP.784	2	5	5	2	7
N_LP.785	4	3	6	1	7
N_LP.786	5	2	4	3	7
N_LP.787	3	4	7	0	7
N_LP.788	1	6	4	3	7
N_LP.789	3	4	4	3	7
N_LP.79	2	5	6	1	7
N_LP.790	4	3	3	4	7
N_LP.792	2	5	5	2	7
N_LP.793	5	2	5	2	7
N_LP.794	3	4	6	1	7
N_LP.795	3	4	4	3	7
N_LP.796	2	5	5	2	7
N_LP.797	3	4	5	2	7
N_LP.798	3	4	4	3	7
N_LP.799	4	3	1	6	7
N_LP.8	3	4	5	2	7
N_LP.80	3	4	2	5	7
N_LP.800	2	5	3	4	7
N_LP.802	3	4	4	3	7
N_LP.803	4	3	4	3	7
N_LP.804	6	1	3	4	7
N_LP.805	4	3	6	1	7
N_LP.806	3	4	4	3	7
N_LP.807	6	1	6	1	7
N_LP.809	2	5	5	2	7
N_LP.81	2	5	5	2	7
N_LP.811	3	4	3	4	7
N_LP.812	1	6	7	0	7
N_LP.814	3	4	5	2	7
N_LP.815	3	4	5	2	7
N_LP.816	2	5	4	3	7
N_LP.817	4	3	4	3	7
N_LP.818	3	4	4	3	7
N_LP.819	4	3	3	4	7
N_LP.82	2	5	6	1	7
N_LP.820	2	5	4	3	7
N_LP.821	0	7	5	2	7
N_LP.822	4	3	3	4	7
N_LP.823	4	3	3	4	7
N_LP.824	5	2	3	4	7
N_LP.825	2	5	2	5	7
N_LP.826	4	3	3	4	7
N_LP.827	4	3	7	0	7
N_LP.828	5	2	3	4	7
N_LP.829	4	3	4	3	7
N_LP.830	3	4	6	1	7
N_LP.831	1	6	4	3	7
N_LP.832	2	5	5	2	7
N_LP.833	3	4	2	5	7
N_LP.834	2	5	2	5	7
N_LP.835	4	3	4	3	7
N_LP.836	3	4	3	4	7
N_LP.838	3	4	4	3	7
N_LP.839	4	3	4	3	7
N_LP.84	3	4	4	3	7
N_LP.841	2	5	7	0	7
N_LP.842	2	5	4	3	7
N_LP.844	3	4	6	1	7
N_LP.845	3	4	2	5	7
N_LP.846	4	3	3	4	7
N_LP.847	2	5	4	3	7
N_LP.849	5	2	4	3	7
N_LP.85	3	4	3	4	7
N_LP.851	3	4	6	1	7
N_LP.852	4	3	2	5	7
N_LP.853	1	6	7	0	7
N_LP.854	1	6	3	4	7
N_LP.855	4	3	1	6	7
N_LP.856	3	4	7	0	7
N_LP.857	4	3	4	3	7
N_LP.858	4	3	1	6	7
N_LP.859	5	2	3	4	7
N_LP.86	3	4	5	2	7
N_LP.860	5	2	4	3	7
N_LP.861	0	7	5	2	7
N_LP.862	3	4	5	2	7
N_LP.863	1	6	5	2	7
N_LP.864	4	3	5	2	7
N_LP.866	4	3	3	4	7
N_LP.867	3	4	4	3	7
N_LP.868	3	4	1	6	7
N_LP.869	5	2	4	3	7
N_LP.87	4	3	4	3	7
N_LP.870	0	7	6	1	7
N_LP.871	1	6	4	3	7
N_LP.872	4	3	3	4	7
N_LP.873	4	3	4	3	7
N_LP.874	3	4	5	2	7
N_LP.875	3	4	5	2	7
N_LP.876	4	3	3	4	7
N_LP.877	3	4	5	2	7
N_LP.878	4	3	6	1	7
N_LP.879	2	5	6	1	7
N_LP.88	6	1	3	4	7
N_LP.880	1	6	1	6	7
N_LP.881	5	2	2	5	7
N_LP.882	2	5	4	3	7
N_LP.883	3	4	6	1	7
N_LP.884	5	2	4	3	7
N_LP.885	3	4	7	0	7
N_LP.886	2	5	2	5	7
N_LP.887	1	6	5	2	7
N_LP.888	4	3	5	2	7
N_LP.889	3	4	4	3	7
N_LP.89	3	4	5	2	7
N_LP.890	4	3	2	5	7
N_LP.891	4	3	2	5	7
N_LP.892	3	4	3	4	7
N_LP.893	4	3	5	2	7
N_LP.894	5	2	1	6	7
N_LP.895	2	5	3	4	7
N_LP.896	1	6	6	1	7
N_LP.897	4	3	7	0	7
N_LP.898	2	5	4	3	7
N_LP.899	2	5	5	2	7
N_LP.9	2	5	2	5	7
N_LP.90	3	4	7	0	7
N_LP.900	6	1	1	6	7
N_LP.901	3	4	5	2	7
N_LP.902	4	3	5	2	7
N_LP.903	1	6	2	5	7
N_LP.904	5	2	1	6	7
N_LP.905	4	3	3	4	7
N_LP.906	3	4	5	2	7
N_LP.907	4	3	4	3	7
N_LP.908	2	5	3	4	7
N_LP.909	1	6	6	1	7
N_LP.91	4	3	1	6	7
N_LP.910	4	3	6	1	7
N_LP.911	2	5	5	2	7
N_LP.912	2	5	4	3	7
N_LP.913	4	3	5	2	7
N_LP.914	4	3	3	4	7
N_LP.915	4	3	6	1	7
N_LP.916	3	4	2	5	7
N_LP.917	4	3	3	4	7
N_LP.918	2	5	4	3	7
N_LP.919	0	7	3	4	7
N_LP.92	4	3	2	5	7
N_LP.920	3	4	6	1	7
N_LP.921	5	2	5	2	7
N_LP.922	3	4	3	4	7
N_LP.923	2	5	5	2	7
N_LP.924	3	4	5	2	7
N_LP.925	4	3	3	4	7
N_LP.926	3	4	5	2	7
N_LP.927	4	3	3	4	7
N_LP.928	3	4	5	2	7
N_LP.929	2	5	6	1	7
N_LP.93	4	3	1	6	7
N_LP.930	3	4	2	5	7
N_LP.931	4	3	5	2	7
N_LP.933	4	3	1	6	7
N_LP.934	4	3	4	3	7
N_LP.936	5	2	5	2	7
N_LP.937	3	4	1	6	7
N_LP.938	3	4	1	6	7
N_LP.939	3	4	6	1	7
N_LP.94	1	6	6	1	7
N_LP.940	2	5	4	3	7
N_LP.941	2	5	4	3	7
N_LP.942	3	4	3	4	7
N_LP.943	4	3	5	2	7
N_LP.944	2	5	6	1	7
N_LP.945	4	3	2	5	7
N_LP.946	3	4	3	4	7
N_LP.947	3	4	4	3	7
N_LP.948	4	3	4	3	7
N_LP.949	2	5	6	1	7
N_LP.95	4	3	5	2	7
N_LP.950	3	4	4	3	7
N_LP.951	3	4	5	2	7
N_LP.952	3	4	6	1	7
N_LP.953	6	1	4	3	7
N_LP.954	4	3	7	0	7
N_LP.955	5	2	5	2	7
N_LP.956	2	5	4	3	7
N_LP.957	5	2	2	5	7
N_LP.958	3	4	2	5	7
N_LP.959	1	6	4	3	7
N_LP.96	2	5	7	0	7
N_LP.960	3	4	4	3	7
N_LP.961	4	3	5	2	7
N_LP.963	2	5	3	4	7
N_LP.964	4	3	5	2	7
N_LP.965	3	4	2	5	7
N_LP.966	2	5	6	1	7
N_LP.967	1	6	3	4	7
N_LP.969	2	5	3	4	7
N_LP.970	3	4	3	4	7
N_LP.971	4	3	4	3	7
N_LP.972	4	3	2	5	7
N_LP.973	3	4	6	1	7
N_LP.974	2	5	6	1	7
N_LP.975	2	5	6	1	7
N_LP.976	5	2	5	2	7
N_LP.977	4	3	5	2	7
N_LP.978	1	6	5	2	7
N_LP.979	2	5	6	1	7
N_LP.98	4	3	2	5	7
N_LP.980	3	4	3	4	7
N_LP.981	3	4	2	5	7
N_LP.982	1	6	6	1	7
N_LP.983	4	3	4	3	7
N_LP.984	3	4	6	1	7
N_LP.985	2	5	3	4	7
N_LP.986	4	3	3	4	7
N_LP.987	5	2	2	5	7
N_LP.988	3	4	5	2	7
N_LP.989	4	3	5	2	7
N_LP.99	3	4	2	5	7
N_LP.990	0	7	5	2	7
N_LP.991	3	4	5	2	7
N_LP.992	2	5	3	4	7
N_LP.993	4	3	6	1	7
N_LP.994	4	3	4	3	7
N_LP.995	3	4	5	2	7
N_LP.996	1	6	7	0	7
N_LP.997	3	4	3	4	7
N_LP.998	3	4	5	2	7
N_LP.999	4	3	4	3	7
N_LP.103	1	6	0	7	7
N_LP.1036	4	3	7	0	7
N_LP.1049	3	4	1	6	7
N_LP.1102	4	3	0	7	7
N_LP.1111	5	2	1	6	7
N_LP.1156	3	4	3	4	7
N_LP.1233	4	3	7	0	7
N_LP.1250	2	5	7	0	7
N_LP.1287	4	3	3	4	7
N_LP.1436	4	3	2	5	7
N_LP.1439	4	3	3	4	7
N_LP.1588	3	4	3	4	7
N_LP.1656	1	6	7	0	7
N_LP.1691	4	3	5	2	7
N_LP.1753	1	6	6	1	7
N_LP.1852	2	5	5	2	7
N_LP.2000	1	6	5	2	7
N_LP.2098	3	4	2	5	7
N_LP.2136	4	3	6	1	7
N_LP.216	4	3	2	5	7
N_LP.2239	4	3	4	3	7
N_LP.2296	1	6	3	4	7
N_LP.2369	4	3	2	5	7
N_LP.2382	3	4	5	2	7
N_LP.2390	3	4	7	0	7
N_LP.2401	3	4	3	4	7
N_LP.2408	5	2	2	5	7
N_LP.2409	2	5	2	5	7
N_LP.261	4	3	2	5	7
N_LP.289	0	7	6	1	7
N_LP.297	5	2	0	7	7
N_LP.314	4	3	1	6	7
N_LP.346	5	2	4	3	7
N_LP.449	3	4	2	5	7
N_LP.557	0	7	6	1	7
N_LP.569	1	6	3	4	7
N_LP.635	4	3	2	5	7
N_LP.637	1	6	7	0	7
N_LP.645	1	6	7	0	7
N_LP.659	0	7	6	1	7
N_LP.692	5	2	2	5	7
N_LP.708	4	3	3	4	7
N_LP.764	3	4	5	2	7
N_LP.791	1	6	6	1	7
N_LP.837	2	5	3	4	7
N_LP.843	2	5	7	0	7
N_LP.962	3	4	6	1	7
N_LP.1047	5	2	2	5	7
N_LP.1086	6	1	3	4	7
N_LP.1251	3	4	6	1	7
N_LP.1275	4	3	1	6	7
N_LP.1382	6	1	1	6	7
N_LP.1399	4	3	2	5	7
N_LP.1454	3	4	0	7	7
N_LP.165	3	4	5	2	7
N_LP.1732	5	2	1	6	7
N_LP.1910	4	3	2	5	7
N_LP.475	4	3	2	5	7
N_LP.484	1	6	4	3	7
N_LP.810	5	2	1	6	7
N_LP.865	3	4	5	2	7
N_LP.97	2	5	1	6	7
N_LP.1000	3	4	2	5	7
N_LP.1008	4	3	4	3	7
N_LP.1027	4	3	5	2	7
N_LP.1030	4	3	2	5	7
N_LP.1048	5	2	5	2	7
N_LP.1088	4	3	3	4	7
N_LP.1223	5	2	2	5	7
N_LP.1230	3	4	1	6	7
N_LP.1390	4	3	6	1	7
N_LP.1409	5	2	1	6	7
N_LP.1464	6	1	1	6	7
N_LP.1522	5	2	4	3	7
N_LP.1589	4	3	5	2	7
N_LP.1610	2	5	3	4	7
N_LP.1628	5	2	2	5	7
N_LP.1794	5	2	2	5	7
N_LP.1816	3	4	2	5	7
N_LP.1818	5	2	1	6	7
N_LP.1859	4	3	1	6	7
N_LP.1944	3	4	3	4	7
N_LP.1950	3	4	6	1	7
N_LP.2009	6	1	3	4	7
N_LP.2022	4	3	3	4	7
N_LP.2050	4	3	5	2	7
N_LP.2093	5	2	2	5	7
N_LP.2130	5	2	2	5	7
N_LP.2310	1	6	6	1	7
N_LP.2327	4	3	2	5	7
N_LP.316	3	4	1	6	7
N_LP.401	4	3	3	4	7
N_LP.413	6	1	3	4	7
N_LP.481	5	2	3	4	7
N_LP.532	3	4	6	1	7
N_LP.564	3	4	7	0	7
N_LP.680	5	2	1	6	7
N_LP.706	5	2	4	3	7
N_LP.734	2	5	3	4	7
N_LP.76	4	3	1	6	7
N_LP.801	5	2	2	5	7
N_LP.932	7	0	2	5	7
N_LP.935	6	1	2	5	7
N_LP.968	3	4	2	5	7
N_LP.1135	1	6	1	6	7
N_LP.1405	2	5	1	6	7
N_LP.1806	3	4	0	7	7
N_LP.1906	2	5	2	5	7
N_LP.2044	4	3	1	6	7
N_LP.2123	1	6	5	2	7
N_LP.2191	2	5	4	3	7
N_LP.644	5	2	3	4	7
N_LP.720	4	3	2	5	7
N_LP.808	4	3	4	3	7
N_LP.1101	4	3	0	7	7
N_LP.1912	5	2	0	7	7
N_LP.2374	5	2	3	4	7
N_LP.563	3	4	0	7	7
N_LP.2141	3	4	7	0	7
N_LP.2365	3	4	2	5	7
N_LP.2403	2	5	0	7	7
N_LP.2366	3	4	4	3	7
N_LP.1119	5	2	5	2	7
N_LP.1170	4	3	4	3	7
N_LP.1800	4	3	5	2	7
N_LP.2397	3	4	3	4	7
N_LP.2404	4	3	2	5	7
N_LP.167	3	4	6	1	7
N_LP.2406	4	3	6	1	7
N_LP.2383	3	4	6	1	7
P_LP.1	4	3	4	3	7
P_LP.10	3	4	7	0	7
P_LP.100	2	5	7	0	7
P_LP.1000	3	4	4	3	7
P_LP.1001	3	4	4	3	7
P_LP.1002	6	1	6	1	7
P_LP.1003	4	3	4	3	7
P_LP.1004	4	3	6	1	7
P_LP.1005	1	6	3	4	7
P_LP.1006	3	4	3	4	7
P_LP.1007	2	5	6	1	7
P_LP.1008	5	2	2	5	7
P_LP.101	4	3	3	4	7
P_LP.1010	4	3	2	5	7
P_LP.1012	4	3	6	1	7
P_LP.1013	3	4	5	2	7
P_LP.1014	0	7	3	4	7
P_LP.1015	2	5	7	0	7
P_LP.1016	2	5	3	4	7
P_LP.1017	1	6	6	1	7
P_LP.1018	3	4	2	5	7
P_LP.1019	4	3	4	3	7
P_LP.102	7	0	1	6	7
P_LP.1020	1	6	2	5	7
P_LP.1021	5	2	2	5	7
P_LP.1022	6	1	4	3	7
P_LP.1023	5	2	3	4	7
P_LP.1024	4	3	3	4	7
P_LP.1025	3	4	4	3	7
P_LP.1027	2	5	6	1	7
P_LP.1028	2	5	5	2	7
P_LP.1029	3	4	5	2	7
P_LP.103	4	3	2	5	7
P_LP.1030	3	4	4	3	7
P_LP.1031	3	4	2	5	7
P_LP.1032	4	3	4	3	7
P_LP.1033	5	2	4	3	7
P_LP.1034	4	3	3	4	7
P_LP.1035	5	2	3	4	7
P_LP.1036	1	6	5	2	7
P_LP.1037	3	4	4	3	7
P_LP.1038	3	4	3	4	7
P_LP.1039	5	2	4	3	7
P_LP.104	4	3	1	6	7
P_LP.1040	3	4	3	4	7
P_LP.1041	4	3	3	4	7
P_LP.1043	3	4	3	4	7
P_LP.1044	3	4	5	2	7
P_LP.1045	5	2	2	5	7
P_LP.1046	5	2	4	3	7
P_LP.1047	4	3	6	1	7
P_LP.1048	4	3	6	1	7
P_LP.1049	4	3	6	1	7
P_LP.105	2	5	6	1	7
P_LP.1050	3	4	5	2	7
P_LP.1051	2	5	7	0	7
P_LP.1054	3	4	4	3	7
P_LP.1055	2	5	4	3	7
P_LP.1056	2	5	3	4	7
P_LP.1057	2	5	6	1	7
P_LP.1058	1	6	3	4	7
P_LP.1059	3	4	2	5	7
P_LP.106	2	5	6	1	7
P_LP.1060	3	4	3	4	7
P_LP.1061	1	6	1	6	7
P_LP.1062	3	4	6	1	7
P_LP.1063	3	4	5	2	7
P_LP.1064	3	4	6	1	7
P_LP.1065	4	3	5	2	7
P_LP.1066	1	6	6	1	7
P_LP.1067	3	4	5	2	7
P_LP.1068	0	7	5	2	7
P_LP.1069	4	3	6	1	7
P_LP.107	5	2	7	0	7
P_LP.1070	4	3	0	7	7
P_LP.1071	3	4	4	3	7
P_LP.1072	3	4	5	2	7
P_LP.1074	3	4	6	1	7
P_LP.1075	3	4	5	2	7
P_LP.1076	1	6	7	0	7
P_LP.1077	3	4	5	2	7
P_LP.1078	5	2	5	2	7
P_LP.1079	1	6	5	2	7
P_LP.108	4	3	5	2	7
P_LP.1080	3	4	2	5	7
P_LP.1081	5	2	5	2	7
P_LP.1082	2	5	5	2	7
P_LP.1083	4	3	0	7	7
P_LP.1084	3	4	5	2	7
P_LP.1085	3	4	6	1	7
P_LP.1086	2	5	5	2	7
P_LP.1087	4	3	5	2	7
P_LP.1088	2	5	5	2	7
P_LP.1089	2	5	7	0	7
P_LP.109	3	4	4	3	7
P_LP.1090	2	5	6	1	7
P_LP.1092	4	3	3	4	7
P_LP.1093	3	4	5	2	7
P_LP.1094	5	2	5	2	7
P_LP.1095	2	5	4	3	7
P_LP.1096	1	6	5	2	7
P_LP.1097	2	5	4	3	7
P_LP.1098	5	2	0	7	7
P_LP.1099	4	3	6	1	7
P_LP.11	5	2	5	2	7
P_LP.110	3	4	2	5	7
P_LP.1101	4	3	0	7	7
P_LP.1102	2	5	5	2	7
P_LP.1103	3	4	4	3	7
P_LP.1104	1	6	6	1	7
P_LP.1105	3	4	1	6	7
P_LP.1106	4	3	1	6	7
P_LP.1107	3	4	4	3	7
P_LP.1108	3	4	2	5	7
P_LP.1109	1	6	3	4	7
P_LP.111	4	3	3	4	7
P_LP.1110	4	3	4	3	7
P_LP.1111	1	6	5	2	7
P_LP.1112	2	5	2	5	7
P_LP.1114	3	4	3	4	7
P_LP.1115	3	4	4	3	7
P_LP.1116	5	2	2	5	7
P_LP.1117	2	5	6	1	7
P_LP.1118	3	4	5	2	7
P_LP.112	2	5	3	4	7
P_LP.1120	1	6	7	0	7
P_LP.1121	2	5	5	2	7
P_LP.1122	2	5	6	1	7
P_LP.1123	2	5	3	4	7
P_LP.1124	4	3	6	1	7
P_LP.1125	6	1	2	5	7
P_LP.1126	3	4	4	3	7
P_LP.1127	2	5	7	0	7
P_LP.1128	3	4	2	5	7
P_LP.1129	2	5	3	4	7
P_LP.113	1	6	5	2	7
P_LP.1131	1	6	6	1	7
P_LP.1132	2	5	7	0	7
P_LP.1133	5	2	1	6	7
P_LP.1134	1	6	7	0	7
P_LP.1135	3	4	5	2	7
P_LP.1136	2	5	3	4	7
P_LP.1137	2	5	2	5	7
P_LP.1138	2	5	4	3	7
P_LP.1139	0	7	5	2	7
P_LP.114	3	4	0	7	7
P_LP.1141	3	4	6	1	7
P_LP.1142	5	2	2	5	7
P_LP.1144	4	3	7	0	7
P_LP.1145	2	5	6	1	7
P_LP.1146	2	5	3	4	7
P_LP.1147	3	4	4	3	7
P_LP.1148	5	2	1	6	7
P_LP.1149	3	4	4	3	7
P_LP.115	2	5	4	3	7
P_LP.1150	2	5	1	6	7
P_LP.1151	3	4	2	5	7
P_LP.1152	4	3	3	4	7
P_LP.1153	4	3	2	5	7
P_LP.1154	4	3	5	2	7
P_LP.1155	3	4	3	4	7
P_LP.1156	4	3	0	7	7
P_LP.1157	3	4	2	5	7
P_LP.1158	3	4	3	4	7
P_LP.1159	4	3	5	2	7
P_LP.116	3	4	2	5	7
P_LP.1160	2	5	7	0	7
P_LP.1161	4	3	3	4	7
P_LP.1162	4	3	1	6	7
P_LP.1164	4	3	2	5	7
P_LP.1165	3	4	4	3	7
P_LP.1166	2	5	6	1	7
P_LP.1167	3	4	4	3	7
P_LP.1168	5	2	4	3	7
P_LP.117	4	3	7	0	7
P_LP.1170	5	2	2	5	7
P_LP.1171	5	2	1	6	7
P_LP.1172	5	2	4	3	7
P_LP.1173	3	4	3	4	7
P_LP.1174	3	4	5	2	7
P_LP.1175	3	4	2	5	7
P_LP.1176	4	3	4	3	7
P_LP.1177	2	5	5	2	7
P_LP.1178	2	5	7	0	7
P_LP.1179	3	4	6	1	7
P_LP.118	0	7	5	2	7
P_LP.1180	3	4	5	2	7
P_LP.1181	5	2	4	3	7
P_LP.1182	2	5	4	3	7
P_LP.1183	2	5	7	0	7
P_LP.1184	3	4	5	2	7
P_LP.1185	6	1	1	6	7
P_LP.1187	6	1	1	6	7
P_LP.1188	3	4	3	4	7
P_LP.1189	4	3	4	3	7
P_LP.119	2	5	7	0	7
P_LP.1192	3	4	4	3	7
P_LP.1193	4	3	4	3	7
P_LP.1194	0	7	6	1	7
P_LP.1195	4	3	3	4	7
P_LP.1197	5	2	2	5	7
P_LP.1199	2	5	5	2	7
P_LP.12	4	3	0	7	7
P_LP.120	5	2	4	3	7
P_LP.1200	2	5	1	6	7
P_LP.1201	1	6	2	5	7
P_LP.1202	2	5	2	5	7
P_LP.1203	3	4	6	1	7
P_LP.1204	4	3	1	6	7
P_LP.1205	5	2	0	7	7
P_LP.1206	2	5	6	1	7
P_LP.1207	2	5	5	2	7
P_LP.1208	2	5	5	2	7
P_LP.1209	4	3	3	4	7
P_LP.121	6	1	2	5	7
P_LP.1210	2	5	3	4	7
P_LP.1212	6	1	6	1	7
P_LP.1213	4	3	4	3	7
P_LP.1214	5	2	3	4	7
P_LP.1215	3	4	4	3	7
P_LP.1217	2	5	3	4	7
P_LP.1218	4	3	2	5	7
P_LP.1219	3	4	4	3	7
P_LP.122	4	3	2	5	7
P_LP.1220	3	4	5	2	7
P_LP.1221	4	3	3	4	7
P_LP.1223	5	2	0	7	7
P_LP.1224	3	4	3	4	7
P_LP.1225	3	4	4	3	7
P_LP.1226	4	3	4	3	7
P_LP.1227	3	4	5	2	7
P_LP.1228	5	2	5	2	7
P_LP.1229	4	3	4	3	7
P_LP.123	4	3	1	6	7
P_LP.1231	4	3	4	3	7
P_LP.1232	2	5	6	1	7
P_LP.1233	5	2	4	3	7
P_LP.1236	4	3	4	3	7
P_LP.1237	2	5	5	2	7
P_LP.1238	2	5	7	0	7
P_LP.1239	5	2	1	6	7
P_LP.124	5	2	2	5	7
P_LP.1241	3	4	5	2	7
P_LP.1242	4	3	6	1	7
P_LP.1243	3	4	6	1	7
P_LP.1244	4	3	7	0	7
P_LP.1245	3	4	6	1	7
P_LP.1246	3	4	3	4	7
P_LP.1247	4	3	6	1	7
P_LP.1248	3	4	5	2	7
P_LP.1249	1	6	6	1	7
P_LP.125	4	3	6	1	7
P_LP.1250	5	2	5	2	7
P_LP.1251	2	5	4	3	7
P_LP.1252	4	3	2	5	7
P_LP.1253	6	1	4	3	7
P_LP.1254	4	3	3	4	7
P_LP.1255	3	4	4	3	7
P_LP.1256	5	2	1	6	7
P_LP.1257	3	4	5	2	7
P_LP.1258	4	3	7	0	7
P_LP.1259	1	6	7	0	7
P_LP.126	3	4	5	2	7
P_LP.1260	5	2	3	4	7
P_LP.1261	2	5	2	5	7
P_LP.1262	1	6	5	2	7
P_LP.1263	5	2	4	3	7
P_LP.1264	3	4	1	6	7
P_LP.1265	3	4	6	1	7
P_LP.1266	4	3	3	4	7
P_LP.1267	4	3	7	0	7
P_LP.1268	2	5	5	2	7
P_LP.1269	3	4	3	4	7
P_LP.127	0	7	5	2	7
P_LP.1270	4	3	5	2	7
P_LP.1271	2	5	3	4	7
P_LP.1273	3	4	6	1	7
P_LP.1274	4	3	5	2	7
P_LP.1275	2	5	6	1	7
P_LP.1276	3	4	5	2	7
P_LP.1277	3	4	5	2	7
P_LP.1278	4	3	4	3	7
P_LP.1279	4	3	5	2	7
P_LP.128	5	2	2	5	7
P_LP.1280	5	2	5	2	7
P_LP.1281	4	3	3	4	7
P_LP.1282	3	4	1	6	7
P_LP.1283	2	5	6	1	7
P_LP.1284	3	4	3	4	7
P_LP.1285	3	4	5	2	7
P_LP.1286	4	3	2	5	7
P_LP.1287	3	4	2	5	7
P_LP.1288	3	4	4	3	7
P_LP.1289	2	5	4	3	7
P_LP.129	4	3	1	6	7
P_LP.1290	4	3	6	1	7
P_LP.1291	2	5	7	0	7
P_LP.1292	4	3	4	3	7
P_LP.1293	1	6	5	2	7
P_LP.1294	3	4	3	4	7
P_LP.1296	4	3	7	0	7
P_LP.1297	3	4	6	1	7
P_LP.1298	3	4	5	2	7
P_LP.1299	5	2	3	4	7
P_LP.13	2	5	3	4	7
P_LP.130	3	4	6	1	7
P_LP.1300	4	3	4	3	7
P_LP.1301	1	6	4	3	7
P_LP.1302	3	4	2	5	7
P_LP.1303	2	5	4	3	7
P_LP.1304	3	4	3	4	7
P_LP.1305	3	4	6	1	7
P_LP.1306	4	3	1	6	7
P_LP.1307	5	2	4	3	7
P_LP.1308	2	5	3	4	7
P_LP.1309	5	2	2	5	7
P_LP.131	3	4	6	1	7
P_LP.1310	2	5	7	0	7
P_LP.1311	3	4	5	2	7
P_LP.1312	5	2	4	3	7
P_LP.1313	2	5	5	2	7
P_LP.1314	4	3	6	1	7
P_LP.1316	4	3	4	3	7
P_LP.1318	3	4	3	4	7
P_LP.1319	4	3	6	1	7
P_LP.132	4	3	5	2	7
P_LP.1320	2	5	1	6	7
P_LP.1321	3	4	5	2	7
P_LP.1322	3	4	2	5	7
P_LP.1323	3	4	1	6	7
P_LP.1324	4	3	6	1	7
P_LP.1325	4	3	3	4	7
P_LP.1326	5	2	5	2	7
P_LP.1327	2	5	2	5	7
P_LP.1328	3	4	3	4	7
P_LP.1329	3	4	4	3	7
P_LP.133	3	4	2	5	7
P_LP.1330	3	4	3	4	7
P_LP.1331	3	4	6	1	7
P_LP.1332	4	3	1	6	7
P_LP.1333	3	4	3	4	7
P_LP.1334	2	5	5	2	7
P_LP.1336	3	4	6	1	7
P_LP.1337	3	4	2	5	7
P_LP.1339	4	3	4	3	7
P_LP.134	4	3	5	2	7
P_LP.1340	3	4	6	1	7
P_LP.1341	4	3	2	5	7
P_LP.1343	4	3	2	5	7
P_LP.1344	1	6	7	0	7
P_LP.1345	2	5	4	3	7
P_LP.1347	5	2	1	6	7
P_LP.1348	5	2	3	4	7
P_LP.1349	0	7	6	1	7
P_LP.135	4	3	3	4	7
P_LP.1350	2	5	6	1	7
P_LP.1351	3	4	5	2	7
P_LP.1352	3	4	5	2	7
P_LP.1353	4	3	5	2	7
P_LP.1355	4	3	4	3	7
P_LP.1356	5	2	3	4	7
P_LP.1358	2	5	6	1	7
P_LP.1359	3	4	2	5	7
P_LP.136	5	2	2	5	7
P_LP.1360	3	4	2	5	7
P_LP.1361	2	5	3	4	7
P_LP.1362	3	4	4	3	7
P_LP.1363	4	3	2	5	7
P_LP.1364	5	2	5	2	7
P_LP.1365	2	5	3	4	7
P_LP.1366	2	5	4	3	7
P_LP.1367	2	5	6	1	7
P_LP.1368	5	2	3	4	7
P_LP.1369	4	3	7	0	7
P_LP.137	3	4	2	5	7
P_LP.1370	3	4	6	1	7
P_LP.1371	4	3	0	7	7
P_LP.1372	4	3	6	1	7
P_LP.1373	2	5	6	1	7
P_LP.1374	3	4	2	5	7
P_LP.1375	4	3	5	2	7
P_LP.1376	3	4	6	1	7
P_LP.1377	3	4	4	3	7
P_LP.1378	3	4	6	1	7
P_LP.1379	5	2	5	2	7
P_LP.138	4	3	1	6	7
P_LP.1380	3	4	3	4	7
P_LP.1381	4	3	1	6	7
P_LP.1382	6	1	1	6	7
P_LP.1383	2	5	3	4	7
P_LP.1384	6	1	3	4	7
P_LP.1385	3	4	1	6	7
P_LP.1386	4	3	3	4	7
P_LP.1387	4	3	2	5	7
P_LP.1388	4	3	2	5	7
P_LP.1389	1	6	6	1	7
P_LP.139	3	4	2	5	7
P_LP.1390	3	4	5	2	7
P_LP.1391	4	3	2	5	7
P_LP.1392	3	4	3	4	7
P_LP.1393	4	3	5	2	7
P_LP.1394	4	3	3	4	7
P_LP.1395	4	3	5	2	7
P_LP.1396	6	1	4	3	7
P_LP.1397	3	4	5	2	7
P_LP.1398	2	5	3	4	7
P_LP.1399	5	2	6	1	7
P_LP.14	3	4	5	2	7
P_LP.140	4	3	1	6	7
P_LP.1400	1	6	4	3	7
P_LP.1402	3	4	2	5	7
P_LP.1403	5	2	0	7	7
P_LP.1404	2	5	6	1	7
P_LP.1405	3	4	2	5	7
P_LP.1406	3	4	2	5	7
P_LP.1407	2	5	3	4	7
P_LP.1408	2	5	4	3	7
P_LP.1409	3	4	4	3	7
P_LP.141	4	3	3	4	7
P_LP.1410	2	5	2	5	7
P_LP.1411	5	2	4	3	7
P_LP.1413	3	4	2	5	7
P_LP.1414	3	4	3	4	7
P_LP.1415	3	4	2	5	7
P_LP.1416	4	3	0	7	7
P_LP.1417	3	4	5	2	7
P_LP.1418	4	3	6	1	7
P_LP.1419	5	2	1	6	7
P_LP.142	5	2	2	5	7
P_LP.1421	2	5	4	3	7
P_LP.1422	3	4	3	4	7
P_LP.1423	2	5	5	2	7
P_LP.1424	4	3	2	5	7
P_LP.1426	1	6	6	1	7
P_LP.1428	1	6	6	1	7
P_LP.1429	3	4	3	4	7
P_LP.143	2	5	2	5	7
P_LP.1430	4	3	6	1	7
P_LP.1432	2	5	5	2	7
P_LP.1433	4	3	5	2	7
P_LP.1434	4	3	2	5	7
P_LP.1435	4	3	1	6	7
P_LP.1437	5	2	1	6	7
P_LP.1438	5	2	2	5	7
P_LP.1439	4	3	5	2	7
P_LP.144	2	5	2	5	7
P_LP.1440	2	5	6	1	7
P_LP.1442	2	5	6	1	7
P_LP.1443	2	5	6	1	7
P_LP.1444	5	2	3	4	7
P_LP.1445	1	6	6	1	7
P_LP.1446	4	3	4	3	7
P_LP.1447	4	3	1	6	7
P_LP.145	4	3	1	6	7
P_LP.1450	4	3	5	2	7
P_LP.1451	3	4	4	3	7
P_LP.1452	1	6	2	5	7
P_LP.1453	2	5	6	1	7
P_LP.1454	5	2	4	3	7
P_LP.1455	3	4	2	5	7
P_LP.1456	2	5	5	2	7
P_LP.1457	4	3	4	3	7
P_LP.1458	4	3	3	4	7
P_LP.1459	4	3	4	3	7
P_LP.146	7	0	5	2	7
P_LP.1460	4	3	7	0	7
P_LP.1461	1	6	5	2	7
P_LP.1462	2	5	6	1	7
P_LP.1464	2	5	7	0	7
P_LP.1465	4	3	4	3	7
P_LP.1466	2	5	5	2	7
P_LP.1467	4	3	2	5	7
P_LP.1468	3	4	6	1	7
P_LP.1469	2	5	4	3	7
P_LP.147	2	5	4	3	7
P_LP.1470	2	5	1	6	7
P_LP.1472	3	4	3	4	7
P_LP.1473	5	2	0	7	7
P_LP.1474	5	2	2	5	7
P_LP.1475	3	4	4	3	7
P_LP.1476	0	7	6	1	7
P_LP.1477	5	2	2	5	7
P_LP.1478	1	6	2	5	7
P_LP.1479	2	5	5	2	7
P_LP.148	3	4	2	5	7
P_LP.1480	5	2	5	2	7
P_LP.1481	3	4	1	6	7
P_LP.1482	3	4	6	1	7
P_LP.1483	3	4	6	1	7
P_LP.1485	3	4	4	3	7
P_LP.1486	1	6	4	3	7
P_LP.1487	4	3	4	3	7
P_LP.1489	4	3	1	6	7
P_LP.149	5	2	5	2	7
P_LP.1491	3	4	3	4	7
P_LP.1492	1	6	6	1	7
P_LP.1493	4	3	2	5	7
P_LP.1494	4	3	2	5	7
P_LP.1495	2	5	5	2	7
P_LP.1496	3	4	5	2	7
P_LP.1497	2	5	4	3	7
P_LP.1498	6	1	6	1	7
P_LP.15	3	4	7	0	7
P_LP.150	4	3	6	1	7
P_LP.1500	4	3	2	5	7
P_LP.1501	4	3	4	3	7
P_LP.1502	2	5	4	3	7
P_LP.1503	2	5	5	2	7
P_LP.1504	4	3	4	3	7
P_LP.1505	2	5	5	2	7
P_LP.1506	2	5	6	1	7
P_LP.1507	5	2	0	7	7
P_LP.1508	4	3	6	1	7
P_LP.1509	4	3	3	4	7
P_LP.151	4	3	6	1	7
P_LP.1512	6	1	2	5	7
P_LP.1513	4	3	1	6	7
P_LP.1515	4	3	5	2	7
P_LP.1516	3	4	3	4	7
P_LP.1517	1	6	5	2	7
P_LP.1518	5	2	3	4	7
P_LP.1519	3	4	5	2	7
P_LP.152	3	4	4	3	7
P_LP.1520	2	5	3	4	7
P_LP.1521	2	5	3	4	7
P_LP.1522	4	3	6	1	7
P_LP.1523	3	4	2	5	7
P_LP.1524	3	4	4	3	7
P_LP.1525	4	3	5	2	7
P_LP.1526	4	3	4	3	7
P_LP.1527	2	5	6	1	7
P_LP.1528	5	2	0	7	7
P_LP.1529	4	3	2	5	7
P_LP.153	4	3	5	2	7
P_LP.1530	2	5	6	1	7
P_LP.1531	3	4	2	5	7
P_LP.1532	3	4	2	5	7
P_LP.1533	5	2	3	4	7
P_LP.1534	3	4	2	5	7
P_LP.1535	1	6	3	4	7
P_LP.1537	0	7	7	0	7
P_LP.1538	4	3	5	2	7
P_LP.154	1	6	7	0	7
P_LP.1540	3	4	4	3	7
P_LP.1541	5	2	4	3	7
P_LP.1542	2	5	6	1	7
P_LP.1543	2	5	4	3	7
P_LP.1544	3	4	5	2	7
P_LP.1545	2	5	3	4	7
P_LP.1546	4	3	2	5	7
P_LP.1547	5	2	3	4	7
P_LP.1548	4	3	5	2	7
P_LP.1549	4	3	3	4	7
P_LP.155	3	4	0	7	7
P_LP.1550	2	5	4	3	7
P_LP.1551	5	2	0	7	7
P_LP.1552	1	6	4	3	7
P_LP.1553	3	4	5	2	7
P_LP.1554	3	4	5	2	7
P_LP.1555	4	3	5	2	7
P_LP.1556	5	2	1	6	7
P_LP.1557	4	3	3	4	7
P_LP.1558	2	5	4	3	7
P_LP.156	5	2	1	6	7
P_LP.1560	3	4	2	5	7
P_LP.1561	4	3	3	4	7
P_LP.1562	3	4	2	5	7
P_LP.1563	4	3	4	3	7
P_LP.1564	3	4	3	4	7
P_LP.1565	1	6	5	2	7
P_LP.1566	2	5	3	4	7
P_LP.1568	3	4	6	1	7
P_LP.1569	4	3	3	4	7
P_LP.157	2	5	5	2	7
P_LP.1570	4	3	4	3	7
P_LP.1571	5	2	6	1	7
P_LP.1573	3	4	6	1	7
P_LP.1575	6	1	3	4	7
P_LP.1576	2	5	6	1	7
P_LP.1577	2	5	4	3	7
P_LP.1579	3	4	4	3	7
P_LP.158	3	4	4	3	7
P_LP.1580	3	4	5	2	7
P_LP.1581	7	0	0	7	7
P_LP.1582	1	6	6	1	7
P_LP.1583	4	3	0	7	7
P_LP.1584	3	4	4	3	7
P_LP.1585	3	4	2	5	7
P_LP.1589	3	4	6	1	7
P_LP.159	4	3	4	3	7
P_LP.1590	5	2	2	5	7
P_LP.1591	1	6	3	4	7
P_LP.1592	4	3	3	4	7
P_LP.1593	3	4	7	0	7
P_LP.1594	2	5	6	1	7
P_LP.1595	2	5	3	4	7
P_LP.1596	2	5	5	2	7
P_LP.1597	4	3	5	2	7
P_LP.1599	4	3	5	2	7
P_LP.160	1	6	4	3	7
P_LP.1600	4	3	4	3	7
P_LP.1601	3	4	5	2	7
P_LP.1602	5	2	2	5	7
P_LP.1603	4	3	2	5	7
P_LP.1604	3	4	3	4	7
P_LP.1606	3	4	5	2	7
P_LP.1607	5	2	2	5	7
P_LP.1608	3	4	3	4	7
P_LP.1610	4	3	1	6	7
P_LP.1611	4	3	2	5	7
P_LP.1612	2	5	4	3	7
P_LP.1613	4	3	6	1	7
P_LP.1614	2	5	5	2	7
P_LP.1615	2	5	6	1	7
P_LP.1616	1	6	6	1	7
P_LP.1617	2	5	7	0	7
P_LP.1619	5	2	4	3	7
P_LP.1620	2	5	4	3	7
P_LP.1621	4	3	3	4	7
P_LP.1622	3	4	5	2	7
P_LP.1623	4	3	4	3	7
P_LP.1624	3	4	6	1	7
P_LP.1625	1	6	7	0	7
P_LP.1626	5	2	7	0	7
P_LP.1628	4	3	7	0	7
P_LP.1629	5	2	2	5	7
P_LP.163	5	2	0	7	7
P_LP.1630	4	3	1	6	7
P_LP.1631	3	4	6	1	7
P_LP.1632	2	5	4	3	7
P_LP.1633	3	4	3	4	7
P_LP.1634	3	4	4	3	7
P_LP.1635	1	6	7	0	7
P_LP.1636	3	4	5	2	7
P_LP.1637	2	5	4	3	7
P_LP.1638	3	4	3	4	7
P_LP.1639	5	2	1	6	7
P_LP.164	3	4	3	4	7
P_LP.1640	2	5	5	2	7
P_LP.1641	3	4	4	3	7
P_LP.1642	4	3	4	3	7
P_LP.1643	4	3	4	3	7
P_LP.1645	2	5	6	1	7
P_LP.1646	3	4	3	4	7
P_LP.1647	2	5	4	3	7
P_LP.1649	4	3	3	4	7
P_LP.165	2	5	2	5	7
P_LP.1650	4	3	3	4	7
P_LP.1651	1	6	1	6	7
P_LP.1652	3	4	5	2	7
P_LP.1653	3	4	6	1	7
P_LP.1654	3	4	4	3	7
P_LP.1655	4	3	5	2	7
P_LP.1656	2	5	5	2	7
P_LP.1658	4	3	3	4	7
P_LP.1659	1	6	7	0	7
P_LP.166	3	4	4	3	7
P_LP.1661	2	5	4	3	7
P_LP.1662	6	1	1	6	7
P_LP.1663	1	6	6	1	7
P_LP.1664	6	1	6	1	7
P_LP.1665	3	4	2	5	7
P_LP.1666	3	4	3	4	7
P_LP.1667	5	2	1	6	7
P_LP.1668	3	4	7	0	7
P_LP.1669	1	6	6	1	7
P_LP.167	5	2	1	6	7
P_LP.1670	2	5	2	5	7
P_LP.1671	2	5	2	5	7
P_LP.1672	5	2	7	0	7
P_LP.1673	2	5	5	2	7
P_LP.1674	2	5	5	2	7
P_LP.1675	3	4	5	2	7
P_LP.1676	4	3	5	2	7
P_LP.1677	3	4	3	4	7
P_LP.1679	3	4	4	3	7
P_LP.168	3	4	7	0	7
P_LP.1680	1	6	4	3	7
P_LP.1681	3	4	5	2	7
P_LP.1682	3	4	3	4	7
P_LP.1683	2	5	5	2	7
P_LP.1684	6	1	4	3	7
P_LP.1685	3	4	3	4	7
P_LP.1686	4	3	3	4	7
P_LP.1688	3	4	3	4	7
P_LP.1689	2	5	4	3	7
P_LP.169	5	2	2	5	7
P_LP.1690	5	2	3	4	7
P_LP.1691	1	6	6	1	7
P_LP.1692	6	1	2	5	7
P_LP.1693	5	2	0	7	7
P_LP.1694	4	3	2	5	7
P_LP.1695	3	4	4	3	7
P_LP.1696	3	4	4	3	7
P_LP.1697	1	6	7	0	7
P_LP.1698	2	5	5	2	7
P_LP.17	4	3	1	6	7
P_LP.170	4	3	0	7	7
P_LP.1700	3	4	3	4	7
P_LP.1701	3	4	2	5	7
P_LP.1702	3	4	2	5	7
P_LP.1703	5	2	4	3	7
P_LP.1706	3	4	6	1	7
P_LP.1707	2	5	1	6	7
P_LP.1708	3	4	3	4	7
P_LP.1709	3	4	3	4	7
P_LP.171	4	3	4	3	7
P_LP.1710	3	4	2	5	7
P_LP.1711	0	7	6	1	7
P_LP.1712	5	2	3	4	7
P_LP.1713	4	3	5	2	7
P_LP.1714	3	4	7	0	7
P_LP.1715	3	4	1	6	7
P_LP.1716	3	4	3	4	7
P_LP.1717	4	3	5	2	7
P_LP.1718	4	3	4	3	7
P_LP.1719	4	3	3	4	7
P_LP.172	1	6	3	4	7
P_LP.1720	4	3	4	3	7
P_LP.1721	3	4	7	0	7
P_LP.1722	4	3	4	3	7
P_LP.1724	2	5	4	3	7
P_LP.1725	4	3	2	5	7
P_LP.1726	3	4	6	1	7
P_LP.1727	4	3	0	7	7
P_LP.1728	1	6	5	2	7
P_LP.1729	2	5	3	4	7
P_LP.173	3	4	3	4	7
P_LP.1731	1	6	6	1	7
P_LP.1732	2	5	2	5	7
P_LP.1733	2	5	5	2	7
P_LP.1734	3	4	0	7	7
P_LP.1735	3	4	7	0	7
P_LP.1736	4	3	7	0	7
P_LP.1737	4	3	3	4	7
P_LP.1738	4	3	3	4	7
P_LP.1739	6	1	5	2	7
P_LP.174	1	6	3	4	7
P_LP.1741	2	5	4	3	7
P_LP.1742	1	6	4	3	7
P_LP.1743	5	2	6	1	7
P_LP.1744	3	4	5	2	7
P_LP.1746	2	5	7	0	7
P_LP.1747	2	5	4	3	7
P_LP.1748	3	4	6	1	7
P_LP.175	4	3	3	4	7
P_LP.1750	4	3	2	5	7
P_LP.1751	2	5	6	1	7
P_LP.1753	1	6	5	2	7
P_LP.1754	4	3	4	3	7
P_LP.1755	4	3	5	2	7
P_LP.1756	1	6	4	3	7
P_LP.1758	2	5	5	2	7
P_LP.1759	2	5	0	7	7
P_LP.176	2	5	5	2	7
P_LP.1760	3	4	4	3	7
P_LP.1761	4	3	4	3	7
P_LP.1763	4	3	2	5	7
P_LP.1764	3	4	1	6	7
P_LP.1765	4	3	3	4	7
P_LP.1766	4	3	2	5	7
P_LP.1767	2	5	3	4	7
P_LP.1768	2	5	6	1	7
P_LP.1769	3	4	4	3	7
P_LP.177	3	4	5	2	7
P_LP.1770	4	3	2	5	7
P_LP.1771	3	4	2	5	7
P_LP.1772	3	4	5	2	7
P_LP.1773	3	4	1	6	7
P_LP.1774	2	5	2	5	7
P_LP.1775	3	4	3	4	7
P_LP.1776	4	3	1	6	7
P_LP.1777	1	6	7	0	7
P_LP.1778	3	4	1	6	7
P_LP.1779	1	6	5	2	7
P_LP.178	2	5	2	5	7
P_LP.1780	1	6	7	0	7
P_LP.1781	3	4	2	5	7
P_LP.1783	4	3	3	4	7
P_LP.1784	4	3	2	5	7
P_LP.1785	4	3	4	3	7
P_LP.1786	4	3	2	5	7
P_LP.1788	2	5	6	1	7
P_LP.1789	4	3	3	4	7
P_LP.179	3	4	3	4	7
P_LP.1790	3	4	3	4	7
P_LP.1791	3	4	6	1	7
P_LP.1792	3	4	6	1	7
P_LP.1793	3	4	3	4	7
P_LP.1794	4	3	5	2	7
P_LP.1795	5	2	5	2	7
P_LP.1796	3	4	5	2	7
P_LP.1798	3	4	3	4	7
P_LP.1799	5	2	6	1	7
P_LP.18	1	6	4	3	7
P_LP.180	3	4	2	5	7
P_LP.1800	1	6	6	1	7
P_LP.1801	4	3	5	2	7
P_LP.1802	3	4	3	4	7
P_LP.1803	3	4	3	4	7
P_LP.1805	3	4	3	4	7
P_LP.1806	3	4	5	2	7
P_LP.1807	3	4	4	3	7
P_LP.1808	5	2	3	4	7
P_LP.1809	4	3	5	2	7
P_LP.181	2	5	2	5	7
P_LP.1810	3	4	4	3	7
P_LP.1811	3	4	1	6	7
P_LP.1812	2	5	3	4	7
P_LP.1813	6	1	3	4	7
P_LP.1814	2	5	5	2	7
P_LP.1816	5	2	2	5	7
P_LP.1817	5	2	2	5	7
P_LP.1818	2	5	5	2	7
P_LP.1819	4	3	3	4	7
P_LP.182	4	3	1	6	7
P_LP.1820	2	5	5	2	7
P_LP.1821	3	4	5	2	7
P_LP.1822	3	4	4	3	7
P_LP.1823	0	7	5	2	7
P_LP.1824	3	4	1	6	7
P_LP.1825	4	3	1	6	7
P_LP.1826	3	4	5	2	7
P_LP.1827	4	3	1	6	7
P_LP.1828	3	4	4	3	7
P_LP.183	4	3	1	6	7
P_LP.1830	4	3	5	2	7
P_LP.1831	4	3	5	2	7
P_LP.1832	1	6	5	2	7
P_LP.1833	5	2	0	7	7
P_LP.1834	3	4	6	1	7
P_LP.1835	5	2	3	4	7
P_LP.1837	3	4	5	2	7
P_LP.1838	4	3	4	3	7
P_LP.1839	4	3	4	3	7
P_LP.184	3	4	3	4	7
P_LP.1840	2	5	5	2	7
P_LP.1841	2	5	1	6	7
P_LP.1842	4	3	3	4	7
P_LP.1843	3	4	1	6	7
P_LP.1845	3	4	4	3	7
P_LP.1846	4	3	5	2	7
P_LP.1848	2	5	5	2	7
P_LP.1849	2	5	4	3	7
P_LP.185	4	3	1	6	7
P_LP.1850	5	2	3	4	7
P_LP.1851	3	4	3	4	7
P_LP.1853	1	6	3	4	7
P_LP.1854	4	3	0	7	7
P_LP.1855	4	3	0	7	7
P_LP.1856	5	2	3	4	7
P_LP.1857	0	7	5	2	7
P_LP.1858	5	2	0	7	7
P_LP.1859	3	4	3	4	7
P_LP.186	1	6	6	1	7
P_LP.1860	2	5	6	1	7
P_LP.1861	3	4	3	4	7
P_LP.1862	2	5	3	4	7
P_LP.1864	2	5	5	2	7
P_LP.1865	3	4	3	4	7
P_LP.1866	3	4	6	1	7
P_LP.1867	3	4	4	3	7
P_LP.1868	4	3	6	1	7
P_LP.1869	2	5	4	3	7
P_LP.1870	2	5	5	2	7
P_LP.1871	2	5	6	1	7
P_LP.1873	5	2	3	4	7
P_LP.1874	5	2	7	0	7
P_LP.1875	2	5	5	2	7
P_LP.1876	3	4	6	1	7
P_LP.1877	2	5	4	3	7
P_LP.1878	4	3	4	3	7
P_LP.1879	4	3	5	2	7
P_LP.188	3	4	7	0	7
P_LP.1880	3	4	1	6	7
P_LP.1881	4	3	6	1	7
P_LP.1883	4	3	4	3	7
P_LP.1884	2	5	5	2	7
P_LP.1885	3	4	4	3	7
P_LP.1886	3	4	2	5	7
P_LP.1887	2	5	5	2	7
P_LP.1888	2	5	3	4	7
P_LP.1889	4	3	5	2	7
P_LP.189	2	5	0	7	7
P_LP.1890	2	5	3	4	7
P_LP.1891	1	6	3	4	7
P_LP.1892	3	4	6	1	7
P_LP.1893	4	3	5	2	7
P_LP.1894	4	3	4	3	7
P_LP.1896	2	5	4	3	7
P_LP.1897	5	2	1	6	7
P_LP.1898	2	5	2	5	7
P_LP.1899	3	4	4	3	7
P_LP.19	4	3	3	4	7
P_LP.190	5	2	3	4	7
P_LP.1900	3	4	3	4	7
P_LP.1901	2	5	7	0	7
P_LP.1902	5	2	4	3	7
P_LP.1903	2	5	4	3	7
P_LP.1904	3	4	2	5	7
P_LP.1905	4	3	5	2	7
P_LP.1906	4	3	6	1	7
P_LP.1907	4	3	6	1	7
P_LP.1908	2	5	4	3	7
P_LP.1909	0	7	2	5	7
P_LP.191	3	4	7	0	7
P_LP.1910	1	6	5	2	7
P_LP.1912	5	2	5	2	7
P_LP.1913	3	4	6	1	7
P_LP.1914	4	3	2	5	7
P_LP.1915	3	4	5	2	7
P_LP.1916	2	5	4	3	7
P_LP.1917	4	3	5	2	7
P_LP.1918	1	6	5	2	7
P_LP.192	3	4	5	2	7
P_LP.1920	3	4	3	4	7
P_LP.1921	5	2	3	4	7
P_LP.1922	3	4	6	1	7
P_LP.1923	6	1	6	1	7
P_LP.1924	2	5	4	3	7
P_LP.1925	3	4	3	4	7
P_LP.1926	3	4	6	1	7
P_LP.1927	2	5	4	3	7
P_LP.1928	5	2	5	2	7
P_LP.1929	3	4	5	2	7
P_LP.193	3	4	2	5	7
P_LP.1930	4	3	5	2	7
P_LP.1931	3	4	6	1	7
P_LP.1932	4	3	7	0	7
P_LP.1933	2	5	4	3	7
P_LP.1934	0	7	5	2	7
P_LP.1935	3	4	5	2	7
P_LP.1936	1	6	5	2	7
P_LP.1937	4	3	4	3	7
P_LP.1939	4	3	6	1	7
P_LP.194	4	3	2	5	7
P_LP.1940	4	3	3	4	7
P_LP.1941	5	2	2	5	7
P_LP.1942	5	2	1	6	7
P_LP.1944	4	3	2	5	7
P_LP.1946	2	5	4	3	7
P_LP.1948	5	2	5	2	7
P_LP.1949	3	4	5	2	7
P_LP.195	4	3	1	6	7
P_LP.1951	3	4	4	3	7
P_LP.1952	4	3	3	4	7
P_LP.1953	1	6	4	3	7
P_LP.1954	4	3	4	3	7
P_LP.1956	3	4	2	5	7
P_LP.1957	3	4	4	3	7
P_LP.1958	4	3	4	3	7
P_LP.1959	4	3	3	4	7
P_LP.196	4	3	2	5	7
P_LP.1960	4	3	4	3	7
P_LP.1961	3	4	4	3	7
P_LP.1962	4	3	5	2	7
P_LP.1963	4	3	3	4	7
P_LP.1964	4	3	3	4	7
P_LP.1965	2	5	6	1	7
P_LP.1966	2	5	4	3	7
P_LP.1967	3	4	6	1	7
P_LP.1968	3	4	3	4	7
P_LP.1969	2	5	2	5	7
P_LP.197	1	6	5	2	7
P_LP.1970	5	2	5	2	7
P_LP.1971	1	6	7	0	7
P_LP.1972	6	1	3	4	7
P_LP.1973	4	3	3	4	7
P_LP.1974	4	3	6	1	7
P_LP.1976	4	3	3	4	7
P_LP.1977	1	6	6	1	7
P_LP.1978	4	3	1	6	7
P_LP.1979	2	5	3	4	7
P_LP.198	4	3	4	3	7
P_LP.1980	2	5	4	3	7
P_LP.1981	6	1	0	7	7
P_LP.1983	1	6	4	3	7
P_LP.1984	3	4	4	3	7
P_LP.1985	4	3	6	1	7
P_LP.1988	3	4	1	6	7
P_LP.1990	3	4	6	1	7
P_LP.1991	2	5	6	1	7
P_LP.1992	1	6	2	5	7
P_LP.1993	2	5	5	2	7
P_LP.1994	1	6	5	2	7
P_LP.1995	2	5	4	3	7
P_LP.1996	3	4	1	6	7
P_LP.1997	4	3	6	1	7
P_LP.1998	5	2	1	6	7
P_LP.2	5	2	3	4	7
P_LP.20	3	4	5	2	7
P_LP.200	3	4	3	4	7
P_LP.2000	3	4	5	2	7
P_LP.2001	6	1	2	5	7
P_LP.2002	4	3	4	3	7
P_LP.2003	1	6	6	1	7
P_LP.2004	2	5	4	3	7
P_LP.2005	1	6	3	4	7
P_LP.2006	3	4	2	5	7
P_LP.2007	4	3	6	1	7
P_LP.2008	4	3	2	5	7
P_LP.2009	1	6	4	3	7
P_LP.201	3	4	3	4	7
P_LP.2010	3	4	5	2	7
P_LP.2011	5	2	5	2	7
P_LP.2012	2	5	2	5	7
P_LP.2013	4	3	5	2	7
P_LP.2014	4	3	6	1	7
P_LP.2015	2	5	4	3	7
P_LP.2016	5	2	2	5	7
P_LP.2017	4	3	3	4	7
P_LP.2018	2	5	5	2	7
P_LP.2019	3	4	5	2	7
P_LP.202	0	7	1	6	7
P_LP.2020	2	5	6	1	7
P_LP.2021	3	4	2	5	7
P_LP.2022	3	4	4	3	7
P_LP.2023	3	4	4	3	7
P_LP.2024	3	4	3	4	7
P_LP.2025	3	4	6	1	7
P_LP.2026	5	2	3	4	7
P_LP.2027	3	4	5	2	7
P_LP.2028	2	5	4	3	7
P_LP.2029	1	6	6	1	7
P_LP.203	3	4	4	3	7
P_LP.2030	2	5	6	1	7
P_LP.2031	5	2	2	5	7
P_LP.2032	5	2	5	2	7
P_LP.2033	2	5	4	3	7
P_LP.2034	6	1	1	6	7
P_LP.2035	5	2	4	3	7
P_LP.2036	2	5	6	1	7
P_LP.2037	5	2	5	2	7
P_LP.2038	1	6	1	6	7
P_LP.204	3	4	4	3	7
P_LP.2040	2	5	4	3	7
P_LP.2041	4	3	1	6	7
P_LP.2042	2	5	6	1	7
P_LP.2043	3	4	5	2	7
P_LP.2044	3	4	4	3	7
P_LP.2045	3	4	6	1	7
P_LP.2046	1	6	5	2	7
P_LP.2047	4	3	4	3	7
P_LP.2048	6	1	4	3	7
P_LP.2049	5	2	5	2	7
P_LP.205	2	5	5	2	7
P_LP.2050	1	6	5	2	7
P_LP.2051	3	4	6	1	7
P_LP.2052	2	5	7	0	7
P_LP.2053	2	5	1	6	7
P_LP.2055	7	0	5	2	7
P_LP.2056	3	4	4	3	7
P_LP.2057	3	4	2	5	7
P_LP.2058	5	2	2	5	7
P_LP.2059	3	4	6	1	7
P_LP.206	3	4	5	2	7
P_LP.2060	3	4	4	3	7
P_LP.2061	4	3	1	6	7
P_LP.2063	4	3	2	5	7
P_LP.2064	2	5	3	4	7
P_LP.2065	3	4	5	2	7
P_LP.2066	4	3	5	2	7
P_LP.2067	0	7	3	4	7
P_LP.2068	6	1	3	4	7
P_LP.2069	1	6	2	5	7
P_LP.207	4	3	1	6	7
P_LP.2070	1	6	6	1	7
P_LP.2071	4	3	4	3	7
P_LP.2072	3	4	4	3	7
P_LP.2073	4	3	4	3	7
P_LP.2074	2	5	5	2	7
P_LP.2075	3	4	3	4	7
P_LP.2076	4	3	6	1	7
P_LP.2077	5	2	4	3	7
P_LP.2078	6	1	3	4	7
P_LP.2079	3	4	0	7	7
P_LP.208	1	6	7	0	7
P_LP.2080	6	1	3	4	7
P_LP.2081	4	3	1	6	7
P_LP.2082	5	2	6	1	7
P_LP.2084	4	3	2	5	7
P_LP.2085	1	6	2	5	7
P_LP.2086	5	2	5	2	7
P_LP.2087	3	4	2	5	7
P_LP.2088	3	4	2	5	7
P_LP.2089	4	3	5	2	7
P_LP.209	4	3	4	3	7
P_LP.2090	4	3	6	1	7
P_LP.2091	3	4	2	5	7
P_LP.2092	4	3	3	4	7
P_LP.2093	1	6	4	3	7
P_LP.2094	3	4	4	3	7
P_LP.2095	4	3	6	1	7
P_LP.2096	4	3	4	3	7
P_LP.2097	1	6	2	5	7
P_LP.2098	5	2	3	4	7
P_LP.2099	3	4	6	1	7
P_LP.21	4	3	0	7	7
P_LP.210	0	7	7	0	7
P_LP.2100	3	4	5	2	7
P_LP.2101	2	5	3	4	7
P_LP.2103	5	2	1	6	7
P_LP.2104	4	3	4	3	7
P_LP.2105	5	2	3	4	7
P_LP.2106	5	2	4	3	7
P_LP.2107	5	2	5	2	7
P_LP.2108	2	5	4	3	7
P_LP.211	2	5	5	2	7
P_LP.2110	5	2	2	5	7
P_LP.2111	2	5	2	5	7
P_LP.2112	2	5	6	1	7
P_LP.2113	4	3	4	3	7
P_LP.2114	5	2	3	4	7
P_LP.2115	4	3	5	2	7
P_LP.2116	2	5	3	4	7
P_LP.2117	3	4	5	2	7
P_LP.2119	4	3	1	6	7
P_LP.212	3	4	4	3	7
P_LP.2120	1	6	6	1	7
P_LP.2121	3	4	4	3	7
P_LP.2122	5	2	4	3	7
P_LP.2123	2	5	4	3	7
P_LP.2124	2	5	3	4	7
P_LP.2125	1	6	2	5	7
P_LP.2126	4	3	3	4	7
P_LP.2127	4	3	3	4	7
P_LP.2128	3	4	3	4	7
P_LP.2129	5	2	2	5	7
P_LP.213	5	2	3	4	7
P_LP.2130	4	3	3	4	7
P_LP.2131	2	5	6	1	7
P_LP.2132	1	6	4	3	7
P_LP.2133	2	5	6	1	7
P_LP.2135	3	4	5	2	7
P_LP.2137	2	5	3	4	7
P_LP.2138	5	2	2	5	7
P_LP.2139	3	4	6	1	7
P_LP.214	2	5	4	3	7
P_LP.2140	1	6	7	0	7
P_LP.2142	2	5	6	1	7
P_LP.2143	2	5	5	2	7
P_LP.2144	3	4	1	6	7
P_LP.2145	3	4	3	4	7
P_LP.2146	3	4	4	3	7
P_LP.2147	4	3	4	3	7
P_LP.2148	2	5	2	5	7
P_LP.2149	2	5	3	4	7
P_LP.215	3	4	2	5	7
P_LP.2150	2	5	2	5	7
P_LP.2151	1	6	3	4	7
P_LP.2152	2	5	2	5	7
P_LP.2153	3	4	1	6	7
P_LP.2154	4	3	6	1	7
P_LP.2155	5	2	2	5	7
P_LP.2156	2	5	1	6	7
P_LP.2157	1	6	4	3	7
P_LP.2159	1	6	3	4	7
P_LP.216	4	3	5	2	7
P_LP.2160	3	4	1	6	7
P_LP.2161	3	4	4	3	7
P_LP.2162	5	2	0	7	7
P_LP.2163	3	4	4	3	7
P_LP.2164	3	4	4	3	7
P_LP.2165	1	6	7	0	7
P_LP.2166	4	3	5	2	7
P_LP.2167	2	5	3	4	7
P_LP.2168	1	6	3	4	7
P_LP.2169	2	5	5	2	7
P_LP.217	4	3	3	4	7
P_LP.2170	3	4	5	2	7
P_LP.2171	4	3	2	5	7
P_LP.2172	5	2	5	2	7
P_LP.2173	4	3	4	3	7
P_LP.2174	1	6	2	5	7
P_LP.2175	3	4	4	3	7
P_LP.2176	2	5	4	3	7
P_LP.2177	3	4	5	2	7
P_LP.2178	3	4	6	1	7
P_LP.2179	1	6	4	3	7
P_LP.218	2	5	4	3	7
P_LP.2180	4	3	4	3	7
P_LP.2181	3	4	5	2	7
P_LP.2182	2	5	4	3	7
P_LP.2183	5	2	1	6	7
P_LP.2184	5	2	2	5	7
P_LP.2185	2	5	5	2	7
P_LP.2186	1	6	4	3	7
P_LP.2187	5	2	5	2	7
P_LP.2188	2	5	5	2	7
P_LP.2189	4	3	4	3	7
P_LP.219	3	4	1	6	7
P_LP.2190	3	4	3	4	7
P_LP.2191	3	4	5	2	7
P_LP.2192	6	1	3	4	7
P_LP.2193	4	3	5	2	7
P_LP.2194	3	4	5	2	7
P_LP.2195	2	5	6	1	7
P_LP.2196	5	2	4	3	7
P_LP.2198	2	5	2	5	7
P_LP.2199	3	4	6	1	7
P_LP.22	0	7	5	2	7
P_LP.220	4	3	6	1	7
P_LP.2200	4	3	3	4	7
P_LP.2201	3	4	3	4	7
P_LP.2202	1	6	7	0	7
P_LP.2203	3	4	4	3	7
P_LP.2204	3	4	1	6	7
P_LP.2205	5	2	7	0	7
P_LP.2206	1	6	5	2	7
P_LP.2209	3	4	2	5	7
P_LP.221	4	3	1	6	7
P_LP.2210	2	5	1	6	7
P_LP.2211	5	2	5	2	7
P_LP.2212	4	3	4	3	7
P_LP.2213	4	3	5	2	7
P_LP.2214	2	5	4	3	7
P_LP.2215	2	5	3	4	7
P_LP.2216	2	5	4	3	7
P_LP.2217	3	4	3	4	7
P_LP.2218	0	7	6	1	7
P_LP.2219	1	6	6	1	7
P_LP.222	2	5	5	2	7
P_LP.2220	4	3	5	2	7
P_LP.2221	5	2	5	2	7
P_LP.2222	5	2	4	3	7
P_LP.2223	3	4	4	3	7
P_LP.2224	3	4	5	2	7
P_LP.2225	3	4	5	2	7
P_LP.2226	3	4	2	5	7
P_LP.2227	4	3	4	3	7
P_LP.2228	4	3	3	4	7
P_LP.2229	3	4	7	0	7
P_LP.223	4	3	2	5	7
P_LP.2230	3	4	6	1	7
P_LP.2231	3	4	3	4	7
P_LP.2233	4	3	1	6	7
P_LP.2234	2	5	6	1	7
P_LP.2235	4	3	2	5	7
P_LP.2236	3	4	0	7	7
P_LP.2237	1	6	6	1	7
P_LP.2238	2	5	3	4	7
P_LP.2239	2	5	5	2	7
P_LP.224	3	4	2	5	7
P_LP.2240	4	3	3	4	7
P_LP.2241	4	3	0	7	7
P_LP.2242	2	5	1	6	7
P_LP.2243	4	3	5	2	7
P_LP.2244	4	3	6	1	7
P_LP.2245	4	3	6	1	7
P_LP.2246	1	6	6	1	7
P_LP.2247	3	4	3	4	7
P_LP.2248	3	4	4	3	7
P_LP.2249	1	6	4	3	7
P_LP.225	4	3	3	4	7
P_LP.2250	3	4	5	2	7
P_LP.2251	3	4	3	4	7
P_LP.2252	1	6	5	2	7
P_LP.2253	3	4	2	5	7
P_LP.2254	3	4	6	1	7
P_LP.2256	3	4	1	6	7
P_LP.2257	4	3	4	3	7
P_LP.2258	4	3	3	4	7
P_LP.2259	4	3	4	3	7
P_LP.226	1	6	4	3	7
P_LP.2260	2	5	1	6	7
P_LP.2261	2	5	1	6	7
P_LP.2262	1	6	6	1	7
P_LP.2263	3	4	6	1	7
P_LP.2264	3	4	3	4	7
P_LP.2265	0	7	5	2	7
P_LP.2266	2	5	3	4	7
P_LP.2267	2	5	3	4	7
P_LP.2268	4	3	5	2	7
P_LP.2269	1	6	3	4	7
P_LP.227	4	3	5	2	7
P_LP.2270	4	3	5	2	7
P_LP.2271	2	5	6	1	7
P_LP.2272	4	3	4	3	7
P_LP.2273	5	2	5	2	7
P_LP.2274	6	1	4	3	7
P_LP.2276	3	4	1	6	7
P_LP.2277	4	3	2	5	7
P_LP.2278	3	4	2	5	7
P_LP.2279	5	2	1	6	7
P_LP.228	6	1	5	2	7
P_LP.2280	5	2	6	1	7
P_LP.2281	4	3	5	2	7
P_LP.2282	3	4	4	3	7
P_LP.2283	2	5	5	2	7
P_LP.2284	2	5	4	3	7
P_LP.2285	3	4	5	2	7
P_LP.2286	3	4	5	2	7
P_LP.2287	4	3	1	6	7
P_LP.2288	3	4	5	2	7
P_LP.2289	2	5	6	1	7
P_LP.229	3	4	6	1	7
P_LP.2291	3	4	6	1	7
P_LP.2293	4	3	4	3	7
P_LP.2294	3	4	5	2	7
P_LP.2295	2	5	5	2	7
P_LP.2296	3	4	7	0	7
P_LP.2297	4	3	5	2	7
P_LP.2298	7	0	1	6	7
P_LP.2299	4	3	5	2	7
P_LP.23	5	2	3	4	7
P_LP.230	1	6	4	3	7
P_LP.2300	1	6	4	3	7
P_LP.2301	4	3	1	6	7
P_LP.2302	2	5	4	3	7
P_LP.2303	2	5	4	3	7
P_LP.2304	2	5	6	1	7
P_LP.2305	4	3	4	3	7
P_LP.2306	3	4	4	3	7
P_LP.2307	2	5	7	0	7
P_LP.2309	4	3	4	3	7
P_LP.231	5	2	0	7	7
P_LP.2310	6	1	4	3	7
P_LP.2311	4	3	2	5	7
P_LP.2312	3	4	5	2	7
P_LP.2313	4	3	6	1	7
P_LP.2314	3	4	3	4	7
P_LP.2315	3	4	4	3	7
P_LP.2316	3	4	1	6	7
P_LP.2317	4	3	5	2	7
P_LP.2318	5	2	2	5	7
P_LP.2319	1	6	4	3	7
P_LP.232	5	2	4	3	7
P_LP.2320	4	3	3	4	7
P_LP.2321	2	5	2	5	7
P_LP.2323	5	2	3	4	7
P_LP.2324	5	2	5	2	7
P_LP.2326	5	2	3	4	7
P_LP.2327	1	6	2	5	7
P_LP.2328	3	4	6	1	7
P_LP.2329	1	6	2	5	7
P_LP.233	2	5	4	3	7
P_LP.2330	4	3	4	3	7
P_LP.2331	4	3	4	3	7
P_LP.2332	4	3	3	4	7
P_LP.2333	2	5	5	2	7
P_LP.2334	3	4	3	4	7
P_LP.2335	2	5	6	1	7
P_LP.2336	5	2	2	5	7
P_LP.2337	2	5	4	3	7
P_LP.2338	1	6	4	3	7
P_LP.2339	5	2	4	3	7
P_LP.234	3	4	5	2	7
P_LP.2340	4	3	4	3	7
P_LP.2341	3	4	7	0	7
P_LP.2343	3	4	2	5	7
P_LP.2344	2	5	5	2	7
P_LP.2345	4	3	5	2	7
P_LP.2346	2	5	3	4	7
P_LP.2347	4	3	5	2	7
P_LP.2348	4	3	5	2	7
P_LP.2349	1	6	6	1	7
P_LP.235	3	4	3	4	7
P_LP.2350	2	5	3	4	7
P_LP.2351	5	2	4	3	7
P_LP.2352	3	4	3	4	7
P_LP.2353	4	3	7	0	7
P_LP.2354	2	5	4	3	7
P_LP.2355	3	4	3	4	7
P_LP.2356	2	5	6	1	7
P_LP.2357	3	4	3	4	7
P_LP.2358	4	3	2	5	7
P_LP.2359	3	4	4	3	7
P_LP.236	3	4	4	3	7
P_LP.2360	5	2	0	7	7
P_LP.2361	2	5	6	1	7
P_LP.2362	3	4	5	2	7
P_LP.2363	4	3	3	4	7
P_LP.2364	3	4	2	5	7
P_LP.2365	5	2	1	6	7
P_LP.2366	2	5	4	3	7
P_LP.2367	3	4	2	5	7
P_LP.2369	2	5	4	3	7
P_LP.237	4	3	6	1	7
P_LP.2370	4	3	5	2	7
P_LP.2371	1	6	4	3	7
P_LP.2372	3	4	2	5	7
P_LP.2373	4	3	4	3	7
P_LP.2374	0	7	1	6	7
P_LP.2375	3	4	6	1	7
P_LP.2376	5	2	2	5	7
P_LP.2377	3	4	5	2	7
P_LP.2378	4	3	2	5	7
P_LP.2379	1	6	5	2	7
P_LP.238	3	4	5	2	7
P_LP.2381	1	6	3	4	7
P_LP.2382	4	3	4	3	7
P_LP.2383	2	5	3	4	7
P_LP.2384	3	4	6	1	7
P_LP.2386	3	4	1	6	7
P_LP.2387	5	2	4	3	7
P_LP.2389	3	4	2	5	7
P_LP.239	0	7	5	2	7
P_LP.2390	4	3	4	3	7
P_LP.2392	2	5	4	3	7
P_LP.2394	5	2	3	4	7
P_LP.2395	5	2	1	6	7
P_LP.2396	4	3	5	2	7
P_LP.2397	4	3	2	5	7
P_LP.2398	3	4	1	6	7
P_LP.2399	3	4	3	4	7
P_LP.24	3	4	7	0	7
P_LP.240	3	4	5	2	7
P_LP.2400	3	4	2	5	7
P_LP.2402	3	4	5	2	7
P_LP.2404	4	3	1	6	7
P_LP.2405	3	4	4	3	7
P_LP.2406	3	4	2	5	7
P_LP.2407	5	2	3	4	7
P_LP.2408	2	5	2	5	7
P_LP.2409	4	3	6	1	7
P_LP.2410	1	6	4	3	7
P_LP.2411	4	3	3	4	7
P_LP.2412	3	4	6	1	7
P_LP.2413	3	4	4	3	7
P_LP.2414	3	4	3	4	7
P_LP.2415	1	6	6	1	7
P_LP.2416	4	3	1	6	7
P_LP.2418	2	5	1	6	7
P_LP.2419	3	4	4	3	7
P_LP.242	0	7	5	2	7
P_LP.2420	3	4	3	4	7
P_LP.2421	5	2	2	5	7
P_LP.2422	4	3	6	1	7
P_LP.2423	4	3	3	4	7
P_LP.2424	2	5	6	1	7
P_LP.2425	3	4	4	3	7
P_LP.2428	1	6	6	1	7
P_LP.2429	3	4	1	6	7
P_LP.243	3	4	3	4	7
P_LP.2430	3	4	4	3	7
P_LP.2431	4	3	2	5	7
P_LP.2432	4	3	3	4	7
P_LP.2433	4	3	5	2	7
P_LP.2434	5	2	1	6	7
P_LP.2435	4	3	5	2	7
P_LP.2436	3	4	3	4	7
P_LP.2437	1	6	6	1	7
P_LP.2438	2	5	5	2	7
P_LP.2439	4	3	3	4	7
P_LP.244	5	2	3	4	7
P_LP.2442	3	4	1	6	7
P_LP.2443	2	5	4	3	7
P_LP.2444	2	5	3	4	7
P_LP.2445	4	3	0	7	7
P_LP.2446	1	6	6	1	7
P_LP.2447	4	3	4	3	7
P_LP.2448	3	4	5	2	7
P_LP.2449	4	3	4	3	7
P_LP.2450	4	3	2	5	7
P_LP.2451	4	3	2	5	7
P_LP.2452	4	3	4	3	7
P_LP.2453	3	4	5	2	7
P_LP.2454	1	6	7	0	7
P_LP.2457	3	4	5	2	7
P_LP.2458	3	4	3	4	7
P_LP.2459	3	4	2	5	7
P_LP.246	4	3	5	2	7
P_LP.2460	2	5	4	3	7
P_LP.2461	4	3	1	6	7
P_LP.2462	2	5	5	2	7
P_LP.2463	3	4	4	3	7
P_LP.2464	5	2	1	6	7
P_LP.2465	3	4	5	2	7
P_LP.2467	3	4	6	1	7
P_LP.2468	4	3	1	6	7
P_LP.2469	4	3	4	3	7
P_LP.247	1	6	3	4	7
P_LP.2470	3	4	4	3	7
P_LP.2471	4	3	5	2	7
P_LP.2472	3	4	5	2	7
P_LP.2473	4	3	5	2	7
P_LP.2474	4	3	4	3	7
P_LP.2475	4	3	5	2	7
P_LP.2477	4	3	2	5	7
P_LP.2478	1	6	3	4	7
P_LP.2479	2	5	4	3	7
P_LP.248	3	4	3	4	7
P_LP.2480	4	3	2	5	7
P_LP.2481	5	2	5	2	7
P_LP.2482	4	3	1	6	7
P_LP.2483	5	2	0	7	7
P_LP.2484	4	3	2	5	7
P_LP.2485	3	4	6	1	7
P_LP.2486	4	3	1	6	7
P_LP.2487	3	4	3	4	7
P_LP.2488	4	3	1	6	7
P_LP.2489	6	1	2	5	7
P_LP.249	3	4	6	1	7
P_LP.2490	5	2	4	3	7
P_LP.2491	2	5	1	6	7
P_LP.2492	4	3	4	3	7
P_LP.2493	5	2	3	4	7
P_LP.2494	2	5	4	3	7
P_LP.2495	3	4	5	2	7
P_LP.2496	2	5	4	3	7
P_LP.2497	4	3	0	7	7
P_LP.2498	2	5	3	4	7
P_LP.2499	4	3	3	4	7
P_LP.25	3	4	4	3	7
P_LP.2500	2	5	3	4	7
P_LP.2501	4	3	2	5	7
P_LP.2502	4	3	1	6	7
P_LP.2503	2	5	5	2	7
P_LP.2504	4	3	5	2	7
P_LP.2505	4	3	4	3	7
P_LP.2506	3	4	3	4	7
P_LP.2507	4	3	0	7	7
P_LP.2509	1	6	4	3	7
P_LP.251	4	3	4	3	7
P_LP.2510	3	4	6	1	7
P_LP.2511	4	3	6	1	7
P_LP.2512	3	4	6	1	7
P_LP.2513	4	3	0	7	7
P_LP.2514	2	5	3	4	7
P_LP.2515	4	3	5	2	7
P_LP.2516	3	4	4	3	7
P_LP.2517	2	5	4	3	7
P_LP.2518	1	6	4	3	7
P_LP.2519	6	1	2	5	7
P_LP.252	2	5	5	2	7
P_LP.2520	4	3	3	4	7
P_LP.2521	3	4	1	6	7
P_LP.2523	1	6	3	4	7
P_LP.2524	2	5	7	0	7
P_LP.2525	2	5	6	1	7
P_LP.2526	2	5	3	4	7
P_LP.2527	5	2	5	2	7
P_LP.2528	4	3	6	1	7
P_LP.2529	3	4	5	2	7
P_LP.253	1	6	6	1	7
P_LP.2530	5	2	5	2	7
P_LP.2531	4	3	5	2	7
P_LP.2532	3	4	3	4	7
P_LP.2533	1	6	5	2	7
P_LP.2534	3	4	1	6	7
P_LP.2535	3	4	0	7	7
P_LP.2536	4	3	0	7	7
P_LP.2537	3	4	4	3	7
P_LP.2538	3	4	1	6	7
P_LP.2539	2	5	5	2	7
P_LP.254	4	3	2	5	7
P_LP.2540	1	6	4	3	7
P_LP.2541	1	6	3	4	7
P_LP.2542	1	6	5	2	7
P_LP.2543	0	7	5	2	7
P_LP.2544	3	4	3	4	7
P_LP.2545	3	4	4	3	7
P_LP.2546	5	2	1	6	7
P_LP.2547	2	5	3	4	7
P_LP.2548	3	4	4	3	7
P_LP.2549	4	3	2	5	7
P_LP.255	5	2	4	3	7
P_LP.2550	2	5	5	2	7
P_LP.2551	2	5	5	2	7
P_LP.2552	1	6	3	4	7
P_LP.2553	2	5	4	3	7
P_LP.2554	1	6	1	6	7
P_LP.2555	4	3	3	4	7
P_LP.2556	4	3	3	4	7
P_LP.2557	2	5	6	1	7
P_LP.2558	3	4	6	1	7
P_LP.2559	3	4	2	5	7
P_LP.256	3	4	6	1	7
P_LP.2560	3	4	4	3	7
P_LP.2561	1	6	4	3	7
P_LP.2562	0	7	5	2	7
P_LP.2563	3	4	1	6	7
P_LP.2564	2	5	2	5	7
P_LP.2565	6	1	4	3	7
P_LP.2566	5	2	1	6	7
P_LP.2567	3	4	5	2	7
P_LP.2568	2	5	4	3	7
P_LP.2569	3	4	2	5	7
P_LP.257	1	6	5	2	7
P_LP.2570	2	5	4	3	7
P_LP.2572	5	2	1	6	7
P_LP.2573	2	5	3	4	7
P_LP.2574	3	4	6	1	7
P_LP.2575	3	4	7	0	7
P_LP.2576	3	4	2	5	7
P_LP.2577	4	3	2	5	7
P_LP.2578	0	7	6	1	7
P_LP.2579	4	3	5	2	7
P_LP.2581	3	4	5	2	7
P_LP.2582	3	4	1	6	7
P_LP.2583	4	3	5	2	7
P_LP.2584	3	4	3	4	7
P_LP.2585	4	3	2	5	7
P_LP.2586	3	4	6	1	7
P_LP.2588	0	7	7	0	7
P_LP.2589	4	3	4	3	7
P_LP.259	3	4	3	4	7
P_LP.2590	2	5	3	4	7
P_LP.2591	5	2	4	3	7
P_LP.2592	2	5	3	4	7
P_LP.2593	3	4	5	2	7
P_LP.2594	5	2	2	5	7
P_LP.2595	4	3	4	3	7
P_LP.2596	1	6	3	4	7
P_LP.2597	2	5	5	2	7
P_LP.2599	3	4	3	4	7
P_LP.26	4	3	4	3	7
P_LP.2600	4	3	3	4	7
P_LP.2603	2	5	7	0	7
P_LP.2604	4	3	1	6	7
P_LP.2605	4	3	1	6	7
P_LP.2606	3	4	4	3	7
P_LP.2607	4	3	2	5	7
P_LP.2608	3	4	2	5	7
P_LP.261	4	3	1	6	7
P_LP.2610	3	4	5	2	7
P_LP.2611	3	4	0	7	7
P_LP.2612	4	3	3	4	7
P_LP.2613	5	2	3	4	7
P_LP.2614	2	5	7	0	7
P_LP.2615	3	4	3	4	7
P_LP.2616	1	6	7	0	7
P_LP.2617	1	6	7	0	7
P_LP.2618	5	2	0	7	7
P_LP.2619	2	5	5	2	7
P_LP.262	4	3	1	6	7
P_LP.2621	5	2	0	7	7
P_LP.2622	0	7	5	2	7
P_LP.2624	4	3	5	2	7
P_LP.2627	3	4	6	1	7
P_LP.2628	4	3	5	2	7
P_LP.2629	4	3	0	7	7
P_LP.263	1	6	6	1	7
P_LP.2630	3	4	4	3	7
P_LP.2631	3	4	4	3	7
P_LP.2632	6	1	6	1	7
P_LP.2633	4	3	6	1	7
P_LP.2634	3	4	2	5	7
P_LP.2635	0	7	2	5	7
P_LP.2637	2	5	7	0	7
P_LP.2638	1	6	5	2	7
P_LP.264	4	3	4	3	7
P_LP.2640	2	5	0	7	7
P_LP.2641	1	6	5	2	7
P_LP.2642	2	5	1	6	7
P_LP.2643	3	4	5	2	7
P_LP.2644	5	2	5	2	7
P_LP.2645	3	4	4	3	7
P_LP.2646	5	2	1	6	7
P_LP.2647	1	6	1	6	7
P_LP.2648	3	4	5	2	7
P_LP.265	1	6	3	4	7
P_LP.2650	4	3	1	6	7
P_LP.2651	3	4	2	5	7
P_LP.2652	6	1	4	3	7
P_LP.2653	1	6	6	1	7
P_LP.2654	2	5	7	0	7
P_LP.2655	3	4	2	5	7
P_LP.2656	5	2	1	6	7
P_LP.2657	4	3	6	1	7
P_LP.2658	3	4	4	3	7
P_LP.2659	4	3	4	3	7
P_LP.266	5	2	3	4	7
P_LP.2660	2	5	6	1	7
P_LP.2661	1	6	6	1	7
P_LP.2662	1	6	4	3	7
P_LP.2663	4	3	7	0	7
P_LP.2664	3	4	3	4	7
P_LP.2665	2	5	7	0	7
P_LP.2666	4	3	5	2	7
P_LP.2667	2	5	1	6	7
P_LP.2669	2	5	3	4	7
P_LP.267	5	2	2	5	7
P_LP.2670	3	4	3	4	7
P_LP.2671	1	6	3	4	7
P_LP.2672	3	4	3	4	7
P_LP.2673	3	4	5	2	7
P_LP.2674	4	3	4	3	7
P_LP.2675	3	4	3	4	7
P_LP.2676	1	6	7	0	7
P_LP.2677	4	3	3	4	7
P_LP.2678	3	4	3	4	7
P_LP.2679	4	3	3	4	7
P_LP.268	4	3	0	7	7
P_LP.2680	3	4	1	6	7
P_LP.2682	4	3	4	3	7
P_LP.2684	4	3	5	2	7
P_LP.2685	4	3	6	1	7
P_LP.2686	5	2	5	2	7
P_LP.2687	4	3	4	3	7
P_LP.2689	5	2	3	4	7
P_LP.269	3	4	4	3	7
P_LP.2690	2	5	4	3	7
P_LP.2691	5	2	1	6	7
P_LP.2692	2	5	5	2	7
P_LP.2693	5	2	3	4	7
P_LP.2694	3	4	5	2	7
P_LP.2695	5	2	4	3	7
P_LP.2696	2	5	3	4	7
P_LP.2697	2	5	4	3	7
P_LP.2698	3	4	5	2	7
P_LP.2699	2	5	2	5	7
P_LP.27	2	5	1	6	7
P_LP.270	5	2	5	2	7
P_LP.2700	2	5	6	1	7
P_LP.2701	4	3	0	7	7
P_LP.2702	1	6	3	4	7
P_LP.2703	4	3	2	5	7
P_LP.2704	4	3	5	2	7
P_LP.2705	0	7	4	3	7
P_LP.2706	3	4	5	2	7
P_LP.2707	1	6	5	2	7
P_LP.2708	2	5	6	1	7
P_LP.2709	3	4	4	3	7
P_LP.271	4	3	2	5	7
P_LP.2710	3	4	7	0	7
P_LP.2711	3	4	3	4	7
P_LP.2712	3	4	3	4	7
P_LP.2713	5	2	2	5	7
P_LP.2714	2	5	4	3	7
P_LP.2715	3	4	3	4	7
P_LP.2716	3	4	2	5	7
P_LP.2717	5	2	3	4	7
P_LP.2718	2	5	6	1	7
P_LP.2719	2	5	4	3	7
P_LP.272	2	5	3	4	7
P_LP.2720	3	4	3	4	7
P_LP.2721	2	5	5	2	7
P_LP.2722	4	3	3	4	7
P_LP.2723	2	5	6	1	7
P_LP.2724	4	3	3	4	7
P_LP.2725	1	6	3	4	7
P_LP.2726	5	2	1	6	7
P_LP.2727	5	2	0	7	7
P_LP.2728	4	3	4	3	7
P_LP.2729	4	3	5	2	7
P_LP.273	4	3	4	3	7
P_LP.2730	3	4	4	3	7
P_LP.2731	4	3	4	3	7
P_LP.2732	4	3	3	4	7
P_LP.2733	3	4	6	1	7
P_LP.2734	3	4	2	5	7
P_LP.2735	2	5	3	4	7
P_LP.2736	2	5	4	3	7
P_LP.2737	4	3	5	2	7
P_LP.2738	2	5	4	3	7
P_LP.2739	3	4	4	3	7
P_LP.274	2	5	4	3	7
P_LP.2740	2	5	2	5	7
P_LP.2741	4	3	2	5	7
P_LP.2742	6	1	0	7	7
P_LP.2743	2	5	3	4	7
P_LP.2744	4	3	6	1	7
P_LP.2745	3	4	3	4	7
P_LP.2746	3	4	5	2	7
P_LP.2747	4	3	3	4	7
P_LP.2748	3	4	6	1	7
P_LP.2749	2	5	1	6	7
P_LP.275	4	3	3	4	7
P_LP.2750	4	3	2	5	7
P_LP.2751	4	3	1	6	7
P_LP.2752	4	3	5	2	7
P_LP.2753	2	5	5	2	7
P_LP.2754	2	5	6	1	7
P_LP.2755	2	5	6	1	7
P_LP.2756	3	4	4	3	7
P_LP.2757	1	6	4	3	7
P_LP.2758	4	3	1	6	7
P_LP.2759	3	4	4	3	7
P_LP.276	5	2	4	3	7
P_LP.2760	2	5	3	4	7
P_LP.2761	2	5	4	3	7
P_LP.2763	3	4	5	2	7
P_LP.2764	3	4	1	6	7
P_LP.2765	1	6	4	3	7
P_LP.2766	4	3	1	6	7
P_LP.2767	3	4	4	3	7
P_LP.2768	4	3	5	2	7
P_LP.2769	0	7	6	1	7
P_LP.277	4	3	0	7	7
P_LP.2770	2	5	2	5	7
P_LP.2771	4	3	2	5	7
P_LP.2772	5	2	3	4	7
P_LP.2773	4	3	4	3	7
P_LP.2774	3	4	5	2	7
P_LP.2775	3	4	3	4	7
P_LP.2776	3	4	5	2	7
P_LP.2777	3	4	4	3	7
P_LP.2778	4	3	1	6	7
P_LP.2779	1	6	6	1	7
P_LP.278	4	3	1	6	7
P_LP.2780	3	4	2	5	7
P_LP.2781	5	2	5	2	7
P_LP.2782	2	5	3	4	7
P_LP.2783	4	3	3	4	7
P_LP.2785	5	2	4	3	7
P_LP.2786	4	3	4	3	7
P_LP.2787	5	2	6	1	7
P_LP.2788	2	5	6	1	7
P_LP.2789	3	4	1	6	7
P_LP.279	4	3	1	6	7
P_LP.2790	4	3	2	5	7
P_LP.2791	3	4	3	4	7
P_LP.2792	3	4	7	0	7
P_LP.2793	3	4	5	2	7
P_LP.2794	4	3	3	4	7
P_LP.2796	2	5	4	3	7
P_LP.2797	4	3	5	2	7
P_LP.2798	6	1	4	3	7
P_LP.2799	2	5	5	2	7
P_LP.28	5	2	0	7	7
P_LP.280	4	3	3	4	7
P_LP.2800	3	4	4	3	7
P_LP.2801	4	3	3	4	7
P_LP.2802	0	7	6	1	7
P_LP.2803	4	3	4	3	7
P_LP.2804	3	4	2	5	7
P_LP.2805	4	3	2	5	7
P_LP.2806	2	5	2	5	7
P_LP.2807	4	3	5	2	7
P_LP.281	2	5	5	2	7
P_LP.2810	4	3	5	2	7
P_LP.2811	6	1	1	6	7
P_LP.2812	4	3	6	1	7
P_LP.2813	4	3	5	2	7
P_LP.2814	4	3	3	4	7
P_LP.2815	4	3	2	5	7
P_LP.2816	4	3	4	3	7
P_LP.2817	3	4	5	2	7
P_LP.2818	4	3	3	4	7
P_LP.2819	2	5	4	3	7
P_LP.282	3	4	4	3	7
P_LP.2820	3	4	2	5	7
P_LP.2821	4	3	6	1	7
P_LP.2822	2	5	3	4	7
P_LP.2823	3	4	5	2	7
P_LP.2824	2	5	4	3	7
P_LP.2826	4	3	3	4	7
P_LP.2827	5	2	1	6	7
P_LP.2828	1	6	5	2	7
P_LP.2829	5	2	3	4	7
P_LP.283	5	2	0	7	7
P_LP.2830	4	3	5	2	7
P_LP.2831	3	4	3	4	7
P_LP.2832	5	2	2	5	7
P_LP.2833	2	5	4	3	7
P_LP.2834	5	2	0	7	7
P_LP.2835	3	4	3	4	7
P_LP.2836	6	1	4	3	7
P_LP.2837	3	4	4	3	7
P_LP.2838	6	1	2	5	7
P_LP.2839	4	3	2	5	7
P_LP.284	4	3	0	7	7
P_LP.2840	4	3	3	4	7
P_LP.2841	3	4	5	2	7
P_LP.2842	4	3	4	3	7
P_LP.2843	3	4	7	0	7
P_LP.2844	3	4	3	4	7
P_LP.2845	5	2	2	5	7
P_LP.2847	4	3	4	3	7
P_LP.2848	3	4	6	1	7
P_LP.2849	3	4	5	2	7
P_LP.285	5	2	3	4	7
P_LP.2850	3	4	6	1	7
P_LP.2851	3	4	2	5	7
P_LP.2852	3	4	6	1	7
P_LP.2853	4	3	2	5	7
P_LP.2854	2	5	3	4	7
P_LP.2855	3	4	2	5	7
P_LP.2856	3	4	2	5	7
P_LP.2857	4	3	2	5	7
P_LP.2858	2	5	5	2	7
P_LP.2859	3	4	1	6	7
P_LP.286	3	4	6	1	7
P_LP.2860	4	3	2	5	7
P_LP.2861	4	3	5	2	7
P_LP.2862	2	5	2	5	7
P_LP.2863	1	6	5	2	7
P_LP.2864	4	3	5	2	7
P_LP.2865	4	3	4	3	7
P_LP.2866	2	5	2	5	7
P_LP.2867	4	3	2	5	7
P_LP.2868	3	4	4	3	7
P_LP.2869	3	4	3	4	7
P_LP.287	3	4	4	3	7
P_LP.2870	3	4	6	1	7
P_LP.2871	3	4	2	5	7
P_LP.2872	3	4	2	5	7
P_LP.2873	3	4	4	3	7
P_LP.2874	1	6	6	1	7
P_LP.2875	3	4	2	5	7
P_LP.2876	2	5	3	4	7
P_LP.2877	2	5	7	0	7
P_LP.2878	5	2	3	4	7
P_LP.2879	3	4	6	1	7
P_LP.288	4	3	3	4	7
P_LP.2880	4	3	2	5	7
P_LP.2881	1	6	4	3	7
P_LP.2882	3	4	6	1	7
P_LP.2883	3	4	5	2	7
P_LP.2884	1	6	4	3	7
P_LP.2885	3	4	2	5	7
P_LP.2886	6	1	2	5	7
P_LP.2887	3	4	2	5	7
P_LP.2889	3	4	5	2	7
P_LP.289	5	2	2	5	7
P_LP.2890	3	4	2	5	7
P_LP.2891	2	5	5	2	7
P_LP.2892	4	3	6	1	7
P_LP.2893	4	3	1	6	7
P_LP.2894	3	4	5	2	7
P_LP.2895	3	4	2	5	7
P_LP.2896	4	3	7	0	7
P_LP.2897	2	5	7	0	7
P_LP.2898	5	2	4	3	7
P_LP.2899	1	6	2	5	7
P_LP.29	1	6	5	2	7
P_LP.290	4	3	5	2	7
P_LP.2900	2	5	6	1	7
P_LP.2901	5	2	4	3	7
P_LP.2903	5	2	4	3	7
P_LP.2904	3	4	2	5	7
P_LP.2905	3	4	4	3	7
P_LP.2906	0	7	4	3	7
P_LP.2907	1	6	2	5	7
P_LP.2908	2	5	4	3	7
P_LP.2909	3	4	4	3	7
P_LP.291	2	5	5	2	7
P_LP.2910	4	3	3	4	7
P_LP.2911	6	1	1	6	7
P_LP.2912	4	3	3	4	7
P_LP.2913	4	3	2	5	7
P_LP.2914	3	4	5	2	7
P_LP.2915	5	2	4	3	7
P_LP.2916	3	4	2	5	7
P_LP.2917	2	5	4	3	7
P_LP.2918	0	7	5	2	7
P_LP.292	3	4	3	4	7
P_LP.2920	5	2	3	4	7
P_LP.2921	3	4	6	1	7
P_LP.2922	2	5	2	5	7
P_LP.2923	1	6	4	3	7
P_LP.2924	1	6	3	4	7
P_LP.2925	2	5	5	2	7
P_LP.2926	3	4	2	5	7
P_LP.2927	2	5	1	6	7
P_LP.2928	3	4	2	5	7
P_LP.2929	2	5	3	4	7
P_LP.293	3	4	5	2	7
P_LP.2930	5	2	4	3	7
P_LP.2931	3	4	4	3	7
P_LP.2933	5	2	2	5	7
P_LP.2935	2	5	2	5	7
P_LP.2936	3	4	4	3	7
P_LP.2937	2	5	3	4	7
P_LP.2938	1	6	4	3	7
P_LP.2939	2	5	2	5	7
P_LP.294	2	5	5	2	7
P_LP.2940	5	2	6	1	7
P_LP.2941	1	6	4	3	7
P_LP.2942	2	5	6	1	7
P_LP.2943	3	4	6	1	7
P_LP.2944	1	6	6	1	7
P_LP.2945	3	4	4	3	7
P_LP.2946	5	2	1	6	7
P_LP.2947	1	6	4	3	7
P_LP.2948	4	3	6	1	7
P_LP.2949	4	3	6	1	7
P_LP.295	6	1	0	7	7
P_LP.2950	3	4	3	4	7
P_LP.2951	3	4	4	3	7
P_LP.2952	3	4	2	5	7
P_LP.2953	3	4	4	3	7
P_LP.2954	3	4	7	0	7
P_LP.2955	2	5	4	3	7
P_LP.2956	2	5	3	4	7
P_LP.2957	2	5	5	2	7
P_LP.2958	3	4	4	3	7
P_LP.2959	2	5	4	3	7
P_LP.296	5	2	2	5	7
P_LP.2961	4	3	4	3	7
P_LP.2964	3	4	4	3	7
P_LP.2965	4	3	4	3	7
P_LP.2966	3	4	3	4	7
P_LP.2967	2	5	4	3	7
P_LP.2968	3	4	5	2	7
P_LP.2969	1	6	4	3	7
P_LP.297	4	3	5	2	7
P_LP.2970	4	3	6	1	7
P_LP.2971	2	5	3	4	7
P_LP.2972	5	2	4	3	7
P_LP.2973	4	3	7	0	7
P_LP.2974	3	4	4	3	7
P_LP.2975	3	4	4	3	7
P_LP.2976	4	3	2	5	7
P_LP.2977	1	6	5	2	7
P_LP.2978	1	6	5	2	7
P_LP.298	1	6	6	1	7
P_LP.2980	2	5	4	3	7
P_LP.2981	1	6	4	3	7
P_LP.2982	2	5	1	6	7
P_LP.2983	2	5	3	4	7
P_LP.2984	2	5	4	3	7
P_LP.2985	4	3	2	5	7
P_LP.2986	4	3	3	4	7
P_LP.2987	2	5	5	2	7
P_LP.2988	2	5	5	2	7
P_LP.2989	4	3	7	0	7
P_LP.299	3	4	3	4	7
P_LP.2990	3	4	3	4	7
P_LP.2991	3	4	1	6	7
P_LP.2992	3	4	2	5	7
P_LP.2993	3	4	2	5	7
P_LP.2994	1	6	3	4	7
P_LP.2995	1	6	5	2	7
P_LP.2996	2	5	4	3	7
P_LP.2997	3	4	2	5	7
P_LP.2998	2	5	5	2	7
P_LP.2999	5	2	4	3	7
P_LP.3	0	7	5	2	7
P_LP.30	5	2	3	4	7
P_LP.300	2	5	5	2	7
P_LP.3000	2	5	4	3	7
P_LP.3001	4	3	3	4	7
P_LP.3002	4	3	2	5	7
P_LP.3003	2	5	3	4	7
P_LP.3004	3	4	4	3	7
P_LP.3005	2	5	4	3	7
P_LP.3006	4	3	7	0	7
P_LP.3007	2	5	6	1	7
P_LP.3008	5	2	2	5	7
P_LP.3009	3	4	3	4	7
P_LP.301	4	3	3	4	7
P_LP.3010	4	3	0	7	7
P_LP.3011	2	5	2	5	7
P_LP.3012	4	3	6	1	7
P_LP.3013	2	5	4	3	7
P_LP.3014	5	2	2	5	7
P_LP.3015	5	2	2	5	7
P_LP.3016	4	3	6	1	7
P_LP.3018	4	3	2	5	7
P_LP.3019	3	4	3	4	7
P_LP.302	5	2	4	3	7
P_LP.3021	2	5	4	3	7
P_LP.3022	4	3	1	6	7
P_LP.3023	3	4	7	0	7
P_LP.3024	4	3	3	4	7
P_LP.3025	1	6	6	1	7
P_LP.3026	3	4	6	1	7
P_LP.3027	3	4	3	4	7
P_LP.3028	2	5	3	4	7
P_LP.3029	5	2	2	5	7
P_LP.303	1	6	5	2	7
P_LP.3032	3	4	3	4	7
P_LP.3033	1	6	4	3	7
P_LP.3034	4	3	4	3	7
P_LP.3035	2	5	2	5	7
P_LP.3036	3	4	3	4	7
P_LP.3037	2	5	2	5	7
P_LP.3038	5	2	4	3	7
P_LP.3039	1	6	7	0	7
P_LP.304	4	3	2	5	7
P_LP.3040	2	5	6	1	7
P_LP.3041	3	4	2	5	7
P_LP.3042	4	3	3	4	7
P_LP.3043	2	5	5	2	7
P_LP.3044	4	3	5	2	7
P_LP.3045	1	6	6	1	7
P_LP.3046	5	2	4	3	7
P_LP.3047	2	5	3	4	7
P_LP.3048	5	2	4	3	7
P_LP.3049	2	5	5	2	7
P_LP.305	4	3	2	5	7
P_LP.3050	3	4	6	1	7
P_LP.3051	3	4	4	3	7
P_LP.3052	3	4	4	3	7
P_LP.3053	2	5	6	1	7
P_LP.3054	4	3	6	1	7
P_LP.3055	2	5	2	5	7
P_LP.3056	1	6	5	2	7
P_LP.3057	4	3	4	3	7
P_LP.3059	1	6	4	3	7
P_LP.306	4	3	6	1	7
P_LP.3060	2	5	5	2	7
P_LP.3061	2	5	3	4	7
P_LP.3062	2	5	3	4	7
P_LP.3063	1	6	2	5	7
P_LP.3064	4	3	1	6	7
P_LP.3065	5	2	3	4	7
P_LP.3066	4	3	2	5	7
P_LP.3067	2	5	2	5	7
P_LP.3068	4	3	2	5	7
P_LP.3069	3	4	3	4	7
P_LP.307	4	3	2	5	7
P_LP.3070	3	4	2	5	7
P_LP.3071	3	4	4	3	7
P_LP.3072	2	5	3	4	7
P_LP.3073	4	3	6	1	7
P_LP.3074	5	2	4	3	7
P_LP.3075	4	3	3	4	7
P_LP.3076	3	4	2	5	7
P_LP.3077	3	4	5	2	7
P_LP.3078	2	5	2	5	7
P_LP.308	3	4	6	1	7
P_LP.3081	4	3	4	3	7
P_LP.3082	4	3	3	4	7
P_LP.3083	2	5	6	1	7
P_LP.3084	1	6	4	3	7
P_LP.3085	2	5	4	3	7
P_LP.3086	3	4	6	1	7
P_LP.3087	4	3	4	3	7
P_LP.3088	4	3	2	5	7
P_LP.3089	2	5	4	3	7
P_LP.309	6	1	4	3	7
P_LP.3091	2	5	6	1	7
P_LP.3092	4	3	3	4	7
P_LP.3093	2	5	4	3	7
P_LP.3094	2	5	3	4	7
P_LP.3095	1	6	3	4	7
P_LP.3096	4	3	4	3	7
P_LP.3098	3	4	1	6	7
P_LP.31	2	5	3	4	7
P_LP.310	4	3	6	1	7
P_LP.3100	2	5	2	5	7
P_LP.3101	3	4	3	4	7
P_LP.3102	3	4	3	4	7
P_LP.3103	3	4	5	2	7
P_LP.3104	3	4	2	5	7
P_LP.3105	3	4	4	3	7
P_LP.3106	4	3	2	5	7
P_LP.3108	1	6	5	2	7
P_LP.3109	2	5	5	2	7
P_LP.3110	1	6	4	3	7
P_LP.3111	5	2	5	2	7
P_LP.3112	5	2	3	4	7
P_LP.3114	4	3	4	3	7
P_LP.3115	1	6	6	1	7
P_LP.3116	2	5	5	2	7
P_LP.3117	3	4	3	4	7
P_LP.3118	1	6	6	1	7
P_LP.3119	2	5	4	3	7
P_LP.312	2	5	6	1	7
P_LP.3120	1	6	5	2	7
P_LP.3121	4	3	5	2	7
P_LP.3122	3	4	2	5	7
P_LP.3123	0	7	5	2	7
P_LP.3124	1	6	5	2	7
P_LP.3125	1	6	4	3	7
P_LP.3126	4	3	1	6	7
P_LP.3127	3	4	5	2	7
P_LP.3128	2	5	5	2	7
P_LP.3129	5	2	3	4	7
P_LP.313	2	5	7	0	7
P_LP.3130	2	5	5	2	7
P_LP.3131	2	5	3	4	7
P_LP.3132	3	4	4	3	7
P_LP.3133	2	5	4	3	7
P_LP.3134	1	6	6	1	7
P_LP.3135	4	3	2	5	7
P_LP.3136	4	3	5	2	7
P_LP.3138	2	5	4	3	7
P_LP.314	2	5	5	2	7
P_LP.3140	3	4	3	4	7
P_LP.3141	1	6	2	5	7
P_LP.3142	1	6	3	4	7
P_LP.3143	3	4	4	3	7
P_LP.3144	5	2	4	3	7
P_LP.3145	3	4	5	2	7
P_LP.3146	2	5	5	2	7
P_LP.3147	4	3	5	2	7
P_LP.3148	0	7	4	3	7
P_LP.3149	4	3	6	1	7
P_LP.315	0	7	6	1	7
P_LP.3150	4	3	0	7	7
P_LP.3151	2	5	4	3	7
P_LP.3152	4	3	6	1	7
P_LP.3153	0	7	5	2	7
P_LP.3154	3	4	3	4	7
P_LP.3155	2	5	2	5	7
P_LP.3156	5	2	4	3	7
P_LP.3157	3	4	5	2	7
P_LP.3158	3	4	5	2	7
P_LP.3159	2	5	4	3	7
P_LP.316	5	2	2	5	7
P_LP.3160	3	4	4	3	7
P_LP.3161	4	3	3	4	7
P_LP.3162	3	4	3	4	7
P_LP.3163	2	5	4	3	7
P_LP.3164	2	5	3	4	7
P_LP.3165	4	3	7	0	7
P_LP.3166	3	4	4	3	7
P_LP.3167	3	4	5	2	7
P_LP.3168	1	6	5	2	7
P_LP.3169	4	3	3	4	7
P_LP.317	3	4	2	5	7
P_LP.3170	4	3	6	1	7
P_LP.3171	4	3	6	1	7
P_LP.3172	3	4	3	4	7
P_LP.3173	4	3	2	5	7
P_LP.3174	4	3	3	4	7
P_LP.3175	2	5	6	1	7
P_LP.3176	3	4	3	4	7
P_LP.3177	3	4	3	4	7
P_LP.3178	5	2	4	3	7
P_LP.3179	5	2	4	3	7
P_LP.318	2	5	4	3	7
P_LP.3180	1	6	3	4	7
P_LP.3181	3	4	3	4	7
P_LP.3184	2	5	3	4	7
P_LP.3185	3	4	5	2	7
P_LP.3187	3	4	2	5	7
P_LP.319	3	4	4	3	7
P_LP.3190	0	7	3	4	7
P_LP.3191	3	4	5	2	7
P_LP.3192	3	4	4	3	7
P_LP.3193	3	4	6	1	7
P_LP.3194	1	6	4	3	7
P_LP.3195	3	4	4	3	7
P_LP.3196	2	5	3	4	7
P_LP.3197	2	5	4	3	7
P_LP.3198	2	5	5	2	7
P_LP.32	2	5	4	3	7
P_LP.320	0	7	5	2	7
P_LP.3200	2	5	2	5	7
P_LP.3201	6	1	5	2	7
P_LP.3202	3	4	2	5	7
P_LP.3203	3	4	1	6	7
P_LP.3204	3	4	4	3	7
P_LP.3205	2	5	6	1	7
P_LP.3206	4	3	3	4	7
P_LP.3207	5	2	4	3	7
P_LP.3208	3	4	4	3	7
P_LP.3209	4	3	2	5	7
P_LP.321	4	3	2	5	7
P_LP.3210	2	5	2	5	7
P_LP.3211	2	5	2	5	7
P_LP.3212	3	4	3	4	7
P_LP.3213	2	5	3	4	7
P_LP.3215	4	3	1	6	7
P_LP.3218	0	7	2	5	7
P_LP.322	1	6	7	0	7
P_LP.3220	3	4	5	2	7
P_LP.3221	2	5	5	2	7
P_LP.3222	3	4	4	3	7
P_LP.3223	3	4	6	1	7
P_LP.3226	3	4	4	3	7
P_LP.3228	5	2	1	6	7
P_LP.3229	4	3	2	5	7
P_LP.323	4	3	5	2	7
P_LP.3230	4	3	1	6	7
P_LP.3231	4	3	6	1	7
P_LP.3232	3	4	4	3	7
P_LP.3233	2	5	2	5	7
P_LP.3235	4	3	3	4	7
P_LP.3236	5	2	0	7	7
P_LP.3237	5	2	6	1	7
P_LP.3239	6	1	3	4	7
P_LP.324	2	5	2	5	7
P_LP.3240	4	3	5	2	7
P_LP.3241	3	4	6	1	7
P_LP.3244	5	2	5	2	7
P_LP.3245	4	3	3	4	7
P_LP.3246	5	2	6	1	7
P_LP.3247	1	6	3	4	7
P_LP.3249	3	4	6	1	7
P_LP.325	1	6	3	4	7
P_LP.3250	4	3	5	2	7
P_LP.3251	3	4	4	3	7
P_LP.3252	2	5	6	1	7
P_LP.3254	4	3	3	4	7
P_LP.3255	1	6	5	2	7
P_LP.3256	2	5	5	2	7
P_LP.3257	4	3	3	4	7
P_LP.3258	4	3	5	2	7
P_LP.326	2	5	5	2	7
P_LP.3260	3	4	4	3	7
P_LP.3261	4	3	1	6	7
P_LP.3262	2	5	3	4	7
P_LP.3264	3	4	2	5	7
P_LP.3267	4	3	1	6	7
P_LP.3268	2	5	5	2	7
P_LP.3269	4	3	1	6	7
P_LP.327	3	4	2	5	7
P_LP.3271	4	3	4	3	7
P_LP.3272	3	4	2	5	7
P_LP.3273	5	2	6	1	7
P_LP.3275	3	4	2	5	7
P_LP.3276	2	5	3	4	7
P_LP.3277	1	6	7	0	7
P_LP.3278	3	4	6	1	7
P_LP.328	6	1	5	2	7
P_LP.3281	3	4	4	3	7
P_LP.3282	2	5	1	6	7
P_LP.3283	4	3	3	4	7
P_LP.3284	3	4	3	4	7
P_LP.3286	5	2	3	4	7
P_LP.3287	1	6	3	4	7
P_LP.3288	0	7	4	3	7
P_LP.3289	3	4	2	5	7
P_LP.329	4	3	3	4	7
P_LP.3290	2	5	1	6	7
P_LP.3291	4	3	3	4	7
P_LP.3292	2	5	4	3	7
P_LP.3293	2	5	4	3	7
P_LP.3294	4	3	0	7	7
P_LP.3295	5	2	3	4	7
P_LP.3296	3	4	4	3	7
P_LP.3297	2	5	4	3	7
P_LP.33	4	3	1	6	7
P_LP.331	4	3	4	3	7
P_LP.332	6	1	0	7	7
P_LP.333	4	3	6	1	7
P_LP.334	4	3	0	7	7
P_LP.335	4	3	1	6	7
P_LP.336	2	5	2	5	7
P_LP.337	4	3	4	3	7
P_LP.338	1	6	4	3	7
P_LP.339	4	3	6	1	7
P_LP.34	3	4	5	2	7
P_LP.340	3	4	4	3	7
P_LP.341	5	2	2	5	7
P_LP.342	3	4	4	3	7
P_LP.343	4	3	4	3	7
P_LP.344	4	3	0	7	7
P_LP.345	5	2	5	2	7
P_LP.347	3	4	5	2	7
P_LP.348	4	3	3	4	7
P_LP.349	1	6	6	1	7
P_LP.35	5	2	3	4	7
P_LP.350	5	2	2	5	7
P_LP.351	4	3	2	5	7
P_LP.352	4	3	1	6	7
P_LP.353	3	4	2	5	7
P_LP.354	5	2	3	4	7
P_LP.355	4	3	2	5	7
P_LP.356	4	3	1	6	7
P_LP.357	3	4	3	4	7
P_LP.358	1	6	6	1	7
P_LP.359	2	5	5	2	7
P_LP.36	2	5	5	2	7
P_LP.360	4	3	4	3	7
P_LP.361	5	2	4	3	7
P_LP.362	3	4	2	5	7
P_LP.363	2	5	4	3	7
P_LP.364	5	2	2	5	7
P_LP.365	4	3	5	2	7
P_LP.366	2	5	5	2	7
P_LP.367	4	3	2	5	7
P_LP.368	4	3	1	6	7
P_LP.369	4	3	4	3	7
P_LP.37	4	3	4	3	7
P_LP.371	2	5	1	6	7
P_LP.372	3	4	3	4	7
P_LP.373	3	4	5	2	7
P_LP.374	3	4	5	2	7
P_LP.375	2	5	6	1	7
P_LP.376	5	2	3	4	7
P_LP.377	5	2	2	5	7
P_LP.378	5	2	4	3	7
P_LP.379	3	4	3	4	7
P_LP.38	1	6	6	1	7
P_LP.380	0	7	5	2	7
P_LP.381	4	3	6	1	7
P_LP.382	2	5	4	3	7
P_LP.383	3	4	4	3	7
P_LP.384	5	2	5	2	7
P_LP.385	1	6	5	2	7
P_LP.386	3	4	1	6	7
P_LP.387	2	5	6	1	7
P_LP.388	3	4	2	5	7
P_LP.39	6	1	1	6	7
P_LP.390	2	5	5	2	7
P_LP.391	5	2	4	3	7
P_LP.392	5	2	3	4	7
P_LP.393	1	6	6	1	7
P_LP.394	5	2	2	5	7
P_LP.395	2	5	5	2	7
P_LP.396	3	4	5	2	7
P_LP.397	5	2	5	2	7
P_LP.398	4	3	5	2	7
P_LP.399	4	3	2	5	7
P_LP.4	4	3	4	3	7
P_LP.40	2	5	4	3	7
P_LP.400	3	4	4	3	7
P_LP.401	4	3	4	3	7
P_LP.402	4	3	3	4	7
P_LP.403	6	1	1	6	7
P_LP.404	5	2	4	3	7
P_LP.405	1	6	3	4	7
P_LP.406	4	3	4	3	7
P_LP.407	5	2	5	2	7
P_LP.408	4	3	1	6	7
P_LP.409	4	3	4	3	7
P_LP.41	4	3	5	2	7
P_LP.410	5	2	2	5	7
P_LP.411	3	4	4	3	7
P_LP.412	3	4	4	3	7
P_LP.413	4	3	4	3	7
P_LP.414	1	6	6	1	7
P_LP.415	3	4	5	2	7
P_LP.416	4	3	1	6	7
P_LP.417	5	2	3	4	7
P_LP.418	4	3	3	4	7
P_LP.419	2	5	6	1	7
P_LP.42	2	5	5	2	7
P_LP.420	4	3	5	2	7
P_LP.421	1	6	6	1	7
P_LP.422	3	4	3	4	7
P_LP.423	4	3	4	3	7
P_LP.424	2	5	4	3	7
P_LP.426	5	2	5	2	7
P_LP.427	5	2	4	3	7
P_LP.428	3	4	5	2	7
P_LP.429	3	4	3	4	7
P_LP.43	4	3	2	5	7
P_LP.430	3	4	4	3	7
P_LP.431	4	3	4	3	7
P_LP.432	3	4	3	4	7
P_LP.433	2	5	5	2	7
P_LP.434	1	6	3	4	7
P_LP.435	3	4	4	3	7
P_LP.436	3	4	6	1	7
P_LP.437	1	6	6	1	7
P_LP.438	4	3	1	6	7
P_LP.439	4	3	3	4	7
P_LP.44	5	2	4	3	7
P_LP.440	3	4	2	5	7
P_LP.441	3	4	6	1	7
P_LP.442	5	2	0	7	7
P_LP.443	4	3	1	6	7
P_LP.444	3	4	4	3	7
P_LP.445	3	4	5	2	7
P_LP.446	4	3	6	1	7
P_LP.447	2	5	4	3	7
P_LP.449	5	2	6	1	7
P_LP.45	4	3	2	5	7
P_LP.450	5	2	3	4	7
P_LP.451	4	3	4	3	7
P_LP.452	1	6	4	3	7
P_LP.453	2	5	3	4	7
P_LP.454	1	6	6	1	7
P_LP.455	5	2	3	4	7
P_LP.456	3	4	4	3	7
P_LP.457	2	5	3	4	7
P_LP.458	3	4	4	3	7
P_LP.459	3	4	4	3	7
P_LP.46	3	4	3	4	7
P_LP.460	4	3	6	1	7
P_LP.461	3	4	6	1	7
P_LP.462	4	3	1	6	7
P_LP.463	6	1	1	6	7
P_LP.464	2	5	6	1	7
P_LP.465	3	4	6	1	7
P_LP.466	5	2	4	3	7
P_LP.467	3	4	6	1	7
P_LP.468	4	3	2	5	7
P_LP.469	4	3	5	2	7
P_LP.47	4	3	2	5	7
P_LP.470	3	4	3	4	7
P_LP.471	3	4	5	2	7
P_LP.472	4	3	5	2	7
P_LP.473	2	5	5	2	7
P_LP.474	5	2	2	5	7
P_LP.475	3	4	5	2	7
P_LP.476	5	2	5	2	7
P_LP.477	1	6	6	1	7
P_LP.478	4	3	1	6	7
P_LP.479	4	3	2	5	7
P_LP.48	0	7	5	2	7
P_LP.480	4	3	4	3	7
P_LP.481	5	2	1	6	7
P_LP.482	5	2	1	6	7
P_LP.483	3	4	3	4	7
P_LP.484	1	6	6	1	7
P_LP.485	1	6	4	3	7
P_LP.486	4	3	0	7	7
P_LP.487	2	5	5	2	7
P_LP.488	3	4	5	2	7
P_LP.489	2	5	5	2	7
P_LP.49	1	6	5	2	7
P_LP.491	1	6	6	1	7
P_LP.493	5	2	3	4	7
P_LP.494	2	5	4	3	7
P_LP.495	1	6	2	5	7
P_LP.496	5	2	4	3	7
P_LP.497	3	4	6	1	7
P_LP.498	3	4	5	2	7
P_LP.499	3	4	0	7	7
P_LP.5	4	3	2	5	7
P_LP.50	3	4	2	5	7
P_LP.500	4	3	3	4	7
P_LP.501	5	2	2	5	7
P_LP.502	3	4	2	5	7
P_LP.503	4	3	2	5	7
P_LP.504	5	2	4	3	7
P_LP.505	4	3	4	3	7
P_LP.506	4	3	3	4	7
P_LP.507	2	5	5	2	7
P_LP.508	2	5	3	4	7
P_LP.509	4	3	2	5	7
P_LP.51	4	3	7	0	7
P_LP.510	2	5	4	3	7
P_LP.511	3	4	5	2	7
P_LP.512	1	6	5	2	7
P_LP.513	4	3	3	4	7
P_LP.514	1	6	7	0	7
P_LP.515	2	5	4	3	7
P_LP.516	3	4	3	4	7
P_LP.517	3	4	1	6	7
P_LP.518	4	3	5	2	7
P_LP.519	5	2	4	3	7
P_LP.52	2	5	3	4	7
P_LP.520	4	3	4	3	7
P_LP.521	2	5	6	1	7
P_LP.522	4	3	5	2	7
P_LP.523	3	4	2	5	7
P_LP.524	2	5	5	2	7
P_LP.525	6	1	6	1	7
P_LP.526	3	4	6	1	7
P_LP.527	3	4	2	5	7
P_LP.528	6	1	1	6	7
P_LP.529	1	6	2	5	7
P_LP.53	3	4	4	3	7
P_LP.530	5	2	1	6	7
P_LP.531	1	6	4	3	7
P_LP.532	5	2	6	1	7
P_LP.533	4	3	3	4	7
P_LP.534	3	4	6	1	7
P_LP.538	1	6	6	1	7
P_LP.539	4	3	7	0	7
P_LP.54	1	6	5	2	7
P_LP.540	3	4	4	3	7
P_LP.541	2	5	2	5	7
P_LP.542	4	3	5	2	7
P_LP.543	5	2	2	5	7
P_LP.544	3	4	5	2	7
P_LP.545	1	6	6	1	7
P_LP.546	1	6	5	2	7
P_LP.547	1	6	6	1	7
P_LP.548	2	5	6	1	7
P_LP.549	1	6	3	4	7
P_LP.55	2	5	7	0	7
P_LP.550	4	3	3	4	7
P_LP.551	2	5	5	2	7
P_LP.552	3	4	6	1	7
P_LP.553	5	2	4	3	7
P_LP.554	5	2	4	3	7
P_LP.555	3	4	2	5	7
P_LP.557	4	3	2	5	7
P_LP.558	4	3	2	5	7
P_LP.56	5	2	3	4	7
P_LP.560	4	3	2	5	7
P_LP.561	4	3	3	4	7
P_LP.563	3	4	2	5	7
P_LP.564	2	5	5	2	7
P_LP.565	5	2	1	6	7
P_LP.566	2	5	6	1	7
P_LP.567	1	6	6	1	7
P_LP.569	3	4	4	3	7
P_LP.57	4	3	3	4	7
P_LP.570	5	2	3	4	7
P_LP.571	0	7	6	1	7
P_LP.572	2	5	6	1	7
P_LP.573	4	3	5	2	7
P_LP.574	3	4	7	0	7
P_LP.576	1	6	3	4	7
P_LP.577	0	7	4	3	7
P_LP.578	2	5	3	4	7
P_LP.579	3	4	4	3	7
P_LP.58	4	3	5	2	7
P_LP.580	4	3	2	5	7
P_LP.581	3	4	4	3	7
P_LP.582	4	3	5	2	7
P_LP.583	1	6	4	3	7
P_LP.584	2	5	5	2	7
P_LP.585	2	5	4	3	7
P_LP.586	4	3	5	2	7
P_LP.587	5	2	3	4	7
P_LP.588	3	4	5	2	7
P_LP.589	1	6	4	3	7
P_LP.59	4	3	6	1	7
P_LP.590	4	3	4	3	7
P_LP.591	3	4	4	3	7
P_LP.592	3	4	4	3	7
P_LP.594	0	7	2	5	7
P_LP.595	3	4	4	3	7
P_LP.596	2	5	4	3	7
P_LP.597	6	1	3	4	7
P_LP.598	4	3	2	5	7
P_LP.599	3	4	2	5	7
P_LP.6	3	4	4	3	7
P_LP.60	4	3	2	5	7
P_LP.600	4	3	3	4	7
P_LP.601	0	7	6	1	7
P_LP.602	4	3	2	5	7
P_LP.604	4	3	0	7	7
P_LP.605	5	2	0	7	7
P_LP.606	3	4	5	2	7
P_LP.607	4	3	6	1	7
P_LP.608	0	7	7	0	7
P_LP.609	3	4	4	3	7
P_LP.61	5	2	2	5	7
P_LP.610	2	5	6	1	7
P_LP.611	6	1	4	3	7
P_LP.612	4	3	2	5	7
P_LP.613	5	2	4	3	7
P_LP.614	4	3	3	4	7
P_LP.617	1	6	7	0	7
P_LP.618	4	3	3	4	7
P_LP.619	4	3	6	1	7
P_LP.62	3	4	5	2	7
P_LP.620	1	6	4	3	7
P_LP.621	3	4	6	1	7
P_LP.623	1	6	7	0	7
P_LP.624	3	4	2	5	7
P_LP.626	3	4	3	4	7
P_LP.627	4	3	3	4	7
P_LP.628	4	3	6	1	7
P_LP.629	4	3	5	2	7
P_LP.63	2	5	6	1	7
P_LP.630	5	2	0	7	7
P_LP.631	2	5	4	3	7
P_LP.632	5	2	6	1	7
P_LP.633	2	5	3	4	7
P_LP.634	2	5	6	1	7
P_LP.635	1	6	5	2	7
P_LP.636	4	3	4	3	7
P_LP.637	3	4	7	0	7
P_LP.638	3	4	5	2	7
P_LP.639	3	4	5	2	7
P_LP.64	4	3	4	3	7
P_LP.640	5	2	4	3	7
P_LP.641	2	5	4	3	7
P_LP.642	3	4	4	3	7
P_LP.643	3	4	5	2	7
P_LP.644	2	5	3	4	7
P_LP.645	5	2	6	1	7
P_LP.646	1	6	4	3	7
P_LP.647	2	5	6	1	7
P_LP.648	1	6	5	2	7
P_LP.649	2	5	5	2	7
P_LP.65	4	3	3	4	7
P_LP.650	4	3	2	5	7
P_LP.651	3	4	6	1	7
P_LP.652	3	4	4	3	7
P_LP.653	2	5	6	1	7
P_LP.654	2	5	3	4	7
P_LP.656	3	4	5	2	7
P_LP.657	4	3	5	2	7
P_LP.658	3	4	6	1	7
P_LP.659	3	4	2	5	7
P_LP.660	2	5	6	1	7
P_LP.661	4	3	3	4	7
P_LP.662	5	2	2	5	7
P_LP.664	2	5	5	2	7
P_LP.665	2	5	4	3	7
P_LP.666	2	5	1	6	7
P_LP.667	4	3	6	1	7
P_LP.668	2	5	5	2	7
P_LP.669	3	4	6	1	7
P_LP.67	3	4	2	5	7
P_LP.670	3	4	5	2	7
P_LP.671	5	2	5	2	7
P_LP.672	3	4	1	6	7
P_LP.673	1	6	4	3	7
P_LP.674	5	2	5	2	7
P_LP.675	4	3	6	1	7
P_LP.676	2	5	3	4	7
P_LP.677	4	3	2	5	7
P_LP.679	1	6	3	4	7
P_LP.68	3	4	0	7	7
P_LP.681	3	4	5	2	7
P_LP.682	5	2	0	7	7
P_LP.683	5	2	4	3	7
P_LP.684	2	5	4	3	7
P_LP.685	5	2	5	2	7
P_LP.686	4	3	6	1	7
P_LP.687	3	4	1	6	7
P_LP.688	3	4	5	2	7
P_LP.689	6	1	1	6	7
P_LP.69	3	4	3	4	7
P_LP.690	5	2	3	4	7
P_LP.691	2	5	7	0	7
P_LP.692	4	3	5	2	7
P_LP.693	2	5	4	3	7
P_LP.694	4	3	7	0	7
P_LP.696	1	6	7	0	7
P_LP.697	2	5	7	0	7
P_LP.698	3	4	6	1	7
P_LP.699	5	2	0	7	7
P_LP.7	2	5	2	5	7
P_LP.70	3	4	0	7	7
P_LP.700	3	4	6	1	7
P_LP.701	1	6	4	3	7
P_LP.702	3	4	2	5	7
P_LP.703	3	4	5	2	7
P_LP.704	3	4	1	6	7
P_LP.705	4	3	4	3	7
P_LP.706	0	7	3	4	7
P_LP.707	4	3	3	4	7
P_LP.708	1	6	3	4	7
P_LP.709	3	4	4	3	7
P_LP.71	2	5	6	1	7
P_LP.710	3	4	2	5	7
P_LP.711	2	5	4	3	7
P_LP.712	3	4	6	1	7
P_LP.713	4	3	0	7	7
P_LP.715	5	2	6	1	7
P_LP.717	2	5	5	2	7
P_LP.718	2	5	2	5	7
P_LP.719	4	3	5	2	7
P_LP.72	2	5	2	5	7
P_LP.720	4	3	5	2	7
P_LP.721	5	2	2	5	7
P_LP.723	4	3	4	3	7
P_LP.724	2	5	1	6	7
P_LP.726	3	4	3	4	7
P_LP.727	4	3	3	4	7
P_LP.728	1	6	7	0	7
P_LP.729	4	3	5	2	7
P_LP.730	2	5	4	3	7
P_LP.731	3	4	0	7	7
P_LP.733	5	2	2	5	7
P_LP.734	3	4	2	5	7
P_LP.736	1	6	4	3	7
P_LP.737	3	4	5	2	7
P_LP.738	5	2	5	2	7
P_LP.739	1	6	3	4	7
P_LP.74	2	5	2	5	7
P_LP.741	3	4	7	0	7
P_LP.742	2	5	6	1	7
P_LP.743	5	2	4	3	7
P_LP.744	5	2	3	4	7
P_LP.745	3	4	4	3	7
P_LP.747	3	4	4	3	7
P_LP.748	3	4	2	5	7
P_LP.749	4	3	5	2	7
P_LP.75	4	3	3	4	7
P_LP.750	4	3	6	1	7
P_LP.751	4	3	5	2	7
P_LP.752	6	1	3	4	7
P_LP.753	5	2	3	4	7
P_LP.754	3	4	6	1	7
P_LP.755	4	3	2	5	7
P_LP.756	5	2	5	2	7
P_LP.757	4	3	3	4	7
P_LP.758	3	4	3	4	7
P_LP.76	5	2	0	7	7
P_LP.760	2	5	3	4	7
P_LP.761	4	3	6	1	7
P_LP.762	5	2	3	4	7
P_LP.763	3	4	5	2	7
P_LP.764	3	4	6	1	7
P_LP.765	1	6	4	3	7
P_LP.766	2	5	2	5	7
P_LP.767	4	3	5	2	7
P_LP.768	2	5	1	6	7
P_LP.769	2	5	6	1	7
P_LP.77	1	6	4	3	7
P_LP.770	1	6	1	6	7
P_LP.772	3	4	6	1	7
P_LP.773	3	4	3	4	7
P_LP.774	4	3	3	4	7
P_LP.775	2	5	4	3	7
P_LP.776	4	3	3	4	7
P_LP.777	5	2	0	7	7
P_LP.778	3	4	3	4	7
P_LP.779	3	4	4	3	7
P_LP.78	3	4	2	5	7
P_LP.780	5	2	2	5	7
P_LP.781	3	4	3	4	7
P_LP.782	3	4	4	3	7
P_LP.783	2	5	2	5	7
P_LP.784	2	5	5	2	7
P_LP.785	2	5	4	3	7
P_LP.788	4	3	6	1	7
P_LP.789	5	2	3	4	7
P_LP.79	2	5	4	3	7
P_LP.790	2	5	5	2	7
P_LP.791	5	2	5	2	7
P_LP.792	4	3	2	5	7
P_LP.793	3	4	6	1	7
P_LP.795	5	2	3	4	7
P_LP.797	5	2	1	6	7
P_LP.798	1	6	6	1	7
P_LP.799	3	4	4	3	7
P_LP.8	0	7	5	2	7
P_LP.80	5	2	2	5	7
P_LP.800	4	3	3	4	7
P_LP.801	2	5	6	1	7
P_LP.802	4	3	4	3	7
P_LP.803	2	5	5	2	7
P_LP.804	2	5	7	0	7
P_LP.805	1	6	5	2	7
P_LP.806	4	3	4	3	7
P_LP.807	3	4	3	4	7
P_LP.808	5	2	3	4	7
P_LP.809	2	5	1	6	7
P_LP.81	2	5	6	1	7
P_LP.810	1	6	7	0	7
P_LP.811	3	4	6	1	7
P_LP.812	2	5	5	2	7
P_LP.813	4	3	5	2	7
P_LP.814	2	5	4	3	7
P_LP.815	4	3	4	3	7
P_LP.816	3	4	6	1	7
P_LP.817	3	4	5	2	7
P_LP.818	4	3	5	2	7
P_LP.819	5	2	2	5	7
P_LP.82	3	4	7	0	7
P_LP.820	5	2	3	4	7
P_LP.821	3	4	4	3	7
P_LP.822	4	3	3	4	7
P_LP.823	6	1	3	4	7
P_LP.824	2	5	1	6	7
P_LP.826	2	5	1	6	7
P_LP.827	5	2	5	2	7
P_LP.828	5	2	5	2	7
P_LP.829	3	4	2	5	7
P_LP.83	2	5	5	2	7
P_LP.831	4	3	3	4	7
P_LP.832	4	3	4	3	7
P_LP.833	3	4	5	2	7
P_LP.834	4	3	4	3	7
P_LP.835	1	6	6	1	7
P_LP.836	1	6	6	1	7
P_LP.837	6	1	1	6	7
P_LP.838	2	5	3	4	7
P_LP.839	2	5	3	4	7
P_LP.84	3	4	7	0	7
P_LP.841	1	6	6	1	7
P_LP.842	2	5	6	1	7
P_LP.843	2	5	4	3	7
P_LP.844	3	4	4	3	7
P_LP.845	3	4	2	5	7
P_LP.846	4	3	6	1	7
P_LP.847	1	6	3	4	7
P_LP.848	4	3	1	6	7
P_LP.849	2	5	5	2	7
P_LP.85	3	4	1	6	7
P_LP.850	2	5	4	3	7
P_LP.851	3	4	4	3	7
P_LP.852	2	5	5	2	7
P_LP.853	5	2	3	4	7
P_LP.854	5	2	5	2	7
P_LP.855	4	3	3	4	7
P_LP.856	2	5	5	2	7
P_LP.857	3	4	7	0	7
P_LP.858	3	4	3	4	7
P_LP.859	1	6	4	3	7
P_LP.86	2	5	6	1	7
P_LP.860	2	5	4	3	7
P_LP.861	3	4	2	5	7
P_LP.862	4	3	0	7	7
P_LP.863	5	2	2	5	7
P_LP.864	3	4	4	3	7
P_LP.865	4	3	3	4	7
P_LP.866	4	3	6	1	7
P_LP.867	4	3	6	1	7
P_LP.868	3	4	3	4	7
P_LP.869	3	4	3	4	7
P_LP.87	3	4	5	2	7
P_LP.870	2	5	5	2	7
P_LP.871	5	2	5	2	7
P_LP.872	1	6	4	3	7
P_LP.873	3	4	4	3	7
P_LP.875	4	3	2	5	7
P_LP.876	3	4	4	3	7
P_LP.877	2	5	5	2	7
P_LP.878	2	5	6	1	7
P_LP.879	3	4	3	4	7
P_LP.88	5	2	3	4	7
P_LP.880	3	4	4	3	7
P_LP.881	1	6	4	3	7
P_LP.883	3	4	3	4	7
P_LP.884	4	3	3	4	7
P_LP.885	5	2	4	3	7
P_LP.886	4	3	5	2	7
P_LP.887	3	4	7	0	7
P_LP.888	4	3	1	6	7
P_LP.889	5	2	0	7	7
P_LP.89	3	4	2	5	7
P_LP.890	4	3	0	7	7
P_LP.891	5	2	5	2	7
P_LP.892	4	3	2	5	7
P_LP.893	3	4	7	0	7
P_LP.894	5	2	1	6	7
P_LP.895	2	5	7	0	7
P_LP.896	4	3	1	6	7
P_LP.897	5	2	1	6	7
P_LP.898	1	6	7	0	7
P_LP.899	3	4	2	5	7
P_LP.9	4	3	0	7	7
P_LP.90	2	5	5	2	7
P_LP.900	4	3	4	3	7
P_LP.901	4	3	5	2	7
P_LP.902	3	4	4	3	7
P_LP.904	4	3	5	2	7
P_LP.905	3	4	2	5	7
P_LP.906	1	6	3	4	7
P_LP.907	3	4	3	4	7
P_LP.908	4	3	1	6	7
P_LP.909	1	6	3	4	7
P_LP.91	3	4	1	6	7
P_LP.910	2	5	7	0	7
P_LP.911	2	5	6	1	7
P_LP.912	1	6	3	4	7
P_LP.914	5	2	3	4	7
P_LP.915	4	3	3	4	7
P_LP.916	3	4	7	0	7
P_LP.917	4	3	2	5	7
P_LP.918	3	4	3	4	7
P_LP.919	2	5	5	2	7
P_LP.92	2	5	5	2	7
P_LP.920	1	6	6	1	7
P_LP.921	4	3	6	1	7
P_LP.922	3	4	5	2	7
P_LP.923	4	3	5	2	7
P_LP.924	4	3	4	3	7
P_LP.925	3	4	6	1	7
P_LP.926	3	4	5	2	7
P_LP.927	3	4	4	3	7
P_LP.928	4	3	2	5	7
P_LP.929	3	4	4	3	7
P_LP.93	1	6	5	2	7
P_LP.930	2	5	4	3	7
P_LP.931	2	5	5	2	7
P_LP.932	4	3	3	4	7
P_LP.933	2	5	3	4	7
P_LP.934	5	2	1	6	7
P_LP.935	3	4	6	1	7
P_LP.936	3	4	7	0	7
P_LP.937	3	4	5	2	7
P_LP.938	1	6	5	2	7
P_LP.939	4	3	3	4	7
P_LP.94	4	3	2	5	7
P_LP.942	2	5	3	4	7
P_LP.943	4	3	3	4	7
P_LP.944	2	5	5	2	7
P_LP.945	4	3	6	1	7
P_LP.946	5	2	6	1	7
P_LP.947	3	4	4	3	7
P_LP.948	5	2	4	3	7
P_LP.949	4	3	6	1	7
P_LP.95	2	5	4	3	7
P_LP.951	3	4	6	1	7
P_LP.952	4	3	3	4	7
P_LP.953	2	5	5	2	7
P_LP.954	5	2	1	6	7
P_LP.955	5	2	2	5	7
P_LP.956	2	5	5	2	7
P_LP.957	3	4	5	2	7
P_LP.958	5	2	2	5	7
P_LP.959	1	6	4	3	7
P_LP.96	3	4	2	5	7
P_LP.960	3	4	5	2	7
P_LP.961	3	4	3	4	7
P_LP.964	4	3	4	3	7
P_LP.965	2	5	3	4	7
P_LP.966	3	4	3	4	7
P_LP.967	3	4	5	2	7
P_LP.968	1	6	7	0	7
P_LP.969	4	3	5	2	7
P_LP.97	4	3	3	4	7
P_LP.970	2	5	3	4	7
P_LP.971	5	2	2	5	7
P_LP.972	5	2	3	4	7
P_LP.973	3	4	5	2	7
P_LP.975	3	4	6	1	7
P_LP.976	2	5	3	4	7
P_LP.977	3	4	5	2	7
P_LP.978	3	4	5	2	7
P_LP.979	3	4	3	4	7
P_LP.98	3	4	6	1	7
P_LP.980	3	4	2	5	7
P_LP.982	3	4	7	0	7
P_LP.983	5	2	2	5	7
P_LP.984	1	6	3	4	7
P_LP.985	5	2	5	2	7
P_LP.986	4	3	4	3	7
P_LP.987	3	4	2	5	7
P_LP.988	2	5	5	2	7
P_LP.99	4	3	3	4	7
P_LP.991	3	4	4	3	7
P_LP.992	3	4	5	2	7
P_LP.993	6	1	2	5	7
P_LP.994	2	5	3	4	7
P_LP.995	6	1	6	1	7
P_LP.997	1	6	4	3	7
P_LP.998	4	3	4	3	7
P_LP.999	1	6	4	3	7
P_LP.1100	1	6	6	1	7
P_LP.1130	5	2	6	1	7
P_LP.1163	3	4	7	0	7
P_LP.1169	4	3	4	3	7
P_LP.1186	0	7	5	2	7
P_LP.1230	5	2	5	2	7
P_LP.1240	3	4	5	2	7
P_LP.1272	3	4	6	1	7
P_LP.1335	5	2	4	3	7
P_LP.1401	3	4	5	2	7
P_LP.1425	3	4	5	2	7
P_LP.1441	1	6	5	2	7
P_LP.1484	3	4	6	1	7
P_LP.1511	3	4	5	2	7
P_LP.1514	4	3	0	7	7
P_LP.1578	3	4	1	6	7
P_LP.161	2	5	1	6	7
P_LP.1660	4	3	1	6	7
P_LP.1705	5	2	5	2	7
P_LP.1757	4	3	5	2	7
P_LP.1797	4	3	3	4	7
P_LP.1804	4	3	6	1	7
P_LP.1815	0	7	7	0	7
P_LP.1847	1	6	5	2	7
P_LP.1872	5	2	5	2	7
P_LP.1911	5	2	2	5	7
P_LP.1945	1	6	6	1	7
P_LP.1947	3	4	3	4	7
P_LP.1950	6	1	0	7	7
P_LP.1975	0	7	6	1	7
P_LP.199	1	6	6	1	7
P_LP.2054	3	4	5	2	7
P_LP.2102	3	4	6	1	7
P_LP.2134	3	4	5	2	7
P_LP.2275	4	3	1	6	7
P_LP.2342	0	7	7	0	7
P_LP.2380	2	5	4	3	7
P_LP.2393	1	6	7	0	7
P_LP.2401	5	2	3	4	7
P_LP.2403	4	3	3	4	7
P_LP.2426	2	5	4	3	7
P_LP.2466	1	6	6	1	7
P_LP.250	0	7	7	0	7
P_LP.258	4	3	2	5	7
P_LP.2580	3	4	5	2	7
P_LP.2587	5	2	5	2	7
P_LP.2601	4	3	4	3	7
P_LP.2609	6	1	5	2	7
P_LP.2626	2	5	5	2	7
P_LP.2681	4	3	2	5	7
P_LP.2762	5	2	2	5	7
P_LP.2795	1	6	4	3	7
P_LP.2808	2	5	4	3	7
P_LP.2809	3	4	3	4	7
P_LP.2919	1	6	7	0	7
P_LP.2960	4	3	1	6	7
P_LP.2962	1	6	6	1	7
P_LP.3020	1	6	4	3	7
P_LP.3058	5	2	1	6	7
P_LP.3090	4	3	2	5	7
P_LP.3137	4	3	3	4	7
P_LP.3182	2	5	3	4	7
P_LP.3186	0	7	5	2	7
P_LP.3189	5	2	2	5	7
P_LP.3199	0	7	7	0	7
P_LP.3214	1	6	6	1	7
P_LP.3216	1	6	1	6	7
P_LP.3217	3	4	5	2	7
P_LP.3219	1	6	3	4	7
P_LP.3225	3	4	3	4	7
P_LP.3227	1	6	7	0	7
P_LP.3242	4	3	7	0	7
P_LP.3243	3	4	7	0	7
P_LP.3263	4	3	6	1	7
P_LP.3266	4	3	4	3	7
P_LP.346	5	2	2	5	7
P_LP.389	3	4	4	3	7
P_LP.448	4	3	4	3	7
P_LP.535	2	5	4	3	7
P_LP.556	6	1	4	3	7
P_LP.562	0	7	1	6	7
P_LP.568	0	7	5	2	7
P_LP.575	4	3	3	4	7
P_LP.615	4	3	3	4	7
P_LP.714	3	4	4	3	7
P_LP.716	5	2	1	6	7
P_LP.735	4	3	4	3	7
P_LP.740	0	7	7	0	7
P_LP.746	1	6	5	2	7
P_LP.786	1	6	7	0	7
P_LP.787	5	2	1	6	7
P_LP.796	4	3	6	1	7
P_LP.825	2	5	6	1	7
P_LP.874	3	4	5	2	7
P_LP.940	2	5	6	1	7
P_LP.962	4	3	4	3	7
P_LP.974	2	5	6	1	7
P_LP.981	3	4	5	2	7
P_LP.990	5	2	1	6	7
P_LP.1143	4	3	1	6	7
P_LP.1191	3	4	3	4	7
P_LP.1196	5	2	4	3	7
P_LP.1211	5	2	0	7	7
P_LP.1222	3	4	5	2	7
P_LP.1346	4	3	5	2	7
P_LP.1431	2	5	3	4	7
P_LP.187	2	5	5	2	7
P_LP.2290	2	5	6	1	7
P_LP.2292	5	2	2	5	7
P_LP.241	4	3	2	5	7
P_LP.2476	6	1	0	7	7
P_LP.2522	4	3	4	3	7
P_LP.2825	4	3	1	6	7
P_LP.311	5	2	1	6	7
P_LP.3183	4	3	4	3	7
P_LP.370	2	5	2	5	7
P_LP.490	3	4	2	5	7
P_LP.536	4	3	7	0	7
P_LP.616	3	4	2	5	7
P_LP.655	4	3	5	2	7
P_LP.66	3	4	1	6	7
P_LP.678	4	3	7	0	7
P_LP.73	5	2	1	6	7
P_LP.759	4	3	2	5	7
P_LP.771	3	4	6	1	7
P_LP.794	3	4	1	6	7
P_LP.941	3	4	6	1	7
P_LP.963	5	2	2	5	7
P_LP.1011	4	3	1	6	7
P_LP.1052	4	3	3	4	7
P_LP.1073	5	2	2	5	7
P_LP.1113	4	3	3	4	7
P_LP.1140	4	3	4	3	7
P_LP.1198	4	3	0	7	7
P_LP.1235	3	4	1	6	7
P_LP.1342	4	3	2	5	7
P_LP.1436	5	2	2	5	7
P_LP.1463	3	4	5	2	7
P_LP.1490	5	2	2	5	7
P_LP.1510	2	5	4	3	7
P_LP.1536	7	0	2	5	7
P_LP.1539	4	3	1	6	7
P_LP.1559	3	4	6	1	7
P_LP.1574	6	1	4	3	7
P_LP.162	4	3	2	5	7
P_LP.1687	3	4	2	5	7
P_LP.1699	6	1	3	4	7
P_LP.1730	5	2	2	5	7
P_LP.1752	3	4	5	2	7
P_LP.1762	4	3	1	6	7
P_LP.1836	5	2	1	6	7
P_LP.1844	4	3	4	3	7
P_LP.1882	4	3	3	4	7
P_LP.1919	3	4	0	7	7
P_LP.1955	4	3	2	5	7
P_LP.1982	4	3	3	4	7
P_LP.1987	6	1	0	7	7
P_LP.2039	3	4	0	7	7
P_LP.2136	4	3	5	2	7
P_LP.2141	3	4	4	3	7
P_LP.2158	6	1	5	2	7
P_LP.2208	2	5	4	3	7
P_LP.2232	5	2	2	5	7
P_LP.2255	5	2	4	3	7
P_LP.2325	4	3	4	3	7
P_LP.2368	4	3	6	1	7
P_LP.2440	3	4	1	6	7
P_LP.2456	4	3	1	6	7
P_LP.2508	3	4	4	3	7
P_LP.2598	2	5	4	3	7
P_LP.2602	4	3	2	5	7
P_LP.2639	3	4	1	6	7
P_LP.2683	5	2	2	5	7
P_LP.2846	4	3	3	4	7
P_LP.2934	4	3	5	2	7
P_LP.3017	3	4	2	5	7
P_LP.3030	6	1	1	6	7
P_LP.3080	3	4	4	3	7
P_LP.3099	4	3	2	5	7
P_LP.3107	4	3	0	7	7
P_LP.3113	5	2	3	4	7
P_LP.3248	6	1	2	5	7
P_LP.3279	3	4	2	5	7
P_LP.3280	5	2	2	5	7
P_LP.3285	2	5	5	2	7
P_LP.559	2	5	3	4	7
P_LP.603	0	7	6	1	7
P_LP.622	4	3	2	5	7
P_LP.732	5	2	2	5	7
P_LP.882	4	3	1	6	7
P_LP.903	5	2	0	7	7
P_LP.1119	3	4	1	6	7
P_LP.1317	3	4	1	6	7
P_LP.1420	4	3	2	5	7
P_LP.1627	3	4	4	3	7
P_LP.2441	3	4	1	6	7
P_LP.2784	4	3	1	6	7
P_LP.3238	4	3	2	5	7
P_LP.492	4	3	2	5	7
P_LP.625	2	5	1	6	7
P_LP.830	3	4	1	6	7
P_LP.1412	0	7	5	2	7
P_LP.1598	5	2	4	3	7
P_LP.1704	2	5	0	7	7
P_LP.1895	4	3	0	7	7
P_LP.2322	4	3	2	5	7
P_LP.2385	4	3	0	7	7
P_LP.2391	4	3	2	5	7
P_LP.2623	2	5	3	4	7
P_LP.425	3	4	1	6	7
P_LP.1657	4	3	2	5	7
P_LP.1009	3	4	3	4	7
P_LP.1586	4	3	4	3	7
P_LP.2118	3	4	3	4	7
P_LP.3139	2	5	3	4	7
P_LP.3224	2	5	4	3	7
P_LP.1488	3	4	4	3	7
P_LP.1863	4	3	6	1	7
P_LP.2571	2	5	7	0	7
P_LP.2963	2	5	4	3	7
P_LP.1190	3	4	3	4	7
P_LP.1234	3	4	4	3	7
P_LP.1448	5	2	1	6	7
P_LP.1567	2	5	6	1	7
P_LP.2625	4	3	5	2	7
P_LP.3253	5	2	3	4	7
P_LP.2417	2	5	2	5	7
P_LP.2902	3	4	4	3	7
P_LP.3274	2	5	4	3	7
P_LP.3188	1	6	4	3	7
P_LP.1588	2	5	3	4	7
P_LP.1605	3	4	3	4	7
P_LP.2109	4	3	3	4	7
P_LP.3259	5	2	1	6	7
P_LP.3270	2	5	3	4	7
P_LP.3031	3	4	2	5	7
P_LP.3097	2	5	5	2	7
P_LP.3234	4	3	6	1	7
P_LP.3265	3	4	4	3	7
P_LP.2979	2	5	1	6	7
P_LP.2888	4	3	2	5	7
P_LP.3079	4	3	4	3	7
COG0001	2	5	0	7	7
COG0002	1	6	2	5	7
COG0003	2	5	6	1	7
COG0004	5	2	1	6	7
COG0005	3	4	3	4	7
COG0006	4	3	5	2	7
COG0007	1	6	5	2	7
COG0008	1	6	2	5	7
COG0009	4	3	7	0	7
COG0010	3	4	5	2	7
COG0011	2	5	6	1	7
COG0012	4	3	1	6	7
COG0013	1	6	4	3	7
COG0014	1	6	5	2	7
COG0015	1	6	4	3	7
COG0016	1	6	2	5	7
COG0017	4	3	2	5	7
COG0018	1	6	2	5	7
COG0019	5	2	2	5	7
COG0020	1	6	3	4	7
COG0021	2	5	6	1	7
COG0022	3	4	6	1	7
COG0024	0	7	1	6	7
COG0025	1	6	5	2	7
COG0026	2	5	4	3	7
COG0027	2	5	5	2	7
COG0028	1	6	5	2	7
COG0029	3	4	7	0	7
COG0030	1	6	4	3	7
COG0031	3	4	1	6	7
COG0033	0	7	4	3	7
COG0034	4	3	4	3	7
COG0035	0	7	3	4	7
COG0036	5	2	3	4	7
COG0037	4	3	1	6	7
COG0038	0	7	5	2	7
COG0039	1	6	5	2	7
COG0040	2	5	4	3	7
COG0041	0	7	1	6	7
COG0042	1	6	3	4	7
COG0043	1	6	7	0	7
COG0044	1	6	4	3	7
COG0045	1	6	7	0	7
COG0046	4	3	4	3	7
COG0047	1	6	5	2	7
COG0048	2	5	2	5	7
COG0049	2	5	0	7	7
COG0050	2	5	4	3	7
COG0051	0	7	5	2	7
COG0052	2	5	4	3	7
COG0053	3	4	3	4	7
COG0054	4	3	2	5	7
COG0055	1	6	4	3	7
COG0056	5	2	1	6	7
COG0057	0	7	4	3	7
COG0058	4	3	0	7	7
COG0059	2	5	4	3	7
COG0060	4	3	0	7	7
COG0061	3	4	4	3	7
COG0062	5	2	3	4	7
COG0063	2	5	6	1	7
COG0064	0	7	3	4	7
COG0065	2	5	1	6	7
COG0066	3	4	2	5	7
COG0067	2	5	3	4	7
COG0068	2	5	3	4	7
COG0069	4	3	4	3	7
COG0070	3	4	3	4	7
COG0071	3	4	3	4	7
COG0072	1	6	3	4	7
COG0073	4	3	0	7	7
COG0074	2	5	6	1	7
COG0075	3	4	6	1	7
COG0076	3	4	4	3	7
COG0077	2	5	5	2	7
COG0078	2	5	2	5	7
COG0079	4	3	1	6	7
COG0080	2	5	4	3	7
COG0081	1	6	3	4	7
COG0082	2	5	6	1	7
COG0083	0	7	6	1	7
COG0084	3	4	4	3	7
COG0085	4	3	0	7	7
COG0086	1	6	4	3	7
COG0087	1	6	5	2	7
COG0088	1	6	2	5	7
COG0089	2	5	5	2	7
COG0090	2	5	5	2	7
COG0091	1	6	5	2	7
COG0092	1	6	5	2	7
COG0093	2	5	4	3	7
COG0094	0	7	4	3	7
COG0095	1	6	5	2	7
COG0096	3	4	3	4	7
COG0097	0	7	3	4	7
COG0098	1	6	4	3	7
COG0099	4	3	3	4	7
COG0100	3	4	4	3	7
COG0101	1	6	3	4	7
COG0102	3	4	0	7	7
COG0103	1	6	3	4	7
COG0104	2	5	1	6	7
COG0105	4	3	5	2	7
COG0106	1	6	4	3	7
COG0107	1	6	2	5	7
COG0108	4	3	3	4	7
COG0109	3	4	4	3	7
COG0110	4	3	5	2	7
COG0111	0	7	6	1	7
COG0112	1	6	2	5	7
COG0113	4	3	4	3	7
COG0114	2	5	6	1	7
COG0115	3	4	3	4	7
COG0116	5	2	0	7	7
COG0117	2	5	5	2	7
COG0118	1	6	3	4	7
COG0119	4	3	6	1	7
COG0120	1	6	5	2	7
COG0121	2	5	7	0	7
COG0122	4	3	0	7	7
COG0124	2	5	4	3	7
COG0125	2	5	6	1	7
COG0126	2	5	3	4	7
COG0127	0	7	2	5	7
COG0128	2	5	2	5	7
COG0129	2	5	2	5	7
COG0130	1	6	5	2	7
COG0131	2	5	4	3	7
COG0132	3	4	3	4	7
COG0133	4	3	5	2	7
COG0134	3	4	5	2	7
COG0135	4	3	5	2	7
COG0136	1	6	3	4	7
COG0137	2	5	4	3	7
COG0138	2	5	4	3	7
COG0139	2	5	6	1	7
COG0140	2	5	6	1	7
COG0141	0	7	7	0	7
COG0142	1	6	7	0	7
COG0143	1	6	3	4	7
COG0144	5	2	3	4	7
COG0145	3	4	4	3	7
COG0147	2	5	5	2	7
COG0148	3	4	2	5	7
COG0149	3	4	3	4	7
COG0150	5	2	3	4	7
COG0151	2	5	3	4	7
COG0152	1	6	0	7	7
COG0153	4	3	3	4	7
COG0154	1	6	3	4	7
COG0155	3	4	4	3	7
COG0156	3	4	5	2	7
COG0157	0	7	6	1	7
COG0158	1	6	5	2	7
COG0159	2	5	4	3	7
COG0160	1	6	4	3	7
COG0161	3	4	4	3	7
COG0162	2	5	2	5	7
COG0163	3	4	4	3	7
COG0164	1	6	3	4	7
COG0165	2	5	4	3	7
COG0166	5	2	0	7	7
COG0167	1	6	6	1	7
COG0168	3	4	3	4	7
COG0169	1	6	6	1	7
COG0171	5	2	1	6	7
COG0172	2	5	1	6	7
COG0173	2	5	4	3	7
COG0174	2	5	3	4	7
COG0175	2	5	3	4	7
COG0176	2	5	4	3	7
COG0177	3	4	5	2	7
COG0178	3	4	6	1	7
COG0179	1	6	6	1	7
COG0180	0	7	3	4	7
COG0181	3	4	2	5	7
COG0182	1	6	4	3	7
COG0183	3	4	5	2	7
COG0184	1	6	5	2	7
COG0185	0	7	5	2	7
COG0186	1	6	1	6	7
COG0187	1	6	4	3	7
COG0188	2	5	2	5	7
COG0189	4	3	5	2	7
COG0190	1	6	2	5	7
COG0191	4	3	3	4	7
COG0192	5	2	2	5	7
COG0193	4	3	1	6	7
COG0194	5	2	3	4	7
COG0195	3	4	4	3	7
COG0196	1	6	6	1	7
COG0197	3	4	3	4	7
COG0198	0	7	4	3	7
COG0199	0	7	5	2	7
COG0200	1	6	0	7	7
COG0201	1	6	4	3	7
COG0202	1	6	3	4	7
COG0203	3	4	3	4	7
COG0204	1	6	3	4	7
COG0205	4	3	1	6	7
COG0206	4	3	4	3	7
COG0207	3	4	2	5	7
COG0208	0	7	4	3	7
COG0209	2	5	4	3	7
COG0210	2	5	5	2	7
COG0211	1	6	4	3	7
COG0212	0	7	4	3	7
COG0213	2	5	5	2	7
COG0214	2	5	5	2	7
COG0215	1	6	4	3	7
COG0216	1	6	2	5	7
COG0217	1	6	5	2	7
COG0218	4	3	3	4	7
COG0219	2	5	3	4	7
COG0220	0	7	5	2	7
COG0221	1	6	4	3	7
COG0222	1	6	4	3	7
COG0223	3	4	1	6	7
COG0224	3	4	2	5	7
COG0225	0	7	3	4	7
COG0226	2	5	3	4	7
COG0227	0	7	5	2	7
COG0228	1	6	6	1	7
COG0229	2	5	6	1	7
COG0230	4	3	3	4	7
COG0231	0	7	5	2	7
COG0232	3	4	4	3	7
COG0233	3	4	4	3	7
COG0234	4	3	4	3	7
COG0235	3	4	4	3	7
COG0236	4	3	1	6	7
COG0237	0	7	4	3	7
COG0238	4	3	5	2	7
COG0239	1	6	6	1	7
COG0240	1	6	4	3	7
COG0241	4	3	3	4	7
COG0242	0	7	5	2	7
COG0243	2	5	5	2	7
COG0244	3	4	2	5	7
COG0245	2	5	3	4	7
COG0246	2	5	4	3	7
COG0247	3	4	6	1	7
COG0248	0	7	6	1	7
COG0249	6	1	4	3	7
COG0250	1	6	2	5	7
COG0251	1	6	6	1	7
COG0252	4	3	3	4	7
COG0253	0	7	2	5	7
COG0254	1	6	4	3	7
COG0255	0	7	3	4	7
COG0256	1	6	2	5	7
COG0257	1	6	4	3	7
COG0258	0	7	6	1	7
COG0259	4	3	5	2	7
COG0260	3	4	4	3	7
COG0261	2	5	3	4	7
COG0262	0	7	5	2	7
COG0263	0	7	6	1	7
COG0264	3	4	4	3	7
COG0265	1	6	3	4	7
COG0266	3	4	4	3	7
COG0267	1	6	4	3	7
COG0268	0	7	2	5	7
COG0269	4	3	4	3	7
COG0270	3	4	4	3	7
COG0272	1	6	4	3	7
COG0274	5	2	3	4	7
COG0275	1	6	2	5	7
COG0276	2	5	5	2	7
COG0277	3	4	2	5	7
COG0279	3	4	5	2	7
COG0280	5	2	5	2	7
COG0281	4	3	1	6	7
COG0282	4	3	3	4	7
COG0283	4	3	5	2	7
COG0284	2	5	3	4	7
COG0285	0	7	1	6	7
COG0286	3	4	6	1	7
COG0287	1	6	5	2	7
COG0288	1	6	5	2	7
COG0289	2	5	3	4	7
COG0290	2	5	3	4	7
COG0291	4	3	1	6	7
COG0292	1	6	3	4	7
COG0293	0	7	5	2	7
COG0294	5	2	5	2	7
COG0295	3	4	0	7	7
COG0296	1	6	2	5	7
COG0297	3	4	3	4	7
COG0298	0	7	3	4	7
COG0299	3	4	1	6	7
COG0300	3	4	2	5	7
COG0301	3	4	1	6	7
COG0302	0	7	4	3	7
COG0303	5	2	2	5	7
COG0304	6	1	4	3	7
COG0305	2	5	5	2	7
COG0306	1	6	5	2	7
COG0307	4	3	4	3	7
COG0308	2	5	5	2	7
COG0309	2	5	2	5	7
COG0310	3	4	5	2	7
COG0311	1	6	3	4	7
COG0312	2	5	6	1	7
COG0313	2	5	3	4	7
COG0315	3	4	1	6	7
COG0316	4	3	6	1	7
COG0317	2	5	2	5	7
COG0318	4	3	2	5	7
COG0319	3	4	5	2	7
COG0320	6	1	6	1	7
COG0321	7	0	7	0	7
COG0322	0	7	4	3	7
COG0323	6	1	2	5	7
COG0324	4	3	5	2	7
COG0325	0	7	5	2	7
COG0326	6	1	3	4	7
COG0327	1	6	3	4	7
COG0328	0	7	5	2	7
COG0329	3	4	5	2	7
COG0330	3	4	3	4	7
COG0331	2	5	2	5	7
COG0332	4	3	5	2	7
COG0333	3	4	1	6	7
COG0334	2	5	3	4	7
COG0335	2	5	5	2	7
COG0336	4	3	4	3	7
COG0337	2	5	5	2	7
COG0338	3	4	4	3	7
COG0339	5	2	3	4	7
COG0340	3	4	4	3	7
COG0341	6	1	1	6	7
COG0342	5	2	3	4	7
COG0343	2	5	2	5	7
COG0344	3	4	4	3	7
COG0345	1	6	2	5	7
COG0346	3	4	5	2	7
COG0347	1	6	2	5	7
COG0348	2	5	1	6	7
COG0349	0	7	2	5	7
COG0350	3	4	4	3	7
COG0351	1	6	5	2	7
COG0352	2	5	2	5	7
COG0353	1	6	2	5	7
COG0354	2	5	5	2	7
COG0355	3	4	1	6	7
COG0356	3	4	3	4	7
COG0357	1	6	4	3	7
COG0358	3	4	0	7	7
COG0359	0	7	4	3	7
COG0360	0	7	4	3	7
COG0361	2	5	1	6	7
COG0362	3	4	5	2	7
COG0363	0	7	5	2	7
COG0364	0	7	5	2	7
COG0365	3	4	5	2	7
COG0366	0	7	5	2	7
COG0367	2	5	3	4	7
COG0368	5	2	3	4	7
COG0369	3	4	3	4	7
COG0370	6	1	2	5	7
COG0371	3	4	3	4	7
COG0372	1	6	2	5	7
COG0373	2	5	3	4	7
COG0374	3	4	4	3	7
COG0375	2	5	5	2	7
COG0376	3	4	5	2	7
COG0377	4	3	4	3	7
COG0378	3	4	3	4	7
COG0379	1	6	3	4	7
COG0380	3	4	5	2	7
COG0381	5	2	3	4	7
COG0382	4	3	4	3	7
COG0383	3	4	5	2	7
COG0384	4	3	7	0	7
COG0385	1	6	6	1	7
COG0386	4	3	3	4	7
COG0387	2	5	4	3	7
COG0388	5	2	2	5	7
COG0389	2	5	5	2	7
COG0390	3	4	5	2	7
COG0391	3	4	5	2	7
COG0392	0	7	6	1	7
COG0393	3	4	2	5	7
COG0394	2	5	3	4	7
COG0395	2	5	4	3	7
COG0396	2	5	5	2	7
COG0397	2	5	5	2	7
COG0398	4	3	4	3	7
COG0399	6	1	4	3	7
COG0400	2	5	6	1	7
COG0401	1	6	6	1	7
COG0402	2	5	4	3	7
COG0403	5	2	3	4	7
COG0404	6	1	3	4	7
COG0405	3	4	4	3	7
COG0406	0	7	5	2	7
COG0407	4	3	3	4	7
COG0408	3	4	4	3	7
COG0409	4	3	3	4	7
COG0410	0	7	5	2	7
COG0411	1	6	0	7	7
COG0412	2	5	6	1	7
COG0413	7	0	4	3	7
COG0414	5	2	5	2	7
COG0415	2	5	7	0	7
COG0416	4	3	2	5	7
COG0417	1	6	6	1	7
COG0418	4	3	7	0	7
COG0419	4	3	2	5	7
COG0420	3	4	1	6	7
COG0421	3	4	2	5	7
COG0422	4	3	3	4	7
COG0423	2	5	3	4	7
COG0424	0	7	3	4	7
COG0425	2	5	2	5	7
COG0426	3	4	0	7	7
COG0427	3	4	5	2	7
COG0428	3	4	2	5	7
COG0429	1	6	6	1	7
COG0430	5	2	6	1	7
COG0431	3	4	1	6	7
COG0432	2	5	3	4	7
COG0433	3	4	5	2	7
COG0434	5	2	4	3	7
COG0435	2	5	5	2	7
COG0436	1	6	6	1	7
COG0437	3	4	5	2	7
COG0438	3	4	6	1	7
COG0439	2	5	2	5	7
COG0440	3	4	2	5	7
COG0441	2	5	2	5	7
COG0442	1	6	2	5	7
COG0443	3	4	1	6	7
COG0444	2	5	3	4	7
COG0445	5	2	1	6	7
COG0446	3	4	5	2	7
COG0447	2	5	3	4	7
COG0448	4	3	3	4	7
COG0449	2	5	4	3	7
COG0450	1	6	5	2	7
COG0451	3	4	5	2	7
COG0452	2	5	2	5	7
COG0454	4	3	5	2	7
COG0456	0	7	4	3	7
COG0457	2	5	5	2	7
COG0458	3	4	1	6	7
COG0459	2	5	3	4	7
COG0460	1	6	2	5	7
COG0461	1	6	6	1	7
COG0462	1	6	4	3	7
COG0463	2	5	2	5	7
COG0464	0	7	6	1	7
COG0465	4	3	1	6	7
COG0466	3	4	1	6	7
COG0468	1	6	3	4	7
COG0469	4	3	4	3	7
COG0470	0	7	4	3	7
COG0471	3	4	5	2	7
COG0472	1	6	7	0	7
COG0473	0	7	3	4	7
COG0474	1	6	3	4	7
COG0475	6	1	6	1	7
COG0476	4	3	5	2	7
COG0477	3	4	5	2	7
COG0479	1	6	5	2	7
COG0480	2	5	3	4	7
COG0481	1	6	2	5	7
COG0482	5	2	3	4	7
COG0483	2	5	4	3	7
COG0484	2	5	4	3	7
COG0486	5	2	3	4	7
COG0488	1	6	3	4	7
COG0489	4	3	5	2	7
COG0491	4	3	4	3	7
COG0492	2	5	5	2	7
COG0493	2	5	1	6	7
COG0494	0	7	3	4	7
COG0495	1	6	3	4	7
COG0496	3	4	2	5	7
COG0497	1	6	5	2	7
COG0498	2	5	4	3	7
COG0499	3	4	4	3	7
COG0500	5	2	2	5	7
COG0501	1	6	6	1	7
COG0502	3	4	2	5	7
COG0503	0	7	4	3	7
COG0504	0	7	1	6	7
COG0505	0	7	4	3	7
COG0506	5	2	5	2	7
COG0508	4	3	6	1	7
COG0509	1	6	5	2	7
COG0510	4	3	3	4	7
COG0511	4	3	2	5	7
COG0512	2	5	3	4	7
COG0513	4	3	5	2	7
COG0514	3	4	6	1	7
COG0515	2	5	4	3	7
COG0516	0	7	5	2	7
COG0517	1	6	4	3	7
COG0518	0	7	4	3	7
COG0519	2	5	6	1	7
COG0520	3	4	4	3	7
COG0521	1	6	1	6	7
COG0522	3	4	3	4	7
COG0523	4	3	1	6	7
COG0524	0	7	5	2	7
COG0525	0	7	5	2	7
COG0526	2	5	4	3	7
COG0527	2	5	1	6	7
COG0528	1	6	3	4	7
COG0529	5	2	5	2	7
COG0530	4	3	2	5	7
COG0531	1	6	7	0	7
COG0532	1	6	4	3	7
COG0533	2	5	3	4	7
COG0534	5	2	0	7	7
COG0535	5	2	4	3	7
COG0536	1	6	2	5	7
COG0537	0	7	6	1	7
COG0538	0	7	4	3	7
COG0539	3	4	3	4	7
COG0540	1	6	2	5	7
COG0541	1	6	3	4	7
COG0542	3	4	5	2	7
COG0544	4	3	2	5	7
COG0545	4	3	5	2	7
COG0546	3	4	3	4	7
COG0547	2	5	3	4	7
COG0548	3	4	4	3	7
COG0549	3	4	5	2	7
COG0550	0	7	2	5	7
COG0551	4	3	3	4	7
COG0552	1	6	5	2	7
COG0553	0	7	4	3	7
COG0554	2	5	2	5	7
COG0555	2	5	2	5	7
COG0556	0	7	5	2	7
COG0557	4	3	1	6	7
COG0558	2	5	4	3	7
COG0559	0	7	5	2	7
COG0560	1	6	4	3	7
COG0561	2	5	4	3	7
COG0562	2	5	2	5	7
COG0563	1	6	5	2	7
COG0564	3	4	0	7	7
COG0565	3	4	5	2	7
COG0566	0	7	3	4	7
COG0567	3	4	6	1	7
COG0568	1	6	6	1	7
COG0569	2	5	2	5	7
COG0571	1	6	6	1	7
COG0572	5	2	0	7	7
COG0573	3	4	3	4	7
COG0574	4	3	2	5	7
COG0575	2	5	5	2	7
COG0576	4	3	5	2	7
COG0577	3	4	6	1	7
COG0578	3	4	6	1	7
COG0579	2	5	1	6	7
COG0580	0	7	3	4	7
COG0581	2	5	2	5	7
COG0582	0	7	3	4	7
COG0583	2	5	1	6	7
COG0584	1	6	3	4	7
COG0585	1	6	6	1	7
COG0586	2	5	4	3	7
COG0587	1	6	5	2	7
COG0588	1	6	5	2	7
COG0589	1	6	5	2	7
COG0590	1	6	4	3	7
COG0591	4	3	6	1	7
COG0592	1	6	6	1	7
COG0593	1	6	2	5	7
COG0594	1	6	3	4	7
COG0595	0	7	3	4	7
COG0596	2	5	7	0	7
COG0597	2	5	6	1	7
COG0598	3	4	4	3	7
COG0599	2	5	3	4	7
COG0600	1	6	4	3	7
COG0601	1	6	4	3	7
COG0602	1	6	5	2	7
COG0603	4	3	1	6	7
COG0604	2	5	4	3	7
COG0605	5	2	3	4	7
COG0606	2	5	5	2	7
COG0607	3	4	3	4	7
COG0608	4	3	0	7	7
COG0609	3	4	4	3	7
COG0610	2	5	3	4	7
COG0611	4	3	4	3	7
COG0612	6	1	2	5	7
COG0613	1	6	4	3	7
COG0614	2	5	6	1	7
COG0615	5	2	1	6	7
COG0616	4	3	5	2	7
COG0617	1	6	5	2	7
COG0618	5	2	3	4	7
COG0619	1	6	4	3	7
COG0620	2	5	5	2	7
COG0621	4	3	2	5	7
COG0622	3	4	2	5	7
COG0623	6	1	5	2	7
COG0624	2	5	5	2	7
COG0625	1	6	5	2	7
COG0626	0	7	6	1	7
COG0627	1	6	5	2	7
COG0628	1	6	4	3	7
COG0629	0	7	4	3	7
COG0630	5	2	5	2	7
COG0631	2	5	6	1	7
COG0632	1	6	3	4	7
COG0633	2	5	5	2	7
COG0634	0	7	4	3	7
COG0635	3	4	2	5	7
COG0636	4	3	4	3	7
COG0637	1	6	7	0	7
COG0639	1	6	5	2	7
COG0640	2	5	0	7	7
COG0641	2	5	3	4	7
COG0642	3	4	0	7	7
COG0643	4	3	4	3	7
COG0644	3	4	4	3	7
COG0645	2	5	2	5	7
COG0646	4	3	3	4	7
COG0647	0	7	5	2	7
COG0648	2	5	4	3	7
COG0649	6	1	6	1	7
COG0650	4	3	4	3	7
COG0651	5	2	4	3	7
COG0652	3	4	2	5	7
COG0653	3	4	3	4	7
COG0654	1	6	5	2	7
COG0655	4	3	3	4	7
COG0656	0	7	7	0	7
COG0657	1	6	5	2	7
COG0658	4	3	6	1	7
COG0659	5	2	3	4	7
COG0661	0	7	4	3	7
COG0662	2	5	6	1	7
COG0663	5	2	1	6	7
COG0664	3	4	4	3	7
COG0665	2	5	5	2	7
COG0666	5	2	5	2	7
COG0667	0	7	3	4	7
COG0668	3	4	5	2	7
COG0669	1	6	3	4	7
COG0670	0	7	6	1	7
COG0671	1	6	6	1	7
COG0672	1	6	5	2	7
COG0673	2	5	5	2	7
COG0674	4	3	2	5	7
COG0675	3	4	1	6	7
COG0676	3	4	6	1	7
COG0677	5	2	3	4	7
COG0679	3	4	3	4	7
COG0680	2	5	3	4	7
COG0681	5	2	3	4	7
COG0682	4	3	3	4	7
COG0683	0	7	4	3	7
COG0684	4	3	4	3	7
COG0685	2	5	3	4	7
COG0686	5	2	3	4	7
COG0687	3	4	2	5	7
COG0688	4	3	4	3	7
COG0689	0	7	7	0	7
COG0691	1	6	4	3	7
COG0692	4	3	2	5	7
COG0693	3	4	5	2	7
COG0695	0	7	5	2	7
COG0696	3	4	2	5	7
COG0697	0	7	6	1	7
COG0698	5	2	3	4	7
COG0699	1	6	6	1	7
COG0700	5	2	2	5	7
COG0701	0	7	6	1	7
COG0702	2	5	5	2	7
COG0703	1	6	3	4	7
COG0704	3	4	4	3	7
COG0705	0	7	6	1	7
COG0706	2	5	3	4	7
COG0707	2	5	2	5	7
COG0708	1	6	5	2	7
COG0709	4	3	0	7	7
COG0710	3	4	2	5	7
COG0711	3	4	3	4	7
COG0712	1	6	4	3	7
COG0713	3	4	7	0	7
COG0714	1	6	3	4	7
COG0715	2	5	6	1	7
COG0716	3	4	2	5	7
COG0717	1	6	5	2	7
COG0718	3	4	0	7	7
COG0719	2	5	7	0	7
COG0720	5	2	4	3	7
COG0721	3	4	3	4	7
COG0722	1	6	4	3	7
COG0724	5	2	5	2	7
COG0725	2	5	2	5	7
COG0726	3	4	4	3	7
COG0727	4	3	4	3	7
COG0728	1	6	4	3	7
COG0729	3	4	6	1	7
COG0730	2	5	4	3	7
COG0732	3	4	3	4	7
COG0733	3	4	1	6	7
COG0735	1	6	5	2	7
COG0736	1	6	6	1	7
COG0737	4	3	3	4	7
COG0738	4	3	4	3	7
COG0739	3	4	3	4	7
COG0740	3	4	3	4	7
COG0741	2	5	3	4	7
COG0742	2	5	5	2	7
COG0743	2	5	4	3	7
COG0744	1	6	4	3	7
COG0745	3	4	2	5	7
COG0746	3	4	4	3	7
COG0747	0	7	5	2	7
COG0749	1	6	4	3	7
COG0750	5	2	0	7	7
COG0751	2	5	6	1	7
COG0752	2	5	4	3	7
COG0753	3	4	5	2	7
COG0754	3	4	6	1	7
COG0755	4	3	6	1	7
COG0756	1	6	2	5	7
COG0757	2	5	2	5	7
COG0758	2	5	3	4	7
COG0759	3	4	3	4	7
COG0760	4	3	5	2	7
COG0761	1	6	6	1	7
COG0762	0	7	5	2	7
COG0763	5	2	4	3	7
COG0764	4	3	4	3	7
COG0765	0	7	6	1	7
COG0766	1	6	3	4	7
COG0767	4	3	5	2	7
COG0768	3	4	1	6	7
COG0769	1	6	4	3	7
COG0770	2	5	3	4	7
COG0771	1	6	2	5	7
COG0772	2	5	1	6	7
COG0773	2	5	3	4	7
COG0774	4	3	6	1	7
COG0775	2	5	5	2	7
COG0776	2	5	5	2	7
COG0777	4	3	1	6	7
COG0778	4	3	3	4	7
COG0779	3	4	2	5	7
COG0780	2	5	5	2	7
COG0781	1	6	4	3	7
COG0782	3	4	4	3	7
COG0783	1	6	4	3	7
COG0784	3	4	5	2	7
COG0785	5	2	6	1	7
COG0786	3	4	2	5	7
COG0787	1	6	6	1	7
COG0788	3	4	3	4	7
COG0789	2	5	6	1	7
COG0790	5	2	3	4	7
COG0791	3	4	1	6	7
COG0792	1	6	7	0	7
COG0793	4	3	5	2	7
COG0794	1	6	6	1	7
COG0795	4	3	5	2	7
COG0796	0	7	4	3	7
COG0797	4	3	7	0	7
COG0798	2	5	2	5	7
COG0799	2	5	3	4	7
COG0800	5	2	2	5	7
COG0801	2	5	6	1	7
COG0802	3	4	3	4	7
COG0803	0	7	6	1	7
COG0804	3	4	0	7	7
COG0805	4	3	3	4	7
COG0806	0	7	3	4	7
COG0807	4	3	6	1	7
COG0809	6	1	3	4	7
COG0810	1	6	5	2	7
COG0811	6	1	4	3	7
COG0812	2	5	2	5	7
COG0813	4	3	3	4	7
COG0814	5	2	6	1	7
COG0815	4	3	6	1	7
COG0816	0	7	5	2	7
COG0817	1	6	3	4	7
COG0818	3	4	5	2	7
COG0819	1	6	1	6	7
COG0820	1	6	1	6	7
COG0821	3	4	3	4	7
COG0822	1	6	2	5	7
COG0823	2	5	5	2	7
COG0824	5	2	4	3	7
COG0825	2	5	2	5	7
COG0826	5	2	4	3	7
COG0827	3	4	1	6	7
COG0829	4	3	1	6	7
COG0830	3	4	0	7	7
COG0831	2	5	4	3	7
COG0832	3	4	4	3	7
COG0833	2	5	7	0	7
COG0834	2	5	5	2	7
COG0835	3	4	3	4	7
COG0836	4	3	5	2	7
COG0837	2	5	7	0	7
COG0838	6	1	4	3	7
COG0839	0	7	6	1	7
COG0840	3	4	2	5	7
COG0841	5	2	6	1	7
COG0842	5	2	5	2	7
COG0843	1	6	5	2	7
COG0845	5	2	4	3	7
COG0846	3	4	2	5	7
COG0847	3	4	4	3	7
COG0848	0	7	7	0	7
COG0849	7	0	4	3	7
COG0850	2	5	2	5	7
COG0852	5	2	5	2	7
COG0853	3	4	4	3	7
COG0854	4	3	5	2	7
COG0855	2	5	3	4	7
COG0857	0	7	6	1	7
COG0858	0	7	6	1	7
COG0859	1	6	6	1	7
COG0860	3	4	3	4	7
COG0861	0	7	6	1	7
COG0863	3	4	4	3	7
COG0864	3	4	5	2	7
COG1001	3	4	2	5	7
COG1002	4	3	3	4	7
COG1003	3	4	5	2	7
COG1004	5	2	4	3	7
COG1005	5	2	3	4	7
COG1007	3	4	7	0	7
COG1008	6	1	1	6	7
COG1009	3	4	6	1	7
COG1011	1	6	6	1	7
COG1012	1	6	2	5	7
COG1013	5	2	1	6	7
COG1014	3	4	2	5	7
COG1015	4	3	1	6	7
COG1018	1	6	5	2	7
COG1020	4	3	1	6	7
COG1021	3	4	5	2	7
COG1022	1	6	6	1	7
COG1023	2	5	5	2	7
COG1024	2	5	3	4	7
COG1025	3	4	4	3	7
COG1026	3	4	1	6	7
COG1027	2	5	5	2	7
COG1028	1	6	7	0	7
COG1030	3	4	6	1	7
COG1032	4	3	1	6	7
COG1033	3	4	2	5	7
COG1034	3	4	3	4	7
COG1038	2	5	4	3	7
COG1039	2	5	5	2	7
COG1040	5	2	4	3	7
COG1042	4	3	4	3	7
COG1043	4	3	3	4	7
COG1044	6	1	4	3	7
COG1045	3	4	2	5	7
COG1047	4	3	4	3	7
COG1048	3	4	4	3	7
COG1049	1	6	5	2	7
COG1051	3	4	4	3	7
COG1052	5	2	5	2	7
COG1053	2	5	2	5	7
COG1054	1	6	6	1	7
COG1055	3	4	0	7	7
COG1057	0	7	5	2	7
COG1058	1	6	5	2	7
COG1060	5	2	2	5	7
COG1061	3	4	1	6	7
COG1062	2	5	6	1	7
COG1063	3	4	5	2	7
COG1064	3	4	4	3	7
COG1066	1	6	3	4	7
COG1067	2	5	4	3	7
COG1069	2	5	4	3	7
COG1070	2	5	6	1	7
COG1071	5	2	4	3	7
COG1072	3	4	4	3	7
COG1073	4	3	6	1	7
COG1074	3	4	2	5	7
COG1075	3	4	4	3	7
COG1076	2	5	5	2	7
COG1077	4	3	2	5	7
COG1078	5	2	4	3	7
COG1079	4	3	2	5	7
COG1080	0	7	2	5	7
COG1082	4	3	2	5	7
COG1083	3	4	2	5	7
COG1085	0	7	3	4	7
COG1086	5	2	1	6	7
COG1087	0	7	4	3	7
COG1088	5	2	6	1	7
COG1089	3	4	4	3	7
COG1090	3	4	5	2	7
COG1091	5	2	1	6	7
COG1092	5	2	2	5	7
COG1098	4	3	3	4	7
COG1099	2	5	4	3	7
COG1101	2	5	1	6	7
COG1104	2	5	2	5	7
COG1105	4	3	2	5	7
COG1106	5	2	3	4	7
COG1108	2	5	4	3	7
COG1109	3	4	1	6	7
COG1112	2	5	1	6	7
COG1113	1	6	5	2	7
COG1114	1	6	5	2	7
COG1115	4	3	1	6	7
COG1116	2	5	6	1	7
COG1117	1	6	5	2	7
COG1118	3	4	4	3	7
COG1119	3	4	6	1	7
COG1120	4	3	2	5	7
COG1121	1	6	5	2	7
COG1122	1	6	2	5	7
COG1123	1	6	5	2	7
COG1124	2	5	4	3	7
COG1125	4	3	6	1	7
COG1126	0	7	3	4	7
COG1127	4	3	6	1	7
COG1129	1	6	0	7	7
COG1131	5	2	2	5	7
COG1132	2	5	3	4	7
COG1133	3	4	6	1	7
COG1134	0	7	2	5	7
COG1135	0	7	6	1	7
COG1136	1	6	4	3	7
COG1137	3	4	4	3	7
COG1138	2	5	3	4	7
COG1139	3	4	3	4	7
COG1140	1	6	5	2	7
COG1142	2	5	5	2	7
COG1143	6	1	7	0	7
COG1145	5	2	2	5	7
COG1146	3	4	3	4	7
COG1148	5	2	2	5	7
COG1151	3	4	0	7	7
COG1152	3	4	1	6	7
COG1154	4	3	3	4	7
COG1155	4	3	2	5	7
COG1156	5	2	1	6	7
COG1157	3	4	3	4	7
COG1158	1	6	5	2	7
COG1159	0	7	3	4	7
COG1160	4	3	4	3	7
COG1161	4	3	1	6	7
COG1162	5	2	5	2	7
COG1164	4	3	3	4	7
COG1165	3	4	5	2	7
COG1166	5	2	5	2	7
COG1167	0	7	3	4	7
COG1168	0	7	4	3	7
COG1169	3	4	6	1	7
COG1171	2	5	5	2	7
COG1172	2	5	6	1	7
COG1173	0	7	4	3	7
COG1174	2	5	4	3	7
COG1175	2	5	3	4	7
COG1176	5	2	1	6	7
COG1177	3	4	3	4	7
COG1178	2	5	3	4	7
COG1179	4	3	2	5	7
COG1180	3	4	5	2	7
COG1181	1	6	2	5	7
COG1182	2	5	4	3	7
COG1183	5	2	5	2	7
COG1185	3	4	4	3	7
COG1186	2	5	2	5	7
COG1187	4	3	5	2	7
COG1188	5	2	1	6	7
COG1189	0	7	4	3	7
COG1190	2	5	3	4	7
COG1191	4	3	3	4	7
COG1192	2	5	3	4	7
COG1193	4	3	0	7	7
COG1194	0	7	5	2	7
COG1195	1	6	4	3	7
COG1196	1	6	1	6	7
COG1197	0	7	1	6	7
COG1198	1	6	4	3	7
COG1199	2	5	2	5	7
COG1200	3	4	4	3	7
COG1201	1	6	6	1	7
COG1203	3	4	2	5	7
COG1204	4	3	3	4	7
COG1205	4	3	6	1	7
COG1206	2	5	2	5	7
COG1207	2	5	4	3	7
COG1208	7	0	5	2	7
COG1209	2	5	4	3	7
COG1210	3	4	3	4	7
COG1211	0	7	5	2	7
COG1212	3	4	6	1	7
COG1213	6	1	4	3	7
COG1214	5	2	1	6	7
COG1215	3	4	4	3	7
COG1216	2	5	4	3	7
COG1217	5	2	2	5	7
COG1218	5	2	6	1	7
COG1219	3	4	1	6	7
COG1220	1	6	6	1	7
COG1221	1	6	7	0	7
COG1225	0	7	5	2	7
COG1226	4	3	5	2	7
COG1227	5	2	1	6	7
COG1228	3	4	4	3	7
COG1230	3	4	4	3	7
COG1232	0	7	4	3	7
COG1233	4	3	3	4	7
COG1234	5	2	1	6	7
COG1235	5	2	4	3	7
COG1236	2	5	3	4	7
COG1237	4	3	3	4	7
COG1238	4	3	3	4	7
COG1239	2	5	3	4	7
COG1242	5	2	2	5	7
COG1243	1	6	6	1	7
COG1246	6	1	4	3	7
COG1247	2	5	3	4	7
COG1249	0	7	4	3	7
COG1250	3	4	2	5	7
COG1251	3	4	7	0	7
COG1252	2	5	4	3	7
COG1253	2	5	5	2	7
COG1254	3	4	5	2	7
COG1256	4	3	2	5	7
COG1257	1	6	2	5	7
COG1259	4	3	4	3	7
COG1260	4	3	1	6	7
COG1262	5	2	4	3	7
COG1263	2	5	5	2	7
COG1264	1	6	5	2	7
COG1266	6	1	2	5	7
COG1267	3	4	7	0	7
COG1268	3	4	1	6	7
COG1269	3	4	2	5	7
COG1270	5	2	3	4	7
COG1271	4	3	7	0	7
COG1272	3	4	5	2	7
COG1274	3	4	2	5	7
COG1275	2	5	6	1	7
COG1276	3	4	6	1	7
COG1277	5	2	1	6	7
COG1278	0	7	4	3	7
COG1279	1	6	3	4	7
COG1280	3	4	6	1	7
COG1281	4	3	1	6	7
COG1282	1	6	5	2	7
COG1283	3	4	0	7	7
COG1284	4	3	0	7	7
COG1285	3	4	6	1	7
COG1286	0	7	4	3	7
COG1288	4	3	1	6	7
COG1289	2	5	6	1	7
COG1291	3	4	5	2	7
COG1292	2	5	3	4	7
COG1293	3	4	3	4	7
COG1294	3	4	6	1	7
COG1295	3	4	4	3	7
COG1296	2	5	1	6	7
COG1297	6	1	4	3	7
COG1298	3	4	1	6	7
COG1299	2	5	3	4	7
COG1300	5	2	4	3	7
COG1302	4	3	1	6	7
COG1304	2	5	2	5	7
COG1305	1	6	2	5	7
COG1306	5	2	1	6	7
COG1307	3	4	1	6	7
COG1309	3	4	3	4	7
COG1312	4	3	4	3	7
COG1313	3	4	1	6	7
COG1316	1	6	5	2	7
COG1319	4	3	4	3	7
COG1321	2	5	2	5	7
COG1322	0	7	6	1	7
COG1323	5	2	3	4	7
COG1327	1	6	5	2	7
COG1328	3	4	2	5	7
COG1329	2	5	4	3	7
COG1330	1	6	6	1	7
COG1331	4	3	1	6	7
COG1335	1	6	5	2	7
COG1338	3	4	2	5	7
COG1342	5	2	2	5	7
COG1343	3	4	3	4	7
COG1344	3	4	4	3	7
COG1345	1	6	6	1	7
COG1346	3	4	2	5	7
COG1347	5	2	5	2	7
COG1348	3	4	0	7	7
COG1349	1	6	4	3	7
COG1350	6	1	2	5	7
COG1351	2	5	0	7	7
COG1354	0	7	2	5	7
COG1355	1	6	4	3	7
COG1357	4	3	4	3	7
COG1358	3	4	0	7	7
COG1359	3	4	7	0	7
COG1360	3	4	5	2	7
COG1362	3	4	2	5	7
COG1363	4	3	3	4	7
COG1364	2	5	5	2	7
COG1366	3	4	3	4	7
COG1368	0	7	4	3	7
COG1373	3	4	5	2	7
COG1376	3	4	4	3	7
COG1377	3	4	3	4	7
COG1379	3	4	2	5	7
COG1380	4	3	2	5	7
COG1381	2	5	3	4	7
COG1385	0	7	5	2	7
COG1386	2	5	2	5	7
COG1387	3	4	1	6	7
COG1388	4	3	3	4	7
COG1391	1	6	3	4	7
COG1392	1	6	6	1	7
COG1393	4	3	3	4	7
COG1394	4	3	3	4	7
COG1396	3	4	4	3	7
COG1397	1	6	4	3	7
COG1399	0	7	6	1	7
COG1401	5	2	4	3	7
COG1402	3	4	2	5	7
COG1403	5	2	4	3	7
COG1404	4	3	6	1	7
COG1408	6	1	2	5	7
COG1409	1	6	4	3	7
COG1410	4	3	2	5	7
COG1414	3	4	3	4	7
COG1418	2	5	2	5	7
COG1419	2	5	0	7	7
COG1420	1	6	4	3	7
COG1426	3	4	2	5	7
COG1428	2	5	4	3	7
COG1429	5	2	2	5	7
COG1432	5	2	1	6	7
COG1434	2	5	5	2	7
COG1435	3	4	4	3	7
COG1436	4	3	2	5	7
COG1438	3	4	6	1	7
COG1440	2	5	5	2	7
COG1441	3	4	5	2	7
COG1442	5	2	5	2	7
COG1444	2	5	6	1	7
COG1445	2	5	2	5	7
COG1446	5	2	6	1	7
COG1447	4	3	5	2	7
COG1448	1	6	2	5	7
COG1449	5	2	3	4	7
COG1450	1	6	4	3	7
COG1451	0	7	3	4	7
COG1452	1	6	7	0	7
COG1453	3	4	0	7	7
COG1454	3	4	0	7	7
COG1455	3	4	2	5	7
COG1456	4	3	1	6	7
COG1457	0	7	3	4	7
COG1459	3	4	4	3	7
COG1461	4	3	3	4	7
COG1463	2	5	6	1	7
COG1464	0	7	5	2	7
COG1466	2	5	2	5	7
COG1468	2	5	3	4	7
COG1469	5	2	3	4	7
COG1472	4	3	3	4	7
COG1473	1	6	7	0	7
COG1475	3	4	1	6	7
COG1476	2	5	1	6	7
COG1477	5	2	1	6	7
COG1479	3	4	4	3	7
COG1480	6	1	5	2	7
COG1481	2	5	3	4	7
COG1482	3	4	3	4	7
COG1484	2	5	4	3	7
COG1485	1	6	7	0	7
COG1486	3	4	5	2	7
COG1487	0	7	6	1	7
COG1488	0	7	2	5	7
COG1489	4	3	3	4	7
COG1490	2	5	6	1	7
COG1492	4	3	3	4	7
COG1493	3	4	1	6	7
COG1494	1	6	5	2	7
COG1495	1	6	7	0	7
COG1496	2	5	5	2	7
COG1501	2	5	4	3	7
COG1502	4	3	0	7	7
COG1506	4	3	2	5	7
COG1507	2	5	3	4	7
COG1508	6	1	6	1	7
COG1509	5	2	4	3	7
COG1511	0	7	5	2	7
COG1512	5	2	2	5	7
COG1515	1	6	6	1	7
COG1516	4	3	3	4	7
COG1518	2	5	4	3	7
COG1519	4	3	4	3	7
COG1520	5	2	5	2	7
COG1521	1	6	2	5	7
COG1522	2	5	6	1	7
COG1523	1	6	4	3	7
COG1524	4	3	5	2	7
COG1525	5	2	6	1	7
COG1526	2	5	0	7	7
COG1527	5	2	4	3	7
COG1528	4	3	4	3	7
COG1529	2	5	2	5	7
COG1530	0	7	4	3	7
COG1533	6	1	3	4	7
COG1534	1	6	4	3	7
COG1536	2	5	4	3	7
COG1538	5	2	5	2	7
COG1539	0	7	6	1	7
COG1540	3	4	3	4	7
COG1541	7	0	2	5	7
COG1544	1	6	6	1	7
COG1546	0	7	3	4	7
COG1553	3	4	7	0	7
COG1554	5	2	4	3	7
COG1555	3	4	4	3	7
COG1556	1	6	5	2	7
COG1558	3	4	3	4	7
COG1559	2	5	4	3	7
COG1560	3	4	4	3	7
COG1561	2	5	3	4	7
COG1562	3	4	5	2	7
COG1564	3	4	4	3	7
COG1565	6	1	6	1	7
COG1566	3	4	6	1	7
COG1570	1	6	6	1	7
COG1573	1	6	3	4	7
COG1574	1	6	6	1	7
COG1575	2	5	5	2	7
COG1576	2	5	3	4	7
COG1577	3	4	4	3	7
COG1584	2	5	5	2	7
COG1585	2	5	4	3	7
COG1586	3	4	5	2	7
COG1587	4	3	3	4	7
COG1589	0	7	5	2	7
COG1592	3	4	1	6	7
COG1593	3	4	2	5	7
COG1595	6	1	3	4	7
COG1596	4	3	4	3	7
COG1597	0	7	6	1	7
COG1598	4	3	5	2	7
COG1600	2	5	5	2	7
COG1605	2	5	7	0	7
COG1606	4	3	4	3	7
COG1607	3	4	2	5	7
COG1609	0	7	7	0	7
COG1610	4	3	3	4	7
COG1611	0	7	6	1	7
COG1613	2	5	1	6	7
COG1614	4	3	1	6	7
COG1615	3	4	4	3	7
COG1619	4	3	3	4	7
COG1620	1	6	4	3	7
COG1621	1	6	2	5	7
COG1622	2	5	5	2	7
COG1623	3	4	2	5	7
COG1624	5	2	0	7	7
COG1625	4	3	2	5	7
COG1626	4	3	4	3	7
COG1629	3	4	7	0	7
COG1633	4	3	4	3	7
COG1636	3	4	1	6	7
COG1637	0	7	5	2	7
COG1638	4	3	4	3	7
COG1640	3	4	3	4	7
COG1641	3	4	2	5	7
COG1643	1	6	5	2	7
COG1648	3	4	2	5	7
COG1649	4	3	4	3	7
COG1651	0	7	6	1	7
COG1652	4	3	3	4	7
COG1653	1	6	4	3	7
COG1654	3	4	0	7	7
COG1655	3	4	2	5	7
COG1658	3	4	3	4	7
COG1660	1	6	5	2	7
COG1661	3	4	3	4	7
COG1662	3	4	5	2	7
COG1663	4	3	5	2	7
COG1664	3	4	4	3	7
COG1666	1	6	4	3	7
COG1668	3	4	2	5	7
COG1670	0	7	6	1	7
COG1671	3	4	2	5	7
COG1674	0	7	4	3	7
COG1678	4	3	5	2	7
COG1679	4	3	3	4	7
COG1680	5	2	3	4	7
COG1682	0	7	6	1	7
COG1683	5	2	3	4	7
COG1684	1	6	0	7	7
COG1686	3	4	1	6	7
COG1687	3	4	3	4	7
COG1690	4	3	3	4	7
COG1691	5	2	2	5	7
COG1692	4	3	4	3	7
COG1694	2	5	6	1	7
COG1695	4	3	2	5	7
COG1696	5	2	1	6	7
COG1699	3	4	3	4	7
COG1702	0	7	3	4	7
COG1703	3	4	5	2	7
COG1704	0	7	5	2	7
COG1705	3	4	5	2	7
COG1706	1	6	6	1	7
COG1708	5	2	4	3	7
COG1713	4	3	0	7	7
COG1714	4	3	2	5	7
COG1715	3	4	3	4	7
COG1716	2	5	5	2	7
COG1720	3	4	1	6	7
COG1721	5	2	6	1	7
COG1722	4	3	3	4	7
COG1725	2	5	2	5	7
COG1726	5	2	5	2	7
COG1729	2	5	7	0	7
COG1732	3	4	4	3	7
COG1733	2	5	2	5	7
COG1734	1	6	6	1	7
COG1735	2	5	7	0	7
COG1737	1	6	5	2	7
COG1738	3	4	6	1	7
COG1739	2	5	3	4	7
COG1740	4	3	7	0	7
COG1741	4	3	5	2	7
COG1742	2	5	5	2	7
COG1743	6	1	2	5	7
COG1744	2	5	0	7	7
COG1748	3	4	4	3	7
COG1749	3	4	3	4	7
COG1752	7	0	2	5	7
COG1754	2	5	3	4	7
COG1757	6	1	2	5	7
COG1758	2	5	6	1	7
COG1760	0	7	4	3	7
COG1762	3	4	4	3	7
COG1763	5	2	2	5	7
COG1765	0	7	5	2	7
COG1766	1	6	3	4	7
COG1767	5	2	5	2	7
COG1768	3	4	0	7	7
COG1770	0	7	6	1	7
COG1773	3	4	2	5	7
COG1774	4	3	0	7	7
COG1775	5	2	1	6	7
COG1776	3	4	0	7	7
COG1778	3	4	4	3	7
COG1780	1	6	3	4	7
COG1781	3	4	2	5	7
COG1783	2	5	5	2	7
COG1785	4	3	4	3	7
COG1788	2	5	5	2	7
COG1791	4	3	4	3	7
COG1792	4	3	1	6	7
COG1793	2	5	3	4	7
COG1794	0	7	5	2	7
COG1797	3	4	2	5	7
COG1799	0	7	4	3	7
COG1801	3	4	6	1	7
COG1802	2	5	5	2	7
COG1803	5	2	2	5	7
COG1804	2	5	5	2	7
COG1805	6	1	4	3	7
COG1806	4	3	5	2	7
COG1807	2	5	6	1	7
COG1811	2	5	5	2	7
COG1814	4	3	2	5	7
COG1815	3	4	3	4	7
COG1816	3	4	2	5	7
COG1819	5	2	6	1	7
COG1820	3	4	4	3	7
COG1823	1	6	6	1	7
COG1825	1	6	2	5	7
COG1826	2	5	7	0	7
COG1827	4	3	2	5	7
COG1830	3	4	3	4	7
COG1834	4	3	2	5	7
COG1835	2	5	6	1	7
COG1837	1	6	3	4	7
COG1838	4	3	1	6	7
COG1840	2	5	5	2	7
COG1841	1	6	3	4	7
COG1842	3	4	4	3	7
COG1843	3	4	0	7	7
COG1845	1	6	5	2	7
COG1846	3	4	0	7	7
COG1847	2	5	3	4	7
COG1852	3	4	3	4	7
COG1853	3	4	2	5	7
COG1854	0	7	6	1	7
COG1858	6	1	3	4	7
COG1859	4	3	5	2	7
COG1862	4	3	2	5	7
COG1864	3	4	1	6	7
COG1865	3	4	2	5	7
COG1866	4	3	2	5	7
COG1868	3	4	4	3	7
COG1869	2	5	5	2	7
COG1871	3	4	1	6	7
COG1872	4	3	6	1	7
COG1874	1	6	5	2	7
COG1875	3	4	5	2	7
COG1876	2	5	2	5	7
COG1877	2	5	5	2	7
COG1878	4	3	3	4	7
COG1879	2	5	1	6	7
COG1881	1	6	5	2	7
COG1882	1	6	2	5	7
COG1883	4	3	3	4	7
COG1884	4	3	4	3	7
COG1886	3	4	2	5	7
COG1887	4	3	0	7	7
COG1893	4	3	2	5	7
COG1894	4	3	1	6	7
COG1896	3	4	2	5	7
COG1897	1	6	3	4	7
COG1898	5	2	4	3	7
COG1902	2	5	2	5	7
COG1903	4	3	1	6	7
COG1904	3	4	4	3	7
COG1905	4	3	3	4	7
COG1907	3	4	3	4	7
COG1910	3	4	0	7	7
COG1912	4	3	5	2	7
COG1914	3	4	4	3	7
COG1915	2	5	1	6	7
COG1917	2	5	3	4	7
COG1918	4	3	2	5	7
COG1921	3	4	4	3	7
COG1922	7	0	4	3	7
COG1923	2	5	4	3	7
COG1924	1	6	4	3	7
COG1925	5	2	0	7	7
COG1928	3	4	2	5	7
COG1929	0	7	4	3	7
COG1930	5	2	2	5	7
COG1932	2	5	1	6	7
COG1934	3	4	6	1	7
COG1937	2	5	1	6	7
COG1939	2	5	3	4	7
COG1940	1	6	6	1	7
COG1943	4	3	3	4	7
COG1944	3	4	5	2	7
COG1946	0	7	5	2	7
COG1947	1	6	4	3	7
COG1949	1	6	4	3	7
COG1951	3	4	1	6	7
COG1953	1	6	7	0	7
COG1954	1	6	2	5	7
COG1956	3	4	4	3	7
COG1957	0	7	7	0	7
COG1959	2	5	1	6	7
COG1960	5	2	4	3	7
COG1961	3	4	0	7	7
COG1963	4	3	4	3	7
COG1966	2	5	2	5	7
COG1968	1	6	2	5	7
COG1969	4	3	4	3	7
COG1970	1	6	6	1	7
COG1971	3	4	2	5	7
COG1972	4	3	6	1	7
COG1974	2	5	3	4	7
COG1975	3	4	4	3	7
COG1979	4	3	4	3	7
COG1982	3	4	2	5	7
COG1984	1	6	2	5	7
COG1985	4	3	1	6	7
COG1988	3	4	5	2	7
COG1989	3	4	1	6	7
COG1994	2	5	2	5	7
COG1995	6	1	5	2	7
COG2000	4	3	1	6	7
COG2001	0	7	6	1	7
COG2002	4	3	3	4	7
COG2003	4	3	2	5	7
COG2005	1	6	6	1	7
COG2006	4	3	2	5	7
COG2008	0	7	3	4	7
COG2009	1	6	6	1	7
COG2010	5	2	5	2	7
COG2011	1	6	4	3	7
COG2013	3	4	1	6	7
COG2015	2	5	3	4	7
COG2017	5	2	5	2	7
COG2020	5	2	3	4	7
COG2021	3	4	3	4	7
COG2022	0	7	3	4	7
COG2025	4	3	0	7	7
COG2026	3	4	4	3	7
COG2027	2	5	5	2	7
COG2030	0	7	5	2	7
COG2031	1	6	5	2	7
COG2032	3	4	3	4	7
COG2033	4	3	2	5	7
COG2035	3	4	1	6	7
COG2038	3	4	3	4	7
COG2039	0	7	4	3	7
COG2040	1	6	3	4	7
COG2041	4	3	6	1	7
COG2045	6	1	5	2	7
COG2049	2	5	4	3	7
COG2050	4	3	6	1	7
COG2055	3	4	4	3	7
COG2056	3	4	2	5	7
COG2057	3	4	5	2	7
COG2059	6	1	1	6	7
COG2060	6	1	3	4	7
COG2062	0	7	4	3	7
COG2065	1	6	2	5	7
COG2066	5	2	3	4	7
COG2067	2	5	4	3	7
COG2068	3	4	0	7	7
COG2069	4	3	1	6	7
COG2070	5	2	2	5	7
COG2071	2	5	5	2	7
COG2076	3	4	7	0	7
COG2077	2	5	5	2	7
COG2078	1	6	5	2	7
COG2079	1	6	3	4	7
COG2080	4	3	1	6	7
COG2081	3	4	1	6	7
COG2082	5	2	2	5	7
COG2084	4	3	6	1	7
COG2086	3	4	2	5	7
COG2087	5	2	3	4	7
COG2088	3	4	1	6	7
COG2089	5	2	3	4	7
COG2091	4	3	2	5	7
COG2094	3	4	6	1	7
COG2095	2	5	4	3	7
COG2096	3	4	4	3	7
COG2103	3	4	5	2	7
COG2105	2	5	5	2	7
COG2109	2	5	0	7	7
COG2110	4	3	3	4	7
COG2111	4	3	5	2	7
COG2113	5	2	3	4	7
COG2115	2	5	5	2	7
COG2116	3	4	4	3	7
COG2120	3	4	5	2	7
COG2121	5	2	4	3	7
COG2127	4	3	3	4	7
COG2128	1	6	6	1	7
COG2130	3	4	5	2	7
COG2131	5	2	2	5	7
COG2132	2	5	7	0	7
COG2133	2	5	3	4	7
COG2134	3	4	5	2	7
COG2135	0	7	4	3	7
COG2137	4	3	1	6	7
COG2140	3	4	2	5	7
COG2141	1	6	4	3	7
COG2142	2	5	7	0	7
COG2145	1	6	4	3	7
COG2146	3	4	6	1	7
COG2148	4	3	0	7	7
COG2151	2	5	3	4	7
COG2152	5	2	2	5	7
COG2153	1	6	5	2	7
COG2156	4	3	5	2	7
COG2159	4	3	2	5	7
COG2160	3	4	2	5	7
COG2162	2	5	6	1	7
COG2165	3	4	5	2	7
COG2166	2	5	4	3	7
COG2169	4	3	4	3	7
COG2170	0	7	6	1	7
COG2171	0	7	6	1	7
COG2172	5	2	3	4	7
COG2173	3	4	3	4	7
COG2175	1	6	7	0	7
COG2176	3	4	1	6	7
COG2177	2	5	0	7	7
COG2179	1	6	3	4	7
COG2180	1	6	6	1	7
COG2181	1	6	5	2	7
COG2182	3	4	3	4	7
COG2183	5	2	2	5	7
COG2184	0	7	4	3	7
COG2185	4	3	5	2	7
COG2186	3	4	5	2	7
COG2188	2	5	3	4	7
COG2190	0	7	3	4	7
COG2193	3	4	5	2	7
COG2194	4	3	6	1	7
COG2195	5	2	1	6	7
COG2197	0	7	6	1	7
COG2198	2	5	5	2	7
COG2199	3	4	1	6	7
COG2200	1	6	5	2	7
COG2201	1	6	3	4	7
COG2202	3	4	6	1	7
COG2204	5	2	5	2	7
COG2205	4	3	4	3	7
COG2206	3	4	2	5	7
COG2208	3	4	3	4	7
COG2209	4	3	2	5	7
COG2210	4	3	3	4	7
COG2211	2	5	5	2	7
COG2213	4	3	5	2	7
COG2214	1	6	2	5	7
COG2215	3	4	7	0	7
COG2216	6	1	5	2	7
COG2217	2	5	2	5	7
COG2220	4	3	3	4	7
COG2221	4	3	2	5	7
COG2222	4	3	2	5	7
COG2223	4	3	5	2	7
COG2224	3	4	6	1	7
COG2225	2	5	5	2	7
COG2226	5	2	4	3	7
COG2227	2	5	7	0	7
COG2230	1	6	4	3	7
COG2231	1	6	5	2	7
COG2233	1	6	4	3	7
COG2234	4	3	2	5	7
COG2235	3	4	3	4	7
COG2239	2	5	0	7	7
COG2240	1	6	5	2	7
COG2244	3	4	1	6	7
COG2246	3	4	1	6	7
COG2247	2	5	4	3	7
COG2249	0	7	5	2	7
COG2252	1	6	6	1	7
COG2255	2	5	5	2	7
COG2256	3	4	4	3	7
COG2257	2	5	2	5	7
COG2258	5	2	2	5	7
COG2259	3	4	4	3	7
COG2261	1	6	5	2	7
COG2262	3	4	3	4	7
COG2264	5	2	1	6	7
COG2265	3	4	5	2	7
COG2267	3	4	4	3	7
COG2268	5	2	4	3	7
COG2269	1	6	6	1	7
COG2270	1	6	3	4	7
COG2271	2	5	4	3	7
COG2272	5	2	4	3	7
COG2273	5	2	6	1	7
COG2274	4	3	5	2	7
COG2301	3	4	4	3	7
COG2302	4	3	1	6	7
COG2303	1	6	7	0	7
COG2304	6	1	5	2	7
COG2307	3	4	3	4	7
COG2308	2	5	3	4	7
COG2309	4	3	4	3	7
COG2311	4	3	5	2	7
COG2313	1	6	7	0	7
COG2315	4	3	3	4	7
COG2316	3	4	0	7	7
COG2317	2	5	1	6	7
COG2320	4	3	6	1	7
COG2321	2	5	7	0	7
COG2323	0	7	5	2	7
COG2326	1	6	4	3	7
COG2327	2	5	4	3	7
COG2331	0	7	4	3	7
COG2333	3	4	3	4	7
COG2334	2	5	5	2	7
COG2336	1	6	5	2	7
COG2337	5	2	2	5	7
COG2340	4	3	2	5	7
COG2344	4	3	3	4	7
COG2348	1	6	3	4	7
COG2350	1	6	5	2	7
COG2351	1	6	7	0	7
COG2352	1	6	2	5	7
COG2354	2	5	6	1	7
COG2356	1	6	6	1	7
COG2357	3	4	2	5	7
COG2358	2	5	2	5	7
COG2360	6	1	4	3	7
COG2361	2	5	5	2	7
COG2362	5	2	3	4	7
COG2364	2	5	3	4	7
COG2365	4	3	4	3	7
COG2367	5	2	4	3	7
COG2368	5	2	4	3	7
COG2372	2	5	7	0	7
COG2373	4	3	4	3	7
COG2374	2	5	4	3	7
COG2375	3	4	5	2	7
COG2376	4	3	3	4	7
COG2377	3	4	2	5	7
COG2378	3	4	5	2	7
COG2379	3	4	1	6	7
COG2382	3	4	4	3	7
COG2384	4	3	3	4	7
COG2385	4	3	3	4	7
COG2386	0	7	6	1	7
COG2388	5	2	4	3	7
COG2390	1	6	7	0	7
COG2391	1	6	4	3	7
COG2407	4	3	3	4	7
COG2414	3	4	2	5	7
COG2421	3	4	5	2	7
COG2423	5	2	4	3	7
COG2425	6	1	2	5	7
COG2426	4	3	0	7	7
COG2431	5	2	5	2	7
COG2440	2	5	3	4	7
COG2461	4	3	3	4	7
COG2501	5	2	1	6	7
COG2502	3	4	2	5	7
COG2503	0	7	3	4	7
COG2508	3	4	2	5	7
COG2509	2	5	2	5	7
COG2510	4	3	2	5	7
COG2513	3	4	4	3	7
COG2514	3	4	2	5	7
COG2515	4	3	4	3	7
COG2518	1	6	7	0	7
COG2519	1	6	5	2	7
COG2602	2	5	1	6	7
COG2603	2	5	3	4	7
COG2605	4	3	6	1	7
COG2606	1	6	5	2	7
COG2607	3	4	1	6	7
COG2609	2	5	6	1	7
COG2610	1	6	5	2	7
COG2704	4	3	5	2	7
COG2706	3	4	3	4	7
COG2710	3	4	2	5	7
COG2715	5	2	1	6	7
COG2716	3	4	7	0	7
COG2717	3	4	4	3	7
COG2718	1	6	3	4	7
COG2719	1	6	6	1	7
COG2720	4	3	3	4	7
COG2721	5	2	2	5	7
COG2723	2	5	5	2	7
COG2730	1	6	6	1	7
COG2731	4	3	4	3	7
COG2733	1	6	7	0	7
COG2738	5	2	3	4	7
COG2739	3	4	0	7	7
COG2740	3	4	2	5	7
COG2746	2	5	1	6	7
COG2759	1	6	2	5	7
COG2764	1	6	5	2	7
COG2766	3	4	5	2	7
COG2768	3	4	5	2	7
COG2771	2	5	6	1	7
COG2801	3	4	4	3	7
COG2804	3	4	4	3	7
COG2805	1	6	6	1	7
COG2807	2	5	7	0	7
COG2812	2	5	5	2	7
COG2813	2	5	5	2	7
COG2814	0	7	6	1	7
COG2815	3	4	0	7	7
COG2816	2	5	5	2	7
COG2818	4	3	4	3	7
COG2819	3	4	1	6	7
COG2820	4	3	3	4	7
COG2821	2	5	7	0	7
COG2822	2	5	4	3	7
COG2823	2	5	5	2	7
COG2824	0	7	4	3	7
COG2826	1	6	4	3	7
COG2827	2	5	3	4	7
COG2828	4	3	4	3	7
COG2829	1	6	6	1	7
COG2831	3	4	3	4	7
COG2832	4	3	4	3	7
COG2837	2	5	4	3	7
COG2840	2	5	5	2	7
COG2842	5	2	1	6	7
COG2843	2	5	2	5	7
COG2844	1	6	5	2	7
COG2846	4	3	4	3	7
COG2848	3	4	5	2	7
COG2850	2	5	6	1	7
COG2851	5	2	2	5	7
COG2853	1	6	4	3	7
COG2854	2	5	6	1	7
COG2855	2	5	6	1	7
COG2856	5	2	2	5	7
COG2860	3	4	5	2	7
COG2861	2	5	6	1	7
COG2862	3	4	6	1	7
COG2864	1	6	6	1	7
COG2865	2	5	3	4	7
COG2866	3	4	4	3	7
COG2867	1	6	6	1	7
COG2868	2	5	4	3	7
COG2869	4	3	4	3	7
COG2870	4	3	5	2	7
COG2871	5	2	4	3	7
COG2872	4	3	2	5	7
COG2873	4	3	2	5	7
COG2875	4	3	2	5	7
COG2876	4	3	4	3	7
COG2877	4	3	6	1	7
COG2878	5	2	0	7	7
COG2879	1	6	6	1	7
COG2884	2	5	4	3	7
COG2885	4	3	5	2	7
COG2887	1	6	5	2	7
COG2890	2	5	3	4	7
COG2891	2	5	6	1	7
COG2893	2	5	5	2	7
COG2894	3	4	2	5	7
COG2895	4	3	1	6	7
COG2896	3	4	1	6	7
COG2897	2	5	4	3	7
COG2898	1	6	5	2	7
COG2907	2	5	5	2	7
COG2908	5	2	7	0	7
COG2909	4	3	3	4	7
COG2910	3	4	4	3	7
COG2911	1	6	6	1	7
COG2912	4	3	4	3	7
COG2915	3	4	5	2	7
COG2916	0	7	5	2	7
COG2918	2	5	5	2	7
COG2922	2	5	6	1	7
COG2923	2	5	5	2	7
COG2925	1	6	5	2	7
COG2929	2	5	5	2	7
COG2932	3	4	1	6	7
COG2933	3	4	7	0	7
COG2936	3	4	2	5	7
COG2937	1	6	7	0	7
COG2942	2	5	5	2	7
COG2943	2	5	5	2	7
COG2944	2	5	7	0	7
COG2946	4	3	3	4	7
COG2949	4	3	7	0	7
COG2951	2	5	6	1	7
COG2954	4	3	1	6	7
COG2956	2	5	4	3	7
COG2957	3	4	3	4	7
COG2959	1	6	5	2	7
COG2961	3	4	4	3	7
COG2962	1	6	6	1	7
COG2963	1	6	4	3	7
COG2964	3	4	7	0	7
COG2966	4	3	1	6	7
COG2968	1	6	4	3	7
COG2969	2	5	5	2	7
COG2972	3	4	0	7	7
COG2974	1	6	7	0	7
COG2976	1	6	6	1	7
COG2977	1	6	5	2	7
COG2978	4	3	6	1	7
COG2979	2	5	6	1	7
COG2980	1	6	7	0	7
COG2981	1	6	7	0	7
COG2982	1	6	4	3	7
COG2984	3	4	1	6	7
COG2985	5	2	5	2	7
COG2986	2	5	6	1	7
COG2987	4	3	0	7	7
COG2988	1	6	6	1	7
COG2989	2	5	5	2	7
COG2990	1	6	6	1	7
COG2992	3	4	7	0	7
COG2995	3	4	5	2	7
COG2996	4	3	1	6	7
COG2999	3	4	7	0	7
COG3001	0	7	6	1	7
COG3004	0	7	6	1	7
COG3005	4	3	4	3	7
COG3006	5	2	5	2	7
COG3008	2	5	3	4	7
COG3009	2	5	6	1	7
COG3010	0	7	2	5	7
COG3013	2	5	7	0	7
COG3015	5	2	6	1	7
COG3017	1	6	7	0	7
COG3019	3	4	6	1	7
COG3021	1	6	6	1	7
COG3022	3	4	3	4	7
COG3023	5	2	4	3	7
COG3025	1	6	5	2	7
COG3026	1	6	5	2	7
COG3027	0	7	5	2	7
COG3028	3	4	5	2	7
COG3029	2	5	4	3	7
COG3031	3	4	7	0	7
COG3033	6	1	5	2	7
COG3034	4	3	6	1	7
COG3037	2	5	6	1	7
COG3038	4	3	6	1	7
COG3039	5	2	4	3	7
COG3040	3	4	6	1	7
COG3041	0	7	3	4	7
COG3044	4	3	0	7	7
COG3045	2	5	6	1	7
COG3047	2	5	4	3	7
COG3048	2	5	5	2	7
COG3049	2	5	1	6	7
COG3050	3	4	7	0	7
COG3051	2	5	3	4	7
COG3052	3	4	3	4	7
COG3053	2	5	4	3	7
COG3054	2	5	5	2	7
COG3055	4	3	5	2	7
COG3056	3	4	5	2	7
COG3057	2	5	5	2	7
COG3058	2	5	5	2	7
COG3059	5	2	3	4	7
COG3060	1	6	7	0	7
COG3061	1	6	4	3	7
COG3064	2	5	6	1	7
COG3065	2	5	6	1	7
COG3066	2	5	7	0	7
COG3067	3	4	4	3	7
COG3068	2	5	5	2	7
COG3069	2	5	3	4	7
COG3070	4	3	3	4	7
COG3071	2	5	4	3	7
COG3072	2	5	4	3	7
COG3073	3	4	6	1	7
COG3075	3	4	6	1	7
COG3076	2	5	6	1	7
COG3077	3	4	4	3	7
COG3079	3	4	7	0	7
COG3081	3	4	6	1	7
COG3083	2	5	7	0	7
COG3085	2	5	7	0	7
COG3086	1	6	5	2	7
COG3087	1	6	4	3	7
COG3090	2	5	4	3	7
COG3096	2	5	5	2	7
COG3101	0	7	6	1	7
COG3103	2	5	5	2	7
COG3104	3	4	5	2	7
COG3105	2	5	6	1	7
COG3106	3	4	4	3	7
COG3107	2	5	6	1	7
COG3109	1	6	5	2	7
COG3111	2	5	7	0	7
COG3112	3	4	5	2	7
COG3115	1	6	6	1	7
COG3117	2	5	5	2	7
COG3118	0	7	5	2	7
COG3119	4	3	6	1	7
COG3121	1	6	7	0	7
COG3126	0	7	6	1	7
COG3127	1	6	5	2	7
COG3129	4	3	6	1	7
COG3131	2	5	6	1	7
COG3132	1	6	7	0	7
COG3135	1	6	7	0	7
COG3137	3	4	5	2	7
COG3138	2	5	6	1	7
COG3142	4	3	4	3	7
COG3145	2	5	6	1	7
COG3147	1	6	4	3	7
COG3148	1	6	5	2	7
COG3149	1	6	6	1	7
COG3150	1	6	5	2	7
COG3151	2	5	5	2	7
COG3152	2	5	4	3	7
COG3153	3	4	5	2	7
COG3154	0	7	6	1	7
COG3155	2	5	4	3	7
COG3156	3	4	6	1	7
COG3157	2	5	7	0	7
COG3158	2	5	5	2	7
COG3159	1	6	6	1	7
COG3160	2	5	5	2	7
COG3161	2	5	7	0	7
COG3164	2	5	4	3	7
COG3165	3	4	7	0	7
COG3166	0	7	7	0	7
COG3169	6	1	5	2	7
COG3172	2	5	4	3	7
COG3176	5	2	3	4	7
COG3177	1	6	6	1	7
COG3178	5	2	4	3	7
COG3180	2	5	4	3	7
COG3181	4	3	5	2	7
COG3182	5	2	4	3	7
COG3187	4	3	4	3	7
COG3188	1	6	6	1	7
COG3189	1	6	6	1	7
COG3191	4	3	3	4	7
COG3192	3	4	4	3	7
COG3193	2	5	3	4	7
COG3194	2	5	5	2	7
COG3196	4	3	2	5	7
COG3201	5	2	5	2	7
COG3203	2	5	5	2	7
COG3204	2	5	7	0	7
COG3206	2	5	7	0	7
COG3208	2	5	4	3	7
COG3209	4	3	2	5	7
COG3210	1	6	5	2	7
COG3212	3	4	5	2	7
COG3214	2	5	5	2	7
COG3221	3	4	5	2	7
COG3223	2	5	5	2	7
COG3225	3	4	2	5	7
COG3226	2	5	5	2	7
COG3227	2	5	7	0	7
COG3228	2	5	5	2	7
COG3231	2	5	3	4	7
COG3232	3	4	5	2	7
COG3236	3	4	3	4	7
COG3238	4	3	2	5	7
COG3239	2	5	5	2	7
COG3240	4	3	3	4	7
COG3246	3	4	4	3	7
COG3247	2	5	6	1	7
COG3248	3	4	6	1	7
COG3250	3	4	5	2	7
COG3253	3	4	5	2	7
COG3254	4	3	4	3	7
COG3257	1	6	7	0	7
COG3260	3	4	5	2	7
COG3261	3	4	3	4	7
COG3262	1	6	5	2	7
COG3263	4	3	5	2	7
COG3264	3	4	7	0	7
COG3265	1	6	3	4	7
COG3266	2	5	7	0	7
COG3267	3	4	2	5	7
COG3270	3	4	2	5	7
COG3274	6	1	5	2	7
COG3275	5	2	4	3	7
COG3276	2	5	1	6	7
COG3279	5	2	2	5	7
COG3280	2	5	7	0	7
COG3283	2	5	7	0	7
COG3284	4	3	6	1	7
COG3288	0	7	5	2	7
COG3290	1	6	6	1	7
COG3291	3	4	6	1	7
COG3292	6	1	3	4	7
COG3293	3	4	2	5	7
COG3297	5	2	5	2	7
COG3299	4	3	3	4	7
COG3301	3	4	4	3	7
COG3302	2	5	6	1	7
COG3303	5	2	6	1	7
COG3304	2	5	4	3	7
COG3307	1	6	5	2	7
COG3311	3	4	7	0	7
COG3314	4	3	2	5	7
COG3315	5	2	1	6	7
COG3316	2	5	4	3	7
COG3317	1	6	5	2	7
COG3318	1	6	5	2	7
COG3319	3	4	5	2	7
COG3321	1	6	5	2	7
COG3323	3	4	3	4	7
COG3325	3	4	2	5	7
COG3326	3	4	1	6	7
COG3327	1	6	5	2	7
COG3328	4	3	3	4	7
COG3331	3	4	1	6	7
COG3333	3	4	2	5	7
COG3335	3	4	3	4	7
COG3338	4	3	2	5	7
COG3339	3	4	6	1	7
COG3340	0	7	4	3	7
COG3344	4	3	2	5	7
COG3345	2	5	2	5	7
COG3350	1	6	5	2	7
COG3376	1	6	5	2	7
COG3378	3	4	1	6	7
COG3381	3	4	5	2	7
COG3382	5	2	5	2	7
COG3383	5	2	0	7	7
COG3384	2	5	6	1	7
COG3385	3	4	5	2	7
COG3386	3	4	4	3	7
COG3391	2	5	6	1	7
COG3392	3	4	5	2	7
COG3394	3	4	5	2	7
COG3395	4	3	4	3	7
COG3396	1	6	6	1	7
COG3397	2	5	5	2	7
COG3404	4	3	2	5	7
COG3405	1	6	3	4	7
COG3407	3	4	3	4	7
COG3408	2	5	4	3	7
COG3409	2	5	2	5	7
COG3410	2	5	6	1	7
COG3411	4	3	4	3	7
COG3412	4	3	5	2	7
COG3414	3	4	6	1	7
COG3416	1	6	6	1	7
COG3423	0	7	7	0	7
COG3425	4	3	3	4	7
COG3426	3	4	4	3	7
COG3429	1	6	4	3	7
COG3433	3	4	5	2	7
COG3434	3	4	3	4	7
COG3435	2	5	6	1	7
COG3436	4	3	3	4	7
COG3437	4	3	3	4	7
COG3440	1	6	7	0	7
COG3442	0	7	4	3	7
COG3443	2	5	2	5	7
COG3444	2	5	4	3	7
COG3447	2	5	5	2	7
COG3449	4	3	6	1	7
COG3451	4	3	3	4	7
COG3454	3	4	5	2	7
COG3455	1	6	6	1	7
COG3456	1	6	6	1	7
COG3457	4	3	5	2	7
COG3458	5	2	4	3	7
COG3459	2	5	3	4	7
COG3464	2	5	3	4	7
COG3467	0	7	6	1	7
COG3468	4	3	6	1	7
COG3470	1	6	4	3	7
COG3472	2	5	4	3	7
COG3475	3	4	3	4	7
COG3477	1	6	3	4	7
COG3479	2	5	3	4	7
COG3480	0	7	5	2	7
COG3481	6	1	1	6	7
COG3484	3	4	7	0	7
COG3485	2	5	6	1	7
COG3486	2	5	6	1	7
COG3491	2	5	7	0	7
COG3493	4	3	0	7	7
COG3494	2	5	5	2	7
COG3496	1	6	5	2	7
COG3497	3	4	5	2	7
COG3501	3	4	5	2	7
COG3505	3	4	1	6	7
COG3506	3	4	2	5	7
COG3507	3	4	5	2	7
COG3509	4	3	5	2	7
COG3512	4	3	3	4	7
COG3513	5	2	2	5	7
COG3515	2	5	6	1	7
COG3517	3	4	7	0	7
COG3518	1	6	4	3	7
COG3519	3	4	6	1	7
COG3520	3	4	6	1	7
COG3521	1	6	6	1	7
COG3522	1	6	5	2	7
COG3523	1	6	5	2	7
COG3524	1	6	6	1	7
COG3525	5	2	5	2	7
COG3527	0	7	5	2	7
COG3528	5	2	5	2	7
COG3529	3	4	5	2	7
COG3530	5	2	7	0	7
COG3533	4	3	3	4	7
COG3534	3	4	5	2	7
COG3535	1	6	4	3	7
COG3537	3	4	5	2	7
COG3538	3	4	3	4	7
COG3539	2	5	4	3	7
COG3541	5	2	4	3	7
COG3542	2	5	3	4	7
COG3543	5	2	0	7	7
COG3546	4	3	3	4	7
COG3547	3	4	1	6	7
COG3549	2	5	3	4	7
COG3550	3	4	4	3	7
COG3558	2	5	7	0	7
COG3560	4	3	5	2	7
COG3561	3	4	4	3	7
COG3562	1	6	6	1	7
COG3563	1	6	5	2	7
COG3567	2	5	4	3	7
COG3568	4	3	4	3	7
COG3572	1	6	5	2	7
COG3576	1	6	5	2	7
COG3579	2	5	4	3	7
COG3580	1	6	3	4	7
COG3581	1	6	3	4	7
COG3583	0	7	3	4	7
COG3584	2	5	3	4	7
COG3586	4	3	4	3	7
COG3589	3	4	3	4	7
COG3590	4	3	3	4	7
COG3591	1	6	5	2	7
COG3593	3	4	5	2	7
COG3594	4	3	3	4	7
COG3596	3	4	5	2	7
COG3599	2	5	4	3	7
COG3600	3	4	3	4	7
COG3601	4	3	1	6	7
COG3604	4	3	4	3	7
COG3605	3	4	6	1	7
COG3608	2	5	1	6	7
COG3610	2	5	3	4	7
COG3611	4	3	3	4	7
COG3615	2	5	5	2	7
COG3616	2	5	4	3	7
COG3617	6	1	4	3	7
COG3618	1	6	5	2	7
COG3619	3	4	1	6	7
COG3622	2	5	5	2	7
COG3623	1	6	4	3	7
COG3624	2	5	5	2	7
COG3625	3	4	5	2	7
COG3626	2	5	6	1	7
COG3627	2	5	7	0	7
COG3633	2	5	1	6	7
COG3634	5	2	3	4	7
COG3635	6	1	1	6	7
COG3637	1	6	6	1	7
COG3638	2	5	3	4	7
COG3639	3	4	3	4	7
COG3640	3	4	2	5	7
COG3641	4	3	1	6	7
COG3645	4	3	3	4	7
COG3646	2	5	4	3	7
COG3647	3	4	5	2	7
COG3649	1	6	4	3	7
COG3653	4	3	4	3	7
COG3655	2	5	4	3	7
COG3659	3	4	6	1	7
COG3661	6	1	2	5	7
COG3662	0	7	6	1	7
COG3663	2	5	5	2	7
COG3664	2	5	4	3	7
COG3666	4	3	4	3	7
COG3667	3	4	6	1	7
COG3669	6	1	5	2	7
COG3677	2	5	5	2	7
COG3678	1	6	5	2	7
COG3679	4	3	2	5	7
COG3680	2	5	4	3	7
COG3681	3	4	2	5	7
COG3682	3	4	2	5	7
COG3684	1	6	4	3	7
COG3685	4	3	6	1	7
COG3688	5	2	1	6	7
COG3689	1	6	4	3	7
COG3691	3	4	3	4	7
COG3693	6	1	3	4	7
COG3695	4	3	5	2	7
COG3696	4	3	6	1	7
COG3698	3	4	7	0	7
COG3700	2	5	4	3	7
COG3705	3	4	1	6	7
COG3706	5	2	4	3	7
COG3707	0	7	6	1	7
COG3708	3	4	5	2	7
COG3709	1	6	7	0	7
COG3710	2	5	6	1	7
COG3711	3	4	4	3	7
COG3712	6	1	4	3	7
COG3713	3	4	5	2	7
COG3714	4	3	5	2	7
COG3715	4	3	4	3	7
COG3716	3	4	1	6	7
COG3717	4	3	4	3	7
COG3718	3	4	2	5	7
COG3719	5	2	5	2	7
COG3720	2	5	5	2	7
COG3722	3	4	5	2	7
COG3723	1	6	5	2	7
COG3724	2	5	7	0	7
COG3725	2	5	5	2	7
COG3726	2	5	6	1	7
COG3727	2	5	5	2	7
COG3728	1	6	4	3	7
COG3730	3	4	5	2	7
COG3731	2	5	5	2	7
COG3732	2	5	5	2	7
COG3733	1	6	6	1	7
COG3734	2	5	5	2	7
COG3735	5	2	3	4	7
COG3738	2	5	3	4	7
COG3740	4	3	6	1	7
COG3747	3	4	2	5	7
COG3754	2	5	4	3	7
COG3757	3	4	2	5	7
COG3760	4	3	2	5	7
COG3764	0	7	4	3	7
COG3765	2	5	5	2	7
COG3768	2	5	5	2	7
COG3770	1	6	6	1	7
COG3772	3	4	6	1	7
COG3773	4	3	3	4	7
COG3774	6	1	4	3	7
COG3775	4	3	2	5	7
COG3778	4	3	7	0	7
COG3781	3	4	7	0	7
COG3787	4	3	5	2	7
COG3797	5	2	0	7	7
COG3799	2	5	3	4	7
COG3804	5	2	5	2	7
COG3808	3	4	6	1	7
COG3817	3	4	3	4	7
COG3819	1	6	5	2	7
COG3822	2	5	4	3	7
COG3824	2	5	4	3	7
COG3829	3	4	2	5	7
COG3830	3	4	6	1	7
COG3833	3	4	1	6	7
COG3835	3	4	5	2	7
COG3836	2	5	5	2	7
COG3837	3	4	5	2	7
COG3839	2	5	5	2	7
COG3840	2	5	5	2	7
COG3842	4	3	2	5	7
COG3843	4	3	2	5	7
COG3845	3	4	2	5	7
COG3848	4	3	2	5	7
COG3852	3	4	6	1	7
COG3853	2	5	2	5	7
COG3854	3	4	1	6	7
COG3855	4	3	1	6	7
COG3856	0	7	5	2	7
COG3857	3	4	3	4	7
COG3858	4	3	3	4	7
COG3859	2	5	0	7	7
COG3862	1	6	1	6	7
COG3867	3	4	2	5	7
COG3869	1	6	5	2	7
COG3870	3	4	4	3	7
COG3871	3	4	3	4	7
COG3872	5	2	2	5	7
COG3875	4	3	0	7	7
COG3878	3	4	4	3	7
COG3879	2	5	5	2	7
COG3880	2	5	5	2	7
COG3882	3	4	1	6	7
COG3884	4	3	2	5	7
COG3886	0	7	4	3	7
COG3887	1	6	1	6	7
COG3892	1	6	7	0	7
COG3894	5	2	1	6	7
COG3896	4	3	6	1	7
COG3910	3	4	4	3	7
COG3919	2	5	3	4	7
COG3920	0	7	5	2	7
COG3921	2	5	7	0	7
COG3926	4	3	5	2	7
COG3933	3	4	5	2	7
COG3935	3	4	4	3	7
COG3938	3	4	3	4	7
COG3940	2	5	3	4	7
COG3942	4	3	5	2	7
COG3943	6	1	1	6	7
COG3944	1	6	4	3	7
COG3947	5	2	2	5	7
COG3948	3	4	5	2	7
COG3949	4	3	3	4	7
COG3950	4	3	2	5	7
COG3953	1	6	3	4	7
COG3954	4	3	7	0	7
COG3956	2	5	0	7	7
COG3957	2	5	4	3	7
COG3958	2	5	1	6	7
COG3959	3	4	3	4	7
COG3960	3	4	7	0	7
COG3961	2	5	5	2	7
COG3962	3	4	1	6	7
COG3964	2	5	4	3	7
COG3965	2	5	3	4	7
COG3966	3	4	1	6	7
COG3968	5	2	3	4	7
COG3969	4	3	7	0	7
COG3971	1	6	6	1	7
COG3973	4	3	3	4	7
COG3976	4	3	2	5	7
COG3977	4	3	4	3	7
COG3979	2	5	3	4	7
COG3980	4	3	1	6	7
COG3981	1	6	5	2	7
COG4086	5	2	0	7	7
COG4091	2	5	4	3	7
COG4096	4	3	4	3	7
COG4097	2	5	4	3	7
COG4098	3	4	4	3	7
COG4099	4	3	4	3	7
COG4100	3	4	1	6	7
COG4105	2	5	6	1	7
COG4106	3	4	6	1	7
COG4107	3	4	6	1	7
COG4108	5	2	1	6	7
COG4109	2	5	4	3	7
COG4112	3	4	5	2	7
COG4114	2	5	5	2	7
COG4115	2	5	5	2	7
COG4117	2	5	5	2	7
COG4120	5	2	2	5	7
COG4121	5	2	7	0	7
COG4122	2	5	3	4	7
COG4123	3	4	1	6	7
COG4125	2	5	5	2	7
COG4126	3	4	3	4	7
COG4129	4	3	5	2	7
COG4130	1	6	4	3	7
COG4132	3	4	3	4	7
COG4134	1	6	6	1	7
COG4135	1	6	6	1	7
COG4137	2	5	4	3	7
COG4138	1	6	5	2	7
COG4139	1	6	5	2	7
COG4143	1	6	6	1	7
COG4145	4	3	6	1	7
COG4146	5	2	5	2	7
COG4147	1	6	7	0	7
COG4148	4	3	5	2	7
COG4149	3	4	3	4	7
COG4150	0	7	4	3	7
COG4152	2	5	3	4	7
COG4154	4	3	4	3	7
COG4158	3	4	5	2	7
COG4160	2	5	6	1	7
COG4166	4	3	4	3	7
COG4168	1	6	5	2	7
COG4171	2	5	6	1	7
COG4172	0	7	3	4	7
COG4174	3	4	5	2	7
COG4175	5	2	5	2	7
COG4176	4	3	4	3	7
COG4177	0	7	5	2	7
COG4178	2	5	5	2	7
COG4181	0	7	7	0	7
COG4185	4	3	2	5	7
COG4186	2	5	4	3	7
COG4189	2	5	1	6	7
COG4191	1	6	7	0	7
COG4192	3	4	5	2	7
COG4193	2	5	4	3	7
COG4194	2	5	3	4	7
COG4198	5	2	3	4	7
COG4199	3	4	3	4	7
COG4200	3	4	2	5	7
COG4206	5	2	5	2	7
COG4208	3	4	2	5	7
COG4209	2	5	2	5	7
COG4211	4	3	2	5	7
COG4213	4	3	3	4	7
COG4214	4	3	3	4	7
COG4215	2	5	6	1	7
COG4219	3	4	1	6	7
COG4221	2	5	4	3	7
COG4222	1	6	5	2	7
COG4225	5	2	4	3	7
COG4227	5	2	4	3	7
COG4228	2	5	6	1	7
COG4229	1	6	7	0	7
COG4230	3	4	5	2	7
COG4231	7	0	4	3	7
COG4232	5	2	3	4	7
COG4233	3	4	4	3	7
COG4235	1	6	6	1	7
COG4239	2	5	6	1	7
COG4241	1	6	4	3	7
COG4243	0	7	5	2	7
COG4245	4	3	5	2	7
COG4248	2	5	5	2	7
COG4253	0	7	5	2	7
COG4260	2	5	3	4	7
COG4262	3	4	2	5	7
COG4264	2	5	5	2	7
COG4267	2	5	2	5	7
COG4268	4	3	2	5	7
COG4269	2	5	6	1	7
COG4277	4	3	3	4	7
COG4279	4	3	5	2	7
COG4283	3	4	3	4	7
COG4284	1	6	6	1	7
COG4289	5	2	3	4	7
COG4299	6	1	6	1	7
COG4302	1	6	4	3	7
COG4303	1	6	5	2	7
COG4320	1	6	4	3	7
COG4332	2	5	4	3	7
COG4335	4	3	1	6	7
COG4336	3	4	1	6	7
COG4354	5	2	3	4	7
COG4373	3	4	5	2	7
COG4377	3	4	0	7	7
COG4379	0	7	6	1	7
COG4381	1	6	5	2	7
COG4383	6	1	4	3	7
COG4384	1	6	6	1	7
COG4386	3	4	6	1	7
COG4393	1	6	5	2	7
COG4397	3	4	3	4	7
COG4405	3	4	3	4	7
COG4409	1	6	4	3	7
COG4420	5	2	1	6	7
COG4422	5	2	2	5	7
COG4430	4	3	7	0	7
COG4443	4	3	2	5	7
COG4445	3	4	5	2	7
COG4452	3	4	6	1	7
COG4453	2	5	5	2	7
COG4463	3	4	0	7	7
COG4464	3	4	2	5	7
COG4465	4	3	4	3	7
COG4468	3	4	1	6	7
COG4469	3	4	1	6	7
COG4470	5	2	3	4	7
COG4472	3	4	0	7	7
COG4473	3	4	4	3	7
COG4475	2	5	2	5	7
COG4477	3	4	3	4	7
COG4481	1	6	0	7	7
COG4485	5	2	0	7	7
COG4487	5	2	4	3	7
COG4492	2	5	1	6	7
COG4496	2	5	0	7	7
COG4506	5	2	2	5	7
COG4509	4	3	1	6	7
COG4512	2	5	0	7	7
COG4521	2	5	6	1	7
COG4529	1	6	4	3	7
COG4531	1	6	6	1	7
COG4533	3	4	6	1	7
COG4535	3	4	6	1	7
COG4536	3	4	5	2	7
COG4542	4	3	4	3	7
COG4548	3	4	2	5	7
COG4552	2	5	4	3	7
COG4555	2	5	6	1	7
COG4558	0	7	4	3	7
COG4559	0	7	3	4	7
COG4565	2	5	4	3	7
COG4569	3	4	5	2	7
COG4570	4	3	4	3	7
COG4571	2	5	5	2	7
COG4573	3	4	3	4	7
COG4575	2	5	5	2	7
COG4576	4	3	3	4	7
COG4577	1	6	2	5	7
COG4579	2	5	7	0	7
COG4580	1	6	6	1	7
COG4581	1	6	2	5	7
COG4582	2	5	5	2	7
COG4584	1	6	3	4	7
COG4585	0	7	4	3	7
COG4586	4	3	4	3	7
COG4587	4	3	2	5	7
COG4589	5	2	6	1	7
COG4590	4	3	6	1	7
COG4591	6	1	6	1	7
COG4592	4	3	6	1	7
COG4597	1	6	6	1	7
COG4598	3	4	7	0	7
COG4603	3	4	3	4	7
COG4604	2	5	2	5	7
COG4605	4	3	1	6	7
COG4606	3	4	3	4	7
COG4607	3	4	3	4	7
COG4608	2	5	0	7	7
COG4615	2	5	5	2	7
COG4619	3	4	6	1	7
COG4623	4	3	3	4	7
COG4624	5	2	1	6	7
COG4626	3	4	4	3	7
COG4632	4	3	2	5	7
COG4635	3	4	6	1	7
COG4636	4	3	0	7	7
COG4637	4	3	3	4	7
COG4638	2	5	6	1	7
COG4639	3	4	6	1	7
COG4640	5	2	3	4	7
COG4643	2	5	4	3	7
COG4644	2	5	5	2	7
COG4646	5	2	0	7	7
COG4650	2	5	6	1	7
COG4651	2	5	6	1	7
COG4653	2	5	2	5	7
COG4656	4	3	1	6	7
COG4657	4	3	1	6	7
COG4658	4	3	2	5	7
COG4659	4	3	3	4	7
COG4660	3	4	1	6	7
COG4666	4	3	1	6	7
COG4667	2	5	2	5	7
COG4668	3	4	5	2	7
COG4670	3	4	5	2	7
COG4674	3	4	7	0	7
COG4677	3	4	2	5	7
COG4679	2	5	1	6	7
COG4681	2	5	5	2	7
COG4682	2	5	5	2	7
COG4683	1	6	6	1	7
COG4684	4	3	2	5	7
COG4685	0	7	7	0	7
COG4687	6	1	2	5	7
COG4688	4	3	6	1	7
COG4690	1	6	4	3	7
COG4692	3	4	4	3	7
COG4693	2	5	4	3	7
COG4695	1	6	5	2	7
COG4708	2	5	3	4	7
COG4713	3	4	2	5	7
COG4716	0	7	4	3	7
COG4720	2	5	3	4	7
COG4721	0	7	3	4	7
COG4723	1	6	6	1	7
COG4724	1	6	5	2	7
COG4725	5	2	1	6	7
COG4728	4	3	2	5	7
COG4732	3	4	2	5	7
COG4733	3	4	5	2	7
COG4735	1	6	7	0	7
COG4739	6	1	4	3	7
COG4747	4	3	1	6	7
COG4750	4	3	3	4	7
COG4753	3	4	0	7	7
COG4763	3	4	6	1	7
COG4766	4	3	7	0	7
COG4767	2	5	4	3	7
COG4769	4	3	4	3	7
COG4770	1	6	4	3	7
COG4771	3	4	4	3	7
COG4772	2	5	4	3	7
COG4773	0	7	7	0	7
COG4774	2	5	4	3	7
COG4775	2	5	6	1	7
COG4776	1	6	5	2	7
COG4778	2	5	5	2	7
COG4779	3	4	5	2	7
COG4783	3	4	6	1	7
COG4785	2	5	6	1	7
COG4786	3	4	3	4	7
COG4795	2	5	6	1	7
COG4796	2	5	6	1	7
COG4799	4	3	6	1	7
COG4804	5	2	1	6	7
COG4805	4	3	1	6	7
COG4806	3	4	5	2	7
COG4808	2	5	5	2	7
COG4810	3	4	4	3	7
COG4811	1	6	4	3	7
COG4812	3	4	6	1	7
COG4816	3	4	3	4	7
COG4819	4	3	3	4	7
COG4820	1	6	2	5	7
COG4821	3	4	4	3	7
COG4822	5	2	2	5	7
COG4823	4	3	3	4	7
COG4824	3	4	2	5	7
COG4826	2	5	4	3	7
COG4832	1	6	4	3	7
COG4833	4	3	3	4	7
COG4845	5	2	3	4	7
COG4850	0	7	4	3	7
COG4856	4	3	2	5	7
COG4857	2	5	2	5	7
COG4862	2	5	4	3	7
COG4864	6	1	4	3	7
COG4865	4	3	3	4	7
COG4866	4	3	3	4	7
COG4868	3	4	2	5	7
COG4869	3	4	2	5	7
COG4870	3	4	0	7	7
COG4878	1	6	3	4	7
COG4880	4	3	3	4	7
COG4886	3	4	3	4	7
COG4887	4	3	2	5	7
COG4894	4	3	4	3	7
COG4905	1	6	2	5	7
COG4907	1	6	3	4	7
COG4909	2	5	4	3	7
COG4910	2	5	3	4	7
COG4912	5	2	0	7	7
COG4913	4	3	4	3	7
COG4917	2	5	3	4	7
COG4922	2	5	2	5	7
COG4924	4	3	5	2	7
COG4926	3	4	3	4	7
COG4927	3	4	4	3	7
COG4928	3	4	4	3	7
COG4930	4	3	1	6	7
COG4932	5	2	5	2	7
COG4936	2	5	5	2	7
COG4942	1	6	5	2	7
COG4943	2	5	7	0	7
COG4947	3	4	2	5	7
COG4948	0	7	5	2	7
COG4951	3	4	3	4	7
COG4953	4	3	5	2	7
COG4956	2	5	4	3	7
COG4962	2	5	3	4	7
COG4969	3	4	4	3	7
COG4972	4	3	2	5	7
COG4973	6	1	5	2	7
COG4974	4	3	7	0	7
COG4975	1	6	5	2	7
COG4977	3	4	5	2	7
COG4978	3	4	3	4	7
COG4981	2	5	4	3	7
COG4982	2	5	5	2	7
COG4985	4	3	6	1	7
COG4986	3	4	6	1	7
COG4987	2	5	6	1	7
COG4988	1	6	5	2	7
COG4989	2	5	3	4	7
COG4990	4	3	2	5	7
COG4992	1	6	3	4	7
COG4993	3	4	6	1	7
COG4999	5	2	5	2	7
COG5001	4	3	6	1	7
COG5002	5	2	4	3	7
COG5006	0	7	4	3	7
COG5009	3	4	4	3	7
COG5011	3	4	3	4	7
COG5012	4	3	1	6	7
COG5013	5	2	6	1	7
COG5015	4	3	1	6	7
COG5016	4	3	4	3	7
COG5263	2	5	1	6	7
COG5267	6	1	4	3	7
COG5276	1	6	5	2	7
COG5279	4	3	0	7	7
COG5280	4	3	4	3	7
COG5281	1	6	7	0	7
COG5282	0	7	6	1	7
COG5283	2	5	2	5	7
COG5285	1	6	5	2	7
COG5295	2	5	3	4	7
COG5301	2	5	5	2	7
COG5324	2	5	5	2	7
COG5339	2	5	6	1	7
COG5340	4	3	4	3	7
COG5341	4	3	1	6	7
COG5373	4	3	4	3	7
COG5377	5	2	2	5	7
COG5383	2	5	7	0	7
COG5405	1	6	7	0	7
COG5412	3	4	2	5	7
COG5426	1	6	5	2	7
COG5427	4	3	3	4	7
COG5430	1	6	7	0	7
COG5433	4	3	2	5	7
COG5434	5	2	4	3	7
COG5438	4	3	1	6	7
COG5441	4	3	2	5	7
COG5445	3	4	6	1	7
COG5463	4	3	4	3	7
COG5464	4	3	6	1	7
COG5476	4	3	0	7	7
COG5484	3	4	2	5	7
COG5492	3	4	4	3	7
COG5495	4	3	0	7	7
COG5496	4	3	2	5	7
COG5499	2	5	6	1	7
COG5504	4	3	2	5	7
COG5505	3	4	2	5	7
COG5511	3	4	5	2	7
COG5512	4	3	4	3	7
COG5519	2	5	4	3	7
COG5520	4	3	5	2	7
COG5522	3	4	5	2	7
COG5523	2	5	3	4	7
COG5525	0	7	4	3	7
COG5527	4	3	3	4	7
COG5529	1	6	7	0	7
COG5532	1	6	5	2	7
COG5545	4	3	2	5	7
COG5553	1	6	6	1	7
COG5557	4	3	6	1	7
COG5564	4	3	3	4	7
COG5571	1	6	5	2	7
COG5577	5	2	0	7	7
COG5585	1	6	4	3	7
COG5587	5	2	4	3	7
COG5598	4	3	5	2	7
COG5618	3	4	0	7	7
COG5632	3	4	4	3	7
COG5645	3	4	6	1	7
COG5652	2	5	1	6	7
COG5658	2	5	4	3	7
ENOG410XNME	2	5	5	2	7
ENOG410XNMH	6	1	1	6	7
ENOG410XNMK	5	2	5	2	7
ENOG410XNMP	2	5	2	5	7
ENOG410XNMQ	2	5	4	3	7
ENOG410XNN3	0	7	5	2	7
ENOG410XNNB	2	5	6	1	7
ENOG410XNNF	3	4	6	1	7
ENOG410XNNK	2	5	5	2	7
ENOG410XNNM	3	4	2	5	7
ENOG410XNNT	4	3	6	1	7
ENOG410XNNV	6	1	5	2	7
ENOG410XNNX	3	4	3	4	7
ENOG410XNP4	4	3	6	1	7
ENOG410XNP9	2	5	0	7	7
ENOG410XNPF	1	6	2	5	7
ENOG410XNPK	3	4	2	5	7
ENOG410XNPQ	6	1	2	5	7
ENOG410XNPT	5	2	2	5	7
ENOG410XNPU	5	2	3	4	7
ENOG410XNPZ	1	6	7	0	7
ENOG410XNQ2	6	1	4	3	7
ENOG410XNQ6	3	4	7	0	7
ENOG410XNQA	2	5	5	2	7
ENOG410XNQB	2	5	1	6	7
ENOG410XNQI	4	3	2	5	7
ENOG410XNQK	5	2	6	1	7
ENOG410XNR2	5	2	1	6	7
ENOG410XNRI	3	4	5	2	7
ENOG410XNRQ	2	5	5	2	7
ENOG410XNRW	2	5	5	2	7
ENOG410XNS5	5	2	4	3	7
ENOG410XNSI	6	1	2	5	7
ENOG410XNSZ	4	3	1	6	7
ENOG410XNTB	3	4	6	1	7
ENOG410XNTH	1	6	5	2	7
ENOG410XNTK	4	3	0	7	7
ENOG410XNUC	4	3	2	5	7
ENOG410XNUH	7	0	4	3	7
ENOG410XNUJ	2	5	4	3	7
ENOG410XNUN	4	3	5	2	7
ENOG410XNVA	2	5	3	4	7
ENOG410XNVB	0	7	6	1	7
ENOG410XNVC	3	4	6	1	7
ENOG410XNVE	2	5	3	4	7
ENOG410XNVK	6	1	3	4	7
ENOG410XNVM	2	5	5	2	7
ENOG410XNVN	4	3	5	2	7
ENOG410XNVP	4	3	2	5	7
ENOG410XNVW	5	2	3	4	7
ENOG410XNW1	4	3	3	4	7
ENOG410XNW5	5	2	5	2	7
ENOG410XNW6	6	1	3	4	7
ENOG410XNWE	4	3	4	3	7
ENOG410XNX2	6	1	6	1	7
ENOG410XNX3	2	5	6	1	7
ENOG410XNXE	4	3	3	4	7
ENOG410XNXG	3	4	3	4	7
ENOG410XNXZ	4	3	1	6	7
ENOG410XNYD	1	6	3	4	7
ENOG410XNYS	3	4	0	7	7
ENOG410XNYU	2	5	5	2	7
ENOG410XNYY	2	5	1	6	7
ENOG410XNZB	4	3	4	3	7
ENOG410XNZD	6	1	4	3	7
ENOG410XNZF	0	7	4	3	7
ENOG410XNZG	3	4	5	2	7
ENOG410XNZJ	2	5	6	1	7
ENOG410XNZQ	4	3	2	5	7
ENOG410XNZR	3	4	6	1	7
ENOG410XNZT	3	4	3	4	7
ENOG410XNZW	3	4	2	5	7
ENOG410XNZX	5	2	1	6	7
ENOG410XP02	2	5	3	4	7
ENOG410XP1B	5	2	4	3	7
ENOG410XP1K	6	1	3	4	7
ENOG410XP27	5	2	1	6	7
ENOG410XP28	5	2	2	5	7
ENOG410XP2B	3	4	5	2	7
ENOG410XP2F	5	2	6	1	7
ENOG410XP2G	1	6	5	2	7
ENOG410XP2I	2	5	4	3	7
ENOG410XP2U	2	5	5	2	7
ENOG410XP2Y	4	3	2	5	7
ENOG410XP36	2	5	6	1	7
ENOG410XP3B	3	4	1	6	7
ENOG410XP3G	3	4	7	0	7
ENOG410XP3Q	5	2	5	2	7
ENOG410XP3R	1	6	7	0	7
ENOG410XP3U	5	2	1	6	7
ENOG410XP44	2	5	4	3	7
ENOG410XP48	5	2	1	6	7
ENOG410XP49	4	3	3	4	7
ENOG410XP4A	2	5	3	4	7
ENOG410XP4R	3	4	5	2	7
ENOG410XP56	4	3	2	5	7
ENOG410XP57	4	3	2	5	7
ENOG410XP5M	4	3	2	5	7
ENOG410XP5N	4	3	2	5	7
ENOG410XP5P	5	2	5	2	7
ENOG410XP5S	4	3	3	4	7
ENOG410XP5Y	6	1	4	3	7
ENOG410XP61	2	5	5	2	7
ENOG410XP6B	2	5	2	5	7
ENOG410XP6M	5	2	1	6	7
ENOG410XP70	6	1	5	2	7
ENOG410XP7C	2	5	4	3	7
ENOG410XP7H	3	4	5	2	7
ENOG410XP7I	0	7	4	3	7
ENOG410XP7Y	3	4	2	5	7
ENOG410XP82	4	3	5	2	7
ENOG410XP86	1	6	6	1	7
ENOG410XP8J	3	4	6	1	7
ENOG410XP8N	6	1	1	6	7
ENOG410XP94	3	4	4	3	7
ENOG410XP9D	5	2	0	7	7
ENOG410XPA5	4	3	2	5	7
ENOG410XPA7	4	3	2	5	7
ENOG410XPA9	3	4	0	7	7
ENOG410XPAA	3	4	4	3	7
ENOG410XPAI	5	2	3	4	7
ENOG410XPAW	2	5	4	3	7
ENOG410XPB6	6	1	3	4	7
ENOG410XPB7	5	2	3	4	7
ENOG410XPBG	5	2	4	3	7
ENOG410XPBJ	4	3	2	5	7
ENOG410XPBQ	4	3	5	2	7
ENOG410XPBR	2	5	3	4	7
ENOG410XPBV	5	2	2	5	7
ENOG410XPC1	4	3	1	6	7
ENOG410XPC7	1	6	4	3	7
ENOG410XPCF	4	3	2	5	7
ENOG410XPCH	4	3	2	5	7
ENOG410XPCY	2	5	4	3	7
ENOG410XPD4	5	2	2	5	7
ENOG410XPD5	1	6	6	1	7
ENOG410XPD8	2	5	5	2	7
ENOG410XPDK	1	6	1	6	7
ENOG410XPDR	6	1	4	3	7
ENOG410XPDT	5	2	2	5	7
ENOG410XPE8	5	2	0	7	7
ENOG410XPE9	4	3	2	5	7
ENOG410XPEC	3	4	2	5	7
ENOG410XPF0	3	4	5	2	7
ENOG410XPF1	2	5	4	3	7
ENOG410XPF3	1	6	3	4	7
ENOG410XPF8	3	4	2	5	7
ENOG410XPFA	4	3	3	4	7
ENOG410XPFY	5	2	0	7	7
ENOG410XPFZ	6	1	5	2	7
ENOG410XPG7	3	4	3	4	7
ENOG410XPGK	1	6	5	2	7
ENOG410XPGN	3	4	3	4	7
ENOG410XPGQ	2	5	2	5	7
ENOG410XPGV	5	2	6	1	7
ENOG410XPGY	5	2	2	5	7
ENOG410XPHB	2	5	2	5	7
ENOG410XPHE	0	7	3	4	7
ENOG410XPHF	3	4	5	2	7
ENOG410XPHQ	2	5	2	5	7
ENOG410XPHU	3	4	6	1	7
ENOG410XPIA	3	4	5	2	7
ENOG410XPIV	2	5	5	2	7
ENOG410XPIZ	3	4	4	3	7
ENOG410XPJ6	2	5	2	5	7
ENOG410XPJF	3	4	6	1	7
ENOG410XPJN	3	4	3	4	7
ENOG410XPJV	4	3	4	3	7
ENOG410XPJW	2	5	3	4	7
ENOG410XPK1	3	4	5	2	7
ENOG410XPK3	3	4	1	6	7
ENOG410XPK9	2	5	3	4	7
ENOG410XPKA	4	3	1	6	7
ENOG410XPKX	5	2	3	4	7
ENOG410XPM6	4	3	1	6	7
ENOG410XPMU	4	3	0	7	7
ENOG410XPMV	4	3	4	3	7
ENOG410XPN4	1	6	4	3	7
ENOG410XPNA	6	1	0	7	7
ENOG410XPNG	4	3	4	3	7
ENOG410XPNI	3	4	2	5	7
ENOG410XPNN	2	5	4	3	7
ENOG410XPNQ	5	2	1	6	7
ENOG410XPNV	2	5	5	2	7
ENOG410XPP0	2	5	7	0	7
ENOG410XPPG	3	4	4	3	7
ENOG410XPPI	3	4	2	5	7
ENOG410XPPT	6	1	2	5	7
ENOG410XPPY	3	4	2	5	7
ENOG410XPQ5	4	3	2	5	7
ENOG410XPQW	2	5	7	0	7
ENOG410XPR5	1	6	7	0	7
ENOG410XPRM	4	3	3	4	7
ENOG410XPRN	4	3	3	4	7
ENOG410XPRS	3	4	3	4	7
ENOG410XPRU	4	3	2	5	7
ENOG410XPRZ	3	4	3	4	7
ENOG410XPS1	5	2	5	2	7
ENOG410XPSF	2	5	5	2	7
ENOG410XPSN	6	1	4	3	7
ENOG410XPT3	4	3	3	4	7
ENOG410XPT6	4	3	4	3	7
ENOG410XPT9	5	2	4	3	7
ENOG410XPTB	3	4	3	4	7
ENOG410XPTE	0	7	7	0	7
ENOG410XPTK	4	3	3	4	7
ENOG410XPTV	5	2	4	3	7
ENOG410XPU0	4	3	3	4	7
ENOG410XPU6	3	4	4	3	7
ENOG410XPUA	5	2	2	5	7
ENOG410XPUE	3	4	3	4	7
ENOG410XPUG	2	5	6	1	7
ENOG410XPUH	3	4	7	0	7
ENOG410XPUJ	5	2	3	4	7
ENOG410XPUQ	3	4	7	0	7
ENOG410XPUT	5	2	4	3	7
ENOG410XPUX	3	4	5	2	7
ENOG410XPUZ	3	4	3	4	7
ENOG410XPW2	2	5	7	0	7
ENOG410XPW8	3	4	3	4	7
ENOG410XPWC	2	5	7	0	7
ENOG410XPWD	5	2	4	3	7
ENOG410XPWQ	6	1	5	2	7
ENOG410XPWS	4	3	6	1	7
ENOG410XPWT	4	3	1	6	7
ENOG410XPWZ	1	6	3	4	7
ENOG410XPX2	5	2	3	4	7
ENOG410XPXA	4	3	1	6	7
ENOG410XPXC	3	4	1	6	7
ENOG410XPXG	4	3	3	4	7
ENOG410XPY2	6	1	7	0	7
ENOG410XPYP	0	7	4	3	7
ENOG410XPYR	6	1	4	3	7
ENOG410XPYS	0	7	6	1	7
ENOG410XPYV	2	5	6	1	7
ENOG410XPYZ	5	2	3	4	7
ENOG410XPZP	5	2	2	5	7
ENOG410XPZR	1	6	6	1	7
ENOG410XPZX	2	5	2	5	7
ENOG410XQ05	5	2	3	4	7
ENOG410XQ0N	3	4	3	4	7
ENOG410XQ17	2	5	6	1	7
ENOG410XQ1F	0	7	3	4	7
ENOG410XQ1G	4	3	2	5	7
ENOG410XQ1X	4	3	1	6	7
ENOG410XQ21	4	3	3	4	7
ENOG410XQ2Q	3	4	4	3	7
ENOG410XQ2S	2	5	1	6	7
ENOG410XQ39	3	4	1	6	7
ENOG410XQ3B	4	3	3	4	7
ENOG410XQ3U	3	4	2	5	7
ENOG410XQ43	4	3	0	7	7
ENOG410XQ4C	1	6	6	1	7
ENOG410XQ4M	3	4	1	6	7
ENOG410XQ4N	4	3	2	5	7
ENOG410XQ4Q	4	3	3	4	7
ENOG410XQ4S	7	0	2	5	7
ENOG410XQ4U	6	1	2	5	7
ENOG410XQ4X	5	2	1	6	7
ENOG410XQ51	3	4	2	5	7
ENOG410XQ57	3	4	4	3	7
ENOG410XQ58	3	4	3	4	7
ENOG410XQ5H	5	2	4	3	7
ENOG410XQ5Q	2	5	3	4	7
ENOG410XQ63	4	3	3	4	7
ENOG410XQ6D	1	6	4	3	7
ENOG410XQ6F	3	4	3	4	7
ENOG410XQ6Z	1	6	6	1	7
ENOG410XQ7E	2	5	6	1	7
ENOG410XQ7F	2	5	6	1	7
ENOG410XQ7R	3	4	0	7	7
ENOG410XQ7Y	3	4	2	5	7
ENOG410XQ88	3	4	3	4	7
ENOG410XQ8A	6	1	4	3	7
ENOG410XQ8K	2	5	1	6	7
ENOG410XQ93	1	6	5	2	7
ENOG410XQ98	6	1	5	2	7
ENOG410XQ9B	6	1	2	5	7
ENOG410XQ9F	5	2	4	3	7
ENOG410XQ9I	2	5	2	5	7
ENOG410XQ9J	3	4	6	1	7
ENOG410XQ9Q	0	7	4	3	7
ENOG410XQA5	2	5	3	4	7
ENOG410XQAT	4	3	4	3	7
ENOG410XQAX	5	2	4	3	7
ENOG410XQBH	3	4	0	7	7
ENOG410XQBS	4	3	4	3	7
ENOG410XQBW	5	2	3	4	7
ENOG410XQC5	4	3	2	5	7
ENOG410XQCC	3	4	2	5	7
ENOG410XQD0	0	7	4	3	7
ENOG410XQD1	3	4	1	6	7
ENOG410XQD7	3	4	7	0	7
ENOG410XQDJ	5	2	2	5	7
ENOG410XQDU	2	5	4	3	7
ENOG410XQE0	1	6	5	2	7
ENOG410XQE2	4	3	0	7	7
ENOG410XQE6	0	7	5	2	7
ENOG410XQE9	5	2	4	3	7
ENOG410XQEA	6	1	5	2	7
ENOG410XQEC	2	5	1	6	7
ENOG410XQEK	0	7	6	1	7
ENOG410XQEV	3	4	2	5	7
ENOG410XQF5	1	6	7	0	7
ENOG410XQF9	0	7	6	1	7
ENOG410XQFC	1	6	5	2	7
ENOG410XQFW	3	4	3	4	7
ENOG410XQG1	6	1	1	6	7
ENOG410XQG7	2	5	5	2	7
ENOG410XQGC	4	3	2	5	7
ENOG410XQH8	3	4	3	4	7
ENOG410XQHH	0	7	4	3	7
ENOG410XQHQ	6	1	1	6	7
ENOG410XQHT	3	4	4	3	7
ENOG410XQHZ	4	3	4	3	7
ENOG410XQI4	4	3	3	4	7
ENOG410XQIJ	2	5	3	4	7
ENOG410XQK3	4	3	4	3	7
ENOG410XQK7	5	2	4	3	7
ENOG410XQKC	1	6	4	3	7
ENOG410XQKS	4	3	0	7	7
ENOG410XQM3	2	5	4	3	7
ENOG410XQMH	4	3	0	7	7
ENOG410XQMS	4	3	1	6	7
ENOG410XQNE	2	5	2	5	7
ENOG410XQNF	3	4	4	3	7
ENOG410XQNQ	3	4	3	4	7
ENOG410XQNY	1	6	5	2	7
ENOG410XQP2	5	2	1	6	7
ENOG410XQPN	3	4	2	5	7
ENOG410XQPP	2	5	3	4	7
ENOG410XQPQ	0	7	3	4	7
ENOG410XQPS	0	7	5	2	7
ENOG410XQPU	1	6	2	5	7
ENOG410XQPV	1	6	7	0	7
ENOG410XQQI	3	4	5	2	7
ENOG410XQQP	4	3	4	3	7
ENOG410XQRC	4	3	2	5	7
ENOG410XQRE	4	3	3	4	7
ENOG410XQRQ	3	4	4	3	7
ENOG410XQRU	6	1	3	4	7
ENOG410XQRW	3	4	5	2	7
ENOG410XQS8	3	4	5	2	7
ENOG410XQSG	3	4	1	6	7
ENOG410XQSJ	3	4	6	1	7
ENOG410XQSR	1	6	4	3	7
ENOG410XQST	5	2	0	7	7
ENOG410XQSV	5	2	1	6	7
ENOG410XQSZ	3	4	5	2	7
ENOG410XQT1	5	2	2	5	7
ENOG410XQTC	4	3	4	3	7
ENOG410XQTD	3	4	4	3	7
ENOG410XQTE	4	3	1	6	7
ENOG410XQTW	3	4	6	1	7
ENOG410XQUC	3	4	2	5	7
ENOG410XQUK	3	4	3	4	7
ENOG410XQUR	4	3	5	2	7
ENOG410XQV2	2	5	5	2	7
ENOG410XQVA	4	3	5	2	7
ENOG410XQVC	3	4	4	3	7
ENOG410XQVK	4	3	4	3	7
ENOG410XQVS	2	5	4	3	7
ENOG410XQVW	2	5	7	0	7
ENOG410XQW5	3	4	6	1	7
ENOG410XQWF	4	3	3	4	7
ENOG410XQWR	2	5	6	1	7
ENOG410XQWW	2	5	6	1	7
ENOG410XQWY	5	2	0	7	7
ENOG410XQXV	3	4	3	4	7
ENOG410XQYG	2	5	1	6	7
ENOG410XQYI	6	1	1	6	7
ENOG410XQYT	1	6	6	1	7
ENOG410XQZA	4	3	5	2	7
ENOG410XQZT	6	1	2	5	7
ENOG410XR1B	5	2	2	5	7
ENOG410XR1I	2	5	7	0	7
ENOG410XR1U	3	4	6	1	7
ENOG410XR2G	1	6	6	1	7
ENOG410XR2K	4	3	1	6	7
ENOG410XR3B	3	4	3	4	7
ENOG410XR3C	5	2	2	5	7
ENOG410XR3F	4	3	6	1	7
ENOG410XR4R	3	4	7	0	7
ENOG410XR51	1	6	6	1	7
ENOG410XR53	3	4	5	2	7
ENOG410XR5C	3	4	4	3	7
ENOG410XR5M	4	3	3	4	7
ENOG410XR65	3	4	2	5	7
ENOG410XR6V	4	3	4	3	7
ENOG410XR78	3	4	1	6	7
ENOG410XR7Q	4	3	4	3	7
ENOG410XR7W	5	2	1	6	7
ENOG410XR85	3	4	5	2	7
ENOG410XR8K	2	5	4	3	7
ENOG410XR99	5	2	3	4	7
ENOG410XR9D	2	5	6	1	7
ENOG410XR9S	4	3	5	2	7
ENOG410XRA0	3	4	3	4	7
ENOG410XRA8	2	5	4	3	7
ENOG410XRAD	2	5	4	3	7
ENOG410XRAH	5	2	2	5	7
ENOG410XRAN	2	5	2	5	7
ENOG410XRAY	4	3	4	3	7
ENOG410XRBE	1	6	7	0	7
ENOG410XRC7	6	1	1	6	7
ENOG410XRCM	3	4	3	4	7
ENOG410XRCP	3	4	2	5	7
ENOG410XRCT	2	5	5	2	7
ENOG410XRDA	6	1	3	4	7
ENOG410XRDB	2	5	3	4	7
ENOG410XRDH	4	3	5	2	7
ENOG410XRDJ	3	4	5	2	7
ENOG410XRDW	6	1	3	4	7
ENOG410XREF	4	3	3	4	7
ENOG410XRFF	5	2	3	4	7
ENOG410XRFP	3	4	1	6	7
ENOG410XRFS	3	4	4	3	7
ENOG410XRFX	4	3	2	5	7
ENOG410XRFZ	2	5	4	3	7
ENOG410XRGD	4	3	4	3	7
ENOG410XRGH	4	3	2	5	7
ENOG410XRHT	5	2	4	3	7
ENOG410XRHX	2	5	5	2	7
ENOG410XRI9	5	2	1	6	7
ENOG410XRIM	4	3	6	1	7
ENOG410XRJ1	0	7	5	2	7
ENOG410XRJG	2	5	6	1	7
ENOG410XRK1	5	2	5	2	7
ENOG410XRK4	5	2	3	4	7
ENOG410XRK5	3	4	1	6	7
ENOG410XRK8	4	3	6	1	7
ENOG410XRKS	1	6	5	2	7
ENOG410XRKV	1	6	7	0	7
ENOG410XRM2	3	4	5	2	7
ENOG410XRMF	5	2	2	5	7
ENOG410XRMQ	4	3	3	4	7
ENOG410XRMV	1	6	5	2	7
ENOG410XRMZ	2	5	3	4	7
ENOG410XRNA	3	4	0	7	7
ENOG410XRNC	5	2	3	4	7
ENOG410XRNH	5	2	5	2	7
ENOG410XRNM	3	4	7	0	7
ENOG410XRNU	4	3	5	2	7
ENOG410XRP0	6	1	1	6	7
ENOG410XRP2	3	4	2	5	7
ENOG410XRPD	4	3	4	3	7
ENOG410XRPE	3	4	4	3	7
ENOG410XRPN	0	7	6	1	7
ENOG410XRPP	4	3	3	4	7
ENOG410XRQ3	2	5	5	2	7
ENOG410XRQ4	4	3	7	0	7
ENOG410XRQC	1	6	7	0	7
ENOG410XRQD	3	4	1	6	7
ENOG410XRQU	4	3	3	4	7
ENOG410XRQY	1	6	3	4	7
ENOG410XRRH	6	1	4	3	7
ENOG410XRRP	1	6	5	2	7
ENOG410XRRR	4	3	3	4	7
ENOG410XRRU	3	4	1	6	7
ENOG410XRS1	2	5	6	1	7
ENOG410XRS4	6	1	4	3	7
ENOG410XRS7	6	1	2	5	7
ENOG410XRSA	0	7	5	2	7
ENOG410XRSI	5	2	3	4	7
ENOG410XRSK	4	3	6	1	7
ENOG410XRSS	0	7	2	5	7
ENOG410XRT7	5	2	4	3	7
ENOG410XRTM	2	5	6	1	7
ENOG410XRTR	3	4	2	5	7
ENOG410XRU0	5	2	5	2	7
ENOG410XRUF	5	2	3	4	7
ENOG410XRUN	1	6	6	1	7
ENOG410XRV0	2	5	6	1	7
ENOG410XRV2	3	4	3	4	7
ENOG410XRV3	1	6	6	1	7
ENOG410XRV6	4	3	3	4	7
ENOG410XRV8	2	5	2	5	7
ENOG410XRVN	1	6	0	7	7
ENOG410XRVP	4	3	0	7	7
ENOG410XRW2	1	6	7	0	7
ENOG410XRWU	3	4	6	1	7
ENOG410XRX8	4	3	6	1	7
ENOG410XRY5	5	2	1	6	7
ENOG410XRYB	2	5	5	2	7
ENOG410XRYC	1	6	6	1	7
ENOG410XRZB	3	4	2	5	7
ENOG410XRZU	3	4	3	4	7
ENOG410XS0E	5	2	0	7	7
ENOG410XS0I	0	7	3	4	7
ENOG410XS0Q	5	2	1	6	7
ENOG410XS0Z	2	5	7	0	7
ENOG410XS1A	3	4	2	5	7
ENOG410XS1S	0	7	4	3	7
ENOG410XS1T	2	5	6	1	7
ENOG410XS1X	2	5	7	0	7
ENOG410XS21	2	5	5	2	7
ENOG410XS2C	0	7	5	2	7
ENOG410XS2E	4	3	3	4	7
ENOG410XS3B	0	7	2	5	7
ENOG410XS3N	3	4	2	5	7
ENOG410XS3S	3	4	4	3	7
ENOG410XS3W	2	5	0	7	7
ENOG410XS4I	3	4	1	6	7
ENOG410XS4R	2	5	7	0	7
ENOG410XS53	2	5	6	1	7
ENOG410XS58	1	6	6	1	7
ENOG410XS5E	4	3	1	6	7
ENOG410XS5X	5	2	1	6	7
ENOG410XS66	3	4	1	6	7
ENOG410XS6G	2	5	7	0	7
ENOG410XS79	6	1	4	3	7
ENOG410XS7C	3	4	1	6	7
ENOG410XS7M	5	2	3	4	7
ENOG410XS87	2	5	4	3	7
ENOG410XS8S	4	3	2	5	7
ENOG410XS8T	4	3	1	6	7
ENOG410XS9K	2	5	6	1	7
ENOG410XSAD	5	2	1	6	7
ENOG410XSBE	7	0	5	2	7
ENOG410XSBJ	1	6	7	0	7
ENOG410XSBZ	3	4	2	5	7
ENOG410XSC7	5	2	2	5	7
ENOG410XSCX	6	1	2	5	7
ENOG410XSCY	4	3	4	3	7
ENOG410XSD0	2	5	5	2	7
ENOG410XSD4	5	2	2	5	7
ENOG410XSDB	2	5	3	4	7
ENOG410XSDI	5	2	1	6	7
ENOG410XSDP	4	3	2	5	7
ENOG410XSDQ	3	4	3	4	7
ENOG410XSDW	1	6	3	4	7
ENOG410XSEI	4	3	0	7	7
ENOG410XSF7	4	3	6	1	7
ENOG410XSFI	3	4	5	2	7
ENOG410XSFU	5	2	3	4	7
ENOG410XSG5	0	7	1	6	7
ENOG410XSGP	2	5	4	3	7
ENOG410XSGY	3	4	3	4	7
ENOG410XSHB	3	4	2	5	7
ENOG410XSHT	1	6	4	3	7
ENOG410XSHU	5	2	3	4	7
ENOG410XSHZ	2	5	3	4	7
ENOG410XSID	3	4	4	3	7
ENOG410XSIM	4	3	3	4	7
ENOG410XSIT	3	4	5	2	7
ENOG410XSJ8	5	2	5	2	7
ENOG410XSJU	3	4	1	6	7
ENOG410XSK2	3	4	6	1	7
ENOG410XSK3	4	3	6	1	7
ENOG410XSK4	3	4	0	7	7
ENOG410XSKU	4	3	6	1	7
ENOG410XSKX	3	4	4	3	7
ENOG410XSMF	4	3	2	5	7
ENOG410XSMW	6	1	3	4	7
ENOG410XSN7	3	4	6	1	7
ENOG410XSND	2	5	5	2	7
ENOG410XSNI	0	7	4	3	7
ENOG410XSNN	4	3	6	1	7
ENOG410XSNZ	3	4	3	4	7
ENOG410XSP9	5	2	3	4	7
ENOG410XSPG	2	5	6	1	7
ENOG410XSQB	2	5	1	6	7
ENOG410XSQH	2	5	5	2	7
ENOG410XSQM	3	4	4	3	7
ENOG410XSQN	5	2	1	6	7
ENOG410XSRM	2	5	2	5	7
ENOG410XSSD	2	5	7	0	7
ENOG410XSSF	4	3	5	2	7
ENOG410XST3	5	2	6	1	7
ENOG410XSTJ	1	6	5	2	7
ENOG410XSTW	6	1	4	3	7
ENOG410XSU0	1	6	4	3	7
ENOG410XSU2	7	0	4	3	7
ENOG410XSUA	5	2	3	4	7
ENOG410XSUS	1	6	6	1	7
ENOG410XSV4	5	2	2	5	7
ENOG410XSVA	2	5	5	2	7
ENOG410XSVF	2	5	5	2	7
ENOG410XSWR	2	5	5	2	7
ENOG410XSX2	6	1	3	4	7
ENOG410XSXG	4	3	0	7	7
ENOG410XSXN	4	3	5	2	7
ENOG410XSYT	5	2	2	5	7
ENOG410XSZ9	4	3	0	7	7
ENOG410XSZJ	2	5	3	4	7
ENOG410XSZM	3	4	6	1	7
ENOG410XT00	4	3	3	4	7
ENOG410XT0B	3	4	1	6	7
ENOG410XT0J	4	3	2	5	7
ENOG410XT14	4	3	4	3	7
ENOG410XT1M	4	3	4	3	7
ENOG410XT21	3	4	5	2	7
ENOG410XT26	1	6	7	0	7
ENOG410XT2P	4	3	1	6	7
ENOG410XT3D	5	2	5	2	7
ENOG410XT3G	3	4	4	3	7
ENOG410XT3I	5	2	3	4	7
ENOG410XT3J	5	2	3	4	7
ENOG410XT3Q	1	6	6	1	7
ENOG410XT3T	4	3	4	3	7
ENOG410XT3V	0	7	7	0	7
ENOG410XT3W	4	3	5	2	7
ENOG410XT46	6	1	4	3	7
ENOG410XT4D	5	2	1	6	7
ENOG410XT4G	3	4	1	6	7
ENOG410XT5H	2	5	3	4	7
ENOG410XT5W	3	4	6	1	7
ENOG410XT63	5	2	4	3	7
ENOG410XT66	2	5	1	6	7
ENOG410XT7Q	2	5	0	7	7
ENOG410XT7T	2	5	1	6	7
ENOG410XT7W	3	4	3	4	7
ENOG410XT83	4	3	1	6	7
ENOG410XT8A	2	5	7	0	7
ENOG410XT8Q	5	2	6	1	7
ENOG410XT8S	2	5	7	0	7
ENOG410XT98	3	4	6	1	7
ENOG410XT9F	4	3	6	1	7
ENOG410XT9M	2	5	4	3	7
ENOG410XT9P	2	5	7	0	7
ENOG410XT9Q	4	3	4	3	7
ENOG410XTAD	4	3	2	5	7
ENOG410XTAF	2	5	7	0	7
ENOG410XTAM	2	5	4	3	7
ENOG410XTCH	4	3	2	5	7
ENOG410XTD7	1	6	5	2	7
ENOG410XTD8	5	2	1	6	7
ENOG410XTDI	5	2	3	4	7
ENOG410XTE1	2	5	7	0	7
ENOG410XTE8	2	5	7	0	7
ENOG410XTE9	2	5	6	1	7
ENOG410XTFC	3	4	3	4	7
ENOG410XTGU	4	3	4	3	7
ENOG410XTH0	4	3	4	3	7
ENOG410XTHE	3	4	5	2	7
ENOG410XTHF	3	4	5	2	7
ENOG410XTIR	4	3	5	2	7
ENOG410XTJ6	4	3	3	4	7
ENOG410XTMC	3	4	7	0	7
ENOG410XTMS	2	5	6	1	7
ENOG410XTVV	3	4	6	1	7
ENOG410XTWD	1	6	6	1	7
ENOG410XU8G	2	5	6	1	7
ENOG410XUAX	3	4	2	5	7
ENOG410XUAZ	2	5	4	3	7
ENOG410XUB6	3	4	4	3	7
ENOG410XUBN	4	3	0	7	7
ENOG410XUC3	3	4	1	6	7
ENOG410XUCI	0	7	4	3	7
ENOG410XUCQ	1	6	5	2	7
ENOG410XUCS	2	5	4	3	7
ENOG410XUCW	1	6	5	2	7
ENOG410XUD3	4	3	3	4	7
ENOG410XUDT	4	3	1	6	7
ENOG410XUEN	5	2	5	2	7
ENOG410XUEY	4	3	5	2	7
ENOG410XUF9	3	4	2	5	7
ENOG410XUFZ	2	5	3	4	7
ENOG410XUGJ	3	4	1	6	7
ENOG410XUJM	1	6	6	1	7
ENOG410XUMV	5	2	0	7	7
ENOG410XUMX	3	4	4	3	7
ENOG410XUN7	3	4	6	1	7
ENOG410XUN9	1	6	4	3	7
ENOG410XUQ1	5	2	1	6	7
ENOG410XUQG	3	4	2	5	7
ENOG410XUSB	4	3	1	6	7
ENOG410XUST	4	3	4	3	7
ENOG410XUSY	2	5	2	5	7
ENOG410XUTM	5	2	0	7	7
ENOG410XUTQ	3	4	2	5	7
ENOG410XUTY	2	5	0	7	7
ENOG410XUTZ	1	6	5	2	7
ENOG410XUV1	4	3	5	2	7
ENOG410XUV4	1	6	5	2	7
ENOG410XUVJ	2	5	3	4	7
ENOG410XUVW	1	6	3	4	7
ENOG410XUWD	4	3	2	5	7
ENOG410XUWV	1	6	7	0	7
ENOG410XUX9	2	5	6	1	7
ENOG410XUXE	4	3	3	4	7
ENOG410XUXP	2	5	2	5	7
ENOG410XUY1	4	3	5	2	7
ENOG410XUYN	5	2	1	6	7
ENOG410XUYW	2	5	4	3	7
ENOG410XUYX	4	3	3	4	7
ENOG410XUZ1	4	3	1	6	7
ENOG410XV13	0	7	5	2	7
ENOG410XV1P	3	4	2	5	7
ENOG410XV1U	4	3	1	6	7
ENOG410XV1V	4	3	6	1	7
ENOG410XV35	1	6	6	1	7
ENOG410XV3S	4	3	5	2	7
ENOG410XV4V	3	4	3	4	7
ENOG410XV5S	3	4	5	2	7
ENOG410XV6C	3	4	6	1	7
ENOG410XV6Q	3	4	1	6	7
ENOG410XV6R	3	4	3	4	7
ENOG410XV6S	4	3	1	6	7
ENOG410XV7P	3	4	2	5	7
ENOG410XV97	5	2	5	2	7
ENOG410XV98	1	6	5	2	7
ENOG410XV9Q	2	5	4	3	7
ENOG410XVAX	4	3	6	1	7
ENOG410XVBT	5	2	2	5	7
ENOG410XVCE	4	3	2	5	7
ENOG410XVCG	2	5	3	4	7
ENOG410XVE6	1	6	2	5	7
ENOG410XVET	3	4	5	2	7
ENOG410XVEX	4	3	5	2	7
ENOG410XVG9	1	6	4	3	7
ENOG410XVGY	1	6	4	3	7
ENOG410XVH9	2	5	2	5	7
ENOG410XVMR	5	2	1	6	7
ENOG410XVQR	4	3	3	4	7
ENOG410XVSQ	2	5	5	2	7
ENOG410XVU3	3	4	5	2	7
ENOG410XVYH	2	5	2	5	7
ENOG410XVYV	0	7	6	1	7
ENOG410XVZ9	0	7	3	4	7
ENOG410XVZB	3	4	6	1	7
ENOG410XW00	5	2	4	3	7
ENOG410XW1D	3	4	2	5	7
ENOG410XW1S	2	5	7	0	7
ENOG410XW3I	4	3	3	4	7
ENOG410XW3J	3	4	2	5	7
ENOG410XW5Q	4	3	3	4	7
ENOG410XW5U	2	5	4	3	7
ENOG410XW8N	2	5	3	4	7
ENOG410XWA5	1	6	6	1	7
ENOG410XWCG	3	4	2	5	7
ENOG410XWEM	2	5	1	6	7
ENOG410XWEP	3	4	5	2	7
ENOG410XWG4	4	3	2	5	7
ENOG410XWHE	4	3	1	6	7
ENOG410XWI1	5	2	0	7	7
ENOG410XWID	3	4	2	5	7
ENOG410XWJU	4	3	2	5	7
ENOG410XWKU	2	5	5	2	7
ENOG410XWQG	2	5	3	4	7
ENOG410XWRS	5	2	0	7	7
ENOG410XWRZ	3	4	2	5	7
ENOG410XWSH	0	7	4	3	7
ENOG410XWU8	4	3	3	4	7
ENOG410XWVU	5	2	1	6	7
ENOG410XWX0	2	5	4	3	7
ENOG410XWX7	4	3	6	1	7
ENOG410XWYF	3	4	6	1	7
ENOG410XWZA	5	2	2	5	7
ENOG410XX01	3	4	1	6	7
ENOG410XX45	1	6	3	4	7
ENOG410XX68	4	3	5	2	7
ENOG410XX6B	3	4	1	6	7
ENOG410XX6K	3	4	2	5	7
ENOG410XX6Q	3	4	4	3	7
ENOG410XXGI	1	6	6	1	7
ENOG410XXHT	3	4	5	2	7
ENOG410XXIU	3	4	5	2	7
ENOG410XXJV	4	3	6	1	7
ENOG410XXK0	3	4	6	1	7
ENOG410XXK3	3	4	4	3	7
ENOG410XXK5	2	5	4	3	7
ENOG410XXKJ	1	6	7	0	7
ENOG410XXMB	3	4	3	4	7
ENOG410XXQW	6	1	5	2	7
ENOG410XXTQ	3	4	3	4	7
ENOG410XXTX	5	2	0	7	7
ENOG410XXVB	5	2	5	2	7
ENOG410XXX8	4	3	7	0	7
ENOG410XXXP	2	5	1	6	7
ENOG410XXY3	2	5	2	5	7
ENOG410XXYA	3	4	2	5	7
ENOG410XY19	2	5	4	3	7
ENOG410XY1F	5	2	0	7	7
ENOG410XY1R	2	5	4	3	7
ENOG410XY2D	1	6	4	3	7
ENOG410XY33	5	2	5	2	7
ENOG410XY7J	5	2	2	5	7
ENOG410XY7V	5	2	5	2	7
ENOG410XY8U	2	5	5	2	7
ENOG410XYD5	3	4	4	3	7
ENOG410XYEZ	4	3	2	5	7
ENOG410XYH3	2	5	0	7	7
ENOG410XYNV	0	7	5	2	7
ENOG410XYP6	3	4	7	0	7
ENOG410XYPB	1	6	4	3	7
ENOG410XYX0	2	5	4	3	7
ENOG410XYZ9	5	2	1	6	7
ENOG410XYZS	2	5	3	4	7
ENOG410XZ1C	2	5	1	6	7
ENOG410XZ29	4	3	4	3	7
ENOG410XZ3T	0	7	5	2	7
ENOG410XZ4Z	3	4	3	4	7
ENOG410XZ8R	5	2	1	6	7
ENOG410XZ98	1	6	6	1	7
ENOG410XZ9N	3	4	1	6	7
ENOG410XZBD	3	4	3	4	7
ENOG410XZC6	2	5	5	2	7
ENOG410XZM9	3	4	6	1	7
ENOG410XZR5	2	5	4	3	7
ENOG410XZT0	4	3	4	3	7
ENOG410XZTD	0	7	4	3	7
ENOG410XZXD	5	2	2	5	7
ENOG410Y01S	2	5	6	1	7
ENOG410Y077	6	1	2	5	7
ENOG410Y07X	5	2	4	3	7
ENOG410Y080	2	5	4	3	7
ENOG410Y085	4	3	2	5	7
ENOG410Y09H	2	5	4	3	7
ENOG410Y09Q	2	5	6	1	7
ENOG410Y0B5	4	3	1	6	7
ENOG410Y0F8	3	4	2	5	7
ENOG410Y0FB	1	6	5	2	7
ENOG410Y0GE	3	4	6	1	7
ENOG410Y0I2	4	3	6	1	7
ENOG410Y0IZ	2	5	3	4	7
ENOG410Y0KE	3	4	6	1	7
ENOG410Y0M7	2	5	6	1	7
ENOG410Y0QZ	2	5	4	3	7
ENOG410Y0U6	4	3	6	1	7
ENOG410Y0UR	5	2	4	3	7
ENOG410Y0VY	5	2	1	6	7
ENOG410Y0YW	3	4	3	4	7
ENOG410Y12I	5	2	2	5	7
ENOG410Y14K	3	4	4	3	7
ENOG410Y18H	5	2	4	3	7
ENOG410Y1BX	4	3	4	3	7
ENOG410Y1E4	1	6	4	3	7
ENOG410Y1GY	2	5	4	3	7
ENOG410Y1H4	5	2	5	2	7
ENOG410Y1HH	4	3	1	6	7
ENOG410Y1MA	3	4	2	5	7
ENOG410Y1NG	1	6	4	3	7
ENOG410Y1UE	5	2	2	5	7
ENOG410Y1VW	3	4	2	5	7
ENOG410Y1XP	6	1	1	6	7
ENOG410Y1YY	2	5	1	6	7
ENOG410Y20W	2	5	5	2	7
ENOG410Y2DY	2	5	2	5	7
ENOG410Y2EA	0	7	3	4	7
ENOG410Y2ID	3	4	3	4	7
ENOG410Y2JJ	2	5	1	6	7
ENOG410Y2SR	4	3	3	4	7
ENOG410Y2VY	5	2	2	5	7
ENOG410Y2XH	1	6	4	3	7
ENOG410Y2XW	5	2	3	4	7
ENOG410Y2YQ	3	4	3	4	7
ENOG410Y311	3	4	2	5	7
ENOG410Y34J	3	4	3	4	7
ENOG410Y37D	1	6	4	3	7
ENOG410Y3C5	4	3	4	3	7
ENOG410Y3CA	5	2	1	6	7
ENOG410Y3E1	1	6	7	0	7
ENOG410Y3IT	6	1	3	4	7
ENOG410Y3J8	2	5	5	2	7
ENOG410Y3JR	2	5	4	3	7
ENOG410Y3KM	5	2	2	5	7
ENOG410Y3MC	7	0	3	4	7
ENOG410Y3RG	5	2	2	5	7
ENOG410Y3SX	4	3	3	4	7
ENOG410Y3V4	4	3	3	4	7
ENOG410Y41G	5	2	4	3	7
ENOG410Y422	1	6	1	6	7
ENOG410Y441	5	2	1	6	7
ENOG410Y44Z	3	4	5	2	7
ENOG410Y46N	3	4	5	2	7
ENOG410Y48Z	6	1	4	3	7
ENOG410Y4AA	3	4	6	1	7
ENOG410Y4CW	1	6	6	1	7
ENOG410Y4D6	4	3	6	1	7
ENOG410Y4FC	2	5	3	4	7
ENOG410Y4GZ	1	6	7	0	7
ENOG410Y4H9	3	4	4	3	7
ENOG410Y4ID	1	6	5	2	7
ENOG410Y4JT	1	6	2	5	7
ENOG410Y4M2	6	1	0	7	7
ENOG410Y4RG	5	2	4	3	7
ENOG410Y4S2	4	3	5	2	7
ENOG410Y4SM	5	2	6	1	7
ENOG410Y4SU	5	2	3	4	7
ENOG410Y4TW	5	2	4	3	7
ENOG410Y4V2	6	1	6	1	7
ENOG410Y4VX	1	6	6	1	7
ENOG410Y4VZ	5	2	0	7	7
ENOG410Y4W7	7	0	3	4	7
ENOG410Y4XD	5	2	3	4	7
ENOG410Y4YN	5	2	5	2	7
ENOG410Y57B	3	4	4	3	7
ENOG410Y57R	1	6	2	5	7
ENOG410Y58E	3	4	5	2	7
ENOG410Y59Y	1	6	7	0	7
ENOG410Y5GI	3	4	5	2	7
ENOG410Y5Q5	5	2	1	6	7
ENOG410Y5V7	3	4	3	4	7
ENOG410Y5WY	2	5	3	4	7
ENOG410Y5Y8	0	7	4	3	7
ENOG410Y63T	5	2	3	4	7
ENOG410Y6DZ	6	1	5	2	7
ENOG410Y6G5	4	3	5	2	7
ENOG410Y6HR	3	4	1	6	7
ENOG410Y6KY	5	2	2	5	7
ENOG410Y6RZ	4	3	2	5	7
ENOG410Y6VM	5	2	6	1	7
ENOG410Y6X8	2	5	2	5	7
ENOG410Y70M	5	2	1	6	7
ENOG410Y71B	1	6	3	4	7
ENOG410Y722	5	2	3	4	7
ENOG410Y73Q	0	7	5	2	7
ENOG410Y775	5	2	2	5	7
ENOG410Y77C	1	6	7	0	7
ENOG410Y7CB	4	3	4	3	7
ENOG410Y7H9	5	2	1	6	7
ENOG410Y7HB	4	3	2	5	7
ENOG410Y7PK	4	3	3	4	7
ENOG410Y7U8	5	2	5	2	7
ENOG410Y7W1	4	3	5	2	7
ENOG410Y81N	3	4	6	1	7
ENOG410Y83C	3	4	0	7	7
ENOG410Y87T	3	4	4	3	7
ENOG410Y8BB	1	6	5	2	7
ENOG410Y8E8	4	3	2	5	7
ENOG410Y8FG	5	2	3	4	7
ENOG410Y8GF	3	4	2	5	7
ENOG410Y8IR	3	4	4	3	7
ENOG410Y8XY	3	4	3	4	7
ENOG410Y91S	3	4	6	1	7
ENOG410Y921	1	6	4	3	7
ENOG410Y96N	5	2	3	4	7
ENOG410Y96Y	6	1	2	5	7
ENOG410Y97H	2	5	1	6	7
ENOG410Y99P	1	6	6	1	7
ENOG410Y9B6	3	4	1	6	7
ENOG410Y9CE	5	2	4	3	7
ENOG410Y9EQ	4	3	3	4	7
ENOG410Y9EZ	2	5	7	0	7
ENOG410Y9GF	2	5	4	3	7
ENOG410Y9GZ	2	5	4	3	7
ENOG410Y9I9	6	1	3	4	7
ENOG410Y9IM	1	6	4	3	7
ENOG410Y9JJ	1	6	6	1	7
ENOG410Y9KI	6	1	4	3	7
ENOG410Y9KP	5	2	4	3	7
ENOG410Y9P0	3	4	3	4	7
ENOG410Y9PG	4	3	4	3	7
ENOG410Y9RX	2	5	3	4	7
ENOG410Y9SW	6	1	3	4	7
ENOG410Y9TS	4	3	3	4	7
ENOG410Y9VJ	3	4	4	3	7
ENOG410Y9ZI	1	6	7	0	7
ENOG410YA1K	1	6	6	1	7
ENOG410YA44	3	4	1	6	7
ENOG410YA4G	2	5	1	6	7
ENOG410YA5P	4	3	6	1	7
ENOG410YA70	4	3	7	0	7
ENOG410YA87	3	4	4	3	7
ENOG410YA9M	3	4	4	3	7
ENOG410YABJ	2	5	7	0	7
ENOG410YAD8	2	5	6	1	7
ENOG410YAEF	5	2	3	4	7
ENOG410YAF1	3	4	1	6	7
ENOG410YAFU	4	3	0	7	7
ENOG410YAGR	3	4	5	2	7
ENOG410YAIS	4	3	2	5	7
ENOG410YAJ1	4	3	2	5	7
ENOG410YAJ5	4	3	5	2	7
ENOG410YAN2	5	2	1	6	7
ENOG410YANC	4	3	0	7	7
ENOG410YARX	3	4	4	3	7
ENOG410YASD	3	4	3	4	7
ENOG410YATZ	4	3	3	4	7
ENOG410YAYK	5	2	5	2	7
ENOG410YB0Q	4	3	5	2	7
ENOG410YB1Q	1	6	4	3	7
ENOG410YB49	4	3	3	4	7
ENOG410YB68	5	2	3	4	7
ENOG410YB8E	4	3	3	4	7
ENOG410YB8J	5	2	2	5	7
ENOG410YBE7	1	6	4	3	7
ENOG410YBF1	1	6	6	1	7
ENOG410YBF7	2	5	5	2	7
ENOG410YBJ6	3	4	7	0	7
ENOG410YBKA	5	2	5	2	7
ENOG410YBKS	3	4	5	2	7
ENOG410YBQA	3	4	0	7	7
ENOG410YBQR	1	6	4	3	7
ENOG410YBQW	2	5	4	3	7
ENOG410YBRR	4	3	2	5	7
ENOG410YBU9	5	2	1	6	7
ENOG410YBY3	5	2	3	4	7
ENOG410YBYI	2	5	6	1	7
ENOG410YC3V	6	1	3	4	7
ENOG410YC5X	5	2	2	5	7
ENOG410YC6B	5	2	3	4	7
ENOG410YC7V	5	2	3	4	7
ENOG410YC8I	5	2	5	2	7
ENOG410YCB3	3	4	3	4	7
ENOG410YCB7	3	4	6	1	7
ENOG410YCB9	4	3	7	0	7
ENOG410YCBF	3	4	4	3	7
ENOG410YCCC	4	3	0	7	7
ENOG410YCCZ	5	2	3	4	7
ENOG410YCJF	4	3	3	4	7
ENOG410YCNS	5	2	2	5	7
ENOG410YCQ8	2	5	7	0	7
ENOG410YCRD	3	4	5	2	7
ENOG410YCUM	3	4	4	3	7
ENOG410YCVN	4	3	4	3	7
ENOG410YCXJ	5	2	4	3	7
ENOG410YD01	5	2	4	3	7
ENOG410YD0D	3	4	5	2	7
ENOG410YD0X	4	3	2	5	7
ENOG410YD37	4	3	5	2	7
ENOG410YD3Z	6	1	3	4	7
ENOG410YD4V	4	3	4	3	7
ENOG410YD62	3	4	1	6	7
ENOG410YD7D	4	3	3	4	7
ENOG410YDBB	2	5	5	2	7
ENOG410YDCP	3	4	1	6	7
ENOG410YDF2	3	4	1	6	7
ENOG410YDFB	5	2	2	5	7
ENOG410YDIQ	4	3	2	5	7
ENOG410YDKG	3	4	6	1	7
ENOG410YDPZ	6	1	3	4	7
ENOG410YDSF	5	2	1	6	7
ENOG410YDWC	4	3	5	2	7
ENOG410YDXY	2	5	1	6	7
ENOG410YE3A	5	2	6	1	7
ENOG410YE3I	3	4	5	2	7
ENOG410YE6B	3	4	3	4	7
ENOG410YEAQ	6	1	4	3	7
ENOG410YECS	6	1	2	5	7
ENOG410YECY	2	5	7	0	7
ENOG410YEET	3	4	3	4	7
ENOG410YEF4	4	3	5	2	7
ENOG410YEGC	4	3	2	5	7
ENOG410YEGH	1	6	7	0	7
ENOG410YEI3	5	2	5	2	7
ENOG410YEJ0	2	5	6	1	7
ENOG410YEK0	3	4	0	7	7
ENOG410YEKU	5	2	3	4	7
ENOG410YEPB	4	3	5	2	7
ENOG410YESU	1	6	7	0	7
ENOG410YEXF	2	5	3	4	7
ENOG410YEY3	5	2	2	5	7
ENOG410YF1S	3	4	3	4	7
ENOG410YF1T	5	2	3	4	7
ENOG410YF4U	3	4	3	4	7
ENOG410YF83	6	1	1	6	7
ENOG410YF8F	5	2	3	4	7
ENOG410YF90	2	5	3	4	7
ENOG410YFA2	5	2	2	5	7
ENOG410YFAH	5	2	3	4	7
ENOG410YFAW	3	4	0	7	7
ENOG410YFBF	1	6	6	1	7
ENOG410YFH5	5	2	1	6	7
ENOG410YFHM	3	4	2	5	7
ENOG410YFPN	2	5	5	2	7
ENOG410YFRD	5	2	1	6	7
ENOG410YFW1	6	1	2	5	7
ENOG410YFZR	3	4	1	6	7
ENOG410YG7B	3	4	2	5	7
ENOG410YGA3	3	4	1	6	7
ENOG410YGBQ	4	3	3	4	7
ENOG410YGIG	4	3	4	3	7
ENOG410YGJ0	2	5	7	0	7
ENOG410YGPB	5	2	1	6	7
ENOG410YGSK	3	4	5	2	7
ENOG410YGUE	4	3	2	5	7
ENOG410YH0R	6	1	6	1	7
ENOG410YH0U	1	6	7	0	7
ENOG410YH4C	6	1	5	2	7
ENOG410YH79	6	1	2	5	7
ENOG410YHC9	3	4	1	6	7
ENOG410YHEH	4	3	7	0	7
ENOG410YHNP	7	0	2	5	7
ENOG410YHNX	3	4	7	0	7
ENOG410YHP1	5	2	5	2	7
ENOG410YHRH	1	6	5	2	7
ENOG410YHXM	5	2	4	3	7
ENOG410YHXQ	2	5	4	3	7
ENOG410YI0P	3	4	7	0	7
ENOG410YI8N	2	5	5	2	7
ENOG410YI97	5	2	4	3	7
ENOG410YIBA	4	3	1	6	7
ENOG410YICK	2	5	7	0	7
ENOG410YIF1	5	2	7	0	7
ENOG410YIFQ	5	2	2	5	7
ENOG410YIHG	4	3	3	4	7
ENOG410YIHP	3	4	2	5	7
ENOG410YIHX	4	3	0	7	7
ENOG410YII6	3	4	6	1	7
ENOG410YIJR	3	4	1	6	7
ENOG410YIPF	3	4	2	5	7
ENOG410YIWC	4	3	4	3	7
ENOG410YIY1	2	5	2	5	7
ENOG410YIY4	5	2	5	2	7
ENOG410YJ5R	4	3	2	5	7
ENOG410YJ8Z	2	5	6	1	7
ENOG410YJAQ	4	3	3	4	7
ENOG410YJGU	5	2	0	7	7
ENOG410YJQP	1	6	3	4	7
ENOG410YJZH	4	3	3	4	7
ENOG410YJZK	2	5	5	2	7
ENOG410YK30	3	4	2	5	7
ENOG410YK8C	2	5	7	0	7
ENOG410YK8K	5	2	4	3	7
ENOG410YKIR	5	2	2	5	7
ENOG410YKVF	5	2	0	7	7
ENOG410YM3G	3	4	3	4	7
ENOG410YM6M	4	3	1	6	7
ENOG410YMCE	2	5	4	3	7
ENOG410YMEQ	3	4	3	4	7
ENOG410YMGN	3	4	6	1	7
ENOG410YMMR	3	4	5	2	7
ENOG410YMQ5	5	2	4	3	7
ENOG410YMSV	2	5	6	1	7
ENOG410YMTX	2	5	6	1	7
ENOG410YMZ8	5	2	3	4	7
ENOG410YMZM	3	4	6	1	7
ENOG410YN4C	4	3	5	2	7
ENOG410YN5U	3	4	3	4	7
ENOG410YNB4	2	5	6	1	7
ENOG410YNEA	2	5	3	4	7
ENOG410YNH5	3	4	5	2	7
ENOG410YNKY	3	4	3	4	7
ENOG410YNMS	4	3	1	6	7
ENOG410YNQF	5	2	1	6	7
ENOG410YP0W	1	6	5	2	7
ENOG410YP36	3	4	3	4	7
ENOG410YP8I	1	6	0	7	7
ENOG410YPAE	4	3	2	5	7
ENOG410YPG6	4	3	1	6	7
ENOG410YPIJ	3	4	0	7	7
ENOG410YPRW	4	3	4	3	7
ENOG410YPVN	2	5	5	2	7
ENOG410YPW2	5	2	4	3	7
ENOG410YPXC	1	6	4	3	7
ENOG410YPZX	1	6	7	0	7
ENOG410YQ1G	3	4	0	7	7
ENOG410YQ2R	0	7	7	0	7
ENOG410YQ52	1	6	6	1	7
ENOG410YQCD	6	1	5	2	7
ENOG410YQFE	4	3	0	7	7
ENOG410YQIC	5	2	3	4	7
ENOG410YQK2	6	1	3	4	7
ENOG410YQNJ	4	3	4	3	7
ENOG410YQP8	5	2	0	7	7
ENOG410YQUG	4	3	4	3	7
ENOG410YQWJ	1	6	6	1	7
ENOG410YQWW	4	3	1	6	7
ENOG410YR3P	2	5	4	3	7
ENOG410YR80	3	4	3	4	7
ENOG410YR94	2	5	4	3	7
ENOG410YRA6	4	3	2	5	7
ENOG410YRIH	6	1	4	3	7
ENOG410YRPW	4	3	1	6	7
ENOG410YS2G	2	5	7	0	7
ENOG410YSDZ	5	2	1	6	7
ENOG410YSG6	5	2	5	2	7
ENOG410YSGI	4	3	0	7	7
ENOG410YSKJ	1	6	3	4	7
ENOG410YSQC	3	4	5	2	7
ENOG410YSTJ	3	4	6	1	7
ENOG410YSVQ	6	1	2	5	7
ENOG410YT1V	4	3	3	4	7
ENOG410YT47	5	2	3	4	7
ENOG410YT9X	2	5	3	4	7
ENOG410YTB7	0	7	6	1	7
ENOG410YTCU	4	3	2	5	7
ENOG410YTHE	4	3	3	4	7
ENOG410YTTA	2	5	1	6	7
ENOG410YTWT	1	6	5	2	7
ENOG410YU1D	2	5	1	6	7
ENOG410YU6C	2	5	5	2	7
ENOG410YUCE	2	5	3	4	7
ENOG410YUCG	2	5	5	2	7
ENOG410YUED	3	4	2	5	7
ENOG410YUG3	4	3	5	2	7
ENOG410YUH9	3	4	3	4	7
ENOG410YUUC	3	4	3	4	7
ENOG410YUXZ	5	2	2	5	7
ENOG410YV3D	0	7	2	5	7
ENOG410YV46	5	2	3	4	7
ENOG410YV5X	4	3	4	3	7
ENOG410YVPT	0	7	6	1	7
ENOG410YVWS	4	3	3	4	7
ENOG410YW14	3	4	3	4	7
ENOG410YW8U	3	4	6	1	7
ENOG410YWBS	2	5	6	1	7
ENOG410YWC4	4	3	5	2	7
ENOG410YWDD	3	4	6	1	7
ENOG410YWJ4	5	2	2	5	7
ENOG410YWSW	6	1	1	6	7
ENOG410YWUE	4	3	3	4	7
ENOG410YX5C	4	3	3	4	7
ENOG410YX6Y	2	5	2	5	7
ENOG410YXDJ	4	3	0	7	7
ENOG410YXFD	3	4	7	0	7
ENOG410YXI9	2	5	3	4	7
ENOG410YXSE	2	5	6	1	7
ENOG410YXV5	3	4	3	4	7
ENOG410YY0N	0	7	4	3	7
ENOG410YYF9	4	3	0	7	7
ENOG410YYGA	5	2	5	2	7
ENOG410YYQS	3	4	3	4	7
ENOG410YYX0	5	2	3	4	7
ENOG410YZ8S	4	3	3	4	7
ENOG410YZFA	3	4	4	3	7
ENOG410YZK5	4	3	1	6	7
ENOG410Z0EK	1	6	4	3	7
ENOG410Z0GR	2	5	4	3	7
ENOG410Z0RI	2	5	5	2	7
ENOG410Z0UM	1	6	5	2	7
ENOG410Z0ZE	4	3	3	4	7
ENOG410Z131	1	6	5	2	7
ENOG410Z1K5	6	1	4	3	7
ENOG410Z1KF	4	3	6	1	7
ENOG410Z1QN	2	5	5	2	7
ENOG410Z1W6	5	2	4	3	7
ENOG410Z24N	2	5	3	4	7
ENOG410Z261	3	4	0	7	7
ENOG410Z2NQ	2	5	6	1	7
ENOG410Z2UP	5	2	2	5	7
ENOG410Z2WJ	5	2	5	2	7
ENOG410Z32R	3	4	4	3	7
ENOG410Z34Z	5	2	2	5	7
ENOG410Z39P	2	5	5	2	7
ENOG410Z3DP	3	4	1	6	7
ENOG410Z3IR	2	5	5	2	7
ENOG410Z3SG	4	3	3	4	7
ENOG410Z3UP	4	3	0	7	7
ENOG410Z3WW	1	6	3	4	7
ENOG410Z3XZ	3	4	5	2	7
ENOG410Z430	5	2	3	4	7
ENOG410Z447	4	3	4	3	7
ENOG410Z46E	0	7	3	4	7
ENOG410Z472	3	4	5	2	7
ENOG410Z47E	2	5	3	4	7
ENOG410Z4H2	2	5	6	1	7
ENOG410Z4SK	5	2	0	7	7
ENOG410Z4VE	4	3	4	3	7
ENOG410Z4XY	2	5	3	4	7
ENOG410Z4Y8	2	5	7	0	7
ENOG410Z56P	0	7	4	3	7
ENOG410Z5N2	5	2	0	7	7
ENOG410Z5N9	1	6	4	3	7
ENOG410Z5RD	3	4	7	0	7
ENOG410Z5SJ	3	4	6	1	7
ENOG410Z62C	6	1	2	5	7
ENOG410Z6JP	6	1	4	3	7
ENOG410Z6JU	5	2	4	3	7
ENOG410Z6QR	6	1	4	3	7
ENOG410Z6UB	4	3	4	3	7
ENOG410Z71M	6	1	6	1	7
ENOG410Z7S1	1	6	6	1	7
ENOG410Z7X3	4	3	3	4	7
ENOG410Z8B0	5	2	7	0	7
ENOG410Z8NA	5	2	1	6	7
ENOG410Z8VE	1	6	7	0	7
ENOG410Z952	3	4	5	2	7
ENOG410Z994	3	4	2	5	7
ENOG410Z9M6	2	5	3	4	7
ENOG410Z9R2	4	3	1	6	7
ENOG410Z9Z8	3	4	3	4	7
ENOG410ZA2Q	5	2	4	3	7
ENOG410ZAAE	5	2	2	5	7
ENOG410ZAEE	1	6	6	1	7
ENOG410ZAHY	4	3	3	4	7
ENOG410ZAVF	2	5	6	1	7
ENOG410ZAYP	5	2	4	3	7
ENOG410ZB0D	5	2	4	3	7
ENOG410ZB17	4	3	4	3	7
ENOG410ZB20	3	4	3	4	7
ENOG410ZBJR	5	2	4	3	7
ENOG410ZBKA	4	3	2	5	7
ENOG410ZBVD	2	5	2	5	7
ENOG410ZC8P	6	1	1	6	7
ENOG410ZCCT	2	5	4	3	7
ENOG410ZCG0	1	6	7	0	7
ENOG410ZCV3	2	5	6	1	7
ENOG410ZCYK	3	4	5	2	7
ENOG410ZD45	1	6	5	2	7
ENOG410ZD92	3	4	2	5	7
ENOG410ZDA4	3	4	3	4	7
ENOG410ZDAN	5	2	4	3	7
ENOG410ZDMF	1	6	6	1	7
ENOG410ZDRF	3	4	6	1	7
ENOG410ZDY6	4	3	6	1	7
ENOG410ZE8N	3	4	4	3	7
ENOG410ZE9J	2	5	6	1	7
ENOG410ZEIQ	1	6	6	1	7
ENOG410ZEJ4	5	2	2	5	7
ENOG410ZETB	1	6	5	2	7
ENOG410ZEYT	3	4	0	7	7
ENOG410ZF0V	4	3	4	3	7
ENOG410ZF8H	6	1	4	3	7
ENOG410ZFR9	5	2	1	6	7
ENOG410ZFU2	4	3	4	3	7
ENOG410ZFWF	4	3	0	7	7
ENOG410ZFY9	1	6	6	1	7
ENOG410ZG22	3	4	6	1	7
ENOG410ZGC3	4	3	5	2	7
ENOG410ZGGZ	6	1	2	5	7
ENOG410ZGK6	2	5	1	6	7
ENOG410ZGNB	5	2	5	2	7
ENOG410ZGSC	3	4	4	3	7
ENOG410ZGTQ	0	7	2	5	7
ENOG410ZH12	3	4	2	5	7
ENOG410ZH41	5	2	3	4	7
ENOG410ZH7W	4	3	1	6	7
ENOG410ZHQ7	1	6	7	0	7
ENOG410ZHQG	5	2	4	3	7
ENOG410ZHQR	5	2	4	3	7
ENOG410ZHSA	5	2	5	2	7
ENOG410ZHSB	5	2	6	1	7
ENOG410ZHW9	4	3	4	3	7
ENOG410ZI0N	4	3	5	2	7
ENOG410ZI3Q	5	2	6	1	7
ENOG410ZI7G	5	2	3	4	7
ENOG410ZIA8	5	2	4	3	7
ENOG410ZIAQ	5	2	3	4	7
ENOG410ZICD	1	6	7	0	7
ENOG410ZIFY	2	5	6	1	7
ENOG410ZIG5	6	1	7	0	7
ENOG410ZIJN	3	4	3	4	7
ENOG410ZIMQ	2	5	6	1	7
ENOG410ZIMZ	2	5	6	1	7
ENOG410ZIN8	2	5	5	2	7
ENOG410ZINF	2	5	5	2	7
ENOG410ZINS	4	3	3	4	7
ENOG410ZIQS	6	1	5	2	7
ENOG410ZIT2	5	2	4	3	7
ENOG410ZJ65	6	1	3	4	7
ENOG410ZJ6A	4	3	2	5	7
ENOG410ZJ6R	5	2	4	3	7
ENOG410ZJDC	6	1	4	3	7
ENOG410ZJK4	4	3	3	4	7
ENOG410ZJKU	1	6	4	3	7
ENOG410ZJN8	5	2	5	2	7
ENOG410ZJNA	5	2	4	3	7
ENOG410ZJPA	4	3	4	3	7
ENOG410ZJQ0	5	2	1	6	7
ENOG410ZJQ8	2	5	5	2	7
ENOG410ZJQZ	1	6	7	0	7
ENOG410ZJRR	2	5	1	6	7
ENOG410ZJXJ	3	4	3	4	7
ENOG410ZJZS	1	6	4	3	7
ENOG410ZK4G	4	3	3	4	7
ENOG410ZK57	5	2	4	3	7
ENOG410ZK5A	1	6	3	4	7
ENOG410ZK6J	4	3	4	3	7
ENOG410ZK8S	5	2	1	6	7
ENOG410ZKFF	4	3	5	2	7
ENOG410ZKQ7	4	3	2	5	7
ENOG410ZKS3	4	3	7	0	7
ENOG410ZKX3	4	3	5	2	7
ENOG410ZMF3	2	5	6	1	7
ENOG410ZMG7	2	5	5	2	7
ENOG410ZMJ6	1	6	5	2	7
ENOG410ZMWE	3	4	7	0	7
ENOG410ZMXZ	4	3	2	5	7
ENOG410ZMYB	5	2	5	2	7
ENOG410ZN2B	4	3	2	5	7
ENOG410ZNBK	4	3	1	6	7
ENOG410ZNCQ	4	3	2	5	7
ENOG410ZNJB	3	4	3	4	7
ENOG410ZNKJ	4	3	5	2	7
ENOG410ZNS9	2	5	6	1	7
ENOG410ZNUM	3	4	5	2	7
ENOG410ZNV1	2	5	6	1	7
ENOG410ZNVS	3	4	1	6	7
ENOG410ZNX6	4	3	4	3	7
ENOG410ZNXF	3	4	6	1	7
ENOG410ZNXQ	2	5	7	0	7
ENOG410ZP7K	3	4	2	5	7
ENOG410ZP81	3	4	1	6	7
ENOG410ZPAJ	5	2	3	4	7
ENOG410ZPHH	4	3	0	7	7
ENOG410ZPI7	3	4	6	1	7
ENOG410ZPNJ	0	7	3	4	7
ENOG410ZPQX	6	1	4	3	7
ENOG410ZPTT	1	6	7	0	7
ENOG410ZPV3	1	6	6	1	7
ENOG410ZPYN	1	6	6	1	7
ENOG410ZQ0F	2	5	4	3	7
ENOG410ZQ2Q	3	4	3	4	7
ENOG410ZQ3X	5	2	6	1	7
ENOG410ZQ44	2	5	1	6	7
ENOG410ZQ4V	3	4	4	3	7
ENOG410ZQ51	2	5	0	7	7
ENOG410ZQ9H	3	4	3	4	7
ENOG410ZQEH	5	2	4	3	7
ENOG410ZQJ3	1	6	2	5	7
ENOG410ZQP3	6	1	1	6	7
ENOG410ZR1Q	5	2	2	5	7
ENOG410ZR3I	4	3	5	2	7
ENOG410ZR5A	2	5	4	3	7
ENOG410ZRM0	2	5	6	1	7
ENOG410ZRT8	6	1	3	4	7
ENOG410ZRYP	4	3	4	3	7
ENOG410ZRZQ	3	4	3	4	7
ENOG410ZS81	4	3	2	5	7
ENOG410ZSAE	5	2	5	2	7
ENOG410ZSDZ	4	3	4	3	7
ENOG410ZSFZ	5	2	2	5	7
ENOG410ZSQZ	4	3	3	4	7
ENOG410ZSUS	2	5	1	6	7
ENOG410ZSYZ	0	7	3	4	7
ENOG410ZT0A	4	3	3	4	7
ENOG410ZT2S	2	5	3	4	7
ENOG410ZT8D	1	6	2	5	7
ENOG410ZT8Q	4	3	4	3	7
ENOG410ZT9V	4	3	1	6	7
ENOG410ZTDK	4	3	1	6	7
ENOG410ZTH0	5	2	3	4	7
ENOG410ZTHG	3	4	4	3	7
ENOG410ZTQ8	2	5	7	0	7
ENOG410ZTY6	5	2	5	2	7
ENOG410ZTYU	5	2	5	2	7
ENOG410ZU2X	3	4	5	2	7
ENOG410ZU8E	3	4	6	1	7
ENOG410ZU9D	4	3	3	4	7
ENOG410ZUGA	5	2	5	2	7
ENOG410ZUGE	1	6	3	4	7
ENOG410ZUI7	3	4	5	2	7
ENOG410ZUK1	5	2	2	5	7
ENOG410ZURF	1	6	5	2	7
ENOG410ZUV1	5	2	4	3	7
ENOG410ZUYT	6	1	6	1	7
ENOG410ZV3K	1	6	3	4	7
ENOG410ZV99	5	2	4	3	7
ENOG410ZVB7	4	3	4	3	7
ENOG410ZVBZ	4	3	7	0	7
ENOG410ZVC6	3	4	2	5	7
ENOG410ZVCD	5	2	4	3	7
ENOG410ZVCF	5	2	4	3	7
ENOG410ZVCH	3	4	6	1	7
ENOG410ZVCR	1	6	3	4	7
ENOG410ZVCU	3	4	6	1	7
ENOG410ZVD2	3	4	6	1	7
ENOG410ZVD3	1	6	3	4	7
ENOG410ZVDG	3	4	4	3	7
ENOG410ZVDW	4	3	1	6	7
ENOG410ZVE2	0	7	6	1	7
ENOG410ZVE6	3	4	5	2	7
ENOG410ZVE8	6	1	2	5	7
ENOG410ZVEJ	5	2	1	6	7
ENOG410ZVEU	3	4	2	5	7
ENOG410ZVF6	4	3	5	2	7
ENOG410ZVFE	5	2	4	3	7
ENOG410ZVFH	1	6	4	3	7
ENOG410ZVFJ	4	3	3	4	7
ENOG410ZVFU	3	4	7	0	7
ENOG410ZVG0	3	4	2	5	7
ENOG410ZVG5	4	3	2	5	7
ENOG410ZVGS	1	6	4	3	7
ENOG410ZVGZ	4	3	1	6	7
ENOG410ZVHC	4	3	5	2	7
ENOG410ZVHH	5	2	3	4	7
ENOG410ZVHJ	4	3	5	2	7
ENOG410ZVHW	6	1	1	6	7
ENOG410ZVI2	4	3	1	6	7
ENOG410ZVIC	5	2	3	4	7
ENOG410ZVJX	4	3	4	3	7
ENOG410ZVJY	4	3	2	5	7
ENOG410ZVK6	1	6	2	5	7
ENOG410ZVKR	0	7	6	1	7
ENOG410ZVME	4	3	2	5	7
ENOG410ZVMN	5	2	4	3	7
ENOG410ZVMV	2	5	3	4	7
ENOG410ZVMW	4	3	3	4	7
ENOG410ZVNC	2	5	5	2	7
ENOG410ZVNJ	2	5	7	0	7
ENOG410ZVNV	2	5	1	6	7
ENOG410ZVP5	6	1	6	1	7
ENOG410ZVP8	4	3	2	5	7
ENOG410ZVPQ	1	6	4	3	7
ENOG410ZVPT	4	3	0	7	7
ENOG410ZVQG	0	7	5	2	7
ENOG410ZVQW	2	5	6	1	7
ENOG410ZVQY	1	6	6	1	7
ENOG410ZVRD	5	2	1	6	7
ENOG410ZVRR	2	5	1	6	7
ENOG410ZVRS	2	5	5	2	7
ENOG410ZVS8	5	2	7	0	7
ENOG410ZVT4	4	3	4	3	7
ENOG410ZVTR	1	6	4	3	7
ENOG410ZVU0	5	2	3	4	7
ENOG410ZVW5	3	4	7	0	7
ENOG410ZVWB	0	7	4	3	7
ENOG410ZVWK	4	3	5	2	7
ENOG410ZVWQ	6	1	3	4	7
ENOG410ZVWW	2	5	7	0	7
ENOG410ZVXC	4	3	3	4	7
ENOG410ZVY1	3	4	6	1	7
ENOG410ZVY8	6	1	3	4	7
ENOG410ZVYR	4	3	2	5	7
ENOG410ZVZG	5	2	0	7	7
ENOG410ZW0D	2	5	5	2	7
ENOG410ZW1V	4	3	5	2	7
ENOG410ZW2I	4	3	0	7	7
ENOG410ZW3S	4	3	1	6	7
ENOG410ZW4A	5	2	5	2	7
ENOG410ZW50	6	1	4	3	7
ENOG410ZW55	2	5	2	5	7
ENOG410ZW5X	3	4	3	4	7
ENOG410ZW6I	2	5	3	4	7
ENOG410ZW6X	3	4	3	4	7
ENOG410ZW77	3	4	1	6	7
ENOG410ZWAN	3	4	6	1	7
ENOG410ZWBR	7	0	3	4	7
ENOG410ZWBT	1	6	3	4	7
ENOG410ZWDI	6	1	4	3	7
ENOG410ZWE3	3	4	2	5	7
ENOG410ZWE8	3	4	3	4	7
ENOG410ZWEQ	4	3	7	0	7
ENOG410ZWES	2	5	6	1	7
ENOG410ZWF2	2	5	4	3	7
ENOG410ZWFF	3	4	3	4	7
ENOG410ZWGT	4	3	0	7	7
ENOG410ZWHF	2	5	1	6	7
ENOG410ZWIF	5	2	1	6	7
ENOG410ZWIM	4	3	4	3	7
ENOG410ZWJJ	2	5	2	5	7
ENOG410ZWKB	5	2	3	4	7
ENOG410ZWKI	1	6	4	3	7
ENOG410ZWKT	2	5	6	1	7
ENOG410ZWN6	4	3	5	2	7
ENOG410ZWP3	2	5	2	5	7
ENOG410ZWQ1	3	4	3	4	7
ENOG410ZWQM	5	2	2	5	7
ENOG410ZWQU	3	4	1	6	7
ENOG410ZWQW	4	3	2	5	7
ENOG410ZWQZ	4	3	5	2	7
ENOG410ZWT5	4	3	3	4	7
ENOG410ZWTD	4	3	1	6	7
ENOG410ZWTG	4	3	2	5	7
ENOG410ZWX5	5	2	5	2	7
ENOG410ZWX9	2	5	5	2	7
ENOG410ZX29	1	6	3	4	7
ENOG410ZX2M	6	1	4	3	7
ENOG410ZX41	2	5	2	5	7
ENOG410ZX4G	4	3	5	2	7
ENOG410ZX96	3	4	1	6	7
ENOG410ZX9B	1	6	5	2	7
ENOG410ZX9D	6	1	1	6	7
ENOG410ZX9Y	4	3	4	3	7
ENOG410ZXB3	3	4	4	3	7
ENOG410ZXCB	5	2	5	2	7
ENOG410ZXDQ	2	5	5	2	7
ENOG410ZXFD	5	2	2	5	7
ENOG410ZXHU	3	4	1	6	7
ENOG410ZXJ6	4	3	1	6	7
ENOG410ZXJB	2	5	3	4	7
ENOG410ZXKC	6	1	1	6	7
ENOG410ZXQV	3	4	2	5	7
ENOG410ZXQY	3	4	3	4	7
ENOG410ZXRZ	4	3	5	2	7
ENOG410ZXU3	3	4	4	3	7
ENOG410ZXUR	6	1	2	5	7
ENOG410ZXVM	5	2	2	5	7
ENOG410ZY5G	3	4	5	2	7
ENOG410ZY5P	4	3	7	0	7
ENOG410ZY9E	3	4	2	5	7
ENOG410ZYCH	2	5	4	3	7
ENOG410ZYD6	0	7	3	4	7
ENOG410ZYD9	0	7	3	4	7
ENOG410ZYDZ	1	6	6	1	7
ENOG410ZYJP	5	2	5	2	7
ENOG410ZYP5	5	2	3	4	7
ENOG410ZYR5	3	4	1	6	7
ENOG410ZYUF	0	7	5	2	7
ENOG410ZYUU	1	6	3	4	7
ENOG410ZYVG	3	4	6	1	7
ENOG410ZYVX	4	3	4	3	7
ENOG410ZZ25	5	2	2	5	7
ENOG410ZZ3B	3	4	6	1	7
ENOG410ZZ3F	4	3	5	2	7
ENOG410ZZ4C	2	5	5	2	7
ENOG410ZZ52	3	4	4	3	7
ENOG410ZZ7W	3	4	4	3	7
ENOG410ZZC5	4	3	1	6	7
ENOG410ZZD0	2	5	2	5	7
ENOG410ZZE8	3	4	0	7	7
ENOG410ZZGV	3	4	0	7	7
ENOG410ZZIS	6	1	0	7	7
ENOG410ZZJF	3	4	1	6	7
ENOG410ZZRT	3	4	0	7	7
ENOG410ZZUN	6	1	1	6	7
ENOG410ZZVD	6	1	4	3	7
ENOG410ZZWY	3	4	2	5	7
ENOG410ZZXU	2	5	2	5	7
ENOG410ZZY6	4	3	2	5	7
ENOG411000T	3	4	3	4	7
ENOG411002M	1	6	6	1	7
ENOG411004P	2	5	5	2	7
ENOG411007C	5	2	4	3	7
ENOG411009W	3	4	4	3	7
ENOG41100B0	2	5	7	0	7
ENOG41100CF	1	6	3	4	7
ENOG41100ES	4	3	3	4	7
ENOG41100FH	2	5	2	5	7
ENOG41100IV	2	5	5	2	7
ENOG41100M6	1	6	5	2	7
ENOG41100MA	1	6	4	3	7
ENOG41100W0	3	4	3	4	7
ENOG411011S	4	3	6	1	7
ENOG411012J	2	5	3	4	7
ENOG411015R	2	5	2	5	7
ENOG411019K	4	3	4	3	7
ENOG41101FB	1	6	5	2	7
ENOG41101GZ	5	2	3	4	7
ENOG41101HV	3	4	3	4	7
ENOG41101IZ	4	3	0	7	7
ENOG41101JG	4	3	4	3	7
ENOG41101U7	3	4	1	6	7
ENOG41101VY	2	5	5	2	7
ENOG41101YT	3	4	6	1	7
ENOG411024B	4	3	3	4	7
ENOG411027Z	3	4	5	2	7
ENOG411029V	3	4	5	2	7
ENOG41102CA	3	4	2	5	7
ENOG41102CJ	3	4	1	6	7
ENOG41102GP	3	4	4	3	7
ENOG41102I4	2	5	2	5	7
ENOG41102SE	1	6	7	0	7
ENOG41102U3	3	4	4	3	7
ENOG41102WG	0	7	6	1	7
ENOG411032J	4	3	2	5	7
ENOG4110348	3	4	2	5	7
ENOG411034D	3	4	1	6	7
ENOG41103AX	3	4	7	0	7
ENOG41103B0	5	2	3	4	7
ENOG41103MM	4	3	4	3	7
ENOG41103RQ	3	4	2	5	7
ENOG41103Y5	3	4	0	7	7
ENOG41104JX	2	5	7	0	7
ENOG41104UK	5	2	2	5	7
ENOG41105G9	2	5	3	4	7
ENOG41105P2	4	3	2	5	7
ENOG41105S6	5	2	1	6	7
ENOG41105VJ	5	2	3	4	7
ENOG41105XQ	5	2	5	2	7
ENOG41105ZK	3	4	6	1	7
ENOG41106EH	5	2	2	5	7
ENOG41108K1	5	2	2	5	7
ENOG41108WW	3	4	5	2	7
ENOG41109CF	4	3	3	4	7
ENOG41109IH	5	2	1	6	7
ENOG41109YT	4	3	4	3	7
ENOG4110A1H	5	2	1	6	7
ENOG4110B0F	2	5	6	1	7
ENOG4110BBF	1	6	5	2	7
ENOG4110BJG	5	2	3	4	7
ENOG4110BMM	0	7	6	1	7
ENOG4110BQE	2	5	3	4	7
ENOG4110BWW	4	3	2	5	7
ENOG4110C99	1	6	5	2	7
ENOG4110DEK	5	2	4	3	7
ENOG4110DP8	2	5	4	3	7
ENOG4110DZH	1	6	5	2	7
ENOG4110G9P	5	2	2	5	7
ENOG4110GG4	4	3	5	2	7
ENOG4110GJF	1	6	0	7	7
ENOG4110GRU	0	7	3	4	7
ENOG4110GX4	3	4	2	5	7
ENOG4110HXD	5	2	4	3	7
ENOG4110IQD	3	4	3	4	7
ENOG4110J45	2	5	0	7	7
ENOG4110JED	2	5	5	2	7
ENOG4110KBG	5	2	2	5	7
ENOG4110MQC	1	6	6	1	7
ENOG4110MXI	5	2	2	5	7
ENOG4110N8N	3	4	6	1	7
ENOG4110NBR	4	3	4	3	7
ENOG4110NSM	4	3	3	4	7
ENOG4110P6K	5	2	3	4	7
ENOG4110PFG	4	3	2	5	7
ENOG4110QAQ	1	6	5	2	7
ENOG4110QUF	3	4	2	5	7
ENOG4110QZN	5	2	5	2	7
ENOG4110TII	4	3	3	4	7
ENOG4110V7D	5	2	2	5	7
ENOG4110VJC	2	5	6	1	7
ENOG4110WB0	1	6	3	4	7
ENOG4110WG0	1	6	2	5	7
ENOG4110WM6	4	3	3	4	7
ENOG4110WUJ	4	3	4	3	7
ENOG4110XIN	3	4	1	6	7
ENOG4110XMY	4	3	0	7	7
ENOG4110Z4K	5	2	0	7	7
ENOG4110Z57	2	5	6	1	7
ENOG4110Z7N	5	2	1	6	7
ENOG4110ZRH	1	6	5	2	7
ENOG411119B	3	4	4	3	7
ENOG41111JX	4	3	1	6	7
ENOG41112BD	5	2	1	6	7
ENOG41112II	4	3	2	5	7
ENOG41112QY	5	2	3	4	7
ENOG411138E	2	5	0	7	7
ENOG41113RB	1	6	5	2	7
ENOG411141G	3	4	3	4	7
ENOG41114EC	3	4	3	4	7
ENOG41115XM	2	5	7	0	7
ENOG411162A	2	5	7	0	7
ENOG41117DG	5	2	4	3	7
ENOG41118T4	2	5	6	1	7
ENOG411192P	5	2	5	2	7
ENOG411194K	4	3	2	5	7
ENOG41119MM	1	6	7	0	7
ENOG4111APV	0	7	6	1	7
ENOG4111AV1	4	3	2	5	7
ENOG4111AZ4	3	4	2	5	7
ENOG4111DCE	3	4	6	1	7
ENOG4111DDB	2	5	3	4	7
ENOG4111DRN	3	4	4	3	7
ENOG4111DS9	2	5	2	5	7
ENOG4111EE9	5	2	2	5	7
ENOG4111EFS	4	3	3	4	7
ENOG4111EYA	3	4	7	0	7
ENOG4111F0B	4	3	3	4	7
ENOG4111F11	3	4	0	7	7
ENOG4111F1K	4	3	1	6	7
ENOG4111F33	4	3	1	6	7
ENOG4111F3K	2	5	6	1	7
ENOG4111F7A	5	2	6	1	7
ENOG4111F7E	2	5	6	1	7
ENOG4111F7I	5	2	5	2	7
ENOG4111F91	4	3	5	2	7
ENOG4111FDW	6	1	6	1	7
ENOG4111FE2	3	4	1	6	7
ENOG4111FE4	5	2	4	3	7
ENOG4111FE5	4	3	1	6	7
ENOG4111FF5	2	5	3	4	7
ENOG4111FGF	3	4	2	5	7
ENOG4111FGK	2	5	3	4	7
ENOG4111FGU	2	5	3	4	7
ENOG4111FGY	2	5	3	4	7
ENOG4111FHM	5	2	0	7	7
ENOG4111FHR	5	2	4	3	7
ENOG4111FHT	3	4	6	1	7
ENOG4111FI4	2	5	5	2	7
ENOG4111FIB	3	4	4	3	7
ENOG4111FII	3	4	2	5	7
ENOG4111FJH	3	4	7	0	7
ENOG4111FJJ	5	2	3	4	7
ENOG4111FJM	4	3	2	5	7
ENOG4111FK0	2	5	1	6	7
ENOG4111FMN	5	2	3	4	7
ENOG4111FMS	4	3	7	0	7
ENOG4111FN8	1	6	5	2	7
ENOG4111FP3	1	6	4	3	7
ENOG4111FP4	4	3	2	5	7
ENOG4111FPD	4	3	0	7	7
ENOG4111FPK	3	4	4	3	7
ENOG4111FPU	2	5	0	7	7
ENOG4111FQE	1	6	1	6	7
ENOG4111FRH	0	7	4	3	7
ENOG4111FRY	4	3	0	7	7
ENOG4111FS1	4	3	4	3	7
ENOG4111FS5	3	4	3	4	7
ENOG4111FSC	5	2	5	2	7
ENOG4111FSU	4	3	1	6	7
ENOG4111FT5	3	4	3	4	7
ENOG4111FTJ	0	7	5	2	7
ENOG4111FTQ	2	5	3	4	7
ENOG4111FTW	4	3	3	4	7
ENOG4111FUM	3	4	1	6	7
ENOG4111FV3	5	2	4	3	7
ENOG4111FVC	3	4	3	4	7
ENOG4111FVN	3	4	1	6	7
ENOG4111FVX	6	1	1	6	7
ENOG4111FVZ	4	3	4	3	7
ENOG4111FW9	3	4	1	6	7
ENOG4111FXP	5	2	0	7	7
ENOG4111FYQ	4	3	2	5	7
ENOG4111FZQ	4	3	2	5	7
ENOG4111FZU	2	5	5	2	7
ENOG4111G0A	1	6	0	7	7
ENOG4111G10	0	7	5	2	7
ENOG4111G16	4	3	1	6	7
ENOG4111G17	3	4	1	6	7
ENOG4111G18	3	4	2	5	7
ENOG4111G1G	3	4	7	0	7
ENOG4111G1H	3	4	2	5	7
ENOG4111G31	3	4	4	3	7
ENOG4111G3C	3	4	1	6	7
ENOG4111G3H	3	4	2	5	7
ENOG4111G3V	4	3	3	4	7
ENOG4111G4N	6	1	2	5	7
ENOG4111G4Y	5	2	3	4	7
ENOG4111G5S	2	5	6	1	7
ENOG4111G5T	3	4	0	7	7
ENOG4111G61	4	3	6	1	7
ENOG4111G7C	1	6	5	2	7
ENOG4111G8A	4	3	6	1	7
ENOG4111G92	4	3	2	5	7
ENOG4111GA9	3	4	1	6	7
ENOG4111GAC	2	5	2	5	7
ENOG4111GAY	1	6	4	3	7
ENOG4111GBT	4	3	2	5	7
ENOG4111GD2	2	5	5	2	7
ENOG4111GD4	4	3	4	3	7
ENOG4111GE1	6	1	1	6	7
ENOG4111GE3	4	3	1	6	7
ENOG4111GEP	3	4	4	3	7
ENOG4111GFD	5	2	0	7	7
ENOG4111GFI	5	2	0	7	7
ENOG4111GG1	1	6	4	3	7
ENOG4111GGU	2	5	4	3	7
ENOG4111GHH	3	4	1	6	7
ENOG4111GIZ	4	3	1	6	7
ENOG4111GJ1	2	5	3	4	7
ENOG4111GJG	0	7	1	6	7
ENOG4111GJN	6	1	4	3	7
ENOG4111GJX	3	4	1	6	7
ENOG4111GKT	3	4	4	3	7
ENOG4111GM9	7	0	1	6	7
ENOG4111GMQ	3	4	1	6	7
ENOG4111GMZ	1	6	6	1	7
ENOG4111GNT	5	2	2	5	7
ENOG4111GPX	5	2	6	1	7
ENOG4111GQ4	2	5	5	2	7
ENOG4111GSI	2	5	2	5	7
ENOG4111GTX	4	3	5	2	7
ENOG4111GTZ	0	7	4	3	7
ENOG4111GU7	3	4	3	4	7
ENOG4111GUC	2	5	5	2	7
ENOG4111GUV	5	2	4	3	7
ENOG4111GVH	3	4	1	6	7
ENOG4111GVS	5	2	3	4	7
ENOG4111GVV	2	5	0	7	7
ENOG4111GW7	0	7	4	3	7
ENOG4111GXT	5	2	4	3	7
ENOG4111GY0	5	2	5	2	7
ENOG4111GYN	6	1	4	3	7
ENOG4111GYS	3	4	3	4	7
ENOG4111H02	2	5	7	0	7
ENOG4111H0I	5	2	0	7	7
ENOG4111H1A	4	3	3	4	7
ENOG4111H27	2	5	5	2	7
ENOG4111H2E	4	3	2	5	7
ENOG4111H2F	4	3	2	5	7
ENOG4111H2T	3	4	6	1	7
ENOG4111H33	5	2	2	5	7
ENOG4111H3B	3	4	6	1	7
ENOG4111H3W	4	3	0	7	7
ENOG4111H48	4	3	0	7	7
ENOG4111H4F	1	6	2	5	7
ENOG4111H4R	1	6	4	3	7
ENOG4111H4X	5	2	6	1	7
ENOG4111H5G	2	5	6	1	7
ENOG4111H5S	5	2	2	5	7
ENOG4111H5W	2	5	3	4	7
ENOG4111H63	3	4	4	3	7
ENOG4111H69	4	3	3	4	7
ENOG4111H6E	2	5	2	5	7
ENOG4111H6F	2	5	3	4	7
ENOG4111H7A	2	5	3	4	7
ENOG4111H7S	1	6	5	2	7
ENOG4111H83	0	7	3	4	7
ENOG4111H8F	4	3	3	4	7
ENOG4111H9C	5	2	3	4	7
ENOG4111HA8	2	5	5	2	7
ENOG4111HAD	3	4	6	1	7
ENOG4111HAN	4	3	3	4	7
ENOG4111HAW	6	1	3	4	7
ENOG4111HCS	5	2	4	3	7
ENOG4111HE2	0	7	5	2	7
ENOG4111HEP	3	4	6	1	7
ENOG4111HER	5	2	4	3	7
ENOG4111HF4	2	5	6	1	7
ENOG4111HFM	2	5	7	0	7
ENOG4111HFP	5	2	3	4	7
ENOG4111HGD	5	2	2	5	7
ENOG4111HGP	4	3	3	4	7
ENOG4111HHM	6	1	5	2	7
ENOG4111HIQ	3	4	1	6	7
ENOG4111HJM	3	4	3	4	7
ENOG4111HK2	2	5	2	5	7
ENOG4111HK7	4	3	0	7	7
ENOG4111HM9	5	2	4	3	7
ENOG4111HN2	2	5	5	2	7
ENOG4111HNE	4	3	3	4	7
ENOG4111HPT	0	7	6	1	7
ENOG4111HQM	5	2	4	3	7
ENOG4111HR5	4	3	3	4	7
ENOG4111HS0	2	5	7	0	7
ENOG4111HT5	3	4	1	6	7
ENOG4111HTB	3	4	6	1	7
ENOG4111HU9	6	1	4	3	7
ENOG4111HUD	5	2	6	1	7
ENOG4111HWF	3	4	1	6	7
ENOG4111HX4	4	3	2	5	7
ENOG4111HYA	5	2	3	4	7
ENOG4111HYX	4	3	0	7	7
ENOG4111I00	2	5	6	1	7
ENOG4111I08	3	4	4	3	7
ENOG4111I0A	3	4	4	3	7
ENOG4111I17	4	3	4	3	7
ENOG4111I1P	2	5	5	2	7
ENOG4111I4B	5	2	1	6	7
ENOG4111I4C	5	2	1	6	7
ENOG4111I5I	3	4	6	1	7
ENOG4111I5Z	4	3	1	6	7
ENOG4111I84	4	3	0	7	7
ENOG4111I8C	3	4	0	7	7
ENOG4111I91	3	4	1	6	7
ENOG4111I9X	1	6	4	3	7
ENOG4111IA1	2	5	3	4	7
ENOG4111IA6	1	6	4	3	7
ENOG4111IAA	3	4	3	4	7
ENOG4111IAR	1	6	3	4	7
ENOG4111IB3	4	3	4	3	7
ENOG4111IB8	4	3	2	5	7
ENOG4111IBG	4	3	3	4	7
ENOG4111ICB	1	6	4	3	7
ENOG4111ICX	0	7	6	1	7
ENOG4111IDI	3	4	0	7	7
ENOG4111IEF	1	6	5	2	7
ENOG4111IEY	4	3	6	1	7
ENOG4111IFW	4	3	3	4	7
ENOG4111IGF	5	2	1	6	7
ENOG4111IGG	6	1	3	4	7
ENOG4111IGP	5	2	4	3	7
ENOG4111IHQ	4	3	7	0	7
ENOG4111IIE	3	4	3	4	7
ENOG4111IIQ	2	5	6	1	7
ENOG4111IJ4	5	2	3	4	7
ENOG4111IJY	5	2	3	4	7
ENOG4111IK7	3	4	4	3	7
ENOG4111IKE	1	6	7	0	7
ENOG4111IKU	2	5	6	1	7
ENOG4111IKW	5	2	4	3	7
ENOG4111IKZ	5	2	0	7	7
ENOG4111IM0	1	6	1	6	7
ENOG4111IN2	5	2	1	6	7
ENOG4111IN8	2	5	2	5	7
ENOG4111IP0	2	5	2	5	7
ENOG4111IP4	3	4	5	2	7
ENOG4111IP5	3	4	1	6	7
ENOG4111IPB	3	4	4	3	7
ENOG4111IR8	2	5	7	0	7
ENOG4111IRN	4	3	1	6	7
ENOG4111IRS	0	7	1	6	7
ENOG4111IS1	4	3	1	6	7
ENOG4111ISA	5	2	1	6	7
ENOG4111ISF	4	3	2	5	7
ENOG4111ISM	2	5	5	2	7
ENOG4111IT9	3	4	1	6	7
ENOG4111ITI	4	3	2	5	7
ENOG4111ITU	2	5	4	3	7
ENOG4111IU3	1	6	5	2	7
ENOG4111IU5	4	3	3	4	7
ENOG4111IU6	3	4	2	5	7
ENOG4111IV5	5	2	2	5	7
ENOG4111IV9	5	2	1	6	7
ENOG4111IVG	6	1	4	3	7
ENOG4111IW4	2	5	2	5	7
ENOG4111IW5	3	4	1	6	7
ENOG4111IWS	3	4	7	0	7
ENOG4111IWU	4	3	5	2	7
ENOG4111IX6	2	5	0	7	7
ENOG4111IXV	5	2	3	4	7
ENOG4111IYF	5	2	1	6	7
ENOG4111IYW	2	5	6	1	7
ENOG4111IZ8	5	2	4	3	7
ENOG4111IZM	5	2	2	5	7
ENOG4111IZQ	3	4	3	4	7
ENOG4111IZY	4	3	4	3	7
ENOG4111J02	3	4	3	4	7
ENOG4111J09	2	5	4	3	7
ENOG4111J0I	3	4	1	6	7
ENOG4111J0Q	4	3	1	6	7
ENOG4111J0S	2	5	5	2	7
ENOG4111J12	4	3	2	5	7
ENOG4111J14	4	3	6	1	7
ENOG4111J1J	3	4	6	1	7
ENOG4111J1Q	4	3	2	5	7
ENOG4111J2V	4	3	1	6	7
ENOG4111J32	3	4	2	5	7
ENOG4111J3F	5	2	0	7	7
ENOG4111J47	1	6	3	4	7
ENOG4111J4C	2	5	1	6	7
ENOG4111J4F	5	2	4	3	7
ENOG4111J59	3	4	1	6	7
ENOG4111J5S	2	5	5	2	7
ENOG4111J6J	3	4	2	5	7
ENOG4111J8I	3	4	1	6	7
ENOG4111J8J	1	6	6	1	7
ENOG4111J8P	4	3	3	4	7
ENOG4111J9E	6	1	4	3	7
ENOG4111JA0	4	3	3	4	7
ENOG4111JA9	3	4	1	6	7
ENOG4111JAF	5	2	4	3	7
ENOG4111JE9	3	4	1	6	7
ENOG4111JEF	3	4	1	6	7
ENOG4111JEI	1	6	3	4	7
ENOG4111JF2	1	6	4	3	7
ENOG4111JF4	2	5	5	2	7
ENOG4111JF9	2	5	3	4	7
ENOG4111JFU	4	3	5	2	7
ENOG4111JG6	5	2	3	4	7
ENOG4111JGF	3	4	3	4	7
ENOG4111JH1	1	6	7	0	7
ENOG4111JHW	4	3	0	7	7
ENOG4111JJ1	3	4	7	0	7
ENOG4111JJC	5	2	4	3	7
ENOG4111JJK	4	3	4	3	7
ENOG4111JM7	4	3	1	6	7
ENOG4111JMY	5	2	3	4	7
ENOG4111JNB	2	5	4	3	7
ENOG4111JPB	2	5	6	1	7
ENOG4111JRE	4	3	1	6	7
ENOG4111JRQ	4	3	4	3	7
ENOG4111JRX	2	5	3	4	7
ENOG4111JSY	2	5	7	0	7
ENOG4111JTA	3	4	1	6	7
ENOG4111JTP	2	5	7	0	7
ENOG4111JUF	3	4	0	7	7
ENOG4111JVQ	5	2	5	2	7
ENOG4111JW6	3	4	6	1	7
ENOG4111JXQ	2	5	5	2	7
ENOG4111JXV	3	4	4	3	7
ENOG4111JY3	5	2	2	5	7
ENOG4111JZ3	3	4	0	7	7
ENOG4111JZY	4	3	5	2	7
ENOG4111K10	2	5	6	1	7
ENOG4111K11	6	1	5	2	7
ENOG4111K1F	5	2	0	7	7
ENOG4111K1X	4	3	0	7	7
ENOG4111K2Z	4	3	3	4	7
ENOG4111K3A	2	5	1	6	7
ENOG4111K3U	5	2	2	5	7
ENOG4111K4P	2	5	3	4	7
ENOG4111K5F	4	3	1	6	7
ENOG4111K60	5	2	4	3	7
ENOG4111K68	2	5	1	6	7
ENOG4111K7U	3	4	6	1	7
ENOG4111KAC	2	5	2	5	7
ENOG4111KAX	2	5	2	5	7
ENOG4111KBU	2	5	4	3	7
ENOG4111KC4	3	4	3	4	7
ENOG4111KCB	5	2	2	5	7
ENOG4111KET	3	4	0	7	7
ENOG4111KFV	4	3	2	5	7
ENOG4111KHV	2	5	5	2	7
ENOG4111KIA	2	5	5	2	7
ENOG4111KIH	3	4	4	3	7
ENOG4111KIY	5	2	5	2	7
ENOG4111KK4	2	5	4	3	7
ENOG4111KKM	5	2	3	4	7
ENOG4111KMZ	4	3	1	6	7
ENOG4111KNJ	4	3	3	4	7
ENOG4111KPG	2	5	5	2	7
ENOG4111KPU	5	2	2	5	7
ENOG4111KPX	5	2	5	2	7
ENOG4111KQ1	3	4	2	5	7
ENOG4111KQ4	4	3	1	6	7
ENOG4111KQG	5	2	6	1	7
ENOG4111KQP	4	3	1	6	7
ENOG4111KQS	5	2	2	5	7
ENOG4111KR4	4	3	2	5	7
ENOG4111KST	5	2	5	2	7
ENOG4111KT7	6	1	2	5	7
ENOG4111KTA	2	5	6	1	7
ENOG4111KUS	4	3	4	3	7
ENOG4111KX6	1	6	5	2	7
ENOG4111KXQ	4	3	2	5	7
ENOG4111KXW	5	2	6	1	7
ENOG4111KZH	3	4	2	5	7
ENOG4111M0T	2	5	2	5	7
ENOG4111M0W	5	2	2	5	7
ENOG4111M1F	4	3	2	5	7
ENOG4111M1G	2	5	4	3	7
ENOG4111M2K	3	4	4	3	7
ENOG4111M2M	3	4	4	3	7
ENOG4111M32	3	4	5	2	7
ENOG4111M3K	2	5	5	2	7
ENOG4111M48	4	3	5	2	7
ENOG4111M4M	4	3	3	4	7
ENOG4111M65	2	5	6	1	7
ENOG4111M92	4	3	1	6	7
ENOG4111MAD	5	2	5	2	7
ENOG4111MAU	1	6	4	3	7
ENOG4111MD3	1	6	0	7	7
ENOG4111MEE	4	3	6	1	7
ENOG4111MHG	5	2	1	6	7
ENOG4111MJI	4	3	1	6	7
ENOG4111MK0	5	2	3	4	7
ENOG4111MKU	1	6	2	5	7
ENOG4111MN7	5	2	5	2	7
ENOG4111MNI	4	3	3	4	7
ENOG4111MPH	5	2	2	5	7
ENOG4111MQE	3	4	4	3	7
ENOG4111MQQ	2	5	3	4	7
ENOG4111MSB	4	3	4	3	7
ENOG4111MSD	6	1	3	4	7
ENOG4111MSE	4	3	1	6	7
ENOG4111MTK	2	5	7	0	7
ENOG4111MUY	2	5	6	1	7
ENOG4111MV5	3	4	2	5	7
ENOG4111MXV	2	5	5	2	7
ENOG4111MY9	6	1	2	5	7
ENOG4111N1T	4	3	4	3	7
ENOG4111N38	3	4	4	3	7
ENOG4111N3J	5	2	1	6	7
ENOG4111N3T	2	5	5	2	7
ENOG4111N49	3	4	2	5	7
ENOG4111N5F	5	2	4	3	7
ENOG4111N5G	2	5	0	7	7
ENOG4111N5J	2	5	0	7	7
ENOG4111N5P	1	6	7	0	7
ENOG4111N5Z	3	4	0	7	7
ENOG4111N65	4	3	6	1	7
ENOG4111N6E	2	5	5	2	7
ENOG4111N6F	0	7	3	4	7
ENOG4111N74	2	5	4	3	7
ENOG4111N77	5	2	4	3	7
ENOG4111N8X	4	3	5	2	7
ENOG4111N9P	3	4	1	6	7
ENOG4111N9R	4	3	1	6	7
ENOG4111NAR	5	2	0	7	7
ENOG4111NAW	1	6	7	0	7
ENOG4111NBJ	2	5	6	1	7
ENOG4111NCC	3	4	2	5	7
ENOG4111NCI	4	3	4	3	7
ENOG4111NCU	5	2	0	7	7
ENOG4111NDK	5	2	4	3	7
ENOG4111NDW	5	2	5	2	7
ENOG4111NDY	3	4	4	3	7
ENOG4111NE3	6	1	6	1	7
ENOG4111NE4	2	5	1	6	7
ENOG4111NEM	1	6	4	3	7
ENOG4111NFV	2	5	2	5	7
ENOG4111NGP	4	3	0	7	7
ENOG4111NHW	2	5	3	4	7
ENOG4111NHY	4	3	5	2	7
ENOG4111NIG	4	3	5	2	7
ENOG4111NJ6	4	3	3	4	7
ENOG4111NK7	5	2	0	7	7
ENOG4111NKI	4	3	1	6	7
ENOG4111NM0	3	4	1	6	7
ENOG4111NM2	3	4	4	3	7
ENOG4111NPN	2	5	4	3	7
ENOG4111NQ9	3	4	3	4	7
ENOG4111NSJ	3	4	0	7	7
ENOG4111NSM	3	4	5	2	7
ENOG4111NUB	6	1	3	4	7
ENOG4111NUM	5	2	4	3	7
ENOG4111NVN	6	1	1	6	7
ENOG4111NW5	4	3	2	5	7
ENOG4111NX4	4	3	0	7	7
ENOG4111NXY	4	3	6	1	7
ENOG4111NXZ	0	7	4	3	7
ENOG4111NY9	5	2	3	4	7
ENOG4111NYN	4	3	1	6	7
ENOG4111NYT	2	5	7	0	7
ENOG4111NZ6	2	5	6	1	7
ENOG4111NZ7	3	4	5	2	7
ENOG4111NZA	5	2	3	4	7
ENOG4111P1U	5	2	2	5	7
ENOG4111P27	3	4	1	6	7
ENOG4111P2A	5	2	1	6	7
ENOG4111P3Q	4	3	1	6	7
ENOG4111P40	4	3	4	3	7
ENOG4111P5G	1	6	6	1	7
ENOG4111P6H	3	4	2	5	7
ENOG4111P6R	2	5	7	0	7
ENOG4111P72	3	4	1	6	7
ENOG4111P7W	4	3	5	2	7
ENOG4111P8N	6	1	2	5	7
ENOG4111P8P	4	3	3	4	7
ENOG4111P9X	3	4	4	3	7
ENOG4111PAN	6	1	1	6	7
ENOG4111PAT	3	4	2	5	7
ENOG4111PBP	4	3	4	3	7
ENOG4111PBW	3	4	1	6	7
ENOG4111PCU	4	3	1	6	7
ENOG4111PCY	6	1	5	2	7
ENOG4111PDN	1	6	5	2	7
ENOG4111PE9	3	4	4	3	7
ENOG4111PF0	1	6	4	3	7
ENOG4111PFY	2	5	2	5	7
ENOG4111PGF	5	2	3	4	7
ENOG4111PGP	6	1	2	5	7
ENOG4111PGV	5	2	1	6	7
ENOG4111PHP	5	2	2	5	7
ENOG4111PHS	5	2	1	6	7
ENOG4111PIZ	4	3	5	2	7
ENOG4111PJN	4	3	2	5	7
ENOG4111PKH	4	3	1	6	7
ENOG4111PKS	2	5	2	5	7
ENOG4111PM0	3	4	5	2	7
ENOG4111PN7	4	3	6	1	7
ENOG4111PQG	0	7	7	0	7
ENOG4111PQH	3	4	3	4	7
ENOG4111PR2	2	5	7	0	7
ENOG4111PS2	0	7	3	4	7
ENOG4111PSY	4	3	3	4	7
ENOG4111PT3	2	5	1	6	7
ENOG4111PTK	3	4	3	4	7
ENOG4111PTS	5	2	3	4	7
ENOG4111PUJ	3	4	4	3	7
ENOG4111PUW	3	4	3	4	7
ENOG4111PV2	5	2	3	4	7
ENOG4111PW0	5	2	6	1	7
ENOG4111PXB	2	5	2	5	7
ENOG4111PXI	1	6	3	4	7
ENOG4111PZ8	2	5	1	6	7
ENOG4111PZR	6	1	2	5	7
ENOG4111Q0R	4	3	4	3	7
ENOG4111Q2P	4	3	6	1	7
ENOG4111Q38	4	3	3	4	7
ENOG4111Q3E	2	5	3	4	7
ENOG4111Q3F	5	2	5	2	7
ENOG4111Q41	2	5	6	1	7
ENOG4111Q4I	6	1	2	5	7
ENOG4111Q5N	3	4	7	0	7
ENOG4111Q8R	2	5	7	0	7
ENOG4111Q8X	1	6	4	3	7
ENOG4111Q95	3	4	7	0	7
ENOG4111Q99	5	2	3	4	7
ENOG4111Q9V	4	3	4	3	7
ENOG4111QAP	2	5	2	5	7
ENOG4111QB7	3	4	1	6	7
ENOG4111QCF	5	2	2	5	7
ENOG4111QDA	0	7	7	0	7
ENOG4111QED	2	5	6	1	7
ENOG4111QEZ	2	5	0	7	7
ENOG4111QH7	3	4	5	2	7
ENOG4111QI3	5	2	3	4	7
ENOG4111QIE	4	3	1	6	7
ENOG4111QIR	2	5	2	5	7
ENOG4111QK2	1	6	6	1	7
ENOG4111QKP	4	3	2	5	7
ENOG4111QM8	4	3	5	2	7
ENOG4111QMH	1	6	4	3	7
ENOG4111QMM	5	2	4	3	7
ENOG4111QNG	4	3	4	3	7
ENOG4111QNK	1	6	5	2	7
ENOG4111QPB	5	2	1	6	7
ENOG4111QPQ	0	7	5	2	7
ENOG4111QQI	1	6	4	3	7
ENOG4111QRJ	2	5	1	6	7
ENOG4111QRM	1	6	2	5	7
ENOG4111QSB	5	2	3	4	7
ENOG4111QSP	3	4	2	5	7
ENOG4111QVA	3	4	2	5	7
ENOG4111QVX	5	2	4	3	7
ENOG4111QWX	3	4	4	3	7
ENOG4111QWZ	7	0	3	4	7
ENOG4111QXE	5	2	5	2	7
ENOG4111QY1	6	1	4	3	7
ENOG4111QZM	3	4	3	4	7
ENOG4111R0Z	3	4	3	4	7
ENOG4111R45	5	2	2	5	7
ENOG4111R49	2	5	0	7	7
ENOG4111R4E	4	3	2	5	7
ENOG4111R5D	1	6	6	1	7
ENOG4111R5R	4	3	2	5	7
ENOG4111R75	5	2	3	4	7
ENOG4111R7X	6	1	4	3	7
ENOG4111R8J	4	3	0	7	7
ENOG4111R9X	4	3	2	5	7
ENOG4111RAU	5	2	3	4	7
ENOG4111RAW	6	1	5	2	7
ENOG4111RAY	2	5	1	6	7
ENOG4111RBN	5	2	4	3	7
ENOG4111RE7	6	1	3	4	7
ENOG4111RF9	5	2	5	2	7
ENOG4111RG5	4	3	3	4	7
ENOG4111RJG	0	7	6	1	7
ENOG4111RK4	5	2	4	3	7
ENOG4111RK5	3	4	4	3	7
ENOG4111RMG	2	5	1	6	7
ENOG4111RP5	2	5	5	2	7
ENOG4111RPR	6	1	1	6	7
ENOG4111RQG	6	1	2	5	7
ENOG4111RR2	2	5	0	7	7
ENOG4111RTN	4	3	2	5	7
ENOG4111RVG	3	4	4	3	7
ENOG4111RVU	3	4	0	7	7
ENOG4111RXV	2	5	3	4	7
ENOG4111RXW	6	1	5	2	7
ENOG4111S03	5	2	1	6	7
ENOG4111S0N	4	3	4	3	7
ENOG4111S0X	2	5	5	2	7
ENOG4111S28	4	3	4	3	7
ENOG4111S2E	2	5	6	1	7
ENOG4111S4M	3	4	2	5	7
ENOG4111S5U	4	3	1	6	7
ENOG4111S5Y	2	5	4	3	7
ENOG4111S7S	3	4	2	5	7
ENOG4111S80	3	4	3	4	7
ENOG4111S85	2	5	4	3	7
ENOG4111SF2	7	0	3	4	7
ENOG4111SHZ	3	4	6	1	7
ENOG4111SI6	4	3	1	6	7
ENOG4111SIP	2	5	5	2	7
ENOG4111SIZ	4	3	2	5	7
ENOG4111SNC	4	3	0	7	7
ENOG4111SP3	6	1	5	2	7
ENOG4111SQY	2	5	2	5	7
ENOG4111SS3	5	2	4	3	7
ENOG4111ST7	5	2	4	3	7
ENOG4111STI	6	1	2	5	7
ENOG4111SUH	4	3	2	5	7
ENOG4111SVA	3	4	4	3	7
ENOG4111SWE	1	6	5	2	7
ENOG4111SXP	5	2	4	3	7
ENOG4111SZ8	2	5	4	3	7
ENOG4111SZV	1	6	3	4	7
ENOG4111T16	1	6	4	3	7
ENOG4111T25	1	6	2	5	7
ENOG4111T3F	2	5	5	2	7
ENOG4111T3U	5	2	3	4	7
ENOG4111T45	4	3	5	2	7
ENOG4111T81	6	1	2	5	7
ENOG4111T85	4	3	5	2	7
ENOG4111TA0	7	0	3	4	7
ENOG4111TA5	2	5	6	1	7
ENOG4111TCK	4	3	5	2	7
ENOG4111TEE	4	3	1	6	7
ENOG4111TF8	6	1	2	5	7
ENOG4111THK	4	3	0	7	7
ENOG4111TI2	6	1	3	4	7
ENOG4111TM1	5	2	3	4	7
ENOG4111TMT	2	5	6	1	7
ENOG4111TP8	5	2	2	5	7
ENOG4111TPB	0	7	3	4	7
ENOG4111TPH	3	4	4	3	7
ENOG4111TPP	4	3	6	1	7
ENOG4111TPW	3	4	2	5	7
ENOG4111TQ2	3	4	1	6	7
ENOG4111TQP	3	4	2	5	7
ENOG4111TR8	4	3	1	6	7
ENOG4111TT5	2	5	3	4	7
ENOG4111TUC	1	6	3	4	7
ENOG4111TV5	3	4	5	2	7
ENOG4111TV7	5	2	4	3	7
ENOG4111TVE	2	5	4	3	7
ENOG4111TVJ	4	3	2	5	7
ENOG4111TVT	3	4	3	4	7
ENOG4111TW4	4	3	2	5	7
ENOG4111TYD	5	2	2	5	7
ENOG4111TZE	3	4	2	5	7
ENOG4111TZK	6	1	5	2	7
ENOG4111TZS	6	1	5	2	7
ENOG4111U0C	4	3	2	5	7
ENOG4111U0Q	0	7	5	2	7
ENOG4111U0V	3	4	3	4	7
ENOG4111U16	2	5	4	3	7
ENOG4111U17	4	3	1	6	7
ENOG4111U1N	5	2	1	6	7
ENOG4111U22	3	4	3	4	7
ENOG4111U2D	3	4	5	2	7
ENOG4111U31	2	5	5	2	7
ENOG4111U3E	2	5	3	4	7
ENOG4111U3N	1	6	2	5	7
ENOG4111U4X	1	6	6	1	7
ENOG4111U6H	2	5	6	1	7
ENOG4111U6K	0	7	6	1	7
ENOG4111U7C	4	3	1	6	7
ENOG4111U7F	2	5	6	1	7
ENOG4111U8H	3	4	3	4	7
ENOG4111U9I	5	2	5	2	7
ENOG4111UAD	3	4	1	6	7
ENOG4111UBA	5	2	3	4	7
ENOG4111UC1	5	2	1	6	7
ENOG4111UC5	3	4	3	4	7
ENOG4111UDF	5	2	1	6	7
ENOG4111UDY	0	7	3	4	7
ENOG4111UEA	6	1	5	2	7
ENOG4111UEH	5	2	0	7	7
ENOG4111UEU	3	4	4	3	7
ENOG4111UF3	3	4	6	1	7
ENOG4111UFC	4	3	2	5	7
ENOG4111UIG	3	4	3	4	7
ENOG4111UIN	5	2	3	4	7
ENOG4111UIX	5	2	0	7	7
ENOG4111UJ1	4	3	4	3	7
ENOG4111UPA	4	3	4	3	7
ENOG4111UPR	4	3	5	2	7
ENOG4111UPV	1	6	5	2	7
ENOG4111UPZ	7	0	2	5	7
ENOG4111UQ3	3	4	2	5	7
ENOG4111UQ8	3	4	2	5	7
ENOG4111URC	5	2	5	2	7
ENOG4111URS	2	5	5	2	7
ENOG4111URT	2	5	0	7	7
ENOG4111UTK	2	5	5	2	7
ENOG4111UTW	1	6	7	0	7
ENOG4111UW1	1	6	5	2	7
ENOG4111UWB	6	1	3	4	7
ENOG4111UWD	4	3	5	2	7
ENOG4111UWQ	4	3	2	5	7
ENOG4111UX1	5	2	0	7	7
ENOG4111UXB	5	2	5	2	7
ENOG4111UXR	1	6	7	0	7
ENOG4111UXX	5	2	2	5	7
ENOG4111UY6	4	3	0	7	7
ENOG4111UYB	4	3	4	3	7
ENOG4111UYD	5	2	6	1	7
ENOG4111UYM	3	4	4	3	7
ENOG4111UYV	3	4	6	1	7
ENOG4111V0N	2	5	5	2	7
ENOG4111V0R	4	3	1	6	7
ENOG4111V1K	3	4	2	5	7
ENOG4111V3E	3	4	6	1	7
ENOG4111V4C	5	2	2	5	7
ENOG4111V59	4	3	0	7	7
ENOG4111V6N	0	7	7	0	7
ENOG4111V6P	4	3	5	2	7
ENOG4111V9E	3	4	6	1	7
ENOG4111VB8	6	1	6	1	7
ENOG4111VCA	3	4	2	5	7
ENOG4111VDB	1	6	5	2	7
ENOG4111VDF	2	5	2	5	7
ENOG4111VDI	5	2	2	5	7
ENOG4111VEY	5	2	6	1	7
ENOG4111VF0	5	2	5	2	7
ENOG4111VF3	2	5	3	4	7
ENOG4111VFN	3	4	3	4	7
ENOG4111VGM	3	4	6	1	7
ENOG4111VGN	2	5	3	4	7
ENOG4111VHI	2	5	2	5	7
ENOG4111VIT	3	4	2	5	7
ENOG4111VJV	4	3	5	2	7
ENOG4111VPR	1	6	4	3	7
ENOG4111VPT	4	3	2	5	7
ENOG4111VQ2	3	4	2	5	7
ENOG4111VQX	3	4	5	2	7
ENOG4111VSQ	1	6	3	4	7
ENOG4111VT6	1	6	4	3	7
ENOG4111VUA	5	2	1	6	7
ENOG4111VW1	3	4	3	4	7
ENOG4111VWJ	5	2	1	6	7
ENOG4111VWX	3	4	6	1	7
ENOG4111VXK	2	5	5	2	7
ENOG4111VXM	7	0	4	3	7
ENOG4111VZ8	3	4	2	5	7
ENOG4111VZN	3	4	1	6	7
ENOG4111W16	1	6	6	1	7
ENOG4111W1A	3	4	3	4	7
ENOG4111W24	4	3	3	4	7
ENOG4111W4E	2	5	3	4	7
ENOG4111W74	1	6	2	5	7
ENOG4111W7K	2	5	5	2	7
ENOG4111W94	2	5	6	1	7
ENOG4111W9B	3	4	3	4	7
ENOG4111WA6	1	6	7	0	7
ENOG4111WBC	0	7	5	2	7
ENOG4111WBG	4	3	0	7	7
ENOG4111WCM	3	4	3	4	7
ENOG4111WCW	0	7	5	2	7
ENOG4111WCX	3	4	5	2	7
ENOG4111WDD	2	5	5	2	7
ENOG4111WE9	1	6	5	2	7
ENOG4111WEQ	3	4	2	5	7
ENOG4111WH3	4	3	2	5	7
ENOG4111WHE	5	2	5	2	7
ENOG4111WKA	4	3	3	4	7
ENOG4111WKC	4	3	3	4	7
ENOG4111WM5	6	1	6	1	7
ENOG4111WP6	3	4	2	5	7
ENOG4111WPT	4	3	6	1	7
ENOG4111WR2	6	1	7	0	7
ENOG4111WSW	3	4	1	6	7
ENOG4111WT0	6	1	3	4	7
ENOG4111WVZ	2	5	3	4	7
ENOG4111WWI	2	5	4	3	7
ENOG4111WYU	4	3	3	4	7
ENOG4111X18	4	3	3	4	7
ENOG4111X1G	2	5	5	2	7
ENOG4111X1U	2	5	1	6	7
ENOG4111X32	0	7	5	2	7
ENOG4111X4R	6	1	4	3	7
ENOG4111X4U	3	4	2	5	7
ENOG4111X4W	2	5	4	3	7
ENOG4111X5A	2	5	1	6	7
ENOG4111X6B	4	3	3	4	7
ENOG4111X7Q	5	2	1	6	7
ENOG4111X8M	3	4	4	3	7
ENOG4111X93	5	2	4	3	7
ENOG4111X9N	3	4	2	5	7
ENOG4111X9P	1	6	6	1	7
ENOG4111XA1	2	5	4	3	7
ENOG4111XBZ	4	3	1	6	7
ENOG4111XE1	5	2	1	6	7
ENOG4111XEB	4	3	2	5	7
ENOG4111XG8	2	5	4	3	7
ENOG4111XGE	3	4	6	1	7
ENOG4111XHJ	2	5	7	0	7
ENOG4111XHQ	5	2	4	3	7
ENOG4111XIQ	5	2	2	5	7
ENOG4111XIY	4	3	4	3	7
ENOG4111XKI	1	6	6	1	7
ENOG4111XM2	2	5	4	3	7
ENOG4111XM6	4	3	4	3	7
ENOG4111XQA	4	3	1	6	7
ENOG4111XRY	1	6	1	6	7
ENOG4111XT6	2	5	6	1	7
ENOG4111XUI	2	5	0	7	7
ENOG4111XUP	5	2	0	7	7
ENOG4111XX8	2	5	4	3	7
ENOG4111XY5	2	5	0	7	7
ENOG4111XY8	2	5	7	0	7
ENOG4111XYH	1	6	7	0	7
ENOG4111XYI	2	5	3	4	7
ENOG4111XZ2	1	6	5	2	7
ENOG4111XZX	5	2	1	6	7
ENOG4111Y09	1	6	5	2	7
ENOG4111Y1J	5	2	4	3	7
ENOG4111Y1Q	1	6	5	2	7
ENOG4111Y4A	2	5	3	4	7
ENOG4111Y5X	5	2	5	2	7
ENOG4111Y98	5	2	6	1	7
ENOG4111Y9T	3	4	3	4	7
ENOG4111Y9W	5	2	1	6	7
ENOG4111YA8	3	4	3	4	7
ENOG4111YAV	3	4	5	2	7
ENOG4111YBH	5	2	5	2	7
ENOG4111YBI	2	5	5	2	7
ENOG4111YCG	5	2	2	5	7
ENOG4111YCR	6	1	4	3	7
ENOG4111YD2	3	4	5	2	7
ENOG4111YD9	1	6	5	2	7
ENOG4111YFP	4	3	1	6	7
ENOG4111YGG	4	3	6	1	7
ENOG4111YIZ	3	4	1	6	7
ENOG4111YJ7	3	4	3	4	7
ENOG4111YKD	3	4	3	4	7
ENOG4111YP9	3	4	4	3	7
ENOG4111YTX	3	4	5	2	7
ENOG4111YW7	3	4	3	4	7
ENOG4111YX5	3	4	1	6	7
ENOG4111YYX	2	5	7	0	7
ENOG4111YZU	2	5	6	1	7
ENOG4111Z1T	3	4	6	1	7
ENOG4111Z5W	5	2	0	7	7
ENOG4111Z5Z	2	5	4	3	7
ENOG4111Z9C	1	6	6	1	7
ENOG4111Z9Q	5	2	1	6	7
ENOG4111ZBD	3	4	0	7	7
ENOG4111ZBZ	3	4	4	3	7
ENOG4111ZC3	4	3	3	4	7
ENOG4111ZCE	3	4	3	4	7
ENOG4111ZD2	3	4	6	1	7
ENOG4111ZD8	1	6	3	4	7
ENOG4111ZGW	4	3	5	2	7
ENOG4111ZH5	1	6	3	4	7
ENOG4111ZHP	2	5	4	3	7
ENOG4111ZJC	4	3	4	3	7
ENOG4111ZNI	3	4	7	0	7
ENOG4111ZNZ	4	3	5	2	7
ENOG4111ZQ2	6	1	2	5	7
ENOG4111ZQX	6	1	3	4	7
ENOG4111ZVK	2	5	6	1	7
ENOG4111ZVU	4	3	3	4	7
ENOG411200E	6	1	5	2	7
ENOG4112026	3	4	2	5	7
ENOG411203M	1	6	7	0	7
ENOG411204F	4	3	3	4	7
ENOG4112069	2	5	3	4	7
ENOG4112074	4	3	4	3	7
ENOG411208F	6	1	2	5	7
ENOG411208V	5	2	2	5	7
ENOG41120AE	1	6	6	1	7
ENOG41120BI	2	5	2	5	7
ENOG41120BR	1	6	7	0	7
ENOG41120CV	2	5	3	4	7
ENOG41120DG	5	2	4	3	7
ENOG41120GH	3	4	5	2	7
ENOG41120K9	5	2	3	4	7
ENOG41120M0	2	5	2	5	7
ENOG41120Q3	4	3	0	7	7
ENOG41120VY	2	5	3	4	7
ENOG411211N	0	7	7	0	7
ENOG411214T	2	5	2	5	7
ENOG411215N	0	7	7	0	7
ENOG411217B	1	6	2	5	7
ENOG411218B	1	6	5	2	7
ENOG411218C	4	3	4	3	7
ENOG411218E	5	2	5	2	7
ENOG41121A6	2	5	1	6	7
ENOG41121A9	5	2	3	4	7
ENOG41121AN	6	1	3	4	7
ENOG41121DF	2	5	2	5	7
ENOG41121DX	3	4	6	1	7
ENOG41121GG	1	6	3	4	7
ENOG41121HZ	4	3	2	5	7
ENOG41121IT	2	5	4	3	7
ENOG41121K2	3	4	4	3	7
ENOG41121KM	3	4	4	3	7
ENOG41121MF	6	1	1	6	7
ENOG41121ND	4	3	2	5	7
ENOG41121NJ	0	7	6	1	7
ENOG41121NM	4	3	0	7	7
ENOG41121PC	4	3	1	6	7
ENOG41121PF	2	5	0	7	7
ENOG41121PI	4	3	2	5	7
ENOG41121PX	2	5	4	3	7
ENOG41121QJ	6	1	1	6	7
ENOG41121QM	3	4	1	6	7
ENOG41121QQ	4	3	4	3	7
ENOG41121RG	3	4	1	6	7
ENOG41121RH	2	5	4	3	7
ENOG41121S9	3	4	2	5	7
ENOG41121U6	0	7	5	2	7
ENOG41121W5	2	5	6	1	7
ENOG41121W9	2	5	4	3	7
ENOG41121WE	2	5	6	1	7
ENOG41121WF	3	4	4	3	7
ENOG41121WR	4	3	4	3	7
ENOG41121XC	4	3	0	7	7
ENOG41121XF	3	4	2	5	7
ENOG4112212	3	4	5	2	7
ENOG4112218	2	5	3	4	7
ENOG411221R	5	2	1	6	7
ENOG411221V	5	2	2	5	7
ENOG4112222	3	4	6	1	7
ENOG4112231	5	2	0	7	7
ENOG4112242	4	3	0	7	7
ENOG4112247	4	3	1	6	7
ENOG411224P	4	3	3	4	7
ENOG4112250	3	4	0	7	7
ENOG411225A	1	6	6	1	7
ENOG411225D	3	4	2	5	7
ENOG411225J	2	5	1	6	7
ENOG411225V	3	4	5	2	7
ENOG411226D	5	2	0	7	7
ENOG411226W	5	2	2	5	7
ENOG4112273	4	3	2	5	7
ENOG411227G	5	2	1	6	7
ENOG411227X	4	3	4	3	7
ENOG41122AH	3	4	6	1	7
ENOG41122AR	1	6	5	2	7
ENOG41122B5	4	3	4	3	7
ENOG41122B8	3	4	3	4	7
ENOG41122BB	2	5	6	1	7
ENOG41122CF	3	4	6	1	7
ENOG41122EC	1	6	2	5	7
ENOG41122EN	4	3	2	5	7
ENOG41122FG	3	4	2	5	7
ENOG41122H2	1	6	4	3	7
ENOG41122HP	5	2	5	2	7
ENOG41122IS	5	2	2	5	7
ENOG41122J9	3	4	3	4	7
ENOG41122JK	6	1	4	3	7
ENOG41122N2	3	4	2	5	7
ENOG41122N7	3	4	1	6	7
ENOG41122NK	4	3	2	5	7
ENOG41122PE	5	2	3	4	7
ENOG41122QZ	4	3	2	5	7
ENOG41122RQ	4	3	2	5	7
ENOG41122TR	4	3	0	7	7
ENOG41122TU	5	2	6	1	7
ENOG41122U9	3	4	0	7	7
ENOG41122UX	2	5	0	7	7
ENOG41122Z1	5	2	0	7	7
ENOG41122ZK	5	2	5	2	7
ENOG4112303	0	7	5	2	7
ENOG4112315	3	4	2	5	7
ENOG411231I	1	6	4	3	7
ENOG411231N	3	4	4	3	7
ENOG4112340	3	4	1	6	7
ENOG4112345	1	6	5	2	7
ENOG411238I	1	6	5	2	7
ENOG411239B	3	4	3	4	7
ENOG411239D	5	2	2	5	7
ENOG41123B5	3	4	0	7	7
ENOG41123EH	1	6	5	2	7
ENOG41123FY	5	2	3	4	7
ENOG41123I3	4	3	1	6	7
ENOG41123IR	2	5	1	6	7
ENOG41123MJ	7	0	4	3	7
ENOG41123N0	3	4	5	2	7
ENOG41123N6	5	2	7	0	7
ENOG41123QB	0	7	5	2	7
ENOG41123QH	3	4	0	7	7
ENOG41123RQ	5	2	1	6	7
ENOG41123U1	3	4	6	1	7
ENOG41123UM	0	7	4	3	7
ENOG41123UW	3	4	5	2	7
ENOG41123VX	1	6	3	4	7
ENOG41123WW	1	6	4	3	7
ENOG41123X9	4	3	1	6	7
ENOG41123XA	1	6	3	4	7
ENOG41123XH	5	2	6	1	7
ENOG41123Y1	4	3	3	4	7
ENOG41123YZ	0	7	3	4	7
ENOG4112405	4	3	1	6	7
ENOG411241G	4	3	0	7	7
ENOG4112444	4	3	1	6	7
ENOG411245B	2	5	4	3	7
ENOG411245Y	4	3	1	6	7
ENOG411246S	1	6	5	2	7
ENOG411247A	5	2	5	2	7
ENOG411247I	2	5	7	0	7
ENOG411249J	4	3	0	7	7
ENOG41124AI	2	5	2	5	7
ENOG41124AT	3	4	5	2	7
ENOG41124BE	3	4	2	5	7
ENOG41124C9	4	3	2	5	7
ENOG41124E1	5	2	2	5	7
ENOG41124FW	4	3	0	7	7
ENOG41124HD	2	5	3	4	7
ENOG41124NI	5	2	3	4	7
ENOG41124NK	4	3	1	6	7
ENOG41124PX	3	4	5	2	7
ENOG41124QH	3	4	3	4	7
ENOG41124R2	2	5	5	2	7
ENOG41124SB	4	3	2	5	7
ENOG41124SH	5	2	4	3	7
ENOG41124UB	1	6	4	3	7
ENOG41124WQ	0	7	5	2	7
ENOG41124XH	4	3	5	2	7
ENOG41124ZB	3	4	5	2	7
ENOG411250X	2	5	2	5	7
ENOG4112518	2	5	3	4	7
ENOG411251H	3	4	2	5	7
ENOG4112546	3	4	4	3	7
ENOG411254Y	3	4	3	4	7
ENOG411257G	2	5	4	3	7
ENOG411259G	2	5	2	5	7
ENOG411259U	3	4	2	5	7
ENOG411259X	3	4	1	6	7
ENOG41125BR	4	3	0	7	7
ENOG41125DJ	5	2	3	4	7
ENOG41125EB	4	3	5	2	7
ENOG41125F4	5	2	1	6	7
ENOG41125FH	6	1	5	2	7
ENOG41125HS	0	7	4	3	7
ENOG41125I4	0	7	5	2	7
ENOG41125IJ	5	2	3	4	7
ENOG41125JR	5	2	3	4	7
ENOG41125KS	0	7	6	1	7
ENOG41125PX	3	4	2	5	7
ENOG41125RC	1	6	1	6	7
ENOG41125RI	6	1	1	6	7
ENOG41125RT	1	6	4	3	7
ENOG41125V9	5	2	5	2	7
ENOG41125VV	5	2	0	7	7
ENOG41125WH	3	4	1	6	7
ENOG41125XW	3	4	6	1	7
ENOG41125Y1	5	2	5	2	7
ENOG41125YY	4	3	1	6	7
ENOG411261E	4	3	6	1	7
ENOG411263W	4	3	3	4	7
ENOG41126CM	1	6	6	1	7
ENOG41126DB	2	5	4	3	7
ENOG41126DH	3	4	4	3	7
ENOG41126E4	4	3	0	7	7
ENOG41126FF	2	5	5	2	7
ENOG41126IX	2	5	2	5	7
ENOG41126KP	5	2	3	4	7
ENOG41126R7	2	5	3	4	7
ENOG41126TF	3	4	6	1	7
ENOG41126XG	5	2	1	6	7
ENOG41126XN	2	5	0	7	7
ENOG41126YZ	3	4	7	0	7
ENOG411272B	5	2	5	2	7
ENOG411275W	3	4	4	3	7
ENOG41127AN	3	4	4	3	7
ENOG41127B8	4	3	3	4	7
ENOG41127BF	6	1	5	2	7
ENOG41127CF	4	3	3	4	7
ENOG41127DC	5	2	5	2	7
ENOG41127G1	2	5	4	3	7
ENOG41127IU	1	6	5	2	7
ENOG41127MM	4	3	1	6	7
ENOG41127R7	3	4	3	4	7
ENOG41127R8	3	4	3	4	7
ENOG41127S9	0	7	5	2	7
ENOG41127X0	2	5	7	0	7
ENOG41127XA	3	4	0	7	7
ENOG41127XR	5	2	4	3	7
ENOG41127ZD	4	3	0	7	7
ENOG41128BD	2	5	4	3	7
ENOG41128C2	5	2	3	4	7
ENOG41128C9	4	3	2	5	7
ENOG41128DD	4	3	3	4	7
ENOG41128G1	5	2	5	2	7
ENOG41128I7	3	4	5	2	7
ENOG41128IS	4	3	1	6	7
ENOG41128KU	5	2	4	3	7
ENOG41128KW	2	5	2	5	7
ENOG41128NQ	2	5	6	1	7
ENOG41128PQ	4	3	3	4	7
ENOG41128PW	4	3	2	5	7
ENOG41128VE	2	5	0	7	7
ENOG41128VG	5	2	5	2	7
ENOG41128VT	3	4	5	2	7
ENOG41128XR	5	2	4	3	7
ENOG411291H	4	3	6	1	7
ENOG411296F	4	3	5	2	7
ENOG411298I	2	5	4	3	7
ENOG41129AF	2	5	1	6	7
ENOG41129AH	7	0	4	3	7
ENOG41129GG	5	2	1	6	7
ENOG41129IE	4	3	6	1	7
ENOG41129JG	1	6	3	4	7
ENOG41129P8	3	4	3	4	7
ENOG41129TA	2	5	3	4	7
ENOG41129UH	3	4	5	2	7
ENOG4112A1I	5	2	2	5	7
ENOG4112A2V	3	4	2	5	7
ENOG4112A4I	5	2	3	4	7
ENOG4112A5C	4	3	6	1	7
ENOG4112A6V	5	2	2	5	7
ENOG4112ACK	1	6	5	2	7
ENOG4112AGM	3	4	1	6	7
ENOG4112AGZ	6	1	3	4	7
ENOG4112AHB	4	3	0	7	7
ENOG4112AI9	3	4	2	5	7
ENOG4112AIA	1	6	6	1	7
ENOG4112AJC	4	3	6	1	7
ENOG4112AP8	3	4	0	7	7
ENOG4112AT0	3	4	5	2	7
ENOG4112ATZ	3	4	1	6	7
ENOG4112AUV	1	6	3	4	7
ENOG4112AVU	2	5	5	2	7
ENOG4112AWE	3	4	0	7	7
ENOG4112AYX	7	0	4	3	7
ENOG4112B23	4	3	2	5	7
ENOG4112B3D	5	2	4	3	7
ENOG4112B3T	1	6	5	2	7
ENOG4112B6B	1	6	5	2	7
ENOG4112B7G	2	5	4	3	7
ENOG4112B85	4	3	1	6	7
ENOG4112B8F	4	3	5	2	7
ENOG4112BDA	3	4	2	5	7
ENOG4112BGB	1	6	6	1	7
ENOG4112BGH	4	3	1	6	7
ENOG4112BJ0	4	3	0	7	7
ENOG4112BM4	5	2	3	4	7
ENOG4112BQQ	0	7	5	2	7
ENOG4112BR0	2	5	5	2	7
ENOG4112BT2	3	4	2	5	7
ENOG4112BVS	2	5	5	2	7
ENOG4112BYG	2	5	4	3	7
ENOG4112BYK	3	4	1	6	7
ENOG4112C08	3	4	7	0	7
ENOG4112C9W	4	3	2	5	7
ENOG4112CAA	1	6	4	3	7
ENOG4112CDS	5	2	4	3	7
ENOG4112CG8	4	3	5	2	7
ENOG4112CIK	4	3	3	4	7
ENOG4112CMJ	2	5	4	3	7
ENOG4112CMR	5	2	1	6	7
ENOG4112CQ9	2	5	6	1	7
ENOG4112D3X	4	3	3	4	7
ENOG4112D63	4	3	4	3	7
ENOG4112D68	3	4	5	2	7
ENOG4112D6A	5	2	1	6	7
ENOG4112D7I	2	5	3	4	7
ENOG4112D91	4	3	4	3	7
ENOG4112DCR	1	6	6	1	7
COG0123	3	4	6	1	7
COG0455	4	3	0	7	7
COG0507	3	4	1	6	7
COG0543	4	3	1	6	7
COG0731	5	2	3	4	7
COG1010	5	2	3	4	7
COG1301	4	3	2	5	7
COG1310	4	3	1	6	7
COG1315	4	3	2	5	7
COG1332	4	3	0	7	7
COG1353	4	3	1	6	7
COG1378	2	5	2	5	7
COG1424	1	6	4	3	7
COG1470	3	4	3	4	7
COG1567	3	4	0	7	7
COG1635	4	3	6	1	7
COG1669	2	5	4	3	7
COG1672	4	3	2	5	7
COG1712	4	3	1	6	7
COG1728	4	3	1	6	7
COG1808	3	4	4	3	7
COG1850	4	3	4	3	7
COG1857	3	4	1	6	7
COG1906	5	2	5	2	7
COG1964	3	4	2	5	7
COG2073	4	3	2	5	7
COG2099	5	2	3	4	7
COG2189	4	3	1	6	7
COG2192	5	2	6	1	7
COG2207	4	3	1	6	7
COG2241	3	4	4	3	7
COG2242	5	2	2	5	7
COG2243	3	4	1	6	7
COG2310	2	5	1	6	7
COG2312	3	4	1	6	7
COG2339	4	3	1	6	7
COG2355	4	3	4	3	7
COG2369	4	3	2	5	7
COG2452	2	5	4	3	7
COG2703	3	4	0	7	7
COG2755	4	3	3	4	7
COG2770	2	5	5	2	7
COG2859	5	2	5	2	7
COG2939	3	4	3	4	7
COG2948	1	6	3	4	7
COG3007	3	4	0	7	7
COG3016	4	3	2	5	7
COG3174	5	2	5	2	7
COG3224	1	6	7	0	7
COG3256	1	6	3	4	7
COG3341	5	2	2	5	7
COG3347	2	5	0	7	7
COG3359	5	2	2	5	7
COG3387	5	2	4	3	7
COG3401	3	4	0	7	7
COG3421	4	3	3	4	7
COG3439	4	3	5	2	7
COG3448	3	4	5	2	7
COG3498	1	6	6	1	7
COG3500	3	4	5	2	7
COG3587	6	1	5	2	7
COG3598	3	4	4	3	7
COG3629	2	5	5	2	7
COG3636	1	6	1	6	7
COG3643	6	1	1	6	7
COG3683	2	5	6	1	7
COG3864	2	5	7	0	7
COG3876	4	3	3	4	7
COG3899	4	3	2	5	7
COG4124	5	2	0	7	7
COG4127	5	2	2	5	7
COG4258	5	2	6	1	7
COG4261	7	0	3	4	7
COG4295	2	5	4	3	7
COG4385	1	6	6	1	7
COG4413	6	1	4	3	7
COG4540	1	6	5	2	7
COG4717	2	5	7	0	7
COG4744	6	1	3	4	7
COG4748	3	4	2	5	7
COG4814	4	3	1	6	7
COG4842	3	4	4	3	7
COG4889	4	3	2	5	7
COG4983	3	4	3	4	7
COG5000	6	1	3	4	7
COG5026	6	1	3	4	7
COG5039	4	3	0	7	7
COG5266	2	5	5	2	7
COG5361	4	3	0	7	7
COG5368	5	2	3	4	7
COG5449	2	5	4	3	7
COG5518	3	4	4	3	7
COG5579	5	2	2	5	7
COG5635	5	2	5	2	7
ENOG410XNN9	5	2	3	4	7
ENOG410XNQT	3	4	1	6	7
ENOG410XNR3	2	5	3	4	7
ENOG410XNR6	4	3	2	5	7
ENOG410XNSE	3	4	1	6	7
ENOG410XNT3	5	2	1	6	7
ENOG410XNVS	5	2	1	6	7
ENOG410XNWU	3	4	6	1	7
ENOG410XNWW	5	2	4	3	7
ENOG410XNXF	5	2	4	3	7
ENOG410XP33	2	5	2	5	7
ENOG410XP3K	5	2	2	5	7
ENOG410XP3M	2	5	4	3	7
ENOG410XP53	4	3	2	5	7
ENOG410XP6N	5	2	2	5	7
ENOG410XP72	2	5	1	6	7
ENOG410XP8A	5	2	4	3	7
ENOG410XP8I	2	5	7	0	7
ENOG410XP95	6	1	6	1	7
ENOG410XP9H	5	2	4	3	7
ENOG410XP9Q	2	5	6	1	7
ENOG410XPA1	2	5	1	6	7
ENOG410XPA8	2	5	0	7	7
ENOG410XPAU	4	3	1	6	7
ENOG410XPAZ	7	0	2	5	7
ENOG410XPBS	2	5	7	0	7
ENOG410XPCD	1	6	4	3	7
ENOG410XPDS	0	7	7	0	7
ENOG410XPE4	6	1	3	4	7
ENOG410XPEF	3	4	3	4	7
ENOG410XPFR	4	3	1	6	7
ENOG410XPGG	5	2	3	4	7
ENOG410XPHJ	2	5	3	4	7
ENOG410XPHK	4	3	5	2	7
ENOG410XPJ8	6	1	5	2	7
ENOG410XPKJ	5	2	6	1	7
ENOG410XPM4	5	2	3	4	7
ENOG410XPPS	3	4	5	2	7
ENOG410XPT8	4	3	2	5	7
ENOG410XPUU	3	4	3	4	7
ENOG410XPV5	4	3	3	4	7
ENOG410XPXV	5	2	5	2	7
ENOG410XPY5	4	3	2	5	7
ENOG410XPYJ	4	3	1	6	7
ENOG410XQ03	5	2	5	2	7
ENOG410XQ0E	4	3	5	2	7
ENOG410XQ1K	4	3	1	6	7
ENOG410XQ20	5	2	3	4	7
ENOG410XQ2C	3	4	5	2	7
ENOG410XQ2F	4	3	1	6	7
ENOG410XQ2T	5	2	1	6	7
ENOG410XQ4R	2	5	5	2	7
ENOG410XQ4W	1	6	3	4	7
ENOG410XQ5I	4	3	4	3	7
ENOG410XQ5J	5	2	3	4	7
ENOG410XQ8P	7	0	5	2	7
ENOG410XQ8S	4	3	3	4	7
ENOG410XQ9K	6	1	4	3	7
ENOG410XQB1	5	2	3	4	7
ENOG410XQBA	2	5	5	2	7
ENOG410XQBJ	1	6	1	6	7
ENOG410XQBQ	4	3	3	4	7
ENOG410XQCX	5	2	1	6	7
ENOG410XQD4	5	2	3	4	7
ENOG410XQEH	4	3	5	2	7
ENOG410XQEM	2	5	7	0	7
ENOG410XQFG	4	3	3	4	7
ENOG410XQH2	4	3	1	6	7
ENOG410XQI8	6	1	5	2	7
ENOG410XQIS	5	2	7	0	7
ENOG410XQKZ	5	2	4	3	7
ENOG410XQMY	6	1	3	4	7
ENOG410XQN7	5	2	3	4	7
ENOG410XQNW	0	7	3	4	7
ENOG410XQPI	4	3	5	2	7
ENOG410XQQ4	5	2	2	5	7
ENOG410XQQ7	5	2	1	6	7
ENOG410XQRS	5	2	3	4	7
ENOG410XQSA	5	2	2	5	7
ENOG410XQTX	5	2	5	2	7
ENOG410XQXB	6	1	3	4	7
ENOG410XQXG	4	3	2	5	7
ENOG410XQXY	5	2	3	4	7
ENOG410XQYE	6	1	4	3	7
ENOG410XQYQ	1	6	4	3	7
ENOG410XQZU	3	4	4	3	7
ENOG410XR13	4	3	3	4	7
ENOG410XR2M	3	4	1	6	7
ENOG410XR3E	5	2	2	5	7
ENOG410XR3H	1	6	6	1	7
ENOG410XR3R	1	6	4	3	7
ENOG410XR4Y	5	2	3	4	7
ENOG410XR5J	4	3	4	3	7
ENOG410XR66	1	6	2	5	7
ENOG410XR6Q	4	3	2	5	7
ENOG410XR7P	6	1	0	7	7
ENOG410XR82	5	2	4	3	7
ENOG410XR9X	4	3	0	7	7
ENOG410XRBU	6	1	3	4	7
ENOG410XRBV	3	4	6	1	7
ENOG410XRC2	1	6	4	3	7
ENOG410XRCB	5	2	3	4	7
ENOG410XRCV	4	3	6	1	7
ENOG410XRD1	2	5	5	2	7
ENOG410XRDV	0	7	7	0	7
ENOG410XRFV	4	3	4	3	7
ENOG410XRGA	5	2	0	7	7
ENOG410XRHD	4	3	4	3	7
ENOG410XRIG	1	6	5	2	7
ENOG410XRJ8	6	1	4	3	7
ENOG410XRJW	4	3	2	5	7
ENOG410XRK7	5	2	4	3	7
ENOG410XRKI	4	3	2	5	7
ENOG410XRKR	1	6	3	4	7
ENOG410XRKX	6	1	1	6	7
ENOG410XRN1	4	3	2	5	7
ENOG410XRR3	6	1	2	5	7
ENOG410XRSE	3	4	1	6	7
ENOG410XRSZ	6	1	1	6	7
ENOG410XRWZ	1	6	6	1	7
ENOG410XRXZ	4	3	3	4	7
ENOG410XRYI	5	2	6	1	7
ENOG410XS18	5	2	5	2	7
ENOG410XS3E	6	1	3	4	7
ENOG410XS43	4	3	5	2	7
ENOG410XS6P	5	2	2	5	7
ENOG410XS8M	5	2	2	5	7
ENOG410XS98	5	2	0	7	7
ENOG410XSAQ	3	4	1	6	7
ENOG410XSC1	2	5	5	2	7
ENOG410XSCI	5	2	4	3	7
ENOG410XSEG	6	1	2	5	7
ENOG410XSET	4	3	3	4	7
ENOG410XSF8	5	2	2	5	7
ENOG410XSFR	5	2	4	3	7
ENOG410XSI9	6	1	5	2	7
ENOG410XSJE	1	6	4	3	7
ENOG410XSK7	6	1	4	3	7
ENOG410XSKF	3	4	3	4	7
ENOG410XSMM	3	4	3	4	7
ENOG410XSPJ	0	7	5	2	7
ENOG410XSPZ	3	4	5	2	7
ENOG410XSQF	3	4	6	1	7
ENOG410XSRY	4	3	4	3	7
ENOG410XSSS	4	3	1	6	7
ENOG410XST8	3	4	6	1	7
ENOG410XSV5	4	3	2	5	7
ENOG410XSVH	1	6	6	1	7
ENOG410XSVM	4	3	3	4	7
ENOG410XT02	1	6	6	1	7
ENOG410XT0N	3	4	2	5	7
ENOG410XT1B	5	2	3	4	7
ENOG410XT4P	5	2	1	6	7
ENOG410XT4Y	6	1	1	6	7
ENOG410XT55	5	2	6	1	7
ENOG410XT59	6	1	3	4	7
ENOG410XT5M	5	2	4	3	7
ENOG410XT85	4	3	2	5	7
ENOG410XT9Z	5	2	2	5	7
ENOG410XTEI	3	4	3	4	7
ENOG410XTFW	3	4	2	5	7
ENOG410XTHI	3	4	3	4	7
ENOG410XTI6	5	2	1	6	7
ENOG410XTIC	1	6	5	2	7
ENOG410XTJH	4	3	1	6	7
ENOG410XTKQ	6	1	3	4	7
ENOG410XTKS	3	4	0	7	7
ENOG410XTW4	4	3	3	4	7
ENOG410XU1U	3	4	0	7	7
ENOG410XU52	4	3	1	6	7
ENOG410XUBJ	3	4	1	6	7
ENOG410XUDZ	3	4	3	4	7
ENOG410XUF0	4	3	3	4	7
ENOG410XUFC	0	7	2	5	7
ENOG410XUI8	2	5	1	6	7
ENOG410XUYD	3	4	1	6	7
ENOG410XV06	2	5	0	7	7
ENOG410XV5R	5	2	2	5	7
ENOG410XV8W	2	5	4	3	7
ENOG410XV9T	4	3	3	4	7
ENOG410XVFQ	3	4	1	6	7
ENOG410XVGB	0	7	3	4	7
ENOG410XVXM	2	5	0	7	7
ENOG410XVY3	6	1	4	3	7
ENOG410XW02	5	2	4	3	7
ENOG410XW3C	2	5	2	5	7
ENOG410XW3R	2	5	1	6	7
ENOG410XW6Y	2	5	6	1	7
ENOG410XW9I	2	5	4	3	7
ENOG410XWDI	4	3	5	2	7
ENOG410XWQI	5	2	0	7	7
ENOG410XWRI	5	2	3	4	7
ENOG410XWX8	2	5	5	2	7
ENOG410XWY9	0	7	7	0	7
ENOG410XWZC	2	5	5	2	7
ENOG410XX1B	4	3	1	6	7
ENOG410XX4B	3	4	1	6	7
ENOG410XX5C	1	6	5	2	7
ENOG410XXEH	4	3	5	2	7
ENOG410XXEN	2	5	6	1	7
ENOG410XXFZ	3	4	1	6	7
ENOG410XXHW	6	1	5	2	7
ENOG410XXIR	5	2	2	5	7
ENOG410XXUQ	5	2	3	4	7
ENOG410XXX4	2	5	2	5	7
ENOG410XXX9	4	3	0	7	7
ENOG410XY1N	6	1	1	6	7
ENOG410XY3A	4	3	2	5	7
ENOG410XY3F	1	6	4	3	7
ENOG410XY3Z	3	4	2	5	7
ENOG410XY61	3	4	3	4	7
ENOG410XY7K	1	6	6	1	7
ENOG410XY95	5	2	3	4	7
ENOG410XY9M	5	2	2	5	7
ENOG410XYF2	5	2	1	6	7
ENOG410XYNB	4	3	0	7	7
ENOG410XYVK	1	6	5	2	7
ENOG410XYXW	4	3	1	6	7
ENOG410XZ09	2	5	3	4	7
ENOG410XZ0P	4	3	5	2	7
ENOG410XZ3W	5	2	1	6	7
ENOG410XZGY	6	1	3	4	7
ENOG410XZI0	4	3	5	2	7
ENOG410XZIB	5	2	2	5	7
ENOG410XZJD	5	2	4	3	7
ENOG410XZVK	5	2	2	5	7
ENOG410XZY9	5	2	4	3	7
ENOG410Y00Q	4	3	2	5	7
ENOG410Y00R	1	6	6	1	7
ENOG410Y056	2	5	3	4	7
ENOG410Y0J0	4	3	1	6	7
ENOG410Y0NA	4	3	5	2	7
ENOG410Y16Y	4	3	3	4	7
ENOG410Y18N	3	4	4	3	7
ENOG410Y18U	4	3	5	2	7
ENOG410Y19R	4	3	2	5	7
ENOG410Y1BD	3	4	4	3	7
ENOG410Y1JH	0	7	5	2	7
ENOG410Y1QQ	4	3	0	7	7
ENOG410Y1RD	4	3	2	5	7
ENOG410Y1SQ	4	3	3	4	7
ENOG410Y1UZ	3	4	4	3	7
ENOG410Y252	5	2	3	4	7
ENOG410Y2VC	4	3	4	3	7
ENOG410Y2Y3	4	3	1	6	7
ENOG410Y30J	5	2	5	2	7
ENOG410Y31C	5	2	3	4	7
ENOG410Y32P	1	6	5	2	7
ENOG410Y33J	3	4	1	6	7
ENOG410Y3AD	4	3	1	6	7
ENOG410Y3II	5	2	1	6	7
ENOG410Y3MI	6	1	1	6	7
ENOG410Y3QX	2	5	4	3	7
ENOG410Y3RI	5	2	1	6	7
ENOG410Y3UX	5	2	2	5	7
ENOG410Y3YF	4	3	2	5	7
ENOG410Y40Z	4	3	5	2	7
ENOG410Y44U	3	4	3	4	7
ENOG410Y47S	5	2	1	6	7
ENOG410Y48A	5	2	1	6	7
ENOG410Y49J	1	6	4	3	7
ENOG410Y4CB	2	5	1	6	7
ENOG410Y4E2	4	3	5	2	7
ENOG410Y4TD	4	3	1	6	7
ENOG410Y4TR	4	3	2	5	7
ENOG410Y4V7	6	1	2	5	7
ENOG410Y5DI	0	7	6	1	7
ENOG410Y5N3	3	4	2	5	7
ENOG410Y5T5	5	2	3	4	7
ENOG410Y5TW	3	4	4	3	7
ENOG410Y5ZK	5	2	3	4	7
ENOG410Y60R	6	1	2	5	7
ENOG410Y65M	7	0	1	6	7
ENOG410Y6PV	5	2	2	5	7
ENOG410Y6T3	5	2	6	1	7
ENOG410Y6W0	5	2	3	4	7
ENOG410Y6W3	4	3	0	7	7
ENOG410Y736	5	2	0	7	7
ENOG410Y744	3	4	3	4	7
ENOG410Y74G	3	4	4	3	7
ENOG410Y7AI	3	4	7	0	7
ENOG410Y7RU	5	2	3	4	7
ENOG410Y7SB	5	2	5	2	7
ENOG410Y7U9	4	3	2	5	7
ENOG410Y7UF	1	6	4	3	7
ENOG410Y7UJ	3	4	2	5	7
ENOG410Y83P	2	5	1	6	7
ENOG410Y8FN	2	5	5	2	7
ENOG410Y8IJ	3	4	5	2	7
ENOG410Y8K0	6	1	3	4	7
ENOG410Y8K6	5	2	2	5	7
ENOG410Y8MK	6	1	6	1	7
ENOG410Y8U6	3	4	0	7	7
ENOG410Y8YW	2	5	7	0	7
ENOG410Y926	7	0	3	4	7
ENOG410Y935	3	4	3	4	7
ENOG410Y93R	3	4	0	7	7
ENOG410Y954	3	4	1	6	7
ENOG410Y968	5	2	5	2	7
ENOG410Y96R	3	4	1	6	7
ENOG410Y97T	3	4	3	4	7
ENOG410Y99D	4	3	4	3	7
ENOG410Y9G0	4	3	0	7	7
ENOG410Y9HG	4	3	4	3	7
ENOG410Y9MC	3	4	1	6	7
ENOG410Y9P6	3	4	2	5	7
ENOG410Y9RA	4	3	2	5	7
ENOG410Y9TM	5	2	6	1	7
ENOG410Y9TN	4	3	4	3	7
ENOG410Y9UF	5	2	3	4	7
ENOG410Y9W1	5	2	3	4	7
ENOG410Y9XA	5	2	2	5	7
ENOG410Y9YV	5	2	4	3	7
ENOG410Y9ZP	5	2	5	2	7
ENOG410YA26	3	4	3	4	7
ENOG410YA2Z	5	2	0	7	7
ENOG410YA33	4	3	1	6	7
ENOG410YA6E	5	2	0	7	7
ENOG410YA6Q	4	3	2	5	7
ENOG410YACP	4	3	5	2	7
ENOG410YAD4	4	3	2	5	7
ENOG410YADM	5	2	3	4	7
ENOG410YAE9	3	4	2	5	7
ENOG410YAIR	5	2	4	3	7
ENOG410YAP4	5	2	5	2	7
ENOG410YAU0	5	2	0	7	7
ENOG410YAUT	4	3	2	5	7
ENOG410YB2E	4	3	6	1	7
ENOG410YBCD	5	2	5	2	7
ENOG410YBTD	4	3	2	5	7
ENOG410YBXC	3	4	1	6	7
ENOG410YC46	6	1	2	5	7
ENOG410YC4S	5	2	4	3	7
ENOG410YC51	5	2	2	5	7
ENOG410YCAG	5	2	4	3	7
ENOG410YCBW	4	3	6	1	7
ENOG410YCM3	6	1	1	6	7
ENOG410YDAR	3	4	3	4	7
ENOG410YDB3	5	2	4	3	7
ENOG410YDBQ	2	5	0	7	7
ENOG410YDTM	6	1	4	3	7
ENOG410YDTR	5	2	2	5	7
ENOG410YE97	5	2	5	2	7
ENOG410YE9Q	4	3	0	7	7
ENOG410YEAS	5	2	3	4	7
ENOG410YEBJ	1	6	0	7	7
ENOG410YEG8	3	4	5	2	7
ENOG410YEW2	2	5	4	3	7
ENOG410YEZQ	3	4	4	3	7
ENOG410YF30	3	4	2	5	7
ENOG410YF6D	4	3	4	3	7
ENOG410YF7C	3	4	5	2	7
ENOG410YFA8	5	2	1	6	7
ENOG410YFB8	4	3	4	3	7
ENOG410YFQ9	3	4	5	2	7
ENOG410YFQB	4	3	5	2	7
ENOG410YFSH	4	3	0	7	7
ENOG410YFYJ	4	3	2	5	7
ENOG410YGBE	5	2	2	5	7
ENOG410YGEM	5	2	1	6	7
ENOG410YGFD	3	4	5	2	7
ENOG410YGIN	4	3	1	6	7
ENOG410YGJN	6	1	2	5	7
ENOG410YGN1	5	2	4	3	7
ENOG410YGV4	4	3	4	3	7
ENOG410YGV7	2	5	5	2	7
ENOG410YGXI	4	3	1	6	7
ENOG410YH5F	5	2	2	5	7
ENOG410YHHT	3	4	1	6	7
ENOG410YHNR	4	3	3	4	7
ENOG410YHPJ	6	1	3	4	7
ENOG410YI5I	5	2	4	3	7
ENOG410YIMK	5	2	1	6	7
ENOG410YIQE	6	1	3	4	7
ENOG410YJ27	6	1	2	5	7
ENOG410YJ4K	2	5	7	0	7
ENOG410YJ7Q	4	3	7	0	7
ENOG410YJK6	5	2	3	4	7
ENOG410YJTX	6	1	4	3	7
ENOG410YK1B	4	3	2	5	7
ENOG410YK47	4	3	2	5	7
ENOG410YK57	6	1	3	4	7
ENOG410YK7G	5	2	2	5	7
ENOG410YKA8	5	2	3	4	7
ENOG410YKBK	6	1	3	4	7
ENOG410YKD8	3	4	6	1	7
ENOG410YKE0	3	4	1	6	7
ENOG410YKJM	5	2	5	2	7
ENOG410YKJV	3	4	1	6	7
ENOG410YMA7	2	5	6	1	7
ENOG410YMAD	5	2	4	3	7
ENOG410YMB2	5	2	4	3	7
ENOG410YMJM	2	5	5	2	7
ENOG410YMSZ	6	1	4	3	7
ENOG410YMT5	6	1	4	3	7
ENOG410YMVU	3	4	4	3	7
ENOG410YNFS	4	3	4	3	7
ENOG410YNI0	5	2	4	3	7
ENOG410YNW0	5	2	0	7	7
ENOG410YNY1	5	2	0	7	7
ENOG410YP0J	5	2	1	6	7
ENOG410YP1K	5	2	2	5	7
ENOG410YP4K	6	1	1	6	7
ENOG410YPMI	2	5	2	5	7
ENOG410YQTT	5	2	6	1	7
ENOG410YQWC	3	4	0	7	7
ENOG410YR7R	4	3	4	3	7
ENOG410YRAB	0	7	5	2	7
ENOG410YRAS	1	6	5	2	7
ENOG410YREY	5	2	1	6	7
ENOG410YRGK	4	3	2	5	7
ENOG410YRQ2	2	5	3	4	7
ENOG410YS88	5	2	4	3	7
ENOG410YS9X	4	3	5	2	7
ENOG410YSVN	5	2	6	1	7
ENOG410YTAG	5	2	2	5	7
ENOG410YTAN	5	2	5	2	7
ENOG410YTFQ	5	2	1	6	7
ENOG410YTH4	4	3	1	6	7
ENOG410YTMJ	5	2	0	7	7
ENOG410YTR8	1	6	7	0	7
ENOG410YVEC	6	1	4	3	7
ENOG410YVF8	4	3	0	7	7
ENOG410YVIP	3	4	4	3	7
ENOG410YVM8	4	3	1	6	7
ENOG410YW3C	6	1	5	2	7
ENOG410YWAR	6	1	3	4	7
ENOG410YWBI	5	2	3	4	7
ENOG410YXB6	5	2	4	3	7
ENOG410YXP9	6	1	4	3	7
ENOG410YXW2	2	5	2	5	7
ENOG410YY2Z	6	1	2	5	7
ENOG410YYBW	6	1	3	4	7
ENOG410YYHZ	2	5	7	0	7
ENOG410YYJU	5	2	1	6	7
ENOG410YYNW	7	0	4	3	7
ENOG410YZJM	5	2	0	7	7
ENOG410YZKT	5	2	2	5	7
ENOG410YZPH	1	6	3	4	7
ENOG410Z03M	2	5	7	0	7
ENOG410Z0C5	5	2	3	4	7
ENOG410Z0D2	4	3	4	3	7
ENOG410Z1MP	3	4	1	6	7
ENOG410Z1RP	4	3	3	4	7
ENOG410Z2I8	2	5	4	3	7
ENOG410Z2UD	3	4	1	6	7
ENOG410Z2UZ	5	2	4	3	7
ENOG410Z330	2	5	0	7	7
ENOG410Z36U	3	4	1	6	7
ENOG410Z39T	2	5	1	6	7
ENOG410Z3JA	5	2	3	4	7
ENOG410Z3Y8	2	5	3	4	7
ENOG410Z3YF	1	6	2	5	7
ENOG410Z41R	4	3	0	7	7
ENOG410Z4VQ	5	2	1	6	7
ENOG410Z50M	4	3	4	3	7
ENOG410Z5C5	2	5	5	2	7
ENOG410Z5EU	2	5	4	3	7
ENOG410Z5FE	1	6	4	3	7
ENOG410Z5IJ	3	4	2	5	7
ENOG410Z5R7	2	5	0	7	7
ENOG410Z6AU	2	5	0	7	7
ENOG410Z6C5	5	2	2	5	7
ENOG410Z6D7	6	1	2	5	7
ENOG410Z6RU	4	3	2	5	7
ENOG410Z72X	5	2	3	4	7
ENOG410Z75S	5	2	5	2	7
ENOG410Z78F	7	0	3	4	7
ENOG410Z7CV	5	2	0	7	7
ENOG410Z83N	2	5	4	3	7
ENOG410Z8ID	1	6	2	5	7
ENOG410Z9BD	5	2	1	6	7
ENOG410Z9IK	4	3	2	5	7
ENOG410Z9WD	4	3	5	2	7
ENOG410ZAVW	4	3	4	3	7
ENOG410ZB44	1	6	4	3	7
ENOG410ZBPX	0	7	5	2	7
ENOG410ZBRU	5	2	0	7	7
ENOG410ZBY4	4	3	2	5	7
ENOG410ZC4E	3	4	5	2	7
ENOG410ZCPC	4	3	3	4	7
ENOG410ZCPU	3	4	1	6	7
ENOG410ZCXG	6	1	3	4	7
ENOG410ZCYP	3	4	3	4	7
ENOG410ZCZ7	1	6	6	1	7
ENOG410ZD2Z	4	3	3	4	7
ENOG410ZD8T	5	2	5	2	7
ENOG410ZDER	5	2	2	5	7
ENOG410ZDMZ	3	4	7	0	7
ENOG410ZFN1	1	6	1	6	7
ENOG410ZG6A	3	4	5	2	7
ENOG410ZG9V	4	3	0	7	7
ENOG410ZGBE	5	2	4	3	7
ENOG410ZGCT	5	2	1	6	7
ENOG410ZGR7	6	1	1	6	7
ENOG410ZGVC	5	2	4	3	7
ENOG410ZH1H	1	6	6	1	7
ENOG410ZHR8	4	3	4	3	7
ENOG410ZHVH	3	4	1	6	7
ENOG410ZI1R	3	4	5	2	7
ENOG410ZI1U	4	3	1	6	7
ENOG410ZIUZ	3	4	4	3	7
ENOG410ZJ35	5	2	3	4	7
ENOG410ZJ88	2	5	5	2	7
ENOG410ZJ9Y	6	1	5	2	7
ENOG410ZJAS	5	2	4	3	7
ENOG410ZJC4	5	2	3	4	7
ENOG410ZJCP	2	5	0	7	7
ENOG410ZJMC	5	2	3	4	7
ENOG410ZJMV	6	1	3	4	7
ENOG410ZJU9	3	4	2	5	7
ENOG410ZK7Z	4	3	3	4	7
ENOG410ZKDB	5	2	2	5	7
ENOG410ZKEA	4	3	1	6	7
ENOG410ZKFY	3	4	2	5	7
ENOG410ZKHE	3	4	1	6	7
ENOG410ZKW2	6	1	1	6	7
ENOG410ZKYZ	3	4	5	2	7
ENOG410ZMBA	3	4	4	3	7
ENOG410ZMFR	4	3	4	3	7
ENOG410ZMHB	4	3	2	5	7
ENOG410ZMVI	0	7	5	2	7
ENOG410ZN4P	3	4	4	3	7
ENOG410ZN5Y	5	2	2	5	7
ENOG410ZNMA	6	1	4	3	7
ENOG410ZP8N	2	5	4	3	7
ENOG410ZPJF	6	1	2	5	7
ENOG410ZPQY	3	4	0	7	7
ENOG410ZQ81	5	2	1	6	7
ENOG410ZQCG	2	5	2	5	7
ENOG410ZQDJ	3	4	1	6	7
ENOG410ZQZW	3	4	2	5	7
ENOG410ZR0N	4	3	1	6	7
ENOG410ZR5Z	4	3	0	7	7
ENOG410ZR6W	6	1	3	4	7
ENOG410ZR7H	5	2	2	5	7
ENOG410ZR84	5	2	6	1	7
ENOG410ZRET	4	3	5	2	7
ENOG410ZRG1	7	0	2	5	7
ENOG410ZS3T	2	5	1	6	7
ENOG410ZS6C	3	4	2	5	7
ENOG410ZS87	1	6	5	2	7
ENOG410ZSE7	2	5	5	2	7
ENOG410ZSED	5	2	3	4	7
ENOG410ZSEH	6	1	5	2	7
ENOG410ZSSS	5	2	3	4	7
ENOG410ZT1Z	4	3	4	3	7
ENOG410ZT2K	4	3	1	6	7
ENOG410ZTFV	3	4	5	2	7
ENOG410ZTIN	4	3	1	6	7
ENOG410ZTN9	5	2	5	2	7
ENOG410ZTSQ	5	2	4	3	7
ENOG410ZTTH	5	2	0	7	7
ENOG410ZU5G	2	5	1	6	7
ENOG410ZUAJ	5	2	4	3	7
ENOG410ZUPW	5	2	3	4	7
ENOG410ZUS1	6	1	4	3	7
ENOG410ZUW0	5	2	7	0	7
ENOG410ZV8C	5	2	3	4	7
ENOG410ZVBK	2	5	1	6	7
ENOG410ZVD1	4	3	4	3	7
ENOG410ZVDY	5	2	3	4	7
ENOG410ZVGB	2	5	5	2	7
ENOG410ZVHG	5	2	6	1	7
ENOG410ZVHQ	2	5	3	4	7
ENOG410ZVJ1	3	4	1	6	7
ENOG410ZVJD	3	4	1	6	7
ENOG410ZVJF	4	3	0	7	7
ENOG410ZVJH	5	2	1	6	7
ENOG410ZVJU	4	3	4	3	7
ENOG410ZVM5	4	3	3	4	7
ENOG410ZVMD	4	3	1	6	7
ENOG410ZVPY	4	3	2	5	7
ENOG410ZVS6	2	5	2	5	7
ENOG410ZVSK	4	3	1	6	7
ENOG410ZVSP	5	2	3	4	7
ENOG410ZVSS	3	4	1	6	7
ENOG410ZVU1	5	2	1	6	7
ENOG410ZVU3	5	2	6	1	7
ENOG410ZW1B	2	5	1	6	7
ENOG410ZW1G	4	3	1	6	7
ENOG410ZW8V	7	0	1	6	7
ENOG410ZW99	6	1	1	6	7
ENOG410ZW9Z	4	3	3	4	7
ENOG410ZWDR	3	4	1	6	7
ENOG410ZWE9	4	3	1	6	7
ENOG410ZWFP	4	3	4	3	7
ENOG410ZWRY	3	4	4	3	7
ENOG410ZWTQ	3	4	2	5	7
ENOG410ZWU1	4	3	0	7	7
ENOG410ZWYN	6	1	3	4	7
ENOG410ZX8X	2	5	2	5	7
ENOG410ZXB1	3	4	2	5	7
ENOG410ZXBC	5	2	2	5	7
ENOG410ZXEA	3	4	1	6	7
ENOG410ZXGW	2	5	1	6	7
ENOG410ZXK1	5	2	2	5	7
ENOG410ZXMP	3	4	0	7	7
ENOG410ZXSY	4	3	1	6	7
ENOG410ZXTD	3	4	1	6	7
ENOG410ZYD5	4	3	4	3	7
ENOG410ZYKS	3	4	1	6	7
ENOG410ZYNB	2	5	4	3	7
ENOG410ZYQ7	0	7	3	4	7
ENOG410ZYT0	5	2	1	6	7
ENOG410ZYTH	1	6	1	6	7
ENOG410ZZ0X	0	7	3	4	7
ENOG410ZZ6S	5	2	7	0	7
ENOG410ZZDC	3	4	3	4	7
ENOG410ZZKR	5	2	1	6	7
ENOG410ZZUB	3	4	5	2	7
ENOG410ZZV4	1	6	3	4	7
ENOG410ZZYF	6	1	2	5	7
ENOG410ZZZ9	4	3	3	4	7
ENOG411002Y	2	5	1	6	7
ENOG411004G	0	7	4	3	7
ENOG411005S	5	2	3	4	7
ENOG411007H	6	1	3	4	7
ENOG4110088	4	3	3	4	7
ENOG411008E	3	4	6	1	7
ENOG41100DU	5	2	4	3	7
ENOG41100NK	5	2	0	7	7
ENOG41100QN	4	3	3	4	7
ENOG41100QY	5	2	3	4	7
ENOG4110187	4	3	2	5	7
ENOG41101BA	4	3	3	4	7
ENOG41101CE	6	1	2	5	7
ENOG41101IJ	4	3	3	4	7
ENOG41101U4	6	1	1	6	7
ENOG41101W1	3	4	3	4	7
ENOG411020B	1	6	5	2	7
ENOG4110219	2	5	1	6	7
ENOG411021X	4	3	3	4	7
ENOG411027S	5	2	2	5	7
ENOG41102NI	2	5	1	6	7
ENOG411037S	5	2	2	5	7
ENOG41106SB	4	3	2	5	7
ENOG41106VG	4	3	2	5	7
ENOG411072U	3	4	6	1	7
ENOG41107HC	5	2	3	4	7
ENOG41107YC	2	5	1	6	7
ENOG4110DHN	4	3	1	6	7
ENOG4110F72	6	1	5	2	7
ENOG4110F95	1	6	3	4	7
ENOG4110FB9	1	6	6	1	7
ENOG4110H5Q	5	2	2	5	7
ENOG4110HET	6	1	1	6	7
ENOG4110MHC	4	3	2	5	7
ENOG4110NU4	4	3	3	4	7
ENOG4110P1F	5	2	0	7	7
ENOG4110PHZ	3	4	3	4	7
ENOG4110UAG	5	2	2	5	7
ENOG4110WDH	5	2	2	5	7
ENOG4110XAM	5	2	0	7	7
ENOG4110YS4	5	2	4	3	7
ENOG41110K5	6	1	3	4	7
ENOG41112GZ	2	5	1	6	7
ENOG41113IS	5	2	2	5	7
ENOG41114JZ	4	3	2	5	7
ENOG41114SZ	3	4	2	5	7
ENOG411177X	6	1	3	4	7
ENOG411181B	3	4	3	4	7
ENOG4111E53	4	3	3	4	7
ENOG4111EAB	5	2	5	2	7
ENOG4111EEW	3	4	3	4	7
ENOG4111EZ3	5	2	3	4	7
ENOG4111EZS	6	1	2	5	7
ENOG4111EZZ	2	5	3	4	7
ENOG4111F5I	5	2	5	2	7
ENOG4111F7P	5	2	2	5	7
ENOG4111F8N	7	0	2	5	7
ENOG4111F8R	7	0	0	7	7
ENOG4111FB1	5	2	2	5	7
ENOG4111FB8	4	3	5	2	7
ENOG4111FH6	5	2	2	5	7
ENOG4111FIR	5	2	4	3	7
ENOG4111FJD	4	3	0	7	7
ENOG4111FJG	7	0	3	4	7
ENOG4111FJK	4	3	1	6	7
ENOG4111FK3	5	2	4	3	7
ENOG4111FKR	4	3	4	3	7
ENOG4111FR4	6	1	2	5	7
ENOG4111FTP	5	2	3	4	7
ENOG4111FV1	3	4	1	6	7
ENOG4111FW1	5	2	1	6	7
ENOG4111FXN	4	3	0	7	7
ENOG4111FY8	3	4	2	5	7
ENOG4111FYK	4	3	0	7	7
ENOG4111FZS	3	4	4	3	7
ENOG4111G02	4	3	0	7	7
ENOG4111G1Y	6	1	6	1	7
ENOG4111G27	2	5	7	0	7
ENOG4111G2M	2	5	6	1	7
ENOG4111G4U	3	4	5	2	7
ENOG4111G83	6	1	2	5	7
ENOG4111GB5	3	4	6	1	7
ENOG4111GBX	4	3	0	7	7
ENOG4111GDS	6	1	4	3	7
ENOG4111GH9	5	2	3	4	7
ENOG4111GIF	3	4	0	7	7
ENOG4111GII	4	3	4	3	7
ENOG4111GJ3	3	4	1	6	7
ENOG4111GPI	0	7	5	2	7
ENOG4111GPR	3	4	3	4	7
ENOG4111GQ5	5	2	3	4	7
ENOG4111GQY	5	2	5	2	7
ENOG4111GVD	5	2	3	4	7
ENOG4111GW9	4	3	3	4	7
ENOG4111GWY	6	1	5	2	7
ENOG4111GYJ	4	3	3	4	7
ENOG4111H2K	6	1	1	6	7
ENOG4111H43	2	5	3	4	7
ENOG4111H52	2	5	6	1	7
ENOG4111H5B	2	5	3	4	7
ENOG4111H8C	5	2	1	6	7
ENOG4111H93	3	4	1	6	7
ENOG4111HB2	5	2	0	7	7
ENOG4111HJ6	3	4	6	1	7
ENOG4111HPY	4	3	1	6	7
ENOG4111HPZ	5	2	5	2	7
ENOG4111HRE	3	4	0	7	7
ENOG4111HRW	4	3	1	6	7
ENOG4111HVH	4	3	0	7	7
ENOG4111HX2	5	2	2	5	7
ENOG4111HZS	2	5	4	3	7
ENOG4111I0X	6	1	0	7	7
ENOG4111I2P	1	6	5	2	7
ENOG4111I9U	4	3	4	3	7
ENOG4111IB5	5	2	1	6	7
ENOG4111IBF	1	6	4	3	7
ENOG4111ICU	1	6	4	3	7
ENOG4111IDM	3	4	0	7	7
ENOG4111II9	3	4	3	4	7
ENOG4111IM7	4	3	5	2	7
ENOG4111INQ	2	5	1	6	7
ENOG4111ISI	4	3	1	6	7
ENOG4111IVF	3	4	1	6	7
ENOG4111IZK	4	3	3	4	7
ENOG4111J26	6	1	2	5	7
ENOG4111J2E	5	2	2	5	7
ENOG4111J3A	6	1	2	5	7
ENOG4111J3Q	5	2	3	4	7
ENOG4111J72	5	2	0	7	7
ENOG4111J8D	4	3	0	7	7
ENOG4111J8H	5	2	1	6	7
ENOG4111J97	4	3	6	1	7
ENOG4111J9Z	5	2	0	7	7
ENOG4111JC0	7	0	3	4	7
ENOG4111JCE	2	5	1	6	7
ENOG4111JCU	5	2	5	2	7
ENOG4111JEX	4	3	3	4	7
ENOG4111JFQ	3	4	2	5	7
ENOG4111JG7	4	3	6	1	7
ENOG4111JHT	2	5	2	5	7
ENOG4111JK3	5	2	4	3	7
ENOG4111JN4	4	3	0	7	7
ENOG4111JQJ	1	6	6	1	7
ENOG4111JS7	6	1	3	4	7
ENOG4111JSF	5	2	1	6	7
ENOG4111JWE	5	2	2	5	7
ENOG4111JXM	6	1	6	1	7
ENOG4111JYM	6	1	5	2	7
ENOG4111JZP	3	4	1	6	7
ENOG4111JZU	4	3	3	4	7
ENOG4111K1E	5	2	3	4	7
ENOG4111K5D	3	4	3	4	7
ENOG4111KB4	5	2	4	3	7
ENOG4111KEC	3	4	1	6	7
ENOG4111KFQ	4	3	0	7	7
ENOG4111KN3	3	4	4	3	7
ENOG4111KRI	7	0	4	3	7
ENOG4111KRN	4	3	4	3	7
ENOG4111KUD	3	4	0	7	7
ENOG4111KW9	5	2	4	3	7
ENOG4111KYU	4	3	3	4	7
ENOG4111KZG	2	5	4	3	7
ENOG4111M1B	2	5	6	1	7
ENOG4111M3U	5	2	4	3	7
ENOG4111M4A	5	2	3	4	7
ENOG4111M4J	5	2	2	5	7
ENOG4111M5N	4	3	0	7	7
ENOG4111MA7	3	4	4	3	7
ENOG4111MBA	4	3	4	3	7
ENOG4111MBG	5	2	5	2	7
ENOG4111MCJ	6	1	3	4	7
ENOG4111MCV	5	2	1	6	7
ENOG4111MGD	5	2	4	3	7
ENOG4111MJJ	4	3	3	4	7
ENOG4111MJP	6	1	2	5	7
ENOG4111MMW	5	2	5	2	7
ENOG4111MP2	5	2	5	2	7
ENOG4111MT2	4	3	2	5	7
ENOG4111MTA	6	1	2	5	7
ENOG4111MW5	3	4	2	5	7
ENOG4111N2I	2	5	2	5	7
ENOG4111N4J	4	3	1	6	7
ENOG4111N9C	4	3	1	6	7
ENOG4111NCF	5	2	2	5	7
ENOG4111NEB	5	2	1	6	7
ENOG4111NFI	6	1	6	1	7
ENOG4111NI7	3	4	0	7	7
ENOG4111NKX	5	2	1	6	7
ENOG4111NM3	3	4	5	2	7
ENOG4111NND	5	2	2	5	7
ENOG4111NQG	5	2	2	5	7
ENOG4111NTW	4	3	5	2	7
ENOG4111NV7	2	5	3	4	7
ENOG4111NVG	3	4	0	7	7
ENOG4111P0I	5	2	2	5	7
ENOG4111P10	6	1	2	5	7
ENOG4111P3M	1	6	4	3	7
ENOG4111P3R	5	2	2	5	7
ENOG4111P4D	3	4	2	5	7
ENOG4111P4Z	5	2	0	7	7
ENOG4111PCV	6	1	2	5	7
ENOG4111PER	3	4	2	5	7
ENOG4111PTC	3	4	3	4	7
ENOG4111PTJ	3	4	2	5	7
ENOG4111PZ3	1	6	5	2	7
ENOG4111Q11	2	5	2	5	7
ENOG4111Q1R	3	4	3	4	7
ENOG4111Q4N	5	2	0	7	7
ENOG4111Q4W	5	2	2	5	7
ENOG4111QC0	4	3	4	3	7
ENOG4111QD0	3	4	3	4	7
ENOG4111QDN	5	2	3	4	7
ENOG4111QE4	2	5	2	5	7
ENOG4111QGN	3	4	1	6	7
ENOG4111QKZ	6	1	4	3	7
ENOG4111QN6	5	2	2	5	7
ENOG4111QPY	6	1	3	4	7
ENOG4111QS8	3	4	5	2	7
ENOG4111QSQ	1	6	4	3	7
ENOG4111QVH	6	1	2	5	7
ENOG4111QVW	5	2	3	4	7
ENOG4111QW4	4	3	3	4	7
ENOG4111QZ3	4	3	1	6	7
ENOG4111R0M	4	3	3	4	7
ENOG4111R0N	0	7	3	4	7
ENOG4111R14	4	3	1	6	7
ENOG4111R32	4	3	3	4	7
ENOG4111R3C	6	1	4	3	7
ENOG4111R48	3	4	0	7	7
ENOG4111R59	5	2	0	7	7
ENOG4111R8U	5	2	2	5	7
ENOG4111R9W	6	1	2	5	7
ENOG4111RAV	3	4	5	2	7
ENOG4111RED	5	2	2	5	7
ENOG4111RES	4	3	1	6	7
ENOG4111RG9	5	2	2	5	7
ENOG4111RN5	4	3	4	3	7
ENOG4111RPE	6	1	3	4	7
ENOG4111RU6	5	2	4	3	7
ENOG4111RUK	4	3	1	6	7
ENOG4111RZM	2	5	5	2	7
ENOG4111S42	2	5	3	4	7
ENOG4111S9B	2	5	0	7	7
ENOG4111SA5	4	3	3	4	7
ENOG4111SE1	6	1	4	3	7
ENOG4111SF8	6	1	5	2	7
ENOG4111SFQ	5	2	3	4	7
ENOG4111SIF	5	2	4	3	7
ENOG4111SJ2	6	1	5	2	7
ENOG4111SJQ	5	2	1	6	7
ENOG4111SJR	2	5	1	6	7
ENOG4111SNX	4	3	0	7	7
ENOG4111SPS	5	2	1	6	7
ENOG4111SRH	5	2	1	6	7
ENOG4111STN	4	3	0	7	7
ENOG4111SU9	5	2	2	5	7
ENOG4111T5H	5	2	2	5	7
ENOG4111TF2	5	2	3	4	7
ENOG4111THP	2	5	3	4	7
ENOG4111TJX	3	4	6	1	7
ENOG4111TNS	3	4	0	7	7
ENOG4111TPU	4	3	4	3	7
ENOG4111TRN	5	2	4	3	7
ENOG4111TU1	3	4	0	7	7
ENOG4111TU2	5	2	4	3	7
ENOG4111U0Y	1	6	5	2	7
ENOG4111U4V	1	6	5	2	7
ENOG4111U4Z	3	4	5	2	7
ENOG4111U85	6	1	3	4	7
ENOG4111U9Y	5	2	3	4	7
ENOG4111UBE	5	2	0	7	7
ENOG4111UJE	5	2	3	4	7
ENOG4111UR2	6	1	2	5	7
ENOG4111US1	5	2	0	7	7
ENOG4111UYR	1	6	2	5	7
ENOG4111V6R	4	3	3	4	7
ENOG4111VAE	4	3	5	2	7
ENOG4111VC8	5	2	2	5	7
ENOG4111VE3	6	1	1	6	7
ENOG4111VF8	5	2	1	6	7
ENOG4111VHR	3	4	3	4	7
ENOG4111VJW	5	2	2	5	7
ENOG4111VN3	1	6	1	6	7
ENOG4111VN8	2	5	3	4	7
ENOG4111VNP	5	2	3	4	7
ENOG4111VRS	4	3	3	4	7
ENOG4111VUW	4	3	2	5	7
ENOG4111VVM	6	1	0	7	7
ENOG4111VWS	3	4	4	3	7
ENOG4111W1E	6	1	2	5	7
ENOG4111W6Z	4	3	1	6	7
ENOG4111W7E	4	3	0	7	7
ENOG4111W9D	2	5	1	6	7
ENOG4111WB3	5	2	2	5	7
ENOG4111WDG	6	1	3	4	7
ENOG4111WFU	5	2	2	5	7
ENOG4111WHU	6	1	2	5	7
ENOG4111WN5	4	3	1	6	7
ENOG4111WNI	2	5	4	3	7
ENOG4111WNU	5	2	3	4	7
ENOG4111WQI	3	4	4	3	7
ENOG4111WRA	1	6	6	1	7
ENOG4111WXB	4	3	1	6	7
ENOG4111X4V	4	3	1	6	7
ENOG4111X78	4	3	1	6	7
ENOG4111X82	5	2	2	5	7
ENOG4111X8I	5	2	3	4	7
ENOG4111XAM	3	4	2	5	7
ENOG4111XB6	4	3	3	4	7
ENOG4111XD5	3	4	6	1	7
ENOG4111XTI	1	6	0	7	7
ENOG4111XUR	5	2	6	1	7
ENOG4111XWA	1	6	4	3	7
ENOG4111XXW	1	6	5	2	7
ENOG4111XYX	2	5	2	5	7
ENOG4111Y1C	6	1	6	1	7
ENOG4111Y2V	5	2	2	5	7
ENOG4111Y46	4	3	2	5	7
ENOG4111Y8E	4	3	4	3	7
ENOG4111Y9M	4	3	5	2	7
ENOG4111YAY	1	6	5	2	7
ENOG4111YKN	4	3	5	2	7
ENOG4111YQF	4	3	2	5	7
ENOG4111YWU	4	3	4	3	7
ENOG4111YX6	6	1	3	4	7
ENOG4111Z00	3	4	1	6	7
ENOG4111Z2Q	1	6	2	5	7
ENOG4111Z3G	4	3	3	4	7
ENOG4111Z8S	2	5	3	4	7
ENOG4111ZCV	2	5	3	4	7
ENOG4111ZDW	7	0	5	2	7
ENOG4111ZET	6	1	5	2	7
ENOG4111ZFE	2	5	4	3	7
ENOG4111ZFQ	5	2	1	6	7
ENOG4111ZMA	3	4	3	4	7
ENOG4111ZMN	5	2	4	3	7
ENOG4111ZPZ	2	5	4	3	7
ENOG4111ZQ7	2	5	5	2	7
ENOG4111ZQM	3	4	5	2	7
ENOG4111ZWU	3	4	4	3	7
ENOG411204B	4	3	0	7	7
ENOG41120BJ	5	2	2	5	7
ENOG41120CJ	5	2	3	4	7
ENOG41120G2	3	4	3	4	7
ENOG41120IY	4	3	1	6	7
ENOG41120WW	5	2	2	5	7
ENOG41120WX	6	1	2	5	7
ENOG41120X1	2	5	7	0	7
ENOG41120XT	5	2	5	2	7
ENOG4112145	5	2	2	5	7
ENOG411215K	2	5	3	4	7
ENOG4112177	6	1	2	5	7
ENOG41121FI	5	2	4	3	7
ENOG41121KC	2	5	3	4	7
ENOG41121WS	3	4	2	5	7
ENOG411220U	2	5	3	4	7
ENOG411220Z	5	2	3	4	7
ENOG4112221	2	5	0	7	7
ENOG411225U	6	1	2	5	7
ENOG41122AM	5	2	0	7	7
ENOG41122D8	4	3	2	5	7
ENOG41122M9	1	6	5	2	7
ENOG41122VX	5	2	6	1	7
ENOG41122W4	0	7	3	4	7
ENOG41122WR	6	1	1	6	7
ENOG411239P	0	7	3	4	7
ENOG41123DH	1	6	0	7	7
ENOG41123HQ	5	2	2	5	7
ENOG41123I9	1	6	3	4	7
ENOG41123KQ	2	5	0	7	7
ENOG41123Q6	2	5	2	5	7
ENOG41123QK	6	1	2	5	7
ENOG41123QU	5	2	1	6	7
ENOG41123SV	5	2	1	6	7
ENOG411240D	5	2	4	3	7
ENOG411240F	3	4	1	6	7
ENOG411241A	3	4	1	6	7
ENOG411241E	3	4	4	3	7
ENOG41124G7	6	1	2	5	7
ENOG41124H4	2	5	1	6	7
ENOG41124HM	6	1	4	3	7
ENOG41124K8	2	5	5	2	7
ENOG41124N5	1	6	4	3	7
ENOG41124Q5	4	3	5	2	7
ENOG41124TY	3	4	0	7	7
ENOG4112582	6	1	3	4	7
ENOG411258W	4	3	3	4	7
ENOG41125BE	2	5	4	3	7
ENOG41125D5	5	2	6	1	7
ENOG41125HU	1	6	3	4	7
ENOG41125I6	6	1	3	4	7
ENOG41125JZ	4	3	6	1	7
ENOG41125K2	3	4	3	4	7
ENOG41125P7	2	5	2	5	7
ENOG41125RW	6	1	5	2	7
ENOG41125WJ	6	1	4	3	7
ENOG41125XB	5	2	1	6	7
ENOG41125XC	4	3	0	7	7
ENOG4112602	4	3	4	3	7
ENOG411263Z	2	5	3	4	7
ENOG411265D	6	1	2	5	7
ENOG41126EM	4	3	3	4	7
ENOG41126GF	6	1	4	3	7
ENOG41126Q7	5	2	3	4	7
ENOG41126RH	4	3	2	5	7
ENOG41126S5	1	6	7	0	7
ENOG41126TB	6	1	3	4	7
ENOG41126X9	3	4	3	4	7
ENOG41126ZD	1	6	2	5	7
ENOG4112703	2	5	4	3	7
ENOG4112704	4	3	2	5	7
ENOG411274N	2	5	1	6	7
ENOG41127H1	2	5	3	4	7
ENOG41127IP	4	3	3	4	7
ENOG41127P9	2	5	4	3	7
ENOG41127QI	5	2	4	3	7
ENOG41127QJ	4	3	3	4	7
ENOG41127RZ	4	3	3	4	7
ENOG41127XM	3	4	4	3	7
ENOG4112823	3	4	3	4	7
ENOG411284Y	5	2	3	4	7
ENOG41128GQ	6	1	4	3	7
ENOG41128QS	5	2	3	4	7
ENOG41128VI	7	0	4	3	7
ENOG41128XF	3	4	4	3	7
ENOG4112923	5	2	3	4	7
ENOG4112986	4	3	4	3	7
ENOG41129BN	3	4	2	5	7
ENOG41129DW	5	2	3	4	7
ENOG41129FA	3	4	4	3	7
ENOG41129IY	4	3	2	5	7
ENOG41129K2	2	5	4	3	7
ENOG41129QP	5	2	1	6	7
ENOG41129R3	3	4	2	5	7
ENOG41129SD	5	2	0	7	7
ENOG41129Y0	5	2	2	5	7
ENOG4112A0K	3	4	2	5	7
ENOG4112A7R	4	3	4	3	7
ENOG4112AER	5	2	2	5	7
ENOG4112AIV	5	2	3	4	7
ENOG4112AN7	4	3	2	5	7
ENOG4112AQE	7	0	3	4	7
ENOG4112ARF	4	3	3	4	7
ENOG4112AT2	1	6	5	2	7
ENOG4112B40	5	2	2	5	7
ENOG4112BAR	5	2	4	3	7
ENOG4112BGZ	2	5	5	2	7
ENOG4112BP6	5	2	3	4	7
ENOG4112BPV	6	1	5	2	7
ENOG4112BRK	1	6	6	1	7
ENOG4112BX4	4	3	3	4	7
ENOG4112BYU	6	1	2	5	7
ENOG4112C0Y	2	5	1	6	7
ENOG4112C9F	3	4	3	4	7
ENOG4112CCT	5	2	1	6	7
ENOG4112CIP	1	6	4	3	7
ENOG4112CJA	4	3	1	6	7
ENOG4112D9A	4	3	6	1	7
ENOG4112DBA	5	2	2	5	7
COG1240	1	6	3	4	7
COG1334	2	5	0	7	7
COG1505	5	2	2	5	7
COG1700	4	3	2	5	7
COG1755	5	2	3	4	7
COG2048	4	3	4	3	7
COG2319	5	2	3	4	7
COG2405	5	2	1	6	7
COG2830	4	3	4	3	7
COG2931	4	3	4	3	7
COG3419	3	4	3	4	7
COG3488	5	2	4	3	7
COG3566	4	3	6	1	7
COG3746	5	2	1	6	7
COG3866	4	3	0	7	7
COG3934	5	2	2	5	7
COG3952	7	0	5	2	7
COG3972	5	2	0	7	7
COG4226	4	3	3	4	7
COG4286	3	4	0	7	7
COG4372	4	3	6	1	7
COG4502	4	3	0	7	7
COG4641	4	3	1	6	7
COG4797	1	6	7	0	7
COG4834	5	2	3	4	7
COG4874	6	1	3	4	7
COG4938	5	2	3	4	7
COG4946	4	3	2	5	7
ENOG410XNTZ	4	3	0	7	7
ENOG410XNV1	3	4	3	4	7
ENOG410XNWS	5	2	2	5	7
ENOG410XNYE	5	2	1	6	7
ENOG410XP2N	4	3	1	6	7
ENOG410XP54	4	3	4	3	7
ENOG410XP59	4	3	1	6	7
ENOG410XP63	1	6	4	3	7
ENOG410XP71	6	1	3	4	7
ENOG410XP7P	2	5	4	3	7
ENOG410XPB1	4	3	4	3	7
ENOG410XPDP	4	3	2	5	7
ENOG410XPGH	4	3	0	7	7
ENOG410XPJG	5	2	1	6	7
ENOG410XPM9	5	2	4	3	7
ENOG410XPMX	4	3	2	5	7
ENOG410XPR1	4	3	0	7	7
ENOG410XPR3	5	2	0	7	7
ENOG410XPR9	6	1	2	5	7
ENOG410XPRV	5	2	5	2	7
ENOG410XPSK	5	2	4	3	7
ENOG410XPSU	4	3	3	4	7
ENOG410XPTC	3	4	6	1	7
ENOG410XPXH	4	3	5	2	7
ENOG410XPY1	5	2	2	5	7
ENOG410XPYX	5	2	5	2	7
ENOG410XQ2W	6	1	4	3	7
ENOG410XQ84	5	2	1	6	7
ENOG410XQ9D	5	2	1	6	7
ENOG410XQ9V	5	2	2	5	7
ENOG410XQCP	4	3	1	6	7
ENOG410XQDB	5	2	5	2	7
ENOG410XQED	3	4	4	3	7
ENOG410XQGH	4	3	1	6	7
ENOG410XQGX	2	5	5	2	7
ENOG410XQH6	4	3	3	4	7
ENOG410XQI3	5	2	3	4	7
ENOG410XQJQ	5	2	3	4	7
ENOG410XQK0	5	2	4	3	7
ENOG410XQM1	3	4	3	4	7
ENOG410XQN2	3	4	2	5	7
ENOG410XQN3	5	2	0	7	7
ENOG410XQP6	7	0	3	4	7
ENOG410XQRJ	3	4	3	4	7
ENOG410XQTH	3	4	0	7	7
ENOG410XQUD	2	5	3	4	7
ENOG410XQYP	3	4	4	3	7
ENOG410XR0J	7	0	1	6	7
ENOG410XR1R	6	1	3	4	7
ENOG410XR1Y	5	2	1	6	7
ENOG410XR25	5	2	3	4	7
ENOG410XR59	5	2	6	1	7
ENOG410XR5T	6	1	2	5	7
ENOG410XR5V	4	3	4	3	7
ENOG410XR7J	4	3	5	2	7
ENOG410XRBF	3	4	5	2	7
ENOG410XRBM	5	2	2	5	7
ENOG410XRD0	4	3	5	2	7
ENOG410XRD8	5	2	3	4	7
ENOG410XREI	5	2	6	1	7
ENOG410XRFJ	5	2	1	6	7
ENOG410XRGF	5	2	5	2	7
ENOG410XRGM	5	2	2	5	7
ENOG410XRI8	5	2	0	7	7
ENOG410XRKQ	7	0	3	4	7
ENOG410XRKW	4	3	2	5	7
ENOG410XRP1	6	1	3	4	7
ENOG410XRP4	5	2	3	4	7
ENOG410XRRN	4	3	6	1	7
ENOG410XRWQ	3	4	0	7	7
ENOG410XRX3	4	3	0	7	7
ENOG410XS1K	5	2	5	2	7
ENOG410XS27	5	2	4	3	7
ENOG410XS38	4	3	2	5	7
ENOG410XS3Y	4	3	4	3	7
ENOG410XS71	5	2	4	3	7
ENOG410XSAF	5	2	3	4	7
ENOG410XSCV	4	3	3	4	7
ENOG410XSEP	6	1	0	7	7
ENOG410XSFE	4	3	1	6	7
ENOG410XSG7	3	4	0	7	7
ENOG410XSGG	5	2	4	3	7
ENOG410XSGQ	6	1	4	3	7
ENOG410XSHC	5	2	1	6	7
ENOG410XSIN	6	1	2	5	7
ENOG410XSKW	6	1	2	5	7
ENOG410XSNQ	4	3	3	4	7
ENOG410XSP4	4	3	0	7	7
ENOG410XSPA	6	1	3	4	7
ENOG410XSRK	3	4	2	5	7
ENOG410XSWU	5	2	4	3	7
ENOG410XSZ8	4	3	2	5	7
ENOG410XSZC	4	3	2	5	7
ENOG410XT0S	5	2	2	5	7
ENOG410XT1T	4	3	3	4	7
ENOG410XT2E	6	1	3	4	7
ENOG410XT2G	3	4	0	7	7
ENOG410XT2N	5	2	5	2	7
ENOG410XT2W	6	1	3	4	7
ENOG410XT32	5	2	3	4	7
ENOG410XT41	5	2	4	3	7
ENOG410XT60	5	2	2	5	7
ENOG410XTC8	7	0	4	3	7
ENOG410XTE0	5	2	3	4	7
ENOG410XTEU	5	2	2	5	7
ENOG410XTEX	2	5	0	7	7
ENOG410XTI1	6	1	3	4	7
ENOG410XTJD	5	2	2	5	7
ENOG410XTK8	7	0	3	4	7
ENOG410XTM1	5	2	0	7	7
ENOG410XTNF	5	2	4	3	7
ENOG410XTPT	4	3	1	6	7
ENOG410XTWY	5	2	3	4	7
ENOG410XTX8	5	2	4	3	7
ENOG410XU7P	3	4	0	7	7
ENOG410XUFW	5	2	3	4	7
ENOG410XUIX	4	3	3	4	7
ENOG410XUNF	5	2	2	5	7
ENOG410XUQX	3	4	2	5	7
ENOG410XUT4	3	4	3	4	7
ENOG410XUTU	5	2	5	2	7
ENOG410XV1E	4	3	1	6	7
ENOG410XV1Q	5	2	6	1	7
ENOG410XV2J	4	3	0	7	7
ENOG410XV63	5	2	2	5	7
ENOG410XV65	4	3	0	7	7
ENOG410XVBQ	5	2	4	3	7
ENOG410XVCQ	4	3	1	6	7
ENOG410XVI4	6	1	4	3	7
ENOG410XVIV	5	2	0	7	7
ENOG410XVP9	5	2	3	4	7
ENOG410XVPQ	6	1	0	7	7
ENOG410XVQ2	4	3	0	7	7
ENOG410XVR0	3	4	1	6	7
ENOG410XVRQ	4	3	3	4	7
ENOG410XW1B	3	4	2	5	7
ENOG410XW2M	5	2	1	6	7
ENOG410XWCQ	5	2	3	4	7
ENOG410XWD1	2	5	4	3	7
ENOG410XWHS	4	3	1	6	7
ENOG410XWJY	5	2	3	4	7
ENOG410XWM3	5	2	0	7	7
ENOG410XWND	4	3	1	6	7
ENOG410XWRP	4	3	2	5	7
ENOG410XWUY	5	2	2	5	7
ENOG410XWV3	3	4	0	7	7
ENOG410XX6V	4	3	0	7	7
ENOG410XXBN	5	2	1	6	7
ENOG410XXJC	5	2	1	6	7
ENOG410XXS0	2	5	1	6	7
ENOG410XXZT	4	3	6	1	7
ENOG410XY17	4	3	0	7	7
ENOG410XY68	3	4	0	7	7
ENOG410XY8M	4	3	3	4	7
ENOG410XY9G	5	2	0	7	7
ENOG410XYB5	4	3	4	3	7
ENOG410XYEE	3	4	0	7	7
ENOG410XYKK	5	2	3	4	7
ENOG410XYN2	4	3	4	3	7
ENOG410XYSH	4	3	1	6	7
ENOG410XYV4	3	4	2	5	7
ENOG410XZ44	5	2	3	4	7
ENOG410XZ45	3	4	0	7	7
ENOG410XZ91	1	6	2	5	7
ENOG410XZC7	3	4	4	3	7
ENOG410XZF7	5	2	3	4	7
ENOG410XZS0	5	2	2	5	7
ENOG410XZUM	5	2	0	7	7
ENOG410XZUX	6	1	2	5	7
ENOG410Y00H	4	3	2	5	7
ENOG410Y01V	5	2	0	7	7
ENOG410Y02D	6	1	0	7	7
ENOG410Y037	6	1	1	6	7
ENOG410Y052	4	3	1	6	7
ENOG410Y061	4	3	3	4	7
ENOG410Y065	4	3	3	4	7
ENOG410Y0TP	2	5	4	3	7
ENOG410Y12H	4	3	0	7	7
ENOG410Y12S	5	2	2	5	7
ENOG410Y19Z	5	2	2	5	7
ENOG410Y1AW	3	4	1	6	7
ENOG410Y1FH	6	1	3	4	7
ENOG410Y1KT	5	2	3	4	7
ENOG410Y1MD	7	0	6	1	7
ENOG410Y1MR	4	3	1	6	7
ENOG410Y1WM	5	2	2	5	7
ENOG410Y1YB	4	3	3	4	7
ENOG410Y25P	5	2	4	3	7
ENOG410Y2F5	4	3	2	5	7
ENOG410Y2FJ	4	3	0	7	7
ENOG410Y2GD	6	1	3	4	7
ENOG410Y2IM	3	4	0	7	7
ENOG410Y2NR	5	2	2	5	7
ENOG410Y2QG	3	4	0	7	7
ENOG410Y30I	4	3	2	5	7
ENOG410Y3AH	3	4	0	7	7
ENOG410Y3CU	1	6	4	3	7
ENOG410Y3IK	3	4	4	3	7
ENOG410Y44W	3	4	0	7	7
ENOG410Y47Q	5	2	5	2	7
ENOG410Y4AB	2	5	6	1	7
ENOG410Y4I7	3	4	0	7	7
ENOG410Y4NF	5	2	0	7	7
ENOG410Y4VD	3	4	5	2	7
ENOG410Y50B	6	1	3	4	7
ENOG410Y57Z	3	4	1	6	7
ENOG410Y5BR	3	4	1	6	7
ENOG410Y5R4	6	1	4	3	7
ENOG410Y5RX	5	2	2	5	7
ENOG410Y5SN	6	1	2	5	7
ENOG410Y5X3	4	3	3	4	7
ENOG410Y61A	3	4	0	7	7
ENOG410Y61B	4	3	0	7	7
ENOG410Y65N	5	2	4	3	7
ENOG410Y698	4	3	3	4	7
ENOG410Y69H	2	5	4	3	7
ENOG410Y6BE	5	2	2	5	7
ENOG410Y6DH	5	2	3	4	7
ENOG410Y6JS	5	2	0	7	7
ENOG410Y6KN	3	4	1	6	7
ENOG410Y6N4	4	3	0	7	7
ENOG410Y6PP	3	4	0	7	7
ENOG410Y6T0	3	4	0	7	7
ENOG410Y714	1	6	3	4	7
ENOG410Y74B	4	3	3	4	7
ENOG410Y74R	4	3	1	6	7
ENOG410Y74T	2	5	6	1	7
ENOG410Y7HR	2	5	2	5	7
ENOG410Y7J2	3	4	4	3	7
ENOG410Y7MF	5	2	1	6	7
ENOG410Y7NJ	5	2	3	4	7
ENOG410Y80I	4	3	0	7	7
ENOG410Y82Q	6	1	2	5	7
ENOG410Y8AE	5	2	4	3	7
ENOG410Y8AI	4	3	1	6	7
ENOG410Y8MT	5	2	0	7	7
ENOG410Y8NU	6	1	3	4	7
ENOG410Y8YV	5	2	0	7	7
ENOG410Y909	5	2	2	5	7
ENOG410Y90I	4	3	2	5	7
ENOG410Y91P	5	2	6	1	7
ENOG410Y99K	5	2	3	4	7
ENOG410Y9BH	3	4	0	7	7
ENOG410Y9CX	5	2	2	5	7
ENOG410Y9CY	2	5	0	7	7
ENOG410Y9DN	5	2	3	4	7
ENOG410Y9EU	5	2	4	3	7
ENOG410Y9IT	5	2	2	5	7
ENOG410Y9J2	5	2	0	7	7
ENOG410Y9K3	5	2	1	6	7
ENOG410Y9VZ	4	3	2	5	7
ENOG410Y9XN	5	2	2	5	7
ENOG410Y9Y0	5	2	2	5	7
ENOG410Y9YJ	6	1	4	3	7
ENOG410Y9YN	3	4	1	6	7
ENOG410YA2N	5	2	1	6	7
ENOG410YA83	4	3	3	4	7
ENOG410YA89	5	2	6	1	7
ENOG410YA9Z	5	2	4	3	7
ENOG410YAA3	5	2	3	4	7
ENOG410YAB1	5	2	1	6	7
ENOG410YABC	5	2	3	4	7
ENOG410YAFB	4	3	1	6	7
ENOG410YAGY	3	4	1	6	7
ENOG410YAQZ	6	1	2	5	7
ENOG410YAR1	4	3	0	7	7
ENOG410YARE	5	2	1	6	7
ENOG410YAT8	6	1	5	2	7
ENOG410YAVK	2	5	0	7	7
ENOG410YAVZ	4	3	0	7	7
ENOG410YAY4	4	3	1	6	7
ENOG410YAYF	4	3	0	7	7
ENOG410YAYV	6	1	2	5	7
ENOG410YB0P	5	2	2	5	7
ENOG410YB26	5	2	4	3	7
ENOG410YB56	4	3	4	3	7
ENOG410YB63	5	2	1	6	7
ENOG410YB6W	4	3	1	6	7
ENOG410YB9V	4	3	1	6	7
ENOG410YBD7	7	0	2	5	7
ENOG410YBE3	5	2	2	5	7
ENOG410YBFJ	4	3	3	4	7
ENOG410YBFN	5	2	5	2	7
ENOG410YBKF	5	2	2	5	7
ENOG410YBMI	4	3	1	6	7
ENOG410YBND	6	1	3	4	7
ENOG410YBPP	4	3	5	2	7
ENOG410YBRJ	5	2	2	5	7
ENOG410YBTJ	5	2	0	7	7
ENOG410YBY0	4	3	0	7	7
ENOG410YBY2	6	1	2	5	7
ENOG410YBZF	5	2	3	4	7
ENOG410YC05	5	2	4	3	7
ENOG410YC06	6	1	2	5	7
ENOG410YC0Y	5	2	4	3	7
ENOG410YC2V	5	2	3	4	7
ENOG410YC2W	5	2	6	1	7
ENOG410YC2X	6	1	5	2	7
ENOG410YC5Y	4	3	0	7	7
ENOG410YC9E	5	2	4	3	7
ENOG410YCC6	5	2	3	4	7
ENOG410YCET	6	1	1	6	7
ENOG410YCFW	3	4	0	7	7
ENOG410YCGG	3	4	5	2	7
ENOG410YCIZ	5	2	3	4	7
ENOG410YCMS	5	2	5	2	7
ENOG410YCNG	4	3	6	1	7
ENOG410YCTM	6	1	1	6	7
ENOG410YCVH	4	3	1	6	7
ENOG410YCVR	5	2	3	4	7
ENOG410YCW7	4	3	6	1	7
ENOG410YCWB	5	2	0	7	7
ENOG410YCXR	5	2	2	5	7
ENOG410YCZF	6	1	2	5	7
ENOG410YD2N	5	2	1	6	7
ENOG410YD3Q	5	2	4	3	7
ENOG410YD8B	5	2	5	2	7
ENOG410YD8C	5	2	2	5	7
ENOG410YD8U	6	1	6	1	7
ENOG410YD8Y	5	2	3	4	7
ENOG410YD95	5	2	3	4	7
ENOG410YDIC	5	2	1	6	7
ENOG410YDM2	5	2	3	4	7
ENOG410YDMQ	4	3	1	6	7
ENOG410YDN3	4	3	5	2	7
ENOG410YDQJ	3	4	2	5	7
ENOG410YDRB	4	3	0	7	7
ENOG410YDVK	5	2	0	7	7
ENOG410YDYP	5	2	3	4	7
ENOG410YE91	5	2	3	4	7
ENOG410YEA5	6	1	2	5	7
ENOG410YEB8	5	2	0	7	7
ENOG410YEBG	5	2	4	3	7
ENOG410YEEH	3	4	1	6	7
ENOG410YEG3	5	2	1	6	7
ENOG410YEGB	6	1	4	3	7
ENOG410YEUD	5	2	3	4	7
ENOG410YEV5	3	4	0	7	7
ENOG410YEWF	4	3	3	4	7
ENOG410YEWP	6	1	3	4	7
ENOG410YEZ1	4	3	2	5	7
ENOG410YF02	5	2	1	6	7
ENOG410YF0Y	6	1	4	3	7
ENOG410YF2K	4	3	0	7	7
ENOG410YF6U	5	2	2	5	7
ENOG410YF7G	5	2	5	2	7
ENOG410YF9W	6	1	1	6	7
ENOG410YFDR	6	1	3	4	7
ENOG410YFF0	4	3	5	2	7
ENOG410YFFI	4	3	5	2	7
ENOG410YFI1	3	4	3	4	7
ENOG410YFIY	5	2	5	2	7
ENOG410YFJQ	5	2	5	2	7
ENOG410YFKX	4	3	3	4	7
ENOG410YFS2	5	2	2	5	7
ENOG410YFS4	5	2	2	5	7
ENOG410YFSW	5	2	3	4	7
ENOG410YFW8	5	2	1	6	7
ENOG410YFWP	5	2	1	6	7
ENOG410YFX1	4	3	1	6	7
ENOG410YG02	5	2	2	5	7
ENOG410YG0G	4	3	2	5	7
ENOG410YGAE	5	2	4	3	7
ENOG410YGAP	5	2	2	5	7
ENOG410YGC5	4	3	1	6	7
ENOG410YGI2	5	2	5	2	7
ENOG410YGT9	3	4	3	4	7
ENOG410YGXY	4	3	0	7	7
ENOG410YGYK	4	3	0	7	7
ENOG410YH15	5	2	2	5	7
ENOG410YH8W	5	2	1	6	7
ENOG410YH96	4	3	4	3	7
ENOG410YH9E	4	3	5	2	7
ENOG410YHCG	5	2	0	7	7
ENOG410YHEK	4	3	0	7	7
ENOG410YHEN	4	3	1	6	7
ENOG410YHJ4	5	2	1	6	7
ENOG410YHJ9	5	2	4	3	7
ENOG410YI22	5	2	3	4	7
ENOG410YI2M	6	1	5	2	7
ENOG410YI72	3	4	4	3	7
ENOG410YI7C	4	3	0	7	7
ENOG410YI7H	3	4	0	7	7
ENOG410YI9F	4	3	2	5	7
ENOG410YID6	4	3	3	4	7
ENOG410YIFJ	0	7	0	7	7
ENOG410YIHY	6	1	2	5	7
ENOG410YIIJ	4	3	1	6	7
ENOG410YITK	4	3	1	6	7
ENOG410YIUE	4	3	2	5	7
ENOG410YIUP	5	2	3	4	7
ENOG410YIX7	5	2	4	3	7
ENOG410YIXT	5	2	4	3	7
ENOG410YIZ7	5	2	2	5	7
ENOG410YJ0X	4	3	1	6	7
ENOG410YJ36	5	2	5	2	7
ENOG410YJ3G	5	2	4	3	7
ENOG410YJ58	4	3	5	2	7
ENOG410YJ6W	2	5	4	3	7
ENOG410YJ72	5	2	2	5	7
ENOG410YJAY	6	1	2	5	7
ENOG410YJC2	5	2	1	6	7
ENOG410YJED	4	3	2	5	7
ENOG410YJKP	4	3	5	2	7
ENOG410YJMH	4	3	1	6	7
ENOG410YJW3	3	4	1	6	7
ENOG410YK3M	5	2	2	5	7
ENOG410YK6C	4	3	0	7	7
ENOG410YK82	4	3	1	6	7
ENOG410YKJW	4	3	2	5	7
ENOG410YKSV	4	3	2	5	7
ENOG410YKUY	5	2	2	5	7
ENOG410YM1X	4	3	1	6	7
ENOG410YM4C	4	3	0	7	7
ENOG410YM68	5	2	0	7	7
ENOG410YMAW	3	4	2	5	7
ENOG410YMBB	6	1	2	5	7
ENOG410YMPY	4	3	6	1	7
ENOG410YMQ7	4	3	0	7	7
ENOG410YMZA	6	1	2	5	7
ENOG410YN3H	4	3	2	5	7
ENOG410YN8Y	5	2	1	6	7
ENOG410YN8Z	4	3	2	5	7
ENOG410YNGB	5	2	0	7	7
ENOG410YNH9	5	2	2	5	7
ENOG410YNPF	5	2	1	6	7
ENOG410YNZ3	5	2	3	4	7
ENOG410YP1Q	5	2	4	3	7
ENOG410YP2K	6	1	0	7	7
ENOG410YP98	4	3	4	3	7
ENOG410YPAF	2	5	4	3	7
ENOG410YPBM	5	2	6	1	7
ENOG410YPC8	3	4	2	5	7
ENOG410YPQ3	4	3	2	5	7
ENOG410YPQK	4	3	1	6	7
ENOG410YQ0S	4	3	1	6	7
ENOG410YQ2I	4	3	1	6	7
ENOG410YQ2P	5	2	1	6	7
ENOG410YQ31	5	2	2	5	7
ENOG410YQBC	4	3	4	3	7
ENOG410YQEP	5	2	0	7	7
ENOG410YQF3	5	2	3	4	7
ENOG410YQFJ	5	2	4	3	7
ENOG410YQI4	5	2	5	2	7
ENOG410YQKC	3	4	1	6	7
ENOG410YQS9	4	3	3	4	7
ENOG410YR38	5	2	3	4	7
ENOG410YR8A	3	4	2	5	7
ENOG410YRAH	5	2	3	4	7
ENOG410YRD4	6	1	2	5	7
ENOG410YRHR	4	3	0	7	7
ENOG410YRJC	3	4	1	6	7
ENOG410YRV1	5	2	0	7	7
ENOG410YS5K	6	1	3	4	7
ENOG410YSBZ	5	2	1	6	7
ENOG410YSH0	5	2	0	7	7
ENOG410YSHF	4	3	6	1	7
ENOG410YSIM	5	2	1	6	7
ENOG410YSJJ	5	2	3	4	7
ENOG410YT0J	5	2	3	4	7
ENOG410YT0K	6	1	4	3	7
ENOG410YT74	6	1	3	4	7
ENOG410YT7D	5	2	2	5	7
ENOG410YT9M	5	2	0	7	7
ENOG410YTK8	5	2	4	3	7
ENOG410YU4S	5	2	4	3	7
ENOG410YU6X	3	4	2	5	7
ENOG410YUBX	2	5	1	6	7
ENOG410YUF4	3	4	0	7	7
ENOG410YUMD	4	3	0	7	7
ENOG410YUU6	2	5	5	2	7
ENOG410YUYC	5	2	4	3	7
ENOG410YV3U	5	2	5	2	7
ENOG410YV6W	3	4	0	7	7
ENOG410YVAF	3	4	3	4	7
ENOG410YVDY	4	3	0	7	7
ENOG410YVFE	2	5	2	5	7
ENOG410YVPX	5	2	3	4	7
ENOG410YVWG	4	3	2	5	7
ENOG410YW9Z	5	2	1	6	7
ENOG410YWNZ	6	1	5	2	7
ENOG410YWW6	4	3	7	0	7
ENOG410YX06	4	3	1	6	7
ENOG410YX8I	5	2	3	4	7
ENOG410YX99	5	2	0	7	7
ENOG410YXCA	5	2	4	3	7
ENOG410YXTA	3	4	0	7	7
ENOG410YXTV	3	4	1	6	7
ENOG410YXW0	3	4	1	6	7
ENOG410YYXB	5	2	4	3	7
ENOG410YYXN	4	3	3	4	7
ENOG410Z02K	5	2	0	7	7
ENOG410Z07R	5	2	4	3	7
ENOG410Z08J	3	4	4	3	7
ENOG410Z0IW	4	3	1	6	7
ENOG410Z17U	5	2	5	2	7
ENOG410Z217	5	2	3	4	7
ENOG410Z27T	4	3	7	0	7
ENOG410Z295	4	3	4	3	7
ENOG410Z2E7	5	2	2	5	7
ENOG410Z2G6	4	3	0	7	7
ENOG410Z2J1	3	4	3	4	7
ENOG410Z36F	5	2	2	5	7
ENOG410Z3XN	4	3	3	4	7
ENOG410Z42R	5	2	4	3	7
ENOG410Z470	3	4	1	6	7
ENOG410Z51W	5	2	0	7	7
ENOG410Z568	4	3	5	2	7
ENOG410Z588	4	3	1	6	7
ENOG410Z5P3	3	4	0	7	7
ENOG410Z6F6	4	3	0	7	7
ENOG410Z6ZU	5	2	6	1	7
ENOG410Z78K	5	2	1	6	7
ENOG410Z79W	4	3	0	7	7
ENOG410Z7CF	5	2	2	5	7
ENOG410Z7MK	5	2	5	2	7
ENOG410Z7PY	4	3	5	2	7
ENOG410Z89S	6	1	2	5	7
ENOG410Z8B4	5	2	1	6	7
ENOG410Z8C3	5	2	5	2	7
ENOG410Z8K8	5	2	6	1	7
ENOG410Z92N	4	3	4	3	7
ENOG410Z937	4	3	7	0	7
ENOG410Z9WF	5	2	0	7	7
ENOG410ZA1A	5	2	1	6	7
ENOG410ZA63	5	2	0	7	7
ENOG410ZADN	5	2	5	2	7
ENOG410ZB0Z	6	1	2	5	7
ENOG410ZBEN	2	5	1	6	7
ENOG410ZBQS	4	3	2	5	7
ENOG410ZBWM	5	2	2	5	7
ENOG410ZC02	3	4	1	6	7
ENOG410ZC5F	5	2	0	7	7
ENOG410ZC98	6	1	3	4	7
ENOG410ZD6H	3	4	3	4	7
ENOG410ZDI4	4	3	0	7	7
ENOG410ZEB6	6	1	3	4	7
ENOG410ZEMC	6	1	7	0	7
ENOG410ZFU4	5	2	2	5	7
ENOG410ZG3Z	5	2	3	4	7
ENOG410ZGRA	5	2	5	2	7
ENOG410ZHCN	1	6	2	5	7
ENOG410ZHKD	5	2	3	4	7
ENOG410ZI19	4	3	1	6	7
ENOG410ZI89	4	3	4	3	7
ENOG410ZIAB	2	5	4	3	7
ENOG410ZIF1	5	2	4	3	7
ENOG410ZJH1	5	2	2	5	7
ENOG410ZJHZ	5	2	1	6	7
ENOG410ZJJS	5	2	1	6	7
ENOG410ZJK0	5	2	2	5	7
ENOG410ZJM7	4	3	2	5	7
ENOG410ZJMP	5	2	1	6	7
ENOG410ZJPZ	3	4	0	7	7
ENOG410ZJR9	4	3	0	7	7
ENOG410ZJV1	4	3	5	2	7
ENOG410ZJVD	5	2	2	5	7
ENOG410ZJWK	5	2	0	7	7
ENOG410ZJY7	4	3	6	1	7
ENOG410ZJYB	5	2	1	6	7
ENOG410ZK0W	4	3	0	7	7
ENOG410ZK6H	4	3	5	2	7
ENOG410ZKC2	6	1	2	5	7
ENOG410ZKE8	3	4	1	6	7
ENOG410ZKES	6	1	7	0	7
ENOG410ZKJY	4	3	0	7	7
ENOG410ZKM4	6	1	2	5	7
ENOG410ZKMW	6	1	6	1	7
ENOG410ZKNE	5	2	4	3	7
ENOG410ZKR2	4	3	5	2	7
ENOG410ZM02	2	5	2	5	7
ENOG410ZM1E	4	3	1	6	7
ENOG410ZM3M	5	2	0	7	7
ENOG410ZMS9	5	2	3	4	7
ENOG410ZMSK	4	3	3	4	7
ENOG410ZN54	5	2	3	4	7
ENOG410ZN8Y	2	5	0	7	7
ENOG410ZNCA	5	2	2	5	7
ENOG410ZNDB	5	2	3	4	7
ENOG410ZNXT	3	4	0	7	7
ENOG410ZP37	2	5	6	1	7
ENOG410ZPH1	4	3	1	6	7
ENOG410ZPM6	5	2	1	6	7
ENOG410ZQ17	2	5	3	4	7
ENOG410ZQ9R	4	3	3	4	7
ENOG410ZQEY	1	6	0	7	7
ENOG410ZQPZ	1	6	3	4	7
ENOG410ZQTG	4	3	0	7	7
ENOG410ZR3Q	5	2	0	7	7
ENOG410ZR5K	5	2	4	3	7
ENOG410ZR6H	5	2	7	0	7
ENOG410ZRD3	3	4	0	7	7
ENOG410ZRQY	4	3	1	6	7
ENOG410ZRT2	5	2	1	6	7
ENOG410ZS3Y	4	3	1	6	7
ENOG410ZSAC	5	2	0	7	7
ENOG410ZSR7	4	3	1	6	7
ENOG410ZSSQ	3	4	1	6	7
ENOG410ZT4I	6	1	3	4	7
ENOG410ZT6D	4	3	1	6	7
ENOG410ZT94	3	4	6	1	7
ENOG410ZTD8	4	3	3	4	7
ENOG410ZTGR	3	4	5	2	7
ENOG410ZTJW	3	4	3	4	7
ENOG410ZTS5	7	0	1	6	7
ENOG410ZU9X	5	2	4	3	7
ENOG410ZUAG	4	3	2	5	7
ENOG410ZUBG	5	2	4	3	7
ENOG410ZUD8	4	3	5	2	7
ENOG410ZUKH	5	2	4	3	7
ENOG410ZUN9	5	2	1	6	7
ENOG410ZV35	5	2	2	5	7
ENOG410ZVB9	4	3	1	6	7
ENOG410ZVC8	3	4	4	3	7
ENOG410ZVEQ	5	2	1	6	7
ENOG410ZVF4	4	3	1	6	7
ENOG410ZVG1	4	3	2	5	7
ENOG410ZVID	6	1	2	5	7
ENOG410ZVJ2	5	2	4	3	7
ENOG410ZVN9	5	2	1	6	7
ENOG410ZVNW	3	4	2	5	7
ENOG410ZVPG	6	1	5	2	7
ENOG410ZVQE	4	3	3	4	7
ENOG410ZVQI	3	4	1	6	7
ENOG410ZVQZ	5	2	1	6	7
ENOG410ZVSH	3	4	1	6	7
ENOG410ZVSQ	4	3	4	3	7
ENOG410ZVWS	5	2	3	4	7
ENOG410ZVXI	5	2	3	4	7
ENOG410ZVYC	5	2	1	6	7
ENOG410ZW2X	5	2	2	5	7
ENOG410ZW3P	4	3	5	2	7
ENOG410ZW51	5	2	2	5	7
ENOG410ZW61	5	2	2	5	7
ENOG410ZW69	5	2	3	4	7
ENOG410ZW9J	4	3	0	7	7
ENOG410ZWAU	2	5	2	5	7
ENOG410ZWAW	3	4	4	3	7
ENOG410ZWBC	4	3	2	5	7
ENOG410ZWCY	5	2	4	3	7
ENOG410ZWE1	5	2	1	6	7
ENOG410ZWFH	5	2	5	2	7
ENOG410ZWH8	4	3	3	4	7
ENOG410ZWIY	4	3	0	7	7
ENOG410ZWMR	4	3	3	4	7
ENOG410ZWSP	5	2	1	6	7
ENOG410ZWWG	5	2	4	3	7
ENOG410ZWZA	3	4	5	2	7
ENOG410ZX2Q	3	4	0	7	7
ENOG410ZX3G	6	1	2	5	7
ENOG410ZX7G	4	3	3	4	7
ENOG410ZXAN	4	3	0	7	7
ENOG410ZXF2	5	2	3	4	7
ENOG410ZXHK	4	3	0	7	7
ENOG410ZXPF	2	5	2	5	7
ENOG410ZXW8	5	2	0	7	7
ENOG410ZXXH	2	5	2	5	7
ENOG410ZXYQ	2	5	1	6	7
ENOG410ZXZ4	5	2	1	6	7
ENOG410ZY0U	5	2	1	6	7
ENOG410ZY36	4	3	2	5	7
ENOG410ZY7A	3	4	0	7	7
ENOG410ZY90	3	4	2	5	7
ENOG410ZYMS	3	4	2	5	7
ENOG410ZYRK	3	4	3	4	7
ENOG410ZYVS	5	2	0	7	7
ENOG410ZZ6Q	4	3	3	4	7
ENOG410ZZ7B	4	3	5	2	7
ENOG410ZZBZ	5	2	1	6	7
ENOG410ZZJU	3	4	1	6	7
ENOG410ZZMV	4	3	1	6	7
ENOG410ZZR9	3	4	1	6	7
ENOG410ZZRH	5	2	3	4	7
ENOG410ZZXB	2	5	0	7	7
ENOG410ZZY0	5	2	5	2	7
ENOG410ZZY5	6	1	2	5	7
ENOG410ZZYY	4	3	0	7	7
ENOG4110001	4	3	4	3	7
ENOG411000B	5	2	5	2	7
ENOG411001J	4	3	0	7	7
ENOG411004W	6	1	3	4	7
ENOG411005D	4	3	5	2	7
ENOG4110080	3	4	1	6	7
ENOG41100BD	3	4	4	3	7
ENOG41100C5	5	2	0	7	7
ENOG41100EM	6	1	2	5	7
ENOG41100K7	3	4	2	5	7
ENOG41100PS	5	2	5	2	7
ENOG41100UY	4	3	0	7	7
ENOG41100V7	5	2	0	7	7
ENOG411011U	5	2	0	7	7
ENOG411015J	4	3	1	6	7
ENOG4110189	3	4	1	6	7
ENOG41101ZB	4	3	3	4	7
ENOG4110288	4	3	3	4	7
ENOG41102NG	4	3	0	7	7
ENOG41102QB	4	3	2	5	7
ENOG41102XJ	4	3	1	6	7
ENOG4110335	5	2	4	3	7
ENOG411039E	5	2	1	6	7
ENOG41103XH	6	1	0	7	7
ENOG41104RH	6	1	1	6	7
ENOG4110816	4	3	2	5	7
ENOG41108DP	4	3	1	6	7
ENOG4110AED	5	2	6	1	7
ENOG4110AY7	4	3	2	5	7
ENOG4110B36	5	2	2	5	7
ENOG4110B6A	5	2	3	4	7
ENOG4110CVX	5	2	4	3	7
ENOG4110EAV	5	2	3	4	7
ENOG4110I8X	5	2	1	6	7
ENOG4110MCC	3	4	1	6	7
ENOG4110MHZ	3	4	3	4	7
ENOG4110P7J	2	5	5	2	7
ENOG4110QSB	5	2	5	2	7
ENOG4110R7K	3	4	3	4	7
ENOG4110SIQ	3	4	5	2	7
ENOG4110SVC	6	1	1	6	7
ENOG4110TGQ	5	2	1	6	7
ENOG4110TKN	4	3	2	5	7
ENOG4110WT0	5	2	0	7	7
ENOG4110Y31	3	4	2	5	7
ENOG41110TH	5	2	3	4	7
ENOG4111228	4	3	0	7	7
ENOG41112I7	3	4	2	5	7
ENOG4111454	5	2	1	6	7
ENOG41114H6	1	6	7	0	7
ENOG41114KY	5	2	3	4	7
ENOG4111604	5	2	3	4	7
ENOG41117TR	5	2	3	4	7
ENOG41118QN	3	4	0	7	7
ENOG4111A91	3	4	4	3	7
ENOG4111D1K	2	5	1	6	7
ENOG4111EY6	5	2	1	6	7
ENOG4111EYG	5	2	3	4	7
ENOG4111F5B	5	2	1	6	7
ENOG4111F6F	5	2	4	3	7
ENOG4111F81	6	1	2	5	7
ENOG4111F8X	4	3	0	7	7
ENOG4111FCG	4	3	4	3	7
ENOG4111FFG	5	2	2	5	7
ENOG4111FNX	5	2	1	6	7
ENOG4111FPT	5	2	2	5	7
ENOG4111FQP	5	2	4	3	7
ENOG4111FRV	5	2	2	5	7
ENOG4111FTA	2	5	7	0	7
ENOG4111FTN	5	2	3	4	7
ENOG4111FU6	5	2	5	2	7
ENOG4111FUN	4	3	3	4	7
ENOG4111G1C	4	3	2	5	7
ENOG4111G3Y	5	2	3	4	7
ENOG4111G4S	5	2	2	5	7
ENOG4111G6R	5	2	3	4	7
ENOG4111G9A	5	2	3	4	7
ENOG4111G9H	5	2	0	7	7
ENOG4111GA6	4	3	3	4	7
ENOG4111GBW	5	2	1	6	7
ENOG4111GC9	6	1	2	5	7
ENOG4111GCX	5	2	5	2	7
ENOG4111GG0	5	2	2	5	7
ENOG4111GGS	5	2	3	4	7
ENOG4111GMI	6	1	2	5	7
ENOG4111GND	4	3	0	7	7
ENOG4111GQF	5	2	1	6	7
ENOG4111GRU	5	2	2	5	7
ENOG4111GS3	1	6	4	3	7
ENOG4111GVE	7	0	1	6	7
ENOG4111GWB	6	1	5	2	7
ENOG4111GZ2	5	2	2	5	7
ENOG4111H00	4	3	0	7	7
ENOG4111H11	3	4	0	7	7
ENOG4111H1Q	5	2	5	2	7
ENOG4111H6B	3	4	3	4	7
ENOG4111H7I	6	1	5	2	7
ENOG4111H7K	5	2	5	2	7
ENOG4111H7M	5	2	1	6	7
ENOG4111HEJ	5	2	4	3	7
ENOG4111HH3	5	2	1	6	7
ENOG4111HH7	4	3	4	3	7
ENOG4111HIF	5	2	1	6	7
ENOG4111HKV	4	3	1	6	7
ENOG4111HN5	2	5	3	4	7
ENOG4111HP7	5	2	1	6	7
ENOG4111HPB	5	2	2	5	7
ENOG4111HQ1	4	3	4	3	7
ENOG4111HQ9	6	1	3	4	7
ENOG4111HR3	4	3	1	6	7
ENOG4111HWZ	4	3	4	3	7
ENOG4111HX8	3	4	0	7	7
ENOG4111HZY	6	1	3	4	7
ENOG4111I09	3	4	3	4	7
ENOG4111I2U	1	6	5	2	7
ENOG4111I30	4	3	2	5	7
ENOG4111I3U	5	2	2	5	7
ENOG4111I4Y	4	3	2	5	7
ENOG4111I6A	3	4	3	4	7
ENOG4111I86	5	2	2	5	7
ENOG4111I8A	6	1	3	4	7
ENOG4111IB2	6	1	6	1	7
ENOG4111IB6	6	1	1	6	7
ENOG4111IBJ	4	3	1	6	7
ENOG4111ICS	3	4	1	6	7
ENOG4111IEG	5	2	2	5	7
ENOG4111IFC	5	2	4	3	7
ENOG4111IHW	6	1	3	4	7
ENOG4111IJU	4	3	0	7	7
ENOG4111IME	1	6	6	1	7
ENOG4111IP3	5	2	2	5	7
ENOG4111IRT	5	2	0	7	7
ENOG4111ISZ	4	3	1	6	7
ENOG4111IUQ	3	4	5	2	7
ENOG4111IVE	4	3	1	6	7
ENOG4111IYN	5	2	3	4	7
ENOG4111J1K	5	2	1	6	7
ENOG4111J5Q	5	2	3	4	7
ENOG4111J85	4	3	3	4	7
ENOG4111J9Q	5	2	1	6	7
ENOG4111JA1	6	1	3	4	7
ENOG4111JB6	4	3	1	6	7
ENOG4111JCB	5	2	3	4	7
ENOG4111JDN	5	2	0	7	7
ENOG4111JHF	6	1	3	4	7
ENOG4111JJ0	5	2	5	2	7
ENOG4111JKB	4	3	0	7	7
ENOG4111JKF	5	2	1	6	7
ENOG4111JMZ	5	2	5	2	7
ENOG4111JP3	5	2	2	5	7
ENOG4111JP8	6	1	5	2	7
ENOG4111JQD	5	2	4	3	7
ENOG4111JQW	3	4	1	6	7
ENOG4111JV8	6	1	4	3	7
ENOG4111JX7	5	2	2	5	7
ENOG4111JYJ	5	2	2	5	7
ENOG4111JYN	6	1	3	4	7
ENOG4111K03	6	1	4	3	7
ENOG4111K71	5	2	2	5	7
ENOG4111K7N	3	4	1	6	7
ENOG4111K9G	5	2	3	4	7
ENOG4111KB5	3	4	5	2	7
ENOG4111KBS	3	4	2	5	7
ENOG4111KCZ	6	1	2	5	7
ENOG4111KI8	5	2	1	6	7
ENOG4111KII	6	1	1	6	7
ENOG4111KKP	4	3	1	6	7
ENOG4111KN8	5	2	3	4	7
ENOG4111KUX	5	2	3	4	7
ENOG4111KVS	4	3	4	3	7
ENOG4111KWQ	2	5	2	5	7
ENOG4111M1V	5	2	2	5	7
ENOG4111M2Z	3	4	3	4	7
ENOG4111M64	4	3	6	1	7
ENOG4111MD1	5	2	5	2	7
ENOG4111MDB	3	4	4	3	7
ENOG4111MF4	5	2	1	6	7
ENOG4111MG2	5	2	3	4	7
ENOG4111MJM	5	2	5	2	7
ENOG4111MME	6	1	4	3	7
ENOG4111MNA	3	4	1	6	7
ENOG4111MNS	6	1	4	3	7
ENOG4111MP4	5	2	1	6	7
ENOG4111MSQ	5	2	0	7	7
ENOG4111MU4	5	2	2	5	7
ENOG4111MX3	4	3	0	7	7
ENOG4111MXZ	4	3	1	6	7
ENOG4111N1J	5	2	4	3	7
ENOG4111N6Y	5	2	3	4	7
ENOG4111N7Z	5	2	4	3	7
ENOG4111NF7	4	3	1	6	7
ENOG4111NGN	4	3	1	6	7
ENOG4111NNW	3	4	0	7	7
ENOG4111NTE	5	2	0	7	7
ENOG4111NUU	5	2	0	7	7
ENOG4111NXC	6	1	4	3	7
ENOG4111NZF	2	5	5	2	7
ENOG4111P35	5	2	3	4	7
ENOG4111P3D	5	2	3	4	7
ENOG4111P5M	2	5	0	7	7
ENOG4111P6W	4	3	0	7	7
ENOG4111P8K	5	2	2	5	7
ENOG4111PBC	5	2	5	2	7
ENOG4111PBT	6	1	2	5	7
ENOG4111PFT	4	3	1	6	7
ENOG4111PG4	6	1	2	5	7
ENOG4111PK8	6	1	2	5	7
ENOG4111PS8	5	2	5	2	7
ENOG4111PTW	5	2	2	5	7
ENOG4111PU7	3	4	2	5	7
ENOG4111Q0K	3	4	6	1	7
ENOG4111Q2M	5	2	4	3	7
ENOG4111Q5V	5	2	2	5	7
ENOG4111Q8K	3	4	0	7	7
ENOG4111Q97	5	2	2	5	7
ENOG4111QVU	3	4	1	6	7
ENOG4111R0C	4	3	1	6	7
ENOG4111R54	2	5	5	2	7
ENOG4111R8F	5	2	4	3	7
ENOG4111R9E	3	4	0	7	7
ENOG4111RBZ	2	5	6	1	7
ENOG4111REP	3	4	2	5	7
ENOG4111RNE	4	3	4	3	7
ENOG4111RNG	4	3	1	6	7
ENOG4111RP8	4	3	0	7	7
ENOG4111RRS	6	1	6	1	7
ENOG4111RTE	4	3	0	7	7
ENOG4111RTK	4	3	2	5	7
ENOG4111RUQ	5	2	1	6	7
ENOG4111RWT	5	2	0	7	7
ENOG4111RX2	5	2	4	3	7
ENOG4111RZ5	5	2	5	2	7
ENOG4111S06	5	2	1	6	7
ENOG4111S4G	4	3	1	6	7
ENOG4111S67	6	1	3	4	7
ENOG4111S7I	6	1	5	2	7
ENOG4111S8V	4	3	3	4	7
ENOG4111SD7	6	1	1	6	7
ENOG4111SFV	5	2	1	6	7
ENOG4111SGM	5	2	2	5	7
ENOG4111SHJ	5	2	4	3	7
ENOG4111SHR	5	2	3	4	7
ENOG4111SIY	5	2	4	3	7
ENOG4111SJH	1	6	3	4	7
ENOG4111SQV	6	1	4	3	7
ENOG4111SU2	7	0	3	4	7
ENOG4111T4T	4	3	2	5	7
ENOG4111T5V	5	2	4	3	7
ENOG4111T8F	2	5	3	4	7
ENOG4111TA2	2	5	4	3	7
ENOG4111TB4	4	3	0	7	7
ENOG4111TR3	5	2	3	4	7
ENOG4111TT6	4	3	1	6	7
ENOG4111TVG	5	2	0	7	7
ENOG4111TWF	4	3	3	4	7
ENOG4111TZY	4	3	1	6	7
ENOG4111U4Y	4	3	5	2	7
ENOG4111U73	4	3	5	2	7
ENOG4111U74	4	3	0	7	7
ENOG4111U81	5	2	0	7	7
ENOG4111U9Q	5	2	3	4	7
ENOG4111UAG	3	4	2	5	7
ENOG4111UB9	4	3	0	7	7
ENOG4111UDA	4	3	3	4	7
ENOG4111UE5	4	3	0	7	7
ENOG4111UEJ	4	3	5	2	7
ENOG4111UGW	4	3	2	5	7
ENOG4111UID	5	2	3	4	7
ENOG4111UN1	4	3	1	6	7
ENOG4111UNT	4	3	2	5	7
ENOG4111UQG	5	2	4	3	7
ENOG4111UR5	4	3	0	7	7
ENOG4111UTU	4	3	2	5	7
ENOG4111UTX	6	1	0	7	7
ENOG4111UXA	2	5	3	4	7
ENOG4111UZG	3	4	6	1	7
ENOG4111V4N	5	2	2	5	7
ENOG4111V68	4	3	4	3	7
ENOG4111V8D	5	2	3	4	7
ENOG4111VAV	4	3	0	7	7
ENOG4111VAZ	5	2	4	3	7
ENOG4111VB3	3	4	0	7	7
ENOG4111VB9	4	3	1	6	7
ENOG4111VBB	7	0	3	4	7
ENOG4111VDK	6	1	3	4	7
ENOG4111VH8	4	3	0	7	7
ENOG4111VI5	6	1	0	7	7
ENOG4111VTK	6	1	4	3	7
ENOG4111VYR	5	2	4	3	7
ENOG4111W0A	3	4	2	5	7
ENOG4111W0B	3	4	2	5	7
ENOG4111WEC	5	2	3	4	7
ENOG4111WMW	5	2	4	3	7
ENOG4111WN1	6	1	4	3	7
ENOG4111WPM	4	3	6	1	7
ENOG4111WS7	4	3	0	7	7
ENOG4111X1K	3	4	3	4	7
ENOG4111X1V	6	1	2	5	7
ENOG4111X3H	6	1	3	4	7
ENOG4111X7D	4	3	0	7	7
ENOG4111X94	2	5	5	2	7
ENOG4111X9I	2	5	5	2	7
ENOG4111XEK	5	2	4	3	7
ENOG4111XFE	5	2	0	7	7
ENOG4111XHA	5	2	4	3	7
ENOG4111XHD	4	3	0	7	7
ENOG4111XKH	3	4	1	6	7
ENOG4111XMM	3	4	1	6	7
ENOG4111XN8	5	2	4	3	7
ENOG4111XQJ	3	4	2	5	7
ENOG4111XTW	3	4	4	3	7
ENOG4111XU3	4	3	2	5	7
ENOG4111XV5	3	4	3	4	7
ENOG4111XVQ	5	2	3	4	7
ENOG4111XZR	4	3	0	7	7
ENOG4111Y3Y	3	4	6	1	7
ENOG4111Y5F	5	2	0	7	7
ENOG4111Y80	5	2	3	4	7
ENOG4111YB4	2	5	4	3	7
ENOG4111YCW	6	1	5	2	7
ENOG4111YHK	5	2	1	6	7
ENOG4111YIU	5	2	6	1	7
ENOG4111YJG	3	4	1	6	7
ENOG4111YW1	5	2	3	4	7
ENOG4111YW5	2	5	0	7	7
ENOG4111YWK	4	3	0	7	7
ENOG4111Z0C	5	2	4	3	7
ENOG4111Z1K	5	2	1	6	7
ENOG4111Z3N	5	2	2	5	7
ENOG4111Z54	5	2	1	6	7
ENOG4111Z5U	1	6	5	2	7
ENOG4111Z66	6	1	4	3	7
ENOG4111Z9D	6	1	3	4	7
ENOG4111ZHE	5	2	3	4	7
ENOG4111ZJM	4	3	3	4	7
ENOG4111ZU2	3	4	0	7	7
ENOG4111ZYQ	5	2	0	7	7
ENOG4111ZZI	3	4	0	7	7
ENOG411200G	5	2	4	3	7
ENOG411201V	5	2	2	5	7
ENOG41120C4	4	3	0	7	7
ENOG41120CQ	5	2	5	2	7
ENOG41120DB	2	5	0	7	7
ENOG41120QD	4	3	0	7	7
ENOG41120UV	4	3	0	7	7
ENOG41120VS	4	3	1	6	7
ENOG41120XU	6	1	2	5	7
ENOG411211D	3	4	1	6	7
ENOG411215V	5	2	2	5	7
ENOG411217S	5	2	3	4	7
ENOG41121F2	2	5	2	5	7
ENOG41121IR	3	4	2	5	7
ENOG41121SA	5	2	1	6	7
ENOG41121TI	5	2	4	3	7
ENOG41121VB	6	1	5	2	7
ENOG41121WJ	4	3	0	7	7
ENOG411220G	5	2	4	3	7
ENOG411222S	2	5	4	3	7
ENOG411226F	4	3	1	6	7
ENOG411228A	7	0	3	4	7
ENOG411229C	2	5	1	6	7
ENOG411229U	4	3	0	7	7
ENOG41122GJ	4	3	0	7	7
ENOG41122HI	6	1	2	5	7
ENOG41122M6	5	2	2	5	7
ENOG41122NB	5	2	3	4	7
ENOG41122P4	2	5	6	1	7
ENOG41122UV	4	3	3	4	7
ENOG41122VM	4	3	1	6	7
ENOG411230M	5	2	0	7	7
ENOG411234I	6	1	2	5	7
ENOG411237Q	4	3	1	6	7
ENOG41123DX	5	2	5	2	7
ENOG41123G5	5	2	3	4	7
ENOG41123I1	3	4	1	6	7
ENOG41123IF	5	2	2	5	7
ENOG41123KX	2	5	4	3	7
ENOG4112451	4	3	2	5	7
ENOG4112493	3	4	1	6	7
ENOG41124DC	5	2	4	3	7
ENOG41124FR	4	3	1	6	7
ENOG41124MH	1	6	5	2	7
ENOG41124PE	4	3	0	7	7
ENOG41124PH	5	2	2	5	7
ENOG41124UP	5	2	1	6	7
ENOG4112522	4	3	0	7	7
ENOG411257V	6	1	4	3	7
ENOG411259P	2	5	6	1	7
ENOG41125AB	5	2	5	2	7
ENOG41125CR	2	5	1	6	7
ENOG41125D6	4	3	0	7	7
ENOG41125G7	5	2	2	5	7
ENOG41125GB	4	3	0	7	7
ENOG41125HN	4	3	2	5	7
ENOG41125JT	4	3	0	7	7
ENOG41125N3	4	3	0	7	7
ENOG41125QE	3	4	1	6	7
ENOG41125RF	5	2	0	7	7
ENOG41125TW	5	2	4	3	7
ENOG41125V3	4	3	0	7	7
ENOG41125X6	6	1	1	6	7
ENOG4112616	3	4	1	6	7
ENOG411261G	5	2	0	7	7
ENOG4112672	5	2	4	3	7
ENOG4112676	4	3	0	7	7
ENOG411267M	3	4	2	5	7
ENOG41126EI	5	2	3	4	7
ENOG41126GD	4	3	0	7	7
ENOG41126IB	4	3	0	7	7
ENOG41126IJ	5	2	1	6	7
ENOG41126QI	3	4	3	4	7
ENOG41126RN	4	3	1	6	7
ENOG41126VT	4	3	4	3	7
ENOG4112717	4	3	3	4	7
ENOG411271A	3	4	0	7	7
ENOG411271G	3	4	1	6	7
ENOG411278K	3	4	2	5	7
ENOG41127FW	4	3	4	3	7
ENOG41127G0	2	5	3	4	7
ENOG41127P0	5	2	0	7	7
ENOG41127PX	5	2	0	7	7
ENOG41127Q2	6	1	6	1	7
ENOG41127W8	5	2	0	7	7
ENOG411280K	5	2	7	0	7
ENOG4112857	4	3	0	7	7
ENOG411288G	5	2	1	6	7
ENOG41128BI	3	4	1	6	7
ENOG41128D5	2	5	2	5	7
ENOG41128F3	5	2	1	6	7
ENOG41128MG	4	3	3	4	7
ENOG41128P6	4	3	1	6	7
ENOG41128TJ	7	0	4	3	7
ENOG41128UQ	5	2	1	6	7
ENOG41128YM	3	4	1	6	7
ENOG411292Y	2	5	5	2	7
ENOG411296X	4	3	0	7	7
ENOG411297B	3	4	1	6	7
ENOG411297U	6	1	3	4	7
ENOG4112983	5	2	3	4	7
ENOG411298D	5	2	3	4	7
ENOG41129PP	3	4	2	5	7
ENOG41129TD	5	2	1	6	7
ENOG4112A2A	3	4	0	7	7
ENOG4112AFU	5	2	1	6	7
ENOG4112AGB	3	4	6	1	7
ENOG4112AMX	2	5	4	3	7
ENOG4112AS9	1	6	6	1	7
ENOG4112AUQ	4	3	3	4	7
ENOG4112AYN	3	4	2	5	7
ENOG4112B21	3	4	3	4	7
ENOG4112BBM	6	1	3	4	7
ENOG4112BFC	5	2	1	6	7
ENOG4112BMZ	6	1	3	4	7
ENOG4112BNG	5	2	0	7	7
ENOG4112C7V	5	2	2	5	7
ENOG4112C8X	2	5	5	2	7
ENOG4112CHY	5	2	5	2	7
ENOG4112CHZ	6	1	1	6	7
ENOG4112CNW	5	2	2	5	7
ENOG4112CPX	4	3	4	3	7
ENOG4112CQB	5	2	4	3	7
ENOG4112D1P	3	4	4	3	7
ENOG4112D2I	5	2	3	4	7
ENOG4112D73	5	2	3	4	7
ENOG4112DBJ	5	2	0	7	7
COG2366	3	4	5	2	7
COG4325	2	5	6	1	7
COG4403	4	3	0	7	7
COG5437	3	4	4	3	7
ENOG410XPZB	4	3	5	2	7
ENOG410XQJV	4	3	2	5	7
ENOG410XQYJ	1	6	5	2	7
ENOG410XR0I	3	4	2	5	7
ENOG410XSKS	5	2	3	4	7
ENOG410XW26	3	4	6	1	7
ENOG410XWE4	4	3	0	7	7
ENOG410XWUM	4	3	0	7	7
ENOG410Y26I	1	6	5	2	7
ENOG410Y3AE	0	7	4	3	7
ENOG410Y3XW	3	4	1	6	7
ENOG410Y8WS	2	5	4	3	7
ENOG410Y90V	2	5	7	0	7
ENOG410Y96E	6	1	1	6	7
ENOG410YBJF	0	7	5	2	7
ENOG410YBRS	2	5	2	5	7
ENOG410YCWT	4	3	2	5	7
ENOG410YD57	2	5	1	6	7
ENOG410YHCY	3	4	3	4	7
ENOG410YPZ3	2	5	4	3	7
ENOG410YU90	3	4	1	6	7
ENOG410YXKT	2	5	0	7	7
ENOG410Z2RW	3	4	1	6	7
ENOG410Z4FU	2	5	0	7	7
ENOG410ZATI	1	6	5	2	7
ENOG410ZHID	2	5	7	0	7
ENOG410ZJ5G	3	4	3	4	7
ENOG410ZJ9F	2	5	4	3	7
ENOG410ZMFH	1	6	4	3	7
ENOG410ZPA9	4	3	2	5	7
ENOG410ZRB7	3	4	2	5	7
ENOG410ZT7X	1	6	4	3	7
ENOG410ZU50	2	5	2	5	7
ENOG410ZWGS	5	2	2	5	7
ENOG410ZWMY	3	4	0	7	7
ENOG410ZXM0	2	5	6	1	7
ENOG41100UJ	4	3	1	6	7
ENOG4110504	3	4	1	6	7
ENOG4110HN9	3	4	6	1	7
ENOG4110WKJ	4	3	0	7	7
ENOG4111FR3	4	3	3	4	7
ENOG4111HC7	2	5	5	2	7
ENOG4111I5W	4	3	4	3	7
ENOG4111KN5	3	4	2	5	7
ENOG4111MDE	3	4	3	4	7
ENOG4111MR3	3	4	4	3	7
ENOG4111NCS	2	5	3	4	7
ENOG4111NYY	1	6	3	4	7
ENOG4111P36	0	7	5	2	7
ENOG4111PMH	2	5	3	4	7
ENOG4111PTZ	0	7	6	1	7
ENOG4111R4Y	3	4	5	2	7
ENOG4111RCW	1	6	5	2	7
ENOG4111RX8	0	7	5	2	7
ENOG4111TBD	1	6	6	1	7
ENOG4111TF3	1	6	5	2	7
ENOG4111TQC	1	6	5	2	7
ENOG4111VCR	5	2	2	5	7
ENOG4111VSN	1	6	3	4	7
ENOG4111WD0	3	4	6	1	7
ENOG4111WSV	4	3	6	1	7
ENOG4111WXQ	4	3	3	4	7
ENOG4111WZY	2	5	4	3	7
ENOG4111X0V	3	4	4	3	7
ENOG4111X46	3	4	3	4	7
ENOG4111XD0	1	6	3	4	7
ENOG4111XP3	2	5	4	3	7
ENOG4111YTP	1	6	5	2	7
ENOG4111YZT	3	4	4	3	7
ENOG4111ZU6	4	3	2	5	7
ENOG41120S9	0	7	4	3	7
ENOG4112192	4	3	1	6	7
ENOG41121PH	3	4	2	5	7
ENOG41122RP	4	3	0	7	7
ENOG41124W3	4	3	1	6	7
ENOG411289F	3	4	3	4	7
ENOG41128AR	1	6	4	3	7
ENOG4112936	1	6	2	5	7
COG3202	4	3	5	2	7
COG3570	2	5	4	3	7
COG4085	4	3	5	2	7
COG4412	6	1	0	7	7
COG4849	4	3	3	4	7
COG5620	4	3	0	7	7
ENOG410XNWD	5	2	5	2	7
ENOG410XRAT	3	4	2	5	7
ENOG410XS8C	5	2	5	2	7
ENOG410XSYQ	2	5	5	2	7
ENOG410XV92	3	4	5	2	7
ENOG410XZ8Y	5	2	3	4	7
ENOG410Y6WN	5	2	2	5	7
ENOG410Y7HA	3	4	1	6	7
ENOG410Y8F2	4	3	2	5	7
ENOG410Y8W0	5	2	3	4	7
ENOG410Y9DH	5	2	6	1	7
ENOG410YAYG	4	3	3	4	7
ENOG410YBH3	3	4	6	1	7
ENOG410YBRQ	6	1	1	6	7
ENOG410YC6S	5	2	4	3	7
ENOG410YCYE	5	2	2	5	7
ENOG410YD8K	5	2	3	4	7
ENOG410YDGG	6	1	3	4	7
ENOG410YDHJ	6	1	4	3	7
ENOG410YDTT	6	1	3	4	7
ENOG410YF69	4	3	4	3	7
ENOG410YF7B	6	1	2	5	7
ENOG410YF8B	5	2	5	2	7
ENOG410YFAI	5	2	4	3	7
ENOG410YFWE	4	3	4	3	7
ENOG410YGXM	4	3	3	4	7
ENOG410YH1K	6	1	4	3	7
ENOG410YKUT	4	3	2	5	7
ENOG410YNNP	5	2	2	5	7
ENOG410YP9M	4	3	2	5	7
ENOG410YPHM	5	2	2	5	7
ENOG410YSK0	5	2	6	1	7
ENOG410YWDA	5	2	0	7	7
ENOG410YXBI	5	2	1	6	7
ENOG410YYRY	4	3	0	7	7
ENOG410Z38T	2	5	4	3	7
ENOG410Z39D	5	2	5	2	7
ENOG410Z4FA	5	2	2	5	7
ENOG410Z67X	5	2	5	2	7
ENOG410Z6GU	4	3	7	0	7
ENOG410Z6IX	3	4	5	2	7
ENOG410Z8BV	6	1	2	5	7
ENOG410ZAFM	4	3	0	7	7
ENOG410ZF12	4	3	5	2	7
ENOG410ZHQ3	4	3	0	7	7
ENOG410ZUFB	2	5	4	3	7
ENOG410ZVDK	5	2	5	2	7
ENOG410ZX82	5	2	5	2	7
ENOG410ZXJN	2	5	3	4	7
ENOG410ZZBB	5	2	2	5	7
ENOG410ZZGZ	2	5	4	3	7
ENOG410ZZHJ	4	3	4	3	7
ENOG411006M	4	3	4	3	7
ENOG4110302	4	3	6	1	7
ENOG4110GT4	3	4	1	6	7
ENOG4110ZT3	5	2	2	5	7
ENOG4111FSH	4	3	3	4	7
ENOG4111G45	4	3	1	6	7
ENOG4111G6S	4	3	2	5	7
ENOG4111H1V	5	2	1	6	7
ENOG4111HVI	5	2	2	5	7
ENOG4111I99	5	2	3	4	7
ENOG4111INE	4	3	3	4	7
ENOG4111ITZ	4	3	4	3	7
ENOG4111J8W	5	2	2	5	7
ENOG4111JVW	4	3	6	1	7
ENOG4111K16	3	4	0	7	7
ENOG4111MM6	2	5	4	3	7
ENOG4111MTW	2	5	7	0	7
ENOG4111N8E	4	3	1	6	7
ENOG4111NEX	5	2	3	4	7
ENOG4111NMM	5	2	1	6	7
ENOG4111Q21	1	6	5	2	7
ENOG4111QVE	5	2	3	4	7
ENOG4111RC3	1	6	6	1	7
ENOG4111RGQ	5	2	1	6	7
ENOG4111S0C	5	2	4	3	7
ENOG4111SX6	3	4	1	6	7
ENOG4111U8E	5	2	3	4	7
ENOG4111VYM	5	2	0	7	7
ENOG4111WZB	5	2	5	2	7
ENOG4111XK0	5	2	6	1	7
ENOG4111Y2Y	4	3	1	6	7
ENOG4111YNF	5	2	4	3	7
ENOG41120H7	4	3	4	3	7
ENOG41121MG	5	2	3	4	7
ENOG41122MK	2	5	2	5	7
ENOG411230S	2	5	2	5	7
ENOG411241Q	3	4	7	0	7
ENOG41125J2	5	2	3	4	7
ENOG41125RN	4	3	2	5	7
ENOG411266S	4	3	5	2	7
ENOG41127EG	5	2	2	5	7
ENOG41127TK	4	3	1	6	7
ENOG41127TN	4	3	6	1	7
ENOG41128FT	4	3	3	4	7
ENOG4112A8K	6	1	2	5	7
ENOG4112B7S	5	2	2	5	7
ENOG4112BFI	4	3	1	6	7
ENOG4112C7Q	6	1	2	5	7
ENOG4112CXG	4	3	4	3	7
COG3185	1	6	7	0	7
ENOG410XPAH	1	6	3	4	7
ENOG410XPKD	2	5	5	2	7
ENOG410XQ5V	2	5	6	1	7
ENOG410XQWS	3	4	5	2	7
ENOG410XSCE	1	6	7	0	7
ENOG410XTYU	3	4	6	1	7
ENOG410XUII	3	4	5	2	7
ENOG410XUNB	1	6	5	2	7
ENOG410XX9J	4	3	7	0	7
ENOG410XY5S	4	3	5	2	7
ENOG410XYIX	3	4	1	6	7
ENOG410XZ5W	2	5	1	6	7
ENOG410Y0TG	4	3	2	5	7
ENOG410Y1DB	3	4	4	3	7
ENOG410Y2ZR	2	5	6	1	7
ENOG410YGAS	1	6	6	1	7
ENOG410YNJZ	3	4	4	3	7
ENOG410YQRP	4	3	1	6	7
ENOG410YRAX	4	3	1	6	7
ENOG410Z0IY	3	4	3	4	7
ENOG410ZDE6	3	4	7	0	7
ENOG410ZEGC	3	4	2	5	7
ENOG410ZGJ0	2	5	6	1	7
ENOG410ZK9X	2	5	1	6	7
ENOG410ZKG3	4	3	3	4	7
ENOG410ZM4J	2	5	5	2	7
ENOG410ZNUV	5	2	2	5	7
ENOG410ZVP9	3	4	3	4	7
ENOG410ZVWT	3	4	4	3	7
ENOG410ZW5S	1	6	5	2	7
ENOG410ZX1W	1	6	1	6	7
ENOG411000U	3	4	3	4	7
ENOG41100PD	1	6	7	0	7
ENOG41110S8	3	4	3	4	7
ENOG411135P	1	6	6	1	7
ENOG4111FJC	4	3	3	4	7
ENOG4111G4W	3	4	6	1	7
ENOG4111GV6	0	7	4	3	7
ENOG4111HYH	3	4	2	5	7
ENOG4111IZA	4	3	2	5	7
ENOG4111M39	2	5	6	1	7
ENOG4111NKW	3	4	6	1	7
ENOG4111Q58	1	6	6	1	7
ENOG4111QBF	3	4	2	5	7
ENOG4111QTY	2	5	5	2	7
ENOG4111SAV	3	4	4	3	7
ENOG4111V51	1	6	2	5	7
ENOG4111Y7C	4	3	2	5	7
ENOG4112264	3	4	6	1	7
ENOG4112608	3	4	3	4	7
COG4933	5	2	5	2	7
ENOG410XNTV	5	2	2	5	7
ENOG410XRH6	3	4	4	3	7
ENOG410XRPG	5	2	1	6	7
ENOG410XS7F	3	4	5	2	7
ENOG410XSQ0	4	3	3	4	7
ENOG410XSVW	3	4	5	2	7
ENOG410XTIS	4	3	1	6	7
ENOG410XTJ7	3	4	3	4	7
ENOG410XXXE	4	3	3	4	7
ENOG410XYZZ	3	4	0	7	7
ENOG410XZ74	4	3	2	5	7
ENOG410XZUT	6	1	2	5	7
ENOG410Y015	4	3	5	2	7
ENOG410Y2JB	1	6	1	6	7
ENOG410Y2W2	4	3	0	7	7
ENOG410Y315	3	4	0	7	7
ENOG410Y47H	4	3	0	7	7
ENOG410Y5P6	4	3	4	3	7
ENOG410Y6SJ	1	6	3	4	7
ENOG410Y85C	5	2	2	5	7
ENOG410Y8R0	6	1	3	4	7
ENOG410Y94C	5	2	1	6	7
ENOG410Y9V7	5	2	3	4	7
ENOG410YA56	5	2	4	3	7
ENOG410YACX	6	1	1	6	7
ENOG410YAS5	5	2	4	3	7
ENOG410YAUK	5	2	4	3	7
ENOG410YBMR	4	3	4	3	7
ENOG410YD4B	5	2	3	4	7
ENOG410YE0P	4	3	6	1	7
ENOG410YE84	3	4	4	3	7
ENOG410YFI4	5	2	3	4	7
ENOG410YHCP	5	2	3	4	7
ENOG410YIQ3	5	2	1	6	7
ENOG410YJXD	5	2	4	3	7
ENOG410YMAE	5	2	2	5	7
ENOG410Z2AQ	5	2	4	3	7
ENOG410Z2K9	5	2	2	5	7
ENOG410Z9EY	4	3	3	4	7
ENOG410ZJMR	3	4	4	3	7
ENOG410ZKHX	3	4	3	4	7
ENOG410ZT3S	5	2	2	5	7
ENOG410ZV69	4	3	4	3	7
ENOG410ZV6H	6	1	2	5	7
ENOG410ZVNY	3	4	6	1	7
ENOG410ZWGX	5	2	4	3	7
ENOG410ZWHD	3	4	2	5	7
ENOG410ZY5K	5	2	1	6	7
ENOG410ZZ1T	6	1	2	5	7
ENOG411028W	5	2	0	7	7
ENOG4110X8Q	5	2	4	3	7
ENOG41118GD	4	3	0	7	7
ENOG4111F1Q	4	3	3	4	7
ENOG4111FPX	3	4	2	5	7
ENOG4111GVU	5	2	1	6	7
ENOG4111H1F	4	3	1	6	7
ENOG4111I2C	1	6	5	2	7
ENOG4111I31	5	2	2	5	7
ENOG4111JP6	4	3	4	3	7
ENOG4111N51	2	5	4	3	7
ENOG4111PC7	4	3	2	5	7
ENOG4111PC8	5	2	4	3	7
ENOG4111Q0J	4	3	4	3	7
ENOG4111R12	1	6	3	4	7
ENOG4111URW	5	2	1	6	7
ENOG4111UWZ	4	3	6	1	7
ENOG4111YBT	3	4	3	4	7
ENOG41123TF	6	1	4	3	7
ENOG4112CWU	5	2	1	6	7
ENOG410XNQF	4	3	3	4	7
ENOG410XZP0	5	2	7	0	7
ENOG410Y0X2	3	4	1	6	7
ENOG410Y5VR	2	5	3	4	7
ENOG410YAI5	4	3	2	5	7
ENOG410YDY0	4	3	3	4	7
ENOG410YJJC	4	3	3	4	7
ENOG410YJNK	5	2	1	6	7
ENOG410YJNW	2	5	0	7	7
ENOG410YN3N	3	4	2	5	7
ENOG410YUBD	3	4	4	3	7
ENOG410YUE3	1	6	4	3	7
ENOG410Z104	3	4	5	2	7
ENOG410ZFED	3	4	1	6	7
ENOG410ZIQ4	5	2	2	5	7
ENOG410ZJ1R	3	4	4	3	7
ENOG410ZMWT	6	1	4	3	7
ENOG410ZQFA	4	3	4	3	7
ENOG410ZS7B	3	4	4	3	7
ENOG410ZUG6	3	4	5	2	7
ENOG410ZVEY	5	2	1	6	7
ENOG4110145	4	3	1	6	7
ENOG4111I0E	3	4	0	7	7
ENOG4111JKG	2	5	1	6	7
ENOG4111MBI	4	3	2	5	7
ENOG41123V7	4	3	2	5	7
ENOG41128KA	3	4	0	7	7
ENOG41128KE	5	2	1	6	7
COG4964	3	4	1	6	7
ENOG410XYCG	2	5	4	3	7
ENOG410Y4NK	3	4	1	6	7
ENOG410YZC6	2	5	5	2	7
ENOG4111THY	2	5	5	2	7
ENOG41121ZM	3	4	1	6	7
ENOG411252D	4	3	4	3	7
ENOG41126ZB	2	5	2	5	7
COG4249	7	0	5	2	7
COG4567	1	6	6	1	7
ENOG410XPS7	5	2	3	4	7
ENOG410XSUN	4	3	6	1	7
ENOG410XT3K	4	3	1	6	7
ENOG410XU9J	3	4	4	3	7
ENOG410XUGE	5	2	2	5	7
ENOG410XVH5	2	5	4	3	7
ENOG410XW4I	4	3	3	4	7
ENOG410XWNB	3	4	3	4	7
ENOG410XZXZ	5	2	2	5	7
ENOG410Y6UB	3	4	4	3	7
ENOG410Y7NW	5	2	4	3	7
ENOG410Y881	4	3	1	6	7
ENOG410YAI8	4	3	2	5	7
ENOG410YBDJ	4	3	3	4	7
ENOG410YCZT	6	1	3	4	7
ENOG410YHV8	5	2	1	6	7
ENOG410YIZV	4	3	0	7	7
ENOG410YJPW	1	6	5	2	7
ENOG410YNRA	4	3	1	6	7
ENOG410YQXT	2	5	0	7	7
ENOG410YRWU	4	3	3	4	7
ENOG410YVRX	4	3	1	6	7
ENOG410YWEG	3	4	3	4	7
ENOG410Z1WC	4	3	0	7	7
ENOG410Z2ND	4	3	0	7	7
ENOG410Z83I	5	2	3	4	7
ENOG410Z97P	2	5	4	3	7
ENOG410ZFFM	4	3	1	6	7
ENOG410ZRE2	2	5	6	1	7
ENOG410ZRJG	4	3	4	3	7
ENOG410ZW04	4	3	6	1	7
ENOG410ZWMP	6	1	3	4	7
ENOG410ZXJU	4	3	0	7	7
ENOG411002P	4	3	4	3	7
ENOG41101HG	4	3	1	6	7
ENOG41101WE	5	2	2	5	7
ENOG41102A3	5	2	3	4	7
ENOG41103AJ	5	2	1	6	7
ENOG41104XX	3	4	2	5	7
ENOG4110E68	4	3	2	5	7
ENOG4110UJY	2	5	1	6	7
ENOG411173M	3	4	4	3	7
ENOG4111EUJ	4	3	2	5	7
ENOG4111HZH	5	2	3	4	7
ENOG4111IBH	4	3	5	2	7
ENOG4111JDD	5	2	2	5	7
ENOG4111JMR	3	4	2	5	7
ENOG4111MRX	4	3	3	4	7
ENOG4111NEG	5	2	1	6	7
ENOG4111PZB	5	2	2	5	7
ENOG4111RXE	4	3	1	6	7
ENOG4111SDT	4	3	5	2	7
ENOG4111SJZ	4	3	0	7	7
ENOG4111SZB	5	2	0	7	7
ENOG4111T54	4	3	1	6	7
ENOG4111VCI	5	2	4	3	7
ENOG4111W2S	5	2	1	6	7
ENOG4111WWY	4	3	0	7	7
ENOG4111XST	5	2	4	3	7
ENOG4111YT4	4	3	3	4	7
ENOG4111YTD	5	2	4	3	7
ENOG41120F2	3	4	3	4	7
ENOG41120W9	4	3	3	4	7
ENOG41121XN	4	3	4	3	7
ENOG411234P	3	4	1	6	7
ENOG41123ZG	6	1	3	4	7
ENOG41125MV	4	3	3	4	7
ENOG41127JR	5	2	6	1	7
ENOG411293P	3	4	0	7	7
ENOG4112BED	5	2	2	5	7
ENOG4112BX3	4	3	1	6	7
ENOG410XSK8	6	1	4	3	7
ENOG410XTDY	2	5	7	0	7
ENOG410YENY	5	2	3	4	7
ENOG410YIUW	5	2	3	4	7
ENOG410YKVS	2	5	5	2	7
ENOG410YVH4	4	3	2	5	7
ENOG410Z6IM	5	2	3	4	7
ENOG4111M9Y	4	3	4	3	7
ENOG41123F0	3	4	5	2	7
ENOG410XNMX	5	2	1	6	7
ENOG410XRIS	3	4	2	5	7
ENOG410XWS1	3	4	2	5	7
ENOG410YC5T	4	3	2	5	7
ENOG410YXYD	4	3	0	7	7
ENOG410ZGJH	2	5	3	4	7
ENOG4111MX4	4	3	0	7	7
ENOG4111MY0	2	5	2	5	7
ENOG41126JQ	3	4	2	5	7
ENOG410YEWS	5	2	0	7	7
ENOG410XP0R	2	5	5	2	7
ENOG410Y3HN	5	2	2	5	7
ENOG410YAQA	5	2	0	7	7
ENOG410ZNH8	2	5	1	6	7
ENOG410ZVH0	4	3	4	3	7
ENOG4111SUK	5	2	4	3	7
ENOG41125AW	5	2	2	5	7
ENOG410XRCN	4	3	3	4	7
ENOG410XSQ6	4	3	3	4	7
ENOG410YGA1	4	3	2	5	7
ENOG410YGUG	5	2	6	1	7
ENOG410YHWN	3	4	4	3	7
ENOG410YHXN	3	4	2	5	7
ENOG410YPEJ	3	4	3	4	7
ENOG4110YX1	6	1	2	5	7
ENOG410YI10	3	4	1	6	7
ENOG410YWUA	4	3	3	4	7
ENOG410ZJ6Y	4	3	0	7	7
ENOG410ZK5M	4	3	3	4	7
ENOG411200D	5	2	0	7	7
ENOG410XPIG	3	4	3	4	7
ENOG410Z93W	1	6	6	1	7
ENOG4111KX8	5	2	0	7	7
ENOG41123RM	3	4	4	3	7
ENOG410Y5B4	1	6	0	7	7
ENOG410YBMA	5	2	0	7	7
ENOG410YDU4	3	4	5	2	7
ENOG410YE18	4	3	3	4	7
ENOG410YIPA	2	5	2	5	7
ENOG410ZV25	3	4	6	1	7
ENOG41101Y3	5	2	2	5	7
ENOG4111H2G	2	5	1	6	7
ENOG410Y3S9	3	4	5	2	7
ENOG410YCSD	2	5	6	1	7
ENOG410YPQE	3	4	2	5	7
ENOG410XRT1	4	3	1	6	7
ENOG410YK05	4	3	4	3	7
ENOG410Z01M	4	3	3	4	7
ENOG4111HK3	6	1	3	4	7
ENOG41124YU	3	4	1	6	7
COG3941	5	2	3	4	7
ENOG410XSCT	5	2	1	6	7
ENOG410YK7B	1	6	2	5	7
ENOG410XS5H	5	2	3	4	7
ENOG410YKXI	5	2	1	6	7
ENOG4111KBA	4	3	3	4	7
ENOG41123SZ	2	5	2	5	7
ENOG41122DJ	6	1	5	2	7
ENOG410ZJP4	5	2	2	5	7
ENOG410XWYN	5	2	2	5	7
ENOG410YARU	5	2	2	5	7
ENOG410Z2RR	3	4	4	3	7
ENOG410Y5ZF	5	2	3	4	7
ENOG410YU1Z	4	3	4	3	7
ENOG4111W1V	3	4	1	6	7
ENOG4112D3M	2	5	5	2	7
ENOG410Y9J8	5	2	6	1	7
ENOG410XTB1	4	3	3	4	7
COG4675	4	3	5	2	7
K00001	1	6	6	1	7
K00002	2	5	4	3	7
K00003	4	3	2	5	7
K00005	1	6	5	2	7
K00007	3	4	7	0	7
K00008	5	2	2	5	7
K00009	4	3	4	3	7
K00010	2	5	3	4	7
K00012	4	3	3	4	7
K00013	0	7	5	2	7
K00014	3	4	4	3	7
K00016	2	5	1	6	7
K00018	5	2	5	2	7
K00020	3	4	4	3	7
K00024	6	1	5	2	7
K00027	3	4	1	6	7
K00029	4	3	5	2	7
K00030	4	3	5	2	7
K00031	4	3	5	2	7
K00033	2	5	6	1	7
K00036	1	6	3	4	7
K00039	1	6	5	2	7
K00040	2	5	2	5	7
K00041	5	2	3	4	7
K00042	4	3	3	4	7
K00045	3	4	2	5	7
K00046	4	3	1	6	7
K00048	4	3	1	6	7
K00052	1	6	1	6	7
K00053	1	6	2	5	7
K00054	3	4	5	2	7
K00055	2	5	4	3	7
K00057	4	3	3	4	7
K00058	2	5	5	2	7
K00059	3	4	4	3	7
K00060	2	5	5	2	7
K00065	4	3	3	4	7
K00067	3	4	3	4	7
K00068	3	4	2	5	7
K00073	2	5	5	2	7
K00074	1	6	4	3	7
K00075	0	7	6	1	7
K00076	1	6	5	2	7
K00077	3	4	2	5	7
K00087	3	4	1	6	7
K00088	5	2	0	7	7
K00090	3	4	6	1	7
K00094	3	4	7	0	7
K00096	4	3	2	5	7
K00097	3	4	5	2	7
K00098	1	6	7	0	7
K00099	2	5	1	6	7
K00100	4	3	3	4	7
K00101	2	5	5	2	7
K00104	4	3	3	4	7
K00105	4	3	4	3	7
K00108	1	6	7	0	7
K00111	2	5	5	2	7
K00112	3	4	5	2	7
K00113	2	5	6	1	7
K00116	2	5	5	2	7
K00117	2	5	4	3	7
K00121	2	5	7	0	7
K00123	4	3	1	6	7
K00124	3	4	7	0	7
K00127	1	6	4	3	7
K00128	1	6	5	2	7
K00130	2	5	6	1	7
K00131	3	4	1	6	7
K00132	3	4	3	4	7
K00133	2	5	1	6	7
K00134	3	4	2	5	7
K00135	2	5	4	3	7
K00137	2	5	6	1	7
K00138	4	3	6	1	7
K00140	3	4	4	3	7
K00141	0	7	5	2	7
K00145	2	5	5	2	7
K00146	3	4	5	2	7
K00147	1	6	3	4	7
K00151	3	4	3	4	7
K00156	3	4	7	0	7
K00158	2	5	5	2	7
K00161	3	4	4	3	7
K00162	4	3	4	3	7
K00163	4	3	7	0	7
K00164	3	4	5	2	7
K00169	3	4	2	5	7
K00170	7	0	3	4	7
K00172	4	3	2	5	7
K00174	5	2	3	4	7
K00175	4	3	2	5	7
K00176	5	2	2	5	7
K00177	5	2	1	6	7
K00179	6	1	2	5	7
K00180	5	2	1	6	7
K00183	4	3	5	2	7
K00184	5	2	4	3	7
K00185	5	2	4	3	7
K00194	3	4	0	7	7
K00196	2	5	3	4	7
K00197	5	2	1	6	7
K00198	4	3	2	5	7
K00208	5	2	5	2	7
K00210	6	1	4	3	7
K00215	2	5	5	2	7
K00216	3	4	6	1	7
K00219	4	3	4	3	7
K00226	3	4	4	3	7
K00228	3	4	4	3	7
K00230	0	7	3	4	7
K00239	2	5	4	3	7
K00240	1	6	5	2	7
K00241	4	3	6	1	7
K00242	3	4	5	2	7
K00243	5	2	2	5	7
K00244	4	3	5	2	7
K00245	1	6	5	2	7
K00246	4	3	5	2	7
K00247	2	5	7	0	7
K00248	4	3	1	6	7
K00254	6	1	6	1	7
K00259	6	1	4	3	7
K00260	4	3	4	3	7
K00261	3	4	2	5	7
K00262	4	3	3	4	7
K00265	1	6	6	1	7
K00266	4	3	2	5	7
K00275	4	3	4	3	7
K00276	2	5	6	1	7
K00278	2	5	5	2	7
K00281	5	2	3	4	7
K00282	4	3	4	3	7
K00283	5	2	2	5	7
K00284	4	3	2	5	7
K00285	3	4	6	1	7
K00286	1	6	2	5	7
K00287	3	4	3	4	7
K00290	6	1	2	5	7
K00297	3	4	4	3	7
K00299	0	7	5	2	7
K00302	4	3	2	5	7
K00313	1	6	5	2	7
K00322	3	4	5	2	7
K00324	0	7	4	3	7
K00325	0	7	2	5	7
K00330	5	2	4	3	7
K00331	5	2	5	2	7
K00332	5	2	4	3	7
K00333	5	2	6	1	7
K00334	4	3	2	5	7
K00335	4	3	3	4	7
K00336	3	4	2	5	7
K00337	5	2	6	1	7
K00338	3	4	6	1	7
K00339	6	1	4	3	7
K00340	5	2	4	3	7
K00341	6	1	4	3	7
K00342	6	1	5	2	7
K00343	6	1	5	2	7
K00344	2	5	6	1	7
K00346	6	1	4	3	7
K00347	5	2	5	2	7
K00348	4	3	3	4	7
K00349	5	2	1	6	7
K00350	5	2	5	2	7
K00351	4	3	2	5	7
K00354	3	4	4	3	7
K00355	3	4	3	4	7
K00362	3	4	6	1	7
K00363	1	6	6	1	7
K00364	1	6	6	1	7
K00366	2	5	4	3	7
K00370	2	5	5	2	7
K00371	2	5	7	0	7
K00372	2	5	4	3	7
K00373	0	7	6	1	7
K00374	1	6	5	2	7
K00375	3	4	4	3	7
K00380	4	3	7	0	7
K00381	3	4	6	1	7
K00382	2	5	7	0	7
K00383	5	2	4	3	7
K00384	1	6	4	3	7
K00385	4	3	2	5	7
K00389	5	2	7	0	7
K00390	3	4	7	0	7
K00425	4	3	7	0	7
K00426	5	2	5	2	7
K00427	2	5	6	1	7
K00428	3	4	5	2	7
K00432	5	2	3	4	7
K00433	4	3	2	5	7
K00449	2	5	7	0	7
K00450	3	4	2	5	7
K00455	4	3	6	1	7
K00457	2	5	7	0	7
K00459	3	4	4	3	7
K00481	3	4	6	1	7
K00483	3	4	3	4	7
K00484	3	4	5	2	7
K00525	6	1	5	2	7
K00526	0	7	3	4	7
K00528	0	7	4	3	7
K00529	3	4	5	2	7
K00533	5	2	0	7	7
K00537	4	3	4	3	7
K00547	2	5	3	4	7
K00548	6	1	3	4	7
K00549	0	7	4	3	7
K00554	3	4	2	5	7
K00556	3	4	7	0	7
K00557	2	5	4	3	7
K00558	2	5	3	4	7
K00560	2	5	2	5	7
K00563	4	3	4	3	7
K00564	2	5	5	2	7
K00566	5	2	5	2	7
K00567	5	2	6	1	7
K00568	2	5	7	0	7
K00571	4	3	1	6	7
K00573	3	4	5	2	7
K00574	2	5	4	3	7
K00575	5	2	2	5	7
K00590	5	2	2	5	7
K00595	5	2	3	4	7
K00598	1	6	5	2	7
K00600	3	4	1	6	7
K00602	4	3	4	3	7
K00604	4	3	1	6	7
K00605	4	3	3	4	7
K00606	7	0	4	3	7
K00609	4	3	0	7	7
K00610	3	4	2	5	7
K00611	1	6	3	4	7
K00613	2	5	2	5	7
K00615	4	3	2	5	7
K00616	2	5	3	4	7
K00620	3	4	2	5	7
K00625	4	3	1	6	7
K00626	4	3	3	4	7
K00627	5	2	7	0	7
K00631	4	3	6	1	7
K00632	2	5	6	1	7
K00633	1	6	6	1	7
K00634	4	3	1	6	7
K00638	4	3	1	6	7
K00639	4	3	4	3	7
K00640	4	3	0	7	7
K00641	5	2	4	3	7
K00645	3	4	2	5	7
K00647	4	3	5	2	7
K00648	5	2	6	1	7
K00651	0	7	2	5	7
K00652	5	2	5	2	7
K00655	3	4	4	3	7
K00656	3	4	0	7	7
K00657	4	3	4	3	7
K00658	4	3	6	1	7
K00661	4	3	4	3	7
K00662	2	5	0	7	7
K00666	5	2	4	3	7
K00673	3	4	6	1	7
K00674	0	7	4	3	7
K00675	3	4	5	2	7
K00677	4	3	4	3	7
K00681	3	4	6	1	7
K00684	6	1	3	4	7
K00687	4	3	4	3	7
K00688	4	3	1	6	7
K00690	0	7	3	4	7
K00691	5	2	3	4	7
K00694	2	5	6	1	7
K00697	2	5	6	1	7
K00700	2	5	2	5	7
K00702	4	3	2	5	7
K00703	4	3	1	6	7
K00705	1	6	4	3	7
K00712	3	4	3	4	7
K00728	3	4	3	4	7
K00748	6	1	3	4	7
K00756	3	4	3	4	7
K00757	4	3	0	7	7
K00758	2	5	7	0	7
K00759	4	3	2	5	7
K00760	3	4	2	5	7
K00761	3	4	3	4	7
K00762	3	4	0	7	7
K00763	4	3	1	6	7
K00764	5	2	2	5	7
K00765	2	5	4	3	7
K00766	2	5	3	4	7
K00767	2	5	2	5	7
K00768	5	2	5	2	7
K00769	2	5	6	1	7
K00772	1	6	6	1	7
K00773	4	3	4	3	7
K00782	4	3	5	2	7
K00783	2	5	5	2	7
K00784	4	3	3	4	7
K00786	3	4	3	4	7
K00788	5	2	2	5	7
K00789	4	3	2	5	7
K00790	4	3	2	5	7
K00791	5	2	3	4	7
K00793	4	3	4	3	7
K00794	6	1	3	4	7
K00795	4	3	6	1	7
K00796	1	6	5	2	7
K00797	1	6	1	6	7
K00798	6	1	3	4	7
K00799	1	6	5	2	7
K00800	2	5	4	3	7
K00801	6	1	4	3	7
K00803	3	4	2	5	7
K00805	5	2	0	7	7
K00806	2	5	2	5	7
K00812	6	1	4	3	7
K00813	1	6	5	2	7
K00817	2	5	5	2	7
K00820	1	6	1	6	7
K00821	2	5	2	5	7
K00823	3	4	3	4	7
K00824	3	4	3	4	7
K00826	5	2	1	6	7
K00831	2	5	5	2	7
K00832	2	5	2	5	7
K00833	5	2	3	4	7
K00835	2	5	5	2	7
K00836	0	7	2	5	7
K00839	4	3	6	1	7
K00840	1	6	6	1	7
K00841	3	4	2	5	7
K00845	4	3	4	3	7
K00847	4	3	3	4	7
K00848	6	1	2	5	7
K00849	2	5	4	3	7
K00850	4	3	3	4	7
K00851	0	7	3	4	7
K00852	0	7	5	2	7
K00853	1	6	4	3	7
K00854	3	4	5	2	7
K00855	4	3	7	0	7
K00857	5	2	3	4	7
K00858	1	6	4	3	7
K00859	1	6	5	2	7
K00860	5	2	3	4	7
K00863	1	6	5	2	7
K00864	2	5	1	6	7
K00865	1	6	3	4	7
K00867	3	4	5	2	7
K00868	0	7	6	1	7
K00869	3	4	2	5	7
K00872	2	5	4	3	7
K00873	3	4	4	3	7
K00874	6	1	2	5	7
K00875	2	5	5	2	7
K00876	5	2	3	4	7
K00878	0	7	4	3	7
K00879	3	4	7	0	7
K00880	2	5	4	3	7
K00881	0	7	5	2	7
K00882	3	4	2	5	7
K00883	2	5	5	2	7
K00884	3	4	6	1	7
K00885	2	5	4	3	7
K00886	0	7	5	2	7
K00891	6	1	2	5	7
K00892	0	7	5	2	7
K00899	3	4	3	4	7
K00901	3	4	2	5	7
K00906	3	4	6	1	7
K00912	4	3	6	1	7
K00917	1	6	6	1	7
K00919	1	6	5	2	7
K00925	3	4	3	4	7
K00926	2	5	1	6	7
K00927	3	4	1	6	7
K00928	4	3	3	4	7
K00929	3	4	3	4	7
K00930	2	5	4	3	7
K00931	2	5	3	4	7
K00932	3	4	6	1	7
K00936	0	7	5	2	7
K00937	2	5	5	2	7
K00938	3	4	5	2	7
K00939	1	6	3	4	7
K00940	4	3	4	3	7
K00941	1	6	4	3	7
K00942	3	4	2	5	7
K00943	0	7	5	2	7
K00945	5	2	0	7	7
K00946	6	1	4	3	7
K00948	1	6	1	6	7
K00949	3	4	4	3	7
K00950	4	3	2	5	7
K00951	5	2	2	5	7
K00954	1	6	3	4	7
K00955	4	3	3	4	7
K00956	5	2	2	5	7
K00957	6	1	2	5	7
K00962	4	3	0	7	7
K00963	1	6	5	2	7
K00965	1	6	3	4	7
K00966	4	3	4	3	7
K00968	4	3	2	5	7
K00969	1	6	6	1	7
K00970	2	5	5	2	7
K00971	5	2	3	4	7
K00973	4	3	2	5	7
K00974	3	4	1	6	7
K00975	3	4	2	5	7
K00978	5	2	3	4	7
K00979	4	3	3	4	7
K00980	4	3	1	6	7
K00981	1	6	4	3	7
K00982	3	4	6	1	7
K00983	3	4	2	5	7
K00986	4	3	4	3	7
K00989	2	5	4	3	7
K00990	0	7	3	4	7
K00991	2	5	5	2	7
K00995	2	5	5	2	7
K00996	3	4	4	3	7
K00997	0	7	4	3	7
K00998	2	5	5	2	7
K01000	0	7	5	2	7
K01002	3	4	7	0	7
K01006	3	4	1	6	7
K01007	4	3	6	1	7
K01008	4	3	1	6	7
K01011	2	5	4	3	7
K01012	4	3	3	4	7
K01023	2	5	5	2	7
K01026	6	1	1	6	7
K01031	2	5	7	0	7
K01032	3	4	6	1	7
K01034	5	2	5	2	7
K01035	3	4	3	4	7
K01042	2	5	7	0	7
K01048	1	6	4	3	7
K01051	5	2	1	6	7
K01053	5	2	4	3	7
K01055	2	5	5	2	7
K01056	2	5	1	6	7
K01057	3	4	5	2	7
K01058	2	5	7	0	7
K01060	4	3	6	1	7
K01061	3	4	4	3	7
K01066	4	3	3	4	7
K01069	2	5	5	2	7
K01070	4	3	6	1	7
K01071	4	3	2	5	7
K01077	2	5	5	2	7
K01079	1	6	6	1	7
K01081	4	3	4	3	7
K01082	5	2	2	5	7
K01085	1	6	5	2	7
K01087	2	5	6	1	7
K01089	5	2	4	3	7
K01091	4	3	6	1	7
K01092	0	7	6	1	7
K01093	2	5	6	1	7
K01095	4	3	6	1	7
K01096	4	3	5	2	7
K01101	4	3	2	5	7
K01104	4	3	5	2	7
K01114	2	5	2	5	7
K01118	2	5	6	1	7
K01119	4	3	6	1	7
K01126	3	4	7	0	7
K01129	2	5	4	3	7
K01130	6	1	5	2	7
K01133	4	3	6	1	7
K01138	2	5	3	4	7
K01139	2	5	6	1	7
K01141	2	5	5	2	7
K01142	5	2	0	7	7
K01143	1	6	7	0	7
K01144	6	1	5	2	7
K01146	1	6	5	2	7
K01147	3	4	4	3	7
K01150	1	6	5	2	7
K01151	4	3	2	5	7
K01153	4	3	4	3	7
K01154	2	5	4	3	7
K01155	5	2	3	4	7
K01159	1	6	4	3	7
K01160	2	5	6	1	7
K01163	5	2	4	3	7
K01169	1	6	5	2	7
K01173	5	2	5	2	7
K01174	4	3	3	4	7
K01175	2	5	6	1	7
K01176	2	5	4	3	7
K01179	6	1	2	5	7
K01182	1	6	3	4	7
K01183	2	5	3	4	7
K01185	5	2	4	3	7
K01186	0	7	6	1	7
K01187	4	3	5	2	7
K01190	3	4	3	4	7
K01191	1	6	2	5	7
K01192	1	6	2	5	7
K01193	3	4	2	5	7
K01194	1	6	6	1	7
K01195	3	4	1	6	7
K01197	3	4	3	4	7
K01198	1	6	2	5	7
K01200	4	3	5	2	7
K01201	4	3	5	2	7
K01205	6	1	1	6	7
K01206	5	2	5	2	7
K01207	1	6	5	2	7
K01208	3	4	2	5	7
K01209	5	2	0	7	7
K01210	2	5	5	2	7
K01214	1	6	6	1	7
K01215	2	5	2	5	7
K01220	3	4	4	3	7
K01222	2	5	6	1	7
K01223	3	4	3	4	7
K01224	4	3	2	5	7
K01226	3	4	5	2	7
K01232	3	4	5	2	7
K01239	1	6	3	4	7
K01241	5	2	5	2	7
K01243	3	4	4	3	7
K01246	4	3	4	3	7
K01247	4	3	3	4	7
K01250	1	6	5	2	7
K01251	3	4	4	3	7
K01252	1	6	7	0	7
K01255	4	3	2	5	7
K01256	1	6	6	1	7
K01258	3	4	0	7	7
K01259	2	5	5	2	7
K01261	6	1	1	6	7
K01262	4	3	5	2	7
K01265	4	3	2	5	7
K01266	4	3	6	1	7
K01267	5	2	3	4	7
K01270	3	4	4	3	7
K01271	2	5	3	4	7
K01273	3	4	5	2	7
K01277	4	3	4	3	7
K01278	4	3	4	3	7
K01281	4	3	2	5	7
K01284	5	2	5	2	7
K01286	3	4	1	6	7
K01297	4	3	5	2	7
K01299	4	3	5	2	7
K01304	2	5	1	6	7
K01305	3	4	3	4	7
K01338	5	2	3	4	7
K01354	0	7	5	2	7
K01355	1	6	5	2	7
K01356	1	6	5	2	7
K01358	0	7	4	3	7
K01372	2	5	4	3	7
K01407	4	3	6	1	7
K01409	4	3	1	6	7
K01414	3	4	6	1	7
K01419	1	6	7	0	7
K01420	3	4	4	3	7
K01421	3	4	3	4	7
K01424	3	4	1	6	7
K01425	5	2	5	2	7
K01426	1	6	5	2	7
K01428	2	5	2	5	7
K01429	1	6	3	4	7
K01430	4	3	0	7	7
K01433	4	3	5	2	7
K01436	0	7	4	3	7
K01438	5	2	5	2	7
K01439	3	4	5	2	7
K01442	2	5	0	7	7
K01443	2	5	4	3	7
K01444	4	3	4	3	7
K01447	5	2	3	4	7
K01448	3	4	4	3	7
K01449	3	4	3	4	7
K01451	4	3	5	2	7
K01457	3	4	2	5	7
K01460	2	5	6	1	7
K01462	0	7	3	4	7
K01464	3	4	4	3	7
K01465	2	5	2	5	7
K01466	3	4	5	2	7
K01467	2	5	5	2	7
K01468	4	3	2	5	7
K01470	4	3	2	5	7
K01476	4	3	3	4	7
K01478	3	4	5	2	7
K01479	1	6	5	2	7
K01480	3	4	4	3	7
K01482	5	2	3	4	7
K01483	2	5	6	1	7
K01484	1	6	5	2	7
K01485	2	5	5	2	7
K01486	5	2	3	4	7
K01487	2	5	4	3	7
K01488	3	4	5	2	7
K01489	6	1	1	6	7
K01491	3	4	2	5	7
K01493	4	3	2	5	7
K01494	2	5	4	3	7
K01495	3	4	4	3	7
K01496	0	7	3	4	7
K01497	1	6	3	4	7
K01501	3	4	0	7	7
K01507	1	6	6	1	7
K01512	1	6	4	3	7
K01515	4	3	4	3	7
K01520	3	4	3	4	7
K01521	2	5	6	1	7
K01523	0	7	6	1	7
K01524	1	6	6	1	7
K01525	1	6	6	1	7
K01531	5	2	2	5	7
K01533	5	2	1	6	7
K01534	5	2	0	7	7
K01537	4	3	2	5	7
K01539	3	4	5	2	7
K01546	5	2	4	3	7
K01547	4	3	7	0	7
K01548	6	1	6	1	7
K01551	3	4	3	4	7
K01560	5	2	1	6	7
K01567	4	3	3	4	7
K01571	3	4	2	5	7
K01572	7	0	1	6	7
K01575	1	6	6	1	7
K01577	3	4	3	4	7
K01579	5	2	1	6	7
K01580	5	2	5	2	7
K01581	0	7	6	1	7
K01582	2	5	6	1	7
K01584	2	5	5	2	7
K01585	4	3	5	2	7
K01586	2	5	3	4	7
K01588	4	3	0	7	7
K01589	1	6	3	4	7
K01590	3	4	3	4	7
K01591	2	5	4	3	7
K01595	1	6	3	4	7
K01596	4	3	4	3	7
K01597	3	4	3	4	7
K01598	3	4	5	2	7
K01599	1	6	3	4	7
K01607	5	2	3	4	7
K01608	0	7	7	0	7
K01609	6	1	2	5	7
K01610	6	1	0	7	7
K01611	2	5	5	2	7
K01612	2	5	5	2	7
K01613	6	1	5	2	7
K01615	4	3	5	2	7
K01619	5	2	4	3	7
K01620	2	5	2	5	7
K01621	0	7	3	4	7
K01623	5	2	4	3	7
K01624	4	3	4	3	7
K01625	5	2	0	7	7
K01626	4	3	4	3	7
K01627	5	2	5	2	7
K01628	4	3	2	5	7
K01629	4	3	2	5	7
K01630	2	5	5	2	7
K01631	2	5	7	0	7
K01633	3	4	3	4	7
K01635	0	7	3	4	7
K01637	3	4	6	1	7
K01638	0	7	6	1	7
K01639	5	2	3	4	7
K01640	3	4	3	4	7
K01641	6	1	4	3	7
K01643	4	3	3	4	7
K01644	0	7	3	4	7
K01646	3	4	2	5	7
K01647	3	4	1	6	7
K01649	3	4	4	3	7
K01652	2	5	3	4	7
K01653	2	5	2	5	7
K01654	4	3	6	1	7
K01657	3	4	3	4	7
K01658	5	2	4	3	7
K01659	1	6	6	1	7
K01661	4	3	6	1	7
K01662	3	4	5	2	7
K01664	1	6	3	4	7
K01665	4	3	3	4	7
K01666	4	3	1	6	7
K01667	5	2	5	2	7
K01669	2	5	6	1	7
K01671	1	6	6	1	7
K01673	0	7	4	3	7
K01674	3	4	2	5	7
K01676	4	3	3	4	7
K01677	3	4	2	5	7
K01678	2	5	0	7	7
K01679	3	4	6	1	7
K01681	4	3	3	4	7
K01682	4	3	3	4	7
K01684	2	5	4	3	7
K01685	4	3	4	3	7
K01686	7	0	3	4	7
K01687	4	3	2	5	7
K01689	2	5	3	4	7
K01690	2	5	4	3	7
K01693	0	7	5	2	7
K01695	1	6	5	2	7
K01696	4	3	3	4	7
K01697	0	7	5	2	7
K01698	3	4	4	3	7
K01699	1	6	3	4	7
K01703	3	4	3	4	7
K01704	3	4	3	4	7
K01706	3	4	3	4	7
K01708	1	6	4	3	7
K01709	5	2	3	4	7
K01710	5	2	3	4	7
K01711	5	2	5	2	7
K01712	5	2	2	5	7
K01713	1	6	6	1	7
K01714	3	4	3	4	7
K01715	5	2	1	6	7
K01716	3	4	4	3	7
K01719	5	2	4	3	7
K01720	4	3	4	3	7
K01727	4	3	2	5	7
K01728	4	3	4	3	7
K01730	4	3	5	2	7
K01731	2	5	7	0	7
K01733	1	6	2	5	7
K01734	4	3	1	6	7
K01735	6	1	4	3	7
K01736	0	7	5	2	7
K01737	4	3	3	4	7
K01738	5	2	3	4	7
K01739	1	6	5	2	7
K01740	2	5	1	6	7
K01744	3	4	4	3	7
K01745	5	2	4	3	7
K01749	3	4	4	3	7
K01750	5	2	3	4	7
K01751	3	4	1	6	7
K01752	1	6	5	2	7
K01753	2	5	6	1	7
K01754	2	5	3	4	7
K01755	3	4	2	5	7
K01756	3	4	3	4	7
K01758	2	5	7	0	7
K01759	2	5	6	1	7
K01760	0	7	4	3	7
K01766	3	4	7	0	7
K01768	4	3	3	4	7
K01770	5	2	1	6	7
K01772	1	6	4	3	7
K01775	4	3	4	3	7
K01776	1	6	2	5	7
K01777	5	2	4	3	7
K01778	4	3	2	5	7
K01779	4	3	4	3	7
K01782	4	3	6	1	7
K01783	4	3	6	1	7
K01784	2	5	4	3	7
K01785	2	5	4	3	7
K01787	6	1	4	3	7
K01788	2	5	5	2	7
K01790	5	2	2	5	7
K01791	5	2	0	7	7
K01792	2	5	5	2	7
K01801	3	4	6	1	7
K01802	1	6	6	1	7
K01803	3	4	5	2	7
K01804	3	4	2	5	7
K01805	2	5	5	2	7
K01807	2	5	3	4	7
K01808	4	3	2	5	7
K01809	5	2	3	4	7
K01810	2	5	1	6	7
K01811	4	3	2	5	7
K01812	5	2	3	4	7
K01813	4	3	3	4	7
K01814	4	3	2	5	7
K01815	4	3	2	5	7
K01816	0	7	6	1	7
K01817	4	3	4	3	7
K01818	5	2	2	5	7
K01819	3	4	1	6	7
K01821	2	5	4	3	7
K01823	3	4	6	1	7
K01825	3	4	7	0	7
K01826	2	5	7	0	7
K01834	0	7	5	2	7
K01835	4	3	0	7	7
K01838	1	6	3	4	7
K01839	4	3	2	5	7
K01840	3	4	5	2	7
K01843	5	2	6	1	7
K01844	5	2	0	7	7
K01845	2	5	2	5	7
K01846	1	6	6	1	7
K01847	3	4	5	2	7
K01848	5	2	4	3	7
K01849	2	5	5	2	7
K01854	1	6	2	5	7
K01857	2	5	7	0	7
K01858	3	4	5	2	7
K01866	5	2	2	5	7
K01867	1	6	0	7	7
K01868	2	5	1	6	7
K01869	4	3	3	4	7
K01870	3	4	2	5	7
K01872	4	3	3	4	7
K01873	4	3	2	5	7
K01874	3	4	1	6	7
K01875	3	4	2	5	7
K01876	4	3	3	4	7
K01878	4	3	4	3	7
K01879	5	2	6	1	7
K01880	3	4	4	3	7
K01881	3	4	0	7	7
K01883	4	3	2	5	7
K01885	1	6	4	3	7
K01886	6	1	2	5	7
K01887	4	3	1	6	7
K01889	4	3	1	6	7
K01890	3	4	1	6	7
K01892	4	3	4	3	7
K01893	5	2	2	5	7
K01894	3	4	6	1	7
K01895	6	1	5	2	7
K01897	1	6	5	2	7
K01902	1	6	4	3	7
K01903	3	4	6	1	7
K01905	4	3	1	6	7
K01908	3	4	6	1	7
K01910	4	3	5	2	7
K01911	5	2	7	0	7
K01912	5	2	2	5	7
K01914	5	2	2	5	7
K01915	4	3	2	5	7
K01916	2	5	4	3	7
K01918	4	3	0	7	7
K01919	0	7	5	2	7
K01920	2	5	7	0	7
K01921	2	5	4	3	7
K01923	2	5	2	5	7
K01924	3	4	3	4	7
K01925	3	4	5	2	7
K01926	6	1	1	6	7
K01928	0	7	5	2	7
K01929	0	7	3	4	7
K01933	3	4	2	5	7
K01934	2	5	4	3	7
K01935	5	2	5	2	7
K01937	4	3	1	6	7
K01938	1	6	2	5	7
K01939	4	3	2	5	7
K01940	3	4	1	6	7
K01941	2	5	0	7	7
K01945	4	3	2	5	7
K01950	3	4	1	6	7
K01951	4	3	3	4	7
K01952	3	4	2	5	7
K01953	4	3	5	2	7
K01955	5	2	3	4	7
K01956	3	4	2	5	7
K01958	2	5	4	3	7
K01960	6	1	1	6	7
K01961	5	2	3	4	7
K01962	2	5	2	5	7
K01963	3	4	3	4	7
K01966	5	2	5	2	7
K01972	0	7	2	5	7
K01974	2	5	7	0	7
K01975	4	3	3	4	7
K01989	3	4	2	5	7
K01990	1	6	3	4	7
K01991	4	3	3	4	7
K01992	3	4	3	4	7
K01993	6	1	5	2	7
K01995	4	3	4	3	7
K01996	3	4	2	5	7
K01997	1	6	3	4	7
K01998	0	7	4	3	7
K01999	2	5	5	2	7
K02000	4	3	6	1	7
K02001	5	2	6	1	7
K02002	3	4	7	0	7
K02003	2	5	3	4	7
K02004	2	5	2	5	7
K02005	4	3	4	3	7
K02006	2	5	4	3	7
K02007	4	3	2	5	7
K02008	3	4	4	3	7
K02009	4	3	5	2	7
K02010	4	3	2	5	7
K02011	3	4	5	2	7
K02012	2	5	5	2	7
K02013	3	4	2	5	7
K02014	3	4	5	2	7
K02015	3	4	3	4	7
K02016	2	5	3	4	7
K02017	3	4	5	2	7
K02018	4	3	2	5	7
K02019	4	3	4	3	7
K02020	2	5	1	6	7
K02024	2	5	5	2	7
K02025	1	6	3	4	7
K02026	3	4	3	4	7
K02027	3	4	4	3	7
K02028	2	5	3	4	7
K02029	1	6	3	4	7
K02030	2	5	3	4	7
K02031	3	4	5	2	7
K02032	1	6	5	2	7
K02033	1	6	7	0	7
K02034	2	5	5	2	7
K02035	0	7	5	2	7
K02036	3	4	1	6	7
K02037	0	7	3	4	7
K02038	1	6	3	4	7
K02039	4	3	4	3	7
K02040	3	4	3	4	7
K02041	4	3	5	2	7
K02042	0	7	4	3	7
K02043	2	5	4	3	7
K02044	3	4	4	3	7
K02045	4	3	2	5	7
K02046	4	3	3	4	7
K02047	4	3	2	5	7
K02048	2	5	1	6	7
K02049	3	4	5	2	7
K02050	2	5	4	3	7
K02051	4	3	6	1	7
K02052	4	3	4	3	7
K02053	2	5	5	2	7
K02054	2	5	5	2	7
K02055	0	7	6	1	7
K02056	5	2	4	3	7
K02057	3	4	2	5	7
K02058	2	5	6	1	7
K02062	3	4	6	1	7
K02063	1	6	3	4	7
K02064	1	6	6	1	7
K02065	3	4	5	2	7
K02066	3	4	7	0	7
K02067	4	3	3	4	7
K02068	1	6	5	2	7
K02069	0	7	4	3	7
K02071	1	6	3	4	7
K02072	0	7	4	3	7
K02073	1	6	7	0	7
K02074	2	5	6	1	7
K02075	0	7	5	2	7
K02077	1	6	5	2	7
K02078	6	1	2	5	7
K02079	5	2	6	1	7
K02080	2	5	5	2	7
K02081	3	4	6	1	7
K02082	4	3	1	6	7
K02083	2	5	5	2	7
K02086	3	4	4	3	7
K02099	1	6	6	1	7
K02100	1	6	4	3	7
K02103	3	4	3	4	7
K02106	3	4	5	2	7
K02108	1	6	1	6	7
K02109	4	3	6	1	7
K02110	0	7	1	6	7
K02111	4	3	1	6	7
K02112	4	3	1	6	7
K02113	3	4	6	1	7
K02114	1	6	2	5	7
K02115	2	5	0	7	7
K02117	4	3	3	4	7
K02118	3	4	2	5	7
K02119	3	4	3	4	7
K02120	5	2	2	5	7
K02121	5	2	4	3	7
K02122	3	4	3	4	7
K02123	4	3	2	5	7
K02124	4	3	1	6	7
K02160	3	4	1	6	7
K02167	3	4	7	0	7
K02168	2	5	7	0	7
K02169	5	2	2	5	7
K02170	3	4	6	1	7
K02171	2	5	2	5	7
K02172	5	2	2	5	7
K02173	2	5	3	4	7
K02182	3	4	5	2	7
K02188	5	2	3	4	7
K02189	3	4	2	5	7
K02190	5	2	1	6	7
K02191	1	6	3	4	7
K02193	1	6	5	2	7
K02194	1	6	6	1	7
K02195	2	5	4	3	7
K02198	2	5	7	0	7
K02200	2	5	5	2	7
K02203	6	1	1	6	7
K02217	5	2	4	3	7
K02221	0	7	7	0	7
K02224	4	3	1	6	7
K02226	3	4	2	5	7
K02227	3	4	2	5	7
K02230	4	3	4	3	7
K02231	4	3	4	3	7
K02232	5	2	1	6	7
K02233	5	2	6	1	7
K02236	3	4	2	5	7
K02237	1	6	1	6	7
K02238	3	4	6	1	7
K02240	5	2	3	4	7
K02242	3	4	5	2	7
K02243	3	4	5	2	7
K02244	4	3	2	5	7
K02245	4	3	3	4	7
K02246	4	3	1	6	7
K02248	2	5	5	2	7
K02255	2	5	5	2	7
K02257	2	5	5	2	7
K02279	2	5	1	6	7
K02283	3	4	2	5	7
K02291	5	2	4	3	7
K02297	2	5	7	0	7
K02298	2	5	6	1	7
K02299	2	5	6	1	7
K02302	1	6	6	1	7
K02304	4	3	5	2	7
K02313	1	6	3	4	7
K02314	3	4	5	2	7
K02315	3	4	0	7	7
K02316	1	6	3	4	7
K02317	1	6	4	3	7
K02334	3	4	5	2	7
K02335	3	4	6	1	7
K02336	1	6	5	2	7
K02337	2	5	2	5	7
K02338	5	2	5	2	7
K02339	1	6	4	3	7
K02340	2	5	6	1	7
K02341	1	6	5	2	7
K02342	2	5	5	2	7
K02343	1	6	3	4	7
K02344	2	5	5	2	7
K02345	2	5	6	1	7
K02346	1	6	5	2	7
K02348	1	6	6	1	7
K02355	2	5	0	7	7
K02356	3	4	4	3	7
K02357	5	2	2	5	7
K02358	1	6	4	3	7
K02361	5	2	5	2	7
K02362	4	3	7	0	7
K02363	2	5	7	0	7
K02364	3	4	6	1	7
K02371	4	3	2	5	7
K02372	4	3	0	7	7
K02377	4	3	0	7	7
K02379	2	5	2	5	7
K02380	2	5	5	2	7
K02381	2	5	4	3	7
K02386	2	5	6	1	7
K02387	2	5	1	6	7
K02388	2	5	2	5	7
K02389	3	4	4	3	7
K02390	2	5	2	5	7
K02391	0	7	6	1	7
K02392	3	4	2	5	7
K02393	3	4	5	2	7
K02394	0	7	6	1	7
K02395	1	6	5	2	7
K02396	5	2	1	6	7
K02397	4	3	2	5	7
K02398	3	4	2	5	7
K02400	3	4	3	4	7
K02401	4	3	3	4	7
K02404	4	3	2	5	7
K02405	3	4	3	4	7
K02406	3	4	2	5	7
K02407	2	5	3	4	7
K02408	5	2	1	6	7
K02409	3	4	4	3	7
K02410	4	3	3	4	7
K02411	3	4	3	4	7
K02412	3	4	1	6	7
K02413	3	4	4	3	7
K02414	3	4	5	2	7
K02416	2	5	4	3	7
K02417	4	3	3	4	7
K02418	1	6	4	3	7
K02419	2	5	2	5	7
K02420	4	3	0	7	7
K02421	4	3	3	4	7
K02422	4	3	5	2	7
K02424	0	7	4	3	7
K02426	5	2	6	1	7
K02427	2	5	6	1	7
K02428	4	3	3	4	7
K02429	5	2	2	5	7
K02430	3	4	6	1	7
K02431	1	6	3	4	7
K02433	3	4	3	4	7
K02434	2	5	3	4	7
K02435	3	4	3	4	7
K02436	0	7	7	0	7
K02437	1	6	6	1	7
K02438	2	5	6	1	7
K02439	3	4	5	2	7
K02440	1	6	4	3	7
K02441	1	6	7	0	7
K02443	2	5	5	2	7
K02444	3	4	1	6	7
K02445	2	5	7	0	7
K02446	1	6	5	2	7
K02450	1	6	5	2	7
K02451	2	5	5	2	7
K02452	3	4	6	1	7
K02453	2	5	6	1	7
K02454	2	5	6	1	7
K02455	1	6	6	1	7
K02456	0	7	6	1	7
K02457	1	6	5	2	7
K02458	2	5	5	2	7
K02459	3	4	7	0	7
K02460	1	6	6	1	7
K02461	3	4	6	1	7
K02462	1	6	7	0	7
K02464	2	5	5	2	7
K02465	2	5	6	1	7
K02466	1	6	7	0	7
K02467	3	4	6	1	7
K02468	3	4	5	2	7
K02469	3	4	4	3	7
K02470	2	5	1	6	7
K02471	2	5	5	2	7
K02472	5	2	5	2	7
K02473	6	1	5	2	7
K02474	6	1	2	5	7
K02477	2	5	4	3	7
K02478	1	6	6	1	7
K02481	5	2	4	3	7
K02483	0	7	4	3	7
K02484	1	6	4	3	7
K02485	2	5	6	1	7
K02492	4	3	2	5	7
K02493	2	5	3	4	7
K02494	2	5	5	2	7
K02495	3	4	7	0	7
K02496	3	4	5	2	7
K02498	4	3	5	2	7
K02499	3	4	1	6	7
K02500	2	5	3	4	7
K02501	0	7	4	3	7
K02502	2	5	3	4	7
K02503	4	3	2	5	7
K02504	2	5	7	0	7
K02505	0	7	6	1	7
K02506	3	4	6	1	7
K02507	1	6	5	2	7
K02509	4	3	5	2	7
K02510	2	5	7	0	7
K02511	1	6	4	3	7
K02517	1	6	5	2	7
K02518	3	4	0	7	7
K02519	3	4	2	5	7
K02520	3	4	1	6	7
K02521	2	5	7	0	7
K02523	3	4	4	3	7
K02525	2	5	7	0	7
K02526	2	5	5	2	7
K02527	3	4	5	2	7
K02528	2	5	2	5	7
K02529	2	5	6	1	7
K02530	3	4	3	4	7
K02531	1	6	2	5	7
K02532	1	6	5	2	7
K02533	3	4	7	0	7
K02535	0	7	5	2	7
K02536	5	2	7	0	7
K02538	2	5	4	3	7
K02548	1	6	6	1	7
K02549	3	4	4	3	7
K02550	2	5	7	0	7
K02551	6	1	4	3	7
K02552	3	4	7	0	7
K02553	3	4	5	2	7
K02554	2	5	5	2	7
K02556	2	5	3	4	7
K02557	6	1	3	4	7
K02558	2	5	5	2	7
K02560	1	6	7	0	7
K02562	2	5	7	0	7
K02563	2	5	3	4	7
K02564	5	2	4	3	7
K02565	1	6	7	0	7
K02566	2	5	2	5	7
K02567	2	5	6	1	7
K02573	3	4	4	3	7
K02574	3	4	4	3	7
K02575	1	6	6	1	7
K02584	5	2	4	3	7
K02585	4	3	3	4	7
K02587	2	5	1	6	7
K02588	6	1	2	5	7
K02598	2	5	7	0	7
K02600	5	2	2	5	7
K02601	2	5	1	6	7
K02609	3	4	3	4	7
K02612	2	5	7	0	7
K02613	2	5	7	0	7
K02614	6	1	5	2	7
K02615	3	4	6	1	7
K02616	5	2	5	2	7
K02618	3	4	6	1	7
K02619	4	3	4	3	7
K02621	6	1	4	3	7
K02622	6	1	2	5	7
K02624	3	4	4	3	7
K02647	3	4	5	2	7
K02650	1	6	3	4	7
K02652	4	3	5	2	7
K02653	4	3	5	2	7
K02654	0	7	6	1	7
K02662	3	4	3	4	7
K02669	3	4	2	5	7
K02679	1	6	7	0	7
K02680	1	6	4	3	7
K02682	1	6	4	3	7
K02686	0	7	7	0	7
K02687	7	0	1	6	7
K02688	3	4	6	1	7
K02744	3	4	3	4	7
K02745	4	3	1	6	7
K02746	4	3	4	3	7
K02747	3	4	3	4	7
K02749	5	2	4	3	7
K02750	3	4	5	2	7
K02752	1	6	6	1	7
K02753	1	6	5	2	7
K02755	1	6	6	1	7
K02756	1	6	5	2	7
K02757	0	7	5	2	7
K02759	1	6	4	3	7
K02760	0	7	3	4	7
K02761	3	4	4	3	7
K02768	3	4	2	5	7
K02769	3	4	3	4	7
K02770	3	4	3	4	7
K02771	5	2	1	6	7
K02773	2	5	3	4	7
K02774	3	4	5	2	7
K02775	4	3	4	3	7
K02777	0	7	4	3	7
K02778	3	4	5	2	7
K02779	4	3	4	3	7
K02781	2	5	2	5	7
K02782	3	4	5	2	7
K02783	3	4	6	1	7
K02786	2	5	3	4	7
K02787	3	4	5	2	7
K02788	4	3	5	2	7
K02790	2	5	5	2	7
K02791	1	6	6	1	7
K02793	3	4	3	4	7
K02794	3	4	3	4	7
K02795	4	3	3	4	7
K02796	5	2	4	3	7
K02798	2	5	5	2	7
K02799	1	6	7	0	7
K02800	1	6	3	4	7
K02802	2	5	4	3	7
K02803	4	3	3	4	7
K02804	2	5	1	6	7
K02805	4	3	2	5	7
K02806	4	3	5	2	7
K02808	2	5	4	3	7
K02809	2	5	2	5	7
K02810	3	4	1	6	7
K02812	4	3	4	3	7
K02813	1	6	7	0	7
K02814	1	6	5	2	7
K02815	3	4	6	1	7
K02818	3	4	6	1	7
K02819	4	3	5	2	7
K02821	1	6	5	2	7
K02822	1	6	6	1	7
K02823	2	5	2	5	7
K02824	4	3	2	5	7
K02825	5	2	5	2	7
K02834	2	5	4	3	7
K02835	5	2	1	6	7
K02836	2	5	2	5	7
K02837	3	4	2	5	7
K02838	1	6	3	4	7
K02839	3	4	6	1	7
K02841	2	5	5	2	7
K02843	4	3	3	4	7
K02844	3	4	5	2	7
K02846	2	5	5	2	7
K02847	2	5	5	2	7
K02848	4	3	4	3	7
K02849	2	5	5	2	7
K02850	4	3	7	0	7
K02851	0	7	3	4	7
K02852	4	3	6	1	7
K02853	2	5	6	1	7
K02854	1	6	7	0	7
K02855	2	5	6	1	7
K02856	5	2	4	3	7
K02858	3	4	6	1	7
K02860	3	4	4	3	7
K02863	5	2	2	5	7
K02864	3	4	3	4	7
K02867	4	3	4	3	7
K02871	3	4	1	6	7
K02874	2	5	4	3	7
K02876	1	6	1	6	7
K02878	4	3	2	5	7
K02879	3	4	2	5	7
K02881	2	5	0	7	7
K02884	3	4	4	3	7
K02886	3	4	3	4	7
K02887	1	6	2	5	7
K02888	2	5	2	5	7
K02890	0	7	2	5	7
K02892	3	4	1	6	7
K02895	4	3	2	5	7
K02897	2	5	5	2	7
K02899	2	5	0	7	7
K02902	3	4	6	1	7
K02904	1	6	2	5	7
K02906	3	4	4	3	7
K02907	1	6	1	6	7
K02909	1	6	4	3	7
K02911	1	6	5	2	7
K02913	2	5	4	3	7
K02914	1	6	2	5	7
K02916	3	4	3	4	7
K02919	2	5	5	2	7
K02926	0	7	2	5	7
K02931	2	5	2	5	7
K02933	3	4	2	5	7
K02935	2	5	2	5	7
K02939	3	4	2	5	7
K02945	4	3	5	2	7
K02946	2	5	4	3	7
K02948	4	3	1	6	7
K02950	3	4	2	5	7
K02952	3	4	2	5	7
K02954	1	6	5	2	7
K02956	2	5	2	5	7
K02959	0	7	3	4	7
K02961	2	5	3	4	7
K02963	5	2	4	3	7
K02965	1	6	2	5	7
K02967	3	4	2	5	7
K02968	0	7	1	6	7
K02970	5	2	2	5	7
K02982	4	3	1	6	7
K02986	4	3	3	4	7
K02988	3	4	5	2	7
K02990	1	6	4	3	7
K02992	5	2	2	5	7
K02994	4	3	3	4	7
K02996	2	5	3	4	7
K03040	3	4	2	5	7
K03043	4	3	1	6	7
K03046	4	3	3	4	7
K03048	4	3	3	4	7
K03060	1	6	2	5	7
K03070	6	1	2	5	7
K03071	3	4	6	1	7
K03072	1	6	4	3	7
K03073	2	5	5	2	7
K03074	4	3	7	0	7
K03075	2	5	3	4	7
K03076	0	7	3	4	7
K03077	4	3	3	4	7
K03078	2	5	5	2	7
K03079	3	4	5	2	7
K03086	1	6	4	3	7
K03087	2	5	6	1	7
K03088	5	2	2	5	7
K03089	1	6	4	3	7
K03090	4	3	1	6	7
K03091	3	4	2	5	7
K03092	5	2	2	5	7
K03098	4	3	5	2	7
K03100	5	2	2	5	7
K03101	3	4	6	1	7
K03106	4	3	5	2	7
K03110	1	6	3	4	7
K03111	1	6	4	3	7
K03112	2	5	5	2	7
K03113	4	3	6	1	7
K03116	2	5	4	3	7
K03117	2	5	6	1	7
K03118	4	3	4	3	7
K03119	1	6	4	3	7
K03147	2	5	4	3	7
K03148	3	4	4	3	7
K03149	2	5	4	3	7
K03150	3	4	2	5	7
K03151	2	5	3	4	7
K03152	5	2	5	2	7
K03154	3	4	3	4	7
K03168	2	5	4	3	7
K03169	4	3	2	5	7
K03177	4	3	5	2	7
K03179	3	4	4	3	7
K03181	3	4	5	2	7
K03182	3	4	5	2	7
K03183	4	3	5	2	7
K03184	2	5	6	1	7
K03185	1	6	7	0	7
K03186	4	3	3	4	7
K03187	4	3	4	3	7
K03188	2	5	4	3	7
K03189	2	5	4	3	7
K03190	2	5	4	3	7
K03191	3	4	1	6	7
K03199	2	5	6	1	7
K03205	3	4	2	5	7
K03208	2	5	7	0	7
K03210	3	4	3	4	7
K03212	2	5	5	2	7
K03214	3	4	7	0	7
K03215	3	4	1	6	7
K03216	2	5	5	2	7
K03217	3	4	4	3	7
K03218	2	5	4	3	7
K03269	3	4	5	2	7
K03270	4	3	7	0	7
K03271	5	2	3	4	7
K03272	3	4	4	3	7
K03273	4	3	6	1	7
K03274	1	6	6	1	7
K03275	1	6	7	0	7
K03276	1	6	7	0	7
K03281	5	2	7	0	7
K03282	2	5	5	2	7
K03284	1	6	4	3	7
K03286	4	3	3	4	7
K03288	2	5	6	1	7
K03289	3	4	6	1	7
K03290	2	5	7	0	7
K03291	2	5	6	1	7
K03292	3	4	2	5	7
K03293	3	4	5	2	7
K03294	2	5	6	1	7
K03296	5	2	5	2	7
K03297	0	7	4	3	7
K03299	3	4	2	5	7
K03300	5	2	2	5	7
K03303	5	2	1	6	7
K03304	0	7	5	2	7
K03305	4	3	3	4	7
K03306	0	7	5	2	7
K03307	3	4	4	3	7
K03308	4	3	3	4	7
K03310	4	3	2	5	7
K03311	1	6	5	2	7
K03312	4	3	2	5	7
K03313	2	5	7	0	7
K03314	3	4	5	2	7
K03315	4	3	4	3	7
K03316	3	4	5	2	7
K03317	4	3	3	4	7
K03319	3	4	5	2	7
K03320	1	6	2	5	7
K03321	6	1	4	3	7
K03322	1	6	3	4	7
K03324	4	3	0	7	7
K03325	2	5	3	4	7
K03326	3	4	3	4	7
K03327	6	1	4	3	7
K03328	4	3	2	5	7
K03329	4	3	5	2	7
K03332	5	2	3	4	7
K03335	2	5	3	4	7
K03336	3	4	4	3	7
K03337	4	3	2	5	7
K03338	4	3	3	4	7
K03340	4	3	1	6	7
K03342	3	4	2	5	7
K03346	3	4	5	2	7
K03366	2	5	4	3	7
K03367	4	3	2	5	7
K03381	0	7	7	0	7
K03382	5	2	4	3	7
K03385	4	3	5	2	7
K03386	1	6	5	2	7
K03387	3	4	2	5	7
K03394	5	2	3	4	7
K03399	1	6	4	3	7
K03402	2	5	3	4	7
K03404	3	4	5	2	7
K03405	5	2	1	6	7
K03406	7	0	2	5	7
K03407	2	5	3	4	7
K03408	2	5	3	4	7
K03410	4	3	2	5	7
K03411	3	4	0	7	7
K03412	3	4	1	6	7
K03413	5	2	1	6	7
K03415	4	3	0	7	7
K03417	3	4	7	0	7
K03424	0	7	5	2	7
K03426	2	5	4	3	7
K03427	4	3	5	2	7
K03429	3	4	4	3	7
K03430	4	3	4	3	7
K03431	2	5	2	5	7
K03435	2	5	4	3	7
K03436	6	1	5	2	7
K03437	3	4	7	0	7
K03438	1	6	1	6	7
K03439	2	5	5	2	7
K03442	5	2	2	5	7
K03444	5	2	5	2	7
K03445	2	5	4	3	7
K03446	2	5	6	1	7
K03449	4	3	4	3	7
K03451	3	4	2	5	7
K03453	3	4	5	2	7
K03455	5	2	3	4	7
K03457	2	5	2	5	7
K03458	1	6	3	4	7
K03462	3	4	3	4	7
K03465	3	4	1	6	7
K03466	2	5	5	2	7
K03468	2	5	6	1	7
K03469	1	6	6	1	7
K03470	1	6	3	4	7
K03471	3	4	1	6	7
K03472	1	6	5	2	7
K03473	6	1	3	4	7
K03474	1	6	6	1	7
K03475	1	6	5	2	7
K03476	4	3	1	6	7
K03477	1	6	5	2	7
K03478	2	5	6	1	7
K03480	3	4	5	2	7
K03481	3	4	3	4	7
K03482	1	6	6	1	7
K03483	3	4	3	4	7
K03484	2	5	3	4	7
K03485	2	5	7	0	7
K03486	2	5	2	5	7
K03487	2	5	7	0	7
K03488	1	6	5	2	7
K03489	4	3	6	1	7
K03490	1	6	6	1	7
K03491	3	4	4	3	7
K03492	2	5	6	1	7
K03495	5	2	3	4	7
K03496	1	6	2	5	7
K03497	3	4	0	7	7
K03498	6	1	1	6	7
K03499	5	2	1	6	7
K03500	1	6	3	4	7
K03501	1	6	4	3	7
K03502	0	7	4	3	7
K03503	1	6	6	1	7
K03517	2	5	2	5	7
K03518	3	4	5	2	7
K03521	5	2	2	5	7
K03522	5	2	2	5	7
K03523	1	6	3	4	7
K03524	2	5	3	4	7
K03525	4	3	4	3	7
K03526	3	4	3	4	7
K03527	1	6	6	1	7
K03528	2	5	5	2	7
K03529	2	5	3	4	7
K03530	5	2	3	4	7
K03531	3	4	1	6	7
K03532	3	4	5	2	7
K03534	7	0	3	4	7
K03535	1	6	6	1	7
K03536	1	6	4	3	7
K03543	5	2	6	1	7
K03544	4	3	2	5	7
K03545	2	5	1	6	7
K03546	5	2	5	2	7
K03547	6	1	6	1	7
K03548	2	5	4	3	7
K03549	1	6	6	1	7
K03550	2	5	5	2	7
K03551	6	1	3	4	7
K03553	4	3	1	6	7
K03554	1	6	5	2	7
K03555	4	3	0	7	7
K03556	4	3	7	0	7
K03557	2	5	6	1	7
K03558	6	1	4	3	7
K03559	4	3	6	1	7
K03560	2	5	6	1	7
K03561	4	3	4	3	7
K03562	1	6	6	1	7
K03563	2	5	4	3	7
K03564	1	6	3	4	7
K03565	0	7	2	5	7
K03566	4	3	3	4	7
K03567	2	5	4	3	7
K03568	3	4	5	2	7
K03569	4	3	0	7	7
K03570	5	2	3	4	7
K03571	2	5	2	5	7
K03572	3	4	2	5	7
K03573	3	4	6	1	7
K03574	2	5	3	4	7
K03575	2	5	6	1	7
K03576	1	6	6	1	7
K03577	3	4	6	1	7
K03578	0	7	7	0	7
K03579	4	3	5	2	7
K03580	1	6	5	2	7
K03581	3	4	4	3	7
K03582	4	3	4	3	7
K03583	3	4	6	1	7
K03584	1	6	3	4	7
K03585	6	1	6	1	7
K03587	3	4	6	1	7
K03588	2	5	7	0	7
K03589	3	4	5	2	7
K03590	5	2	3	4	7
K03591	2	5	7	0	7
K03592	3	4	6	1	7
K03593	3	4	6	1	7
K03594	4	3	3	4	7
K03595	4	3	3	4	7
K03596	3	4	2	5	7
K03597	3	4	5	2	7
K03598	3	4	5	2	7
K03599	2	5	7	0	7
K03600	3	4	5	2	7
K03601	1	6	4	3	7
K03602	1	6	5	2	7
K03603	2	5	5	2	7
K03604	3	4	4	3	7
K03605	1	6	6	1	7
K03606	5	2	4	3	7
K03607	3	4	7	0	7
K03608	3	4	4	3	7
K03609	2	5	1	6	7
K03610	5	2	3	4	7
K03611	2	5	5	2	7
K03612	5	2	5	2	7
K03613	3	4	5	2	7
K03614	5	2	2	5	7
K03615	3	4	1	6	7
K03616	4	3	4	3	7
K03617	4	3	3	4	7
K03618	2	5	5	2	7
K03620	3	4	6	1	7
K03621	5	2	3	4	7
K03624	2	5	0	7	7
K03625	2	5	4	3	7
K03628	1	6	4	3	7
K03629	3	4	4	3	7
K03630	5	2	4	3	7
K03631	3	4	7	0	7
K03632	3	4	6	1	7
K03633	2	5	5	2	7
K03634	2	5	6	1	7
K03635	0	7	6	1	7
K03637	4	3	2	5	7
K03638	1	6	5	2	7
K03639	2	5	3	4	7
K03640	3	4	5	2	7
K03641	2	5	5	2	7
K03642	2	5	6	1	7
K03643	0	7	7	0	7
K03644	4	3	4	3	7
K03645	1	6	6	1	7
K03646	2	5	4	3	7
K03647	1	6	4	3	7
K03648	4	3	1	6	7
K03649	2	5	5	2	7
K03650	4	3	2	5	7
K03651	2	5	5	2	7
K03654	2	5	5	2	7
K03655	2	5	5	2	7
K03656	2	5	7	0	7
K03657	1	6	5	2	7
K03658	3	4	3	4	7
K03660	2	5	1	6	7
K03664	3	4	2	5	7
K03665	1	6	5	2	7
K03666	1	6	5	2	7
K03667	3	4	3	4	7
K03669	2	5	5	2	7
K03670	4	3	6	1	7
K03671	5	2	0	7	7
K03672	2	5	6	1	7
K03673	2	5	6	1	7
K03674	3	4	6	1	7
K03675	1	6	7	0	7
K03683	3	4	7	0	7
K03684	2	5	5	2	7
K03685	1	6	4	3	7
K03686	4	3	3	4	7
K03687	3	4	1	6	7
K03688	1	6	4	3	7
K03690	1	6	6	1	7
K03693	2	5	2	5	7
K03694	3	4	3	4	7
K03695	4	3	3	4	7
K03696	4	3	4	3	7
K03697	4	3	2	5	7
K03698	3	4	0	7	7
K03699	3	4	5	2	7
K03700	4	3	0	7	7
K03701	2	5	3	4	7
K03702	3	4	4	3	7
K03703	2	5	2	5	7
K03704	1	6	6	1	7
K03705	0	7	4	3	7
K03706	3	4	0	7	7
K03707	2	5	6	1	7
K03708	4	3	1	6	7
K03710	1	6	5	2	7
K03711	1	6	4	3	7
K03712	2	5	7	0	7
K03716	5	2	2	5	7
K03717	2	5	6	1	7
K03718	4	3	4	3	7
K03719	3	4	5	2	7
K03720	2	5	6	1	7
K03721	2	5	5	2	7
K03722	3	4	0	7	7
K03723	2	5	3	4	7
K03724	1	6	4	3	7
K03727	1	6	4	3	7
K03732	1	6	3	4	7
K03733	4	3	6	1	7
K03734	2	5	6	1	7
K03735	2	5	4	3	7
K03736	0	7	5	2	7
K03737	4	3	2	5	7
K03738	4	3	1	6	7
K03739	3	4	3	4	7
K03740	2	5	1	6	7
K03741	3	4	2	5	7
K03742	3	4	3	4	7
K03743	2	5	3	4	7
K03744	2	5	6	1	7
K03746	1	6	7	0	7
K03747	3	4	5	2	7
K03748	5	2	4	3	7
K03749	2	5	6	1	7
K03750	2	5	5	2	7
K03752	3	4	5	2	7
K03753	3	4	4	3	7
K03755	2	5	7	0	7
K03756	1	6	3	4	7
K03757	3	4	4	3	7
K03758	2	5	5	2	7
K03759	2	5	6	1	7
K03760	2	5	4	3	7
K03761	2	5	6	1	7
K03762	1	6	5	2	7
K03763	4	3	1	6	7
K03764	3	4	4	3	7
K03765	1	6	4	3	7
K03767	3	4	3	4	7
K03768	4	3	3	4	7
K03769	1	6	4	3	7
K03770	6	1	4	3	7
K03771	4	3	5	2	7
K03772	1	6	6	1	7
K03773	5	2	4	3	7
K03774	1	6	6	1	7
K03775	5	2	7	0	7
K03776	3	4	4	3	7
K03777	0	7	7	0	7
K03778	6	1	4	3	7
K03779	2	5	2	5	7
K03780	2	5	2	5	7
K03781	4	3	4	3	7
K03782	2	5	7	0	7
K03783	4	3	1	6	7
K03784	4	3	3	4	7
K03785	2	5	4	3	7
K03786	1	6	3	4	7
K03787	4	3	4	3	7
K03788	3	4	7	0	7
K03789	2	5	6	1	7
K03790	1	6	6	1	7
K03796	2	5	7	0	7
K03797	5	2	4	3	7
K03798	4	3	1	6	7
K03799	0	7	6	1	7
K03800	2	5	4	3	7
K03801	6	1	3	4	7
K03802	4	3	2	5	7
K03803	3	4	3	4	7
K03804	1	6	6	1	7
K03805	2	5	6	1	7
K03806	2	5	6	1	7
K03807	3	4	6	1	7
K03808	2	5	6	1	7
K03809	3	4	5	2	7
K03810	2	5	7	0	7
K03811	4	3	5	2	7
K03813	1	6	4	3	7
K03814	6	1	4	3	7
K03815	1	6	6	1	7
K03816	1	6	4	3	7
K03817	3	4	7	0	7
K03818	3	4	5	2	7
K03819	2	5	7	0	7
K03820	2	5	3	4	7
K03823	1	6	3	4	7
K03824	1	6	6	1	7
K03825	2	5	7	0	7
K03826	1	6	4	3	7
K03827	5	2	4	3	7
K03828	3	4	7	0	7
K03829	3	4	6	1	7
K03830	5	2	2	5	7
K03831	4	3	4	3	7
K03832	5	2	3	4	7
K03833	4	3	3	4	7
K03834	3	4	6	1	7
K03835	2	5	6	1	7
K03836	3	4	6	1	7
K03837	3	4	4	3	7
K03838	2	5	7	0	7
K03839	5	2	6	1	7
K03840	2	5	4	3	7
K03841	2	5	5	2	7
K03855	2	5	5	2	7
K03856	4	3	1	6	7
K03885	4	3	4	3	7
K03892	3	4	2	5	7
K03893	3	4	5	2	7
K03894	2	5	4	3	7
K03895	2	5	3	4	7
K03896	1	6	6	1	7
K03897	2	5	6	1	7
K03919	3	4	6	1	7
K03923	2	5	6	1	7
K03924	1	6	6	1	7
K03925	0	7	4	3	7
K03926	3	4	5	2	7
K03929	2	5	5	2	7
K03930	2	5	3	4	7
K03931	4	3	4	3	7
K03969	2	5	5	2	7
K03973	2	5	2	5	7
K03974	3	4	5	2	7
K03975	1	6	4	3	7
K03976	3	4	5	2	7
K03977	5	2	1	6	7
K03978	4	3	3	4	7
K03979	4	3	3	4	7
K03980	1	6	5	2	7
K03981	0	7	4	3	7
K04013	1	6	5	2	7
K04014	5	2	4	3	7
K04015	3	4	5	2	7
K04016	1	6	7	0	7
K04019	3	4	5	2	7
K04020	4	3	6	1	7
K04021	4	3	6	1	7
K04022	2	5	5	2	7
K04023	5	2	4	3	7
K04024	2	5	5	2	7
K04025	2	5	5	2	7
K04026	3	4	4	3	7
K04027	3	4	3	4	7
K04028	2	5	3	4	7
K04029	3	4	2	5	7
K04030	3	4	3	4	7
K04031	3	4	3	4	7
K04032	3	4	5	2	7
K04033	0	7	4	3	7
K04041	4	3	0	7	7
K04042	0	7	6	1	7
K04043	6	1	1	6	7
K04044	2	5	6	1	7
K04045	3	4	2	5	7
K04046	2	5	7	0	7
K04047	1	6	7	0	7
K04061	5	2	1	6	7
K04063	2	5	5	2	7
K04064	1	6	5	2	7
K04065	2	5	3	4	7
K04066	2	5	4	3	7
K04068	2	5	0	7	7
K04069	2	5	1	6	7
K04070	3	4	2	5	7
K04072	2	5	4	3	7
K04073	5	2	4	3	7
K04074	4	3	2	5	7
K04075	2	5	5	2	7
K04077	5	2	1	6	7
K04078	2	5	2	5	7
K04079	4	3	2	5	7
K04080	2	5	7	0	7
K04081	2	5	7	0	7
K04082	2	5	3	4	7
K04083	4	3	2	5	7
K04084	5	2	6	1	7
K04086	3	4	4	3	7
K04087	1	6	4	3	7
K04088	4	3	6	1	7
K04091	1	6	6	1	7
K04092	2	5	6	1	7
K04094	2	5	2	5	7
K04095	1	6	5	2	7
K04096	3	4	6	1	7
K04103	3	4	6	1	7
K04127	1	6	5	2	7
K04333	2	5	5	2	7
K04477	4	3	1	6	7
K04485	4	3	4	3	7
K04486	6	1	3	4	7
K04487	3	4	1	6	7
K04488	2	5	2	5	7
K04516	4	3	4	3	7
K04517	3	4	4	3	7
K04518	5	2	2	5	7
K04562	5	2	0	7	7
K04564	4	3	3	4	7
K04565	2	5	4	3	7
K04567	4	3	2	5	7
K04568	1	6	5	2	7
K04651	3	4	5	2	7
K04652	4	3	5	2	7
K04653	3	4	5	2	7
K04654	3	4	7	0	7
K04655	4	3	2	5	7
K04656	2	5	2	5	7
K04691	2	5	7	0	7
K04720	4	3	1	6	7
K04744	2	5	5	2	7
K04749	5	2	1	6	7
K04750	2	5	7	0	7
K04751	2	5	3	4	7
K04753	1	6	6	1	7
K04754	2	5	6	1	7
K04755	2	5	4	3	7
K04758	3	4	3	4	7
K04759	3	4	2	5	7
K04760	2	5	6	1	7
K04761	6	1	7	0	7
K04762	2	5	3	4	7
K04763	3	4	3	4	7
K04765	4	3	5	2	7
K04767	4	3	2	5	7
K04769	5	2	2	5	7
K04770	2	5	4	3	7
K04771	2	5	3	4	7
K04772	3	4	7	0	7
K04773	5	2	4	3	7
K04774	2	5	6	1	7
K04775	2	5	7	0	7
K04781	2	5	7	0	7
K04783	3	4	3	4	7
K04784	2	5	5	2	7
K04785	2	5	4	3	7
K04786	2	5	7	0	7
K04835	2	5	5	2	7
K04844	3	4	6	1	7
K05020	4	3	3	4	7
K05245	3	4	5	2	7
K05275	2	5	7	0	7
K05297	3	4	2	5	7
K05306	6	1	5	2	7
K05311	2	5	4	3	7
K05337	5	2	2	5	7
K05340	4	3	4	3	7
K05341	2	5	0	7	7
K05342	4	3	3	4	7
K05343	3	4	4	3	7
K05346	2	5	1	6	7
K05349	4	3	3	4	7
K05350	0	7	4	3	7
K05351	1	6	5	2	7
K05352	3	4	2	5	7
K05358	3	4	7	0	7
K05362	3	4	1	6	7
K05363	2	5	4	3	7
K05364	1	6	4	3	7
K05365	0	7	7	0	7
K05366	3	4	1	6	7
K05367	3	4	6	1	7
K05368	3	4	5	2	7
K05372	1	6	5	2	7
K05373	3	4	4	3	7
K05374	2	5	5	2	7
K05396	1	6	7	0	7
K05499	0	7	6	1	7
K05501	2	5	6	1	7
K05515	5	2	5	2	7
K05516	5	2	2	5	7
K05517	4	3	6	1	7
K05520	4	3	3	4	7
K05522	3	4	4	3	7
K05523	3	4	5	2	7
K05524	1	6	4	3	7
K05526	1	6	6	1	7
K05527	2	5	5	2	7
K05539	2	5	6	1	7
K05540	4	3	4	3	7
K05541	1	6	6	1	7
K05549	2	5	6	1	7
K05550	2	5	5	2	7
K05566	3	4	1	6	7
K05568	4	3	0	7	7
K05589	1	6	7	0	7
K05590	2	5	5	2	7
K05591	2	5	5	2	7
K05592	3	4	3	4	7
K05593	4	3	4	3	7
K05595	6	1	2	5	7
K05596	1	6	3	4	7
K05601	3	4	2	5	7
K05606	5	2	4	3	7
K05685	1	6	6	1	7
K05712	4	3	6	1	7
K05774	1	6	6	1	7
K05775	2	5	7	0	7
K05776	3	4	5	2	7
K05777	3	4	6	1	7
K05778	2	5	5	2	7
K05780	2	5	6	1	7
K05781	2	5	7	0	7
K05782	4	3	5	2	7
K05783	2	5	5	2	7
K05784	3	4	6	1	7
K05785	1	6	6	1	7
K05786	1	6	5	2	7
K05787	0	7	6	1	7
K05789	3	4	4	3	7
K05790	2	5	7	0	7
K05794	1	6	5	2	7
K05796	2	5	7	0	7
K05798	1	6	7	0	7
K05799	4	3	1	6	7
K05800	2	5	6	1	7
K05801	2	5	6	1	7
K05802	3	4	5	2	7
K05803	2	5	6	1	7
K05804	1	6	6	1	7
K05805	2	5	7	0	7
K05807	7	0	5	2	7
K05808	5	2	3	4	7
K05810	5	2	5	2	7
K05811	2	5	5	2	7
K05812	3	4	6	1	7
K05813	0	7	5	2	7
K05814	3	4	3	4	7
K05815	4	3	4	3	7
K05816	2	5	6	1	7
K05818	3	4	5	2	7
K05819	3	4	6	1	7
K05820	4	3	6	1	7
K05822	3	4	4	3	7
K05823	4	3	0	7	7
K05825	5	2	3	4	7
K05832	5	2	0	7	7
K05833	4	3	0	7	7
K05834	2	5	4	3	7
K05835	2	5	5	2	7
K05837	4	3	3	4	7
K05838	3	4	6	1	7
K05839	1	6	5	2	7
K05844	0	7	6	1	7
K05845	2	5	4	3	7
K05846	4	3	1	6	7
K05847	3	4	7	0	7
K05851	2	5	5	2	7
K05874	2	5	4	3	7
K05875	1	6	6	1	7
K05876	4	3	6	1	7
K05877	3	4	5	2	7
K05878	5	2	3	4	7
K05879	5	2	4	3	7
K05880	2	5	6	1	7
K05881	4	3	6	1	7
K05882	2	5	7	0	7
K05887	2	5	6	1	7
K05895	1	6	5	2	7
K05896	0	7	3	4	7
K05910	2	5	4	3	7
K05916	3	4	6	1	7
K05919	5	2	2	5	7
K05934	3	4	2	5	7
K05936	5	2	2	5	7
K05939	3	4	6	1	7
K05946	3	4	5	2	7
K05964	3	4	7	0	7
K05966	3	4	7	0	7
K05970	3	4	5	2	7
K05982	2	5	6	1	7
K05984	2	5	5	2	7
K05985	2	5	1	6	7
K05989	4	3	5	2	7
K05995	1	6	3	4	7
K06001	4	3	5	2	7
K06006	3	4	5	2	7
K06012	3	4	1	6	7
K06015	4	3	5	2	7
K06016	3	4	4	3	7
K06020	2	5	4	3	7
K06023	6	1	1	6	7
K06024	4	3	1	6	7
K06041	3	4	5	2	7
K06042	4	3	4	3	7
K06044	2	5	6	1	7
K06045	6	1	6	1	7
K06048	1	6	6	1	7
K06073	1	6	6	1	7
K06074	3	4	4	3	7
K06075	4	3	5	2	7
K06076	5	2	4	3	7
K06077	5	2	6	1	7
K06079	2	5	5	2	7
K06080	1	6	6	1	7
K06113	3	4	3	4	7
K06131	3	4	1	6	7
K06132	1	6	5	2	7
K06133	2	5	4	3	7
K06141	3	4	5	2	7
K06142	4	3	3	4	7
K06143	4	3	5	2	7
K06144	1	6	5	2	7
K06145	2	5	7	0	7
K06146	0	7	5	2	7
K06147	2	5	3	4	7
K06148	2	5	2	5	7
K06149	3	4	4	3	7
K06153	2	5	2	5	7
K06155	2	5	3	4	7
K06156	1	6	5	2	7
K06157	0	7	6	1	7
K06158	6	1	2	5	7
K06159	1	6	7	0	7
K06162	2	5	7	0	7
K06163	3	4	5	2	7
K06164	2	5	7	0	7
K06165	0	7	6	1	7
K06166	3	4	5	2	7
K06167	5	2	4	3	7
K06168	2	5	4	3	7
K06169	1	6	6	1	7
K06173	2	5	3	4	7
K06175	3	4	4	3	7
K06176	1	6	5	2	7
K06177	2	5	5	2	7
K06178	3	4	3	4	7
K06179	3	4	5	2	7
K06180	4	3	2	5	7
K06181	3	4	6	1	7
K06182	4	3	2	5	7
K06183	2	5	5	2	7
K06185	4	3	2	5	7
K06186	1	6	5	2	7
K06187	3	4	2	5	7
K06188	2	5	5	2	7
K06189	2	5	5	2	7
K06190	2	5	4	3	7
K06191	1	6	5	2	7
K06192	2	5	5	2	7
K06193	3	4	4	3	7
K06194	5	2	4	3	7
K06195	3	4	5	2	7
K06196	3	4	4	3	7
K06198	3	4	4	3	7
K06199	2	5	6	1	7
K06200	2	5	3	4	7
K06201	5	2	2	5	7
K06203	4	3	6	1	7
K06204	2	5	5	2	7
K06205	2	5	6	1	7
K06206	2	5	3	4	7
K06207	4	3	3	4	7
K06209	3	4	2	5	7
K06211	1	6	6	1	7
K06212	2	5	5	2	7
K06213	4	3	1	6	7
K06214	2	5	6	1	7
K06215	1	6	3	4	7
K06217	1	6	2	5	7
K06218	3	4	0	7	7
K06219	1	6	5	2	7
K06221	2	5	4	3	7
K06222	2	5	5	2	7
K06223	3	4	5	2	7
K06281	4	3	5	2	7
K06282	4	3	5	2	7
K06283	5	2	0	7	7
K06284	4	3	1	6	7
K06286	4	3	2	5	7
K06287	1	6	4	3	7
K06296	3	4	3	4	7
K06297	5	2	4	3	7
K06298	5	2	3	4	7
K06306	4	3	4	3	7
K06330	0	7	1	6	7
K06333	3	4	3	4	7
K06334	5	2	0	7	7
K06346	2	5	4	3	7
K06351	1	6	2	5	7
K06373	3	4	1	6	7
K06374	5	2	3	4	7
K06378	3	4	2	5	7
K06379	2	5	0	7	7
K06381	4	3	1	6	7
K06382	4	3	3	4	7
K06383	4	3	5	2	7
K06385	3	4	0	7	7
K06387	4	3	2	5	7
K06390	2	5	0	7	7
K06392	3	4	1	6	7
K06393	4	3	2	5	7
K06394	4	3	1	6	7
K06395	4	3	2	5	7
K06396	2	5	3	4	7
K06397	5	2	3	4	7
K06398	5	2	2	5	7
K06399	4	3	1	6	7
K06400	4	3	0	7	7
K06404	4	3	2	5	7
K06405	5	2	3	4	7
K06406	4	3	1	6	7
K06407	3	4	1	6	7
K06408	5	2	4	3	7
K06409	2	5	4	3	7
K06410	3	4	1	6	7
K06411	2	5	2	5	7
K06412	3	4	0	7	7
K06415	2	5	4	3	7
K06416	2	5	2	5	7
K06421	5	2	0	7	7
K06438	4	3	4	3	7
K06442	1	6	2	5	7
K06445	3	4	4	3	7
K06446	4	3	3	4	7
K06447	1	6	6	1	7
K06518	3	4	2	5	7
K06603	6	1	1	6	7
K06605	4	3	3	4	7
K06606	5	2	2	5	7
K06609	4	3	5	2	7
K06610	4	3	3	4	7
K06714	3	4	4	3	7
K06726	2	5	2	5	7
K06858	2	5	6	1	7
K06859	3	4	4	3	7
K06861	4	3	6	1	7
K06864	4	3	3	4	7
K06867	2	5	4	3	7
K06871	3	4	2	5	7
K06872	3	4	4	3	7
K06877	4	3	4	3	7
K06878	5	2	6	1	7
K06879	2	5	6	1	7
K06881	6	1	1	6	7
K06885	5	2	0	7	7
K06887	1	6	6	1	7
K06888	4	3	5	2	7
K06889	4	3	6	1	7
K06890	0	7	6	1	7
K06891	3	4	4	3	7
K06894	6	1	7	0	7
K06895	1	6	6	1	7
K06896	3	4	0	7	7
K06897	4	3	3	4	7
K06898	5	2	1	6	7
K06899	0	7	6	1	7
K06901	2	5	5	2	7
K06902	0	7	3	4	7
K06904	4	3	5	2	7
K06907	3	4	7	0	7
K06908	4	3	5	2	7
K06909	4	3	4	3	7
K06910	1	6	4	3	7
K06911	5	2	5	2	7
K06915	4	3	4	3	7
K06916	0	7	4	3	7
K06917	0	7	6	1	7
K06918	3	4	7	0	7
K06919	2	5	3	4	7
K06920	5	2	3	4	7
K06921	3	4	3	4	7
K06923	1	6	4	3	7
K06925	2	5	3	4	7
K06926	5	2	0	7	7
K06929	3	4	5	2	7
K06934	2	5	0	7	7
K06940	5	2	3	4	7
K06941	3	4	1	6	7
K06942	4	3	2	5	7
K06946	3	4	3	4	7
K06948	2	5	1	6	7
K06949	5	2	1	6	7
K06950	1	6	5	2	7
K06952	3	4	2	5	7
K06954	2	5	4	3	7
K06956	1	6	4	3	7
K06957	3	4	6	1	7
K06958	1	6	4	3	7
K06959	4	3	2	5	7
K06960	1	6	2	5	7
K06962	3	4	3	4	7
K06966	3	4	5	2	7
K06967	3	4	4	3	7
K06968	3	4	6	1	7
K06969	5	2	2	5	7
K06970	3	4	4	3	7
K06971	4	3	3	4	7
K06972	2	5	2	5	7
K06973	4	3	1	6	7
K06975	2	5	4	3	7
K06978	3	4	4	3	7
K06980	2	5	7	0	7
K06987	3	4	3	4	7
K06990	2	5	4	3	7
K06993	2	5	3	4	7
K06996	5	2	5	2	7
K06997	3	4	5	2	7
K06999	1	6	5	2	7
K07000	4	3	7	0	7
K07001	4	3	6	1	7
K07003	3	4	1	6	7
K07005	0	7	6	1	7
K07006	1	6	3	4	7
K07007	3	4	2	5	7
K07009	1	6	4	3	7
K07010	3	4	0	7	7
K07011	2	5	3	4	7
K07012	2	5	2	5	7
K07014	2	5	6	1	7
K07015	5	2	0	7	7
K07017	4	3	5	2	7
K07019	4	3	4	3	7
K07023	3	4	3	4	7
K07025	4	3	4	3	7
K07027	4	3	3	4	7
K07029	2	5	1	6	7
K07030	1	6	1	6	7
K07031	3	4	3	4	7
K07032	5	2	7	0	7
K07033	4	3	1	6	7
K07034	1	6	7	0	7
K07035	3	4	1	6	7
K07037	6	1	4	3	7
K07038	1	6	6	1	7
K07039	2	5	5	2	7
K07040	2	5	4	3	7
K07042	1	6	4	3	7
K07043	2	5	3	4	7
K07045	4	3	5	2	7
K07046	1	6	6	1	7
K07048	4	3	6	1	7
K07051	6	1	4	3	7
K07052	4	3	4	3	7
K07053	0	7	7	0	7
K07054	2	5	6	1	7
K07056	2	5	4	3	7
K07058	5	2	4	3	7
K07062	0	7	4	3	7
K07067	2	5	1	6	7
K07069	4	3	5	2	7
K07070	2	5	6	1	7
K07071	4	3	6	1	7
K07074	3	4	2	5	7
K07075	6	1	2	5	7
K07078	5	2	3	4	7
K07079	5	2	4	3	7
K07080	5	2	4	3	7
K07082	1	6	5	2	7
K07084	3	4	0	7	7
K07085	6	1	6	1	7
K07088	1	6	3	4	7
K07089	1	6	6	1	7
K07090	0	7	4	3	7
K07091	4	3	4	3	7
K07095	4	3	5	2	7
K07098	5	2	4	3	7
K07099	3	4	1	6	7
K07102	6	1	5	2	7
K07104	4	3	3	4	7
K07105	5	2	1	6	7
K07106	5	2	2	5	7
K07107	5	2	2	5	7
K07109	3	4	6	1	7
K07112	3	4	4	3	7
K07113	1	6	5	2	7
K07114	4	3	7	0	7
K07115	3	4	5	2	7
K07118	2	5	5	2	7
K07119	2	5	6	1	7
K07120	2	5	7	0	7
K07121	3	4	5	2	7
K07124	2	5	3	4	7
K07126	2	5	2	5	7
K07127	3	4	7	0	7
K07132	3	4	4	3	7
K07133	2	5	4	3	7
K07136	3	4	6	1	7
K07137	5	2	2	5	7
K07138	2	5	2	5	7
K07139	5	2	2	5	7
K07140	3	4	7	0	7
K07141	3	4	4	3	7
K07146	3	4	4	3	7
K07147	2	5	7	0	7
K07148	6	1	4	3	7
K07149	3	4	0	7	7
K07150	3	4	2	5	7
K07153	2	5	6	1	7
K07154	4	3	3	4	7
K07156	2	5	6	1	7
K07160	2	5	1	6	7
K07164	5	2	2	5	7
K07165	3	4	5	2	7
K07166	1	6	4	3	7
K07171	2	5	5	2	7
K07172	3	4	3	4	7
K07173	2	5	5	2	7
K07175	5	2	4	3	7
K07177	1	6	5	2	7
K07180	2	5	6	1	7
K07184	2	5	6	1	7
K07186	3	4	5	2	7
K07192	5	2	6	1	7
K07213	3	4	5	2	7
K07214	3	4	5	2	7
K07216	3	4	1	6	7
K07217	3	4	5	2	7
K07220	2	5	6	1	7
K07221	4	3	4	3	7
K07223	3	4	6	1	7
K07224	1	6	4	3	7
K07225	2	5	6	1	7
K07227	2	5	6	1	7
K07229	3	4	7	0	7
K07230	0	7	6	1	7
K07232	2	5	7	0	7
K07233	2	5	6	1	7
K07235	3	4	6	1	7
K07236	2	5	5	2	7
K07237	3	4	6	1	7
K07238	4	3	2	5	7
K07239	4	3	4	3	7
K07240	6	1	1	6	7
K07241	3	4	4	3	7
K07243	0	7	5	2	7
K07245	1	6	6	1	7
K07246	2	5	5	2	7
K07248	4	3	5	2	7
K07250	0	7	5	2	7
K07251	3	4	4	3	7
K07258	3	4	1	6	7
K07259	1	6	6	1	7
K07260	2	5	3	4	7
K07261	2	5	5	2	7
K07262	1	6	6	1	7
K07263	5	2	4	3	7
K07264	2	5	6	1	7
K07265	2	5	4	3	7
K07266	3	4	5	2	7
K07267	5	2	3	4	7
K07269	2	5	6	1	7
K07270	2	5	4	3	7
K07271	3	4	3	4	7
K07272	4	3	3	4	7
K07273	5	2	4	3	7
K07274	2	5	5	2	7
K07275	0	7	7	0	7
K07277	5	2	4	3	7
K07278	3	4	4	3	7
K07279	2	5	6	1	7
K07282	4	3	4	3	7
K07283	3	4	7	0	7
K07284	2	5	5	2	7
K07285	1	6	4	3	7
K07286	2	5	5	2	7
K07287	2	5	6	1	7
K07289	3	4	6	1	7
K07290	3	4	6	1	7
K07300	2	5	6	1	7
K07301	4	3	0	7	7
K07304	5	2	5	2	7
K07305	2	5	7	0	7
K07306	2	5	4	3	7
K07307	2	5	3	4	7
K07308	4	3	7	0	7
K07309	2	5	6	1	7
K07310	5	2	7	0	7
K07312	2	5	4	3	7
K07313	2	5	4	3	7
K07314	4	3	4	3	7
K07315	3	4	3	4	7
K07317	1	6	4	3	7
K07318	3	4	5	2	7
K07319	3	4	4	3	7
K07320	2	5	6	1	7
K07321	2	5	2	5	7
K07322	3	4	5	2	7
K07323	3	4	5	2	7
K07334	3	4	5	2	7
K07335	3	4	4	3	7
K07336	2	5	5	2	7
K07337	2	5	6	1	7
K07340	3	4	4	3	7
K07341	1	6	3	4	7
K07343	3	4	4	3	7
K07344	2	5	5	2	7
K07345	2	5	5	2	7
K07346	2	5	7	0	7
K07347	3	4	5	2	7
K07348	1	6	4	3	7
K07349	2	5	4	3	7
K07350	1	6	6	1	7
K07351	0	7	7	0	7
K07357	1	6	5	2	7
K07358	3	4	4	3	7
K07386	4	3	5	2	7
K07387	4	3	6	1	7
K07391	1	6	5	2	7
K07393	0	7	5	2	7
K07395	3	4	6	1	7
K07397	3	4	6	1	7
K07400	2	5	5	2	7
K07402	5	2	2	5	7
K07403	4	3	6	1	7
K07404	4	3	3	4	7
K07405	6	1	4	3	7
K07406	4	3	1	6	7
K07407	4	3	1	6	7
K07442	1	6	4	3	7
K07443	4	3	1	6	7
K07444	5	2	1	6	7
K07447	3	4	4	3	7
K07448	3	4	1	6	7
K07451	5	2	2	5	7
K07452	4	3	4	3	7
K07454	1	6	5	2	7
K07455	2	5	6	1	7
K07456	5	2	2	5	7
K07457	1	6	4	3	7
K07458	1	6	5	2	7
K07459	1	6	5	2	7
K07460	0	7	4	3	7
K07461	6	1	1	6	7
K07462	6	1	3	4	7
K07464	0	7	4	3	7
K07467	4	3	2	5	7
K07470	0	7	6	1	7
K07473	0	7	5	2	7
K07474	2	5	3	4	7
K07478	2	5	1	6	7
K07479	1	6	4	3	7
K07480	3	4	5	2	7
K07481	4	3	1	6	7
K07482	4	3	6	1	7
K07483	4	3	4	3	7
K07484	4	3	3	4	7
K07485	4	3	2	5	7
K07486	3	4	5	2	7
K07487	3	4	3	4	7
K07489	2	5	7	0	7
K07491	3	4	4	3	7
K07493	5	2	4	3	7
K07494	5	2	2	5	7
K07495	1	6	6	1	7
K07496	3	4	3	4	7
K07497	3	4	3	4	7
K07498	2	5	5	2	7
K07503	1	6	5	2	7
K07506	3	4	5	2	7
K07507	4	3	4	3	7
K07533	3	4	1	6	7
K07552	3	4	3	4	7
K07559	4	3	3	4	7
K07560	3	4	4	3	7
K07566	2	5	3	4	7
K07568	5	2	2	5	7
K07570	3	4	5	2	7
K07571	1	6	1	6	7
K07574	2	5	5	2	7
K07576	4	3	2	5	7
K07584	5	2	2	5	7
K07586	3	4	2	5	7
K07588	5	2	5	2	7
K07592	3	4	7	0	7
K07636	6	1	6	1	7
K07637	3	4	7	0	7
K07638	2	5	5	2	7
K07639	1	6	6	1	7
K07640	3	4	6	1	7
K07641	2	5	6	1	7
K07642	1	6	6	1	7
K07643	2	5	6	1	7
K07644	2	5	5	2	7
K07645	2	5	5	2	7
K07646	5	2	2	5	7
K07647	2	5	6	1	7
K07648	3	4	6	1	7
K07649	1	6	5	2	7
K07650	3	4	3	4	7
K07652	2	5	5	2	7
K07654	1	6	5	2	7
K07657	5	2	4	3	7
K07658	4	3	0	7	7
K07659	1	6	5	2	7
K07660	3	4	4	3	7
K07661	2	5	5	2	7
K07662	3	4	6	1	7
K07663	2	5	6	1	7
K07664	1	6	7	0	7
K07665	1	6	5	2	7
K07666	2	5	4	3	7
K07667	4	3	2	5	7
K07668	5	2	2	5	7
K07670	3	4	3	4	7
K07673	3	4	5	2	7
K07674	3	4	6	1	7
K07675	1	6	5	2	7
K07676	2	5	5	2	7
K07677	4	3	7	0	7
K07678	2	5	6	1	7
K07679	2	5	6	1	7
K07684	2	5	7	0	7
K07685	2	5	6	1	7
K07686	0	7	7	0	7
K07687	4	3	5	2	7
K07689	4	3	4	3	7
K07690	2	5	7	0	7
K07699	4	3	1	6	7
K07700	2	5	7	0	7
K07701	2	5	5	2	7
K07702	3	4	3	4	7
K07703	2	5	6	1	7
K07704	4	3	2	5	7
K07705	3	4	4	3	7
K07706	3	4	4	3	7
K07708	2	5	5	2	7
K07709	1	6	4	3	7
K07710	4	3	7	0	7
K07711	2	5	5	2	7
K07712	1	6	4	3	7
K07713	4	3	3	4	7
K07714	3	4	5	2	7
K07715	2	5	7	0	7
K07718	3	4	1	6	7
K07720	3	4	1	6	7
K07722	3	4	5	2	7
K07724	2	5	6	1	7
K07726	2	5	5	2	7
K07727	2	5	5	2	7
K07729	4	3	2	5	7
K07733	4	3	5	2	7
K07735	4	3	4	3	7
K07736	1	6	3	4	7
K07738	0	7	5	2	7
K07740	3	4	5	2	7
K07741	3	4	3	4	7
K07742	3	4	1	6	7
K07746	4	3	6	1	7
K07749	3	4	3	4	7
K07751	1	6	7	0	7
K07757	2	5	6	1	7
K07768	2	5	4	3	7
K07770	5	2	5	2	7
K07771	2	5	4	3	7
K07772	3	4	5	2	7
K07773	2	5	6	1	7
K07774	2	5	1	6	7
K07776	1	6	5	2	7
K07778	4	3	3	4	7
K07781	3	4	7	0	7
K07782	2	5	7	0	7
K07783	4	3	3	4	7
K07784	3	4	6	1	7
K07786	2	5	6	1	7
K07787	4	3	4	3	7
K07788	3	4	5	2	7
K07789	2	5	6	1	7
K07791	4	3	6	1	7
K07792	3	4	4	3	7
K07793	3	4	2	5	7
K07794	3	4	4	3	7
K07795	2	5	4	3	7
K07796	4	3	4	3	7
K07797	2	5	6	1	7
K07798	3	4	3	4	7
K07799	4	3	5	2	7
K07803	3	4	5	2	7
K07806	2	5	5	2	7
K07810	2	5	6	1	7
K07811	1	6	7	0	7
K07812	2	5	6	1	7
K07813	4	3	0	7	7
K07814	4	3	2	5	7
K07816	4	3	2	5	7
K07821	0	7	6	1	7
K07862	3	4	3	4	7
K07979	1	6	4	3	7
K08092	4	3	3	4	7
K08093	6	1	3	4	7
K08094	0	7	5	2	7
K08137	1	6	4	3	7
K08138	4	3	3	4	7
K08153	3	4	3	4	7
K08154	3	4	7	0	7
K08156	2	5	6	1	7
K08159	3	4	6	1	7
K08160	2	5	5	2	7
K08161	3	4	6	1	7
K08162	4	3	5	2	7
K08163	2	5	7	0	7
K08167	2	5	7	0	7
K08168	1	6	3	4	7
K08169	6	1	4	3	7
K08170	1	6	6	1	7
K08172	3	4	5	2	7
K08173	4	3	6	1	7
K08177	0	7	6	1	7
K08191	5	2	2	5	7
K08194	3	4	6	1	7
K08195	2	5	5	2	7
K08217	2	5	5	2	7
K08218	5	2	2	5	7
K08219	5	2	5	2	7
K08223	3	4	5	2	7
K08224	2	5	6	1	7
K08225	3	4	7	0	7
K08227	2	5	3	4	7
K08234	4	3	3	4	7
K08276	4	3	6	1	7
K08279	1	6	7	0	7
K08281	1	6	6	1	7
K08282	6	1	5	2	7
K08289	1	6	5	2	7
K08296	0	7	5	2	7
K08297	3	4	7	0	7
K08298	2	5	5	2	7
K08299	4	3	6	1	7
K08300	0	7	4	3	7
K08301	2	5	6	1	7
K08302	2	5	4	3	7
K08303	4	3	5	2	7
K08304	0	7	6	1	7
K08305	1	6	6	1	7
K08306	1	6	6	1	7
K08307	5	2	4	3	7
K08308	2	5	6	1	7
K08309	1	6	4	3	7
K08311	2	5	5	2	7
K08312	3	4	4	3	7
K08313	2	5	6	1	7
K08314	1	6	6	1	7
K08316	0	7	5	2	7
K08317	1	6	6	1	7
K08318	2	5	6	1	7
K08319	3	4	6	1	7
K08321	6	1	2	5	7
K08322	1	6	6	1	7
K08323	1	6	2	5	7
K08324	1	6	5	2	7
K08325	4	3	3	4	7
K08326	2	5	7	0	7
K08344	2	5	4	3	7
K08348	1	6	6	1	7
K08349	2	5	6	1	7
K08350	3	4	4	3	7
K08351	1	6	6	1	7
K08352	5	2	2	5	7
K08353	1	6	6	1	7
K08354	2	5	6	1	7
K08364	3	4	4	3	7
K08368	2	5	5	2	7
K08369	1	6	6	1	7
K08372	0	7	4	3	7
K08384	4	3	4	3	7
K08475	3	4	7	0	7
K08476	3	4	5	2	7
K08478	3	4	5	2	7
K08483	3	4	0	7	7
K08484	2	5	7	0	7
K08591	3	4	5	2	7
K08600	4	3	0	7	7
K08602	4	3	2	5	7
K08641	5	2	2	5	7
K08643	3	4	3	4	7
K08659	0	7	4	3	7
K08675	4	3	4	3	7
K08678	5	2	5	2	7
K08679	2	5	6	1	7
K08680	3	4	5	2	7
K08681	1	6	5	2	7
K08682	1	6	6	1	7
K08688	3	4	5	2	7
K08722	2	5	6	1	7
K08723	3	4	7	0	7
K08724	4	3	6	1	7
K08744	1	6	2	5	7
K08884	3	4	0	7	7
K08961	5	2	2	5	7
K08963	2	5	4	3	7
K08964	2	5	5	2	7
K08967	2	5	5	2	7
K08968	5	2	4	3	7
K08969	1	6	4	3	7
K08970	3	4	5	2	7
K08972	1	6	5	2	7
K08974	2	5	4	3	7
K08978	4	3	2	5	7
K08981	3	4	1	6	7
K08984	2	5	6	1	7
K08986	3	4	4	3	7
K08989	2	5	4	3	7
K08990	4	3	5	2	7
K08994	2	5	5	2	7
K08996	4	3	3	4	7
K08997	2	5	6	1	7
K08998	6	1	2	5	7
K08999	5	2	4	3	7
K09001	1	6	6	1	7
K09004	3	4	4	3	7
K09007	5	2	3	4	7
K09009	0	7	6	1	7
K09013	4	3	6	1	7
K09014	4	3	3	4	7
K09015	3	4	6	1	7
K09016	4	3	7	0	7
K09017	5	2	5	2	7
K09018	0	7	7	0	7
K09019	1	6	5	2	7
K09020	2	5	5	2	7
K09022	5	2	2	5	7
K09023	3	4	6	1	7
K09117	7	0	3	4	7
K09118	0	7	6	1	7
K09121	4	3	1	6	7
K09125	5	2	4	3	7
K09131	3	4	6	1	7
K09136	2	5	5	2	7
K09144	2	5	3	4	7
K09153	3	4	2	5	7
K09155	3	4	2	5	7
K09157	2	5	1	6	7
K09158	2	5	4	3	7
K09161	0	7	7	0	7
K09163	2	5	1	6	7
K09181	6	1	7	0	7
K09251	3	4	3	4	7
K09384	1	6	2	5	7
K09456	1	6	7	0	7
K09457	5	2	1	6	7
K09458	5	2	2	5	7
K09470	2	5	6	1	7
K09471	1	6	5	2	7
K09473	3	4	6	1	7
K09474	3	4	5	2	7
K09475	2	5	5	2	7
K09476	2	5	5	2	7
K09477	0	7	5	2	7
K09578	3	4	2	5	7
K09612	1	6	4	3	7
K09680	5	2	3	4	7
K09684	2	5	6	1	7
K09685	2	5	2	5	7
K09688	1	6	7	0	7
K09689	3	4	4	3	7
K09690	4	3	4	3	7
K09691	4	3	1	6	7
K09692	0	7	3	4	7
K09693	3	4	1	6	7
K09697	4	3	3	4	7
K09698	3	4	4	3	7
K09701	3	4	4	3	7
K09702	5	2	2	5	7
K09703	4	3	1	6	7
K09704	5	2	4	3	7
K09705	2	5	3	4	7
K09710	2	5	3	4	7
K09729	2	5	3	4	7
K09747	4	3	1	6	7
K09748	5	2	3	4	7
K09749	4	3	1	6	7
K09758	4	3	4	3	7
K09759	2	5	2	5	7
K09760	2	5	3	4	7
K09761	1	6	4	3	7
K09762	4	3	3	4	7
K09765	3	4	3	4	7
K09766	3	4	0	7	7
K09767	1	6	6	1	7
K09768	3	4	2	5	7
K09769	4	3	6	1	7
K09771	2	5	6	1	7
K09772	2	5	4	3	7
K09773	1	6	5	2	7
K09774	1	6	5	2	7
K09775	3	4	2	5	7
K09777	5	2	1	6	7
K09778	6	1	3	4	7
K09779	3	4	5	2	7
K09781	0	7	6	1	7
K09786	2	5	4	3	7
K09787	4	3	0	7	7
K09790	4	3	4	3	7
K09793	7	0	5	2	7
K09798	0	7	7	0	7
K09800	3	4	5	2	7
K09802	3	4	6	1	7
K09803	0	7	5	2	7
K09807	2	5	7	0	7
K09808	4	3	2	5	7
K09809	3	4	5	2	7
K09810	3	4	4	3	7
K09811	1	6	5	2	7
K09812	2	5	3	4	7
K09814	6	1	4	3	7
K09815	3	4	3	4	7
K09816	4	3	3	4	7
K09817	4	3	2	5	7
K09819	3	4	6	1	7
K09820	5	2	4	3	7
K09823	3	4	5	2	7
K09824	3	4	7	0	7
K09825	4	3	4	3	7
K09857	2	5	7	0	7
K09861	4	3	3	4	7
K09880	2	5	4	3	7
K09888	4	3	4	3	7
K09889	3	4	7	0	7
K09891	1	6	5	2	7
K09893	1	6	5	2	7
K09894	3	4	6	1	7
K09895	2	5	5	2	7
K09897	1	6	7	0	7
K09899	2	5	6	1	7
K09903	2	5	4	3	7
K09906	2	5	6	1	7
K09907	2	5	5	2	7
K09908	2	5	6	1	7
K09909	3	4	5	2	7
K09910	2	5	3	4	7
K09911	5	2	5	2	7
K09914	2	5	7	0	7
K09915	2	5	6	1	7
K09920	2	5	5	2	7
K09921	1	6	6	1	7
K09922	4	3	6	1	7
K09923	3	4	5	2	7
K09925	4	3	5	2	7
K09927	3	4	4	3	7
K09933	2	5	6	1	7
K09934	1	6	5	2	7
K09935	4	3	1	6	7
K09936	3	4	1	6	7
K09940	6	1	6	1	7
K09945	2	5	5	2	7
K09949	5	2	3	4	7
K09951	1	6	2	5	7
K09952	3	4	2	5	7
K09954	2	5	6	1	7
K09955	4	3	5	2	7
K09958	2	5	5	2	7
K09961	3	4	6	1	7
K09962	2	5	1	6	7
K09963	3	4	5	2	7
K09967	3	4	2	5	7
K09968	2	5	5	2	7
K09969	5	2	6	1	7
K09970	2	5	6	1	7
K09971	1	6	6	1	7
K09972	2	5	7	0	7
K09973	4	3	4	3	7
K09974	2	5	7	0	7
K09975	3	4	6	1	7
K09979	2	5	6	1	7
K09988	3	4	4	3	7
K09996	2	5	4	3	7
K09997	2	5	4	3	7
K09998	3	4	6	1	7
K09999	3	4	6	1	7
K10000	2	5	6	1	7
K10001	2	5	6	1	7
K10002	2	5	5	2	7
K10003	3	4	6	1	7
K10004	3	4	4	3	7
K10005	1	6	5	2	7
K10006	2	5	6	1	7
K10007	0	7	5	2	7
K10008	1	6	4	3	7
K10009	3	4	2	5	7
K10010	1	6	5	2	7
K10011	2	5	5	2	7
K10012	1	6	2	5	7
K10013	2	5	5	2	7
K10014	2	5	6	1	7
K10015	1	6	7	0	7
K10016	2	5	3	4	7
K10017	3	4	6	1	7
K10026	4	3	2	5	7
K10036	1	6	7	0	7
K10037	4	3	6	1	7
K10038	3	4	6	1	7
K10039	3	4	2	5	7
K10040	4	3	2	5	7
K10041	5	2	0	7	7
K10107	1	6	5	2	7
K10108	3	4	7	0	7
K10109	5	2	4	3	7
K10110	2	5	5	2	7
K10111	1	6	7	0	7
K10112	3	4	4	3	7
K10117	1	6	4	3	7
K10118	0	7	3	4	7
K10119	1	6	2	5	7
K10124	2	5	5	2	7
K10125	0	7	6	1	7
K10126	1	6	6	1	7
K10188	2	5	2	5	7
K10189	4	3	0	7	7
K10190	4	3	1	6	7
K10192	2	5	4	3	7
K10193	3	4	3	4	7
K10194	5	2	3	4	7
K10195	1	6	5	2	7
K10200	3	4	2	5	7
K10201	5	2	3	4	7
K10202	3	4	0	7	7
K10206	6	1	3	4	7
K10213	3	4	5	2	7
K10231	0	7	1	6	7
K10254	1	6	3	4	7
K10439	2	5	4	3	7
K10440	2	5	1	6	7
K10441	5	2	1	6	7
K10536	4	3	1	6	7
K10537	1	6	7	0	7
K10538	1	6	6	1	7
K10539	3	4	5	2	7
K10540	4	3	1	6	7
K10541	3	4	1	6	7
K10542	3	4	2	5	7
K10543	1	6	2	5	7
K10544	0	7	5	2	7
K10545	2	5	6	1	7
K10546	4	3	3	4	7
K10547	4	3	2	5	7
K10548	5	2	1	6	7
K10549	1	6	5	2	7
K10550	3	4	5	2	7
K10551	1	6	4	3	7
K10555	2	5	4	3	7
K10556	4	3	4	3	7
K10557	4	3	4	3	7
K10558	3	4	5	2	7
K10559	1	6	4	3	7
K10560	2	5	7	0	7
K10561	3	4	6	1	7
K10562	2	5	3	4	7
K10563	4	3	4	3	7
K10670	4	3	3	4	7
K10671	3	4	2	5	7
K10672	3	4	2	5	7
K10677	4	3	2	5	7
K10678	2	5	4	3	7
K10679	5	2	5	2	7
K10680	3	4	6	1	7
K10708	3	4	2	5	7
K10709	2	5	5	2	7
K10710	4	3	0	7	7
K10711	5	2	3	4	7
K10716	4	3	6	1	7
K10748	1	6	5	2	7
K10763	1	6	6	1	7
K10773	3	4	4	3	7
K10778	4	3	6	1	7
K10793	1	6	2	5	7
K10794	3	4	0	7	7
K10795	3	4	0	7	7
K10796	4	3	2	5	7
K10797	2	5	2	5	7
K10800	4	3	7	0	7
K10804	2	5	5	2	7
K10805	1	6	6	1	7
K10806	4	3	4	3	7
K10819	3	4	2	5	7
K10823	3	4	5	2	7
K10824	3	4	2	5	7
K10826	2	5	5	2	7
K10831	3	4	4	3	7
K10834	1	6	6	1	7
K10857	2	5	5	2	7
K10906	3	4	6	1	7
K10907	2	5	1	6	7
K10914	0	7	7	0	7
K10939	2	5	7	0	7
K10947	3	4	3	4	7
K10972	1	6	4	3	7
K10973	2	5	5	2	7
K10974	1	6	5	2	7
K10975	3	4	6	1	7
K10979	4	3	4	3	7
K10984	2	5	4	3	7
K10985	2	5	4	3	7
K10986	2	5	3	4	7
K11003	1	6	6	1	7
K11005	2	5	6	1	7
K11031	4	3	2	5	7
K11041	4	3	2	5	7
K11050	3	4	0	7	7
K11051	3	4	2	5	7
K11065	4	3	5	2	7
K11066	2	5	6	1	7
K11068	2	5	5	2	7
K11069	2	5	2	5	7
K11070	4	3	1	6	7
K11071	3	4	2	5	7
K11072	4	3	1	6	7
K11073	2	5	5	2	7
K11074	1	6	6	1	7
K11075	3	4	7	0	7
K11076	4	3	4	3	7
K11081	2	5	6	1	7
K11082	3	4	6	1	7
K11084	1	6	6	1	7
K11085	6	1	4	3	7
K11102	2	5	4	3	7
K11103	1	6	4	3	7
K11104	3	4	1	6	7
K11105	3	4	2	5	7
K11106	1	6	6	1	7
K11139	2	5	5	2	7
K11144	2	5	3	4	7
K11145	3	4	2	5	7
K11175	3	4	1	6	7
K11183	2	5	7	0	7
K11184	3	4	1	6	7
K11189	5	2	3	4	7
K11191	1	6	5	2	7
K11192	1	6	5	2	7
K11201	0	7	7	0	7
K11202	3	4	4	3	7
K11203	3	4	7	0	7
K11206	2	5	6	1	7
K11208	1	6	6	1	7
K11209	3	4	5	2	7
K11216	3	4	5	2	7
K11249	2	5	6	1	7
K11250	2	5	7	0	7
K11263	0	7	3	4	7
K11264	3	4	5	2	7
K11358	1	6	1	6	7
K11381	6	1	4	3	7
K11382	2	5	6	1	7
K11391	2	5	4	3	7
K11392	2	5	6	1	7
K11472	2	5	7	0	7
K11473	1	6	6	1	7
K11474	1	6	5	2	7
K11517	4	3	0	7	7
K11529	4	3	3	4	7
K11531	3	4	5	2	7
K11533	0	7	6	1	7
K11534	3	4	4	3	7
K11535	2	5	4	3	7
K11537	5	2	6	1	7
K11604	1	6	5	2	7
K11605	4	3	6	1	7
K11606	2	5	6	1	7
K11607	2	5	5	2	7
K11617	2	5	5	2	7
K11618	1	6	3	4	7
K11636	2	5	6	1	7
K11645	5	2	5	2	7
K11685	3	4	6	1	7
K11717	3	4	5	2	7
K11719	2	5	4	3	7
K11720	3	4	4	3	7
K11732	4	3	7	0	7
K11733	1	6	5	2	7
K11734	2	5	6	1	7
K11735	3	4	5	2	7
K11736	1	6	6	1	7
K11737	1	6	3	4	7
K11738	2	5	6	1	7
K11739	2	5	6	1	7
K11740	3	4	6	1	7
K11741	5	2	3	4	7
K11744	2	5	5	2	7
K11745	3	4	6	1	7
K11746	5	2	4	3	7
K11747	2	5	6	1	7
K11748	3	4	6	1	7
K11749	7	0	3	4	7
K11750	4	3	6	1	7
K11751	4	3	4	3	7
K11752	3	4	2	5	7
K11753	3	4	5	2	7
K11754	1	6	5	2	7
K11755	4	3	3	4	7
K11811	3	4	6	1	7
K11891	1	6	6	1	7
K11892	1	6	6	1	7
K11893	3	4	5	2	7
K11894	1	6	6	1	7
K11895	1	6	6	1	7
K11896	1	6	6	1	7
K11900	2	5	6	1	7
K11901	2	5	6	1	7
K11903	2	5	6	1	7
K11904	2	5	5	2	7
K11905	4	3	7	0	7
K11906	2	5	6	1	7
K11907	2	5	6	1	7
K11910	2	5	6	1	7
K11911	3	4	6	1	7
K11921	3	4	3	4	7
K11924	3	4	5	2	7
K11925	2	5	5	2	7
K11927	5	2	4	3	7
K11928	1	6	3	4	7
K11929	2	5	5	2	7
K11930	1	6	7	0	7
K11931	1	6	6	1	7
K11932	2	5	6	1	7
K11933	4	3	5	2	7
K11934	5	2	4	3	7
K11935	2	5	4	3	7
K11936	2	5	6	1	7
K11938	3	4	6	1	7
K11939	1	6	3	4	7
K11941	3	4	6	1	7
K11960	2	5	2	5	7
K11961	1	6	3	4	7
K11962	1	6	4	3	7
K11963	0	7	6	1	7
K11991	1	6	5	2	7
K11996	1	6	5	2	7
K12056	3	4	6	1	7
K12057	3	4	4	3	7
K12058	0	7	5	2	7
K12059	0	7	4	3	7
K12060	2	5	4	3	7
K12061	3	4	5	2	7
K12062	2	5	5	2	7
K12063	2	5	5	2	7
K12064	3	4	6	1	7
K12065	1	6	6	1	7
K12066	2	5	6	1	7
K12067	2	5	6	1	7
K12068	1	6	5	2	7
K12111	2	5	4	3	7
K12112	0	7	5	2	7
K12113	1	6	6	1	7
K12132	0	7	3	4	7
K12136	3	4	5	2	7
K12137	3	4	4	3	7
K12143	3	4	1	6	7
K12147	3	4	6	1	7
K12149	3	4	6	1	7
K12151	2	5	4	3	7
K12251	5	2	3	4	7
K12257	4	3	1	6	7
K12262	3	4	4	3	7
K12264	3	4	4	3	7
K12265	2	5	6	1	7
K12266	1	6	6	1	7
K12267	0	7	5	2	7
K12269	1	6	4	3	7
K12288	1	6	7	0	7
K12289	2	5	7	0	7
K12290	1	6	6	1	7
K12292	2	5	3	4	7
K12297	2	5	6	1	7
K12299	3	4	6	1	7
K12308	3	4	2	5	7
K12339	2	5	5	2	7
K12340	5	2	4	3	7
K12368	2	5	7	0	7
K12369	1	6	5	2	7
K12370	2	5	7	0	7
K12371	2	5	6	1	7
K12372	4	3	4	3	7
K12373	5	2	4	3	7
K12410	2	5	3	4	7
K12452	4	3	1	6	7
K12507	3	4	4	3	7
K12510	4	3	5	2	7
K12511	3	4	2	5	7
K12516	2	5	6	1	7
K12518	2	5	5	2	7
K12519	1	6	7	0	7
K12522	2	5	5	2	7
K12524	5	2	4	3	7
K12525	1	6	6	1	7
K12527	3	4	3	4	7
K12528	4	3	6	1	7
K12529	2	5	6	1	7
K12541	4	3	3	4	7
K12542	5	2	6	1	7
K12543	3	4	7	0	7
K12554	2	5	5	2	7
K12555	3	4	3	4	7
K12556	2	5	3	4	7
K12573	4	3	2	5	7
K12574	3	4	0	7	7
K12582	3	4	6	1	7
K12660	2	5	7	0	7
K12661	0	7	7	0	7
K12678	4	3	5	2	7
K12684	1	6	5	2	7
K12687	3	4	6	1	7
K12700	3	4	5	2	7
K12823	6	1	4	3	7
K12940	2	5	4	3	7
K12941	3	4	0	7	7
K12942	5	2	5	2	7
K12943	3	4	3	4	7
K12944	3	4	5	2	7
K12945	3	4	7	0	7
K12952	1	6	7	0	7
K12957	3	4	5	2	7
K12960	1	6	2	5	7
K12961	1	6	5	2	7
K12962	2	5	7	0	7
K12963	3	4	5	2	7
K12972	2	5	6	1	7
K12973	3	4	6	1	7
K12974	2	5	6	1	7
K12975	2	5	5	2	7
K12981	1	6	6	1	7
K12983	2	5	6	1	7
K12984	2	5	4	3	7
K12985	1	6	7	0	7
K12992	2	5	3	4	7
K12994	1	6	5	2	7
K12995	2	5	7	0	7
K12996	5	2	3	4	7
K12999	3	4	0	7	7
K13004	4	3	1	6	7
K13012	4	3	1	6	7
K13014	2	5	7	0	7
K13015	3	4	1	6	7
K13018	4	3	2	5	7
K13019	4	3	3	4	7
K13038	1	6	4	3	7
K13043	5	2	3	4	7
K13051	4	3	4	3	7
K13052	4	3	0	7	7
K13053	4	3	6	1	7
K13059	2	5	5	2	7
K13063	4	3	7	0	7
K13069	3	4	5	2	7
K13243	3	4	7	0	7
K13244	3	4	5	2	7
K13252	3	4	5	2	7
K13255	2	5	6	1	7
K13256	1	6	6	1	7
K13280	4	3	3	4	7
K13283	3	4	6	1	7
K13288	3	4	5	2	7
K13292	3	4	3	4	7
K13378	4	3	4	3	7
K13381	2	5	5	2	7
K13408	0	7	7	0	7
K13409	2	5	6	1	7
K13479	4	3	4	3	7
K13491	5	2	4	3	7
K13497	3	4	6	1	7
K13498	0	7	4	3	7
K13525	0	7	7	0	7
K13527	2	5	5	2	7
K13529	3	4	5	2	7
K13542	2	5	2	5	7
K13566	5	2	5	2	7
K13570	1	6	3	4	7
K13571	2	5	3	4	7
K13574	0	7	7	0	7
K13620	2	5	6	1	7
K13626	2	5	3	4	7
K13629	3	4	6	1	7
K13631	2	5	6	1	7
K13632	1	6	6	1	7
K13633	1	6	6	1	7
K13634	1	6	7	0	7
K13635	2	5	5	2	7
K13636	1	6	6	1	7
K13637	4	3	7	0	7
K13638	1	6	6	1	7
K13639	1	6	4	3	7
K13640	2	5	4	3	7
K13641	1	6	4	3	7
K13643	3	4	7	0	7
K13652	4	3	6	1	7
K13653	2	5	6	1	7
K13677	5	2	2	5	7
K13678	4	3	3	4	7
K13684	2	5	7	0	7
K13694	5	2	5	2	7
K13695	2	5	5	2	7
K13727	2	5	4	3	7
K13735	2	5	3	4	7
K13745	2	5	7	0	7
K13747	3	4	1	6	7
K13771	2	5	6	1	7
K13787	0	7	5	2	7
K13788	2	5	5	2	7
K13789	5	2	5	2	7
K13794	1	6	6	1	7
K13795	1	6	7	0	7
K13796	3	4	5	2	7
K13821	4	3	5	2	7
K13829	1	6	5	2	7
K13853	3	4	0	7	7
K13874	2	5	7	0	7
K13888	0	7	6	1	7
K13889	3	4	3	4	7
K13890	3	4	1	6	7
K13891	2	5	4	3	7
K13892	3	4	5	2	7
K13893	4	3	6	1	7
K13894	5	2	4	3	7
K13895	4	3	6	1	7
K13896	3	4	5	2	7
K13918	4	3	7	0	7
K13919	3	4	2	5	7
K13920	2	5	4	3	7
K13921	3	4	5	2	7
K13922	3	4	2	5	7
K13926	2	5	5	2	7
K13928	1	6	7	0	7
K13929	3	4	3	4	7
K13930	1	6	7	0	7
K13932	3	4	6	1	7
K13933	3	4	7	0	7
K13934	2	5	6	1	7
K13935	2	5	6	1	7
K13936	1	6	6	1	7
K13938	3	4	6	1	7
K13940	0	7	4	3	7
K13953	3	4	5	2	7
K13954	2	5	0	7	7
K13963	3	4	5	2	7
K13979	3	4	6	1	7
K13993	5	2	1	6	7
K14051	1	6	5	2	7
K14052	2	5	6	1	7
K14053	2	5	6	1	7
K14054	2	5	6	1	7
K14055	1	6	4	3	7
K14056	3	4	4	3	7
K14058	4	3	6	1	7
K14059	3	4	6	1	7
K14061	3	4	7	0	7
K14062	2	5	6	1	7
K14063	3	4	6	1	7
K14065	1	6	5	2	7
K14083	3	4	2	5	7
K14087	4	3	2	5	7
K14090	3	4	2	5	7
K14138	2	5	1	6	7
K14155	2	5	5	2	7
K14170	3	4	4	3	7
K14187	1	6	5	2	7
K14188	3	4	4	3	7
K14205	3	4	5	2	7
K14260	1	6	2	5	7
K14261	2	5	5	2	7
K14274	1	6	6	1	7
K14287	0	7	6	1	7
K14333	1	6	6	1	7
K14347	3	4	6	1	7
K14348	3	4	7	0	7
K14392	2	5	3	4	7
K14393	1	6	6	1	7
K14394	5	2	3	4	7
K14414	2	5	6	1	7
K14415	4	3	6	1	7
K14441	2	5	4	3	7
K14445	4	3	6	1	7
K14534	3	4	3	4	7
K14540	3	4	3	4	7
K14587	2	5	6	1	7
K14588	3	4	7	0	7
K14591	4	3	5	2	7
K14623	3	4	2	5	7
K14652	3	4	2	5	7
K14654	3	4	1	6	7
K14665	4	3	5	2	7
K14682	3	4	6	1	7
K14731	3	4	3	4	7
K14742	6	1	0	7	7
K14744	3	4	7	0	7
K14761	4	3	2	5	7
K14762	2	5	7	0	7
K14977	2	5	6	1	7
K14982	4	3	2	5	7
K15023	4	3	0	7	7
K15024	4	3	3	4	7
K15034	3	4	7	0	7
K15051	3	4	5	2	7
K15125	3	4	7	0	7
K15255	2	5	5	2	7
K15256	2	5	4	3	7
K15257	2	5	6	1	7
K15268	1	6	7	0	7
K15303	5	2	2	5	7
K15342	1	6	2	5	7
K15372	2	5	2	5	7
K15373	2	5	5	2	7
K15396	2	5	7	0	7
K15460	4	3	1	6	7
K15461	3	4	5	2	7
K15524	2	5	5	2	7
K15532	3	4	2	5	7
K15533	2	5	4	3	7
K15534	4	3	0	7	7
K15536	2	5	6	1	7
K15539	1	6	7	0	7
K15540	2	5	7	0	7
K15545	1	6	7	0	7
K15547	0	7	5	2	7
K15548	3	4	6	1	7
K15549	3	4	6	1	7
K15550	0	7	5	2	7
K15551	2	5	6	1	7
K15552	3	4	6	1	7
K15553	4	3	5	2	7
K15554	2	5	5	2	7
K15555	4	3	3	4	7
K15576	2	5	5	2	7
K15577	4	3	5	2	7
K15578	1	6	6	1	7
K15580	1	6	3	4	7
K15581	0	7	3	4	7
K15582	2	5	3	4	7
K15583	3	4	1	6	7
K15584	4	3	4	3	7
K15585	4	3	5	2	7
K15586	2	5	7	0	7
K15587	3	4	3	4	7
K15598	2	5	5	2	7
K15599	2	5	2	5	7
K15600	0	7	2	5	7
K15633	4	3	3	4	7
K15634	1	6	5	2	7
K15635	4	3	3	4	7
K15640	4	3	1	6	7
K15669	4	3	3	4	7
K15711	0	7	5	2	7
K15721	0	7	6	1	7
K15723	2	5	5	2	7
K15724	4	3	5	2	7
K15726	6	1	4	3	7
K15727	5	2	4	3	7
K15735	3	4	6	1	7
K15736	2	5	5	2	7
K15737	2	5	4	3	7
K15738	4	3	2	5	7
K15770	2	5	3	4	7
K15771	3	4	4	3	7
K15772	1	6	3	4	7
K15773	3	4	6	1	7
K15777	1	6	6	1	7
K15827	2	5	6	1	7
K15828	1	6	5	2	7
K15829	2	5	5	2	7
K15830	1	6	6	1	7
K15831	2	5	6	1	7
K15832	2	5	7	0	7
K15833	1	6	6	1	7
K15834	2	5	6	1	7
K15836	2	5	6	1	7
K15866	4	3	5	2	7
K15915	3	4	2	5	7
K15921	3	4	2	5	7
K15923	4	3	5	2	7
K15974	1	6	6	1	7
K15975	4	3	7	0	7
K15977	5	2	5	2	7
K15984	3	4	5	2	7
K15986	4	3	0	7	7
K15987	6	1	3	4	7
K16012	3	4	6	1	7
K16013	4	3	6	1	7
K16044	3	4	6	1	7
K16052	1	6	7	0	7
K16053	7	0	4	3	7
K16055	4	3	3	4	7
K16066	1	6	3	4	7
K16074	0	7	7	0	7
K16076	0	7	5	2	7
K16077	2	5	5	2	7
K16087	2	5	4	3	7
K16088	3	4	6	1	7
K16089	4	3	7	0	7
K16090	3	4	6	1	7
K16091	4	3	7	0	7
K16092	2	5	5	2	7
K16135	2	5	5	2	7
K16136	1	6	6	1	7
K16137	0	7	5	2	7
K16139	0	7	7	0	7
K16140	1	6	5	2	7
K16147	0	7	4	3	7
K16148	2	5	3	4	7
K16169	4	3	3	4	7
K16203	3	4	5	2	7
K16209	0	7	3	4	7
K16210	0	7	4	3	7
K16212	3	4	3	4	7
K16234	2	5	5	2	7
K16235	4	3	6	1	7
K16238	2	5	3	4	7
K16248	5	2	4	3	7
K16263	2	5	6	1	7
K16264	0	7	7	0	7
K16291	1	6	7	0	7
K16301	0	7	7	0	7
K16321	4	3	7	0	7
K16322	0	7	6	1	7
K16324	0	7	6	1	7
K16326	2	5	7	0	7
K16328	4	3	3	4	7
K16329	3	4	3	4	7
K16345	5	2	5	2	7
K16346	1	6	5	2	7
K16363	5	2	4	3	7
K16370	2	5	6	1	7
K16371	3	4	5	2	7
K16435	5	2	3	4	7
K16509	3	4	3	4	7
K16511	3	4	2	5	7
K16554	2	5	4	3	7
K16651	1	6	4	3	7
K16692	2	5	6	1	7
K16693	2	5	6	1	7
K16695	3	4	6	1	7
K16698	4	3	0	7	7
K16704	2	5	5	2	7
K16711	2	5	6	1	7
K16783	0	7	5	2	7
K16784	0	7	6	1	7
K16785	3	4	2	5	7
K16786	4	3	2	5	7
K16787	2	5	2	5	7
K16788	2	5	6	1	7
K16789	2	5	1	6	7
K16839	3	4	5	2	7
K16840	2	5	5	2	7
K16841	2	5	5	2	7
K16842	2	5	4	3	7
K16850	2	5	5	2	7
K16868	1	6	5	2	7
K16898	3	4	3	4	7
K16899	2	5	1	6	7
K16905	5	2	3	4	7
K16906	5	2	4	3	7
K16907	4	3	4	3	7
K16923	2	5	3	4	7
K16924	1	6	2	5	7
K16925	1	6	2	5	7
K16926	2	5	1	6	7
K16927	3	4	0	7	7
K16950	3	4	3	4	7
K16951	3	4	5	2	7
K16957	1	6	4	3	7
K16958	2	5	6	1	7
K16959	0	7	6	1	7
K16960	1	6	4	3	7
K17073	3	4	4	3	7
K17074	4	3	2	5	7
K17076	4	3	3	4	7
K17103	5	2	3	4	7
K17195	2	5	5	2	7
K17202	2	5	4	3	7
K17203	4	3	3	4	7
K17204	2	5	4	3	7
K17213	4	3	1	6	7
K17214	0	7	4	3	7
K17215	3	4	4	3	7
K17235	5	2	0	7	7
K17236	4	3	3	4	7
K17241	6	1	2	5	7
K17242	3	4	0	7	7
K17243	5	2	3	4	7
K17247	1	6	6	1	7
K17318	1	6	2	5	7
K17319	1	6	3	4	7
K17320	2	5	4	3	7
K17331	2	5	5	2	7
K17462	3	4	5	2	7
K17463	4	3	7	0	7
K17464	3	4	6	1	7
K17465	2	5	5	2	7
K17466	3	4	5	2	7
K17467	3	4	6	1	7
K17468	3	4	5	2	7
K17473	3	4	4	3	7
K17624	3	4	5	2	7
K17675	3	4	1	6	7
K17680	5	2	3	4	7
K17686	0	7	3	4	7
K17713	3	4	5	2	7
K17716	4	3	2	5	7
K17722	3	4	4	3	7
K17723	3	4	4	3	7
K17733	4	3	4	3	7
K17734	4	3	2	5	7
K17758	6	1	4	3	7
K17759	5	2	5	2	7
K17810	3	4	4	3	7
K17818	3	4	4	3	7
K17828	2	5	2	5	7
K17836	3	4	6	1	7
K17865	6	1	1	6	7
K17869	1	6	6	1	7
K17898	3	4	2	5	7
K17938	2	5	4	3	7
K17948	2	5	6	1	7
K17992	5	2	2	5	7
K18011	3	4	3	4	7
K18012	3	4	3	4	7
K18013	4	3	5	2	7
K18014	4	3	1	6	7
K18094	4	3	4	3	7
K18095	4	3	4	3	7
K18104	4	3	3	4	7
K18118	3	4	4	3	7
K18120	4	3	4	3	7
K18122	4	3	4	3	7
K18138	3	4	6	1	7
K18139	6	1	3	4	7
K18140	2	5	6	1	7
K18141	2	5	6	1	7
K18142	1	6	6	1	7
K18148	2	5	6	1	7
K18149	3	4	5	2	7
K18205	2	5	1	6	7
K18214	1	6	3	4	7
K18220	3	4	3	4	7
K18231	1	6	4	3	7
K18234	4	3	4	3	7
K18237	3	4	2	5	7
K18324	2	5	6	1	7
K18325	1	6	6	1	7
K18326	1	6	5	2	7
K18330	4	3	2	5	7
K18331	5	2	5	2	7
K18332	4	3	4	3	7
K18333	2	5	4	3	7
K18334	1	6	6	1	7
K18344	4	3	2	5	7
K18346	3	4	4	3	7
K18349	4	3	1	6	7
K18350	4	3	3	4	7
K18369	4	3	2	5	7
K18427	4	3	3	4	7
K18446	3	4	7	0	7
K18471	3	4	4	3	7
K18475	3	4	3	4	7
K18478	2	5	7	0	7
K18581	5	2	3	4	7
K18640	3	4	1	6	7
K18650	3	4	6	1	7
K18657	3	4	5	2	7
K18672	4	3	2	5	7
K18673	0	7	5	2	7
K18675	3	4	1	6	7
K18682	4	3	1	6	7
K18691	4	3	5	2	7
K18692	4	3	3	4	7
K18697	1	6	6	1	7
K18702	5	2	2	5	7
K18704	3	4	4	3	7
K18707	4	3	2	5	7
K18765	2	5	6	1	7
K18778	0	7	5	2	7
K18800	1	6	6	1	7
K18814	5	2	3	4	7
K18827	2	5	5	2	7
K18828	5	2	5	2	7
K18831	3	4	5	2	7
K18837	1	6	4	3	7
K18838	2	5	6	1	7
K18850	1	6	6	1	7
K18856	4	3	4	3	7
K18887	3	4	3	4	7
K18888	3	4	4	3	7
K18889	3	4	4	3	7
K18890	3	4	3	4	7
K18895	1	6	6	1	7
K18898	3	4	6	1	7
K18899	2	5	7	0	7
K18907	0	7	5	2	7
K18910	3	4	3	4	7
K18918	1	6	4	3	7
K18922	2	5	5	2	7
K18926	3	4	5	2	7
K18928	4	3	4	3	7
K18929	5	2	2	5	7
K18930	3	4	2	5	7
K18954	4	3	6	1	7
K18955	2	5	4	3	7
K18968	2	5	5	2	7
K18979	2	5	4	3	7
K18988	2	5	6	1	7
K18991	1	6	5	2	7
K18997	2	5	5	2	7
K19002	3	4	3	4	7
K19005	5	2	3	4	7
K19048	4	3	3	4	7
K19050	6	1	4	3	7
K19052	4	3	2	5	7
K19055	3	4	1	6	7
K19068	4	3	1	6	7
K19092	2	5	6	1	7
K19115	3	4	1	6	7
K19117	1	6	4	3	7
K19118	2	5	1	6	7
K19119	2	5	4	3	7
K19127	1	6	6	1	7
K19128	1	6	6	1	7
K19129	3	4	5	2	7
K19147	5	2	2	5	7
K19157	2	5	1	6	7
K19158	2	5	7	0	7
K19159	1	6	4	3	7
K19160	2	5	4	3	7
K19162	1	6	6	1	7
K19163	3	4	4	3	7
K19164	0	7	4	3	7
K19168	2	5	7	0	7
K19221	2	5	7	0	7
K19222	4	3	6	1	7
K19225	4	3	2	5	7
K19226	2	5	6	1	7
K19227	0	7	5	2	7
K19228	2	5	7	0	7
K19229	2	5	6	1	7
K19230	4	3	4	3	7
K19234	2	5	5	2	7
K19235	2	5	6	1	7
K19236	2	5	7	0	7
K19265	2	5	5	2	7
K19267	3	4	6	1	7
K19268	3	4	4	3	7
K19270	1	6	6	1	7
K19271	5	2	3	4	7
K19285	2	5	2	5	7
K19286	5	2	3	4	7
K19294	4	3	3	4	7
K19302	5	2	1	6	7
K19303	1	6	5	2	7
K19304	3	4	6	1	7
K19309	3	4	3	4	7
K19310	4	3	1	6	7
K19333	2	5	4	3	7
K19334	2	5	6	1	7
K19337	2	5	7	0	7
K19338	3	4	6	1	7
K19350	4	3	3	4	7
K19353	1	6	7	0	7
K19354	2	5	6	1	7
K19405	4	3	3	4	7
K19411	4	3	3	4	7
K19416	1	6	6	1	7
K19421	3	4	0	7	7
K19424	2	5	2	5	7
K19427	4	3	2	5	7
K19504	1	6	5	2	7
K19505	1	6	4	3	7
K19506	4	3	5	2	7
K19507	1	6	3	4	7
K19508	3	4	3	4	7
K19509	4	3	3	4	7
K19510	2	5	3	4	7
K19545	3	4	2	5	7
K19577	1	6	6	1	7
K19585	0	7	6	1	7
K19586	1	6	6	1	7
K19587	2	5	5	2	7
K19591	2	5	6	1	7
K19611	4	3	5	2	7
K19689	2	5	6	1	7
K19697	4	3	7	0	7
K19709	1	6	5	2	7
K19710	2	5	4	3	7
K19745	2	5	5	2	7
K19775	2	5	7	0	7
K19776	2	5	5	2	7
K19784	1	6	6	1	7
K19789	3	4	6	1	7
K19802	4	3	3	4	7
K19803	2	5	5	2	7
K19804	2	5	5	2	7
K19810	0	7	6	1	7
K19824	5	2	1	6	7
K19837	4	3	6	1	7
K19954	4	3	2	5	7
K19955	4	3	2	5	7
K19956	2	5	5	2	7
K19997	5	2	2	5	7
K20023	3	4	5	2	7
K20037	2	5	4	3	7
K20038	3	4	3	4	7
K20073	4	3	1	6	7
K20074	2	5	4	3	7
K20107	1	6	4	3	7
K20108	1	6	6	1	7
K20114	3	4	6	1	7
K20116	3	4	1	6	7
K20117	4	3	1	6	7
K20118	3	4	0	7	7
K20263	1	6	7	0	7
K20264	1	6	6	1	7
K20265	2	5	3	4	7
K20276	1	6	5	2	7
K20342	4	3	2	5	7
K20344	4	3	5	2	7
K20345	5	2	5	2	7
K20415	3	4	6	1	7
K20429	5	2	3	4	7
K20444	1	6	2	5	7
K20459	2	5	0	7	7
K20460	2	5	2	5	7
K20461	4	3	2	5	7
K20480	2	5	4	3	7
K20487	1	6	0	7	7
K20488	1	6	0	7	7
K20490	5	2	1	6	7
K20491	4	3	1	6	7
K20492	2	5	0	7	7
K20509	6	1	3	4	7
K20534	4	3	2	5	7
K20541	2	5	6	1	7
K20542	3	4	6	1	7
K20543	2	5	6	1	7
K20609	2	5	5	2	7
K20765	2	5	5	2	7
K20814	1	6	5	2	7
K20861	3	4	6	1	7
K20862	4	3	5	2	7
K20866	4	3	5	2	7
K20881	2	5	7	0	7
K20920	2	5	6	1	7
K20938	2	5	6	1	7
K21011	2	5	4	3	7
K21012	0	7	3	4	7
K21021	3	4	7	0	7
K21028	3	4	6	1	7
K21029	4	3	2	5	7
K21063	4	3	1	6	7
K21064	3	4	4	3	7
K21065	5	2	5	2	7
K21071	4	3	1	6	7
K21084	3	4	6	1	7
K21085	2	5	7	0	7
K21086	1	6	5	2	7
K21087	3	4	6	1	7
K21088	2	5	4	3	7
K21089	1	6	7	0	7
K21090	3	4	6	1	7
K21132	6	1	5	2	7
K21298	3	4	6	1	7
K21393	3	4	4	3	7
K21394	3	4	6	1	7
K21395	4	3	6	1	7
K21400	2	5	6	1	7
K21405	3	4	4	3	7
K21416	3	4	4	3	7
K21417	4	3	5	2	7
K21430	3	4	6	1	7
K21449	1	6	5	2	7
K21464	4	3	2	5	7
K21465	2	5	4	3	7
K21467	3	4	1	6	7
K21469	4	3	4	3	7
K21470	2	5	7	0	7
K21471	2	5	4	3	7
K21472	4	3	2	5	7
K21495	1	6	6	1	7
K21498	2	5	2	5	7
K21511	1	6	5	2	7
K21512	2	5	5	2	7
K21528	2	5	4	3	7
K21557	5	2	3	4	7
K21567	2	5	2	5	7
K21571	5	2	2	5	7
K21572	5	2	2	5	7
K21573	6	1	2	5	7
K21574	6	1	4	3	7
K21575	5	2	4	3	7
K21576	3	4	3	4	7
K21577	4	3	2	5	7
K21578	6	1	1	6	7
K21583	3	4	4	3	7
K21600	0	7	3	4	7
K21602	2	5	7	0	7
K21613	1	6	4	3	7
K21636	2	5	0	7	7
K21638	3	4	5	2	7
K21645	4	3	5	2	7
K21672	3	4	3	4	7
K21681	5	2	5	2	7
K21695	0	7	7	0	7
K21698	4	3	5	2	7
K21739	1	6	5	2	7
K21741	3	4	5	2	7
K21742	2	5	7	0	7
K21746	3	4	5	2	7
K21755	1	6	6	1	7
K21885	2	5	3	4	7
K21898	4	3	2	5	7
K21901	2	5	6	1	7
K21903	2	5	0	7	7
K21905	3	4	7	0	7
K21906	2	5	6	1	7
K21907	2	5	5	2	7
K21908	1	6	5	2	7
K21929	4	3	1	6	7
K21936	4	3	5	2	7
K21948	2	5	5	2	7
K21963	1	6	6	1	7
K21964	1	6	6	1	7
K21965	4	3	7	0	7
K21966	3	4	4	3	7
K21967	2	5	6	1	7
K21968	1	6	5	2	7
K21972	1	6	6	1	7
K21973	2	5	7	0	7
K21975	2	5	5	2	7
K21977	5	2	3	4	7
K21990	2	5	6	1	7
K21993	3	4	4	3	7
K22010	0	7	2	5	7
K22014	1	6	7	0	7
K22015	4	3	5	2	7
K22024	4	3	1	6	7
K22041	4	3	6	1	7
K22044	2	5	4	3	7
K22051	2	5	6	1	7
K22104	2	5	6	1	7
K22105	2	5	6	1	7
K22110	2	5	6	1	7
K22111	1	6	6	1	7
K22129	1	6	2	5	7
K22130	4	3	7	0	7
K22131	1	6	6	1	7
K22132	5	2	1	6	7
K22212	3	4	2	5	7
K22214	3	4	4	3	7
K22226	5	2	7	0	7
K22230	5	2	6	1	7
K22270	1	6	7	0	7
K22278	4	3	5	2	7
K22293	2	5	5	2	7
K22306	1	6	5	2	7
K22315	2	5	2	5	7
K22349	3	4	3	4	7
K22373	4	3	1	6	7
K22396	2	5	4	3	7
K22397	0	7	3	4	7
K22405	6	1	3	4	7
K22430	2	5	2	5	7
K22431	5	2	2	5	7
K22432	2	5	3	4	7
K22441	5	2	3	4	7
K22457	5	2	5	2	7
K22477	2	5	2	5	7
K00086	2	5	5	2	7
K00209	5	2	0	7	7
K00231	3	4	4	3	7
K00303	3	4	1	6	7
K00318	4	3	5	2	7
K00448	2	5	5	2	7
K00520	3	4	6	1	7
K00561	3	4	2	5	7
K00603	5	2	2	5	7
K00689	3	4	2	5	7
K00721	6	1	2	5	7
K00844	6	1	3	4	7
K00895	6	1	4	3	7
K00897	1	6	2	5	7
K00984	3	4	6	1	7
K01156	4	3	2	5	7
K01218	3	4	2	5	7
K01235	5	2	2	5	7
K01361	2	5	2	5	7
K01593	5	2	5	2	7
K01761	5	2	2	5	7
K01771	6	1	2	5	7
K01841	4	3	0	7	7
K01856	2	5	5	2	7
K01968	4	3	5	2	7
K02463	1	6	4	3	7
K02508	3	4	4	3	7
K02611	3	4	6	1	7
K02671	3	4	2	5	7
K03146	4	3	4	3	7
K04561	2	5	5	2	7
K05338	3	4	1	6	7
K05603	1	6	4	3	7
K05713	3	4	4	3	7
K05714	3	4	5	2	7
K05795	4	3	0	7	7
K05836	2	5	7	0	7
K05921	1	6	5	2	7
K05988	4	3	1	6	7
K06310	3	4	0	7	7
K06320	2	5	1	6	7
K06403	3	4	1	6	7
K06893	2	5	2	5	7
K06903	1	6	7	0	7
K06905	3	4	5	2	7
K06989	3	4	5	2	7
K06994	3	4	4	3	7
K07016	2	5	1	6	7
K07130	2	5	2	5	7
K07168	3	4	7	0	7
K07316	4	3	2	5	7
K07401	1	6	5	2	7
K07450	0	7	3	4	7
K07469	4	3	0	7	7
K07492	2	5	3	4	7
K07502	4	3	4	3	7
K07504	4	3	2	5	7
K07505	4	3	2	5	7
K07707	4	3	3	4	7
K07775	5	2	1	6	7
K08152	3	4	3	4	7
K08357	3	4	5	2	7
K08363	5	2	4	3	7
K08365	2	5	5	2	7
K08566	2	5	2	5	7
K08676	5	2	4	3	7
K09002	5	2	1	6	7
K09011	5	2	4	3	7
K09123	4	3	0	7	7
K09459	6	1	2	5	7
K09472	4	3	6	1	7
K09770	3	4	0	7	7
K09797	7	0	4	3	7
K09924	5	2	4	3	7
K09932	1	6	5	2	7
K10241	2	5	5	2	7
K10747	3	4	2	5	7
K11004	1	6	5	2	7
K11008	2	5	6	1	7
K11527	5	2	4	3	7
K11690	5	2	1	6	7
K11709	2	5	5	2	7
K11959	2	5	6	1	7
K12070	5	2	5	2	7
K12072	2	5	5	2	7
K12218	1	6	4	3	7
K12240	3	4	4	3	7
K12255	2	5	6	1	7
K12268	4	3	5	2	7
K12296	3	4	1	6	7
K12343	5	2	2	5	7
K12472	3	4	4	3	7
K12997	3	4	0	7	7
K13075	3	4	4	3	7
K13607	4	3	1	6	7
K13668	4	3	4	3	7
K13732	2	5	2	5	7
K13818	1	6	3	4	7
K14057	3	4	7	0	7
K14379	5	2	4	3	7
K15269	1	6	6	1	7
K15531	3	4	2	5	7
K15876	3	4	6	1	7
K15894	5	2	0	7	7
K15922	2	5	3	4	7
K16014	4	3	4	3	7
K16165	2	5	4	3	7
K16211	5	2	2	5	7
K16213	4	3	2	5	7
K16650	1	6	3	4	7
K17218	4	3	4	3	7
K17234	5	2	1	6	7
K18197	4	3	1	6	7
K18206	2	5	3	4	7
K18244	2	5	1	6	7
K18320	2	5	3	4	7
K18445	2	5	2	5	7
K18474	2	5	3	4	7
K18480	3	4	6	1	7
K18785	5	2	3	4	7
K18829	3	4	5	2	7
K19046	2	5	3	4	7
K19049	5	2	4	3	7
K19057	1	6	6	1	7
K19058	1	6	6	1	7
K19059	3	4	6	1	7
K19075	4	3	0	7	7
K19090	5	2	0	7	7
K19123	4	3	5	2	7
K19124	2	5	1	6	7
K19125	2	5	2	5	7
K19126	4	3	1	6	7
K19139	4	3	0	7	7
K19140	3	4	0	7	7
K19165	4	3	1	6	7
K19166	3	4	5	2	7
K19170	5	2	2	5	7
K19171	5	2	3	4	7
K19180	2	5	0	7	7
K19224	3	4	3	4	7
K19428	5	2	3	4	7
K19431	3	4	0	7	7
K19540	3	4	4	3	7
K20483	1	6	1	6	7
K20484	5	2	1	6	7
K20533	2	5	2	5	7
K20885	5	2	3	4	7
K20903	3	4	2	5	7
K20904	4	3	2	5	7
K21030	4	3	0	7	7
K21350	2	5	0	7	7
K21397	4	3	2	5	7
K21688	3	4	3	4	7
K21712	2	5	4	3	7
K22103	3	4	0	7	7
K22227	5	2	0	7	7
K22300	1	6	6	1	7
K22330	3	4	6	1	7
K22489	2	5	6	1	7
K00015	5	2	4	3	7
K00274	3	4	5	2	7
K00294	6	1	4	3	7
K00394	3	4	2	5	7
K00395	4	3	4	3	7
K00435	1	6	4	3	7
K00819	3	4	5	2	7
K00972	4	3	0	7	7
K01046	5	2	1	6	7
K01181	6	1	3	4	7
K01322	5	2	1	6	7
K01601	2	5	3	4	7
K02022	5	2	5	2	7
K02136	4	3	1	6	7
K03219	4	3	4	3	7
K03225	1	6	5	2	7
K03226	3	4	5	2	7
K03228	1	6	5	2	7
K03229	3	4	3	4	7
K03230	5	2	3	4	7
K03388	5	2	0	7	7
K03389	4	3	0	7	7
K03390	5	2	1	6	7
K03409	3	4	1	6	7
K05305	4	3	3	4	7
K05658	3	4	4	3	7
K05708	4	3	2	5	7
K05711	4	3	7	0	7
K05817	3	4	3	4	7
K05967	5	2	0	7	7
K06331	3	4	0	7	7
K07096	4	3	1	6	7
K07353	2	5	6	1	7
K07356	1	6	3	4	7
K07739	3	4	3	4	7
K07777	4	3	1	6	7
K08717	4	3	2	5	7
K09124	5	2	2	5	7
K09128	5	2	2	5	7
K09469	5	2	0	7	7
K09515	3	4	1	6	7
K09789	4	3	2	5	7
K09939	7	0	3	4	7
K09960	2	5	5	2	7
K10120	4	3	2	5	7
K10122	4	3	1	6	7
K11177	5	2	2	5	7
K11178	3	4	5	2	7
K11332	3	4	0	7	7
K11778	5	2	1	6	7
K11920	4	3	4	3	7
K12138	3	4	0	7	7
K12139	4	3	4	3	7
K12140	5	2	2	5	7
K12141	5	2	5	2	7
K12142	4	3	5	2	7
K12146	4	3	5	2	7
K12506	2	5	5	2	7
K13002	6	1	2	5	7
K13285	4	3	3	4	7
K13287	4	3	5	2	7
K13927	3	4	1	6	7
K14048	2	5	3	4	7
K14127	4	3	1	6	7
K15212	3	4	2	5	7
K15725	5	2	4	3	7
K15835	1	6	7	0	7
K16936	6	1	1	6	7
K16937	6	1	0	7	7
K17947	3	4	6	1	7
K18015	4	3	4	3	7
K18221	5	2	3	4	7
K18345	3	4	2	5	7
K18430	2	5	2	5	7
K18479	3	4	4	3	7
K18530	0	7	4	3	7
K18531	2	5	5	2	7
K18589	5	2	2	5	7
K18986	3	4	1	6	7
K19134	3	4	4	3	7
K19155	3	4	6	1	7
K19335	4	3	4	3	7
K19336	1	6	7	0	7
K19355	6	1	4	3	7
K19429	4	3	1	6	7
K20382	5	2	4	3	7
K21023	3	4	3	4	7
K21140	2	5	0	7	7
K21364	6	1	1	6	7
K21556	6	1	3	4	7
K22074	1	6	4	3	7
K22443	3	4	6	1	7
K22444	4	3	4	3	7
K22486	4	3	5	2	7
K22488	3	4	4	3	7
K00148	3	4	4	3	7
K01039	5	2	2	5	7
K01434	3	4	5	2	7
K01473	6	1	4	3	7
K03196	1	6	5	2	7
K03204	0	7	5	2	7
K06906	4	3	6	1	7
K08256	3	4	6	1	7
K11707	1	6	5	2	7
K11708	2	5	5	2	7
K11710	2	5	4	3	7
K12203	3	4	4	3	7
K12204	0	7	6	1	7
K12206	2	5	6	1	7
K12209	1	6	6	1	7
K12211	1	6	6	1	7
K12213	0	7	4	3	7
K12214	2	5	3	4	7
K12217	1	6	4	3	7
K12228	2	5	5	2	7
K13923	2	5	6	1	7
K17816	1	6	2	5	7
K19132	1	6	6	1	7
K19299	5	2	2	5	7
K19883	4	3	1	6	7
K02021	4	3	1	6	7
K02651	5	2	4	3	7
K03301	3	4	6	1	7
K04343	3	4	2	5	7
K05521	3	4	5	2	7
K08151	4	3	5	2	7
K15505	4	3	6	1	7
K15898	5	2	0	7	7
K16515	2	5	2	5	7
K16516	1	6	6	1	7
K18824	4	3	5	2	7
K19793	5	2	4	3	7
K20489	2	5	2	5	7
K01236	4	3	7	0	7
K03194	2	5	6	1	7
K03195	3	4	2	5	7
K03201	2	5	4	3	7
K03203	3	4	4	3	7
K06120	2	5	5	2	7
K07128	1	6	5	2	7
K09882	3	4	6	1	7
K10242	1	6	5	2	7
K11083	3	4	5	2	7
K12979	1	6	4	3	7
K15054	4	3	5	2	7
K18146	1	6	5	2	7
K18301	2	5	4	3	7
K18476	3	4	5	2	7
K19231	2	5	5	2	7
K19273	4	3	1	6	7
K01561	4	3	3	4	7
K07076	4	3	3	4	7
K08222	4	3	1	6	7
K10240	1	6	4	3	7
K12454	4	3	2	5	7
K13990	5	2	3	4	7
K19262	2	5	5	2	7
K21076	1	6	5	2	7
K21923	3	4	4	3	7
K13403	3	4	1	6	7
K13663	2	5	3	4	7
K10673	2	5	3	4	7
K12733	5	2	2	5	7
K14153	4	3	1	6	7
K15924	5	2	2	5	7
K21749	5	2	3	4	7
K09141	3	4	1	6	7
K12685	5	2	1	6	7
K18698	2	5	4	3	7
K19175	4	3	2	5	7
K15739	5	2	2	5	7
K12990	5	2	4	3	7
K18959	4	3	4	3	7
K22311	3	4	5	2	7
K16323	4	3	1	6	7
PF00004	3	4	2	5	7
PF00005	2	5	3	4	7
PF00006	4	3	0	7	7
PF00009	2	5	4	3	7
PF00011	2	5	2	5	7
PF00012	3	4	1	6	7
PF00015	4	3	2	5	7
PF00023	5	2	6	1	7
PF00027	1	6	7	0	7
PF00036	4	3	2	5	7
PF00037	4	3	2	5	7
PF00041	2	5	6	1	7
PF00044	1	6	5	2	7
PF00056	5	2	6	1	7
PF00069	5	2	3	4	7
PF00070	1	6	4	3	7
PF00072	4	3	0	7	7
PF00075	1	6	3	4	7
PF00076	6	1	5	2	7
PF00078	6	1	0	7	7
PF00079	0	7	3	4	7
PF00082	3	4	1	6	7
PF00083	3	4	4	3	7
PF00085	5	2	2	5	7
PF00089	1	6	5	2	7
PF00091	1	6	3	4	7
PF00092	3	4	2	5	7
PF00106	1	6	6	1	7
PF00107	1	6	7	0	7
PF00108	3	4	5	2	7
PF00109	5	2	3	4	7
PF00111	2	5	3	4	7
PF00112	5	2	1	6	7
PF00113	2	5	3	4	7
PF00115	2	5	6	1	7
PF00117	0	7	4	3	7
PF00118	2	5	4	3	7
PF00119	2	5	5	2	7
PF00120	2	5	5	2	7
PF00121	3	4	4	3	7
PF00122	2	5	5	2	7
PF00126	4	3	5	2	7
PF00128	2	5	1	6	7
PF00132	3	4	6	1	7
PF00133	2	5	3	4	7
PF00135	1	6	2	5	7
PF00137	2	5	4	3	7
PF00140	2	5	4	3	7
PF00141	2	5	6	1	7
PF00142	2	5	3	4	7
PF00144	5	2	2	5	7
PF00145	2	5	3	4	7
PF00146	3	4	5	2	7
PF00148	2	5	1	6	7
PF00149	3	4	1	6	7
PF00150	4	3	3	4	7
PF00152	4	3	2	5	7
PF00154	3	4	7	0	7
PF00155	3	4	5	2	7
PF00156	1	6	5	2	7
PF00158	3	4	5	2	7
PF00160	6	1	2	5	7
PF00162	1	6	3	4	7
PF00163	1	6	2	5	7
PF00164	3	4	3	4	7
PF00165	3	4	3	4	7
PF00166	1	6	6	1	7
PF00171	0	7	6	1	7
PF00174	2	5	6	1	7
PF00175	2	5	6	1	7
PF00176	1	6	5	2	7
PF00177	0	7	3	4	7
PF00180	3	4	4	3	7
PF00181	1	6	6	1	7
PF00182	1	6	7	0	7
PF00183	4	3	1	6	7
PF00185	1	6	1	6	7
PF00186	0	7	6	1	7
PF00188	3	4	1	6	7
PF00189	2	5	6	1	7
PF00194	3	4	3	4	7
PF00196	2	5	5	2	7
PF00198	1	6	4	3	7
PF00199	3	4	6	1	7
PF00202	2	5	6	1	7
PF00203	1	6	4	3	7
PF00204	1	6	7	0	7
PF00205	0	7	3	4	7
PF00206	3	4	4	3	7
PF00207	5	2	6	1	7
PF00208	1	6	5	2	7
PF00209	4	3	1	6	7
PF00210	1	6	5	2	7
PF00213	0	7	2	5	7
PF00215	3	4	4	3	7
PF00216	5	2	3	4	7
PF00217	2	5	4	3	7
PF00218	1	6	5	2	7
PF00221	4	3	5	2	7
PF00224	3	4	2	5	7
PF00226	3	4	3	4	7
PF00230	0	7	4	3	7
PF00231	2	5	2	5	7
PF00232	2	5	6	1	7
PF00237	2	5	5	2	7
PF00238	1	6	5	2	7
PF00239	3	4	0	7	7
PF00245	2	5	5	2	7
PF00246	3	4	2	5	7
PF00248	0	7	5	2	7
PF00249	4	3	2	5	7
PF00251	2	5	6	1	7
PF00252	2	5	1	6	7
PF00253	1	6	6	1	7
PF00254	1	6	4	3	7
PF00258	2	5	5	2	7
PF00263	3	4	6	1	7
PF00265	5	2	3	4	7
PF00266	1	6	3	4	7
PF00267	4	3	6	1	7
PF00268	2	5	5	2	7
PF00270	1	6	6	1	7
PF00271	1	6	6	1	7
PF00275	1	6	3	4	7
PF00276	0	7	5	2	7
PF00278	5	2	1	6	7
PF00282	3	4	4	3	7
PF00285	3	4	1	6	7
PF00288	3	4	3	4	7
PF00289	4	3	5	2	7
PF00290	1	6	4	3	7
PF00291	3	4	2	5	7
PF00293	2	5	6	1	7
PF00294	0	7	5	2	7
PF00295	4	3	6	1	7
PF00296	0	7	5	2	7
PF00297	1	6	2	5	7
PF00300	2	5	6	1	7
PF00302	6	1	4	3	7
PF00303	1	6	5	2	7
PF00306	2	5	1	6	7
PF00308	3	4	6	1	7
PF00310	2	5	5	2	7
PF00311	1	6	6	1	7
PF00312	2	5	2	5	7
PF00313	1	6	6	1	7
PF00317	1	6	5	2	7
PF00318	1	6	5	2	7
PF00324	0	7	6	1	7
PF00326	3	4	5	2	7
PF00327	1	6	3	4	7
PF00328	3	4	4	3	7
PF00329	4	3	3	4	7
PF00330	1	6	3	4	7
PF00331	5	2	0	7	7
PF00333	1	6	4	3	7
PF00334	5	2	4	3	7
PF00338	0	7	5	2	7
PF00342	4	3	2	5	7
PF00343	3	4	3	4	7
PF00344	2	5	4	3	7
PF00345	1	6	6	1	7
PF00346	6	1	4	3	7
PF00347	0	7	2	5	7
PF00348	1	6	5	2	7
PF00350	2	5	4	3	7
PF00355	2	5	6	1	7
PF00356	1	6	5	2	7
PF00358	0	7	3	4	7
PF00359	3	4	5	2	7
PF00361	4	3	4	3	7
PF00364	5	2	4	3	7
PF00365	4	3	2	5	7
PF00366	2	5	5	2	7
PF00367	2	5	5	2	7
PF00370	3	4	2	5	7
PF00374	2	5	6	1	7
PF00375	3	4	2	5	7
PF00376	2	5	3	4	7
PF00378	1	6	4	3	7
PF00380	2	5	2	5	7
PF00381	1	6	3	4	7
PF00383	3	4	2	5	7
PF00384	0	7	4	3	7
PF00389	1	6	7	0	7
PF00390	4	3	2	5	7
PF00391	3	4	2	5	7
PF00392	2	5	2	5	7
PF00393	1	6	5	2	7
PF00394	2	5	6	1	7
PF00395	4	3	1	6	7
PF00398	1	6	2	5	7
PF00403	4	3	3	4	7
PF00406	1	6	4	3	7
PF00408	2	5	3	4	7
PF00410	1	6	5	2	7
PF00411	2	5	5	2	7
PF00416	2	5	1	6	7
PF00419	1	6	6	1	7
PF00425	4	3	4	3	7
PF00430	1	6	2	5	7
PF00436	2	5	4	3	7
PF00437	2	5	5	2	7
PF00438	4	3	2	5	7
PF00440	0	7	6	1	7
PF00441	4	3	1	6	7
PF00444	1	6	4	3	7
PF00448	2	5	5	2	7
PF00449	2	5	2	5	7
PF00453	3	4	1	6	7
PF00455	1	6	4	3	7
PF00456	1	6	7	0	7
PF00459	2	5	6	1	7
PF00462	2	5	5	2	7
PF00463	3	4	5	2	7
PF00464	1	6	4	3	7
PF00465	1	6	3	4	7
PF00466	3	4	5	2	7
PF00468	2	5	3	4	7
PF00471	0	7	2	5	7
PF00472	2	5	6	1	7
PF00474	2	5	5	2	7
PF00475	2	5	4	3	7
PF00476	3	4	6	1	7
PF00478	0	7	4	3	7
PF00479	2	5	4	3	7
PF00480	1	6	6	1	7
PF00481	1	6	4	3	7
PF00482	0	7	3	4	7
PF00483	3	4	1	6	7
PF00484	2	5	4	3	7
PF00485	5	2	2	5	7
PF00486	2	5	1	6	7
PF00488	5	2	1	6	7
PF00490	4	3	1	6	7
PF00491	3	4	2	5	7
PF00494	6	1	4	3	7
PF00496	0	7	4	3	7
PF00497	3	4	4	3	7
PF00498	3	4	3	4	7
PF00499	6	1	6	1	7
PF00501	0	7	5	2	7
PF00512	4	3	3	4	7
PF00515	4	3	5	2	7
PF00521	3	4	5	2	7
PF00528	2	5	7	0	7
PF00529	3	4	7	0	7
PF00532	0	7	6	1	7
PF00533	4	3	1	6	7
PF00534	5	2	5	2	7
PF00535	2	5	3	4	7
PF00543	2	5	3	4	7
PF00547	1	6	4	3	7
PF00549	0	7	6	1	7
PF00550	1	6	4	3	7
PF00551	3	4	2	5	7
PF00557	3	4	5	2	7
PF00561	2	5	2	5	7
PF00562	4	3	2	5	7
PF00563	2	5	5	2	7
PF00565	3	4	7	0	7
PF00570	5	2	3	4	7
PF00571	1	6	4	3	7
PF00572	1	6	4	3	7
PF00573	1	6	4	3	7
PF00574	3	4	3	4	7
PF00575	2	5	1	6	7
PF00577	2	5	5	2	7
PF00578	2	5	5	2	7
PF00579	3	4	2	5	7
PF00580	1	6	4	3	7
PF00581	3	4	5	2	7
PF00582	1	6	6	1	7
PF00583	2	5	4	3	7
PF00584	1	6	2	5	7
PF00585	1	6	6	1	7
PF00586	4	3	2	5	7
PF00587	1	6	2	5	7
PF00588	1	6	4	3	7
PF00589	2	5	2	5	7
PF00590	3	4	0	7	7
PF00591	0	7	4	3	7
PF00593	5	2	3	4	7
PF00595	3	4	5	2	7
PF00596	4	3	4	3	7
PF00614	4	3	2	5	7
PF00623	3	4	4	3	7
PF00625	1	6	3	4	7
PF00636	0	7	4	3	7
PF00639	4	3	3	4	7
PF00652	6	1	2	5	7
PF00654	1	6	5	2	7
PF00656	4	3	2	5	7
PF00657	4	3	2	5	7
PF00662	5	2	4	3	7
PF00664	2	5	2	5	7
PF00665	4	3	3	4	7
PF00668	4	3	2	5	7
PF00669	5	2	3	4	7
PF00670	2	5	6	1	7
PF00672	4	3	2	5	7
PF00673	0	7	4	3	7
PF00675	6	1	2	5	7
PF00676	5	2	7	0	7
PF00677	4	3	3	4	7
PF00679	3	4	0	7	7
PF00682	5	2	4	3	7
PF00684	0	7	3	4	7
PF00686	6	1	1	6	7
PF00687	3	4	4	3	7
PF00689	1	6	6	1	7
PF00690	3	4	4	3	7
PF00691	4	3	6	1	7
PF00692	3	4	2	5	7
PF00694	1	6	4	3	7
PF00696	1	6	0	7	7
PF00697	4	3	4	3	7
PF00698	2	5	1	6	7
PF00699	2	5	4	3	7
PF00700	3	4	2	5	7
PF00701	2	5	4	3	7
PF00702	4	3	4	3	7
PF00703	5	2	2	5	7
PF00704	5	2	4	3	7
PF00707	1	6	5	2	7
PF00708	3	4	3	4	7
PF00709	2	5	2	5	7
PF00710	6	1	3	4	7
PF00712	1	6	3	4	7
PF00717	2	5	3	4	7
PF00719	1	6	6	1	7
PF00722	4	3	3	4	7
PF00724	1	6	5	2	7
PF00725	3	4	3	4	7
PF00728	6	1	5	2	7
PF00730	1	6	6	1	7
PF00731	3	4	3	4	7
PF00733	5	2	2	5	7
PF00742	2	5	3	4	7
PF00749	1	6	3	4	7
PF00750	1	6	3	4	7
PF00753	4	3	1	6	7
PF00754	5	2	4	3	7
PF00756	2	5	5	2	7
PF00759	4	3	2	5	7
PF00762	4	3	4	3	7
PF00763	2	5	4	3	7
PF00764	2	5	5	2	7
PF00766	5	2	5	2	7
PF00768	3	4	1	6	7
PF00771	3	4	4	3	7
PF00772	2	5	5	2	7
PF00773	3	4	4	3	7
PF00775	1	6	6	1	7
PF00781	1	6	3	4	7
PF00793	2	5	6	1	7
PF00795	5	2	5	2	7
PF00800	0	7	6	1	7
PF00805	4	3	3	4	7
PF00809	2	5	3	4	7
PF00813	3	4	3	4	7
PF00814	0	7	3	4	7
PF00815	1	6	5	2	7
PF00817	2	5	4	3	7
PF00821	3	4	2	5	7
PF00825	0	7	4	3	7
PF00828	2	5	4	3	7
PF00829	1	6	3	4	7
PF00830	0	7	6	1	7
PF00831	0	7	5	2	7
PF00834	3	4	4	3	7
PF00842	2	5	7	0	7
PF00849	3	4	1	6	7
PF00852	4	3	2	5	7
PF00854	3	4	5	2	7
PF00857	1	6	6	1	7
PF00860	0	7	4	3	7
PF00861	1	6	6	1	7
PF00871	4	3	2	5	7
PF00872	4	3	2	5	7
PF00873	4	3	5	2	7
PF00874	2	5	3	4	7
PF00877	3	4	2	5	7
PF00881	2	5	5	2	7
PF00882	3	4	1	6	7
PF00883	3	4	6	1	7
PF00884	5	2	6	1	7
PF00885	3	4	2	5	7
PF00886	2	5	5	2	7
PF00889	3	4	2	5	7
PF00890	2	5	3	4	7
PF00891	4	3	2	5	7
PF00892	0	7	3	4	7
PF00893	3	4	7	0	7
PF00899	3	4	1	6	7
PF00902	4	3	4	3	7
PF00903	4	3	5	2	7
PF00905	3	4	1	6	7
PF00908	4	3	2	5	7
PF00909	1	6	5	2	7
PF00912	2	5	5	2	7
PF00916	5	2	2	5	7
PF00919	2	5	1	6	7
PF00920	2	5	5	2	7
PF00923	2	5	4	3	7
PF00924	3	4	1	6	7
PF00925	5	2	4	3	7
PF00926	2	5	5	2	7
PF00929	1	6	4	3	7
PF00930	4	3	4	3	7
PF00932	4	3	5	2	7
PF00933	4	3	1	6	7
PF00936	4	3	2	5	7
PF00939	1	6	6	1	7
PF00941	5	2	2	5	7
PF00950	1	6	5	2	7
PF00953	2	5	4	3	7
PF00958	4	3	1	6	7
PF00959	2	5	5	2	7
PF00962	4	3	2	5	7
PF00975	2	5	5	2	7
PF00977	1	6	2	5	7
PF00982	3	4	5	2	7
PF00984	2	5	5	2	7
PF00986	0	7	3	4	7
PF00988	3	4	5	2	7
PF00989	2	5	4	3	7
PF00990	3	4	2	5	7
PF00994	3	4	1	6	7
PF00999	3	4	5	2	7
PF01000	1	6	4	3	7
PF01008	1	6	4	3	7
PF01011	4	3	6	1	7
PF01012	4	3	1	6	7
PF01016	0	7	4	3	7
PF01018	1	6	4	3	7
PF01019	3	4	4	3	7
PF01022	3	4	1	6	7
PF01024	2	5	5	2	7
PF01025	1	6	3	4	7
PF01026	1	6	6	1	7
PF01027	0	7	5	2	7
PF01029	2	5	3	4	7
PF01032	1	6	4	3	7
PF01035	2	5	6	1	7
PF01037	5	2	4	3	7
PF01039	5	2	2	5	7
PF01040	0	7	4	3	7
PF01041	3	4	2	5	7
PF01042	1	6	7	0	7
PF01043	6	1	1	6	7
PF01047	2	5	4	3	7
PF01048	4	3	2	5	7
PF01050	2	5	4	3	7
PF01051	3	4	1	6	7
PF01052	2	5	5	2	7
PF01053	2	5	5	2	7
PF01055	3	4	3	4	7
PF01058	1	6	3	4	7
PF01061	1	6	4	3	7
PF01063	2	5	3	4	7
PF01066	1	6	4	3	7
PF01070	2	5	6	1	7
PF01071	2	5	4	3	7
PF01073	4	3	2	5	7
PF01074	2	5	4	3	7
PF01075	1	6	4	3	7
PF01076	4	3	2	5	7
PF01077	3	4	3	4	7
PF01078	0	7	4	3	7
PF01081	5	2	4	3	7
PF01084	2	5	4	3	7
PF01087	1	6	2	5	7
PF01094	1	6	3	4	7
PF01095	3	4	2	5	7
PF01098	1	6	3	4	7
PF01103	5	2	5	2	7
PF01112	1	6	4	3	7
PF01113	1	6	4	3	7
PF01116	3	4	4	3	7
PF01118	3	4	6	1	7
PF01119	6	1	1	6	7
PF01120	4	3	3	4	7
PF01121	1	6	4	3	7
PF01128	2	5	5	2	7
PF01131	2	5	2	5	7
PF01132	0	7	4	3	7
PF01134	5	2	1	6	7
PF01136	4	3	4	3	7
PF01138	3	4	5	2	7
PF01139	2	5	6	1	7
PF01142	1	6	3	4	7
PF01144	4	3	4	3	7
PF01145	3	4	6	1	7
PF01148	2	5	5	2	7
PF01155	2	5	5	2	7
PF01156	3	4	3	4	7
PF01161	1	6	7	0	7
PF01168	0	7	5	2	7
PF01170	5	2	1	6	7
PF01171	1	6	2	5	7
PF01174	1	6	4	3	7
PF01176	3	4	3	4	7
PF01177	1	6	3	4	7
PF01179	3	4	5	2	7
PF01180	2	5	5	2	7
PF01182	1	6	5	2	7
PF01183	2	5	2	5	7
PF01189	3	4	1	6	7
PF01192	3	4	3	4	7
PF01193	3	4	4	3	7
PF01195	3	4	1	6	7
PF01196	1	6	4	3	7
PF01197	0	7	5	2	7
PF01202	2	5	4	3	7
PF01204	5	2	3	4	7
PF01205	1	6	5	2	7
PF01206	4	3	3	4	7
PF01207	4	3	5	2	7
PF01208	3	4	3	4	7
PF01210	2	5	4	3	7
PF01212	3	4	6	1	7
PF01220	3	4	3	4	7
PF01223	6	1	3	4	7
PF01225	1	6	4	3	7
PF01226	1	6	6	1	7
PF01227	1	6	7	0	7
PF01228	2	5	2	5	7
PF01229	4	3	0	7	7
PF01232	5	2	4	3	7
PF01235	4	3	1	6	7
PF01238	4	3	4	3	7
PF01243	4	3	6	1	7
PF01244	4	3	3	4	7
PF01245	3	4	5	2	7
PF01250	2	5	1	6	7
PF01252	1	6	3	4	7
PF01255	0	7	5	2	7
PF01256	2	5	4	3	7
PF01257	2	5	4	3	7
PF01259	2	5	1	6	7
PF01261	3	4	3	4	7
PF01262	4	3	6	1	7
PF01263	3	4	6	1	7
PF01264	1	6	4	3	7
PF01266	1	6	3	4	7
PF01268	1	6	2	5	7
PF01270	2	5	4	3	7
PF01272	2	5	4	3	7
PF01274	3	4	5	2	7
PF01276	3	4	1	6	7
PF01288	2	5	5	2	7
PF01289	2	5	4	3	7
PF01292	2	5	5	2	7
PF01293	4	3	0	7	7
PF01295	2	5	7	0	7
PF01297	1	6	4	3	7
PF01300	0	7	5	2	7
PF01301	5	2	4	3	7
PF01306	0	7	4	3	7
PF01311	3	4	3	4	7
PF01312	4	3	1	6	7
PF01315	3	4	1	6	7
PF01316	1	6	2	5	7
PF01321	3	4	3	4	7
PF01323	2	5	4	3	7
PF01325	5	2	5	2	7
PF01326	4	3	2	5	7
PF01327	2	5	3	4	7
PF01330	1	6	4	3	7
PF01336	4	3	3	4	7
PF01343	5	2	3	4	7
PF01344	5	2	6	1	7
PF01345	5	2	1	6	7
PF01346	4	3	5	2	7
PF01348	3	4	3	4	7
PF01351	1	6	2	5	7
PF01367	2	5	2	5	7
PF01368	3	4	2	5	7
PF01370	6	1	2	5	7
PF01379	3	4	2	5	7
PF01380	1	6	5	2	7
PF01381	2	5	0	7	7
PF01384	5	2	5	2	7
PF01385	3	4	1	6	7
PF01391	1	6	4	3	7
PF01396	3	4	2	5	7
PF01406	1	6	5	2	7
PF01408	3	4	6	1	7
PF01409	0	7	4	3	7
PF01411	1	6	5	2	7
PF01416	1	6	4	3	7
PF01418	2	5	5	2	7
PF01420	4	3	2	5	7
PF01424	0	7	2	5	7
PF01425	2	5	2	5	7
PF01427	6	1	4	3	7
PF01430	3	4	2	5	7
PF01431	1	6	5	2	7
PF01432	6	1	3	4	7
PF01433	1	6	5	2	7
PF01434	2	5	2	5	7
PF01435	0	7	6	1	7
PF01443	4	3	4	3	7
PF01446	5	2	3	4	7
PF01450	0	7	4	3	7
PF01451	0	7	3	4	7
PF01455	4	3	4	3	7
PF01458	2	5	4	3	7
PF01464	1	6	4	3	7
PF01467	3	4	4	3	7
PF01470	1	6	6	1	7
PF01471	5	2	1	6	7
PF01472	2	5	5	2	7
PF01473	4	3	4	3	7
PF01474	1	6	5	2	7
PF01475	3	4	0	7	7
PF01476	5	2	4	3	7
PF01478	2	5	4	3	7
PF01479	1	6	4	3	7
PF01487	4	3	2	5	7
PF01488	3	4	1	6	7
PF01493	2	5	3	4	7
PF01494	2	5	5	2	7
PF01496	4	3	2	5	7
PF01497	1	6	1	6	7
PF01501	4	3	6	1	7
PF01502	0	7	5	2	7
PF01503	6	1	2	5	7
PF01507	3	4	5	2	7
PF01509	1	6	5	2	7
PF01510	3	4	5	2	7
PF01512	3	4	3	4	7
PF01513	2	5	5	2	7
PF01514	2	5	3	4	7
PF01515	2	5	4	3	7
PF01520	4	3	3	4	7
PF01521	1	6	5	2	7
PF01522	4	3	1	6	7
PF01526	4	3	4	3	7
PF01527	2	5	3	4	7
PF01531	4	3	3	4	7
PF01544	3	4	5	2	7
PF01545	0	7	6	1	7
PF01546	1	6	5	2	7
PF01547	2	5	4	3	7
PF01548	3	4	3	4	7
PF01551	4	3	2	5	7
PF01553	4	3	4	3	7
PF01554	4	3	2	5	7
PF01555	3	4	4	3	7
PF01556	2	5	4	3	7
PF01557	4	3	6	1	7
PF01558	6	1	1	6	7
PF01564	3	4	2	5	7
PF01565	3	4	7	0	7
PF01566	1	6	4	3	7
PF01568	1	6	5	2	7
PF01569	4	3	4	3	7
PF01571	3	4	5	2	7
PF01575	3	4	4	3	7
PF01578	4	3	6	1	7
PF01580	2	5	4	3	7
PF01584	4	3	3	4	7
PF01588	4	3	4	3	7
PF01590	3	4	5	2	7
PF01592	2	5	3	4	7
PF01593	0	7	4	3	7
PF01594	5	2	3	4	7
PF01595	2	5	3	4	7
PF01596	3	4	4	3	7
PF01597	3	4	6	1	7
PF01609	4	3	2	5	7
PF01610	2	5	3	4	7
PF01612	2	5	7	0	7
PF01613	3	4	2	5	7
PF01614	3	4	3	4	7
PF01618	4	3	2	5	7
PF01619	6	1	6	1	7
PF01624	5	2	2	5	7
PF01625	3	4	7	0	7
PF01628	1	6	3	4	7
PF01634	2	5	3	4	7
PF01636	6	1	5	2	7
PF01637	2	5	2	5	7
PF01638	3	4	3	4	7
PF01641	2	5	6	1	7
PF01642	5	2	5	2	7
PF01643	5	2	4	3	7
PF01645	0	7	3	4	7
PF01648	0	7	5	2	7
PF01649	3	4	3	4	7
PF01653	0	7	4	3	7
PF01654	4	3	2	5	7
PF01656	2	5	3	4	7
PF01658	4	3	5	2	7
PF01661	3	4	3	4	7
PF01663	3	4	6	1	7
PF01668	1	6	3	4	7
PF01676	4	3	1	6	7
PF01678	3	4	0	7	7
PF01680	1	6	4	3	7
PF01687	0	7	3	4	7
PF01693	3	4	3	4	7
PF01694	3	4	4	3	7
PF01695	1	6	5	2	7
PF01699	1	6	1	6	7
PF01702	1	6	2	5	7
PF01704	0	7	6	1	7
PF01709	3	4	3	4	7
PF01712	4	3	4	3	7
PF01713	4	3	0	7	7
PF01715	2	5	5	2	7
PF01717	0	7	4	3	7
PF01719	4	3	6	1	7
PF01725	0	7	3	4	7
PF01726	1	6	3	4	7
PF01728	2	5	2	5	7
PF01729	3	4	5	2	7
PF01734	3	4	4	3	7
PF01738	2	5	6	1	7
PF01740	5	2	2	5	7
PF01741	4	3	4	3	7
PF01743	0	7	4	3	7
PF01746	0	7	2	5	7
PF01750	3	4	5	2	7
PF01751	1	6	3	4	7
PF01757	4	3	6	1	7
PF01758	0	7	2	5	7
PF01761	1	6	3	4	7
PF01765	0	7	6	1	7
PF01769	4	3	1	6	7
PF01773	1	6	4	3	7
PF01774	1	6	0	7	7
PF01782	1	6	2	5	7
PF01784	1	6	3	4	7
PF01790	2	5	2	5	7
PF01791	3	4	4	3	7
PF01795	0	7	6	1	7
PF01797	4	3	0	7	7
PF01799	6	1	3	4	7
PF01807	4	3	3	4	7
PF01808	3	4	5	2	7
PF01810	2	5	6	1	7
PF01812	1	6	4	3	7
PF01813	5	2	1	6	7
PF01814	2	5	4	3	7
PF01815	2	5	7	0	7
PF01817	0	7	2	5	7
PF01820	0	7	4	3	7
PF01823	5	2	2	5	7
PF01832	2	5	4	3	7
PF01833	4	3	3	4	7
PF01835	5	2	5	2	7
PF01841	0	7	4	3	7
PF01842	4	3	4	3	7
PF01850	1	6	6	1	7
PF01855	5	2	4	3	7
PF01863	3	4	4	3	7
PF01865	1	6	3	4	7
PF01867	0	7	6	1	7
PF01869	2	5	4	3	7
PF01871	1	6	4	3	7
PF01872	1	6	2	5	7
PF01874	3	4	3	4	7
PF01875	1	6	4	3	7
PF01882	2	5	5	2	7
PF01883	2	5	4	3	7
PF01887	2	5	3	4	7
PF01888	5	2	1	6	7
PF01890	3	4	1	6	7
PF01891	3	4	4	3	7
PF01895	5	2	2	5	7
PF01906	2	5	4	3	7
PF01914	6	1	5	2	7
PF01915	3	4	2	5	7
PF01923	4	3	4	3	7
PF01924	1	6	4	3	7
PF01925	0	7	4	3	7
PF01926	5	2	2	5	7
PF01928	1	6	4	3	7
PF01930	1	6	4	3	7
PF01933	2	5	4	3	7
PF01934	5	2	4	3	7
PF01935	3	4	5	2	7
PF01936	4	3	3	4	7
PF01938	4	3	3	4	7
PF01939	1	6	5	2	7
PF01943	1	6	3	4	7
PF01944	4	3	2	5	7
PF01955	4	3	2	5	7
PF01957	5	2	2	5	7
PF01960	5	2	4	3	7
PF01964	2	5	4	3	7
PF01965	4	3	4	3	7
PF01966	3	4	2	5	7
PF01967	4	3	2	5	7
PF01968	1	6	3	4	7
PF01969	5	2	1	6	7
PF01970	4	3	4	3	7
PF01972	2	5	6	1	7
PF01975	4	3	4	3	7
PF01977	2	5	5	2	7
PF01979	2	5	5	2	7
PF01980	3	4	3	4	7
PF01985	0	7	6	1	7
PF01987	2	5	2	5	7
PF01990	5	2	2	5	7
PF01992	4	3	0	7	7
PF01996	4	3	4	3	7
PF02001	4	3	2	5	7
PF02016	3	4	2	5	7
PF02018	2	5	3	4	7
PF02021	0	7	5	2	7
PF02028	1	6	7	0	7
PF02033	1	6	4	3	7
PF02036	2	5	7	0	7
PF02040	3	4	2	5	7
PF02055	4	3	2	5	7
PF02056	2	5	5	2	7
PF02057	1	6	3	4	7
PF02065	1	6	4	3	7
PF02073	4	3	2	5	7
PF02074	4	3	1	6	7
PF02075	0	7	4	3	7
PF02080	6	1	3	4	7
PF02082	4	3	3	4	7
PF02086	2	5	3	4	7
PF02091	2	5	6	1	7
PF02092	1	6	4	3	7
PF02096	1	6	4	3	7
PF02110	0	7	4	3	7
PF02113	1	6	6	1	7
PF02120	2	5	2	5	7
PF02126	2	5	5	2	7
PF02127	3	4	3	4	7
PF02129	5	2	6	1	7
PF02130	2	5	7	0	7
PF02132	0	7	4	3	7
PF02133	4	3	5	2	7
PF02142	4	3	1	6	7
PF02146	1	6	4	3	7
PF02152	0	7	6	1	7
PF02153	0	7	3	4	7
PF02163	5	2	3	4	7
PF02190	4	3	1	6	7
PF02195	3	4	6	1	7
PF02203	3	4	6	1	7
PF02219	2	5	5	2	7
PF02222	1	6	6	1	7
PF02223	1	6	4	3	7
PF02224	5	2	2	5	7
PF02230	1	6	6	1	7
PF02233	0	7	5	2	7
PF02245	1	6	4	3	7
PF02254	3	4	1	6	7
PF02255	3	4	5	2	7
PF02256	2	5	2	5	7
PF02261	3	4	2	5	7
PF02264	2	5	7	0	7
PF02272	3	4	0	7	7
PF02274	3	4	4	3	7
PF02275	3	4	0	7	7
PF02277	2	5	0	7	7
PF02278	2	5	5	2	7
PF02283	4	3	2	5	7
PF02286	3	4	4	3	7
PF02288	2	5	2	5	7
PF02302	3	4	5	2	7
PF02308	4	3	6	1	7
PF02310	4	3	3	4	7
PF02311	3	4	2	5	7
PF02317	4	3	2	5	7
PF02321	4	3	5	2	7
PF02322	3	4	6	1	7
PF02325	2	5	6	1	7
PF02335	2	5	5	2	7
PF02347	5	2	4	3	7
PF02348	5	2	5	2	7
PF02350	4	3	3	4	7
PF02353	1	6	4	3	7
PF02355	5	2	4	3	7
PF02357	2	5	2	5	7
PF02361	1	6	4	3	7
PF02366	1	6	4	3	7
PF02367	2	5	4	3	7
PF02368	4	3	0	7	7
PF02369	3	4	6	1	7
PF02371	2	5	1	6	7
PF02374	4	3	5	2	7
PF02378	3	4	7	0	7
PF02381	2	5	6	1	7
PF02384	4	3	1	6	7
PF02386	2	5	4	3	7
PF02387	2	5	7	0	7
PF02388	4	3	1	6	7
PF02390	0	7	4	3	7
PF02395	3	4	4	3	7
PF02397	1	6	3	4	7
PF02401	2	5	7	0	7
PF02403	2	5	5	2	7
PF02405	4	3	5	2	7
PF02410	2	5	6	1	7
PF02413	2	5	6	1	7
PF02415	5	2	4	3	7
PF02417	4	3	3	4	7
PF02421	4	3	4	3	7
PF02423	3	4	3	4	7
PF02424	1	6	3	4	7
PF02436	5	2	1	6	7
PF02441	3	4	5	2	7
PF02445	1	6	4	3	7
PF02446	2	5	4	3	7
PF02447	3	4	7	0	7
PF02449	1	6	4	3	7
PF02452	3	4	2	5	7
PF02457	3	4	1	6	7
PF02463	1	6	6	1	7
PF02464	1	6	6	1	7
PF02465	2	5	4	3	7
PF02467	1	6	5	2	7
PF02469	5	2	3	4	7
PF02470	2	5	4	3	7
PF02472	3	4	4	3	7
PF02481	2	5	6	1	7
PF02482	1	6	5	2	7
PF02485	3	4	3	4	7
PF02486	2	5	4	3	7
PF02491	4	3	6	1	7
PF02492	2	5	3	4	7
PF02493	6	1	5	2	7
PF02498	2	5	3	4	7
PF02502	3	4	3	4	7
PF02503	2	5	4	3	7
PF02504	2	5	2	5	7
PF02508	6	1	2	5	7
PF02511	5	2	0	7	7
PF02514	4	3	3	4	7
PF02515	2	5	4	3	7
PF02517	1	6	5	2	7
PF02518	4	3	1	6	7
PF02525	1	6	5	2	7
PF02527	2	5	5	2	7
PF02534	4	3	1	6	7
PF02535	3	4	3	4	7
PF02537	0	7	7	0	7
PF02540	1	6	1	6	7
PF02541	1	6	5	2	7
PF02542	3	4	4	3	7
PF02545	1	6	3	4	7
PF02547	6	1	3	4	7
PF02548	4	3	2	5	7
PF02550	2	5	4	3	7
PF02551	0	7	5	2	7
PF02554	1	6	4	3	7
PF02557	1	6	3	4	7
PF02558	5	2	2	5	7
PF02559	1	6	6	1	7
PF02561	2	5	1	6	7
PF02562	2	5	5	2	7
PF02563	6	1	5	2	7
PF02565	2	5	3	4	7
PF02566	2	5	7	0	7
PF02567	3	4	4	3	7
PF02568	3	4	1	6	7
PF02569	6	1	3	4	7
PF02570	5	2	1	6	7
PF02571	5	2	1	6	7
PF02572	2	5	2	5	7
PF02574	2	5	2	5	7
PF02576	4	3	2	5	7
PF02577	5	2	3	4	7
PF02578	2	5	5	2	7
PF02579	3	4	2	5	7
PF02580	2	5	6	1	7
PF02581	3	4	1	6	7
PF02583	0	7	1	6	7
PF02585	5	2	4	3	7
PF02586	0	7	3	4	7
PF02588	4	3	4	3	7
PF02589	6	1	2	5	7
PF02590	3	4	5	2	7
PF02592	5	2	4	3	7
PF02595	0	7	5	2	7
PF02597	1	6	5	2	7
PF02599	3	4	2	5	7
PF02601	0	7	2	5	7
PF02602	6	1	3	4	7
PF02603	3	4	2	5	7
PF02606	4	3	5	2	7
PF02607	6	1	3	4	7
PF02608	4	3	5	2	7
PF02609	0	7	5	2	7
PF02610	2	5	2	5	7
PF02613	3	4	4	3	7
PF02614	5	2	4	3	7
PF02615	4	3	2	5	7
PF02616	1	6	3	4	7
PF02618	1	6	5	2	7
PF02620	1	6	5	2	7
PF02622	4	3	5	2	7
PF02624	3	4	3	4	7
PF02625	2	5	0	7	7
PF02626	1	6	2	5	7
PF02627	3	4	5	2	7
PF02629	3	4	6	1	7
PF02631	1	6	5	2	7
PF02632	1	6	0	7	7
PF02633	2	5	3	4	7
PF02634	2	5	2	5	7
PF02635	3	4	5	2	7
PF02636	6	1	5	2	7
PF02637	1	6	4	3	7
PF02638	6	1	3	4	7
PF02639	3	4	0	7	7
PF02645	3	4	2	5	7
PF02646	2	5	6	1	7
PF02649	4	3	3	4	7
PF02650	1	6	3	4	7
PF02652	4	3	4	3	7
PF02653	1	6	3	4	7
PF02654	5	2	4	3	7
PF02657	4	3	7	0	7
PF02659	3	4	4	3	7
PF02660	5	2	3	4	7
PF02661	0	7	5	2	7
PF02664	3	4	3	4	7
PF02665	1	6	3	4	7
PF02666	4	3	3	4	7
PF02667	2	5	5	2	7
PF02669	5	2	6	1	7
PF02670	2	5	4	3	7
PF02673	2	5	4	3	7
PF02674	5	2	1	6	7
PF02675	3	4	4	3	7
PF02677	3	4	1	6	7
PF02678	5	2	5	2	7
PF02682	4	3	3	4	7
PF02683	4	3	4	3	7
PF02684	5	2	5	2	7
PF02685	2	5	7	0	7
PF02687	1	6	2	5	7
PF02690	5	2	5	2	7
PF02698	2	5	4	3	7
PF02699	0	7	4	3	7
PF02702	4	3	6	1	7
PF02705	1	6	3	4	7
PF02706	4	3	2	5	7
PF02719	4	3	4	3	7
PF02729	1	6	2	5	7
PF02730	5	2	0	7	7
PF02733	2	5	3	4	7
PF02734	3	4	1	6	7
PF02737	2	5	5	2	7
PF02738	4	3	2	5	7
PF02739	0	7	4	3	7
PF02742	4	3	2	5	7
PF02743	5	2	1	6	7
PF02744	1	6	0	7	7
PF02746	3	4	3	4	7
PF02749	1	6	3	4	7
PF02753	1	6	6	1	7
PF02754	2	5	7	0	7
PF02767	0	7	5	2	7
PF02768	3	4	4	3	7
PF02769	2	5	1	6	7
PF02770	4	3	1	6	7
PF02771	3	4	0	7	7
PF02772	4	3	4	3	7
PF02773	5	2	3	4	7
PF02774	2	5	5	2	7
PF02775	4	3	6	1	7
PF02776	2	5	4	3	7
PF02779	3	4	6	1	7
PF02780	3	4	4	3	7
PF02781	3	4	6	1	7
PF02782	3	4	3	4	7
PF02784	3	4	4	3	7
PF02785	3	4	6	1	7
PF02786	4	3	3	4	7
PF02787	3	4	1	6	7
PF02798	1	6	5	2	7
PF02800	0	7	6	1	7
PF02801	2	5	3	4	7
PF02803	2	5	3	4	7
PF02806	2	5	1	6	7
PF02811	3	4	1	6	7
PF02812	1	6	3	4	7
PF02823	1	6	4	3	7
PF02824	3	4	4	3	7
PF02826	1	6	7	0	7
PF02829	2	5	2	5	7
PF02833	4	3	3	4	7
PF02836	5	2	3	4	7
PF02837	5	2	6	1	7
PF02838	5	2	4	3	7
PF02843	1	6	5	2	7
PF02844	2	5	3	4	7
PF02852	1	6	5	2	7
PF02861	3	4	4	3	7
PF02863	0	7	4	3	7
PF02866	1	6	4	3	7
PF02867	2	5	5	2	7
PF02872	3	4	3	4	7
PF02873	2	5	5	2	7
PF02874	1	6	1	6	7
PF02875	3	4	1	6	7
PF02878	1	6	4	3	7
PF02879	2	5	4	3	7
PF02880	3	4	4	3	7
PF02881	3	4	4	3	7
PF02882	2	5	5	2	7
PF02885	3	4	5	2	7
PF02887	3	4	4	3	7
PF02894	3	4	3	4	7
PF02896	0	7	3	4	7
PF02897	0	7	6	1	7
PF02899	0	7	6	1	7
PF02900	3	4	5	2	7
PF02901	2	5	4	3	7
PF02903	2	5	1	6	7
PF02906	3	4	1	6	7
PF02910	2	5	6	1	7
PF02911	2	5	4	3	7
PF02912	1	6	4	3	7
PF02913	6	1	4	3	7
PF02915	4	3	2	5	7
PF02920	1	6	1	6	7
PF02922	0	7	3	4	7
PF02926	3	4	3	4	7
PF02929	5	2	4	3	7
PF02934	2	5	5	2	7
PF02938	3	4	3	4	7
PF02952	7	0	1	6	7
PF02954	4	3	5	2	7
PF02965	5	2	6	1	7
PF02976	4	3	4	3	7
PF02978	0	7	5	2	7
PF03006	0	7	6	1	7
PF03008	1	6	4	3	7
PF03009	1	6	5	2	7
PF03022	3	4	6	1	7
PF03023	0	7	4	3	7
PF03030	5	2	5	2	7
PF03033	1	6	1	6	7
PF03050	5	2	2	5	7
PF03051	2	5	6	1	7
PF03054	4	3	1	6	7
PF03060	4	3	0	7	7
PF03061	3	4	3	4	7
PF03062	5	2	2	5	7
PF03063	5	2	1	6	7
PF03065	7	0	2	5	7
PF03067	3	4	4	3	7
PF03069	3	4	5	2	7
PF03070	2	5	6	1	7
PF03090	1	6	4	3	7
PF03099	2	5	4	3	7
PF03102	3	4	2	5	7
PF03109	2	5	5	2	7
PF03116	4	3	2	5	7
PF03118	3	4	2	5	7
PF03120	0	7	4	3	7
PF03123	3	4	3	4	7
PF03129	2	5	4	3	7
PF03135	2	5	5	2	7
PF03136	0	7	5	2	7
PF03143	1	6	5	2	7
PF03144	0	7	5	2	7
PF03147	2	5	4	3	7
PF03150	2	5	5	2	7
PF03167	1	6	4	3	7
PF03169	5	2	3	4	7
PF03170	2	5	6	1	7
PF03171	1	6	6	1	7
PF03174	4	3	1	6	7
PF03176	2	5	2	5	7
PF03180	2	5	5	2	7
PF03186	5	2	3	4	7
PF03193	5	2	3	4	7
PF03200	4	3	4	3	7
PF03205	1	6	3	4	7
PF03212	5	2	6	1	7
PF03222	2	5	6	1	7
PF03230	1	6	6	1	7
PF03235	3	4	5	2	7
PF03237	3	4	3	4	7
PF03239	1	6	5	2	7
PF03241	2	5	6	1	7
PF03253	6	1	5	2	7
PF03255	3	4	1	6	7
PF03264	4	3	6	1	7
PF03272	2	5	5	2	7
PF03275	2	5	3	4	7
PF03279	4	3	4	3	7
PF03306	1	6	7	0	7
PF03308	3	4	6	1	7
PF03309	1	6	3	4	7
PF03313	4	3	1	6	7
PF03315	1	6	5	2	7
PF03320	2	5	5	2	7
PF03321	5	2	3	4	7
PF03323	4	3	4	3	7
PF03328	2	5	3	4	7
PF03330	3	4	5	2	7
PF03331	6	1	5	2	7
PF03349	3	4	6	1	7
PF03352	3	4	5	2	7
PF03354	3	4	4	3	7
PF03358	3	4	3	4	7
PF03372	4	3	4	3	7
PF03374	3	4	4	3	7
PF03382	5	2	1	6	7
PF03389	2	5	3	4	7
PF03390	4	3	5	2	7
PF03400	1	6	5	2	7
PF03401	3	4	5	2	7
PF03412	4	3	4	3	7
PF03413	2	5	5	2	7
PF03414	3	4	3	4	7
PF03415	4	3	4	3	7
PF03417	3	4	2	5	7
PF03418	4	3	1	6	7
PF03419	3	4	1	6	7
PF03422	4	3	4	3	7
PF03432	3	4	3	4	7
PF03435	5	2	3	4	7
PF03437	2	5	6	1	7
PF03442	3	4	2	5	7
PF03446	1	6	6	1	7
PF03447	3	4	6	1	7
PF03448	4	3	1	6	7
PF03449	4	3	2	5	7
PF03450	4	3	5	2	7
PF03453	2	5	2	5	7
PF03458	1	6	5	2	7
PF03460	3	4	3	4	7
PF03461	0	7	6	1	7
PF03462	0	7	1	6	7
PF03466	2	5	4	3	7
PF03471	1	6	6	1	7
PF03473	2	5	6	1	7
PF03477	3	4	2	5	7
PF03480	4	3	0	7	7
PF03481	5	2	2	5	7
PF03483	3	4	3	4	7
PF03484	0	7	5	2	7
PF03485	1	6	1	6	7
PF03486	3	4	0	7	7
PF03496	6	1	3	4	7
PF03502	3	4	5	2	7
PF03544	5	2	3	4	7
PF03547	3	4	5	2	7
PF03551	4	3	1	6	7
PF03553	5	2	3	4	7
PF03571	3	4	2	5	7
PF03572	5	2	5	2	7
PF03573	2	5	7	0	7
PF03575	2	5	3	4	7
PF03576	4	3	2	5	7
PF03577	1	6	5	2	7
PF03588	5	2	6	1	7
PF03589	1	6	6	1	7
PF03590	3	4	2	5	7
PF03591	4	3	1	6	7
PF03592	2	5	4	3	7
PF03598	2	5	0	7	7
PF03599	4	3	1	6	7
PF03600	4	3	3	4	7
PF03601	1	6	5	2	7
PF03602	1	6	4	3	7
PF03605	4	3	6	1	7
PF03606	3	4	2	5	7
PF03609	5	2	7	0	7
PF03610	2	5	4	3	7
PF03611	2	5	6	1	7
PF03612	2	5	3	4	7
PF03613	3	4	5	2	7
PF03616	3	4	1	6	7
PF03618	4	3	5	2	7
PF03625	6	1	4	3	7
PF03629	5	2	4	3	7
PF03630	4	3	3	4	7
PF03631	4	3	4	3	7
PF03632	3	4	3	4	7
PF03636	2	5	3	4	7
PF03641	2	5	5	2	7
PF03644	2	5	5	2	7
PF03649	1	6	6	1	7
PF03652	1	6	4	3	7
PF03663	3	4	3	4	7
PF03668	2	5	5	2	7
PF03695	2	5	7	0	7
PF03699	0	7	6	1	7
PF03702	1	6	5	2	7
PF03703	3	4	4	3	7
PF03704	3	4	2	5	7
PF03706	3	4	5	2	7
PF03709	1	6	6	1	7
PF03710	0	7	6	1	7
PF03711	3	4	4	3	7
PF03714	4	3	0	7	7
PF03717	3	4	2	5	7
PF03719	1	6	4	3	7
PF03720	6	1	4	3	7
PF03721	5	2	6	1	7
PF03725	3	4	3	4	7
PF03726	1	6	6	1	7
PF03729	2	5	3	4	7
PF03733	0	7	6	1	7
PF03734	2	5	4	3	7
PF03737	4	3	5	2	7
PF03738	1	6	4	3	7
PF03739	4	3	5	2	7
PF03740	5	2	4	3	7
PF03741	0	7	7	0	7
PF03743	1	6	4	3	7
PF03746	2	5	0	7	7
PF03747	4	3	5	2	7
PF03749	3	4	2	5	7
PF03755	5	2	1	6	7
PF03764	1	6	3	4	7
PF03772	2	5	4	3	7
PF03773	3	4	5	2	7
PF03775	4	3	2	5	7
PF03780	4	3	1	6	7
PF03781	6	1	4	3	7
PF03786	3	4	5	2	7
PF03788	5	2	3	4	7
PF03793	2	5	4	3	7
PF03796	3	4	3	4	7
PF03797	4	3	3	4	7
PF03806	6	1	5	2	7
PF03807	2	5	5	2	7
PF03808	5	2	3	4	7
PF03811	0	7	6	1	7
PF03812	3	4	2	5	7
PF03814	5	2	3	4	7
PF03816	2	5	2	5	7
PF03819	2	5	7	0	7
PF03824	1	6	5	2	7
PF03825	2	5	6	1	7
PF03830	1	6	6	1	7
PF03837	1	6	6	1	7
PF03838	5	2	1	6	7
PF03840	1	6	5	2	7
PF03841	1	6	4	3	7
PF03845	4	3	2	5	7
PF03852	1	6	6	1	7
PF03853	1	6	5	2	7
PF03861	3	4	2	5	7
PF03862	3	4	1	6	7
PF03864	2	5	5	2	7
PF03865	2	5	4	3	7
PF03880	6	1	3	4	7
PF03881	2	5	6	1	7
PF03883	4	3	2	5	7
PF03887	0	7	4	3	7
PF03894	1	6	5	2	7
PF03895	4	3	4	3	7
PF03916	3	4	4	3	7
PF03928	1	6	2	5	7
PF03929	6	1	3	4	7
PF03932	2	5	2	5	7
PF03934	1	6	4	3	7
PF03938	5	2	5	2	7
PF03946	2	5	4	3	7
PF03947	3	4	5	2	7
PF03948	3	4	2	5	7
PF03949	5	2	3	4	7
PF03950	4	3	0	7	7
PF03951	1	6	5	2	7
PF03952	2	5	0	7	7
PF03956	4	3	6	1	7
PF03958	1	6	7	0	7
PF03960	1	6	3	4	7
PF03961	4	3	0	7	7
PF03963	2	5	2	5	7
PF03965	4	3	0	7	7
PF03968	1	6	5	2	7
PF03969	2	5	6	1	7
PF03972	2	5	6	1	7
PF03976	2	5	3	4	7
PF03977	6	1	2	5	7
PF03979	3	4	4	3	7
PF03989	1	6	2	5	7
PF03990	1	6	3	4	7
PF03992	3	4	6	1	7
PF03993	1	6	7	0	7
PF03994	0	7	6	1	7
PF04002	5	2	3	4	7
PF04011	3	4	6	1	7
PF04015	4	3	1	6	7
PF04018	3	4	5	2	7
PF04020	2	5	5	2	7
PF04023	5	2	4	3	7
PF04024	1	6	5	2	7
PF04026	4	3	1	6	7
PF04028	4	3	3	4	7
PF04041	6	1	1	6	7
PF04055	3	4	3	4	7
PF04069	3	4	4	3	7
PF04072	4	3	2	5	7
PF04073	2	5	3	4	7
PF04074	3	4	6	1	7
PF04076	2	5	6	1	7
PF04079	0	7	0	7	7
PF04085	5	2	2	5	7
PF04087	4	3	4	3	7
PF04095	3	4	2	5	7
PF04101	0	7	5	2	7
PF04107	0	7	4	3	7
PF04122	2	5	2	5	7
PF04127	2	5	4	3	7
PF04131	4	3	4	3	7
PF04138	2	5	6	1	7
PF04143	4	3	1	6	7
PF04166	4	3	4	3	7
PF04168	1	6	5	2	7
PF04170	4	3	6	1	7
PF04172	4	3	1	6	7
PF04174	1	6	6	1	7
PF04198	2	5	4	3	7
PF04199	4	3	2	5	7
PF04203	1	6	3	4	7
PF04204	2	5	4	3	7
PF04205	5	2	0	7	7
PF04214	3	4	5	2	7
PF04216	3	4	7	0	7
PF04221	0	7	4	3	7
PF04223	2	5	3	4	7
PF04224	5	2	4	3	7
PF04228	2	5	4	3	7
PF04229	2	5	6	1	7
PF04230	4	3	3	4	7
PF04233	3	4	3	4	7
PF04234	1	6	6	1	7
PF04235	3	4	5	2	7
PF04237	4	3	1	6	7
PF04239	3	4	3	4	7
PF04245	3	4	1	6	7
PF04257	2	5	4	3	7
PF04260	3	4	1	6	7
PF04261	3	4	7	0	7
PF04262	2	5	4	3	7
PF04263	1	6	5	2	7
PF04266	1	6	3	4	7
PF04277	3	4	0	7	7
PF04282	2	5	2	5	7
PF04285	2	5	3	4	7
PF04286	2	5	4	3	7
PF04290	3	4	3	4	7
PF04293	3	4	5	2	7
PF04294	2	5	2	5	7
PF04295	3	4	5	2	7
PF04298	4	3	3	4	7
PF04303	3	4	4	3	7
PF04313	2	5	4	3	7
PF04317	1	6	3	4	7
PF04321	3	4	2	5	7
PF04324	4	3	3	4	7
PF04326	2	5	6	1	7
PF04327	4	3	3	4	7
PF04333	3	4	4	3	7
PF04343	4	3	6	1	7
PF04346	2	5	3	4	7
PF04348	1	6	5	2	7
PF04349	1	6	6	1	7
PF04357	5	2	3	4	7
PF04365	0	7	4	3	7
PF04371	4	3	3	4	7
PF04375	2	5	6	1	7
PF04378	2	5	4	3	7
PF04383	2	5	6	1	7
PF04389	5	2	4	3	7
PF04390	4	3	4	3	7
PF04392	4	3	1	6	7
PF04393	2	5	3	4	7
PF04397	3	4	1	6	7
PF04402	3	4	2	5	7
PF04403	2	5	5	2	7
PF04404	1	6	4	3	7
PF04408	4	3	3	4	7
PF04412	2	5	1	6	7
PF04413	4	3	6	1	7
PF04417	0	7	6	1	7
PF04422	3	4	3	4	7
PF04432	4	3	2	5	7
PF04439	3	4	1	6	7
PF04443	3	4	3	4	7
PF04450	6	1	3	4	7
PF04452	1	6	3	4	7
PF04453	2	5	4	3	7
PF04459	2	5	2	5	7
PF04463	3	4	4	3	7
PF04464	5	2	2	5	7
PF04465	6	1	5	2	7
PF04466	3	4	3	4	7
PF04468	5	2	0	7	7
PF04471	4	3	2	5	7
PF04472	0	7	4	3	7
PF04474	4	3	3	4	7
PF04488	4	3	2	5	7
PF04509	5	2	0	7	7
PF04519	4	3	4	3	7
PF04536	3	4	2	5	7
PF04539	1	6	3	4	7
PF04542	4	3	0	7	7
PF04545	5	2	1	6	7
PF04551	3	4	4	3	7
PF04552	6	1	4	3	7
PF04560	1	6	0	7	7
PF04561	2	5	2	5	7
PF04563	3	4	3	4	7
PF04565	0	7	4	3	7
PF04586	3	4	6	1	7
PF04607	2	5	2	5	7
PF04613	5	2	4	3	7
PF04616	4	3	4	3	7
PF04632	4	3	7	0	7
PF04647	1	6	1	6	7
PF04657	2	5	3	4	7
PF04685	6	1	1	6	7
PF04688	2	5	5	2	7
PF04715	1	6	4	3	7
PF04717	4	3	6	1	7
PF04738	2	5	2	5	7
PF04754	2	5	5	2	7
PF04760	2	5	3	4	7
PF04773	4	3	4	3	7
PF04794	1	6	4	3	7
PF04816	4	3	1	6	7
PF04829	0	7	7	0	7
PF04851	3	4	4	3	7
PF04854	2	5	2	5	7
PF04860	4	3	4	3	7
PF04865	4	3	4	3	7
PF04879	2	5	6	1	7
PF04892	3	4	3	4	7
PF04898	0	7	4	3	7
PF04909	3	4	3	4	7
PF04914	1	6	2	5	7
PF04917	2	5	6	1	7
PF04932	4	3	4	3	7
PF04952	3	4	0	7	7
PF04960	5	2	6	1	7
PF04961	3	4	2	5	7
PF04962	3	4	4	3	7
PF04963	4	3	7	0	7
PF04966	2	5	5	2	7
PF04972	2	5	6	1	7
PF04973	4	3	4	3	7
PF04976	4	3	5	2	7
PF04977	0	7	5	2	7
PF04983	5	2	2	5	7
PF04984	4	3	3	4	7
PF04985	3	4	3	4	7
PF04986	3	4	3	4	7
PF04991	2	5	3	4	7
PF04993	2	5	2	5	7
PF04996	1	6	7	0	7
PF04997	0	7	6	1	7
PF04998	2	5	3	4	7
PF05000	3	4	5	2	7
PF05014	1	6	5	2	7
PF05015	0	7	6	1	7
PF05016	3	4	0	7	7
PF05025	0	7	5	2	7
PF05031	3	4	0	7	7
PF05035	2	5	6	1	7
PF05036	3	4	4	3	7
PF05043	4	3	3	4	7
PF05045	1	6	3	4	7
PF05063	5	2	3	4	7
PF05065	2	5	4	3	7
PF05067	3	4	2	5	7
PF05076	4	3	3	4	7
PF05089	5	2	4	3	7
PF05103	4	3	3	4	7
PF05105	2	5	3	4	7
PF05107	1	6	1	6	7
PF05116	3	4	2	5	7
PF05127	2	5	6	1	7
PF05130	1	6	4	3	7
PF05133	2	5	6	1	7
PF05136	3	4	3	4	7
PF05138	3	4	3	4	7
PF05139	3	4	4	3	7
PF05140	6	1	3	4	7
PF05147	3	4	2	5	7
PF05154	1	6	4	3	7
PF05157	2	5	4	3	7
PF05159	3	4	5	2	7
PF05167	2	5	0	7	7
PF05170	4	3	6	1	7
PF05173	3	4	5	2	7
PF05175	0	7	4	3	7
PF05188	5	2	3	4	7
PF05190	3	4	6	1	7
PF05192	5	2	5	2	7
PF05193	6	1	3	4	7
PF05195	2	5	7	0	7
PF05198	4	3	4	3	7
PF05201	3	4	3	4	7
PF05221	2	5	4	3	7
PF05222	0	7	6	1	7
PF05229	4	3	7	0	7
PF05231	3	4	7	0	7
PF05257	1	6	6	1	7
PF05258	1	6	4	3	7
PF05272	4	3	3	4	7
PF05275	2	5	4	3	7
PF05342	4	3	3	4	7
PF05343	4	3	6	1	7
PF05362	2	5	1	6	7
PF05368	3	4	4	3	7
PF05378	2	5	3	4	7
PF05389	4	3	1	6	7
PF05402	5	2	1	6	7
PF05406	2	5	4	3	7
PF05420	1	6	7	0	7
PF05425	1	6	5	2	7
PF05426	3	4	4	3	7
PF05430	6	1	4	3	7
PF05437	4	3	5	2	7
PF05448	5	2	4	3	7
PF05496	3	4	2	5	7
PF05524	2	5	1	6	7
PF05525	2	5	5	2	7
PF05544	2	5	1	6	7
PF05547	4	3	2	5	7
PF05569	4	3	2	5	7
PF05576	6	1	4	3	7
PF05580	3	4	0	7	7
PF05592	4	3	4	3	7
PF05593	6	1	2	5	7
PF05594	3	4	7	0	7
PF05598	4	3	2	5	7
PF05636	2	5	1	6	7
PF05638	1	6	5	2	7
PF05649	3	4	5	2	7
PF05651	4	3	4	3	7
PF05656	1	6	3	4	7
PF05658	3	4	3	4	7
PF05662	3	4	2	5	7
PF05670	4	3	3	4	7
PF05673	4	3	1	6	7
PF05681	4	3	3	4	7
PF05683	4	3	2	5	7
PF05684	3	4	2	5	7
PF05685	4	3	1	6	7
PF05688	1	6	6	1	7
PF05689	1	6	5	2	7
PF05690	3	4	6	1	7
PF05691	4	3	2	5	7
PF05697	5	2	3	4	7
PF05698	3	4	0	7	7
PF05704	2	5	4	3	7
PF05709	3	4	4	3	7
PF05717	5	2	2	5	7
PF05728	0	7	5	2	7
PF05731	4	3	6	1	7
PF05737	3	4	6	1	7
PF05738	3	4	4	3	7
PF05746	2	5	3	4	7
PF05762	5	2	0	7	7
PF05816	4	3	3	4	7
PF05833	2	5	1	6	7
PF05838	3	4	5	2	7
PF05853	4	3	6	1	7
PF05857	2	5	4	3	7
PF05860	2	5	4	3	7
PF05861	3	4	3	4	7
PF05866	3	4	5	2	7
PF05869	1	6	5	2	7
PF05872	1	6	5	2	7
PF05876	5	2	3	4	7
PF05893	1	6	6	1	7
PF05901	1	6	3	4	7
PF05935	2	5	5	2	7
PF05936	1	6	5	2	7
PF05943	2	5	4	3	7
PF05947	2	5	6	1	7
PF05949	2	5	5	2	7
PF05954	4	3	5	2	7
PF05958	4	3	1	6	7
PF05960	1	6	0	7	7
PF05970	5	2	5	2	7
PF05973	3	4	2	5	7
PF05974	2	5	7	0	7
PF05977	3	4	4	3	7
PF05985	4	3	5	2	7
PF05987	2	5	6	1	7
PF05991	4	3	2	5	7
PF05992	1	6	4	3	7
PF06004	1	6	6	1	7
PF06007	3	4	5	2	7
PF06013	0	7	3	4	7
PF06026	1	6	5	2	7
PF06032	4	3	1	6	7
PF06039	1	6	6	1	7
PF06048	1	6	6	1	7
PF06050	3	4	3	4	7
PF06067	5	2	3	4	7
PF06071	3	4	1	6	7
PF06074	4	3	2	5	7
PF06082	2	5	4	3	7
PF06097	3	4	5	2	7
PF06100	1	6	5	2	7
PF06103	0	7	4	3	7
PF06114	2	5	5	2	7
PF06122	2	5	3	4	7
PF06123	2	5	4	3	7
PF06125	3	4	2	5	7
PF06130	2	5	4	3	7
PF06134	5	2	3	4	7
PF06144	4	3	2	5	7
PF06149	2	5	3	4	7
PF06152	4	3	4	3	7
PF06160	3	4	3	4	7
PF06161	1	6	4	3	7
PF06165	3	4	1	6	7
PF06166	2	5	5	2	7
PF06172	1	6	6	1	7
PF06175	2	5	7	0	7
PF06177	4	3	2	5	7
PF06178	0	7	6	1	7
PF06180	3	4	0	7	7
PF06182	4	3	3	4	7
PF06202	4	3	4	3	7
PF06207	4	3	1	6	7
PF06224	2	5	3	4	7
PF06245	3	4	1	6	7
PF06250	5	2	2	5	7
PF06253	4	3	2	5	7
PF06258	5	2	7	0	7
PF06277	3	4	5	2	7
PF06283	5	2	3	4	7
PF06290	2	5	7	0	7
PF06293	2	5	5	2	7
PF06315	1	6	5	2	7
PF06321	5	2	4	3	7
PF06325	3	4	3	4	7
PF06368	2	5	7	0	7
PF06379	5	2	3	4	7
PF06381	4	3	3	4	7
PF06406	1	6	5	2	7
PF06414	1	6	3	4	7
PF06415	4	3	0	7	7
PF06418	1	6	5	2	7
PF06421	2	5	6	1	7
PF06426	3	4	4	3	7
PF06429	3	4	2	5	7
PF06439	4	3	6	1	7
PF06445	2	5	5	2	7
PF06450	1	6	4	3	7
PF06458	4	3	3	4	7
PF06463	3	4	1	6	7
PF06470	4	3	1	6	7
PF06476	3	4	5	2	7
PF06500	1	6	5	2	7
PF06506	3	4	6	1	7
PF06508	4	3	3	4	7
PF06541	2	5	2	5	7
PF06545	2	5	7	0	7
PF06551	3	4	7	0	7
PF06559	2	5	2	5	7
PF06560	4	3	4	3	7
PF06564	5	2	5	2	7
PF06574	3	4	4	3	7
PF06580	3	4	3	4	7
PF06605	3	4	5	2	7
PF06616	2	5	0	7	7
PF06628	5	2	6	1	7
PF06629	1	6	7	0	7
PF06634	5	2	5	2	7
PF06674	1	6	7	0	7
PF06675	3	4	3	4	7
PF06686	3	4	1	6	7
PF06689	4	3	4	3	7
PF06695	2	5	1	6	7
PF06717	1	6	5	2	7
PF06723	5	2	0	7	7
PF06725	3	4	4	3	7
PF06738	2	5	5	2	7
PF06744	2	5	6	1	7
PF06750	3	4	2	5	7
PF06751	3	4	3	4	7
PF06761	3	4	5	2	7
PF06769	1	6	3	4	7
PF06779	1	6	5	2	7
PF06781	1	6	4	3	7
PF06782	6	1	2	5	7
PF06800	2	5	2	5	7
PF06804	2	5	5	2	7
PF06808	5	2	3	4	7
PF06810	3	4	3	4	7
PF06812	2	5	5	2	7
PF06824	1	6	6	1	7
PF06826	3	4	3	4	7
PF06832	5	2	6	1	7
PF06834	2	5	4	3	7
PF06835	1	6	4	3	7
PF06838	3	4	1	6	7
PF06841	6	1	5	2	7
PF06874	3	4	2	5	7
PF06889	4	3	3	4	7
PF06898	3	4	3	4	7
PF06899	3	4	7	0	7
PF06908	6	1	2	5	7
PF06912	3	4	2	5	7
PF06917	3	4	6	1	7
PF06925	3	4	4	3	7
PF06940	2	5	4	3	7
PF06947	1	6	4	3	7
PF06949	4	3	2	5	7
PF06952	1	6	4	3	7
PF06953	2	5	4	3	7
PF06956	3	4	6	1	7
PF06958	2	5	5	2	7
PF06961	2	5	2	5	7
PF06962	4	3	5	2	7
PF06964	1	6	2	5	7
PF06965	2	5	5	2	7
PF06968	5	2	2	5	7
PF06969	2	5	4	3	7
PF06970	4	3	2	5	7
PF06986	3	4	5	2	7
PF06995	2	5	6	1	7
PF06996	2	5	6	1	7
PF07005	3	4	5	2	7
PF07009	3	4	1	6	7
PF07017	2	5	6	1	7
PF07063	1	6	6	1	7
PF07071	2	5	5	2	7
PF07081	4	3	2	5	7
PF07083	2	5	3	4	7
PF07085	4	3	7	0	7
PF07090	3	4	1	6	7
PF07095	2	5	7	0	7
PF07136	2	5	0	7	7
PF07148	2	5	7	0	7
PF07155	4	3	1	6	7
PF07157	3	4	4	3	7
PF07158	4	3	2	5	7
PF07168	6	1	4	3	7
PF07171	3	4	4	3	7
PF07179	3	4	2	5	7
PF07195	3	4	4	3	7
PF07221	3	4	5	2	7
PF07228	5	2	2	5	7
PF07238	3	4	3	4	7
PF07244	5	2	6	1	7
PF07261	4	3	2	5	7
PF07275	2	5	1	6	7
PF07282	2	5	0	7	7
PF07286	5	2	2	5	7
PF07287	1	6	2	5	7
PF07296	3	4	4	3	7
PF07313	5	2	3	4	7
PF07335	3	4	4	3	7
PF07338	2	5	7	0	7
PF07350	1	6	5	2	7
PF07352	5	2	4	3	7
PF07355	3	4	2	5	7
PF07356	2	5	7	0	7
PF07364	4	3	5	2	7
PF07385	4	3	2	5	7
PF07399	6	1	4	3	7
PF07429	2	5	5	2	7
PF07451	3	4	1	6	7
PF07454	2	5	2	5	7
PF07456	4	3	0	7	7
PF07470	5	2	4	3	7
PF07475	4	3	0	7	7
PF07477	5	2	2	5	7
PF07478	3	4	4	3	7
PF07479	0	7	5	2	7
PF07484	5	2	6	1	7
PF07486	4	3	1	6	7
PF07488	5	2	1	6	7
PF07494	7	0	4	3	7
PF07495	3	4	6	1	7
PF07497	4	3	5	2	7
PF07501	0	7	5	2	7
PF07503	1	6	5	2	7
PF07505	5	2	3	4	7
PF07508	4	3	3	4	7
PF07510	2	5	5	2	7
PF07516	2	5	1	6	7
PF07517	2	5	2	5	7
PF07521	3	4	0	7	7
PF07523	4	3	5	2	7
PF07532	2	5	4	3	7
PF07538	4	3	1	6	7
PF07553	2	5	5	2	7
PF07554	2	5	3	4	7
PF07555	4	3	5	2	7
PF07556	5	2	2	5	7
PF07561	5	2	3	4	7
PF07568	0	7	4	3	7
PF07580	2	5	2	5	7
PF07581	5	2	3	4	7
PF07584	6	1	4	3	7
PF07610	6	1	4	3	7
PF07613	5	2	3	4	7
PF07650	4	3	2	5	7
PF07660	5	2	5	2	7
PF07662	1	6	4	3	7
PF07664	3	4	1	6	7
PF07669	3	4	2	5	7
PF07670	5	2	1	6	7
PF07676	5	2	2	5	7
PF07681	3	4	4	3	7
PF07685	4	3	1	6	7
PF07687	1	6	2	5	7
PF07690	1	6	5	2	7
PF07691	6	1	2	5	7
PF07693	5	2	3	4	7
PF07694	4	3	4	3	7
PF07696	2	5	7	0	7
PF07698	6	1	5	2	7
PF07702	2	5	6	1	7
PF07703	6	1	4	3	7
PF07714	3	4	6	1	7
PF07715	4	3	3	4	7
PF07717	2	5	3	4	7
PF07719	5	2	2	5	7
PF07722	3	4	2	5	7
PF07724	3	4	1	6	7
PF07726	2	5	4	3	7
PF07728	5	2	3	4	7
PF07729	2	5	0	7	7
PF07730	0	7	6	1	7
PF07731	2	5	5	2	7
PF07732	4	3	7	0	7
PF07733	3	4	2	5	7
PF07745	3	4	2	5	7
PF07748	2	5	6	1	7
PF07751	3	4	2	5	7
PF07759	3	4	6	1	7
PF07786	4	3	1	6	7
PF07804	3	4	4	3	7
PF07826	3	4	2	5	7
PF07831	4	3	2	5	7
PF07833	4	3	4	3	7
PF07853	4	3	2	5	7
PF07859	1	6	5	2	7
PF07863	5	2	3	4	7
PF07866	4	3	2	5	7
PF07873	3	4	2	5	7
PF07881	5	2	5	2	7
PF07882	3	4	4	3	7
PF07883	3	4	6	1	7
PF07884	0	7	5	2	7
PF07885	1	6	6	1	7
PF07892	4	3	1	6	7
PF07905	1	6	2	5	7
PF07906	3	4	4	3	7
PF07907	4	3	1	6	7
PF07916	0	7	6	1	7
PF07929	4	3	4	3	7
PF07934	4	3	3	4	7
PF07940	3	4	5	2	7
PF07943	3	4	4	3	7
PF07944	4	3	4	3	7
PF07949	6	1	1	6	7
PF07959	4	3	3	4	7
PF07969	3	4	4	3	7
PF07971	5	2	3	4	7
PF07972	2	5	4	3	7
PF07973	4	3	4	3	7
PF07977	5	2	2	5	7
PF07980	4	3	2	5	7
PF07991	1	6	4	3	7
PF07992	0	7	4	3	7
PF07993	5	2	4	3	7
PF07994	5	2	3	4	7
PF07995	2	5	5	2	7
PF08000	3	4	3	4	7
PF08006	3	4	2	5	7
PF08007	2	5	5	2	7
PF08011	7	0	2	5	7
PF08013	1	6	5	2	7
PF08019	4	3	3	4	7
PF08020	4	3	3	4	7
PF08028	3	4	1	6	7
PF08029	5	2	4	3	7
PF08032	1	6	5	2	7
PF08124	4	3	3	4	7
PF08125	5	2	4	3	7
PF08148	1	6	6	1	7
PF08206	3	4	1	6	7
PF08212	3	4	6	1	7
PF08218	4	3	3	4	7
PF08220	3	4	3	4	7
PF08238	1	6	4	3	7
PF08239	3	4	0	7	7
PF08240	1	6	5	2	7
PF08241	2	5	4	3	7
PF08242	4	3	5	2	7
PF08244	2	5	1	6	7
PF08245	3	4	5	2	7
PF08264	2	5	3	4	7
PF08267	0	7	5	2	7
PF08275	3	4	1	6	7
PF08279	2	5	4	3	7
PF08281	6	1	2	5	7
PF08282	4	3	3	4	7
PF08299	0	7	2	5	7
PF08305	2	5	5	2	7
PF08306	4	3	6	1	7
PF08308	5	2	3	4	7
PF08323	4	3	2	5	7
PF08328	1	6	4	3	7
PF08331	5	2	6	1	7
PF08335	1	6	5	2	7
PF08338	2	5	3	4	7
PF08343	1	6	5	2	7
PF08346	1	6	5	2	7
PF08348	2	5	2	5	7
PF08352	2	5	2	5	7
PF08353	2	5	4	3	7
PF08354	1	6	5	2	7
PF08367	5	2	1	6	7
PF08388	4	3	2	5	7
PF08400	2	5	5	2	7
PF08401	6	1	5	2	7
PF08402	4	3	4	3	7
PF08410	4	3	5	2	7
PF08428	5	2	4	3	7
PF08436	2	5	2	5	7
PF08439	3	4	1	6	7
PF08442	3	4	4	3	7
PF08447	4	3	3	4	7
PF08448	3	4	5	2	7
PF08450	1	6	4	3	7
PF08455	1	6	4	3	7
PF08459	2	5	3	4	7
PF08463	3	4	1	6	7
PF08478	1	6	5	2	7
PF08479	3	4	5	2	7
PF08481	4	3	6	1	7
PF08482	2	5	6	1	7
PF08486	2	5	3	4	7
PF08487	5	2	5	2	7
PF08494	1	6	5	2	7
PF08497	3	4	3	4	7
PF08501	1	6	4	3	7
PF08502	3	4	5	2	7
PF08522	5	2	2	5	7
PF08529	1	6	5	2	7
PF08530	4	3	5	2	7
PF08531	4	3	3	4	7
PF08532	3	4	2	5	7
PF08534	6	1	6	1	7
PF08541	5	2	3	4	7
PF08543	0	7	5	2	7
PF08544	1	6	4	3	7
PF08545	6	1	2	5	7
PF08546	3	4	2	5	7
PF08659	1	6	3	4	7
PF08665	4	3	3	4	7
PF08666	1	6	5	2	7
PF08676	4	3	2	5	7
PF08681	0	7	3	4	7
PF08704	1	6	5	2	7
PF08706	4	3	4	3	7
PF08713	6	1	1	6	7
PF08719	4	3	1	6	7
PF08747	1	6	1	6	7
PF08751	2	5	4	3	7
PF08757	2	5	4	3	7
PF08760	6	1	3	4	7
PF08769	4	3	1	6	7
PF08780	2	5	3	4	7
PF08798	2	5	2	5	7
PF08800	4	3	3	4	7
PF08808	2	5	2	5	7
PF08841	2	5	3	4	7
PF08842	5	2	2	5	7
PF08843	3	4	4	3	7
PF08849	2	5	1	6	7
PF08867	5	2	5	2	7
PF08876	4	3	4	3	7
PF08885	5	2	3	4	7
PF08890	6	1	2	5	7
PF08902	4	3	3	4	7
PF08903	2	5	0	7	7
PF08924	1	6	4	3	7
PF08942	6	1	0	7	7
PF08974	4	3	6	1	7
PF08984	2	5	2	5	7
PF09019	2	5	3	4	7
PF09035	3	4	1	6	7
PF09084	1	6	5	2	7
PF09092	4	3	2	5	7
PF09093	5	2	4	3	7
PF09134	2	5	4	3	7
PF09142	4	3	4	3	7
PF09148	3	4	2	5	7
PF09160	2	5	6	1	7
PF09180	6	1	1	6	7
PF09186	0	7	3	4	7
PF09190	4	3	0	7	7
PF09223	4	3	4	3	7
PF09234	5	2	2	5	7
PF09244	0	7	3	4	7
PF09261	0	7	4	3	7
PF09269	1	6	5	2	7
PF09285	2	5	6	1	7
PF09299	5	2	3	4	7
PF09314	3	4	4	3	7
PF09317	3	4	6	1	7
PF09327	1	6	6	1	7
PF09330	2	5	5	2	7
PF09334	2	5	3	4	7
PF09335	1	6	5	2	7
PF09338	2	5	1	6	7
PF09339	3	4	3	4	7
PF09344	2	5	2	5	7
PF09357	6	1	4	3	7
PF09359	2	5	3	4	7
PF09362	1	6	6	1	7
PF09363	1	6	4	3	7
PF09364	2	5	4	3	7
PF09365	3	4	5	2	7
PF09371	3	4	3	4	7
PF09375	5	2	6	1	7
PF09382	2	5	6	1	7
PF09383	1	6	5	2	7
PF09393	5	2	2	5	7
PF09397	3	4	3	4	7
PF09413	3	4	3	4	7
PF09414	4	3	6	1	7
PF09424	4	3	3	4	7
PF09471	4	3	1	6	7
PF09479	4	3	0	7	7
PF09481	0	7	4	3	7
PF09492	6	1	1	6	7
PF09500	2	5	6	1	7
PF09508	1	6	2	5	7
PF09509	2	5	2	5	7
PF09511	2	5	4	3	7
PF09512	4	3	1	6	7
PF09515	4	3	1	6	7
PF09519	3	4	3	4	7
PF09529	4	3	3	4	7
PF09546	4	3	1	6	7
PF09547	3	4	3	4	7
PF09551	5	2	3	4	7
PF09565	3	4	1	6	7
PF09586	5	2	3	4	7
PF09587	3	4	4	3	7
PF09588	4	3	3	4	7
PF09601	0	7	7	0	7
PF09603	4	3	3	4	7
PF09605	1	6	2	5	7
PF09639	5	2	1	6	7
PF09660	3	4	6	1	7
PF09661	1	6	3	4	7
PF09669	3	4	2	5	7
PF09674	5	2	4	3	7
PF09681	3	4	2	5	7
PF09684	3	4	4	3	7
PF09693	4	3	2	5	7
PF09704	2	5	2	5	7
PF09709	0	7	1	6	7
PF09719	5	2	1	6	7
PF09721	4	3	5	2	7
PF09723	2	5	5	2	7
PF09754	0	7	5	2	7
PF09768	5	2	3	4	7
PF09818	2	5	1	6	7
PF09819	2	5	5	2	7
PF09820	5	2	0	7	7
PF09821	0	7	5	2	7
PF09822	4	3	1	6	7
PF09826	3	4	0	7	7
PF09827	1	6	4	3	7
PF09848	2	5	4	3	7
PF09861	3	4	2	5	7
PF09862	4	3	4	3	7
PF09863	1	6	6	1	7
PF09903	1	6	1	6	7
PF09906	2	5	5	2	7
PF09913	3	4	1	6	7
PF09918	5	2	4	3	7
PF09924	1	6	6	1	7
PF09949	0	7	4	3	7
PF09950	2	5	0	7	7
PF09960	1	6	2	5	7
PF09967	4	3	1	6	7
PF09972	1	6	4	3	7
PF09979	4	3	3	4	7
PF09982	3	4	2	5	7
PF09983	2	5	3	4	7
PF09984	2	5	6	1	7
PF09986	4	3	1	6	7
PF09989	3	4	1	6	7
PF09991	2	5	5	2	7
PF09992	3	4	4	3	7
PF09994	4	3	7	0	7
PF10009	2	5	4	3	7
PF10011	5	2	6	1	7
PF10020	4	3	5	2	7
PF10022	6	1	2	5	7
PF10035	3	4	2	5	7
PF10050	3	4	4	3	7
PF10060	5	2	2	5	7
PF10076	5	2	2	5	7
PF10080	1	6	6	1	7
PF10086	3	4	2	5	7
PF10088	3	4	2	5	7
PF10101	6	1	2	5	7
PF10103	1	6	5	2	7
PF10105	3	4	1	6	7
PF10106	2	5	6	1	7
PF10111	1	6	3	4	7
PF10112	4	3	0	7	7
PF10117	4	3	2	5	7
PF10123	4	3	5	2	7
PF10124	4	3	3	4	7
PF10127	5	2	3	4	7
PF10128	2	5	6	1	7
PF10140	2	5	3	4	7
PF10143	5	2	1	6	7
PF10145	4	3	3	4	7
PF10150	0	7	4	3	7
PF10282	2	5	1	6	7
PF10298	2	5	3	4	7
PF10369	1	6	3	4	7
PF10370	1	6	3	4	7
PF10371	4	3	1	6	7
PF10385	1	6	3	4	7
PF10387	3	4	4	3	7
PF10396	2	5	2	5	7
PF10397	6	1	1	6	7
PF10410	1	6	4	3	7
PF10412	3	4	2	5	7
PF10415	3	4	5	2	7
PF10418	3	4	2	5	7
PF10423	1	6	6	1	7
PF10431	3	4	3	4	7
PF10437	1	6	7	0	7
PF10458	5	2	3	4	7
PF10459	5	2	2	5	7
PF10502	5	2	2	5	7
PF10509	2	5	1	6	7
PF10531	4	3	1	6	7
PF10543	7	0	1	6	7
PF10566	6	1	5	2	7
PF10588	5	2	2	5	7
PF10589	3	4	4	3	7
PF10592	3	4	2	5	7
PF10593	3	4	0	7	7
PF10609	2	5	3	4	7
PF10611	0	7	5	2	7
PF10626	5	2	2	5	7
PF10634	1	6	4	3	7
PF10646	2	5	2	5	7
PF10662	3	4	2	5	7
PF10672	5	2	5	2	7
PF10728	6	1	1	6	7
PF10754	2	5	7	0	7
PF10797	2	5	3	4	7
PF10825	5	2	2	5	7
PF10844	3	4	2	5	7
PF10923	3	4	1	6	7
PF10926	3	4	1	6	7
PF10934	3	4	3	4	7
PF10938	4	3	7	0	7
PF10951	6	1	7	0	7
PF10991	4	3	1	6	7
PF10995	1	6	6	1	7
PF10996	4	3	0	7	7
PF11013	5	2	4	3	7
PF11104	4	3	4	3	7
PF11130	2	5	1	6	7
PF11133	4	3	5	2	7
PF11175	4	3	3	4	7
PF11187	0	7	3	4	7
PF11188	5	2	5	2	7
PF11193	4	3	0	7	7
PF11195	3	4	3	4	7
PF11228	2	5	3	4	7
PF11230	3	4	6	1	7
PF11238	0	7	6	1	7
PF11241	2	5	5	2	7
PF11248	1	6	5	2	7
PF11253	0	7	7	0	7
PF11258	5	2	2	5	7
PF11268	0	7	5	2	7
PF11273	2	5	3	4	7
PF11276	6	1	5	2	7
PF11306	5	2	4	3	7
PF11307	6	1	6	1	7
PF11311	5	2	3	4	7
PF11325	6	1	4	3	7
PF11361	0	7	5	2	7
PF11368	3	4	2	5	7
PF11377	0	7	3	4	7
PF11392	1	6	7	0	7
PF11398	3	4	7	0	7
PF11412	3	4	6	1	7
PF11443	3	4	3	4	7
PF11449	2	5	3	4	7
PF11452	0	7	5	2	7
PF11453	3	4	7	0	7
PF11655	5	2	3	4	7
PF11658	3	4	6	1	7
PF11672	3	4	1	6	7
PF11692	3	4	5	2	7
PF11694	1	6	5	2	7
PF11700	2	5	2	5	7
PF11738	4	3	3	4	7
PF11745	3	4	6	1	7
PF11753	1	6	5	2	7
PF11760	3	4	1	6	7
PF11762	3	4	1	6	7
PF11794	4	3	6	1	7
PF11795	2	5	1	6	7
PF11796	5	2	5	2	7
PF11799	0	7	5	2	7
PF11806	1	6	7	0	7
PF11818	5	2	6	1	7
PF11838	0	7	6	1	7
PF11842	1	6	3	4	7
PF11852	2	5	4	3	7
PF11855	2	5	4	3	7
PF11863	4	3	3	4	7
PF11867	5	2	5	2	7
PF11893	1	6	6	1	7
PF11896	1	6	5	2	7
PF11898	2	5	4	3	7
PF11907	1	6	5	2	7
PF11922	3	4	6	1	7
PF11924	0	7	6	1	7
PF11958	5	2	7	0	7
PF11967	2	5	5	2	7
PF11974	4	3	7	0	7
PF11975	2	5	6	1	7
PF11984	6	1	3	4	7
PF11987	3	4	2	5	7
PF11997	3	4	4	3	7
PF12002	3	4	5	2	7
PF12008	2	5	3	4	7
PF12010	3	4	0	7	7
PF12029	0	7	4	3	7
PF12051	3	4	0	7	7
PF12072	3	4	1	6	7
PF12083	3	4	5	2	7
PF12089	3	4	6	1	7
PF12099	6	1	2	5	7
PF12111	2	5	5	2	7
PF12127	5	2	2	5	7
PF12137	2	5	6	1	7
PF12146	1	6	3	4	7
PF12161	3	4	3	4	7
PF12164	4	3	1	6	7
PF12169	3	4	1	6	7
PF12215	4	3	0	7	7
PF12224	4	3	1	6	7
PF12225	3	4	1	6	7
PF12229	3	4	1	6	7
PF12236	3	4	4	3	7
PF12282	0	7	5	2	7
PF12320	3	4	3	4	7
PF12323	4	3	0	7	7
PF12327	3	4	4	3	7
PF12344	1	6	3	4	7
PF12385	3	4	2	5	7
PF12392	5	2	3	4	7
PF12395	3	4	1	6	7
PF12401	2	5	3	4	7
PF12419	4	3	5	2	7
PF12421	3	4	5	2	7
PF12437	7	0	2	5	7
PF12439	5	2	3	4	7
PF12502	2	5	6	1	7
PF12508	5	2	2	5	7
PF12532	2	5	1	6	7
PF12535	2	5	4	3	7
PF12541	2	5	2	5	7
PF12566	2	5	5	2	7
PF12570	5	2	6	1	7
PF12571	2	5	5	2	7
PF12627	1	6	6	1	7
PF12631	4	3	2	5	7
PF12641	2	5	1	6	7
PF12642	4	3	1	6	7
PF12643	2	5	2	5	7
PF12645	3	4	3	4	7
PF12648	3	4	1	6	7
PF12654	4	3	1	6	7
PF12663	4	3	2	5	7
PF12666	1	6	2	5	7
PF12668	5	2	3	4	7
PF12671	3	4	2	5	7
PF12672	4	3	1	6	7
PF12673	3	4	1	6	7
PF12679	2	5	4	3	7
PF12682	3	4	2	5	7
PF12684	3	4	4	3	7
PF12685	4	3	1	6	7
PF12687	4	3	0	7	7
PF12695	5	2	1	6	7
PF12696	5	2	2	5	7
PF12697	1	6	3	4	7
PF12698	1	6	5	2	7
PF12700	4	3	0	7	7
PF12704	6	1	0	7	7
PF12705	0	7	3	4	7
PF12706	4	3	4	3	7
PF12708	3	4	3	4	7
PF12710	3	4	6	1	7
PF12715	5	2	2	5	7
PF12725	5	2	3	4	7
PF12727	5	2	1	6	7
PF12728	3	4	1	6	7
PF12729	3	4	2	5	7
PF12730	3	4	2	5	7
PF12733	5	2	3	4	7
PF12741	4	3	5	2	7
PF12750	4	3	1	6	7
PF12759	2	5	5	2	7
PF12762	4	3	4	3	7
PF12769	0	7	7	0	7
PF12771	5	2	4	3	7
PF12784	5	2	5	2	7
PF12792	2	5	5	2	7
PF12793	3	4	6	1	7
PF12794	2	5	5	2	7
PF12795	0	7	6	1	7
PF12796	5	2	5	2	7
PF12799	5	2	2	5	7
PF12801	5	2	0	7	7
PF12802	4	3	6	1	7
PF12804	3	4	0	7	7
PF12805	1	6	4	3	7
PF12810	3	4	2	5	7
PF12821	1	6	4	3	7
PF12822	4	3	1	6	7
PF12826	2	5	4	3	7
PF12831	5	2	4	3	7
PF12832	1	6	5	2	7
PF12833	3	4	2	5	7
PF12836	4	3	2	5	7
PF12837	3	4	4	3	7
PF12838	6	1	5	2	7
PF12840	2	5	1	6	7
PF12844	4	3	1	6	7
PF12846	2	5	1	6	7
PF12848	5	2	2	5	7
PF12849	1	6	5	2	7
PF12850	5	2	1	6	7
PF12888	6	1	4	3	7
PF12889	3	4	5	2	7
PF12890	3	4	3	4	7
PF12892	3	4	4	3	7
PF12897	4	3	1	6	7
PF12900	4	3	6	1	7
PF12905	1	6	4	3	7
PF12911	4	3	2	5	7
PF12945	4	3	0	7	7
PF12950	3	4	5	2	7
PF12951	1	6	6	1	7
PF12957	5	2	4	3	7
PF12958	4	3	1	6	7
PF12960	3	4	2	5	7
PF12969	4	3	5	2	7
PF12971	3	4	4	3	7
PF12972	4	3	4	3	7
PF12974	2	5	2	5	7
PF12984	5	2	4	3	7
PF12990	5	2	2	5	7
PF12991	5	2	5	2	7
PF12993	3	4	2	5	7
PF12994	5	2	2	5	7
PF12997	4	3	2	5	7
PF13004	5	2	3	4	7
PF13006	2	5	5	2	7
PF13007	4	3	4	3	7
PF13018	3	4	5	2	7
PF13023	4	3	3	4	7
PF13026	3	4	2	5	7
PF13083	2	5	2	5	7
PF13085	0	7	4	3	7
PF13086	4	3	4	3	7
PF13087	4	3	3	4	7
PF13088	0	7	6	1	7
PF13089	2	5	4	3	7
PF13090	3	4	5	2	7
PF13091	5	2	2	5	7
PF13098	4	3	3	4	7
PF13100	5	2	3	4	7
PF13101	6	1	3	4	7
PF13102	5	2	5	2	7
PF13116	4	3	6	1	7
PF13145	3	4	4	3	7
PF13148	4	3	4	3	7
PF13149	4	3	3	4	7
PF13151	1	6	1	6	7
PF13154	2	5	1	6	7
PF13155	4	3	1	6	7
PF13166	4	3	2	5	7
PF13167	1	6	4	3	7
PF13173	0	7	4	3	7
PF13174	4	3	4	3	7
PF13175	4	3	2	5	7
PF13177	4	3	4	3	7
PF13180	1	6	4	3	7
PF13181	4	3	2	5	7
PF13182	0	7	2	5	7
PF13184	3	4	1	6	7
PF13189	3	4	3	4	7
PF13190	4	3	5	2	7
PF13191	4	3	2	5	7
PF13192	5	2	5	2	7
PF13193	3	4	2	5	7
PF13195	5	2	4	3	7
PF13196	0	7	4	3	7
PF13200	2	5	2	5	7
PF13201	3	4	5	2	7
PF13202	4	3	4	3	7
PF13204	5	2	4	3	7
PF13205	6	1	4	3	7
PF13207	0	7	6	1	7
PF13224	0	7	3	4	7
PF13226	1	6	5	2	7
PF13228	0	7	3	4	7
PF13229	3	4	3	4	7
PF13231	3	4	5	2	7
PF13240	2	5	4	3	7
PF13241	5	2	3	4	7
PF13242	1	6	5	2	7
PF13245	1	6	1	6	7
PF13246	3	4	4	3	7
PF13247	2	5	6	1	7
PF13262	0	7	4	3	7
PF13263	2	5	1	6	7
PF13274	4	3	6	1	7
PF13276	2	5	1	6	7
PF13277	4	3	5	2	7
PF13280	1	6	4	3	7
PF13286	2	5	4	3	7
PF13287	5	2	4	3	7
PF13288	1	6	4	3	7
PF13289	1	6	3	4	7
PF13290	3	4	3	4	7
PF13291	3	4	5	2	7
PF13292	2	5	2	5	7
PF13296	1	6	5	2	7
PF13302	1	6	5	2	7
PF13303	4	3	2	5	7
PF13304	2	5	3	4	7
PF13306	2	5	3	4	7
PF13307	3	4	1	6	7
PF13308	4	3	0	7	7
PF13310	5	2	5	2	7
PF13311	4	3	1	6	7
PF13313	3	4	7	0	7
PF13320	2	5	5	2	7
PF13328	2	5	1	6	7
PF13332	1	6	5	2	7
PF13333	2	5	4	3	7
PF13335	1	6	4	3	7
PF13336	4	3	2	5	7
PF13337	3	4	5	2	7
PF13340	1	6	3	4	7
PF13342	4	3	4	3	7
PF13343	4	3	6	1	7
PF13344	0	7	2	5	7
PF13346	0	7	2	5	7
PF13347	2	5	6	1	7
PF13349	4	3	2	5	7
PF13350	1	6	2	5	7
PF13351	4	3	5	2	7
PF13353	4	3	3	4	7
PF13354	1	6	0	7	7
PF13356	0	7	5	2	7
PF13358	3	4	3	4	7
PF13360	3	4	4	3	7
PF13361	1	6	4	3	7
PF13365	3	4	3	4	7
PF13367	4	3	4	3	7
PF13368	4	3	5	2	7
PF13374	4	3	2	5	7
PF13375	3	4	2	5	7
PF13377	0	7	5	2	7
PF13378	0	7	6	1	7
PF13379	2	5	4	3	7
PF13382	4	3	4	3	7
PF13384	3	4	3	4	7
PF13385	2	5	4	3	7
PF13386	5	2	2	5	7
PF13387	4	3	3	4	7
PF13393	4	3	3	4	7
PF13394	1	6	2	5	7
PF13395	2	5	5	2	7
PF13397	0	7	4	3	7
PF13399	1	6	7	0	7
PF13401	5	2	4	3	7
PF13402	2	5	3	4	7
PF13404	4	3	4	3	7
PF13406	4	3	6	1	7
PF13407	3	4	3	4	7
PF13408	4	3	1	6	7
PF13411	3	4	3	4	7
PF13412	1	6	4	3	7
PF13413	3	4	5	2	7
PF13414	7	0	6	1	7
PF13416	2	5	3	4	7
PF13417	3	4	5	2	7
PF13419	2	5	4	3	7
PF13420	4	3	0	7	7
PF13421	1	6	1	6	7
PF13424	4	3	4	3	7
PF13426	5	2	4	3	7
PF13428	6	1	3	4	7
PF13431	4	3	5	2	7
PF13432	3	4	5	2	7
PF13433	0	7	2	5	7
PF13437	5	2	5	2	7
PF13438	5	2	4	3	7
PF13439	5	2	3	4	7
PF13440	4	3	5	2	7
PF13442	3	4	5	2	7
PF13443	2	5	1	6	7
PF13444	4	3	4	3	7
PF13448	5	2	1	6	7
PF13449	2	5	1	6	7
PF13450	3	4	4	3	7
PF13454	1	6	4	3	7
PF13458	2	5	5	2	7
PF13460	4	3	3	4	7
PF13462	2	5	6	1	7
PF13470	1	6	2	5	7
PF13472	3	4	4	3	7
PF13473	1	6	7	0	7
PF13476	4	3	2	5	7
PF13478	3	4	1	6	7
PF13480	1	6	4	3	7
PF13481	2	5	2	5	7
PF13484	3	4	3	4	7
PF13487	3	4	0	7	7
PF13489	4	3	5	2	7
PF13491	4	3	4	3	7
PF13493	4	3	2	5	7
PF13495	2	5	3	4	7
PF13497	4	3	3	4	7
PF13500	4	3	3	4	7
PF13502	4	3	5	2	7
PF13503	2	5	7	0	7
PF13505	5	2	4	3	7
PF13507	2	5	2	5	7
PF13508	3	4	1	6	7
PF13509	4	3	1	6	7
PF13510	3	4	4	3	7
PF13514	3	4	1	6	7
PF13515	3	4	4	3	7
PF13518	3	4	3	4	7
PF13519	3	4	4	3	7
PF13520	1	6	6	1	7
PF13521	5	2	2	5	7
PF13522	0	7	1	6	7
PF13523	1	6	4	3	7
PF13524	3	4	2	5	7
PF13525	4	3	6	1	7
PF13526	2	5	4	3	7
PF13527	5	2	3	4	7
PF13528	5	2	4	3	7
PF13529	4	3	1	6	7
PF13530	4	3	3	4	7
PF13531	3	4	1	6	7
PF13533	5	2	3	4	7
PF13535	3	4	4	3	7
PF13537	2	5	2	5	7
PF13538	5	2	2	5	7
PF13539	4	3	2	5	7
PF13540	5	2	0	7	7
PF13541	2	5	2	5	7
PF13542	1	6	1	6	7
PF13545	1	6	5	2	7
PF13546	5	2	4	3	7
PF13549	0	7	6	1	7
PF13550	0	7	6	1	7
PF13552	3	4	4	3	7
PF13555	2	5	5	2	7
PF13556	4	3	0	7	7
PF13558	2	5	3	4	7
PF13560	2	5	2	5	7
PF13561	3	4	6	1	7
PF13566	4	3	4	3	7
PF13567	5	2	3	4	7
PF13568	5	2	2	5	7
PF13569	2	5	4	3	7
PF13570	5	2	3	4	7
PF13572	6	1	4	3	7
PF13575	1	6	3	4	7
PF13579	1	6	3	4	7
PF13580	1	6	6	1	7
PF13581	4	3	3	4	7
PF13584	5	2	4	3	7
PF13586	3	4	3	4	7
PF13589	2	5	3	4	7
PF13593	2	5	6	1	7
PF13595	6	1	3	4	7
PF13596	3	4	1	6	7
PF13597	1	6	4	3	7
PF13599	3	4	2	5	7
PF13602	2	5	5	2	7
PF13603	1	6	4	3	7
PF13604	1	6	4	3	7
PF13605	4	3	3	4	7
PF13606	3	4	3	4	7
PF13609	1	6	6	1	7
PF13610	2	5	6	1	7
PF13612	5	2	3	4	7
PF13614	4	3	2	5	7
PF13616	5	2	5	2	7
PF13620	5	2	2	5	7
PF13622	1	6	5	2	7
PF13623	3	4	7	0	7
PF13624	4	3	5	2	7
PF13630	4	3	1	6	7
PF13632	1	6	6	1	7
PF13635	0	7	2	5	7
PF13637	4	3	6	1	7
PF13638	5	2	1	6	7
PF13641	3	4	4	3	7
PF13649	2	5	4	3	7
PF13650	5	2	5	2	7
PF13651	2	5	5	2	7
PF13654	2	5	6	1	7
PF13655	4	3	2	5	7
PF13657	3	4	5	2	7
PF13662	2	5	6	1	7
PF13667	6	1	4	3	7
PF13671	4	3	4	3	7
PF13672	3	4	2	5	7
PF13673	3	4	4	3	7
PF13676	6	1	1	6	7
PF13677	2	5	5	2	7
PF13679	3	4	2	5	7
PF13683	2	5	6	1	7
PF13684	4	3	1	6	7
PF13685	3	4	3	4	7
PF13687	4	3	3	4	7
PF13692	3	4	6	1	7
PF13700	0	7	6	1	7
PF13701	5	2	3	4	7
PF13702	5	2	2	5	7
PF13707	2	5	1	6	7
PF13711	2	5	5	2	7
PF13714	3	4	4	3	7
PF13715	5	2	4	3	7
PF13720	4	3	4	3	7
PF13721	2	5	2	5	7
PF13722	4	3	1	6	7
PF13727	5	2	2	5	7
PF13730	3	4	4	3	7
PF13731	1	6	4	3	7
PF13735	3	4	1	6	7
PF13737	2	5	5	2	7
PF13738	3	4	3	4	7
PF13740	2	5	3	4	7
PF13742	5	2	0	7	7
PF13749	2	5	3	4	7
PF13751	3	4	1	6	7
PF13768	4	3	3	4	7
PF13777	3	4	3	4	7
PF13780	3	4	2	5	7
PF13782	4	3	0	7	7
PF13784	1	6	4	3	7
PF13786	3	4	0	7	7
PF13791	3	4	0	7	7
PF13793	4	3	1	6	7
PF13802	2	5	5	2	7
PF13806	1	6	4	3	7
PF13807	2	5	1	6	7
PF13808	4	3	0	7	7
PF13811	3	4	5	2	7
PF13817	4	3	4	3	7
PF13828	1	6	3	4	7
PF13829	1	6	6	1	7
PF13834	2	5	6	1	7
PF13835	1	6	2	5	7
PF13840	2	5	5	2	7
PF13847	3	4	0	7	7
PF13855	4	3	1	6	7
PF13857	4	3	3	4	7
PF13859	1	6	5	2	7
PF13876	2	5	3	4	7
PF13899	5	2	6	1	7
PF13905	6	1	5	2	7
PF13906	1	6	4	3	7
PF13930	5	2	5	2	7
PF13932	5	2	2	5	7
PF13936	2	5	3	4	7
PF13941	2	5	4	3	7
PF13944	5	2	3	4	7
PF13953	2	5	5	2	7
PF13954	3	4	7	0	7
PF13958	4	3	1	6	7
PF13964	5	2	4	3	7
PF13975	6	1	3	4	7
PF14014	4	3	4	3	7
PF14018	2	5	2	5	7
PF14019	1	6	5	2	7
PF14022	4	3	4	3	7
PF14029	0	7	6	1	7
PF14031	3	4	5	2	7
PF14052	5	2	3	4	7
PF14053	4	3	3	4	7
PF14057	3	4	1	6	7
PF14058	5	2	1	6	7
PF14059	6	1	3	4	7
PF14062	4	3	2	5	7
PF14072	3	4	4	3	7
PF14080	1	6	5	2	7
PF14092	5	2	2	5	7
PF14133	3	4	1	6	7
PF14187	3	4	7	0	7
PF14190	4	3	1	6	7
PF14191	4	3	0	7	7
PF14193	3	4	2	5	7
PF14194	2	5	4	3	7
PF14195	5	2	0	7	7
PF14196	2	5	2	5	7
PF14198	3	4	0	7	7
PF14199	3	4	1	6	7
PF14200	2	5	2	5	7
PF14202	2	5	2	5	7
PF14203	2	5	1	6	7
PF14237	6	1	6	1	7
PF14238	5	2	1	6	7
PF14253	2	5	2	5	7
PF14256	1	6	4	3	7
PF14262	3	4	2	5	7
PF14264	3	4	1	6	7
PF14267	2	5	5	2	7
PF14268	2	5	4	3	7
PF14269	3	4	2	5	7
PF14270	5	2	0	7	7
PF14274	5	2	3	4	7
PF14277	4	3	0	7	7
PF14278	2	5	2	5	7
PF14280	2	5	3	4	7
PF14283	4	3	1	6	7
PF14284	4	3	3	4	7
PF14285	2	5	2	5	7
PF14286	2	5	1	6	7
PF14287	4	3	1	6	7
PF14289	5	2	2	5	7
PF14292	5	2	2	5	7
PF14297	6	1	4	3	7
PF14305	3	4	4	3	7
PF14307	6	1	2	5	7
PF14310	5	2	3	4	7
PF14311	5	2	3	4	7
PF14319	3	4	1	6	7
PF14322	5	2	2	5	7
PF14323	6	1	3	4	7
PF14335	1	6	5	2	7
PF14343	3	4	1	6	7
PF14367	1	6	3	4	7
PF14378	5	2	3	4	7
PF14386	3	4	2	5	7
PF14387	1	6	4	3	7
PF14390	4	3	1	6	7
PF14391	5	2	1	6	7
PF14393	2	5	2	5	7
PF14397	5	2	3	4	7
PF14403	2	5	3	4	7
PF14437	3	4	0	7	7
PF14446	4	3	1	6	7
PF14450	4	3	3	4	7
PF14478	5	2	1	6	7
PF14480	3	4	1	6	7
PF14486	4	3	4	3	7
PF14487	3	4	3	4	7
PF14488	6	1	2	5	7
PF14490	3	4	0	7	7
PF14492	3	4	2	5	7
PF14498	5	2	3	4	7
PF14501	4	3	4	3	7
PF14503	2	5	3	4	7
PF14508	4	3	4	3	7
PF14509	6	1	3	4	7
PF14512	3	4	4	3	7
PF14520	1	6	6	1	7
PF14522	5	2	6	1	7
PF14524	3	4	2	5	7
PF14526	2	5	4	3	7
PF14527	1	6	0	7	7
PF14532	5	2	4	3	7
PF14535	3	4	2	5	7
PF14559	3	4	5	2	7
PF14561	0	7	4	3	7
PF14572	5	2	7	0	7
PF14574	4	3	1	6	7
PF14579	2	5	2	5	7
PF14583	2	5	4	3	7
PF14584	5	2	1	6	7
PF14587	5	2	1	6	7
PF14588	6	1	3	4	7
PF14594	2	5	6	1	7
PF14602	0	7	5	2	7
PF14620	5	2	2	5	7
PF14622	0	7	5	2	7
PF14657	4	3	2	5	7
PF14659	5	2	3	4	7
PF14667	2	5	1	6	7
PF14681	2	5	2	5	7
PF14691	1	6	3	4	7
PF14698	1	6	2	5	7
PF14711	2	5	4	3	7
PF14714	4	3	1	6	7
PF14717	5	2	4	3	7
PF14718	2	5	6	1	7
PF14720	4	3	5	2	7
PF14730	6	1	1	6	7
PF14742	1	6	6	1	7
PF14748	3	4	4	3	7
PF14765	1	6	3	4	7
PF14771	5	2	2	5	7
PF14789	0	7	4	3	7
PF14801	0	7	5	2	7
PF14815	5	2	2	5	7
PF14821	3	4	2	5	7
PF14833	2	5	5	2	7
PF14849	3	4	5	2	7
PF14864	3	4	3	4	7
PF14871	3	4	4	3	7
PF14873	6	1	4	3	7
PF14890	2	5	2	5	7
PF14897	4	3	4	3	7
PF14903	4	3	2	5	7
PF14905	5	2	3	4	7
PF14907	4	3	2	5	7
PF15495	4	3	6	1	7
PF15523	4	3	4	3	7
PF15644	4	3	2	5	7
PF15714	4	3	0	7	7
PF15738	1	6	2	5	7
PF15869	6	1	3	4	7
PF15892	5	2	3	4	7
PF15902	4	3	4	3	7
PF15922	3	4	5	2	7
PF15976	2	5	7	0	7
PF15977	2	5	6	1	7
PF15979	5	2	3	4	7
PF16073	0	7	5	2	7
PF16079	4	3	5	2	7
PF16113	3	4	4	3	7
PF16116	5	2	1	6	7
PF16124	3	4	2	5	7
PF16125	5	2	5	2	7
PF16126	4	3	5	2	7
PF16127	5	2	2	5	7
PF16130	5	2	1	6	7
PF16140	5	2	4	3	7
PF16141	5	2	2	5	7
PF16146	3	4	6	1	7
PF16149	5	2	3	4	7
PF16152	3	4	1	6	7
PF16153	5	2	6	1	7
PF16154	2	5	5	2	7
PF16161	4	3	2	5	7
PF16163	3	4	0	7	7
PF16168	2	5	5	2	7
PF16187	3	4	6	1	7
PF16188	4	3	1	6	7
PF16189	5	2	1	6	7
PF16192	2	5	3	4	7
PF16193	1	6	5	2	7
PF16197	2	5	7	0	7
PF16198	3	4	1	6	7
PF16199	3	4	2	5	7
PF16215	5	2	4	3	7
PF16216	3	4	2	5	7
PF16259	3	4	4	3	7
PF16262	1	6	4	3	7
PF16269	7	0	4	3	7
PF16272	5	2	3	4	7
PF16280	1	6	5	2	7
PF16283	5	2	2	5	7
PF16285	1	6	3	4	7
PF16313	4	3	1	6	7
PF16318	5	2	4	3	7
PF16319	5	2	1	6	7
PF16321	3	4	5	2	7
PF16325	3	4	4	3	7
PF16326	2	5	1	6	7
PF16330	1	6	5	2	7
PF16332	5	2	5	2	7
PF16335	5	2	2	5	7
PF16338	3	4	4	3	7
PF16342	4	3	4	3	7
PF16343	5	2	4	3	7
PF16344	6	1	4	3	7
PF16347	4	3	4	3	7
PF16353	4	3	3	4	7
PF16355	6	1	2	5	7
PF16359	3	4	7	0	7
PF16360	1	6	3	4	7
PF16363	5	2	4	3	7
PF16364	0	7	1	6	7
PF16369	3	4	4	3	7
PF16378	5	2	4	3	7
PF16384	5	2	4	3	7
PF16385	5	2	3	4	7
PF16394	6	1	4	3	7
PF16403	0	7	3	4	7
PF16407	5	2	3	4	7
PF16409	5	2	4	3	7
PF16410	5	2	3	4	7
PF16411	5	2	1	6	7
PF16449	1	6	6	1	7
PF16450	1	6	6	1	7
PF16472	4	3	1	6	7
PF16490	5	2	4	3	7
PF16499	4	3	3	4	7
PF16565	3	4	3	4	7
PF16569	1	6	4	3	7
PF16576	5	2	7	0	7
PF16586	3	4	3	4	7
PF16592	4	3	3	4	7
PF16595	2	5	3	4	7
PF16653	3	4	0	7	7
PF16654	6	1	3	4	7
PF16656	3	4	4	3	7
PF16658	3	4	1	6	7
PF16697	1	6	5	2	7
PF16709	5	2	2	5	7
PF16729	1	6	3	4	7
PF16738	2	5	2	5	7
PF16819	5	2	5	2	7
PF16820	7	0	2	5	7
PF16822	4	3	0	7	7
PF16868	4	3	1	6	7
PF16870	2	5	4	3	7
PF16874	5	2	3	4	7
PF16875	4	3	4	3	7
PF16886	3	4	3	4	7
PF16889	4	3	1	6	7
PF16916	4	3	3	4	7
PF16921	3	4	2	5	7
PF16929	3	4	2	5	7
PF16933	0	7	4	3	7
PF16957	2	5	7	0	7
PF16962	5	2	4	3	7
PF16966	2	5	6	1	7
PF16967	3	4	7	0	7
PF16970	3	4	6	1	7
PF16980	3	4	3	4	7
PF16993	3	4	3	4	7
PF17042	2	5	4	3	7
PF17092	3	4	4	3	7
PF17127	6	1	3	4	7
PF17128	4	3	1	6	7
PF17131	3	4	3	4	7
PF17132	4	3	1	6	7
PF17136	2	5	1	6	7
PF17137	7	0	2	5	7
PF17145	6	1	2	5	7
PF17147	5	2	4	3	7
PF17148	6	1	3	4	7
PF17151	3	4	7	0	7
PF17154	1	6	7	0	7
PF17162	5	2	4	3	7
PF17167	3	4	4	3	7
PF17168	5	2	2	5	7
PF17170	6	1	3	4	7
PF17179	4	3	1	6	7
PF17189	4	3	4	3	7
PF17191	5	2	0	7	7
PF17202	3	4	1	6	7
PF17203	3	4	4	3	7
PF17210	3	4	4	3	7
PF17284	3	4	2	5	7
PF17287	1	6	7	0	7
PF17288	3	4	4	3	7
PF17289	1	6	5	2	7
PF17291	5	2	5	2	7
PF17293	5	2	3	4	7
PF17297	3	4	6	1	7
PF17385	1	6	3	4	7
PF17386	2	5	2	5	7
PF17389	3	4	4	3	7
PF17390	3	4	5	2	7
PF17425	3	4	6	1	7
PF17451	1	6	2	5	7
PF17479	2	5	4	3	7
PF17482	3	4	4	3	7
PF17651	3	4	1	6	7
PF17657	1	6	2	5	7
PF17676	2	5	3	4	7
PF17677	3	4	3	4	7
PF17678	5	2	5	2	7
PF17728	1	6	4	3	7
PF17755	2	5	2	5	7
PF17757	2	5	2	5	7
PF17758	1	6	4	3	7
PF17759	4	3	4	3	7
PF17760	2	5	5	2	7
PF17761	5	2	1	6	7
PF17762	1	6	3	4	7
PF17763	4	3	3	4	7
PF17764	1	6	3	4	7
PF17767	1	6	2	5	7
PF17768	5	2	3	4	7
PF17769	2	5	3	4	7
PF17770	2	5	1	6	7
PF17774	2	5	1	6	7
PF17785	5	2	3	4	7
PF17788	4	3	4	3	7
PF17801	6	1	2	5	7
PF17802	3	4	4	3	7
PF17804	2	5	5	2	7
PF17805	3	4	2	5	7
PF17810	4	3	5	2	7
PF17815	3	4	6	1	7
PF17820	6	1	0	7	7
PF17827	2	5	4	3	7
PF17829	5	2	1	6	7
PF17836	4	3	2	5	7
PF17837	2	5	6	1	7
PF17839	4	3	4	3	7
PF17844	0	7	6	1	7
PF17851	3	4	4	3	7
PF17853	4	3	1	6	7
PF17854	2	5	2	5	7
PF17862	4	3	1	6	7
PF17863	1	6	6	1	7
PF17871	2	5	5	2	7
PF17874	1	6	5	2	7
PF17876	3	4	1	6	7
PF17892	2	5	4	3	7
PF17893	2	5	5	2	7
PF17894	4	3	2	5	7
PF17900	2	5	4	3	7
PF17910	3	4	3	4	7
PF17912	3	4	2	5	7
PF17936	2	5	4	3	7
PF17941	2	5	5	2	7
PF17944	3	4	6	1	7
PF17954	5	2	7	0	7
PF17956	3	4	4	3	7
PF17963	2	5	5	2	7
PF17969	3	4	6	1	7
PF17973	6	1	3	4	7
PF17974	4	3	3	4	7
PF17989	2	5	0	7	7
PF17995	2	5	4	3	7
PF17996	2	5	3	4	7
PF17998	1	6	3	4	7
PF18013	3	4	5	2	7
PF18019	3	4	1	6	7
PF18025	4	3	3	4	7
PF18072	4	3	3	4	7
PF18073	4	3	2	5	7
PF18074	2	5	1	6	7
PF18075	3	4	1	6	7
PF18080	3	4	3	4	7
PF18082	2	5	3	4	7
PF18090	2	5	5	2	7
PF18094	0	7	3	4	7
PF18096	3	4	6	1	7
PF18106	3	4	1	6	7
PF18120	4	3	4	3	7
PF18128	6	1	3	4	7
PF18134	3	4	5	2	7
PF18144	4	3	0	7	7
PF18164	3	4	3	4	7
PF18185	5	2	1	6	7
PF18186	4	3	6	1	7
PF18202	2	5	0	7	7
PF18272	1	6	5	2	7
PF18291	6	1	3	4	7
PF18305	1	6	4	3	7
PF18306	3	4	4	3	7
PF18310	2	5	1	6	7
PF18318	4	3	4	3	7
PF18335	1	6	1	6	7
PF18340	1	6	5	2	7
PF18368	3	4	3	4	7
PF18370	3	4	2	5	7
PF18395	4	3	0	7	7
PF18427	3	4	4	3	7
PF18435	4	3	2	5	7
PF18451	0	7	5	2	7
PF18470	4	3	3	4	7
PF18525	1	6	2	5	7
PF18537	4	3	0	7	7
PF18541	4	3	0	7	7
PF18555	4	3	4	3	7
PF18560	2	5	0	7	7
PF18565	4	3	2	5	7
PF18582	6	1	6	1	7
PF18610	5	2	1	6	7
PF18630	4	3	2	5	7
PF18649	2	5	6	1	7
PF18676	4	3	3	4	7
PF18693	5	2	3	4	7
PF18741	5	2	3	4	7
PF18755	2	5	2	5	7
PF18765	1	6	1	6	7
PF18766	3	4	4	3	7
PF18789	5	2	0	7	7
PF18796	4	3	1	6	7
PF18812	4	3	3	4	7
PF18813	3	4	3	4	7
PF18818	4	3	4	3	7
PF18819	2	5	2	5	7
PF18824	4	3	3	4	7
PF18830	4	3	1	6	7
PF18832	4	3	2	5	7
PF18840	2	5	0	7	7
PF18842	2	5	2	5	7
PF18843	4	3	4	3	7
PF18852	4	3	2	5	7
PF18863	3	4	3	4	7
PF18883	1	6	6	1	7
PF18885	1	6	5	2	7
PF18889	3	4	2	5	7
PF18907	3	4	3	4	7
PF18912	5	2	2	5	7
PF18934	3	4	5	2	7
PF18936	3	4	5	2	7
PF18937	4	3	2	5	7
PF18939	7	0	5	2	7
PF18940	5	2	4	3	7
PF18941	4	3	4	3	7
PF18942	5	2	3	4	7
PF18945	2	5	6	1	7
PF18948	1	6	4	3	7
PF18951	2	5	1	6	7
PF18952	2	5	5	2	7
PF18954	4	3	2	5	7
PF18956	5	2	1	6	7
PF18957	3	4	5	2	7
PF18959	0	7	7	0	7
PF18960	2	5	0	7	7
PF18975	3	4	1	6	7
PF18976	5	2	4	3	7
PF18978	5	2	0	7	7
PF18980	4	3	2	5	7
PF18982	4	3	0	7	7
PF18983	4	3	2	5	7
PF18984	4	3	1	6	7
PF18986	0	7	4	3	7
PF18987	3	4	2	5	7
PF18989	4	3	0	7	7
PF18991	4	3	2	5	7
PF18998	2	5	5	2	7
PF19040	3	4	6	1	7
PF19044	4	3	2	5	7
PF19051	5	2	4	3	7
PF19076	3	4	3	4	7
PF19077	2	5	1	6	7
PF19085	4	3	4	3	7
PF19124	2	5	4	3	7
PF19127	2	5	2	5	7
PF19143	6	1	1	6	7
PF19190	6	1	3	4	7
PF19238	2	5	2	5	7
PF19263	5	2	2	5	7
PF19269	2	5	3	4	7
PF19279	1	6	5	2	7
PF19289	4	3	7	0	7
PF19290	4	3	3	4	7
PF19295	4	3	3	4	7
PF19296	3	4	4	3	7
PF19300	0	7	3	4	7
PF19302	3	4	1	6	7
PF19305	2	5	6	1	7
PF19310	2	5	7	0	7
PF19328	3	4	5	2	7
PF19335	4	3	5	2	7
PF19407	4	3	3	4	7
PF19425	4	3	5	2	7
PF19436	4	3	3	4	7
PF19478	3	4	1	6	7
PF19481	4	3	1	6	7
PF19484	2	5	5	2	7
PF19499	2	5	3	4	7
PF19501	5	2	2	5	7
PF19502	2	5	4	3	7
PF19503	1	6	2	5	7
PF19511	3	4	1	6	7
PF19512	5	2	5	2	7
PF19514	5	2	5	2	7
PF19516	0	7	4	3	7
PF19517	2	5	1	6	7
PF19528	5	2	3	4	7
PF19537	4	3	3	4	7
PF19538	5	2	1	6	7
PF19546	3	4	1	6	7
PF19552	2	5	1	6	7
PF19553	4	3	1	6	7
PF19554	3	4	1	6	7
PF19555	6	1	5	2	7
PF19567	4	3	2	5	7
PF19568	3	4	2	5	7
PF19570	4	3	1	6	7
PF19576	5	2	7	0	7
PF19583	3	4	2	5	7
PF19595	2	5	1	6	7
PF19642	5	2	1	6	7
PF19700	3	4	2	5	7
PF19732	4	3	2	5	7
PF19762	5	2	3	4	7
PF19776	4	3	1	6	7
PF19789	4	3	1	6	7
PF19805	4	3	4	3	7
PF19808	3	4	1	6	7
PF19815	4	3	3	4	7
PF19821	3	4	6	1	7
PF19830	2	5	1	6	7
PF19838	5	2	3	4	7
PF19842	2	5	1	6	7
PF19845	0	7	2	5	7
PF19864	2	5	2	5	7
PF19867	4	3	3	4	7
PF19877	1	6	6	1	7
PF19880	4	3	4	3	7
PF19898	5	2	3	4	7
PF19904	4	3	3	4	7
PF19909	2	5	3	4	7
PF19924	2	5	7	0	7
PF20016	2	5	3	4	7
PF20030	3	4	7	0	7
PF20041	6	1	2	5	7
PF20047	2	5	3	4	7
PF20063	3	4	1	6	7
PF20069	4	3	2	5	7
PF20070	0	7	4	3	7
PF20103	5	2	4	3	7
PF20142	1	6	6	1	7
PF20143	2	5	4	3	7
PF20148	4	3	3	4	7
PF20154	4	3	5	2	7
PF20155	2	5	6	1	7
PF00013	6	1	3	4	7
PF00016	3	4	2	5	7
PF00240	4	3	0	7	7
PF00415	4	3	1	6	7
PF00850	3	4	6	1	7
PF01030	5	2	3	4	7
PF01364	5	2	3	4	7
PF01640	5	2	4	3	7
PF02156	3	4	1	6	7
PF02305	5	2	2	5	7
PF02324	3	4	2	5	7
PF02342	5	2	0	7	7
PF02914	4	3	3	4	7
PF03175	4	3	3	4	7
PF03690	6	1	0	7	7
PF03744	3	4	3	4	7
PF03787	5	2	3	4	7
PF03885	3	4	0	7	7
PF04555	2	5	5	2	7
PF04556	2	5	0	7	7
PF04740	4	3	1	6	7
PF04796	4	3	3	4	7
PF05108	1	6	6	1	7
PF05125	3	4	7	0	7
PF05352	4	3	2	5	7
PF05686	5	2	0	7	7
PF05693	6	1	0	7	7
PF05713	5	2	4	3	7
PF05766	4	3	5	2	7
PF05840	2	5	7	0	7
PF05894	3	4	6	1	7
PF06603	5	2	2	5	7
PF06778	2	5	4	3	7
PF06941	4	3	2	5	7
PF07075	4	3	2	5	7
PF07396	4	3	5	2	7
PF07550	5	2	5	2	7
PF07632	5	2	3	4	7
PF08310	1	6	2	5	7
PF08341	2	5	4	3	7
PF08840	4	3	2	5	7
PF08989	5	2	2	5	7
PF09087	5	2	4	3	7
PF09250	2	5	5	2	7
PF09374	3	4	4	3	7
PF09485	2	5	3	4	7
PF09563	1	6	3	4	7
PF09617	2	5	3	4	7
PF09640	5	2	4	3	7
PF09707	1	6	1	6	7
PF10021	5	2	2	5	7
PF10091	6	1	1	6	7
PF10438	5	2	2	5	7
PF10758	3	4	3	4	7
PF10902	6	1	5	2	7
PF10988	5	2	4	3	7
PF11028	5	2	2	5	7
PF11350	1	6	5	2	7
PF11396	5	2	5	2	7
PF11721	5	2	4	3	7
PF11775	5	2	2	5	7
PF11860	6	1	2	5	7
PF11888	3	4	2	5	7
PF11897	5	2	4	3	7
PF12128	5	2	2	5	7
PF12686	4	3	5	2	7
PF12904	3	4	2	5	7
PF12954	5	2	2	5	7
PF12988	6	1	2	5	7
PF12992	5	2	4	3	7
PF13194	7	0	2	5	7
PF13199	3	4	2	5	7
PF13271	4	3	2	5	7
PF13455	2	5	2	5	7
PF13469	5	2	2	5	7
PF13479	4	3	0	7	7
PF13571	5	2	1	6	7
PF13585	6	1	4	3	7
PF13619	2	5	3	4	7
PF13643	2	5	0	7	7
PF13646	4	3	5	2	7
PF13814	2	5	5	2	7
PF13970	5	2	4	3	7
PF14028	2	5	4	3	7
PF14054	5	2	2	5	7
PF14055	5	2	3	4	7
PF14060	5	2	5	2	7
PF14063	4	3	5	2	7
PF14082	3	4	1	6	7
PF14093	6	1	3	4	7
PF14121	5	2	2	5	7
PF14123	5	2	2	5	7
PF14125	6	1	0	7	7
PF14135	5	2	5	2	7
PF14220	3	4	2	5	7
PF14254	6	1	2	5	7
PF14266	3	4	2	5	7
PF14293	6	1	6	1	7
PF14298	6	1	4	3	7
PF14349	4	3	4	3	7
PF14491	6	1	1	6	7
PF14528	3	4	2	5	7
PF14606	3	4	2	5	7
PF14607	5	2	1	6	7
PF14684	4	3	4	3	7
PF14690	4	3	3	4	7
PF14734	4	3	4	3	7
PF14888	5	2	1	6	7
PF14889	5	2	1	6	7
PF14900	5	2	2	5	7
PF15283	5	2	2	5	7
PF15415	4	3	1	6	7
PF15617	4	3	3	4	7
PF16109	6	1	4	3	7
PF16115	5	2	5	2	7
PF16120	5	2	5	2	7
PF16148	5	2	2	5	7
PF16160	5	2	0	7	7
PF16286	5	2	4	3	7
PF16288	3	4	3	4	7
PF16314	5	2	4	3	7
PF16334	5	2	4	3	7
PF16430	2	5	0	7	7
PF16464	6	1	4	3	7
PF16476	5	2	4	3	7
PF16480	4	3	0	7	7
PF16838	4	3	3	4	7
PF16925	2	5	5	2	7
PF17139	6	1	4	3	7
PF17140	3	4	4	3	7
PF17161	5	2	0	7	7
PF17236	4	3	5	2	7
PF17555	4	3	2	5	7
PF17643	5	2	2	5	7
PF17786	5	2	3	4	7
PF17994	2	5	4	3	7
PF18088	3	4	3	4	7
PF18155	2	5	2	5	7
PF18211	5	2	2	5	7
PF18218	2	5	4	3	7
PF18220	2	5	1	6	7
PF18329	4	3	3	4	7
PF18416	1	6	6	1	7
PF18491	1	6	4	3	7
PF18655	4	3	2	5	7
PF18675	6	1	4	3	7
PF18847	5	2	3	4	7
PF18860	4	3	1	6	7
PF18906	2	5	7	0	7
PF18909	3	4	4	3	7
PF18911	5	2	3	4	7
PF18935	4	3	4	3	7
PF18943	5	2	2	5	7
PF18974	3	4	3	4	7
PF18990	4	3	5	2	7
PF19320	2	5	4	3	7
PF19498	3	4	1	6	7
PF19506	4	3	1	6	7
PF19529	5	2	4	3	7
PF19572	4	3	4	3	7
PF19580	6	1	1	6	7
PF19727	5	2	0	7	7
PF19753	3	4	1	6	7
PF19755	6	1	0	7	7
PF19763	5	2	1	6	7
PF19775	3	4	5	2	7
PF19778	5	2	1	6	7
PF19866	4	3	2	5	7
PF19910	5	2	3	4	7
PF20020	2	5	4	3	7
PF00544	3	4	1	6	7
PF00801	5	2	3	4	7
PF02927	5	2	2	5	7
PF03457	4	3	0	7	7
PF03527	4	3	6	1	7
PF04301	5	2	3	4	7
PF04411	3	4	2	5	7
PF05183	4	3	2	5	7
PF06452	5	2	0	7	7
PF06537	7	0	4	3	7
PF08269	2	5	1	6	7
PF09028	5	2	3	4	7
PF09491	4	3	2	5	7
PF09517	4	3	4	3	7
PF09556	4	3	3	4	7
PF09561	6	1	3	4	7
PF09823	5	2	2	5	7
PF09925	5	2	1	6	7
PF10119	2	5	3	4	7
PF10131	4	3	3	4	7
PF11283	3	4	7	0	7
PF11551	4	3	1	6	7
PF11589	5	2	4	3	7
PF11751	5	2	5	2	7
PF12080	5	2	4	3	7
PF12667	4	3	5	2	7
PF12770	4	3	3	4	7
PF12864	5	2	5	2	7
PF12875	6	1	4	3	7
PF12930	5	2	3	4	7
PF12964	5	2	1	6	7
PF12985	5	2	3	4	7
PF12987	6	1	3	4	7
PF12995	3	4	0	7	7
PF12996	4	3	1	6	7
PF13084	4	3	3	4	7
PF13258	2	5	4	3	7
PF13264	4	3	4	3	7
PF13372	4	3	4	3	7
PF13588	4	3	2	5	7
PF13734	4	3	5	2	7
PF14064	5	2	3	4	7
PF14100	3	4	5	2	7
PF14127	5	2	3	4	7
PF14129	5	2	3	4	7
PF14134	4	3	1	6	7
PF14239	5	2	3	4	7
PF14282	6	1	1	6	7
PF14294	6	1	0	7	7
PF14614	5	2	3	4	7
PF14683	4	3	3	4	7
PF14848	4	3	5	2	7
PF14902	6	1	3	4	7
PF15515	5	2	2	5	7
PF15889	4	3	4	3	7
PF15890	5	2	4	3	7
PF16023	6	1	1	6	7
PF16128	5	2	3	4	7
PF16147	5	2	2	5	7
PF16151	6	1	2	5	7
PF16217	4	3	2	5	7
PF16226	4	3	1	6	7
PF16227	5	2	2	5	7
PF16287	5	2	4	3	7
PF16324	5	2	1	6	7
PF16352	6	1	3	4	7
PF16370	6	1	4	3	7
PF16371	6	1	3	4	7
PF16372	5	2	5	2	7
PF16373	5	2	3	4	7
PF16375	4	3	4	3	7
PF16389	5	2	2	5	7
PF16401	6	1	3	4	7
PF16412	5	2	3	4	7
PF16432	6	1	3	4	7
PF16434	4	3	1	6	7
PF16439	4	3	3	4	7
PF16888	2	5	0	7	7
PF16961	6	1	2	5	7
PF17116	6	1	4	3	7
PF17200	4	3	0	7	7
PF17415	4	3	2	5	7
PF17541	6	1	5	2	7
PF17642	6	1	3	4	7
PF17753	5	2	1	6	7
PF18175	5	2	5	2	7
PF18283	4	3	1	6	7
PF18760	4	3	3	4	7
PF18798	3	4	4	3	7
PF18838	5	2	0	7	7
PF18864	4	3	0	7	7
PF18925	6	1	3	4	7
PF18949	2	5	1	6	7
PF18961	5	2	2	5	7
PF18979	5	2	4	3	7
PF19513	3	4	5	2	7
PF19515	4	3	1	6	7
PF19527	5	2	1	6	7
PF19543	4	3	5	2	7
PF19557	5	2	4	3	7
PF19558	6	1	2	5	7
PF19841	4	3	4	3	7
PF01804	2	5	3	4	7
PF04513	4	3	0	7	7
PF05732	4	3	0	7	7
PF06864	1	6	6	1	7
PF07655	0	7	5	2	7
PF13468	0	7	3	4	7
PF14236	4	3	2	5	7
PF14336	5	2	0	7	7
PF16263	5	2	5	2	7
PF18821	1	6	5	2	7
PF01436	4	3	2	5	7
PF03515	3	4	7	0	7
PF04655	2	5	2	5	7
PF09952	5	2	2	5	7
PF10908	3	4	5	2	7
PF10933	4	3	4	3	7
PF12183	4	3	1	6	7
PF13146	4	3	4	3	7
PF16383	6	1	3	4	7
PF16443	6	1	1	6	7
PF17142	5	2	3	4	7
PF17883	3	4	5	2	7
PF18763	5	2	2	5	7
PF18823	7	0	4	3	7
PF18857	5	2	4	3	7
PF18862	3	4	3	4	7
PF19886	5	2	2	5	7
PF11533	1	6	7	0	7
PF14436	2	5	3	4	7
PF18623	4	3	6	1	7
PF00541	3	4	5	2	7
PF00608	4	3	4	3	7
PF00770	1	6	6	1	7
PF01065	0	7	5	2	7
PF01310	3	4	5	2	7
PF01686	3	4	5	2	7
PF01691	2	5	7	0	7
PF01696	2	5	5	2	7
PF02236	1	6	7	0	7
PF02438	3	4	5	2	7
PF02455	2	5	4	3	7
PF02456	2	5	5	2	7
PF02459	2	5	3	4	7
PF02703	1	6	5	2	7
PF02993	3	4	5	2	7
PF03052	1	6	3	4	7
PF03228	2	5	7	0	7
PF03307	4	3	5	2	7
PF03678	3	4	6	1	7
PF03728	3	4	5	2	7
PF03910	2	5	7	0	7
PF03955	2	5	5	2	7
PF04528	2	5	4	3	7
PF05385	2	5	7	0	7
PF06931	2	5	5	2	7
PF08645	5	2	4	3	7
PF19404	4	3	2	5	7
PF19614	5	2	2	5	7
PF00931	2	5	3	4	7
PF03425	4	3	1	6	7
PF09564	5	2	0	7	7
PF18551	5	2	3	4	7
PF14743	4	3	2	5	7
PF16467	5	2	4	3	7
PF00940	3	4	4	3	7
PF13946	5	2	1	6	7
PF14449	4	3	1	6	7
k_Bacteria.p_Actinobacteria.c_Actinomycetia.o_Actinomycetales.f_Actinomycetaceae.g_Actinomyces.s_Actinomyces.graevenitzii	1	6	4	3	7
k_Bacteria.p_Actinobacteria.c_Actinomycetia.o_Actinomycetales.f_Actinomycetaceae.g_Actinomyces.s_Actinomyces.sp.	1	6	6	1	7
k_Bacteria.p_Actinobacteria.c_Actinomycetia.o_Actinomycetales.f_Actinomycetaceae.g_Unclassified.Actinomycetaceae.s_Unclassified.Actinomycetaceae	1	6	5	2	7
k_Bacteria.p_Actinobacteria.c_Actinomycetia.o_Actinomycetales.f_Actinomycetaceae.g_Varibaculum.s_Unclassified.Varibaculum	4	3	2	5	7
k_Bacteria.p_Actinobacteria.c_Actinomycetia.o_Actinomycetales.f_Actinomycetaceae.g_Varibaculum.s_Varibaculum.cambriense	3	4	5	2	7
k_Bacteria.p_Actinobacteria.c_Actinomycetia.o_Bifidobacteriales.f_Bifidobacteriaceae.g_Bifidobacterium.s_Bifidobacterium.adolescentis	2	5	2	5	7
k_Bacteria.p_Actinobacteria.c_Actinomycetia.o_Bifidobacteriales.f_Bifidobacteriaceae.g_Bifidobacterium.s_Bifidobacterium.animalis	1	6	4	3	7
k_Bacteria.p_Actinobacteria.c_Actinomycetia.o_Bifidobacteriales.f_Bifidobacteriaceae.g_Bifidobacterium.s_Bifidobacterium.bifidum	1	6	4	3	7
k_Bacteria.p_Actinobacteria.c_Actinomycetia.o_Bifidobacteriales.f_Bifidobacteriaceae.g_Bifidobacterium.s_Bifidobacterium.breve	2	5	6	1	7
k_Bacteria.p_Actinobacteria.c_Actinomycetia.o_Bifidobacteriales.f_Bifidobacteriaceae.g_Bifidobacterium.s_Bifidobacterium.catenulatum	5	2	3	4	7
k_Bacteria.p_Actinobacteria.c_Actinomycetia.o_Bifidobacteriales.f_Bifidobacteriaceae.g_Bifidobacterium.s_Bifidobacterium.dentium	0	7	5	2	7
k_Bacteria.p_Actinobacteria.c_Actinomycetia.o_Bifidobacteriales.f_Bifidobacteriaceae.g_Bifidobacterium.s_Bifidobacterium.longum	1	6	5	2	7
k_Bacteria.p_Actinobacteria.c_Actinomycetia.o_Bifidobacteriales.f_Bifidobacteriaceae.g_Bifidobacterium.s_Bifidobacterium.pseudocatenulatum	3	4	5	2	7
k_Bacteria.p_Actinobacteria.c_Actinomycetia.o_Bifidobacteriales.f_Bifidobacteriaceae.g_Bifidobacterium.s_Bifidobacterium.scardovii	2	5	6	1	7
k_Bacteria.p_Actinobacteria.c_Actinomycetia.o_Bifidobacteriales.f_Bifidobacteriaceae.g_Bifidobacterium.s_Bifidobacterium.sp.	1	6	5	2	7
k_Bacteria.p_Actinobacteria.c_Actinomycetia.o_Bifidobacteriales.f_Bifidobacteriaceae.g_Bifidobacterium.s_Unclassified.Bifidobacterium	1	6	5	2	7
k_Bacteria.p_Actinobacteria.c_Actinomycetia.o_Bifidobacteriales.f_Bifidobacteriaceae.g_Gardnerella.s_Unclassified.Gardnerella	1	6	6	1	7
k_Bacteria.p_Actinobacteria.c_Actinomycetia.o_Bifidobacteriales.f_Bifidobacteriaceae.g_Unclassified.Bifidobacteriaceae.s_Unclassified.Bifidobacteriaceae	0	7	5	2	7
k_Bacteria.p_Actinobacteria.c_Actinomycetia.o_Corynebacteriales.f_Corynebacteriaceae.g_Corynebacterium.s_Corynebacterium.flavescens	1	6	5	2	7
k_Bacteria.p_Actinobacteria.c_Actinomycetia.o_Corynebacteriales.f_Corynebacteriaceae.g_Corynebacterium.s_Unclassified.Corynebacterium	1	6	5	2	7
k_Bacteria.p_Actinobacteria.c_Actinomycetia.o_Micrococcales.f_Micrococcaceae.g_Rothia.s_Rothia.mucilaginosa	1	6	5	2	7
k_Bacteria.p_Actinobacteria.c_Actinomycetia.o_Micrococcales.f_Micrococcaceae.g_Rothia.s_Unclassified.Rothia	2	5	5	2	7
k_Bacteria.p_Actinobacteria.c_Actinomycetia.o_Micrococcales.f_Unclassified.Micrococcales.g_Unclassified.Micrococcales.s_Unclassified.Micrococcales	1	6	6	1	7
k_Bacteria.p_Actinobacteria.c_Actinomycetia.o_Propionibacteriales.f_Propionibacteriaceae.g_Propionibacterium.s_Propionibacterium.freudenreichii	3	4	4	3	7
k_Bacteria.p_Actinobacteria.c_Actinomycetia.o_Propionibacteriales.f_Propionibacteriaceae.g_Unclassified.Propionibacteriaceae.s_Unclassified.Propionibacteriaceae	3	4	1	6	7
k_Bacteria.p_Actinobacteria.c_Actinomycetia.o_Streptomycetales.f_Streptomycetaceae.g_Streptomyces.s_Unclassified.Streptomyces	2	5	3	4	7
k_Bacteria.p_Actinobacteria.c_Actinomycetia.o_Unclassified.Actinomycetia.f_Unclassified.Actinomycetia.g_Unclassified.Actinomycetia.s_Unclassified.Actinomycetia	0	7	3	4	7
k_Bacteria.p_Actinobacteria.c_Coriobacteriia.o_Coriobacteriales.f_Coriobacteriaceae.g_Collinsella.s_Collinsella.intestinalis	4	3	2	5	7
k_Bacteria.p_Actinobacteria.c_Coriobacteriia.o_Coriobacteriales.f_Coriobacteriaceae.g_Collinsella.s_Collinsella.phocaeensis	2	5	4	3	7
k_Bacteria.p_Actinobacteria.c_Coriobacteriia.o_Coriobacteriales.f_Coriobacteriaceae.g_Collinsella.s_Collinsella.tanakaei	0	7	5	2	7
k_Bacteria.p_Actinobacteria.c_Coriobacteriia.o_Coriobacteriales.f_Coriobacteriaceae.g_Collinsella.s_Unclassified.Collinsella	2	5	4	3	7
k_Bacteria.p_Actinobacteria.c_Coriobacteriia.o_Coriobacteriales.f_Coriobacteriaceae.g_Unclassified.Coriobacteriaceae.s_Unclassified.Coriobacteriaceae	4	3	2	5	7
k_Bacteria.p_Actinobacteria.c_Coriobacteriia.o_Coriobacteriales.f_Unclassified.Coriobacteriales.g_Unclassified.Coriobacteriales.s_Unclassified.Coriobacteriales	4	3	1	6	7
k_Bacteria.p_Actinobacteria.c_Coriobacteriia.o_Eggerthellales.f_Eggerthellaceae.g_Adlercreutzia.s_Unclassified.Adlercreutzia	3	4	3	4	7
k_Bacteria.p_Actinobacteria.c_Coriobacteriia.o_Eggerthellales.f_Eggerthellaceae.g_Eggerthella.s_Eggerthella.lenta	5	2	1	6	7
k_Bacteria.p_Actinobacteria.c_Coriobacteriia.o_Eggerthellales.f_Eggerthellaceae.g_Eggerthella.s_Unclassified.Eggerthella	5	2	3	4	7
k_Bacteria.p_Actinobacteria.c_Coriobacteriia.o_Eggerthellales.f_Eggerthellaceae.g_Gordonibacter.s_Gordonibacter.pamelaeae	5	2	1	6	7
k_Bacteria.p_Actinobacteria.c_Coriobacteriia.o_Eggerthellales.f_Eggerthellaceae.g_Unclassified.Eggerthellaceae.s_Unclassified.Eggerthellaceae	3	4	5	2	7
k_Bacteria.p_Actinobacteria.c_Coriobacteriia.o_Unclassified.Coriobacteriia.f_Unclassified.Coriobacteriia.g_Unclassified.Coriobacteriia.s_Unclassified.Coriobacteriia	2	5	5	2	7
k_Bacteria.p_Actinobacteria.c_Unclassified.Actinobacteria.o_Unclassified.Actinobacteria.f_Unclassified.Actinobacteria.g_Unclassified.Actinobacteria.s_Unclassified.Actinobacteria	1	6	3	4	7
k_Bacteria.p_Bacteroidetes.c_Bacteroidia.o_Bacteroidales.f_Bacteroidaceae.g_Bacteroides.s_Bacteroides.caccae	4	3	0	7	7
k_Bacteria.p_Bacteroidetes.c_Bacteroidia.o_Bacteroidales.f_Bacteroidaceae.g_Bacteroides.s_Bacteroides.faecis	5	2	4	3	7
k_Bacteria.p_Bacteroidetes.c_Bacteroidia.o_Bacteroidales.f_Bacteroidaceae.g_Bacteroides.s_Bacteroides.fragilis	5	2	3	4	7
k_Bacteria.p_Bacteroidetes.c_Bacteroidia.o_Bacteroidales.f_Bacteroidaceae.g_Bacteroides.s_Bacteroides.stercoris	5	2	3	4	7
k_Bacteria.p_Bacteroidetes.c_Bacteroidia.o_Bacteroidales.f_Bacteroidaceae.g_Bacteroides.s_Bacteroides.thetaiotaomicron	4	3	3	4	7
k_Bacteria.p_Bacteroidetes.c_Bacteroidia.o_Bacteroidales.f_Bacteroidaceae.g_Bacteroides.s_Bacteroides.xylanisolvens	4	3	2	5	7
k_Bacteria.p_Bacteroidetes.c_Bacteroidia.o_Bacteroidales.f_Bacteroidaceae.g_Bacteroides.s_Unclassified.Bacteroides	6	1	2	5	7
k_Bacteria.p_Bacteroidetes.c_Bacteroidia.o_Bacteroidales.f_Bacteroidaceae.g_Unclassified.Bacteroidaceae.s_Unclassified.Bacteroidaceae	6	1	2	5	7
k_Bacteria.p_Bacteroidetes.c_Bacteroidia.o_Bacteroidales.f_Prevotellaceae.g_Prevotella.s_Prevotella.copri	4	3	4	3	7
k_Bacteria.p_Bacteroidetes.c_Bacteroidia.o_Bacteroidales.f_Prevotellaceae.g_Prevotella.s_Unclassified.Prevotella	2	5	3	4	7
k_Bacteria.p_Bacteroidetes.c_Bacteroidia.o_Bacteroidales.f_Rikenellaceae.g_Alistipes.s_Unclassified.Alistipes	5	2	2	5	7
k_Bacteria.p_Bacteroidetes.c_Bacteroidia.o_Bacteroidales.f_Tannerellaceae.g_Parabacteroides.s_Parabacteroides.distasonis	4	3	3	4	7
k_Bacteria.p_Bacteroidetes.c_Bacteroidia.o_Bacteroidales.f_Tannerellaceae.g_Parabacteroides.s_Parabacteroides.merdae	5	2	5	2	7
k_Bacteria.p_Bacteroidetes.c_Bacteroidia.o_Bacteroidales.f_Tannerellaceae.g_Parabacteroides.s_Unclassified.Parabacteroides	4	3	4	3	7
k_Bacteria.p_Bacteroidetes.c_Bacteroidia.o_Bacteroidales.f_Unclassified.Bacteroidales.g_Unclassified.Bacteroidales.s_Unclassified.Bacteroidales	5	2	3	4	7
k_Bacteria.p_Firmicutes.c_Bacilli.o_Bacillales.f_Bacillaceae.g_Bacillus.s_Unclassified.Bacillus	4	3	2	5	7
k_Bacteria.p_Firmicutes.c_Bacilli.o_Bacillales.f_Bacillaceae.g_Unclassified.Bacillaceae.s_Unclassified.Bacillaceae	4	3	1	6	7
k_Bacteria.p_Firmicutes.c_Bacilli.o_Bacillales.f_Unclassified.Bacillales.g_Unclassified.Bacillales.s_Unclassified.Bacillales	2	5	6	1	7
k_Bacteria.p_Firmicutes.c_Bacilli.o_Lactobacillales.f_Carnobacteriaceae.g_Granulicatella.s_Unclassified.Granulicatella	3	4	2	5	7
k_Bacteria.p_Firmicutes.c_Bacilli.o_Lactobacillales.f_Enterococcaceae.g_Enterococcus.s_Enterococcus.avium	2	5	4	3	7
k_Bacteria.p_Firmicutes.c_Bacilli.o_Lactobacillales.f_Enterococcaceae.g_Enterococcus.s_Enterococcus.casseliflavus	0	7	7	0	7
k_Bacteria.p_Firmicutes.c_Bacilli.o_Lactobacillales.f_Enterococcaceae.g_Enterococcus.s_Enterococcus.faecalis	3	4	4	3	7
k_Bacteria.p_Firmicutes.c_Bacilli.o_Lactobacillales.f_Enterococcaceae.g_Enterococcus.s_Enterococcus.faecium	1	6	5	2	7
k_Bacteria.p_Firmicutes.c_Bacilli.o_Lactobacillales.f_Enterococcaceae.g_Enterococcus.s_Enterococcus.gallinarum	3	4	5	2	7
k_Bacteria.p_Firmicutes.c_Bacilli.o_Lactobacillales.f_Enterococcaceae.g_Enterococcus.s_Enterococcus.raffinosus	3	4	6	1	7
k_Bacteria.p_Firmicutes.c_Bacilli.o_Lactobacillales.f_Enterococcaceae.g_Enterococcus.s_Enterococcus.sp.	4	3	3	4	7
k_Bacteria.p_Firmicutes.c_Bacilli.o_Lactobacillales.f_Enterococcaceae.g_Enterococcus.s_Unclassified.Enterococcus	2	5	5	2	7
k_Bacteria.p_Firmicutes.c_Bacilli.o_Lactobacillales.f_Lactobacillaceae.g_Lacticaseibacillus.s_Unclassified.Lacticaseibacillus	4	3	3	4	7
k_Bacteria.p_Firmicutes.c_Bacilli.o_Lactobacillales.f_Lactobacillaceae.g_Lactobacillus.s_Lactobacillus.sp.	4	3	1	6	7
k_Bacteria.p_Firmicutes.c_Bacilli.o_Lactobacillales.f_Lactobacillaceae.g_Lactobacillus.s_Unclassified.Lactobacillus	3	4	4	3	7
k_Bacteria.p_Firmicutes.c_Bacilli.o_Lactobacillales.f_Streptococcaceae.g_Lactococcus.s_Lactococcus.lactis	3	4	3	4	7
k_Bacteria.p_Firmicutes.c_Bacilli.o_Lactobacillales.f_Streptococcaceae.g_Lactococcus.s_Unclassified.Lactococcus	2	5	3	4	7
k_Bacteria.p_Firmicutes.c_Bacilli.o_Lactobacillales.f_Streptococcaceae.g_Streptococcus.s_Streptococcus.lactarius	2	5	4	3	7
k_Bacteria.p_Firmicutes.c_Bacilli.o_Lactobacillales.f_Streptococcaceae.g_Streptococcus.s_Streptococcus.mitis	2	5	2	5	7
k_Bacteria.p_Firmicutes.c_Bacilli.o_Lactobacillales.f_Streptococcaceae.g_Streptococcus.s_Streptococcus.parasanguinis	2	5	4	3	7
k_Bacteria.p_Firmicutes.c_Bacilli.o_Lactobacillales.f_Streptococcaceae.g_Streptococcus.s_Streptococcus.pneumoniae	3	4	1	6	7
k_Bacteria.p_Firmicutes.c_Bacilli.o_Lactobacillales.f_Streptococcaceae.g_Streptococcus.s_Streptococcus.salivarius	3	4	4	3	7
k_Bacteria.p_Firmicutes.c_Bacilli.o_Lactobacillales.f_Streptococcaceae.g_Streptococcus.s_Streptococcus.sp.	1	6	5	2	7
k_Bacteria.p_Firmicutes.c_Bacilli.o_Lactobacillales.f_Streptococcaceae.g_Streptococcus.s_Streptococcus.thermophilus	3	4	1	6	7
k_Bacteria.p_Firmicutes.c_Bacilli.o_Lactobacillales.f_Streptococcaceae.g_Streptococcus.s_Unclassified.Streptococcus	3	4	3	4	7
k_Bacteria.p_Firmicutes.c_Bacilli.o_Lactobacillales.f_Streptococcaceae.g_Unclassified.Streptococcaceae.s_Unclassified.Streptococcaceae	4	3	1	6	7
k_Bacteria.p_Firmicutes.c_Bacilli.o_Lactobacillales.f_Unclassified.Lactobacillales.g_Unclassified.Lactobacillales.s_Unclassified.Lactobacillales	1	6	4	3	7
k_Bacteria.p_Firmicutes.c_Bacilli.o_Unclassified.Bacilli.f_Unclassified.Bacilli.g_Unclassified.Bacilli.s_Unclassified.Bacilli	3	4	4	3	7
k_Bacteria.p_Firmicutes.c_Clostridia.o_Clostridia.bacterium..no.order.in.NCBI..f_Clostridia.bacterium..no.family.in.NCBI..g_Clostridia.bacterium..no.genus.in.NCBI..s_Clostridia.bacterium	5	2	0	7	7
k_Bacteria.p_Firmicutes.c_Clostridia.o_Eubacteriales.f_Clostridiaceae.g_Beduini.s_Unclassified.Beduini	4	3	1	6	7
k_Bacteria.p_Firmicutes.c_Clostridia.o_Eubacteriales.f_Clostridiaceae.g_Butyricicoccus.s_Unclassified.Butyricicoccus	2	5	0	7	7
k_Bacteria.p_Firmicutes.c_Clostridia.o_Eubacteriales.f_Clostridiaceae.g_Clostridiaceae.bacterium..no.genus.in.NCBI..s_Clostridiaceae.bacterium	4	3	2	5	7
k_Bacteria.p_Firmicutes.c_Clostridia.o_Eubacteriales.f_Clostridiaceae.g_Clostridium.s_Clostridium.butyricum	2	5	3	4	7
k_Bacteria.p_Firmicutes.c_Clostridia.o_Eubacteriales.f_Clostridiaceae.g_Clostridium.s_Clostridium.carnis	3	4	7	0	7
k_Bacteria.p_Firmicutes.c_Clostridia.o_Eubacteriales.f_Clostridiaceae.g_Clostridium.s_Clostridium.paraputrificum	4	3	4	3	7
k_Bacteria.p_Firmicutes.c_Clostridia.o_Eubacteriales.f_Clostridiaceae.g_Clostridium.s_Unclassified.Clostridium	4	3	2	5	7
k_Bacteria.p_Firmicutes.c_Clostridia.o_Eubacteriales.f_Clostridiaceae.g_Clostridium.s_.Clostridium..sp.	3	4	1	6	7
k_Bacteria.p_Firmicutes.c_Clostridia.o_Eubacteriales.f_Clostridiaceae.g_Hungatella.s_Hungatella.effluvii	4	3	0	7	7
k_Bacteria.p_Firmicutes.c_Clostridia.o_Eubacteriales.f_Clostridiaceae.g_Hungatella.s_Hungatella.hathewayi	3	4	3	4	7
k_Bacteria.p_Firmicutes.c_Clostridia.o_Eubacteriales.f_Clostridiaceae.g_Hungatella.s_Hungatella.sp.	5	2	5	2	7
k_Bacteria.p_Firmicutes.c_Clostridia.o_Eubacteriales.f_Clostridiaceae.g_Hungatella.s_Unclassified.Hungatella	4	3	5	2	7
k_Bacteria.p_Firmicutes.c_Clostridia.o_Eubacteriales.f_Clostridiaceae.g_Unclassified.Clostridiaceae.s_Unclassified.Clostridiaceae	4	3	3	4	7
k_Bacteria.p_Firmicutes.c_Clostridia.o_Eubacteriales.f_Clostridiales.Family.XIII..Incertae.Sedis.g_Mogibacterium.s_Unclassified.Mogibacterium	3	4	3	4	7
k_Bacteria.p_Firmicutes.c_Clostridia.o_Eubacteriales.f_Clostridiales.bacterium..no.family.in.NCBI..g_Clostridiales.bacterium..no.genus.in.NCBI..s_Clostridiales.bacterium	4	3	1	6	7
k_Bacteria.p_Firmicutes.c_Clostridia.o_Eubacteriales.f_Eubacteriaceae.g_Eubacterium.s_Eubacterium.callanderi	3	4	0	7	7
k_Bacteria.p_Firmicutes.c_Clostridia.o_Eubacteriales.f_Eubacteriaceae.g_Eubacterium.s_Eubacterium.limosum	3	4	4	3	7
k_Bacteria.p_Firmicutes.c_Clostridia.o_Eubacteriales.f_Eubacteriaceae.g_Eubacterium.s_Eubacterium.maltosivorans	3	4	1	6	7
k_Bacteria.p_Firmicutes.c_Clostridia.o_Eubacteriales.f_Eubacteriaceae.g_Eubacterium.s_Eubacterium.ramulus	3	4	0	7	7
k_Bacteria.p_Firmicutes.c_Clostridia.o_Eubacteriales.f_Eubacteriaceae.g_Eubacterium.s_Eubacterium.sp.	5	2	2	5	7
k_Bacteria.p_Firmicutes.c_Clostridia.o_Eubacteriales.f_Eubacteriaceae.g_Eubacterium.s_Unclassified.Eubacterium	4	3	1	6	7
k_Bacteria.p_Firmicutes.c_Clostridia.o_Eubacteriales.f_Evtepia..no.family.in.NCBI..g_Evtepia.s_Unclassified.Evtepia	3	4	2	5	7
k_Bacteria.p_Firmicutes.c_Clostridia.o_Eubacteriales.f_Flintibacter..no.family.in.NCBI..g_Flintibacter.s_Unclassified.Flintibacter	4	3	2	5	7
k_Bacteria.p_Firmicutes.c_Clostridia.o_Eubacteriales.f_Intestinimonas..no.family.in.NCBI..g_Intestinimonas.s_Intestinimonas.butyriciproducens	5	2	1	6	7
k_Bacteria.p_Firmicutes.c_Clostridia.o_Eubacteriales.f_Intestinimonas..no.family.in.NCBI..g_Intestinimonas.s_Intestinimonas.timonensis	4	3	2	5	7
k_Bacteria.p_Firmicutes.c_Clostridia.o_Eubacteriales.f_Intestinimonas..no.family.in.NCBI..g_Intestinimonas.s_Unclassified.Intestinimonas	2	5	2	5	7
k_Bacteria.p_Firmicutes.c_Clostridia.o_Eubacteriales.f_Lachnospiraceae.g_Anaerobutyricum.s_Anaerobutyricum.hallii	3	4	0	7	7
k_Bacteria.p_Firmicutes.c_Clostridia.o_Eubacteriales.f_Lachnospiraceae.g_Anaerobutyricum.s_Unclassified.Anaerobutyricum	5	2	4	3	7
k_Bacteria.p_Firmicutes.c_Clostridia.o_Eubacteriales.f_Lachnospiraceae.g_Anaerostipes.s_Anaerostipes.caccae	4	3	3	4	7
k_Bacteria.p_Firmicutes.c_Clostridia.o_Eubacteriales.f_Lachnospiraceae.g_Anaerostipes.s_Anaerostipes.hadrus	5	2	1	6	7
k_Bacteria.p_Firmicutes.c_Clostridia.o_Eubacteriales.f_Lachnospiraceae.g_Anaerostipes.s_Anaerostipes.sp.	4	3	4	3	7
k_Bacteria.p_Firmicutes.c_Clostridia.o_Eubacteriales.f_Lachnospiraceae.g_Anaerostipes.s_Unclassified.Anaerostipes	5	2	1	6	7
k_Bacteria.p_Firmicutes.c_Clostridia.o_Eubacteriales.f_Lachnospiraceae.g_Anaerotignum.s_Anaerotignum.lactatifermentans	1	6	1	6	7
k_Bacteria.p_Firmicutes.c_Clostridia.o_Eubacteriales.f_Lachnospiraceae.g_Blautia.s_Blautia.argi	3	4	2	5	7
k_Bacteria.p_Firmicutes.c_Clostridia.o_Eubacteriales.f_Lachnospiraceae.g_Blautia.s_Blautia.caecimuris	3	4	1	6	7
k_Bacteria.p_Firmicutes.c_Clostridia.o_Eubacteriales.f_Lachnospiraceae.g_Blautia.s_Blautia.faecis	4	3	1	6	7
k_Bacteria.p_Firmicutes.c_Clostridia.o_Eubacteriales.f_Lachnospiraceae.g_Blautia.s_Blautia.glucerasea	4	3	3	4	7
k_Bacteria.p_Firmicutes.c_Clostridia.o_Eubacteriales.f_Lachnospiraceae.g_Blautia.s_Blautia.hansenii	3	4	2	5	7
k_Bacteria.p_Firmicutes.c_Clostridia.o_Eubacteriales.f_Lachnospiraceae.g_Blautia.s_Blautia.luti	3	4	0	7	7
k_Bacteria.p_Firmicutes.c_Clostridia.o_Eubacteriales.f_Lachnospiraceae.g_Blautia.s_Blautia.marasmi	4	3	2	5	7
k_Bacteria.p_Firmicutes.c_Clostridia.o_Eubacteriales.f_Lachnospiraceae.g_Blautia.s_Blautia.obeum	4	3	3	4	7
k_Bacteria.p_Firmicutes.c_Clostridia.o_Eubacteriales.f_Lachnospiraceae.g_Blautia.s_Blautia.producta	3	4	2	5	7
k_Bacteria.p_Firmicutes.c_Clostridia.o_Eubacteriales.f_Lachnospiraceae.g_Blautia.s_Blautia.sp.	4	3	1	6	7
k_Bacteria.p_Firmicutes.c_Clostridia.o_Eubacteriales.f_Lachnospiraceae.g_Blautia.s_Blautia.wexlerae	2	5	1	6	7
k_Bacteria.p_Firmicutes.c_Clostridia.o_Eubacteriales.f_Lachnospiraceae.g_Blautia.s_Unclassified.Blautia	4	3	1	6	7
k_Bacteria.p_Firmicutes.c_Clostridia.o_Eubacteriales.f_Lachnospiraceae.g_Coprococcus.s_Coprococcus.comes	3	4	1	6	7
k_Bacteria.p_Firmicutes.c_Clostridia.o_Eubacteriales.f_Lachnospiraceae.g_Coprococcus.s_Coprococcus.phoceensis	5	2	3	4	7
k_Bacteria.p_Firmicutes.c_Clostridia.o_Eubacteriales.f_Lachnospiraceae.g_Coprococcus.s_Coprococcus.sp.	3	4	2	5	7
k_Bacteria.p_Firmicutes.c_Clostridia.o_Eubacteriales.f_Lachnospiraceae.g_Coprococcus.s_Unclassified.Coprococcus	4	3	4	3	7
k_Bacteria.p_Firmicutes.c_Clostridia.o_Eubacteriales.f_Lachnospiraceae.g_Dorea.s_Dorea.formicigenerans	3	4	2	5	7
k_Bacteria.p_Firmicutes.c_Clostridia.o_Eubacteriales.f_Lachnospiraceae.g_Dorea.s_Dorea.longicatena	3	4	2	5	7
k_Bacteria.p_Firmicutes.c_Clostridia.o_Eubacteriales.f_Lachnospiraceae.g_Dorea.s_Dorea.sp.	4	3	0	7	7
k_Bacteria.p_Firmicutes.c_Clostridia.o_Eubacteriales.f_Lachnospiraceae.g_Dorea.s_Unclassified.Dorea	4	3	1	6	7
k_Bacteria.p_Firmicutes.c_Clostridia.o_Eubacteriales.f_Lachnospiraceae.g_Eisenbergiella.s_Eisenbergiella.massiliensis	5	2	2	5	7
k_Bacteria.p_Firmicutes.c_Clostridia.o_Eubacteriales.f_Lachnospiraceae.g_Eisenbergiella.s_Eisenbergiella.sp.	3	4	3	4	7
k_Bacteria.p_Firmicutes.c_Clostridia.o_Eubacteriales.f_Lachnospiraceae.g_Eisenbergiella.s_Unclassified.Eisenbergiella	4	3	3	4	7
k_Bacteria.p_Firmicutes.c_Clostridia.o_Eubacteriales.f_Lachnospiraceae.g_Enterocloster.s_Enterocloster.aldenensis	2	5	6	1	7
k_Bacteria.p_Firmicutes.c_Clostridia.o_Eubacteriales.f_Lachnospiraceae.g_Enterocloster.s_Enterocloster.bolteae	6	1	2	5	7
k_Bacteria.p_Firmicutes.c_Clostridia.o_Eubacteriales.f_Lachnospiraceae.g_Enterocloster.s_Enterocloster.citroniae	3	4	3	4	7
k_Bacteria.p_Firmicutes.c_Clostridia.o_Eubacteriales.f_Lachnospiraceae.g_Enterocloster.s_Enterocloster.clostridioformis	5	2	2	5	7
k_Bacteria.p_Firmicutes.c_Clostridia.o_Eubacteriales.f_Lachnospiraceae.g_Enterocloster.s_Enterocloster.lavalensis	3	4	5	2	7
k_Bacteria.p_Firmicutes.c_Clostridia.o_Eubacteriales.f_Lachnospiraceae.g_Enterocloster.s_Unclassified.Enterocloster	5	2	3	4	7
k_Bacteria.p_Firmicutes.c_Clostridia.o_Eubacteriales.f_Lachnospiraceae.g_Faecalicatena.s_Faecalicatena.fissicatena	4	3	1	6	7
k_Bacteria.p_Firmicutes.c_Clostridia.o_Eubacteriales.f_Lachnospiraceae.g_Faecalimonas.s_Faecalimonas.umbilicata	1	6	3	4	7
k_Bacteria.p_Firmicutes.c_Clostridia.o_Eubacteriales.f_Lachnospiraceae.g_Faecalimonas.s_Unclassified.Faecalimonas	2	5	3	4	7
k_Bacteria.p_Firmicutes.c_Clostridia.o_Eubacteriales.f_Lachnospiraceae.g_Fusicatenibacter.s_Unclassified.Fusicatenibacter	3	4	1	6	7
k_Bacteria.p_Firmicutes.c_Clostridia.o_Eubacteriales.f_Lachnospiraceae.g_Lachnoclostridium.s_Lachnoclostridium.sp.	3	4	1	6	7
k_Bacteria.p_Firmicutes.c_Clostridia.o_Eubacteriales.f_Lachnospiraceae.g_Lachnoclostridium.s_Unclassified.Lachnoclostridium	3	4	1	6	7
k_Bacteria.p_Firmicutes.c_Clostridia.o_Eubacteriales.f_Lachnospiraceae.g_Lachnospira.s_Lachnospira.eligens	3	4	1	6	7
k_Bacteria.p_Firmicutes.c_Clostridia.o_Eubacteriales.f_Lachnospiraceae.g_Lachnospiraceae.bacterium..no.genus.in.NCBI..s_Lachnospiraceae.bacterium	4	3	4	3	7
k_Bacteria.p_Firmicutes.c_Clostridia.o_Eubacteriales.f_Lachnospiraceae.g_Mediterraneibacter.s_Mediterraneibacter.glycyrrhizinilyticus	5	2	2	5	7
k_Bacteria.p_Firmicutes.c_Clostridia.o_Eubacteriales.f_Lachnospiraceae.g_Mediterraneibacter.s_Unclassified.Mediterraneibacter	6	1	1	6	7
k_Bacteria.p_Firmicutes.c_Clostridia.o_Eubacteriales.f_Lachnospiraceae.g_Roseburia.s_Roseburia.faecis	3	4	2	5	7
k_Bacteria.p_Firmicutes.c_Clostridia.o_Eubacteriales.f_Lachnospiraceae.g_Roseburia.s_Roseburia.hominis	4	3	1	6	7
k_Bacteria.p_Firmicutes.c_Clostridia.o_Eubacteriales.f_Lachnospiraceae.g_Roseburia.s_Roseburia.intestinalis	4	3	0	7	7
k_Bacteria.p_Firmicutes.c_Clostridia.o_Eubacteriales.f_Lachnospiraceae.g_Roseburia.s_Roseburia.inulinivorans	4	3	1	6	7
k_Bacteria.p_Firmicutes.c_Clostridia.o_Eubacteriales.f_Lachnospiraceae.g_Roseburia.s_Unclassified.Roseburia	2	5	1	6	7
k_Bacteria.p_Firmicutes.c_Clostridia.o_Eubacteriales.f_Lachnospiraceae.g_Sellimonas.s_Sellimonas.intestinalis	5	2	1	6	7
k_Bacteria.p_Firmicutes.c_Clostridia.o_Eubacteriales.f_Lachnospiraceae.g_Tyzzerella.s_Tyzzerella.nexilis	4	3	4	3	7
k_Bacteria.p_Firmicutes.c_Clostridia.o_Eubacteriales.f_Lachnospiraceae.g_Tyzzerella.s_Unclassified.Tyzzerella	1	6	1	6	7
k_Bacteria.p_Firmicutes.c_Clostridia.o_Eubacteriales.f_Lachnospiraceae.g_Unclassified.Lachnospiraceae.s_Unclassified.Lachnospiraceae	3	4	1	6	7
k_Bacteria.p_Firmicutes.c_Clostridia.o_Eubacteriales.f_Lawsonibacter..no.family.in.NCBI..g_Lawsonibacter.s_Lawsonibacter.asaccharolyticus	4	3	2	5	7
k_Bacteria.p_Firmicutes.c_Clostridia.o_Eubacteriales.f_Oscillospiraceae.g_Agathobaculum.s_Agathobaculum.desmolans	5	2	0	7	7
k_Bacteria.p_Firmicutes.c_Clostridia.o_Eubacteriales.f_Oscillospiraceae.g_Agathobaculum.s_Unclassified.Agathobaculum	4	3	1	6	7
k_Bacteria.p_Firmicutes.c_Clostridia.o_Eubacteriales.f_Oscillospiraceae.g_Anaeromassilibacillus.s_Unclassified.Anaeromassilibacillus	4	3	0	7	7
k_Bacteria.p_Firmicutes.c_Clostridia.o_Eubacteriales.f_Oscillospiraceae.g_Anaerotruncus.s_Anaerotruncus.colihominis	4	3	2	5	7
k_Bacteria.p_Firmicutes.c_Clostridia.o_Eubacteriales.f_Oscillospiraceae.g_Anaerotruncus.s_Unclassified.Anaerotruncus	3	4	4	3	7
k_Bacteria.p_Firmicutes.c_Clostridia.o_Eubacteriales.f_Oscillospiraceae.g_Dysosmobacter.s_Dysosmobacter.sp.	5	2	3	4	7
k_Bacteria.p_Firmicutes.c_Clostridia.o_Eubacteriales.f_Oscillospiraceae.g_Faecalibacterium.s_Faecalibacterium.prausnitzii	4	3	3	4	7
k_Bacteria.p_Firmicutes.c_Clostridia.o_Eubacteriales.f_Oscillospiraceae.g_Faecalibacterium.s_Unclassified.Faecalibacterium	4	3	0	7	7
k_Bacteria.p_Firmicutes.c_Clostridia.o_Eubacteriales.f_Oscillospiraceae.g_Flavonifractor.s_Flavonifractor.plautii	1	6	4	3	7
k_Bacteria.p_Firmicutes.c_Clostridia.o_Eubacteriales.f_Oscillospiraceae.g_Flavonifractor.s_Flavonifractor.sp.	5	2	5	2	7
k_Bacteria.p_Firmicutes.c_Clostridia.o_Eubacteriales.f_Oscillospiraceae.g_Flavonifractor.s_Unclassified.Flavonifractor	5	2	6	1	7
k_Bacteria.p_Firmicutes.c_Clostridia.o_Eubacteriales.f_Oscillospiraceae.g_Hydrogeniiclostidium.s_Unclassified.Hydrogeniiclostidium	4	3	0	7	7
k_Bacteria.p_Firmicutes.c_Clostridia.o_Eubacteriales.f_Oscillospiraceae.g_Oscillibacter.s_Unclassified.Oscillibacter	5	2	2	5	7
k_Bacteria.p_Firmicutes.c_Clostridia.o_Eubacteriales.f_Oscillospiraceae.g_Oscillospiraceae.bacterium..no.genus.in.NCBI..s_Oscillospiraceae.bacterium	4	3	1	6	7
k_Bacteria.p_Firmicutes.c_Clostridia.o_Eubacteriales.f_Oscillospiraceae.g_Pseudoflavonifractor.s_Pseudoflavonifractor.sp.	3	4	2	5	7
k_Bacteria.p_Firmicutes.c_Clostridia.o_Eubacteriales.f_Oscillospiraceae.g_Pseudoflavonifractor.s_Unclassified.Pseudoflavonifractor	4	3	3	4	7
k_Bacteria.p_Firmicutes.c_Clostridia.o_Eubacteriales.f_Oscillospiraceae.g_Ruminococcus.s_Ruminococcus.sp.	1	6	4	3	7
k_Bacteria.p_Firmicutes.c_Clostridia.o_Eubacteriales.f_Oscillospiraceae.g_Ruminococcus.s_Unclassified.Ruminococcus	2	5	3	4	7
k_Bacteria.p_Firmicutes.c_Clostridia.o_Eubacteriales.f_Oscillospiraceae.g_Ruthenibacterium.s_Ruthenibacterium.lactatiformans	5	2	2	5	7
k_Bacteria.p_Firmicutes.c_Clostridia.o_Eubacteriales.f_Oscillospiraceae.g_Ruthenibacterium.s_Unclassified.Ruthenibacterium	2	5	4	3	7
k_Bacteria.p_Firmicutes.c_Clostridia.o_Eubacteriales.f_Oscillospiraceae.g_Subdoligranulum.s_Subdoligranulum.variabile	3	4	1	6	7
k_Bacteria.p_Firmicutes.c_Clostridia.o_Eubacteriales.f_Oscillospiraceae.g_Unclassified.Oscillospiraceae.s_Unclassified.Oscillospiraceae	3	4	1	6	7
k_Bacteria.p_Firmicutes.c_Clostridia.o_Eubacteriales.f_Peptostreptococcaceae.g_Clostridioides.s_Clostridioides.difficile	3	4	6	1	7
k_Bacteria.p_Firmicutes.c_Clostridia.o_Eubacteriales.f_Peptostreptococcaceae.g_Clostridioides.s_Unclassified.Clostridioides	4	3	3	4	7
k_Bacteria.p_Firmicutes.c_Clostridia.o_Eubacteriales.f_Peptostreptococcaceae.g_Intestinibacter.s_Intestinibacter.bartlettii	3	4	1	6	7
k_Bacteria.p_Firmicutes.c_Clostridia.o_Eubacteriales.f_Peptostreptococcaceae.g_Intestinibacter.s_Unclassified.Intestinibacter	5	2	1	6	7
k_Bacteria.p_Firmicutes.c_Clostridia.o_Eubacteriales.f_Peptostreptococcaceae.g_Romboutsia.s_Romboutsia.timonensis	3	4	1	6	7
k_Bacteria.p_Firmicutes.c_Clostridia.o_Eubacteriales.f_Peptostreptococcaceae.g_Romboutsia.s_Unclassified.Romboutsia	4	3	0	7	7
k_Bacteria.p_Firmicutes.c_Clostridia.o_Eubacteriales.f_Peptostreptococcaceae.g_Terrisporobacter.s_Unclassified.Terrisporobacter	2	5	1	6	7
k_Bacteria.p_Firmicutes.c_Clostridia.o_Eubacteriales.f_Peptostreptococcaceae.g_Unclassified.Peptostreptococcaceae.s_Unclassified.Peptostreptococcaceae	3	4	0	7	7
k_Bacteria.p_Firmicutes.c_Clostridia.o_Eubacteriales.f_Unclassified.Eubacteriales.g_Unclassified.Eubacteriales.s_Unclassified.Eubacteriales	3	4	2	5	7
k_Bacteria.p_Firmicutes.c_Clostridia.o_Unclassified.Clostridia.f_Unclassified.Clostridia.g_Unclassified.Clostridia.s_Unclassified.Clostridia	3	4	2	5	7
k_Bacteria.p_Firmicutes.c_Erysipelotrichia.o_Erysipelotrichales.f_Coprobacillaceae.g_Catenibacterium.s_Catenibacterium.sp.	2	5	4	3	7
k_Bacteria.p_Firmicutes.c_Erysipelotrichia.o_Erysipelotrichales.f_Coprobacillaceae.g_Catenibacterium.s_Unclassified.Catenibacterium	2	5	2	5	7
k_Bacteria.p_Firmicutes.c_Erysipelotrichia.o_Erysipelotrichales.f_Coprobacillaceae.g_Coprobacillus.s_Coprobacillus.cateniformis	4	3	3	4	7
k_Bacteria.p_Firmicutes.c_Erysipelotrichia.o_Erysipelotrichales.f_Coprobacillaceae.g_Coprobacillus.s_Coprobacillus.sp.	3	4	1	6	7
k_Bacteria.p_Firmicutes.c_Erysipelotrichia.o_Erysipelotrichales.f_Coprobacillaceae.g_Coprobacillus.s_Unclassified.Coprobacillus	4	3	1	6	7
k_Bacteria.p_Firmicutes.c_Erysipelotrichia.o_Erysipelotrichales.f_Erysipelotrichaceae.g_Erysipelatoclostridium.s_Erysipelatoclostridium.ramosum	3	4	4	3	7
k_Bacteria.p_Firmicutes.c_Erysipelotrichia.o_Erysipelotrichales.f_Erysipelotrichaceae.g_Erysipelatoclostridium.s_Unclassified.Erysipelatoclostridium	3	4	4	3	7
k_Bacteria.p_Firmicutes.c_Erysipelotrichia.o_Erysipelotrichales.f_Erysipelotrichaceae.g_Erysipelotrichaceae.bacterium..no.genus.in.NCBI..s_Erysipelotrichaceae.bacterium	3	4	3	4	7
k_Bacteria.p_Firmicutes.c_Erysipelotrichia.o_Erysipelotrichales.f_Erysipelotrichaceae.g_Faecalitalea.s_Faecalitalea.cylindroides	2	5	5	2	7
k_Bacteria.p_Firmicutes.c_Erysipelotrichia.o_Erysipelotrichales.f_Erysipelotrichaceae.g_Holdemanella.s_Holdemanella.biformis	2	5	1	6	7
k_Bacteria.p_Firmicutes.c_Erysipelotrichia.o_Erysipelotrichales.f_Erysipelotrichaceae.g_Holdemanella.s_Unclassified.Holdemanella	1	6	1	6	7
k_Bacteria.p_Firmicutes.c_Erysipelotrichia.o_Erysipelotrichales.f_Erysipelotrichaceae.g_Holdemania.s_Holdemania.massiliensis	5	2	3	4	7
k_Bacteria.p_Firmicutes.c_Erysipelotrichia.o_Erysipelotrichales.f_Erysipelotrichaceae.g_Holdemania.s_Unclassified.Holdemania	4	3	3	4	7
k_Bacteria.p_Firmicutes.c_Erysipelotrichia.o_Erysipelotrichales.f_Erysipelotrichaceae.g_Massilimicrobiota.s_Massilimicrobiota.timonensis	4	3	7	0	7
k_Bacteria.p_Firmicutes.c_Erysipelotrichia.o_Erysipelotrichales.f_Erysipelotrichaceae.g_Massilimicrobiota.s_Unclassified.Massilimicrobiota	3	4	0	7	7
k_Bacteria.p_Firmicutes.c_Erysipelotrichia.o_Erysipelotrichales.f_Erysipelotrichaceae.g_Unclassified.Erysipelotrichaceae.s_Unclassified.Erysipelotrichaceae	2	5	1	6	7
k_Bacteria.p_Firmicutes.c_Erysipelotrichia.o_Erysipelotrichales.f_Unclassified.Erysipelotrichales.g_Unclassified.Erysipelotrichales.s_Unclassified.Erysipelotrichales	3	4	1	6	7
k_Bacteria.p_Firmicutes.c_Firmicutes.bacterium..no.class.in.NCBI..o_Firmicutes.bacterium..no.order.in.NCBI..f_Firmicutes.bacterium..no.family.in.NCBI..g_Firmicutes.bacterium..no.genus.in.NCBI..s_Firmicutes.bacterium	3	4	2	5	7
k_Bacteria.p_Firmicutes.c_Negativicutes.o_Acidaminococcales.f_Acidaminococcaceae.g_Phascolarctobacterium.s_Phascolarctobacterium.sp.	4	3	6	1	7
k_Bacteria.p_Firmicutes.c_Negativicutes.o_Selenomonadales.f_Selenomonadaceae.g_Megamonas.s_Unclassified.Megamonas	4	3	2	5	7
k_Bacteria.p_Firmicutes.c_Negativicutes.o_Veillonellales.f_Veillonellaceae.g_Dialister.s_Dialister.sp.	1	6	3	4	7
k_Bacteria.p_Firmicutes.c_Negativicutes.o_Veillonellales.f_Veillonellaceae.g_Megasphaera.s_Unclassified.Megasphaera	5	2	2	5	7
k_Bacteria.p_Firmicutes.c_Negativicutes.o_Veillonellales.f_Veillonellaceae.g_Veillonella.s_Unclassified.Veillonella	3	4	3	4	7
k_Bacteria.p_Firmicutes.c_Negativicutes.o_Veillonellales.f_Veillonellaceae.g_Veillonella.s_Veillonella.parvula	4	3	3	4	7
k_Bacteria.p_Firmicutes.c_Negativicutes.o_Veillonellales.f_Veillonellaceae.g_Veillonella.s_Veillonella.seminalis	5	2	2	5	7
k_Bacteria.p_Firmicutes.c_Negativicutes.o_Veillonellales.f_Veillonellaceae.g_Veillonella.s_Veillonella.sp.	2	5	2	5	7
k_Bacteria.p_Firmicutes.c_Unclassified.Firmicutes.o_Unclassified.Firmicutes.f_Unclassified.Firmicutes.g_Unclassified.Firmicutes.s_Unclassified.Firmicutes	4	3	2	5	7
k_Bacteria.p_Proteobacteria.c_Betaproteobacteria.o_Burkholderiales.f_Sutterellaceae.g_Sutterella.s_Unclassified.Sutterella	2	5	4	3	7
k_Bacteria.p_Proteobacteria.c_Epsilonproteobacteria.o_Campylobacterales.f_Campylobacteraceae.g_Campylobacter.s_Unclassified.Campylobacter	3	4	2	5	7
k_Bacteria.p_Proteobacteria.c_Gammaproteobacteria.o_Enterobacterales.f_Enterobacteriaceae.g_Citrobacter.s_Citrobacter.freundii	3	4	4	3	7
k_Bacteria.p_Proteobacteria.c_Gammaproteobacteria.o_Enterobacterales.f_Enterobacteriaceae.g_Citrobacter.s_Unclassified.Citrobacter	2	5	5	2	7
k_Bacteria.p_Proteobacteria.c_Gammaproteobacteria.o_Enterobacterales.f_Enterobacteriaceae.g_Enterobacter.s_Enterobacter.asburiae	2	5	5	2	7
k_Bacteria.p_Proteobacteria.c_Gammaproteobacteria.o_Enterobacterales.f_Enterobacteriaceae.g_Enterobacter.s_Enterobacter.cloacae	1	6	7	0	7
k_Bacteria.p_Proteobacteria.c_Gammaproteobacteria.o_Enterobacterales.f_Enterobacteriaceae.g_Enterobacter.s_Enterobacter.hormaechei	4	3	3	4	7
k_Bacteria.p_Proteobacteria.c_Gammaproteobacteria.o_Enterobacterales.f_Enterobacteriaceae.g_Enterobacter.s_Enterobacter.roggenkampii	2	5	3	4	7
k_Bacteria.p_Proteobacteria.c_Gammaproteobacteria.o_Enterobacterales.f_Enterobacteriaceae.g_Enterobacter.s_Unclassified.Enterobacter	2	5	6	1	7
k_Bacteria.p_Proteobacteria.c_Gammaproteobacteria.o_Enterobacterales.f_Enterobacteriaceae.g_Escherichia.s_Escherichia.coli	3	4	5	2	7
k_Bacteria.p_Proteobacteria.c_Gammaproteobacteria.o_Enterobacterales.f_Enterobacteriaceae.g_Escherichia.s_Unclassified.Escherichia	1	6	5	2	7
k_Bacteria.p_Proteobacteria.c_Gammaproteobacteria.o_Enterobacterales.f_Enterobacteriaceae.g_Klebsiella.s_Klebsiella.grimontii	1	6	7	0	7
k_Bacteria.p_Proteobacteria.c_Gammaproteobacteria.o_Enterobacterales.f_Enterobacteriaceae.g_Klebsiella.s_Klebsiella.michiganensis	2	5	5	2	7
k_Bacteria.p_Proteobacteria.c_Gammaproteobacteria.o_Enterobacterales.f_Enterobacteriaceae.g_Klebsiella.s_Klebsiella.oxytoca	5	2	5	2	7
k_Bacteria.p_Proteobacteria.c_Gammaproteobacteria.o_Enterobacterales.f_Enterobacteriaceae.g_Klebsiella.s_Klebsiella.pneumoniae	2	5	7	0	7
k_Bacteria.p_Proteobacteria.c_Gammaproteobacteria.o_Enterobacterales.f_Enterobacteriaceae.g_Klebsiella.s_Klebsiella.variicola	2	5	5	2	7
k_Bacteria.p_Proteobacteria.c_Gammaproteobacteria.o_Enterobacterales.f_Enterobacteriaceae.g_Klebsiella.s_Unclassified.Klebsiella	3	4	6	1	7
k_Bacteria.p_Proteobacteria.c_Gammaproteobacteria.o_Enterobacterales.f_Enterobacteriaceae.g_Salmonella.enterica..no.genus.in.NCBI..s_Salmonella.enterica	0	7	3	4	7
k_Bacteria.p_Proteobacteria.c_Gammaproteobacteria.o_Enterobacterales.f_Enterobacteriaceae.g_Shigella.s_Unclassified.Shigella	3	4	6	1	7
k_Bacteria.p_Proteobacteria.c_Gammaproteobacteria.o_Enterobacterales.f_Enterobacteriaceae.g_Unclassified.Enterobacteriaceae.s_Unclassified.Enterobacteriaceae	4	3	5	2	7
k_Bacteria.p_Proteobacteria.c_Gammaproteobacteria.o_Enterobacterales.f_Unclassified.Enterobacterales.g_Unclassified.Enterobacterales.s_Unclassified.Enterobacterales	3	4	6	1	7
k_Bacteria.p_Proteobacteria.c_Gammaproteobacteria.o_Pasteurellales.f_Pasteurellaceae.g_Haemophilus.s_Haemophilus.parainfluenzae	4	3	1	6	7
k_Bacteria.p_Proteobacteria.c_Gammaproteobacteria.o_Pasteurellales.f_Pasteurellaceae.g_Haemophilus.s_Unclassified.Haemophilus	4	3	4	3	7
k_Bacteria.p_Proteobacteria.c_Gammaproteobacteria.o_Pasteurellales.f_Pasteurellaceae.g_Unclassified.Pasteurellaceae.s_Unclassified.Pasteurellaceae	3	4	3	4	7
k_Bacteria.p_Proteobacteria.c_Gammaproteobacteria.o_Pseudomonadales.f_Moraxellaceae.g_Acinetobacter.s_Acinetobacter.baumannii	3	4	3	4	7
k_Bacteria.p_Proteobacteria.c_Gammaproteobacteria.o_Pseudomonadales.f_Pseudomonadaceae.g_Pseudomonas.s_Pseudomonas.aeruginosa	2	5	4	3	7
k_Bacteria.p_Proteobacteria.c_Gammaproteobacteria.o_Unclassified.Gammaproteobacteria.f_Unclassified.Gammaproteobacteria.g_Unclassified.Gammaproteobacteria.s_Unclassified.Gammaproteobacteria	2	5	5	2	7
k_Bacteria.p_Proteobacteria.c_Unclassified.Proteobacteria.o_Unclassified.Proteobacteria.f_Unclassified.Proteobacteria.g_Unclassified.Proteobacteria.s_Unclassified.Proteobacteria	2	5	4	3	7
k_Bacteria.p_Unclassified.Bacteria.c_Unclassified.Bacteria.o_Unclassified.Bacteria.f_Unclassified.Bacteria.g_Unclassified.Bacteria.s_Unclassified.Bacteria	3	4	2	5	7
k_Bacteria.p_Verrucomicrobia.c_Unclassified.Verrucomicrobia.o_Unclassified.Verrucomicrobia.f_Unclassified.Verrucomicrobia.g_Unclassified.Verrucomicrobia.s_Unclassified.Verrucomicrobia	2	5	2	5	7
k_Bacteria.p_Verrucomicrobia.c_Verrucomicrobiae.o_Verrucomicrobiales.f_Akkermansiaceae.g_Akkermansia.s_Akkermansia.muciniphila	4	3	3	4	7
k_Bacteria.p_Verrucomicrobia.c_Verrucomicrobiae.o_Verrucomicrobiales.f_Akkermansiaceae.g_Akkermansia.s_Akkermansia.sp.	1	6	2	5	7
k_Bacteria.p_Verrucomicrobia.c_Verrucomicrobiae.o_Verrucomicrobiales.f_Akkermansiaceae.g_Akkermansia.s_Unclassified.Akkermansia	3	4	4	3	7
k_Bacteria.p_Verrucomicrobia.c_Verrucomicrobiae.o_Verrucomicrobiales.f_Akkermansiaceae.g_Unclassified.Akkermansiaceae.s_Unclassified.Akkermansiaceae	4	3	6	1	7
k_Bacteria.p_bacterium.1xD42.87..no.phylum.in.NCBI..c_bacterium.1xD42.87..no.class.in.NCBI..o_bacterium.1xD42.87..no.order.in.NCBI..f_bacterium.1xD42.87..no.family.in.NCBI..g_bacterium.1xD42.87..no.genus.in.NCBI..s_bacterium.1xD42.87	3	4	4	3	7
k_Eukaryota.p_Streptophyta.c_Magnoliopsida.o_Unclassified.Magnoliopsida.f_Unclassified.Magnoliopsida.g_Unclassified.Magnoliopsida.s_Unclassified.Magnoliopsida	1	6	4	3	7
k_Viruses.p_Uroviricota.c_Caudoviricetes.o_Caudovirales.f_Siphoviridae.g_Moineauvirus.s_Unclassified.Moineauvirus	5	2	5	2	7
k_Bacteria.p_Actinobacteria.c_Actinomycetia.o_Bifidobacteriales.f_Bifidobacteriaceae.g_Bifidobacterium.s_Bifidobacterium.pseudolongum	3	4	6	1	7
k_Bacteria.p_Actinobacteria.c_Actinomycetia.o_Propionibacteriales.f_Propionibacteriaceae.g_Propionibacterium.s_Unclassified.Propionibacterium	3	4	1	6	7
k_Bacteria.p_Actinobacteria.c_Coriobacteriia.o_Coriobacteriales.f_Atopobiaceae.g_Atopobium.s_Atopobium.sp.	2	5	5	2	7
k_Bacteria.p_Actinobacteria.c_Coriobacteriia.o_Coriobacteriales.f_Coriobacteriaceae.g_Collinsella.s_Collinsella.aerofaciens	2	5	1	6	7
k_Bacteria.p_Actinobacteria.c_Coriobacteriia.o_Coriobacteriales.f_Coriobacteriaceae.g_Collinsella.s_Collinsella.sp.	4	3	2	5	7
k_Bacteria.p_Actinobacteria.c_Coriobacteriia.o_Coriobacteriales.f_Coriobacteriaceae.g_Collinsella.s_Collinsella.stercoris	4	3	2	5	7
k_Bacteria.p_Actinobacteria.c_Coriobacteriia.o_Eggerthellales.f_Eggerthellaceae.g_Adlercreutzia.s_Adlercreutzia.equolifaciens	3	4	3	4	7
k_Bacteria.p_Actinobacteria.c_Coriobacteriia.o_Eggerthellales.f_Eggerthellaceae.g_Gordonibacter.s_Gordonibacter.urolithinfaciens	4	3	0	7	7
k_Bacteria.p_Actinobacteria.c_Coriobacteriia.o_Eggerthellales.f_Eggerthellaceae.g_Gordonibacter.s_Unclassified.Gordonibacter	3	4	0	7	7
k_Bacteria.p_Actinobacteria.c_Coriobacteriia.o_Eggerthellales.f_Eggerthellaceae.g_Slackia.s_Unclassified.Slackia	2	5	2	5	7
k_Bacteria.p_Bacteroidetes.c_Bacteroidia.o_Bacteroidales.f_Bacteroidaceae.g_Bacteroides.s_Bacteroides.sp.	5	2	4	3	7
k_Bacteria.p_Bacteroidetes.c_Bacteroidia.o_Bacteroidales.f_Bacteroidaceae.g_Bacteroides.s_Bacteroides.uniformis	6	1	0	7	7
k_Bacteria.p_Bacteroidetes.c_Bacteroidia.o_Bacteroidales.f_Barnesiellaceae.g_Barnesiella.s_Barnesiella.intestinihominis	5	2	3	4	7
k_Bacteria.p_Bacteroidetes.c_Bacteroidia.o_Bacteroidales.f_Phocaeicola..no.family.in.NCBI..g_Phocaeicola.s_Phocaeicola.massiliensis	4	3	2	5	7
k_Bacteria.p_Bacteroidetes.c_Bacteroidia.o_Bacteroidales.f_Phocaeicola..no.family.in.NCBI..g_Phocaeicola.s_Phocaeicola.vulgatus	4	3	4	3	7
k_Bacteria.p_Bacteroidetes.c_Bacteroidia.o_Bacteroidales.f_Phocaeicola..no.family.in.NCBI..g_Phocaeicola.s_Unclassified.Phocaeicola	5	2	3	4	7
k_Bacteria.p_Bacteroidetes.c_Bacteroidia.o_Bacteroidales.f_Porphyromonadaceae.g_Porphyromonas.s_Unclassified.Porphyromonas	6	1	1	6	7
k_Bacteria.p_Bacteroidetes.c_Bacteroidia.o_Bacteroidales.f_Prevotellaceae.g_Prevotella.s_Prevotella.sp.	3	4	3	4	7
k_Bacteria.p_Bacteroidetes.c_Bacteroidia.o_Bacteroidales.f_Prevotellaceae.g_Unclassified.Prevotellaceae.s_Unclassified.Prevotellaceae	4	3	1	6	7
k_Bacteria.p_Bacteroidetes.c_Flavobacteriia.o_Flavobacteriales.f_Flavobacteriales.bacterium..no.family.in.NCBI..g_Flavobacteriales.bacterium..no.genus.in.NCBI..s_Flavobacteriales.bacterium	4	3	4	3	7
k_Bacteria.p_Bacteroidetes.c_Unclassified.Bacteroidetes.o_Unclassified.Bacteroidetes.f_Unclassified.Bacteroidetes.g_Unclassified.Bacteroidetes.s_Unclassified.Bacteroidetes	6	1	4	3	7
k_Bacteria.p_Firmicutes.c_Bacilli.o_Lactobacillales.f_Carnobacteriaceae.g_Granulicatella.s_Granulicatella.sp.	2	5	3	4	7
k_Bacteria.p_Firmicutes.c_Bacilli.o_Lactobacillales.f_Enterococcaceae.g_Enterococcus.s_Enterococcus.durans	2	5	5	2	7
k_Bacteria.p_Firmicutes.c_Bacilli.o_Lactobacillales.f_Lactobacillaceae.g_Leuconostoc.s_Unclassified.Leuconostoc	3	4	0	7	7
k_Bacteria.p_Firmicutes.c_Bacilli.o_Lactobacillales.f_Lactobacillaceae.g_Limosilactobacillus.s_Limosilactobacillus.reuteri	2	5	1	6	7
k_Bacteria.p_Firmicutes.c_Bacilli.o_Lactobacillales.f_Lactobacillaceae.g_Limosilactobacillus.s_Unclassified.Limosilactobacillus	3	4	4	3	7
k_Bacteria.p_Firmicutes.c_Bacilli.o_Lactobacillales.f_Lactobacillaceae.g_Unclassified.Lactobacillaceae.s_Unclassified.Lactobacillaceae	4	3	4	3	7
k_Bacteria.p_Firmicutes.c_Bacilli.o_Lactobacillales.f_Streptococcaceae.g_Streptococcus.s_Streptococcus.equinus	1	6	4	3	7
k_Bacteria.p_Firmicutes.c_Bacilli.o_Lactobacillales.f_Streptococcaceae.g_Streptococcus.s_Streptococcus.gordonii	4	3	3	4	7
k_Bacteria.p_Firmicutes.c_Clostridia.o_Eubacteriales.f_Clostridiaceae.g_Clostridium.s_Clostridium.botulinum	3	4	2	5	7
k_Bacteria.p_Firmicutes.c_Clostridia.o_Eubacteriales.f_Clostridiaceae.g_Clostridium.s_Clostridium.neonatale	2	5	4	3	7
k_Bacteria.p_Firmicutes.c_Clostridia.o_Eubacteriales.f_Clostridiaceae.g_Lactonifactor.s_Unclassified.Lactonifactor	4	3	2	5	7
k_Bacteria.p_Firmicutes.c_Clostridia.o_Eubacteriales.f_Clostridiales.Family.XIII..Incertae.Sedis.g_Mogibacterium.s_Mogibacterium.sp.	3	4	2	5	7
k_Bacteria.p_Firmicutes.c_Clostridia.o_Eubacteriales.f_Lachnospiraceae.g_Blautia.s_Blautia.coccoides	4	3	2	5	7
k_Bacteria.p_Firmicutes.c_Clostridia.o_Eubacteriales.f_Lachnospiraceae.g_Blautia.s_Blautia.massiliensis	4	3	1	6	7
k_Bacteria.p_Firmicutes.c_Clostridia.o_Eubacteriales.f_Lachnospiraceae.g_Eisenbergiella.s_Eisenbergiella.tayi	5	2	2	5	7
k_Bacteria.p_Firmicutes.c_Clostridia.o_Eubacteriales.f_Lachnospiraceae.g_Enterocloster.s_Enterocloster.asparagiformis	4	3	5	2	7
k_Bacteria.p_Firmicutes.c_Clostridia.o_Eubacteriales.f_Lachnospiraceae.g_Faecalicatena.s_Unclassified.Faecalicatena	4	3	2	5	7
k_Bacteria.p_Firmicutes.c_Clostridia.o_Eubacteriales.f_Lachnospiraceae.g_Fusicatenibacter.s_Fusicatenibacter.saccharivorans	5	2	1	6	7
k_Bacteria.p_Firmicutes.c_Clostridia.o_Eubacteriales.f_Lachnospiraceae.g_Lachnoclostridium.s_Lachnoclostridium.edouardi	4	3	1	6	7
k_Bacteria.p_Firmicutes.c_Clostridia.o_Eubacteriales.f_Lachnospiraceae.g_Lachnospira.s_Lachnospira.sp.	3	4	1	6	7
k_Bacteria.p_Firmicutes.c_Clostridia.o_Eubacteriales.f_Lachnospiraceae.g_Lachnotalea.s_Lachnotalea.sp.	5	2	2	5	7
k_Bacteria.p_Firmicutes.c_Clostridia.o_Eubacteriales.f_Lachnospiraceae.g_Mediterraneibacter.s_Mediterraneibacter.faecis	2	5	0	7	7
k_Bacteria.p_Firmicutes.c_Clostridia.o_Eubacteriales.f_Lachnospiraceae.g_Roseburia.s_Roseburia.sp.	3	4	0	7	7
k_Bacteria.p_Firmicutes.c_Clostridia.o_Eubacteriales.f_Lachnospiraceae.g_.Eubacterium..rectale..no.genus.in.NCBI..s_.Eubacterium..rectale	4	3	0	7	7
k_Bacteria.p_Firmicutes.c_Clostridia.o_Eubacteriales.f_Oscillospiraceae.g_Agathobaculum.s_Agathobaculum.sp.	5	2	4	3	7
k_Bacteria.p_Firmicutes.c_Clostridia.o_Eubacteriales.f_Oscillospiraceae.g_Anaeromassilibacillus.s_Anaeromassilibacillus.sp.	5	2	1	6	7
k_Bacteria.p_Firmicutes.c_Clostridia.o_Eubacteriales.f_Oscillospiraceae.g_Dysosmobacter.s_Unclassified.Dysosmobacter	4	3	3	4	7
k_Bacteria.p_Firmicutes.c_Clostridia.o_Eubacteriales.f_Oscillospiraceae.g_Faecalibacterium.s_Faecalibacterium.sp.	1	6	1	6	7
k_Bacteria.p_Firmicutes.c_Clostridia.o_Eubacteriales.f_Oscillospiraceae.g_Massilimaliae.s_Massilimaliae.timonensis	4	3	4	3	7
k_Bacteria.p_Firmicutes.c_Clostridia.o_Eubacteriales.f_Oscillospiraceae.g_Oscillibacter.s_Oscillibacter.sp.	4	3	1	6	7
k_Bacteria.p_Firmicutes.c_Clostridia.o_Eubacteriales.f_Oscillospiraceae.g_Ruminococcus.s_Ruminococcus.bromii	1	6	0	7	7
k_Bacteria.p_Firmicutes.c_Clostridia.o_Eubacteriales.f_Oscillospiraceae.g_Subdoligranulum.s_Unclassified.Subdoligranulum	4	3	1	6	7
k_Bacteria.p_Firmicutes.c_Erysipelotrichia.o_Erysipelotrichales.f_Erysipelotrichaceae.g_Dielma.s_Dielma.fastidiosa	5	2	1	6	7
k_Bacteria.p_Firmicutes.c_Erysipelotrichia.o_Erysipelotrichales.f_Erysipelotrichaceae.g_Intestinibaculum.s_Intestinibaculum.porci	4	3	1	6	7
k_Bacteria.p_Firmicutes.c_Erysipelotrichia.o_Erysipelotrichales.f_Erysipelotrichaceae.g_Longicatena.s_Longicatena.caecimuris	4	3	5	2	7
k_Bacteria.p_Firmicutes.c_Erysipelotrichia.o_Erysipelotrichales.f_Erysipelotrichaceae.g_Solobacterium.s_Solobacterium.sp.	2	5	5	2	7
k_Bacteria.p_Firmicutes.c_Negativicutes.o_Acidaminococcales.f_Acidaminococcaceae.g_Phascolarctobacterium.s_Phascolarctobacterium.faecium	3	4	2	5	7
k_Bacteria.p_Firmicutes.c_Negativicutes.o_Acidaminococcales.f_Acidaminococcaceae.g_Phascolarctobacterium.s_Phascolarctobacterium.succinatutens	2	5	5	2	7
k_Bacteria.p_Firmicutes.c_Negativicutes.o_Acidaminococcales.f_Acidaminococcaceae.g_Phascolarctobacterium.s_Unclassified.Phascolarctobacterium	3	4	1	6	7
k_Bacteria.p_Firmicutes.c_Negativicutes.o_Unclassified.Negativicutes.f_Unclassified.Negativicutes.g_Unclassified.Negativicutes.s_Unclassified.Negativicutes	1	6	3	4	7
k_Bacteria.p_Firmicutes.c_Negativicutes.o_Veillonellales.f_Veillonellaceae.g_Dialister.s_Unclassified.Dialister	3	4	2	5	7
k_Bacteria.p_Firmicutes.c_Negativicutes.o_Veillonellales.f_Veillonellaceae.g_Megasphaera.s_Megasphaera.elsdenii	4	3	2	5	7
k_Bacteria.p_Firmicutes.c_Negativicutes.o_Veillonellales.f_Veillonellaceae.g_Megasphaera.s_Megasphaera.micronuciformis	2	5	2	5	7
k_Bacteria.p_Firmicutes.c_Negativicutes.o_Veillonellales.f_Veillonellaceae.g_Megasphaera.s_Megasphaera.sp.	4	3	2	5	7
k_Bacteria.p_Firmicutes.c_Negativicutes.o_Veillonellales.f_Veillonellaceae.g_Unclassified.Veillonellaceae.s_Unclassified.Veillonellaceae	2	5	3	4	7
k_Bacteria.p_Firmicutes.c_Negativicutes.o_Veillonellales.f_Veillonellaceae.g_Veillonella.s_Veillonella.atypica	2	5	3	4	7
k_Bacteria.p_Firmicutes.c_Negativicutes.o_Veillonellales.f_Veillonellaceae.g_Veillonella.s_Veillonella.ratti	3	4	5	2	7
k_Bacteria.p_Proteobacteria.c_Deltaproteobacteria.o_Desulfovibrionales.f_Desulfovibrionaceae.g_Unclassified.Desulfovibrionaceae.s_Unclassified.Desulfovibrionaceae	5	2	3	4	7
k_Bacteria.p_Proteobacteria.c_Gammaproteobacteria.o_Pseudomonadales.f_Moraxellaceae.g_Acinetobacter.s_Unclassified.Acinetobacter	5	2	1	6	7
k_Bacteria.p_Proteobacteria.c_Gammaproteobacteria.o_Pseudomonadales.f_Unclassified.Pseudomonadales.g_Unclassified.Pseudomonadales.s_Unclassified.Pseudomonadales	4	3	2	5	7
k_Viruses.p_Phixviricota.c_Malgrandaviricetes.o_Petitvirales.f_Microviridae.g_Unclassified.Microviridae.s_Unclassified.Microviridae	3	4	3	4	7
k_Viruses.p_Uroviricota.c_Caudoviricetes.o_Caudovirales.f_Podoviridae.g_Unclassified.Podoviridae.s_Unclassified.Podoviridae	5	2	2	5	7
k_Viruses.p_Uroviricota.c_Caudoviricetes.o_Caudovirales.f_Siphoviridae.g_Skunavirus.s_Unclassified.Skunavirus	2	5	6	1	7
k_Viruses.p_Uroviricota.c_Caudoviricetes.o_Caudovirales.f_Siphoviridae.g_Unclassified.Siphoviridae.s_Unclassified.Siphoviridae	1	6	4	3	7
k_Bacteria.p_Actinobacteria.c_Actinomycetia.o_Bifidobacteriales.f_Bifidobacteriaceae.g_Bifidobacterium.s_Bifidobacterium.merycicum	4	3	3	4	7
k_Bacteria.p_Actinobacteria.c_Coriobacteriia.o_Coriobacteriales.f_Coriobacteriaceae.g_Senegalimassilia.s_Senegalimassilia.anaerobia	4	3	2	5	7
k_Bacteria.p_Bacteroidetes.c_Bacteroidia.o_Bacteroidales.f_Bacteroidaceae.g_Bacteroides.s_Bacteroides.cellulosilyticus	4	3	2	5	7
k_Bacteria.p_Bacteroidetes.c_Bacteroidia.o_Bacteroidales.f_Bacteroidaceae.g_Bacteroides.s_Bacteroides.finegoldii	6	1	2	5	7
k_Bacteria.p_Bacteroidetes.c_Bacteroidia.o_Bacteroidales.f_Bacteroidaceae.g_Bacteroides.s_Bacteroides.ovatus	5	2	2	5	7
k_Bacteria.p_Bacteroidetes.c_Bacteroidia.o_Bacteroidales.f_Odoribacteraceae.g_Odoribacter.s_Odoribacter.splanchnicus	5	2	1	6	7
k_Bacteria.p_Bacteroidetes.c_Bacteroidia.o_Bacteroidales.f_Phocaeicola..no.family.in.NCBI..g_Phocaeicola.s_Phocaeicola.dorei	6	1	3	4	7
k_Bacteria.p_Bacteroidetes.c_Bacteroidia.o_Bacteroidales.f_Porphyromonadaceae.g_Porphyromonas.s_Porphyromonas.asaccharolytica	4	3	2	5	7
k_Bacteria.p_Bacteroidetes.c_Bacteroidia.o_Bacteroidales.f_Rikenellaceae.g_Alistipes.s_Alistipes.indistinctus	5	2	2	5	7
k_Bacteria.p_Bacteroidetes.c_Bacteroidia.o_Bacteroidales.f_Rikenellaceae.g_Alistipes.s_Alistipes.putredinis	5	2	6	1	7
k_Bacteria.p_Bacteroidetes.c_Bacteroidia.o_Bacteroidales.f_Tannerellaceae.g_Parabacteroides.s_Parabacteroides.sp.	5	2	2	5	7
k_Bacteria.p_Bacteroidetes.c_Bacteroidia.o_Unclassified.Bacteroidia.f_Unclassified.Bacteroidia.g_Unclassified.Bacteroidia.s_Unclassified.Bacteroidia	5	2	4	3	7
k_Bacteria.p_Chlamydiae.c_Chlamydiia.o_Chlamydiales.f_Chlamydiaceae.g_Chlamydia.s_Unclassified.Chlamydia	4	3	2	5	7
k_Bacteria.p_Firmicutes.c_Bacilli.o_Lactobacillales.f_Lactobacillaceae.g_Lacticaseibacillus.s_Lacticaseibacillus.rhamnosus	4	3	0	7	7
k_Bacteria.p_Firmicutes.c_Clostridia.o_Eubacteriales.f_Clostridiaceae.g_Butyricicoccus.s_Butyricicoccus.pullicaecorum	4	3	2	5	7
k_Bacteria.p_Firmicutes.c_Clostridia.o_Eubacteriales.f_Clostridiaceae.g_Butyricicoccus.s_Butyricicoccus.sp.	3	4	0	7	7
k_Bacteria.p_Firmicutes.c_Clostridia.o_Eubacteriales.f_Clostridiales.Family.XIII..Incertae.Sedis.g_Clostridiales.Family..no.genus.in.NCBI..s_Clostridiales.Family	3	4	1	6	7
k_Bacteria.p_Firmicutes.c_Clostridia.o_Eubacteriales.f_Evtepia..no.family.in.NCBI..g_Evtepia.s_Evtepia.gabavorous	4	3	3	4	7
k_Bacteria.p_Firmicutes.c_Clostridia.o_Eubacteriales.f_Gemmiger..no.family.in.NCBI..g_Gemmiger.s_Gemmiger.formicilis	4	3	0	7	7
k_Bacteria.p_Firmicutes.c_Clostridia.o_Eubacteriales.f_Gemmiger..no.family.in.NCBI..g_Gemmiger.s_Unclassified.Gemmiger	4	3	2	5	7
k_Bacteria.p_Firmicutes.c_Clostridia.o_Eubacteriales.f_Lachnospiraceae.g_Anaerobutyricum.s_Anaerobutyricum.soehngenii	4	3	2	5	7
k_Bacteria.p_Firmicutes.c_Clostridia.o_Eubacteriales.f_Lachnospiraceae.g_Butyrivibrio.s_Butyrivibrio.sp.	5	2	2	5	7
k_Bacteria.p_Firmicutes.c_Clostridia.o_Eubacteriales.f_Lachnospiraceae.g_Dorea.s_Dorea.phocaeensis	4	3	3	4	7
k_Bacteria.p_Firmicutes.c_Clostridia.o_Eubacteriales.f_Lachnospiraceae.g_Lachnospira.s_Unclassified.Lachnospira	4	3	1	6	7
k_Bacteria.p_Firmicutes.c_Clostridia.o_Eubacteriales.f_Lachnospiraceae.g_Lacrimispora.s_Lacrimispora.celerecrescens	4	3	2	5	7
k_Bacteria.p_Firmicutes.c_Clostridia.o_Eubacteriales.f_Lachnospiraceae.g_Merdimonas.s_Merdimonas.faecis	5	2	1	6	7
k_Bacteria.p_Firmicutes.c_Clostridia.o_Eubacteriales.f_Lawsonibacter..no.family.in.NCBI..g_Lawsonibacter.s_Unclassified.Lawsonibacter	4	3	3	4	7
k_Bacteria.p_Firmicutes.c_Clostridia.o_Eubacteriales.f_Oscillospiraceae.g_Drancourtella.s_Drancourtella.sp.	3	4	4	3	7
k_Bacteria.p_Firmicutes.c_Clostridia.o_Eubacteriales.f_Oscillospiraceae.g_Neobittarella.s_Neobittarella.massiliensis	4	3	0	7	7
k_Bacteria.p_Firmicutes.c_Clostridia.o_Eubacteriales.f_Oscillospiraceae.g_Phocea.s_Unclassified.Phocea	4	3	0	7	7
k_Bacteria.p_Firmicutes.c_Clostridia.o_Eubacteriales.f_Oscillospiraceae.g_Subdoligranulum.s_Subdoligranulum.sp.	2	5	0	7	7
k_Bacteria.p_Firmicutes.c_Erysipelotrichia.o_Erysipelotrichales.f_Erysipelotrichaceae.g_Erysipelatoclostridium.s_Erysipelatoclostridium.sp.	5	2	0	7	7
k_Bacteria.p_Firmicutes.c_Negativicutes.o_Acidaminococcales.f_Acidaminococcaceae.g_Acidaminococcus.s_Unclassified.Acidaminococcus	4	3	3	4	7
k_Bacteria.p_Firmicutes.c_Negativicutes.o_Veillonellales.f_Veillonellaceae.g_Veillonella.s_Veillonella.dispar	1	6	5	2	7
k_Bacteria.p_Firmicutes.c_Negativicutes.o_Veillonellales.f_Veillonellaceae.g_Veillonella.s_Veillonella.tobetsuensis	3	4	2	5	7
k_Bacteria.p_Proteobacteria.c_Alphaproteobacteria.o_Rhodospirillales.f_Azospirillaceae.g_Azospirillum.s_Unclassified.Azospirillum	5	2	0	7	7
k_Bacteria.p_Proteobacteria.c_Betaproteobacteria.o_Burkholderiales.f_Sutterellaceae.g_Parasutterella.s_Unclassified.Parasutterella	5	2	0	7	7
k_Bacteria.p_Proteobacteria.c_Betaproteobacteria.o_Burkholderiales.f_Sutterellaceae.g_Unclassified.Sutterellaceae.s_Unclassified.Sutterellaceae	4	3	1	6	7
k_Bacteria.p_Proteobacteria.c_Betaproteobacteria.o_Burkholderiales.f_Unclassified.Burkholderiales.g_Unclassified.Burkholderiales.s_Unclassified.Burkholderiales	3	4	0	7	7
k_Bacteria.p_Proteobacteria.c_Gammaproteobacteria.o_Xanthomonadales.f_Xanthomonadaceae.g_Xanthomonas.s_Xanthomonas.citri	5	2	1	6	7
k_Viruses.p_Uroviricota.c_Caudoviricetes.o_Caudovirales.f_Unclassified.Caudovirales.g_Unclassified.Caudovirales.s_Unclassified.Caudovirales	4	3	4	3	7
k_Archaea.p_Euryarchaeota.c_Methanobacteria.o_Methanobacteriales.f_Methanobacteriaceae.g_Methanobrevibacter.s_Unclassified.Methanobrevibacter	2	5	1	6	7
k_Bacteria.p_Actinobacteria.c_Coriobacteriia.o_Eggerthellales.f_Eggerthellaceae.g_Slackia.s_Slackia.piriformis	3	4	0	7	7
k_Bacteria.p_Bacteroidetes.c_Bacteroidia.o_Bacteroidales.f_Prevotellaceae.g_Prevotellaceae.bacterium..no.genus.in.NCBI..s_Prevotellaceae.bacterium	5	2	1	6	7
k_Bacteria.p_Bacteroidetes.c_Flavobacteriia.o_Flavobacteriales.f_Flavobacteriaceae.g_Capnocytophaga.s_Capnocytophaga.sp.	5	2	4	3	7
k_Bacteria.p_Firmicutes.c_Clostridia.o_Eubacteriales.f_Clostridiaceae.g_Clostridium.s_Clostridium.jeddahense	4	3	5	2	7
k_Bacteria.p_Firmicutes.c_Clostridia.o_Eubacteriales.f_Clostridiaceae.g_Clostridium.s_Clostridium.saudiense	2	5	0	7	7
k_Bacteria.p_Firmicutes.c_Clostridia.o_Eubacteriales.f_Clostridiaceae.g_Clostridium.s_Clostridium.ventriculi	3	4	2	5	7
k_Bacteria.p_Firmicutes.c_Clostridia.o_Eubacteriales.f_Lachnospiraceae.g_Butyrivibrio.s_Unclassified.Butyrivibrio	4	3	1	6	7
k_Bacteria.p_Firmicutes.c_Clostridia.o_Eubacteriales.f_Neglecta..no.family.in.NCBI..g_Neglecta.s_Neglecta.timonensis	5	2	0	7	7
k_Bacteria.p_Firmicutes.c_Clostridia.o_Eubacteriales.f_Neglecta..no.family.in.NCBI..g_Neglecta.s_Unclassified.Neglecta	3	4	2	5	7
k_Bacteria.p_Firmicutes.c_Clostridia.o_Eubacteriales.f_Oscillospiraceae.g_Acutalibacter.s_Unclassified.Acutalibacter	3	4	0	7	7
k_Bacteria.p_Firmicutes.c_Clostridia.o_Eubacteriales.f_Oscillospiraceae.g_Massilimaliae.s_Unclassified.Massilimaliae	5	2	0	7	7
k_Bacteria.p_Firmicutes.c_Clostridia.o_Eubacteriales.f_Oscillospiraceae.g_Monoglobus.s_Monoglobus.pectinilyticus	3	4	1	6	7
k_Bacteria.p_Firmicutes.c_Clostridia.o_Eubacteriales.f_Oscillospiraceae.g_Ruminiclostridium.s_Unclassified.Ruminiclostridium	3	4	2	5	7
k_Bacteria.p_Firmicutes.c_Clostridia.o_Eubacteriales.f_Oscillospiraceae.g_Ruminococcus.s_Ruminococcus.bicirculans	3	4	1	6	7
k_Bacteria.p_Firmicutes.c_Clostridia.o_Eubacteriales.f_Peptostreptococcaceae.g_Terrisporobacter.s_Terrisporobacter.glycolicus	4	3	1	6	7
k_Bacteria.p_Firmicutes.c_Negativicutes.o_Acidaminococcales.f_Acidaminococcaceae.g_Unclassified.Acidaminococcaceae.s_Unclassified.Acidaminococcaceae	2	5	4	3	7
k_Bacteria.p_Proteobacteria.c_Betaproteobacteria.o_Neisseriales.f_Neisseriaceae.g_Neisseria.s_Unclassified.Neisseria	3	4	2	5	7
k_Bacteria.p_Proteobacteria.c_Gammaproteobacteria.o_Pseudomonadales.f_Pseudomonadaceae.g_Pseudomonas.s_Unclassified.Pseudomonas	4	3	4	3	7
k_Eukaryota.p_Streptophyta.c_Magnoliopsida.o_Rosales.f_Rosaceae.g_Unclassified.Rosaceae.s_Unclassified.Rosaceae	3	4	1	6	7
k_Bacteria.p_Bacteroidetes.c_Bacteroidia.o_Bacteroidales.f_Prevotellaceae.g_Paraprevotella.s_Unclassified.Paraprevotella	4	3	4	3	7
k_Bacteria.p_Bacteroidetes.c_Bacteroidia.o_Bacteroidales.f_Prevotellaceae.g_Prevotella.s_Prevotella.marseillensis	4	3	4	3	7
k_Bacteria.p_Bacteroidetes.c_Bacteroidia.o_Bacteroidales.f_Rikenellaceae.g_Alistipes.s_Alistipes.finegoldii	4	3	1	6	7
k_Bacteria.p_Bacteroidetes.c_Bacteroidia.o_Bacteroidales.f_Rikenellaceae.g_Alistipes.s_Alistipes.onderdonkii	4	3	1	6	7
k_Bacteria.p_Chlamydiae.c_Chlamydiia.o_Chlamydiales.f_Chlamydiaceae.g_Chlamydia.s_Chlamydia.trachomatis	3	4	0	7	7
k_Bacteria.p_Firmicutes.c_Clostridia.o_Eubacteriales.f_Clostridiaceae.g_Butyricicoccus.s_Butyricicoccus.faecihominis	3	4	0	7	7
k_Bacteria.p_Firmicutes.c_Clostridia.o_Eubacteriales.f_Clostridiaceae.g_Clostridium.s_Clostridium.phoceensis	5	2	1	6	7
k_Bacteria.p_Firmicutes.c_Clostridia.o_Eubacteriales.f_Clostridiales.Family.XIII..Incertae.Sedis.g_Unclassified.Clostridiales.Family.XIII..Incertae.Sedis.s_Unclassified.Clostridiales.Family.XIII..Incertae.Sedis	4	3	1	6	7
k_Bacteria.p_Firmicutes.c_Clostridia.o_Eubacteriales.f_Oscillospiraceae.g_Anaerotruncus.s_Anaerotruncus.sp.	5	2	0	7	7
k_Bacteria.p_Firmicutes.c_Erysipelotrichia.o_Erysipelotrichales.f_Coprobacillaceae.g_Unclassified.Coprobacillaceae.s_Unclassified.Coprobacillaceae	2	5	3	4	7
k_Bacteria.p_Firmicutes.c_Erysipelotrichia.o_Erysipelotrichales.f_Erysipelotrichaceae.g_Holdemania.s_Holdemania.filiformis	5	2	1	6	7
k_Bacteria.p_Firmicutes.c_Erysipelotrichia.o_Erysipelotrichales.f_Erysipelotrichaceae.g_Holdemania.s_Holdemania.sp.	5	2	0	7	7
k_Bacteria.p_Proteobacteria.c_Betaproteobacteria.o_Burkholderiales.f_Sutterellaceae.g_Sutterella.s_Sutterella.wadsworthensis	4	3	4	3	7
k_Bacteria.p_Proteobacteria.c_Deltaproteobacteria.o_Desulfovibrionales.f_Desulfovibrionaceae.g_Bilophila.s_Bilophila.wadsworthia	5	2	4	3	7
k_Bacteria.p_Proteobacteria.c_Deltaproteobacteria.o_Desulfovibrionales.f_Desulfovibrionaceae.g_Bilophila.s_Unclassified.Bilophila	4	3	3	4	7
k_Bacteria.p_Actinobacteria.c_Coriobacteriia.o_Coriobacteriales.f_Coriobacteriaceae.g_Coriobacteriaceae.bacterium..no.genus.in.NCBI..s_Coriobacteriaceae.bacterium	2	5	2	5	7
k_Bacteria.p_Actinobacteria.c_Coriobacteriia.o_Coriobacteriales.f_Coriobacteriaceae.g_Enorma.s_Unclassified.Enorma	3	4	6	1	7
k_Bacteria.p_Actinobacteria.c_Coriobacteriia.o_Eggerthellales.f_Eggerthellaceae.g_Slackia.s_Slackia.isoflavoniconvertens	3	4	2	5	7
k_Bacteria.p_Bacteroidetes.c_Bacteroidia.o_Bacteroidales.f_Prevotellaceae.g_Prevotella.s_Prevotella.bivia	5	2	3	4	7
k_Bacteria.p_Firmicutes.c_Clostridia.o_Eubacteriales.f_Christensenellaceae.g_Christensenella.s_Unclassified.Christensenella	5	2	1	6	7
k_Bacteria.p_Proteobacteria.c_Gammaproteobacteria.o_Enterobacterales.f_Yersiniaceae.g_Serratia.s_Unclassified.Serratia	3	4	4	3	7
k_Bacteria.p_Bacteroidetes.c_Bacteroidia.o_Bacteroidales.f_Rikenellaceae.g_Alistipes.s_Alistipes.sp.	5	2	1	6	7
k_Bacteria.p_Bacteroidetes.c_Chitinophagia.o_Chitinophagales.f_Chitinophagaceae.g_Chitinophaga.s_Chitinophaga.silvisoli	4	3	1	6	7
k_Bacteria.p_Bacteroidetes.c_Chitinophagia.o_Chitinophagales.f_Chitinophagaceae.g_Chitinophaga.s_Unclassified.Chitinophaga	5	2	2	5	7
k_Bacteria.p_Bacteroidetes.c_Flavobacteriia.o_Flavobacteriales.f_Unclassified.Flavobacteriales.g_Unclassified.Flavobacteriales.s_Unclassified.Flavobacteriales	5	2	1	6	7
k_Bacteria.p_Firmicutes.c_Clostridia.o_Eubacteriales.f_Peptococcaceae.g_Unclassified.Peptococcaceae.s_Unclassified.Peptococcaceae	2	5	2	5	7
k_Bacteria.p_Firmicutes.c_Negativicutes.o_Selenomonadales.f_Selenomonadaceae.g_Megamonas.s_Megamonas.funiformis	5	2	0	7	7
k_Viruses.p_Preplasmiviricota.c_Tectiliviricetes.o_Rowavirales.f_Adenoviridae.g_Mastadenovirus.s_Unclassified.Mastadenovirus	3	4	1	6	7
k_Viruses.p_Uroviricota.c_Caudoviricetes.o_Caudovirales.f_Podoviridae.g_CrAssphage.LMMB..no.genus.in.NCBI..s_CrAssphage.LMMB	4	3	1	6	7
k_Viruses.p_Uroviricota.c_Caudoviricetes.o_Caudovirales.f_Podoviridae.g_CrAssphage.sp..C0531BW4..no.genus.in.NCBI..s_CrAssphage.sp..C0531BW4	4	3	4	3	7
k_Viruses.p_Uroviricota.c_Caudoviricetes.o_Caudovirales.f_Siphoviridae.g_Parabacteroides.phage.PDS1..no.genus.in.NCBI..s_Parabacteroides.phage.PDS1	5	2	3	4	7
k_Bacteria.p_Candidatus.Melainabacteria.c_Candidatus.Gastranaerophilales..no.class.in.NCBI..o_Candidatus.Gastranaerophilales.f_Candidatus.Gastranaerophilales.bacterium..no.family.in.NCBI..g_Candidatus.Gastranaerophilales.bacterium..no.genus.in.NCBI..s_Candidatus.Gastranaerophilales.bacterium	2	5	0	7	7
k_Bacteria.p_Candidatus.Melainabacteria.c_Unclassified.Candidatus.Melainabacteria.o_Unclassified.Candidatus.Melainabacteria.f_Unclassified.Candidatus.Melainabacteria.g_Unclassified.Candidatus.Melainabacteria.s_Unclassified.Candidatus.Melainabacteria	3	4	3	4	7
k_Bacteria.p_Firmicutes.c_Clostridia.o_Eubacteriales.f_Oscillospiraceae.g_Monoglobus.s_Unclassified.Monoglobus	3	4	0	7	7
k_Bacteria.p_Firmicutes.c_Erysipelotrichia.o_Erysipelotrichales.f_Erysipelotrichaceae.g_Holdemanella.s_Holdemanella.sp.	4	3	1	6	7
k_Bacteria.p_Actinobacteria.c_Actinomycetia.o_Bifidobacteriales.f_Bifidobacteriaceae.g_Bifidobacterium.s_Bifidobacterium.angulatum	2	5	3	4	7
k_Bacteria.p_Firmicutes.c_Erysipelotrichia.o_Erysipelotrichales.f_Coprobacillaceae.g_Catenibacterium.s_Catenibacterium.mitsuokai	4	3	3	4	7
k_Bacteria.p_Actinobacteria.c_Coriobacteriia.o_Eggerthellales.f_Eggerthellaceae.g_Gordonibacter.s_Gordonibacter.sp.	4	3	1	6	7
k_Bacteria.p_Bacteroidetes.c_Bacteroidia.o_Bacteroidales.f_Prevotellaceae.g_Prevotella.s_Prevotella.pectinovora	2	5	3	4	7
k_Bacteria.p_Bacteroidetes.c_Bacteroidia.o_Bacteroidales.f_Prevotellaceae.g_Prevotella.s_Prevotella.stercorea	5	2	5	2	7
k_Bacteria.p_Firmicutes.c_Clostridia.o_Eubacteriales.f_Clostridiaceae.g_Sarcina.s_Unclassified.Sarcina	4	3	2	5	7
k_Bacteria.p_Firmicutes.c_Clostridia.o_Eubacteriales.f_Lachnospiraceae.g_Fusicatenibacter.s_Fusicatenibacter.sp.	4	3	1	6	7
k_Bacteria.p_Firmicutes.c_Clostridia.o_Eubacteriales.f_Oscillospiraceae.g_Hydrogeniiclostidium.s_Hydrogeniiclostidium.mannosilyticum	5	2	0	7	7
k_Bacteria.p_Proteobacteria.c_Alphaproteobacteria.o_Rhodospirillales.f_Azospirillaceae.g_Azospirillum.s_Azospirillum.sp.	4	3	1	6	7
k_Bacteria.p_Proteobacteria.c_Betaproteobacteria.o_Burkholderiales.f_Sutterellaceae.g_Sutterella.s_Sutterella.sp.	4	3	0	7	7
k_Bacteria.p_Bacteroidetes.c_Bacteroidia.o_Bacteroidales.f_Bacteroidaceae.g_Bacteroides.s_Bacteroides.eggerthii	3	4	2	5	7
k_Bacteria.p_Bacteroidetes.c_Bacteroidia.o_Bacteroidales.f_Bacteroidaceae.g_Bacteroides.s_Bacteroides.oleiciplenus	4	3	2	5	7
k_Bacteria.p_Firmicutes.c_Bacilli.o_Lactobacillales.f_Streptococcaceae.g_Streptococcus.s_Streptococcus.lutetiensis	1	6	4	3	7
k_Bacteria.p_Proteobacteria.c_Deltaproteobacteria.o_Desulfovibrionales.f_Desulfovibrionaceae.g_Desulfovibrio.s_Unclassified.Desulfovibrio	4	3	3	4	7
k_Bacteria.p_Firmicutes.c_Bacilli.o_Lactobacillales.f_Lactobacillaceae.g_Leuconostoc.s_Leuconostoc.mesenteroides	4	3	6	1	7
k_Bacteria.p_Firmicutes.c_Clostridia.o_Candidatus.Metalachnospira..no.order.in.NCBI..f_Candidatus.Metalachnospira..no.family.in.NCBI..g_Candidatus.Metalachnospira.s_Candidatus.Metalachnospira.gallinarum	3	4	0	7	7
k_Bacteria.p_Firmicutes.c_Clostridia.o_Eubacteriales.f_Lachnospiraceae.g_Lacrimispora.s_Lacrimispora.saccharolytica	5	2	3	4	7
k_Bacteria.p_Firmicutes.c_Clostridia.o_Eubacteriales.f_Peptostreptococcaceae.g_Peptacetobacter.s_Unclassified.Peptacetobacter	4	3	1	6	7
k_Bacteria.p_Bacteroidetes.c_Bacteroidia.o_Bacteroidales.f_Barnesiellaceae.g_Barnesiella.s_Unclassified.Barnesiella	5	2	5	2	7
k_Bacteria.p_Firmicutes.c_Bacilli.o_Lactobacillales.f_Lactobacillaceae.g_Leuconostoc.s_Leuconostoc.pseudomesenteroides	4	3	3	4	7
k_Bacteria.p_Firmicutes.c_Clostridia.o_Eubacteriales.f_Peptostreptococcaceae.g_Criibacterium.s_Unclassified.Criibacterium	5	2	2	5	7
k_Bacteria.p_Proteobacteria.c_Epsilonproteobacteria.o_Campylobacterales.f_Unclassified.Campylobacterales.g_Unclassified.Campylobacterales.s_Unclassified.Campylobacterales	4	3	2	5	7
k_Bacteria.p_Bacteroidetes.c_Bacteroidia.o_Bacteroidales.f_Porphyromonadaceae.g_Porphyromonas.s_Porphyromonas.uenonis	5	2	3	4	7
k_Bacteria.p_Firmicutes.c_Clostridia.o_Candidatus.Allochristensenella..no.order.in.NCBI..f_Candidatus.Allochristensenella..no.family.in.NCBI..g_Candidatus.Allochristensenella.s_Unclassified.Candidatus.Allochristensenella	4	3	2	5	7
