{"time_model_1_val_0_f1": 1.0, "time_model_1_val_1_f1": 1.0, "time_model_1_val_2_f1": 0.888888888888889, "time_model_1_val_3_f1": 0.6666666666666666, "time_model_1_val_4_f1": 0.8, "time_model_1_val_5_f1": 0.8, "time_model_1_val_6_f1": 0.888888888888889, "time_model_1_val_7_f1": 0.75, "time_model_1_val_8_f1": 0.9090909090909091, "time_model_1_val_9_f1": 0.75, "time_model_1_C": 296.30728443102123, "time_model_1_l1_ratio": 0.046450412719997725, "time_model_1_penalty": "elasticnet", "time_model_1_solver": "saga", "time_model_1_train_accuracy": 1.0, "_timestamp": 1729589678.1514862, "_runtime": 7465.95023226738, "_step": 99, "time_model_1_train_balanced_accuracy": 1.0, "time_model_1_train_precision": 1.0, "time_model_1_train_recall": 1.0, "time_model_1_train_f1": 1.0, "time_model_1_test_accuracy": 0.85, "time_model_1_test_balanced_accuracy": 0.8434343434343434, "time_model_1_test_precision": 0.8333333333333334, "time_model_1_test_recall": 0.9090909090909091, "time_model_1_test_f1": 0.8695652173913043, "diet_model_1_val_0_f1": 0.6666666666666666, "diet_model_1_val_1_f1": 0.5, "diet_model_1_val_2_f1": 1.0, "diet_model_1_val_3_f1": 1.0, "diet_model_1_val_4_f1": 1.0, "diet_model_1_val_5_f1": 0.6666666666666666, "diet_model_1_val_6_f1": 1.0, "diet_model_1_val_7_f1": 0.6666666666666666, "diet_model_1_val_8_f1": 0.6666666666666666, "diet_model_1_val_9_f1": 1.0, "diet_model_1_C": 416.3213204002109, "diet_model_1_l1_ratio": 0.21233911067827616, "diet_model_1_penalty": "elasticnet", "diet_model_1_solver": "saga", "diet_model_1_train_accuracy": 1.0, "diet_model_1_train_balanced_accuracy": 1.0, "diet_model_1_train_precision": 1.0, "diet_model_1_train_recall": 1.0, "diet_model_1_train_f1": 1.0, "diet_model_1_test_accuracy": 0.6363636363636364, "diet_model_1_test_balanced_accuracy": 0.6166666666666667, "diet_model_1_test_precision": 0.6666666666666666, "diet_model_1_test_recall": 0.4, "diet_model_1_test_f1": 0.5, "time_model_2_val_0_f1": 1.0, "time_model_2_val_1_f1": 1.0, "time_model_2_val_2_f1": 1.0, "time_model_2_val_3_f1": 0.75, "time_model_2_val_4_f1": 0.8, "time_model_2_val_5_f1": 0.5714285714285715, "time_model_2_val_6_f1": 1.0, "time_model_2_val_7_f1": 0.8000000000000002, "time_model_2_val_8_f1": 1.0, "time_model_2_val_9_f1": 0.5714285714285715, "time_model_2_C": 306.02644736118975, "time_model_2_l1_ratio": 0.13949386065204183, "time_model_2_penalty": "elasticnet", "time_model_2_solver": "saga", "time_model_2_train_accuracy": 1.0, "time_model_2_train_balanced_accuracy": 1.0, "time_model_2_train_precision": 1.0, "time_model_2_train_recall": 1.0, "time_model_2_train_f1": 1.0, "time_model_2_test_accuracy": 0.8571428571428571, "time_model_2_test_balanced_accuracy": 0.8545454545454545, "time_model_2_test_precision": 0.8333333333333334, "time_model_2_test_recall": 0.9090909090909091, "time_model_2_test_f1": 0.8695652173913043, "diet_model_2_val_0_f1": 0.8, "diet_model_2_val_1_f1": 0.0, "diet_model_2_val_2_f1": 0.6666666666666666, "diet_model_2_val_3_f1": 1.0, "diet_model_2_val_4_f1": 1.0, "diet_model_2_val_5_f1": 1.0, "diet_model_2_val_6_f1": 1.0, "diet_model_2_val_7_f1": 1.0, "diet_model_2_val_8_f1": 0.6666666666666666, "diet_model_2_val_9_f1": 1.0, "diet_model_2_C": 69.98618831314474, "diet_model_2_l1_ratio": 0.7952673118598902, "diet_model_2_penalty": "elasticnet", "diet_model_2_solver": "saga", "diet_model_2_train_accuracy": 1.0, "diet_model_2_train_balanced_accuracy": 1.0, "diet_model_2_train_precision": 1.0, "diet_model_2_train_recall": 1.0, "diet_model_2_train_f1": 1.0, "diet_model_2_test_accuracy": 1.0, "diet_model_2_test_balanced_accuracy": 1.0, "diet_model_2_test_precision": 1.0, "diet_model_2_test_recall": 1.0, "diet_model_2_test_f1": 1.0, "time_model_3_val_0_f1": 1.0, "time_model_3_val_1_f1": 1.0, "time_model_3_val_2_f1": 1.0, "time_model_3_val_3_f1": 0.8571428571428571, "time_model_3_val_4_f1": 0.6, "time_model_3_val_5_f1": 0.8, "time_model_3_val_6_f1": 1.0, "time_model_3_val_7_f1": 0.888888888888889, "time_model_3_val_8_f1": 0.75, "time_model_3_val_9_f1": 0.888888888888889, "time_model_3_C": 15.814592843367125, "time_model_3_l1_ratio": 0.6364104112637804, "time_model_3_penalty": "elasticnet", "time_model_3_solver": "saga", "time_model_3_train_accuracy": 1.0, "time_model_3_train_balanced_accuracy": 1.0, "time_model_3_train_precision": 1.0, "time_model_3_train_recall": 1.0, "time_model_3_train_f1": 1.0, "time_model_3_test_accuracy": 0.8181818181818182, "time_model_3_test_balanced_accuracy": 0.8181818181818182, "time_model_3_test_precision": 0.8181818181818182, "time_model_3_test_recall": 0.8181818181818182, "time_model_3_test_f1": 0.8181818181818182, "diet_model_3_val_0_f1": 0.5, "diet_model_3_val_1_f1": 1.0, "diet_model_3_val_2_f1": 0.6666666666666666, "diet_model_3_val_3_f1": 0.6666666666666666, "diet_model_3_val_4_f1": 0.8, "diet_model_3_val_5_f1": 1.0, "diet_model_3_val_6_f1": 1.0, "diet_model_3_val_7_f1": 1.0, "diet_model_3_val_8_f1": 0.6666666666666666, "diet_model_3_val_9_f1": 1.0, "diet_model_3_C": 6.647228294166817, "diet_model_3_l1_ratio": 0.6635373720167106, "diet_model_3_penalty": "elasticnet", "diet_model_3_solver": "saga", "diet_model_3_train_accuracy": 1.0, "diet_model_3_train_balanced_accuracy": 1.0, "diet_model_3_train_precision": 1.0, "diet_model_3_train_recall": 1.0, "diet_model_3_train_f1": 1.0, "diet_model_3_test_accuracy": 0.6363636363636364, "diet_model_3_test_balanced_accuracy": 0.65, "diet_model_3_test_precision": 0.5714285714285714, "diet_model_3_test_recall": 0.8, "diet_model_3_test_f1": 0.6666666666666666, "time_model_4_val_0_f1": 1.0, "time_model_4_val_1_f1": 1.0, "time_model_4_val_2_f1": 0.888888888888889, "time_model_4_val_3_f1": 0.8571428571428571, "time_model_4_val_4_f1": 0.6666666666666666, "time_model_4_val_5_f1": 0.888888888888889, "time_model_4_val_6_f1": 0.888888888888889, "time_model_4_val_7_f1": 0.75, "time_model_4_val_8_f1": 1.0, "time_model_4_val_9_f1": 0.6666666666666665, "time_model_4_C": 78.10932022121825, "time_model_4_l1_ratio": 0.15599452033620265, "time_model_4_penalty": "elasticnet", "time_model_4_solver": "saga", "time_model_4_train_accuracy": 1.0, "time_model_4_train_balanced_accuracy": 1.0, "time_model_4_train_precision": 1.0, "time_model_4_train_recall": 1.0, "time_model_4_train_f1": 1.0, "time_model_4_test_accuracy": 0.8888888888888888, "time_model_4_test_balanced_accuracy": 0.8888888888888888, "time_model_4_test_precision": 1.0, "time_model_4_test_recall": 0.7777777777777778, "time_model_4_test_f1": 0.8750000000000001, "diet_model_4_val_0_f1": 0.5, "diet_model_4_val_1_f1": 0.5714285714285715, "diet_model_4_val_2_f1": 0.5, "diet_model_4_val_3_f1": 0.6666666666666666, "diet_model_4_val_4_f1": 0.8, "diet_model_4_val_5_f1": 0.6666666666666666, "diet_model_4_val_6_f1": 1.0, "diet_model_4_val_7_f1": 0.8, "diet_model_4_val_8_f1": 0.0, "diet_model_4_val_9_f1": 0.6666666666666666, "diet_model_4_C": 15.814592843367125, "diet_model_4_l1_ratio": 0.6364104112637804, "diet_model_4_penalty": "elasticnet", "diet_model_4_solver": "saga", "diet_model_4_train_accuracy": 1.0, "diet_model_4_train_balanced_accuracy": 1.0, "diet_model_4_train_precision": 1.0, "diet_model_4_train_recall": 1.0, "diet_model_4_train_f1": 1.0, "diet_model_4_test_accuracy": 1.0, "diet_model_4_test_balanced_accuracy": 1.0, "diet_model_4_test_precision": 1.0, "diet_model_4_test_recall": 1.0, "diet_model_4_test_f1": 1.0, "time_model_5_val_0_f1": 1.0, "time_model_5_val_1_f1": 0.8, "time_model_5_val_2_f1": 0.888888888888889, "time_model_5_val_3_f1": 0.5714285714285715, "time_model_5_val_4_f1": 0.8, "time_model_5_val_5_f1": 0.888888888888889, "time_model_5_val_6_f1": 0.8571428571428571, "time_model_5_val_7_f1": 1.0, "time_model_5_val_8_f1": 1.0, "time_model_5_val_9_f1": 0.8000000000000002, "time_model_5_C": 187.37005942368123, "time_model_5_l1_ratio": 0.9507143064099162, "time_model_5_penalty": "elasticnet", "time_model_5_solver": "saga", "time_model_5_train_accuracy": 1.0, "time_model_5_train_balanced_accuracy": 1.0,