{"time_model_1_val_0_f1": 1.0, "time_model_1_val_1_f1": 1.0, "time_model_1_val_2_f1": 1.0, "time_model_1_val_3_f1": 0.6666666666666666, "time_model_1_val_4_f1": 0.8, "time_model_1_val_5_f1": 0.888888888888889, "time_model_1_val_6_f1": 1.0, "time_model_1_val_7_f1": 0.75, "time_model_1_val_8_f1": 1.0, "time_model_1_val_9_f1": 0.8571428571428571, "time_model_1_C": 7.828308264433714, "time_model_1_l1_ratio": 0.9283185625877254, "time_model_1_penalty": "elasticnet", "time_model_1_solver": "saga", "time_model_1_train_accuracy": 0.9887640449438202, "_timestamp": 1729611366.3243449, "_runtime": 8965.14025092125, "_step": 99, "time_model_1_train_balanced_accuracy": 0.9878048780487805, "time_model_1_train_precision": 1.0, "time_model_1_train_recall": 0.975609756097561, "time_model_1_train_f1": 0.9876543209876543, "time_model_1_test_accuracy": 0.8, "time_model_1_test_balanced_accuracy": 0.797979797979798, "time_model_1_test_precision": 0.8181818181818182, "time_model_1_test_recall": 0.8181818181818182, "time_model_1_test_f1": 0.8181818181818182, "diet_model_1_val_0_f1": 0.6666666666666666, "diet_model_1_val_1_f1": 0.5, "diet_model_1_val_2_f1": 1.0, "diet_model_1_val_3_f1": 1.0, "diet_model_1_val_4_f1": 0.6666666666666666, "diet_model_1_val_5_f1": 0.6666666666666666, "diet_model_1_val_6_f1": 1.0, "diet_model_1_val_7_f1": 1.0, "diet_model_1_val_8_f1": 1.0, "diet_model_1_val_9_f1": 1.0, "diet_model_1_C": 6.17723734490817, "diet_model_1_l1_ratio": 0.969878826707639, "diet_model_1_penalty": "elasticnet", "diet_model_1_solver": "saga", "diet_model_1_train_accuracy": 0.9512195121951219, "diet_model_1_train_balanced_accuracy": 0.9504830917874396, "diet_model_1_train_precision": 0.9444444444444444, "diet_model_1_train_recall": 0.9444444444444444, "diet_model_1_train_f1": 0.9444444444444444, "diet_model_1_test_accuracy": 0.8181818181818182, "diet_model_1_test_balanced_accuracy": 0.8, "diet_model_1_test_precision": 1.0, "diet_model_1_test_recall": 0.6, "diet_model_1_test_f1": 0.7499999999999999, "time_model_2_val_0_f1": 1.0, "time_model_2_val_1_f1": 1.0, "time_model_2_val_2_f1": 0.8571428571428571, "time_model_2_val_3_f1": 0.8571428571428571, "time_model_2_val_4_f1": 0.8, "time_model_2_val_5_f1": 0.8, "time_model_2_val_6_f1": 1.0, "time_model_2_val_7_f1": 0.8000000000000002, "time_model_2_val_8_f1": 1.0, "time_model_2_val_9_f1": 0.6666666666666666, "time_model_2_C": 187.37005942368123, "time_model_2_l1_ratio": 0.9507143064099162, "time_model_2_penalty": "elasticnet", "time_model_2_solver": "saga", "time_model_2_train_accuracy": 1.0, "time_model_2_train_balanced_accuracy": 1.0, "time_model_2_train_precision": 1.0, "time_model_2_train_recall": 1.0, "time_model_2_train_f1": 1.0, "time_model_2_test_accuracy": 0.8571428571428571, "time_model_2_test_balanced_accuracy": 0.8590909090909091, "time_model_2_test_precision": 0.9, "time_model_2_test_recall": 0.8181818181818182, "time_model_2_test_f1": 0.8571428571428572, "diet_model_2_val_0_f1": 1.0, "diet_model_2_val_1_f1": 0.0, "diet_model_2_val_2_f1": 0.6666666666666666, "diet_model_2_val_3_f1": 0.8, "diet_model_2_val_4_f1": 1.0, "diet_model_2_val_5_f1": 1.0, "diet_model_2_val_6_f1": 1.0, "diet_model_2_val_7_f1": 1.0, "diet_model_2_val_8_f1": 0.6666666666666666, "diet_model_2_val_9_f1": 0.6666666666666666, "diet_model_2_C": 10.392247147901223, "diet_model_2_l1_ratio": 0.9699098521619943, "diet_model_2_penalty": "elasticnet", "diet_model_2_solver": "saga", "diet_model_2_train_accuracy": 1.0, "diet_model_2_train_balanced_accuracy": 1.0, "diet_model_2_train_precision": 1.0, "diet_model_2_train_recall": 1.0, "diet_model_2_train_f1": 1.0, "diet_model_2_test_accuracy": 0.8181818181818182, "diet_model_2_test_balanced_accuracy": 0.8, "diet_model_2_test_precision": 1.0, "diet_model_2_test_recall": 0.6, "diet_model_2_test_f1": 0.7499999999999999, "time_model_3_val_0_f1": 1.0, "time_model_3_val_1_f1": 1.0, "time_model_3_val_2_f1": 1.0, "time_model_3_val_3_f1": 0.8571428571428571, "time_model_3_val_4_f1": 0.6666666666666665, "time_model_3_val_5_f1": 0.8, "time_model_3_val_6_f1": 1.0, "time_model_3_val_7_f1": 0.888888888888889, "time_model_3_val_8_f1": 0.8571428571428571, "time_model_3_val_9_f1": 1.0, "time_model_3_C": 10.392247147901223, "time_model_3_l1_ratio": 0.9699098521619943, "time_model_3_penalty": "elasticnet", "time_model_3_solver": "saga", "time_model_3_train_accuracy": 1.0, "time_model_3_train_balanced_accuracy": 1.0, "time_model_3_train_precision": 1.0, "time_model_3_train_recall": 1.0, "time_model_3_train_f1": 1.0, "time_model_3_test_accuracy": 0.8636363636363636, "time_model_3_test_balanced_accuracy": 0.8636363636363636, "time_model_3_test_precision": 0.9, "time_model_3_test_recall": 0.8181818181818182, "time_model_3_test_f1": 0.8571428571428572, "diet_model_3_val_0_f1": 0.6666666666666666, "diet_model_3_val_1_f1": 1.0, "diet_model_3_val_2_f1": 0.6666666666666666, "diet_model_3_val_3_f1": 0.5, "diet_model_3_val_4_f1": 1.0, "diet_model_3_val_5_f1": 0.6666666666666666, "diet_model_3_val_6_f1": 1.0, "diet_model_3_val_7_f1": 1.0, "diet_model_3_val_8_f1": 0.5, "diet_model_3_val_9_f1": 1.0, "diet_model_3_C": 29.14180608409973, "diet_model_3_l1_ratio": 0.8661761457749352, "diet_model_3_penalty": "elasticnet", "diet_model_3_solver": "saga", "diet_model_3_train_accuracy": 1.0, "diet_model_3_train_balanced_accuracy": 1.0, "diet_model_3_train_precision": 1.0, "diet_model_3_train_recall": 1.0, "diet_model_3_train_f1": 1.0, "diet_model_3_test_accuracy": 0.6363636363636364, "diet_model_3_test_balanced_accuracy": 0.65, "diet_model_3_test_precision": 0.5714285714285714, "diet_model_3_test_recall": 0.8, "diet_model_3_test_f1": 0.6666666666666666, "time_model_4_val_0_f1": 1.0, "time_model_4_val_1_f1": 0.75, "time_model_4_val_2_f1": 0.75, "time_model_4_val_3_f1": 0.8571428571428571, "time_model_4_val_4_f1": 0.7272727272727273, "time_model_4_val_5_f1": 0.888888888888889, "time_model_4_val_6_f1": 1.0, "time_model_4_val_7_f1": 0.75, "time_model_4_val_8_f1": 1.0, "time_model_4_val_9_f1": 0.9090909090909091, "time_model_4_C": 9.155091910420253, "time_model_4_l1_ratio": 0.8721239089441515, "time_model_4_penalty": "elasticnet", "time_model_4_solver": "saga", "time_model_4_train_accuracy": 0.989010989010989, "time_model_4_train_balanced_accuracy": 0.9883720930232558, "time_model_4_train_precision": 1.0, "time_model_4_train_recall": 0.9767441860465116, "time_model_4_train_f1": 0.988235294117647, "time_model_4_test_accuracy": 0.8888888888888888, "time_model_4_test_balanced_accuracy": 0.8888888888888888, "time_model_4_test_precision": 0.8888888888888888, "time_model_4_test_recall": 0.8888888888888888, "time_model_4_test_f1": 0.8888888888888888, "diet_model_4_val_0_f1": 0.6666666666666666, "diet_model_4_val_1_f1": 0.5714285714285715, "diet_model_4_val_2_f1": 0.8, "diet_model_4_val_3_f1": 1.0, "diet_model_4_val_4_f1": 0.6666666666666666, "diet_model_4_val_5_f1": 1.0, "diet_model_4_val_6_f1": 1.0, "diet_model_4_val_7_f1": 1.0, "diet_model_4_val_8_f1": 0.0, "diet_model_4_val_9_f1": 1.0, "diet_model_4_C": 6.17723734490817, "diet_model_4_l1_ratio": 0.969878826707639, "diet_model_4_penalty": "elasticnet", "diet_model_4_solver": "saga", "diet_model_4_train_accuracy": 0.9534883720930233, "diet_model_4_train_balanced_accuracy": 0.9473684210526316, "diet_model_4_train_precision": 1.0, "diet_model_4_train_recall": 0.8947368421052632, "diet_model_4_train_f1": 0.9444444444444444, "diet_model_4_test_accuracy": 1.0, "diet_model_4_test_balanced_accuracy": 1.0, "diet_model_4_test_precision": 1.0, "diet_model_4_test_recall": 1.0, "diet_model_4_test_f1": 1.0, "time_model_5_val_0_f1": 1.0, "time_model_5_val_1_f1": 1.0, "time_model_5_val_2_f1": 0.8571428571428571, "time_model_5_val_3_f1": 0.5714285714285715, "time_model_5_val_4_f1": 0.8, "time_model_5_val_5_f1": 0.8, "time_model_5_val_6_f1": 0.8571428571428571, "time_model_5_val_7_f1": 1.0, "time_model_5_val_8_f1": 1.0, "time_model_5_val_9_f1": 1.0, "time_model_5_C": 9.155091910420253,