{"time_model_1_val_0_f1": 1.0, "time_model_1_val_1_f1": 1.0, "time_model_1_val_2_f1": 0.888888888888889, "time_model_1_val_3_f1": 0.75, "time_model_1_val_4_f1": 0.888888888888889, "time_model_1_val_5_f1": 0.6666666666666665, "time_model_1_val_6_f1": 0.888888888888889, "time_model_1_val_7_f1": 0.6666666666666666, "time_model_1_val_8_f1": 0.888888888888889, "time_model_1_val_9_f1": 0.8571428571428571, "time_model_1_C": 2.6307919231093435, "time_model_1_l1_ratio": 0.16080805141749865, "time_model_1_penalty": "elasticnet", "time_model_1_solver": "saga", "time_model_1_train_accuracy": 1.0, "_timestamp": 1729595617.2815685, "_runtime": 7831.113159418106, "_step": 99, "time_model_1_train_balanced_accuracy": 1.0, "time_model_1_train_precision": 1.0, "time_model_1_train_recall": 1.0, "time_model_1_train_f1": 1.0, "time_model_1_test_accuracy": 0.85, "time_model_1_test_balanced_accuracy": 0.8434343434343434, "time_model_1_test_precision": 0.8333333333333334, "time_model_1_test_recall": 0.9090909090909091, "time_model_1_test_f1": 0.8695652173913043, "diet_model_1_val_0_f1": 1.0, "diet_model_1_val_1_f1": 0.6666666666666666, "diet_model_1_val_2_f1": 0.0, "diet_model_1_val_3_f1": 1.0, "diet_model_1_val_4_f1": 0.6666666666666666, "diet_model_1_val_5_f1": 1.0, "diet_model_1_val_6_f1": 1.0, "diet_model_1_val_7_f1": 0.8, "diet_model_1_val_8_f1": 0.6666666666666666, "diet_model_1_val_9_f1": 1.0, "diet_model_1_C": 73.63674046451897, "diet_model_1_l1_ratio": 0.9265876251614944, "diet_model_1_penalty": "elasticnet", "diet_model_1_solver": "saga", "diet_model_1_train_accuracy": 1.0, "diet_model_1_train_balanced_accuracy": 1.0, "diet_model_1_train_precision": 1.0, "diet_model_1_train_recall": 1.0, "diet_model_1_train_f1": 1.0, "diet_model_1_test_accuracy": 0.8181818181818182, "diet_model_1_test_balanced_accuracy": 0.8, "diet_model_1_test_precision": 1.0, "diet_model_1_test_recall": 0.6, "diet_model_1_test_f1": 0.7499999999999999, "time_model_2_val_0_f1": 1.0, "time_model_2_val_1_f1": 1.0, "time_model_2_val_2_f1": 0.8, "time_model_2_val_3_f1": 0.8571428571428571, "time_model_2_val_4_f1": 0.888888888888889, "time_model_2_val_5_f1": 1.0, "time_model_2_val_6_f1": 0.888888888888889, "time_model_2_val_7_f1": 0.888888888888889, "time_model_2_val_8_f1": 0.75, "time_model_2_val_9_f1": 0.5714285714285715, "time_model_2_C": 15.814592843367125, "time_model_2_l1_ratio": 0.6364104112637804, "time_model_2_penalty": "elasticnet", "time_model_2_solver": "saga", "time_model_2_train_accuracy": 1.0, "time_model_2_train_balanced_accuracy": 1.0, "time_model_2_train_precision": 1.0, "time_model_2_train_recall": 1.0, "time_model_2_train_f1": 1.0, "time_model_2_test_accuracy": 0.7142857142857143, "time_model_2_test_balanced_accuracy": 0.7181818181818183, "time_model_2_test_precision": 0.7777777777777778, "time_model_2_test_recall": 0.6363636363636364, "time_model_2_test_f1": 0.7000000000000001, "diet_model_2_val_0_f1": 0.6666666666666666, "diet_model_2_val_1_f1": 0.0, "diet_model_2_val_2_f1": 1.0, "diet_model_2_val_3_f1": 0.6666666666666666, "diet_model_2_val_4_f1": 1.0, "diet_model_2_val_5_f1": 1.0, "diet_model_2_val_6_f1": 0.8, "diet_model_2_val_7_f1": 1.0, "diet_model_2_val_8_f1": 1.0, "diet_model_2_val_9_f1": 1.0, "diet_model_2_C": 6.647228294166817, "diet_model_2_l1_ratio": 0.6635373720167106, "diet_model_2_penalty": "elasticnet", "diet_model_2_solver": "saga", "diet_model_2_train_accuracy": 1.0, "diet_model_2_train_balanced_accuracy": 1.0, "diet_model_2_train_precision": 1.0, "diet_model_2_train_recall": 1.0, "diet_model_2_train_f1": 1.0, "diet_model_2_test_accuracy": 0.7272727272727273, "diet_model_2_test_balanced_accuracy": 0.7166666666666667, "diet_model_2_test_precision": 0.75, "diet_model_2_test_recall": 0.6, "diet_model_2_test_f1": 0.6666666666666665, "time_model_3_val_0_f1": 1.0, "time_model_3_val_1_f1": 1.0, "time_model_3_val_2_f1": 1.0, "time_model_3_val_3_f1": 1.0, "time_model_3_val_4_f1": 0.6, "time_model_3_val_5_f1": 0.8571428571428571, "time_model_3_val_6_f1": 0.888888888888889, "time_model_3_val_7_f1": 1.0, "time_model_3_val_8_f1": 0.75, "time_model_3_val_9_f1": 1.0, "time_model_3_C": 83.2416843780397, "time_model_3_l1_ratio": 0.7380336164263704, "time_model_3_penalty": "elasticnet", "time_model_3_solver": "saga", "time_model_3_train_accuracy": 1.0, "time_model_3_train_balanced_accuracy": 1.0, "time_model_3_train_precision": 1.0, "time_model_3_train_recall": 1.0, "time_model_3_train_f1": 1.0, "time_model_3_test_accuracy": 0.8636363636363636, "time_model_3_test_balanced_accuracy": 0.8636363636363636, "time_model_3_test_precision": 0.9, "time_model_3_test_recall": 0.8181818181818182, "time_model_3_test_f1": 0.8571428571428572, "diet_model_3_val_0_f1": 0.0, "diet_model_3_val_1_f1": 1.0, "diet_model_3_val_2_f1": 1.0, "diet_model_3_val_3_f1": 0.8, "diet_model_3_val_4_f1": 0.5, "diet_model_3_val_5_f1": 1.0, "diet_model_3_val_6_f1": 1.0, "diet_model_3_val_7_f1": 1.0, "diet_model_3_val_8_f1": 0.0, "diet_model_3_val_9_f1": 1.0, "diet_model_3_C": 10.135598888863184, "diet_model_3_l1_ratio": 0.3220791655831783, "diet_model_3_penalty": "elasticnet", "diet_model_3_solver": "saga", "diet_model_3_train_accuracy": 1.0, "diet_model_3_train_balanced_accuracy": 1.0, "diet_model_3_train_precision": 1.0, "diet_model_3_train_recall": 1.0, "diet_model_3_train_f1": 1.0, "diet_model_3_test_accuracy": 0.6363636363636364, "diet_model_3_test_balanced_accuracy": 0.65, "diet_model_3_test_precision": 0.5714285714285714, "diet_model_3_test_recall": 0.8, "diet_model_3_test_f1": 0.6666666666666666, "time_model_4_val_0_f1": 0.888888888888889, "time_model_4_val_1_f1": 1.0, "time_model_4_val_2_f1": 1.0, "time_model_4_val_3_f1": 0.75, "time_model_4_val_4_f1": 0.6666666666666665, "time_model_4_val_5_f1": 0.888888888888889, "time_model_4_val_6_f1": 1.0, "time_model_4_val_7_f1": 0.8571428571428571, "time_model_4_val_8_f1": 1.0, "time_model_4_val_9_f1": 0.888888888888889, "time_model_4_C": 2.6307919231093435, "time_model_4_l1_ratio": 0.16080805141749865, "time_model_4_penalty": "elasticnet", "time_model_4_solver": "saga", "time_model_4_train_accuracy": 1.0, "time_model_4_train_balanced_accuracy": 1.0, "time_model_4_train_precision": 1.0, "time_model_4_train_recall": 1.0, "time_model_4_train_f1": 1.0, "time_model_4_test_accuracy": 0.8888888888888888, "time_model_4_test_balanced_accuracy": 0.8888888888888888, "time_model_4_test_precision": 0.8888888888888888, "time_model_4_test_recall": 0.8888888888888888, "time_model_4_test_f1": 0.8888888888888888, "diet_model_4_val_0_f1": 1.0, "diet_model_4_val_1_f1": 0.8, "diet_model_4_val_2_f1": 0.8, "diet_model_4_val_3_f1": 0.6666666666666666, "diet_model_4_val_4_f1": 0.6666666666666666, "diet_model_4_val_5_f1": 0.5, "diet_model_4_val_6_f1": 0.8, "diet_model_4_val_7_f1": 0.6666666666666666, "diet_model_4_val_8_f1": 0.0, "diet_model_4_val_9_f1": 0.6666666666666666, "diet_model_4_C": 228.13499210851796, "diet_model_4_l1_ratio": 0.7851759613930136, "diet_model_4_penalty": "elasticnet", "diet_model_4_solver": "saga", "diet_model_4_train_accuracy": 1.0, "diet_model_4_train_balanced_accuracy": 1.0, "diet_model_4_train_precision": 1.0, "diet_model_4_train_recall": 1.0, "diet_model_4_train_f1": 1.0, "diet_model_4_test_accuracy": 0.8888888888888888, "diet_model_4_test_balanced_accuracy": 0.875, "diet_model_4_test_precision": 1.0, "diet_model_4_test_recall": 0.75, "diet_model_4_test_f1": 0.8571428571428571, "time_model_5_val_0_f1": 0.8571428571428571, "time_model_5_val_1_f1": 0.888888888888889, "time_model_5_val_2_f1": 0.8571428571428571, "time_model_5_val_3_f1": 0.6666666666666666, "time_model_5_val_4_f1": 0.8, "time_model_5_val_5_f1": 0.8, "time_model_5_val_6_f1": 0.8571428571428571, "time_model_5_val_7_f1": 0.8571428571428571, "time_model_5_val_8_f1": 0.8000000000000002, "time_model_5_val_9_f1": 0.7499999999999999, "time_model_5_C": 50.489000688713325, "time_model_5_l1_ratio": 0.018221825651549728, "time_model_5_penalty": "elasticnet", "time_model_5_solver": "saga",