{"time_model_1_val_0_f1": 1.0, "time_model_1_val_1_f1": 1.0, "time_model_1_val_2_f1": 0.8888888888888888, "time_model_1_val_3_f1": 0.6666666666666666, "time_model_1_val_4_f1": 0.8888888888888888, "time_model_1_val_5_f1": 1.0, "time_model_1_val_6_f1": 1.0, "time_model_1_val_7_f1": 0.75, "time_model_1_val_8_f1": 1.0, "time_model_1_val_9_f1": 0.8571428571428571, "time_model_1_C": 45.244885027204155, "time_model_1_l1_ratio": 0.835302495589238, "time_model_1_penalty": "elasticnet", "time_model_1_solver": "saga", "time_model_1_train_accuracy": 1.0, "_timestamp": 1728684861.138538, "_runtime": 1505.9358448982239, "_step": 99, "time_model_1_train_balanced_accuracy": 1.0, "time_model_1_train_precision": 1.0, "time_model_1_train_recall": 1.0, "time_model_1_train_f1": 1.0, "time_model_1_test_accuracy": 0.8, "time_model_1_test_balanced_accuracy": 0.8080808080808081, "time_model_1_test_precision": 0.8888888888888888, "time_model_1_test_recall": 0.7272727272727273, "time_model_1_test_f1": 0.8, "diet_model_1_val_0_f1": 0.6666666666666666, "diet_model_1_val_1_f1": 0.6666666666666666, "diet_model_1_val_2_f1": 1.0, "diet_model_1_val_3_f1": 1.0, "diet_model_1_val_4_f1": 0.8, "diet_model_1_val_5_f1": 0.6666666666666666, "diet_model_1_val_6_f1": 1.0, "diet_model_1_val_7_f1": 1.0, "diet_model_1_val_8_f1": 0.5, "diet_model_1_val_9_f1": 0.0, "diet_model_1_C": 14.491338156669487, "diet_model_1_l1_ratio": 0.755137255673619, "diet_model_1_penalty": "elasticnet", "diet_model_1_solver": "saga", "diet_model_1_train_accuracy": 1.0, "diet_model_1_train_balanced_accuracy": 1.0, "diet_model_1_train_precision": 1.0, "diet_model_1_train_recall": 1.0, "diet_model_1_train_f1": 1.0, "diet_model_1_test_accuracy": 0.7272727272727273, "diet_model_1_test_balanced_accuracy": 0.7166666666666667, "diet_model_1_test_precision": 0.75, "diet_model_1_test_recall": 0.6, "diet_model_1_test_f1": 0.6666666666666666, "time_model_2_val_0_f1": 1.0, "time_model_2_val_1_f1": 0.8888888888888888, "time_model_2_val_2_f1": 0.75, "time_model_2_val_3_f1": 0.8888888888888888, "time_model_2_val_4_f1": 0.6666666666666666, "time_model_2_val_5_f1": 0.8888888888888888, "time_model_2_val_6_f1": 1.0, "time_model_2_val_7_f1": 0.8, "time_model_2_val_8_f1": 1.0, "time_model_2_val_9_f1": 0.6666666666666666, "time_model_2_C": 47.80505824520566, "time_model_2_penalty": "l2", "time_model_2_solver": "lbfgs", "time_model_2_train_accuracy": 1.0, "time_model_2_train_balanced_accuracy": 1.0, "time_model_2_train_precision": 1.0, "time_model_2_train_recall": 1.0, "time_model_2_train_f1": 1.0, "time_model_2_test_accuracy": 0.9047619047619048, "time_model_2_test_balanced_accuracy": 0.9045454545454545, "time_model_2_test_precision": 0.9090909090909091, "time_model_2_test_recall": 0.9090909090909091, "time_model_2_test_f1": 0.9090909090909091, "diet_model_2_val_0_f1": 1.0, "diet_model_2_val_1_f1": 0.0, "diet_model_2_val_2_f1": 0.6666666666666666, "diet_model_2_val_3_f1": 1.0, "diet_model_2_val_4_f1": 1.0, "diet_model_2_val_5_f1": 0.6666666666666666, "diet_model_2_val_6_f1": 1.0, "diet_model_2_val_7_f1": 0.6666666666666666, "diet_model_2_val_8_f1": 1.0, "diet_model_2_val_9_f1": 1.0, "diet_model_2_C": 10.392247147901223, "diet_model_2_l1_ratio": 0.9699098521619943, "diet_model_2_penalty": "elasticnet", "diet_model_2_solver": "saga", "diet_model_2_train_accuracy": 1.0, "diet_model_2_train_balanced_accuracy": 1.0, "diet_model_2_train_precision": 1.0, "diet_model_2_train_recall": 1.0, "diet_model_2_train_f1": 1.0, "diet_model_2_test_accuracy": 0.7272727272727273, "diet_model_2_test_balanced_accuracy": 0.7166666666666667, "diet_model_2_test_precision": 0.75, "diet_model_2_test_recall": 0.6, "diet_model_2_test_f1": 0.6666666666666666, "time_model_3_val_0_f1": 1.0, "time_model_3_val_1_f1": 0.8888888888888888, "time_model_3_val_2_f1": 0.8571428571428571, "time_model_3_val_3_f1": 0.8571428571428571, "time_model_3_val_4_f1": 0.6666666666666666, "time_model_3_val_5_f1": 0.8888888888888888, "time_model_3_val_6_f1": 1.0, "time_model_3_val_7_f1": 0.8888888888888888, "time_model_3_val_8_f1": 1.0, "time_model_3_val_9_f1": 1.0, "time_model_3_C": 332.61833727312774, "time_model_3_penalty": "l1", "time_model_3_solver": "liblinear", "time_model_3_train_accuracy": 1.0, "time_model_3_train_balanced_accuracy": 1.0, "time_model_3_train_precision": 1.0, "time_model_3_train_recall": 1.0, "time_model_3_train_f1": 1.0, "time_model_3_test_accuracy": 0.8636363636363636, "time_model_3_test_balanced_accuracy": 0.8636363636363636, "time_model_3_test_precision": 0.9, "time_model_3_test_recall": 0.8181818181818182, "time_model_3_test_f1": 0.8571428571428571, "diet_model_3_val_0_f1": 0.6666666666666666, "diet_model_3_val_1_f1": 1.0, "diet_model_3_val_2_f1": 0.6666666666666666, "diet_model_3_val_3_f1": 0.8, "diet_model_3_val_4_f1": 0.8, "diet_model_3_val_5_f1": 1.0, "diet_model_3_val_6_f1": 1.0, "diet_model_3_val_7_f1": 1.0, "diet_model_3_val_8_f1": 0.5, "diet_model_3_val_9_f1": 0.5, "diet_model_3_C": 317.27567235068193, "diet_model_3_penalty": "l1", "diet_model_3_solver": "liblinear", "diet_model_3_train_accuracy": 1.0, "diet_model_3_train_balanced_accuracy": 1.0, "diet_model_3_train_precision": 1.0, "diet_model_3_train_recall": 1.0, "diet_model_3_train_f1": 1.0, "diet_model_3_test_accuracy": 0.8181818181818182, "diet_model_3_test_balanced_accuracy": 0.8166666666666667, "diet_model_3_test_precision": 0.8, "diet_model_3_test_recall": 0.8, "diet_model_3_test_f1": 0.8, "time_model_4_val_0_f1": 1.0, "time_model_4_val_1_f1": 0.8888888888888888, "time_model_4_val_2_f1": 0.8571428571428571, "time_model_4_val_3_f1": 0.8571428571428571, "time_model_4_val_4_f1": 0.7272727272727273, "time_model_4_val_5_f1": 0.8888888888888888, "time_model_4_val_6_f1": 1.0, "time_model_4_val_7_f1": 0.75, "time_model_4_val_8_f1": 0.8888888888888888, "time_model_4_val_9_f1": 0.8888888888888888, "time_model_4_C": 47.80505824520566, "time_model_4_penalty": "l2", "time_model_4_solver": "lbfgs", "time_model_4_train_accuracy": 1.0, "time_model_4_train_balanced_accuracy": 1.0, "time_model_4_train_precision": 1.0, "time_model_4_train_recall": 1.0, "time_model_4_train_f1": 1.0, "time_model_4_test_accuracy": 0.8888888888888888, "time_model_4_test_balanced_accuracy": 0.8888888888888888, "time_model_4_test_precision": 1.0, "time_model_4_test_recall": 0.7777777777777778, "time_model_4_test_f1": 0.875, "diet_model_4_val_0_f1": 0.6666666666666666, "diet_model_4_val_1_f1": 0.6666666666666666, "diet_model_4_val_2_f1": 1.0, "diet_model_4_val_3_f1": 0.6666666666666666, "diet_model_4_val_4_f1": 0.6666666666666666, "diet_model_4_val_5_f1": 1.0, "diet_model_4_val_6_f1": 1.0, "diet_model_4_val_7_f1": 1.0, "diet_model_4_val_8_f1": 0.8, "diet_model_4_val_9_f1": 1.0, "diet_model_4_C": 441.8470111331295, "diet_model_4_penalty": "l1", "diet_model_4_solver": "liblinear", "diet_model_4_train_accuracy": 1.0, "diet_model_4_train_balanced_accuracy": 1.0, "diet_model_4_train_precision": 1.0, "diet_model_4_train_recall": 1.0, "diet_model_4_train_f1": 1.0, "diet_model_4_test_accuracy": 1.0, "diet_model_4_test_balanced_accuracy": 1.0, "diet_model_4_test_precision": 1.0, "diet_model_4_test_recall": 1.0, "diet_model_4_test_f1": 1.0, "time_model_5_val_0_f1": 1.0, "time_model_5_val_1_f1": 1.0, "time_model_5_val_2_f1": 1.0, "time_model_5_val_3_f1": 0.8571428571428571, "time_model_5_val_4_f1": 0.6666666666666666, "time_model_5_val_5_f1": 1.0, "time_model_5_val_6_f1": 0.8571428571428571, "time_model_5_val_7_f1": 1.0, "time_model_5_val_8_f1": 1.0, "time_model_5_val_9_f1": 1.0, "time_model_5_C": 317.27567235068193, "time_model_5_penalty": "l1", "time_model_5_solver": "liblinear", "time_model_5_train_accuracy": 1.0, "time_model_5_train_balanced_accuracy": 1.0, "time_model_5_train_precision": 1.0, "time_model_5_train_recall": 1.0, "time_model_5_train_f1": 1.0, "time_model_5_test_accuracy": 0.7368421052631579, "time_model_5_test_balanced_accuracy": 0.7277777777777779, "time_model_5_test_precision": 0.6923076923076923, "time_model_5_test_recall": 0.9,