{"time_model_1_val_0_f1": 1.0, "time_model_1_val_1_f1": 1.0, "time_model_1_val_2_f1": 0.888888888888889, "time_model_1_val_3_f1": 0.6666666666666666, "time_model_1_val_4_f1": 0.888888888888889, "time_model_1_val_5_f1": 0.888888888888889, "time_model_1_val_6_f1": 1.0, "time_model_1_val_7_f1": 0.75, "time_model_1_val_8_f1": 0.9090909090909091, "time_model_1_val_9_f1": 1.0, "time_model_1_C": 13.41218238655718, "time_model_1_l1_ratio": 0.4941491215472047, "time_model_1_penalty": "elasticnet", "time_model_1_solver": "saga", "time_model_1_train_accuracy": 0.9775280898876404, "_timestamp": 1729481775.3388886, "_runtime": 7820.33447766304, "_step": 99, "time_model_1_train_balanced_accuracy": 0.975609756097561, "time_model_1_train_precision": 1.0, "time_model_1_train_recall": 0.9512195121951219, "time_model_1_train_f1": 0.975, "time_model_1_test_accuracy": 0.9, "time_model_1_test_balanced_accuracy": 0.898989898989899, "time_model_1_test_precision": 0.9090909090909091, "time_model_1_test_recall": 0.9090909090909091, "time_model_1_test_f1": 0.9090909090909091, "diet_model_1_val_0_f1": 0.6666666666666666, "diet_model_1_val_1_f1": 0.6666666666666666, "diet_model_1_val_2_f1": 1.0, "diet_model_1_val_3_f1": 1.0, "diet_model_1_val_4_f1": 1.0, "diet_model_1_val_5_f1": 0.6666666666666666, "diet_model_1_val_6_f1": 1.0, "diet_model_1_val_7_f1": 1.0, "diet_model_1_val_8_f1": 1.0, "diet_model_1_val_9_f1": 0.6666666666666666, "diet_model_1_C": 322.1717680341675, "diet_model_1_l1_ratio": 0.38074848963511654, "diet_model_1_penalty": "elasticnet", "diet_model_1_solver": "saga", "diet_model_1_train_accuracy": 1.0, "diet_model_1_train_balanced_accuracy": 1.0, "diet_model_1_train_precision": 1.0, "diet_model_1_train_recall": 1.0, "diet_model_1_train_f1": 1.0, "diet_model_1_test_accuracy": 0.7272727272727273, "diet_model_1_test_balanced_accuracy": 0.7166666666666667, "diet_model_1_test_precision": 0.75, "diet_model_1_test_recall": 0.6, "diet_model_1_test_f1": 0.6666666666666665, "time_model_2_val_0_f1": 1.0, "time_model_2_val_1_f1": 1.0, "time_model_2_val_2_f1": 0.888888888888889, "time_model_2_val_3_f1": 0.5714285714285715, "time_model_2_val_4_f1": 0.888888888888889, "time_model_2_val_5_f1": 0.8, "time_model_2_val_6_f1": 1.0, "time_model_2_val_7_f1": 0.8000000000000002, "time_model_2_val_8_f1": 1.0, "time_model_2_val_9_f1": 0.6666666666666666, "time_model_2_C": 331.6239526678343, "time_model_2_l1_ratio": 0.16365072610275333, "time_model_2_penalty": "elasticnet", "time_model_2_solver": "saga", "time_model_2_train_accuracy": 1.0, "time_model_2_train_balanced_accuracy": 1.0, "time_model_2_train_precision": 1.0, "time_model_2_train_recall": 1.0, "time_model_2_train_f1": 1.0, "time_model_2_test_accuracy": 0.9047619047619048, "time_model_2_test_balanced_accuracy": 0.9045454545454545, "time_model_2_test_precision": 0.9090909090909091, "time_model_2_test_recall": 0.9090909090909091, "time_model_2_test_f1": 0.9090909090909091, "diet_model_2_val_0_f1": 1.0, "diet_model_2_val_1_f1": 0.0, "diet_model_2_val_2_f1": 0.6666666666666666, "diet_model_2_val_3_f1": 1.0, "diet_model_2_val_4_f1": 1.0, "diet_model_2_val_5_f1": 0.6666666666666666, "diet_model_2_val_6_f1": 1.0, "diet_model_2_val_7_f1": 1.0, "diet_model_2_val_8_f1": 0.8, "diet_model_2_val_9_f1": 0.6666666666666666, "diet_model_2_C": 69.01343972640973, "diet_model_2_l1_ratio": 0.6180010238283985, "diet_model_2_penalty": "elasticnet", "diet_model_2_solver": "saga", "diet_model_2_train_accuracy": 1.0, "diet_model_2_train_balanced_accuracy": 1.0, "diet_model_2_train_precision": 1.0, "diet_model_2_train_recall": 1.0, "diet_model_2_train_f1": 1.0, "diet_model_2_test_accuracy": 0.8181818181818182, "diet_model_2_test_balanced_accuracy": 0.8, "diet_model_2_test_precision": 1.0, "diet_model_2_test_recall": 0.6, "diet_model_2_test_f1": 0.7499999999999999, "time_model_3_val_0_f1": 1.0, "time_model_3_val_1_f1": 0.888888888888889, "time_model_3_val_2_f1": 1.0, "time_model_3_val_3_f1": 0.8571428571428571, "time_model_3_val_4_f1": 0.6666666666666665, "time_model_3_val_5_f1": 0.888888888888889, "time_model_3_val_6_f1": 1.0, "time_model_3_val_7_f1": 0.888888888888889, "time_model_3_val_8_f1": 0.888888888888889, "time_model_3_val_9_f1": 1.0, "time_model_3_C": 25.315376197986694, "time_model_3_l1_ratio": 0.031066724263415058, "time_model_3_penalty": "elasticnet", "time_model_3_solver": "saga", "time_model_3_train_accuracy": 1.0, "time_model_3_train_balanced_accuracy": 1.0, "time_model_3_train_precision": 1.0, "time_model_3_train_recall": 1.0, "time_model_3_train_f1": 1.0, "time_model_3_test_accuracy": 0.8636363636363636, "time_model_3_test_balanced_accuracy": 0.8636363636363636, "time_model_3_test_precision": 0.9, "time_model_3_test_recall": 0.8181818181818182, "time_model_3_test_f1": 0.8571428571428572, "diet_model_3_val_0_f1": 0.6666666666666666, "diet_model_3_val_1_f1": 1.0, "diet_model_3_val_2_f1": 0.6666666666666666, "diet_model_3_val_3_f1": 0.8, "diet_model_3_val_4_f1": 0.8, "diet_model_3_val_5_f1": 1.0, "diet_model_3_val_6_f1": 1.0, "diet_model_3_val_7_f1": 1.0, "diet_model_3_val_8_f1": 0.6666666666666666, "diet_model_3_val_9_f1": 0.6666666666666666, "diet_model_3_C": 9.94943298538865, "diet_model_3_l1_ratio": 0.7137120792318457, "diet_model_3_penalty": "elasticnet", "diet_model_3_solver": "saga", "diet_model_3_train_accuracy": 1.0, "diet_model_3_train_balanced_accuracy": 1.0, "diet_model_3_train_precision": 1.0, "diet_model_3_train_recall": 1.0, "diet_model_3_train_f1": 1.0, "diet_model_3_test_accuracy": 0.6363636363636364, "diet_model_3_test_balanced_accuracy": 0.65, "diet_model_3_test_precision": 0.5714285714285714, "diet_model_3_test_recall": 0.8, "diet_model_3_test_f1": 0.6666666666666666, "time_model_4_val_0_f1": 1.0, "time_model_4_val_1_f1": 1.0, "time_model_4_val_2_f1": 0.8571428571428571, "time_model_4_val_3_f1": 0.8571428571428571, "time_model_4_val_4_f1": 0.8, "time_model_4_val_5_f1": 0.888888888888889, "time_model_4_val_6_f1": 1.0, "time_model_4_val_7_f1": 0.75, "time_model_4_val_8_f1": 1.0, "time_model_4_val_9_f1": 1.0, "time_model_4_C": 48.42474775064644, "time_model_4_l1_ratio": 0.44218659597677257, "time_model_4_penalty": "elasticnet", "time_model_4_solver": "saga", "time_model_4_train_accuracy": 1.0, "time_model_4_train_balanced_accuracy": 1.0, "time_model_4_train_precision": 1.0, "time_model_4_train_recall": 1.0, "time_model_4_train_f1": 1.0, "time_model_4_test_accuracy": 0.8333333333333334, "time_model_4_test_balanced_accuracy": 0.8333333333333333, "time_model_4_test_precision": 0.8, "time_model_4_test_recall": 0.8888888888888888, "time_model_4_test_f1": 0.8421052631578948, "diet_model_4_val_0_f1": 0.6666666666666666, "diet_model_4_val_1_f1": 0.8, "diet_model_4_val_2_f1": 0.8, "diet_model_4_val_3_f1": 1.0, "diet_model_4_val_4_f1": 1.0, "diet_model_4_val_5_f1": 1.0, "diet_model_4_val_6_f1": 1.0, "diet_model_4_val_7_f1": 1.0, "diet_model_4_val_8_f1": 0.0, "diet_model_4_val_9_f1": 0.0, "diet_model_4_C": 8.408596026234738, "diet_model_4_l1_ratio": 0.9277563504625169, "diet_model_4_penalty": "elasticnet", "diet_model_4_solver": "saga", "diet_model_4_train_accuracy": 1.0, "diet_model_4_train_balanced_accuracy": 1.0, "diet_model_4_train_precision": 1.0, "diet_model_4_train_recall": 1.0, "diet_model_4_train_f1": 1.0, "diet_model_4_test_accuracy": 0.8888888888888888, "diet_model_4_test_balanced_accuracy": 0.875, "diet_model_4_test_precision": 1.0, "diet_model_4_test_recall": 0.75, "diet_model_4_test_f1": 0.8571428571428571, "time_model_5_val_0_f1": 1.0, "time_model_5_val_1_f1": 0.888888888888889, "time_model_5_val_2_f1": 1.0, "time_model_5_val_3_f1": 0.5714285714285715, "time_model_5_val_4_f1": 0.888888888888889, "time_model_5_val_5_f1": 0.888888888888889, "time_model_5_val_6_f1": 0.8571428571428571, "time_model_5_val_7_f1": 1.0, "time_model_5_val_8_f1": 0.8000000000000002, "time_model_5_val_9_f1": 1.0, "time_model_5_C": 97.98562838501252, "time_model_5_l1_ratio": 0.9941936842973615, "time_model_5_penalty": "elasticnet",