	baseline	endpoint
COG0001	-0.586279948932213	0.5862799489322129
COG0002	-1.3909911239372996	1.3909911239372994
COG0003	0.7102141016028516	-0.7102141016028514
COG0004	-0.7426030402719396	0.7426030402719395
COG0005	1.2102720912705476	-1.2102720912705476
COG0006	-1.2763056904967234	1.2763056904967232
COG0007	0.5319007350662569	-0.5319007350662568
COG0008	-0.5403496756504067	0.5403496756504066
COG0009	0.5004953178694176	-0.5004953178694177
COG0010	-1.6195651739616221	1.619565173961622
COG0011	0.30592591417589937	-0.3059259141758993
COG0012	-0.9659704391574818	0.9659704391574817
COG0013	0.6314877400577146	-0.6314877400577145
COG0014	0.23023279154275816	-0.23023279154275814
COG0015	0.20180793385378587	-0.20180793385378562
COG0016	-0.8735604615040227	0.8735604615040226
COG0017	0.05398656843024438	-0.053986568430244374
COG0018	-0.8081304661397797	0.8081304661397797
COG0019	0.19703293568688143	-0.1970329356868814
COG0020	-0.8687624854546098	0.8687624854546097
COG0021	-1.1809820571406187	1.1809820571406184
COG0022	1.2628438984580619	-1.2628438984580614
COG0024	-1.6211624128438777	1.6211624128438775
COG0025	1.6234670066036667	-1.6234670066036667
COG0026	0.395790584596372	-0.3957905845963722
COG0027	0.731238907495895	-0.7312389074958952
COG0028	0.8516586936853523	-0.8516586936853522
COG0029	0.35447385582054436	-0.35447385582054436
COG0030	0.7440387970845432	-0.7440387970845431
COG0031	0.32747044473210535	-0.32747044473210535
COG0033	-1.0171766641811748	1.0171766641811748
COG0034	0.6153529263441582	-0.6153529263441581
COG0035	-0.9876701379635044	0.9876701379635043
COG0036	0.4653528010901487	-0.46535280109014865
COG0037	-0.40849684235761946	0.4084968423576194
COG0038	0.1397557089053858	-0.13975570890538602
COG0039	1.199230109155428	-1.1992301091554278
COG0040	1.1602487862019222	-1.160248786201922
COG0041	-0.2818705860660689	0.28187058606606885
COG0042	1.7693375011295855	-1.7693375011295855
COG0043	0.7064518237647037	-0.7064518237647036
COG0044	0.3712325950105083	-0.3712325950105085
COG0045	0.10670172957525782	-0.10670172957525781
COG0046	0.37416246656607655	-0.37416246656607627
COG0047	0.8628695656272852	-0.8628695656272853
COG0048	-0.030613842037463646	0.030613842037463642
COG0049	-1.242385424835874	1.2423854248358739
COG0050	-0.6270888233732036	0.6270888233732035
COG0051	0.9112753211133148	-0.911275321113315
COG0052	1.346753437365253	-1.3467534373652525
COG0053	-1.0392859350884533	1.0392859350884531
COG0054	0.26417179253765255	-0.2641717925376523
COG0055	1.4400119561929057	-1.4400119561929057
COG0056	-1.1452941473493936	1.1452941473493934
COG0057	-0.30692357739935805	0.30692357739935805
COG0058	-1.5955581739476057	1.5955581739476057
COG0059	-0.8268817341455799	0.8268817341455797
COG0060	-0.23980696648222632	0.2398069664822263
COG0061	-0.5504829347143277	0.5504829347143277
COG0062	-0.01324186625125663	0.013241866251256628
COG0063	1.277507741182316	-1.2775077411823157
COG0064	-1.4996848965415608	1.4996848965415606
COG0065	-1.253272833225524	1.253272833225524
COG0066	1.7119360671956203	-1.7119360671956203
COG0067	-0.2783199155969399	0.2783199155969399
COG0068	-0.5479048318953093	0.5479048318953091
COG0069	-0.5022893724372725	0.5022893724372723
COG0070	-0.2655137901886034	0.2655137901886033
COG0071	1.5233119879652233	-1.5233119879652228
COG0072	1.134109549400047	-1.1341095494000468
COG0073	-1.3676204107836716	1.3676204107836714
COG0074	0.4659763369613485	-0.4659763369613482
COG0075	0.40641422620726314	-0.4064142262072631
COG0076	-0.23391811536263918	0.23391811536263915
COG0077	0.9550191250278903	-0.9550191250278902
COG0078	-0.9860103735278154	0.9860103735278153
COG0079	-0.72926158335012	0.7292615833501199
COG0080	0.2955771562925874	-0.29557715629258713
COG0081	0.4564864202149035	-0.45648642021490343
COG0082	0.55403261001285	-0.55403261001285
COG0083	1.275489210128258	-1.2754892101282578
COG0084	0.5420512281416087	-0.5420512281416086
COG0085	-0.24513519552824717	0.24513519552824714
COG0086	0.7386647129317064	-0.7386647129317063
COG0087	-0.9196733919830684	0.9196733919830683
COG0088	-0.44207959236430194	0.4420795923643019
COG0089	0.6414141092239539	-0.641414109223954
COG0090	0.5387193077518602	-0.53871930775186
COG0091	1.4780300916969298	-1.4780300916969298
COG0092	0.9667147198051288	-0.9667147198051289
COG0093	0.9640490030218535	-0.9640490030218533
COG0094	0.936794303859928	-0.9367943038599279
COG0095	1.9236399549814334	-1.9236399549814334
COG0096	0.03271598718388677	-0.03271598718388676
COG0097	-0.8839889098066946	0.8839889098066945
COG0098	0.7861846135394928	-0.7861846135394924
COG0099	-1.2651252514640163	1.265125251464016
COG0100	0.45998109598090875	-0.45998109598090847
COG0101	-0.8134115024918264	0.8134115024918263
COG0102	-0.44356949919554034	0.4435694991955403
COG0103	0.055744374809759356	-0.05574437480975935
COG0104	-0.8760172685885026	0.8760172685885025
COG0105	0.18638526983162895	-0.1863852698316287
COG0106	0.21402393161144095	-0.21402393161144093
COG0107	-1.913715024462606	1.9137150244626058
COG0108	-0.3975875777468748	0.39758757774687475
COG0109	-0.12773907569191362	0.12773907569191362
COG0110	-0.22619587348941092	0.2261958734894109
COG0111	1.6716869654692306	-1.6716869654692303
COG0112	-1.5538555795409146	1.5538555795409144
COG0113	0.5056152454946264	-0.5056152454946263
COG0114	-0.8047194795037689	0.8047194795037688
COG0115	-1.545145345555619	1.545145345555619
COG0116	-0.23830739406932028	0.23830739406932025
COG0117	-0.9339060297807833	0.9339060297807832
COG0118	0.39409852741898643	-0.3940985274189866
COG0119	1.5014599300148521	-1.5014599300148521
COG0120	1.566201118012215	-1.566201118012215
COG0121	1.025545636026045	-1.0255456360260453
COG0122	-0.6610830801423153	0.6610830801423153
COG0123	1.1177263084572342	-1.1177263084572342
COG0124	0.7134571238317965	-0.7134571238317964
COG0125	1.874779244651011	-1.874779244651011
COG0126	0.36561609990736643	-0.3656160999073664
COG0127	1.4122505961977707	-1.4122505961977705
COG0128	-0.1768066352364052	0.17680663523640516
COG0129	-0.16201500675457334	0.16201500675457334
COG0130	0.6624408289295506	-0.6624408289295506
COG0131	-0.13572370048024537	0.13572370048024535
COG0132	1.6094398356869903	-1.6094398356869901
COG0133	-0.605136194935268	0.605136194935268
COG0134	-0.7877083820711813	0.7877083820711812
COG0135	0.4712658298285585	-0.47126582982855847
COG0136	-0.431867491434461	0.43186749143446096
COG0137	0.7310164032541117	-0.7310164032541119
COG0138	1.466317462792275	-1.4663174627922748
COG0139	1.6315276072664044	-1.6315276072664044
COG0140	0.9328230674130943	-0.9328230674130942
COG0141	0.9277912197330435	-0.9277912197330431
COG0142	1.5714103546442812	-1.5714103546442812
COG0143	1.6522661874302353	-1.6522661874302356
COG0144	-1.5262447392403864	1.5262447392403862
COG0145	-1.7435733052792919	1.7435733052792917
COG0147	0.60103614501258	-0.6010361450125796
COG0148	0.03885689548112382	-0.03885689548112382
COG0149	-0.17120170007568475	0.17120170007568472
COG0150	0.22180923582295906	-0.22180923582295903
COG0151	-0.33233248796464343	0.3323324879646434
COG0152	-1.4049244206696152	1.404924420669615
COG0153	0.20855096741026158	-0.20855096741026133
COG0154	0.3147542815316424	-0.31475428153164264
COG0155	0.9003957790115596	-0.9003957790115598
COG0156	1.0467178888276578	-1.0467178888276576
COG0157	1.6174870868989255	-1.6174870868989253
COG0158	1.4207464668741872	-1.420746466874187
COG0159	-0.6704822315691472	0.6704822315691471
COG0160	0.04799967066238831	-0.047999670662388305
COG0161	0.047554344450609715	-0.04755434445060971
COG0162	-0.5392343754838961	0.5392343754838961
COG0163	0.46013923738530116	-0.4601392373853011
COG0164	-0.5967174273221225	0.5967174273221224
COG0165	1.236188191875033	-1.2361881918750326
COG0166	-1.0123668289904881	1.0123668289904881
COG0167	1.262835171603099	-1.2628351716030988
COG0168	0.779394357754151	-0.7793943577541507
COG0169	0.3509199302425793	-0.3509199302425792
COG0171	-0.8511362909716773	0.8511362909716772
COG0172	-1.8638774011330104	1.8638774011330101
COG0173	-0.007174531668721988	0.007174531668721987
COG0174	1.7320331409724823	-1.732033140972482
COG0175	-1.2842513117714982	1.284251311771498
COG0176	1.0553397224423353	-1.055339722442335
COG0177	1.6263649636735047	-1.6263649636735047
COG0178	0.5076544675187766	-0.5076544675187764
COG0179	1.995625686332787	-1.9956256863327868
COG0180	0.40928269177457177	-0.4092826917745717
COG0181	-1.1541012205916468	1.1541012205916465
COG0182	0.7539168927528023	-0.7539168927528023
COG0183	0.9570420869407453	-0.9570420869407452
COG0184	-0.8756315522714444	0.8756315522714443
COG0185	-0.6990281283120185	0.6990281283120184
COG0186	-0.8068367076322814	0.8068367076322813
COG0187	-0.9898381272349962	0.9898381272349961
COG0188	0.20818037785145793	-0.20818037785145793
COG0189	0.7428940198962687	-0.7428940198962686
COG0190	-0.7683280377140911	0.768328037714091
COG0191	0.889909350763101	-0.8899093507631008
COG0192	-0.5969960901083511	0.596996090108351
COG0193	-0.7504804593077165	0.7504804593077163
COG0194	-0.22643370941852684	0.2264337094185268
COG0195	1.4872079578051631	-1.487207957805163
COG0196	0.4409869637055482	-0.4409869637055484
COG0197	0.19521784550903748	-0.19521784550903745
COG0198	0.40948902461493697	-0.40948902461493714
COG0199	0.8115572421488663	-0.8115572421488662
COG0200	0.009959827544802775	-0.009959827544802773
COG0201	-1.0986578555981106	1.0986578555981104
COG0202	-1.272432983052682	1.2724329830526817
COG0203	0.3302837246500291	-0.33028372465002903
COG0204	-0.1926202112674956	0.1926202112674956
COG0205	-0.8903935588399711	0.8903935588399711
COG0206	-1.521271196079368	1.5212711960793677
COG0207	-1.2868023880985204	1.2868023880985202
COG0208	0.9032502633931015	-0.9032502633931014
COG0209	1.6792813879051314	-1.679281387905131
COG0210	0.8644821912892223	-0.8644821912892222
COG0211	0.34286248264608543	-0.3428624826460854
COG0212	-0.016064617633930613	0.016064617633930613
COG0213	-1.4131459871026522	1.413145987102652
COG0214	0.3801419422487866	-0.38014194224878634
COG0215	-0.47872895846610136	0.4787289584661013
COG0216	-1.918045455544922	1.9180454555449218
COG0217	1.4262573287742866	-1.4262573287742863
COG0218	-1.1493849944899241	1.1493849944899241
COG0219	0.9349561741397396	-0.9349561741397395
COG0220	-1.2559587916692296	1.2559587916692294
COG0221	1.8106369818125425	-1.810636981812542
COG0222	-0.5874869753780259	0.5874869753780257
COG0223	-1.0357334009592352	1.035733400959235
COG0224	-0.7563545160523839	0.7563545160523838
COG0225	1.4857961379238298	-1.4857961379238296
COG0226	-0.8978848679076077	0.8978848679076076
COG0227	1.3074763244594723	-1.307476324459472
COG0228	1.5649943179547405	-1.5649943179547403
COG0229	0.09825304291524725	-0.09825304291524724
COG0230	1.2063786176150075	-1.206378617615007
COG0231	0.8390760970482485	-0.8390760970482486
COG0232	-0.9520675901699018	0.9520675901699017
COG0233	0.4027713129985734	-0.4027713129985736
COG0234	-1.2294320417851792	1.2294320417851792
COG0235	0.10068344623136918	-0.10068344623136917
COG0236	-1.392875454254328	1.3928754542543278
COG0237	1.3240751152453338	-1.324075115245334
COG0238	1.056012741749909	-1.0560127417499088
COG0239	1.7346953180818623	-1.734695318081862
COG0240	-0.9029474078531293	0.9029474078531292
COG0241	-0.7468760208258881	0.746876020825888
COG0242	1.3406275067160565	-1.3406275067160562
COG0243	0.8422310513057544	-0.8422310513057543
COG0244	-0.9998178960093463	0.9998178960093462
COG0245	1.504382468629431	-1.5043824686294307
COG0246	1.0138736195456044	-1.0138736195456042
COG0247	0.9093362578612133	-0.9093362578612132
COG0248	0.9449442833361958	-0.9449442833361957
COG0249	-0.6012239371771291	0.601223937177129
COG0250	-0.382546375570571	0.3825463755705709
COG0251	0.9424498561986037	-0.9424498561986033
COG0252	-0.7768922886052158	0.7768922886052156
COG0253	-0.2662429937981452	0.26624299379814514
COG0254	1.8998001622850118	-1.8998001622850116
COG0255	-1.256669065769749	1.2566690657697488
COG0256	0.5875583689153409	-0.5875583689153405
COG0257	1.6150197988679769	-1.6150197988679766
COG0258	1.8393232038421023	-1.8393232038421021
COG0259	0.8009686720115566	-0.8009686720115567
COG0260	-1.5810769343214053	1.5810769343214053
COG0261	-0.27033611455156387	0.2703361145515638
COG0262	0.5762030736607973	-0.5762030736607969
COG0263	1.4241277113713149	-1.4241277113713147
COG0264	-0.7428497580888268	0.7428497580888267
COG0265	0.7371285690198858	-0.7371285690198857
COG0266	-1.1842350684428424	1.1842350684428424
COG0267	0.6115381246217647	-0.6115381246217647
COG0268	1.464838497872968	-1.4648384978729678
COG0269	1.0099653188757571	-1.009965318875757
COG0270	-0.3502222633799439	0.35022226337994383
COG0272	-0.1773636403704524	0.17736364037045238
COG0274	-0.5509964141670327	0.5509964141670327
COG0275	0.7562284074470204	-0.7562284074470204
COG0276	1.218223177745397	-1.218223177745397
COG0277	-0.36443536879254973	0.3644353687925497
COG0279	1.853250377001337	-1.8532503770013369
COG0280	-0.5574272691012258	0.5574272691012256
COG0281	-1.702743434467807	1.7027434344678067
COG0282	0.306781580964898	-0.30678158096489794
COG0283	0.12985931224972957	-0.1298593122497298
COG0284	1.0236135294357365	-1.0236135294357362
COG0285	-1.2070972068766788	1.2070972068766785
COG0286	0.17653289029597882	-0.17653289029597904
COG0287	-0.9549124254060225	0.9549124254060224
COG0288	0.19220094437266788	-0.19220094437266788
COG0289	0.6778360687674632	-0.677836068767463
COG0290	1.4261743767982413	-1.4261743767982415
COG0291	-1.0280045577411798	1.0280045577411796
COG0292	0.8952809134510569	-0.8952809134510568
COG0293	1.7384572358281005	-1.7384572358281003
COG0294	-0.29199585439258985	0.2919958543925898
COG0295	-1.0074710682619368	1.0074710682619368
COG0296	1.1248346830734806	-1.1248346830734806
COG0297	-0.31325689300703924	0.3132568930070392
COG0298	-0.5997330139349504	0.5997330139349504
COG0299	-1.4464916478044494	1.4464916478044494
COG0300	-0.5280085925797116	0.5280085925797116
COG0301	-0.7479420760634877	0.7479420760634876
COG0302	0.6936197957634296	-0.6936197957634292
COG0303	-1.5558887830943435	1.5558887830943433
COG0304	-0.7067000809392269	0.7067000809392268
COG0305	0.30499890375295047	-0.3049989037529504
COG0306	1.3550648311774307	-1.3550648311774305
COG0307	0.5228620213338184	-0.5228620213338184
COG0308	1.1439142750610256	-1.1439142750610256
COG0309	-0.5108960943391726	0.5108960943391725
COG0310	-1.6702811339152372	1.670281133915237
COG0311	0.027641280531466368	-0.027641280531466365
COG0312	1.0910724012044024	-1.0910724012044022
COG0313	1.7254378787691016	-1.7254378787691014
COG0315	0.23738671802623737	-0.23738671802623756
COG0316	1.3752128142920268	-1.3752128142920266
COG0317	-0.0859464609942073	0.0859464609942073
COG0318	0.6173399315698889	-0.6173399315698885
COG0319	0.9655017244282736	-0.9655017244282733
COG0320	0.7157594572944649	-0.715759457294465
COG0321	0.7457376158232806	-0.7457376158232805
COG0322	-0.3980081729396898	0.39800817293968976
COG0323	0.01842309126590969	-0.018423091265909686
COG0324	0.9893281995330233	-0.9893281995330231
COG0325	0.41574691699325705	-0.415746916993257
COG0326	0.698694093077575	-0.6986940930775749
COG0327	-0.20042772982856213	0.20042772982856213
COG0328	-0.747362854287851	0.7473628542878509
COG0329	1.7134756228277384	-1.7134756228277381
COG0330	-0.6489197259864974	0.6489197259864973
COG0331	-0.03891951314690886	0.038919513146908856
COG0332	-1.6891932180166087	1.6891932180166085
COG0333	-0.9999810648149308	0.9999810648149307
COG0334	0.3423218419638175	-0.34232184196381743
COG0335	-0.9695852379547562	0.969585237954756
COG0336	-0.8753839922873451	0.875383992287345
COG0337	-1.3187472210917524	1.3187472210917521
COG0338	-1.213743854400332	1.213743854400332
COG0339	0.11493571947824746	-0.11493571947824768
COG0340	-0.3816294164149912	0.38162941641499115
COG0341	-1.3481391332449082	1.348139133244908
COG0342	-1.0240624791494795	1.0240624791494795
COG0343	-0.22512687091421185	0.22512687091421182
COG0344	1.399452588592229	-1.399452588592229
COG0345	-0.840817200277892	0.8408172002778919
COG0346	-0.3295291152966081	0.32952911529660806
COG0347	-0.14392705234966316	0.14392705234966313
COG0348	-0.446671177023751	0.4466711770237509
COG0349	-0.15387085839859987	0.15387085839859985
COG0350	-0.502412529941008	0.5024125299410079
COG0351	1.112308506017738	-1.1123085060177378
COG0352	-0.6925173724669395	0.6925173724669395
COG0353	-0.8165852588194586	0.8165852588194585
COG0354	0.7454337113666772	-0.7454337113666769
COG0355	-1.7520134846110071	1.752013484611007
COG0356	0.053932272298597636	-0.053932272298597636
COG0357	0.6846622962599165	-0.6846622962599165
COG0358	-1.7459795672654737	1.7459795672654734
COG0359	1.1680593762630989	-1.1680593762630986
COG0360	1.2818726266871303	-1.2818726266871299
COG0361	-0.9909715070374603	0.9909715070374602
COG0362	1.885883137385503	-1.885883137385503
COG0363	0.8387397829435346	-0.8387397829435345
COG0364	1.3747316882526581	-1.374731688252658
COG0365	1.8729279933217764	-1.872927993321776
COG0366	1.3426721368180967	-1.3426721368180965
COG0367	1.0009207412552117	-1.0009207412552115
COG0368	-0.3485328005968458	0.34853280059684577
COG0369	-0.5229965231052841	0.5229965231052841
COG0370	-1.2534455685597672	1.2534455685597672
COG0371	1.5746094825214525	-1.5746094825214523
COG0372	0.7703609552646118	-0.7703609552646119
COG0373	-0.7039671387090853	0.7039671387090852
COG0374	1.343766898470966	-1.343766898470966
COG0375	0.669067105009766	-0.6690671050097659
COG0376	0.8610341790790941	-0.8610341790790943
COG0377	0.6155702447854409	-0.6155702447854405
COG0378	-0.23074293490150544	0.2307429349015054
COG0379	-0.29928887970307144	0.29928887970307144
COG0380	0.5836144525325545	-0.5836144525325545
COG0381	-0.5521487453612802	0.5521487453612802
COG0382	1.7623602516579928	-1.7623602516579926
COG0383	1.5631664006763382	-1.563166400676338
COG0384	1.1432635491212186	-1.1432635491212186
COG0385	0.7782874330554934	-0.7782874330554931
COG0386	1.179509732953846	-1.1795097329538458
COG0387	0.5347969916684153	-0.534796991668415
COG0388	-0.35798501340492	0.35798501340491995
COG0389	-0.24734206657110744	0.2473420665711074
COG0390	0.16416299737578438	-0.16416299737578413
COG0391	0.9263465086146907	-0.9263465086146904
COG0392	0.7179041205854596	-0.7179041205854595
COG0393	-0.600131250043472	0.6001312500434719
COG0394	1.160666254562668	-1.160666254562668
COG0395	0.0822859045980557	-0.0822859045980557
COG0396	1.0735316973121887	-1.0735316973121887
COG0397	1.716989091031492	-1.7169890910314918
COG0398	-0.6444232883370121	0.6444232883370121
COG0399	0.6556071355512129	-0.6556071355512127
COG0400	1.0364937379613965	-1.0364937379613963
COG0401	0.7912262578661603	-0.7912262578661604
COG0402	1.780220956686076	-1.7802209566860758
COG0403	-0.9338495892758897	0.9338495892758896
COG0404	-0.1149123907245601	0.11491239072456008
COG0405	0.23708934506351118	-0.23708934506351137
COG0406	-0.175866405986217	0.175866405986217
COG0407	-0.12208359376155413	0.12208359376155412
COG0408	1.7804984547363605	-1.7804984547363603
COG0409	0.8768634317851312	-0.876863431785131
COG0410	0.7425891796582024	-0.7425891796582023
COG0411	0.05312755373385945	-0.053127553733859446
COG0412	1.1588330224838133	-1.158833022483813
COG0413	-0.6767360044324685	0.6767360044324684
COG0414	-1.5761285942542287	1.5761285942542285
COG0415	1.5122956085581991	-1.5122956085581991
COG0416	-1.5502857964512884	1.5502857964512882
COG0417	1.666592849329196	-1.6665928493291957
COG0418	0.9930970956228683	-0.9930970956228684
COG0419	-0.5480519580203049	0.5480519580203048
COG0420	-0.4022361949464223	0.40223619494642227
COG0421	-0.8130908040858477	0.8130908040858476
COG0422	0.6965468924200965	-0.6965468924200964
COG0423	0.9250641010601839	-0.925064101060184
COG0424	1.2394739542452704	-1.2394739542452702
COG0425	1.0638833811384778	-1.063883381138478
COG0426	-0.6356520667109342	0.6356520667109341
COG0427	1.142188216125932	-1.1421882161259318
COG0428	-1.068671250488792	1.068671250488792
COG0429	0.8211348912360028	-0.8211348912360027
COG0430	0.7600253072372152	-0.7600253072372151
COG0431	-0.19641400064199935	0.19641400064199932
COG0432	-0.44924631613154975	0.4492463161315497
COG0433	0.6264520689515248	-0.6264520689515246
COG0434	-1.2431116874688957	1.2431116874688957
COG0435	-1.2721435311774085	1.2721435311774083
COG0436	1.220172942795222	-1.2201729427952215
COG0437	1.3370587051940377	-1.3370587051940375
COG0438	0.508049265082513	-0.5080492650825132
COG0439	-0.7055804520875246	0.7055804520875245
COG0440	0.43617679284596356	-0.4361767928459635
COG0441	-1.8479853690802894	1.8479853690802892
COG0442	-0.7964857910930475	0.7964857910930474
COG0443	-1.2098168073613806	1.2098168073613804
COG0444	0.441354351242822	-0.44135435124282174
COG0445	-1.1522581526042213	1.1522581526042213
COG0446	1.3448885220456845	-1.3448885220456843
COG0447	-0.014229713250827327	0.014229713250827326
COG0448	0.6995158849881566	-0.6995158849881564
COG0449	-0.7057007959590282	0.7057007959590281
COG0450	1.3138524277462569	-1.3138524277462567
COG0451	0.9605646870407167	-0.9605646870407168
COG0452	-0.16530292137005953	0.1653029213700595
COG0454	0.42942708861928736	-0.4294270886192873
COG0455	-1.2055995017335732	1.205599501733573
COG0456	-0.870135917667664	0.8701359176676638
COG0457	0.5291396682768607	-0.5291396682768605
COG0458	-0.8346442309417843	0.8346442309417842
COG0459	-0.019738990061801957	0.019738990061801954
COG0460	-0.8830652426721509	0.8830652426721508
COG0461	-1.8308673383277008	1.8308673383277005
COG0462	-1.1324864158629777	1.1324864158629777
COG0463	1.6311985082592586	-1.6311985082592582
COG0464	0.391776531920324	-0.3917765319203242
COG0465	-0.2627495992285352	0.26274959922853514
COG0466	-0.5642944584506039	0.5642944584506038
COG0468	-0.6889162765404734	0.6889162765404733
COG0469	-0.3126730760086691	0.31267307600866906
COG0470	-0.47209713308465584	0.4720971330846558
COG0471	-0.322899861217585	0.322899861217585
COG0472	0.9581019578611516	-0.9581019578611515
COG0473	-0.09622209960747158	0.09622209960747156
COG0474	1.4068431131397368	-1.406843113139737
COG0475	-0.9810247138516793	0.9810247138516792
COG0476	1.5202835211001113	-1.5202835211001111
COG0477	1.3727674850717337	-1.3727674850717337
COG0479	1.2093966782185763	-1.209396678218576
COG0480	-0.9578712243269754	0.9578712243269752
COG0481	-0.7535295083315056	0.7535295083315054
COG0482	0.6968994932308353	-0.696899493230835
COG0483	1.6535595248369335	-1.6535595248369335
COG0484	-1.140290246050473	1.140290246050473
COG0486	-0.2943175768264453	0.29431757682644527
COG0488	-0.43310320356336546	0.4331032035633654
COG0489	0.7655030858667189	-0.7655030858667186
COG0491	-1.4822578168668354	1.4822578168668352
COG0492	0.9811416197261865	-0.9811416197261862
COG0493	-1.121700659647501	1.121700659647501
COG0494	0.44596075720921413	-0.44596075720921385
COG0495	-0.8028887802824294	0.8028887802824293
COG0496	-0.14431177298237008	0.14431177298237005
COG0497	0.8731844020942366	-0.8731844020942368
COG0498	-1.3542145637643919	1.3542145637643916
COG0499	1.8212606189247387	-1.8212606189247385
COG0500	-0.05017191288680593	0.050171912886805926
COG0501	0.23739166111918844	-0.23739166111918816
COG0502	-1.351552263106718	1.351552263106718
COG0503	-1.3325679023097834	1.3325679023097832
COG0504	-0.08622928855007046	0.08622928855007045
COG0505	0.7941134272226404	-0.7941134272226401
COG0506	1.468186542015447	-1.4681865420154465
COG0507	-1.7399895601399573	1.739989560139957
COG0508	0.07839544222310811	-0.0783954422231081
COG0509	1.7678849925493467	-1.7678849925493467
COG0510	-1.3012196047697924	1.3012196047697921
COG0511	-1.0849630971741286	1.0849630971741284
COG0512	1.6116874658572333	-1.611687465857233
COG0513	0.7466805176077894	-0.7466805176077891
COG0514	-0.5869665000895055	0.5869665000895055
COG0515	0.7942471115374287	-0.7942471115374286
COG0516	0.8081863146177725	-0.8081863146177724
COG0517	0.04141176023468729	-0.04141176023468729
COG0518	0.8505162273148537	-0.8505162273148535
COG0519	0.07145715615254482	-0.0714571561525448
COG0520	1.1017861657240993	-1.1017861657240988
COG0521	-0.49307118133870537	0.4930711813387053
COG0522	-1.5551104228639274	1.5551104228639272
COG0523	0.3016089433144498	-0.30160894331444954
COG0524	1.333332182891371	-1.333332182891371
COG0525	-0.1471775391751349	0.14717753917513487
COG0526	0.14240859722791427	-0.14240859722791427
COG0527	-0.4975862989663217	0.49758629896632167
COG0528	1.5248781606606185	-1.5248781606606183
COG0529	0.8082792970843001	-0.8082792970843
COG0530	0.361627640443987	-0.36162764044398715
COG0531	0.885408865594249	-0.8854088655942489
COG0532	1.1083806353582215	-1.1083806353582213
COG0533	0.5086209303492422	-0.5086209303492424
COG0534	-1.0261355816269364	1.0261355816269364
COG0535	-1.8565449590690333	1.856544959069033
COG0536	-0.4892414573197086	0.48924145731970853
COG0537	0.20732044926830484	-0.20732044926830506
COG0538	-1.4322454732619456	1.4322454732619454
COG0539	-1.1749527532372284	1.1749527532372281
COG0540	-0.5956143493159565	0.5956143493159565
COG0541	-1.0119666280207267	1.0119666280207265
COG0542	0.5572719427527785	-0.5572719427527784
COG0543	-0.3670880362769745	0.36708803627697445
COG0544	0.4700527582580912	-0.4700527582580911
COG0545	0.8823375014607348	-0.8823375014607344
COG0546	0.4288558446719863	-0.4288558446719865
COG0547	1.087591707485553	-1.087591707485553
COG0548	-0.27921159323917794	0.27921159323917794
COG0549	-0.545149184195925	0.5451491841959248
COG0550	-0.618621462284022	0.618621462284022
COG0551	-1.8382118042134132	1.838211804213413
COG0552	-0.004495910771359104	0.004495910771359103
COG0553	0.7205300025890718	-0.7205300025890715
COG0554	-1.2878631552747657	1.2878631552747655
COG0555	0.2080108955894582	-0.20801089558945818
COG0556	0.1333982578218513	-0.1333982578218513
COG0557	-0.11215325613335414	0.11215325613335414
COG0558	1.1366404713357199	-1.1366404713357199
COG0559	1.0336943355438186	-1.0336943355438184
COG0560	0.9019378854119173	-0.9019378854119172
COG0561	0.0064826063957563055	-0.006482606395756305
COG0562	-1.44399037412932	1.4439903741293199
COG0563	-0.1319589324220278	0.13195893242202777
COG0564	-1.2706653492419309	1.2706653492419306
COG0565	1.8208996210857964	-1.8208996210857962
COG0566	0.591812241599897	-0.5918122415998971
COG0567	1.550186074935816	-1.5501860749358158
COG0568	1.575620229742092	-1.5756202297420918
COG0569	-0.7161033528733616	0.7161033528733615
COG0571	0.5100395250145772	-0.5100395250145772
COG0572	-1.4631100899858431	1.463110089985843
COG0573	-0.5864470707588447	0.5864470707588446
COG0574	-1.1196152530469046	1.1196152530469043
COG0575	1.17579717919015	-1.17579717919015
COG0576	0.07449102131121135	-0.07449102131121134
COG0577	1.1737741968900541	-1.173774196890054
COG0578	-0.6092259060111193	0.6092259060111191
COG0579	0.8504549287780796	-0.8504549287780795
COG0580	1.1795424635105085	-1.1795424635105083
COG0581	0.27084299715730226	-0.270842997157302
COG0582	0.20610422487064292	-0.20610422487064314
COG0583	-0.036414142446126604	0.0364141424461266
COG0584	0.1502108622276662	-0.15021086222766616
COG0585	1.469571065746531	-1.4695710657465308
COG0586	1.4932183901916034	-1.4932183901916034
COG0587	-1.195026968614401	1.195026968614401
COG0588	-1.0908737162618691	1.0908737162618691
COG0589	0.4909143434079547	-0.49091434340795487
COG0590	-0.4629442584332379	0.46294425843323783
COG0591	0.48532907431336836	-0.4853290743133681
COG0592	1.0905321635197152	-1.0905321635197152
COG0593	-0.6193230208397844	0.6193230208397844
COG0594	1.4176768425587631	-1.417676842558763
COG0595	1.0687216554770016	-1.0687216554770016
COG0596	0.933295169454819	-0.9332951694548189
COG0597	1.7413696696004015	-1.7413696696004013
COG0598	-0.8467807738907878	0.8467807738907878
COG0599	-1.097398871534942	1.097398871534942
COG0600	-0.655565132285313	0.6555651322853129
COG0601	0.7492270133594573	-0.7492270133594572
COG0602	-0.6977863454897856	0.6977863454897856
COG0603	-0.7027727311674826	0.7027727311674826
COG0604	1.7674905328925627	-1.7674905328925625
COG0605	0.14824297273941325	-0.14824297273941323
COG0606	0.4898585116949379	-0.4898585116949381
COG0607	1.4569385094581222	-1.4569385094581222
COG0608	-1.0635098831424974	1.0635098831424972
COG0609	-1.0241599854291281	1.024159985429128
COG0610	0.5230801831512287	-0.5230801831512284
COG0611	-0.6038141948137908	0.6038141948137908
COG0612	-0.2020414003387593	0.20204140033875928
COG0613	1.3038182909667553	-1.303818290966755
COG0614	1.027489797399763	-1.0274897973997628
COG0615	0.04858043326678056	-0.048580433266780555
COG0616	-1.8314016975907792	1.831401697590779
COG0617	0.28321979462723357	-0.2832197946272333
COG0618	-0.91090964899418	0.9109096489941799
COG0619	1.4170486320760076	-1.4170486320760074
COG0620	0.0950834159415101	-0.09508341594151008
COG0621	-1.115975454116135	1.115975454116135
COG0622	-0.7410523887850728	0.7410523887850727
COG0623	0.08666521709461532	-0.0866652170946153
COG0624	1.2719393804466712	-1.271939380446671
COG0625	0.06710150612500952	-0.06710150612500952
COG0626	0.7222686844159643	-0.7222686844159644
COG0627	0.5351840434710254	-0.5351840434710251
COG0628	-1.1323793161448308	1.1323793161448306
COG0629	1.8572716043226078	-1.8572716043226078
COG0630	0.519565489893774	-0.5195654898937738
COG0631	0.5405835451013201	-0.5405835451013198
COG0632	-1.107241211015176	1.1072412110151757
COG0633	0.6244402320274273	-0.6244402320274273
COG0634	0.7950097032451708	-0.7950097032451705
COG0635	1.2101200152117229	-1.2101200152117229
COG0636	0.447754783548112	-0.44775478354811193
COG0637	1.7126645455910767	-1.7126645455910765
COG0639	-0.15251922448288133	0.1525192244828813
COG0640	-0.4568856569466479	0.45688565694664784
COG0641	0.22450775028428105	-0.22450775028428102
COG0642	-1.0818126142875828	1.0818126142875826
COG0643	0.2928915406334751	-0.2928915406334751
COG0644	1.362093476957163	-1.362093476957163
COG0645	-0.12258579744474983	0.12258579744474982
COG0646	0.1489175192001749	-0.14891751920017512
COG0647	1.50373038905376	-1.50373038905376
COG0648	0.8557664014057517	-0.8557664014057516
COG0649	0.5260076571882528	-0.5260076571882525
COG0650	-0.6034628473343713	0.6034628473343712
COG0651	-0.399347129726041	0.399347129726041
COG0652	-0.9155828973647919	0.9155828973647918
COG0653	-0.18330257253496274	0.1833025725349627
COG0654	1.7201943053924673	-1.720194305392467
COG0655	-1.4004813095793742	1.4004813095793742
COG0656	1.787742407294044	-1.787742407294044
COG0657	1.4048092419287577	-1.4048092419287574
COG0658	0.17674416228034456	-0.17674416228034454
COG0659	-0.5201724650273528	0.5201724650273528
COG0661	0.7247038763158865	-0.7247038763158864
COG0662	0.8663407167997769	-0.8663407167997768
COG0663	-1.14251019969387	1.1425101996938698
COG0664	-0.6897360813133867	0.6897360813133866
COG0665	-0.30032630297090646	0.3003263029709064
COG0666	1.5078740012543048	-1.5078740012543044
COG0667	1.223018702018061	-1.223018702018061
COG0668	-1.5740136328862255	1.5740136328862253
COG0669	-0.9582069357616378	0.9582069357616377
COG0670	1.9493637807763773	-1.9493637807763768
COG0671	1.1884435134332227	-1.1884435134332225
COG0672	1.5151521200121696	-1.5151521200121694
COG0673	-0.6797970872939821	0.679797087293982
COG0674	-0.34610122083450734	0.3461012208345073
COG0675	-1.4203022788757447	1.4203022788757445
COG0676	1.891230550098944	-1.8912305500989435
COG0677	0.3484920373399808	-0.348492037339981
COG0679	-1.4970986108876236	1.4970986108876234
COG0680	1.8132652023416582	-1.8132652023416582
COG0681	-1.6807934890555478	1.6807934890555476
COG0682	-1.087304851052185	1.0873048510521848
COG0683	0.3448816982916823	-0.3448816982916823
COG0684	-0.5471304955947447	0.5471304955947446
COG0685	-0.023591555772891196	0.023591555772891192
COG0686	-1.5011649227143014	1.5011649227143011
COG0687	-1.6609132925177104	1.6609132925177101
COG0688	0.7679559168137199	-0.7679559168137198
COG0689	1.2569376617785737	-1.2569376617785732
COG0691	-0.11953651855698925	0.11953651855698924
COG0692	-0.16882790526528246	0.16882790526528244
COG0693	0.5055403987000743	-0.505540398700074
COG0695	0.32508258558795244	-0.3250825855879524
COG0696	-1.26655664397924	1.2665566439792397
COG0697	1.0419843780628542	-1.041984378062854
COG0698	0.5574614927749351	-0.5574614927749347
COG0699	1.1745610507238415	-1.1745610507238413
COG0700	-0.5544203927515406	0.5544203927515405
COG0701	0.0680504334120435	-0.06805043341204373
COG0702	1.5338874162615996	-1.5338874162615994
COG0703	-1.0568682329850028	1.0568682329850025
COG0704	0.041873793043561224	-0.04187379304356122
COG0705	1.8426329865641158	-1.8426329865641158
COG0706	1.2940398219849123	-1.2940398219849123
COG0707	-0.9720655912310346	0.9720655912310345
COG0708	-1.160008819828042	1.1600088198280418
COG0709	-1.4885581265403929	1.4885581265403927
COG0710	0.20479984944808294	-0.2047998494480829
COG0711	-0.9474603589728451	0.947460358972845
COG0712	-0.3165361054067374	0.3165361054067374
COG0713	1.8354566795161127	-1.8354566795161127
COG0714	1.3205884254918028	-1.3205884254918026
COG0715	0.9732860454871477	-0.9732860454871476
COG0716	-0.03925800062529131	0.039258000625291306
COG0717	1.4604916377990527	-1.4604916377990522
COG0718	-0.48626462046500035	0.4862646204650003
COG0719	0.11576434938768702	-0.11576434938768726
COG0720	-0.917162602700855	0.9171626027008549
COG0721	0.4199027053792547	-0.41990270537925467
COG0722	1.1202368622627945	-1.1202368622627947
COG0724	-0.11967046109350525	0.11967046109350524
COG0725	-0.9876677316881063	0.9876677316881062
COG0726	1.1092192796593021	-1.1092192796593021
COG0727	-1.4142707170674214	1.4142707170674211
COG0728	0.9122570307111382	-0.9122570307111381
COG0729	-0.007339486158857772	0.007339486158857771
COG0730	-1.767802067394812	1.7678020673948118
COG0731	-1.537284370739853	1.5372843707398527
COG0732	-0.3906909299530164	0.39069092995301635
COG0733	1.2307686243057103	-1.23076862430571
COG0735	0.15730104890211202	-0.15730104890211224
COG0736	1.8047674794237427	-1.8047674794237427
COG0737	1.3293246025368057	-1.3293246025368055
COG0738	1.2699959387658644	-1.2699959387658644
COG0739	0.5989576470311104	-0.5989576470311103
COG0740	-0.9784333117101854	0.9784333117101853
COG0741	0.10470900530055383	-0.10470900530055381
COG0742	0.36922002216429906	-0.369220022164299
COG0743	-0.2592254841678004	0.2592254841678004
COG0744	0.8164847078517192	-0.8164847078517189
COG0745	-0.6244101955290257	0.6244101955290255
COG0746	1.8281106719431568	-1.8281106719431566
COG0747	0.034399669581963	-0.03439966958196299
COG0749	0.16368075573000107	-0.16368075573000082
COG0750	-1.58749820611524	1.5874982061152398
COG0751	0.45088618866165175	-0.4508861886616517
COG0752	1.3731177814057034	-1.3731177814057034
COG0753	1.0455320214411263	-1.0455320214411263
COG0754	1.8600380611176452	-1.860038061117645
COG0755	0.4742573473385806	-0.47425734733858055
COG0756	-1.125620303728455	1.1256203037284547
COG0757	-0.41436320380662245	0.4143632038066224
COG0758	-0.7966902812020712	0.7966902812020711
COG0759	0.14931356160086567	-0.14931356160086565
COG0760	1.2263613226112648	-1.2263613226112646
COG0761	0.10274067091044456	-0.10274067091044431
COG0762	0.9081248167457897	-0.9081248167457894
COG0763	1.59152377885498	-1.5915237788549799
COG0764	-0.8572271014185538	0.8572271014185537
COG0765	1.4637567766701736	-1.4637567766701733
COG0766	0.4822957884902328	-0.48229578849023275
COG0767	-0.1952357828571484	0.19523578285714838
COG0768	-1.0463574005495337	1.0463574005495337
COG0769	0.7712742918207587	-0.7712742918207584
COG0770	1.9556962641570277	-1.9556962641570275
COG0771	-1.3600088669378467	1.3600088669378467
COG0772	-0.30909825584799455	0.30909825584799455
COG0773	-0.9052427228712274	0.9052427228712273
COG0774	1.7267046035019258	-1.7267046035019256
COG0775	1.7731174474328153	-1.773117447432815
COG0776	-0.11896316438370473	0.11896316438370472
COG0777	-0.7169617137681534	0.7169617137681533
COG0778	-0.41520182976428444	0.4152018297642844
COG0779	0.25767931854099874	-0.25767931854099896
COG0780	-0.7171324137695404	0.7171324137695403
COG0781	1.4265766120140622	-1.426576612014062
COG0782	-0.7948166459486735	0.7948166459486734
COG0783	1.7808582738089707	-1.7808582738089702
COG0784	0.18375743659989985	-0.18375743659989982
COG0785	1.6653902493425976	-1.6653902493425972
COG0786	-0.6247264706201978	0.6247264706201978
COG0787	0.6042898449088702	-0.6042898449088702
COG0788	-0.584360908221715	0.5843609082217149
COG0789	0.8824579026196463	-0.8824579026196464
COG0790	-1.5525934391914038	1.5525934391914036
COG0791	0.08764497396537058	-0.0876449739653708
COG0792	1.335256807229078	-1.3352568072290778
COG0793	-0.06852135916000056	0.06852135916000054
COG0794	0.47746129352478234	-0.4774612935247823
COG0795	-0.10372324812678266	0.10372324812678264
COG0796	-1.038852751690911	1.038852751690911
COG0797	0.1263660703041524	-0.12636607030415237
COG0798	-1.0244346913591258	1.0244346913591256
COG0799	-1.3058006729732297	1.3058006729732297
COG0800	1.2785543164640207	-1.2785543164640207
COG0801	0.9001311428213601	-0.9001311428213602
COG0802	-0.4117169870084513	0.4117169870084512
COG0803	1.068869877210806	-1.0688698772108058
COG0804	-1.4111732141956321	1.411173214195632
COG0805	-0.20029437471615377	0.20029437471615374
COG0806	1.8136589765034588	-1.8136589765034588
COG0807	0.5967804157535532	-0.5967804157535533
COG0809	0.8447366477449443	-0.844736647744944
COG0810	0.591301122660336	-0.5913011226603362
COG0811	0.03328499860074416	-0.03328499860074415
COG0812	-0.6475493057293568	0.6475493057293568
COG0813	0.2820928775550906	-0.28209287755509055
COG0814	1.7443416460961445	-1.7443416460961443
COG0815	1.051700965876308	-1.0517009658763077
COG0816	0.6334531420203633	-0.6334531420203631
COG0817	-0.6777536038955189	0.6777536038955188
COG0818	0.24565551794529986	-0.24565551794530005
COG0819	0.269582177069258	-0.26958217706925774
COG0820	-1.977359856121606	1.9773598561216057
COG0821	1.2860465340415317	-1.2860465340415317
COG0822	-1.554097577989012	1.5540975779890118
COG0823	1.6552643189528975	-1.6552643189528973
COG0824	-0.16678532996439602	0.16678532996439602
COG0825	-0.6569624832238191	0.656962483223819
COG0826	0.48257639252184537	-0.4825763925218453
COG0827	-0.6760560129921654	0.6760560129921654
COG0829	-1.1892490844470303	1.18924908444703
COG0830	-1.149463063287443	1.1494630632874427
COG0831	0.09563935126247222	-0.09563935126247221
COG0832	0.8483291786131552	-0.848329178613155
COG0833	0.7653062272968548	-0.7653062272968545
COG0834	0.28930264885090606	-0.28930264885090623
COG0835	-1.2794549445949714	1.2794549445949712
COG0836	-0.48421992133207525	0.4842199213320752
COG0837	0.2920199388827744	-0.2920199388827744
COG0838	-0.930928698492312	0.9309286984923119
COG0839	1.369336935366732	-1.369336935366732
COG0840	-1.4368741280745807	1.4368741280745805
COG0841	0.7695361410127649	-0.7695361410127648
COG0842	-0.86123289114103	0.8612328911410299
COG0843	1.0981045850541244	-1.0981045850541244
COG0845	-0.9031231359410883	0.9031231359410882
COG0846	-1.5898571672554347	1.5898571672554345
COG0847	-0.3150492481241485	0.3150492481241484
COG0848	1.9492536438412902	-1.9492536438412897
COG0849	-1.0941052473750368	1.0941052473750368
COG0850	-0.5001129826288992	0.5001129826288992
COG0852	0.6251388761586715	-0.6251388761586715
COG0853	-1.1343067975206147	1.1343067975206147
COG0854	-0.054276144054519755	0.05427614405451975
COG0855	1.2696092522062201	-1.2696092522062201
COG0857	-0.09415741229816203	0.09415741229816203
COG0858	1.5442312836702374	-1.5442312836702377
COG0859	0.21113490924144046	-0.21113490924144068
COG0860	-1.6214614420368636	1.6214614420368634
COG0861	1.0429264313026758	-1.0429264313026758
COG0863	0.27702814359321837	-0.2770281435932186
COG0864	0.5400054384937081	-0.540005438493708
COG1001	-1.0878944657848528	1.0878944657848526
COG1002	-0.155556888328632	0.15555688832863196
COG1003	0.334302033149289	-0.33430203314928925
COG1004	0.9942184909184756	-0.9942184909184753
COG1005	-0.6916119004788693	0.6916119004788692
COG1007	1.257177235981125	-1.2571772359811249
COG1008	-0.5659165760835353	0.5659165760835353
COG1009	0.6664000372641279	-0.6664000372641281
COG1010	-0.18597548176221237	0.18597548176221235
COG1011	1.6446904278222336	-1.6446904278222338
COG1012	0.7442981134614314	-0.744298113461431
COG1013	-0.9985226197907903	0.9985226197907902
COG1014	-0.04953409972880059	0.04953409972880058
COG1015	-1.1579947328893445	1.1579947328893445
COG1018	0.6469308667490162	-0.6469308667490162
COG1020	0.18242395923100369	-0.18242395923100369
COG1021	0.09642074387284856	-0.09642074387284831
COG1022	1.3761021992234748	-1.3761021992234745
COG1023	0.2280372085623665	-0.22803720856236623
COG1024	0.7162822227122748	-0.7162822227122749
COG1025	-0.040914489602013784	0.04091448960201378
COG1026	-1.218671830395487	1.2186718303954869
COG1027	0.9756258595370146	-0.9756258595370145
COG1028	0.23104930398613552	-0.23104930398613574
COG1030	-0.3561716881109956	0.35617168811099553
COG1032	-1.4353152280484582	1.4353152280484582
COG1033	-1.6397523902826465	1.6397523902826463
COG1034	-1.2550333826936737	1.2550333826936735
COG1038	-0.9697455656426974	0.9697455656426973
COG1039	0.9143712809215567	-0.9143712809215566
COG1040	-0.6127058041759029	0.6127058041759029
COG1042	-0.6668257133240472	0.666825713324047
COG1043	-0.9183858445552021	0.918385844555202
COG1044	0.029034473493589934	-0.02903447349358993
COG1045	1.353809660222421	-1.353809660222421
COG1047	-0.324194262353743	0.324194262353743
COG1048	-0.9633350688650602	0.96333506886506
COG1049	-0.4601500954912696	0.46015009549126956
COG1051	2.059173524981584	-2.059173524981584
COG1052	-1.5141963234610671	1.514196323461067
COG1053	0.9044903159190957	-0.9044903159190956
COG1054	0.4592037217664922	-0.45920372176649216
COG1055	-1.212064158909132	1.2120641589091319
COG1057	-0.1699177670943688	0.16991776709436876
COG1058	0.11016220944258187	-0.11016220944258209
COG1060	0.7204465275496892	-0.7204465275496891
COG1061	-1.1663211752396851	1.1663211752396851
COG1062	1.299860519588596	-1.2998605195885957
COG1063	-0.06556967287013879	0.06556967287013879
COG1064	-0.3605665763373188	0.36056657633731876
COG1066	0.252102022022912	-0.2521020220229117
COG1067	0.9179104640112962	-0.9179104640112958
COG1069	0.7271163053200631	-0.7271163053200628
COG1070	0.7742537653943075	-0.7742537653943076
COG1071	0.3869984755262217	-0.38699847552622185
COG1072	-0.8164601325166042	0.8164601325166042
COG1073	-0.42164103723877305	0.421641037238773
COG1074	0.16460091601996385	-0.16460091601996385
COG1075	0.3831712670934726	-0.3831712670934726
COG1076	1.0435371370785063	-1.043537137078506
COG1077	0.48046232490875973	-0.4804623249087599
COG1078	-0.10705219290861612	0.1070521929086161
COG1079	-0.8079245748990922	0.8079245748990921
COG1080	-0.23273888119271915	0.23273888119271913
COG1082	-0.8614863739925678	0.8614863739925677
COG1083	-1.3762781289121357	1.3762781289121355
COG1085	-1.3529180125578832	1.3529180125578832
COG1086	-0.26112868032455866	0.2611286803245586
COG1087	-0.9560032893750707	0.9560032893750706
COG1088	1.3104026491031582	-1.3104026491031577
COG1089	-0.49781933416202967	0.4978193341620296
COG1090	-0.11225253208310039	0.11225253208310038
COG1091	-0.9240704079516355	0.9240704079516354
COG1092	-0.572069647641239	0.5720696476412389
COG1098	-1.0282716386739925	1.0282716386739923
COG1099	0.6016385048497913	-0.6016385048497915
COG1101	-1.5001900024814094	1.5001900024814092
COG1104	-1.3699880984224293	1.369988098422429
COG1105	-1.2105112629942216	1.2105112629942216
COG1106	0.12119623148297001	-0.12119623148297
COG1108	1.1054199108777434	-1.1054199108777432
COG1109	-0.7838655324677823	0.7838655324677822
COG1112	-0.7843092302607338	0.7843092302607337
COG1113	1.58046854098776	-1.5804685409877595
COG1114	1.916215061151398	-1.9162150611513975
COG1115	-1.5020745339973585	1.5020745339973582
COG1116	1.1486001090748632	-1.148600109074863
COG1117	0.2642246952872168	-0.26422469528721676
COG1118	0.4136739167804369	-0.4136739167804371
COG1119	0.9692438707279012	-0.9692438707279013
COG1120	0.6468801328373567	-0.6468801328373567
COG1121	0.8314531810291029	-0.8314531810291028
COG1122	1.117703881289392	-1.1177038812893918
COG1123	0.410131714014925	-0.41013171401492493
COG1124	1.00018180430069	-1.00018180430069
COG1125	1.7867790488320618	-1.7867790488320616
COG1126	0.036056278912403594	-0.03605627891240359
COG1127	1.4702164167761294	-1.4702164167761291
COG1129	-0.11516024922808238	0.11516024922808236
COG1131	-0.10415629843939703	0.10415629843939701
COG1132	0.4226072163872453	-0.42260721638724547
COG1133	0.39563193762230925	-0.39563193762230897
COG1134	0.40799971174414107	-0.407999711744141
COG1135	1.0055989534135552	-1.0055989534135552
COG1136	0.18990120810981426	-0.18990120810981423
COG1137	1.2627374284232538	-1.2627374284232535
COG1138	1.59298526198179	-1.5929852619817897
COG1139	-0.08312400130272876	0.08312400130272875
COG1140	1.269782377041125	-1.2697823770411247
COG1142	1.0089298815497862	-1.0089298815497862
COG1143	1.3228612712703631	-1.322861271270363
COG1145	-0.02909226962021293	0.029092269620212927
COG1146	-0.5906097423496777	0.5906097423496776
COG1148	1.2225258003955053	-1.2225258003955053
COG1151	-0.802878803140325	0.8028788031403249
COG1152	-1.418838299839977	1.4188382998399767
COG1154	-1.4114346703897493	1.4114346703897491
COG1155	-0.38398089092630877	0.3839808909263087
COG1156	-1.2236816681391134	1.2236816681391132
COG1157	0.010834798374104388	-0.010834798374104388
COG1158	0.6783644340861146	-0.6783644340861145
COG1159	-1.4283645233227327	1.4283645233227327
COG1160	0.48337699685039714	-0.48337699685039703
COG1161	0.46638953310484144	-0.4663895331048414
COG1162	0.761357055763363	-0.7613570557633632
COG1164	-0.8463683427045255	0.8463683427045254
COG1165	0.9428092802123805	-0.9428092802123804
COG1166	0.6360691703093097	-0.6360691703093095
COG1167	-0.822209068726854	0.8222090687268538
COG1168	-0.8042600199579351	0.804260019957935
COG1169	-0.4855070977558733	0.48550709775587325
COG1171	0.9797672281200495	-0.9797672281200493
COG1172	0.30472306320105375	-0.3047230632010539
COG1173	-0.8641896320662211	0.864189632066221
COG1174	-0.4791284106935968	0.47912841069359674
COG1175	-0.502496303736642	0.502496303736642
COG1176	-0.2937557830221212	0.29375578302212113
COG1177	1.5697526025004733	-1.5697526025004735
COG1178	-1.099551359503877	1.0995513595038768
COG1179	-0.6258661575061287	0.6258661575061286
COG1180	1.7604019842966185	-1.7604019842966183
COG1181	-0.6686776748699965	0.6686776748699964
COG1182	0.8058353093862394	-0.805835309386239
COG1183	-0.6011353628424716	0.6011353628424716
COG1185	-0.6592909685716045	0.6592909685716045
COG1186	0.6858663290441487	-0.6858663290441486
COG1187	0.7461036495194698	-0.7461036495194695
COG1188	-0.12660076753344626	0.12660076753344626
COG1189	0.07484111343361699	-0.07484111343361674
COG1190	1.3108663003507617	-1.3108663003507612
COG1191	0.08103872032006282	-0.08103872032006305
COG1192	-1.1410189878862398	1.1410189878862396
COG1193	-1.5621786905995105	1.5621786905995103
COG1194	-1.1799555294244557	1.1799555294244557
COG1195	1.151692220446905	-1.151692220446905
COG1196	-0.3618305197121683	0.3618305197121683
COG1197	-1.3325697997955692	1.332569799795569
COG1198	-1.0390139679145551	1.0390139679145551
COG1199	1.1826119205432184	-1.1826119205432182
COG1200	1.768301367236928	-1.7683013672369277
COG1201	1.4309356707496124	-1.4309356707496121
COG1203	-1.1041419728012165	1.1041419728012165
COG1204	-0.586222643678682	0.5862226436786819
COG1205	1.217029988609709	-1.2170299886097087
COG1206	-1.486984124947053	1.4869841249470528
COG1207	1.3808080053195988	-1.3808080053195984
COG1208	-0.5450908119765091	0.5450908119765091
COG1209	1.3803871914656416	-1.3803871914656414
COG1210	0.3569929238267559	-0.3569929238267556
COG1211	-0.578733920900026	0.5787339209000258
COG1212	1.5339596488453422	-1.533959648845342
COG1213	1.1972150391168408	-1.1972150391168408
COG1214	-0.7636754083375223	0.7636754083375222
COG1215	1.3684201667183584	-1.368420166718358
COG1216	0.11593876553624123	-0.11593876553624098
COG1217	-1.2208641919666705	1.2208641919666703
COG1218	-0.544257456803084	0.544257456803084
COG1219	-0.90873244091131	0.9087324409113099
COG1220	-0.06806917342522399	0.06806917342522399
COG1221	0.7244953292436501	-0.7244953292436498
COG1225	-0.7857423693923777	0.7857423693923776
COG1226	0.7915419688189227	-0.7915419688189226
COG1227	-0.7669641112025433	0.7669641112025432
COG1228	-0.2617601678867063	0.2617601678867063
COG1230	1.5284239096358871	-1.528423909635887
COG1232	0.5378106982070008	-0.537810698207001
COG1233	-0.7424598340247086	0.7424598340247086
COG1234	-1.304890693814385	1.3048906938143847
COG1235	-1.3819353810637425	1.3819353810637423
COG1236	-0.4900379318132151	0.49003793181321503
COG1237	-0.8041073404131364	0.8041073404131363
COG1238	-0.5842396701367389	0.5842396701367389
COG1239	0.19579379613964717	-0.19579379613964715
COG1240	1.7170628899838594	-1.7170628899838591
COG1242	-1.3266038785246257	1.3266038785246255
COG1243	0.3898852922350266	-0.3898852922350263
COG1246	-0.43583259888255704	0.435832598882557
COG1247	1.200522345133638	-1.2005223451336378
COG1249	1.565557666112134	-1.5655576661121338
COG1250	0.9730336068191981	-0.973033606819198
COG1251	1.748396616766701	-1.7483966167667009
COG1252	-0.24451443000787884	0.2445144300078788
COG1253	-1.4627513950169329	1.4627513950169329
COG1254	1.4580866693880017	-1.4580866693880015
COG1256	0.8380229482595327	-0.8380229482595327
COG1257	-0.7752686904709057	0.7752686904709056
COG1259	-0.9111115302612438	0.9111115302612437
COG1260	1.0400637795997365	-1.040063779599736
COG1262	-0.2888276282816894	0.28882762828168934
COG1263	1.3784041073994495	-1.3784041073994493
COG1264	-1.5384535372773636	1.5384535372773633
COG1266	0.5980435173534693	-0.5980435173534692
COG1267	0.3324606487749655	-0.33246064877496523
COG1268	-0.8741862280214572	0.8741862280214571
COG1269	-1.1180264293147175	1.1180264293147175
COG1270	0.10343387658165941	-0.1034338765816594
COG1271	1.6772239803999065	-1.6772239803999063
COG1272	-0.3229276541485747	0.32292765414857466
COG1274	-0.7508258559465883	0.7508258559465882
COG1275	0.3804768522561462	-0.3804768522561462
COG1276	-0.6780668918101702	0.6780668918101701
COG1277	-1.96310253074585	1.9631025307458498
COG1278	-0.4358805206291579	0.43588052062915783
COG1279	0.21959038543778844	-0.2195903854377882
COG1280	-0.36110818105328973	0.36110818105328973
COG1281	-1.856120469645846	1.8561204696458458
COG1282	0.1343141707860196	-0.13431417078601934
COG1283	-1.0031351963908115	1.0031351963908115
COG1284	-1.2006371218249097	1.2006371218249094
COG1285	1.1101342923633568	-1.1101342923633566
COG1286	-0.059111137829018515	0.05911113782901851
COG1288	-1.7207346049492638	1.7207346049492636
COG1289	1.8636748657145215	-1.8636748657145212
COG1291	1.6572382279548745	-1.657238227954874
COG1292	1.4498116092847182	-1.4498116092847182
COG1293	0.5569419136646673	-0.5569419136646673
COG1294	0.7871461919282811	-0.787146191928281
COG1295	-0.6361119633789298	0.6361119633789298
COG1296	-0.6363223499612357	0.6363223499612356
COG1297	0.7295765501173231	-0.729576550117323
COG1298	-0.27595753925054767	0.2759575392505476
COG1299	-1.4246138587419745	1.4246138587419743
COG1300	0.6182641251119266	-0.6182641251119264
COG1301	0.6727754146809135	-0.6727754146809132
COG1302	-1.4477396462002385	1.4477396462002383
COG1304	-1.1469762140054403	1.14697621400544
COG1305	-0.2569318057088641	0.25693180570886404
COG1306	-0.7488157174969535	0.7488157174969534
COG1307	-0.2049329673870913	0.20493296738709127
COG1309	0.7827213980744397	-0.7827213980744397
COG1310	-1.6086616520188346	1.6086616520188344
COG1312	-0.7515567744484394	0.7515567744484393
COG1313	-1.1275817774047818	1.1275817774047818
COG1315	-0.5286979469595943	0.5286979469595942
COG1316	0.9866408217651768	-0.9866408217651764
COG1319	-0.11970661153482516	0.11970661153482515
COG1321	-0.6829336281582324	0.6829336281582324
COG1322	0.22698056081185194	-0.2269805608118517
COG1323	-1.6556114822895005	1.6556114822895003
COG1327	-0.40587322455170033	0.4058732245517003
COG1328	-0.013987042538105088	0.013987042538105086
COG1329	0.8846388746619881	-0.884638874661988
COG1330	1.3587275928276932	-1.3587275928276932
COG1331	-0.6081671706865043	0.6081671706865043
COG1332	-1.4770575751298547	1.4770575751298547
COG1334	-1.5363218619946126	1.5363218619946124
COG1335	0.7563072045198104	-0.7563072045198103
COG1338	-0.4826806272994122	0.48268062729941213
COG1342	-0.5088410946024405	0.5088410946024404
COG1343	-1.1226133154327755	1.1226133154327753
COG1344	1.688428008941441	-1.6884280089414407
COG1345	0.8725563927840101	-0.8725563927840102
COG1346	-1.5009221838446825	1.5009221838446825
COG1347	-0.28336433397479266	0.2833643339747926
COG1348	-0.01549657211382544	0.015496572113825439
COG1349	1.114943624450783	-1.1149436244507829
COG1350	-0.9891439336110883	0.9891439336110882
COG1351	-0.06039242590402543	0.060392425904025424
COG1353	-0.8725883935483487	0.8725883935483486
COG1354	-0.0061223660551206855	0.0061223660551206855
COG1355	0.6001163486956054	-0.6001163486956053
COG1357	1.1980516180390248	-1.1980516180390248
COG1358	-1.4871085935783404	1.4871085935783401
COG1359	0.11897512895303318	-0.1189751289530334
COG1360	0.5425838861085661	-0.542583886108566
COG1362	0.27263815838780925	-0.27263815838780897
COG1363	-0.04392931101603653	0.043929311016036525
COG1364	1.1736714000154214	-1.1736714000154211
COG1366	-1.7169316952884832	1.716931695288483
COG1368	0.4703234000618058	-0.47032340006180545
COG1373	1.0207239444060043	-1.0207239444060043
COG1376	1.5895858714137583	-1.589585871413758
COG1377	-1.015105013853681	1.0151050138536808
COG1378	-1.1268352741746999	1.1268352741746999
COG1379	-1.684962365383874	1.6849623653838737
COG1380	-0.8214546179439314	0.8214546179439313
COG1381	0.6228380131073511	-0.622838013107351
COG1385	0.5244644775135258	-0.5244644775135255
COG1386	-0.2928508205044813	0.29285082050448125
COG1387	-1.2416486301668421	1.241648630166842
COG1388	0.24904379087942818	-0.24904379087942813
COG1391	-0.6321577327818871	0.632157732781887
COG1392	1.2405111057610063	-1.2405111057610063
COG1393	1.4932978911359234	-1.4932978911359234
COG1394	0.5963024960573573	-0.5963024960573572
COG1396	0.6942685187310146	-0.6942685187310145
COG1397	-0.027478066409081132	0.02747806640908113
COG1399	1.3158567127002976	-1.3158567127002974
COG1401	-1.0335056876621318	1.0335056876621318
COG1402	-0.5031322273140928	0.5031322273140927
COG1403	-1.3485315504008641	1.3485315504008641
COG1404	-1.1490863539136704	1.1490863539136704
COG1408	-1.2461156471873647	1.2461156471873645
COG1409	-0.4600940504000222	0.46009405040002216
COG1410	-1.5742316256253948	1.5742316256253945
COG1414	0.8465626982548606	-0.8465626982548605
COG1418	-1.727804313111726	1.7278043131117258
COG1419	-0.3253190977352157	0.3253190977352157
COG1420	0.3730761442860902	-0.37307614428608993
COG1424	0.577660961382135	-0.5776609613821349
COG1426	-1.2775391177315274	1.2775391177315274
COG1428	1.3903385215413326	-1.3903385215413324
COG1429	0.03692505063541989	-0.036925050635419884
COG1432	-1.4213696884518747	1.4213696884518745
COG1434	-0.9920753503502396	0.9920753503502395
COG1435	-0.34871654273167	0.34871654273167
COG1436	0.27851640794851773	-0.27851640794851745
COG1438	0.5498309798486588	-0.5498309798486587
COG1440	1.457441038155474	-1.4574410381554739
COG1441	0.9181413794336566	-0.9181413794336565
COG1442	1.1108113834362003	-1.1108113834362001
COG1444	1.717393036683397	-1.7173930366833967
COG1445	-0.2060209817769411	0.20602098177694106
COG1446	-0.8547791420540918	0.8547791420540917
COG1447	1.0059820063385838	-1.0059820063385838
COG1448	-0.38897669702950094	0.3889766970295009
COG1449	0.5674235007832986	-0.5674235007832988
COG1450	1.7395083399889184	-1.7395083399889184
COG1451	-0.17997078657475435	0.17997078657475435
COG1452	0.19643075495307627	-0.19643075495307624
COG1453	-0.33311439057339887	0.33311439057339887
COG1454	-1.897603442363525	1.8976034423635249
COG1455	0.1829921872983311	-0.18299218729833108
COG1456	-1.9290885001136029	1.9290885001136027
COG1457	1.5067111379667217	-1.5067111379667215
COG1459	1.6179912984548057	-1.6179912984548053
COG1461	0.899108211911583	-0.8991082119115829
COG1463	1.3091129124909213	-1.309112912490921
COG1464	1.9947663487171294	-1.9947663487171294
COG1466	-0.26725999988055155	0.2672599998805515
COG1468	-0.6119446319345518	0.6119446319345517
COG1469	-0.8133987360636672	0.8133987360636672
COG1470	-1.2897444249340293	1.289744424934029
COG1472	-0.4100300893344261	0.4100300893344261
COG1473	0.803673151090813	-0.8036731510908127
COG1475	-1.5652556519931498	1.5652556519931495
COG1476	-1.2128689858046302	1.21286898580463
COG1477	-1.3867398838632254	1.3867398838632252
COG1479	-0.06130377782799217	0.061303777827992165
COG1480	1.2262158294187582	-1.226215829418758
COG1481	0.0022429325180836025	-0.0022429325180836025
COG1482	-0.6163393838446422	0.6163393838446422
COG1484	-0.1943753164143541	0.19437531641435407
COG1485	1.8137141661915561	-1.813714166191556
COG1486	1.786771423795973	-1.7867714237959729
COG1487	1.0862648483636002	-1.0862648483636002
COG1488	-0.18511384661019994	0.18511384661019992
COG1489	-0.38361090510983303	0.383610905109833
COG1490	1.24936330420858	-1.2493633042085799
COG1492	-1.8131615805339785	1.8131615805339782
COG1493	-0.25574602957944625	0.2557460295794462
COG1494	1.7527375573884658	-1.7527375573884658
COG1495	0.920550367183464	-0.9205503671834638
COG1496	1.0608275568666607	-1.0608275568666603
COG1501	-0.30358805244627707	0.30358805244627707
COG1502	-0.7133306228293149	0.7133306228293148
COG1505	-0.44624962318866523	0.4462496231886652
COG1506	-0.28927764370781056	0.2892776437078105
COG1507	-0.9068680701591018	0.9068680701591018
COG1508	0.864626910683234	-0.8646269106832343
COG1509	-0.0925989687522035	0.0925989687522035
COG1511	1.345599960163596	-1.345599960163596
COG1512	-1.3562706291426008	1.3562706291426005
COG1515	1.921981684631185	-1.9219816846311844
COG1516	-0.32971405884968524	0.32971405884968524
COG1518	0.6973709473566366	-0.6973709473566363
COG1519	-0.8392876101741195	0.8392876101741193
COG1520	1.4942440740248317	-1.4942440740248315
COG1521	-0.6000253223160668	0.6000253223160668
COG1522	0.15052717199537746	-0.15052717199537743
COG1523	-0.7604564277203093	0.7604564277203093
COG1524	0.5922202082268248	-0.5922202082268246
COG1525	-1.0846726075080049	1.0846726075080046
COG1526	-0.9865629246161386	0.9865629246161385
COG1527	-1.3520924330889115	1.3520924330889115
COG1528	0.8975975481361457	-0.8975975481361458
COG1529	-1.1232986541038912	1.1232986541038912
COG1530	0.8959969793369669	-0.895996979336967
COG1533	1.5694866905126186	-1.5694866905126184
COG1534	-0.7932061518854459	0.7932061518854457
COG1536	-1.3564095162818515	1.3564095162818512
COG1538	-0.004783540478574762	0.004783540478574761
COG1539	0.14844465408343865	-0.1484446540834384
COG1540	-1.4575258689242847	1.4575258689242845
COG1541	-0.4386919698662971	0.43869196986629705
COG1544	1.691983309940944	-1.6919833099409436
COG1546	0.5809505564412673	-0.5809505564412675
COG1553	0.3120777123964396	-0.31207771239643933
COG1554	0.22212622699514806	-0.22212622699514803
COG1555	0.4090364679966016	-0.4090364679966018
COG1556	-0.73880077832688	0.7388007783268798
COG1558	-0.9071715314519996	0.9071715314519995
COG1559	-0.8971777234266588	0.8971777234266587
COG1560	-0.4667960456977758	0.4667960456977757
COG1561	0.558854092419349	-0.5588540924193491
COG1562	0.3180984869698564	-0.3180984869698561
COG1564	-1.5594520707007589	1.5594520707007589
COG1565	0.5947100149040635	-0.5947100149040637
COG1566	1.360840507102315	-1.360840507102315
COG1567	-1.3073927508310992	1.307392750831099
COG1570	0.41300399766759266	-0.4130039976675924
COG1573	-1.022126768394653	1.0221267683946529
COG1574	0.6873101817191083	-0.6873101817191082
COG1575	2.13093337879829	-2.1309333787982894
COG1576	1.554675784766778	-1.554675784766778
COG1577	0.2619081186221541	-0.2619081186221538
COG1584	1.583336956008212	-1.5833369560082118
COG1585	0.18563730723319335	-0.18563730723319333
COG1586	-0.3776932882824795	0.37769328828247944
COG1587	-0.5648213015493074	0.5648213015493074
COG1589	0.959331441512582	-0.9593314415125815
COG1592	0.8734450076184533	-0.8734450076184535
COG1593	0.5848859040196067	-0.5848859040196068
COG1595	-1.4717009261018485	1.4717009261018485
COG1596	0.4761585412817346	-0.4761585412817348
COG1597	0.8015643182873543	-0.8015643182873542
COG1598	0.6511002202650114	-0.651100220265011
COG1600	1.494526942459487	-1.494526942459487
COG1605	1.8796031354338865	-1.8796031354338862
COG1606	0.5518836126846528	-0.5518836126846526
COG1607	-1.1354395123700487	1.1354395123700485
COG1609	0.3678316466264528	-0.367831646626453
COG1610	0.204405614575369	-0.20440561457536896
COG1611	0.40872844871967373	-0.4087284487196739
COG1613	-0.9671218789230548	0.9671218789230547
COG1614	0.4780307359723886	-0.47803073597238854
COG1615	-0.23567876935848586	0.23567876935848583
COG1619	1.3432853372631968	-1.3432853372631965
COG1620	0.795247655350938	-0.7952476553509379
COG1621	-0.0008865956509810488	0.0008865956509810487
COG1622	1.5946066567046793	-1.594606656704679
COG1623	0.32724220035072443	-0.32724220035072465
COG1624	-0.9925525169332845	0.9925525169332844
COG1625	-0.4849378994339178	0.48493789943391774
COG1626	1.6807920051923753	-1.6807920051923748
COG1629	1.0750150922062909	-1.0750150922062909
COG1633	0.7235047088903837	-0.7235047088903835
COG1635	0.46965306900431714	-0.4696530690043171
COG1636	-0.5216670109098148	0.5216670109098148
COG1637	0.16924390783175158	-0.16924390783175156
COG1638	-1.0164547745696595	1.0164547745696593
COG1640	-0.6349161228295013	0.6349161228295012
COG1641	-0.977495123211715	0.9774951232117148
COG1643	1.3551554076508965	-1.3551554076508963
COG1648	-1.682205327464671	1.6822053274646709
COG1649	-0.9243839150991779	0.9243839150991778
COG1651	1.5515191780414836	-1.5515191780414834
COG1652	-0.033174572077899506	0.0331745720778995
COG1653	-1.3978284448155318	1.3978284448155318
COG1654	-1.3892683509410861	1.3892683509410861
COG1655	0.15425078934412156	-0.15425078934412154
COG1658	-1.5124025551562439	1.5124025551562437
COG1660	1.0148771974604125	-1.0148771974604127
COG1661	0.5261446930209985	-0.5261446930209983
COG1662	0.44647086026305915	-0.4464708602630591
COG1663	0.3267091354931311	-0.3267091354931308
COG1664	-0.07365547016576642	0.0736554701657664
COG1666	0.6269904689388174	-0.6269904689388173
COG1668	-0.1927206685459721	0.19272066854597208
COG1669	-0.4590497620742073	0.4590497620742072
COG1670	1.3037723760037452	-1.303772376003745
COG1671	-0.2209106172079793	0.22091061720797928
COG1672	1.0444003751173314	-1.0444003751173314
COG1674	-1.154569079705013	1.1545690797050128
COG1678	1.6351801040147749	-1.6351801040147746
COG1679	-0.6324808416855627	0.6324808416855626
COG1680	-0.9406658965011613	0.9406658965011612
COG1682	0.8576872918163556	-0.8576872918163555
COG1683	0.18832320867050362	-0.1883232086705036
COG1684	-0.4166983072315884	0.41669830723158835
COG1686	-1.7937581778027787	1.7937581778027785
COG1687	0.43976770705824775	-0.43976770705824747
COG1690	-1.0387790927957694	1.0387790927957692
COG1691	-0.7224924941161942	0.7224924941161941
COG1692	-1.3551855715495587	1.3551855715495584
COG1694	0.2870628323162646	-0.28706283231626434
COG1695	0.8962795804258901	-0.89627958042589
COG1696	-1.957537624117512	1.9575376241175118
COG1699	0.22374970696032226	-0.22374970696032223
COG1700	-1.310501704909799	1.3105017049097987
COG1702	0.26669092914866205	-0.26669092914866205
COG1703	0.8639850032974737	-0.8639850032974736
COG1704	0.098657190234846	-0.09865719023484575
COG1705	1.0706050219074024	-1.0706050219074026
COG1706	1.222829522793055	-1.2228295227930548
COG1708	-1.1981996957302838	1.1981996957302836
COG1712	0.36975248721757903	-0.36975248721757925
COG1713	-0.6628130993625503	0.6628130993625503
COG1714	-1.5876263965762853	1.5876263965762851
COG1715	1.6265930047746813	-1.6265930047746808
COG1716	0.22465131795608712	-0.2246513179560873
COG1720	-1.126555896061781	1.126555896061781
COG1721	1.2757945638707355	-1.2757945638707355
COG1722	-0.5555323625774027	0.5555323625774026
COG1725	0.14563094422428668	-0.1456309442242869
COG1726	-0.22549815203080956	0.22549815203080953
COG1728	-1.5992028721012999	1.5992028721012996
COG1729	1.676446056398801	-1.6764460563988008
COG1732	-0.7011424566599395	0.7011424566599394
COG1733	0.5914564527340844	-0.5914564527340845
COG1734	1.4289460057732302	-1.4289460057732297
COG1735	1.8001133359479502	-1.80011333594795
COG1737	0.07136761492832483	-0.07136761492832507
COG1738	1.9605164089136895	-1.9605164089136893
COG1739	-0.5410411157292043	0.5410411157292043
COG1740	0.15431894620156167	-0.15431894620156142
COG1741	-1.3106928778254985	1.3106928778254983
COG1742	1.321802640618027	-1.3218026406180268
COG1743	-0.38094870319510077	0.3809487031951007
COG1744	-0.17301741354865288	0.17301741354865288
COG1748	0.35478306478736665	-0.3547830647873666
COG1749	0.4680559611900245	-0.46805596119002446
COG1752	-0.2342205790001663	0.23422057900016627
COG1754	-0.6903715667900372	0.6903715667900371
COG1755	-0.07283000272453741	0.0728300027245374
COG1757	-1.7744255043225472	1.774425504322547
COG1758	0.5702385231711319	-0.5702385231711321
COG1760	1.3600213889515076	-1.3600213889515074
COG1762	-1.365327571058223	1.3653275710582229
COG1763	-0.0407833095963542	0.0407833095963542
COG1765	-0.523382792078822	0.523382792078822
COG1766	-0.3811259943828862	0.38112599438288614
COG1767	-1.1033035162845743	1.1033035162845741
COG1768	-0.33840195703820575	0.3384019570382057
COG1770	0.16449523053219825	-0.16449523053219847
COG1773	0.7035497688645573	-0.7035497688645574
COG1774	-1.4317986715375575	1.4317986715375572
COG1775	-1.5838327562236687	1.5838327562236687
COG1776	-0.6552582411066439	0.6552582411066439
COG1778	-0.17610842827439743	0.1761084282743974
COG1780	-0.8659980645830511	0.865998064583051
COG1781	0.027315454364888213	-0.027315454364888213
COG1783	1.6249553194725217	-1.6249553194725217
COG1785	-1.1616977604154528	1.1616977604154528
COG1788	1.5941462603319354	-1.5941462603319352
COG1791	0.9311628521140362	-0.931162852114036
COG1792	-0.2115144689864279	0.21151446898642787
COG1793	-1.1075378930662472	1.1075378930662472
COG1794	1.5818323436361394	-1.5818323436361392
COG1797	-0.05248280717282745	0.052482807172827446
COG1799	1.3775085930455437	-1.3775085930455435
COG1801	1.8830228699312046	-1.8830228699312044
COG1802	0.5465826073319224	-0.5465826073319222
COG1803	-1.4261430673767566	1.4261430673767566
COG1804	0.8125314688138446	-0.8125314688138446
COG1805	-0.4347922199204615	0.43479221992046146
COG1806	0.37972736487200015	-0.3797273648720003
COG1807	0.30166549760756867	-0.3016654976075686
COG1808	-0.07208619189435875	0.07208619189435875
COG1811	1.0915783647475092	-1.0915783647475095
COG1814	-0.8874597412749581	0.887459741274958
COG1815	0.3844063874967833	-0.38440638749678324
COG1816	-0.8245193300990242	0.8245193300990241
COG1819	0.5848363140162128	-0.5848363140162128
COG1820	0.3746726708198143	-0.37467267081981426
COG1823	0.6563921349352603	-0.6563921349352605
COG1825	-0.27743750865835615	0.2774375086583561
COG1826	0.32911111033141693	-0.32911111033141666
COG1827	0.4285963446764044	-0.42859634467640456
COG1830	0.6830447565988118	-0.6830447565988117
COG1834	0.9712486407074691	-0.971248640707469
COG1835	1.2858517778310457	-1.2858517778310454
COG1837	-0.7505021496680221	0.750502149668022
COG1838	-1.0132928742833205	1.0132928742833203
COG1840	1.2403885703533613	-1.2403885703533613
COG1841	-0.31227643877630107	0.312276438776301
COG1842	1.396633938606366	-1.3966339386063658
COG1843	-1.2263323117082487	1.2263323117082485
COG1845	1.2241615305974323	-1.2241615305974323
COG1846	-0.9627897447317161	0.962789744731716
COG1847	1.1053645992747057	-1.1053645992747054
COG1850	0.9517437345682149	-0.951743734568215
COG1852	-0.09123135798357276	0.09123135798357275
COG1853	-0.7112541691026981	0.711254169102698
COG1854	0.7981960034100399	-0.7981960034100398
COG1857	-1.299555905324254	1.299555905324254
COG1858	1.227496389897538	-1.227496389897538
COG1859	-0.43067508546693445	0.4306750854669344
COG1862	0.27211026246029374	-0.27211026246029374
COG1864	-1.2499441144807313	1.249944114480731
COG1865	0.633351665712914	-0.6333516657129141
COG1866	-1.024204215944701	1.0242042159447007
COG1868	-0.6043570953600861	0.604357095360086
COG1869	0.6727726137794867	-0.6727726137794864
COG1871	-1.4559868327721963	1.455986832772196
COG1872	0.8159443281665905	-0.8159443281665903
COG1874	-0.4347287745114401	0.43472877451144004
COG1875	0.1033438582542506	-0.1033438582542506
COG1876	-0.852429281884301	0.8524292818843009
COG1877	1.4474165549490121	-1.447416554949012
COG1878	0.1637347547945375	-0.16373475479453725
COG1879	-1.0170416679002445	1.0170416679002443
COG1881	1.303361913082955	-1.3033619130829548
COG1882	-1.422366792766919	1.4223667927669188
COG1883	-0.5644288998293581	0.5644288998293581
COG1884	0.7597045503039426	-0.7597045503039427
COG1886	0.19704307056085674	-0.19704307056085693
COG1887	-1.6896238855878953	1.6896238855878951
COG1893	1.5048813528884297	-1.5048813528884295
COG1894	-0.8573117431985027	0.8573117431985026
COG1896	1.3928937003778181	-1.392893700377818
COG1897	0.7187273950255437	-0.7187273950255434
COG1898	-1.333093323145457	1.333093323145457
COG1902	-0.13490740503625429	0.13490740503625426
COG1903	-0.4173451838807468	0.41734518388074676
COG1904	-0.4591590385685894	0.45915903856858936
COG1905	-1.6456545848054347	1.6456545848054345
COG1906	1.1428565016257137	-1.1428565016257133
COG1907	-0.5423396009911862	0.5423396009911862
COG1910	-0.8567339280153888	0.8567339280153887
COG1912	1.6132032836050425	-1.6132032836050423
COG1914	0.6078151427347943	-0.6078151427347944
COG1915	-0.26921653306342325	0.26921653306342325
COG1917	1.6813530114825057	-1.6813530114825053
COG1918	0.9030247657472588	-0.9030247657472587
COG1921	1.263786772035919	-1.263786772035919
COG1922	-1.351908497183255	1.351908497183255
COG1923	1.1746051983789711	-1.174605198378971
COG1924	0.1806582176855363	-0.18065821768553653
COG1925	-0.7587478845858115	0.7587478845858114
COG1928	-0.3689976375856286	0.3689976375856286
COG1929	-0.8913219061825418	0.8913219061825417
COG1930	-1.4146497464941838	1.4146497464941836
COG1932	-0.21810080227860523	0.21810080227860523
COG1934	1.3234614589839768	-1.3234614589839766
COG1937	-0.4649849049322219	0.46498490493222183
COG1939	-1.736619789278055	1.7366197892780548
COG1940	1.2450063324779708	-1.2450063324779708
COG1943	-0.49841766416093125	0.4984176641609312
COG1944	0.41150501345559687	-0.41150501345559704
COG1946	-0.10991948326179786	0.10991948326179785
COG1947	-1.205800275705428	1.205800275705428
COG1949	-0.22437509007913037	0.22437509007913034
COG1951	-0.26776302111792194	0.2677630211179219
COG1953	1.4038379748041803	-1.4038379748041803
COG1954	0.8060778728476378	-0.8060778728476377
COG1956	0.37786414255029344	-0.37786414255029316
COG1957	1.7740437220120844	-1.7740437220120844
COG1959	-0.439041794087283	0.43904179408728294
COG1960	1.106656588108838	-1.106656588108838
COG1961	-0.4027472617536239	0.40274726175362385
COG1963	0.41749355334108107	-0.417493553341081
COG1964	-1.7153228882015632	1.715322888201563
COG1966	-0.2296081105318284	0.22960811053182836
COG1968	-0.24200122988331543	0.24200122988331538
COG1969	0.6461149148528046	-0.6461149148528047
COG1970	1.2583130588510367	-1.2583130588510365
COG1971	-0.6167051644620364	0.6167051644620364
COG1972	0.5581689968271212	-0.5581689968271211
COG1974	1.1188489909766541	-1.118848990976654
COG1975	-0.27185868554205667	0.27185868554205667
COG1979	0.09509161000279837	-0.09509161000279835
COG1982	1.3377698082073077	-1.3377698082073077
COG1984	0.3177397570027122	-0.3177397570027121
COG1985	-1.2463049107920439	1.2463049107920436
COG1988	1.2685588090032835	-1.2685588090032833
COG1989	-0.09818944212760888	0.09818944212760887
COG1994	-1.3341696457257688	1.3341696457257686
COG1995	0.5193715637839953	-0.5193715637839953
COG2000	-1.9263387232226081	1.926338723222608
COG2001	1.7112872070841445	-1.7112872070841445
COG2002	0.465861946612419	-0.4658619466124189
COG2003	1.0584110252035595	-1.0584110252035595
COG2005	1.0712241511390166	-1.0712241511390164
COG2006	-1.5142632151202624	1.5142632151202622
COG2008	-0.907925110748085	0.9079251107480849
COG2009	1.3873722316237818	-1.3873722316237818
COG2010	-0.7112246870640601	0.71122468706406
COG2011	-0.01586358916964623	0.015863589169646225
COG2013	-0.25693655192586196	0.2569365519258619
COG2015	1.39590914799612	-1.3959091479961199
COG2017	0.9567698285741097	-0.9567698285741099
COG2020	0.2827844254321085	-0.28278442543210874
COG2021	-0.7255857519517994	0.7255857519517993
COG2022	-0.25249077707751977	0.25249077707751977
COG2025	-1.4778426328293337	1.4778426328293337
COG2026	1.2399914211546725	-1.239991421154672
COG2027	-0.5776399122670863	0.5776399122670863
COG2030	1.4890201772338272	-1.4890201772338272
COG2031	1.6855845807703387	-1.6855845807703387
COG2032	-1.677471227193122	1.6774712271931218
COG2033	-1.0225147200598774	1.0225147200598774
COG2035	-0.4225898088677365	0.42258980886773645
COG2038	0.9064073284132622	-0.9064073284132621
COG2039	-0.7247659623722231	0.7247659623722231
COG2040	1.1988950215536038	-1.1988950215536038
COG2041	0.567602382646922	-0.5676023826469216
COG2045	1.6486463463398753	-1.648646346339875
COG2048	0.7171745096893498	-0.7171745096893495
COG2049	0.25635686592536294	-0.25635686592536266
COG2050	1.138606686623585	-1.138606686623585
COG2055	-1.0386955552244634	1.0386955552244632
COG2056	-1.6471850739407663	1.647185073940766
COG2057	1.6560333193821677	-1.6560333193821675
COG2059	-1.422540203441169	1.4225402034411687
COG2060	-0.3125685223989655	0.31256852239896543
COG2062	-0.13088976649891643	0.13088976649891643
COG2065	-0.2542753754435914	0.25427537544359136
COG2066	-1.8698842231552089	1.8698842231552086
COG2067	1.429820674502039	-1.4298206745020388
COG2068	-1.0707056085337894	1.0707056085337894
COG2069	-0.9856577706770322	0.9856577706770321
COG2070	-1.523982220070861	1.5239822200708608
COG2071	-0.6628571718125279	0.6628571718125278
COG2073	-0.838884339149803	0.8388843391498029
COG2076	1.4791840745317768	-1.4791840745317766
COG2077	0.03569002277378353	-0.035690022773783525
COG2078	-0.5601051824957182	0.5601051824957182
COG2079	1.4977736462753233	-1.4977736462753233
COG2080	-0.856295670137301	0.8562956701373009
COG2081	0.6907344886986221	-0.690734488698622
COG2082	-0.11669238695053567	0.11669238695053566
COG2084	0.45477241598495094	-0.45477241598495116
COG2086	1.0528020050642275	-1.0528020050642273
COG2087	-0.3891400528743777	0.38914005287437764
COG2088	-1.5110886557695677	1.5110886557695677
COG2089	-0.6815509099131166	0.6815509099131165
COG2091	-0.1884871487191414	0.18848714871914138
COG2094	-0.2975893797462488	0.2975893797462488
COG2095	1.0122575024166518	-1.0122575024166518
COG2096	0.5512192041907026	-0.5512192041907024
COG2099	-0.5628739246919545	0.5628739246919545
COG2103	1.1645143037592105	-1.1645143037592105
COG2105	1.226117457236892	-1.2261174572368922
COG2109	0.0010607874097161533	-0.0010607874097161533
COG2110	0.30825779451844987	-0.3082577945184496
COG2111	-0.5218548991357524	0.5218548991357523
COG2113	-1.0734876862152019	1.0734876862152016
COG2115	0.7920650946075923	-0.7920650946075922
COG2116	0.8994202635332975	-0.8994202635332974
COG2120	1.0246148692243295	-1.0246148692243295
COG2121	0.5916853064505545	-0.5916853064505544
COG2127	-1.0241369341271946	1.0241369341271944
COG2128	0.412813381116775	-0.4128133811167752
COG2130	1.286147199758019	-1.2861471997580185
COG2131	-0.7964411399456273	0.7964411399456273
COG2132	0.3737467663110789	-0.3737467663110786
COG2133	1.8972962691329789	-1.8972962691329787
COG2134	1.458622084239863	-1.458622084239863
COG2135	0.08171919861570126	-0.08171919861570101
COG2137	0.5916844095112234	-0.5916844095112233
COG2140	0.5468713282251287	-0.5468713282251284
COG2141	1.3469228443416559	-1.3469228443416554
COG2142	1.8171568338515456	-1.8171568338515454
COG2145	0.18660320182015244	-0.18660320182015241
COG2146	0.9558051270419006	-0.9558051270419002
COG2148	-1.6050315809844355	1.6050315809844353
COG2151	-0.021777482470321925	0.021777482470321925
COG2152	-0.8728717642145001	0.8728717642145
COG2153	0.6335088747335702	-0.6335088747335701
COG2156	1.3040319776323714	-1.3040319776323712
COG2159	-0.09619236919966871	0.0961923691996687
COG2160	1.3960025751947696	-1.3960025751947693
COG2162	1.1387061811712538	-1.1387061811712536
COG2165	0.8108484394376896	-0.8108484394376898
COG2166	0.8769888672491386	-0.8769888672491385
COG2169	-0.12107125817968588	0.12107125817968586
COG2170	-0.04650974373498526	0.04650974373498526
COG2171	0.04590217880388542	-0.04590217880388541
COG2172	0.09797174628660676	-0.09797174628660675
COG2173	-0.05310395823120921	0.05310395823120921
COG2175	0.5849062951142411	-0.5849062951142412
COG2176	-1.6601554925821855	1.6601554925821853
COG2177	-0.1007023787433057	0.10070237874330569
COG2179	0.6183965265832112	-0.6183965265832109
COG2180	0.5737144015022883	-0.5737144015022884
COG2181	1.4819753558121185	-1.4819753558121183
COG2182	-1.0525464915775513	1.0525464915775513
COG2183	-0.5122467705680523	0.5122467705680522
COG2184	0.9806693602043511	-0.9806693602043512
COG2185	0.8847035116821005	-0.8847035116821006
COG2186	0.5718607568921376	-0.5718607568921374
COG2188	-0.9712737158545643	0.9712737158545642
COG2189	-0.307609527636689	0.3076095276366889
COG2190	-0.843544591481096	0.8435445914810958
COG2192	-0.5323982865704755	0.5323982865704754
COG2193	1.1478497933927156	-1.1478497933927154
COG2194	2.017656453495446	-2.0176564534954458
COG2195	-0.44015741942112235	0.4401574194211223
COG2197	0.35818755650587447	-0.3581875565058747
COG2198	0.6057086836058475	-0.6057086836058476
COG2199	-0.8034715588817467	0.8034715588817466
COG2200	1.024779778776572	-1.0247797787765718
COG2201	0.22467469021131006	-0.22467469021131004
COG2202	0.8182054276486369	-0.8182054276486366
COG2204	-0.290616540626183	0.290616540626183
COG2205	0.607457403593633	-0.6074574035936329
COG2206	-0.7893937780334939	0.7893937780334938
COG2207	-0.6067694849051333	0.6067694849051333
COG2208	0.386593941728118	-0.38659394172811795
COG2209	-0.9202736155566724	0.9202736155566723
COG2210	-1.0167398610505338	1.0167398610505336
COG2211	-1.063181239964552	1.0631812399645517
COG2213	-1.3363997366040308	1.3363997366040308
COG2214	-1.3172679727111405	1.3172679727111403
COG2215	2.121995447406453	-2.121995447406453
COG2216	-1.7439685558857425	1.7439685558857423
COG2217	-0.3107153906124224	0.3107153906124224
COG2220	-0.5423236292445577	0.5423236292445576
COG2221	-1.248748106520435	1.2487481065204349
COG2222	0.8466017435066202	-0.8466017435066199
COG2223	1.850659929865728	-1.8506599298657278
COG2224	1.3791165721629794	-1.3791165721629794
COG2225	1.2986357829800856	-1.2986357829800854
COG2226	-0.059265366715862376	0.05926536671586237
COG2227	0.30254580859437996	-0.3025458085943799
COG2230	-0.08726891096085225	0.08726891096085225
COG2231	0.398126412446847	-0.39812641244684693
COG2233	0.42399652511082003	-0.42399652511082
COG2234	-1.319324797580963	1.3193247975809628
COG2235	-0.4936308185348487	0.49363081853484864
COG2239	-1.484574935007353	1.484574935007353
COG2240	0.28889797964206604	-0.28889797964206576
COG2241	-0.044266239819227095	0.04426623981922709
COG2242	-0.5689849196960446	0.5689849196960446
COG2243	-0.10626940186048525	0.10626940186048524
COG2244	0.8377142196327306	-0.8377142196327305
COG2246	-1.3449138047344997	1.3449138047344995
COG2247	0.2856576496506721	-0.2856576496506723
COG2249	1.8330898495705852	-1.8330898495705852
COG2252	1.0687568536720733	-1.0687568536720735
COG2255	0.8360143132799451	-0.8360143132799448
COG2256	0.18351117197304978	-0.18351117197304975
COG2257	0.3135932030881311	-0.31359320308813105
COG2258	-0.8822509494172868	0.8822509494172867
COG2259	0.9900238896708575	-0.9900238896708574
COG2261	1.4570917569069202	-1.45709175690692
COG2262	0.6917107050750307	-0.6917107050750306
COG2264	-1.0871193626164162	1.087119362616416
COG2265	0.1043016680488539	-0.10430166804885413
COG2267	0.7931022199422625	-0.7931022199422624
COG2268	1.6921525886855957	-1.6921525886855955
COG2269	1.4964478984181586	-1.4964478984181584
COG2270	1.0791535141736246	-1.0791535141736244
COG2271	0.6869042129463568	-0.686904212946357
COG2272	0.019633121432751973	-0.01963312143275197
COG2273	-0.9460160182906147	0.9460160182906145
COG2274	1.0428836966542894	-1.0428836966542891
COG2301	0.7782741359139038	-0.7782741359139037
COG2302	-1.5584184222567665	1.5584184222567665
COG2303	0.7663187592652809	-0.7663187592652808
COG2304	1.2284300365336684	-1.2284300365336682
COG2307	-0.2928543640277723	0.29285436402777226
COG2308	-0.050288519179929984	0.05028851917992998
COG2309	0.418576688227885	-0.41857668822788496
COG2310	-0.4132604960701939	0.41326049607019383
COG2311	-0.8257162148204911	0.825716214820491
COG2312	-1.0691127679406005	1.0691127679406003
COG2313	0.8730356693614202	-0.8730356693614201
COG2315	-0.7765666649608393	0.7765666649608391
COG2316	-1.017595345266827	1.017595345266827
COG2317	1.1668351922436218	-1.1668351922436215
COG2319	-0.3709968496933667	0.37099684969336666
COG2320	1.4167876233647758	-1.4167876233647758
COG2321	0.9734429555842669	-0.9734429555842667
COG2323	-0.4589388075980935	0.45893880759809347
COG2326	-0.6825368170446927	0.6825368170446926
COG2327	-0.575978673641171	0.5759786736411708
COG2331	-0.6138142035040561	0.613814203504056
COG2333	-1.090753699779486	1.090753699779486
COG2334	0.9516780377795235	-0.9516780377795234
COG2336	1.2580247020516504	-1.2580247020516504
COG2337	-1.2628980103995908	1.2628980103995906
COG2339	-0.5592166938826199	0.5592166938826199
COG2340	1.1659760056336448	-1.1659760056336443
COG2344	-1.3663937073995478	1.3663937073995478
COG2348	1.281166633424215	-1.2811666334242149
COG2350	1.580612380065339	-1.5806123800653389
COG2351	0.4533956594510808	-0.45339565945108073
COG2352	-1.3084921959074058	1.3084921959074058
COG2354	2.0367796288411704	-2.03677962884117
COG2355	-1.4505013482515425	1.4505013482515423
COG2356	0.8924785295120332	-0.8924785295120329
COG2357	-1.5182344058057353	1.518234405805735
COG2358	-1.4495890192178897	1.4495890192178895
COG2360	-0.010492367076577828	0.010492367076577826
COG2361	-0.9496991576040655	0.9496991576040654
COG2362	-1.7380982632557551	1.738098263255755
COG2364	-0.5508382085864956	0.5508382085864955
COG2365	0.1469521587855144	-0.14695215878551415
COG2366	0.008832114919761984	-0.008832114919761982
COG2367	0.8665407626878644	-0.8665407626878643
COG2368	0.08686422596073354	-0.08686422596073376
COG2369	-1.4024355824835126	1.4024355824835124
COG2372	0.538942428815492	-0.5389424288154917
COG2373	-0.2146722610176944	0.21467226101769438
COG2374	-0.809234591188705	0.809234591188705
COG2375	1.4000871130814987	-1.4000871130814985
COG2376	-0.29425742097291574	0.29425742097291574
COG2377	-0.14626586290239196	0.14626586290239194
COG2378	-1.3156351328623819	1.3156351328623817
COG2379	-0.429516225627128	0.42951622562712793
COG2382	-1.6002459632048016	1.6002459632048014
COG2384	0.4673063048623004	-0.46730630486230007
COG2385	-1.4284557803641529	1.4284557803641527
COG2386	1.3603773148413667	-1.3603773148413665
COG2388	-1.268069415058274	1.2680694150582739
COG2390	1.4263293996951443	-1.4263293996951445
COG2391	-0.6931215757501552	0.6931215757501551
COG2405	-1.2636516805417866	1.2636516805417863
COG2407	-1.5480311224240457	1.5480311224240457
COG2414	-1.0215249554807655	1.0215249554807655
COG2421	-0.13729655062414217	0.13729655062414217
COG2423	-0.8353092863091364	0.8353092863091363
COG2425	-0.5856848137261159	0.5856848137261159
COG2426	-0.5818617755767369	0.5818617755767368
COG2431	0.02972002772618584	-0.029720027726185837
COG2440	1.085639578485799	-1.0856395784857988
COG2452	0.09433398519419266	-0.0943339851941929
COG2461	0.9049341959872576	-0.9049341959872577
COG2501	-1.1267606194488287	1.1267606194488287
COG2502	-0.38126784420331894	0.3812678442033189
COG2503	-0.8513993807473155	0.8513993807473154
COG2508	-0.7161151074604459	0.7161151074604458
COG2509	0.5824262952765782	-0.5824262952765782
COG2510	0.20613475548291152	-0.20613475548291174
COG2513	1.2506955765822996	-1.2506955765822996
COG2514	-0.2790703846030696	0.2790703846030696
COG2515	1.2984042336025021	-1.298404233602502
COG2518	1.3706732559964574	-1.3706732559964574
COG2519	-0.13676960018098336	0.13676960018098336
COG2602	-0.9122690347420042	0.912269034742004
COG2603	1.0548174301492577	-1.0548174301492574
COG2605	0.4104818028104058	-0.4104818028104055
COG2606	-0.5588682480620569	0.5588682480620568
COG2607	-0.8455484022221708	0.8455484022221706
COG2609	1.6607950160097942	-1.6607950160097942
COG2610	-0.28019483017821606	0.280194830178216
COG2703	-0.8372479561631483	0.8372479561631482
COG2704	0.5553579383256524	-0.5553579383256524
COG2706	0.33307240527176774	-0.3330724052717677
COG2710	-1.468941784006057	1.4689417840060568
COG2715	-1.4344043687852357	1.4344043687852355
COG2716	1.951658261547726	-1.951658261547726
COG2717	0.06921175269203451	-0.06921175269203475
COG2718	-0.29784316579931314	0.29784316579931314
COG2719	1.7936303691699156	-1.7936303691699154
COG2720	-0.7965727566444394	0.7965727566444393
COG2721	-1.4349535230331372	1.434953523033137
COG2723	0.5532661192690332	-0.5532661192690332
COG2730	0.7989654182777148	-0.7989654182777145
COG2731	-0.8299887172419428	0.8299887172419428
COG2733	0.794642607805697	-0.7946426078056971
COG2738	1.5959048392332829	-1.5959048392332824
COG2739	0.0018781185406444752	-0.001878118540644475
COG2740	0.26345788451469765	-0.2634578845146976
COG2746	-0.9585560786815609	0.9585560786815608
COG2755	-1.3245193779434137	1.3245193779434137
COG2759	-0.8113075573267284	0.8113075573267283
COG2764	-0.43506886507608417	0.4350688650760841
COG2766	1.8097706729089316	-1.8097706729089313
COG2768	0.2888048463129626	-0.2888048463129626
COG2770	0.12370984652471967	-0.12370984652471989
COG2771	0.8729494576923374	-0.8729494576923373
COG2801	1.579679614667433	-1.5796796146674326
COG2804	1.8223098845304009	-1.8223098845304009
COG2805	1.0823975734215914	-1.082397573421591
COG2807	1.8269246884779877	-1.8269246884779873
COG2812	0.27096896405595805	-0.270968964055958
COG2813	0.1677710306326311	-0.16777103063263107
COG2814	0.576845718138648	-0.5768457181386483
COG2815	-1.1500140381303843	1.1500140381303843
COG2816	-0.42180419119958246	0.42180419119958246
COG2818	1.4039645688842772	-1.403964568884277
COG2819	-1.330265167805003	1.330265167805003
COG2820	-1.6672687878502026	1.6672687878502024
COG2821	1.734247744619811	-1.7342477446198108
COG2822	1.4896340703330455	-1.4896340703330455
COG2823	-0.4901402905434341	0.49014029054343405
COG2824	-0.4998839204583831	0.49988392045838304
COG2826	-0.18517743984292448	0.18517743984292445
COG2827	-0.5067412897957261	0.5067412897957261
COG2828	0.2457305385760169	-0.24573053857601687
COG2829	1.484810824912529	-1.484810824912529
COG2830	-0.6604089969579162	0.6604089969579162
COG2831	-1.53332139908205	1.5333213990820498
COG2832	-1.020971151611174	1.0209711516111737
COG2837	0.01321384642711197	-0.013213846427111969
COG2840	1.1850862941090177	-1.185086294109018
COG2842	-0.17047093046544284	0.17047093046544284
COG2843	-1.2400234678184778	1.2400234678184778
COG2844	1.8704806552769668	-1.8704806552769664
COG2846	0.0922733299605463	-0.09227332996054628
COG2848	-0.05706749917703235	0.05706749917703234
COG2850	0.8415479691476702	-0.8415479691476698
COG2851	0.4225237679938541	-0.42252376799385427
COG2853	-1.235447438217375	1.235447438217375
COG2854	1.5204375040888525	-1.5204375040888523
COG2855	0.7282145681254272	-0.7282145681254271
COG2856	-0.10691182168826555	0.10691182168826553
COG2859	0.2164224972520994	-0.21642249725209936
COG2860	-0.4413345467471154	0.44133454674711536
COG2861	1.197315940266511	-1.1973159402665108
COG2862	0.9453964287360512	-0.9453964287360511
COG2864	1.6786264121581653	-1.678626412158165
COG2865	-1.1709404039716065	1.1709404039716063
COG2866	1.3779505574151003	-1.3779505574151
COG2867	0.9420901451178074	-0.9420901451178071
COG2868	0.45774455154212346	-0.4577445515421234
COG2869	-1.7233439931209087	1.7233439931209085
COG2870	1.135262677514874	-1.1352626775148738
COG2871	-0.18156928937963795	0.18156928937963795
COG2872	-0.9963512739288384	0.9963512739288382
COG2873	-0.45768684381792	0.45768684381791996
COG2875	-0.3094961889289995	0.30949618892899944
COG2876	-1.0819335848613794	1.0819335848613794
COG2877	1.7086763122075497	-1.7086763122075495
COG2878	-1.476068078606227	1.4760680786062268
COG2879	2.0160966202022323	-2.016096620202232
COG2884	-0.554682719324039	0.5546827193240389
COG2885	1.5298444121882222	-1.529844412188222
COG2887	-0.7389320286637873	0.7389320286637872
COG2890	-0.3261144432596005	0.32611444325960043
COG2891	0.9194653600014776	-0.9194653600014775
COG2893	0.6614133694953345	-0.6614133694953344
COG2894	-0.7299648116305173	0.7299648116305172
COG2895	-1.8887314037470093	1.888731403747009
COG2896	-0.4332648311393974	0.43326483113939734
COG2897	-0.3847650660938307	0.38476506609383065
COG2898	1.731582712200541	-1.7315827122005407
COG2907	1.0853188038383699	-1.0853188038383697
COG2908	1.4229085510590251	-1.422908551059025
COG2909	-1.4522590746217272	1.452259074621727
COG2910	1.7641881493541507	-1.7641881493541505
COG2911	0.045829682097684746	-0.04582968209768474
COG2912	1.2701983370840162	-1.270198337084016
COG2915	0.7160157241852438	-0.7160157241852437
COG2916	1.257670518623003	-1.257670518623003
COG2918	0.05926031314772329	-0.05926031314772328
COG2922	1.683844069597579	-1.6838440695975787
COG2923	-0.26275416419764647	0.2627541641976464
COG2925	0.900160647377964	-0.9001606473779639
COG2929	0.8530443820313302	-0.8530443820313298
COG2931	0.8012464389334597	-0.8012464389334598
COG2932	-0.34666635809289065	0.3466663580928906
COG2933	1.6458770520343695	-1.6458770520343693
COG2936	-1.5448306514996752	1.544830651499675
COG2937	1.254809490463904	-1.2548094904639038
COG2939	-0.8175366877563749	0.8175366877563748
COG2942	-0.08721298610234245	0.08721298610234245
COG2943	1.132463004559268	-1.132463004559268
COG2944	1.7036000792472517	-1.7036000792472517
COG2946	-0.12660492193879544	0.12660492193879544
COG2948	-1.3203707974380696	1.3203707974380694
COG2949	0.8139567326121689	-0.8139567326121692
COG2951	1.088172852745291	-1.0881728527452905
COG2954	-1.9230556866022832	1.923055686602283
COG2956	1.4196324398834848	-1.4196324398834845
COG2957	-1.2941468158214573	1.294146815821457
COG2959	1.5731712110040874	-1.573171211004087
COG2961	-0.4801321593680057	0.48013215936800563
COG2962	1.1421981501389562	-1.142198150138956
COG2963	0.11854866181048919	-0.11854866181048943
COG2964	1.8772282141411976	-1.8772282141411976
COG2966	-0.9509649032771629	0.9509649032771628
COG2968	0.18942282447061787	-0.1894228244706176
COG2969	-0.37083603103738744	0.3708360310373874
COG2972	-1.4432518844692448	1.4432518844692448
COG2974	1.0004814550205712	-1.0004814550205707
COG2976	1.9406241874086552	-1.940624187408655
COG2977	0.6176469602747985	-0.6176469602747985
COG2978	-1.2088037295558938	1.2088037295558938
COG2979	0.28098208515758594	-0.2809820851575861
COG2980	1.7301535461444397	-1.7301535461444395
COG2981	0.7845870204189465	-0.7845870204189463
COG2982	-0.560921162169551	0.5609211621695509
COG2984	-1.4210685441023179	1.4210685441023176
COG2985	0.6355478808230992	-0.6355478808230991
COG2986	1.3406839312308454	-1.3406839312308452
COG2987	-1.2821359171481135	1.2821359171481133
COG2988	1.3309963649721324	-1.3309963649721321
COG2989	0.411606837736835	-0.41160683773683493
COG2990	1.2566262684255658	-1.2566262684255656
COG2992	1.8740012922198754	-1.8740012922198752
COG2995	0.5207084469974969	-0.5207084469974967
COG2996	-0.950771225792125	0.9507712257921249
COG2999	0.20982117584377527	-0.20982117584377524
COG3001	1.8844374874262921	-1.884437487426292
COG3004	1.29634656986927	-1.2963465698692695
COG3005	1.1629037511788936	-1.1629037511788936
COG3006	-0.5852915792947582	0.5852915792947581
COG3007	-1.718082373231573	1.718082373231573
COG3008	0.9906754900565737	-0.9906754900565736
COG3009	0.5971449703001187	-0.5971449703001189
COG3010	0.7636244199377317	-0.7636244199377313
COG3013	2.056040998419718	-2.056040998419718
COG3015	1.5246520286083136	-1.5246520286083134
COG3016	-0.25668233060979223	0.25668233060979223
COG3017	1.920006188711703	-1.9200061887117028
COG3019	2.0127867448367898	-2.0127867448367898
COG3021	1.3246969920041054	-1.3246969920041052
COG3022	-0.05496488657834048	0.05496488657834047
COG3023	0.36845096141833633	-0.3684509614183365
COG3025	1.7550924393059495	-1.7550924393059493
COG3026	0.4488313921493132	-0.4488313921493134
COG3027	1.5830173134909538	-1.5830173134909535
COG3028	1.854281397438433	-1.8542813974384331
COG3029	1.031265307395911	-1.031265307395911
COG3031	1.738362157316972	-1.7383621573169719
COG3033	0.43722580116032866	-0.4372258011603286
COG3034	1.3314747207858437	-1.3314747207858437
COG3037	0.6956560129807972	-0.695656012980797
COG3038	0.6068028568289329	-0.6068028568289329
COG3039	-0.34569247859258373	0.3456924785925837
COG3040	0.10244741110749099	-0.10244741110749074
COG3041	0.268660256927476	-0.268660256927476
COG3044	-0.18599573213149243	0.1859957321314924
COG3045	0.4726800358429068	-0.472680035842907
COG3047	1.2716722924344956	-1.2716722924344954
COG3048	0.3646829972634185	-0.36468299726341874
COG3049	-0.08222343110551607	0.08222343110551607
COG3050	0.4864665675093575	-0.48646656750935746
COG3051	1.408679634908111	-1.4086796349081105
COG3052	-0.8108013698597567	0.8108013698597566
COG3053	1.9517824958393857	-1.9517824958393857
COG3054	1.6299458294766984	-1.6299458294766982
COG3055	-0.46851409550232853	0.4685140955023285
COG3056	1.5594521847054825	-1.5594521847054823
COG3057	1.295917348341245	-1.2959173483412447
COG3058	1.370055013121088	-1.3700550131210878
COG3059	1.2270375696135465	-1.2270375696135463
COG3060	0.7679774403542263	-0.7679774403542265
COG3061	1.558488631251604	-1.558488631251604
COG3064	1.776132583648916	-1.776132583648916
COG3065	0.5331266366641395	-0.5331266366641396
COG3066	1.5818777725104038	-1.5818777725104038
COG3067	1.7720473871915754	-1.7720473871915752
COG3068	1.0468502935014674	-1.046850293501467
COG3069	0.4791545970872786	-0.47915459708727853
COG3070	-1.2425450118227697	1.2425450118227694
COG3071	1.6217530782159097	-1.6217530782159095
COG3072	0.31207526545412506	-0.3120752654541253
COG3073	1.3735636478139746	-1.3735636478139743
COG3075	0.8029942027876801	-0.8029942027876801
COG3076	0.6145299804270501	-0.61452998042705
COG3077	0.8838790772902724	-0.8838790772902726
COG3079	1.645895259819453	-1.6458952598194527
COG3081	1.4688593614028276	-1.4688593614028274
COG3083	0.07012269280692256	-0.07012269280692232
COG3085	0.7293112641893406	-0.7293112641893402
COG3086	1.8851460272073255	-1.885146027207325
COG3087	1.4778336363331648	-1.4778336363331646
COG3090	1.4100011602735327	-1.4100011602735327
COG3096	0.7995734694369921	-0.799573469436992
COG3101	-0.038445143675845186	0.03844514367584518
COG3103	0.8431253034757654	-0.8431253034757653
COG3104	0.8062424333129843	-0.8062424333129844
COG3105	1.9595758602473172	-1.959575860247317
COG3106	-0.22477589876403986	0.22477589876403983
COG3107	0.5838069944533317	-0.5838069944533318
COG3109	-0.8343652371078814	0.8343652371078812
COG3111	1.042663981261661	-1.042663981261661
COG3112	1.3061789530991765	-1.3061789530991763
COG3115	0.3351250753539101	-0.33512507535391006
COG3117	1.8112499307693743	-1.811249930769374
COG3118	2.034990949544647	-2.0349909495446465
COG3119	-1.3323472547389088	1.3323472547389088
COG3121	1.478819168773383	-1.4788191687733827
COG3126	1.831537383405583	-1.8315373834055828
COG3127	1.0397571382859028	-1.0397571382859025
COG3129	0.2711535390792722	-0.27115353907927214
COG3131	1.501353850349674	-1.501353850349674
COG3132	0.7564948527427038	-0.7564948527427037
COG3135	1.7911521474562104	-1.79115214745621
COG3137	1.4903076265501725	-1.4903076265501722
COG3138	1.519583416125835	-1.5195834161258348
COG3142	-0.9248213571482552	0.9248213571482551
COG3145	1.5689548791985066	-1.5689548791985064
COG3147	1.819827101767136	-1.8198271017671357
COG3148	1.153430899580303	-1.1534308995803026
COG3149	0.877274360652991	-0.8772743606529911
COG3150	1.0760611999047958	-1.0760611999047953
COG3151	1.7657976679523324	-1.7657976679523322
COG3152	1.3522009117328193	-1.352200911732819
COG3153	0.2032217596576033	-0.20322175965760353
COG3154	1.157267111100129	-1.1572671111001287
COG3155	1.4151971066090085	-1.4151971066090083
COG3156	1.5513039989756192	-1.551303998975619
COG3157	1.789755441031764	-1.789755441031764
COG3158	1.2169607588673768	-1.2169607588673765
COG3159	1.6950156179817892	-1.6950156179817888
COG3160	1.2882141369030156	-1.2882141369030153
COG3161	1.0592577128632072	-1.0592577128632072
COG3164	1.1618376198716434	-1.1618376198716431
COG3165	0.4635066684911555	-0.4635066684911555
COG3166	1.7593790491853616	-1.7593790491853616
COG3169	-1.5311187041334382	1.531118704133438
COG3172	1.5365357508936623	-1.536535750893662
COG3174	0.4167212587023611	-0.41672125870236104
COG3176	-0.33764086262445986	0.33764086262445986
COG3177	0.5517998391513295	-0.5517998391513294
COG3178	-1.4609345355007015	1.4609345355007013
COG3180	0.4533343823803379	-0.45333438238033785
COG3181	-0.5693640349948992	0.5693640349948992
COG3182	0.38888645350344736	-0.38888645350344736
COG3185	0.6891052675058964	-0.6891052675058963
COG3187	1.0711529781348594	-1.0711529781348594
COG3188	0.661910759023839	-0.661910759023839
COG3189	1.2407248241134843	-1.240724824113484
COG3191	-1.2913708365546426	1.2913708365546426
COG3192	-1.5695391485635994	1.5695391485635992
COG3193	-1.2484415716146362	1.248441571614636
COG3194	0.09753281440195	-0.09753281440194998
COG3196	0.9177694752816228	-0.9177694752816224
COG3201	0.8446801224066258	-0.8446801224066257
COG3202	-0.11130570672082254	0.11130570672082253
COG3203	-0.9624694844585953	0.9624694844585951
COG3204	1.7851862625610917	-1.7851862625610915
COG3206	1.380427570328153	-1.3804275703281528
COG3208	0.2063068495376544	-0.20630684953765438
COG3209	-1.0135973839801116	1.0135973839801113
COG3210	1.4106952215671464	-1.4106952215671464
COG3212	1.542636055549386	-1.5426360555493857
COG3214	1.3631056167683309	-1.3631056167683306
COG3221	0.5447254194136784	-0.5447254194136785
COG3223	0.33832738566391507	-0.3383273856639153
COG3224	0.8800065117686904	-0.8800065117686903
COG3225	-1.725848634784128	1.7258486347841278
COG3226	-0.7042697792300547	0.7042697792300546
COG3227	0.9687893146918716	-0.9687893146918712
COG3228	0.2169022444405354	-0.2169022444405354
COG3231	0.38847710703683475	-0.3884771070368344
COG3232	1.1961448994065198	-1.1961448994065196
COG3236	0.37017840297910426	-0.3701784029791042
COG3238	-0.0023520883661849166	0.002352088366184916
COG3239	1.3290283974185841	-1.3290283974185844
COG3240	-0.08748291099191204	0.08748291099191202
COG3246	-0.006211585697045834	0.006211585697045833
COG3247	1.6967074049929463	-1.696707404992946
COG3248	0.5565415925700771	-0.5565415925700767
COG3250	-0.38177946393440315	0.3817794639344031
COG3253	-0.14838331976092886	0.14838331976092883
COG3254	0.8708601623851824	-0.8708601623851823
COG3256	-1.1689197251085015	1.1689197251085015
COG3257	0.5517600845846967	-0.5517600845846969
COG3260	1.6742428316844338	-1.6742428316844336
COG3261	0.955345520496198	-0.9553455204961977
COG3262	0.48158147074180435	-0.4815814707418041
COG3263	0.54688514101176	-0.5468851410117597
COG3264	1.4315760367999035	-1.4315760367999033
COG3265	-0.5244092104531443	0.5244092104531441
COG3266	1.643155000483725	-1.6431550004837245
COG3267	0.5039475584051064	-0.5039475584051063
COG3270	-0.6761722496074302	0.67617224960743
COG3274	-1.4779649543143183	1.477964954314318
COG3275	0.5077049201236344	-0.5077049201236347
COG3276	-1.1599498365567174	1.1599498365567174
COG3279	-1.3045837044373505	1.3045837044373503
COG3280	0.9525530417637122	-0.9525530417637121
COG3283	1.0122678625403139	-1.0122678625403134
COG3284	1.279578730853143	-1.2795787308531428
COG3288	0.9871291380859037	-0.9871291380859039
COG3290	0.34061441393497893	-0.34061441393497865
COG3291	0.47055546220413474	-0.4705554622041347
COG3292	-0.6263879065636432	0.6263879065636432
COG3293	-0.2852216942684334	0.2852216942684334
COG3297	1.3240886134368857	-1.3240886134368854
COG3299	-1.0063849397184068	1.0063849397184066
COG3301	0.5621451949539086	-0.5621451949539088
COG3302	0.9244703398811384	-0.9244703398811385
COG3303	0.9789827389757824	-0.9789827389757823
COG3304	0.7681883444080957	-0.7681883444080956
COG3307	-0.3326286372267483	0.33262863722674824
COG3311	1.6961154282334086	-1.696115428233408
COG3314	-1.115621489979182	1.1156214899791819
COG3315	-0.7359291709987823	0.7359291709987822
COG3316	0.911071714316813	-0.9110717143168129
COG3317	0.31521814788212654	-0.3152181478821267
COG3318	1.538758121443469	-1.5387581214434685
COG3319	-0.22415452931720603	0.224154529317206
COG3321	1.1607471516994146	-1.1607471516994141
COG3323	1.4625155620250445	-1.4625155620250443
COG3325	-0.8698293385504835	0.8698293385504835
COG3326	-0.2867971274134243	0.2867971274134242
COG3327	2.022296969594748	-2.0222969695947475
COG3328	-0.2895549320137763	0.2895549320137763
COG3331	0.20481372278953794	-0.20481372278953766
COG3333	0.5043537574441502	-0.5043537574441499
COG3335	-1.6434624063430734	1.6434624063430732
COG3338	-0.5660973803556586	0.5660973803556585
COG3339	0.9909936267942343	-0.9909936267942342
COG3340	-1.1409416727119617	1.1409416727119617
COG3341	-0.6834914869750297	0.6834914869750296
COG3344	-0.5404514720096889	0.5404514720096889
COG3345	-1.0131151269978553	1.0131151269978553
COG3347	-1.096825591790809	1.096825591790809
COG3350	1.4363462240409157	-1.4363462240409155
COG3359	-0.9731950705283732	0.9731950705283731
COG3376	1.0425555055939644	-1.0425555055939644
COG3378	-1.5306595839217805	1.5306595839217803
COG3381	1.1062444038289625	-1.1062444038289623
COG3382	0.412248605938684	-0.4122486059386837
COG3383	-0.599843768098315	0.5998437680983149
COG3384	1.7365360631863234	-1.7365360631863231
COG3385	1.2286196913189609	-1.228619691318961
COG3386	-1.1839498860951123	1.1839498860951123
COG3387	-1.5953068347794186	1.5953068347794184
COG3391	1.5476174270607548	-1.5476174270607548
COG3392	0.9349452688485913	-0.934945268848591
COG3394	0.6676106475350814	-0.6676106475350813
COG3395	0.48360834252893486	-0.4836083425289348
COG3396	1.1959974893351697	-1.1959974893351695
COG3397	0.5670389562474447	-0.5670389562474446
COG3401	-1.6255641782482586	1.6255641782482584
COG3404	0.31721661941812546	-0.3172166194181252
COG3405	-0.21020795840464698	0.21020795840464696
COG3407	0.7548233099406634	-0.7548233099406633
COG3408	0.1568702621149347	-0.15687026211493443
COG3409	-0.18800780329615036	0.18800780329615033
COG3410	0.7804617016515054	-0.7804617016515051
COG3411	-0.5285949045902748	0.5285949045902747
COG3412	0.8570901755191583	-0.857090175519158
COG3414	0.47781531050497505	-0.4778153105049752
COG3416	1.1414272537143337	-1.1414272537143335
COG3419	-0.5885554117998745	0.5885554117998744
COG3421	0.4074313435082594	-0.40743134350825955
COG3423	1.7532458172761143	-1.7532458172761138
COG3425	-0.3135367909293687	0.31353679092936865
COG3426	-0.0332216668086204	0.0332216668086204
COG3429	-0.7613490022430877	0.7613490022430877
COG3433	1.662945172840537	-1.662945172840537
COG3434	-0.640811914704636	0.6408119147046359
COG3435	0.3887733976751917	-0.3887733976751919
COG3436	-0.5729550899679022	0.5729550899679021
COG3437	0.39522033424714526	-0.395220334247145
COG3439	0.7389525751118626	-0.7389525751118626
COG3440	0.5636991005193913	-0.563699100519391
COG3442	0.9571487271167516	-0.9571487271167515
COG3443	-1.2074820678511349	1.2074820678511347
COG3444	-0.19378965799934256	0.19378965799934253
COG3447	1.8497826919906046	-1.8497826919906046
COG3448	1.4801679662006904	-1.4801679662006901
COG3449	0.10867786824494743	-0.10867786824494766
COG3451	-0.42495121930491464	0.42495121930491464
COG3454	2.073986509839891	-2.0739865098398904
COG3455	1.2032277023017504	-1.2032277023017501
COG3456	1.6805930715741402	-1.68059307157414
COG3457	0.626445841385153	-0.6264458413851529
COG3458	0.7453190182676369	-0.7453190182676368
COG3459	-1.1392198904427278	1.1392198904427275
COG3464	-1.8461397744784807	1.8461397744784804
COG3467	-0.3132953668316704	0.3132953668316704
COG3468	1.094039510443648	-1.094039510443648
COG3470	0.7505613842159506	-0.7505613842159503
COG3472	0.0001575195203043426	-0.0001575195203043426
COG3475	-1.2548391948409847	1.2548391948409845
COG3477	0.598829692425137	-0.5988296924251371
COG3479	-0.8733115627458755	0.8733115627458754
COG3480	0.30303077363134107	-0.3030307736313408
COG3481	-0.6093964078717972	0.6093964078717972
COG3484	0.8136423509874355	-0.8136423509874354
COG3485	1.7577601820060664	-1.7577601820060662
COG3486	0.9835407932377584	-0.9835407932377586
COG3488	1.3951515623799857	-1.3951515623799855
COG3491	0.9667843505182975	-0.9667843505182974
COG3493	-0.7325107306282044	0.7325107306282043
COG3494	0.1902788588419127	-0.1902788588419129
COG3496	0.6665063136468955	-0.6665063136468952
COG3497	0.24764009622787464	-0.2476400962278744
COG3498	1.3433788435044938	-1.3433788435044935
COG3500	0.6191929345692755	-0.6191929345692752
COG3501	1.2619710027836237	-1.2619710027836235
COG3505	-1.5060868792247708	1.5060868792247706
COG3506	0.8995513691318059	-0.8995513691318056
COG3507	1.1687899995624418	-1.1687899995624416
COG3509	1.040914779612428	-1.0409147796124278
COG3512	-1.0332869785357695	1.0332869785357695
COG3513	-1.2657332291660237	1.2657332291660235
COG3515	0.19269637578632645	-0.19269637578632642
COG3517	0.5206481629024498	-0.5206481629024496
COG3518	0.6814375360023306	-0.6814375360023304
COG3519	0.9364659190202643	-0.936465919020264
COG3520	1.8605593443666886	-1.8605593443666884
COG3521	0.8240082618487554	-0.8240082618487553
COG3522	2.0382219795048617	-2.0382219795048613
COG3523	1.5496098357621544	-1.549609835762154
COG3524	0.9679562801023675	-0.9679562801023671
COG3525	1.6097546638577147	-1.6097546638577145
COG3527	0.29771827397886624	-0.29771827397886597
COG3528	-0.2049122540027686	0.20491225400276858
COG3529	1.9197583523576054	-1.9197583523576054
COG3530	1.476435645199193	-1.4764356451991927
COG3533	-1.1026226504723853	1.1026226504723853
COG3534	0.2872268419204792	-0.2872268419204794
COG3535	-0.4278843643168011	0.4278843643168011
COG3537	0.8671708131529009	-0.8671708131529005
COG3538	-1.7740721498975722	1.774072149897572
COG3539	1.6517003059379607	-1.651700305937961
COG3541	-0.9866982525422822	0.986698252542282
COG3542	0.48524646193099025	-0.48524646193098997
COG3543	-0.2688491319563078	0.2688491319563078
COG3546	0.9281293828463292	-0.9281293828463291
COG3547	-1.319958888374347	1.3199588883743467
COG3549	-0.21823706160582856	0.21823706160582854
COG3550	-0.2207402116904751	0.22074021169047509
COG3558	0.9575629139007178	-0.9575629139007175
COG3560	0.6869281021666899	-0.6869281021666901
COG3561	1.4153256912952175	-1.4153256912952172
COG3562	0.9700902137593267	-0.9700902137593265
COG3563	1.862003816951986	-1.8620038169519855
COG3566	1.157068970978107	-1.157068970978107
COG3567	1.0940999208218158	-1.0940999208218156
COG3568	-0.36613360913488696	0.36613360913488696
COG3570	-0.9991743079870015	0.9991743079870014
COG3572	0.9577044938627338	-0.9577044938627337
COG3576	1.8383413997150726	-1.8383413997150726
COG3579	1.2966765623437848	-1.2966765623437846
COG3580	0.9658578928123668	-0.9658578928123669
COG3581	0.5757531027284982	-0.5757531027284984
COG3583	-1.404292866965087	1.404292866965087
COG3584	-0.9453969032493145	0.9453969032493144
COG3586	-0.2567149842647667	0.25671498426476663
COG3587	0.744347221155888	-0.7443472211558883
COG3589	-1.2589400415722625	1.2589400415722622
COG3590	-0.6660431363022445	0.6660431363022444
COG3591	0.7996689272744063	-0.799668927274406
COG3593	0.7736180334506585	-0.7736180334506582
COG3594	-1.2029478180115463	1.202947818011546
COG3596	1.4161418501613785	-1.4161418501613785
COG3598	-1.2602913598421992	1.260291359842199
COG3599	0.15416900968094974	-0.1541690096809497
COG3600	1.3819772407459294	-1.3819772407459294
COG3601	-0.016221018149356777	0.016221018149356774
COG3604	1.24099572130795	-1.2409957213079499
COG3605	1.8367323804915663	-1.8367323804915658
COG3608	-1.104908080897941	1.1049080808979408
COG3610	0.837051313044302	-0.8370513130443019
COG3611	1.7200177117408801	-1.72001771174088
COG3615	1.0106864966789622	-1.0106864966789622
COG3616	-0.2473025703344985	0.24730257033449848
COG3617	-0.6282723007184035	0.6282723007184033
COG3618	0.6782392985867292	-0.6782392985867294
COG3619	-0.49054586303421005	0.49054586303421
COG3622	0.8439707069672056	-0.8439707069672054
COG3623	0.21538002292481095	-0.2153800229248107
COG3624	1.428472625566784	-1.4284726255667837
COG3625	1.8036861293673787	-1.8036861293673787
COG3626	1.7348742382588869	-1.7348742382588864
COG3627	1.0149881777796124	-1.0149881777796124
COG3629	0.6566344522772142	-0.6566344522772138
COG3633	-1.251523956204828	1.2515239562048277
COG3634	0.23972564120072168	-0.23972564120072165
COG3635	-0.8593392341821128	0.8593392341821127
COG3636	-0.8754834975256743	0.8754834975256742
COG3637	-0.13168969436443126	0.13168969436443123
COG3638	0.5888753784866843	-0.5888753784866844
COG3639	-0.3165937961728452	0.31659379617284517
COG3640	-0.5664347963522766	0.5664347963522764
COG3641	-1.5281395298836333	1.528139529883633
COG3643	-0.5607673893217863	0.5607673893217862
COG3645	-1.4332122912554932	1.433212291255493
COG3646	-0.013262277068152395	0.013262277068152393
COG3647	1.4607406301927353	-1.4607406301927353
COG3649	0.5669600200288347	-0.5669600200288347
COG3653	-0.5790900834705592	0.5790900834705591
COG3655	0.2844614736312823	-0.28446147363128255
COG3659	0.6622508948504988	-0.6622508948504987
COG3661	-1.0924240785925694	1.0924240785925692
COG3662	0.6065357675274702	-0.6065357675274701
COG3663	-0.6367277319992543	0.6367277319992541
COG3664	0.1899678291388411	-0.18996782913884133
COG3666	0.6926765193497331	-0.692676519349733
COG3667	1.3278218603822354	-1.3278218603822352
COG3669	-0.5129231413362914	0.5129231413362914
COG3677	1.294730174257304	-1.2947301742573039
COG3678	1.474752548557907	-1.4747525485579065
COG3679	-0.71582142751114	0.7158214275111399
COG3680	-1.6000236800423295	1.6000236800423293
COG3681	1.457668216039883	-1.4576682160398833
COG3682	-1.9665926426858582	1.966592642685858
COG3683	0.5924677627637869	-0.5924677627637868
COG3684	0.8273127515760365	-0.8273127515760366
COG3685	1.7858429802195066	-1.7858429802195064
COG3688	1.0092779488584227	-1.0092779488584225
COG3689	1.3112296451754257	-1.3112296451754257
COG3691	-0.22654777910676713	0.2265477791067671
COG3693	-0.6307580746677074	0.6307580746677073
COG3695	0.2896283487116961	-0.2896283487116961
COG3696	0.35772242484994754	-0.3577224248499475
COG3698	1.3949463352835925	-1.3949463352835922
COG3700	-0.045286164565461334	0.04528616456546133
COG3705	0.7497582657527482	-0.7497582657527483
COG3706	0.6499122414995218	-0.649912241499522
COG3707	1.8287694784593556	-1.8287694784593553
COG3708	-0.39448475637016056	0.3944847563701605
COG3709	1.490736348488618	-1.4907363484886182
COG3710	1.294450075817133	-1.2944500758171327
COG3711	1.9683716293476445	-1.9683716293476443
COG3712	-1.2224914016786863	1.2224914016786863
COG3713	1.086813050899803	-1.0868130508998028
COG3714	0.9559082249673874	-0.955908224967387
COG3715	0.3193332648102805	-0.31933326481028024
COG3716	-0.5627113418454012	0.5627113418454011
COG3717	-0.7553578150429653	0.7553578150429653
COG3718	-1.6162930024551336	1.6162930024551334
COG3719	0.5344268360642194	-0.534426836064219
COG3720	2.07054448658064	-2.07054448658064
COG3722	0.37813702197158267	-0.3781370219715826
COG3723	1.343543755326519	-1.3435437553265188
COG3724	0.8186393783127752	-0.8186393783127751
COG3725	0.833188095156791	-0.8331880951567907
COG3726	0.6392367050054524	-0.6392367050054523
COG3727	1.760598429994509	-1.7605984299945088
COG3728	-1.4283331319193582	1.4283331319193582
COG3730	1.3056458389081151	-1.305645838908115
COG3731	0.7388773744835735	-0.7388773744835734
COG3732	-0.6088065521490363	0.6088065521490363
COG3733	1.5508591800462868	-1.5508591800462863
COG3734	-0.020524144018335265	0.020524144018335265
COG3735	-1.485327305682312	1.4853273056823117
COG3738	-1.03726592449607	1.0372659244960698
COG3740	0.19926568552089863	-0.19926568552089835
COG3746	-1.125983699042563	1.1259836990425627
COG3747	-1.042882562059301	1.0428825620593007
COG3754	0.38977596570993117	-0.3897759657099309
COG3757	0.07773094621732532	-0.07773094621732554
COG3760	-0.7372065247541829	0.7372065247541828
COG3764	0.801355806490459	-0.8013558064904587
COG3765	1.0179634879835744	-1.017963487983574
COG3768	1.4704217601461165	-1.4704217601461163
COG3770	1.2340244007271834	-1.2340244007271834
COG3772	1.999698680830512	-1.999698680830512
COG3773	-1.3479405389118535	1.3479405389118533
COG3774	0.14185942536827814	-0.14185942536827836
COG3775	-0.38156269668375997	0.3815626966837599
COG3778	0.9989237110791079	-0.9989237110791078
COG3781	0.39170566686546254	-0.3917056668654625
COG3787	1.9911413866447893	-1.9911413866447891
COG3797	-0.5091108404029763	0.5091108404029762
COG3799	-0.25772863455789974	0.2577286345578997
COG3804	0.11934443774996216	-0.11934443774996191
COG3808	2.020077591374651	-2.020077591374651
COG3817	-0.46506724513282816	0.4650672451328281
COG3819	-1.3358648060275757	1.3358648060275755
COG3822	-1.583611450714025	1.5836114507140249
COG3824	0.9276733818140546	-0.9276733818140547
COG3829	1.2460608492722514	-1.2460608492722514
COG3830	0.09669684478966359	-0.09669684478966357
COG3833	-0.989450981266551	0.9894509812665508
COG3835	-1.1041098506978453	1.104109850697845
COG3836	1.0703150556225665	-1.0703150556225662
COG3837	0.23836822052312337	-0.2383682205231236
COG3839	-0.2997244388346638	0.29972443883466376
COG3840	0.6135564852207355	-0.6135564852207352
COG3842	-0.584892844882065	0.5848928448820649
COG3843	-1.7788093537650318	1.7788093537650316
COG3845	-1.4984239301756384	1.4984239301756381
COG3848	-0.2444432409392496	0.24444324093924957
COG3852	0.4063398340873194	-0.40633983408731933
COG3853	-0.6134610892000675	0.6134610892000674
COG3854	-1.8838389513163314	1.8838389513163312
COG3855	-1.5353402116738668	1.5353402116738666
COG3856	1.000716607094928	-1.0007166070949278
COG3857	1.1494851432229396	-1.1494851432229392
COG3858	-1.9004628274973945	1.9004628274973943
COG3859	-1.5600157863043573	1.560015786304357
COG3862	-0.3764136346893725	0.37641363468937244
COG3864	0.151435012324717	-0.15143501232471676
COG3866	-0.01681045051471286	0.01681045051471286
COG3867	-1.4340245993487917	1.4340245993487915
COG3869	0.6749656649003156	-0.6749656649003155
COG3870	-0.10449672287965092	0.10449672287965091
COG3871	-0.49371246733002905	0.493712467330029
COG3872	-0.5238483689789818	0.5238483689789818
COG3875	-1.3094154687148873	1.3094154687148871
COG3876	-0.9389313573373971	0.938931357337397
COG3878	-1.4127505550028823	1.412750555002882
COG3879	1.068711883440136	-1.0687118834401357
COG3880	1.4159135579965787	-1.415913557996579
COG3882	-1.5676448066541329	1.5676448066541326
COG3884	-0.9522342011877216	0.9522342011877215
COG3886	0.45178355725135994	-0.4517835572513599
COG3887	-0.8508129178682544	0.8508129178682543
COG3892	1.204291806802963	-1.2042918068029629
COG3894	-1.7846770350696244	1.7846770350696242
COG3896	0.16377664804547495	-0.16377664804547495
COG3899	-1.276620350620952	1.2766203506209517
COG3910	0.6802837529146316	-0.6802837529146315
COG3919	-0.33681880512183054	0.3368188051218305
COG3920	0.053496529520136574	-0.053496529520136574
COG3921	0.4909000546527998	-0.49090005465279973
COG3926	0.8867208044507309	-0.8867208044507308
COG3933	0.3462961355644424	-0.3462961355644424
COG3934	-0.9113736889664497	0.9113736889664495
COG3935	-1.485071789846461	1.4850717898464607
COG3938	-0.6840454061346535	0.6840454061346534
COG3940	-0.01552611391837177	0.015526113918371769
COG3941	0.020602713974241536	-0.020602713974241533
COG3942	0.42043992010172765	-0.4204399201017276
COG3943	0.763231375863178	-0.7632313758631779
COG3944	0.5459501778289814	-0.5459501778289815
COG3947	-0.9566881636920163	0.9566881636920161
COG3948	1.3706320897841735	-1.3706320897841733
COG3949	-1.423610927503176	1.4236109275031759
COG3950	-0.1619016318193334	0.1619016318193334
COG3952	0.308295894742519	-0.30829589474251895
COG3953	0.7807490762877887	-0.7807490762877889
COG3954	2.029063978082831	-2.0290639780828306
COG3956	-1.3024474367580767	1.3024474367580767
COG3957	1.8362503130010024	-1.8362503130010024
COG3958	-1.8028878850658525	1.8028878850658523
COG3959	-0.748051016836198	0.7480510168361979
COG3960	0.5232243897779993	-0.5232243897779996
COG3961	0.5457721646050688	-0.5457721646050688
COG3962	-1.7867131327307788	1.7867131327307786
COG3964	1.9606888031653504	-1.9606888031653504
COG3965	-1.0258855905692463	1.0258855905692463
COG3966	-1.3326933337724582	1.3326933337724582
COG3968	0.009093317437359952	-0.009093317437359952
COG3969	1.219137436957154	-1.219137436957154
COG3971	0.24248789036987334	-0.2424878903698731
COG3972	-1.2965664226646116	1.2965664226646114
COG3973	-0.17768335511418565	0.17768335511418562
COG3976	0.015534598664546066	-0.015534598664546064
COG3977	1.2195628372198732	-1.2195628372198732
COG3979	0.982602210804131	-0.9826022108041307
COG3980	-1.5302949477635142	1.5302949477635142
COG3981	1.0980164233427292	-1.098016423342729
COG4085	1.044467185451221	-1.044467185451221
COG4086	-1.3160085965582844	1.3160085965582842
COG4091	-0.4205763077719957	0.42057630777199567
COG4096	0.582359159306008	-0.5823591593060081
COG4097	-0.1963997489171379	0.19639974891713788
COG4098	-0.7321790730588887	0.7321790730588887
COG4099	0.3743936601897037	-0.37439366018970394
COG4100	-1.286778009364258	1.2867780093642578
COG4105	1.171195707069255	-1.1711957070692547
COG4106	0.7425469090584981	-0.7425469090584983
COG4107	0.6186930585761671	-0.6186930585761671
COG4108	0.06946288952023995	-0.06946288952023995
COG4109	-0.27301121628675906	0.273011216286759
COG4112	0.9341562578910416	-0.9341562578910417
COG4114	1.652661332584062	-1.6526613325840618
COG4115	0.52389591868809	-0.5238959186880903
COG4117	1.3415272602530897	-1.3415272602530897
COG4120	-1.364380280804678	1.3643802808046779
COG4121	0.7303954215682461	-0.7303954215682463
COG4122	1.0956492148247856	-1.0956492148247858
COG4123	-1.0261003474140216	1.0261003474140216
COG4124	-1.512549934092599	1.5125499340925987
COG4125	-0.18558197611420543	0.18558197611420543
COG4126	0.5647458491747203	-0.5647458491747201
COG4127	-1.5794071532559075	1.5794071532559073
COG4129	-1.1952484431894195	1.1952484431894193
COG4130	0.7149141948543322	-0.714914194854332
COG4132	-0.4027014625095115	0.40270146250951144
COG4134	1.9924789417725084	-1.9924789417725082
COG4135	1.0140475911774072	-1.0140475911774067
COG4137	-0.06611790618365088	0.06611790618365086
COG4138	-0.8777664149399037	0.8777664149399036
COG4139	-0.151213206843551	0.15121320684355097
COG4143	0.28267968198653154	-0.28267968198653176
COG4145	1.206530307770909	-1.2065303077709093
COG4146	0.5515744438214166	-0.5515744438214163
COG4147	1.13785006860029	-1.13785006860029
COG4148	0.8088183370245872	-0.808818337024587
COG4149	1.4441143926899775	-1.4441143926899773
COG4150	1.2992905964799242	-1.299290596479924
COG4152	0.7398050324238429	-0.7398050324238431
COG4154	1.2521247390625805	-1.2521247390625803
COG4158	0.05977876142949625	-0.059778761429496244
COG4160	1.051628908685268	-1.0516289086852675
COG4166	0.1377214041039126	-0.13772140410391256
COG4168	-0.44249410382627424	0.4424941038262742
COG4171	1.474422550925369	-1.4744225509253688
COG4172	-0.3749639833297819	0.37496398332978187
COG4174	1.6179816023596512	-1.617981602359651
COG4175	-0.29629848371873646	0.2962984837187364
COG4176	0.12010175882288698	-0.12010175882288697
COG4177	1.5784121145664354	-1.578412114566435
COG4178	0.6367081135649515	-0.6367081135649514
COG4181	0.5445699719752859	-0.5445699719752856
COG4185	0.44571630274866836	-0.4457163027486683
COG4186	0.5435359438680276	-0.5435359438680278
COG4189	-0.24972464087546833	0.2497246408754683
COG4191	1.6568931419048551	-1.6568931419048551
COG4192	1.0802316519092907	-1.0802316519092905
COG4193	1.3523892466694252	-1.352389246669425
COG4194	0.4228745743036384	-0.42287457430363834
COG4198	-1.636364719781316	1.636364719781316
COG4199	-0.6229739492716596	0.6229739492716595
COG4200	-1.0979652138113907	1.0979652138113907
COG4206	-0.6457298717122194	0.6457298717122193
COG4208	-0.799335883768845	0.7993358837688449
COG4209	-1.5196973601489472	1.519697360148947
COG4211	-1.0812189304805606	1.0812189304805604
COG4213	1.2724144340253625	-1.2724144340253625
COG4214	-1.660227055137858	1.6602270551378577
COG4215	1.3295325164355094	-1.3295325164355092
COG4219	-0.5240591214176171	0.524059121417617
COG4221	0.25912283418801957	-0.25912283418801957
COG4222	1.234772072009851	-1.2347720720098507
COG4225	0.49290868742984095	-0.4929086874298407
COG4226	-0.15065865321135707	0.15065865321135705
COG4227	0.28526256260897964	-0.2852625626089796
COG4228	1.0957393561223656	-1.0957393561223654
COG4229	0.8833667860872453	-0.8833667860872453
COG4230	1.1613358869360046	-1.1613358869360044
COG4231	0.15412685674309914	-0.15412685674309912
COG4232	1.600453741204303	-1.600453741204303
COG4233	0.6299673523645217	-0.6299673523645214
COG4235	0.9372601270560237	-0.9372601270560236
COG4239	1.852914194719045	-1.8529141947190448
COG4241	-0.3574805571410683	0.35748055714106824
COG4243	0.03345553907159523	-0.03345553907159523
COG4245	-0.8500546300126339	0.8500546300126338
COG4248	-0.19788448430524652	0.19788448430524652
COG4249	0.29891917506774107	-0.298919175067741
COG4253	1.722578897089985	-1.7225788970899845
COG4258	0.6899470675092682	-0.6899470675092683
COG4260	-1.6061750370230454	1.6061750370230452
COG4261	0.21945577451124493	-0.2194557745112449
COG4262	-0.46067732578655585	0.4606773257865558
COG4264	-0.17459458638012418	0.17459458638012415
COG4267	-1.8551993357917709	1.8551993357917707
COG4268	-1.1993920121819874	1.1993920121819872
COG4269	1.3645229061501893	-1.364522906150189
COG4277	-0.7944969459470218	0.7944969459470217
COG4279	0.592889017823251	-0.5928890178232512
COG4283	0.9206140468743146	-0.9206140468743145
COG4284	1.4611379665156747	-1.4611379665156745
COG4286	-0.45187719383407593	0.4518771938340759
COG4289	1.700127565346397	-1.7001275653463965
COG4295	-0.25490650817274163	0.25490650817274163
COG4299	-1.6235790667112464	1.6235790667112462
COG4302	-0.061667141246119966	0.06166714124611996
COG4303	-0.5952522026717266	0.5952522026717266
COG4320	-0.47580135305593174	0.4758013530559317
COG4325	0.7150571124674588	-0.7150571124674587
COG4332	1.6630621713896394	-1.6630621713896392
COG4335	-0.6229751842266632	0.6229751842266631
COG4336	-0.3901624704773625	0.39016247047736247
COG4354	-0.7066784656847371	0.7066784656847371
COG4372	-0.5393702080656506	0.5393702080656506
COG4373	1.8852531753523307	-1.8852531753523307
COG4377	-1.1066642200800487	1.1066642200800485
COG4379	0.7234507944882266	-0.7234507944882266
COG4381	0.8310400698854302	-0.8310400698854301
COG4383	-1.0723965827337827	1.0723965827337827
COG4384	1.1111197888337887	-1.1111197888337883
COG4385	1.5711146927714967	-1.5711146927714965
COG4386	1.3613981437308742	-1.361398143730874
COG4393	0.2861489505264557	-0.28614895052645567
COG4397	-1.0513441247421562	1.0513441247421562
COG4403	-0.06643647101602082	0.0664364710160208
COG4405	1.0215381868907762	-1.021538186890776
COG4409	0.2583249795196631	-0.2583249795196629
COG4412	-1.034450216862422	1.034450216862422
COG4413	0.25884742563272767	-0.25884742563272767
COG4420	-0.19577716242497697	0.19577716242497695
COG4422	0.8143906397029885	-0.8143906397029884
COG4430	0.8231460667206567	-0.8231460667206566
COG4443	-0.04542370498601119	0.04542370498601119
COG4445	0.9157605859940502	-0.9157605859940499
COG4452	-0.2815395249883552	0.28153952498835516
COG4453	0.5139552074380928	-0.5139552074380924
COG4463	-0.8723876557171957	0.8723876557171956
COG4464	-0.8272417582535625	0.8272417582535624
COG4465	-1.356196111292275	1.356196111292275
COG4468	-0.24030978264937902	0.240309782649379
COG4469	-1.4771712588335046	1.4771712588335046
COG4470	-1.298798438944955	1.2987984389449547
COG4472	-1.7947312241777666	1.7947312241777664
COG4473	0.1076951850551067	-0.1076951850551067
COG4475	-1.2127798468770703	1.2127798468770703
COG4477	-0.8827059917820953	0.8827059917820952
COG4481	-1.4383690185536986	1.4383690185536986
COG4485	-1.629529783309005	1.6295297833090048
COG4487	0.22873305462851468	-0.2287330546285144
COG4492	-1.331527105173668	1.331527105173668
COG4496	-1.6330058816768986	1.6330058816768984
COG4502	-1.1128358757640888	1.1128358757640886
COG4506	-0.2743886661933176	0.2743886661933176
COG4509	-0.20847124088573546	0.20847124088573543
COG4512	-1.551476096250295	1.5514760962502947
COG4521	1.734808100192355	-1.7348081001923545
COG4529	-0.1346692628423525	0.1346692628423525
COG4531	1.6739101962240595	-1.6739101962240592
COG4533	1.0107911130550404	-1.0107911130550402
COG4535	0.8004158058872246	-0.8004158058872245
COG4536	1.0359782500376622	-1.035978250037662
COG4540	0.8393943387794246	-0.8393943387794247
COG4542	1.991145735893217	-1.9911457358932168
COG4548	-1.5048625007759806	1.5048625007759806
COG4552	0.8231313386013833	-0.8231313386013832
COG4555	0.5996946599811505	-0.5996946599811503
COG4558	0.15580372982895932	-0.15580372982895954
COG4559	0.8856474810103389	-0.885647481010339
COG4565	1.4461803835147078	-1.4461803835147076
COG4567	0.5234305216413718	-0.5234305216413717
COG4569	-0.6369397188601066	0.6369397188601065
COG4570	0.31110157153482687	-0.31110157153482687
COG4571	1.6932890908111813	-1.6932890908111808
COG4573	1.6688820610732247	-1.6688820610732245
COG4575	0.6547154815947145	-0.6547154815947142
COG4576	-0.33498731569100587	0.3349873156910058
COG4577	0.03273858744625758	-0.03273858744625758
COG4579	1.4726247321058694	-1.472624732105869
COG4580	0.0971615292308303	-0.09716152923083006
COG4581	0.990524697351521	-0.9905246973515209
COG4582	-0.7038083115848696	0.7038083115848695
COG4584	-0.2683623920770956	0.26836239207709556
COG4585	1.1105663049004144	-1.1105663049004142
COG4586	-0.15892776606981673	0.1589277660698167
COG4587	-0.8399464816012848	0.8399464816012847
COG4589	-0.09049029404967393	0.09049029404967392
COG4590	0.19808087529456342	-0.1980808752945634
COG4591	0.8192782507842453	-0.8192782507842454
COG4592	0.8919408250159456	-0.8919408250159453
COG4597	1.5750956364325008	-1.5750956364325004
COG4598	0.46894477839388865	-0.4689447783938883
COG4603	-0.4408308967408887	0.44083089674088866
COG4604	0.8437841072016622	-0.8437841072016622
COG4605	-1.2465558315796894	1.2465558315796894
COG4606	0.5291034884244598	-0.5291034884244598
COG4607	-0.4762134469879327	0.47621344698793266
COG4608	0.0027579951847101288	-0.0027579951847101283
COG4615	1.7397813487625917	-1.7397813487625915
COG4619	0.6541688843108976	-0.6541688843108975
COG4623	-1.7385369155986716	1.7385369155986714
COG4624	-1.1765569703160734	1.1765569703160732
COG4626	-0.6319559227431523	0.6319559227431522
COG4632	-1.176401756297518	1.1764017562975178
COG4635	1.7908932190346447	-1.7908932190346445
COG4636	-0.30194285895544604	0.301942858955446
COG4637	-0.8407052498814516	0.8407052498814515
COG4638	0.916059540135507	-0.9160595401355069
COG4639	0.7797301398017554	-0.7797301398017551
COG4640	-0.5041054437711114	0.5041054437711114
COG4641	-1.939646590832344	1.9396465908323437
COG4643	1.7780174029787863	-1.778017402978786
COG4644	1.0209403714702523	-1.020940371470252
COG4646	-0.49547057887555535	0.4954705788755553
COG4650	1.1319648024241862	-1.1319648024241864
COG4651	-0.47215612728488277	0.4721561272848827
COG4653	0.19232636268074504	-0.19232636268074502
COG4656	-1.0648017475662663	1.0648017475662663
COG4657	-0.3632845915038924	0.36328459150389236
COG4658	-1.5122884747979246	1.5122884747979244
COG4659	0.38683092029964244	-0.3868309202996424
COG4660	0.17143176344906128	-0.1714317634490615
COG4666	-0.9895126836516296	0.9895126836516295
COG4667	0.8957455064822867	-0.8957455064822868
COG4668	0.6880715608474905	-0.6880715608474902
COG4670	1.252071453566312	-1.2520714535663116
COG4674	0.11512204198728623	-0.11512204198728598
COG4675	0.06435942146221937	-0.06435942146221912
COG4677	-1.7898257061674325	1.7898257061674323
COG4679	1.2594917392703326	-1.2594917392703326
COG4681	0.8737383268580156	-0.8737383268580157
COG4682	0.8628244059570055	-0.8628244059570054
COG4683	1.0114650546471327	-1.0114650546471324
COG4684	-0.33752503481047824	0.3375250348104782
COG4685	2.0188619509182812	-2.018861950918281
COG4687	-1.2121040012735456	1.2121040012735456
COG4688	1.2878764598896042	-1.287876459889604
COG4690	-0.7643083609383414	0.7643083609383413
COG4692	1.2604780330874796	-1.2604780330874794
COG4693	-1.2333436485917302	1.23334364859173
COG4695	-1.1455625478334963	1.1455625478334963
COG4708	-1.3222234548941916	1.3222234548941914
COG4713	-0.6443376611985463	0.6443376611985462
COG4716	-1.201498445499602	1.2014984454996018
COG4717	1.2219229117412256	-1.2219229117412254
COG4720	-1.0713158027208456	1.0713158027208454
COG4721	-0.32978424622275154	0.3297842462227515
COG4723	1.6388095671726248	-1.6388095671726246
COG4724	0.008056752356461154	-0.008056752356461153
COG4725	-0.4666131886684681	0.46661318866846807
COG4728	-1.4774734616899796	1.4774734616899796
COG4732	-1.0486723661417998	1.0486723661417998
COG4733	1.6859729914499648	-1.6859729914499646
COG4735	1.2951599418097464	-1.2951599418097464
COG4739	-0.8232028102364278	0.8232028102364277
COG4744	1.303853747578145	-1.3038537475781449
COG4747	-0.4235071548745771	0.4235071548745771
COG4748	-0.41176419739194736	0.4117641973919473
COG4750	-1.4982214872368225	1.4982214872368222
COG4753	-1.032746325345667	1.032746325345667
COG4763	1.5590794382685274	-1.5590794382685271
COG4766	0.7971207250650393	-0.7971207250650394
COG4767	0.8483390481744381	-0.848339048174438
COG4769	0.10928438915609141	-0.10928438915609141
COG4770	-0.34409074565607867	0.3440907456560786
COG4771	0.3758816642290979	-0.37588166422909786
COG4772	1.5275237438165117	-1.5275237438165112
COG4773	0.7992835806942591	-0.7992835806942588
COG4774	-0.06277426305814372	0.06277426305814371
COG4775	0.36326531258221917	-0.36326531258221934
COG4776	1.1213429641358332	-1.121342964135833
COG4778	0.9498623728699729	-0.9498623728699728
COG4779	1.7513366650079454	-1.7513366650079452
COG4783	0.9561451489666315	-0.9561451489666316
COG4785	0.821864251143651	-0.8218642511436509
COG4786	-1.5041405412442803	1.5041405412442803
COG4795	1.5406985509684943	-1.5406985509684945
COG4796	0.70767206953814	-0.7076720695381399
COG4797	1.4218726708098346	-1.4218726708098344
COG4799	1.486865296194669	-1.4868652961946687
COG4804	-0.022151673175072172	0.02215167317507217
COG4805	0.3649641791857538	-0.364964179185754
COG4806	-0.6668952333530216	0.6668952333530215
COG4808	0.36358663142394726	-0.363586631423947
COG4810	-0.6795884568490307	0.6795884568490306
COG4811	-0.9694703854122008	0.9694703854122007
COG4812	1.4269731384346984	-1.4269731384346982
COG4814	-0.5886597904598331	0.5886597904598331
COG4816	1.2262260122288808	-1.2262260122288806
COG4819	0.8368020327155604	-0.8368020327155606
COG4820	0.08468187496189254	-0.08468187496189229
COG4821	1.3240802769012294	-1.3240802769012292
COG4822	0.8929362911072077	-0.8929362911072073
COG4823	-0.8232645448296746	0.8232645448296745
COG4824	-0.135479099237487	0.13547909923748697
COG4826	-0.4077908131449473	0.40779081314494725
COG4832	-0.007541408264344176	0.007541408264344175
COG4833	0.8621583723401253	-0.8621583723401249
COG4834	0.24777289908024303	-0.24777289908024278
COG4842	1.3636267234443176	-1.3636267234443173
COG4845	-0.15469735275364632	0.1546973527536463
COG4849	0.18604501219111633	-0.1860450121911163
COG4850	1.3082437250500367	-1.3082437250500365
COG4856	0.4524573165779103	-0.4524573165779102
COG4857	-0.5838857247792225	0.5838857247792225
COG4862	0.4271095791817407	-0.42710957918174086
COG4864	-0.39609251200335527	0.39609251200335527
COG4865	-1.7231838671251247	1.7231838671251245
COG4866	-1.2995517192040642	1.2995517192040642
COG4868	-1.4943586090106733	1.494358609010673
COG4869	-0.17229519107279737	0.17229519107279734
COG4870	-0.9246464854496236	0.9246464854496235
COG4874	-1.1251924796293782	1.1251924796293782
COG4878	1.63136816022412	-1.6313681602241197
COG4880	-1.7101403777726651	1.710140377772665
COG4886	0.6852008988512057	-0.6852008988512056
COG4887	-0.24663106433873874	0.2466310643387387
COG4889	0.22305263739802234	-0.2230526373980223
COG4894	-1.4965480738043577	1.4965480738043577
COG4905	1.3158324147462113	-1.3158324147462113
COG4907	0.31276929637365797	-0.31276929637365797
COG4909	-0.9289494212863258	0.9289494212863257
COG4910	0.14812290612549306	-0.14812290612549303
COG4912	-1.388159094722807	1.3881590947228069
COG4913	-0.26826680481743653	0.26826680481743653
COG4917	-0.5307282005691906	0.5307282005691906
COG4922	1.0631965777174908	-1.0631965777174908
COG4924	-0.3418959818483198	0.34189598184831976
COG4926	-0.6799180142454351	0.679918014245435
COG4927	1.324454872699143	-1.3244548726991427
COG4928	-1.758974174362251	1.7589741743622507
COG4930	-1.0107543263254906	1.0107543263254903
COG4932	-0.5234695868822795	0.5234695868822795
COG4933	0.6363088634535865	-0.6363088634535867
COG4936	0.15439296297225685	-0.15439296297225683
COG4938	-0.9847665948385835	0.9847665948385834
COG4942	-0.506823290780827	0.5068232907808269
COG4943	1.8285527117634526	-1.8285527117634524
COG4946	0.2095122747179038	-0.209512274717904
COG4947	0.05606393184075977	-0.056063931840759765
COG4948	-0.556889934277266	0.5568899342772659
COG4951	0.31615314672166167	-0.31615314672166184
COG4953	1.4023821103035472	-1.402382110303547
COG4956	-1.1028512814887539	1.1028512814887537
COG4962	0.04120037949442887	-0.04120037949442886
COG4964	-0.9758560313461613	0.9758560313461612
COG4969	1.1450189793959473	-1.145018979395947
COG4972	-0.5767515771740279	0.5767515771740278
COG4973	0.5481214780656212	-0.5481214780656211
COG4974	1.2761677367752733	-1.276167736775273
COG4975	0.8566373364570006	-0.8566373364570002
COG4977	0.23521032148042498	-0.23521032148042495
COG4978	-0.769841410666443	0.7698414106664428
COG4981	0.602759975606309	-0.6027599756063087
COG4982	1.4375128846412455	-1.4375128846412453
COG4983	-1.075871785161051	1.0758717851610509
COG4985	1.541128270847333	-1.5411282708473326
COG4986	0.8684296100070332	-0.8684296100070331
COG4987	1.6152762053044767	-1.6152762053044765
COG4988	1.1697802843752119	-1.1697802843752116
COG4989	0.26426075152080636	-0.2642607515208063
COG4990	0.4149561985075291	-0.414956198507529
COG4992	1.6309281508060154	-1.6309281508060154
COG4993	1.933932543024771	-1.9339325430247707
COG4999	1.7185817204932483	-1.718581720493248
COG5000	1.045014847809238	-1.0450148478092378
COG5001	0.25409637091972204	-0.25409637091972176
COG5002	1.47901267935803	-1.4790126793580298
COG5006	0.01956176473362254	-0.019561764733622537
COG5009	-0.8627817776949906	0.8627817776949905
COG5011	-1.6506535901741934	1.6506535901741932
COG5012	-0.6599187567574243	0.6599187567574243
COG5013	0.6067120098993909	-0.6067120098993909
COG5015	-1.6197911405960863	1.619791140596086
COG5016	0.018182355187490017	-0.018182355187490017
COG5026	-0.7497289169875053	0.7497289169875052
COG5039	-0.06486462287798297	0.06486462287798296
COG5263	-0.8982301892676953	0.8982301892676952
COG5266	1.2265693470012837	-1.2265693470012835
COG5267	-0.350591888416324	0.35059188841632394
COG5276	1.3276362991969433	-1.3276362991969433
COG5279	-0.20825760245888927	0.20825760245888925
COG5280	-0.7309249756505356	0.7309249756505355
COG5281	1.3254502547453328	-1.3254502547453326
COG5282	0.9521452078263891	-0.9521452078263888
COG5283	-0.5476459872492738	0.5476459872492737
COG5285	0.25607014648052834	-0.25607014648052806
COG5295	-1.0912851211158587	1.0912851211158587
COG5301	0.6060762214427998	-0.6060762214427995
COG5324	1.5355671576445207	-1.5355671576445205
COG5339	1.5123544330069376	-1.5123544330069374
COG5340	0.38787600475599243	-0.3878760047559924
COG5341	-1.4414157724692036	1.4414157724692034
COG5361	-1.0005370531768152	1.0005370531768152
COG5368	-0.9117399228869345	0.9117399228869344
COG5373	-0.34243971815983687	0.34243971815983687
COG5377	-1.7529687559471216	1.7529687559471214
COG5383	1.7510784944841995	-1.7510784944841993
COG5405	1.3681377261243932	-1.3681377261243932
COG5412	-1.87451647987019	1.8745164798701899
COG5426	-1.097857151635651	1.0978571516356508
COG5427	0.6894912361260032	-0.6894912361260028
COG5430	1.2442236715057888	-1.2442236715057884
COG5433	-1.009162769299308	1.0091627692993077
COG5434	-0.7736814528741969	0.7736814528741968
COG5437	-1.5857930642987503	1.5857930642987503
COG5438	-1.5173921335143186	1.5173921335143183
COG5441	0.5540615282611854	-0.554061528261185
COG5445	1.436323797771252	-1.4363237977712517
COG5449	-0.6892653740895586	0.6892653740895585
COG5463	-0.34771251277774723	0.3477125127777472
COG5464	1.516840874786413	-1.5168408747864128
COG5476	-1.0547338461787648	1.0547338461787645
COG5484	-0.9418614699093446	0.9418614699093445
COG5492	0.7920650296076516	-0.7920650296076512
COG5495	-1.2855729589080065	1.2855729589080063
COG5496	-1.3951360888079307	1.3951360888079305
COG5499	0.37443644416832017	-0.3744364441683199
COG5504	-1.5139018339122192	1.513901833912219
COG5505	-0.10991088442476908	0.10991088442476907
COG5511	-0.10740471503375322	0.1074047150337532
COG5512	0.7212740477232467	-0.7212740477232469
COG5518	1.2072155139212475	-1.2072155139212475
COG5519	-0.3395049547355661	0.3395049547355661
COG5520	-0.06559894639577991	0.0655989463957799
COG5522	0.7296361998693764	-0.7296361998693763
COG5523	-1.3118373771333498	1.3118373771333496
COG5525	1.4725469593304563	-1.472546959330456
COG5527	-0.9078795677299671	0.907879567729967
COG5529	0.31908117716706724	-0.31908117716706696
COG5532	0.1266154572215928	-0.12661545722159254
COG5545	0.9039763433851484	-0.9039763433851483
COG5553	0.5109785279480876	-0.5109785279480873
COG5557	-0.08796302510212355	0.08796302510212353
COG5564	-0.5928072291328632	0.5928072291328631
COG5571	1.492323789207955	-1.4923237892079548
COG5577	-1.1149618574573055	1.1149618574573055
COG5579	-1.8248646437973017	1.8248646437973015
COG5585	1.3435114891302034	-1.3435114891302031
COG5587	0.008234307873940541	-0.00823430787394054
COG5598	-0.9351087839132568	0.9351087839132567
COG5618	-0.5421317052953905	0.5421317052953903
COG5620	-1.3671913445317494	1.3671913445317492
COG5632	-0.40043174712680957	0.4004317471268095
COG5635	0.06549905040762918	-0.06549905040762942
COG5645	1.7025818925642089	-1.7025818925642089
COG5652	-0.871755303919609	0.8717553039196089
COG5658	0.20518814052654072	-0.20518814052654044
ENOG410XNME	0.7468719075285005	-0.7468719075285007
ENOG410XNMH	-0.4067737318909408	0.40677373189094074
ENOG410XNMK	0.0904532278481244	-0.09045322784812415
ENOG410XNMP	-1.158127190428255	1.158127190428255
ENOG410XNMQ	0.0781811704756495	-0.0781811704756495
ENOG410XNMX	-0.11156592879831055	0.11156592879831054
ENOG410XNN3	0.6481651560280005	-0.6481651560280006
ENOG410XNN9	-0.2527120362514656	0.25271203625146554
ENOG410XNNB	1.8198727321271286	-1.8198727321271286
ENOG410XNNF	1.853684961891856	-1.853684961891856
ENOG410XNNK	-0.9627252171701908	0.9627252171701907
ENOG410XNNM	-0.5406973422636892	0.540697342263689
ENOG410XNNT	-0.6327355559112084	0.6327355559112083
ENOG410XNNV	1.65770753961473	-1.6577075396147298
ENOG410XNNX	0.045281876019825626	-0.04528187601982562
ENOG410XNP4	0.11114760759025467	-0.11114760759025466
ENOG410XNP9	-0.3416945802774895	0.34169458027748945
ENOG410XNPF	-1.0456122894829023	1.0456122894829023
ENOG410XNPK	-1.7992432667087954	1.7992432667087952
ENOG410XNPQ	-1.1159645732512866	1.1159645732512864
ENOG410XNPT	-0.00833891416164906	0.008338914161649058
ENOG410XNPU	-0.4664362585812714	0.46643625858127136
ENOG410XNPZ	1.2236025271340794	-1.2236025271340794
ENOG410XNQ2	-0.016514360183594808	0.016514360183594805
ENOG410XNQ6	0.5239891762705413	-0.5239891762705412
ENOG410XNQA	0.9853242329988925	-0.985324232998892
ENOG410XNQB	-0.7129435899006212	0.7129435899006211
ENOG410XNQF	0.37551662540849495	-0.3755166254084949
ENOG410XNQI	-0.01906355173215724	0.019063551732157236
ENOG410XNQK	0.42183920650990137	-0.4218392065099013
ENOG410XNQT	-0.018800346541821736	0.018800346541821732
ENOG410XNR2	-0.5051782991733484	0.5051782991733484
ENOG410XNR3	0.2697433758905509	-0.26974337589055114
ENOG410XNR6	0.8660579297561606	-0.8660579297561602
ENOG410XNRI	-0.7826617398804674	0.7826617398804673
ENOG410XNRQ	0.590934210524336	-0.5909342105243358
ENOG410XNRW	1.0162880879266771	-1.0162880879266771
ENOG410XNS5	0.15482053796159714	-0.15482053796159737
ENOG410XNSE	0.6700896741222904	-0.6700896741222905
ENOG410XNSI	-1.5326889589966592	1.532688958996659
ENOG410XNSZ	-0.5981122118312603	0.5981122118312603
ENOG410XNT3	-1.4567135667284548	1.4567135667284545
ENOG410XNTB	0.6119196102419345	-0.6119196102419345
ENOG410XNTH	0.4594936853679811	-0.459493685367981
ENOG410XNTK	-1.311031541767775	1.3110315417677747
ENOG410XNTV	-0.29055808334020533	0.2905580833402053
ENOG410XNTZ	-0.06024525289731393	0.060245252897313924
ENOG410XNUC	-1.117318516858409	1.117318516858409
ENOG410XNUH	-1.0874796714441282	1.087479671444128
ENOG410XNUJ	-0.27405446777686704	0.274054467776867
ENOG410XNUN	1.7506648063285841	-1.750664806328584
ENOG410XNV1	-0.04522629835624474	0.04522629835624474
ENOG410XNVA	-0.3935256455135627	0.39352564551356267
ENOG410XNVB	0.4190630421833279	-0.41906304218332785
ENOG410XNVC	0.4682932295856993	-0.46829322958569924
ENOG410XNVE	-0.006317280286236899	0.0063172802862368985
ENOG410XNVK	0.9248187777294459	-0.924818777729446
ENOG410XNVM	0.5226082056019654	-0.5226082056019653
ENOG410XNVN	-0.6438942616133274	0.6438942616133273
ENOG410XNVP	-0.6310330223048922	0.6310330223048921
ENOG410XNVS	-0.48595048369467553	0.4859504836946755
ENOG410XNVW	-0.6559136710143679	0.6559136710143679
ENOG410XNW1	-1.0928509287646795	1.0928509287646793
ENOG410XNW5	0.8815149445754542	-0.8815149445754541
ENOG410XNW6	-0.8377787217335052	0.8377787217335051
ENOG410XNWD	-1.573275603876119	1.573275603876119
ENOG410XNWE	0.8585083689517762	-0.8585083689517763
ENOG410XNWS	-1.1347800007151372	1.134780000715137
ENOG410XNWU	0.36595663780244425	-0.3659566378024442
ENOG410XNWW	0.8633866719463159	-0.8633866719463158
ENOG410XNX2	0.6427747834232315	-0.6427747834232316
ENOG410XNX3	0.3350471493014615	-0.33504714930146123
ENOG410XNXE	-1.5857373650499673	1.585737365049967
ENOG410XNXF	0.4662125524204644	-0.46621255242046455
ENOG410XNXG	0.7345702029684581	-0.734570202968458
ENOG410XNXZ	-1.239798481107301	1.2397984811073008
ENOG410XNYD	-0.8163003276604301	0.81630032766043
ENOG410XNYE	-1.4261542540406245	1.4261542540406242
ENOG410XNYS	-1.6279510871991774	1.6279510871991771
ENOG410XNYU	2.1355310605905524	-2.135531060590552
ENOG410XNYY	-0.9772289353565141	0.977228935356514
ENOG410XNZB	1.1751637965543427	-1.1751637965543424
ENOG410XNZD	0.21095661244138114	-0.21095661244138111
ENOG410XNZF	1.5737461618787028	-1.5737461618787025
ENOG410XNZG	-0.11725906647358172	0.11725906647358171
ENOG410XNZJ	0.7473889684390642	-0.7473889684390641
ENOG410XNZQ	-0.2644466088069709	0.26444660880697085
ENOG410XNZR	-1.1158964492309273	1.1158964492309273
ENOG410XNZT	1.1742548313057934	-1.1742548313057932
ENOG410XNZW	-0.7865136227528619	0.7865136227528619
ENOG410XNZX	-1.678602026449236	1.6786020264492358
ENOG410XP02	1.5133235655645856	-1.5133235655645854
ENOG410XP0R	0.8332230264727376	-0.8332230264727373
ENOG410XP1B	0.20728395043267894	-0.20728395043267916
ENOG410XP1K	-0.09412236945135301	0.094122369451353
ENOG410XP27	-0.10342605539940389	0.10342605539940387
ENOG410XP28	0.13589802759934785	-0.13589802759934808
ENOG410XP2B	1.4801045997917055	-1.480104599791705
ENOG410XP2F	0.3496698081208905	-0.34966980812089044
ENOG410XP2G	0.511082208131963	-0.5110822081319627
ENOG410XP2I	0.6772026421849469	-0.6772026421849466
ENOG410XP2N	-0.8798614488153059	0.8798614488153058
ENOG410XP2U	1.2052180429248376	-1.2052180429248374
ENOG410XP2Y	0.8593118918441098	-0.8593118918441095
ENOG410XP33	-0.39067655886469793	0.3906765588646979
ENOG410XP36	2.067842548763	-2.0678425487629997
ENOG410XP3B	-1.1937115474637263	1.193711547463726
ENOG410XP3G	1.1603162836238305	-1.1603162836238305
ENOG410XP3K	0.03810033248204804	-0.03810033248204804
ENOG410XP3M	0.39784020676472526	-0.3978402067647255
ENOG410XP3Q	-1.2364750866909955	1.2364750866909953
ENOG410XP3R	1.712815291344333	-1.7128152913443329
ENOG410XP3U	-1.8624505354937624	1.8624505354937622
ENOG410XP44	-0.7500942410785046	0.7500942410785045
ENOG410XP48	-1.3846545188918917	1.3846545188918915
ENOG410XP49	-0.1193911830132391	0.11939118301323909
ENOG410XP4A	-0.080200937521028	0.080200937521028
ENOG410XP4R	-0.09717604574817477	0.09717604574817476
ENOG410XP53	0.42877818665704603	-0.4287781866570462
ENOG410XP54	0.10223388927784226	-0.10223388927784224
ENOG410XP56	-1.7493615298228338	1.7493615298228335
ENOG410XP57	-0.8804282480923296	0.8804282480923294
ENOG410XP59	-1.4577102539193132	1.457710253919313
ENOG410XP5M	-1.171952167991831	1.171952167991831
ENOG410XP5N	-1.5485601841998868	1.5485601841998866
ENOG410XP5P	-0.6155200889894223	0.6155200889894222
ENOG410XP5S	-0.6692826138532261	0.669282613853226
ENOG410XP5Y	-0.07436837869136562	0.07436837869136562
ENOG410XP61	-0.39693589357605424	0.3969358935760542
ENOG410XP63	1.3879260991520266	-1.3879260991520266
ENOG410XP6B	-1.2974276353947052	1.2974276353947052
ENOG410XP6M	-1.2460619989227435	1.2460619989227435
ENOG410XP6N	-1.485616808129876	1.485616808129876
ENOG410XP70	0.5444824311326049	-0.544482431132605
ENOG410XP71	-1.2233570230436097	1.2233570230436097
ENOG410XP72	-0.9114321407236352	0.9114321407236351
ENOG410XP7C	1.315910129304326	-1.3159101293043258
ENOG410XP7H	0.4533420030466099	-0.4533420030466098
ENOG410XP7I	0.607515382069681	-0.6075153820696809
ENOG410XP7P	0.43221325371316405	-0.432213253713164
ENOG410XP7Y	-1.7307032777110667	1.7307032777110665
ENOG410XP82	-0.479870675441468	0.47987067544146794
ENOG410XP86	1.1619010229112445	-1.1619010229112443
ENOG410XP8A	0.5989489368085479	-0.5989489368085481
ENOG410XP8I	0.9671863618084877	-0.9671863618084878
ENOG410XP8J	1.524361126926361	-1.524361126926361
ENOG410XP8N	-0.6259296177287256	0.6259296177287255
ENOG410XP94	-0.808070987120067	0.8080709871200669
ENOG410XP95	0.8267932204570008	-0.8267932204570007
ENOG410XP9D	-1.6723969315816327	1.6723969315816325
ENOG410XP9H	-0.05587010808520985	0.05587010808520984
ENOG410XP9Q	1.2790359189871485	-1.2790359189871483
ENOG410XPA1	-0.2683022922078941	0.26830229220789403
ENOG410XPA5	0.40645976865814365	-0.4064597686581436
ENOG410XPA7	0.9409958442557849	-0.940995844255785
ENOG410XPA8	-1.2325148347442358	1.2325148347442358
ENOG410XPA9	-0.5286659007107853	0.5286659007107852
ENOG410XPAA	0.5966934747832668	-0.5966934747832671
ENOG410XPAH	0.548419306783201	-0.5484193067832013
ENOG410XPAI	0.9383308475439209	-0.9383308475439206
ENOG410XPAU	-0.9232232821483861	0.923223282148386
ENOG410XPAW	1.2881973198967112	-1.288197319896711
ENOG410XPAZ	1.1347317502753695	-1.1347317502753693
ENOG410XPB1	-1.4501622050765521	1.450162205076552
ENOG410XPB6	-1.0599199199210303	1.05991991992103
ENOG410XPB7	-1.6929374211545245	1.6929374211545245
ENOG410XPBG	-0.03943151904367079	0.03943151904367078
ENOG410XPBJ	-0.725269489537996	0.725269489537996
ENOG410XPBQ	-0.14885355156353725	0.14885355156353725
ENOG410XPBR	-1.452627457839375	1.4526274578393747
ENOG410XPBS	0.17176760325918955	-0.17176760325918952
ENOG410XPBV	-0.4562976935256959	0.4562976935256958
ENOG410XPC1	-1.160133247752741	1.1601332477527408
ENOG410XPC7	1.0534139237507232	-1.0534139237507227
ENOG410XPCD	0.6155363857069748	-0.615536385706975
ENOG410XPCF	0.49357962016766177	-0.49357962016766166
ENOG410XPCH	-1.3233370990694466	1.3233370990694464
ENOG410XPCY	1.109093393315757	-1.109093393315757
ENOG410XPD4	-1.5319340848842975	1.5319340848842973
ENOG410XPD5	1.1091914504755953	-1.1091914504755953
ENOG410XPD8	1.5546698953226779	-1.5546698953226776
ENOG410XPDK	-1.5082191021873437	1.5082191021873437
ENOG410XPDP	-0.23780384817482206	0.23780384817482203
ENOG410XPDR	0.8704964363558577	-0.8704964363558576
ENOG410XPDS	1.2901131581666907	-1.2901131581666907
ENOG410XPDT	-1.3288830204222943	1.3288830204222941
ENOG410XPE4	0.6279465137546809	-0.6279465137546811
ENOG410XPE8	-1.8061282383345953	1.8061282383345951
ENOG410XPE9	0.5603845883058298	-0.56038458830583
ENOG410XPEC	-0.10316212437069958	0.10316212437069956
ENOG410XPEF	0.5030584327605933	-0.5030584327605931
ENOG410XPF0	0.30607419399441327	-0.3060741939944132
ENOG410XPF1	1.1536833849546444	-1.1536833849546444
ENOG410XPF3	-0.8561924289054602	0.8561924289054601
ENOG410XPF8	-1.0433079476214455	1.0433079476214455
ENOG410XPFA	0.1744771748466771	-0.1744771748466773
ENOG410XPFR	-0.7711335800636988	0.7711335800636988
ENOG410XPFY	-0.25039657040469143	0.25039657040469143
ENOG410XPFZ	1.5506300124959165	-1.550630012495916
ENOG410XPG7	-0.4168940146823608	0.4168940146823608
ENOG410XPGG	-0.15580412013904252	0.1558041201390425
ENOG410XPGH	-1.51125135216951	1.5112513521695097
ENOG410XPGK	1.8588427973651973	-1.858842797365197
ENOG410XPGN	0.09520437790056456	-0.09520437790056456
ENOG410XPGQ	0.6744817632004908	-0.6744817632004909
ENOG410XPGV	0.5670888628197223	-0.5670888628197219
ENOG410XPGY	-1.8409644863712256	1.8409644863712253
ENOG410XPHB	-0.9408848186209987	0.9408848186209986
ENOG410XPHE	0.7948745183369288	-0.7948745183369287
ENOG410XPHF	1.8038264663111518	-1.8038264663111516
ENOG410XPHJ	-0.985678505569344	0.9856785055693439
ENOG410XPHK	-0.2470982338279922	0.24709823382799218
ENOG410XPHQ	-0.8332965923818197	0.8332965923818196
ENOG410XPHU	1.401246602698294	-1.4012466026982937
ENOG410XPIA	0.5794194026145977	-0.5794194026145979
ENOG410XPIG	0.1629241340631039	-0.16292413406310388
ENOG410XPIV	0.3626837927555622	-0.3626837927555621
ENOG410XPIZ	0.07443581387128684	-0.07443581387128684
ENOG410XPJ6	0.1633725234852731	-0.1633725234852728
ENOG410XPJ8	0.3230894231150023	-0.3230894231150025
ENOG410XPJF	0.2623918557208738	-0.2623918557208738
ENOG410XPJG	-0.41616099775806326	0.4161609977580632
ENOG410XPJN	-1.3266770705039719	1.3266770705039717
ENOG410XPJV	0.061259761602825334	-0.06125976160282533
ENOG410XPJW	-0.5275262331989095	0.5275262331989093
ENOG410XPK1	0.12811894749278727	-0.1281189474927875
ENOG410XPK3	0.33443099041428986	-0.3344309904142898
ENOG410XPK9	-1.2984129351351936	1.2984129351351934
ENOG410XPKA	-1.2599974758985157	1.2599974758985155
ENOG410XPKD	1.0601042496959907	-1.060104249695991
ENOG410XPKJ	0.10639735432079928	-0.10639735432079926
ENOG410XPKX	0.3648190897314373	-0.364819089731437
ENOG410XPM4	-1.411279423844579	1.4112794238445787
ENOG410XPM6	-1.7511084285246383	1.751108428524638
ENOG410XPM9	1.748920540292444	-1.7489205402924437
ENOG410XPMU	-1.1036639138427569	1.1036639138427569
ENOG410XPMV	-0.793433608770163	0.7934336087701629
ENOG410XPMX	0.04743247423664033	-0.04743247423664032
ENOG410XPN4	-0.3315079741823585	0.33150797418235844
ENOG410XPNA	-1.2677266991490448	1.2677266991490448
ENOG410XPNG	1.0877726342299465	-1.0877726342299465
ENOG410XPNI	-0.31544146855756383	0.3154414685575638
ENOG410XPNN	0.44934260820193506	-0.4493426082019353
ENOG410XPNQ	0.4087042726927694	-0.4087042726927691
ENOG410XPNV	-0.3869407046151125	0.3869407046151125
ENOG410XPP0	1.8041537329060502	-1.80415373290605
ENOG410XPPG	-0.9698705904724794	0.9698705904724793
ENOG410XPPI	0.2888562584108429	-0.2888562584108426
ENOG410XPPS	0.19453336233284205	-0.19453336233284224
ENOG410XPPT	-1.7378504857546513	1.737850485754651
ENOG410XPPY	-0.39606275374763317	0.3960627537476331
ENOG410XPQ5	-0.43136081557879175	0.4313608155787917
ENOG410XPQW	0.8875872065454407	-0.8875872065454405
ENOG410XPR1	-1.8144536095715964	1.8144536095715962
ENOG410XPR3	-1.3814802013667906	1.3814802013667904
ENOG410XPR5	0.7983085224408758	-0.7983085224408757
ENOG410XPR9	-1.133525158216204	1.133525158216204
ENOG410XPRM	-0.8297250735498483	0.8297250735498481
ENOG410XPRN	0.7658912870368328	-0.7658912870368327
ENOG410XPRS	-0.2651236659814865	0.2651236659814865
ENOG410XPRU	-0.5266053470593682	0.5266053470593682
ENOG410XPRV	0.18517347187554895	-0.1851734718755487
ENOG410XPRZ	0.04220739094401803	-0.04220739094401803
ENOG410XPS1	-0.3763441963905614	0.3763441963905613
ENOG410XPS7	0.947958139383557	-0.9479581393835567
ENOG410XPSF	0.7902333229050963	-0.7902333229050963
ENOG410XPSK	0.5243315046254273	-0.5243315046254272
ENOG410XPSN	-0.9881391262783287	0.9881391262783286
ENOG410XPSU	-0.3440381359728154	0.3440381359728154
ENOG410XPT3	0.17101038282817166	-0.1710103828281714
ENOG410XPT6	-0.4697913334793397	0.46979133347933966
ENOG410XPT8	-0.0021521562107697195	0.0021521562107697195
ENOG410XPT9	0.9118028952522722	-0.9118028952522721
ENOG410XPTB	0.7807303636800419	-0.7807303636800418
ENOG410XPTC	1.143895544276955	-1.1438955442769545
ENOG410XPTE	0.7387698061638651	-0.738769806163865
ENOG410XPTK	-0.9767954471921447	0.9767954471921446
ENOG410XPTV	-0.05807450182768943	0.058074501827689425
ENOG410XPU0	0.4644664470919156	-0.4644664470919153
ENOG410XPU6	0.08499092512159123	-0.08499092512159122
ENOG410XPUA	-0.6656572482592439	0.6656572482592438
ENOG410XPUE	-0.5929625405443101	0.5929625405443101
ENOG410XPUG	0.7976917502798866	-0.7976917502798863
ENOG410XPUH	0.7865731573655668	-0.7865731573655669
ENOG410XPUJ	1.068888718114987	-1.0688887181149869
ENOG410XPUQ	2.055005528010513	-2.0550055280105126
ENOG410XPUT	-1.7994432970032779	1.7994432970032777
ENOG410XPUU	-0.9942827363276884	0.9942827363276883
ENOG410XPUX	0.33138771623267294	-0.3313877162326731
ENOG410XPUZ	1.0641854517039724	-1.0641854517039724
ENOG410XPV5	-1.118310345429531	1.1183103454295307
ENOG410XPW2	1.013611110698902	-1.0136111106989023
ENOG410XPW8	0.5289221649505456	-0.5289221649505454
ENOG410XPWC	1.6260355341639836	-1.6260355341639834
ENOG410XPWD	0.2049454467410354	-0.20494544674103538
ENOG410XPWQ	0.23359635353988664	-0.23359635353988661
ENOG410XPWS	0.6882113162567347	-0.6882113162567346
ENOG410XPWT	-0.6936785249759906	0.6936785249759905
ENOG410XPWZ	-0.9379362181584384	0.9379362181584383
ENOG410XPX2	-0.9964593640462399	0.9964593640462398
ENOG410XPXA	-1.265773055020594	1.2657730550205937
ENOG410XPXC	0.47352725320735667	-0.4735272532073566
ENOG410XPXG	-1.0716592094587405	1.0716592094587403
ENOG410XPXH	0.37618207558952227	-0.3761820755895225
ENOG410XPXV	-0.32700526886613474	0.32700526886613474
ENOG410XPY1	-0.23094342440782759	0.23094342440782756
ENOG410XPY2	0.1909965372370951	-0.1909965372370953
ENOG410XPY5	0.039738908795554244	-0.03973890879555424
ENOG410XPYJ	-1.599138980021292	1.5991389800212918
ENOG410XPYP	1.291131485062482	-1.2911314850624822
ENOG410XPYR	-1.7220918375077394	1.7220918375077392
ENOG410XPYS	1.4505773435416454	-1.4505773435416451
ENOG410XPYV	0.3637651545050774	-0.3637651545050771
ENOG410XPYX	-0.6374484953229017	0.6374484953229016
ENOG410XPYZ	0.20189986316666883	-0.2018998631666688
ENOG410XPZB	0.5898043438124619	-0.589804343812462
ENOG410XPZP	-1.1280904102050957	1.1280904102050955
ENOG410XPZR	0.8843152394737047	-0.8843152394737044
ENOG410XPZX	-0.8373351871323538	0.8373351871323537
ENOG410XQ03	1.1443458256994563	-1.144345825699456
ENOG410XQ05	-0.48059835053468364	0.4805983505346836
ENOG410XQ0E	0.3389597687097798	-0.33895976870977973
ENOG410XQ0N	-1.3580619528138116	1.3580619528138114
ENOG410XQ17	1.4263915146617343	-1.426391514661734
ENOG410XQ1F	-1.0476409568258165	1.0476409568258165
ENOG410XQ1G	1.1932305635344027	-1.1932305635344025
ENOG410XQ1K	-1.6061079483923677	1.6061079483923675
ENOG410XQ1X	-0.7285371650784794	0.7285371650784793
ENOG410XQ20	-0.42269541667260474	0.42269541667260474
ENOG410XQ21	1.0190448530176484	-1.0190448530176481
ENOG410XQ2C	0.9801696312565334	-0.9801696312565333
ENOG410XQ2F	-1.3501226607799757	1.3501226607799754
ENOG410XQ2Q	0.6923053152794703	-0.6923053152794701
ENOG410XQ2S	-0.46397240390496675	0.4639724039049667
ENOG410XQ2T	-0.6870678879043588	0.6870678879043587
ENOG410XQ2W	-0.20367030019278826	0.20367030019278823
ENOG410XQ39	-1.663208050109101	1.6632080501091009
ENOG410XQ3B	1.0995970990306427	-1.0995970990306425
ENOG410XQ3U	-0.16692274299285706	0.16692274299285703
ENOG410XQ43	-1.3265918789172142	1.326591878917214
ENOG410XQ4C	1.368688367866672	-1.368688367866672
ENOG410XQ4M	-1.8628831066294609	1.8628831066294607
ENOG410XQ4N	-0.8321823690415502	0.8321823690415501
ENOG410XQ4Q	-0.44163947898326017	0.4416394789832601
ENOG410XQ4R	-0.06476639878104695	0.06476639878104694
ENOG410XQ4S	0.6854043086818099	-0.6854043086818098
ENOG410XQ4U	-0.259637343282934	0.2596373432829339
ENOG410XQ4W	0.4853932669390537	-0.4853932669390539
ENOG410XQ4X	-1.6296009809908438	1.6296009809908436
ENOG410XQ51	-1.81148541173914	1.8114854117391397
ENOG410XQ57	1.3747051390773208	-1.3747051390773206
ENOG410XQ58	0.2194769409277045	-0.21947694092770448
ENOG410XQ5H	-1.731404141841895	1.7314041418418948
ENOG410XQ5I	0.26730717899864187	-0.2673071789986416
ENOG410XQ5J	-0.4240059081586026	0.42400590815860256
ENOG410XQ5Q	0.6287618679253091	-0.628761867925309
ENOG410XQ5V	0.3285689632258561	-0.3285689632258561
ENOG410XQ63	-0.9410611110175825	0.9410611110175824
ENOG410XQ6D	1.6249676948179614	-1.6249676948179614
ENOG410XQ6F	0.914512862145793	-0.9145128621457926
ENOG410XQ6Z	0.8976566380385717	-0.8976566380385713
ENOG410XQ7E	0.21830393333036718	-0.21830393333036716
ENOG410XQ7F	0.6667677729581447	-0.6667677729581449
ENOG410XQ7R	-0.9925104994356303	0.9925104994356302
ENOG410XQ7Y	-0.7489360238056368	0.7489360238056367
ENOG410XQ84	-1.3207858593975226	1.3207858593975226
ENOG410XQ88	-1.580382673712076	1.5803826737120759
ENOG410XQ8A	0.6201187039605681	-0.6201187039605679
ENOG410XQ8K	-1.0449349445394367	1.0449349445394365
ENOG410XQ8P	0.5903189478346528	-0.5903189478346528
ENOG410XQ8S	-1.292405068358364	1.2924050683583639
ENOG410XQ93	1.466630775234657	-1.466630775234657
ENOG410XQ98	-0.8798042730121131	0.879804273012113
ENOG410XQ9B	-0.7850040355076432	0.7850040355076431
ENOG410XQ9D	-0.39995641877421817	0.3999564187742181
ENOG410XQ9F	-0.18064683891945668	0.18064683891945665
ENOG410XQ9I	-0.4375232253524423	0.43752322535244226
ENOG410XQ9J	1.2668096365387473	-1.2668096365387476
ENOG410XQ9K	-0.3980190768311032	0.39801907683110316
ENOG410XQ9Q	-0.5065926330693055	0.5065926330693054
ENOG410XQ9V	-0.3437257616729132	0.34372576167291313
ENOG410XQA5	-0.8145362690142786	0.8145362690142784
ENOG410XQAT	-0.04306293609810836	0.04306293609810835
ENOG410XQAX	-0.6450743502542732	0.6450743502542731
ENOG410XQB1	-1.4045111393014669	1.4045111393014666
ENOG410XQBA	0.6618852690277549	-0.6618852690277548
ENOG410XQBH	-1.3549958816534466	1.3549958816534466
ENOG410XQBJ	-1.5212466486603313	1.5212466486603313
ENOG410XQBQ	-1.476284097559725	1.476284097559725
ENOG410XQBS	-0.35841956563188293	0.3584195656318829
ENOG410XQBW	-0.8651512927436943	0.8651512927436942
ENOG410XQC5	-0.7284310841647259	0.7284310841647258
ENOG410XQCC	-0.9213680055241389	0.9213680055241388
ENOG410XQCP	-0.48411160257330044	0.4841116025733004
ENOG410XQCX	-1.6005058030034907	1.6005058030034904
ENOG410XQD0	1.1418095666642223	-1.141809566664222
ENOG410XQD1	-1.6738102128235417	1.6738102128235417
ENOG410XQD4	-0.158945620909491	0.15894562090949096
ENOG410XQD7	0.6166228456310361	-0.616622845631036
ENOG410XQDB	-0.8295202502032707	0.8295202502032706
ENOG410XQDJ	-0.46653767429852117	0.4665376742985211
ENOG410XQDU	-0.240430353796711	0.24043035379671096
ENOG410XQE0	1.4805441889890572	-1.480544188989057
ENOG410XQE2	-1.751185998679091	1.7511859986790907
ENOG410XQE6	1.3801138775855737	-1.3801138775855735
ENOG410XQE9	0.3690893044319353	-0.369089304431935
ENOG410XQEA	-0.9719118038546155	0.9719118038546154
ENOG410XQEC	-1.416549699470408	1.4165496994704079
ENOG410XQED	0.8740155304217084	-0.8740155304217085
ENOG410XQEH	-0.40802245905148715	0.40802245905148715
ENOG410XQEK	1.149685868732378	-1.1496858687323779
ENOG410XQEM	0.8389755134695744	-0.8389755134695743
ENOG410XQEV	-0.0868592827589665	0.08685928275896648
ENOG410XQF5	2.006390817451951	-2.006390817451951
ENOG410XQF9	1.6239545620241536	-1.6239545620241533
ENOG410XQFC	-0.18282048290666636	0.18282048290666636
ENOG410XQFG	-0.3702642401192211	0.37026424011922104
ENOG410XQFW	-0.7843181915296938	0.7843181915296938
ENOG410XQG1	0.06151144353531688	-0.06151144353531687
ENOG410XQG7	2.019512898524864	-2.019512898524864
ENOG410XQGC	0.08810833297946917	-0.08810833297946893
ENOG410XQGH	0.17728127028878377	-0.17728127028878374
ENOG410XQGX	0.3044836824365132	-0.3044836824365132
ENOG410XQH2	-1.1445291441416694	1.1445291441416692
ENOG410XQH6	-0.8576557526345784	0.8576557526345783
ENOG410XQH8	-1.0578532977347532	1.0578532977347532
ENOG410XQHH	0.4115700241460675	-0.41157002414606747
ENOG410XQHQ	-0.9729771018081587	0.9729771018081586
ENOG410XQHT	0.6764536890665118	-0.6764536890665117
ENOG410XQHZ	-0.03838235444672516	0.03838235444672515
ENOG410XQI3	-0.8426822884663575	0.8426822884663574
ENOG410XQI4	-0.636962906534419	0.6369629065344189
ENOG410XQI8	0.3648773068305096	-0.36487730683050934
ENOG410XQIJ	-1.831292958848537	1.8312929588485367
ENOG410XQIS	0.28141173556963145	-0.2814117355696316
ENOG410XQJQ	-1.5206428818293025	1.5206428818293023
ENOG410XQJV	-1.5269886536370254	1.5269886536370252
ENOG410XQK0	-0.5819710350376429	0.5819710350376428
ENOG410XQK3	0.6989006987845334	-0.6989006987845334
ENOG410XQK7	0.5341716771745197	-0.5341716771745199
ENOG410XQKC	1.4904659090025996	-1.4904659090025993
ENOG410XQKS	-1.6265623134920917	1.6265623134920915
ENOG410XQKZ	0.7627546959281444	-0.7627546959281443
ENOG410XQM1	0.0040402028944393825	-0.0040402028944393825
ENOG410XQM3	1.1661348724345382	-1.1661348724345382
ENOG410XQMH	0.03854564833430022	-0.038545648334300214
ENOG410XQMS	0.6418302973795483	-0.6418302973795482
ENOG410XQMY	0.8221234328872932	-0.8221234328872933
ENOG410XQN2	-0.530606388317042	0.530606388317042
ENOG410XQN3	-0.9423166973464646	0.9423166973464645
ENOG410XQN7	-0.970185395665002	0.9701853956650018
ENOG410XQNE	0.49880053840035105	-0.49880053840035077
ENOG410XQNF	-0.9468141554059797	0.9468141554059796
ENOG410XQNQ	-0.6275888987050117	0.6275888987050117
ENOG410XQNW	-0.6935327821280076	0.6935327821280075
ENOG410XQNY	1.3753280786405222	-1.3753280786405222
ENOG410XQP2	-0.004332629558558029	0.004332629558558029
ENOG410XQP6	0.6558856203293244	-0.6558856203293243
ENOG410XQPI	-0.2427051474332763	0.24270514743327629
ENOG410XQPN	0.43564345451153536	-0.4356434545115351
ENOG410XQPP	-0.12110353885673893	0.12110353885673891
ENOG410XQPQ	-0.25971959192863314	0.25971959192863314
ENOG410XQPS	0.19103912537529216	-0.19103912537529238
ENOG410XQPU	1.8546968392439185	-1.8546968392439183
ENOG410XQPV	0.9973708403829902	-0.9973708403829897
ENOG410XQQ4	0.019563747944591835	-0.019563747944591835
ENOG410XQQ7	-0.9552089957020554	0.9552089957020553
ENOG410XQQI	-0.5200519937244742	0.5200519937244741
ENOG410XQQP	-1.0883689850314906	1.0883689850314904
ENOG410XQRC	-0.7882305949044462	0.7882305949044461
ENOG410XQRE	0.6846319794277423	-0.6846319794277422
ENOG410XQRJ	-0.9571879897934809	0.9571879897934807
ENOG410XQRQ	-0.11902514816752212	0.1190251481675221
ENOG410XQRS	-0.9725481767196157	0.9725481767196156
ENOG410XQRU	0.9899288451934332	-0.9899288451934333
ENOG410XQRW	1.8006221554094595	-1.8006221554094592
ENOG410XQS8	0.4706428043348133	-0.470642804334813
ENOG410XQSA	-0.6714320933197541	0.6714320933197541
ENOG410XQSG	-0.9684349290734294	0.9684349290734293
ENOG410XQSJ	-0.5312728114231068	0.5312728114231068
ENOG410XQSR	0.3746447367341528	-0.37464473673415244
ENOG410XQST	-0.20044920366843577	0.20044920366843574
ENOG410XQSV	-1.6477445046080474	1.6477445046080472
ENOG410XQSZ	-0.3179358307022181	0.3179358307022181
ENOG410XQT1	0.03110020649126501	-0.031100206491265006
ENOG410XQTC	-0.2605284371690787	0.26052843716907864
ENOG410XQTD	0.17334699176448146	-0.17334699176448143
ENOG410XQTE	-1.134862535822686	1.134862535822686
ENOG410XQTH	-1.6172047042566207	1.6172047042566207
ENOG410XQTW	-0.9701408226272517	0.9701408226272515
ENOG410XQTX	-0.868746916672991	0.8687469166729909
ENOG410XQUC	1.0708528164454916	-1.0708528164454916
ENOG410XQUD	0.6935915286956624	-0.6935915286956625
ENOG410XQUK	0.6041468065308931	-0.604146806530893
ENOG410XQUR	1.3693937737732031	-1.3693937737732031
ENOG410XQV2	1.3535268240942935	-1.3535268240942933
ENOG410XQVA	0.6114948206469212	-0.6114948206469213
ENOG410XQVC	-0.8006584713145557	0.8006584713145556
ENOG410XQVK	0.5190829565935707	-0.5190829565935704
ENOG410XQVS	-0.5405046918094467	0.5405046918094466
ENOG410XQVW	0.3712456425537987	-0.37124564255379866
ENOG410XQW5	1.5037213935497964	-1.5037213935497962
ENOG410XQWF	-1.6310311496022032	1.631031149602203
ENOG410XQWR	1.320550581191034	-1.3205505811910339
ENOG410XQWS	1.4566854307479247	-1.4566854307479247
ENOG410XQWW	1.3174095476025098	-1.3174095476025096
ENOG410XQWY	-0.8934799269742769	0.8934799269742768
ENOG410XQXB	-1.3099017325313242	1.309901732531324
ENOG410XQXG	-1.1190449159566351	1.119044915956635
ENOG410XQXV	-0.3862922165061282	0.3862922165061282
ENOG410XQXY	0.6693277167885355	-0.6693277167885354
ENOG410XQYE	1.2624233513338992	-1.262423351333899
ENOG410XQYG	-1.2175272298202153	1.2175272298202153
ENOG410XQYI	0.17058795329724594	-0.17058795329724616
ENOG410XQYJ	-0.049154340736745954	0.04915434073674595
ENOG410XQYP	0.5823660557103657	-0.5823660557103657
ENOG410XQYQ	-0.10394851995646456	0.10394851995646455
ENOG410XQYT	1.016178126616004	-1.0161781266160042
ENOG410XQZA	0.6332491024464887	-0.6332491024464888
ENOG410XQZT	-1.5517705166401854	1.5517705166401852
ENOG410XQZU	1.3529799049805455	-1.3529799049805458
ENOG410XR0I	-0.41905061939226607	0.419050619392266
ENOG410XR0J	-0.03170898002653457	0.031708980026534564
ENOG410XR13	0.6939384418514873	-0.6939384418514872
ENOG410XR1B	-0.7873259390464505	0.7873259390464504
ENOG410XR1I	0.9820671930345982	-0.9820671930345983
ENOG410XR1R	0.33567658614411555	-0.3356765861441158
ENOG410XR1U	0.2507726865387163	-0.25077268653871626
ENOG410XR1Y	-0.680665042505324	0.6806650425053239
ENOG410XR25	0.6415764754647119	-0.641576475464712
ENOG410XR2G	0.4462249056067354	-0.44622490560673533
ENOG410XR2K	-1.7368731038341592	1.736873103834159
ENOG410XR2M	-0.7235574937049749	0.7235574937049749
ENOG410XR3B	0.6192511534977242	-0.6192511534977239
ENOG410XR3C	1.0425359547345625	-1.0425359547345623
ENOG410XR3E	-0.037063607916206685	0.03706360791620668
ENOG410XR3F	0.7933634966093627	-0.7933634966093623
ENOG410XR3H	0.8642853345612973	-0.864285334561297
ENOG410XR3R	0.7766212635202564	-0.7766212635202566
ENOG410XR4R	1.35975378068977	-1.3597537806897697
ENOG410XR4Y	-0.5888140311132437	0.5888140311132437
ENOG410XR51	-0.04512301238605476	0.045123012386054755
ENOG410XR53	-0.019953019161234174	0.01995301916123417
ENOG410XR59	1.1420738786595377	-1.1420738786595375
ENOG410XR5C	-0.5066500706890421	0.5066500706890421
ENOG410XR5J	-0.8502427425850559	0.8502427425850558
ENOG410XR5M	-0.15157204679035258	0.15157204679035255
ENOG410XR5T	-1.8803012152816956	1.8803012152816954
ENOG410XR5V	-0.9727508220360506	0.9727508220360505
ENOG410XR65	-0.8917380012230024	0.8917380012230023
ENOG410XR66	0.04544240935591054	-0.04544240935591054
ENOG410XR6Q	-0.5458129509758884	0.5458129509758884
ENOG410XR6V	-0.30227136463942383	0.3022713646394238
ENOG410XR78	-1.2242653438110156	1.2242653438110156
ENOG410XR7J	0.6109860556445051	-0.6109860556445048
ENOG410XR7P	-0.8011365514960473	0.8011365514960472
ENOG410XR7Q	-0.5734880452401604	0.5734880452401603
ENOG410XR7W	-1.4007340159168946	1.4007340159168944
ENOG410XR82	-0.1570896076322685	0.15708960763226848
ENOG410XR85	1.1479682826450484	-1.1479682826450481
ENOG410XR8K	1.0491648226195145	-1.049164822619514
ENOG410XR99	-1.3112435538732823	1.3112435538732823
ENOG410XR9D	1.088050689902408	-1.088050689902408
ENOG410XR9S	-1.2913321098385673	1.291332109838567
ENOG410XR9X	-1.5450534420883495	1.5450534420883493
ENOG410XRA0	0.0663998448950581	-0.06639984489505833
ENOG410XRA8	1.51290389885658	-1.5129038988565797
ENOG410XRAD	1.602600513526547	-1.602600513526547
ENOG410XRAH	-1.1429230363387408	1.1429230363387408
ENOG410XRAN	-0.03357436564943633	0.03357436564943633
ENOG410XRAT	-0.636649558100001	0.636649558100001
ENOG410XRAY	0.38537034008275867	-0.3853703400827584
ENOG410XRBE	0.573102776238104	-0.573102776238104
ENOG410XRBF	-0.27302908941718745	0.2730290894171874
ENOG410XRBM	-0.8542036165043756	0.8542036165043755
ENOG410XRBU	-1.4011148000116973	1.401114800011697
ENOG410XRBV	1.2723102147745722	-1.272310214774572
ENOG410XRC2	0.9003316785711293	-0.9003316785711292
ENOG410XRC7	-1.816029622694166	1.8160296226941657
ENOG410XRCB	-1.3992786277984555	1.3992786277984555
ENOG410XRCM	0.4855515932620259	-0.4855515932620256
ENOG410XRCN	0.3946802129817661	-0.3946802129817658
ENOG410XRCP	-0.9297442236267549	0.9297442236267548
ENOG410XRCT	-0.3669334059385809	0.36693340593858087
ENOG410XRCV	0.7389189461217883	-0.7389189461217882
ENOG410XRD0	0.19468323145785016	-0.1946832314578499
ENOG410XRD1	-1.6493963546742965	1.6493963546742962
ENOG410XRD8	-1.5996018332897848	1.5996018332897846
ENOG410XRDA	-1.3573162507060685	1.3573162507060683
ENOG410XRDB	0.3659232860235636	-0.3659232860235638
ENOG410XRDH	0.9461687611166202	-0.9461687611166201
ENOG410XRDJ	1.3855433830351311	-1.385543383035131
ENOG410XRDV	0.7054449895332462	-0.7054449895332461
ENOG410XRDW	-0.7256124424950319	0.7256124424950319
ENOG410XREF	-0.060369477128202134	0.06036947712820213
ENOG410XREI	0.5145166832065655	-0.5145166832065653
ENOG410XRFF	0.44067317878220275	-0.4406731787822027
ENOG410XRFJ	-1.0933868197942465	1.0933868197942462
ENOG410XRFP	-0.3711769446058855	0.37117694460588546
ENOG410XRFS	0.30956712356090044	-0.30956712356090016
ENOG410XRFV	0.6922362014858302	-0.6922362014858301
ENOG410XRFX	-1.2196172014086761	1.219617201408676
ENOG410XRFZ	1.7214333495813257	-1.7214333495813254
ENOG410XRGA	-1.2119916088809053	1.211991608880905
ENOG410XRGD	-1.2848938506758436	1.2848938506758434
ENOG410XRGF	0.33281230073172885	-0.3328123007317288
ENOG410XRGH	-1.0402693977903725	1.0402693977903725
ENOG410XRGM	-1.7391493494731067	1.7391493494731067
ENOG410XRH6	-0.2968069524863189	0.29680695248631883
ENOG410XRHD	-0.26896236856102346	0.2689623685610234
ENOG410XRHT	0.18396266712775786	-0.18396266712775758
ENOG410XRHX	1.2490910032657452	-1.249091003265745
ENOG410XRI8	-0.3833001958880132	0.3833001958880131
ENOG410XRI9	-1.5225020193334917	1.5225020193334915
ENOG410XRIG	1.6915187747578526	-1.6915187747578528
ENOG410XRIM	0.8389253364189431	-0.838925336418943
ENOG410XRIS	-0.5258760401394353	0.5258760401394353
ENOG410XRJ1	1.743103615697257	-1.743103615697257
ENOG410XRJ8	1.1391819850257698	-1.13918198502577
ENOG410XRJG	0.6000161472830325	-0.6000161472830323
ENOG410XRJW	-1.220546009633682	1.220546009633682
ENOG410XRK1	-1.0972650798918857	1.0972650798918855
ENOG410XRK4	-1.616281456805395	1.6162814568053947
ENOG410XRK5	-1.5891781200488115	1.5891781200488113
ENOG410XRK7	-0.946145740803589	0.9461457408035889
ENOG410XRK8	0.8536736216477354	-0.8536736216477356
ENOG410XRKI	-1.0649294716598738	1.0649294716598736
ENOG410XRKQ	0.25729371034959225	-0.2572937103495922
ENOG410XRKR	-0.08523683786309329	0.08523683786309329
ENOG410XRKS	-1.1356724762712957	1.1356724762712957
ENOG410XRKV	2.137683740845249	-2.1376837408452487
ENOG410XRKW	-1.3661104383515754	1.3661104383515754
ENOG410XRKX	-0.06966930304455356	0.06966930304455354
ENOG410XRM2	0.6572109769079062	-0.6572109769079061
ENOG410XRMF	1.7500040680010192	-1.7500040680010192
ENOG410XRMQ	-0.14835738005326984	0.14835738005326984
ENOG410XRMV	1.3932299613369605	-1.3932299613369608
ENOG410XRMZ	-0.8087644256688009	0.8087644256688008
ENOG410XRN1	-0.6249218448764828	0.6249218448764828
ENOG410XRNA	-0.9992306544771368	0.9992306544771367
ENOG410XRNC	0.04589081749990384	-0.045890817499903834
ENOG410XRNH	0.8233347557993558	-0.8233347557993558
ENOG410XRNM	0.5064960971378105	-0.5064960971378104
ENOG410XRNU	-1.4237578060868903	1.4237578060868903
ENOG410XRP0	-0.9051407131031568	0.9051407131031567
ENOG410XRP1	-0.46612838447221955	0.4661283844722195
ENOG410XRP2	-0.6462275492830807	0.6462275492830806
ENOG410XRP4	-0.7022616377134201	0.70226163771342
ENOG410XRPD	0.964309965788158	-0.9643099657881579
ENOG410XRPE	0.02899243849301848	-0.028992438493018476
ENOG410XRPG	-0.5329758427167087	0.5329758427167087
ENOG410XRPN	0.4185322298051687	-0.4185322298051687
ENOG410XRPP	-1.0183720596888803	1.0183720596888801
ENOG410XRQ3	0.14736061146268423	-0.14736061146268423
ENOG410XRQ4	1.1957562677845157	-1.1957562677845157
ENOG410XRQC	0.9373852154627476	-0.9373852154627471
ENOG410XRQD	-1.3563520952781403	1.35635209527814
ENOG410XRQU	0.5662805818470829	-0.566280581847083
ENOG410XRQY	-0.12250808922275325	0.12250808922275323
ENOG410XRR3	0.39170382745838633	-0.39170382745838633
ENOG410XRRH	1.3787069425691119	-1.3787069425691116
ENOG410XRRN	1.6212806156170525	-1.6212806156170523
ENOG410XRRP	0.11841812789157129	-0.11841812789157127
ENOG410XRRR	-0.08759613348061338	0.08759613348061336
ENOG410XRRU	0.6687751838097652	-0.6687751838097654
ENOG410XRS1	0.5397900093738204	-0.5397900093738203
ENOG410XRS4	0.2062463937490511	-0.2062463937490511
ENOG410XRS7	-0.07569702520934823	0.07569702520934823
ENOG410XRSA	1.1003117614602111	-1.100311761460211
ENOG410XRSE	-1.8701568605993149	1.8701568605993146
ENOG410XRSI	-1.2367513946433677	1.2367513946433675
ENOG410XRSK	-0.3920479502322262	0.39204795023222616
ENOG410XRSS	0.4883514614117949	-0.48835146141179486
ENOG410XRSZ	-1.546139275079643	1.546139275079643
ENOG410XRT1	-0.3490559161250833	0.3490559161250833
ENOG410XRT7	0.059155520292869	-0.05915552029286923
ENOG410XRTM	1.7104820494339399	-1.7104820494339394
ENOG410XRTR	0.21365203298454025	-0.21365203298454022
ENOG410XRU0	0.6841256924521084	-0.6841256924521083
ENOG410XRUF	-0.2602241811782022	0.2602241811782021
ENOG410XRUN	0.6198951815626154	-0.6198951815626154
ENOG410XRV0	1.3301885311630046	-1.3301885311630046
ENOG410XRV2	-0.6889381285312305	0.6889381285312305
ENOG410XRV3	0.7877246367760768	-0.787724636776077
ENOG410XRV6	-0.5945957149638168	0.5945957149638167
ENOG410XRV8	-1.5785502433839416	1.5785502433839416
ENOG410XRVN	-1.8438127073879729	1.8438127073879726
ENOG410XRVP	-1.8602561309905872	1.860256130990587
ENOG410XRW2	1.5928271876520477	-1.5928271876520474
ENOG410XRWQ	-0.8154865357963953	0.8154865357963952
ENOG410XRWU	0.9553075368176952	-0.9553075368176951
ENOG410XRWZ	0.3018067364189414	-0.3018067364189416
ENOG410XRX3	-1.1773857706468323	1.177385770646832
ENOG410XRX8	0.5383484949424735	-0.5383484949424732
ENOG410XRXZ	-1.0658266382592598	1.0658266382592596
ENOG410XRY5	-1.3224593368170319	1.3224593368170316
ENOG410XRYB	0.4953443568801625	-0.49534435688016243
ENOG410XRYC	1.37329978372239	-1.3732997837223897
ENOG410XRYI	0.18200146956429214	-0.1820014695642921
ENOG410XRZB	0.4732896616314935	-0.4732896616314932
ENOG410XRZU	-0.014138008614745174	0.014138008614745174
ENOG410XS0E	-1.3214923516545427	1.3214923516545425
ENOG410XS0I	-1.2022916031184085	1.2022916031184083
ENOG410XS0Q	-0.3095193242516689	0.30951932425166884
ENOG410XS0Z	1.866120652218267	-1.8661206522182667
ENOG410XS18	0.7756269897197732	-0.7756269897197731
ENOG410XS1A	-0.28078628798928534	0.28078628798928534
ENOG410XS1K	-1.2128143962798252	1.212814396279825
ENOG410XS1S	0.7579050808411726	-0.7579050808411723
ENOG410XS1T	1.0584828253134264	-1.0584828253134262
ENOG410XS1X	1.0213455887585505	-1.0213455887585505
ENOG410XS21	-0.40804199156156695	0.4080419915615669
ENOG410XS27	0.9537906326369668	-0.953790632636967
ENOG410XS2C	1.8548548306836603	-1.85485483068366
ENOG410XS2E	-1.6960053396490797	1.6960053396490795
ENOG410XS38	-0.8296493977414617	0.8296493977414616
ENOG410XS3B	-0.4591777953430685	0.45917779534306846
ENOG410XS3E	-0.6728939980273362	0.6728939980273361
ENOG410XS3N	-1.0290247597567304	1.0290247597567304
ENOG410XS3S	0.3369186720309364	-0.33691867203093634
ENOG410XS3W	-0.4536367389880787	0.45363673898807866
ENOG410XS3Y	-0.5985220539496463	0.5985220539496463
ENOG410XS43	1.9460693637375919	-1.9460693637375917
ENOG410XS4I	-1.6553345087747773	1.655334508774777
ENOG410XS4R	0.9324016527761484	-0.9324016527761485
ENOG410XS53	0.6740182166401074	-0.6740182166401074
ENOG410XS58	1.3373383607868568	-1.3373383607868568
ENOG410XS5E	-0.7478281934543626	0.7478281934543625
ENOG410XS5H	-0.675844932088663	0.6758449320886629
ENOG410XS5X	-0.7581374996279242	0.7581374996279241
ENOG410XS66	-0.201298681968323	0.20129868196832298
ENOG410XS6G	1.7171662870363622	-1.7171662870363622
ENOG410XS6P	-0.72341840807406	0.7234184080740599
ENOG410XS71	0.10375113116971611	-0.1037511311697161
ENOG410XS79	-0.8449199842225269	0.8449199842225268
ENOG410XS7C	-0.5135373713241076	0.5135373713241075
ENOG410XS7F	0.9196625864409286	-0.9196625864409285
ENOG410XS7M	-0.8648404637088457	0.8648404637088456
ENOG410XS87	-0.2289589990754115	0.22895899907541148
ENOG410XS8C	-1.0583080543276682	1.0583080543276682
ENOG410XS8M	0.549756607444599	-0.5497566074445989
ENOG410XS8S	-0.267022931384191	0.267022931384191
ENOG410XS8T	-0.7884856806919565	0.7884856806919565
ENOG410XS98	-0.5973134722540452	0.5973134722540452
ENOG410XS9K	1.5345599062660134	-1.5345599062660131
ENOG410XSAD	-0.22606960682292207	0.22606960682292204
ENOG410XSAF	-1.5535947814100148	1.5535947814100146
ENOG410XSAQ	0.10750892335484348	-0.10750892335484372
ENOG410XSBE	1.3360110454122687	-1.3360110454122684
ENOG410XSBJ	1.9991608030330588	-1.9991608030330583
ENOG410XSBZ	-0.5466317969892425	0.5466317969892424
ENOG410XSC1	-0.5680405581613424	0.5680405581613422
ENOG410XSC7	-1.242158943546269	1.2421589435462688
ENOG410XSCE	0.41919389247675926	-0.4191938924767592
ENOG410XSCI	0.4827405970492319	-0.4827405970492316
ENOG410XSCT	-0.7544353577558967	0.7544353577558967
ENOG410XSCV	0.17727435935011368	-0.17727435935011343
ENOG410XSCX	-1.48093917396547	1.4809391739654698
ENOG410XSCY	-0.6086160866875902	0.60861608668759
ENOG410XSD0	0.028734241420821052	-0.02873424142082105
ENOG410XSD4	-1.8321389333044753	1.832138933304475
ENOG410XSDB	-0.30810923268028606	0.308109232680286
ENOG410XSDI	-0.09360862808451875	0.09360862808451874
ENOG410XSDP	-1.6313291683854683	1.631329168385468
ENOG410XSDQ	-0.6236280656171517	0.6236280656171516
ENOG410XSDW	1.690346388627706	-1.690346388627706
ENOG410XSEG	-1.0645179903275794	1.0645179903275792
ENOG410XSEI	-1.85719880125973	1.8571988012597298
ENOG410XSEP	-1.5592489177730156	1.5592489177730156
ENOG410XSET	-0.3372365165289056	0.33723651652890557
ENOG410XSF7	1.6921700878667023	-1.692170087866702
ENOG410XSF8	-0.7678896982892591	0.767889698289259
ENOG410XSFE	0.3292163614273677	-0.32921636142736793
ENOG410XSFI	0.7008829763663672	-0.7008829763663673
ENOG410XSFR	-0.7311214418945	0.7311214418945
ENOG410XSFU	-0.2958045878305328	0.29580458783053276
ENOG410XSG5	-0.8857641452444498	0.8857641452444498
ENOG410XSG7	-1.6837218083002101	1.68372180830021
ENOG410XSGG	-0.09175222688317576	0.09175222688317575
ENOG410XSGP	-0.6981157035393362	0.698115703539336
ENOG410XSGQ	-1.1131523807348611	1.113152380734861
ENOG410XSGY	0.39169486468005904	-0.39169486468005926
ENOG410XSHB	-0.9229463139201816	0.9229463139201814
ENOG410XSHC	-1.485909686992544	1.4859096869925439
ENOG410XSHT	0.3280495370193948	-0.32804953701939454
ENOG410XSHU	-0.988183289967692	0.9881832899676919
ENOG410XSHZ	0.4480033815369283	-0.4480033815369285
ENOG410XSI9	-0.23417555870268547	0.23417555870268544
ENOG410XSID	-0.32107587112553837	0.3210758711255383
ENOG410XSIM	-0.5374427192615285	0.5374427192615285
ENOG410XSIN	-0.4361676032870983	0.43616760328709825
ENOG410XSIT	0.26534452912550816	-0.2653445291255083
ENOG410XSJ8	-1.0290294472134345	1.0290294472134345
ENOG410XSJE	-0.38379533688262907	0.383795336882629
ENOG410XSJU	0.009723588121749817	-0.009723588121749815
ENOG410XSK2	1.8068520816091305	-1.8068520816091305
ENOG410XSK3	1.7258839541050783	-1.7258839541050779
ENOG410XSK4	-1.0852240251401493	1.085224025140149
ENOG410XSK7	-0.5363660396142957	0.5363660396142956
ENOG410XSK8	-1.0516100536530262	1.051610053653026
ENOG410XSKF	-0.11361007485634447	0.11361007485634446
ENOG410XSKS	-0.7377202766989638	0.7377202766989637
ENOG410XSKU	-0.8049217420403105	0.8049217420403104
ENOG410XSKW	-0.8936369061688596	0.8936369061688595
ENOG410XSKX	1.3690810045749295	-1.3690810045749295
ENOG410XSMF	-1.0601216125977106	1.0601216125977106
ENOG410XSMM	0.03129871090580448	-0.031298710905804474
ENOG410XSMW	-0.3977934642493349	0.39779346424933487
ENOG410XSN7	0.9963677034540678	-0.9963677034540674
ENOG410XSND	1.0895945330828705	-1.0895945330828702
ENOG410XSNI	0.7574697461704678	-0.7574697461704677
ENOG410XSNN	0.35602299814049576	-0.356022998140496
ENOG410XSNQ	0.6402209026650849	-0.6402209026650849
ENOG410XSNZ	-0.11302600953150028	0.11302600953150027
ENOG410XSP4	-0.25353639253356436	0.2535363925335643
ENOG410XSP9	0.6225629368385868	-0.622562936838587
ENOG410XSPA	-1.205488667901376	1.205488667901376
ENOG410XSPG	1.8532924133376916	-1.8532924133376911
ENOG410XSPJ	0.9127424735810898	-0.9127424735810895
ENOG410XSPZ	0.9242328892911331	-0.9242328892911328
ENOG410XSQ0	-0.42120356286989263	0.4212035628698926
ENOG410XSQ6	-0.9085004477710067	0.9085004477710066
ENOG410XSQB	-0.0239983473639139	0.0239983473639139
ENOG410XSQF	1.0725035660660784	-1.0725035660660784
ENOG410XSQH	0.9496457009114284	-0.9496457009114281
ENOG410XSQM	1.3010443570397767	-1.3010443570397765
ENOG410XSQN	-0.4569931239392732	0.45699312393927316
ENOG410XSRK	0.05345539287545035	-0.05345539287545034
ENOG410XSRM	-0.5844896510896614	0.5844896510896613
ENOG410XSRY	-0.7147152119591925	0.7147152119591925
ENOG410XSSD	0.8988310182028884	-0.898831018202888
ENOG410XSSF	1.372034216638855	-1.3720342166388548
ENOG410XSSS	0.1439937474344558	-0.14399374743445556
ENOG410XST3	-0.04192714829758522	0.04192714829758522
ENOG410XST8	1.3055940181070673	-1.3055940181070669
ENOG410XSTJ	0.6527559993806263	-0.6527559993806262
ENOG410XSTW	-1.4238625559483815	1.4238625559483815
ENOG410XSU0	1.386057992688509	-1.386057992688509
ENOG410XSU2	-0.6913879962455415	0.6913879962455414
ENOG410XSUA	-0.21422419780126387	0.21422419780126384
ENOG410XSUN	0.2927115099512171	-0.2927115099512168
ENOG410XSUS	1.8837581815485822	-1.883758181548582
ENOG410XSV4	-1.294908700025223	1.2949087000252228
ENOG410XSV5	-1.3896909489609883	1.389690948960988
ENOG410XSVA	0.2989518083267867	-0.2989518083267869
ENOG410XSVF	1.2233811287373464	-1.2233811287373462
ENOG410XSVH	0.756909909558638	-0.7569099095586379
ENOG410XSVM	-0.971682518345662	0.9716825183456619
ENOG410XSVW	0.11353190589079308	-0.11353190589079307
ENOG410XSWR	2.0604348567628064	-2.0604348567628064
ENOG410XSWU	-0.35328264560631123	0.3532826456063112
ENOG410XSX2	0.16660563668721648	-0.16660563668721645
ENOG410XSXG	-1.7971697626447134	1.7971697626447132
ENOG410XSXN	0.7041332022204171	-0.7041332022204168
ENOG410XSYQ	0.8583260616167763	-0.8583260616167762
ENOG410XSYT	-1.2011652264182884	1.2011652264182884
ENOG410XSZ8	-0.9743362087808619	0.9743362087808618
ENOG410XSZ9	-1.618272900192433	1.6182729001924328
ENOG410XSZC	-0.11635663361830746	0.11635663361830745
ENOG410XSZJ	-0.5182155874452751	0.5182155874452751
ENOG410XSZM	-1.2173972712108367	1.2173972712108365
ENOG410XT00	-0.3809955677451012	0.3809955677451011
ENOG410XT02	1.3190932835376867	-1.3190932835376867
ENOG410XT0B	-1.3747043800015482	1.374704380001548
ENOG410XT0J	-1.8148624132495177	1.8148624132495175
ENOG410XT0N	-1.8112134605208468	1.8112134605208465
ENOG410XT0S	-0.46237993119213555	0.4623799311921355
ENOG410XT14	-1.5647988984258727	1.5647988984258725
ENOG410XT1B	-0.4583589543722347	0.4583589543722346
ENOG410XT1M	0.05944994574985468	-0.05944994574985444
ENOG410XT1T	0.8926267359882265	-0.8926267359882264
ENOG410XT21	0.660283029855689	-0.6602830298556887
ENOG410XT26	0.9820492956604743	-0.9820492956604744
ENOG410XT2E	-0.9949378702035359	0.9949378702035357
ENOG410XT2G	-1.8673924137168578	1.8673924137168576
ENOG410XT2N	-0.45059184237377065	0.45059184237377065
ENOG410XT2P	-1.9247074237243542	1.924707423724354
ENOG410XT2W	0.0039231835779082475	-0.003923183577908247
ENOG410XT32	0.5894143649504371	-0.5894143649504372
ENOG410XT3D	0.6248068194339358	-0.6248068194339357
ENOG410XT3G	0.2573752123707359	-0.25737521237073585
ENOG410XT3I	0.8668978346213743	-0.8668978346213742
ENOG410XT3J	-0.2512118472683173	0.2512118472683173
ENOG410XT3K	-0.26709930925453096	0.26709930925453096
ENOG410XT3Q	1.8881225122676364	-1.8881225122676362
ENOG410XT3T	0.17073207942784163	-0.1707320794278416
ENOG410XT3V	0.41195832845258834	-0.4119583284525883
ENOG410XT3W	-0.3156595020455547	0.31565950204555465
ENOG410XT41	0.24981071621175036	-0.24981071621175033
ENOG410XT46	0.23908478240986414	-0.23908478240986386
ENOG410XT4D	-0.41807222211347156	0.4180722221134715
ENOG410XT4G	-1.3905170638769804	1.3905170638769802
ENOG410XT4P	-1.1985862428126375	1.1985862428126375
ENOG410XT4Y	-1.1673423156995635	1.1673423156995635
ENOG410XT55	-1.1785627616167174	1.1785627616167174
ENOG410XT59	-1.2227203612507815	1.2227203612507815
ENOG410XT5H	0.7862263956876411	-0.786226395687641
ENOG410XT5M	0.21601809280699144	-0.2160180928069912
ENOG410XT5W	1.0189231181020257	-1.0189231181020257
ENOG410XT60	0.3341048058352936	-0.33410480583529384
ENOG410XT63	0.25875367574838126	-0.25875367574838126
ENOG410XT66	-0.2920716088792585	0.2920716088792584
ENOG410XT7Q	-1.9405601614871757	1.9405601614871755
ENOG410XT7T	0.4718209932945123	-0.47182099329451227
ENOG410XT7W	0.14322907384174474	-0.14322907384174496
ENOG410XT83	-0.5153669502295298	0.5153669502295297
ENOG410XT85	0.9361502513744645	-0.9361502513744646
ENOG410XT8A	1.4922616182159563	-1.4922616182159563
ENOG410XT8Q	1.53887094935886	-1.5388709493588597
ENOG410XT8S	1.0093007651805759	-1.0093007651805754
ENOG410XT98	0.9493453837277515	-0.9493453837277513
ENOG410XT9F	1.401244250245602	-1.4012442502456017
ENOG410XT9M	-0.4151257567232619	0.41512575672326185
ENOG410XT9P	1.7079751941849228	-1.7079751941849226
ENOG410XT9Q	-0.48247413535028444	0.4824741353502844
ENOG410XT9Z	-0.7336871425175808	0.7336871425175808
ENOG410XTAD	0.23297703606553083	-0.23297703606553055
ENOG410XTAF	0.872433655612409	-0.8724336556124089
ENOG410XTAM	0.32576124886345836	-0.3257612488634581
ENOG410XTB1	0.21758360406062638	-0.21758360406062635
ENOG410XTC8	0.7566322780408886	-0.7566322780408885
ENOG410XTCH	-0.565042864661971	0.5650428646619708
ENOG410XTD7	-0.3634792636311047	0.3634792636311047
ENOG410XTD8	-0.5595974822316327	0.5595974822316326
ENOG410XTDI	-0.8059841597013674	0.8059841597013673
ENOG410XTDY	0.4436432275846172	-0.44364322758461716
ENOG410XTE0	-0.6985158588251434	0.6985158588251433
ENOG410XTE1	1.7740465425739054	-1.7740465425739054
ENOG410XTE8	1.6835455055430941	-1.683545505543094
ENOG410XTE9	1.405728231983021	-1.4057282319830209
ENOG410XTEI	-0.6843812865175333	0.6843812865175333
ENOG410XTEU	-1.0333858642017673	1.033385864201767
ENOG410XTEX	-0.3086109353375877	0.30861093533758766
ENOG410XTFC	-0.597155739654359	0.597155739654359
ENOG410XTFW	0.7004935006099416	-0.7004935006099413
ENOG410XTGU	-1.2460420173773408	1.2460420173773405
ENOG410XTH0	0.008828927394096967	-0.008828927394096965
ENOG410XTHE	1.0709289962695572	-1.070928996269557
ENOG410XTHF	-1.555984959716482	1.5559849597164819
ENOG410XTHI	0.20967517149973397	-0.20967517149973397
ENOG410XTI1	-0.6923667778398627	0.6923667778398627
ENOG410XTI6	-1.2761673984962232	1.276167398496223
ENOG410XTIC	1.912019228638751	-1.9120192286387507
ENOG410XTIR	0.3552087816669271	-0.35520878166692677
ENOG410XTIS	-0.3203713044948973	0.32037130449489726
ENOG410XTJ6	-0.9229260407863923	0.9229260407863922
ENOG410XTJ7	-1.3290743294853378	1.3290743294853375
ENOG410XTJD	-0.23441997953447713	0.2344199795344771
ENOG410XTJH	-1.1682822829537667	1.1682822829537665
ENOG410XTK8	-0.16764187726153662	0.1676418772615366
ENOG410XTKQ	-1.0185091314503654	1.0185091314503654
ENOG410XTKS	-1.2942366880192449	1.2942366880192446
ENOG410XTM1	-1.5315336360163916	1.5315336360163914
ENOG410XTMC	0.23546595878211102	-0.23546595878211124
ENOG410XTMS	0.8790116259331878	-0.8790116259331879
ENOG410XTNF	0.6699131082993371	-0.6699131082993368
ENOG410XTPT	-0.9097178109120038	0.9097178109120037
ENOG410XTVV	0.4295044028861897	-0.4295044028861894
ENOG410XTW4	1.0270192118874495	-1.027019211887449
ENOG410XTWD	1.1135311417843758	-1.1135311417843754
ENOG410XTWY	-0.44191522863423216	0.4419152286342321
ENOG410XTX8	-1.3293892955513178	1.3293892955513176
ENOG410XTYU	-0.332578963164672	0.332578963164672
ENOG410XU1U	-0.5806701893171881	0.580670189317188
ENOG410XU52	-1.7334357600959893	1.733435760095989
ENOG410XU7P	-1.1046269869961673	1.1046269869961671
ENOG410XU8G	0.7041450015620707	-0.7041450015620707
ENOG410XU9J	-1.4868528395051548	1.4868528395051546
ENOG410XUAX	-0.4421477666545216	0.44214776665452155
ENOG410XUAZ	1.2680419493087307	-1.2680419493087307
ENOG410XUB6	0.08052579539660469	-0.08052579539660468
ENOG410XUBJ	-0.003322748977691172	0.0033227489776911714
ENOG410XUBN	-1.1192126591079101	1.11921265910791
ENOG410XUC3	-0.7182235405485254	0.7182235405485254
ENOG410XUCI	-0.6747521888550666	0.6747521888550665
ENOG410XUCQ	0.7361873053878285	-0.7361873053878284
ENOG410XUCS	0.4607640072491681	-0.4607640072491683
ENOG410XUCW	-0.11148853487597563	0.11148853487597561
ENOG410XUD3	1.3539380256304894	-1.3539380256304894
ENOG410XUDT	0.576339502724252	-0.5763395027242517
ENOG410XUDZ	-1.1322666060433362	1.1322666060433362
ENOG410XUEN	0.5468404608920084	-0.5468404608920084
ENOG410XUEY	1.7821958888961977	-1.7821958888961975
ENOG410XUF0	0.6312747602908778	-0.6312747602908775
ENOG410XUF9	-0.2077016721175614	0.20770167211756138
ENOG410XUFC	-0.4616205713951695	0.46162057139516943
ENOG410XUFW	-0.19079713677812066	0.19079713677812063
ENOG410XUFZ	0.3156790173013526	-0.31567901730135256
ENOG410XUGE	-0.6853182849352659	0.6853182849352658
ENOG410XUGJ	0.419783540825412	-0.41978354082541197
ENOG410XUI8	-1.672357199938027	1.6723571999380267
ENOG410XUII	0.4392112292834293	-0.43921122928342926
ENOG410XUIX	-0.4313369467791033	0.4313369467791032
ENOG410XUJM	0.5256161849013219	-0.525616184901322
ENOG410XUMV	-1.7458883850709221	1.745888385070922
ENOG410XUMX	-0.049921070678538605	0.0499210706785386
ENOG410XUN7	1.2657806179366173	-1.2657806179366171
ENOG410XUN9	0.13396294251223267	-0.13396294251223267
ENOG410XUNB	0.5187651641017825	-0.5187651641017822
ENOG410XUNF	-1.0815768205624745	1.0815768205624743
ENOG410XUQ1	-1.5960911865869687	1.5960911865869685
ENOG410XUQG	-0.7417272215084832	0.7417272215084831
ENOG410XUQX	0.35078373779715394	-0.35078373779715394
ENOG410XUSB	-0.8444198556625581	0.8444198556625581
ENOG410XUST	0.2988988270442856	-0.2988988270442856
ENOG410XUSY	-0.6424461612870994	0.6424461612870994
ENOG410XUT4	-0.843868393144453	0.8438683931444529
ENOG410XUTM	-1.9413646321222124	1.9413646321222122
ENOG410XUTQ	-0.04941362166578565	0.04941362166578564
ENOG410XUTU	-0.6662675466896035	0.6662675466896034
ENOG410XUTY	-1.2860598112417654	1.2860598112417652
ENOG410XUTZ	1.4764264050844946	-1.4764264050844944
ENOG410XUV1	0.6380770206684013	-0.6380770206684012
ENOG410XUV4	0.44734490769262936	-0.4473449076926291
ENOG410XUVJ	-0.2866790793529646	0.2866790793529646
ENOG410XUVW	0.3643950787205351	-0.36439507872053506
ENOG410XUWD	-1.3953188735841828	1.3953188735841826
ENOG410XUWV	1.1475440500995115	-1.1475440500995113
ENOG410XUX9	1.1205012214536936	-1.1205012214536931
ENOG410XUXE	0.19795249635726636	-0.19795249635726658
ENOG410XUXP	-0.23965632123893235	0.23965632123893232
ENOG410XUY1	0.8499177726647427	-0.8499177726647428
ENOG410XUYD	-1.0796855689361662	1.0796855689361662
ENOG410XUYN	-1.1265032917140418	1.1265032917140418
ENOG410XUYW	-0.7608546574134115	0.7608546574134114
ENOG410XUYX	1.1364470165012435	-1.1364470165012432
ENOG410XUZ1	-1.760356191539928	1.7603561915399277
ENOG410XV06	-1.051527251331819	1.051527251331819
ENOG410XV13	1.1851506860672325	-1.1851506860672325
ENOG410XV1E	-0.11699861345695214	0.11699861345695213
ENOG410XV1P	-0.2730199330075209	0.27301993300752087
ENOG410XV1Q	-0.022806754461823345	0.022806754461823342
ENOG410XV1U	-1.082032000319547	1.0820320003195467
ENOG410XV1V	0.6047074885315539	-0.604707488531554
ENOG410XV2J	-0.03801849704020451	0.038018497040204505
ENOG410XV35	1.2641979283200302	-1.26419792832003
ENOG410XV3S	-0.66218569377541	0.66218569377541
ENOG410XV4V	0.8479654471980571	-0.847965447198057
ENOG410XV5R	-0.6239662232906086	0.6239662232906085
ENOG410XV5S	0.4961942499173164	-0.49619424991731637
ENOG410XV63	-0.06562018885846854	0.06562018885846853
ENOG410XV65	-0.9307580139197356	0.9307580139197354
ENOG410XV6C	0.78183482236372	-0.78183482236372
ENOG410XV6Q	-0.34043534052328056	0.3404353405232805
ENOG410XV6R	1.1009979057676031	-1.100997905767603
ENOG410XV6S	-0.47709658445246783	0.4770965844524678
ENOG410XV7P	-1.0232161540219753	1.023216154021975
ENOG410XV8W	0.7399646403018304	-0.7399646403018303
ENOG410XV92	-0.028707313146532742	0.028707313146532742
ENOG410XV97	0.5167898467700205	-0.5167898467700204
ENOG410XV98	0.43688430704012676	-0.4368843070401267
ENOG410XV9Q	1.3666268585162584	-1.3666268585162582
ENOG410XV9T	0.31198935890135476	-0.311989358901355
ENOG410XVAX	0.6307613734539677	-0.6307613734539677
ENOG410XVBQ	-0.6645143935114182	0.6645143935114182
ENOG410XVBT	-1.2450197068957265	1.2450197068957263
ENOG410XVCE	-0.9219476738194167	0.9219476738194166
ENOG410XVCG	0.29833912369383175	-0.2983391236938315
ENOG410XVCQ	-0.12197946792728112	0.12197946792728111
ENOG410XVE6	-0.07249653729996039	0.07249653729996039
ENOG410XVET	0.3911548765363856	-0.3911548765363853
ENOG410XVEX	0.4249282289364515	-0.42492822893645144
ENOG410XVFQ	-1.4835613349120114	1.4835613349120111
ENOG410XVG9	-0.4235286613219665	0.4235286613219664
ENOG410XVGB	1.0060340706874924	-1.006034070687492
ENOG410XVGY	1.2823929141925765	-1.2823929141925763
ENOG410XVH5	0.5028109054588299	-0.5028109054588298
ENOG410XVH9	-0.6142257157815725	0.6142257157815724
ENOG410XVI4	0.10623159403984667	-0.1062315940398469
ENOG410XVIV	-1.5065669045978662	1.506566904597866
ENOG410XVMR	-1.0975058955017427	1.0975058955017427
ENOG410XVP9	-1.7619781287219916	1.7619781287219913
ENOG410XVPQ	-0.23038988549998887	0.23038988549998884
ENOG410XVQ2	-0.40668340892359217	0.4066834089235921
ENOG410XVQR	0.7792248870240809	-0.7792248870240805
ENOG410XVR0	-1.3425056453747561	1.342505645374756
ENOG410XVRQ	0.9881551200115397	-0.9881551200115396
ENOG410XVSQ	1.533254087303672	-1.5332540873036717
ENOG410XVU3	-0.2564096792697016	0.25640967926970154
ENOG410XVXM	-1.7140850949346298	1.7140850949346296
ENOG410XVY3	-0.5690224341389174	0.5690224341389173
ENOG410XVYH	-0.5006228422776826	0.5006228422776825
ENOG410XVYV	1.3417250711384452	-1.3417250711384452
ENOG410XVZ9	-0.17814468278819012	0.1781446827881901
ENOG410XVZB	0.5326972682600614	-0.5326972682600613
ENOG410XW00	0.37196103445132606	-0.371961034451326
ENOG410XW02	-0.040481722748047705	0.0404817227480477
ENOG410XW1B	-0.4039786775497788	0.4039786775497788
ENOG410XW1D	-1.6915984887423086	1.6915984887423083
ENOG410XW1S	0.7165709349799101	-0.7165709349799098
ENOG410XW26	0.5045810739019275	-0.5045810739019272
ENOG410XW2M	-1.6916572531518763	1.691657253151876
ENOG410XW3C	-1.2856082566512745	1.2856082566512743
ENOG410XW3I	0.3627081408680667	-0.3627081408680667
ENOG410XW3J	-1.4562770560168752	1.456277056016875
ENOG410XW3R	-1.5101111269067822	1.510111126906782
ENOG410XW4I	-0.9332723816605948	0.9332723816605947
ENOG410XW5Q	0.5607196769988947	-0.5607196769988944
ENOG410XW5U	-0.32903583404292763	0.3290358340429276
ENOG410XW6Y	0.27931414760094636	-0.2793141476009461
ENOG410XW8N	-0.9800309447898956	0.9800309447898955
ENOG410XW9I	0.6830889439642001	-0.6830889439642001
ENOG410XWA5	1.0161481844899902	-1.0161481844899902
ENOG410XWCG	-0.08126530884304002	0.08126530884304001
ENOG410XWCQ	0.012614007521474785	-0.012614007521474783
ENOG410XWD1	0.41464235756436907	-0.4146423575643688
ENOG410XWDI	0.46010441169089905	-0.460104411690899
ENOG410XWE4	-1.65112242043774	1.6511224204377397
ENOG410XWEM	-1.7796308519726773	1.7796308519726771
ENOG410XWEP	0.6369447173424735	-0.6369447173424734
ENOG410XWG4	0.13734978808945744	-0.13734978808945764
ENOG410XWHE	-0.43160748253816367	0.43160748253816367
ENOG410XWHS	-0.9552303020007478	0.9552303020007477
ENOG410XWI1	-1.6033464547588208	1.6033464547588205
ENOG410XWID	0.27484017989774334	-0.2748401798977433
ENOG410XWJU	-0.10520381142208124	0.10520381142208123
ENOG410XWJY	0.2339250087637485	-0.23392500876374847
ENOG410XWKU	1.6630713265673036	-1.6630713265673034
ENOG410XWM3	-0.4724316446212661	0.472431644621266
ENOG410XWNB	-1.585681691641007	1.5856816916410068
ENOG410XWND	-0.6092948877617554	0.6092948877617554
ENOG410XWQG	-0.27461568712939727	0.2746156871293972
ENOG410XWQI	-1.2520130102080285	1.2520130102080285
ENOG410XWRI	1.6671146029568014	-1.667114602956801
ENOG410XWRP	-1.2723923412424762	1.2723923412424762
ENOG410XWRS	-1.447390841054856	1.4473908410548557
ENOG410XWRZ	-0.8966322815706618	0.8966322815706617
ENOG410XWS1	-0.044134237805749855	0.04413423780574985
ENOG410XWSH	0.2768768010225843	-0.2768768010225842
ENOG410XWU8	0.34284193280090913	-0.3428419328009091
ENOG410XWUM	-1.0704956441042701	1.0704956441042701
ENOG410XWUY	-0.043406353146973026	0.04340635314697302
ENOG410XWV3	-0.41567580868584075	0.4156758086858407
ENOG410XWVU	-0.6526296721421642	0.652629672142164
ENOG410XWX0	-0.5457441326062978	0.5457441326062977
ENOG410XWX7	1.3718280506837737	-1.3718280506837734
ENOG410XWX8	0.08914926683195572	-0.0891492668319557
ENOG410XWY9	1.2955840352559178	-1.2955840352559178
ENOG410XWYF	1.8226202950252248	-1.8226202950252246
ENOG410XWYN	-0.22749053534708985	0.22749053534708982
ENOG410XWZA	-0.38318750051912404	0.383187500519124
ENOG410XWZC	0.8043372733492865	-0.8043372733492864
ENOG410XX01	-0.4800172104259755	0.48001721042597545
ENOG410XX1B	0.9925808783772574	-0.9925808783772571
ENOG410XX45	-0.7702050702916525	0.7702050702916524
ENOG410XX4B	-1.4523374657951529	1.4523374657951529
ENOG410XX5C	0.7679774560816789	-0.7679774560816786
ENOG410XX68	-1.5822564147099245	1.5822564147099243
ENOG410XX6B	-0.7694122355610796	0.7694122355610795
ENOG410XX6K	-0.9849875761309745	0.9849875761309743
ENOG410XX6Q	-0.12304850965097584	0.12304850965097583
ENOG410XX6V	-1.6287134006552557	1.6287134006552555
ENOG410XX9J	1.3871753721486122	-1.3871753721486122
ENOG410XXBN	-1.7400479987946114	1.7400479987946111
ENOG410XXEH	0.459229567828734	-0.4592295678287339
ENOG410XXEN	0.42163454655272303	-0.42163454655272325
ENOG410XXFZ	-1.4571294426696582	1.457129442669658
ENOG410XXGI	0.7196471564543173	-0.719647156454317
ENOG410XXHT	1.0254052176599833	-1.025405217659983
ENOG410XXHW	-0.9231764520557381	0.923176452055738
ENOG410XXIR	-0.8139771047995609	0.8139771047995608
ENOG410XXIU	-0.03136216962292587	0.03136216962292587
ENOG410XXJC	0.022849142908896117	-0.022849142908896117
ENOG410XXJV	1.3203594970150452	-1.3203594970150452
ENOG410XXK0	1.8402990177086598	-1.8402990177086596
ENOG410XXK3	-0.6751793598172898	0.6751793598172897
ENOG410XXK5	1.5997824724143879	-1.5997824724143879
ENOG410XXKJ	0.4533955924626338	-0.4533955924626337
ENOG410XXMB	-0.21916500294908497	0.21916500294908495
ENOG410XXQW	-0.0056998441122075435	0.005699844112207543
ENOG410XXS0	-1.68247241232768	1.6824724123276797
ENOG410XXTQ	-0.5524401162391366	0.5524401162391365
ENOG410XXTX	-1.515993526076928	1.515993526076928
ENOG410XXUQ	-1.0902900882401874	1.0902900882401871
ENOG410XXVB	1.495497498587876	-1.4954974985878755
ENOG410XXX4	-1.6921274255326706	1.6921274255326706
ENOG410XXX8	0.3344495218902658	-0.3344495218902655
ENOG410XXX9	-0.7076795137660562	0.7076795137660562
ENOG410XXXE	-0.3330111379416514	0.3330111379416513
ENOG410XXXP	-1.3394329887114427	1.3394329887114425
ENOG410XXY3	-0.7222873701924727	0.7222873701924726
ENOG410XXYA	0.4931929671251396	-0.49319296712513955
ENOG410XXZT	1.274934270151432	-1.2749342701514317
ENOG410XY17	-1.4165209206525022	1.4165209206525022
ENOG410XY19	-0.34547049793626866	0.3454704979362686
ENOG410XY1F	-0.4333353845861568	0.4333353845861567
ENOG410XY1N	-0.5138493362087725	0.5138493362087724
ENOG410XY1R	0.7925962665229592	-0.7925962665229591
ENOG410XY2D	0.8005805227769873	-0.8005805227769875
ENOG410XY33	0.8564126224554056	-0.8564126224554057
ENOG410XY3A	-1.4695131261929586	1.4695131261929584
ENOG410XY3F	-0.8092714608215774	0.8092714608215773
ENOG410XY3Z	0.41221613183232025	-0.4122161318323205
ENOG410XY5S	0.5057528731971872	-0.5057528731971869
ENOG410XY61	-0.6280569488624079	0.6280569488624078
ENOG410XY68	-0.7157141116546201	0.71571411165462
ENOG410XY7J	-1.7636685785248236	1.7636685785248234
ENOG410XY7K	1.2842334213193074	-1.2842334213193072
ENOG410XY7V	0.15205482214842056	-0.15205482214842053
ENOG410XY8M	-0.8584938385484309	0.8584938385484308
ENOG410XY8U	0.12284318512074985	-0.1228431851207496
ENOG410XY95	-0.5383377512950758	0.5383377512950758
ENOG410XY9G	-1.346365874734655	1.346365874734655
ENOG410XY9M	-0.47212363329874585	0.4721236332987458
ENOG410XYB5	-1.4201373519614042	1.420137351961404
ENOG410XYCG	0.018257840660363674	-0.018257840660363674
ENOG410XYD5	-0.4906675924773809	0.49066759247738084
ENOG410XYEE	-0.8789354366697102	0.8789354366697101
ENOG410XYEZ	-0.13166247537970296	0.13166247537970296
ENOG410XYF2	-0.21368491984306046	0.21368491984306043
ENOG410XYH3	-1.5911560819806931	1.591156081980693
ENOG410XYIX	-0.2583392087783396	0.2583392087783396
ENOG410XYKK	-0.43751923201669424	0.4375192320166942
ENOG410XYN2	1.2072831484320463	-1.2072831484320463
ENOG410XYNB	-0.30999631014303736	0.30999631014303736
ENOG410XYNV	1.0486398153682603	-1.0486398153682601
ENOG410XYP6	1.3561285374134342	-1.3561285374134338
ENOG410XYPB	0.6636293366165312	-0.6636293366165311
ENOG410XYSH	-1.6938866421449934	1.6938866421449932
ENOG410XYV4	-1.533909958455558	1.5339099584555578
ENOG410XYVK	-0.23765130419987335	0.23765130419987332
ENOG410XYX0	1.513968860235607	-1.5139688602356067
ENOG410XYXW	-0.028305687764309976	0.028305687764309972
ENOG410XYZ9	-1.2229639425644745	1.2229639425644745
ENOG410XYZS	0.4041812352062998	-0.4041812352063
ENOG410XYZZ	-0.4095728613237352	0.40957286132373516
ENOG410XZ09	-1.041695054371751	1.0416950543717507
ENOG410XZ0P	1.1090592857483836	-1.1090592857483836
ENOG410XZ1C	-1.5435023799484489	1.5435023799484486
ENOG410XZ29	1.148812132152096	-1.148812132152096
ENOG410XZ3T	-0.23418425330376913	0.2341842533037691
ENOG410XZ3W	-0.4998122145276674	0.49981221452766733
ENOG410XZ44	-1.5320852914735266	1.5320852914735263
ENOG410XZ45	-0.7111044023880777	0.7111044023880776
ENOG410XZ4Z	-0.46241657605591063	0.4624165760559106
ENOG410XZ5W	-0.9434714409067383	0.9434714409067382
ENOG410XZ74	-0.7465326319707214	0.7465326319707213
ENOG410XZ8R	-0.7295152333651674	0.7295152333651673
ENOG410XZ8Y	-1.0067594973551215	1.0067594973551213
ENOG410XZ91	-0.9486025620861566	0.9486025620861565
ENOG410XZ98	0.4218080135449774	-0.4218080135449773
ENOG410XZ9N	-1.4455035873148998	1.4455035873148998
ENOG410XZBD	-0.6548790630350689	0.6548790630350688
ENOG410XZC6	0.4697122275240719	-0.4697122275240716
ENOG410XZC7	0.48328786988468997	-0.4832878698846902
ENOG410XZF7	-0.1499023646810992	0.1499023646810992
ENOG410XZGY	-1.2800048637401302	1.28000486374013
ENOG410XZI0	0.2661995286348803	-0.26619952863488006
ENOG410XZIB	-1.2342193862567536	1.2342193862567534
ENOG410XZJD	-0.7693379070852121	0.769337907085212
ENOG410XZM9	0.5878034843879575	-0.5878034843879576
ENOG410XZP0	0.18214079387890322	-0.18214079387890322
ENOG410XZR5	0.34620316871803636	-0.3462031687180363
ENOG410XZS0	-1.4921901612572348	1.4921901612572346
ENOG410XZT0	-0.005335037963537212	0.005335037963537211
ENOG410XZTD	-0.05087877653873668	0.050878776538736674
ENOG410XZUM	-1.1994704538053556	1.1994704538053556
ENOG410XZUT	-1.0144399006033031	1.0144399006033031
ENOG410XZUX	-0.972195635676993	0.9721956356769929
ENOG410XZVK	-1.6353413367579024	1.6353413367579022
ENOG410XZXD	0.629446440988104	-0.629446440988104
ENOG410XZXZ	-1.1987939678102248	1.1987939678102248
ENOG410XZY9	0.6102714039496591	-0.6102714039496593
ENOG410Y00H	-0.11562776024220243	0.11562776024220242
ENOG410Y00Q	0.03997230186347756	-0.039972301863477555
ENOG410Y00R	0.8478490052426999	-0.8478490052427
ENOG410Y015	-0.6520341506779638	0.6520341506779637
ENOG410Y01S	0.7258072104688075	-0.7258072104688077
ENOG410Y01V	-1.9321494297145991	1.932149429714599
ENOG410Y02D	-1.379178099388959	1.3791780993889589
ENOG410Y037	-1.6809691344395297	1.6809691344395294
ENOG410Y052	-1.0165936226782641	1.016593622678264
ENOG410Y056	-0.5778385746956087	0.5778385746956087
ENOG410Y061	-1.4546468720368055	1.4546468720368053
ENOG410Y065	-0.8168324922095536	0.8168324922095535
ENOG410Y077	-0.2808166969549375	0.28081669695493744
ENOG410Y07X	-0.665283220129592	0.6652832201295918
ENOG410Y080	-0.4382637442685312	0.43826374426853115
ENOG410Y085	-1.213516530919202	1.2135165309192018
ENOG410Y09H	0.9584821307495991	-0.9584821307495992
ENOG410Y09Q	1.226290963691197	-1.2262909636911965
ENOG410Y0B5	-1.1621646986019303	1.16216469860193
ENOG410Y0F8	-0.12012597446463542	0.12012597446463541
ENOG410Y0FB	0.7160984206923208	-0.7160984206923208
ENOG410Y0GE	0.8517358460262114	-0.8517358460262113
ENOG410Y0I2	0.8985348842531958	-0.8985348842531955
ENOG410Y0IZ	-0.056413088304243	0.05641308830424299
ENOG410Y0J0	0.7589825819824548	-0.7589825819824547
ENOG410Y0KE	1.6572423660456244	-1.6572423660456244
ENOG410Y0M7	-0.8261326336533067	0.8261326336533067
ENOG410Y0NA	0.4294011880946916	-0.42940118809469174
ENOG410Y0QZ	1.3115214076562831	-1.311521407656283
ENOG410Y0TG	-0.13682726777083573	0.1368272677708357
ENOG410Y0TP	0.38196642220731386	-0.381966422207314
ENOG410Y0U6	0.4433011483863697	-0.44330114838636936
ENOG410Y0UR	0.9413510271400987	-0.9413510271400986
ENOG410Y0VY	0.3737926813450059	-0.3737926813450058
ENOG410Y0X2	-1.3255596489083237	1.3255596489083235
ENOG410Y0YW	-1.3854639707422933	1.385463970742293
ENOG410Y12H	-0.9001915044661964	0.9001915044661963
ENOG410Y12I	0.765818864195466	-0.7658188641954661
ENOG410Y12S	-0.25698952085261273	0.25698952085261273
ENOG410Y14K	0.8921122243540595	-0.8921122243540596
ENOG410Y16Y	-1.4382397971309175	1.4382397971309173
ENOG410Y18H	-0.6229873040136666	0.6229873040136665
ENOG410Y18N	-0.20025488958317456	0.20025488958317453
ENOG410Y18U	0.875123181865682	-0.8751231818656819
ENOG410Y19R	-0.774079786630512	0.774079786630512
ENOG410Y19Z	-0.06635854321294817	0.06635854321294815
ENOG410Y1AW	-0.700808797234224	0.700808797234224
ENOG410Y1BD	-0.4925420580638222	0.4925420580638221
ENOG410Y1BX	-0.003898328823034214	0.0038983288230342136
ENOG410Y1DB	-0.19353315187827164	0.1935331518782716
ENOG410Y1E4	0.4337217930454734	-0.4337217930454731
ENOG410Y1FH	-1.0776066526524475	1.0776066526524473
ENOG410Y1GY	-1.2083116701929786	1.2083116701929786
ENOG410Y1H4	0.10233672473603277	-0.10233672473603252
ENOG410Y1HH	0.26344037635986833	-0.2634403763598683
ENOG410Y1JH	-0.12976165760535074	0.12976165760535074
ENOG410Y1KT	-0.5964785188827696	0.5964785188827695
ENOG410Y1MA	-0.04967275071471631	0.0496727507147163
ENOG410Y1MD	-1.0897267186662825	1.0897267186662822
ENOG410Y1MR	0.33214300957350285	-0.332143009573503
ENOG410Y1NG	0.9318710156034948	-0.9318710156034947
ENOG410Y1QQ	-0.7925413327523763	0.7925413327523761
ENOG410Y1RD	0.37606752548444566	-0.3760675254844454
ENOG410Y1SQ	-1.2663164267349614	1.2663164267349614
ENOG410Y1UE	-0.23290620591762845	0.23290620591762842
ENOG410Y1UZ	-0.23676218110619662	0.2367621811061966
ENOG410Y1VW	-0.4461749762504758	0.44617497625047575
ENOG410Y1WM	0.1468386131488448	-0.14683861314884503
ENOG410Y1XP	-1.414408170087314	1.4144081700873137
ENOG410Y1YB	-0.292308691991686	0.29230869199168596
ENOG410Y1YY	-1.1220043955155683	1.1220043955155683
ENOG410Y20W	1.1195870181510146	-1.1195870181510146
ENOG410Y252	-1.019300772547607	1.0193007725476069
ENOG410Y25P	-1.0301706809102493	1.030170680910249
ENOG410Y26I	-0.029390958718696424	0.02939095871869642
ENOG410Y2DY	0.1428104382360314	-0.14281043823603137
ENOG410Y2EA	-0.39292862903501397	0.3929286290350139
ENOG410Y2F5	-1.5425015043041144	1.5425015043041141
ENOG410Y2FJ	-0.2767556139279647	0.27675561392796466
ENOG410Y2GD	-0.27276255556247314	0.2727625555624731
ENOG410Y2ID	-0.7699782954944869	0.7699782954944868
ENOG410Y2IM	-0.5871969495413955	0.5871969495413953
ENOG410Y2JB	-0.23106558281158188	0.23106558281158185
ENOG410Y2JJ	0.5903403089148536	-0.5903403089148532
ENOG410Y2NR	-1.3791634113045592	1.3791634113045592
ENOG410Y2QG	-1.424508322096809	1.4245083220968089
ENOG410Y2SR	1.2097153521237303	-1.20971535212373
ENOG410Y2VC	-0.2704870764145512	0.27048707641455116
ENOG410Y2VY	-0.8194035830071679	0.8194035830071678
ENOG410Y2W2	-1.3758957829186655	1.3758957829186653
ENOG410Y2XH	-0.257343457354539	0.257343457354539
ENOG410Y2XW	1.0933136766516733	-1.0933136766516733
ENOG410Y2Y3	-1.0771226495902686	1.0771226495902684
ENOG410Y2YQ	1.0889905234979165	-1.0889905234979167
ENOG410Y2ZR	1.0375620264886711	-1.0375620264886711
ENOG410Y30I	-0.1733144749950896	0.17331447499508956
ENOG410Y30J	1.3584552618263432	-1.3584552618263432
ENOG410Y311	0.456735695777589	-0.45673569577758916
ENOG410Y315	-0.9173081712593769	0.9173081712593768
ENOG410Y31C	0.38013387120093345	-0.38013387120093367
ENOG410Y32P	1.7932728039752643	-1.793272803975264
ENOG410Y33J	-0.22750333966141992	0.2275033396614199
ENOG410Y34J	-0.7988359475844093	0.7988359475844092
ENOG410Y37D	1.1957509581614347	-1.1957509581614343
ENOG410Y3AD	-0.25075649458369037	0.25075649458369037
ENOG410Y3AE	-0.013316661529224045	0.013316661529224044
ENOG410Y3AH	-1.2102143916966128	1.2102143916966128
ENOG410Y3C5	-1.258582665371016	1.2585826653710157
ENOG410Y3CA	-1.8945143024653566	1.8945143024653563
ENOG410Y3CU	-0.5805391171227434	0.5805391171227434
ENOG410Y3E1	2.0474073662923638	-2.0474073662923633
ENOG410Y3HN	-0.9877830243787006	0.9877830243787005
ENOG410Y3II	0.3605066172782889	-0.36050661727828887
ENOG410Y3IK	-0.9981536992090086	0.9981536992090085
ENOG410Y3IT	0.8452823163096704	-0.8452823163096705
ENOG410Y3J8	1.184776005857777	-1.184776005857777
ENOG410Y3JR	-0.004603184655127431	0.00460318465512743
ENOG410Y3KM	-1.849844908935428	1.8498449089354279
ENOG410Y3MC	0.04812968993233888	-0.048129689932338876
ENOG410Y3MI	-1.64345576403612	1.6434557640361198
ENOG410Y3QX	-0.12467573718681282	0.12467573718681281
ENOG410Y3RG	0.45397761170526774	-0.4539776117052677
ENOG410Y3RI	-0.5629268293316788	0.5629268293316787
ENOG410Y3S9	-0.19715239033820892	0.19715239033820892
ENOG410Y3SX	0.6594434500175013	-0.6594434500175012
ENOG410Y3UX	-1.4571346903282256	1.4571346903282254
ENOG410Y3V4	0.47851991721854725	-0.4785199172185472
ENOG410Y3XW	0.055867220199797674	-0.05586722019979767
ENOG410Y3YF	-0.46738547436372846	0.4673854743637284
ENOG410Y40Z	0.7925671774277088	-0.7925671774277089
ENOG410Y41G	-0.22203097064443916	0.22203097064443914
ENOG410Y422	-1.7003720622178427	1.7003720622178424
ENOG410Y441	-0.6942037002583267	0.6942037002583266
ENOG410Y44U	0.004856542687595884	-0.004856542687595883
ENOG410Y44W	0.007445073229155824	-0.007445073229155823
ENOG410Y44Z	-0.6764509189668981	0.6764509189668981
ENOG410Y46N	0.9858171929829623	-0.9858171929829622
ENOG410Y47H	-1.4540649877848395	1.4540649877848393
ENOG410Y47Q	0.18670863684287667	-0.18670863684287664
ENOG410Y47S	-0.5855093711079149	0.5855093711079148
ENOG410Y48A	-1.8912597864640461	1.891259786464046
ENOG410Y48Z	0.2815557132527169	-0.2815557132527169
ENOG410Y49J	1.021680109140578	-1.0216801091405778
ENOG410Y4AA	1.2397302269865043	-1.2397302269865043
ENOG410Y4AB	-0.3318553915324485	0.3318553915324484
ENOG410Y4CB	-0.4420278719101578	0.44202787191015774
ENOG410Y4CW	1.5190867681299935	-1.5190867681299933
ENOG410Y4D6	0.07461282105370519	-0.07461282105370495
ENOG410Y4E2	0.17503649024403628	-0.17503649024403647
ENOG410Y4FC	0.3475760318347366	-0.34757603183473634
ENOG410Y4GZ	1.8012675910982678	-1.8012675910982676
ENOG410Y4H9	-1.1219021604167545	1.1219021604167545
ENOG410Y4I7	-0.8954364820459257	0.8954364820459256
ENOG410Y4ID	1.0133952601808007	-1.013395260180801
ENOG410Y4JT	0.030959458339146297	-0.03095945833914629
ENOG410Y4M2	-1.710854471147305	1.710854471147305
ENOG410Y4NF	-0.5099901880455159	0.5099901880455158
ENOG410Y4NK	-0.9595924310467219	0.9595924310467218
ENOG410Y4RG	-0.9061490768379946	0.9061490768379945
ENOG410Y4S2	-0.9209790199837281	0.920979019983728
ENOG410Y4SM	0.0888363351215792	-0.08883633512157942
ENOG410Y4SU	-0.0009556268911505293	0.0009556268911505292
ENOG410Y4TD	0.0470033647876221	-0.04700336478762209
ENOG410Y4TR	-1.3168810649288225	1.3168810649288223
ENOG410Y4TW	1.2341216664148742	-1.234121666414874
ENOG410Y4V2	0.08744705249993043	-0.08744705249993041
ENOG410Y4V7	-0.6691055700173638	0.6691055700173637
ENOG410Y4VD	1.008551302034945	-1.008551302034945
ENOG410Y4VX	0.5656068920184103	-0.5656068920184102
ENOG410Y4VZ	-0.6252191561329391	0.625219156132939
ENOG410Y4W7	1.233538160239661	-1.2335381602396607
ENOG410Y4XD	-0.8257352207099963	0.8257352207099962
ENOG410Y4YN	-0.08287372686239868	0.08287372686239868
ENOG410Y50B	-0.12433475648917361	0.1243347564891736
ENOG410Y57B	0.34174270128719875	-0.34174270128719897
ENOG410Y57R	-0.06277417397535635	0.06277417397535635
ENOG410Y57Z	0.5949974261960717	-0.5949974261960713
ENOG410Y58E	0.03950303967266847	-0.039503039672668466
ENOG410Y59Y	0.20136799730667043	-0.2013679973066704
ENOG410Y5B4	-1.3043628422003128	1.3043628422003126
ENOG410Y5BR	-0.08990120580270305	0.08990120580270304
ENOG410Y5DI	0.20357738050327556	-0.2035773805032753
ENOG410Y5GI	-0.22692036711963254	0.2269203671196325
ENOG410Y5N3	-1.4502493453018288	1.4502493453018288
ENOG410Y5P6	0.5156056178378435	-0.5156056178378435
ENOG410Y5Q5	-1.6347328488911244	1.6347328488911241
ENOG410Y5R4	0.8970517997816816	-0.8970517997816818
ENOG410Y5RX	-0.7595958607175034	0.7595958607175033
ENOG410Y5SN	-1.0689832802345656	1.0689832802345656
ENOG410Y5T5	-1.3520106869287625	1.3520106869287623
ENOG410Y5TW	0.6476963050325281	-0.6476963050325277
ENOG410Y5V7	-1.425112386276073	1.4251123862760728
ENOG410Y5VR	-0.4163474597611099	0.4163474597611098
ENOG410Y5WY	-0.16085617882915904	0.160856178829159
ENOG410Y5X3	-0.5949634077201199	0.5949634077201198
ENOG410Y5Y8	-0.20307589520365438	0.20307589520365435
ENOG410Y5ZF	-0.995933187438388	0.9959331874383879
ENOG410Y5ZK	-0.7648407876040829	0.7648407876040828
ENOG410Y60R	-1.5946764321568456	1.5946764321568454
ENOG410Y61A	-1.240714269822595	1.2407142698225948
ENOG410Y61B	-0.9124109014893605	0.9124109014893604
ENOG410Y63T	-1.612998557782147	1.612998557782147
ENOG410Y65M	-1.0048503330277037	1.0048503330277037
ENOG410Y65N	-0.9973241584396634	0.9973241584396633
ENOG410Y698	0.7869018482936618	-0.7869018482936615
ENOG410Y69H	0.5017568216126927	-0.5017568216126924
ENOG410Y6BE	-0.7781429472875696	0.7781429472875695
ENOG410Y6DH	-0.5093109013639118	0.5093109013639118
ENOG410Y6DZ	0.7000489686827809	-0.7000489686827805
ENOG410Y6G5	0.26913862587121484	-0.2691386258712148
ENOG410Y6HR	-0.47714881258820063	0.4771488125882006
ENOG410Y6JS	-0.2937648140771417	0.29376481407714167
ENOG410Y6KN	0.5323479248313614	-0.5323479248313613
ENOG410Y6KY	-0.8199226810619207	0.8199226810619206
ENOG410Y6N4	-1.6073564474107873	1.607356447410787
ENOG410Y6PP	-0.948400037217249	0.9484000372172489
ENOG410Y6PV	0.7906030527306697	-0.7906030527306696
ENOG410Y6RZ	-1.267164342189666	1.267164342189666
ENOG410Y6SJ	0.28543965551828493	-0.28543965551828515
ENOG410Y6T0	-1.0125851363179392	1.0125851363179392
ENOG410Y6T3	0.29370985428268803	-0.29370985428268803
ENOG410Y6UB	0.28905003827243236	-0.2890500382724323
ENOG410Y6VM	0.36824643886191644	-0.3682464388619164
ENOG410Y6W0	-1.0927065336190456	1.0927065336190454
ENOG410Y6W3	-0.9829609136929391	0.982960913692939
ENOG410Y6WN	-0.1476775874253335	0.14767758742533346
ENOG410Y6X8	-0.4423214037298551	0.44232140372985507
ENOG410Y70M	-1.4744362101799762	1.4744362101799762
ENOG410Y714	0.181444830661721	-0.18144483066172098
ENOG410Y71B	-0.9977194573867617	0.9977194573867616
ENOG410Y722	-0.4143319765937831	0.41433197659378307
ENOG410Y736	-1.6171624953684594	1.6171624953684591
ENOG410Y73Q	0.10025103377634488	-0.10025103377634487
ENOG410Y744	-0.8493938775007728	0.8493938775007727
ENOG410Y74B	-0.011255662344221786	0.011255662344221784
ENOG410Y74G	0.03245828067489754	-0.03245828067489753
ENOG410Y74R	0.08950846200616759	-0.08950846200616783
ENOG410Y74T	-0.6667426985065587	0.6667426985065585
ENOG410Y775	-1.114312389871947	1.1143123898719467
ENOG410Y77C	1.1268506672605965	-1.1268506672605967
ENOG410Y7AI	0.7051082505805584	-0.7051082505805583
ENOG410Y7CB	1.0532343159560056	-1.0532343159560054
ENOG410Y7H9	-1.571670509687323	1.5716705096873227
ENOG410Y7HA	-1.6061895395048518	1.6061895395048515
ENOG410Y7HB	0.2227831313400381	-0.22278313134003808
ENOG410Y7HR	0.11310572372487838	-0.11310572372487837
ENOG410Y7J2	0.16913131572503776	-0.1691313157250375
ENOG410Y7MF	0.4228397785008638	-0.422839778500864
ENOG410Y7NJ	-0.7206847364726509	0.7206847364726507
ENOG410Y7NW	-0.2200124282226496	0.22001242822264958
ENOG410Y7PK	0.8716268634472912	-0.8716268634472911
ENOG410Y7RU	-0.5498262288240088	0.5498262288240087
ENOG410Y7SB	-0.14223240404436974	0.14223240404436974
ENOG410Y7U8	0.012618266226239471	-0.012618266226239471
ENOG410Y7U9	-1.0273631112650339	1.0273631112650337
ENOG410Y7UF	0.8371097417174921	-0.837109741717492
ENOG410Y7UJ	-1.7033494959604905	1.7033494959604902
ENOG410Y7W1	0.3666491971066456	-0.36664919710664556
ENOG410Y80I	-1.932339055851591	1.9323390558515907
ENOG410Y81N	1.1964045628443836	-1.1964045628443831
ENOG410Y82Q	-1.6884323715920246	1.6884323715920244
ENOG410Y83C	-1.536233272904008	1.536233272904008
ENOG410Y83P	-0.0406415451945768	0.0406415451945768
ENOG410Y85C	-0.18132292901051955	0.18132292901051955
ENOG410Y87T	-1.220754309391724	1.2207543093917237
ENOG410Y881	-0.8334972657923951	0.833497265792395
ENOG410Y8AE	0.27095081916325536	-0.27095081916325514
ENOG410Y8AI	-1.0910480932488205	1.0910480932488205
ENOG410Y8BB	1.9479878381322144	-1.9479878381322144
ENOG410Y8E8	-0.6576545814471706	0.6576545814471705
ENOG410Y8F2	-0.5994223583079218	0.5994223583079217
ENOG410Y8FG	-0.15048731527927997	0.15048731527927994
ENOG410Y8FN	-1.1074397142590318	1.1074397142590315
ENOG410Y8GF	-1.1337232421882435	1.1337232421882433
ENOG410Y8IJ	0.793414455951317	-0.7934144559513167
ENOG410Y8IR	-1.573092274521142	1.5730922745211418
ENOG410Y8K0	-0.7555449631602729	0.7555449631602729
ENOG410Y8K6	-1.0942086520227767	1.0942086520227767
ENOG410Y8MK	1.142449590190051	-1.1424495901900509
ENOG410Y8MT	-0.361273799749578	0.361273799749578
ENOG410Y8NU	-0.8799276163415733	0.8799276163415732
ENOG410Y8R0	-0.9480443334658469	0.9480443334658468
ENOG410Y8U6	-0.2609889762345214	0.2609889762345214
ENOG410Y8W0	-0.9738895106399794	0.9738895106399793
ENOG410Y8WS	-1.0522804448359815	1.0522804448359813
ENOG410Y8XY	0.5399454087827564	-0.5399454087827563
ENOG410Y8YV	-1.4625932772493444	1.4625932772493444
ENOG410Y8YW	0.7270972034074407	-0.7270972034074406
ENOG410Y909	0.2526813990711834	-0.2526813990711834
ENOG410Y90I	-0.5834074156234004	0.5834074156234003
ENOG410Y90V	1.0633647139171665	-1.0633647139171662
ENOG410Y91P	1.0663432844825058	-1.0663432844825058
ENOG410Y91S	0.30664476102626304	-0.30664476102626276
ENOG410Y921	1.8425807855267275	-1.8425807855267273
ENOG410Y926	-0.5105234047169639	0.5105234047169638
ENOG410Y935	1.1371736966297623	-1.137173696629762
ENOG410Y93R	-1.0091785178236432	1.009178517823643
ENOG410Y94C	-0.27988206649585745	0.27988206649585745
ENOG410Y954	-0.7039985738519408	0.7039985738519406
ENOG410Y968	-0.7030247757930725	0.7030247757930724
ENOG410Y96E	-1.1466972624547338	1.1466972624547338
ENOG410Y96N	0.2559662645575363	-0.2559662645575365
ENOG410Y96R	-1.7903455554759975	1.7903455554759973
ENOG410Y96Y	-1.050744781683043	1.0507447816830429
ENOG410Y97H	-1.0889081724291354	1.0889081724291354
ENOG410Y97T	-0.7631620510167911	0.763162051016791
ENOG410Y99D	-0.695448242400596	0.6954482424005959
ENOG410Y99K	-0.58190007554358	0.5819000755435799
ENOG410Y99P	0.8377512308417528	-0.8377512308417528
ENOG410Y9B6	-1.7665855508476929	1.7665855508476926
ENOG410Y9BH	-0.822684766874702	0.8226847668747019
ENOG410Y9CE	-0.3696094648073192	0.36960946480731915
ENOG410Y9CX	-0.2608860897388224	0.2608860897388224
ENOG410Y9CY	-0.87446232935715	0.87446232935715
ENOG410Y9DH	-0.3386889435412829	0.33868894354128287
ENOG410Y9DN	-1.0001954041394177	1.0001954041394177
ENOG410Y9EQ	-1.8117274982815708	1.8117274982815705
ENOG410Y9EU	0.9024177401642651	-0.902417740164265
ENOG410Y9EZ	0.46702259899068505	-0.467022598990685
ENOG410Y9G0	-1.7933953017157396	1.7933953017157394
ENOG410Y9GF	0.9349298594162567	-0.9349298594162566
ENOG410Y9GZ	0.5406053513079991	-0.540605351307999
ENOG410Y9HG	-0.7353243849063251	0.735324384906325
ENOG410Y9I9	0.9257255701834507	-0.9257255701834504
ENOG410Y9IM	0.0009376814707743676	-0.0009376814707743675
ENOG410Y9IT	-0.8984469214600151	0.898446921460015
ENOG410Y9J2	-1.2096333010634888	1.2096333010634885
ENOG410Y9J8	0.43712273105777855	-0.4371227310577787
ENOG410Y9JJ	0.7411667155801687	-0.7411667155801687
ENOG410Y9K3	-1.3043501758633593	1.304350175863359
ENOG410Y9KI	-0.8126107449833461	0.812610744983346
ENOG410Y9KP	0.14625983211769553	-0.1462598321176955
ENOG410Y9MC	-1.8120152388032498	1.8120152388032496
ENOG410Y9P0	-1.4228208320798044	1.4228208320798041
ENOG410Y9P6	-0.43658265795938284	0.4365826579593828
ENOG410Y9PG	0.8386880395215438	-0.8386880395215437
ENOG410Y9RA	-1.0917275475466264	1.0917275475466264
ENOG410Y9RX	-0.7502055850088664	0.7502055850088662
ENOG410Y9SW	-0.4867899354234199	0.48678993542341986
ENOG410Y9TM	-1.0320444625454706	1.0320444625454703
ENOG410Y9TN	-0.7228692122923692	0.7228692122923692
ENOG410Y9TS	-0.2724339912812233	0.2724339912812233
ENOG410Y9UF	-1.84112977919038	1.8411297791903798
ENOG410Y9V7	-0.413304098223435	0.41330409822343495
ENOG410Y9VJ	1.584770822584688	-1.5847708225846877
ENOG410Y9VZ	-0.8561292658671193	0.8561292658671192
ENOG410Y9W1	-0.3447121125376281	0.34471211253762807
ENOG410Y9XA	-1.6606178662898636	1.6606178662898634
ENOG410Y9XN	-0.6252016752300659	0.6252016752300658
ENOG410Y9Y0	-0.8234447641532112	0.8234447641532111
ENOG410Y9YJ	0.6112678596976585	-0.6112678596976582
ENOG410Y9YN	-1.8711192032532413	1.871119203253241
ENOG410Y9YV	-0.41167265969479755	0.4116726596947975
ENOG410Y9ZI	1.8429538972074284	-1.8429538972074282
ENOG410Y9ZP	-1.1228310458845001	1.1228310458845001
ENOG410YA1K	1.694804362308459	-1.694804362308459
ENOG410YA26	-0.5369920159111674	0.5369920159111673
ENOG410YA2N	-0.2843228630724851	0.28432286307248505
ENOG410YA2Z	-1.01407062465323	1.0140706246532298
ENOG410YA33	-0.7146599207740587	0.7146599207740586
ENOG410YA44	0.18335628730013942	-0.18335628730013917
ENOG410YA4G	-0.9924519077174963	0.9924519077174961
ENOG410YA56	0.5531121854228769	-0.5531121854228769
ENOG410YA5P	0.5366711629505267	-0.5366711629505267
ENOG410YA6E	-0.6378015635598434	0.6378015635598433
ENOG410YA6Q	0.758296547376129	-0.7582965473761286
ENOG410YA70	0.2993680691385363	-0.2993680691385363
ENOG410YA83	-0.027605977278670087	0.027605977278670084
ENOG410YA87	-1.605015033951338	1.6050150339513378
ENOG410YA89	0.34395662673312266	-0.3439566267331224
ENOG410YA9M	0.5251725708746315	-0.5251725708746318
ENOG410YA9Z	-0.6348132596916194	0.6348132596916194
ENOG410YAA3	-1.2565117114519861	1.256511711451986
ENOG410YAB1	-0.01247132324340338	0.01247132324340338
ENOG410YABC	-1.1959314734460942	1.195931473446094
ENOG410YABJ	0.40452213658597436	-0.4045221365859743
ENOG410YACP	0.2594890309800352	-0.25948903098003495
ENOG410YACX	0.8434992393110134	-0.8434992393110134
ENOG410YAD4	-0.8383345056861259	0.8383345056861258
ENOG410YAD8	0.0610971802131522	-0.06109718021315243
ENOG410YADM	-0.9624776210720234	0.9624776210720233
ENOG410YAE9	-1.404748570546758	1.4047485705467577
ENOG410YAEF	-0.9334981377445022	0.9334981377445021
ENOG410YAF1	-1.8977804655443344	1.8977804655443342
ENOG410YAFB	-1.3391046820495816	1.3391046820495813
ENOG410YAFU	-1.8077193253997914	1.8077193253997912
ENOG410YAGR	0.06983746004173556	-0.0698374600417358
ENOG410YAGY	-0.4786252313668653	0.47862523136686524
ENOG410YAI5	-1.1349993507576654	1.1349993507576652
ENOG410YAI8	-0.35022834514248036	0.3502283451424803
ENOG410YAIR	-0.6830691814683211	0.683069181468321
ENOG410YAIS	1.13107465943694	-1.13107465943694
ENOG410YAJ1	-0.7631476244424369	0.7631476244424368
ENOG410YAJ5	0.9238575363015702	-0.9238575363015701
ENOG410YAN2	-1.585791669048389	1.5857916690483889
ENOG410YANC	-1.7011982940449508	1.7011982940449506
ENOG410YAP4	1.0190674521446978	-1.0190674521446976
ENOG410YAQA	-0.1035521996672763	0.10355219966727629
ENOG410YAQZ	-1.109748227865804	1.109748227865804
ENOG410YAR1	-1.7739603265615846	1.7739603265615844
ENOG410YARE	-1.3832822378965375	1.3832822378965373
ENOG410YARU	-0.8928659973062018	0.8928659973062016
ENOG410YARX	-0.26268421003848214	0.2626842100384821
ENOG410YAS5	0.4976796565258281	-0.49767965652582796
ENOG410YASD	-0.7641913524093517	0.7641913524093515
ENOG410YAT8	0.7974750693773706	-0.7974750693773706
ENOG410YATZ	1.3848440824151167	-1.3848440824151165
ENOG410YAU0	-1.1885395656335438	1.1885395656335436
ENOG410YAUK	-0.6782852437814143	0.6782852437814142
ENOG410YAUT	-0.18260548910555593	0.1826054891055559
ENOG410YAVK	-1.3040000969998953	1.304000096999895
ENOG410YAVZ	-0.8345277015514663	0.8345277015514662
ENOG410YAY4	-1.619629393566736	1.6196293935667359
ENOG410YAYF	-0.416965228509511	0.41696522850951095
ENOG410YAYG	0.7285208854997747	-0.7285208854997743
ENOG410YAYK	-0.21193035302014623	0.2119303530201462
ENOG410YAYV	-0.4913955467986034	0.49139554679860337
ENOG410YB0P	-1.4282232875101397	1.4282232875101395
ENOG410YB0Q	-1.4562629755600383	1.456262975560038
ENOG410YB1Q	0.7561987462872399	-0.7561987462872398
ENOG410YB26	-1.082293567681003	1.082293567681003
ENOG410YB2E	0.03759341780041368	-0.03759341780041367
ENOG410YB49	-1.541629070024817	1.5416290700248168
ENOG410YB56	1.334141650328508	-1.3341416503285077
ENOG410YB63	-0.9572666410235349	0.9572666410235348
ENOG410YB68	-0.7817233824151943	0.7817233824151942
ENOG410YB6W	-1.39446531953302	1.3944653195330199
ENOG410YB8E	-0.4154752207114147	0.4154752207114147
ENOG410YB8J	-0.5375982227388569	0.5375982227388568
ENOG410YB9V	1.1813968821146408	-1.1813968821146406
ENOG410YBCD	-1.3879132789008186	1.3879132789008184
ENOG410YBD7	-1.4607786229539952	1.460778622953995
ENOG410YBDJ	-1.4013235426071886	1.4013235426071884
ENOG410YBE3	-0.41061875379382695	0.41061875379382695
ENOG410YBE7	1.3401882064414499	-1.3401882064414496
ENOG410YBF1	1.5151923566026009	-1.5151923566026004
ENOG410YBF7	1.7495501840997225	-1.7495501840997223
ENOG410YBFJ	0.6156436877104691	-0.6156436877104691
ENOG410YBFN	0.3815696444217222	-0.38156964442172214
ENOG410YBH3	0.30115072090458606	-0.30115072090458606
ENOG410YBJ6	1.7152368903960284	-1.7152368903960282
ENOG410YBJF	1.4407014857428726	-1.4407014857428724
ENOG410YBKA	0.0772036739733232	-0.07720367397332344
ENOG410YBKF	-1.390071729851807	1.3900717298518068
ENOG410YBKS	0.6637921938808644	-0.6637921938808643
ENOG410YBMA	-0.5582447414693481	0.558244741469348
ENOG410YBMI	-0.9787330670796768	0.9787330670796767
ENOG410YBMR	-0.17688257835911705	0.17688257835911703
ENOG410YBND	-0.41642283503851885	0.4164228350385188
ENOG410YBPP	1.355706729887134	-1.355706729887134
ENOG410YBQA	-1.0056770766170426	1.0056770766170424
ENOG410YBQR	0.5767875813242489	-0.5767875813242486
ENOG410YBQW	-0.2940321058612668	0.29403210586126677
ENOG410YBRJ	-0.3453950455237896	0.3453950455237895
ENOG410YBRQ	-0.13829788896480846	0.13829788896480844
ENOG410YBRR	-0.3754279058081604	0.3754279058081603
ENOG410YBRS	0.04141058515019981	-0.041410585150199804
ENOG410YBTD	1.0773087143780387	-1.0773087143780384
ENOG410YBTJ	-0.8023388515353308	0.8023388515353308
ENOG410YBU9	-1.343273172440671	1.343273172440671
ENOG410YBXC	-1.9912615094575208	1.9912615094575206
ENOG410YBY0	-1.6122903856148865	1.6122903856148862
ENOG410YBY2	-0.5081949778999472	0.5081949778999472
ENOG410YBY3	-1.292569318488208	1.2925693184882079
ENOG410YBYI	0.8552975600538782	-0.8552975600538781
ENOG410YBZF	-1.2355735738144789	1.2355735738144786
ENOG410YC05	-0.3232439922071121	0.3232439922071121
ENOG410YC06	-1.4919739531509282	1.491973953150928
ENOG410YC0Y	0.8694719195632015	-0.8694719195632014
ENOG410YC2V	0.46329395722512046	-0.4632939572251202
ENOG410YC2W	-1.1381174535540737	1.1381174535540737
ENOG410YC2X	-0.2870612466500638	0.2870612466500638
ENOG410YC3V	-0.18965725369319744	0.18965725369319741
ENOG410YC46	0.24774171688245625	-0.247741716882456
ENOG410YC4S	-0.21607819589453595	0.21607819589453592
ENOG410YC51	-0.7347657963702277	0.7347657963702275
ENOG410YC5T	0.4165770144948008	-0.4165770144948007
ENOG410YC5X	-1.2984380441014867	1.2984380441014867
ENOG410YC5Y	-1.5107096590716678	1.5107096590716678
ENOG410YC6B	-0.5381659777451012	0.5381659777451011
ENOG410YC6S	-0.2761556218337614	0.27615562183376136
ENOG410YC7V	-0.5446218750995149	0.5446218750995148
ENOG410YC8I	0.692010801618737	-0.6920108016187366
ENOG410YC9E	-0.42229427824769245	0.4222942782476924
ENOG410YCAG	-0.2603665667206909	0.26036656672069086
ENOG410YCB3	-1.0310561302907988	1.0310561302907986
ENOG410YCB7	0.5710489229195709	-0.5710489229195707
ENOG410YCB9	1.122262675412609	-1.1222626754126088
ENOG410YCBF	-1.0917111351145639	1.0917111351145639
ENOG410YCBW	0.7847053364239079	-0.7847053364239076
ENOG410YCC6	-1.097568164788901	1.097568164788901
ENOG410YCCC	-0.7297176807851743	0.7297176807851742
ENOG410YCCZ	-0.6720077238951975	0.6720077238951975
ENOG410YCET	-1.8419982537872255	1.8419982537872253
ENOG410YCFW	-0.5128462847718193	0.5128462847718191
ENOG410YCGG	0.4675933863573703	-0.46759338635737
ENOG410YCIZ	-0.7561835246908141	0.756183524690814
ENOG410YCJF	-1.0988724586777867	1.0988724586777865
ENOG410YCM3	-0.35038232198576336	0.3503823219857633
ENOG410YCMS	0.03276865092817427	-0.03276865092817427
ENOG410YCNG	0.8389178823737513	-0.8389178823737512
ENOG410YCNS	0.6029087281681802	-0.6029087281681802
ENOG410YCQ8	1.8107841039471806	-1.8107841039471804
ENOG410YCRD	1.2263893472816199	-1.2263893472816194
ENOG410YCSD	0.013384272712064733	-0.013384272712064731
ENOG410YCTM	-0.775810069620764	0.7758100696207639
ENOG410YCUM	1.4035046158906097	-1.4035046158906095
ENOG410YCVH	-1.321575375245439	1.321575375245439
ENOG410YCVN	0.5212972344534516	-0.5212972344534514
ENOG410YCVR	-0.6024028194189377	0.6024028194189376
ENOG410YCW7	1.105406545842013	-1.1054065458420133
ENOG410YCWB	-1.5386394450495944	1.5386394450495942
ENOG410YCWT	-0.05815402136934852	0.05815402136934851
ENOG410YCXJ	-0.9463484708616623	0.9463484708616622
ENOG410YCXR	-0.21725980211201001	0.21725980211201
ENOG410YCYE	-0.6693829385592573	0.6693829385592572
ENOG410YCZF	-0.7100051123720684	0.7100051123720683
ENOG410YCZT	-0.22284571175940793	0.2228457117594079
ENOG410YD01	-1.1101261051226876	1.1101261051226876
ENOG410YD0D	0.99733530557949	-0.9973353055794897
ENOG410YD0X	-1.4517349097996535	1.4517349097996533
ENOG410YD2N	-1.0630451643962524	1.0630451643962524
ENOG410YD37	-0.548272809082502	0.548272809082502
ENOG410YD3Q	-0.5875376598788694	0.5875376598788693
ENOG410YD3Z	-0.14578942389087304	0.14578942389087304
ENOG410YD4B	-0.8599957042189368	0.8599957042189367
ENOG410YD4V	-0.7767189745284524	0.7767189745284523
ENOG410YD57	0.0342935239442346	-0.03429352394423459
ENOG410YD62	-0.7338152122879391	0.733815212287939
ENOG410YD7D	-0.6176736403488039	0.6176736403488039
ENOG410YD8B	-0.2491625935605606	0.24916259356056059
ENOG410YD8C	-1.0844781825632401	1.08447818256324
ENOG410YD8K	-1.3823466767947064	1.3823466767947061
ENOG410YD8U	0.8746248507998219	-0.8746248507998216
ENOG410YD8Y	-1.526564068488975	1.5265640684889747
ENOG410YD95	-1.0786839809235589	1.0786839809235587
ENOG410YDAR	-1.4935603482112803	1.49356034821128
ENOG410YDB3	-0.6096728834439341	0.609672883443934
ENOG410YDBB	1.4440677228903116	-1.4440677228903116
ENOG410YDBQ	-1.3782372826846039	1.3782372826846039
ENOG410YDCP	-0.6269495236996068	0.6269495236996067
ENOG410YDF2	-0.9565210352229564	0.9565210352229563
ENOG410YDFB	-0.2519210570744973	0.25192105707449725
ENOG410YDGG	0.40357506274799526	-0.4035750627479952
ENOG410YDHJ	0.21202317613553462	-0.2120231761355346
ENOG410YDIC	-1.4640352078228647	1.4640352078228644
ENOG410YDIQ	-0.6420616323316259	0.6420616323316259
ENOG410YDKG	0.37760854978385416	-0.3776085497838541
ENOG410YDM2	0.27840216886417196	-0.2784021688641719
ENOG410YDMQ	-1.5243135178737053	1.524313517873705
ENOG410YDN3	-0.8987209886149211	0.898720988614921
ENOG410YDPZ	-0.8683559772377738	0.8683559772377737
ENOG410YDQJ	-1.106132220205802	1.106132220205802
ENOG410YDRB	-1.0200329070951029	1.0200329070951029
ENOG410YDSF	-1.095017962942882	1.0950179629428818
ENOG410YDTM	-0.3126338847281971	0.31263388472819703
ENOG410YDTR	-0.9242911549555329	0.9242911549555328
ENOG410YDTT	-0.026885085441467577	0.026885085441467574
ENOG410YDU4	-0.08261106663490193	0.08261106663490193
ENOG410YDVK	-0.8853567866690907	0.8853567866690906
ENOG410YDWC	-0.14701884005781665	0.14701884005781662
ENOG410YDXY	-1.8531874434575732	1.853187443457573
ENOG410YDY0	-0.9679134198380746	0.9679134198380744
ENOG410YDYP	-1.2330063534294144	1.2330063534294142
ENOG410YE0P	1.0159736179096828	-1.0159736179096825
ENOG410YE18	-0.4375879437668571	0.43758794376685706
ENOG410YE3A	0.4713649143150294	-0.4713649143150296
ENOG410YE3I	1.1291460263422446	-1.1291460263422446
ENOG410YE6B	-0.319207298179183	0.3192072981791829
ENOG410YE84	-0.13814416249539868	0.13814416249539865
ENOG410YE91	0.09039840794163458	-0.09039840794163456
ENOG410YE97	-1.2176843640133794	1.2176843640133792
ENOG410YE9Q	-1.7026375902435609	1.7026375902435607
ENOG410YEA5	-0.04374093013664699	0.04374093013664698
ENOG410YEAQ	1.7525976065948972	-1.752597606594897
ENOG410YEAS	-0.9239409403540607	0.9239409403540606
ENOG410YEB8	-0.5694834446996787	0.5694834446996786
ENOG410YEBG	1.0590379169584594	-1.0590379169584592
ENOG410YEBJ	-0.04945987621017093	0.04945987621017092
ENOG410YECS	-1.6548252153406142	1.654825215340614
ENOG410YECY	1.2637972882537896	-1.2637972882537893
ENOG410YEEH	-1.4159411738896013	1.4159411738896013
ENOG410YEET	1.0605279446143705	-1.0605279446143705
ENOG410YEF4	0.35208612716001614	-0.35208612716001614
ENOG410YEG3	-0.32139138052403887	0.3213913805240388
ENOG410YEG8	-0.9741312470355027	0.9741312470355026
ENOG410YEGB	-1.089574851360512	1.0895748513605117
ENOG410YEGC	-0.9627858941758393	0.9627858941758392
ENOG410YEGH	0.07385878892115817	-0.0738587889211584
ENOG410YEI3	0.1298908532831595	-0.12989085328315922
ENOG410YEJ0	0.09386057212378883	-0.09386057212378905
ENOG410YEK0	-0.861164372443549	0.8611643724435489
ENOG410YEKU	-0.9577019024346429	0.9577019024346428
ENOG410YENY	-1.0028978772144062	1.0028978772144062
ENOG410YEPB	1.0847409540786428	-1.0847409540786428
ENOG410YESU	0.3309614674876882	-0.3309614674876879
ENOG410YEUD	-0.8056817463524433	0.8056817463524432
ENOG410YEV5	-1.4146703078202525	1.4146703078202523
ENOG410YEW2	1.2868251045157197	-1.2868251045157197
ENOG410YEWF	0.6894195438735998	-0.6894195438735997
ENOG410YEWP	-1.469881413495892	1.4698814134958917
ENOG410YEWS	-0.7846807836131034	0.7846807836131033
ENOG410YEXF	-0.7261767825084738	0.7261767825084737
ENOG410YEY3	-0.3389066849773854	0.33890668497738535
ENOG410YEZ1	0.12227100534915351	-0.12227100534915326
ENOG410YEZQ	-0.13440258143846343	0.1344025814384634
ENOG410YF02	-1.3318048227641528	1.3318048227641526
ENOG410YF0Y	-0.6794166752671418	0.6794166752671417
ENOG410YF1S	-0.43046639344088117	0.4304663934408811
ENOG410YF1T	-0.6716063441262513	0.6716063441262512
ENOG410YF2K	-0.465671198424398	0.46567119842439797
ENOG410YF30	0.5678946144804577	-0.5678946144804576
ENOG410YF4U	0.4007953481563594	-0.40079534815635937
ENOG410YF69	1.3208738022109041	-1.3208738022109041
ENOG410YF6D	1.2238735729935803	-1.2238735729935803
ENOG410YF6U	-0.0820621476563083	0.0820621476563083
ENOG410YF7B	-0.915049612197123	0.9150496121971229
ENOG410YF7C	-1.6916730013264318	1.6916730013264318
ENOG410YF7G	0.4335576577498449	-0.43355765774984484
ENOG410YF83	-1.7430758264127126	1.7430758264127124
ENOG410YF8B	-0.40163117789075653	0.4016311778907565
ENOG410YF8F	-1.0988076559590143	1.098807655959014
ENOG410YF90	1.2831857412260868	-1.2831857412260865
ENOG410YF9W	-1.7899102562996605	1.7899102562996603
ENOG410YFA2	-0.8754992147959013	0.8754992147959012
ENOG410YFA8	-1.3707679478692443	1.370767947869244
ENOG410YFAH	0.0801310195520303	-0.08013101955203053
ENOG410YFAI	-1.359918883441542	1.3599188834415419
ENOG410YFAW	-1.1819167787602822	1.181916778760282
ENOG410YFB8	-1.2622024525157047	1.2622024525157045
ENOG410YFBF	0.08261896782595961	-0.0826189678259596
ENOG410YFDR	-0.3733816107776914	0.37338161077769133
ENOG410YFF0	0.8641305421165321	-0.864130542116532
ENOG410YFFI	1.492018757969175	-1.4920187579691748
ENOG410YFH5	-0.5529271317906292	0.5529271317906292
ENOG410YFHM	-0.4719228362529571	0.47192283625295706
ENOG410YFI1	0.024441380921767203	-0.0244413809217672
ENOG410YFI4	0.6234497806768736	-0.6234497806768735
ENOG410YFIY	0.19854292855428085	-0.19854292855428107
ENOG410YFJQ	-0.8828127923441582	0.8828127923441581
ENOG410YFKX	0.5838753149442648	-0.5838753149442647
ENOG410YFPN	1.0216428574948915	-1.0216428574948917
ENOG410YFQ9	1.1831026462965306	-1.1831026462965304
ENOG410YFQB	1.4600596596174034	-1.460059659617403
ENOG410YFRD	-0.5290678519344402	0.5290678519344402
ENOG410YFS2	-1.119815508949042	1.119815508949042
ENOG410YFS4	-0.08026361978665643	0.08026361978665641
ENOG410YFSH	-0.4742383275995213	0.4742383275995212
ENOG410YFSW	-0.6633380590422537	0.6633380590422536
ENOG410YFW1	-0.28760301246295544	0.2876030124629554
ENOG410YFW8	-0.6462332604790276	0.6462332604790275
ENOG410YFWE	-1.0159443325993127	1.0159443325993127
ENOG410YFWP	-0.04098273721967974	0.04098273721967973
ENOG410YFX1	-1.9906028308550412	1.990602830855041
ENOG410YFYJ	-0.9452173881587516	0.9452173881587514
ENOG410YFZR	-0.2287156259140885	0.22871562591408848
ENOG410YG02	-0.25475614559356435	0.2547561455935643
ENOG410YG0G	0.6695000265079147	-0.6695000265079146
ENOG410YG7B	0.9240628290413542	-0.9240628290413543
ENOG410YGA1	-1.2280470920285165	1.2280470920285163
ENOG410YGA3	-1.9630042504544443	1.963004250454444
ENOG410YGAE	0.6923862742836437	-0.6923862742836434
ENOG410YGAP	-1.0070587742581947	1.0070587742581945
ENOG410YGAS	0.9129185175945039	-0.9129185175945036
ENOG410YGBE	-0.9762504672493603	0.9762504672493602
ENOG410YGBQ	-0.4537209050052447	0.45372090500524465
ENOG410YGC5	-0.8499177962525486	0.8499177962525486
ENOG410YGEM	-0.22971458518388582	0.2297145851838858
ENOG410YGFD	0.21329255360043	-0.21329255360043023
ENOG410YGI2	-0.6990842998926327	0.6990842998926325
ENOG410YGIG	-0.579073801117305	0.5790738011173049
ENOG410YGIN	-1.2018421205934857	1.2018421205934857
ENOG410YGJ0	0.5236035223272179	-0.5236035223272181
ENOG410YGJN	0.34483325080258653	-0.3448332508025865
ENOG410YGN1	-0.022645926409397325	0.022645926409397325
ENOG410YGPB	-0.74057694537444	0.7405769453744399
ENOG410YGSK	0.06333686882923577	-0.06333686882923552
ENOG410YGT9	-0.8399161487157184	0.8399161487157183
ENOG410YGUE	-0.028641340428666517	0.028641340428666513
ENOG410YGUG	-0.7202240085646314	0.7202240085646313
ENOG410YGV4	0.5453255846445283	-0.5453255846445281
ENOG410YGV7	-0.16793511167427166	0.16793511167427166
ENOG410YGXI	-0.6799797256242767	0.6799797256242767
ENOG410YGXM	0.16952427178635654	-0.1695242717863565
ENOG410YGXY	-0.5322898379529645	0.5322898379529644
ENOG410YGYK	-0.9345489124639208	0.9345489124639207
ENOG410YH0R	0.8867684782455189	-0.8867684782455187
ENOG410YH0U	0.42854091272827083	-0.428540912728271
ENOG410YH15	-0.6893832696122089	0.6893832696122087
ENOG410YH1K	-0.668693656910324	0.6686936569103239
ENOG410YH4C	0.4029478500786893	-0.4029478500786892
ENOG410YH5F	-0.8078603329224155	0.8078603329224154
ENOG410YH79	0.2015719961322772	-0.20157199613227741
ENOG410YH8W	1.5084674902384987	-1.5084674902384985
ENOG410YH96	0.5349188204946285	-0.5349188204946285
ENOG410YH9E	-0.06920735144924184	0.06920735144924184
ENOG410YHC9	-1.4056110796847257	1.4056110796847254
ENOG410YHCG	-0.09072633242942375	0.09072633242942374
ENOG410YHCP	-1.629685147034212	1.629685147034212
ENOG410YHCY	-0.2994850038650682	0.2994850038650682
ENOG410YHEH	0.17226271634770182	-0.1722627163477018
ENOG410YHEK	-1.4888017908948106	1.4888017908948104
ENOG410YHEN	0.06981704821027993	-0.06981704821027993
ENOG410YHHT	-1.3629832467623046	1.3629832467623046
ENOG410YHJ4	-0.833897031229975	0.8338970312299749
ENOG410YHJ9	0.428975226887618	-0.4289752268876182
ENOG410YHNP	-0.43668362953009343	0.4366836295300934
ENOG410YHNR	-1.1839693373550237	1.1839693373550235
ENOG410YHNX	1.4162942313720828	-1.4162942313720828
ENOG410YHP1	-0.9422827366145583	0.9422827366145582
ENOG410YHPJ	-0.5381887716044593	0.5381887716044592
ENOG410YHRH	0.7946817609463582	-0.7946817609463579
ENOG410YHV8	-0.1079850202306877	0.10798502023068769
ENOG410YHWN	-0.30357188479362923	0.3035718847936292
ENOG410YHXM	-0.6059999648151703	0.6059999648151702
ENOG410YHXN	-0.06337881763367728	0.06337881763367728
ENOG410YHXQ	1.733139250401092	-1.7331392504010918
ENOG410YI0P	1.2366520824362877	-1.2366520824362874
ENOG410YI10	-1.4112530774762373	1.411253077476237
ENOG410YI22	-0.8827349318092311	0.882734931809231
ENOG410YI2M	0.2636340609142144	-0.2636340609142143
ENOG410YI5I	-0.04653165590801059	0.04653165590801059
ENOG410YI72	0.42352542738601984	-0.4235254273860198
ENOG410YI7C	-1.3005443931005294	1.3005443931005292
ENOG410YI7H	-1.8722460411639188	1.8722460411639186
ENOG410YI8N	1.3596697798801591	-1.359669779880159
ENOG410YI97	-0.1930912640574621	0.19309126405746208
ENOG410YI9F	-0.7322741180772354	0.7322741180772353
ENOG410YIBA	0.2546559693958624	-0.2546559693958626
ENOG410YICK	1.2951998538854959	-1.2951998538854954
ENOG410YID6	0.5653429133388829	-0.5653429133388829
ENOG410YIF1	1.523709241463177	-1.5237092414631768
ENOG410YIFJ	-0.9187195406435983	0.9187195406435982
ENOG410YIFQ	-0.22658278165637444	0.2265827816563744
ENOG410YIHG	-0.6762281679675881	0.6762281679675881
ENOG410YIHP	-0.18815681026719464	0.18815681026719464
ENOG410YIHX	-1.6778096724714098	1.6778096724714096
ENOG410YIHY	0.0024232833489333124	-0.0024232833489333124
ENOG410YII6	0.8096642811157334	-0.8096642811157333
ENOG410YIIJ	-1.0422755901446317	1.0422755901446317
ENOG410YIJR	-1.524637975948318	1.5246379759483177
ENOG410YIMK	-0.8178870174426185	0.8178870174426184
ENOG410YIPA	0.1770506984551981	-0.17705069845519808
ENOG410YIPF	-0.26718177280882177	0.26718177280882177
ENOG410YIQ3	-1.3871011527251822	1.387101152725182
ENOG410YIQE	-1.2382931084532756	1.2382931084532756
ENOG410YITK	-0.893794386782554	0.8937943867825539
ENOG410YIUE	-1.055270933799423	1.0552709337994228
ENOG410YIUP	0.026335503277824027	-0.026335503277824024
ENOG410YIUW	-0.7041444240909535	0.7041444240909533
ENOG410YIWC	-1.0367379418048652	1.036737941804865
ENOG410YIX7	-0.6326778821239974	0.6326778821239973
ENOG410YIXT	-1.4653616146644133	1.465361614664413
ENOG410YIY1	-0.7700007099360217	0.7700007099360215
ENOG410YIY4	-0.7155468786721448	0.7155468786721447
ENOG410YIZ7	0.2067295172730571	-0.20672951727305708
ENOG410YIZV	-1.7869000770937555	1.7869000770937553
ENOG410YJ0X	-0.5611397409621702	0.5611397409621701
ENOG410YJ27	0.34023516945773546	-0.3402351694577354
ENOG410YJ36	-1.3073546920975625	1.3073546920975623
ENOG410YJ3G	0.14510146511859784	-0.1451014651185976
ENOG410YJ4K	1.6948417105885851	-1.694841710588585
ENOG410YJ58	0.6627407210738795	-0.6627407210738794
ENOG410YJ5R	-0.02373497282732943	0.023734972827329427
ENOG410YJ6W	-0.170002714457441	0.170002714457441
ENOG410YJ72	-0.08279487572525539	0.08279487572525539
ENOG410YJ7Q	0.9574611196001587	-0.9574611196001583
ENOG410YJ8Z	1.2512258436516586	-1.2512258436516583
ENOG410YJAQ	0.5037724156820015	-0.5037724156820014
ENOG410YJAY	-0.576729327389119	0.5767293273891189
ENOG410YJC2	-1.066857638247549	1.066857638247549
ENOG410YJED	0.9483172977172235	-0.9483172977172234
ENOG410YJGU	-0.07938885613865683	0.07938885613865682
ENOG410YJJC	-0.6038324827449023	0.6038324827449023
ENOG410YJK6	0.2394529776544798	-0.23945297765447998
ENOG410YJKP	1.3151435170126935	-1.3151435170126935
ENOG410YJMH	-1.9004206885661055	1.9004206885661052
ENOG410YJNK	-0.7663384864043604	0.7663384864043604
ENOG410YJNW	-0.19322086620468004	0.19322086620468001
ENOG410YJPW	0.4444571704604902	-0.44445717046048994
ENOG410YJQP	-0.35331491946509636	0.3533149194650963
ENOG410YJTX	0.3070575530651521	-0.3070575530651523
ENOG410YJW3	-1.6783114863055086	1.6783114863055084
ENOG410YJXD	0.5355310503255073	-0.5355310503255075
ENOG410YJZH	0.00621113891719655	-0.006211138917196549
ENOG410YJZK	1.5597090120501722	-1.559709012050172
ENOG410YK05	-0.4582401418718792	0.45824014187187917
ENOG410YK1B	-1.0572797040042858	1.0572797040042856
ENOG410YK30	1.7006651087200042	-1.700665108720004
ENOG410YK3M	-0.14907371132415217	0.14907371132415215
ENOG410YK47	-0.6036921916687905	0.6036921916687904
ENOG410YK57	-0.17041468401154947	0.17041468401154944
ENOG410YK6C	-1.1051568232400333	1.1051568232400333
ENOG410YK7B	-0.19081620813834982	0.1908162081383498
ENOG410YK7G	0.5050191173465549	-0.5050191173465549
ENOG410YK82	-0.03387197661313825	0.03387197661313824
ENOG410YK8C	1.7070329989190531	-1.707032998919053
ENOG410YK8K	-1.2109154522285182	1.2109154522285182
ENOG410YKA8	-1.0921512955224228	1.0921512955224226
ENOG410YKBK	-1.2741737389829957	1.2741737389829955
ENOG410YKD8	0.256549256465992	-0.256549256465992
ENOG410YKE0	-0.2613753759767081	0.2613753759767081
ENOG410YKIR	-0.4934818564337163	0.4934818564337162
ENOG410YKJM	-0.37984099338850935	0.3798409933885093
ENOG410YKJV	-0.8121057825179758	0.8121057825179757
ENOG410YKJW	-0.7698328976093285	0.7698328976093284
ENOG410YKSV	0.5224129414887602	-0.5224129414887602
ENOG410YKUT	-0.30416573020156457	0.3041657302015645
ENOG410YKUY	-0.5814105099343752	0.581410509934375
ENOG410YKVF	-0.4607165513691308	0.46071655136913076
ENOG410YKVS	0.1256192021209132	-0.12561920212091318
ENOG410YKXI	-0.6363403283131226	0.6363403283131225
ENOG410YM1X	0.39573529239604854	-0.39573529239604854
ENOG410YM3G	-1.7149819035479559	1.7149819035479557
ENOG410YM4C	-1.4205193193536327	1.4205193193536325
ENOG410YM68	-1.2299348902770633	1.229934890277063
ENOG410YM6M	0.056232638512184095	-0.05623263851218409
ENOG410YMA7	1.4984619983956353	-1.4984619983956353
ENOG410YMAD	1.3776645931201301	-1.3776645931201297
ENOG410YMAE	-0.0673934907347642	0.0673934907347642
ENOG410YMAW	-0.4960334362656387	0.49603343626563867
ENOG410YMB2	1.256543795181233	-1.2565437951812326
ENOG410YMBB	-1.1951535311621375	1.1951535311621373
ENOG410YMCE	1.3808049725573464	-1.3808049725573466
ENOG410YMEQ	-0.3359619235991978	0.33596192359919774
ENOG410YMGN	0.10399150833277103	-0.10399150833277125
ENOG410YMJM	0.4564491505795405	-0.4564491505795402
ENOG410YMMR	0.33861128632570825	-0.33861128632570797
ENOG410YMPY	-0.6003614273268246	0.6003614273268245
ENOG410YMQ5	0.172589488827099	-0.17258948882709899
ENOG410YMQ7	-1.2641744317240116	1.2641744317240116
ENOG410YMSV	1.5342675703323347	-1.5342675703323345
ENOG410YMSZ	1.0480692435172785	-1.0480692435172785
ENOG410YMT5	-1.3654771618988824	1.3654771618988821
ENOG410YMTX	1.602091174342753	-1.6020911743427528
ENOG410YMVU	0.4933789137223322	-0.49337891372233217
ENOG410YMZ8	-1.0440124293583701	1.0440124293583701
ENOG410YMZA	-1.5013210484453545	1.5013210484453545
ENOG410YMZM	1.6795501039641882	-1.6795501039641878
ENOG410YN3H	-0.5286307789752489	0.5286307789752488
ENOG410YN3N	0.13895014140246065	-0.13895014140246065
ENOG410YN4C	1.3499221625508846	-1.3499221625508844
ENOG410YN5U	-0.3348575446763018	0.3348575446763018
ENOG410YN8Y	1.0648077121838975	-1.0648077121838972
ENOG410YN8Z	0.9062308362047774	-0.9062308362047775
ENOG410YNB4	0.28376887656302324	-0.28376887656302324
ENOG410YNEA	1.2337533215007408	-1.2337533215007406
ENOG410YNFS	-0.7492015914629041	0.749201591462904
ENOG410YNGB	-1.5923440627758538	1.5923440627758536
ENOG410YNH5	1.2053815329482436	-1.2053815329482434
ENOG410YNH9	-0.11505520064158596	0.11505520064158595
ENOG410YNI0	-0.6309295021905885	0.6309295021905885
ENOG410YNJZ	-0.3846086735138171	0.38460867351381706
ENOG410YNKY	1.6623953231723445	-1.6623953231723443
ENOG410YNMS	-0.05651999072738139	0.05651999072738138
ENOG410YNNP	-0.9646562715230395	0.9646562715230393
ENOG410YNPF	-0.2504389666434461	0.25043896664344606
ENOG410YNQF	-0.7852601542090974	0.7852601542090973
ENOG410YNRA	-0.18743561820909452	0.1874356182090945
ENOG410YNW0	-1.011900592457401	1.0119005924574007
ENOG410YNY1	-1.4149284703042022	1.414928470304202
ENOG410YNZ3	0.10291074952252903	-0.10291074952252925
ENOG410YP0J	0.32559324086116076	-0.3255932408611607
ENOG410YP0W	-0.7463953879942137	0.7463953879942136
ENOG410YP1K	-1.6029451282880929	1.6029451282880927
ENOG410YP1Q	-0.042238266340098786	0.04223826634009878
ENOG410YP2K	-0.7315307688017362	0.7315307688017361
ENOG410YP36	-0.8319335620289159	0.8319335620289158
ENOG410YP4K	-0.5599889371704005	0.5599889371704004
ENOG410YP8I	-0.7025443638116626	0.7025443638116625
ENOG410YP98	0.02348342470264911	-0.02348342470264911
ENOG410YP9M	-0.6744122995457171	0.6744122995457171
ENOG410YPAE	-0.37514992307582495	0.3751499230758249
ENOG410YPAF	1.624540875453133	-1.6245408754531327
ENOG410YPBM	-0.04889475351375104	0.048894753513751034
ENOG410YPC8	0.8870929315165094	-0.8870929315165093
ENOG410YPEJ	0.6226292716174083	-0.6226292716174082
ENOG410YPG6	-0.6679059310374965	0.6679059310374964
ENOG410YPHM	0.76509763015182	-0.7650976301518199
ENOG410YPIJ	-0.4475517171564109	0.44755171715641084
ENOG410YPMI	0.16715593470029896	-0.16715593470029894
ENOG410YPQ3	-0.7819990771472392	0.781999077147239
ENOG410YPQE	0.13808495505530327	-0.13808495505530327
ENOG410YPQK	-1.034501214267589	1.0345012142675887
ENOG410YPRW	0.291251340765917	-0.29125134076591697
ENOG410YPVN	0.7897814660703202	-0.7897814660703198
ENOG410YPW2	0.7873433479006267	-0.7873433479006265
ENOG410YPXC	0.17899561102461928	-0.17899561102461925
ENOG410YPZ3	0.8599644308204616	-0.8599644308204618
ENOG410YPZX	0.49220343275662787	-0.4922034327566278
ENOG410YQ0S	-1.5846591372662144	1.5846591372662142
ENOG410YQ1G	-0.6540205941324228	0.6540205941324226
ENOG410YQ2I	-0.6965039533732906	0.6965039533732905
ENOG410YQ2P	-0.07356060811290205	0.07356060811290203
ENOG410YQ2R	1.1714982405579324	-1.171498240557932
ENOG410YQ31	-0.06060177273886265	0.06060177273886264
ENOG410YQ52	1.644281612119212	-1.6442816121192119
ENOG410YQBC	-0.3819171412268428	0.3819171412268427
ENOG410YQCD	-0.5981945328455547	0.5981945328455546
ENOG410YQEP	-1.4697760029713374	1.4697760029713374
ENOG410YQF3	-1.5358346099180766	1.5358346099180764
ENOG410YQFE	-0.9628011381255647	0.9628011381255646
ENOG410YQFJ	-0.2823141781049856	0.2823141781049856
ENOG410YQI4	0.8016100130074179	-0.8016100130074177
ENOG410YQIC	0.07068641473716186	-0.07068641473716185
ENOG410YQK2	-1.4479832388168181	1.4479832388168181
ENOG410YQKC	0.5210824207528632	-0.5210824207528634
ENOG410YQNJ	0.8773952278989839	-0.8773952278989838
ENOG410YQP8	-1.3556189813892572	1.355618981389257
ENOG410YQRP	-1.0086501198586253	1.008650119858625
ENOG410YQS9	-0.4867356048997364	0.48673560489973633
ENOG410YQTT	0.000978056704826386	-0.000978056704826386
ENOG410YQUG	0.764809545610225	-0.7648095456102249
ENOG410YQWC	-1.0557717011269927	1.0557717011269925
ENOG410YQWJ	0.06669544498020512	-0.06669544498020534
ENOG410YQWW	-0.1324973609071163	0.13249736090711628
ENOG410YQXT	-0.913979923105334	0.9139799231053339
ENOG410YR38	0.04785740006757037	-0.04785740006757036
ENOG410YR3P	-0.7249341701054195	0.7249341701054194
ENOG410YR7R	-1.18483815754354	1.1848381575435398
ENOG410YR80	-0.21813709311784477	0.21813709311784474
ENOG410YR8A	-0.9747454801788145	0.9747454801788143
ENOG410YR94	0.6566988873751304	-0.6566988873751305
ENOG410YRA6	-1.678897359946991	1.6788973599469907
ENOG410YRAB	1.1523576011637215	-1.1523576011637213
ENOG410YRAH	0.5712665558114421	-0.5712665558114418
ENOG410YRAS	1.8788546312520904	-1.87885463125209
ENOG410YRAX	-1.107100878425752	1.1071008784257519
ENOG410YRD4	-0.6390495176077867	0.6390495176077867
ENOG410YREY	-1.1543244913825252	1.1543244913825252
ENOG410YRGK	-1.8042687725079638	1.8042687725079636
ENOG410YRHR	-0.42074977182639306	0.420749771826393
ENOG410YRIH	-1.18708328618881	1.18708328618881
ENOG410YRJC	-0.6099124011049699	0.6099124011049698
ENOG410YRPW	0.09799383135960239	-0.09799383135960238
ENOG410YRQ2	-1.0250035034314657	1.0250035034314655
ENOG410YRV1	-1.5497734155035119	1.5497734155035117
ENOG410YRWU	-1.212877536313554	1.2128775363135538
ENOG410YS2G	0.9449098161303309	-0.9449098161303308
ENOG410YS5K	-0.9862274686701532	0.986227468670153
ENOG410YS88	-1.3039657801693396	1.3039657801693394
ENOG410YS9X	1.2751568790087304	-1.27515687900873
ENOG410YSBZ	-0.5691843309435178	0.5691843309435177
ENOG410YSDZ	0.05711614864491541	-0.05711614864491517
ENOG410YSG6	-0.08583466989207283	0.08583466989207282
ENOG410YSGI	-1.0433592886691336	1.0433592886691336
ENOG410YSH0	-1.3755729995326003	1.3755729995326003
ENOG410YSHF	-1.6707448411201085	1.6707448411201082
ENOG410YSIM	-0.44095978880781483	0.4409597888078148
ENOG410YSJJ	0.7661617829793625	-0.7661617829793627
ENOG410YSK0	0.10710397802981926	-0.10710397802981901
ENOG410YSKJ	-0.2061736951627609	0.20617369516276088
ENOG410YSQC	0.3616167523538262	-0.3616167523538261
ENOG410YSTJ	1.5181769757002064	-1.5181769757002062
ENOG410YSVN	0.2836358303820128	-0.2836358303820125
ENOG410YSVQ	-0.07844923493427583	0.07844923493427582
ENOG410YT0J	-1.524265091343683	1.5242650913436828
ENOG410YT0K	0.16784242499182778	-0.1678424249918275
ENOG410YT1V	-0.6588067222301177	0.6588067222301176
ENOG410YT47	-0.685027444558792	0.6850274445587919
ENOG410YT74	1.1175244705869158	-1.1175244705869158
ENOG410YT7D	-0.2485108619748273	0.24851086197482727
ENOG410YT9M	-0.7814282124015172	0.7814282124015172
ENOG410YT9X	0.8000959658154854	-0.8000959658154854
ENOG410YTAG	-0.7578677644800627	0.7578677644800627
ENOG410YTAN	0.8293158732618865	-0.8293158732618864
ENOG410YTB7	-1.4248163730343173	1.4248163730343173
ENOG410YTCU	-1.2653038613288599	1.2653038613288599
ENOG410YTFQ	-1.0154788872035199	1.0154788872035196
ENOG410YTH4	-0.4323661031352151	0.43236610313521506
ENOG410YTHE	0.34479850980253174	-0.34479850980253146
ENOG410YTK8	-1.203213606558884	1.2032136065588839
ENOG410YTMJ	-0.8681953824675053	0.8681953824675052
ENOG410YTR8	0.8819604847279411	-0.8819604847279413
ENOG410YTTA	-1.826410875266458	1.8264108752664578
ENOG410YTWT	0.5826351900023425	-0.5826351900023425
ENOG410YU1D	0.34183225983996324	-0.34183225983996324
ENOG410YU1Z	0.5047478214150349	-0.5047478214150346
ENOG410YU4S	-0.505459069933319	0.5054590699333189
ENOG410YU6C	1.5440732138076145	-1.5440732138076145
ENOG410YU6X	-1.3991860595801031	1.399186059580103
ENOG410YU90	-1.7192127009473577	1.7192127009473575
ENOG410YUBD	-0.10397563603067075	0.10397563603067074
ENOG410YUBX	0.12399143725931581	-0.12399143725931604
ENOG410YUCE	1.372183373719166	-1.372183373719166
ENOG410YUCG	0.13776982981254624	-0.13776982981254646
ENOG410YUE3	0.7250891671081429	-0.7250891671081425
ENOG410YUED	-1.11213246792191	1.1121324679219098
ENOG410YUF4	-1.640919111041348	1.6409191110413477
ENOG410YUG3	0.6541068471547004	-0.6541068471547002
ENOG410YUH9	1.8860165481063675	-1.886016548106367
ENOG410YUMD	-1.3818207485218372	1.381820748521837
ENOG410YUU6	1.2932577263192309	-1.2932577263192306
ENOG410YUUC	-1.1368923901277723	1.136892390127772
ENOG410YUXZ	0.8317956005986537	-0.8317956005986533
ENOG410YUYC	-0.19053036961092967	0.19053036961092965
ENOG410YV3D	1.1649805143389143	-1.1649805143389143
ENOG410YV3U	-0.9278700499343221	0.927870049934322
ENOG410YV46	-0.05719028800536091	0.057190288005360905
ENOG410YV5X	0.7336759842988612	-0.733675984298861
ENOG410YV6W	-1.3478538817553833	1.3478538817553831
ENOG410YVAF	-0.45241695492924006	0.45241695492924
ENOG410YVDY	-1.1552579012757125	1.1552579012757125
ENOG410YVEC	-1.1981454826881548	1.1981454826881548
ENOG410YVF8	-1.4601531016964344	1.4601531016964344
ENOG410YVFE	0.7603038896305099	-0.7603038896305098
ENOG410YVH4	-0.8247658570214706	0.8247658570214705
ENOG410YVIP	-0.047956548435573225	0.04795654843557322
ENOG410YVM8	-0.5960082342212992	0.5960082342212991
ENOG410YVPT	1.0378714280420893	-1.0378714280420895
ENOG410YVPX	-0.24092173036964631	0.2409217303696463
ENOG410YVRX	-0.7280204444576425	0.7280204444576424
ENOG410YVWG	0.047047082329492375	-0.04704708232949237
ENOG410YVWS	-1.0860047644998374	1.0860047644998374
ENOG410YW14	0.6496627102568197	-0.6496627102568194
ENOG410YW3C	-0.19611255677585343	0.1961125567758534
ENOG410YW8U	0.6567759868002792	-0.6567759868002793
ENOG410YW9Z	0.20814698548710026	-0.2081469854871
ENOG410YWAR	0.5441314940644404	-0.5441314940644402
ENOG410YWBI	-0.7051554555401912	0.7051554555401911
ENOG410YWBS	1.1307553366524639	-1.1307553366524639
ENOG410YWC4	-0.06486896667988935	0.06486896667988935
ENOG410YWDA	-1.3034733882203315	1.3034733882203313
ENOG410YWDD	0.2971891211279315	-0.2971891211279315
ENOG410YWEG	-0.5603219000276372	0.5603219000276372
ENOG410YWJ4	-1.7779933220723685	1.7779933220723683
ENOG410YWNZ	0.9688627832080161	-0.968862783208016
ENOG410YWSW	-0.677092985905642	0.6770929859056419
ENOG410YWUA	0.5797017848093031	-0.5797017848093033
ENOG410YWUE	-0.3064451016022192	0.30644510160221916
ENOG410YWW6	0.6097411128088683	-0.6097411128088686
ENOG410YX06	-1.5778370268724808	1.5778370268724806
ENOG410YX5C	-0.7339217734186597	0.7339217734186596
ENOG410YX6Y	-1.0913987838634884	1.0913987838634882
ENOG410YX8I	-1.4621678635294428	1.4621678635294426
ENOG410YX99	-0.19897536297754648	0.19897536297754648
ENOG410YXB6	0.01621513101293031	-0.016215131012930307
ENOG410YXBI	-1.6844617981296726	1.6844617981296723
ENOG410YXCA	0.6060894527243532	-0.6060894527243533
ENOG410YXDJ	-0.4326540898077596	0.43265408980775955
ENOG410YXFD	0.5535318027917477	-0.5535318027917474
ENOG410YXI9	-0.9768657278522532	0.9768657278522531
ENOG410YXKT	-0.6016287463060191	0.601628746306019
ENOG410YXP9	-0.6094429503098215	0.6094429503098214
ENOG410YXSE	1.4474533518800206	-1.4474533518800203
ENOG410YXTA	-1.2598161231122238	1.2598161231122238
ENOG410YXTV	-0.7855217237622952	0.7855217237622951
ENOG410YXV5	-0.8022784762136852	0.8022784762136851
ENOG410YXW0	-0.8734400805046337	0.8734400805046336
ENOG410YXW2	0.001192756027157324	-0.0011927560271573238
ENOG410YXYD	-0.5582634509085791	0.558263450908579
ENOG410YY0N	1.3040686506198327	-1.3040686506198325
ENOG410YY2Z	-0.873163550999447	0.8731635509994469
ENOG410YYBW	-1.9271867721190366	1.9271867721190363
ENOG410YYF9	-1.8238528464287225	1.8238528464287223
ENOG410YYGA	-0.5585063734057619	0.5585063734057618
ENOG410YYHZ	0.7391594692151338	-0.7391594692151335
ENOG410YYJU	-1.146063479994619	1.146063479994619
ENOG410YYNW	1.0132906765569494	-1.0132906765569492
ENOG410YYQS	-0.33999754514158614	0.3399975451415861
ENOG410YYRY	-1.1478566972406434	1.1478566972406432
ENOG410YYX0	0.8900905173361293	-0.890090517336129
ENOG410YYXB	-0.7551884688250189	0.7551884688250188
ENOG410YYXN	0.6782370426995776	-0.6782370426995776
ENOG410YZ8S	-0.8694557744676379	0.8694557744676378
ENOG410YZC6	0.27690044663966473	-0.2769004466396647
ENOG410YZFA	0.08110836187520125	-0.08110836187520123
ENOG410YZJM	-1.3162276445410235	1.3162276445410233
ENOG410YZK5	-1.0587874860328754	1.0587874860328752
ENOG410YZKT	1.3490842378511603	-1.3490842378511598
ENOG410YZPH	-0.586866513309595	0.5868665133095949
ENOG410Z01M	0.3937732389316332	-0.3937732389316329
ENOG410Z02K	-0.8853049949250386	0.8853049949250384
ENOG410Z03M	0.9954100743256387	-0.9954100743256385
ENOG410Z07R	-0.5928103889715396	0.5928103889715395
ENOG410Z08J	-0.299698492235113	0.299698492235113
ENOG410Z0C5	-1.6418012321160047	1.6418012321160045
ENOG410Z0D2	-0.7713633845442812	0.7713633845442811
ENOG410Z0EK	0.4533766353745891	-0.4533766353745893
ENOG410Z0GR	0.2894830632976623	-0.2894830632976625
ENOG410Z0IW	-0.902643115253222	0.9026431152532219
ENOG410Z0IY	-0.636361855820149	0.6363618558201489
ENOG410Z0RI	1.413901582395341	-1.4139015823953411
ENOG410Z0UM	-1.1614486591978286	1.1614486591978284
ENOG410Z0ZE	-1.1051663887917371	1.1051663887917371
ENOG410Z104	0.37115447733877943	-0.3711544773387794
ENOG410Z131	1.12374601744213	-1.12374601744213
ENOG410Z17U	-0.6906355507146907	0.6906355507146907
ENOG410Z1K5	0.6324147754932535	-0.6324147754932535
ENOG410Z1KF	0.3166095265440869	-0.31660952654408686
ENOG410Z1MP	-1.6945502268690003	1.694550226869
ENOG410Z1QN	1.2023283671315452	-1.202328367131545
ENOG410Z1RP	0.2936862471502131	-0.2936862471502128
ENOG410Z1W6	0.37528169747573864	-0.3752816974757388
ENOG410Z1WC	-1.55525827447182	1.55525827447182
ENOG410Z217	-0.3243679951568504	0.32436799515685033
ENOG410Z24N	-1.2113175942072467	1.2113175942072465
ENOG410Z261	-1.5819649798840767	1.5819649798840765
ENOG410Z27T	0.7741068756434268	-0.7741068756434267
ENOG410Z295	-0.9574251429997646	0.9574251429997644
ENOG410Z2AQ	-0.7891228018431826	0.7891228018431825
ENOG410Z2E7	-0.6295385522791549	0.6295385522791548
ENOG410Z2G6	-0.9430729538107135	0.9430729538107134
ENOG410Z2I8	0.0624974011476333	-0.062497401147633296
ENOG410Z2J1	0.7411933390919951	-0.7411933390919954
ENOG410Z2K9	0.4836357884597169	-0.48363578845971683
ENOG410Z2ND	-0.26495257877681316	0.2649525787768131
ENOG410Z2NQ	1.0495977663995253	-1.0495977663995253
ENOG410Z2RR	0.12757519340545637	-0.12757519340545637
ENOG410Z2RW	-0.9344854913585982	0.934485491358598
ENOG410Z2UD	-0.5410650418863514	0.5410650418863513
ENOG410Z2UP	-1.067991556714317	1.0679915567143168
ENOG410Z2UZ	-1.5294127342332178	1.5294127342332176
ENOG410Z2WJ	1.1887705817808445	-1.1887705817808447
ENOG410Z32R	0.5766981291337994	-0.5766981291337995
ENOG410Z330	-0.6986832587887684	0.6986832587887682
ENOG410Z34Z	-0.696353228248079	0.6963532282480789
ENOG410Z36F	-1.1735521984992445	1.1735521984992443
ENOG410Z36U	-0.12865567849239662	0.1286556784923966
ENOG410Z38T	0.7605072218480552	-0.7605072218480552
ENOG410Z39D	0.20480549317926106	-0.20480549317926103
ENOG410Z39P	-0.07341059365992589	0.07341059365992587
ENOG410Z39T	0.04907170564288421	-0.049071705642884204
ENOG410Z3DP	0.39627858666820615	-0.39627858666820587
ENOG410Z3IR	0.13475485167086157	-0.1347548516708613
ENOG410Z3JA	-0.58771424868843	0.58771424868843
ENOG410Z3SG	-0.8364397706464921	0.836439770646492
ENOG410Z3UP	-1.1638822727311633	1.163882272731163
ENOG410Z3WW	-1.2087000714530198	1.2087000714530196
ENOG410Z3XN	-0.38580717662247327	0.3858071766224732
ENOG410Z3XZ	0.2917279121027645	-0.29172791210276444
ENOG410Z3Y8	-0.269093692789813	0.269093692789813
ENOG410Z3YF	-0.5590142597226612	0.559014259722661
ENOG410Z41R	-1.3464518417873352	1.346451841787335
ENOG410Z42R	-0.27643990624032827	0.2764399062403282
ENOG410Z430	-1.2798719869618567	1.2798719869618567
ENOG410Z447	-0.9995230648142561	0.999523064814256
ENOG410Z46E	-1.2555292431941958	1.2555292431941956
ENOG410Z470	-0.33276818049461354	0.3327681804946135
ENOG410Z472	0.13513285673576372	-0.13513285673576372
ENOG410Z47E	0.2629745718286477	-0.26297457182864764
ENOG410Z4FA	-0.688971804774358	0.688971804774358
ENOG410Z4FU	-1.0078330916786216	1.0078330916786216
ENOG410Z4H2	0.6834870676546687	-0.6834870676546687
ENOG410Z4SK	-0.06292246668153523	0.06292246668153521
ENOG410Z4VE	-0.9850185565005837	0.9850185565005835
ENOG410Z4VQ	-0.3547512559646444	0.35475125596464435
ENOG410Z4XY	-0.9281261113199311	0.928126111319931
ENOG410Z4Y8	1.3203663575128453	-1.3203663575128453
ENOG410Z50M	1.0185336141943713	-1.018533614194371
ENOG410Z51W	-0.21405280644168653	0.2140528064416865
ENOG410Z568	-0.8608502512449657	0.8608502512449656
ENOG410Z56P	0.6317788181749607	-0.6317788181749606
ENOG410Z588	-1.1191354293046492	1.119135429304649
ENOG410Z5C5	-0.3928596572540332	0.39285965725403316
ENOG410Z5EU	0.636018328926119	-0.6360183289261189
ENOG410Z5FE	0.6068279835169443	-0.6068279835169441
ENOG410Z5IJ	-0.1228380949724735	0.12283809497247349
ENOG410Z5N2	-1.2179411044256632	1.217941104425663
ENOG410Z5N9	1.3779770619170015	-1.3779770619170013
ENOG410Z5P3	-0.1647954793586716	0.16479547935867156
ENOG410Z5R7	-0.07041708765509294	0.07041708765509293
ENOG410Z5RD	0.4192413982755509	-0.4192413982755511
ENOG410Z5SJ	1.90867451787318	-1.9086745178731797
ENOG410Z62C	-1.2317872623173052	1.231787262317305
ENOG410Z67X	0.846769978021	-0.8467699780209998
ENOG410Z6AU	-1.5241403816002057	1.5241403816002055
ENOG410Z6C5	-0.41654459669781013	0.4165445966978101
ENOG410Z6D7	-1.0407580108354089	1.0407580108354086
ENOG410Z6F6	-1.6367101002636322	1.636710100263632
ENOG410Z6GU	0.2530611790968216	-0.2530611790968218
ENOG410Z6IM	-1.516412909965875	1.5164129099658747
ENOG410Z6IX	0.2147169013744147	-0.21471690137441443
ENOG410Z6JP	-1.0514178549227366	1.0514178549227364
ENOG410Z6JU	-1.2457657589460764	1.2457657589460762
ENOG410Z6QR	-0.9297189766215808	0.9297189766215807
ENOG410Z6RU	0.9826654293628763	-0.9826654293628762
ENOG410Z6UB	-0.4577600828037381	0.45776008280373803
ENOG410Z6ZU	0.854901738087282	-0.8549017380872819
ENOG410Z71M	0.5197786234447527	-0.5197786234447523
ENOG410Z72X	-0.6121898170358107	0.6121898170358105
ENOG410Z75S	1.3525651549619004	-1.3525651549619002
ENOG410Z78F	-0.47317230030039786	0.4731723003003978
ENOG410Z78K	0.07575336264946904	-0.07575336264946879
ENOG410Z79W	-1.6709871377659666	1.6709871377659664
ENOG410Z7CF	-0.7853520027750008	0.7853520027750007
ENOG410Z7CV	-1.64138165375221	1.6413816537522097
ENOG410Z7MK	-0.13600653380639016	0.13600653380639016
ENOG410Z7PY	1.1474523014211424	-1.1474523014211424
ENOG410Z7S1	0.13675172183301576	-0.13675172183301573
ENOG410Z7X3	-0.2464265829408945	0.24642658294089448
ENOG410Z83I	-0.183889569152711	0.18388956915271099
ENOG410Z83N	0.0032228849429072055	-0.003222884942907205
ENOG410Z89S	-0.26718348992948165	0.2671834899294816
ENOG410Z8B0	0.39802018506009984	-0.3980201850600998
ENOG410Z8B4	-0.5292371243425488	0.5292371243425488
ENOG410Z8BV	0.007098489552851038	-0.007098489552851037
ENOG410Z8C3	0.2675705193636633	-0.2675705193636632
ENOG410Z8ID	-0.5854302445877542	0.5854302445877541
ENOG410Z8K8	-1.0773433368893413	1.077343336889341
ENOG410Z8NA	-1.043285157638704	1.0432851576387039
ENOG410Z8VE	1.551981166270008	-1.551981166270008
ENOG410Z92N	0.6559429543854994	-0.6559429543854991
ENOG410Z937	0.29568441429583076	-0.2956844142958305
ENOG410Z93W	1.0071345115747865	-1.0071345115747865
ENOG410Z952	1.1217921991733657	-1.1217921991733657
ENOG410Z97P	-0.27591919237367657	0.2759191923736765
ENOG410Z994	-0.022525748809037363	0.02252574880903736
ENOG410Z9BD	-1.2261331583903918	1.2261331583903916
ENOG410Z9EY	-0.5502723759252331	0.5502723759252331
ENOG410Z9IK	0.366010926946784	-0.36601092694678394
ENOG410Z9M6	0.5902972248875965	-0.5902972248875964
ENOG410Z9R2	-0.5939797946342484	0.5939797946342484
ENOG410Z9WD	1.0537418712688882	-1.0537418712688882
ENOG410Z9WF	-0.9606345501292728	0.9606345501292727
ENOG410Z9Z8	-1.4922691507238912	1.492269150723891
ENOG410ZA1A	-1.162510491132968	1.1625104911329678
ENOG410ZA2Q	-0.7600741259526281	0.760074125952628
ENOG410ZA63	-1.378415690975466	1.3784156909754657
ENOG410ZAAE	0.8369561077074847	-0.8369561077074844
ENOG410ZADN	-0.38737287809615933	0.3873728780961593
ENOG410ZAEE	1.3050080310040482	-1.3050080310040482
ENOG410ZAFM	-0.13380817053739064	0.1338081705373906
ENOG410ZAHY	0.5847385437664896	-0.5847385437664893
ENOG410ZATI	0.37654859471233554	-0.3765485947123355
ENOG410ZAVF	0.6705762425664183	-0.6705762425664186
ENOG410ZAVW	-1.256222808487587	1.2562228084875868
ENOG410ZAYP	0.8505018878268511	-0.8505018878268508
ENOG410ZB0D	0.41515861735331117	-0.41515861735331133
ENOG410ZB0Z	-1.016932616789554	1.016932616789554
ENOG410ZB17	1.1242267709961962	-1.1242267709961962
ENOG410ZB20	-0.5333185389108404	0.5333185389108404
ENOG410ZB44	0.7963117171166166	-0.7963117171166167
ENOG410ZBEN	-0.927911615560106	0.927911615560106
ENOG410ZBJR	-1.0641796164760375	1.0641796164760373
ENOG410ZBKA	-0.020413014617952672	0.02041301461795267
ENOG410ZBPX	0.24463058999671086	-0.24463058999671108
ENOG410ZBQS	0.7248897046688297	-0.7248897046688296
ENOG410ZBRU	-1.4950354669059187	1.4950354669059185
ENOG410ZBVD	0.7118014817086975	-0.7118014817086974
ENOG410ZBWM	-1.5109524884041485	1.5109524884041485
ENOG410ZBY4	-0.09883878724713321	0.0988387872471332
ENOG410ZC02	-0.10816667315836109	0.10816667315836108
ENOG410ZC4E	0.4625251726602376	-0.4625251726602378
ENOG410ZC5F	-0.97817900350723	0.9781790035072299
ENOG410ZC8P	-1.500407585105599	1.500407585105599
ENOG410ZC98	-0.7858954975022772	0.7858954975022772
ENOG410ZCCT	-1.4850215062637018	1.4850215062637016
ENOG410ZCG0	1.8357094729501369	-1.8357094729501366
ENOG410ZCPC	0.8393605434886738	-0.8393605434886737
ENOG410ZCPU	-1.3908696817801487	1.3908696817801485
ENOG410ZCV3	-0.31862365119301206	0.31862365119301206
ENOG410ZCXG	-0.41257942177260637	0.4125794217726063
ENOG410ZCYK	-1.4762807609081965	1.4762807609081963
ENOG410ZCYP	0.7305925298387955	-0.7305925298387954
ENOG410ZCZ7	1.339997701725189	-1.3399977017251887
ENOG410ZD2Z	0.03970124124010046	-0.03970124124010046
ENOG410ZD45	0.2984291866951798	-0.29842918669517954
ENOG410ZD6H	-0.9961117303883847	0.9961117303883846
ENOG410ZD8T	-1.7993775083856645	1.7993775083856642
ENOG410ZD92	-1.345128985970181	1.345128985970181
ENOG410ZDA4	0.5064047367720093	-0.5064047367720091
ENOG410ZDAN	-1.0965603759340792	1.0965603759340792
ENOG410ZDE6	0.48314592594647265	-0.4831459259464728
ENOG410ZDER	-0.7044763610053685	0.7044763610053684
ENOG410ZDI4	-1.0555141579060654	1.0555141579060654
ENOG410ZDMF	0.8723120308957645	-0.8723120308957644
ENOG410ZDMZ	1.004360266309122	-1.0043602663091218
ENOG410ZDRF	1.4920152222526952	-1.4920152222526948
ENOG410ZDY6	0.7522842042037625	-0.7522842042037624
ENOG410ZE8N	-0.430369582823617	0.4303695828236169
ENOG410ZE9J	-0.40986872680648406	0.409868726806484
ENOG410ZEB6	-0.18783969449534768	0.18783969449534765
ENOG410ZEGC	0.37554429531036354	-0.37554429531036326
ENOG410ZEIQ	1.0563141527464717	-1.0563141527464712
ENOG410ZEJ4	-1.1987905316426453	1.198790531642645
ENOG410ZEMC	0.1011033180683383	-0.10110331806833806
ENOG410ZETB	1.3550959517586083	-1.355095951758608
ENOG410ZEYT	-1.5250571605398382	1.525057160539838
ENOG410ZF0V	0.6020725901151618	-0.6020725901151619
ENOG410ZF12	-0.6132096911009719	0.6132096911009718
ENOG410ZF8H	0.3993746257018417	-0.3993746257018414
ENOG410ZFED	-1.2111900768587616	1.2111900768587613
ENOG410ZFFM	-0.39341931700096366	0.3934193170009636
ENOG410ZFN1	-1.2643358278196968	1.2643358278196966
ENOG410ZFR9	1.2278355881326237	-1.2278355881326235
ENOG410ZFU2	-1.322310053307283	1.3223100533072827
ENOG410ZFU4	-0.8353793718306683	0.8353793718306682
ENOG410ZFWF	-0.9411166162937521	0.941116616293752
ENOG410ZFY9	1.9810341579024788	-1.9810341579024788
ENOG410ZG22	1.3930542542589863	-1.3930542542589863
ENOG410ZG3Z	-0.537856705587746	0.5378567055877459
ENOG410ZG6A	-0.14764134930226333	0.1476413493022633
ENOG410ZG9V	-1.7730912337685518	1.7730912337685516
ENOG410ZGBE	-0.4332960061556503	0.4332960061556502
ENOG410ZGC3	1.3026071462578719	-1.3026071462578717
ENOG410ZGCT	-0.6958734650879892	0.6958734650879892
ENOG410ZGGZ	-1.573178793754651	1.5731787937546509
ENOG410ZGJ0	0.9179297632665627	-0.9179297632665628
ENOG410ZGJH	0.14390774545128418	-0.1439077454512844
ENOG410ZGK6	-0.34700637897423703	0.347006378974237
ENOG410ZGNB	0.516576419034094	-0.516576419034094
ENOG410ZGR7	-1.696358518226052	1.6963585182260519
ENOG410ZGRA	0.9574785506462417	-0.9574785506462415
ENOG410ZGSC	-0.04587095420977819	0.045870954209778186
ENOG410ZGTQ	-0.25841732075759893	0.2584173207575989
ENOG410ZGVC	-0.4819742134360577	0.4819742134360576
ENOG410ZH12	0.19625333447309526	-0.196253334473095
ENOG410ZH1H	1.7180101094665037	-1.7180101094665032
ENOG410ZH41	-1.1811103017133477	1.1811103017133475
ENOG410ZH7W	-1.156625617334924	1.156625617334924
ENOG410ZHCN	-0.1435480674675031	0.14354806746750307
ENOG410ZHID	0.2476111934906269	-0.24761119349062666
ENOG410ZHKD	-1.285253444359296	1.2852534443592958
ENOG410ZHQ3	-0.8092545288403862	0.8092545288403861
ENOG410ZHQ7	1.1470818910456495	-1.1470818910456495
ENOG410ZHQG	-1.7704913617548048	1.7704913617548046
ENOG410ZHQR	-0.08839674170198283	0.08839674170198282
ENOG410ZHR8	-0.5356101403893513	0.5356101403893512
ENOG410ZHSA	0.8107910663608447	-0.8107910663608449
ENOG410ZHSB	0.8908178254830366	-0.8908178254830365
ENOG410ZHVH	0.05927734621716999	-0.05927734621716975
ENOG410ZHW9	0.04472222509210933	-0.04472222509210933
ENOG410ZI0N	-0.13830585149312905	0.13830585149312902
ENOG410ZI19	-1.21967378385272	1.2196737838527199
ENOG410ZI1R	0.20966485417529704	-0.209664854175297
ENOG410ZI1U	-0.2648606133340646	0.2648606133340646
ENOG410ZI3Q	0.08606921125699113	-0.08606921125699112
ENOG410ZI7G	0.5150849470863048	-0.5150849470863046
ENOG410ZI89	-0.7763917195489703	0.7763917195489702
ENOG410ZIA8	0.338541624415464	-0.3385416244154637
ENOG410ZIAB	0.5048606376871932	-0.5048606376871929
ENOG410ZIAQ	-0.9943904727735616	0.9943904727735614
ENOG410ZICD	1.1755650304239347	-1.1755650304239345
ENOG410ZIF1	-0.5675229853534478	0.5675229853534477
ENOG410ZIFY	1.3793706270469694	-1.3793706270469692
ENOG410ZIG5	0.49738259321333267	-0.4973825932133326
ENOG410ZIJN	-0.35786364783904623	0.3578636478390462
ENOG410ZIMQ	1.6735858862019866	-1.6735858862019863
ENOG410ZIMZ	0.9270906701084748	-0.9270906701084747
ENOG410ZIN8	-0.24503435595804954	0.2450343559580495
ENOG410ZINF	0.8718481444194263	-0.8718481444194263
ENOG410ZINS	0.11165981076930934	-0.11165981076930932
ENOG410ZIQ4	-1.4019197059854618	1.4019197059854616
ENOG410ZIQS	-0.2835873357944056	0.28358733579440554
ENOG410ZIT2	-0.5786941082030306	0.5786941082030305
ENOG410ZIUZ	0.1171996980188783	-0.11719969801887806
ENOG410ZJ1R	0.8439422537398579	-0.8439422537398578
ENOG410ZJ35	-0.9063658695143941	0.906365869514394
ENOG410ZJ5G	-1.3241700414031274	1.3241700414031272
ENOG410ZJ65	-1.1025707744046798	1.1025707744046795
ENOG410ZJ6A	0.28386471898842347	-0.2838647189884234
ENOG410ZJ6R	1.0870920276473326	-1.0870920276473324
ENOG410ZJ6Y	-1.1685106254742799	1.1685106254742799
ENOG410ZJ88	1.804212625294027	-1.804212625294027
ENOG410ZJ9F	0.7745800174976621	-0.774580017497662
ENOG410ZJ9Y	-0.3419548272212611	0.341954827221261
ENOG410ZJAS	-0.11638041658631167	0.11638041658631165
ENOG410ZJC4	-1.0985658810729548	1.0985658810729548
ENOG410ZJCP	-0.9416868908866345	0.9416868908866344
ENOG410ZJDC	-0.1456984719477044	0.1456984719477044
ENOG410ZJH1	-0.9176723194381131	0.917672319438113
ENOG410ZJHZ	-1.3389814872756425	1.3389814872756423
ENOG410ZJJS	-0.21636111394868668	0.21636111394868665
ENOG410ZJK0	-0.08966873389506962	0.0896687338950696
ENOG410ZJK4	0.6209764623191988	-0.6209764623191988
ENOG410ZJKU	-0.6126152762587692	0.6126152762587691
ENOG410ZJM7	-1.655361191916509	1.6553611919165088
ENOG410ZJMC	-0.5226613648229811	0.522661364822981
ENOG410ZJMP	-1.3067650951227296	1.3067650951227294
ENOG410ZJMR	0.6630829464804935	-0.6630829464804933
ENOG410ZJMV	0.27890951602111275	-0.2789095160211127
ENOG410ZJN8	0.37665284360875373	-0.37665284360875395
ENOG410ZJNA	-0.059013362103378535	0.05901336210337853
ENOG410ZJP4	-0.8227031557606693	0.8227031557606692
ENOG410ZJPA	0.8593022871495365	-0.8593022871495362
ENOG410ZJPZ	-0.7923519916570344	0.7923519916570343
ENOG410ZJQ0	-0.849100901228613	0.8491009012286129
ENOG410ZJQ8	-1.2437930957215781	1.2437930957215781
ENOG410ZJQZ	1.543065323400975	-1.5430653234009748
ENOG410ZJR9	-1.3073172433970488	1.3073172433970486
ENOG410ZJRR	0.3899145550563295	-0.3899145550563292
ENOG410ZJU9	-0.11393469792490035	0.11393469792490034
ENOG410ZJV1	-0.41002629884847824	0.4100262988484782
ENOG410ZJVD	0.40930443018666696	-0.4093044301866667
ENOG410ZJWK	-1.64255025207177	1.6425502520717699
ENOG410ZJXJ	-1.5888372401046904	1.5888372401046902
ENOG410ZJY7	0.9939190267945588	-0.9939190267945585
ENOG410ZJYB	-0.8627081849276865	0.8627081849276864
ENOG410ZJZS	0.8792532957085981	-0.879253295708598
ENOG410ZK0W	-1.253584342703581	1.2535843427035809
ENOG410ZK4G	0.6431860614337201	-0.6431860614337198
ENOG410ZK57	-0.7681518533752734	0.7681518533752733
ENOG410ZK5A	1.8093251952502196	-1.8093251952502194
ENOG410ZK5M	1.102510384172029	-1.1025103841720285
ENOG410ZK6H	1.7181031437427392	-1.7181031437427392
ENOG410ZK6J	-1.1385121238761884	1.1385121238761882
ENOG410ZK7Z	-0.7183789828333037	0.7183789828333036
ENOG410ZK8S	-1.3425275025574477	1.3425275025574475
ENOG410ZK9X	-1.4480216391047902	1.4480216391047902
ENOG410ZKC2	-0.21708753177606094	0.2170875317760609
ENOG410ZKDB	-0.5360776500072962	0.5360776500072961
ENOG410ZKE8	-0.9905605081439176	0.9905605081439175
ENOG410ZKEA	-1.5182034276179888	1.5182034276179885
ENOG410ZKES	0.47080350826092415	-0.4708035082609239
ENOG410ZKFF	0.15581136149594665	-0.15581136149594638
ENOG410ZKFY	-0.252148566893492	0.25214856689349197
ENOG410ZKG3	-0.2614211114627282	0.2614211114627282
ENOG410ZKHE	-1.2397077226189461	1.239707722618946
ENOG410ZKHX	-0.7477915231550877	0.7477915231550876
ENOG410ZKJY	-0.16896664789582827	0.16896664789582827
ENOG410ZKM4	0.07274250935078717	-0.07274250935078741
ENOG410ZKMW	0.11329035887026843	-0.11329035887026818
ENOG410ZKNE	0.19514925082982662	-0.19514925082982681
ENOG410ZKQ7	-0.5919554519480225	0.5919554519480223
ENOG410ZKR2	-0.9014387405306119	0.9014387405306118
ENOG410ZKS3	1.1979789777970185	-1.1979789777970182
ENOG410ZKW2	-1.144092783678209	1.144092783678209
ENOG410ZKX3	1.1265023796233506	-1.1265023796233504
ENOG410ZKYZ	1.0373056410724144	-1.0373056410724146
ENOG410ZM02	-0.2070120202257795	0.20701202022577947
ENOG410ZM1E	-1.7158121345675406	1.7158121345675403
ENOG410ZM3M	-1.2529613733996943	1.2529613733996943
ENOG410ZM4J	-0.13856832137081462	0.1385683213708146
ENOG410ZMBA	-0.6923054185331282	0.6923054185331281
ENOG410ZMF3	0.6862185332627172	-0.6862185332627169
ENOG410ZMFH	0.8528702355094149	-0.8528702355094148
ENOG410ZMFR	0.3189138284150766	-0.3189138284150768
ENOG410ZMG7	-0.08558611313750102	0.085586113137501
ENOG410ZMHB	-1.3361432275462641	1.336143227546264
ENOG410ZMJ6	-0.14457918637843584	0.1445791863784358
ENOG410ZMS9	-0.05917501360034291	0.059175013600342906
ENOG410ZMSK	-0.3676995684067619	0.3676995684067618
ENOG410ZMVI	0.18595125548684416	-0.18595125548684388
ENOG410ZMWE	1.0868365072778823	-1.0868365072778825
ENOG410ZMWT	-1.0699807606836784	1.0699807606836782
ENOG410ZMXZ	0.011726208071593637	-0.011726208071593637
ENOG410ZMYB	-0.5617205030806419	0.5617205030806418
ENOG410ZN2B	-1.3882179705755424	1.3882179705755422
ENOG410ZN4P	-0.5742743323362446	0.5742743323362445
ENOG410ZN54	0.32153087056985075	-0.32153087056985075
ENOG410ZN5Y	-1.1130444190443927	1.1130444190443924
ENOG410ZN8Y	-1.458638302113317	1.4586383021133167
ENOG410ZNBK	1.7126529845597995	-1.7126529845597993
ENOG410ZNCA	-1.389559158590014	1.3895591585900138
ENOG410ZNCQ	0.5595412247673911	-0.559541224767391
ENOG410ZNDB	-0.7072877088628805	0.7072877088628805
ENOG410ZNH8	0.22647655230219527	-0.22647655230219502
ENOG410ZNJB	-0.8136781563833936	0.8136781563833935
ENOG410ZNKJ	0.6907685210313517	-0.6907685210313518
ENOG410ZNMA	-0.48986468070822303	0.489864680708223
ENOG410ZNS9	0.28656172498063537	-0.2865617249806356
ENOG410ZNUM	1.3608487884288893	-1.3608487884288891
ENOG410ZNUV	-0.8968266205746703	0.8968266205746702
ENOG410ZNV1	0.9451225423094655	-0.9451225423094656
ENOG410ZNVS	-1.80599901726421	1.8059990172642097
ENOG410ZNX6	0.1424190244030117	-0.14241902440301168
ENOG410ZNXF	-0.49587535854139275	0.4958753585413927
ENOG410ZNXQ	0.9036358773279625	-0.9036358773279624
ENOG410ZNXT	-1.362709426682789	1.3627094266827888
ENOG410ZP37	0.06739824326068775	-0.06739824326068797
ENOG410ZP7K	0.8269523924070379	-0.8269523924070376
ENOG410ZP81	-0.9521764475861325	0.9521764475861324
ENOG410ZP8N	0.8566915406577436	-0.8566915406577432
ENOG410ZPA9	1.0198580747659598	-1.0198580747659596
ENOG410ZPAJ	1.0157952035069286	-1.0157952035069284
ENOG410ZPH1	-1.4296827143230804	1.4296827143230801
ENOG410ZPHH	-1.5401035666412988	1.5401035666412985
ENOG410ZPI7	1.30112268190783	-1.30112268190783
ENOG410ZPJF	-1.2529245940267326	1.2529245940267324
ENOG410ZPM6	-0.46277952139980705	0.462779521399807
ENOG410ZPNJ	-0.3761224730721189	0.3761224730721188
ENOG410ZPQX	0.8004363280451074	-0.8004363280451071
ENOG410ZPQY	-1.1599058806551046	1.1599058806551046
ENOG410ZPTT	1.0636165131656703	-1.0636165131656703
ENOG410ZPV3	1.5312050245520965	-1.531205024552096
ENOG410ZPYN	-0.07635372900656742	0.07635372900656741
ENOG410ZQ0F	1.1885447013852206	-1.1885447013852206
ENOG410ZQ17	0.601896387587335	-0.6018963875873352
ENOG410ZQ2Q	-1.180360630033262	1.1803606300332619
ENOG410ZQ3X	-0.2690907989994287	0.26909079899942867
ENOG410ZQ44	-0.7164089982781104	0.7164089982781103
ENOG410ZQ4V	0.4458959099090782	-0.4458959099090779
ENOG410ZQ51	-2.0019224897752985	2.0019224897752985
ENOG410ZQ81	-1.0044728434599806	1.0044728434599803
ENOG410ZQ9H	0.1879152902194323	-0.18791529021943226
ENOG410ZQ9R	0.056224827531557546	-0.05622482753155754
ENOG410ZQCG	0.11279556112510053	-0.11279556112510075
ENOG410ZQDJ	0.23987354970309804	-0.23987354970309827
ENOG410ZQEH	0.21079672801966182	-0.2107967280196618
ENOG410ZQEY	-0.9062864964458821	0.906286496445882
ENOG410ZQFA	-1.105950132073152	1.1059501320731517
ENOG410ZQJ3	0.8365559178349203	-0.8365559178349202
ENOG410ZQP3	-1.755118409540747	1.7551184095407468
ENOG410ZQPZ	0.18593291218791966	-0.18593291218791938
ENOG410ZQTG	-1.4893811104731902	1.48938111047319
ENOG410ZQZW	-1.1897740881101926	1.1897740881101924
ENOG410ZR0N	-0.7998930036559438	0.7998930036559437
ENOG410ZR1Q	-0.30337667248818245	0.3033766724881824
ENOG410ZR3I	0.7291063655864145	-0.7291063655864144
ENOG410ZR3Q	-1.2205162214416772	1.220516221441677
ENOG410ZR5A	0.14430686235449106	-0.14430686235449103
ENOG410ZR5K	0.673174800062995	-0.6731748000629949
ENOG410ZR5Z	-1.2999108773520769	1.2999108773520767
ENOG410ZR6H	1.0848276815903304	-1.0848276815903302
ENOG410ZR6W	-0.5953243615152357	0.5953243615152356
ENOG410ZR7H	0.021567671177397125	-0.02156767117739712
ENOG410ZR84	1.2060723099005315	-1.2060723099005313
ENOG410ZRB7	0.27388124761581556	-0.2738812476158155
ENOG410ZRD3	-0.8446920678485585	0.8446920678485584
ENOG410ZRE2	-0.5780314328938443	0.5780314328938443
ENOG410ZRET	0.2442731001208083	-0.24427310012080827
ENOG410ZRG1	-0.25687484000785765	0.2568748400078576
ENOG410ZRJG	-1.167547160954987	1.1675471609549868
ENOG410ZRM0	0.6018328358102424	-0.6018328358102425
ENOG410ZRQY	-0.6283751787416453	0.6283751787416452
ENOG410ZRT2	-0.7721119328628275	0.7721119328628274
ENOG410ZRT8	-0.6694824550142445	0.6694824550142445
ENOG410ZRYP	1.1111755695259258	-1.1111755695259253
ENOG410ZRZQ	0.515091768376306	-0.5150917683763058
ENOG410ZS3T	0.10002179467789857	-0.10002179467789832
ENOG410ZS3Y	0.2729053070081455	-0.2729053070081455
ENOG410ZS6C	0.5421494007427359	-0.5421494007427355
ENOG410ZS7B	0.3219995539128232	-0.32199955391282314
ENOG410ZS81	0.006884327916149054	-0.006884327916149053
ENOG410ZS87	1.5048333228331072	-1.5048333228331072
ENOG410ZSAC	-1.3619576598187997	1.3619576598187995
ENOG410ZSAE	1.7693633620208855	-1.769363362020885
ENOG410ZSDZ	-0.41629717953215356	0.4162971795321535
ENOG410ZSE7	1.5440698349155222	-1.5440698349155222
ENOG410ZSED	-0.625811157378045	0.625811157378045
ENOG410ZSEH	-0.631925460441756	0.6319254604417559
ENOG410ZSFZ	0.16445702244964017	-0.1644570224496404
ENOG410ZSQZ	-0.18019049644905988	0.18019049644905985
ENOG410ZSR7	-0.3510199597960872	0.35101995979608713
ENOG410ZSSQ	-0.5086609927070546	0.5086609927070546
ENOG410ZSSS	-1.620165842309139	1.620165842309139
ENOG410ZSUS	-0.6849394349195795	0.6849394349195795
ENOG410ZSYZ	-0.2725914128006689	0.27259141280066884
ENOG410ZT0A	0.2838035315644508	-0.2838035315644508
ENOG410ZT1Z	0.011329124460462936	-0.011329124460462935
ENOG410ZT2K	-0.9358609023951191	0.935860902395119
ENOG410ZT2S	1.825035695077302	-1.8250356950773015
ENOG410ZT3S	0.6065365802558206	-0.6065365802558208
ENOG410ZT4I	-0.7991536477904673	0.7991536477904672
ENOG410ZT6D	-0.569297036921186	0.569297036921186
ENOG410ZT7X	0.7650734704244694	-0.7650734704244696
ENOG410ZT8D	-0.07443619003035552	0.07443619003035551
ENOG410ZT8Q	-1.0832236945619167	1.0832236945619165
ENOG410ZT94	-0.7466408439911979	0.7466408439911978
ENOG410ZT9V	-0.9304715188363144	0.9304715188363143
ENOG410ZTD8	-1.673164532892278	1.6731645328922777
ENOG410ZTDK	-1.6199980989833043	1.619998098983304
ENOG410ZTFV	0.23630836204327776	-0.236308362043278
ENOG410ZTGR	-0.6481787361751511	0.648178736175151
ENOG410ZTH0	0.29715514174794516	-0.2971551417479451
ENOG410ZTHG	-1.7543717985573086	1.7543717985573084
ENOG410ZTIN	-1.497201866519456	1.4972018665194557
ENOG410ZTJW	0.13811706655668798	-0.1381170665566882
ENOG410ZTN9	-0.740720218901707	0.7407202189017069
ENOG410ZTQ8	1.132341788872143	-1.132341788872143
ENOG410ZTS5	-1.0125616454969988	1.0125616454969988
ENOG410ZTSQ	-0.34313491838993265	0.34313491838993265
ENOG410ZTTH	-1.8382910918493778	1.8382910918493776
ENOG410ZTY6	-0.33073544756613504	0.330735447566135
ENOG410ZTYU	0.9101879798114251	-0.9101879798114247
ENOG410ZU2X	-0.607689427898495	0.6076894278984949
ENOG410ZU50	1.088342995573348	-1.0883429955733477
ENOG410ZU5G	-1.3731014145768554	1.3731014145768554
ENOG410ZU8E	0.6642791854812333	-0.6642791854812332
ENOG410ZU9D	-0.5780228801861244	0.5780228801861242
ENOG410ZU9X	-0.319338500043869	0.319338500043869
ENOG410ZUAG	-0.39702536019429197	0.3970253601942919
ENOG410ZUAJ	-0.055103838603647516	0.05510383860364751
ENOG410ZUBG	0.25749611642816944	-0.2574961164281696
ENOG410ZUD8	-0.010491131817132312	0.01049113181713231
ENOG410ZUFB	0.28562164133142487	-0.2856216413314246
ENOG410ZUG6	0.2708766754084174	-0.2708766754084172
ENOG410ZUGA	-0.408290946249219	0.40829094624921897
ENOG410ZUGE	-1.5510196637252152	1.551019663725215
ENOG410ZUI7	1.4646849211406507	-1.4646849211406505
ENOG410ZUK1	0.8227204406093099	-0.8227204406093098
ENOG410ZUKH	-0.5582652119645338	0.5582652119645338
ENOG410ZUN9	0.3252447372699118	-0.32524473726991154
ENOG410ZUPW	-0.23145444346754995	0.23145444346754993
ENOG410ZURF	1.673265915354139	-1.6732659153541387
ENOG410ZUS1	0.11862499600439945	-0.1186249960043992
ENOG410ZUV1	1.612871441705727	-1.6128714417057268
ENOG410ZUW0	0.8740484135732031	-0.874048413573203
ENOG410ZUYT	1.5591321480552245	-1.559132148055224
ENOG410ZV25	0.15472782435606464	-0.15472782435606464
ENOG410ZV35	-0.8550895010978312	0.8550895010978311
ENOG410ZV3K	-0.5843478877643843	0.5843478877643842
ENOG410ZV69	0.672478635366525	-0.6724786353665249
ENOG410ZV6H	-1.3862369107400898	1.3862369107400896
ENOG410ZV8C	0.4231171433754117	-0.4231171433754117
ENOG410ZV99	1.754738452683036	-1.7547384526830359
ENOG410ZVB7	-1.627138460723373	1.6271384607233728
ENOG410ZVB9	-1.183971908050232	1.183971908050232
ENOG410ZVBK	-1.1272827310994193	1.1272827310994191
ENOG410ZVBZ	0.25302710809948914	-0.2530271080994891
ENOG410ZVC6	-0.1701179991416778	0.1701179991416778
ENOG410ZVC8	0.32922510134244837	-0.3292251013424481
ENOG410ZVCD	0.8567448624733818	-0.8567448624733817
ENOG410ZVCF	-1.4546582055779582	1.454658205577958
ENOG410ZVCH	1.4666927005931425	-1.4666927005931425
ENOG410ZVCR	0.8821647721925577	-0.8821647721925576
ENOG410ZVCU	1.4133514735790278	-1.4133514735790276
ENOG410ZVD1	-0.7619062354673917	0.7619062354673917
ENOG410ZVD2	1.6581237472027845	-1.6581237472027843
ENOG410ZVD3	-0.5569087933784642	0.5569087933784642
ENOG410ZVDG	0.8415769166626734	-0.8415769166626733
ENOG410ZVDK	1.6050004217520581	-1.605000421752058
ENOG410ZVDW	-0.22503916038062058	0.22503916038062055
ENOG410ZVDY	-0.135013792238921	0.13501379223892096
ENOG410ZVE2	0.3705829186753665	-0.37058291867536675
ENOG410ZVE6	1.717123156387969	-1.7171231563879688
ENOG410ZVE8	-0.44695902264687015	0.4469590226468701
ENOG410ZVEJ	-0.6039782366839853	0.6039782366839852
ENOG410ZVEQ	-0.1060729122750635	0.10607291227506349
ENOG410ZVEU	-0.8271021813398372	0.827102181339837
ENOG410ZVEY	-0.13556732836428845	0.13556732836428842
ENOG410ZVF4	-1.8745371840494716	1.8745371840494713
ENOG410ZVF6	-0.06528464730078246	0.06528464730078244
ENOG410ZVFE	-0.6726787593483708	0.6726787593483707
ENOG410ZVFH	-0.5355709508448758	0.5355709508448758
ENOG410ZVFJ	1.205344385683001	-1.2053443856830008
ENOG410ZVFU	0.6715040115425757	-0.6715040115425756
ENOG410ZVG0	-0.8346186473197225	0.8346186473197224
ENOG410ZVG1	-0.3221470466886781	0.3221470466886781
ENOG410ZVG5	-0.1360659000692742	0.1360659000692742
ENOG410ZVGB	1.07414688244853	-1.07414688244853
ENOG410ZVGS	-0.30642247635873426	0.3064224763587342
ENOG410ZVGZ	-1.0901207755080047	1.0901207755080047
ENOG410ZVH0	0.49417184926042235	-0.4941718492604223
ENOG410ZVHC	1.5228905511838915	-1.5228905511838913
ENOG410ZVHG	-0.059402085052230505	0.0594020850522305
ENOG410ZVHH	-1.1693169021924847	1.1693169021924845
ENOG410ZVHJ	-0.2363132220238996	0.23631322202389957
ENOG410ZVHQ	-1.5848105727971125	1.5848105727971122
ENOG410ZVHW	-0.8854330089102356	0.8854330089102355
ENOG410ZVI2	-0.569381446318168	0.569381446318168
ENOG410ZVIC	-1.1130577023024966	1.1130577023024963
ENOG410ZVID	-1.2381477307025366	1.2381477307025364
ENOG410ZVJ1	-0.9948667634304471	0.994866763430447
ENOG410ZVJ2	-0.7231388596484398	0.7231388596484397
ENOG410ZVJD	-1.5665115985803781	1.566511598580378
ENOG410ZVJF	-1.7351303844503774	1.7351303844503772
ENOG410ZVJH	-0.29198901653311254	0.2919890165331125
ENOG410ZVJU	-0.020044119155621487	0.020044119155621484
ENOG410ZVJX	-0.772486413144092	0.7724864131440919
ENOG410ZVJY	0.5970722078094866	-0.5970722078094868
ENOG410ZVK6	-0.8142788707181327	0.8142788707181325
ENOG410ZVKR	0.19153868128888035	-0.19153868128888032
ENOG410ZVM5	1.650435891634576	-1.6504358916345758
ENOG410ZVMD	-0.021407429534067695	0.02140742953406769
ENOG410ZVME	-0.7617217053376257	0.7617217053376256
ENOG410ZVMN	1.597852674069857	-1.5978526740698566
ENOG410ZVMV	-1.8984354084354458	1.8984354084354456
ENOG410ZVMW	-0.20834728852639528	0.20834728852639525
ENOG410ZVN9	-1.2745861121267577	1.2745861121267574
ENOG410ZVNC	-0.3954399895206023	0.3954399895206023
ENOG410ZVNJ	0.18823501175870846	-0.1882350117587087
ENOG410ZVNV	-0.7172516384298931	0.717251638429893
ENOG410ZVNW	-0.14677330138251946	0.14677330138251946
ENOG410ZVNY	0.372611057086662	-0.3726110570866622
ENOG410ZVP5	-0.15713899038107074	0.1571389903810707
ENOG410ZVP8	0.010022175978886449	-0.010022175978886447
ENOG410ZVP9	-0.7938515241395607	0.7938515241395606
ENOG410ZVPG	0.8587834383305667	-0.8587834383305666
ENOG410ZVPQ	0.5109127263513048	-0.5109127263513045
ENOG410ZVPT	-1.3910526513004635	1.3910526513004635
ENOG410ZVPY	0.5219519375412226	-0.5219519375412226
ENOG410ZVQE	-1.1369654332393007	1.1369654332393004
ENOG410ZVQG	1.5546185741892347	-1.5546185741892344
ENOG410ZVQI	-1.2660648665027672	1.2660648665027672
ENOG410ZVQW	1.2864774819392637	-1.2864774819392635
ENOG410ZVQY	0.51065988279819	-0.51065988279819
ENOG410ZVQZ	-0.06590459321080219	0.06590459321080219
ENOG410ZVRD	-0.4017072862055246	0.40170728620552454
ENOG410ZVRR	-0.7349910078566718	0.7349910078566717
ENOG410ZVRS	0.10444642844214344	-0.10444642844214319
ENOG410ZVS6	-0.44242009297695045	0.4424200929769504
ENOG410ZVS8	0.5603720857010467	-0.5603720857010464
ENOG410ZVSH	-0.7650261136907301	0.76502611369073
ENOG410ZVSK	-0.5840924963813114	0.5840924963813113
ENOG410ZVSP	1.2279680563051794	-1.2279680563051791
ENOG410ZVSQ	-0.1217373846128922	0.12173738461289219
ENOG410ZVSS	-1.8710115329794699	1.8710115329794696
ENOG410ZVT4	1.5803813017683832	-1.5803813017683828
ENOG410ZVTR	0.4162842472135037	-0.41628424721350366
ENOG410ZVU0	-0.41215803168598003	0.41215803168598
ENOG410ZVU1	-0.4467684831438325	0.44676848314383244
ENOG410ZVU3	0.06937700303493038	-0.06937700303493037
ENOG410ZVW5	0.2643292998920117	-0.2643292998920114
ENOG410ZVWB	1.335307376563395	-1.3353073765633952
ENOG410ZVWK	0.5368443493508606	-0.5368443493508605
ENOG410ZVWQ	-0.4842513948204182	0.4842513948204181
ENOG410ZVWS	-1.3015789811999108	1.3015789811999108
ENOG410ZVWT	-0.31049199219334944	0.3104919921933494
ENOG410ZVWW	1.7862069819667432	-1.786206981966743
ENOG410ZVXC	-1.3144898868103654	1.3144898868103654
ENOG410ZVXI	-0.8914979654048137	0.8914979654048136
ENOG410ZVY1	1.424172413233929	-1.424172413233929
ENOG410ZVY8	-1.902192714386516	1.9021927143865158
ENOG410ZVYC	-0.15586766389750095	0.15586766389750092
ENOG410ZVYR	-0.48698181111936173	0.4869818111193617
ENOG410ZVZG	-0.2691133059263169	0.2691133059263169
ENOG410ZW04	0.5719925029815917	-0.5719925029815917
ENOG410ZW0D	0.8189230115195127	-0.818923011519513
ENOG410ZW1B	-0.9983340490926466	0.9983340490926464
ENOG410ZW1G	-0.20969919058104958	0.20969919058104955
ENOG410ZW1V	0.7405510311800976	-0.7405510311800977
ENOG410ZW2I	-1.7612902296884323	1.761290229688432
ENOG410ZW2X	-1.582850250406817	1.5828502504068167
ENOG410ZW3P	0.31210650562734144	-0.3121065056273416
ENOG410ZW3S	0.008085973721516673	-0.00808597372151667
ENOG410ZW4A	0.47264347415112423	-0.47264347415112395
ENOG410ZW50	-0.4173806184983432	0.4173806184983431
ENOG410ZW51	0.023049113162124685	-0.02304911316212468
ENOG410ZW55	-0.35074282655677924	0.35074282655677924
ENOG410ZW5S	1.8394876784158951	-1.839487678415895
ENOG410ZW5X	-0.6082829139623658	0.6082829139623658
ENOG410ZW61	-0.39655567916974527	0.3965556791697452
ENOG410ZW69	0.7982283316230185	-0.7982283316230182
ENOG410ZW6I	-1.6089701771629734	1.6089701771629732
ENOG410ZW6X	0.8248883704197675	-0.8248883704197675
ENOG410ZW77	-0.6426263757086296	0.6426263757086295
ENOG410ZW8V	-0.574703530720656	0.574703530720656
ENOG410ZW99	-1.7154976797971428	1.7154976797971426
ENOG410ZW9J	-1.3456210411479503	1.3456210411479503
ENOG410ZW9Z	-0.8547565541629468	0.8547565541629467
ENOG410ZWAN	0.1263561050036139	-0.12635610500361413
ENOG410ZWAU	-0.3616194602037155	0.36161946020371544
ENOG410ZWAW	-1.0169001058579155	1.0169001058579155
ENOG410ZWBC	-1.3456336650170944	1.3456336650170941
ENOG410ZWBR	0.5494138553520898	-0.5494138553520896
ENOG410ZWBT	1.0639494412398363	-1.0639494412398358
ENOG410ZWCY	-0.34049752255794546	0.34049752255794546
ENOG410ZWDI	0.5329116988476605	-0.5329116988476607
ENOG410ZWDR	-1.1355104269728855	1.1355104269728855
ENOG410ZWE1	-0.2478124104691562	0.24781241046915617
ENOG410ZWE3	0.4506100721240674	-0.45061007212406734
ENOG410ZWE8	-1.2212310896534242	1.2212310896534242
ENOG410ZWE9	-0.32825357298950786	0.3282535729895078
ENOG410ZWEQ	1.1816967974664285	-1.181696797466428
ENOG410ZWES	0.4353397771370421	-0.43533977713704225
ENOG410ZWF2	-0.23035980243684734	0.2303598024368473
ENOG410ZWFF	0.1603073533989129	-0.16030735339891286
ENOG410ZWFH	0.24046947203124755	-0.24046947203124777
ENOG410ZWFP	0.8374103027134936	-0.8374103027134935
ENOG410ZWGS	-1.4276647324188787	1.4276647324188785
ENOG410ZWGT	-0.4113933832522459	0.41139338325224584
ENOG410ZWGX	1.0798707243130987	-1.0798707243130985
ENOG410ZWH8	-0.6417968548237272	0.6417968548237271
ENOG410ZWHD	0.41005639636287666	-0.4100563963628766
ENOG410ZWHF	-1.3169921991083466	1.3169921991083464
ENOG410ZWIF	-0.8936991649976238	0.8936991649976237
ENOG410ZWIM	-0.37629580132172274	0.3762958013217227
ENOG410ZWIY	-0.8557672382521531	0.855767238252153
ENOG410ZWJJ	-0.028202860334038442	0.02820286033403844
ENOG410ZWKB	-0.4471613161481255	0.44716131614812543
ENOG410ZWKI	0.8146505256475157	-0.8146505256475158
ENOG410ZWKT	1.2587428376323362	-1.258742837632336
ENOG410ZWMP	-0.7921032354463701	0.79210323544637
ENOG410ZWMR	0.6831406586567371	-0.6831406586567373
ENOG410ZWMY	-0.6539380378836274	0.6539380378836274
ENOG410ZWN6	-0.22650995395017656	0.22650995395017653
ENOG410ZWP3	0.21908938231872496	-0.21908938231872493
ENOG410ZWQ1	0.10870988480442008	-0.10870988480442006
ENOG410ZWQM	-0.8013165982543746	0.8013165982543745
ENOG410ZWQU	-1.0610282655070997	1.0610282655070997
ENOG410ZWQW	0.07466594592780107	-0.07466594592780082
ENOG410ZWQZ	-0.4054559115090115	0.40545591150901145
ENOG410ZWRY	0.12189268777510778	-0.12189268777510802
ENOG410ZWSP	0.215279150291943	-0.21527915029194297
ENOG410ZWT5	-1.1726493082492297	1.1726493082492295
ENOG410ZWTD	-1.1298045186865144	1.1298045186865142
ENOG410ZWTG	-0.004686302445010516	0.004686302445010515
ENOG410ZWTQ	-0.9320516766056586	0.9320516766056585
ENOG410ZWU1	-1.5510010586177816	1.5510010586177814
ENOG410ZWWG	-1.694699261576594	1.6946992615765937
ENOG410ZWX5	-0.9590916348653851	0.959091634865385
ENOG410ZWX9	-0.3864259276819801	0.3864259276819801
ENOG410ZWYN	0.4592588434936439	-0.4592588434936438
ENOG410ZWZA	-0.9172176840566221	0.917217684056622
ENOG410ZX1W	-0.6734580446760212	0.6734580446760211
ENOG410ZX29	-0.0386016636612007	0.03860166366120069
ENOG410ZX2M	-0.9716618042211127	0.9716618042211126
ENOG410ZX2Q	-1.1760429716752185	1.1760429716752183
ENOG410ZX3G	-1.2094440864701526	1.2094440864701523
ENOG410ZX41	-0.849694719097677	0.8496947190976769
ENOG410ZX4G	-0.6657750681002931	0.6657750681002931
ENOG410ZX7G	0.09381997044853983	-0.09381997044854005
ENOG410ZX82	0.9217766672399108	-0.921776667239911
ENOG410ZX8X	0.16411164747306894	-0.16411164747306917
ENOG410ZX96	-0.22828965748925134	0.2282896574892513
ENOG410ZX9B	0.8221981429224344	-0.8221981429224345
ENOG410ZX9D	-0.6045297661104724	0.6045297661104723
ENOG410ZX9Y	-0.21482630306800113	0.2148263030680011
ENOG410ZXAN	-1.6132290816629682	1.613229081662968
ENOG410ZXB1	-1.3474430654533973	1.347443065453397
ENOG410ZXB3	-0.6637697813588285	0.6637697813588284
ENOG410ZXBC	1.6480486876836529	-1.6480486876836526
ENOG410ZXCB	0.19900008882875708	-0.19900008882875705
ENOG410ZXDQ	-0.06896425170294103	0.06896425170294102
ENOG410ZXEA	-1.3625366528599328	1.3625366528599325
ENOG410ZXF2	-1.798440511099809	1.7984405110998087
ENOG410ZXFD	-0.567861078065382	0.5678610780653819
ENOG410ZXGW	-1.7071792488892699	1.7071792488892696
ENOG410ZXHK	-1.1087952133926877	1.1087952133926877
ENOG410ZXHU	-1.4385492321266653	1.438549232126665
ENOG410ZXJ6	-0.5851979944405847	0.5851979944405846
ENOG410ZXJB	-0.9430719316179149	0.9430719316179148
ENOG410ZXJN	0.748546238121238	-0.7485462381212377
ENOG410ZXJU	-1.1389971802824823	1.138997180282482
ENOG410ZXK1	-1.7949430895090657	1.7949430895090654
ENOG410ZXKC	-0.8190950025354933	0.8190950025354932
ENOG410ZXM0	1.1539082100975495	-1.1539082100975495
ENOG410ZXMP	-1.0540906488205717	1.0540906488205715
ENOG410ZXPF	-0.0997423954379371	0.09974239543793709
ENOG410ZXQV	1.0822531492886345	-1.0822531492886345
ENOG410ZXQY	-1.8155591667828013	1.815559166782801
ENOG410ZXRZ	0.7231794258402057	-0.7231794258402056
ENOG410ZXSY	-1.0813540032211901	1.08135400322119
ENOG410ZXTD	-0.9551829550071035	0.9551829550071034
ENOG410ZXU3	-0.6726674583524159	0.6726674583524158
ENOG410ZXUR	-0.6041544805629278	0.6041544805629276
ENOG410ZXVM	-1.01252342588662	1.0125234258866198
ENOG410ZXW8	-0.7466568695872752	0.7466568695872751
ENOG410ZXXH	-0.37318874954753906	0.373188749547539
ENOG410ZXYQ	-0.8966806189052057	0.8966806189052056
ENOG410ZXZ4	-1.5778327178379967	1.5778327178379965
ENOG410ZY0U	-1.452779203275697	1.4527792032756968
ENOG410ZY36	0.460796691806317	-0.46079669180631694
ENOG410ZY5G	0.6534364960591498	-0.6534364960591497
ENOG410ZY5K	-1.318292642869945	1.3182926428699449
ENOG410ZY5P	1.1840345500755767	-1.1840345500755765
ENOG410ZY7A	-0.7207940700519325	0.7207940700519325
ENOG410ZY90	-1.7741280123345016	1.7741280123345013
ENOG410ZY9E	0.345226715053617	-0.34522671505361696
ENOG410ZYCH	-0.010485120824499166	0.010485120824499166
ENOG410ZYD5	0.20254168347468737	-0.20254168347468735
ENOG410ZYD6	0.47947743657535075	-0.4794774365753507
ENOG410ZYD9	0.29042822565551185	-0.290428225655512
ENOG410ZYDZ	0.6450386964619488	-0.645038696461949
ENOG410ZYJP	1.6221113958538376	-1.6221113958538373
ENOG410ZYKS	-0.6323459082064433	0.6323459082064432
ENOG410ZYMS	-0.8283222035939929	0.8283222035939928
ENOG410ZYNB	0.758811392094471	-0.7588113920944709
ENOG410ZYP5	1.3871530999988493	-1.387153099998849
ENOG410ZYQ7	1.044896692730834	-1.0448966927308339
ENOG410ZYR5	-0.9710177649529385	0.9710177649529383
ENOG410ZYRK	0.1639903751907593	-0.16399037519075949
ENOG410ZYT0	-0.7344992718747435	0.7344992718747435
ENOG410ZYTH	-0.4292569435380753	0.42925694353807525
ENOG410ZYUF	-0.005955285685295353	0.005955285685295352
ENOG410ZYUU	0.523336831467176	-0.523336831467176
ENOG410ZYVG	1.5192688996294827	-1.5192688996294825
ENOG410ZYVS	-1.104445067668153	1.104445067668153
ENOG410ZYVX	-0.6935473254547094	0.6935473254547093
ENOG410ZZ0X	-0.8626546628469427	0.8626546628469426
ENOG410ZZ1T	-0.3374518294395064	0.33745182943950636
ENOG410ZZ25	0.7105339336920862	-0.7105339336920861
ENOG410ZZ3B	0.8138778124039452	-0.8138778124039451
ENOG410ZZ3F	-1.0488557373870118	1.0488557373870115
ENOG410ZZ4C	1.8186996569344722	-1.818699656934472
ENOG410ZZ52	-0.1711190625673563	0.17111906256735626
ENOG410ZZ6Q	-1.4499918608129772	1.449991860812977
ENOG410ZZ6S	0.19263741043283952	-0.1926374104328395
ENOG410ZZ7B	0.22751885603033775	-0.2275188560303375
ENOG410ZZ7W	-1.108608501456022	1.1086085014560219
ENOG410ZZBB	0.3822572485459307	-0.38225724854593063
ENOG410ZZBZ	-1.5141945098224106	1.5141945098224103
ENOG410ZZC5	-0.7752769185358944	0.7752769185358943
ENOG410ZZD0	-1.4277124323985488	1.4277124323985486
ENOG410ZZDC	-1.4873212403797662	1.487321240379766
ENOG410ZZE8	-0.803070298102424	0.8030702981024239
ENOG410ZZGV	-0.5334852295074651	0.5334852295074651
ENOG410ZZGZ	-0.21591306124296872	0.2159130612429687
ENOG410ZZHJ	0.34858287521063186	-0.3485828752106316
ENOG410ZZIS	-0.9472972174031029	0.9472972174031028
ENOG410ZZJF	-0.20256520866857594	0.2025652086685759
ENOG410ZZJU	-0.16972985125524598	0.16972985125524598
ENOG410ZZKR	-1.121534640436397	1.121534640436397
ENOG410ZZMV	-1.08612947283525	1.08612947283525
ENOG410ZZR9	-0.5912916578945827	0.5912916578945826
ENOG410ZZRH	-0.1521432071240631	0.1521432071240631
ENOG410ZZRT	-0.7164700191445821	0.716470019144582
ENOG410ZZUB	1.8268079625623572	-1.826807962562357
ENOG410ZZUN	-0.21039542724052754	0.2103954272405275
ENOG410ZZV4	0.181798216811141	-0.18179821681114097
ENOG410ZZVD	0.6302839094682617	-0.6302839094682618
ENOG410ZZWY	-1.348614087685239	1.3486140876852388
ENOG410ZZXB	-0.2701604017881614	0.2701604017881614
ENOG410ZZXU	1.1371276441542848	-1.1371276441542846
ENOG410ZZY0	-0.8689261817689371	0.868926181768937
ENOG410ZZY5	-1.5566097578608986	1.5566097578608986
ENOG410ZZY6	-0.17494370958641955	0.17494370958641953
ENOG410ZZYF	0.6232219555965841	-0.6232219555965843
ENOG410ZZYY	-0.3062192055042048	0.30621920550420473
ENOG410ZZZ9	-1.3800578733256847	1.3800578733256845
ENOG4110001	0.8656664543920586	-0.8656664543920585
ENOG411000B	0.9315308129424625	-0.9315308129424624
ENOG411000T	0.9642439963549698	-0.9642439963549697
ENOG411000U	0.14920989991106326	-0.149209899911063
ENOG411001J	-1.1650098951075287	1.1650098951075285
ENOG411002M	1.7316059185396695	-1.7316059185396693
ENOG411002P	0.30118104307680776	-0.3011810430768077
ENOG411002Y	-1.922039299676748	1.9220392996767477
ENOG411004G	0.7312434120552458	-0.7312434120552457
ENOG411004P	0.5423667050555382	-0.5423667050555379
ENOG411004W	-0.7168187106088049	0.7168187106088048
ENOG411005D	-1.073613359981756	1.073613359981756
ENOG411005S	0.24996870259521214	-0.24996870259521212
ENOG411006M	-0.8561640882795327	0.8561640882795326
ENOG411007C	-0.40581017864005775	0.4058101786400577
ENOG411007H	-0.27886946795097806	0.278869467950978
ENOG4110080	0.10220365950378409	-0.10220365950378409
ENOG4110088	0.628247216187682	-0.6282472161876816
ENOG411008E	0.6161852261576247	-0.6161852261576246
ENOG411009W	-0.11691360788094429	0.11691360788094428
ENOG41100B0	1.7542259058906182	-1.7542259058906178
ENOG41100BD	0.120851910208063	-0.12085191020806323
ENOG41100C5	-0.877894445736735	0.8778944457367349
ENOG41100CF	0.0861574177278999	-0.0861574177278999
ENOG41100DU	-0.23345887910724966	0.23345887910724963
ENOG41100EM	-1.4185475974063058	1.4185475974063055
ENOG41100ES	-0.08789018453072825	0.08789018453072825
ENOG41100FH	-1.2717834885841695	1.2717834885841692
ENOG41100IV	0.9693549470686361	-0.9693549470686362
ENOG41100K7	0.8434455876696895	-0.8434455876696896
ENOG41100M6	0.6734218831050451	-0.6734218831050448
ENOG41100MA	1.0057796016136156	-1.0057796016136156
ENOG41100NK	-0.9990246470973542	0.999024647097354
ENOG41100PD	1.0519941192029707	-1.0519941192029703
ENOG41100PS	0.7390489872478821	-0.7390489872478821
ENOG41100QN	-1.1381723520438445	1.1381723520438445
ENOG41100QY	-1.7809873687827356	1.7809873687827353
ENOG41100UJ	-0.44637699953120763	0.4463769995312076
ENOG41100UY	-1.4082258271103856	1.4082258271103854
ENOG41100V7	-1.554186361697013	1.5541863616970129
ENOG41100W0	-0.5703292107463681	0.570329210746368
ENOG411011S	0.32264579190272363	-0.3226457919027236
ENOG411011U	-1.0876656143570966	1.0876656143570964
ENOG411012J	-1.0179018331738157	1.0179018331738157
ENOG4110145	-1.4509582039189393	1.450958203918939
ENOG411015J	-0.6844024277580915	0.6844024277580913
ENOG411015R	-0.20753821796817562	0.2075382179681756
ENOG4110187	-0.18801153753747887	0.18801153753747887
ENOG4110189	-1.5689190854022037	1.5689190854022037
ENOG411019K	-0.4107094999432017	0.4107094999432017
ENOG41101BA	0.09871844835789567	-0.09871844835789566
ENOG41101CE	0.2000607807899302	-0.20006078078992995
ENOG41101FB	-0.8855861212358359	0.8855861212358358
ENOG41101GZ	0.21261856630439635	-0.2126185663043961
ENOG41101HG	0.16662301606815522	-0.16662301606815522
ENOG41101HV	-0.5532609256029154	0.5532609256029153
ENOG41101IJ	-0.24594079152721027	0.24594079152721024
ENOG41101IZ	-0.44651679030873487	0.4465167903087348
ENOG41101JG	-1.9171392039903776	1.9171392039903774
ENOG41101U4	-1.466478641590415	1.466478641590415
ENOG41101U7	-1.9484064753646522	1.948406475364652
ENOG41101VY	-0.8032334535114719	0.8032334535114718
ENOG41101W1	0.6489678515279722	-0.6489678515279721
ENOG41101WE	-0.8910387518620689	0.8910387518620688
ENOG41101Y3	0.03926147328672587	-0.03926147328672587
ENOG41101YT	1.0915957797656874	-1.0915957797656874
ENOG41101ZB	-0.15440588452794524	0.1544058845279452
ENOG411020B	-0.7943038713321481	0.794303871332148
ENOG4110219	-0.5079910580162419	0.5079910580162419
ENOG411021X	0.05074224741197767	-0.050742247411977665
ENOG411024B	-0.004747238294938808	0.004747238294938807
ENOG411027S	-0.8617616119809106	0.8617616119809105
ENOG411027Z	1.2129784460051558	-1.2129784460051556
ENOG4110288	-0.02605351637437331	0.026053516374373305
ENOG411028W	-1.2216708114104606	1.2216708114104604
ENOG411029V	-0.6164184822343902	0.6164184822343901
ENOG41102A3	0.20692272884604307	-0.20692272884604304
ENOG41102CA	-0.521795728304815	0.5217957283048149
ENOG41102CJ	-1.5695240204777934	1.5695240204777934
ENOG41102GP	1.6140995471877662	-1.614099547187766
ENOG41102I4	1.0892054162699176	-1.0892054162699174
ENOG41102NG	-0.5404878510786826	0.5404878510786825
ENOG41102NI	-1.5608963840713312	1.560896384071331
ENOG41102QB	-0.0005243748647794684	0.0005243748647794683
ENOG41102SE	0.8316452481038042	-0.8316452481038044
ENOG41102U3	0.05211641155404526	-0.05211641155404526
ENOG41102WG	0.4462694172754158	-0.446269417275416
ENOG41102XJ	-0.26098503575541887	0.2609850357554188
ENOG4110302	0.9059479734353115	-0.9059479734353114
ENOG411032J	-0.0930104153740201	0.09301041537402009
ENOG4110335	-1.3097874550542559	1.3097874550542556
ENOG4110348	-0.19636560244741627	0.19636560244741627
ENOG411034D	-1.2109270956648894	1.2109270956648892
ENOG411037S	-0.38927116022048835	0.3892711602204883
ENOG411039E	-0.6498279831985949	0.6498279831985949
ENOG41103AJ	0.5653272706164043	-0.5653272706164045
ENOG41103AX	1.3449540596967493	-1.344954059696749
ENOG41103B0	0.5268084330710124	-0.5268084330710123
ENOG41103MM	0.017103301539176708	-0.017103301539176705
ENOG41103RQ	-0.16035649254146256	0.16035649254146256
ENOG41103XH	-1.7628669888330142	1.762866988833014
ENOG41103Y5	-0.5309282942844585	0.5309282942844584
ENOG41104JX	0.910837298556664	-0.9108372985566638
ENOG41104RH	-0.6177809363858289	0.6177809363858288
ENOG41104UK	-0.18542823959401755	0.18542823959401752
ENOG41104XX	-0.6391283634455269	0.6391283634455269
ENOG4110504	-1.3396439717764	1.3396439717763997
ENOG41105G9	1.0359956188599138	-1.0359956188599135
ENOG41105P2	-1.2275694342201198	1.2275694342201195
ENOG41105S6	-0.6786668914581931	0.6786668914581931
ENOG41105VJ	-0.36196326672418394	0.3619632667241839
ENOG41105XQ	-1.2477404144574282	1.2477404144574282
ENOG41105ZK	1.9702147898513243	-1.9702147898513243
ENOG41106EH	-0.05671313047452417	0.056713130474524164
ENOG41106SB	-1.0274925722852286	1.0274925722852284
ENOG41106VG	-1.0981188342167993	1.0981188342167993
ENOG411072U	0.15340975441430457	-0.15340975441430454
ENOG41107HC	-1.0522479772658269	1.0522479772658266
ENOG41107YC	0.4957022081982837	-0.4957022081982834
ENOG4110816	-1.047232682826886	1.0472326828268859
ENOG41108DP	0.061709484504441865	-0.06170948450444186
ENOG41108K1	-0.7147988699568224	0.7147988699568223
ENOG41108WW	-0.9020341379084297	0.9020341379084296
ENOG41109CF	-1.603314933032765	1.6033149330327647
ENOG41109IH	-0.7653963545445296	0.7653963545445295
ENOG41109YT	-1.5016647466565884	1.5016647466565882
ENOG4110A1H	-1.5669193184853611	1.566919318485361
ENOG4110AED	-0.033902566754896606	0.0339025667548966
ENOG4110AY7	-1.3306389363086337	1.3306389363086335
ENOG4110B0F	0.5981962243396345	-0.5981962243396345
ENOG4110B36	-0.8493280769400653	0.8493280769400652
ENOG4110B6A	-0.009513165105614705	0.009513165105614705
ENOG4110BBF	1.8183433390030723	-1.818343339003072
ENOG4110BJG	-0.1693731532140579	0.16937315321405788
ENOG4110BMM	-0.7740874851377407	0.7740874851377406
ENOG4110BQE	-1.1331318265740746	1.1331318265740744
ENOG4110BWW	-0.7800241766960293	0.7800241766960292
ENOG4110C99	0.38225437417217484	-0.382254374172175
ENOG4110CVX	0.7524543393489919	-0.7524543393489918
ENOG4110DEK	-0.9086745117885191	0.908674511788519
ENOG4110DHN	-1.3063868870119073	1.3063868870119073
ENOG4110DP8	-0.37978785292651157	0.3797878529265115
ENOG4110DZH	1.7046479828715027	-1.7046479828715022
ENOG4110E68	-0.1380159258927552	0.13801592589275516
ENOG4110EAV	-1.1299892554412942	1.1299892554412942
ENOG4110F72	1.0696349941584529	-1.0696349941584526
ENOG4110F95	-0.38118213893648245	0.3811821389364824
ENOG4110FB9	0.98435398848958	-0.9843539884895799
ENOG4110G9P	-0.8389549113126572	0.8389549113126572
ENOG4110GG4	1.5059753809473482	-1.5059753809473482
ENOG4110GJF	-1.4776312582080247	1.4776312582080244
ENOG4110GRU	0.8856863247220622	-0.8856863247220622
ENOG4110GT4	0.34106956904991115	-0.34106956904991137
ENOG4110GX4	-1.0103074669950982	1.0103074669950982
ENOG4110H5Q	-1.1667185642759128	1.1667185642759126
ENOG4110HET	-1.2740748796424237	1.2740748796424235
ENOG4110HN9	1.5731324373869635	-1.5731324373869633
ENOG4110HXD	-1.054647125691439	1.0546471256914387
ENOG4110I8X	-0.5454047403827958	0.5454047403827957
ENOG4110IQD	-1.0279043320118821	1.027904332011882
ENOG4110J45	-0.5590499320267965	0.5590499320267965
ENOG4110JED	0.20522684434016966	-0.20522684434016963
ENOG4110KBG	-1.0042659299630672	1.004265929963067
ENOG4110MCC	0.1527908721864779	-0.1527908721864779
ENOG4110MHC	-1.0194432276783827	1.0194432276783827
ENOG4110MHZ	-0.7863632768853375	0.7863632768853375
ENOG4110MQC	1.1603597770029506	-1.1603597770029503
ENOG4110MXI	-0.9048175019375503	0.9048175019375502
ENOG4110N8N	1.7198187692744826	-1.7198187692744824
ENOG4110NBR	0.4265739496339428	-0.42657394963394296
ENOG4110NSM	-0.5798416628093513	0.5798416628093513
ENOG4110NU4	0.11918256514969036	-0.11918256514969011
ENOG4110P1F	-1.0597218276842242	1.059721827684224
ENOG4110P6K	-0.10735169762958142	0.10735169762958141
ENOG4110P7J	1.2060122660908266	-1.2060122660908266
ENOG4110PFG	-0.482214042531861	0.48221404253186095
ENOG4110PHZ	0.030576153766549173	-0.03057615376654917
ENOG4110QAQ	2.004775823098934	-2.0047758230989334
ENOG4110QSB	0.210442434816094	-0.21044243481609398
ENOG4110QUF	-1.0025779404014379	1.0025779404014379
ENOG4110QZN	-1.1312633887331394	1.1312633887331391
ENOG4110R7K	0.06629823600731964	-0.06629823600731986
ENOG4110SIQ	-0.7845644791114319	0.7845644791114318
ENOG4110SVC	-0.1857639914410956	0.1857639914410956
ENOG4110TGQ	-1.3765261216062108	1.3765261216062108
ENOG4110TII	0.8893465056322746	-0.8893465056322742
ENOG4110TKN	-0.6175210581607905	0.6175210581607904
ENOG4110UAG	-1.1784572475765591	1.1784572475765591
ENOG4110UJY	-1.010251507136441	1.0102515071364409
ENOG4110V7D	-1.0548792508768654	1.0548792508768654
ENOG4110VJC	1.158930204842445	-1.158930204842445
ENOG4110WB0	0.5623930892857539	-0.5623930892857538
ENOG4110WDH	-0.28766160038777067	0.2876616003877706
ENOG4110WG0	-0.9554557671577131	0.955455767157713
ENOG4110WKJ	-0.8524763558847737	0.8524763558847736
ENOG4110WM6	-1.2579600034587128	1.2579600034587128
ENOG4110WT0	-0.9599486291422664	0.9599486291422663
ENOG4110WUJ	1.1066131518997793	-1.1066131518997793
ENOG4110X8Q	-0.7557467725839716	0.7557467725839715
ENOG4110XAM	-0.8589828970933789	0.8589828970933789
ENOG4110XIN	0.2581070073003846	-0.2581070073003848
ENOG4110XMY	-0.8818980088012558	0.8818980088012557
ENOG4110Y31	-1.7993223713456437	1.7993223713456434
ENOG4110YS4	-0.9807714007364822	0.9807714007364821
ENOG4110YX1	-1.1247890260149134	1.1247890260149132
ENOG4110Z4K	-1.4972585326871501	1.49725853268715
ENOG4110Z57	1.2558742188310206	-1.2558742188310204
ENOG4110Z7N	-0.2312000605834108	0.23120006058341078
ENOG4110ZRH	-0.3479591716898627	0.3479591716898626
ENOG4110ZT3	-1.120079621481532	1.1200796214815318
ENOG41110K5	-0.17574790052831668	0.17574790052831665
ENOG41110S8	-0.017275827490608568	0.017275827490608565
ENOG41110TH	-1.1099776269434298	1.1099776269434298
ENOG411119B	-0.8963116717799974	0.8963116717799973
ENOG41111JX	-0.1767471305391484	0.17674713053914837
ENOG4111228	-0.5577794420655615	0.5577794420655614
ENOG41112BD	-1.568945947782079	1.568945947782079
ENOG41112GZ	-1.4238656794537126	1.4238656794537123
ENOG41112I7	0.5215815341680654	-0.5215815341680656
ENOG41112II	0.9510733237014124	-0.9510733237014121
ENOG41112QY	0.2769740051991014	-0.2769740051991016
ENOG411135P	-0.38995942626376573	0.38995942626376573
ENOG411138E	-1.0026038228651273	1.0026038228651273
ENOG41113IS	1.2739612396788682	-1.273961239678868
ENOG41113RB	2.0287233915255287	-2.0287233915255283
ENOG411141G	1.6950293356530457	-1.695029335653046
ENOG4111454	-0.4810133907601497	0.48101339076014965
ENOG41114EC	-1.4369186104718177	1.4369186104718175
ENOG41114H6	0.3201690552523791	-0.3201690552523791
ENOG41114JZ	-1.4517231905184427	1.4517231905184425
ENOG41114KY	0.2755350419214987	-0.2755350419214987
ENOG41114SZ	-1.634419211635193	1.6344192116351928
ENOG41115XM	0.39170383582858975	-0.3917038358285899
ENOG4111604	0.08977896468710014	-0.08977896468710013
ENOG411162A	1.794933637995706	-1.7949336379957057
ENOG411173M	-0.6534258040130709	0.6534258040130709
ENOG411177X	-1.4087315014658666	1.4087315014658666
ENOG41117DG	0.3647685341992341	-0.36476853419923405
ENOG41117TR	-0.19238400679287818	0.19238400679287815
ENOG411181B	1.0001386778093186	-1.0001386778093184
ENOG41118GD	-0.925217063056251	0.925217063056251
ENOG41118QN	-1.332077854929935	1.3320778549299348
ENOG41118T4	0.6904997013019948	-0.690499701301995
ENOG411192P	0.21863280029032175	-0.21863280029032148
ENOG411194K	-1.7632202289810044	1.7632202289810042
ENOG41119MM	0.4241994005921345	-0.42419940059213423
ENOG4111A91	-0.6167288878742361	0.6167288878742361
ENOG4111APV	1.4996500118422065	-1.4996500118422063
ENOG4111AV1	-0.4056621476415283	0.4056621476415283
ENOG4111AZ4	-1.5663145265246758	1.5663145265246756
ENOG4111D1K	-0.5269208667456452	0.5269208667456452
ENOG4111DCE	0.8216537620678654	-0.8216537620678651
ENOG4111DDB	-0.9942777829297476	0.9942777829297474
ENOG4111DRN	1.6773121502641086	-1.6773121502641082
ENOG4111DS9	-0.17621001332124708	0.17621001332124706
ENOG4111E53	1.0783893420959108	-1.0783893420959105
ENOG4111EAB	0.5524658505529827	-0.5524658505529827
ENOG4111EE9	-0.12951184135616237	0.12951184135616234
ENOG4111EEW	-1.5907900574958806	1.5907900574958804
ENOG4111EFS	-1.102098609344224	1.102098609344224
ENOG4111EUJ	-0.7569406364674279	0.7569406364674279
ENOG4111EY6	-1.730846567979697	1.7308465679796967
ENOG4111EYA	0.37492966038924136	-0.3749296603892413
ENOG4111EYG	-1.8016221463482347	1.8016221463482345
ENOG4111EZ3	-0.3649493990407339	0.36494939904073387
ENOG4111EZS	-0.3805700771795231	0.38057007717952307
ENOG4111EZZ	-1.6451528827022175	1.6451528827022173
ENOG4111F0B	0.5641659707109276	-0.5641659707109277
ENOG4111F11	-0.1575230426711348	0.1575230426711348
ENOG4111F1K	0.038788527803483554	-0.03878852780348355
ENOG4111F1Q	-0.5675120021653586	0.5675120021653585
ENOG4111F33	-0.9227794311959315	0.9227794311959314
ENOG4111F3K	0.2707293341524497	-0.27072933415244943
ENOG4111F5B	-1.518016740615366	1.5180167406153657
ENOG4111F5I	-0.8732941624101498	0.8732941624101497
ENOG4111F6F	-1.4547912502177265	1.4547912502177263
ENOG4111F7A	-0.7240355181647203	0.7240355181647202
ENOG4111F7E	1.375895333674476	-1.3758953336744755
ENOG4111F7I	0.5766340503721064	-0.5766340503721064
ENOG4111F7P	-1.0899167099549294	1.0899167099549294
ENOG4111F81	-0.5922877923124705	0.5922877923124705
ENOG4111F8N	-0.0828785642431875	0.0828785642431875
ENOG4111F8R	-1.2513394874466233	1.251339487446623
ENOG4111F8X	-1.6853599029979474	1.6853599029979471
ENOG4111F91	-0.23499774133841664	0.2349977413384166
ENOG4111FB1	-0.21466414285285523	0.2146641428528552
ENOG4111FB8	0.203457094260207	-0.20345709426020697
ENOG4111FCG	-0.48198824050246514	0.4819882405024651
ENOG4111FDW	0.29013871060364954	-0.29013871060364926
ENOG4111FE2	-1.709026708834685	1.7090267088346849
ENOG4111FE4	-1.8492950908968586	1.8492950908968584
ENOG4111FE5	-1.1623579904016044	1.1623579904016041
ENOG4111FF5	1.0891554130080812	-1.089155413008081
ENOG4111FFG	-0.7550368011853691	0.755036801185369
ENOG4111FGF	-1.173864923939291	1.1738649239392909
ENOG4111FGK	-0.664908711829678	0.6649087118296779
ENOG4111FGU	-1.1583164219943396	1.1583164219943394
ENOG4111FGY	-0.9796706530148008	0.9796706530148007
ENOG4111FH6	-0.7375380133644405	0.7375380133644404
ENOG4111FHM	-1.4011223544119396	1.4011223544119393
ENOG4111FHR	-1.3548061156811135	1.3548061156811133
ENOG4111FHT	0.8644650830528826	-0.8644650830528827
ENOG4111FI4	0.15001076436254704	-0.1500107643625468
ENOG4111FIB	0.6477110006978748	-0.6477110006978748
ENOG4111FII	0.11073781445231519	-0.11073781445231541
ENOG4111FIR	0.9276531321942452	-0.9276531321942447
ENOG4111FJC	1.4859970466960115	-1.485997046696011
ENOG4111FJD	-1.1045980458954205	1.1045980458954203
ENOG4111FJG	0.19591458629807668	-0.19591458629807668
ENOG4111FJH	1.6439440033991548	-1.6439440033991548
ENOG4111FJJ	1.0391429071494052	-1.0391429071494047
ENOG4111FJK	-1.7453578960390146	1.7453578960390144
ENOG4111FJM	0.17140534415116002	-0.17140534415116024
ENOG4111FK0	0.05690578120708606	-0.056905781207085816
ENOG4111FK3	-0.2171012235084577	0.21710122350845767
ENOG4111FKR	0.323376336001239	-0.3233763360012392
ENOG4111FMN	0.5818676894048878	-0.581867689404888
ENOG4111FMS	1.6369319721190672	-1.636931972119067
ENOG4111FN8	1.0164116175010938	-1.0164116175010938
ENOG4111FNX	-0.6633458556141427	0.6633458556141426
ENOG4111FP3	-0.28576780139893626	0.2857678013989362
ENOG4111FP4	-0.9534816432479177	0.9534816432479176
ENOG4111FPD	-1.0237393959800876	1.0237393959800876
ENOG4111FPK	-1.2504745173044107	1.2504745173044105
ENOG4111FPT	-0.019605719205466686	0.019605719205466686
ENOG4111FPU	-1.4417410036497522	1.441741003649752
ENOG4111FPX	0.20631933140985817	-0.20631933140985817
ENOG4111FQE	-0.509170915760007	0.509170915760007
ENOG4111FQP	0.0441984155872201	-0.04419841558722009
ENOG4111FR3	-0.4086913339074997	0.4086913339074996
ENOG4111FR4	-0.8496543338346041	0.849654333834604
ENOG4111FRH	1.4761084527587962	-1.476108452758796
ENOG4111FRV	-0.7852825235079154	0.7852825235079153
ENOG4111FRY	-1.3553660610064553	1.355366061006455
ENOG4111FS1	0.14055884927969475	-0.1405588492796945
ENOG4111FS5	-0.7136122823003056	0.7136122823003055
ENOG4111FSC	0.4026155182404395	-0.4026155182404397
ENOG4111FSH	0.2863391452149257	-0.28633914521492565
ENOG4111FSU	-1.7745871928355448	1.7745871928355446
ENOG4111FT5	-1.320806949788786	1.3208069497887858
ENOG4111FTA	1.6342750215949717	-1.6342750215949715
ENOG4111FTJ	0.027942959309322637	-0.027942959309322633
ENOG4111FTN	0.23160710372779114	-0.2316071037277909
ENOG4111FTP	-1.0206482172166333	1.0206482172166333
ENOG4111FTQ	-0.6935488144430434	0.6935488144430433
ENOG4111FTW	-0.39175375683548125	0.3917537568354812
ENOG4111FU6	-1.4473038506959661	1.447303850695966
ENOG4111FUM	-1.3780497693580556	1.3780497693580553
ENOG4111FUN	-1.8326829674369036	1.8326829674369034
ENOG4111FV1	0.3362215525097876	-0.3362215525097875
ENOG4111FV3	-1.4019066932542668	1.4019066932542665
ENOG4111FVC	-1.4652851074827675	1.4652851074827675
ENOG4111FVN	-1.9021319732259223	1.902131973225922
ENOG4111FVX	-1.4683127762160468	1.4683127762160466
ENOG4111FVZ	-1.6985895384376748	1.6985895384376746
ENOG4111FW1	-0.5413970921245276	0.5413970921245276
ENOG4111FW9	-0.8766383980700716	0.8766383980700715
ENOG4111FXN	-0.16136080027786742	0.16136080027786742
ENOG4111FXP	-1.4585998181138415	1.4585998181138415
ENOG4111FY8	0.12878390165644968	-0.1287839016564499
ENOG4111FYK	-1.6227073531769138	1.6227073531769138
ENOG4111FYQ	0.9651613846920513	-0.9651613846920509
ENOG4111FZQ	-1.7428872846407821	1.742887284640782
ENOG4111FZS	0.34508650888392706	-0.3450865088839268
ENOG4111FZU	-0.12634807228574893	0.1263480722857489
ENOG4111G02	-1.4159613564054456	1.4159613564054454
ENOG4111G0A	-1.1086960878612404	1.1086960878612402
ENOG4111G10	0.49109320604634704	-0.4910932060463472
ENOG4111G16	0.0534096219057434	-0.053409621905743394
ENOG4111G17	0.553338392587217	-0.553338392587217
ENOG4111G18	0.527607103513781	-0.5276071035137812
ENOG4111G1C	-0.7290516385063225	0.7290516385063224
ENOG4111G1G	1.3345935588312705	-1.3345935588312705
ENOG4111G1H	0.6556678030614856	-0.6556678030614859
ENOG4111G1Y	0.15342263726264327	-0.15342263726264302
ENOG4111G27	0.7998255143032608	-0.799825514303261
ENOG4111G2M	0.7021384188420002	-0.7021384188420002
ENOG4111G31	1.3141192999768507	-1.314119299976851
ENOG4111G3C	0.016293010262685217	-0.016293010262685214
ENOG4111G3H	-1.0022746730793937	1.0022746730793937
ENOG4111G3V	0.5479316017428796	-0.5479316017428794
ENOG4111G3Y	-1.246095753933039	1.2460957539330388
ENOG4111G45	-0.6003571601999912	0.6003571601999911
ENOG4111G4N	-0.34665619967783673	0.3466561996778367
ENOG4111G4S	-0.44942026872161317	0.4494202687216131
ENOG4111G4U	0.8202743299863237	-0.8202743299863238
ENOG4111G4W	1.516275716921349	-1.5162757169213488
ENOG4111G4Y	-1.5445934293485868	1.5445934293485866
ENOG4111G5S	0.503005857390482	-0.503005857390482
ENOG4111G5T	-1.8931099462147234	1.8931099462147232
ENOG4111G61	-0.42041737652243605	0.42041737652243605
ENOG4111G6R	-1.610194393219576	1.610194393219576
ENOG4111G6S	-0.47856141497805926	0.4785614149780592
ENOG4111G7C	0.1618757001498916	-0.1618757001498916
ENOG4111G83	-1.4825040462797485	1.4825040462797483
ENOG4111G8A	-0.7961971502386201	0.79619715023862
ENOG4111G92	-0.4640599382955024	0.46405993829550235
ENOG4111G9A	-0.43559780790574887	0.4355978079057488
ENOG4111G9H	-1.7286314104477891	1.728631410447789
ENOG4111GA6	0.9832621230437713	-0.9832621230437711
ENOG4111GA9	-0.8788462226266256	0.8788462226266255
ENOG4111GAC	-1.4444130043019565	1.4444130043019565
ENOG4111GAY	0.7308917215214138	-0.7308917215214135
ENOG4111GB5	0.39445041015143656	-0.3944504101514363
ENOG4111GBT	0.39449801934856055	-0.39449801934856027
ENOG4111GBW	-1.8587193969573217	1.8587193969573215
ENOG4111GBX	-1.4325375828750624	1.4325375828750622
ENOG4111GC9	-1.4306113033403651	1.430611303340365
ENOG4111GCX	0.8081982945936932	-0.8081982945936932
ENOG4111GD2	1.9964497116143605	-1.9964497116143602
ENOG4111GD4	-0.0587082459629987	0.058708245962998694
ENOG4111GDS	0.7789321587732043	-0.778932158773204
ENOG4111GE1	0.17971757180850517	-0.1797175718085054
ENOG4111GE3	-1.5809521912578723	1.5809521912578721
ENOG4111GEP	0.3927643989602889	-0.39276439896028864
ENOG4111GFD	-0.8475106295205598	0.8475106295205597
ENOG4111GFI	-1.6064678147159241	1.606467814715924
ENOG4111GG0	-0.41891216978368645	0.4189121697836864
ENOG4111GG1	0.5627680364187435	-0.5627680364187434
ENOG4111GGS	-0.20875312083455624	0.20875312083455622
ENOG4111GGU	-0.5673216083950527	0.5673216083950526
ENOG4111GH9	0.7448248349324903	-0.7448248349324902
ENOG4111GHH	-1.5092004419346894	1.5092004419346892
ENOG4111GIF	-0.39550334269127385	0.3955033426912738
ENOG4111GII	0.11771580546211277	-0.11771580546211252
ENOG4111GIZ	-1.344707087376244	1.344707087376244
ENOG4111GJ1	-0.685994116972742	0.6859941169727419
ENOG4111GJ3	-0.8684272394566225	0.8684272394566224
ENOG4111GJG	-0.1814985546176126	0.18149855461761258
ENOG4111GJN	-1.5428833169641556	1.5428833169641554
ENOG4111GJX	-1.6897368614641737	1.6897368614641735
ENOG4111GKT	-0.7606964307253244	0.7606964307253243
ENOG4111GM9	0.9540006723419419	-0.9540006723419414
ENOG4111GMI	0.3651903987130094	-0.36519039871300935
ENOG4111GMQ	-0.9531359654858137	0.9531359654858136
ENOG4111GMZ	1.1766223191568823	-1.1766223191568823
ENOG4111GND	-0.6640288833169303	0.6640288833169302
ENOG4111GNT	-1.441373148642702	1.4413731486427017
ENOG4111GPI	1.012691546096891	-1.0126915460968908
ENOG4111GPR	-0.023345244665414808	0.023345244665414804
ENOG4111GPX	0.09287370419125457	-0.09287370419125456
ENOG4111GQ4	0.3502125399293223	-0.3502125399293223
ENOG4111GQ5	-0.01865256209996202	0.018652562099962015
ENOG4111GQF	-1.373321546404804	1.3733215464048039
ENOG4111GQY	0.47618328371653684	-0.47618328371653673
ENOG4111GRU	-0.969644884064037	0.9696448840640369
ENOG4111GS3	1.2884394204514915	-1.2884394204514913
ENOG4111GSI	-0.27202646908066197	0.27202646908066197
ENOG4111GTX	0.3736148958096177	-0.3736148958096177
ENOG4111GTZ	0.48096170781121944	-0.48096170781121916
ENOG4111GU7	-0.2836847587108523	0.28368475871085225
ENOG4111GUC	-0.4755013180530443	0.47550131805304424
ENOG4111GUV	-1.0921130418383573	1.0921130418383573
ENOG4111GV6	0.6197953442401647	-0.6197953442401646
ENOG4111GVD	0.7118984159893519	-0.7118984159893519
ENOG4111GVE	1.286483410882621	-1.2864834108826209
ENOG4111GVH	-1.9407801202854897	1.9407801202854895
ENOG4111GVS	-1.71305657917063	1.7130565791706298
ENOG4111GVU	-1.0709941949664867	1.0709941949664865
ENOG4111GVV	-0.16053711776893337	0.16053711776893334
ENOG4111GW7	0.01340462889724109	-0.01340462889724109
ENOG4111GW9	0.0014332447633057137	-0.0014332447633057135
ENOG4111GWB	0.7089482822868417	-0.7089482822868414
ENOG4111GWY	0.22899258906966188	-0.2289925890696616
ENOG4111GXT	-0.6291918266504724	0.6291918266504722
ENOG4111GY0	-0.05313123412411883	0.053131234124118826
ENOG4111GYJ	0.18077112505712756	-0.1807711250571273
ENOG4111GYN	-1.1769320067229623	1.1769320067229623
ENOG4111GYS	-0.30650093927766986	0.30650093927766986
ENOG4111GZ2	-1.5789314693026013	1.578931469302601
ENOG4111H00	-1.56798627095812	1.5679862709581198
ENOG4111H02	1.5046537595086065	-1.5046537595086062
ENOG4111H0I	-0.1468549274946233	0.1468549274946233
ENOG4111H11	-0.8019138754460566	0.8019138754460565
ENOG4111H1A	-0.5223141882546327	0.5223141882546326
ENOG4111H1F	-1.8319212592229648	1.8319212592229646
ENOG4111H1Q	-0.9963217093393084	0.9963217093393083
ENOG4111H1V	-0.8284703475986179	0.8284703475986178
ENOG4111H27	0.7586273643259152	-0.758627364325915
ENOG4111H2E	-0.8317927699187274	0.8317927699187273
ENOG4111H2F	0.1454973373387593	-0.14549733733875927
ENOG4111H2G	0.042660599537094196	-0.04266059953709419
ENOG4111H2K	-0.3511889403863357	0.35118894038633564
ENOG4111H2T	1.5565240918169458	-1.5565240918169456
ENOG4111H33	1.3723153401988812	-1.3723153401988808
ENOG4111H3B	1.7886151786788032	-1.7886151786788032
ENOG4111H3W	-0.5112219639708614	0.5112219639708614
ENOG4111H43	-1.6750740143760476	1.6750740143760474
ENOG4111H48	-1.3672119577771664	1.3672119577771664
ENOG4111H4F	-0.1434896629101405	0.1434896629101405
ENOG4111H4R	0.4083772449006274	-0.4083772449006273
ENOG4111H4X	0.10962886091127849	-0.10962886091127848
ENOG4111H52	1.5876387883953067	-1.5876387883953065
ENOG4111H5B	1.3077817847954714	-1.3077817847954711
ENOG4111H5G	-0.029323875326520154	0.02932387532652015
ENOG4111H5S	-1.5774685621364126	1.5774685621364124
ENOG4111H5W	0.574865946214335	-0.5748659462143346
ENOG4111H63	0.032801508204092146	-0.032801508204092146
ENOG4111H69	-0.8180113452904221	0.818011345290422
ENOG4111H6B	-0.7274795183547921	0.727479518354792
ENOG4111H6E	-0.6899983724715978	0.6899983724715977
ENOG4111H6F	-1.2674566221743595	1.2674566221743595
ENOG4111H7A	-1.062209890279323	1.0622098902793229
ENOG4111H7I	0.6645032030965143	-0.664503203096514
ENOG4111H7K	1.6075865737780846	-1.6075865737780843
ENOG4111H7M	-1.320410614860508	1.320410614860508
ENOG4111H7S	1.3964545956428678	-1.396454595642868
ENOG4111H83	-0.6534675064339783	0.6534675064339783
ENOG4111H8C	-0.1857183360316356	0.1857183360316356
ENOG4111H8F	0.2731691098004156	-0.2731691098004158
ENOG4111H93	0.061833706231871184	-0.06183370623187118
ENOG4111H9C	-0.8425504368040005	0.8425504368040004
ENOG4111HA8	1.1546241090504497	-1.1546241090504494
ENOG4111HAD	-1.3474789037875678	1.3474789037875676
ENOG4111HAN	-1.3245487043669792	1.3245487043669792
ENOG4111HAW	-0.13487882440549992	0.1348788244054999
ENOG4111HB2	-0.4893053263971355	0.4893053263971354
ENOG4111HC7	-1.4305059620256675	1.4305059620256675
ENOG4111HCS	-1.0231674714016925	1.0231674714016925
ENOG4111HE2	0.4002441810814708	-0.40024418108147075
ENOG4111HEJ	-1.515635941890781	1.515635941890781
ENOG4111HEP	1.21276392969833	-1.2127639296983297
ENOG4111HER	1.0058670188971166	-1.0058670188971168
ENOG4111HF4	1.456942259660487	-1.456942259660487
ENOG4111HFM	1.6585493411918175	-1.6585493411918173
ENOG4111HFP	0.9329568143444957	-0.9329568143444956
ENOG4111HGD	-1.5344234841765683	1.534423484176568
ENOG4111HGP	0.7076644425561388	-0.7076644425561386
ENOG4111HH3	-0.9954421925072177	0.9954421925072175
ENOG4111HH7	-0.08554052844191883	0.08554052844191881
ENOG4111HHM	-1.6928766805982718	1.6928766805982716
ENOG4111HIF	0.07368947553382552	-0.07368947553382552
ENOG4111HIQ	-1.4867572911200757	1.4867572911200755
ENOG4111HJ6	0.9390226636927453	-0.9390226636927452
ENOG4111HJM	1.6333649743755345	-1.6333649743755343
ENOG4111HK2	-1.1294674139302552	1.1294674139302552
ENOG4111HK3	-0.9890371196935769	0.9890371196935768
ENOG4111HK7	-1.1556922460071357	1.1556922460071357
ENOG4111HKV	-0.9251022849994229	0.9251022849994228
ENOG4111HM9	-0.37783927231271186	0.3778392723127118
ENOG4111HN2	0.752221004987573	-0.7522210049875729
ENOG4111HN5	0.8214276184009447	-0.8214276184009446
ENOG4111HNE	-1.0659672671746991	1.0659672671746991
ENOG4111HP7	-0.0551846309746048	0.05518463097460479
ENOG4111HPB	-0.5448056686251188	0.5448056686251187
ENOG4111HPT	1.1796092146842574	-1.1796092146842572
ENOG4111HPY	-0.40528684172848845	0.4052868417284884
ENOG4111HPZ	-1.5242032763634448	1.5242032763634445
ENOG4111HQ1	0.017528905937931764	-0.01752890593793176
ENOG4111HQ9	-0.061369692848681365	0.06136969284868136
ENOG4111HQM	-1.588159497496822	1.588159497496822
ENOG4111HR3	-0.846938583004084	0.8469385830040839
ENOG4111HR5	0.6531961022599231	-0.6531961022599231
ENOG4111HRE	-0.7783341372612826	0.7783341372612825
ENOG4111HRW	-0.5908019649579951	0.5908019649579951
ENOG4111HS0	0.9217061142339921	-0.921706114233992
ENOG4111HT5	-1.4272901906162374	1.4272901906162372
ENOG4111HTB	1.7974007476402964	-1.7974007476402964
ENOG4111HU9	0.9568962006611398	-0.9568962006611395
ENOG4111HUD	0.3143471823574257	-0.3143471823574257
ENOG4111HVH	-0.8648239994729684	0.8648239994729683
ENOG4111HVI	-0.4897330218914494	0.48973302189144935
ENOG4111HWF	-1.2121832779889727	1.2121832779889725
ENOG4111HWZ	0.32315253739956584	-0.32315253739956584
ENOG4111HX2	-1.3488654400631888	1.3488654400631888
ENOG4111HX4	1.0167543947980175	-1.0167543947980175
ENOG4111HX8	-1.3391417022176286	1.3391417022176286
ENOG4111HYA	-0.8824367683444357	0.8824367683444356
ENOG4111HYH	-0.25619287332687746	0.25619287332687746
ENOG4111HYX	-1.1821395141137163	1.182139514113716
ENOG4111HZH	0.1101951018489952	-0.11019510184899542
ENOG4111HZS	1.5022421578837453	-1.5022421578837453
ENOG4111HZY	0.7120494304716332	-0.7120494304716333
ENOG4111I00	1.4051536919966714	-1.4051536919966714
ENOG4111I08	0.6821091420354328	-0.6821091420354327
ENOG4111I09	-1.068716034096767	1.068716034096767
ENOG4111I0A	1.4869863788287134	-1.4869863788287132
ENOG4111I0E	-0.8877497488439217	0.8877497488439215
ENOG4111I0X	-1.6703107291885984	1.6703107291885981
ENOG4111I17	0.1487487979342517	-0.1487487979342517
ENOG4111I1P	1.3523425237931086	-1.3523425237931086
ENOG4111I2C	-0.13521351451605598	0.13521351451605598
ENOG4111I2P	1.3396157259162647	-1.3396157259162644
ENOG4111I2U	-1.1405368085490717	1.1405368085490717
ENOG4111I30	-0.1168994691206841	0.11689946912068408
ENOG4111I31	1.0921548966075565	-1.0921548966075563
ENOG4111I3U	0.23533039477133144	-0.2353303947713314
ENOG4111I4B	-0.6669118991671428	0.6669118991671427
ENOG4111I4C	-1.4949204873316018	1.4949204873316015
ENOG4111I4Y	-0.025978165477733385	0.025978165477733385
ENOG4111I5I	1.3042692384038435	-1.304269238403843
ENOG4111I5W	-0.2673591101867803	0.26735911018678027
ENOG4111I5Z	0.1868691943547629	-0.18686919435476287
ENOG4111I6A	0.23639185915597505	-0.23639185915597477
ENOG4111I84	-1.7647831768846707	1.7647831768846705
ENOG4111I86	-1.5409456990777646	1.5409456990777644
ENOG4111I8A	0.8254642425353456	-0.8254642425353458
ENOG4111I8C	-0.15537715547318426	0.15537715547318423
ENOG4111I91	-1.5658192043011057	1.5658192043011057
ENOG4111I99	-0.5168406790855588	0.5168406790855588
ENOG4111I9U	-0.5799413001027355	0.5799413001027354
ENOG4111I9X	1.0846331208800473	-1.0846331208800475
ENOG4111IA1	-0.330391994782557	0.330391994782557
ENOG4111IA6	1.4410504928120051	-1.441050492812005
ENOG4111IAA	-0.8887580194720941	0.888758019472094
ENOG4111IAR	-1.5094267479160905	1.5094267479160903
ENOG4111IB2	0.36080097712305587	-0.3608009771230556
ENOG4111IB3	-0.636436775218891	0.6364367752188909
ENOG4111IB5	-2.0143087911149506	2.01430879111495
ENOG4111IB6	-1.3941612143750317	1.3941612143750317
ENOG4111IB8	-0.6058405480436897	0.6058405480436896
ENOG4111IBF	-1.1992649913840878	1.1992649913840876
ENOG4111IBG	1.0430850776088691	-1.0430850776088691
ENOG4111IBH	0.05164833826406077	-0.05164833826406076
ENOG4111IBJ	-0.7928439874711514	0.7928439874711513
ENOG4111ICB	0.3958684227035174	-0.39586842270351763
ENOG4111ICS	-0.5135826255540502	0.5135826255540501
ENOG4111ICU	-0.3939365529230592	0.3939365529230592
ENOG4111ICX	1.4729487993055304	-1.4729487993055301
ENOG4111IDI	-0.4194592235981866	0.41945922359818655
ENOG4111IDM	-1.1919016599129757	1.1919016599129755
ENOG4111IEF	-1.2848245969430885	1.2848245969430885
ENOG4111IEG	1.493644850272829	-1.4936448502728288
ENOG4111IEY	-0.15763244740699323	0.15763244740699323
ENOG4111IFC	1.1251265387364837	-1.1251265387364835
ENOG4111IFW	0.4578946473570342	-0.45789464735703417
ENOG4111IGF	-1.5956763905482474	1.5956763905482472
ENOG4111IGG	-1.5716751738379557	1.5716751738379555
ENOG4111IGP	-0.9276295706504774	0.9276295706504772
ENOG4111IHQ	0.37099613747156746	-0.3709961374715674
ENOG4111IHW	-1.169472003217034	1.1694720032170338
ENOG4111II9	-0.019855647577300135	0.019855647577300132
ENOG4111IIE	-1.0574136310036089	1.0574136310036089
ENOG4111IIQ	0.23442247787709833	-0.2344224778770983
ENOG4111IJ4	0.10233985117073513	-0.10233985117073512
ENOG4111IJU	-1.013751068535602	1.0137510685356017
ENOG4111IJY	0.6871596610876896	-0.6871596610876892
ENOG4111IK7	0.279348146276006	-0.27934814627600596
ENOG4111IKE	1.5297764158663532	-1.5297764158663534
ENOG4111IKU	1.5740139584457475	-1.5740139584457473
ENOG4111IKW	1.2373699970579812	-1.2373699970579808
ENOG4111IKZ	-1.2009545634055858	1.2009545634055858
ENOG4111IM0	-0.649111064072055	0.6491110640720549
ENOG4111IM7	0.5243646722458227	-0.5243646722458227
ENOG4111IME	0.07427823417488708	-0.07427823417488684
ENOG4111IN2	-0.48161590269857835	0.4816159026985783
ENOG4111IN8	1.1782654448607872	-1.178265444860787
ENOG4111INE	-0.9194104022866569	0.9194104022866568
ENOG4111INQ	-0.09845412971686471	0.0984541297168647
ENOG4111IP0	1.262041397212831	-1.262041397212831
ENOG4111IP3	-0.6504501290565775	0.6504501290565774
ENOG4111IP4	-0.6779868176103653	0.6779868176103652
ENOG4111IP5	-1.344281074348263	1.3442810743482627
ENOG4111IPB	0.8500413111208523	-0.8500413111208526
ENOG4111IR8	1.4980686489680581	-1.4980686489680581
ENOG4111IRN	-0.770271286113496	0.7702712861134959
ENOG4111IRS	-0.8080353229740959	0.8080353229740959
ENOG4111IRT	-1.3195778850309454	1.3195778850309454
ENOG4111IS1	-0.37078436588150754	0.3707843658815075
ENOG4111ISA	-0.1611722794951225	0.16117227949512247
ENOG4111ISF	-1.7327866027607868	1.7327866027607866
ENOG4111ISI	-0.873429905125878	0.8734299051258779
ENOG4111ISM	-0.23824508732247246	0.23824508732247243
ENOG4111ISZ	-1.2432647886702453	1.243264788670245
ENOG4111IT9	-1.8282488377816002	1.8282488377816
ENOG4111ITI	-0.9022629057363228	0.9022629057363227
ENOG4111ITU	0.7508269466494878	-0.7508269466494879
ENOG4111ITZ	0.3792206978467176	-0.37922069784671775
ENOG4111IU3	0.5901801387668466	-0.5901801387668468
ENOG4111IU5	1.7739689113160937	-1.7739689113160937
ENOG4111IU6	-1.4839229473855522	1.4839229473855522
ENOG4111IUQ	-1.047208511098641	1.047208511098641
ENOG4111IV5	1.5170674377779794	-1.5170674377779796
ENOG4111IV9	-0.7257635417491239	0.7257635417491238
ENOG4111IVE	-1.1756201543731055	1.1756201543731053
ENOG4111IVF	-1.0479979290837356	1.0479979290837353
ENOG4111IVG	-1.6182294239337782	1.618229423933778
ENOG4111IW4	-0.631203521054865	0.6312035210548649
ENOG4111IW5	-1.2827933021848121	1.2827933021848121
ENOG4111IWS	0.7815220216367023	-0.7815220216367021
ENOG4111IWU	0.5376230112653279	-0.5376230112653277
ENOG4111IX6	-1.4329148228851827	1.4329148228851825
ENOG4111IXV	-1.5263295700775448	1.5263295700775446
ENOG4111IYF	0.38341653562961486	-0.3834165356296146
ENOG4111IYN	-0.23497420666108182	0.2349742066610818
ENOG4111IYW	0.4973968216014435	-0.49739682160144344
ENOG4111IZ8	1.2811762582031945	-1.2811762582031945
ENOG4111IZA	-0.9329170748905231	0.932917074890523
ENOG4111IZK	-1.137831975604452	1.1378319756044517
ENOG4111IZM	-0.37788559654246767	0.37788559654246767
ENOG4111IZQ	0.1599022648701635	-0.15990226487016349
ENOG4111IZY	0.37749513685079744	-0.37749513685079716
ENOG4111J02	-0.33343405410464827	0.33343405410464827
ENOG4111J09	-0.5573030806175517	0.5573030806175516
ENOG4111J0I	-1.5808519899908364	1.5808519899908362
ENOG4111J0Q	-0.5536494108154867	0.5536494108154866
ENOG4111J0S	0.808629240121515	-0.808629240121515
ENOG4111J12	-1.4806839939714327	1.4806839939714325
ENOG4111J14	0.9348371198835381	-0.9348371198835377
ENOG4111J1J	1.471963255376806	-1.4719632553768058
ENOG4111J1K	-0.9039040365473884	0.9039040365473883
ENOG4111J1Q	-0.42473133500159027	0.4247313350015902
ENOG4111J26	-1.6531110530351383	1.653111053035138
ENOG4111J2E	0.062090061284295374	-0.06209006128429537
ENOG4111J2V	-1.7238021673450388	1.7238021673450385
ENOG4111J32	-0.9119447463835517	0.9119447463835516
ENOG4111J3A	-0.3310799527945804	0.33107995279458036
ENOG4111J3F	-0.6917875161435239	0.6917875161435237
ENOG4111J3Q	-0.19333307899897145	0.19333307899897142
ENOG4111J47	-0.05751375212069912	0.05751375212069911
ENOG4111J4C	-1.9306304249872717	1.9306304249872712
ENOG4111J4F	0.02610041880934504	-0.026100418809345036
ENOG4111J59	-0.5819213392798135	0.5819213392798134
ENOG4111J5Q	-0.6411795694079641	0.641179569407964
ENOG4111J5S	2.053290259448593	-2.0532902594485924
ENOG4111J6J	-1.9937583864721915	1.9937583864721913
ENOG4111J72	-1.2372953732455316	1.2372953732455314
ENOG4111J85	-0.9576984138828406	0.9576984138828405
ENOG4111J8D	-1.5228886115217863	1.5228886115217863
ENOG4111J8H	-1.2442219324457597	1.2442219324457595
ENOG4111J8I	-1.6242191593543598	1.6242191593543596
ENOG4111J8J	1.4981634842489076	-1.4981634842489073
ENOG4111J8P	-1.2712819197801117	1.2712819197801117
ENOG4111J8W	-0.8892591017150535	0.8892591017150534
ENOG4111J97	-0.36721494993785664	0.3672149499378566
ENOG4111J9E	-0.6423863654989007	0.6423863654989006
ENOG4111J9Q	-1.338601093744833	1.338601093744833
ENOG4111J9Z	-0.22582651890217736	0.22582651890217734
ENOG4111JA0	-0.5235780999375883	0.5235780999375882
ENOG4111JA1	0.5538992737151369	-0.5538992737151368
ENOG4111JA9	0.054043716436164346	-0.05404371643616434
ENOG4111JAF	0.531912147457586	-0.5319121474575859
ENOG4111JB6	-1.2041475324203963	1.204147532420396
ENOG4111JC0	-0.6340879503812302	0.6340879503812302
ENOG4111JCB	-0.3050253371851635	0.30502533718516345
ENOG4111JCE	-1.9245820265918365	1.9245820265918363
ENOG4111JCU	0.010246336926687178	-0.010246336926687177
ENOG4111JDD	0.7332698080976668	-0.7332698080976667
ENOG4111JDN	-0.5466165510735335	0.5466165510735334
ENOG4111JE9	-0.421289635075791	0.4212896350757909
ENOG4111JEF	-0.6256042067895636	0.6256042067895635
ENOG4111JEI	-0.4028989148367076	0.40289891483670753
ENOG4111JEX	-0.9802287390991417	0.9802287390991414
ENOG4111JF2	0.676759436033886	-0.676759436033886
ENOG4111JF4	-0.3142475210198606	0.31424752101986053
ENOG4111JF9	0.04787349563231375	-0.047873495632313745
ENOG4111JFQ	0.2275804232563395	-0.22758042325633948
ENOG4111JFU	1.2615083226075394	-1.2615083226075392
ENOG4111JG6	-1.1212060183635457	1.1212060183635455
ENOG4111JG7	1.3240066939317565	-1.324006693931756
ENOG4111JGF	1.27075194057369	-1.27075194057369
ENOG4111JH1	1.5507944911567857	-1.5507944911567855
ENOG4111JHF	0.28242972839009184	-0.28242972839009156
ENOG4111JHT	-0.33895793627632725	0.3389579362763272
ENOG4111JHW	-1.6790514558709284	1.6790514558709282
ENOG4111JJ0	-1.215288896372053	1.215288896372053
ENOG4111JJ1	0.7843868676635514	-0.7843868676635516
ENOG4111JJC	-0.3915756795262635	0.39157567952626343
ENOG4111JJK	-0.08590484705174921	0.0859048470517492
ENOG4111JK3	-0.9792024697451086	0.9792024697451085
ENOG4111JKB	-0.4011297479036091	0.40112974790360906
ENOG4111JKF	-1.310927244747282	1.3109272447472817
ENOG4111JKG	-0.028491099496937736	0.028491099496937733
ENOG4111JM7	-1.0694641320104687	1.0694641320104685
ENOG4111JMR	-0.5227599230806864	0.5227599230806864
ENOG4111JMY	0.41996429464794516	-0.4199642946479454
ENOG4111JMZ	0.1021651470909017	-0.10216514709090169
ENOG4111JN4	-1.6841772126949115	1.6841772126949113
ENOG4111JNB	-0.744127561301735	0.7441275613017349
ENOG4111JP3	0.49644562170915363	-0.4964456217091535
ENOG4111JP6	-0.6632753614305866	0.6632753614305865
ENOG4111JP8	0.9113257188366581	-0.9113257188366582
ENOG4111JPB	1.913835720429502	-1.9138357204295018
ENOG4111JQD	0.49507680704840684	-0.4950768070484065
ENOG4111JQJ	0.9301204432771805	-0.9301204432771801
ENOG4111JQW	-1.087938173900993	1.0879381739009928
ENOG4111JRE	-0.5550835645753625	0.5550835645753625
ENOG4111JRQ	0.6526545855501139	-0.6526545855501138
ENOG4111JRX	-0.951356270013938	0.9513562700139377
ENOG4111JS7	1.1996210253196546	-1.1996210253196542
ENOG4111JSF	-1.1389784565621852	1.138978456562185
ENOG4111JSY	1.1432956159432388	-1.1432956159432386
ENOG4111JTA	-0.2107285982835425	0.21072859828354248
ENOG4111JTP	1.8508402431392013	-1.8508402431392008
ENOG4111JUF	-1.8726727447531903	1.8726727447531901
ENOG4111JV8	-0.8375960830043708	0.8375960830043707
ENOG4111JVQ	0.1271388488705161	-0.12713884887051607
ENOG4111JVW	1.1398168664101684	-1.1398168664101682
ENOG4111JW6	1.2177128433345779	-1.2177128433345776
ENOG4111JWE	-1.4876955158460066	1.4876955158460066
ENOG4111JX7	-1.6393362866572385	1.6393362866572383
ENOG4111JXM	-0.40352511891933435	0.4035251189193343
ENOG4111JXQ	0.7480637569258697	-0.7480637569258693
ENOG4111JXV	1.3692838999483683	-1.3692838999483685
ENOG4111JY3	-1.2486394434416255	1.2486394434416253
ENOG4111JYJ	-0.8872632793441562	0.887263279344156
ENOG4111JYM	-0.5335365776183271	0.5335365776183271
ENOG4111JYN	-0.6825057108766731	0.682505710876673
ENOG4111JZ3	-1.414405774189193	1.4144057741891929
ENOG4111JZP	-1.1014231856593746	1.1014231856593744
ENOG4111JZU	0.8674776540351149	-0.8674776540351148
ENOG4111JZY	0.8036403129544023	-0.8036403129544024
ENOG4111K03	-1.3485882532043145	1.3485882532043145
ENOG4111K10	0.9290993080857298	-0.9290993080857297
ENOG4111K11	0.507020055172574	-0.5070200551725739
ENOG4111K16	-0.1565229059755375	0.15652290597553747
ENOG4111K1E	-0.12446550961328062	0.12446550961328061
ENOG4111K1F	-0.9709743110095577	0.9709743110095576
ENOG4111K1X	-0.6156421485954559	0.6156421485954557
ENOG4111K2Z	-0.5710529497270838	0.5710529497270836
ENOG4111K3A	-1.5141369626553594	1.5141369626553591
ENOG4111K3U	-0.8793617590508059	0.8793617590508058
ENOG4111K4P	-1.1210702578293024	1.1210702578293024
ENOG4111K5D	-0.01827037731235195	0.018270377312351947
ENOG4111K5F	-0.5946624988239516	0.5946624988239516
ENOG4111K60	-1.3869256881492014	1.3869256881492011
ENOG4111K68	-1.686890893592436	1.6868908935924358
ENOG4111K71	-0.5422709107470958	0.5422709107470958
ENOG4111K7N	-0.3812253262550832	0.3812253262550832
ENOG4111K7U	1.0865931436717735	-1.0865931436717733
ENOG4111K9G	0.49207612538917045	-0.49207612538917017
ENOG4111KAC	-0.45760517265383394	0.4576051726538339
ENOG4111KAX	-1.6517433386284865	1.6517433386284863
ENOG4111KB4	-1.4617054731338763	1.461705473133876
ENOG4111KB5	0.5063444693963601	-0.5063444693963599
ENOG4111KBA	0.34780716745832957	-0.3478071674583293
ENOG4111KBS	0.1939166774812328	-0.19391667748123304
ENOG4111KBU	-0.3293298524248724	0.32932985242487234
ENOG4111KC4	-1.2630690680143113	1.2630690680143113
ENOG4111KCB	-0.11112962098487367	0.11112962098487365
ENOG4111KCZ	-0.7074399530376212	0.7074399530376212
ENOG4111KEC	-0.9455153536392262	0.9455153536392261
ENOG4111KET	0.04527997933346338	-0.04527997933346337
ENOG4111KFQ	-1.5407129399476163	1.540712939947616
ENOG4111KFV	-1.3538007705781774	1.3538007705781772
ENOG4111KHV	-1.0738934645851466	1.0738934645851463
ENOG4111KI8	-1.855029357021031	1.8550293570210308
ENOG4111KIA	0.2540961865036226	-0.25409618650362276
ENOG4111KIH	-1.1118808734767702	1.1118808734767702
ENOG4111KII	1.4164782115765748	-1.4164782115765746
ENOG4111KIY	0.8219882152541508	-0.8219882152541507
ENOG4111KK4	0.7920368581299513	-0.7920368581299514
ENOG4111KKM	-0.09875334170257148	0.09875334170257147
ENOG4111KKP	-0.22404890836945532	0.2240489083694553
ENOG4111KMZ	-1.0681535705850482	1.068153570585048
ENOG4111KN3	-0.21784782704775385	0.21784782704775382
ENOG4111KN5	-0.19146374904128097	0.19146374904128094
ENOG4111KN8	-0.32810702772944594	0.3281070277294459
ENOG4111KNJ	-1.2837678496993343	1.283767849699334
ENOG4111KPG	-0.20743062991630173	0.20743062991630173
ENOG4111KPU	-1.0398646830416247	1.0398646830416247
ENOG4111KPX	-0.8916202069351077	0.8916202069351077
ENOG4111KQ1	0.8077931916572468	-0.8077931916572467
ENOG4111KQ4	-0.9018072126628214	0.9018072126628213
ENOG4111KQG	1.198139051506651	-1.1981390515066508
ENOG4111KQP	-0.7968208750146766	0.7968208750146765
ENOG4111KQS	-0.4761697363392089	0.47616973633920884
ENOG4111KR4	-1.2566923707861823	1.2566923707861821
ENOG4111KRI	-1.5837663965593616	1.5837663965593614
ENOG4111KRN	-0.8105961807975045	0.8105961807975044
ENOG4111KST	0.5333834603508718	-0.5333834603508717
ENOG4111KT7	-1.59319433450974	1.59319433450974
ENOG4111KTA	1.5421510241236842	-1.542151024123684
ENOG4111KUD	-1.6949777281220777	1.6949777281220775
ENOG4111KUS	-0.2162317048742798	0.21623170487427978
ENOG4111KUX	-0.7115989936083364	0.7115989936083364
ENOG4111KVS	-0.8278847270035861	0.827884727003586
ENOG4111KW9	-0.008943591855818736	0.008943591855818734
ENOG4111KWQ	-0.07515680785456622	0.07515680785456622
ENOG4111KX6	1.468866845124097	-1.4688668451240967
ENOG4111KX8	-0.480860037672224	0.48086003767222396
ENOG4111KXQ	-0.6445480004793186	0.6445480004793186
ENOG4111KXW	1.768654506579784	-1.7686545065797838
ENOG4111KYU	0.8748019306552307	-0.8748019306552308
ENOG4111KZG	0.9558352721091401	-0.9558352721091397
ENOG4111KZH	0.41164264565901243	-0.4116426456590126
ENOG4111M0T	0.8284591237572041	-0.828459123757204
ENOG4111M0W	0.5277835693867042	-0.527783569386704
ENOG4111M1B	1.0876012719898116	-1.0876012719898112
ENOG4111M1F	0.0010534292473804864	-0.0010534292473804861
ENOG4111M1G	1.1578076383620508	-1.1578076383620506
ENOG4111M1V	-0.06341919334128249	0.06341919334128247
ENOG4111M2K	-0.07393761097742488	0.07393761097742486
ENOG4111M2M	-0.13998145759113326	0.13998145759113323
ENOG4111M2Z	-0.03189924688312171	0.0318992468831217
ENOG4111M32	0.19411917787883723	-0.19411917787883742
ENOG4111M39	1.7072402913132	-1.7072402913131999
ENOG4111M3K	0.818946938077111	-0.8189469380771109
ENOG4111M3U	-0.682677610459095	0.6826776104590949
ENOG4111M48	1.418525364186482	-1.4185253641864817
ENOG4111M4A	1.021459628911317	-1.0214596289113167
ENOG4111M4J	-0.08763401864469766	0.08763401864469766
ENOG4111M4M	0.3053425147653148	-0.30534251476531477
ENOG4111M5N	-1.6723679919839698	1.6723679919839696
ENOG4111M64	0.11825563396523527	-0.11825563396523525
ENOG4111M65	1.0407018341101348	-1.0407018341101348
ENOG4111M92	-1.6243902908012195	1.6243902908012193
ENOG4111M9Y	0.03225421339834923	-0.032254213398349225
ENOG4111MA7	-0.3762364234795724	0.37623642347957237
ENOG4111MAD	0.07252088840810926	-0.07252088840810901
ENOG4111MAU	0.9965020006750289	-0.9965020006750287
ENOG4111MBA	-1.1193764618256612	1.119376461825661
ENOG4111MBG	-1.4087228450111986	1.4087228450111986
ENOG4111MBI	-0.11377158662870714	0.11377158662870712
ENOG4111MCJ	-1.5282034377121763	1.528203437712176
ENOG4111MCV	1.2421498183423634	-1.2421498183423634
ENOG4111MD1	0.03587736028860285	-0.03587736028860285
ENOG4111MD3	-0.8354968927759052	0.8354968927759051
ENOG4111MDB	1.4963784979098254	-1.4963784979098251
ENOG4111MDE	-0.23678804024577213	0.2367880402457721
ENOG4111MEE	1.2835893437299177	-1.2835893437299177
ENOG4111MF4	-1.2870254517947421	1.287025451794742
ENOG4111MG2	1.3147255472079806	-1.3147255472079806
ENOG4111MGD	0.8948772090149084	-0.8948772090149083
ENOG4111MHG	-1.1424553062041352	1.142455306204135
ENOG4111MJI	-1.4673392874479279	1.4673392874479279
ENOG4111MJJ	0.08115642171910203	-0.08115642171910202
ENOG4111MJM	0.07554475349125937	-0.07554475349125914
ENOG4111MJP	0.28626718270977397	-0.2862671827097739
ENOG4111MK0	-1.0936009266009612	1.093600926600961
ENOG4111MKU	-1.204052305819187	1.2040523058191868
ENOG4111MM6	1.5170899704246004	-1.5170899704246001
ENOG4111MME	-0.20158013115679732	0.2015801311567973
ENOG4111MMW	-1.2428477313060842	1.242847731306084
ENOG4111MN7	0.856197294867639	-0.8561972948676388
ENOG4111MNA	-1.1210018605787273	1.1210018605787273
ENOG4111MNI	-0.9803300546642935	0.9803300546642933
ENOG4111MNS	-0.44294342481161675	0.4429434248116167
ENOG4111MP2	1.8114488392114292	-1.8114488392114292
ENOG4111MP4	-0.7621187354066864	0.7621187354066863
ENOG4111MPH	0.6566354806572184	-0.6566354806572181
ENOG4111MQE	-1.0181592718323387	1.0181592718323387
ENOG4111MQQ	0.7413874953754411	-0.741387495375441
ENOG4111MR3	0.6053729218256323	-0.6053729218256323
ENOG4111MRX	-0.08761958312060744	0.08761958312060744
ENOG4111MSB	-0.3562707160251698	0.35627071602516974
ENOG4111MSD	-1.3635725526172697	1.3635725526172695
ENOG4111MSE	-0.1623708340219345	0.1623708340219345
ENOG4111MSQ	-1.358155139947394	1.3581551399473937
ENOG4111MT2	-0.3021035880903167	0.3021035880903167
ENOG4111MTA	-1.2382218803474847	1.2382218803474845
ENOG4111MTK	0.8848652325394184	-0.8848652325394185
ENOG4111MTW	0.18854011945910015	-0.18854011945909988
ENOG4111MU4	-0.2602743093456017	0.26027430934560164
ENOG4111MUY	1.960619612687058	-1.9606196126870576
ENOG4111MV5	-0.00442622341647221	0.00442622341647221
ENOG4111MW5	-0.7223062117733676	0.7223062117733675
ENOG4111MX3	-1.0062956846580209	1.0062956846580209
ENOG4111MX4	-1.2400029775166037	1.2400029775166037
ENOG4111MXV	0.5973909456018273	-0.5973909456018272
ENOG4111MXZ	-1.2068501251330064	1.2068501251330062
ENOG4111MY0	0.699749428316158	-0.6997494283161579
ENOG4111MY9	-0.02318711469128618	0.023187114691286176
ENOG4111N1J	-0.37927558765782216	0.3792755876578221
ENOG4111N1T	1.085365255569089	-1.0853652555690887
ENOG4111N2I	0.9160544514087479	-0.9160544514087477
ENOG4111N38	0.21813221255513013	-0.21813221255513032
ENOG4111N3J	-0.27888318478259344	0.27888318478259344
ENOG4111N3T	1.1228695248706033	-1.122869524870603
ENOG4111N49	-1.3845499416364442	1.384549941636444
ENOG4111N4J	-1.9796879177706255	1.9796879177706252
ENOG4111N51	-0.11337881920342872	0.11337881920342871
ENOG4111N5F	0.5445090930999453	-0.5445090930999452
ENOG4111N5G	-0.7311451625094966	0.7311451625094965
ENOG4111N5J	-0.1068203402474447	0.1068203402474447
ENOG4111N5P	1.1010767452295511	-1.1010767452295513
ENOG4111N5Z	-0.8292571111536859	0.8292571111536858
ENOG4111N65	1.8970971394763576	-1.8970971394763574
ENOG4111N6E	1.503776838216656	-1.5037768382166559
ENOG4111N6F	0.46113466061522207	-0.46113466061522174
ENOG4111N6Y	-0.645327584988488	0.645327584988488
ENOG4111N74	1.1913497469544292	-1.191349746954429
ENOG4111N77	0.21910605566974323	-0.2191060556697432
ENOG4111N7Z	0.10101348152124275	-0.10101348152124273
ENOG4111N8E	-1.2938668028033364	1.2938668028033362
ENOG4111N8X	0.22684163975649724	-0.2268416397564972
ENOG4111N9C	-0.7049762455841494	0.7049762455841493
ENOG4111N9P	-1.3269187626232388	1.3269187626232388
ENOG4111N9R	0.0009305188292734733	-0.0009305188292734732
ENOG4111NAR	-1.3619660901539177	1.3619660901539175
ENOG4111NAW	1.3067806271242974	-1.306780627124297
ENOG4111NBJ	0.9000451019057828	-0.9000451019057829
ENOG4111NCC	-0.15617701763145886	0.15617701763145883
ENOG4111NCF	-0.9566187498572633	0.9566187498572631
ENOG4111NCI	0.6921135170766035	-0.6921135170766035
ENOG4111NCS	-0.448036254451449	0.44803625445144896
ENOG4111NCU	-0.666126431962133	0.6661264319621328
ENOG4111NDK	0.524917298679103	-0.5249172986791029
ENOG4111NDW	-0.7338358483448083	0.7338358483448083
ENOG4111NDY	-0.6605164690760037	0.6605164690760036
ENOG4111NE3	0.9736547304240013	-0.9736547304240014
ENOG4111NE4	-0.5877961662144058	0.5877961662144057
ENOG4111NEB	-1.6446689258799694	1.6446689258799692
ENOG4111NEG	-0.34406449416156815	0.3440644941615681
ENOG4111NEM	0.8572185646691163	-0.8572185646691165
ENOG4111NEX	0.013894373989858528	-0.013894373989858527
ENOG4111NF7	-0.9834105916121721	0.983410591612172
ENOG4111NFI	0.27568887280982857	-0.27568887280982873
ENOG4111NFV	0.17810995904607302	-0.17810995904607277
ENOG4111NGN	-1.5888564530350953	1.588856453035095
ENOG4111NGP	-1.6673574705032905	1.6673574705032903
ENOG4111NHW	1.2964774409976239	-1.2964774409976236
ENOG4111NHY	-1.1633346562779534	1.1633346562779532
ENOG4111NI7	-0.5218655320975278	0.5218655320975277
ENOG4111NIG	0.7867752940733356	-0.7867752940733355
ENOG4111NJ6	-1.515444677176665	1.515444677176665
ENOG4111NK7	-0.5419021139395649	0.5419021139395648
ENOG4111NKI	-0.936615782764384	0.9366157827643838
ENOG4111NKW	1.3840682045804475	-1.3840682045804475
ENOG4111NKX	-1.1197700281769454	1.1197700281769452
ENOG4111NM0	-1.5731207455308596	1.5731207455308593
ENOG4111NM2	-0.04569911306789951	0.04569911306789951
ENOG4111NM3	1.346798160492053	-1.3467981604920527
ENOG4111NMM	0.4812875230610238	-0.4812875230610235
ENOG4111NND	1.166484566487825	-1.1664845664878245
ENOG4111NNW	-0.2537279359258664	0.2537279359258664
ENOG4111NPN	-0.08136447063992634	0.08136447063992633
ENOG4111NQ9	0.5008250518531732	-0.5008250518531728
ENOG4111NQG	-1.3019970940105194	1.3019970940105192
ENOG4111NSJ	-0.7938912245599933	0.7938912245599932
ENOG4111NSM	1.9784335869511023	-1.9784335869511023
ENOG4111NTE	-1.7255518776032597	1.7255518776032595
ENOG4111NTW	-1.1804621480310056	1.1804621480310056
ENOG4111NUB	-0.5881506447112692	0.5881506447112691
ENOG4111NUM	-0.6671204850070964	0.6671204850070963
ENOG4111NUU	-1.8695936507688165	1.8695936507688162
ENOG4111NV7	0.5178615075271046	-0.5178615075271045
ENOG4111NVG	-1.6750182342388322	1.675018234238832
ENOG4111NVN	0.0039806986166507265	-0.003980698616650726
ENOG4111NW5	-1.9932856579916745	1.9932856579916742
ENOG4111NX4	0.022124679712086568	-0.022124679712086568
ENOG4111NXC	0.24390675935028375	-0.24390675935028372
ENOG4111NXY	-0.6083152124548546	0.6083152124548545
ENOG4111NXZ	0.5568580783718884	-0.5568580783718883
ENOG4111NY9	-1.1316326270434933	1.131632627043493
ENOG4111NYN	-0.9441785742631784	0.9441785742631783
ENOG4111NYT	1.6254473522969475	-1.6254473522969473
ENOG4111NYY	-0.17637059774451133	0.1763705977445113
ENOG4111NZ6	0.23509987449314704	-0.235099874493147
ENOG4111NZ7	0.295030829758678	-0.2950308297586777
ENOG4111NZA	-0.6628760631267004	0.6628760631267003
ENOG4111NZF	1.1546376155082487	-1.1546376155082485
ENOG4111P0I	-0.3521988752417703	0.35219887524177024
ENOG4111P10	-0.7269721973726784	0.7269721973726783
ENOG4111P1U	-0.8556409432470098	0.8556409432470097
ENOG4111P27	-0.06638756015084368	0.06638756015084367
ENOG4111P2A	-0.9953786995921995	0.9953786995921993
ENOG4111P35	-0.8802882291625624	0.8802882291625623
ENOG4111P36	0.2840977662780246	-0.2840977662780246
ENOG4111P3D	-1.7624633894653754	1.7624633894653752
ENOG4111P3M	-1.1097190284534644	1.1097190284534642
ENOG4111P3Q	0.45384713157737056	-0.4538471315773705
ENOG4111P3R	-0.08772782775251191	0.08772782775251191
ENOG4111P40	0.29315518558386544	-0.2931551855838656
ENOG4111P4D	0.3344980391551951	-0.3344980391551951
ENOG4111P4Z	-0.1461622873292885	0.14616228732928846
ENOG4111P5G	0.8752933107971711	-0.8752933107971712
ENOG4111P5M	-0.38510969557940977	0.38510969557940977
ENOG4111P6H	-1.626173853265048	1.626173853265048
ENOG4111P6R	0.8417577521236798	-0.8417577521236799
ENOG4111P6W	-1.70773510379626	1.7077351037962598
ENOG4111P72	-0.013586243623919856	0.013586243623919855
ENOG4111P7W	0.44595383413970124	-0.4459538341397012
ENOG4111P8K	-0.5612482413328664	0.5612482413328663
ENOG4111P8N	-0.17082352930616293	0.1708235293061629
ENOG4111P8P	0.10353504134208744	-0.10353504134208742
ENOG4111P9X	1.4755238143645495	-1.4755238143645495
ENOG4111PAN	-0.24616109352515014	0.24616109352515012
ENOG4111PAT	-0.8347597934808638	0.8347597934808637
ENOG4111PBC	0.2177450226541658	-0.2177450226541655
ENOG4111PBP	0.7501340869046773	-0.7501340869046772
ENOG4111PBT	-0.1969600487007813	0.1969600487007813
ENOG4111PBW	-1.0469172554737334	1.0469172554737334
ENOG4111PC7	0.5226127127136528	-0.5226127127136527
ENOG4111PC8	0.7477602312707082	-0.7477602312707081
ENOG4111PCU	-0.8362681270603395	0.8362681270603394
ENOG4111PCV	-0.4233652736039418	0.42336527360394177
ENOG4111PCY	0.5043402573395626	-0.5043402573395624
ENOG4111PDN	1.3513150981233748	-1.3513150981233746
ENOG4111PE9	-0.3094706299207942	0.30947062992079416
ENOG4111PER	0.007763733938763314	-0.007763733938763313
ENOG4111PF0	0.4996304224488575	-0.4996304224488572
ENOG4111PFT	-1.5181230578578373	1.518123057857837
ENOG4111PFY	-0.6828310317606006	0.6828310317606004
ENOG4111PG4	-0.31203393464519946	0.31203393464519946
ENOG4111PGF	-1.5873471229561107	1.5873471229561107
ENOG4111PGP	-1.2043146811947751	1.2043146811947751
ENOG4111PGV	-1.4565320031271978	1.4565320031271975
ENOG4111PHP	-1.5163809195549873	1.516380919554987
ENOG4111PHS	-1.2131061885694867	1.2131061885694867
ENOG4111PIZ	0.3350019881233475	-0.3350019881233477
ENOG4111PJN	-0.6707850031735298	0.6707850031735297
ENOG4111PK8	-1.3464868910134375	1.3464868910134373
ENOG4111PKH	-1.2969201466405618	1.2969201466405618
ENOG4111PKS	0.7146105196899551	-0.7146105196899551
ENOG4111PM0	0.17050575234564708	-0.1705057523456473
ENOG4111PMH	-0.3422679066839137	0.34226790668391366
ENOG4111PN7	1.3532793429260954	-1.3532793429260954
ENOG4111PQG	1.2698875899002455	-1.2698875899002453
ENOG4111PQH	0.23815034015820882	-0.2381503401582088
ENOG4111PR2	1.6901889733653308	-1.6901889733653308
ENOG4111PS2	-1.4961826671258593	1.4961826671258591
ENOG4111PS8	-0.6780452740146257	0.6780452740146256
ENOG4111PSY	-1.7336433743784554	1.7336433743784552
ENOG4111PT3	-0.9498238920686387	0.9498238920686386
ENOG4111PTC	-0.7509025829547488	0.7509025829547487
ENOG4111PTJ	-0.3191075083113244	0.31910750831132434
ENOG4111PTK	-0.8472934764633524	0.8472934764633523
ENOG4111PTS	1.164615007311361	-1.1646150073113608
ENOG4111PTW	0.008541374607627663	-0.008541374607627661
ENOG4111PTZ	1.0132928804081593	-1.0132928804081593
ENOG4111PU7	-1.0192467279933575	1.0192467279933572
ENOG4111PUJ	1.6338304387867406	-1.6338304387867402
ENOG4111PUW	-1.3820915450137246	1.3820915450137243
ENOG4111PV2	-0.8718409697099471	0.871840969709947
ENOG4111PW0	0.7331719180166026	-0.7331719180166029
ENOG4111PXB	0.6084785517811085	-0.6084785517811085
ENOG4111PXI	-1.055799845561659	1.055799845561659
ENOG4111PZ3	-0.7676569105199218	0.7676569105199217
ENOG4111PZ8	-1.5183800767898237	1.5183800767898235
ENOG4111PZB	-1.4309792988199277	1.4309792988199275
ENOG4111PZR	-0.3771961853200711	0.37719618532007104
ENOG4111Q0J	-0.2430490944319174	0.24304909443191738
ENOG4111Q0K	0.6761133106063903	-0.6761133106063902
ENOG4111Q0R	-1.1031130616736051	1.1031130616736051
ENOG4111Q11	-0.8107531166833538	0.8107531166833537
ENOG4111Q1R	-0.23926503909910488	0.23926503909910485
ENOG4111Q21	0.8188081133042924	-0.818808113304292
ENOG4111Q2M	-0.7041600125385703	0.7041600125385702
ENOG4111Q2P	1.3646867811774712	-1.364686781177471
ENOG4111Q38	-0.10779745504793148	0.10779745504793148
ENOG4111Q3E	0.5116307238607346	-0.5116307238607348
ENOG4111Q3F	1.5618045986429578	-1.5618045986429578
ENOG4111Q41	-0.9601415034908467	0.9601415034908466
ENOG4111Q4I	-0.5319500072093631	0.531950007209363
ENOG4111Q4N	-1.0493399567387613	1.0493399567387613
ENOG4111Q4W	-1.4642065493856418	1.4642065493856415
ENOG4111Q58	1.4953974191327903	-1.4953974191327901
ENOG4111Q5N	1.2705154006360113	-1.2705154006360113
ENOG4111Q5V	0.053352451305583824	-0.05335245130558382
ENOG4111Q8K	-1.657847503301039	1.6578475033010387
ENOG4111Q8R	1.645122820754124	-1.6451228207541237
ENOG4111Q8X	1.784339476179754	-1.7843394761797537
ENOG4111Q95	1.5493345629158841	-1.5493345629158837
ENOG4111Q97	-0.14752164728252695	0.14752164728252692
ENOG4111Q99	-0.8331269116375856	0.8331269116375855
ENOG4111Q9V	-0.28087200802498014	0.2808720080249801
ENOG4111QAP	-1.6319006872487825	1.6319006872487822
ENOG4111QB7	-1.001897445100035	1.001897445100035
ENOG4111QBF	0.9103218292623936	-0.9103218292623932
ENOG4111QC0	0.8832041019695954	-0.8832041019695951
ENOG4111QCF	-0.1312909982260275	0.1312909982260275
ENOG4111QD0	-0.0213885348678543	0.021388534867854296
ENOG4111QDA	1.2295613972127553	-1.2295613972127553
ENOG4111QDN	-1.5271309323831626	1.5271309323831623
ENOG4111QE4	-0.6285555593758028	0.6285555593758028
ENOG4111QED	1.1915121611795936	-1.1915121611795934
ENOG4111QEZ	-0.5894475532492666	0.5894475532492665
ENOG4111QGN	-1.3854491691237962	1.385449169123796
ENOG4111QH7	0.8434720349980761	-0.8434720349980758
ENOG4111QI3	0.11955397310856368	-0.11955397310856367
ENOG4111QIE	-1.663282916563155	1.6632829165631549
ENOG4111QIR	0.9841181736716718	-0.9841181736716716
ENOG4111QK2	-1.2762180510905223	1.276218051090522
ENOG4111QKP	-1.2334358815888513	1.233435881588851
ENOG4111QKZ	0.8745006365870452	-0.8745006365870451
ENOG4111QM8	-0.6424638612066057	0.6424638612066057
ENOG4111QMH	0.21744998362199996	-0.2174499836220002
ENOG4111QMM	-0.19548475298903015	0.19548475298903012
ENOG4111QN6	0.23871701376489274	-0.2387170137648927
ENOG4111QNG	0.8444390527261435	-0.8444390527261432
ENOG4111QNK	0.8566938553698127	-0.8566938553698129
ENOG4111QPB	-0.09535176341589824	0.09535176341589822
ENOG4111QPQ	1.1368693673602455	-1.1368693673602452
ENOG4111QPY	-0.895211649893321	0.8952116498933209
ENOG4111QQI	0.40491363470487285	-0.40491363470487285
ENOG4111QRJ	-1.010970095708997	1.010970095708997
ENOG4111QRM	-0.7829520156343528	0.7829520156343527
ENOG4111QS8	-0.9064138587794324	0.9064138587794323
ENOG4111QSB	-0.5088344968001702	0.5088344968001702
ENOG4111QSP	0.30164148406791835	-0.3016414840679181
ENOG4111QSQ	0.602306117230406	-0.6023061172304058
ENOG4111QTY	0.9259032667327921	-0.925903266732792
ENOG4111QVA	-1.6538974901751222	1.653897490175122
ENOG4111QVE	-0.9147866014443832	0.9147866014443831
ENOG4111QVH	-1.7782538132466252	1.778253813246625
ENOG4111QVU	-0.9878083087889739	0.9878083087889736
ENOG4111QVW	-0.036414185295576176	0.03641418529557617
ENOG4111QVX	-0.9513576740804612	0.9513576740804611
ENOG4111QW4	-0.4940766245885789	0.49407662458857887
ENOG4111QWX	1.168780157609142	-1.1687801576091421
ENOG4111QWZ	-0.15336903264921617	0.15336903264921614
ENOG4111QXE	-0.6841199866771649	0.6841199866771648
ENOG4111QY1	-0.07203800773889583	0.07203800773889582
ENOG4111QZ3	-1.1132320721776399	1.1132320721776396
ENOG4111QZM	0.8726501578167998	-0.8726501578167999
ENOG4111R0C	-0.3066238683613376	0.30662386836133754
ENOG4111R0M	-0.37512954228342354	0.3751295422834235
ENOG4111R0N	1.8088610111571621	-1.808861011157162
ENOG4111R0Z	1.2547118813825031	-1.2547118813825031
ENOG4111R12	1.077724520635722	-1.0777245206357222
ENOG4111R14	-0.8931875147625615	0.8931875147625614
ENOG4111R32	-1.044429934639935	1.0444299346399348
ENOG4111R3C	-1.3593945953871827	1.3593945953871824
ENOG4111R45	-0.9487340541094059	0.9487340541094058
ENOG4111R48	-1.0986155256268373	1.098615525626837
ENOG4111R49	-1.5555322228817154	1.5555322228817152
ENOG4111R4E	-1.1314843805097134	1.1314843805097132
ENOG4111R4Y	0.07025702628607844	-0.07025702628607843
ENOG4111R54	1.5284843345566128	-1.5284843345566126
ENOG4111R59	-0.9871713847232557	0.9871713847232556
ENOG4111R5D	1.2946475084090798	-1.2946475084090798
ENOG4111R5R	1.6001354482099417	-1.6001354482099415
ENOG4111R75	-1.8547099693222058	1.8547099693222056
ENOG4111R7X	-0.8045256786117735	0.8045256786117734
ENOG4111R8F	0.9627975350020574	-0.9627975350020576
ENOG4111R8J	-0.9654165381579	0.9654165381578999
ENOG4111R8U	-1.382941049496866	1.3829410494968657
ENOG4111R9E	-0.18085258840393617	0.18085258840393614
ENOG4111R9W	-1.596425543276266	1.5964255432762657
ENOG4111R9X	-0.23348136072658818	0.23348136072658815
ENOG4111RAU	-1.4921350816392192	1.492135081639219
ENOG4111RAV	-0.33982226607137594	0.33982226607137594
ENOG4111RAW	-0.922869109417475	0.9228691094174749
ENOG4111RAY	-0.8903618393838656	0.8903618393838655
ENOG4111RBN	0.7671173864635779	-0.767117386463578
ENOG4111RBZ	0.34396213687142924	-0.34396213687142946
ENOG4111RC3	0.9738959553129488	-0.9738959553129489
ENOG4111RCW	-0.2139846966972228	0.2139846966972228
ENOG4111RE7	-0.029118836988470415	0.029118836988470412
ENOG4111RED	-1.4658859541358988	1.4658859541358986
ENOG4111REP	-0.7604246695946002	0.7604246695946001
ENOG4111RES	-0.5377346527633345	0.5377346527633345
ENOG4111RF9	-0.13855766059179525	0.13855766059179522
ENOG4111RG5	1.27195384353271	-1.2719538435327098
ENOG4111RG9	-0.6661227133972042	0.6661227133972041
ENOG4111RGQ	-0.561371663759879	0.5613716637598789
ENOG4111RJG	0.6777043529095763	-0.677704352909576
ENOG4111RK4	-0.792991000356647	0.7929910003566469
ENOG4111RK5	0.9624626376641681	-0.9624626376641683
ENOG4111RMG	-0.881749881482439	0.8817498814824389
ENOG4111RN5	-0.7950056332293713	0.7950056332293712
ENOG4111RNE	0.10509648769481703	-0.10509648769481701
ENOG4111RNG	-1.6112526733552082	1.6112526733552082
ENOG4111RP5	0.8387302927398448	-0.8387302927398449
ENOG4111RP8	-1.3879910310523025	1.3879910310523023
ENOG4111RPE	-1.0090709102714064	1.0090709102714062
ENOG4111RPR	0.4912749607928459	-0.4912749607928458
ENOG4111RQG	-0.24065769358204903	0.240657693582049
ENOG4111RR2	-0.30369418204795523	0.3036941820479552
ENOG4111RRS	-1.1652446796700193	1.165244679670019
ENOG4111RTE	-1.6218029799748168	1.6218029799748166
ENOG4111RTK	-0.9784077301785767	0.9784077301785766
ENOG4111RTN	0.46622028264546667	-0.4662202826454666
ENOG4111RU6	-1.159671913887156	1.1596719138871558
ENOG4111RUK	-0.6744964023785567	0.6744964023785566
ENOG4111RUQ	-1.4869465981226941	1.486946598122694
ENOG4111RVG	0.3727503441358509	-0.3727503441358506
ENOG4111RVU	-1.4219078847809838	1.4219078847809838
ENOG4111RWT	-1.8768133081091778	1.8768133081091776
ENOG4111RX2	0.15739900570043006	-0.15739900570042978
ENOG4111RX8	0.8168030190747604	-0.8168030190747603
ENOG4111RXE	-0.523995847496014	0.5239958474960139
ENOG4111RXV	1.2408033527945062	-1.240803352794506
ENOG4111RXW	-0.039202420578318846	0.039202420578318846
ENOG4111RZ5	-1.5614433707296103	1.5614433707296103
ENOG4111RZM	0.8805397607887538	-0.8805397607887537
ENOG4111S03	-1.0122695243187725	1.0122695243187723
ENOG4111S06	-1.0259864450569947	1.0259864450569947
ENOG4111S0C	-0.0058396472920153675	0.0058396472920153675
ENOG4111S0N	0.08778666145203537	-0.08778666145203536
ENOG4111S0X	0.5807100878794456	-0.5807100878794458
ENOG4111S28	1.1998739617186942	-1.1998739617186942
ENOG4111S2E	0.8631375180883496	-0.8631375180883496
ENOG4111S42	-0.2745450544549372	0.27454505445493715
ENOG4111S4G	-1.0353068651041812	1.0353068651041812
ENOG4111S4M	-0.6511893837730888	0.6511893837730887
ENOG4111S5U	-0.18212793197582697	0.18212793197582694
ENOG4111S5Y	-0.3264785792592306	0.3264785792592305
ENOG4111S67	0.032021862403517246	-0.03202186240351724
ENOG4111S7I	-0.08891097188402981	0.0889109718840298
ENOG4111S7S	-0.7300790372625313	0.7300790372625313
ENOG4111S80	-0.5429478384481904	0.5429478384481903
ENOG4111S85	1.3803812553777883	-1.3803812553777883
ENOG4111S8V	-0.019378078747179943	0.01937807874717994
ENOG4111S9B	-0.14452765642127036	0.14452765642127033
ENOG4111SA5	-1.3129260396171112	1.312926039617111
ENOG4111SAV	-0.06925528191445478	0.06925528191445476
ENOG4111SD7	-0.594245686359793	0.5942456863597929
ENOG4111SDT	0.4628153412166539	-0.4628153412166536
ENOG4111SE1	-0.6583974570416647	0.6583974570416646
ENOG4111SF2	0.37266333901521637	-0.3726633390152161
ENOG4111SF8	0.567967526642946	-0.5679675266429457
ENOG4111SFQ	0.08097787212459173	-0.0809778721245915
ENOG4111SFV	-0.8600751048389492	0.8600751048389491
ENOG4111SGM	-0.7196835070065792	0.7196835070065791
ENOG4111SHJ	-0.7155280924114712	0.7155280924114711
ENOG4111SHR	0.8053056015872165	-0.8053056015872166
ENOG4111SHZ	0.7479886232757507	-0.7479886232757506
ENOG4111SI6	-0.9884007361952579	0.9884007361952578
ENOG4111SIF	-0.7888163320261428	0.7888163320261427
ENOG4111SIP	-0.32987598701303467	0.3298759870130346
ENOG4111SIY	-1.4777212332891982	1.4777212332891982
ENOG4111SIZ	0.2143924372714459	-0.21439243727144564
ENOG4111SJ2	0.21326848920188052	-0.2132684892018805
ENOG4111SJH	-0.7363188107216796	0.7363188107216795
ENOG4111SJQ	-0.9119640819408592	0.9119640819408591
ENOG4111SJR	-0.9287207846956421	0.928720784695642
ENOG4111SJZ	-1.1537181332716535	1.1537181332716533
ENOG4111SNC	-0.017927465666703436	0.017927465666703432
ENOG4111SNX	-1.257151925240601	1.257151925240601
ENOG4111SP3	-0.08144585687679946	0.08144585687679945
ENOG4111SPS	-1.5950861209237943	1.5950861209237943
ENOG4111SQV	0.0378983084476603	-0.037898308447660296
ENOG4111SQY	0.05604025862781708	-0.05604025862781707
ENOG4111SRH	-1.4381146352140364	1.4381146352140362
ENOG4111SS3	-1.0833332402125522	1.083333240212552
ENOG4111ST7	-1.0780813461061463	1.078081346106146
ENOG4111STI	-0.06046327206347555	0.06046327206347554
ENOG4111STN	-1.2694883020683636	1.2694883020683636
ENOG4111SU2	0.8548988619519001	-0.8548988619518997
ENOG4111SU9	0.6028147480680225	-0.6028147480680224
ENOG4111SUH	-1.8399370425815047	1.8399370425815045
ENOG4111SUK	-1.108317224985175	1.108317224985175
ENOG4111SVA	0.2349659737056558	-0.23496597370565578
ENOG4111SWE	0.7458874796626714	-0.7458874796626717
ENOG4111SX6	0.025284829205518743	-0.02528482920551874
ENOG4111SXP	-0.12103479087102172	0.1210347908710217
ENOG4111SZ8	1.2721516203750234	-1.2721516203750234
ENOG4111SZB	-1.641092772325521	1.6410927723255209
ENOG4111SZV	-1.7201827996025043	1.720182799602504
ENOG4111T16	0.20540112536902724	-0.20540112536902722
ENOG4111T25	-0.46328783098908477	0.4632878309890847
ENOG4111T3F	1.0239809395595858	-1.0239809395595856
ENOG4111T3U	0.005401681369460994	-0.005401681369460993
ENOG4111T45	1.0606232484159275	-1.0606232484159273
ENOG4111T4T	0.05925627916494005	-0.05925627916494028
ENOG4111T54	-1.747645777695325	1.7476457776953247
ENOG4111T5H	-1.6076265974977677	1.6076265974977677
ENOG4111T5V	-0.114096119352755	0.11409611935275499
ENOG4111T81	-1.6971742868740238	1.6971742868740236
ENOG4111T85	0.20730127252161762	-0.2073012725216178
ENOG4111T8F	-0.33976350577591125	0.3397635057759112
ENOG4111TA0	-1.5338229960656928	1.5338229960656928
ENOG4111TA2	0.804156551819237	-0.8041565518192371
ENOG4111TA5	1.0852089653170716	-1.0852089653170713
ENOG4111TB4	-1.515573520869521	1.515573520869521
ENOG4111TBD	0.9639480425612792	-0.9639480425612791
ENOG4111TCK	0.9025196042757463	-0.9025196042757462
ENOG4111TEE	-0.9156457379167362	0.9156457379167361
ENOG4111TF2	0.08666104091217529	-0.08666104091217504
ENOG4111TF3	0.4858750378046448	-0.4858750378046447
ENOG4111TF8	-0.08657399278776355	0.08657399278776355
ENOG4111THK	-1.0311915280231454	1.0311915280231452
ENOG4111THP	1.239441515031085	-1.239441515031085
ENOG4111THY	0.4869681962039137	-0.48696819620391363
ENOG4111TI2	-0.6967060053197229	0.6967060053197229
ENOG4111TJX	0.1184753711392586	-0.11847537113925835
ENOG4111TM1	-1.3796915218378962	1.379691521837896
ENOG4111TMT	0.9729366504157241	-0.9729366504157242
ENOG4111TNS	-1.8546602915185288	1.8546602915185286
ENOG4111TP8	-0.798883448969823	0.7988834489698229
ENOG4111TPB	-0.6112020241181613	0.6112020241181612
ENOG4111TPH	-1.4165858976965273	1.416585897696527
ENOG4111TPP	0.6829624678209066	-0.6829624678209063
ENOG4111TPU	-0.5350220114045939	0.5350220114045938
ENOG4111TPW	-0.13178639765859554	0.1317863976585955
ENOG4111TQ2	-1.879458444044841	1.8794584440448407
ENOG4111TQC	-1.1024740333836716	1.1024740333836713
ENOG4111TQP	-1.7017110949778604	1.7017110949778602
ENOG4111TR3	-0.5261018427610099	0.5261018427610099
ENOG4111TR8	-1.6213170262891663	1.621317026289166
ENOG4111TRN	-0.6520088289590348	0.6520088289590347
ENOG4111TT5	-0.29240402077835526	0.2924040207783552
ENOG4111TT6	-0.4863581937128439	0.48635819371284383
ENOG4111TU1	-0.6067869846135401	0.60678698461354
ENOG4111TU2	-1.4993657233963658	1.4993657233963655
ENOG4111TUC	-0.19851201173108982	0.1985120117310898
ENOG4111TV5	0.31385096368406895	-0.3138509636840689
ENOG4111TV7	0.6411427258566229	-0.6411427258566229
ENOG4111TVE	0.1659408421256034	-0.16594084212560337
ENOG4111TVG	-0.5770771705317623	0.5770771705317623
ENOG4111TVJ	0.009320029492857042	-0.00932002949285704
ENOG4111TVT	0.5082295017776742	-0.5082295017776742
ENOG4111TW4	1.050289574004483	-1.0502895740044829
ENOG4111TWF	-1.695200790227851	1.6952007902278508
ENOG4111TYD	0.009617695857894766	-0.009617695857894765
ENOG4111TZE	-0.9186404630956212	0.9186404630956212
ENOG4111TZK	-1.2170341669745977	1.2170341669745974
ENOG4111TZS	0.22334682868622702	-0.223346828686227
ENOG4111TZY	-1.3343471488873007	1.3343471488873004
ENOG4111U0C	-0.18765630685745346	0.18765630685745344
ENOG4111U0Q	-0.916673465330471	0.9166734653304709
ENOG4111U0V	-1.845439406002825	1.8454394060028247
ENOG4111U0Y	1.2915490787246604	-1.2915490787246602
ENOG4111U16	-0.3081485819903652	0.30814858199036516
ENOG4111U17	0.1290664017475296	-0.12906640174752956
ENOG4111U1N	-1.1181808500678325	1.1181808500678323
ENOG4111U22	-0.6178778475334752	0.6178778475334751
ENOG4111U2D	-0.2366337325348886	0.23663373253488856
ENOG4111U31	1.144896321871955	-1.144896321871955
ENOG4111U3E	0.20248568906217598	-0.20248568906217573
ENOG4111U3N	-0.24291375616978295	0.24291375616978292
ENOG4111U4V	1.065846174105449	-1.065846174105449
ENOG4111U4X	0.3555814202841837	-0.35558142028418366
ENOG4111U4Y	1.1239791825268197	-1.1239791825268193
ENOG4111U4Z	1.348642439164296	-1.3486424391642957
ENOG4111U6H	1.244500049985021	-1.2445000499850207
ENOG4111U6K	-0.032172187079819	0.03217218707981899
ENOG4111U73	0.9480331740618162	-0.9480331740618161
ENOG4111U74	-0.19063355732452006	0.19063355732452003
ENOG4111U7C	-1.418058150460937	1.4180581504609369
ENOG4111U7F	0.39599425644106023	-0.39599425644105996
ENOG4111U81	-0.09585806363924566	0.09585806363924565
ENOG4111U85	-1.488681064878824	1.4886810648788238
ENOG4111U8E	0.3383461162909404	-0.33834611629094014
ENOG4111U8H	1.106609722979682	-1.1066097229796819
ENOG4111U9I	1.4073173394310736	-1.4073173394310734
ENOG4111U9Q	-0.9150113052114309	0.9150113052114308
ENOG4111U9Y	0.32549529090253576	-0.325495290902536
ENOG4111UAD	-1.0134190706265347	1.0134190706265345
ENOG4111UAG	-0.40194446792706023	0.4019444679270602
ENOG4111UB9	-0.6506950368429318	0.6506950368429317
ENOG4111UBA	-0.12376601358379088	0.12376601358379086
ENOG4111UBE	-0.7971224924960644	0.7971224924960643
ENOG4111UC1	-0.36012594839652506	0.360125948396525
ENOG4111UC5	0.20864593147850768	-0.2086459314785079
ENOG4111UDA	-1.5042575318706521	1.504257531870652
ENOG4111UDF	-1.4684913070778316	1.4684913070778316
ENOG4111UDY	1.4668720614082418	-1.4668720614082416
ENOG4111UE5	-1.3233175196792553	1.3233175196792553
ENOG4111UEA	0.24203627574446562	-0.2420362757444656
ENOG4111UEH	-1.4571389661357825	1.4571389661357823
ENOG4111UEJ	-1.4302306800315232	1.430230680031523
ENOG4111UEU	-0.060461029711739195	0.06046102971173919
ENOG4111UF3	0.6784948320982763	-0.6784948320982765
ENOG4111UFC	-0.9245324753435039	0.9245324753435039
ENOG4111UGW	-1.430964472274356	1.4309644722743557
ENOG4111UID	0.3082137297933665	-0.3082137297933662
ENOG4111UIG	1.0905378592867452	-1.090537859286745
ENOG4111UIN	-1.566346697762354	1.566346697762354
ENOG4111UIX	-0.5750735065599909	0.5750735065599908
ENOG4111UJ1	-0.11592965555081128	0.11592965555081126
ENOG4111UJE	0.08747563055512501	-0.087475630555125
ENOG4111UN1	-1.5323873451482763	1.5323873451482763
ENOG4111UNT	0.3593807350664174	-0.3593807350664171
ENOG4111UPA	0.6162201651012338	-0.616220165101234
ENOG4111UPR	-0.46662429422731844	0.4666242942273184
ENOG4111UPV	0.33561405065724625	-0.3356140506572462
ENOG4111UPZ	0.6943641290246915	-0.6943641290246915
ENOG4111UQ3	0.3696199874748396	-0.36961998747483954
ENOG4111UQ8	-0.6752540213724452	0.6752540213724451
ENOG4111UQG	-1.3794121591466106	1.3794121591466104
ENOG4111UR2	-1.4167537732641433	1.416753773264143
ENOG4111UR5	-0.7971053858634211	0.797105385863421
ENOG4111URC	-0.92958687051489	0.9295868705148899
ENOG4111URS	-0.8272575875920233	0.8272575875920232
ENOG4111URT	-0.08331919767320559	0.08331919767320557
ENOG4111URW	-0.8323189515524941	0.832318951552494
ENOG4111US1	-1.580583784611594	1.5805837846115938
ENOG4111UTK	-1.2887517552988144	1.2887517552988141
ENOG4111UTU	-1.353920616750747	1.3539206167507467
ENOG4111UTW	1.3227559610730215	-1.3227559610730213
ENOG4111UTX	-0.7275793630439145	0.7275793630439144
ENOG4111UW1	1.3827447606749987	-1.3827447606749987
ENOG4111UWB	-0.07516173623475242	0.0751617362347524
ENOG4111UWD	0.7139500036493012	-0.7139500036493012
ENOG4111UWQ	0.05264487014623755	-0.052644870146237546
ENOG4111UWZ	0.2603727157517073	-0.2603727157517073
ENOG4111UX1	-1.1454809938734651	1.145480993873465
ENOG4111UXA	0.5006176707425161	-0.5006176707425161
ENOG4111UXB	0.6733911157591229	-0.6733911157591228
ENOG4111UXR	1.8028165994345222	-1.8028165994345222
ENOG4111UXX	-0.5305720545115474	0.5305720545115474
ENOG4111UY6	-1.6313901153669328	1.6313901153669326
ENOG4111UYB	-0.10443003541422899	0.10443003541422897
ENOG4111UYD	0.6320002415394227	-0.6320002415394224
ENOG4111UYM	1.8165948602851194	-1.8165948602851192
ENOG4111UYR	0.3481558768871725	-0.3481558768871727
ENOG4111UYV	-1.1328856854805585	1.1328856854805582
ENOG4111UZG	0.28186706212866713	-0.28186706212866713
ENOG4111V0N	-0.010494868339302785	0.010494868339302783
ENOG4111V0R	-1.0605145293762241	1.0605145293762241
ENOG4111V1K	-0.5234818606141668	0.5234818606141668
ENOG4111V3E	0.5067202037509253	-0.5067202037509255
ENOG4111V4C	-0.4555821960881085	0.45558219608810846
ENOG4111V4N	-0.8926446792393068	0.8926446792393067
ENOG4111V51	-0.5557635800402968	0.5557635800402968
ENOG4111V59	-0.4075257099638572	0.4075257099638571
ENOG4111V68	0.06403059571703455	-0.06403059571703454
ENOG4111V6N	1.7899232452074376	-1.7899232452074372
ENOG4111V6P	-0.7154842379908916	0.7154842379908914
ENOG4111V6R	-1.413956938801897	1.4139569388018969
ENOG4111V8D	0.8661298911921046	-0.8661298911921046
ENOG4111V9E	0.224622873783579	-0.22462287378357873
ENOG4111VAE	-0.6938279389502494	0.6938279389502493
ENOG4111VAV	-1.5392460034915414	1.5392460034915412
ENOG4111VAZ	0.623944801728726	-0.6239448017287259
ENOG4111VB3	-0.6875120914318847	0.6875120914318847
ENOG4111VB8	0.34363394442699885	-0.3436339444269988
ENOG4111VB9	-1.383235135877627	1.383235135877627
ENOG4111VBB	-1.796503040237121	1.7965030402371207
ENOG4111VC8	-0.08962482408536913	0.08962482408536912
ENOG4111VCA	-0.6867306607378518	0.6867306607378518
ENOG4111VCI	-0.20507943793203967	0.20507943793203967
ENOG4111VCR	-0.501679360296408	0.501679360296408
ENOG4111VDB	0.19386536190527	-0.19386536190526976
ENOG4111VDF	-0.8794705457663534	0.8794705457663533
ENOG4111VDI	-0.0018850161089331865	0.0018850161089331862
ENOG4111VDK	0.017111478152972988	-0.017111478152972984
ENOG4111VE3	0.2706808749489673	-0.27068087494896753
ENOG4111VEY	1.2858875177744784	-1.285887517774478
ENOG4111VF0	-0.800784896837639	0.8007848968376389
ENOG4111VF3	-0.27466071105900514	0.2746607110590051
ENOG4111VF8	-0.1837650856733311	0.18376508567333108
ENOG4111VFN	0.30993425551086257	-0.30993425551086257
ENOG4111VGM	1.3512503742694648	-1.3512503742694648
ENOG4111VGN	-0.1750342589216746	0.17503425892167457
ENOG4111VH8	-1.3701494884122811	1.370149488412281
ENOG4111VHI	-1.101344829383644	1.1013448293836439
ENOG4111VHR	1.549797692028818	-1.5497976920288175
ENOG4111VI5	-0.24783573128806025	0.24783573128806022
ENOG4111VIT	-0.186773679697317	0.18677367969731698
ENOG4111VJV	-0.5898152907982963	0.5898152907982963
ENOG4111VJW	0.7723054342143525	-0.7723054342143524
ENOG4111VN3	-1.716450679110884	1.716450679110884
ENOG4111VN8	-0.402920961750847	0.40292096175084696
ENOG4111VNP	-1.0749663333555115	1.0749663333555113
ENOG4111VPR	1.7422295556689427	-1.7422295556689422
ENOG4111VPT	-1.6812328777388668	1.6812328777388668
ENOG4111VQ2	-1.8454314109782657	1.8454314109782655
ENOG4111VQX	1.6721619912682246	-1.6721619912682244
ENOG4111VRS	-0.24886075886255735	0.24886075886255732
ENOG4111VSN	-0.10532612547989649	0.10532612547989648
ENOG4111VSQ	0.03853413012614126	-0.03853413012614125
ENOG4111VT6	-0.26235747608876847	0.2623574760887684
ENOG4111VTK	-1.0369988203848632	1.0369988203848632
ENOG4111VUA	-0.8322596088111124	0.8322596088111123
ENOG4111VUW	-1.5740050037615583	1.5740050037615583
ENOG4111VVM	-1.1945231162314578	1.1945231162314576
ENOG4111VW1	1.9407552218064086	-1.9407552218064084
ENOG4111VWJ	-0.669342316738937	0.6693423167389368
ENOG4111VWS	1.040604503835953	-1.040604503835953
ENOG4111VWX	1.6160845931074763	-1.616084593107476
ENOG4111VXK	0.8319836105436377	-0.8319836105436378
ENOG4111VXM	0.5999187665368108	-0.5999187665368104
ENOG4111VYM	-0.9714663405707218	0.9714663405707217
ENOG4111VYR	0.4482093569257696	-0.4482093569257695
ENOG4111VZ8	-1.2092048149502994	1.2092048149502992
ENOG4111VZN	-0.5710608535070107	0.5710608535070107
ENOG4111W0A	-1.1367022770797042	1.136702277079704
ENOG4111W0B	-0.5716860794125241	0.5716860794125241
ENOG4111W16	1.6000931842465822	-1.600093184246582
ENOG4111W1A	0.7500951936180588	-0.7500951936180587
ENOG4111W1E	-1.202968904912365	1.2029689049123649
ENOG4111W1V	-0.11933176800925151	0.1193317680092515
ENOG4111W24	-0.35041414657323633	0.3504141465732363
ENOG4111W2S	-0.3089474590960102	0.3089474590960101
ENOG4111W4E	-0.3864375095709119	0.38643750957091183
ENOG4111W6Z	-1.3313297873104442	1.3313297873104442
ENOG4111W74	-0.6403819741654515	0.6403819741654514
ENOG4111W7E	-0.8097688491457888	0.8097688491457887
ENOG4111W7K	-0.24167407584781964	0.2416740758478196
ENOG4111W94	1.3000494016552833	-1.300049401655283
ENOG4111W9B	0.0016954500505610424	-0.0016954500505610422
ENOG4111W9D	0.04302707651562594	-0.043027076515625935
ENOG4111WA6	0.21946575678341942	-0.21946575678341965
ENOG4111WB3	-1.869914910654282	1.8699149106542818
ENOG4111WBC	0.87005844910329	-0.8700584491032899
ENOG4111WBG	-1.9394691140693774	1.9394691140693772
ENOG4111WCM	-0.1903184615292527	0.19031846152925266
ENOG4111WCW	0.8098403401792165	-0.8098403401792165
ENOG4111WCX	0.7850802876915742	-0.7850802876915741
ENOG4111WD0	0.613654282979881	-0.6136542829798812
ENOG4111WDD	1.31938686497359	-1.3193868649735898
ENOG4111WDG	-1.704809549904216	1.7048095499042157
ENOG4111WE9	1.1885290340424701	-1.18852903404247
ENOG4111WEC	-0.20324347837887416	0.20324347837887413
ENOG4111WEQ	-1.385464987567291	1.3854649875672909
ENOG4111WFU	-0.2017926839860727	0.2017926839860727
ENOG4111WH3	-0.27324256706405614	0.2732425670640561
ENOG4111WHE	1.7274250725871958	-1.7274250725871956
ENOG4111WHU	-1.3773416928367177	1.3773416928367175
ENOG4111WKA	-1.8286083012618564	1.8286083012618561
ENOG4111WKC	-0.45204889978223567	0.4520488997822356
ENOG4111WM5	0.6871047171534792	-0.6871047171534794
ENOG4111WMW	-0.44834616675118744	0.4483461667511874
ENOG4111WN1	-0.6492503143342545	0.6492503143342544
ENOG4111WN5	-0.5681074604394377	0.5681074604394377
ENOG4111WNI	-0.8194113148023598	0.8194113148023597
ENOG4111WNU	-1.410704894965492	1.410704894965492
ENOG4111WP6	-0.21109609221978176	0.21109609221978173
ENOG4111WPM	1.190440329855743	-1.190440329855743
ENOG4111WPT	0.4374654868366261	-0.43746548683662606
ENOG4111WQI	0.8696928904807988	-0.8696928904807987
ENOG4111WR2	0.8117213844566861	-0.811721384456686
ENOG4111WRA	1.2625736082009429	-1.2625736082009427
ENOG4111WS7	-1.324452133963267	1.324452133963267
ENOG4111WSV	0.06217910263113129	-0.06217910263113152
ENOG4111WSW	1.0705803294707168	-1.0705803294707168
ENOG4111WT0	-0.030862608796532933	0.03086260879653293
ENOG4111WVZ	-0.4367690351995074	0.4367690351995073
ENOG4111WWI	0.7218052222174017	-0.7218052222174016
ENOG4111WWY	-0.7425472189435954	0.7425472189435953
ENOG4111WXB	-0.9998243461712808	0.9998243461712807
ENOG4111WXQ	1.0221585721819357	-1.0221585721819357
ENOG4111WYU	-0.5351802949191532	0.5351802949191531
ENOG4111WZB	0.15785622646327235	-0.1578562264632721
ENOG4111WZY	1.6002303752495968	-1.6002303752495965
ENOG4111X0V	-0.6644534972903497	0.6644534972903496
ENOG4111X18	0.6338421975962322	-0.6338421975962322
ENOG4111X1G	-0.03495255774326068	0.03495255774326067
ENOG4111X1K	-1.2213056145336032	1.2213056145336032
ENOG4111X1U	-0.0207358477603708	0.0207358477603708
ENOG4111X1V	-1.3894461718666404	1.3894461718666402
ENOG4111X32	0.7084109458099769	-0.7084109458099765
ENOG4111X3H	-0.5226035074713048	0.5226035074713047
ENOG4111X46	0.28472982026743804	-0.284729820267438
ENOG4111X4R	0.08502819420878224	-0.085028194208782
ENOG4111X4U	-1.806013026902725	1.8060130269027248
ENOG4111X4V	-1.483816907079101	1.4838169070791007
ENOG4111X4W	-1.2736860878743397	1.2736860878743395
ENOG4111X5A	-0.981597612916143	0.9815976129161429
ENOG4111X6B	1.333331460345742	-1.3333314603457418
ENOG4111X78	-0.09009167236865258	0.09009167236865256
ENOG4111X7D	-1.4426302429989057	1.4426302429989055
ENOG4111X7Q	-1.2938223717232875	1.2938223717232873
ENOG4111X82	-0.7816948323949431	0.781694832394943
ENOG4111X8I	-0.9304272076505611	0.930427207650561
ENOG4111X8M	-0.4372183289223159	0.4372183289223158
ENOG4111X93	-0.012582593363649017	0.012582593363649017
ENOG4111X94	1.0913047451132212	-1.0913047451132212
ENOG4111X9I	1.0644558885183137	-1.0644558885183135
ENOG4111X9N	-1.4989150494161985	1.4989150494161982
ENOG4111X9P	0.8540162506030813	-0.8540162506030812
ENOG4111XA1	-1.1666956765877834	1.1666956765877834
ENOG4111XAM	0.26302035698360143	-0.2630203569836014
ENOG4111XB6	-0.3732580710216096	0.37325807102160957
ENOG4111XBZ	-1.1232788456371365	1.1232788456371363
ENOG4111XD0	1.2996411913155705	-1.2996411913155703
ENOG4111XD5	0.7927840863257778	-0.7927840863257777
ENOG4111XE1	-1.381632711554863	1.3816327115548628
ENOG4111XEB	-1.5770002726473074	1.5770002726473071
ENOG4111XEK	-1.0496012703702031	1.0496012703702031
ENOG4111XFE	-0.8971408069956679	0.8971408069956678
ENOG4111XG8	-0.24259431740345552	0.2425943174034555
ENOG4111XGE	1.0090981046840874	-1.0090981046840872
ENOG4111XHA	0.487270592557215	-0.4872705925572147
ENOG4111XHD	-0.922051344778939	0.9220513447789389
ENOG4111XHJ	0.5993201668491906	-0.5993201668491903
ENOG4111XHQ	-0.5468296438029199	0.5468296438029199
ENOG4111XIQ	-0.9855476099250211	0.985547609925021
ENOG4111XIY	0.6699272706613759	-0.6699272706613758
ENOG4111XK0	-0.8672887996663452	0.8672887996663451
ENOG4111XKH	0.6343194240928796	-0.6343194240928792
ENOG4111XKI	1.2366200251559936	-1.2366200251559933
ENOG4111XM2	-0.9522206882936424	0.9522206882936423
ENOG4111XM6	1.0401705475347802	-1.0401705475347804
ENOG4111XMM	-1.6860475016612384	1.6860475016612382
ENOG4111XN8	0.6165884961978846	-0.6165884961978846
ENOG4111XP3	-0.04897338917016581	0.048973389170165804
ENOG4111XQA	-0.10948103223703057	0.10948103223703055
ENOG4111XQJ	1.3832023671918043	-1.3832023671918041
ENOG4111XRY	-0.5214525627925681	0.5214525627925681
ENOG4111XST	-0.7856490478752023	0.7856490478752023
ENOG4111XT6	0.29767122446009797	-0.2976712244600982
ENOG4111XTI	-1.5072867287538125	1.5072867287538125
ENOG4111XTW	-0.9099916204527422	0.9099916204527421
ENOG4111XU3	-1.116445005184294	1.116445005184294
ENOG4111XUI	-0.2887910060066228	0.2887910060066227
ENOG4111XUP	-1.0030284723928302	1.00302847239283
ENOG4111XUR	0.5723286473978373	-0.5723286473978373
ENOG4111XV5	1.489294814125192	-1.4892948141251918
ENOG4111XVQ	-0.6366876272592688	0.6366876272592686
ENOG4111XWA	0.3587375161314077	-0.35873751613140764
ENOG4111XX8	0.4090549761397169	-0.4090549761397166
ENOG4111XXW	1.3957742337062042	-1.3957742337062042
ENOG4111XY5	-1.3269403392096082	1.326940339209608
ENOG4111XY8	0.21276509042996633	-0.21276509042996633
ENOG4111XYH	1.1875979963535257	-1.1875979963535255
ENOG4111XYI	-0.3562418873633953	0.35624188736339524
ENOG4111XYX	-1.0031444393286606	1.0031444393286606
ENOG4111XZ2	1.470086974013072	-1.4700869740130718
ENOG4111XZR	-0.5810172634852399	0.5810172634852397
ENOG4111XZX	-1.4396286151238615	1.4396286151238613
ENOG4111Y09	-0.16824915446641422	0.16824915446641422
ENOG4111Y1C	1.3152133609396226	-1.3152133609396224
ENOG4111Y1J	-0.11640782049008754	0.11640782049008752
ENOG4111Y1Q	1.6866438790592038	-1.6866438790592035
ENOG4111Y2V	-0.7162391561501367	0.7162391561501366
ENOG4111Y2Y	-0.18333934096348067	0.18333934096348067
ENOG4111Y3Y	1.3479788142483111	-1.347978814248311
ENOG4111Y46	-1.275265668025463	1.275265668025463
ENOG4111Y4A	-0.08664490096094356	0.08664490096094354
ENOG4111Y5F	-1.2898045776818143	1.2898045776818143
ENOG4111Y5X	-0.5454089989380897	0.5454089989380897
ENOG4111Y7C	-0.6945034740531671	0.694503474053167
ENOG4111Y80	-0.28536821183383704	0.28536821183383704
ENOG4111Y8E	-1.445679353749772	1.4456793537497719
ENOG4111Y98	-0.29452908526211136	0.2945290852621113
ENOG4111Y9M	0.1540308252267823	-0.15403082522678252
ENOG4111Y9T	-0.041044332181039256	0.041044332181039256
ENOG4111Y9W	-1.4448840016785367	1.4448840016785365
ENOG4111YA8	-0.9259294485965442	0.9259294485965441
ENOG4111YAV	-0.6431571544183329	0.6431571544183328
ENOG4111YAY	1.2529279393355435	-1.2529279393355433
ENOG4111YB4	0.6627897885043861	-0.662789788504386
ENOG4111YBH	0.1610992330023816	-0.16109923300238158
ENOG4111YBI	-0.32646343063453215	0.3264634306345321
ENOG4111YBT	-0.2585112586045704	0.2585112586045704
ENOG4111YCG	0.8100994295914585	-0.8100994295914588
ENOG4111YCR	-0.14807022957645308	0.14807022957645305
ENOG4111YCW	-1.666899013211345	1.6668990132113448
ENOG4111YD2	1.4876032148892182	-1.4876032148892182
ENOG4111YD9	1.1019616781159056	-1.1019616781159054
ENOG4111YFP	-1.6456799476989667	1.6456799476989665
ENOG4111YGG	1.8221432752723465	-1.8221432752723463
ENOG4111YHK	0.6036064247059162	-0.6036064247059162
ENOG4111YIU	1.2222640658490929	-1.2222640658490929
ENOG4111YIZ	-1.0744871607060897	1.0744871607060895
ENOG4111YJ7	-0.1692293673883624	0.16922936738836236
ENOG4111YJG	-1.2395603198790457	1.2395603198790455
ENOG4111YKD	0.3671082664360524	-0.3671082664360523
ENOG4111YKN	-0.15220719732623642	0.1522071973262364
ENOG4111YNF	-0.024863021630443797	0.024863021630443793
ENOG4111YP9	-0.6146651427933562	0.6146651427933562
ENOG4111YQF	-0.7485099724702431	0.748509972470243
ENOG4111YT4	-1.1815857507049308	1.1815857507049305
ENOG4111YTD	0.46845659386514465	-0.4684565938651446
ENOG4111YTP	2.0232491705887443	-2.0232491705887443
ENOG4111YTX	0.6008336456735934	-0.6008336456735935
ENOG4111YW1	0.6293690917619071	-0.6293690917619073
ENOG4111YW5	-0.17997237563865112	0.17997237563865112
ENOG4111YW7	1.122022582691834	-1.122022582691834
ENOG4111YWK	-1.5400287999784879	1.5400287999784876
ENOG4111YWU	-0.5344232376251816	0.5344232376251815
ENOG4111YX5	0.34568270956440034	-0.34568270956440056
ENOG4111YX6	0.045830050162682635	-0.04583005016268263
ENOG4111YYX	1.4594114454978182	-1.459411445497818
ENOG4111YZT	-0.480285159784646	0.4802851597846459
ENOG4111YZU	-0.4824949848647296	0.4824949848647295
ENOG4111Z00	-1.3417004606790575	1.3417004606790575
ENOG4111Z0C	-0.42465822246341267	0.42465822246341267
ENOG4111Z1K	-1.5437217247688664	1.5437217247688664
ENOG4111Z1T	1.1156625714528214	-1.1156625714528212
ENOG4111Z2Q	-0.6275936440558286	0.6275936440558286
ENOG4111Z3G	-0.18233069371080482	0.1823306937108048
ENOG4111Z3N	-1.0497766411862288	1.0497766411862286
ENOG4111Z54	-0.3958087743172337	0.39580877431723366
ENOG4111Z5U	-1.1576565081019048	1.1576565081019048
ENOG4111Z5W	-1.6651609774302691	1.665160977430269
ENOG4111Z5Z	1.6297166279565216	-1.6297166279565214
ENOG4111Z66	-0.5496201625617846	0.5496201625617845
ENOG4111Z8S	-0.022582054381877655	0.022582054381877652
ENOG4111Z9C	0.5615760538177411	-0.5615760538177411
ENOG4111Z9D	-0.7460660153792381	0.7460660153792381
ENOG4111Z9Q	-1.1345302214606503	1.1345302214606503
ENOG4111ZBD	-0.5109643368576052	0.5109643368576052
ENOG4111ZBZ	0.28085572053200863	-0.28085572053200863
ENOG4111ZC3	-0.9952690448148747	0.9952690448148745
ENOG4111ZCE	1.3746270360382877	-1.3746270360382875
ENOG4111ZCV	-0.22124383715235268	0.22124383715235266
ENOG4111ZD2	1.5311604411171686	-1.5311604411171684
ENOG4111ZD8	-0.35442763540129113	0.3544276354012911
ENOG4111ZDW	0.27769435640810886	-0.27769435640810886
ENOG4111ZET	-0.7946704297525098	0.7946704297525098
ENOG4111ZFE	-1.3837795173604799	1.3837795173604799
ENOG4111ZFQ	-1.7672150462095273	1.767215046209527
ENOG4111ZGW	0.06723640480445045	-0.06723640480445069
ENOG4111ZH5	-0.2611641947322349	0.26116419473223484
ENOG4111ZHE	-0.3809967364578863	0.38099673645788623
ENOG4111ZHP	0.06986312455147406	-0.06986312455147406
ENOG4111ZJC	1.737787504602736	-1.7377875046027356
ENOG4111ZJM	0.6274138299514923	-0.6274138299514922
ENOG4111ZMA	0.6571047637310029	-0.657104763731003
ENOG4111ZMN	-1.0742278771724942	1.074227877172494
ENOG4111ZNI	1.2394749106522003	-1.2394749106522003
ENOG4111ZNZ	0.5939677621513042	-0.5939677621513044
ENOG4111ZPZ	-0.25509146273978534	0.25509146273978534
ENOG4111ZQ2	-0.899846934984961	0.8998469349849609
ENOG4111ZQ7	1.1271729606042398	-1.1271729606042398
ENOG4111ZQM	1.0198992076206552	-1.019899207620655
ENOG4111ZQX	-0.3797979083614129	0.37979790836141286
ENOG4111ZU2	-0.5554364619051821	0.5554364619051821
ENOG4111ZU6	-0.21172017689229655	0.21172017689229652
ENOG4111ZVK	0.9976445057005066	-0.9976445057005064
ENOG4111ZVU	0.9904064811765493	-0.9904064811765491
ENOG4111ZWU	-1.1105237531823675	1.1105237531823673
ENOG4111ZYQ	-0.4309262050601527	0.4309262050601527
ENOG4111ZZI	-1.3961629265453688	1.3961629265453688
ENOG411200D	-0.8497386028887378	0.8497386028887377
ENOG411200E	0.960393469998643	-0.9603934699986428
ENOG411200G	-0.29526718757122644	0.2952671875712264
ENOG411201V	-0.5400798522768538	0.5400798522768537
ENOG4112026	-0.5636426347609091	0.5636426347609091
ENOG411203M	0.9927201602490163	-0.9927201602490164
ENOG411204B	-0.6954210636603407	0.6954210636603406
ENOG411204F	-1.0368186657467828	1.0368186657467828
ENOG4112069	-1.3399410355347603	1.3399410355347603
ENOG4112074	1.3234052400467275	-1.3234052400467273
ENOG411208F	-1.7905971785668264	1.7905971785668262
ENOG411208V	-0.7120083418036618	0.7120083418036617
ENOG41120AE	1.0297134646198673	-1.0297134646198676
ENOG41120BI	0.6416668054907155	-0.6416668054907158
ENOG41120BJ	-0.28309106937921236	0.28309106937921236
ENOG41120BR	1.136639993101508	-1.1366399931015079
ENOG41120C4	-1.4969691824086346	1.4969691824086346
ENOG41120CJ	-0.4005607069355879	0.4005607069355878
ENOG41120CQ	0.14936128581546182	-0.14936128581546157
ENOG41120CV	-0.8604621421722405	0.8604621421722404
ENOG41120DB	-1.6316267386409007	1.6316267386409007
ENOG41120DG	0.5626071613107452	-0.5626071613107452
ENOG41120F2	0.32251496790298995	-0.3225149679029901
ENOG41120G2	1.0903798842051529	-1.0903798842051529
ENOG41120GH	0.8849272969024016	-0.8849272969024017
ENOG41120H7	0.38546152052858385	-0.3854615205285838
ENOG41120IY	-0.5646345877714165	0.5646345877714164
ENOG41120K9	-0.12863998013374228	0.12863998013374228
ENOG41120M0	-0.30144756530669187	0.3014475653066918
ENOG41120Q3	-1.0444017558958787	1.0444017558958787
ENOG41120QD	-1.4846463602455346	1.4846463602455346
ENOG41120S9	0.3366112999739132	-0.3366112999739132
ENOG41120UV	-0.8818712835768516	0.8818712835768515
ENOG41120VS	-1.8328656775724088	1.8328656775724086
ENOG41120VY	-0.04592442497140067	0.04592442497140066
ENOG41120W9	-0.48688651008737777	0.4868865100873777
ENOG41120WW	-0.7124171768322093	0.7124171768322092
ENOG41120WX	-0.9455318318830209	0.9455318318830208
ENOG41120X1	0.5326057848061596	-0.5326057848061595
ENOG41120XT	-0.7973270997979405	0.7973270997979404
ENOG41120XU	-0.52610753444754	0.5261075344475399
ENOG411211D	-0.8919158315919995	0.8919158315919994
ENOG411211N	2.04551691940411	-2.0455169194041094
ENOG4112145	-0.8639502303130845	0.8639502303130844
ENOG411214T	-1.077084363507081	1.077084363507081
ENOG411215K	1.0432498374963342	-1.043249837496334
ENOG411215N	0.8309444121737808	-0.8309444121737807
ENOG411215V	-0.0499507358427176	0.0499507358427176
ENOG4112177	-1.4483060012262956	1.4483060012262954
ENOG411217B	-1.1211183601419494	1.1211183601419492
ENOG411217S	-1.3022037328585838	1.3022037328585836
ENOG411218B	0.17368545907494312	-0.17368545907494332
ENOG411218C	-0.9111666469486848	0.9111666469486847
ENOG411218E	-0.01454659095762351	0.014546590957623508
ENOG4112192	-1.1856749563521813	1.1856749563521811
ENOG41121A6	-0.35736478911681124	0.3573647891168112
ENOG41121A9	-0.4850069929655207	0.48500699296552063
ENOG41121AN	0.13339807991669755	-0.1333980799166973
ENOG41121DF	0.04757191381476317	-0.04757191381476316
ENOG41121DX	1.416395378370858	-1.4163953783708583
ENOG41121F2	-0.5960320923236676	0.5960320923236675
ENOG41121FI	-1.2041415069884163	1.204141506988416
ENOG41121GG	-0.13990672977771956	0.13990672977771956
ENOG41121HZ	-1.1540664900442767	1.1540664900442767
ENOG41121IR	-1.0432048824409241	1.0432048824409241
ENOG41121IT	1.554256319337302	-1.5542563193373018
ENOG41121K2	1.86143414281749	-1.86143414281749
ENOG41121KC	-0.710882381754988	0.7108823817549879
ENOG41121KM	0.6046688808132697	-0.6046688808132696
ENOG41121MF	-0.3342070125929623	0.33420701259296226
ENOG41121MG	-1.1736221156520328	1.1736221156520326
ENOG41121ND	-0.5893634726228493	0.5893634726228493
ENOG41121NJ	0.23773622385672868	-0.23773622385672866
ENOG41121NM	-1.1536742130059698	1.1536742130059698
ENOG41121PC	-0.5245530837410722	0.5245530837410722
ENOG41121PF	-0.11215358309479888	0.11215358309479886
ENOG41121PH	-1.0327880709293993	1.0327880709293993
ENOG41121PI	-0.9878424337067846	0.9878424337067845
ENOG41121PX	1.1451108297130794	-1.145110829713079
ENOG41121QJ	-0.5738301661966643	0.5738301661966642
ENOG41121QM	-1.1491781393745852	1.149178139374585
ENOG41121QQ	-0.019124139116637465	0.019124139116637465
ENOG41121RG	-0.8947521684919381	0.894752168491938
ENOG41121RH	0.7525373101760096	-0.7525373101760098
ENOG41121S9	-1.7107958017457932	1.710795801745793
ENOG41121SA	0.034621234595366736	-0.03462123459536673
ENOG41121TI	-0.7697877129611977	0.7697877129611976
ENOG41121U6	0.8219109295798998	-0.8219109295798998
ENOG41121VB	-0.5910289266077495	0.5910289266077494
ENOG41121W5	1.207651908615961	-1.2076519086159605
ENOG41121W9	1.5298549880112187	-1.5298549880112182
ENOG41121WE	1.6603993851387342	-1.6603993851387338
ENOG41121WF	-0.1630518292149655	0.16305182921496547
ENOG41121WJ	-1.3440251163832428	1.3440251163832428
ENOG41121WR	-0.7385881700497978	0.7385881700497977
ENOG41121WS	-0.09437141298200927	0.09437141298200925
ENOG41121XC	-0.7383066060868937	0.7383066060868936
ENOG41121XF	-0.008769439039685956	0.008769439039685956
ENOG41121XN	-0.23776556941720123	0.2377655694172012
ENOG41121ZM	-1.1604336507417876	1.1604336507417874
ENOG411220G	-0.22347631751026167	0.22347631751026165
ENOG411220U	-0.41526888679256985	0.41526888679256985
ENOG411220Z	-0.7404707511644566	0.7404707511644565
ENOG4112212	1.628751391608336	-1.6287513916083358
ENOG4112218	-1.002517547143357	1.002517547143357
ENOG411221R	-1.2508715050082573	1.2508715050082573
ENOG411221V	-0.5491249402009153	0.5491249402009153
ENOG4112221	-0.2951671890612235	0.29516718906122347
ENOG4112222	0.8294177986273971	-0.8294177986273972
ENOG411222S	0.9126999752569303	-0.9126999752569301
ENOG4112231	-0.40909296025090586	0.4090929602509058
ENOG4112242	-2.0242836256844616	2.024283625684461
ENOG4112247	-0.34979626512171114	0.3497962651217111
ENOG411224P	-0.6156400534703587	0.6156400534703586
ENOG4112250	-1.0649213077200732	1.064921307720073
ENOG411225A	0.6307572777243674	-0.6307572777243672
ENOG411225D	0.36581145692029704	-0.36581145692029726
ENOG411225J	-0.610739738398223	0.6107397383982229
ENOG411225U	-0.6947049439519402	0.69470494395194
ENOG411225V	-0.4828959418430468	0.48289594184304674
ENOG4112264	0.41015045108408005	-0.4101504510840797
ENOG411226D	-0.8743474779904812	0.8743474779904811
ENOG411226F	-1.4322203031456504	1.4322203031456504
ENOG411226W	-0.3586061479134998	0.35860614791349976
ENOG4112273	-1.203262065908038	1.203262065908038
ENOG411227G	1.4137542387431057	-1.4137542387431057
ENOG411227X	0.4303951535523796	-0.43039515355237934
ENOG411228A	-1.6662454322008675	1.6662454322008673
ENOG411229C	-0.6786147268764959	0.6786147268764958
ENOG411229U	-1.1908579544964994	1.1908579544964992
ENOG41122AH	1.5313000977138416	-1.5313000977138413
ENOG41122AM	-1.0181224065212882	1.0181224065212882
ENOG41122AR	1.4056906315771576	-1.4056906315771573
ENOG41122B5	-1.2115129351412959	1.2115129351412957
ENOG41122B8	0.8976708022600276	-0.8976708022600275
ENOG41122BB	0.9939163142962506	-0.9939163142962505
ENOG41122CF	-0.09816960481869033	0.09816960481869032
ENOG41122D8	-1.8431793518539819	1.8431793518539816
ENOG41122DJ	0.06897435876991596	-0.06897435876991595
ENOG41122EC	0.12433948845859104	-0.12433948845859126
ENOG41122EN	-0.9429635618545964	0.9429635618545963
ENOG41122FG	0.8629710198161277	-0.8629710198161276
ENOG41122GJ	-0.9253710179837293	0.9253710179837292
ENOG41122H2	-0.6468252439970922	0.6468252439970921
ENOG41122HI	-1.743596382551381	1.743596382551381
ENOG41122HP	-0.8258276269678895	0.8258276269678894
ENOG41122IS	-0.06042245198422052	0.06042245198422051
ENOG41122J9	-0.4972362564509626	0.49723625645096253
ENOG41122JK	-0.9143942646194898	0.9143942646194897
ENOG41122M6	-0.8915722408220185	0.8915722408220184
ENOG41122M9	1.3724486488314893	-1.372448648831489
ENOG41122MK	1.0191971305416812	-1.0191971305416812
ENOG41122N2	-1.2389200014315214	1.2389200014315211
ENOG41122N7	-1.1406440637529403	1.14064406375294
ENOG41122NB	-0.9719820475750711	0.971982047575071
ENOG41122NK	-1.4563273140999369	1.4563273140999367
ENOG41122P4	0.45717841825447547	-0.4571784182544752
ENOG41122PE	-0.034264871506139646	0.034264871506139646
ENOG41122QZ	-0.8107933993623245	0.8107933993623245
ENOG41122RP	-0.5013945370778483	0.5013945370778483
ENOG41122RQ	-0.8516408773463641	0.851640877346364
ENOG41122TR	-0.7106697717792596	0.7106697717792596
ENOG41122TU	0.16872171048546314	-0.1687217104854631
ENOG41122U9	-0.9462000879107131	0.946200087910713
ENOG41122UV	-1.0571779341463996	1.0571779341463994
ENOG41122UX	-0.9605167558461215	0.9605167558461214
ENOG41122VM	-0.8345099299008296	0.8345099299008295
ENOG41122VX	-0.6461570485183149	0.6461570485183148
ENOG41122W4	-0.8814289630799081	0.881428963079908
ENOG41122WR	-1.5119861367152783	1.5119861367152783
ENOG41122Z1	-0.9862081243210765	0.9862081243210764
ENOG41122ZK	-0.8335164612833208	0.8335164612833207
ENOG4112303	0.649772847561699	-0.6497728475616986
ENOG411230M	-1.624877591902	1.6248775919019998
ENOG411230S	-0.020018836747219174	0.02001883674721917
ENOG4112315	-0.4257149782201703	0.42571497822017024
ENOG411231I	1.6089897882653859	-1.6089897882653856
ENOG411231N	-0.9008910999890324	0.9008910999890323
ENOG4112340	-0.6079040625092265	0.6079040625092264
ENOG4112345	0.633391629971025	-0.6333916299710247
ENOG411234I	-1.829062740935803	1.8290627409358027
ENOG411234P	-0.6571482780754848	0.6571482780754848
ENOG411237Q	-1.777801615980451	1.7778016159804508
ENOG411238I	1.1237046158926838	-1.1237046158926836
ENOG411239B	-1.549812770392913	1.5498127703929128
ENOG411239D	0.42189708284079813	-0.4218970828407981
ENOG411239P	0.024422335238181186	-0.024422335238181183
ENOG41123B5	-0.8921736957602748	0.8921736957602747
ENOG41123DH	-1.1748559954207567	1.1748559954207565
ENOG41123DX	-0.8986165953539114	0.8986165953539113
ENOG41123EH	0.3312313537854296	-0.3312313537854296
ENOG41123F0	0.4512375700881127	-0.45123757008811244
ENOG41123FY	-0.3723287895199017	0.37232878951990167
ENOG41123G5	-0.09975160134848317	0.09975160134848315
ENOG41123HQ	-1.5660092673078838	1.5660092673078836
ENOG41123I1	-1.5307575507473965	1.5307575507473963
ENOG41123I3	-0.6736356520069028	0.6736356520069027
ENOG41123I9	0.31498069225448216	-0.31498069225448233
ENOG41123IF	-0.6748450148675379	0.6748450148675378
ENOG41123IR	-0.8269972338289533	0.8269972338289533
ENOG41123KQ	-0.1707431577544994	0.17074315775449936
ENOG41123KX	0.39978255371532195	-0.39978255371532195
ENOG41123MJ	0.7780075625817627	-0.7780075625817628
ENOG41123N0	-0.044964301103034496	0.044964301103034496
ENOG41123N6	1.1593442990387945	-1.1593442990387945
ENOG41123Q6	-1.2182312816815368	1.2182312816815368
ENOG41123QB	0.2336939786662967	-0.23369397866629643
ENOG41123QH	-1.7073106417848405	1.7073106417848403
ENOG41123QK	-1.073308747551477	1.0733087475514769
ENOG41123QU	-0.08700857589227257	0.08700857589227255
ENOG41123RM	0.21983905863101869	-0.21983905863101844
ENOG41123RQ	-1.3780185603456585	1.3780185603456583
ENOG41123SV	-1.0806129045267074	1.0806129045267074
ENOG41123SZ	0.3870451281984085	-0.3870451281984082
ENOG41123TF	-1.4178984896806965	1.4178984896806963
ENOG41123U1	1.5441507585212864	-1.5441507585212861
ENOG41123UM	-1.1811444478789754	1.1811444478789754
ENOG41123UW	0.6393490560712911	-0.6393490560712908
ENOG41123V7	-0.03389137179866027	0.033891371798660266
ENOG41123VX	0.5602212840738141	-0.5602212840738138
ENOG41123WW	0.3471510811549932	-0.34715108115499294
ENOG41123X9	-1.479033881727242	1.4790338817272417
ENOG41123XA	-0.5795472715346397	0.5795472715346397
ENOG41123XH	-0.8006570044549449	0.8006570044549448
ENOG41123Y1	-0.37949486356417483	0.3794948635641748
ENOG41123YZ	1.5391326028674943	-1.539132602867494
ENOG41123ZG	-1.1612165141660162	1.161216514166016
ENOG4112405	1.2575911550837628	-1.2575911550837626
ENOG411240D	0.04589484118710702	-0.045894841187107016
ENOG411240F	-0.9440979718100382	0.9440979718100381
ENOG411241A	-0.4038671203296398	0.40386712032963973
ENOG411241E	0.588813734403493	-0.5888137344034927
ENOG411241G	-0.7276891052357465	0.7276891052357464
ENOG411241Q	0.23181297573921766	-0.23181297573921764
ENOG4112444	-1.6584890484408568	1.6584890484408565
ENOG4112451	-0.10121601296896132	0.10121601296896131
ENOG411245B	0.7586252664289175	-0.7586252664289176
ENOG411245Y	-1.0651100075436395	1.0651100075436393
ENOG411246S	0.4610183466324997	-0.46101834663249963
ENOG411247A	0.18018561366741945	-0.18018561366741942
ENOG411247I	2.1432937669961087	-2.1432937669961083
ENOG4112493	-0.8774973674503523	0.8774973674503522
ENOG411249J	-0.9419476307585959	0.9419476307585958
ENOG41124AI	-1.4834482176493304	1.4834482176493302
ENOG41124AT	0.6844934688041728	-0.6844934688041727
ENOG41124BE	-0.8020350230765447	0.8020350230765446
ENOG41124C9	-0.8543582754043344	0.8543582754043343
ENOG41124DC	-0.19861414393628235	0.19861414393628235
ENOG41124E1	-0.05490459281072159	0.05490459281072158
ENOG41124FR	-1.5481648034240192	1.548164803424019
ENOG41124FW	-1.1351375991147847	1.1351375991147845
ENOG41124G7	-0.29305595782076543	0.2930559578207654
ENOG41124H4	-0.9235430992763942	0.9235430992763941
ENOG41124HD	0.6930816855095367	-0.6930816855095364
ENOG41124HM	-1.2391801535089508	1.2391801535089508
ENOG41124K8	-0.5184761726180365	0.5184761726180365
ENOG41124MH	0.3461097631917928	-0.34610976319179304
ENOG41124N5	0.9606416915795277	-0.9606416915795274
ENOG41124NI	-1.0097402896046537	1.0097402896046535
ENOG41124NK	-0.7340754118600139	0.7340754118600138
ENOG41124PE	-1.8805980620763387	1.8805980620763385
ENOG41124PH	-0.6203034235936401	0.62030342359364
ENOG41124PX	-0.376802033661981	0.37680203366198095
ENOG41124Q5	-1.3777033689792348	1.3777033689792346
ENOG41124QH	-0.6623662515579496	0.6623662515579495
ENOG41124R2	0.8250391145460013	-0.8250391145460014
ENOG41124SB	-1.1815200157237273	1.1815200157237273
ENOG41124SH	0.44834261410622545	-0.4483426141062254
ENOG41124TY	-0.881050410349722	0.8810504103497219
ENOG41124UB	0.9840530205671859	-0.9840530205671858
ENOG41124UP	-1.7924732875249867	1.7924732875249865
ENOG41124W3	-0.6286709630545869	0.6286709630545868
ENOG41124WQ	0.5882153313729358	-0.588215331372936
ENOG41124XH	0.899148503575334	-0.8991485035753339
ENOG41124YU	-0.5155782758920671	0.515578275892067
ENOG41124ZB	0.6072138514050779	-0.6072138514050778
ENOG411250X	-1.0262067508544044	1.0262067508544042
ENOG4112518	0.27407479680915925	-0.27407479680915947
ENOG411251H	-0.19091398000001897	0.19091398000001897
ENOG4112522	-1.0139183602758879	1.0139183602758879
ENOG411252D	0.07481726167363348	-0.07481726167363348
ENOG4112546	0.8846048907815977	-0.8846048907815975
ENOG411254Y	-0.1791810436870875	0.1791810436870875
ENOG411257G	0.22532300890138646	-0.22532300890138668
ENOG411257V	-0.5239166404385496	0.5239166404385495
ENOG4112582	-0.5627785055726157	0.5627785055726156
ENOG411258W	-0.8835741839152289	0.8835741839152288
ENOG411259G	0.10246126206324727	-0.10246126206324702
ENOG411259P	1.531955506337998	-1.5319555063379977
ENOG411259U	0.038558547849350526	-0.038558547849350526
ENOG411259X	-1.2339495225852017	1.2339495225852015
ENOG41125AB	0.44721541167633183	-0.44721541167633205
ENOG41125AW	-0.06639084114126223	0.06639084114126222
ENOG41125BE	0.8544246236163286	-0.8544246236163285
ENOG41125BR	0.047749879583023534	-0.04774987958302353
ENOG41125CR	-0.8191343969067649	0.8191343969067648
ENOG41125D5	0.23680030900307808	-0.2368003090030778
ENOG41125D6	-0.6558100771202022	0.6558100771202021
ENOG41125DJ	1.6214915075299217	-1.6214915075299214
ENOG41125EB	-0.17481797672425683	0.17481797672425683
ENOG41125F4	-0.8048284885605039	0.8048284885605038
ENOG41125FH	-0.015908443352379145	0.015908443352379145
ENOG41125G7	-1.3505000846133182	1.350500084613318
ENOG41125GB	-1.5854322490184019	1.5854322490184019
ENOG41125HN	-1.4234337391036902	1.4234337391036902
ENOG41125HS	-0.016221388285722078	0.016221388285722078
ENOG41125HU	0.3117542215026448	-0.3117542215026448
ENOG41125I4	0.09907982017294172	-0.09907982017294172
ENOG41125I6	-0.24131999160918827	0.24131999160918824
ENOG41125IJ	-1.0095927677120704	1.0095927677120704
ENOG41125J2	-1.1231328033012926	1.1231328033012924
ENOG41125JR	1.838700867011286	-1.8387008670112859
ENOG41125JT	-1.1453687810698494	1.1453687810698494
ENOG41125JZ	0.24861429213235728	-0.24861429213235725
ENOG41125K2	-0.6695591070039514	0.6695591070039513
ENOG41125KS	1.4656845920062191	-1.465684592006219
ENOG41125MV	0.012416762951317857	-0.012416762951317856
ENOG41125N3	-0.02396709174876024	0.023967091748760237
ENOG41125P7	-1.204884809881147	1.204884809881147
ENOG41125PX	-0.15563151724719534	0.15563151724719532
ENOG41125QE	-0.7848152682953268	0.7848152682953267
ENOG41125RC	-0.7254783451941116	0.7254783451941116
ENOG41125RF	-1.1618656972444126	1.1618656972444126
ENOG41125RI	0.23559070302290971	-0.2355907030229097
ENOG41125RN	-0.710987995199163	0.710987995199163
ENOG41125RT	1.366410688336876	-1.3664106883368758
ENOG41125RW	-1.6657628830305287	1.6657628830305284
ENOG41125TW	1.2844198003192437	-1.2844198003192435
ENOG41125V3	-1.3442650283725275	1.3442650283725273
ENOG41125V9	-0.7317503398677737	0.7317503398677736
ENOG41125VV	-1.578836873386967	1.5788368733869669
ENOG41125WH	-0.4770082139701641	0.477008213970164
ENOG41125WJ	-0.09850052456093682	0.0985005245609368
ENOG41125X6	-1.265693893833224	1.2656938938332238
ENOG41125XB	-0.5880173418579888	0.5880173418579888
ENOG41125XC	-1.630070823580443	1.6300708235804429
ENOG41125XW	0.2047530423535758	-0.20475304235357553
ENOG41125Y1	-0.5913904385855993	0.5913904385855993
ENOG41125YY	-1.0709375556823708	1.0709375556823706
ENOG4112602	-1.3520446486064648	1.3520446486064648
ENOG4112608	1.3800099048222247	-1.380009904822225
ENOG4112616	-1.227541338217832	1.2275413382178317
ENOG411261E	1.7377092901522067	-1.7377092901522067
ENOG411261G	-1.3892721806783843	1.389272180678384
ENOG411263W	-0.22476869116615808	0.22476869116615805
ENOG411263Z	0.38920484253625187	-0.3892048425362518
ENOG411265D	-0.7885485596011349	0.7885485596011349
ENOG411266S	-0.22354244460725978	0.22354244460725975
ENOG4112672	-1.3207322277692195	1.3207322277692193
ENOG4112676	-1.3685824099662112	1.368582409966211
ENOG411267M	0.7385164754920941	-0.738516475492094
ENOG41126CM	0.3598162446822221	-0.35981624468222206
ENOG41126DB	1.7134172067276536	-1.7134172067276534
ENOG41126DH	0.5963712607678185	-0.5963712607678184
ENOG41126E4	-1.571817759268206	1.5718177592682059
ENOG41126EI	-1.2767542788578663	1.276754278857866
ENOG41126EM	-0.3871575555605439	0.3871575555605438
ENOG41126FF	-0.6049956482614247	0.6049956482614246
ENOG41126GD	-1.7042060209910592	1.704206020991059
ENOG41126GF	0.5099576275593163	-0.5099576275593162
ENOG41126IB	-1.6438165556209279	1.6438165556209277
ENOG41126IJ	-1.3179766614098236	1.3179766614098234
ENOG41126IX	-0.9116339836262035	0.9116339836262034
ENOG41126JQ	-0.6168787536993394	0.6168787536993393
ENOG41126KP	-0.28194408566961165	0.2819440856696116
ENOG41126Q7	-0.39988713253440655	0.3998871325344065
ENOG41126QI	-0.3697129863692768	0.36971298636927674
ENOG41126R7	-0.0024284998224439565	0.002428499822443956
ENOG41126RH	-1.5151590389730294	1.5151590389730292
ENOG41126RN	-1.6508744689596968	1.6508744689596966
ENOG41126S5	1.485054252052859	-1.4850542520528587
ENOG41126TB	-1.0643658076802505	1.0643658076802505
ENOG41126TF	1.6405436102538236	-1.6405436102538233
ENOG41126VT	-0.5958834024233971	0.595883402423397
ENOG41126X9	-0.010128890637686065	0.010128890637686063
ENOG41126XG	-0.46744927302032463	0.4674492730203246
ENOG41126XN	-0.9473614901963812	0.947361490196381
ENOG41126YZ	0.17294339535090694	-0.17294339535090716
ENOG41126ZB	-0.02425226181780986	0.024252261817809855
ENOG41126ZD	-1.5183759048068635	1.5183759048068632
ENOG4112703	-0.5399852823289728	0.5399852823289727
ENOG4112704	-0.7277037052106219	0.7277037052106219
ENOG4112717	-1.171088724950112	1.171088724950112
ENOG411271A	0.015145681903571469	-0.015145681903571467
ENOG411271G	-0.6050865543329297	0.6050865543329296
ENOG411272B	0.030231591958500743	-0.03023159195850074
ENOG411274N	-0.5228319503878968	0.5228319503878968
ENOG411275W	-0.6547093160344527	0.6547093160344527
ENOG411278K	-0.016553533893163264	0.016553533893163264
ENOG41127AN	-0.055201824777978345	0.05520182477797834
ENOG41127B8	-0.2518925726147162	0.25189257261471615
ENOG41127BF	-0.14811710728956765	0.14811710728956765
ENOG41127CF	0.8266652181382291	-0.8266652181382288
ENOG41127DC	-1.407066700942074	1.4070667009420739
ENOG41127EG	-1.2686482960396208	1.2686482960396206
ENOG41127FW	0.2024750244544605	-0.20247502445446047
ENOG41127G0	-0.3424035537890637	0.3424035537890637
ENOG41127G1	1.3005793977965436	-1.3005793977965434
ENOG41127H1	0.26799815461439547	-0.2679981546143952
ENOG41127IP	0.09656036075575775	-0.09656036075575775
ENOG41127IU	1.5239952914839485	-1.5239952914839483
ENOG41127JR	-0.42178990538479344	0.4217899053847934
ENOG41127MM	-0.09918201032284821	0.0991820103228482
ENOG41127P0	-0.5069533280830701	0.5069533280830701
ENOG41127P9	2.113845314824295	-2.113845314824295
ENOG41127PX	-0.9106822347945535	0.9106822347945533
ENOG41127Q2	0.8859681797309865	-0.8859681797309864
ENOG41127QI	-1.099549144779341	1.099549144779341
ENOG41127QJ	-0.31851713785984515	0.31851713785984515
ENOG41127R7	0.2723703303679245	-0.2723703303679247
ENOG41127R8	-0.501265712338583	0.5012657123385829
ENOG41127RZ	-0.32594966101795114	0.3259496610179511
ENOG41127S9	0.26349712144981025	-0.26349712144981047
ENOG41127TK	-1.4347692212107503	1.4347692212107501
ENOG41127TN	0.7328631007420178	-0.7328631007420177
ENOG41127W8	-1.513247832398382	1.5132478323983818
ENOG41127X0	1.9859719538589353	-1.985971953858935
ENOG41127XA	-0.2837270081851329	0.28372700818513286
ENOG41127XM	0.985652938615258	-0.9856529386152576
ENOG41127XR	-0.9766481173164203	0.9766481173164202
ENOG41127ZD	-1.248923111458053	1.2489231114580528
ENOG411280K	0.1848125855094795	-0.18481258550947946
ENOG4112823	1.3881332644204554	-1.3881332644204551
ENOG411284Y	-0.9921951565723607	0.9921951565723606
ENOG4112857	-0.41199045811607177	0.41199045811607177
ENOG411288G	-1.2294068120455668	1.2294068120455668
ENOG411289F	1.525605334898496	-1.5256053348984957
ENOG41128AR	1.2890512010250166	-1.2890512010250166
ENOG41128BD	-0.465599692735109	0.4655996927351089
ENOG41128BI	0.8615386629234797	-0.8615386629234798
ENOG41128C2	0.40848479790254333	-0.4084847979025433
ENOG41128C9	-1.084617706372623	1.0846177063726228
ENOG41128D5	-0.04608692853596311	0.04608692853596311
ENOG41128DD	-0.037435984447954644	0.037435984447954644
ENOG41128F3	-0.09250738473084884	0.09250738473084882
ENOG41128FT	-0.693842978987937	0.6938429789879369
ENOG41128G1	-0.263670984582994	0.263670984582994
ENOG41128GQ	0.27523041461275793	-0.27523041461275816
ENOG41128I7	0.8004956119851813	-0.8004956119851812
ENOG41128IS	-0.45862663365312784	0.4586266336531278
ENOG41128KA	-0.6323616300121269	0.6323616300121268
ENOG41128KE	-0.6250473812790053	0.6250473812790052
ENOG41128KU	-0.30307574887626976	0.30307574887626976
ENOG41128KW	-0.18867481631438346	0.18867481631438346
ENOG41128MG	-0.3057301203455726	0.3057301203455726
ENOG41128NQ	0.42513707297882064	-0.4251370729788208
ENOG41128P6	-1.4530876556602401	1.45308765566024
ENOG41128PQ	-0.43998632017630884	0.4399863201763088
ENOG41128PW	0.02653588966254774	-0.026535889662547735
ENOG41128QS	0.10583704282729751	-0.1058370428272975
ENOG41128TJ	-0.14625994868801215	0.14625994868801215
ENOG41128UQ	-0.5609019767159328	0.5609019767159328
ENOG41128VE	-0.44650876083797664	0.4465087608379766
ENOG41128VG	1.159051224339694	-1.1590512243396938
ENOG41128VI	-0.50192739042871	0.5019273904287099
ENOG41128VT	1.0685364771604648	-1.0685364771604648
ENOG41128XF	-0.48779933499795447	0.4877993349979544
ENOG41128XR	1.1640236526462748	-1.1640236526462746
ENOG41128YM	-0.31637366168120135	0.3163736616812013
ENOG411291H	0.002320452211582571	-0.0023204522115825707
ENOG4112923	-1.1857707496174998	1.1857707496174996
ENOG411292Y	-1.0301070039683433	1.030107003968343
ENOG4112936	-0.8514594139743463	0.8514594139743462
ENOG411293P	-0.7064216767553791	0.706421676755379
ENOG411296F	0.06381750237631852	-0.06381750237631828
ENOG411296X	-1.2725710911043737	1.2725710911043735
ENOG411297B	-1.4805950290726946	1.4805950290726946
ENOG411297U	-0.044109895257983193	0.04410989525798319
ENOG4112983	-0.5556053657346286	0.5556053657346285
ENOG4112986	-0.7769492992323723	0.7769492992323722
ENOG411298D	-1.3410077707679244	1.3410077707679242
ENOG411298I	1.791464073642894	-1.7914640736428935
ENOG41129AF	-0.24774045452406918	0.24774045452406915
ENOG41129AH	0.6082608940720367	-0.6082608940720367
ENOG41129BN	-0.4137109020028049	0.41371090200280486
ENOG41129DW	-0.0133133970614711	0.013313397061471098
ENOG41129FA	0.27830449611177704	-0.27830449611177704
ENOG41129GG	-0.5063622721127029	0.5063622721127028
ENOG41129IE	0.7510572847793758	-0.7510572847793759
ENOG41129IY	0.5037368281481367	-0.5037368281481367
ENOG41129JG	-0.5907335752960134	0.5907335752960133
ENOG41129K2	0.3702620218619274	-0.37026202186192764
ENOG41129P8	-1.0177456176722117	1.0177456176722117
ENOG41129PP	-0.11729185515456382	0.1172918551545638
ENOG41129QP	-0.6341685417112874	0.6341685417112873
ENOG41129R3	-0.9018811075749105	0.9018811075749104
ENOG41129SD	-1.8827628678834072	1.882762867883407
ENOG41129TA	-0.10624728308175924	0.10624728308175922
ENOG41129TD	-0.7218330381714381	0.721833038171438
ENOG41129UH	0.37344159377146	-0.37344159377145975
ENOG41129Y0	-1.2414670869636817	1.2414670869636817
ENOG4112A0K	-1.2561032724338221	1.256103272433822
ENOG4112A1I	0.2958090978570597	-0.29580909785705967
ENOG4112A2A	-1.2536953033403175	1.2536953033403173
ENOG4112A2V	0.3911494552180937	-0.3911494552180934
ENOG4112A4I	0.3192012596701613	-0.3192012596701613
ENOG4112A5C	1.162127114541914	-1.162127114541914
ENOG4112A6V	0.38863894047095265	-0.3886389404709524
ENOG4112A7R	0.15178991050730747	-0.15178991050730745
ENOG4112A8K	0.42428889027964245	-0.42428889027964245
ENOG4112ACK	1.8236733323546195	-1.823673332354619
ENOG4112AER	-1.0190700154948695	1.0190700154948695
ENOG4112AFU	-1.5751253029198555	1.5751253029198553
ENOG4112AGB	1.0877500915535698	-1.08775009155357
ENOG4112AGM	-1.8510931188230682	1.851093118823068
ENOG4112AGZ	0.3394517327613594	-0.33945173276135915
ENOG4112AHB	-0.4898803469310669	0.48988034693106686
ENOG4112AI9	-1.3926190648540286	1.3926190648540284
ENOG4112AIA	0.9418371070167684	-0.9418371070167685
ENOG4112AIV	0.1884077099993937	-0.18840770999939369
ENOG4112AJC	0.9920763721718561	-0.992076372171856
ENOG4112AMX	0.07329544463144773	-0.07329544463144795
ENOG4112AN7	-0.9039501311605952	0.9039501311605951
ENOG4112AP8	0.04468326493274621	-0.04468326493274621
ENOG4112AQE	-0.6328858800985194	0.6328858800985193
ENOG4112ARF	-1.178770644062032	1.1787706440620318
ENOG4112AS9	-0.4169094486250089	0.41690944862500884
ENOG4112AT0	0.15580483097770653	-0.1558048309777065
ENOG4112AT2	0.6633891341973411	-0.6633891341973414
ENOG4112ATZ	-0.15220641717478062	0.1522064171747806
ENOG4112AUQ	-1.5504691182985801	1.55046911829858
ENOG4112AUV	-0.5173070771123514	0.5173070771123512
ENOG4112AVU	1.7354292337723871	-1.7354292337723867
ENOG4112AWE	-1.110244173226751	1.1102441732267507
ENOG4112AYN	-1.2425658907619386	1.2425658907619386
ENOG4112AYX	1.004215784843098	-1.0042157848430977
ENOG4112B21	-0.12960417327162244	0.1296041732716224
ENOG4112B23	-1.4513911889912725	1.4513911889912725
ENOG4112B3D	-0.3902087787796053	0.39020877877960525
ENOG4112B3T	-0.686106284683363	0.6861062846833629
ENOG4112B40	-0.6419259839683499	0.6419259839683498
ENOG4112B6B	1.089615449271843	-1.0896154492718433
ENOG4112B7G	0.265965929105185	-0.26596592910518474
ENOG4112B7S	-0.21356056967341994	0.2135605696734199
ENOG4112B85	-0.5918295210195497	0.5918295210195496
ENOG4112B8F	0.6712119883265288	-0.6712119883265285
ENOG4112BAR	0.5822217665594359	-0.5822217665594358
ENOG4112BBM	-0.19875578672672414	0.19875578672672412
ENOG4112BDA	1.31622890063835	-1.31622890063835
ENOG4112BED	-0.6971439038186197	0.6971439038186197
ENOG4112BFC	-1.2027382901252845	1.2027382901252845
ENOG4112BFI	-0.8500747128285163	0.8500747128285162
ENOG4112BGB	1.3230934151657447	-1.3230934151657445
ENOG4112BGH	-0.7982753624078646	0.7982753624078645
ENOG4112BGZ	0.6057670022805594	-0.6057670022805596
ENOG4112BJ0	-1.2326926311123503	1.2326926311123503
ENOG4112BM4	0.5273327607696636	-0.5273327607696635
ENOG4112BMZ	-0.7921908640903239	0.7921908640903238
ENOG4112BNG	-0.16818341111362134	0.16818341111362134
ENOG4112BP6	-1.405956464803642	1.405956464803642
ENOG4112BPV	-0.9299330592304873	0.9299330592304872
ENOG4112BQQ	0.5904239802974963	-0.5904239802974963
ENOG4112BR0	0.639768654277008	-0.6397686542770077
ENOG4112BRK	-0.7736574411599456	0.7736574411599455
ENOG4112BT2	0.07618271735478509	-0.07618271735478507
ENOG4112BVS	1.0479241449145709	-1.0479241449145709
ENOG4112BX3	-1.2275443415624692	1.227544341562469
ENOG4112BX4	-0.8172512233017944	0.8172512233017943
ENOG4112BYG	-0.08345873691118769	0.08345873691118767
ENOG4112BYK	-1.3867336840225233	1.386733684022523
ENOG4112BYU	0.41160796115373866	-0.4116079611537386
ENOG4112C08	1.120817983986562	-1.120817983986562
ENOG4112C0Y	-0.9469185801906549	0.9469185801906548
ENOG4112C7Q	-0.6433395315767902	0.6433395315767901
ENOG4112C7V	-0.4663406331148467	0.46634063311484664
ENOG4112C8X	0.6593747314912977	-0.6593747314912974
ENOG4112C9F	0.26317293810183445	-0.2631729381018342
ENOG4112C9W	-1.2769528085118156	1.2769528085118156
ENOG4112CAA	0.9158545341585298	-0.9158545341585295
ENOG4112CCT	1.0198798956983262	-1.019879895698326
ENOG4112CDS	-1.3914262143170055	1.3914262143170053
ENOG4112CG8	-0.3817467859918657	0.3817467859918656
ENOG4112CHY	1.2575009617793889	-1.2575009617793886
ENOG4112CHZ	-1.3518419530248516	1.3518419530248513
ENOG4112CIK	0.4122014818901019	-0.4122014818901021
ENOG4112CIP	-0.017809631935801942	0.01780963193580194
ENOG4112CJA	-1.7708415457055213	1.770841545705521
ENOG4112CMJ	0.9778694191620587	-0.9778694191620586
ENOG4112CMR	-1.8970248704111883	1.897024870411188
ENOG4112CNW	0.7319026127472219	-0.7319026127472219
ENOG4112CPX	-1.7357951888057537	1.7357951888057535
ENOG4112CQ9	-0.012920856448175236	0.012920856448175234
ENOG4112CQB	-0.3136219794773037	0.31362197947730364
ENOG4112CWU	-1.4646045031469248	1.4646045031469246
ENOG4112CXG	0.5325930815560721	-0.532593081556072
ENOG4112D1P	-0.7790027366295069	0.7790027366295068
ENOG4112D2I	0.5088217235341256	-0.5088217235341255
ENOG4112D3M	0.808687390974638	-0.8086873909746379
ENOG4112D3X	-0.54579041720338	0.5457904172033798
ENOG4112D63	-0.5330855666635425	0.5330855666635423
ENOG4112D68	-0.626861344179866	0.6268613441798659
ENOG4112D6A	-0.7201612321552365	0.7201612321552364
ENOG4112D73	0.5352698664329477	-0.5352698664329474
ENOG4112D7I	-0.03101544977483983	0.031015449774839825
ENOG4112D91	1.077833010174752	-1.0778330101747517
ENOG4112D9A	0.10682490680624036	-0.10682490680624011
ENOG4112DBA	-0.2146210983347602	0.21462109833476017
ENOG4112DBJ	-1.4761661903537946	1.4761661903537944
ENOG4112DCR	1.3749489357468643	-1.3749489357468643
K00001	0.8536164602652352	-0.8536164602652354
K00002	-0.038264685095800666	0.038264685095800666
K00003	-0.9321064280714229	0.9321064280714227
K00005	0.5834228359345827	-0.5834228359345826
K00007	0.15082307081064722	-0.15082307081064744
K00008	-0.8295279729580677	0.8295279729580677
K00009	0.5174665716681586	-0.5174665716681585
K00010	0.4010334548020946	-0.40103345480209435
K00012	-0.8963691745806895	0.8963691745806894
K00013	-0.5953963743502109	0.5953963743502109
K00014	0.4494715766370071	-0.44947157663700704
K00015	1.0971837561484992	-1.0971837561484992
K00016	-0.6112601562063937	0.6112601562063936
K00018	-0.808966374355726	0.8089663743557259
K00020	0.5358284161472747	-0.5358284161472746
K00024	0.049019859236849594	-0.04901985923684959
K00027	-0.4998915940761488	0.49989159407614875
K00029	0.8747732702094618	-0.8747732702094615
K00030	0.2671667765990796	-0.26716677659907956
K00031	1.5118581984610973	-1.511858198461097
K00033	0.25496840393204806	-0.25496840393204806
K00036	-0.6865753606401817	0.6865753606401815
K00039	1.6237130850222545	-1.6237130850222543
K00040	-0.3414522477816647	0.34145224778166466
K00041	0.6115931828278186	-0.6115931828278183
K00042	0.2751732606247035	-0.27517326062470343
K00045	-0.7199155964278581	0.719915596427858
K00046	-0.9577619443916352	0.9577619443916351
K00048	-0.2318616511414674	0.23186165114146737
K00052	-1.150446897244474	1.150446897244474
K00053	1.001276456811919	-1.0012764568119186
K00054	-0.8820761605681661	0.882076160568166
K00055	-0.8059552287953934	0.8059552287953933
K00057	0.37220986229423686	-0.3722098622942368
K00058	0.5280366193494717	-0.5280366193494713
K00059	-0.3641947549578775	0.36419475495787745
K00060	1.023670602244024	-1.0236706022440238
K00065	0.5152846761914835	-0.5152846761914833
K00067	0.7029395771562529	-0.7029395771562525
K00068	0.8630798050897776	-0.8630798050897777
K00073	1.0761214196683044	-1.0761214196683044
K00074	0.3132979430545008	-0.31329794305450076
K00075	1.472369405987494	-1.4723694059874939
K00076	0.238569435291173	-0.23856943529117297
K00077	-1.0416722609249587	1.0416722609249587
K00086	1.4122475363357252	-1.4122475363357254
K00087	0.05307873693741061	-0.0530787369374106
K00088	-1.0287620064001648	1.0287620064001646
K00090	1.9586464745628844	-1.9586464745628844
K00094	0.5845576641578016	-0.5845576641578019
K00096	-1.2180032914069074	1.2180032914069072
K00097	-0.28033164720303494	0.2803316472030349
K00098	0.5291156807380104	-0.5291156807380103
K00099	-1.2361967883773863	1.2361967883773863
K00100	-0.13521407961828538	0.13521407961828535
K00101	2.0805215764202902	-2.08052157642029
K00104	0.2849709650714235	-0.28497096507142344
K00105	0.26845835342197505	-0.26845835342197505
K00108	1.5015127342065007	-1.5015127342065004
K00111	0.6969650601168031	-0.696965060116803
K00112	-1.1572088316695168	1.1572088316695166
K00113	1.7630189413530033	-1.7630189413530029
K00116	1.0591543541434134	-1.0591543541434132
K00117	1.7931256672053424	-1.7931256672053422
K00121	1.7753879479147243	-1.7753879479147243
K00123	0.03462335416175294	-0.03462335416175293
K00124	0.9808731159458395	-0.9808731159458396
K00127	1.7379637129138685	-1.7379637129138683
K00128	-0.9821247640342252	0.9821247640342251
K00130	-0.3087953995002985	0.30879539950029844
K00131	-0.4005291331644282	0.4005291331644281
K00132	-0.7594985906859022	0.7594985906859021
K00133	-0.5517827339070139	0.5517827339070138
K00134	-0.24329359011698315	0.24329359011698312
K00135	-0.737144814490516	0.7371448144905159
K00137	1.2354687764829042	-1.235468776482904
K00138	1.0057419374040955	-1.0057419374040952
K00140	-0.44646996192696825	0.4464699619269682
K00141	1.2445785063387227	-1.2445785063387225
K00145	0.06963439223450194	-0.06963439223450169
K00146	1.4896082103026536	-1.4896082103026533
K00147	1.1109902689636342	-1.1109902689636337
K00148	0.1570755211219484	-0.1570755211219484
K00151	1.144301731597763	-1.144301731597763
K00156	1.1064653568349097	-1.1064653568349094
K00158	-0.17002362098564655	0.17002362098564652
K00161	-1.302392051872913	1.3023920518729128
K00162	0.3013593210676436	-0.30135932106764357
K00163	0.8664461565651963	-0.8664461565651962
K00164	0.20627780983587327	-0.20627780983587346
K00169	-1.682496341019087	1.6824963410190867
K00170	-1.8653357379010054	1.8653357379010052
K00172	-1.118009215249125	1.1180092152491248
K00174	0.08873863911936056	-0.08873863911936054
K00175	-1.5066521101484383	1.506652110148438
K00176	-1.0439477070684398	1.0439477070684398
K00177	-1.3496871607402294	1.3496871607402294
K00179	-1.392503073414348	1.3925030734143478
K00180	-1.6784464347340435	1.6784464347340435
K00183	-0.8975824736212439	0.8975824736212438
K00184	0.4520846778453045	-0.45208467784530465
K00185	0.8206922746642845	-0.8206922746642846
K00194	-1.625800060206868	1.6258000602068678
K00196	0.7672128849181906	-0.7672128849181903
K00197	-0.8004984705103074	0.8004984705103073
K00198	1.0962550068917893	-1.096255006891789
K00208	0.8881021653699342	-0.8881021653699342
K00209	-0.94264709631423	0.9426470963142299
K00210	-0.35058056139740307	0.350580561397403
K00215	0.8089306172440848	-0.808930617244085
K00216	1.6010518849887638	-1.6010518849887636
K00219	0.43161080715365807	-0.43161080715365807
K00226	0.43568983010586065	-0.4356898301058604
K00228	0.051135806982782785	-0.05113580698278278
K00230	1.502422685672478	-1.502422685672478
K00231	-0.7245170253340589	0.7245170253340588
K00239	0.17833361144864832	-0.17833361144864832
K00240	0.34298871983751	-0.34298871983750995
K00241	0.8861045310421201	-0.88610453104212
K00242	1.4025815504007513	-1.402581550400751
K00243	-0.3039779104022151	0.3039779104022151
K00244	1.2147471469527114	-1.2147471469527116
K00245	-0.10313119960149049	0.10313119960149048
K00246	1.4035705355330275	-1.403570535533027
K00247	1.3809165781935802	-1.3809165781935802
K00248	-0.7187897906823396	0.7187897906823395
K00254	0.09888822829031658	-0.09888822829031634
K00259	-0.19682213734779538	0.19682213734779536
K00260	0.729017633182488	-0.7290176331824882
K00261	-0.008072810337777288	0.008072810337777287
K00262	0.9392674021507363	-0.9392674021507362
K00265	-0.1289700883955133	0.12897008839551327
K00266	1.3008653323334143	-1.3008653323334143
K00274	-0.5021769703221705	0.5021769703221705
K00275	-1.369026200044074	1.369026200044074
K00276	0.27757080655498984	-0.27757080655499
K00278	-0.23038256346662553	0.2303825634666255
K00281	-0.3997128169737146	0.3997128169737146
K00282	-1.2124584064973676	1.2124584064973674
K00283	-1.3108906114878094	1.3108906114878094
K00284	1.25199775294097	-1.2519977529409698
K00285	1.641925841442537	-1.6419258414425368
K00286	-0.8349321873244903	0.8349321873244901
K00287	0.38845243796308043	-0.3884524379630804
K00290	0.12249279988295976	-0.12249279988295998
K00294	-0.6206782018875593	0.6206782018875592
K00297	0.31437362535009966	-0.31437362535009966
K00299	1.8065200444289344	-1.8065200444289342
K00302	-0.6574767199505949	0.6574767199505948
K00303	-1.4968459438597777	1.4968459438597774
K00313	1.3344863122489985	-1.3344863122489985
K00318	0.023775606357914706	-0.023775606357914706
K00322	1.687896222010102	-1.6878962220101017
K00324	-0.15476062243431224	0.1547606224343122
K00325	-0.09391794761810131	0.0939179476181013
K00330	0.0029939675735310032	-0.002993967573531003
K00331	-0.5361549741549241	0.5361549741549241
K00332	-0.7623150409261896	0.7623150409261896
K00333	0.4040133374614652	-0.4040133374614649
K00334	-0.6722946175871962	0.6722946175871961
K00335	1.612186451355821	-1.6121864513558208
K00336	0.5654616685928112	-0.5654616685928111
K00337	0.5624644073180204	-0.56246440731802
K00338	1.441606614116464	-1.4416066141164636
K00339	0.4838580201391266	-0.48385802013912627
K00340	-0.36454155978842284	0.36454155978842284
K00341	0.9223428376284026	-0.9223428376284023
K00342	0.9514118763818473	-0.9514118763818472
K00343	-0.012909974689772421	0.01290997468977242
K00344	0.43008778434494555	-0.4300877843449457
K00346	-0.18603295872271072	0.1860329587227107
K00347	0.06319777089186625	-0.06319777089186648
K00348	-0.6097106862946245	0.6097106862946244
K00349	-0.893872379178431	0.8938723791784309
K00350	0.6355148668266529	-0.635514866826653
K00351	-0.3908612612286397	0.3908612612286396
K00354	0.6090418963861086	-0.6090418963861085
K00355	-0.8405456304772775	0.8405456304772774
K00362	1.6773293267611271	-1.677329326761127
K00363	1.8521202463322786	-1.8521202463322783
K00364	0.05776081491464853	-0.05776081491464877
K00366	0.643446039470455	-0.6434460394704549
K00370	1.8982402721711003	-1.8982402721710996
K00371	0.9509235985733456	-0.9509235985733457
K00372	-0.47291579135147555	0.4729157913514755
K00373	1.78763968538661	-1.78763968538661
K00374	0.17537557248549132	-0.17537557248549104
K00375	0.6946084794856605	-0.6946084794856606
K00380	1.7221762321808005	-1.7221762321808003
K00381	1.6498382919383496	-1.6498382919383496
K00382	1.2042772782985454	-1.2042772782985451
K00383	-0.47026577921941803	0.470265779219418
K00384	1.802508839025017	-1.802508839025017
K00385	-0.24101319309212454	0.24101319309212452
K00389	1.710614359628713	-1.7106143596287127
K00390	1.3720608334236635	-1.3720608334236635
K00394	1.0688046461937126	-1.0688046461937126
K00395	0.523580649932056	-0.5235806499320558
K00425	1.2842199166358081	-1.2842199166358081
K00426	1.5341124242732191	-1.534112424273219
K00427	0.3539206685506203	-0.35392066855062004
K00428	-1.0486931049326516	1.0486931049326513
K00432	0.1662216578551689	-0.16622165785516912
K00433	-1.536960696243892	1.5369606962438918
K00435	1.6076203946232734	-1.6076203946232734
K00448	0.18524219877008521	-0.1852421987700852
K00449	1.0937065370842172	-1.0937065370842167
K00450	-1.0373458086293337	1.0373458086293335
K00455	1.037702998788747	-1.0377029987887467
K00457	1.3356512829418243	-1.3356512829418241
K00459	0.5929643425525545	-0.5929643425525545
K00481	1.1737565377724914	-1.1737565377724912
K00483	0.7424685987662895	-0.7424685987662893
K00484	-0.21806856403524594	0.2180685640352459
K00520	-1.16731120186935	1.1673112018693497
K00525	1.2919318473147325	-1.2919318473147325
K00526	0.7891272465057221	-0.789127246505722
K00528	1.122482866905437	-1.1224828669054367
K00529	-0.525258696466586	0.525258696466586
K00533	-1.0692830809525022	1.0692830809525022
K00537	0.11763183256883915	-0.1176318325688389
K00547	-0.9043475935830955	0.9043475935830954
K00548	0.5137763839356468	-0.5137763839356467
K00549	-1.1937281377303728	1.1937281377303726
K00554	-0.8461472808910606	0.8461472808910605
K00556	0.1506013884811291	-0.15060138848112908
K00557	0.36015314902666873	-0.3601531490266689
K00558	-1.670464190554046	1.6704641905540458
K00560	-0.26118362600615846	0.2611836260061584
K00561	0.07237691666684727	-0.07237691666684726
K00563	-0.12755906191945615	0.12755906191945615
K00564	-0.0536213031951923	0.053621303195192295
K00566	0.17797243123393736	-0.17797243123393758
K00567	0.13472556823723128	-0.13472556823723125
K00568	1.511066424187072	-1.5110664241870715
K00571	0.7916347850565338	-0.7916347850565337
K00573	1.8337568442434249	-1.8337568442434247
K00574	1.2558773697799297	-1.2558773697799295
K00575	-0.35144029834405216	0.3514402983440521
K00590	-0.23441309514013697	0.23441309514013695
K00595	0.19214209535780385	-0.19214209535780408
K00598	0.3489166445328599	-0.34891664453285987
K00600	-1.6643613779641242	1.664361377964124
K00602	-0.8575457176777109	0.8575457176777109
K00603	-0.31758057614190277	0.3175805761419027
K00604	0.8603977271814535	-0.8603977271814537
K00605	0.17386882177591084	-0.17386882177591081
K00606	-0.9267636009477204	0.9267636009477203
K00609	-1.2727402330042326	1.2727402330042323
K00610	-0.9641996989637889	0.9641996989637888
K00611	1.053084062473309	-1.0530840624733087
K00613	-1.210348873415713	1.2103488734157128
K00615	-0.7498951835539408	0.7498951835539407
K00616	1.2379705685409164	-1.2379705685409161
K00620	-1.2830711410590532	1.283071141059053
K00625	-0.38479435655639116	0.3847943565563911
K00626	-0.5724419789885976	0.5724419789885975
K00627	1.8295666442993725	-1.8295666442993723
K00631	0.5895544697161973	-0.5895544697161972
K00632	1.5607749204259644	-1.5607749204259642
K00633	0.7097441570786928	-0.7097441570786927
K00634	-0.9891268481041284	0.9891268481041283
K00638	-0.5327000643577785	0.5327000643577785
K00639	0.46562770870742176	-0.4656277087074217
K00640	-0.744990574049708	0.7449905740497079
K00641	1.5024505974884304	-1.5024505974884301
K00645	-1.2423404402706892	1.2423404402706892
K00647	0.12035950223183599	-0.12035950223183597
K00648	1.5796419669540958	-1.5796419669540953
K00651	0.3735771857798163	-0.37357718577981625
K00652	0.301228549156567	-0.30122854915656716
K00655	1.1514411917459768	-1.1514411917459766
K00656	-1.0349297247773277	1.0349297247773275
K00657	-0.9788093906283682	0.9788093906283681
K00658	0.796707935381297	-0.7967079353812967
K00661	0.4537082147465424	-0.4537082147465423
K00662	-0.024076860303883327	0.024076860303883323
K00666	-1.109018834190466	1.1090188341904659
K00673	1.5647331171132504	-1.5647331171132501
K00674	0.6049835051282221	-0.6049835051282219
K00675	1.3365510701440853	-1.336551070144085
K00677	-0.4242376436668902	0.42423764366689015
K00681	0.9154330996607359	-0.9154330996607356
K00684	-0.05739445527059417	0.05739445527059416
K00687	-0.7841244066593346	0.7841244066593345
K00688	-0.3454721500271834	0.34547215002718334
K00689	0.06430445167073973	-0.06430445167073949
K00690	-0.0730908636837275	0.07309086368372748
K00691	-1.0921844895862431	1.092184489586243
K00694	0.22351077734069075	-0.22351077734069047
K00697	1.3137106794509557	-1.3137106794509554
K00700	-0.3831518835650826	0.38315188356508256
K00702	0.03803631392978382	-0.03803631392978382
K00703	-1.3552253944356156	1.3552253944356154
K00705	0.7045418492953446	-0.7045418492953445
K00712	-0.5458738080379546	0.5458738080379545
K00721	1.1710931968962042	-1.171093196896204
K00728	-0.20691965135978366	0.20691965135978363
K00748	1.5037258700391045	-1.5037258700391045
K00756	-0.9887221230130755	0.9887221230130754
K00757	-0.7682902841871972	0.7682902841871971
K00758	1.0547451666807857	-1.0547451666807854
K00759	-0.5108277905592665	0.5108277905592664
K00760	-0.9644281656162302	0.96442816561623
K00761	0.16485386074165553	-0.16485386074165553
K00762	-0.836954412131797	0.8369544121317969
K00763	0.5585566806686644	-0.5585566806686644
K00764	-1.7082517755212023	1.708251775521202
K00765	-0.38802909921929807	0.388029099219298
K00766	-1.3713539112933772	1.3713539112933772
K00767	-1.881269099196458	1.8812690991964578
K00768	-0.011139161439925103	0.011139161439925101
K00769	1.2103928699071398	-1.2103928699071396
K00772	0.3856345447130234	-0.3856345447130231
K00773	-0.5483915725511621	0.548391572551162
K00782	-0.1522545899418105	0.15225458994181046
K00783	0.3161483829816811	-0.3161483829816808
K00784	-1.7988741195221194	1.7988741195221192
K00786	0.8163999870322036	-0.8163999870322033
K00788	-0.5113143928839905	0.5113143928839905
K00789	-0.22181527584623043	0.2218152758462304
K00790	-1.181760297270671	1.181760297270671
K00791	-0.9415070239149611	0.941507023914961
K00793	1.3196297664298673	-1.319629766429867
K00794	-0.14173947960425923	0.14173947960425923
K00795	0.5068085302305305	-0.5068085302305304
K00796	0.5261203663854214	-0.5261203663854213
K00797	-1.260321540336836	1.2603215403368357
K00798	0.38567736264621877	-0.3856773626462187
K00799	1.557251488189884	-1.5572514881898838
K00800	1.7423357652561742	-1.7423357652561742
K00801	-0.49888794078664955	0.4988879407866495
K00803	0.0066832792120163345	-0.006683279212016334
K00805	-0.5571297829144708	0.5571297829144708
K00806	-1.0591282759080916	1.0591282759080913
K00812	-1.1571254602608207	1.1571254602608205
K00813	0.7137605627819251	-0.7137605627819253
K00817	1.0822664616984112	-1.0822664616984115
K00819	-0.8603483512983623	0.8603483512983622
K00820	-1.6563294535706963	1.656329453570696
K00821	0.050688550785702224	-0.05068855078570222
K00823	-0.4458949354670442	0.4458949354670441
K00824	-0.5384323626553529	0.5384323626553528
K00826	-1.2531821837124903	1.2531821837124903
K00831	1.0739562559042495	-1.0739562559042495
K00832	1.5700829675976085	-1.5700829675976087
K00833	-0.17040116093359922	0.1704011609335992
K00835	1.219820119602198	-1.2198201196021978
K00836	-0.019284371402864257	0.019284371402864257
K00839	1.7537969018942423	-1.753796901894242
K00840	0.30795474152425034	-0.3079547415242501
K00841	-1.392525375146263	1.3925253751462627
K00844	0.5250701573464583	-0.5250701573464582
K00845	-0.2403174347825368	0.24031743478253678
K00847	-0.5735413656901999	0.5735413656901999
K00848	-1.0207098125694438	1.0207098125694436
K00849	-0.6317201548101883	0.6317201548101882
K00850	0.16433100710767604	-0.164331007107676
K00851	1.3553018304431221	-1.3553018304431221
K00852	-0.4548693827213955	0.45486938272139543
K00853	1.415572066821943	-1.415572066821943
K00854	1.0257352883366506	-1.0257352883366506
K00855	0.9528728318277476	-0.9528728318277477
K00857	1.2413301391189113	-1.2413301391189113
K00858	0.03821585661539836	-0.03821585661539835
K00859	-1.23926828865031	1.2392682886503097
K00860	-1.8042769199471271	1.804276919947127
K00863	0.2253866999527346	-0.22538669995273436
K00864	-1.361190773689068	1.3611907736890678
K00865	1.388498566173267	-1.3884985661732667
K00867	-1.1017446847909862	1.1017446847909862
K00868	0.34264281718004674	-0.34264281718004647
K00869	0.2807393211121459	-0.28073932111214567
K00872	0.8473298874813598	-0.8473298874813595
K00873	0.6256295288171663	-0.6256295288171662
K00874	-0.2705675975662925	0.27056759756629245
K00875	-0.7393978013949363	0.7393978013949363
K00876	-0.5818477566557864	0.5818477566557863
K00878	0.8617273433526853	-0.861727343352685
K00879	0.39700016213144124	-0.3970001621314412
K00880	-0.13535943815744345	0.13535943815744345
K00881	1.3806277304952983	-1.3806277304952983
K00882	0.4468227262067087	-0.4468227262067089
K00883	1.4020526494947294	-1.4020526494947294
K00884	0.06908364487170301	-0.069083644871703
K00885	0.0019511431882787466	-0.0019511431882787463
K00886	1.1067543186265287	-1.1067543186265287
K00891	0.08810175191658134	-0.08810175191658133
K00892	1.46760622926625	-1.4676062292662495
K00895	-1.5999490462234403	1.59994904622344
K00897	-0.5587612841622579	0.5587612841622579
K00899	-0.7833378534357965	0.7833378534357964
K00901	-0.620312081664621	0.620312081664621
K00906	0.14396196378320653	-0.14396196378320653
K00912	0.24107826942469848	-0.2410782694246987
K00917	0.24688698850683455	-0.24688698850683452
K00919	-0.870844366714146	0.8708443667141459
K00925	-1.5929410037383913	1.592941003738391
K00926	-0.9556828144427	0.9556828144426999
K00927	-1.2180190307258763	1.218019030725876
K00928	-1.2489268332336574	1.2489268332336574
K00929	-0.730821777089735	0.7308217770897348
K00930	1.05491694140179	-1.0549169414017896
K00931	-1.4935352450496464	1.4935352450496462
K00932	1.0029645676604528	-1.0029645676604526
K00936	0.11232936231148244	-0.11232936231148243
K00937	0.5623461011348407	-0.5623461011348408
K00938	0.20261191415794785	-0.20261191415794758
K00939	-1.0688105383494737	1.0688105383494737
K00940	-1.4256407233586863	1.425640723358686
K00941	0.7315560274476725	-0.7315560274476721
K00942	-0.4505589730314621	0.45055897303146203
K00943	-0.9366975087174425	0.9366975087174424
K00945	-1.9833308710740316	1.9833308710740314
K00946	0.5786900009171554	-0.5786900009171553
K00948	-0.270723274997272	0.27072327499727195
K00949	-0.7239474262599712	0.7239474262599711
K00950	0.338484968587953	-0.33848496858795324
K00951	-0.46723440232048175	0.4672344023204817
K00954	-1.6581573136779242	1.6581573136779242
K00955	0.32047356822493017	-0.3204735682249301
K00956	-0.5617563006273733	0.5617563006273733
K00957	-1.9830074832839952	1.9830074832839948
K00962	-1.0660803262203276	1.0660803262203276
K00963	1.0038143791277943	-1.003814379127794
K00965	0.5894277254750346	-0.5894277254750349
K00966	0.017312913471560987	-0.017312913471560984
K00968	-0.1908519859522091	0.19085198595220906
K00969	0.7602976254895482	-0.760297625489548
K00970	2.011954243229778	-2.011954243229778
K00971	-1.265511694420521	1.2655116944205207
K00972	-1.0848757875428052	1.0848757875428052
K00973	-0.3540629674975513	0.3540629674975513
K00974	-1.6873242408415232	1.687324240841523
K00975	-0.9198711370061888	0.9198711370061887
K00978	-0.011030020835432487	0.011030020835432485
K00979	-0.757379195868302	0.7573791958683019
K00980	-0.6385103464706892	0.6385103464706892
K00981	0.3448376471674554	-0.34483764716745513
K00982	-0.919105417796222	0.9191054177962219
K00983	0.4255340797272987	-0.42553407972729884
K00984	0.738268734318986	-0.7382687343189859
K00986	1.0243360735791722	-1.0243360735791722
K00989	2.0086048808546044	-2.0086048808546044
K00990	0.994166587928172	-0.9941665879281719
K00991	-0.5531664064292088	0.5531664064292087
K00995	0.045434751166627756	-0.04543475116662775
K00996	-0.6195398058476724	0.6195398058476723
K00997	-0.910317435510215	0.9103174355102149
K00998	1.2147482810019454	-1.2147482810019457
K01000	-1.5612215387171988	1.5612215387171986
K01002	1.2056222709110065	-1.2056222709110067
K01006	-0.23774518205986925	0.23774518205986922
K01007	1.2705719011044332	-1.2705719011044334
K01008	-1.8648134886225212	1.864813488622521
K01011	1.5160652073487841	-1.516065207348784
K01012	-1.7277432311802383	1.727743231180238
K01023	1.3343131613145922	-1.3343131613145922
K01026	-1.6802152303779598	1.6802152303779596
K01031	1.2116106406161862	-1.211610640616186
K01032	1.603705446673048	-1.6037054466730478
K01034	-0.2133909281789098	0.21339092817890978
K01035	1.2119606591851695	-1.2119606591851697
K01039	-1.390648474685656	1.3906484746856558
K01042	0.7141554641669956	-0.7141554641669953
K01046	-1.5674441519915583	1.567444151991558
K01048	1.9458949436937856	-1.9458949436937856
K01051	-0.16022172164366272	0.1602217216436627
K01053	-0.8566732251454414	0.8566732251454413
K01055	1.7097586773245965	-1.709758677324596
K01056	-0.24815890710120353	0.2481589071012035
K01057	-0.07810634685483674	0.07810634685483672
K01058	2.1142458849932972	-2.114245884993297
K01060	0.7196776043064708	-0.7196776043064709
K01061	0.5493355313285531	-0.5493355313285528
K01066	1.6997423131859504	-1.69974231318595
K01069	1.2711075145767619	-1.2711075145767614
K01070	0.1857557197417872	-0.18575571974178717
K01071	0.38588763064009785	-0.38588763064009757
K01077	1.506681042072304	-1.5066810420723038
K01079	0.7290035158867949	-0.7290035158867946
K01081	-0.014741518929094095	0.014741518929094094
K01082	-0.8355861063659956	0.8355861063659955
K01085	1.9147006204353758	-1.9147006204353756
K01087	0.9570799853092402	-0.9570799853092401
K01089	-1.177366879887944	1.1773668798879438
K01091	0.30762744757229477	-0.307627447572295
K01092	0.8503735585930059	-0.8503735585930058
K01093	1.8916499984702637	-1.8916499984702633
K01095	1.645313239947789	-1.6453132399477888
K01096	-0.7393426323392014	0.7393426323392013
K01101	1.1576412747097795	-1.1576412747097793
K01104	1.0462698610115402	-1.0462698610115397
K01114	-1.077343639357901	1.0773436393579008
K01118	1.350481394315283	-1.350481394315283
K01119	0.5269566379002192	-0.5269566379002192
K01126	0.923359457507683	-0.9233594575076831
K01129	-0.8320694789233432	0.832069478923343
K01130	-1.0192951541378832	1.019295154137883
K01133	0.07880245005193218	-0.07880245005193194
K01138	-0.8942171505725298	0.8942171505725297
K01139	1.2213000896514326	-1.2213000896514323
K01141	-0.05907795906603864	0.05907795906603863
K01142	-0.6635825542822366	0.6635825542822364
K01143	0.8056961483089722	-0.8056961483089718
K01144	-0.046367505908820286	0.046367505908820286
K01146	1.3962826751712307	-1.396282675171231
K01147	1.2715532047464766	-1.2715532047464764
K01150	-0.5612114905961723	0.5612114905961723
K01151	-0.18514577159216547	0.18514577159216544
K01153	0.2663689965163264	-0.2663689965163264
K01154	-0.7263035259264702	0.7263035259264702
K01155	-0.19076186390108538	0.19076186390108535
K01156	-0.04464304702551206	0.044643047025512056
K01159	-0.13104180342750785	0.13104180342750782
K01160	1.3350508365096267	-1.3350508365096265
K01163	-1.7835380529267848	1.7835380529267846
K01169	1.49620770598831	-1.4962077059883097
K01173	-0.7184410348716137	0.7184410348716136
K01174	-0.2017985306942433	0.20179853069424328
K01175	1.134887182203914	-1.1348871822039137
K01176	-0.04722349190122232	0.04722349190122232
K01179	0.7960233105596837	-0.7960233105596836
K01181	-1.405841982514482	1.4058419825144817
K01182	-1.0183976399423795	1.0183976399423793
K01183	-1.1929825469920758	1.1929825469920756
K01185	1.7866187524274149	-1.7866187524274149
K01186	0.27417667265394746	-0.27417667265394746
K01187	0.4236431245413878	-0.4236431245413878
K01190	-1.0357990056927218	1.0357990056927215
K01191	0.9922435747558392	-0.9922435747558389
K01192	-1.506769189040301	1.5067691890403008
K01193	0.8401297935382865	-0.8401297935382864
K01194	0.2988497193223631	-0.29884971932236326
K01195	-0.4405430887834482	0.44054308878344817
K01197	1.938120971496723	-1.938120971496723
K01198	-0.6043096845807928	0.6043096845807928
K01200	0.6117183082083246	-0.6117183082083245
K01201	-0.3211451410411355	0.32114514104113545
K01205	-0.36829432244950866	0.3682943224495086
K01206	0.21280247534953015	-0.2128024753495299
K01207	1.811527777658614	-1.8115277776586138
K01208	-1.1583398823086728	1.1583398823086728
K01209	-1.7629244593339455	1.7629244593339453
K01210	-0.14675042880722483	0.14675042880722483
K01214	0.308313266078637	-0.30831326607863674
K01215	0.14619170602296808	-0.1461917060229683
K01218	0.24708921178185364	-0.2470892117818536
K01220	1.6859221863607265	-1.685922186360726
K01222	1.4371561344037176	-1.4371561344037176
K01223	0.03978394690625685	-0.03978394690625684
K01224	0.2933783008190669	-0.29337830081906663
K01226	-0.8797413297296404	0.8797413297296403
K01232	1.0741598558319658	-1.0741598558319656
K01235	0.15298577667316607	-0.15298577667316607
K01236	0.5208159159906867	-0.5208159159906868
K01239	-0.685663845300699	0.6856638453006989
K01241	1.1219203718903719	-1.1219203718903716
K01243	-0.4242509218845474	0.4242509218845473
K01246	0.8910522025664657	-0.8910522025664653
K01247	-0.30646582949955964	0.3064658294995596
K01250	1.085887430985689	-1.0858874309856887
K01251	0.04874518320300433	-0.048745183203004326
K01252	1.7316645520490879	-1.7316645520490876
K01255	-1.6182668034542436	1.6182668034542433
K01256	0.08200345229569968	-0.08200345229569943
K01258	-1.505149924339305	1.505149924339305
K01259	1.5521142608236114	-1.5521142608236111
K01261	-1.0813894442833079	1.0813894442833076
K01262	0.34036239753064607	-0.34036239753064623
K01265	-1.7254414901716941	1.725441490171694
K01266	0.6415737612894971	-0.641573761289497
K01267	0.21238429613281717	-0.2123842961328169
K01270	0.6773246483866825	-0.6773246483866826
K01271	0.7846154020851944	-0.7846154020851941
K01273	-0.9152875910978134	0.9152875910978133
K01277	0.7728816703287325	-0.7728816703287321
K01278	0.7690476328820359	-0.7690476328820356
K01281	1.1842945271741145	-1.1842945271741148
K01284	0.32713321841120896	-0.3271332184112087
K01286	-0.13312061220294963	0.13312061220294963
K01297	-0.3962708850740382	0.3962708850740381
K01299	1.2757678979314908	-1.2757678979314906
K01304	-0.6589969972039147	0.6589969972039146
K01305	0.5517987119958696	-0.5517987119958698
K01322	-0.8833323807007456	0.8833323807007455
K01338	-1.295176610399844	1.295176610399844
K01354	0.5516880074110562	-0.5516880074110561
K01355	0.9145948580472886	-0.9145948580472887
K01356	0.2790924137140044	-0.27909241371400434
K01358	0.0863654727791978	-0.08636547277919779
K01361	0.7459407849965587	-0.7459407849965586
K01372	-1.133881858792487	1.133881858792487
K01407	1.311701252083156	-1.311701252083156
K01409	-1.5815625967268776	1.5815625967268776
K01414	1.2328619486861292	-1.232861948686129
K01419	1.9706524759211765	-1.9706524759211763
K01420	0.14252678062863544	-0.14252678062863544
K01421	0.8775510925115371	-0.877551092511537
K01424	-1.0488160802047737	1.0488160802047735
K01425	1.3960700348794675	-1.3960700348794672
K01426	0.4237402557703125	-0.42374025577031244
K01428	-0.053179166884243595	0.05317916688424359
K01429	-0.7556822805898253	0.7556822805898252
K01430	-1.205675702959136	1.2056757029591358
K01433	1.2424300382535942	-1.242430038253594
K01434	1.2825735204615571	-1.2825735204615567
K01436	-0.5972586316271652	0.5972586316271652
K01438	0.24115235973728197	-0.24115235973728194
K01439	-0.14204121022080327	0.14204121022080324
K01442	-0.49297748941452907	0.492977489414529
K01443	-1.1863638656398308	1.1863638656398305
K01444	-1.228761171539865	1.2287611715398647
K01447	-0.20382488205362648	0.20382488205362645
K01448	1.1721381899647276	-1.1721381899647276
K01449	-0.46239756576497776	0.4623975657649777
K01451	1.1389166295481825	-1.1389166295481823
K01457	-1.6066874884793259	1.6066874884793256
K01460	0.6556510681555399	-0.65565106815554
K01462	-0.7211327290309146	0.7211327290309145
K01464	-0.4125558893429711	0.41255588934297105
K01465	-0.8091382857998911	0.809138285799891
K01466	1.7559781982692473	-1.755978198269247
K01467	1.7944741533794848	-1.7944741533794846
K01468	-0.6912833542399544	0.6912833542399542
K01470	-0.3231679386098709	0.3231679386098709
K01473	-0.4240075377320123	0.4240075377320122
K01476	-1.1957594572712917	1.1957594572712915
K01478	1.5320804603336948	-1.5320804603336944
K01479	1.3936386511135144	-1.3936386511135144
K01480	0.21143493252741444	-0.2114349325274144
K01482	0.6011132588049196	-0.6011132588049193
K01483	1.4317873602462594	-1.4317873602462592
K01484	1.3437158131237632	-1.3437158131237632
K01485	1.10399429956916	-1.1039942995691598
K01486	0.42066069743040063	-0.4206606974304008
K01487	0.5123702302681586	-0.5123702302681588
K01488	1.3467027972618575	-1.3467027972618575
K01489	-0.8619223263368688	0.8619223263368687
K01491	-0.30343239200020855	0.3034323920002085
K01493	-0.9606478714238471	0.960647871423847
K01494	-0.6436851735309426	0.6436851735309426
K01495	0.5088630202920231	-0.5088630202920231
K01496	1.0594159984330584	-1.0594159984330587
K01497	1.0577221296926989	-1.0577221296926986
K01501	-1.5294363844451908	1.5294363844451908
K01507	0.8854281047276178	-0.8854281047276177
K01512	0.2510091689821204	-0.25100916898212033
K01515	-0.7304280140137245	0.7304280140137244
K01520	0.7817699026308208	-0.7817699026308205
K01521	1.305610677470995	-1.3056106774709948
K01523	1.9243918471767205	-1.9243918471767203
K01524	1.4482609040301084	-1.4482609040301084
K01525	0.5780253094855935	-0.5780253094855935
K01531	-0.3040603300497872	0.30406033004978716
K01533	-1.2905426447467485	1.2905426447467483
K01534	-0.12101550931515744	0.12101550931515742
K01537	-0.7072352252341338	0.7072352252341337
K01539	1.7153723551395108	-1.7153723551395106
K01546	-0.5092460238322076	0.5092460238322075
K01547	0.14918054934827424	-0.14918054934827446
K01548	1.514510086843193	-1.514510086843193
K01551	0.9959255655017432	-0.9959255655017433
K01560	-1.5696544906385963	1.569654490638596
K01561	0.28559401454664246	-0.2855940145466427
K01567	0.2365286659356536	-0.23652866593565355
K01571	-0.6645436973649579	0.6645436973649578
K01572	-1.9479338551407868	1.9479338551407865
K01575	0.49547277246363935	-0.4954727724636393
K01577	-0.5589995877262083	0.5589995877262083
K01579	-1.2341397749371155	1.2341397749371155
K01580	1.0993819272546792	-1.099381927254679
K01581	1.2326025449506057	-1.2326025449506055
K01582	0.5725377830296549	-0.5725377830296547
K01584	0.6148272141528618	-0.6148272141528617
K01585	0.5148845592618325	-0.5148845592618324
K01586	-0.6256265967014013	0.6256265967014012
K01588	-0.33897445349882294	0.3389744534988229
K01589	-1.4696229473910232	1.469622947391023
K01590	-1.0146103101718502	1.01461031017185
K01591	1.0452294030264042	-1.0452294030264044
K01593	-1.040353994954199	1.040353994954199
K01595	0.01727087359254575	-0.01727087359254575
K01596	-0.8910796925353491	0.891079692535349
K01597	0.8974204293226042	-0.8974204293226041
K01598	0.9404770473631121	-0.9404770473631122
K01599	0.8491738959534625	-0.8491738959534624
K01601	-1.2179787806801687	1.2179787806801687
K01607	0.17092364611983868	-0.17092364611983868
K01608	1.5072591534839603	-1.5072591534839603
K01609	-0.830528793970877	0.8305287939708769
K01610	-0.627063127736908	0.6270631277369079
K01611	2.0051124673753855	-2.005112467375385
K01612	1.8211259562722237	-1.8211259562722237
K01613	-1.3000515523389853	1.3000515523389853
K01615	0.2238038431710408	-0.223803843171041
K01619	-0.941120622886743	0.9411206228867429
K01620	-0.5102675793292003	0.5102675793292002
K01621	1.0704101891430375	-1.0704101891430375
K01623	-0.6753078178338473	0.6753078178338472
K01624	-0.9430271744381062	0.9430271744381061
K01625	-0.11050886504510017	0.11050886504510016
K01626	0.517516978660318	-0.517516978660318
K01627	0.5609790772747034	-0.5609790772747031
K01628	0.0811617382125442	-0.0811617382125442
K01629	-1.597655298761613	1.5976552987616128
K01630	1.4200317745660025	-1.4200317745660023
K01631	1.3593731798016626	-1.3593731798016628
K01633	-0.8147144505243006	0.8147144505243005
K01635	-0.7336653451208944	0.7336653451208943
K01637	2.056509001141779	-2.0565090011417784
K01638	1.2417105126070642	-1.241710512607064
K01639	-1.8056974962001193	1.805697496200119
K01640	0.628580523036613	-0.6285805230366132
K01641	-0.7928923266528319	0.7928923266528318
K01643	-0.08704245911894484	0.08704245911894483
K01644	0.7123708860688589	-0.7123708860688591
K01646	-0.997945513687474	0.9979455136874739
K01647	-0.4191445048534682	0.41914450485346816
K01649	0.5774595088122655	-0.5774595088122652
K01652	1.211084420350917	-1.2110844203509166
K01653	-1.0268154564153904	1.0268154564153904
K01654	0.35486914531712416	-0.3548691453171241
K01657	0.7159538491194947	-0.7159538491194946
K01658	-0.7453716364388865	0.7453716364388864
K01659	1.7787003748849162	-1.778700374884916
K01661	0.026188439595805964	-0.02618843959580596
K01662	-0.8164785885341214	0.8164785885341213
K01664	0.7890771416000635	-0.7890771416000634
K01665	-0.4963979836119018	0.49639798361190174
K01666	-1.953469987415593	1.9534699874155927
K01667	1.1255980783601542	-1.125598078360154
K01669	0.7915837281100265	-0.7915837281100264
K01671	1.7696323314922722	-1.769632331492272
K01673	0.6700440995384208	-0.670044099538421
K01674	-1.1743294168032783	1.1743294168032783
K01676	-0.08677423619174522	0.08677423619174521
K01677	-0.7933402277335111	0.793340227733511
K01678	-0.34597682136588903	0.345976821365889
K01679	1.1701592423391896	-1.1701592423391893
K01681	0.10653953340397458	-0.10653953340397433
K01682	0.7466553024578889	-0.7466553024578886
K01684	-0.8674654442972656	0.8674654442972655
K01685	0.21458210648395387	-0.2145821064839541
K01686	-0.031181518025371082	0.03118151802537108
K01687	-0.7459287801224523	0.7459287801224523
K01689	0.880122883382117	-0.8801228833821169
K01690	0.7180971564295027	-0.7180971564295028
K01693	-0.5405922568003221	0.5405922568003221
K01695	-1.6233697857260347	1.6233697857260345
K01696	0.4910740972710406	-0.49107409727104057
K01697	1.1395676870405975	-1.1395676870405973
K01698	-1.5736896954736084	1.5736896954736082
K01699	0.8683671477715771	-0.868367147771577
K01703	0.4509702748595771	-0.450970274859577
K01704	0.5002336194317524	-0.5002336194317526
K01706	-0.18749678407521908	0.18749678407521905
K01708	-0.30706518679168987	0.3070651867916898
K01709	0.5267105553027404	-0.5267105553027404
K01710	-0.4829796327277471	0.482979632727747
K01711	0.3721332548044091	-0.37213325480440884
K01712	-1.2701356783796929	1.2701356783796929
K01713	0.5349823323413524	-0.5349823323413525
K01714	0.07752564415156085	-0.0775256441515606
K01715	-1.4898901766216417	1.4898901766216415
K01716	1.2165699050311252	-1.216569905031125
K01719	-0.9967388088965684	0.9967388088965683
K01720	1.735118916543726	-1.7351189165437257
K01727	-0.7386504916401397	0.7386504916401397
K01728	0.6662419930189578	-0.6662419930189579
K01730	1.0418082706600922	-1.0418082706600917
K01731	1.312819442552565	-1.3128194425525646
K01733	-0.21654511710709448	0.21654511710709445
K01734	-0.21223899154085152	0.2122389915408515
K01735	-0.8526043812727453	0.8526043812727452
K01736	0.6331978711854839	-0.633197871185484
K01737	-0.1446850927101284	0.1446850927101284
K01738	-1.627473199688533	1.6274731996885328
K01739	-1.2730918420019381	1.2730918420019381
K01740	-0.15270010577610985	0.15270010577610985
K01744	0.21908890883703772	-0.21908890883703794
K01745	0.4031993685167839	-0.40319936851678384
K01749	1.5219711378274734	-1.5219711378274734
K01750	0.27799247014144945	-0.2779924701414494
K01751	0.010990183251964582	-0.01099018325196458
K01752	-0.7795193855282453	0.7795193855282452
K01753	-0.415340755550923	0.4153407555509229
K01754	-1.3120458073105514	1.3120458073105512
K01755	1.1880736671673833	-1.1880736671673833
K01756	-0.08419029545882749	0.08419029545882747
K01758	1.679535869726207	-1.6795358697262066
K01759	0.6494961477443617	-0.6494961477443616
K01760	0.9684575344342395	-0.9684575344342392
K01761	-0.407720707856782	0.407720707856782
K01766	0.6014686291692247	-0.6014686291692247
K01768	-0.2504606920512127	0.25046069205121263
K01770	0.34912178038602887	-0.3491217803860288
K01771	-0.2962601003083007	0.29626010030830063
K01772	0.03717469414196078	-0.03717469414196078
K01775	-0.4765090674548522	0.47650906745485216
K01776	-0.16488860690569254	0.16488860690569251
K01777	-0.36423782430721646	0.3642378243072164
K01778	-0.3873891044251578	0.3873891044251577
K01779	1.7264813719553347	-1.7264813719553345
K01782	0.8252407269436738	-0.8252407269436737
K01783	-0.8404748735715823	0.8404748735715823
K01784	1.1709178346965023	-1.1709178346965021
K01785	-1.1565512172242125	1.1565512172242123
K01787	-0.15654323112685462	0.1565432311268546
K01788	-0.3816138172775515	0.38161381727755145
K01790	0.11843220307127182	-0.11843220307127181
K01791	-1.3004192859716874	1.3004192859716872
K01792	1.357092482293764	-1.3570924822937638
K01801	0.4831354317972493	-0.48313543179724905
K01802	-0.20398592017838005	0.20398592017838005
K01803	0.48258378185574163	-0.4825837818557416
K01804	0.43991790406184644	-0.4399179040618464
K01805	1.6139534896919345	-1.6139534896919343
K01807	-0.8377477183358264	0.8377477183358263
K01808	-0.8189399756166394	0.8189399756166393
K01809	-0.6586365736082374	0.6586365736082374
K01810	-1.9639032543895734	1.963903254389573
K01811	-0.4948288629663918	0.4948288629663917
K01812	-0.5645339152454315	0.5645339152454315
K01813	-0.22763431294685454	0.22763431294685452
K01814	-1.0662409528068562	1.066240952806856
K01815	-1.3614282163279872	1.361428216327987
K01816	0.887863145837144	-0.8878631458371439
K01817	1.085574473476937	-1.0855744734769366
K01818	0.1716945325771478	-0.17169453257714803
K01819	-1.4013740005700508	1.4013740005700506
K01821	0.5574368048982322	-0.5574368048982319
K01823	0.8474536248963869	-0.8474536248963865
K01825	1.4436506994448333	-1.4436506994448333
K01826	1.8044139206909926	-1.8044139206909924
K01834	0.47188321584466386	-0.4718832158446636
K01835	-1.385098565075121	1.3850985650751209
K01838	0.9394313326788225	-0.9394313326788222
K01839	0.8889877270946164	-0.888987727094616
K01840	-0.08480197655272995	0.08480197655272995
K01841	-1.0475015720403698	1.0475015720403698
K01843	-1.3729751754822872	1.372975175482287
K01844	-0.19145029710959113	0.1914502971095911
K01845	0.6243354378973467	-0.6243354378973464
K01846	0.38156728107113996	-0.3815672810711399
K01847	0.1648916637058506	-0.1648916637058506
K01848	-0.3355070491125806	0.3355070491125806
K01849	0.021569096792127516	-0.021569096792127512
K01854	-1.0363887116960668	1.0363887116960668
K01856	1.1365199399483827	-1.1365199399483825
K01857	1.9424300989289685	-1.942430098928968
K01858	0.4866336013243029	-0.48663360132430283
K01866	-0.523341219688141	0.5233412196881408
K01867	-0.34357547154175105	0.34357547154175105
K01868	-1.2252443194271296	1.2252443194271296
K01869	-1.448174683610722	1.4481746836107219
K01870	-0.8080347341469756	0.8080347341469755
K01872	0.7851459427353572	-0.7851459427353569
K01873	-1.2869584918009833	1.286958491800983
K01874	0.049310357088291706	-0.0493103570882917
K01875	-1.420196140210437	1.4201961402104368
K01876	-0.7083106189215762	0.7083106189215761
K01878	-0.5981007267183983	0.5981007267183983
K01879	1.4029579666101264	-1.4029579666101262
K01880	0.8298873319477242	-0.8298873319477241
K01881	-1.5659003087160355	1.5659003087160352
K01883	-1.6550052387569576	1.6550052387569574
K01885	2.0535243298328263	-2.053524329832826
K01886	-1.4206982048848116	1.4206982048848116
K01887	-1.2732020923451965	1.2732020923451963
K01889	-1.374436419346689	1.3744364193466887
K01890	-0.6267213093570603	0.6267213093570602
K01892	-0.5807280270733113	0.5807280270733113
K01893	-0.7435320671361163	0.7435320671361162
K01894	1.5033829059176533	-1.5033829059176533
K01895	1.0758664937324907	-1.0758664937324909
K01897	-0.2226511630107901	0.22265116301079008
K01902	1.1917569922231355	-1.1917569922231352
K01903	1.8194778372496645	-1.8194778372496643
K01905	-1.6182113571425516	1.6182113571425514
K01908	1.721758142395981	-1.7217581423959807
K01910	-1.3033416475484083	1.303341647548408
K01911	1.4816601630030177	-1.4816601630030177
K01912	-1.3415413696104876	1.3415413696104874
K01914	-0.7786925573124704	0.7786925573124703
K01915	-1.0247413486859394	1.0247413486859394
K01916	1.6428479290902223	-1.642847929090222
K01918	-1.201021699030386	1.201021699030386
K01919	2.086494575815461	-2.0864945758154607
K01920	0.47457611631474855	-0.4745761163147487
K01921	1.0153900429696274	-1.0153900429696276
K01923	-0.5215559409251481	0.521555940925148
K01924	0.131636394763546	-0.131636394763546
K01925	0.950762986856892	-0.9507629868568916
K01926	-1.3955231792447862	1.395523179244786
K01928	-0.5898152564481796	0.5898152564481794
K01929	0.6370333921683512	-0.6370333921683514
K01933	-1.024573598684342	1.024573598684342
K01934	0.3398328985057772	-0.33983289850577736
K01935	0.9000137357621425	-0.9000137357621426
K01937	0.4931506499500644	-0.49315064995006436
K01938	0.594321218656463	-0.594321218656463
K01939	-0.8700835080038098	0.8700835080038097
K01940	-1.9563946481168644	1.956394648116864
K01941	-1.5394548282825467	1.5394548282825464
K01945	0.37623664772219123	-0.3762366477221912
K01950	-1.6478746007778806	1.6478746007778804
K01951	-1.909272275785276	1.9092722757852758
K01952	-0.8331261247279995	0.8331261247279994
K01953	-0.12222737908469902	0.122227379084699
K01955	-1.4759744605362515	1.4759744605362513
K01956	-0.6688959158412258	0.6688959158412257
K01958	-0.2075013084618252	0.2075013084618252
K01960	-1.5251846367929112	1.525184636792911
K01961	-1.0133508919320147	1.0133508919320144
K01962	1.235392083188653	-1.235392083188653
K01963	-1.0270238802605243	1.0270238802605243
K01966	0.6670224508777527	-0.6670224508777524
K01968	0.46009826085718525	-0.4600982608571852
K01972	0.795328119480592	-0.7953281194805917
K01974	1.821841416500555	-1.8218414165005545
K01975	-0.052033223285801525	0.05203322328580152
K01989	1.6346352724144588	-1.6346352724144586
K01990	-0.32673432066132346	0.3267343206613234
K01991	-0.07298099050488807	0.07298099050488806
K01992	-0.5340842517220882	0.5340842517220881
K01993	-0.20404426767441713	0.2040442676744171
K01995	0.6299659285607117	-0.6299659285607117
K01996	-0.43320423426455257	0.4332042342645525
K01997	1.8539368385178816	-1.8539368385178816
K01998	1.4485623868368451	-1.4485623868368451
K01999	1.3364483787781956	-1.3364483787781953
K02000	-0.46321490447703967	0.4632149044770396
K02001	0.5216803535991994	-0.5216803535991992
K02002	1.5212289072553462	-1.521228907255346
K02003	-0.4222588814628221	0.42225888146282203
K02004	-1.497906279421106	1.4979062794211058
K02005	-0.7404097273383239	0.7404097273383238
K02006	0.3627951077880562	-0.3627951077880561
K02007	-1.6666434063753448	1.6666434063753446
K02008	0.8656081577353324	-0.8656081577353323
K02009	1.4048119332545197	-1.4048119332545193
K02010	-1.7107178022756524	1.7107178022756522
K02011	-0.8958389896421085	0.8958389896421084
K02012	-0.6154660030516365	0.6154660030516363
K02013	-0.18680785212024176	0.18680785212024173
K02014	1.076850977496165	-1.076850977496165
K02015	-0.7424193612433017	0.7424193612433015
K02016	-0.5650567541390776	0.5650567541390776
K02017	1.0835078461897953	-1.0835078461897956
K02018	-0.6732298144744058	0.6732298144744057
K02019	1.7636058321578834	-1.7636058321578834
K02020	-0.15172465328940676	0.15172465328940674
K02021	-1.1974068798591775	1.1974068798591773
K02022	-0.4589841319878047	0.45898413198780463
K02024	0.47720874130304614	-0.47720874130304636
K02025	-0.9972201498747782	0.9972201498747781
K02026	0.03274756277798559	-0.03274756277798559
K02027	-0.3087826410212656	0.30878264102126557
K02028	1.4984983506641802	-1.4984983506641805
K02029	-0.684466240263754	0.6844662402637539
K02030	-0.9582380695305011	0.958238069530501
K02031	0.5530175881226661	-0.5530175881226661
K02032	1.2050981418144635	-1.2050981418144633
K02033	1.566720369332252	-1.5667203693322516
K02034	-0.19868072377941157	0.19868072377941154
K02035	1.310362525940472	-1.3103625259404716
K02036	0.04288664899431189	-0.04288664899431188
K02037	-1.2186016565068296	1.2186016565068296
K02038	-0.604931010651247	0.6049310106512469
K02039	1.2911347859799207	-1.2911347859799207
K02040	-0.7025995379590482	0.7025995379590481
K02041	-0.31469950768721355	0.31469950768721355
K02042	0.19918037416116344	-0.19918037416116316
K02043	1.6879321269225827	-1.6879321269225824
K02044	1.5891131696413836	-1.5891131696413834
K02045	-0.9708463778270927	0.9708463778270926
K02046	0.2727339432051034	-0.2727339432051034
K02047	0.8144877601523117	-0.8144877601523114
K02048	0.7566185679704931	-0.7566185679704933
K02049	-0.7300745273762627	0.7300745273762625
K02050	0.2495909289045387	-0.24959092890453868
K02051	-1.3407845449825946	1.3407845449825944
K02052	-1.1846694066567873	1.184669406656787
K02053	0.7823182764108031	-0.782318276410803
K02054	1.8870847931572667	-1.8870847931572663
K02055	1.1276312866663891	-1.1276312866663891
K02056	0.4343791738834076	-0.4343791738834075
K02057	0.33703701081150117	-0.3370370108115009
K02058	1.2893912922340223	-1.289391292234022
K02062	1.1533516873779017	-1.1533516873779017
K02063	1.1093391672921995	-1.1093391672921993
K02064	-0.12158026140697772	0.12158026140697771
K02065	-0.07874186896459252	0.07874186896459251
K02066	1.006803956455822	-1.006803956455822
K02067	1.723482964745189	-1.723482964745189
K02068	1.2060165665037836	-1.2060165665037834
K02069	1.0721918246704087	-1.0721918246704085
K02071	-0.7753996874571419	0.7753996874571419
K02072	-0.7843904786473932	0.7843904786473931
K02073	1.1774818640164726	-1.1774818640164726
K02074	0.7348865502008444	-0.7348865502008445
K02075	0.7130950504633199	-0.7130950504633201
K02077	1.617129604685665	-1.6171296046856647
K02078	-0.8072422182301023	0.8072422182301023
K02079	-0.11670129592523264	0.11670129592523262
K02080	1.2909247392888474	-1.2909247392888472
K02081	1.486139527263266	-1.486139527263266
K02082	-1.107481158809925	1.1074811588099247
K02083	1.1034944134810005	-1.103494413481
K02086	-1.4424097869538173	1.442409786953817
K02099	1.7009926728952016	-1.7009926728952014
K02100	-0.02700842230423205	0.027008422304232046
K02103	-0.6880144985739997	0.6880144985739995
K02106	0.8843224537604277	-0.884322453760428
K02108	-0.4003257663945845	0.40032576639458445
K02109	0.26782382053662107	-0.267823820536621
K02110	0.1727383795600726	-0.17273837956007257
K02111	-1.564516331792569	1.5645163317925688
K02112	-0.4057957460176807	0.4057957460176807
K02113	1.1522782194349803	-1.1522782194349805
K02114	-0.30195325363494047	0.30195325363494047
K02115	-1.1597334267412167	1.1597334267412167
K02117	-1.8362445731340797	1.8362445731340795
K02118	-0.9926669145050505	0.9926669145050504
K02119	-1.578575020122774	1.5785750201227737
K02120	-0.4326462847983496	0.43264628479834955
K02121	-1.5173187072111531	1.517318707211153
K02122	-1.1643545798811723	1.164354579881172
K02123	-0.23634836773870188	0.23634836773870185
K02124	-1.335960976419163	1.3359609764191627
K02136	-1.2373203708229001	1.2373203708229001
K02160	-1.478238135302855	1.4782381353028549
K02167	1.719859780223175	-1.7198597802231745
K02168	1.8695598451338173	-1.8695598451338171
K02169	-0.061517906348256025	0.06151790634825602
K02170	0.5484084193580835	-0.5484084193580832
K02171	-0.1810520705787827	0.18105207057878267
K02172	-0.7201324318784701	0.72013243187847
K02173	-0.7732506829669218	0.7732506829669217
K02182	1.8967531544807217	-1.8967531544807215
K02188	-1.4010954735206502	1.40109547352065
K02189	0.35183358334605086	-0.3518335833460508
K02190	-1.5433586308855565	1.5433586308855562
K02191	-0.5797066881688108	0.5797066881688107
K02193	0.36787141160538905	-0.36787141160538905
K02194	1.724979345308181	-1.7249793453081808
K02195	0.821673169588367	-0.8216731695883669
K02198	0.7946001887930885	-0.7946001887930884
K02200	1.3107928434830827	-1.3107928434830827
K02203	-1.0530911202739903	1.05309112027399
K02217	-0.7909283114902819	0.7909283114902818
K02221	1.2542822512030798	-1.2542822512030798
K02224	-0.6310446697416965	0.6310446697416964
K02226	-0.8355791195095116	0.8355791195095115
K02227	-1.1370333611957832	1.1370333611957832
K02230	-0.6258311555838874	0.6258311555838874
K02231	-1.4952545898440142	1.495254589844014
K02232	-0.475539423680223	0.47553942368022295
K02233	1.4109681072488132	-1.4109681072488134
K02236	-1.3282513399186628	1.3282513399186626
K02237	0.04587043656213617	-0.045870436562136165
K02238	0.10345897121473373	-0.10345897121473348
K02240	0.3284293779105455	-0.3284293779105452
K02242	0.7857674960954597	-0.7857674960954596
K02243	0.17901680631213232	-0.1790168063121323
K02244	-0.2893770297566057	0.2893770297566056
K02245	1.4951051735956054	-1.4951051735956051
K02246	-0.02210591697150708	0.022105916971507076
K02248	1.0869675882596999	-1.0869675882597
K02255	1.439499821276383	-1.439499821276383
K02257	0.7278988568274782	-0.7278988568274779
K02279	-1.4505313042673442	1.4505313042673442
K02283	-0.7360221262862183	0.7360221262862182
K02291	1.7250810022497904	-1.7250810022497902
K02297	0.83710475927406	-0.8371047592740599
K02298	0.8624768351458864	-0.8624768351458862
K02299	1.0459118929857092	-1.045911892985709
K02302	0.8991885658777635	-0.8991885658777634
K02304	-0.24117870332317184	0.24117870332317182
K02313	-0.9489346319099937	0.9489346319099936
K02314	0.5726889248380967	-0.5726889248380966
K02315	-1.8465448168782927	1.8465448168782925
K02316	0.01122034260012806	-0.011220342600128058
K02317	1.6298605826872528	-1.6298605826872525
K02334	-1.3936440293274264	1.3936440293274264
K02335	1.1806146183864814	-1.1806146183864814
K02336	1.923023627195083	-1.9230236271950825
K02337	-0.04141078489522014	0.04141078489522013
K02338	-0.3847948644264086	0.38479486442640853
K02339	1.246983037896833	-1.246983037896833
K02340	-0.7095462508350125	0.7095462508350124
K02341	0.0031662644014949113	-0.003166264401494911
K02342	-1.712012842850521	1.7120128428505208
K02343	-1.2111335581126286	1.2111335581126284
K02344	0.5453398207489903	-0.5453398207489903
K02345	1.578186187775988	-1.5781861877759877
K02346	0.3734832003695782	-0.37348320036957844
K02348	-0.2054247191138259	0.20542471911382587
K02355	-1.4430240814224087	1.4430240814224085
K02356	1.3126077884686957	-1.3126077884686955
K02357	-0.805588159672363	0.805588159672363
K02358	-0.8653663129452202	0.86536631294522
K02361	1.4033539411302873	-1.403353941130287
K02362	0.6822778823341306	-0.6822778823341307
K02363	1.8139968103492135	-1.8139968103492132
K02364	0.7177410780686627	-0.7177410780686628
K02371	-1.4318256220542165	1.4318256220542163
K02372	-1.2822655470866515	1.2822655470866513
K02377	-1.3846497544174299	1.3846497544174297
K02379	-0.8502663807499883	0.8502663807499882
K02380	1.7682977919805123	-1.768297791980512
K02381	-0.23215878518638974	0.23215878518638972
K02386	1.4877306153341645	-1.4877306153341643
K02387	-1.537083459984434	1.5370834599844339
K02388	1.0853899483723275	-1.0853899483723273
K02389	-0.6019465512116859	0.6019465512116858
K02390	1.2430459233707514	-1.2430459233707514
K02391	1.1386022661041681	-1.138602266104168
K02392	-1.0330178682838616	1.0330178682838616
K02393	1.753202817144124	-1.7532028171441238
K02394	1.4006261997273541	-1.400626199727354
K02395	0.5969929885261365	-0.5969929885261364
K02396	-1.0623566897324075	1.0623566897324073
K02397	-0.11391310052815203	0.11391310052815201
K02398	1.063614846904703	-1.063614846904703
K02400	-0.7706858498979505	0.7706858498979504
K02401	-1.2941556271394197	1.2941556271394195
K02404	-1.975095580790324	1.9750955807903239
K02405	-0.6468981373327571	0.646898137332757
K02406	-0.7225656222526787	0.7225656222526787
K02407	-0.5185196688257363	0.5185196688257362
K02408	-0.25181419880828676	0.25181419880828676
K02409	-0.4671577084584332	0.46715770845843313
K02410	0.555006893228151	-0.5550068932281512
K02411	-0.7107658131550403	0.7107658131550402
K02412	-1.4109696685368152	1.410969668536815
K02413	-0.30376408070739946	0.3037640807073994
K02414	1.3815040326647856	-1.3815040326647852
K02416	1.070468606079065	-1.070468606079065
K02417	-1.1742362479433561	1.174236247943356
K02418	-0.5939291249439267	0.5939291249439267
K02419	0.17555688600074398	-0.17555688600074398
K02420	-1.3589592929820327	1.3589592929820324
K02421	-0.14028233628163295	0.14028233628163292
K02422	1.2197797475460241	-1.219779747546024
K02424	-0.21395541754069822	0.2139554175406982
K02426	0.4720811414169406	-0.4720811414169405
K02427	-0.5577383827602768	0.5577383827602767
K02428	-0.07239099411218296	0.07239099411218294
K02429	-0.07995753881900654	0.07995753881900654
K02430	0.6561085275376295	-0.6561085275376294
K02431	1.3783000675692014	-1.3783000675692012
K02433	-0.33050493450994417	0.3305049345099441
K02434	-1.1276043267809623	1.1276043267809623
K02435	1.2288770248019845	-1.228877024801984
K02436	0.20354844284597287	-0.20354844284597262
K02437	1.970862117946399	-1.9708621179463985
K02438	1.2838222563613577	-1.2838222563613575
K02439	1.5667462976304787	-1.5667462976304785
K02440	0.7661882728069783	-0.7661882728069782
K02441	1.2952654187986181	-1.2952654187986181
K02443	1.1252472671529312	-1.125247267152931
K02444	-0.33896542207686253	0.3389654220768625
K02445	0.9887210187916413	-0.9887210187916412
K02446	0.1305244436921177	-0.1305244436921179
K02450	1.340141688716522	-1.340141688716522
K02451	1.6442341240210587	-1.6442341240210585
K02452	0.31883404622153866	-0.3188340462215389
K02453	1.9724933869204175	-1.9724933869204173
K02454	0.6319744975347363	-0.631974497534736
K02455	0.12775020055491118	-0.12775020055491115
K02456	-1.3134899421705104	1.3134899421705104
K02457	1.2931037226314819	-1.2931037226314817
K02458	1.8141379015976944	-1.8141379015976946
K02459	0.9509642432852967	-0.9509642432852968
K02460	1.4523599620901781	-1.452359962090178
K02461	1.1687905170294979	-1.1687905170294979
K02462	0.27813177200042694	-0.27813177200042716
K02463	0.8086666325629738	-0.808666632562974
K02464	1.1838580962087006	-1.1838580962087006
K02465	1.4336784524183255	-1.4336784524183253
K02466	0.9329843037128551	-0.9329843037128548
K02467	1.463477476480867	-1.4634774764808667
K02468	1.9578146016200353	-1.957814601620035
K02469	-0.6132952122294362	0.6132952122294361
K02470	-0.4988192597606203	0.49881925976062025
K02471	-1.2225814518020859	1.2225814518020859
K02472	0.5979295189091889	-0.5979295189091888
K02473	-0.4539004875048288	0.45390048750482875
K02474	-0.29867170919582536	0.29867170919582536
K02477	-0.8823904695358316	0.8823904695358314
K02478	1.475675757643578	-1.4756757576435777
K02481	-0.4337026933059279	0.43370269330592787
K02483	1.8400666422977103	-1.8400666422977099
K02484	1.5795060656667559	-1.5795060656667557
K02485	1.2388800580552892	-1.238880058055289
K02492	-0.6914149881225825	0.6914149881225824
K02493	0.6154960402850509	-0.6154960402850509
K02494	0.8130745459449141	-0.813074545944914
K02495	1.0458065268468788	-1.0458065268468786
K02496	0.7064283244515641	-0.7064283244515642
K02498	1.7878930023508117	-1.7878930023508115
K02499	-1.0108202307646306	1.0108202307646303
K02500	-0.24754788215021573	0.2475478821502157
K02501	-0.6665195889886052	0.6665195889886051
K02502	-1.6086747473943601	1.6086747473943601
K02503	-0.25680907160725697	0.25680907160725697
K02504	1.677645011084777	-1.6776450110847767
K02505	1.9296969422440398	-1.9296969422440393
K02506	0.496487880424821	-0.49648788042482095
K02507	1.7909972889169485	-1.7909972889169485
K02508	-0.14916100348585176	0.14916100348585173
K02509	0.49064719575974164	-0.4906471957597413
K02510	1.0965282047735672	-1.0965282047735674
K02511	0.6280033629807897	-0.6280033629807896
K02517	0.39785490341776253	-0.39785490341776225
K02518	-1.0441120508417674	1.0441120508417672
K02519	1.144166375179442	-1.1441663751794418
K02520	-1.039786255154211	1.039786255154211
K02521	0.6999185406348425	-0.6999185406348425
K02523	-1.3780388598327635	1.3780388598327633
K02525	0.5583969831183409	-0.5583969831183411
K02526	0.2684805086066499	-0.2684805086066496
K02527	-0.024021469693636614	0.024021469693636614
K02528	-1.6891406661323265	1.6891406661323263
K02529	1.3643990631335756	-1.3643990631335754
K02530	-1.5623573703030442	1.562357370303044
K02531	-0.7001816483829201	0.70018164838292
K02532	-0.34037488980470465	0.3403748898047046
K02533	1.6869315911026332	-1.686931591102633
K02535	1.372253858993617	-1.3722538589936173
K02536	1.3761824948304318	-1.3761824948304315
K02538	-1.575496941918916	1.5754969419189158
K02548	1.3047123143095107	-1.3047123143095107
K02549	0.17711362632907343	-0.17711362632907318
K02550	0.7779738070163789	-0.7779738070163787
K02551	-0.32603356214613094	0.3260335621461309
K02552	1.3215797122839001	-1.3215797122839004
K02553	0.9358027027727019	-0.9358027027727018
K02554	0.5086954645049325	-0.5086954645049325
K02556	-0.2958913458637659	0.2958913458637659
K02557	-1.466633625596006	1.4666336255960057
K02558	0.8774310059968559	-0.877431005996856
K02560	1.0413134799734407	-1.0413134799734405
K02562	1.0951292748395547	-1.0951292748395545
K02563	-0.1554821166065069	0.15548211660650688
K02564	0.5741044902716914	-0.5741044902716914
K02565	0.9660617044146471	-0.966061704414647
K02566	0.09194503090852836	-0.09194503090852812
K02567	1.2124490592097168	-1.2124490592097168
K02573	-0.1967971810939203	0.19679718109392028
K02574	0.20840331117899866	-0.20840331117899863
K02575	0.7551446777073719	-0.7551446777073718
K02584	-0.5218012235536437	0.5218012235536436
K02585	-0.8105714836622632	0.8105714836622631
K02587	-0.8236769036397396	0.8236769036397394
K02588	-0.04534656074711948	0.04534656074711948
K02598	0.09407174636627065	-0.09407174636627065
K02600	-1.2933053461828268	1.2933053461828266
K02601	-0.571179464690486	0.571179464690486
K02609	-0.06424069622358891	0.06424069622358891
K02611	0.35543017234122776	-0.35543017234122776
K02612	1.957401512366652	-1.9574015123666517
K02613	1.9885638520992985	-1.988563852099298
K02614	0.17825578362165911	-0.17825578362165911
K02615	1.8117581823063973	-1.811758182306397
K02616	1.0903689669131336	-1.0903689669131338
K02618	1.7069617136074282	-1.7069617136074278
K02619	-0.23187578651488883	0.2318757865148888
K02621	-1.1410903405316817	1.1410903405316815
K02622	-1.2918931614201743	1.291893161420174
K02624	1.0622421497045518	-1.0622421497045516
K02647	1.125781480422122	-1.125781480422122
K02650	-0.4687587546511325	0.4687587546511324
K02651	0.2495975056791987	-0.24959750567919867
K02652	0.11639946943014935	-0.11639946943014934
K02653	0.7459482358877314	-0.7459482358877313
K02654	0.3933178551524784	-0.39331785515247814
K02662	1.0836450561070137	-1.083645056107014
K02669	-0.36406751810058774	0.3640675181005877
K02671	0.3644223885794683	-0.3644223885794683
K02679	1.9734056331904561	-1.973405633190456
K02680	-0.1285418405028445	0.12854184050284448
K02682	1.5857125275755635	-1.5857125275755632
K02686	0.4085013390311792	-0.40850133903117886
K02687	-1.4347503541331557	1.4347503541331554
K02688	0.764189245613156	-0.7641892456131559
K02744	-0.5682317822388273	0.5682317822388272
K02745	-0.40877770625020016	0.4087777062502001
K02746	0.7443232961623861	-0.744323296162386
K02747	-1.1220233688455477	1.1220233688455474
K02749	-1.3397933572681644	1.3397933572681644
K02750	-0.994630196872651	0.9946301968726509
K02752	0.8988655058612116	-0.8988655058612117
K02753	-0.9862190188129387	0.9862190188129386
K02755	1.2248021982231891	-1.2248021982231891
K02756	-0.8772045629095837	0.8772045629095836
K02757	0.14069616983647998	-0.1406961698364802
K02759	-0.720707392347506	0.7207073923475059
K02760	-0.250924757138187	0.250924757138187
K02761	1.21523213603676	-1.21523213603676
K02768	-1.767834911876195	1.7678349118761947
K02769	0.1966544004114865	-0.19665440041148669
K02770	-0.012343279431538203	0.012343279431538201
K02771	-1.3494388725697533	1.349438872569753
K02773	1.539046437744293	-1.5390464377442927
K02774	1.665719444045054	-1.665719444045054
K02775	1.8820697193426725	-1.8820697193426723
K02777	0.42981494106214324	-0.42981494106214346
K02778	1.5524706280869072	-1.552470628086907
K02779	1.6278452247100619	-1.6278452247100617
K02781	-0.693764590268411	0.6937645902684109
K02782	0.4448608412670273	-0.44486084126702724
K02783	0.9580542419533391	-0.958054241953339
K02786	-0.027369356696638782	0.02736935669663878
K02787	-0.0010199161315618314	0.0010199161315618311
K02788	-1.493307796239296	1.4933077962392958
K02790	-0.6286649126100382	0.6286649126100381
K02791	1.2371318789668377	-1.2371318789668375
K02793	-0.5835609677436686	0.5835609677436686
K02794	-1.305103018633694	1.3051030186336938
K02795	0.5027836586692597	-0.5027836586692593
K02796	0.6140378863538056	-0.6140378863538059
K02798	1.5663913146601103	-1.5663913146601103
K02799	0.9960584269337442	-0.9960584269337441
K02800	0.8790933586369358	-0.8790933586369357
K02802	1.3310146992752887	-1.3310146992752887
K02803	-0.5144267259751786	0.5144267259751785
K02804	-0.956440216981272	0.9564402169812719
K02805	-0.5705913900807708	0.5705913900807706
K02806	-0.02812292598526424	0.028122925985264238
K02808	0.5953593124217313	-0.5953593124217315
K02809	-1.0280912509899536	1.0280912509899536
K02810	-0.673691087496643	0.6736910874966429
K02812	0.4977111634048065	-0.4977111634048064
K02813	1.7494473689815921	-1.749447368981592
K02814	-0.439728208761547	0.43972820876154695
K02815	0.7271710907333304	-0.7271710907333303
K02818	-0.14943948676738086	0.14943948676738084
K02819	0.3612549094388888	-0.36125490943888855
K02821	0.9128081587676693	-0.9128081587676692
K02822	1.0976924280287634	-1.0976924280287632
K02823	-1.5878696912422714	1.5878696912422712
K02824	-1.4277647773285087	1.4277647773285087
K02825	1.374899173039584	-1.3748991730395839
K02834	0.09153881144774392	-0.09153881144774415
K02835	-0.9215425313138439	0.9215425313138438
K02836	0.9580409808612229	-0.9580409808612228
K02837	-1.0271936613975314	1.0271936613975314
K02838	-0.6783572755106796	0.6783572755106795
K02839	0.9548485968854162	-0.9548485968854159
K02841	0.06933589834477585	-0.0693358983447756
K02843	1.3417758467106646	-1.3417758467106644
K02844	1.4814898968880257	-1.4814898968880257
K02846	1.2366373825160673	-1.236637382516067
K02847	1.7987641135355503	-1.79876411353555
K02848	-0.291907375776299	0.29190737577629894
K02849	1.02443118190219	-1.02443118190219
K02850	1.6004624702199712	-1.600462470219971
K02851	-0.5249124157210415	0.5249124157210415
K02852	0.16662530214874516	-0.16662530214874538
K02853	1.7846690887735874	-1.7846690887735872
K02854	1.5949321353513428	-1.5949321353513426
K02855	0.21027342123141088	-0.21027342123141085
K02856	0.5071950408639612	-0.5071950408639608
K02858	-0.07167779104546922	0.07167779104546922
K02860	-0.43555807674550956	0.4355580767455095
K02863	-0.14606655922759954	0.1460665592275995
K02864	1.0490508722132135	-1.0490508722132132
K02867	0.8656745520222703	-0.8656745520222702
K02871	-0.5160621130631151	0.516062113063115
K02874	1.777102695145205	-1.777102695145205
K02876	-1.478008018052343	1.478008018052343
K02878	-1.1947413764912156	1.1947413764912154
K02879	-0.8369654190011252	0.8369654190011251
K02881	-0.7820854422091339	0.7820854422091338
K02884	1.1669281730256496	-1.1669281730256493
K02886	-1.3325276732289273	1.332527673228927
K02887	-0.75184945340736	0.7518494534073599
K02888	-0.6188631987065131	0.618863198706513
K02890	-1.2039088060142906	1.2039088060142904
K02892	-0.2187008005607746	0.21870080056077457
K02895	0.6529847511394451	-0.6529847511394448
K02897	-1.145594624378965	1.1455946243789648
K02899	-0.9158623381454729	0.9158623381454728
K02902	1.4454549657392473	-1.445454965739247
K02904	-1.2284881487793713	1.2284881487793713
K02906	0.6506546509008254	-0.6506546509008254
K02907	-0.4115822354888252	0.41158223548882517
K02909	0.11782178745399978	-0.11782178745399977
K02911	0.6605393080353005	-0.6605393080353006
K02913	-0.24994010307813036	0.24994010307813033
K02914	0.21010840256009775	-0.21010840256009747
K02916	0.05980900515605606	-0.059809005156056055
K02919	-0.8090679685030485	0.8090679685030484
K02926	0.709148452393369	-0.7091484523933691
K02931	-0.8946623579444296	0.8946623579444295
K02933	0.15636115317661609	-0.15636115317661606
K02935	-0.1164550880437669	0.11645508804376689
K02939	1.1273779578448746	-1.1273779578448744
K02945	-0.7666133010741555	0.7666133010741554
K02946	0.47526101224731	-0.47526101224730993
K02948	-1.5877057354913502	1.5877057354913502
K02950	-0.448544774760605	0.44854477476060495
K02952	0.5224517382923828	-0.5224517382923827
K02954	0.7579358610082652	-0.757935861008265
K02956	-1.4374527236386423	1.437452723638642
K02959	-0.5087931560412491	0.5087931560412491
K02961	-0.3878533782135893	0.38785337821358923
K02963	-1.176014790214184	1.176014790214184
K02965	-1.203375949026334	1.2033759490263338
K02967	0.27632990302331883	-0.27632990302331883
K02968	-0.33699213226031294	0.3369921322603129
K02970	-0.21414713456284964	0.21414713456284962
K02982	-0.24522658477696543	0.2452265847769654
K02986	-1.8331654720595323	1.833165472059532
K02988	0.9079548776990627	-0.9079548776990628
K02990	0.9633575907074228	-0.963357590707423
K02992	-0.08603853036221734	0.08603853036221733
K02994	0.038416917682035374	-0.03841691768203537
K02996	-0.10485658925996463	0.10485658925996462
K03040	-0.8855866494950276	0.8855866494950275
K03043	-0.2214584318311074	0.22145843183110736
K03046	0.35212163346958636	-0.35212163346958636
K03048	-1.0447300759142149	1.0447300759142146
K03060	-1.4389198441198283	1.4389198441198283
K03070	-1.8572485918602475	1.8572485918602473
K03071	1.8617342912310213	-1.8617342912310213
K03072	1.3793885221389208	-1.3793885221389206
K03073	-0.930632563598031	0.9306325635980309
K03074	0.46306824635396876	-0.4630682463539685
K03075	-1.115641662042393	1.115641662042393
K03076	-0.1924877457929464	0.19248774579294636
K03077	0.35707201698361546	-0.3570720169836152
K03078	-1.0322186529667985	1.0322186529667985
K03079	0.5163362604706968	-0.5163362604706969
K03086	-1.1005395377049612	1.100539537704961
K03087	0.9731226689683456	-0.9731226689683455
K03088	-0.32078058792274244	0.32078058792274244
K03089	-0.35706530075521253	0.35706530075521253
K03090	0.1937232173281049	-0.19372321732810466
K03091	0.6978919859725842	-0.6978919859725838
K03092	-0.5293451757742614	0.5293451757742613
K03098	0.8497914678271693	-0.849791467827169
K03100	-0.83663000499579	0.8366300049957899
K03101	0.5160429439500437	-0.5160429439500436
K03106	1.3923665922993396	-1.3923665922993393
K03110	-0.9199205679256982	0.9199205679256981
K03111	0.376582786802749	-0.37658278680274915
K03112	1.06014458976625	-1.06014458976625
K03113	1.0338738973635622	-1.033873897363562
K03116	0.629091317038731	-0.6290913170387309
K03117	-0.20206509797303612	0.2020650979730361
K03118	0.9474972551296538	-0.9474972551296537
K03119	-0.16701786509234018	0.16701786509234018
K03146	-0.9577411818847319	0.9577411818847318
K03147	-0.8310146962846308	0.8310146962846306
K03148	-0.6746505994471312	0.6746505994471311
K03149	1.0199703492230097	-1.0199703492230094
K03150	-0.9174797063966537	0.9174797063966535
K03151	-1.302223599367654	1.3022235993676539
K03152	-1.5824374553619922	1.5824374553619922
K03154	0.17090408376908497	-0.1709040837690852
K03168	-0.8901770943718973	0.8901770943718972
K03169	-1.8529636426669258	1.8529636426669256
K03177	-0.24699719075003665	0.24699719075003662
K03179	1.8944207805393525	-1.8944207805393525
K03181	1.8365714304107044	-1.8365714304107041
K03182	-1.3978454138186518	1.3978454138186516
K03183	-0.38324376347233785	0.3832437634723378
K03184	1.4117098426019243	-1.4117098426019241
K03185	1.0377503424422765	-1.0377503424422763
K03186	-0.8715685516226889	0.8715685516226888
K03187	-1.1708733485051486	1.1708733485051486
K03188	0.9236971663286077	-0.9236971663286075
K03189	-1.4277475218951794	1.4277475218951794
K03190	1.3965202553652412	-1.3965202553652407
K03191	-0.43198414464920487	0.4319841446492048
K03194	1.2881936252490902	-1.2881936252490902
K03195	-0.2889475075179703	0.28894750751797027
K03196	-0.02962532523032123	0.029625325230321225
K03199	-1.1170044662554974	1.1170044662554972
K03201	0.8751892114903866	-0.8751892114903865
K03203	0.21108123335102033	-0.2110812333510203
K03204	1.7740288308900976	-1.7740288308900973
K03205	-0.9556862852989239	0.9556862852989237
K03208	1.7595583800170254	-1.7595583800170251
K03210	-0.6737623306503792	0.673762330650379
K03212	1.8862500004625091	-1.886250000462509
K03214	0.34036226768366834	-0.3403622676836683
K03215	-1.5590786806095622	1.559078680609562
K03216	1.598392722192799	-1.598392722192799
K03217	-0.30646220442880445	0.30646220442880445
K03218	-0.8827935119963094	0.8827935119963093
K03219	-0.974727725603517	0.9747277256035168
K03225	1.3996293308324899	-1.3996293308324899
K03226	0.6944112395317185	-0.6944112395317186
K03228	1.5322875405428982	-1.5322875405428982
K03229	-0.02859625744934472	0.028596257449344718
K03230	-0.014089862839378176	0.014089862839378174
K03269	0.7167011149208384	-0.7167011149208383
K03270	1.0179766959178997	-1.0179766959179
K03271	0.6836972748028867	-0.6836972748028863
K03272	1.4461871757567117	-1.4461871757567115
K03273	1.8766637377457447	-1.8766637377457442
K03274	-0.21883190736804412	0.2188319073680441
K03275	1.8108223956495855	-1.8108223956495852
K03276	0.6859927823452692	-0.6859927823452688
K03281	1.7107539859929823	-1.7107539859929821
K03282	-0.37832485604773697	0.3783248560477369
K03284	-0.19940628779061811	0.1994062877906181
K03286	-0.02364351735016762	0.023643517350167616
K03288	1.8388460597559495	-1.8388460597559493
K03289	1.4558083223545666	-1.4558083223545664
K03290	1.5788600872196825	-1.578860087219682
K03291	2.086764936016437	-2.086764936016437
K03292	-0.7788815431397619	0.7788815431397619
K03293	1.2955398682319477	-1.2955398682319474
K03294	0.1512603058449925	-0.15126030584499273
K03296	0.7403963090720419	-0.7403963090720421
K03297	1.017908360453692	-1.0179083604536916
K03299	-0.7665228490858567	0.7665228490858566
K03300	0.2109731160354148	-0.21097311603541477
K03301	-0.04298727199348012	0.04298727199348011
K03303	1.1836213331965593	-1.1836213331965593
K03304	-0.7697928007373738	0.7697928007373737
K03305	0.6302279122447456	-0.6302279122447453
K03306	-0.2721661997390924	0.27216619973909234
K03307	0.37098892268036093	-0.37098892268036066
K03308	-0.5495457411138096	0.5495457411138096
K03310	-1.5894624551738403	1.58946245517384
K03311	1.3229916154152834	-1.322991615415283
K03312	-1.2646634549711946	1.2646634549711946
K03313	0.2844175287797063	-0.2844175287797062
K03314	-0.5017061573149583	0.5017061573149582
K03315	1.0018942389117533	-1.0018942389117533
K03316	1.3831221447683058	-1.3831221447683055
K03317	-0.30569389118355816	0.3056938911835581
K03319	0.23505808403906792	-0.23505808403906767
K03320	1.0396385663988135	-1.0396385663988137
K03321	-0.8319024358118251	0.831902435811825
K03322	-0.3159176446778856	0.3159176446778855
K03324	-1.4177911706592903	1.4177911706592903
K03325	1.2578773715203164	-1.2578773715203162
K03326	-0.013346463003689168	0.013346463003689166
K03327	0.6786490991339437	-0.6786490991339433
K03328	-0.41743046624381014	0.4174304662438101
K03329	0.06915357280576444	-0.06915357280576442
K03332	0.22123290973130671	-0.2212329097313067
K03335	-0.14962686843148784	0.14962686843148781
K03336	-1.5073261819987178	1.5073261819987176
K03337	-1.6283561596634906	1.6283561596634906
K03338	-1.2757278042626645	1.2757278042626643
K03340	-0.9328822249472382	0.932882224947238
K03342	1.1920043029325798	-1.1920043029325795
K03346	0.2785749579424368	-0.2785749579424368
K03366	1.6485117434049075	-1.6485117434049072
K03367	0.492934113655341	-0.49293411365534096
K03381	0.556848278391892	-0.5568482783918919
K03382	-1.5706283593413282	1.570628359341328
K03385	1.5452634263749199	-1.5452634263749199
K03386	1.3035376574975899	-1.3035376574975897
K03387	0.4426267755427253	-0.4426267755427252
K03388	-0.5672524330118796	0.5672524330118794
K03389	-0.3077788036124724	0.30777880361247234
K03390	-1.6645832394616573	1.664583239461657
K03394	-0.3698646462014946	0.36986464620149456
K03399	0.9540785977802475	-0.9540785977802472
K03402	1.318807152126698	-1.3188071521266977
K03404	0.7042850196155346	-0.7042850196155347
K03405	-0.26907947282631395	0.26907947282631395
K03406	-1.065956813179608	1.0659568131796078
K03407	0.10715114225120276	-0.10715114225120251
K03408	-0.7528030812622515	0.7528030812622514
K03409	-1.406266237838073	1.406266237838073
K03410	0.8949472525659015	-0.8949472525659016
K03411	-1.0596370556658359	1.0596370556658359
K03412	-0.14839407301887006	0.14839407301887006
K03413	-0.6795750447383213	0.6795750447383213
K03415	0.03620051414813556	-0.036200514148135556
K03417	1.2100129563536326	-1.2100129563536324
K03424	0.8962972619460475	-0.8962972619460474
K03426	0.16580863031599005	-0.16580863031599002
K03427	1.4770257633665498	-1.4770257633665493
K03429	-0.712236719194941	0.7122367191949409
K03430	0.16983749613148358	-0.16983749613148355
K03431	-1.3867058995665842	1.3867058995665842
K03435	1.81025859022412	-1.81025859022412
K03436	-0.7914123376812194	0.7914123376812193
K03437	1.4396798764376881	-1.439679876437688
K03438	-0.1626361844202322	0.16263618442023217
K03439	-0.877717192303667	0.8777171923036668
K03442	-0.43953191017428445	0.4395319101742844
K03444	1.172824576318685	-1.172824576318685
K03445	-0.4837075079071286	0.4837075079071285
K03446	1.780532951716248	-1.7805329517162478
K03449	1.3226161406386536	-1.3226161406386536
K03451	-0.7588041791604231	0.758804179160423
K03453	-0.7783725028717202	0.7783725028717201
K03455	0.14241670002722154	-0.1424167000272215
K03457	-0.6891927316818902	0.6891927316818901
K03458	-0.32605491323474134	0.3260549132347413
K03462	-0.14635380235650652	0.1463538023565065
K03465	-0.7215662677747112	0.7215662677747111
K03466	-0.5904457773596279	0.5904457773596279
K03468	1.9567869974491365	-1.9567869974491363
K03469	0.8141579321042507	-0.8141579321042506
K03470	-0.8495442180783009	0.8495442180783008
K03471	0.17063642224762393	-0.17063642224762415
K03472	1.9572026043257496	-1.957202604325749
K03473	-0.6857960961803059	0.6857960961803058
K03474	1.3062465872271525	-1.3062465872271523
K03475	0.7039836529558093	-0.703983652955809
K03476	-0.6529657183438855	0.6529657183438854
K03477	1.04140632986623	-1.0414063298662302
K03478	1.8216234450629107	-1.8216234450629103
K03480	1.5175794013781583	-1.5175794013781583
K03481	0.18221928464349996	-0.1822192846434997
K03482	1.651403894909475	-1.6514038949094745
K03483	0.27058707037190954	-0.2705870703719097
K03484	-0.21426679680666455	0.21426679680666452
K03485	0.4311852574686032	-0.43118525746860314
K03486	-0.6142632536171135	0.6142632536171134
K03487	1.4339639779553512	-1.433963977955351
K03488	1.5860270553266271	-1.586027055326627
K03489	0.8818757042785987	-0.8818757042785986
K03490	0.12844107161609067	-0.12844107161609042
K03491	1.5541655370040512	-1.554165537004051
K03492	-1.1221713954247698	1.1221713954247698
K03495	-1.6076728309834367	1.6076728309834367
K03496	-0.8304120244680915	0.8304120244680914
K03497	-1.6622694626863717	1.6622694626863714
K03498	-1.8358139055474754	1.8358139055474751
K03499	-0.5965265261795021	0.596526526179502
K03500	0.8629938924317898	-0.8629938924317897
K03501	0.40569850750778463	-0.4056985075077846
K03502	0.5859674723458328	-0.5859674723458327
K03503	1.9210407962262683	-1.921040796226268
K03517	-1.0029768259223912	1.002976825922391
K03518	0.7699726213052195	-0.7699726213052194
K03521	-0.8116779326731847	0.8116779326731846
K03522	-0.7237604971499553	0.7237604971499553
K03523	0.9329442853543277	-0.9329442853543276
K03524	-0.2119162751281624	0.21191627512816238
K03525	0.7989453477144038	-0.798945347714404
K03526	-1.2387184489085015	1.2387184489085012
K03527	1.3866708445470721	-1.3866708445470721
K03528	1.5693795549217853	-1.569379554921785
K03529	-0.38251825652032023	0.3825182565203202
K03530	1.4630841691083245	-1.4630841691083243
K03531	-0.8318668530900605	0.8318668530900604
K03532	0.6752430078998909	-0.6752430078998906
K03534	-0.4329990571243986	0.43299905712439857
K03535	1.3698029746698634	-1.3698029746698634
K03536	0.8261642354303136	-0.8261642354303137
K03543	1.3646980763012768	-1.3646980763012766
K03544	-1.5813559287530188	1.5813559287530186
K03545	-1.2029932363139617	1.2029932363139615
K03546	-0.42061560726477265	0.4206156072647726
K03547	0.3921934619497367	-0.39219346194973664
K03548	1.49466899094993	-1.4946689909499298
K03549	0.09055996472009599	-0.09055996472009598
K03550	1.1454024112224606	-1.1454024112224603
K03551	0.045980023758434865	-0.04598002375843486
K03553	-0.7341626754022925	0.7341626754022924
K03554	-0.9517128130292236	0.9517128130292235
K03555	-1.435445132735658	1.435445132735658
K03556	1.3703343401707146	-1.3703343401707144
K03557	0.5212994398568765	-0.5212994398568768
K03558	0.6209762173348986	-0.6209762173348986
K03559	1.3859263584344086	-1.3859263584344088
K03560	-0.11525099868835213	0.11525099868835212
K03561	-0.25932421178448734	0.2593242117844873
K03562	0.6311186737668617	-0.6311186737668618
K03563	0.7857240422303392	-0.7857240422303391
K03564	0.9346133348564528	-0.9346133348564527
K03565	0.13866914268482614	-0.13866914268482589
K03566	-0.0767665199305966	0.07676651993059659
K03567	1.9655501671197213	-1.965550167119721
K03568	0.4188590995539471	-0.41885909955394707
K03569	-0.22511876920670046	0.22511876920670043
K03570	1.7647104422933764	-1.7647104422933761
K03571	1.068174999282745	-1.0681749992827445
K03572	-0.5459118572189161	0.545911857218916
K03573	1.4815136211763669	-1.4815136211763666
K03574	0.07816709844161927	-0.07816709844161926
K03575	1.238533842318969	-1.2385338423189685
K03576	1.2988104241908303	-1.29881042419083
K03577	1.243106964548224	-1.2431069645482238
K03578	0.4307891282013515	-0.4307891282013512
K03579	1.5927438831728116	-1.5927438831728116
K03580	0.7430141283648373	-0.7430141283648372
K03581	0.711604087616414	-0.7116040876164137
K03582	0.7301461033344306	-0.7301461033344306
K03583	1.4208692669333909	-1.4208692669333907
K03584	-1.3508872038599327	1.3508872038599324
K03585	0.6412960479134946	-0.6412960479134945
K03587	0.5133964708791762	-0.513396470879176
K03588	1.1985241572723924	-1.1985241572723921
K03589	1.2932306956887363	-1.293230695688736
K03590	-1.578421050618172	1.5784210506181717
K03591	0.6944604218916045	-0.6944604218916042
K03592	1.3815043837500272	-1.381504383750027
K03593	0.26668044689550957	-0.2666804468955095
K03594	0.6382513875228701	-0.6382513875228701
K03595	-0.8569246643912345	0.8569246643912344
K03596	1.0961512778528022	-1.096151277852802
K03597	1.3123631497233048	-1.3123631497233048
K03598	1.7798522205375569	-1.7798522205375567
K03599	1.8511330676250974	-1.8511330676250972
K03600	0.2619822557703675	-0.2619822557703672
K03601	-1.1150450023922716	1.1150450023922716
K03602	0.07017910696074953	-0.07017910696074929
K03603	1.0680621252463802	-1.06806212524638
K03604	-1.3390071508952597	1.3390071508952597
K03605	0.1204499760542427	-0.12044997605424268
K03606	-1.185180022120935	1.185180022120935
K03607	0.06937127808607883	-0.06937127808607882
K03608	1.8606755130755772	-1.8606755130755768
K03609	-1.358696731004144	1.3586967310041438
K03610	-0.8410269057922724	0.8410269057922724
K03611	0.7216251853692733	-0.721625185369273
K03612	-0.6513050207051427	0.6513050207051426
K03613	0.5325014308801557	-0.5325014308801557
K03614	-1.611274548622364	1.6112745486223639
K03615	-1.3043659260056284	1.3043659260056284
K03616	-1.4212900412597331	1.4212900412597331
K03617	-1.0042551232265766	1.0042551232265766
K03618	1.8572938044233085	-1.8572938044233085
K03620	0.6114254751580032	-0.6114254751580032
K03621	0.854604285136684	-0.8546042851366838
K03624	-1.7345091615511703	1.73450916155117
K03625	-0.9896147588760873	0.9896147588760872
K03628	0.5824984381593743	-0.5824984381593743
K03629	-0.2232665473435851	0.22326654734358506
K03630	1.3200018149321107	-1.3200018149321104
K03631	0.7914825416322018	-0.7914825416322014
K03632	1.134852496343892	-1.134852496343892
K03633	-0.16096827361227387	0.16096827361227384
K03634	0.5074525549239393	-0.5074525549239395
K03635	1.7718938756291083	-1.771893875629108
K03637	-1.7678666600618165	1.7678666600618163
K03638	1.9083118618579529	-1.9083118618579527
K03639	-0.8061664110407385	0.8061664110407384
K03640	1.4923792791840476	-1.4923792791840471
K03641	1.420087825445781	-1.420087825445781
K03642	0.7384720470535402	-0.7384720470535401
K03643	1.4050720859502768	-1.4050720859502763
K03644	1.0884724152536565	-1.0884724152536565
K03645	1.512382059019218	-1.5123820590192179
K03646	1.1842717845008046	-1.1842717845008044
K03647	0.28688585320717774	-0.28688585320717747
K03648	-0.25380563283652824	0.2538056328365282
K03649	1.732904148741741	-1.732904148741741
K03650	-0.677445719049646	0.6774457190496459
K03651	1.387262184382643	-1.3872621843826425
K03654	1.9852479648750578	-1.9852479648750576
K03655	0.11712176225429587	-0.11712176225429562
K03656	1.2720834385174353	-1.2720834385174353
K03657	0.654598780422627	-0.6545987804226271
K03658	0.7931419735585752	-0.7931419735585751
K03660	-0.9290724925652575	0.9290724925652574
K03664	-1.3726871531099887	1.3726871531099887
K03665	1.8129425426375367	-1.8129425426375365
K03666	0.36954591007075643	-0.3695459100707564
K03667	-0.24361928180371015	0.2436192818037101
K03669	1.572339157203757	-1.5723391572037568
K03670	0.8179041117157968	-0.817904111715797
K03671	-1.2737314782541982	1.273731478254198
K03672	-0.14152011973971462	0.1415201197397146
K03673	1.9173627390030608	-1.9173627390030603
K03674	1.4243372955605307	-1.4243372955605305
K03675	0.21108853781653847	-0.21108853781653847
K03683	0.9889118850234774	-0.9889118850234769
K03684	-1.500330973631679	1.5003309736316788
K03685	-0.8450446832632492	0.8450446832632491
K03686	-1.501196458656033	1.5011964586560327
K03687	-1.1057387647722647	1.1057387647722645
K03688	-0.433624457388675	0.43362445738867494
K03690	1.76812062360787	-1.7681206236078697
K03693	0.05446263743334627	-0.05446263743334626
K03694	-0.3638772100557085	0.36387721005570844
K03695	-1.043614175783383	1.0436141757833828
K03696	-0.35074933435086636	0.3507493343508663
K03697	1.0664609330556167	-1.0664609330556165
K03698	-1.2992375375060905	1.2992375375060905
K03699	-0.8498470518046662	0.8498470518046661
K03700	-0.8563134276035467	0.8563134276035466
K03701	-0.1737373178582049	0.17373731785820487
K03702	0.6667680873354114	-0.6667680873354113
K03703	-1.6818860395732973	1.681886039573297
K03704	1.557922119372334	-1.5579221193723338
K03705	1.7942532485211509	-1.7942532485211509
K03706	-1.2264800517548886	1.2264800517548884
K03707	-0.4596318923469966	0.45963189234699653
K03708	-0.9889791309741988	0.9889791309741987
K03710	0.16638243520477053	-0.1663824352047705
K03711	-0.38159744802603907	0.381597448026039
K03712	1.8800299007233117	-1.8800299007233114
K03716	-0.5369574447005121	0.5369574447005121
K03717	1.7821295068940475	-1.7821295068940473
K03718	1.0375484758655054	-1.0375484758655051
K03719	0.7451243493789664	-0.7451243493789663
K03720	1.854411845056315	-1.8544118450563147
K03721	1.7190059189099216	-1.7190059189099214
K03722	-0.5649212378254724	0.5649212378254724
K03723	-0.8070958422702416	0.8070958422702416
K03724	-0.15239024208031693	0.1523902420803169
K03727	1.4417153427068177	-1.4417153427068174
K03732	1.7688630754100132	-1.7688630754100132
K03733	0.6808433761848772	-0.6808433761848771
K03734	1.7549591084784102	-1.7549591084784097
K03735	-0.08091186928762616	0.08091186928762616
K03736	1.3037739956675245	-1.3037739956675243
K03737	-0.5986692788322294	0.5986692788322293
K03738	-0.7045797400192814	0.7045797400192814
K03739	0.6886417437063717	-0.6886417437063713
K03740	-0.4454682089334276	0.44546820893342753
K03741	-1.2021306423795477	1.2021306423795475
K03742	-1.0952030066309306	1.0952030066309306
K03743	-0.10839415592217685	0.10839415592217684
K03744	1.52459429602155	-1.5245942960215497
K03746	1.9031996173032004	-1.9031996173032
K03747	-0.019055493730399786	0.019055493730399782
K03748	1.4121817207230183	-1.412181720723018
K03749	0.8435011479534447	-0.8435011479534448
K03750	-0.4186346642144894	0.41863466421448936
K03752	1.7138170376187718	-1.7138170376187716
K03753	0.34941289061309927	-0.3494128906130992
K03755	0.27699571999343336	-0.2769957199934331
K03756	-0.16276185845872004	0.16276185845872002
K03757	0.715880415686203	-0.7158804156862032
K03758	-0.2791629032059337	0.2791629032059336
K03759	1.929724881853151	-1.9297248818531507
K03760	-0.4012786945296927	0.40127869452969267
K03761	1.4319651523236565	-1.431965152323656
K03762	0.8540466914254938	-0.854046691425494
K03763	-1.1345307861588207	1.1345307861588205
K03764	-0.7771306649377865	0.7771306649377864
K03765	1.8437235901460745	-1.8437235901460742
K03767	0.03464354875137636	-0.03464354875137636
K03768	0.840673013317787	-0.8406730133177872
K03769	-0.16404834516155017	0.16404834516155017
K03770	-0.7820895496628063	0.7820895496628062
K03771	-1.2142014694996517	1.2142014694996515
K03772	1.3690536972255405	-1.3690536972255407
K03773	0.16096714306839718	-0.16096714306839716
K03774	0.22117810232086763	-0.2211781023208676
K03775	1.5363466814217697	-1.5363466814217697
K03776	2.0549349123082905	-2.0549349123082905
K03777	1.5475034607925606	-1.5475034607925604
K03778	-1.3644903848984962	1.364490384898496
K03779	-0.5053159574993724	0.5053159574993723
K03780	-1.6270274368879534	1.6270274368879531
K03781	-0.5639157990342735	0.5639157990342735
K03782	1.3972836825679753	-1.3972836825679749
K03783	-1.2927584436074817	1.2927584436074815
K03784	-1.3638300439205566	1.3638300439205564
K03785	0.6568211421642454	-0.6568211421642455
K03786	1.4004324803977146	-1.4004324803977146
K03787	1.2699111763906985	-1.2699111763906983
K03788	0.4306643514629842	-0.43066435146298415
K03789	0.8350582714757975	-0.8350582714757976
K03790	0.2042325478284886	-0.20423254782848835
K03796	1.6751805172002918	-1.6751805172002916
K03797	-0.4104724315051196	0.4104724315051196
K03798	-1.5965139306608707	1.5965139306608704
K03799	-0.43278786476340114	0.4327878647634011
K03800	1.5084571572314438	-1.5084571572314436
K03801	-0.6314814043977682	0.6314814043977682
K03802	-1.3194527537426384	1.3194527537426382
K03803	-0.16165872239998677	0.16165872239998674
K03804	1.2423259309676578	-1.242325930967658
K03805	1.4151891231370244	-1.4151891231370244
K03806	0.46384366170062796	-0.46384366170062763
K03807	-0.5647118297308572	0.5647118297308571
K03808	1.9940185382907174	-1.994018538290717
K03809	1.0070600009890565	-1.007060000989056
K03810	0.8997054538476131	-0.8997054538476132
K03811	0.7839569252667029	-0.7839569252667026
K03813	-0.39607114063660764	0.3960711406366076
K03814	-1.3043282000990357	1.3043282000990355
K03815	1.22505185205734	-1.2250518520573397
K03816	0.13638605110300134	-0.13638605110300156
K03817	0.8250634913584164	-0.8250634913584165
K03818	-1.4151129152623942	1.415112915262394
K03819	0.9951828354070015	-0.9951828354070014
K03820	-0.6175671768093025	0.6175671768093024
K03823	0.2509722348161628	-0.25097223481616304
K03824	1.3011180685980641	-1.3011180685980641
K03825	1.5177724859077741	-1.517772485907774
K03826	1.613962700571697	-1.613962700571697
K03827	-0.8021074712317277	0.8021074712317275
K03828	1.2677674361036109	-1.2677674361036106
K03829	1.7414646461223757	-1.7414646461223755
K03830	-0.0854429554580866	0.08544295545808658
K03831	1.0803058861437607	-1.0803058861437604
K03832	-1.48602002852642	1.4860200285264198
K03833	1.4595690092960842	-1.459569009296084
K03834	1.666177399676068	-1.666177399676068
K03835	1.2718078407728703	-1.2718078407728703
K03836	1.4315647500749202	-1.4315647500749205
K03837	1.364439530647894	-1.3644395306478938
K03838	0.5683843748773554	-0.5683843748773553
K03839	-1.4928552188457052	1.492855218845705
K03840	1.5807553411551976	-1.5807553411551973
K03841	0.6342232772041448	-0.634223277204145
K03855	0.10637086905951998	-0.10637086905951973
K03856	-1.1599402839721527	1.1599402839721527
K03885	1.1174791939257684	-1.1174791939257682
K03892	-0.7336306102673017	0.7336306102673017
K03893	0.9378371523617216	-0.9378371523617215
K03894	-0.8695667704920552	0.8695667704920551
K03895	-0.18576352590747372	0.1857635259074737
K03896	0.26579631886810656	-0.2657963188681068
K03897	0.6244112539559658	-0.6244112539559656
K03919	1.8541833027288661	-1.854183302728866
K03923	1.8522756902307316	-1.8522756902307311
K03924	0.5651769919168177	-0.5651769919168178
K03925	-1.0441760078356923	1.044176007835692
K03926	1.5091280176816833	-1.509128017681683
K03929	0.29859718847333533	-0.2985971884733353
K03930	-0.4699381210044992	0.46993812100449917
K03931	-0.10494519553434917	0.10494519553434915
K03969	1.3133947206020227	-1.3133947206020224
K03973	0.864858181612758	-0.8648581816127581
K03974	2.1510379029457307	-2.1510379029457307
K03975	-0.3100654890208324	0.31006548902083236
K03976	1.1673339312876858	-1.1673339312876856
K03977	-0.6734933709755536	0.6734933709755536
K03978	0.5474736753396391	-0.5474736753396389
K03979	-1.4726189029646009	1.4726189029646006
K03980	1.4242886716151772	-1.424288671615177
K03981	1.5293030285321993	-1.5293030285321991
K04013	-0.12300130762995266	0.12300130762995265
K04014	0.4981046292851405	-0.4981046292851402
K04015	2.061884968893218	-2.061884968893218
K04016	2.055450871524456	-2.055450871524456
K04019	0.5569744769682791	-0.5569744769682792
K04020	-0.0013264002359958975	0.0013264002359958975
K04021	0.22061586401171432	-0.22061586401171454
K04022	0.6568714240369901	-0.6568714240369901
K04023	-1.0816730205606084	1.0816730205606082
K04024	1.3502492777718802	-1.3502492777718804
K04025	1.390476578238059	-1.3904765782380588
K04026	-0.9265501553394982	0.9265501553394981
K04027	-0.3287388070038048	0.3287388070038048
K04028	-0.05560106642688043	0.055601066426880424
K04029	-0.8417421341024092	0.8417421341024091
K04030	1.7656196251895906	-1.7656196251895901
K04031	-0.32274753946942214	0.32274753946942214
K04032	1.5937838068547376	-1.5937838068547376
K04033	1.7826967223993844	-1.7826967223993844
K04041	-1.7902650167966019	1.7902650167966017
K04042	0.7528790827049834	-0.7528790827049833
K04043	-1.486291423315682	1.4862914233156819
K04044	0.3518660119716941	-0.3518660119716941
K04045	-0.6842635204992163	0.6842635204992162
K04046	1.4522144036889038	-1.4522144036889035
K04047	1.8714808041763062	-1.871480804176306
K04061	-0.19158121762234365	0.19158121762234362
K04063	1.910464153164062	-1.9104641531640618
K04064	1.788675872666835	-1.7886758726668346
K04065	1.8776871812212639	-1.8776871812212637
K04066	-0.638784294175333	0.6387842941753329
K04068	-0.7568595106055914	0.7568595106055913
K04069	-0.7615430719604588	0.7615430719604587
K04070	-1.3186921531470832	1.318692153147083
K04072	0.7703836789897001	-0.7703836789897001
K04073	0.3792952304779426	-0.37929523047794234
K04074	-1.695133874130968	1.6951338741309678
K04075	0.9897092529451984	-0.9897092529451985
K04077	-1.198014284416521	1.198014284416521
K04078	1.021077420208856	-1.0210774202088557
K04079	-1.77451717323081	1.77451717323081
K04080	1.8595389618763358	-1.8595389618763354
K04081	1.141987385701553	-1.141987385701553
K04082	-0.7870386770318984	0.7870386770318984
K04083	-1.7460651559268332	1.746065155926833
K04084	0.8484266896716346	-0.8484266896716345
K04086	-0.7393188838835881	0.739318883883588
K04087	0.5705701111124022	-0.5705701111124021
K04088	0.9151575547209281	-0.915157554720928
K04091	1.7961649057888844	-1.7961649057888842
K04092	0.21172724742719984	-0.21172724742719984
K04094	-0.5067332746315499	0.5067332746315499
K04095	-0.6658694581166209	0.6658694581166208
K04096	1.3741750494739373	-1.3741750494739375
K04103	0.19174102127003062	-0.19174102127003084
K04127	1.4139471612147076	-1.4139471612147079
K04333	0.742257558943419	-0.7422575589434189
K04343	-0.10681571178008836	0.10681571178008835
K04477	1.0224635489386924	-1.0224635489386924
K04485	0.794915878665548	-0.7949158786655481
K04486	-0.5308733648220845	0.5308733648220844
K04487	-0.3339634123721227	0.3339634123721227
K04488	0.3916517756590067	-0.39165177565900666
K04516	-0.9984829173896745	0.9984829173896744
K04517	-1.4438952808665904	1.4438952808665901
K04518	-1.5124354133736237	1.5124354133736237
K04561	0.12822532309982876	-0.12822532309982898
K04562	-1.2108929836726787	1.2108929836726785
K04564	-0.0785330478499456	0.07853304784994558
K04565	0.33803507329282007	-0.33803507329282023
K04567	-0.8595636374291526	0.8595636374291525
K04568	0.7520117231474664	-0.7520117231474663
K04651	1.355954734737139	-1.3559547347371388
K04652	0.14188533281395838	-0.14188533281395835
K04653	-1.6141625329022966	1.6141625329022964
K04654	0.49321972507868883	-0.4932197250786888
K04655	0.7852895561224763	-0.7852895561224762
K04656	0.8240800100638817	-0.8240800100638813
K04691	0.5173902003341311	-0.5173902003341307
K04720	-0.15384304694337006	0.15384304694337003
K04744	-0.07320778886482812	0.07320778886482812
K04749	-0.5583894145090672	0.5583894145090671
K04750	0.51113857892928	-0.5111385789292798
K04751	1.2469853215437483	-1.2469853215437483
K04753	0.5107409422534164	-0.5107409422534165
K04754	0.45196093664843123	-0.45196093664843145
K04755	-0.5303879159395168	0.5303879159395168
K04758	1.085337961916911	-1.0853379619169112
K04759	-1.3031968330853605	1.3031968330853605
K04760	1.5607028711649105	-1.5607028711649102
K04761	0.24243505195465576	-0.24243505195465548
K04762	-0.24394549202502125	0.24394549202502122
K04763	1.0229482507988044	-1.0229482507988046
K04765	-0.20515630400515633	0.2051563040051563
K04767	-1.3077193813821946	1.3077193813821943
K04769	-0.8780301346277597	0.8780301346277596
K04770	1.075413779144759	-1.075413779144759
K04771	-1.2593995168446235	1.2593995168446235
K04772	1.719759425818024	-1.7197594258180238
K04773	-0.12341784461357676	0.12341784461357674
K04774	2.04193887193329	-2.0419388719332896
K04775	1.587542340652467	-1.5875423406524667
K04781	2.1441779533082976	-2.1441779533082976
K04783	1.1163817185995055	-1.1163817185995053
K04784	-0.38001688362241715	0.38001688362241715
K04785	1.1939858118018556	-1.1939858118018554
K04786	1.4627070556481223	-1.462707055648122
K04835	-1.11246441448052	1.1124644144805198
K04844	-0.3600739281439072	0.36007392814390715
K05020	-0.2117366138132768	0.21173661381327677
K05245	1.6095786318456047	-1.6095786318456045
K05275	1.0529606980273376	-1.0529606980273374
K05297	-1.2015017765814489	1.2015017765814489
K05305	0.8668033148563794	-0.8668033148563791
K05306	-0.2907760047588103	0.2907760047588103
K05311	1.045198308191812	-1.0451983081918115
K05337	-1.3230126732641172	1.323012673264117
K05338	-0.14046114717246577	0.14046114717246574
K05340	-0.05129314424940972	0.051293144249409714
K05341	-1.3266778628758915	1.3266778628758913
K05342	-0.9762301143522176	0.9762301143522175
K05343	0.29379882170315874	-0.2937988217031587
K05346	-0.9047498486316234	0.9047498486316233
K05349	0.24819998519812572	-0.24819998519812544
K05350	-0.15565162815500488	0.15565162815500488
K05351	1.3327062858292098	-1.3327062858292096
K05352	-1.0525828450328272	1.0525828450328272
K05358	1.5934515449775366	-1.5934515449775362
K05362	1.4276399392152361	-1.4276399392152357
K05363	1.1167100079975678	-1.116710007997568
K05364	-0.07508193095447217	0.07508193095447216
K05365	1.606978014521657	-1.6069780145216566
K05366	-1.2221304850029788	1.2221304850029786
K05367	1.4602144349290964	-1.4602144349290964
K05368	1.1652748692390975	-1.1652748692390975
K05372	0.45962088132649453	-0.45962088132649476
K05373	1.13930805365209	-1.13930805365209
K05374	1.7083805961984533	-1.7083805961984528
K05396	1.435019361009696	-1.435019361009696
K05499	1.0051179727705044	-1.0051179727705046
K05501	1.8143042177704318	-1.8143042177704316
K05515	1.0313491903850425	-1.0313491903850422
K05516	-1.3923808931724648	1.3923808931724646
K05517	1.3840911238071847	-1.3840911238071845
K05520	1.211286515774698	-1.2112865157746977
K05521	1.1329611772385428	-1.1329611772385428
K05522	0.45627629989892726	-0.4562762998989272
K05523	-1.0859888211285142	1.085988821128514
K05524	1.1308895896851778	-1.1308895896851778
K05526	1.3652936304063097	-1.3652936304063097
K05527	1.2159455354464028	-1.2159455354464026
K05539	0.9620464727453534	-0.9620464727453533
K05540	0.09964968701049187	-0.09964968701049162
K05541	0.8926879879209104	-0.8926879879209101
K05549	1.0949179672300708	-1.0949179672300708
K05550	1.22702278115092	-1.2270227811509198
K05566	-0.7943807306887923	0.7943807306887922
K05568	-1.4403542677060548	1.4403542677060546
K05589	0.2542525263695744	-0.2542525263695746
K05590	0.6300279524890088	-0.6300279524890088
K05591	1.6954251500416884	-1.6954251500416884
K05592	-0.70845733272272	0.70845733272272
K05593	-1.8097622822707349	1.8097622822707347
K05595	-0.5428073024776533	0.5428073024776532
K05596	-1.1098397757523972	1.1098397757523972
K05601	-1.5351130731802949	1.5351130731802947
K05603	0.23880588899552657	-0.23880588899552632
K05606	-0.4207219661161659	0.42072196611616586
K05658	0.5399645198346582	-0.5399645198346581
K05685	1.306514653716187	-1.3065146537161871
K05708	0.19481057326316428	-0.19481057326316448
K05711	0.8862427165783474	-0.8862427165783476
K05712	0.8626512673493538	-0.8626512673493538
K05713	0.48142612801370743	-0.48142612801370716
K05714	-0.034471586915198645	0.034471586915198645
K05774	0.8188068515201793	-0.8188068515201792
K05775	1.4625319989646717	-1.4625319989646717
K05776	1.1645290426728032	-1.164529042672803
K05777	2.0082313849780964	-2.008231384978096
K05778	1.325911871399608	-1.3259118713996079
K05780	1.3408898219171888	-1.3408898219171885
K05781	0.8162008646310959	-0.8162008646310958
K05782	-0.39007295763843836	0.3900729576384383
K05783	-0.370991054966167	0.370991054966167
K05784	0.6782240459923252	-0.6782240459923249
K05785	0.8709731257401979	-0.8709731257401978
K05786	1.5784247868120984	-1.5784247868120982
K05787	1.2373366329286384	-1.237336632928638
K05789	1.5691238596205417	-1.569123859620542
K05790	1.937126312019529	-1.937126312019529
K05794	0.9317141063380612	-0.9317141063380614
K05795	-1.2873625309783734	1.2873625309783732
K05796	1.0332731403570063	-1.033273140357006
K05798	1.174372698096778	-1.1743726980967777
K05799	-1.0339441123793771	1.0339441123793771
K05800	0.9575878344216875	-0.9575878344216872
K05801	1.335535657171787	-1.3355356571717865
K05802	-0.19211703581838405	0.19211703581838405
K05803	2.067957692114666	-2.0679576921146654
K05804	0.412310895535324	-0.41231089553532396
K05805	0.6746016267099882	-0.6746016267099885
K05807	0.6130812691719089	-0.6130812691719087
K05808	-0.3104701700931669	0.3104701700931669
K05810	0.3721615626220222	-0.3721615626220222
K05811	1.32778602576456	-1.3277860257645597
K05812	2.049881008641843	-2.0498810086418424
K05813	0.6509393438549007	-0.6509393438549006
K05814	-0.06682892797013945	0.06682892797013944
K05815	-0.7337718516265999	0.7337718516265997
K05816	1.387097261052803	-1.387097261052803
K05817	-0.12632918696455098	0.12632918696455098
K05818	1.2943760552233692	-1.294376055223369
K05819	1.355626182875401	-1.355626182875401
K05820	0.10932398105810263	-0.10932398105810238
K05822	0.570833487316769	-0.570833487316769
K05823	-0.19974995112995672	0.1997499511299567
K05825	-1.4231102365949608	1.4231102365949606
K05832	-1.1816104038252555	1.1816104038252555
K05833	-1.509000623004297	1.5090006230042967
K05834	1.225805907930153	-1.225805907930153
K05835	1.2836867497995201	-1.28368674979952
K05836	0.3507731685466514	-0.35077316854665136
K05837	-0.9925743292059189	0.9925743292059188
K05838	1.9172219829749606	-1.9172219829749604
K05839	-0.2749301668121082	0.27493016681210813
K05844	1.3027845797360253	-1.3027845797360251
K05845	-0.5986315793741022	0.598631579374102
K05846	-0.1769549202502809	0.1769549202502809
K05847	0.22372021831318242	-0.22372021831318264
K05851	1.046733512137321	-1.046733512137321
K05874	1.1649984749609725	-1.1649984749609725
K05875	1.7857189015977664	-1.785718901597766
K05876	0.6181531146591907	-0.6181531146591905
K05877	-0.3309624887468149	0.33096248874681483
K05878	-0.6313222570696192	0.6313222570696191
K05879	-0.933585127022015	0.9335851270220149
K05880	1.8003572803760008	-1.8003572803760006
K05881	0.6754129992730864	-0.6754129992730863
K05882	1.4155550187912065	-1.4155550187912065
K05887	1.6802248937673983	-1.6802248937673983
K05895	1.7303450114417571	-1.7303450114417567
K05896	-1.082778728738577	1.082778728738577
K05910	1.5054669312226552	-1.505466931222655
K05916	1.2702269820140681	-1.2702269820140677
K05919	0.03882476215548491	-0.0388247621554849
K05921	1.29802104819398	-1.2980210481939802
K05934	-1.246098909694118	1.2460989096941177
K05936	-1.207556006598698	1.2075560065986979
K05939	0.02054114910886271	-0.02054114910886271
K05946	-1.3321603572757221	1.332160357275722
K05964	0.6004174025128755	-0.6004174025128753
K05966	0.8686878644183186	-0.8686878644183185
K05967	-1.725832645987361	1.7258326459873607
K05970	0.23831335934211084	-0.23831335934211081
K05982	1.4052767697194353	-1.405276769719435
K05984	1.8524735749843593	-1.852473574984359
K05985	-0.3549630512321631	0.35496305123216304
K05988	0.054692790073569884	-0.05469279007356988
K05989	0.6458750364373244	-0.6458750364373244
K05995	-0.8205234590697168	0.8205234590697167
K06001	0.6918929184272095	-0.6918929184272096
K06006	1.218192263812835	-1.2181922638128349
K06012	-0.823148638546722	0.8231486385467219
K06015	-0.8144045015202781	0.814404501520278
K06016	-0.7360441269444628	0.7360441269444626
K06020	1.864535643082901	-1.8645356430829008
K06023	-1.4335064776274866	1.4335064776274864
K06024	0.025400031079129432	-0.02540003107912943
K06041	-0.6792498413706438	0.6792498413706438
K06042	0.1278075850008796	-0.12780758500087935
K06044	1.4351513246483074	-1.435151324648307
K06045	0.32346207248847436	-0.3234620724884746
K06048	1.0143268557401077	-1.0143268557401077
K06073	1.4583632977674665	-1.4583632977674663
K06074	0.00718520654621759	-0.007185206546217589
K06075	1.1238734133171107	-1.1238734133171102
K06076	-1.098583288418395	1.0985832884183948
K06077	-0.7280476611906705	0.7280476611906704
K06079	1.0990619081363346	-1.0990619081363346
K06080	0.54830807075806	-0.5483080707580599
K06113	1.1579856875953924	-1.1579856875953924
K06120	-0.03598729172220432	0.03598729172220432
K06131	-1.8101352487290414	1.8101352487290412
K06132	0.011889835153158928	-0.011889835153158926
K06133	1.1315005375809255	-1.1315005375809253
K06141	0.4324942543487711	-0.43249425434877126
K06142	1.4179703284244014	-1.4179703284244014
K06143	0.6441085929975174	-0.6441085929975173
K06144	0.085726822079178	-0.085726822079178
K06145	1.471466370469778	-1.4714663704697775
K06146	1.7374380855580127	-1.7374380855580125
K06147	-0.33686574975192524	0.3368657497519252
K06148	-1.308324990813276	1.3083249908132757
K06149	1.9934985503418028	-1.9934985503418028
K06153	0.5796914719133479	-0.5796914719133479
K06155	-0.011504535727377614	0.011504535727377613
K06156	2.0616326416206734	-2.0616326416206734
K06157	1.997057350625663	-1.9970573506256628
K06158	-0.10937821707031296	0.10937821707031295
K06159	1.832520350836744	-1.8325203508367438
K06162	1.7199389331850843	-1.7199389331850838
K06163	0.14296119184900297	-0.1429611918490032
K06164	1.8150670628834515	-1.8150670628834513
K06165	1.8344248167846189	-1.8344248167846187
K06166	1.2509691766148667	-1.2509691766148663
K06167	-1.2498118827871147	1.2498118827871147
K06168	-0.17896413510811726	0.17896413510811723
K06169	1.0601702960518757	-1.0601702960518757
K06173	-0.6727486224012855	0.6727486224012854
K06175	0.043181799104194396	-0.04318179910419439
K06176	2.106099532996031	-2.106099532996031
K06177	0.516970742616556	-0.5169707426165558
K06178	0.8433805119109137	-0.8433805119109136
K06179	0.3190788712085662	-0.31907887120856593
K06180	-1.0875450006520586	1.0875450006520584
K06181	1.8359023481058112	-1.835902348105811
K06182	0.4306627996137916	-0.43066279961379156
K06183	0.6292825660294573	-0.6292825660294572
K06185	-1.5087684415335618	1.5087684415335616
K06186	0.9922767242021423	-0.9922767242021424
K06187	-0.9349881700780988	0.9349881700780986
K06188	0.9837250984038735	-0.9837250984038737
K06189	1.8515811993193447	-1.8515811993193445
K06190	0.4219335531056561	-0.42193355310565633
K06191	-1.2641493018622765	1.2641493018622763
K06192	1.7139080570656398	-1.7139080570656393
K06193	-0.8499024845059704	0.8499024845059703
K06194	0.7179482582231695	-0.7179482582231692
K06195	0.48816681587387	-0.48816681587386995
K06196	-0.2788419255672679	0.27884192556726783
K06198	0.8813568896790991	-0.881356889679099
K06199	0.31812752060409166	-0.31812752060409183
K06200	-1.101857334662057	1.1018573346620568
K06201	0.5191372680464111	-0.5191372680464114
K06203	-0.9512596673644188	0.9512596673644187
K06204	0.4202465893305768	-0.42024658933057696
K06205	1.6966135699359965	-1.6966135699359963
K06206	-0.06776016931610031	0.0677601693161003
K06207	-0.35234583939710273	0.3523458393971027
K06209	0.14192314393637764	-0.14192314393637762
K06211	1.8650015174832804	-1.86500151748328
K06212	0.2523731314105906	-0.2523731314105903
K06213	-1.150209057809408	1.150209057809408
K06214	-1.0787036889018053	1.0787036889018053
K06215	0.40874213991757186	-0.408742139917572
K06217	-0.9952762702809993	0.9952762702809992
K06218	-0.8040047218282507	0.8040047218282506
K06219	0.1593841746219193	-0.15938417462191953
K06221	-0.6255774049883387	0.6255774049883386
K06222	0.7001161064631906	-0.7001161064631902
K06223	0.8632300935400818	-0.863230093540082
K06281	0.581164397385361	-0.5811643973853609
K06282	-0.018010404696752094	0.018010404696752094
K06283	-0.06879815622960168	0.06879815622960168
K06284	0.19988162231164477	-0.19988162231164475
K06286	-0.5446869846839881	0.5446869846839881
K06287	1.3177549015645709	-1.3177549015645709
K06296	0.6087589131033927	-0.6087589131033928
K06297	-1.5575972304084782	1.5575972304084782
K06298	-0.045559951398607995	0.045559951398607995
K06306	-1.0087915522118593	1.0087915522118591
K06310	-1.5280050896571435	1.5280050896571433
K06320	-0.5768053235869621	0.5768053235869621
K06330	-1.0904169625240325	1.0904169625240323
K06331	-1.3256788941865738	1.3256788941865738
K06333	-1.838520229357605	1.8385202293576048
K06334	-0.2384261253975534	0.23842612539755337
K06346	-0.563259440227882	0.5632594402278819
K06351	-1.0631051056866359	1.0631051056866356
K06373	-1.2406802250870639	1.2406802250870637
K06374	0.19728927120967973	-0.1972892712096797
K06378	-1.037648403670911	1.0376484036709108
K06379	-0.29823008058188866	0.2982300805818886
K06381	-1.7172769365775542	1.717276936577554
K06382	-1.1978562372090102	1.1978562372090102
K06383	-1.0570053975232618	1.0570053975232616
K06385	-0.7502441835561188	0.7502441835561188
K06387	0.39480714300510455	-0.39480714300510455
K06390	-1.5682734583083198	1.5682734583083195
K06392	-0.14171661595222007	0.14171661595222004
K06393	-0.9416462528939938	0.9416462528939937
K06394	0.04910874831637738	-0.049108748316377376
K06395	-1.683575960250003	1.6835759602500027
K06396	-0.5282975473683045	0.5282975473683045
K06397	1.4450131196910057	-1.4450131196910054
K06398	-1.4951974104978731	1.495197410497873
K06399	-0.38613347505943635	0.3861334750594363
K06400	-1.7073577906994293	1.707357790699429
K06403	-1.7225678754891838	1.7225678754891836
K06404	-1.4050054276370036	1.4050054276370034
K06405	-0.667506242851649	0.6675062428516488
K06406	-0.8053149773034687	0.8053149773034687
K06407	-1.0372689985905825	1.0372689985905823
K06408	-1.2290560159533814	1.2290560159533814
K06409	-1.2408342865340707	1.2408342865340707
K06410	-0.02286296769049399	0.022862967690493986
K06411	-0.8049750648331638	0.8049750648331637
K06412	-0.9634571853360662	0.9634571853360661
K06415	0.010553490446578167	-0.010553490446578167
K06416	-1.1812028615307473	1.1812028615307473
K06421	-0.3311808403505706	0.33118084035057055
K06438	-0.011313650458811109	0.011313650458811107
K06442	1.5030116921668006	-1.5030116921668004
K06445	-1.1380026900103184	1.1380026900103184
K06446	0.012911396791479528	-0.012911396791479526
K06447	1.700789773407037	-1.7007897734070367
K06518	-1.2316907561196448	1.2316907561196446
K06603	-1.372210299598616	1.3722102995986158
K06605	-0.2831710208763641	0.2831710208763641
K06606	-0.5343567247115476	0.5343567247115475
K06609	1.3319211569846292	-1.331921156984629
K06610	-0.6066064163242064	0.6066064163242063
K06714	-1.8348251316802586	1.8348251316802584
K06726	-1.0713692445671856	1.0713692445671854
K06858	1.8669264024980492	-1.866926402498049
K06859	-1.047116546670735	1.0471165466707348
K06861	0.5453860986467829	-0.5453860986467829
K06864	-1.5070842216874405	1.5070842216874405
K06867	1.648678710619564	-1.6486787106195637
K06871	-1.226638996020107	1.226638996020107
K06872	0.2699661971909121	-0.26996619719091186
K06877	-0.5597067178608777	0.5597067178608777
K06878	1.055524145019878	-1.0555241450198776
K06879	0.5581145239214008	-0.558114523921401
K06881	-1.5030426306926916	1.5030426306926914
K06885	-1.5462092939926777	1.5462092939926777
K06887	1.8139680193582888	-1.813968019358289
K06888	-0.7073595155182001	0.7073595155182
K06889	-0.5096876476962311	0.509687647696231
K06890	0.9538284311850908	-0.9538284311850906
K06891	0.6936009842196076	-0.6936009842196073
K06893	-0.6623776730224873	0.6623776730224873
K06894	1.3842660633197048	-1.3842660633197046
K06895	0.346095696666011	-0.3460956966660107
K06896	-1.1607903572578833	1.1607903572578833
K06897	0.07659302830762908	-0.07659302830762907
K06898	-0.9263069645665098	0.9263069645665097
K06899	2.018560956990897	-2.0185609569908967
K06901	0.2328168324164797	-0.23281683241647944
K06902	-0.9399416130366602	0.9399416130366601
K06903	0.39082096943388717	-0.3908209694338874
K06904	0.33800592299959276	-0.3380059229995927
K06905	1.7763563669681388	-1.7763563669681384
K06906	1.7504257853046543	-1.750425785304654
K06907	0.5914310493800095	-0.5914310493800091
K06908	1.2462074234838758	-1.2462074234838756
K06909	-0.2182603708788808	0.21826037087888078
K06910	0.8183726684242301	-0.81837266842423
K06911	0.3282863564269974	-0.3282863564269974
K06915	-0.2564533444545734	0.25645334445457335
K06916	2.061479385871599	-2.061479385871599
K06917	1.5295984445805402	-1.52959844458054
K06918	1.5756094077754128	-1.5756094077754126
K06919	1.607152598261154	-1.6071525982611539
K06920	-0.525157537606317	0.5251575376063169
K06921	-0.6530890039594898	0.6530890039594897
K06923	-0.16923145689555089	0.16923145689555086
K06925	-0.4440892804214371	0.444089280421437
K06926	-1.360386027176247	1.3603860271762467
K06929	0.4508214686215679	-0.45082146862156786
K06934	-0.5720157257509625	0.5720157257509624
K06940	0.26433935934367997	-0.2643393593436797
K06941	-0.014824415711253546	0.014824415711253544
K06942	-0.7509490638776242	0.7509490638776241
K06946	1.738372688799784	-1.7383726887997837
K06948	0.6934291010131994	-0.6934291010131991
K06949	-0.9340698085249568	0.9340698085249567
K06950	1.1515067736885363	-1.151506773688536
K06952	-0.44366225455760955	0.4436622545576095
K06954	0.006619458420518491	-0.00661945842051849
K06956	1.9222527317864204	-1.92225273178642
K06957	1.6935390854557597	-1.6935390854557595
K06958	0.7863169136680414	-0.7863169136680412
K06959	-0.94454737783974	0.9445473778397399
K06960	-0.511064147675195	0.511064147675195
K06962	0.3038529927884609	-0.3038529927884606
K06966	1.6788436703131875	-1.678843670313187
K06967	-0.015256840469996058	0.015256840469996057
K06968	0.3388613463923989	-0.3388613463923991
K06969	-1.6754428772242624	1.6754428772242622
K06970	1.27433704625399	-1.2743370462539898
K06971	-1.2499213012129549	1.2499213012129546
K06972	-0.4163164193338499	0.41631641933384983
K06973	-0.011763620335112286	0.011763620335112284
K06975	0.3380227458600962	-0.3380227458600964
K06978	1.24569685500561	-1.2456968550056098
K06980	1.6896573706858067	-1.6896573706858067
K06987	0.49364768384746677	-0.4936476838474667
K06989	0.5130217328247093	-0.5130217328247091
K06990	1.6628809143459347	-1.6628809143459342
K06993	-0.5235953429335195	0.5235953429335195
K06994	0.2211514015144789	-0.22115140151447887
K06996	0.2801059274164584	-0.2801059274164584
K06997	0.8872890520905417	-0.8872890520905418
K06999	0.7923049943590601	-0.7923049943590601
K07000	1.0415986312494063	-1.0415986312494063
K07001	-0.9251082042603035	0.9251082042603034
K07003	-0.33067835473087154	0.3306783547308715
K07005	1.327503439803455	-1.3275034398034549
K07006	0.5808219243434299	-0.5808219243434297
K07007	1.0036451886723325	-1.0036451886723323
K07009	0.947010864597813	-0.9470108645978131
K07010	-0.282906401081305	0.282906401081305
K07011	1.2388673282946372	-1.2388673282946372
K07012	-1.2800136802634505	1.2800136802634503
K07014	1.2728009440969792	-1.2728009440969792
K07015	-0.961646959193453	0.9616469591934529
K07016	-1.7543104035624169	1.7543104035624166
K07017	0.5225816980440551	-0.522581698044055
K07019	-0.2804987060137338	0.2804987060137337
K07023	0.6689715053784788	-0.6689715053784789
K07025	0.6350213131336652	-0.6350213131336653
K07027	-0.0718152730035914	0.07181527300359139
K07029	-0.4472998603590549	0.44729986035905483
K07030	-1.2302207223427852	1.2302207223427852
K07031	-0.19208054988547557	0.19208054988547554
K07032	1.2192252694007737	-1.2192252694007732
K07033	0.8244301944625219	-0.8244301944625215
K07034	1.2285475753732482	-1.2285475753732482
K07035	-1.6372345345189216	1.6372345345189214
K07037	0.49554819780568754	-0.4955481978056875
K07038	-0.27985636255437957	0.27985636255437957
K07039	-0.37800285468749895	0.3780028546874989
K07040	1.5773875225568885	-1.5773875225568885
K07042	-0.48005812631189354	0.4800581263118935
K07043	0.8487440454110369	-0.8487440454110368
K07045	-0.627849961560985	0.6278499615609849
K07046	0.7933108665404769	-0.7933108665404771
K07048	0.8145398443208829	-0.8145398443208826
K07051	1.5703335631671367	-1.5703335631671365
K07052	-0.1382507097694954	0.1382507097694954
K07053	1.5813684671116732	-1.581368467111673
K07054	0.254886039523636	-0.2548860395236359
K07056	0.6985508235747829	-0.6985508235747828
K07058	-1.1576041661723706	1.1576041661723704
K07062	0.5073969789309773	-0.5073969789309776
K07067	-0.9939964190245157	0.9939964190245156
K07069	0.8245365230814887	-0.8245365230814886
K07070	1.0708534820852167	-1.0708534820852165
K07071	1.9378203583571885	-1.937820358357188
K07074	0.8615457331669115	-0.8615457331669115
K07075	-0.4449084540996453	0.44490845409964525
K07076	-0.6878294818412078	0.6878294818412077
K07078	-1.1149636553538622	1.1149636553538622
K07079	0.3649328890131045	-0.3649328890131045
K07080	-1.4978355698088093	1.497835569808809
K07082	0.3648849040576628	-0.3648849040576625
K07084	-1.5994302941132292	1.599430294113229
K07085	0.0708607318929345	-0.07086073189293474
K07088	1.0623131004498407	-1.0623131004498405
K07089	1.8897769672793403	-1.88977696727934
K07090	0.8649894668712086	-0.8649894668712083
K07091	0.9122637949246071	-0.9122637949246072
K07095	0.6104910866283318	-0.6104910866283315
K07096	-2.0423112749677585	2.0423112749677585
K07098	-0.4199256139744645	0.41992561397446443
K07099	0.3005480677956699	-0.3005480677956696
K07102	-0.2263451798685309	0.22634517986853087
K07104	-0.1345569974612025	0.13455699746120248
K07105	-0.4342488834270828	0.43424888342708273
K07106	-1.1228519569422168	1.1228519569422168
K07107	-1.0790071131192152	1.0790071131192152
K07109	1.998979000477554	-1.9989790004775538
K07112	-0.8932384496281431	0.893238449628143
K07113	0.5291023249593806	-0.5291023249593807
K07114	1.6097868441865228	-1.609786844186523
K07115	1.0476929610762364	-1.0476929610762364
K07118	-0.7709372808504129	0.7709372808504128
K07119	1.0477812887498903	-1.0477812887498903
K07120	0.11060487579858923	-0.11060487579858923
K07121	0.50889677183739	-0.5088967718373899
K07124	-0.49959710251393263	0.4995971025139326
K07126	-0.4684181328739328	0.46841813287393275
K07127	1.618668200244241	-1.618668200244241
K07128	0.765388755788618	-0.7653887557886181
K07130	-1.6443158590146998	1.6443158590146996
K07132	-0.7272784124457846	0.7272784124457845
K07133	-1.432524929120168	1.4325249291201678
K07136	1.7132033152552968	-1.7132033152552966
K07137	-1.1787147236313624	1.1787147236313622
K07138	1.4849979039342491	-1.4849979039342491
K07139	0.7301736893115821	-0.7301736893115818
K07140	1.3403236577729338	-1.3403236577729338
K07141	0.34979319679093657	-0.3497931967909365
K07146	0.16609807390323494	-0.16609807390323492
K07147	1.9542454130123257	-1.9542454130123255
K07148	1.135138738182538	-1.1351387381825377
K07149	-1.0142731078890637	1.0142731078890637
K07150	-1.4477271215459504	1.4477271215459502
K07153	-0.2916648821075974	0.29166488210759733
K07154	0.6570087280212376	-0.6570087280212374
K07156	1.8351998378648253	-1.8351998378648253
K07160	-1.3067024440895265	1.3067024440895263
K07164	-0.36016728085940675	0.3601672808594067
K07165	1.7450406464964714	-1.745040646496471
K07166	-1.3964010549093624	1.3964010549093622
K07168	1.4996629335459064	-1.4996629335459062
K07171	0.08544471872156716	-0.08544471872156739
K07172	-1.0500052803785196	1.0500052803785196
K07173	-0.8742800338290052	0.8742800338290051
K07175	0.5443586253087533	-0.5443586253087533
K07177	-1.5415283419121852	1.541528341912185
K07180	0.8052711317598825	-0.8052711317598822
K07184	1.9808199196818508	-1.9808199196818506
K07186	-1.5732249168073051	1.5732249168073051
K07192	0.21434818376271011	-0.2143481837627101
K07213	1.2782459865216391	-1.2782459865216387
K07214	1.748736596764362	-1.748736596764362
K07216	0.01406211498885057	-0.014062114988850568
K07217	-0.718315814773431	0.7183158147734309
K07220	0.21903130187575928	-0.21903130187575925
K07221	-0.5782831502258299	0.5782831502258299
K07223	0.8135774835180662	-0.8135774835180664
K07224	-0.13165619861163777	0.13165619861163774
K07225	1.3405809813738536	-1.3405809813738536
K07227	1.4731423440284537	-1.4731423440284535
K07229	1.8842919586862923	-1.884291958686292
K07230	1.2051064466789059	-1.2051064466789057
K07232	0.940698885182734	-0.9406988851827339
K07233	0.850875929319321	-0.8508759293193209
K07235	1.9548225471986405	-1.9548225471986402
K07236	1.0164900612567351	-1.0164900612567347
K07237	0.1881814092316452	-0.18818140923164542
K07238	-0.9518577429387097	0.9518577429387096
K07239	-1.2950220366467904	1.2950220366467904
K07240	-0.5066864104140301	0.50668641041403
K07241	1.7490432175270778	-1.7490432175270778
K07243	-0.37706483703377613	0.37706483703377613
K07245	1.7780975167365374	-1.7780975167365372
K07246	1.2700077861956955	-1.2700077861956953
K07248	0.9652904306851396	-0.9652904306851393
K07250	0.9210386586463511	-0.921038658646351
K07251	0.48789009462870064	-0.4878900946287006
K07258	0.7715053441773263	-0.7715053441773262
K07259	0.5688459616499866	-0.5688459616499865
K07260	-0.1784371010745103	0.1784371010745103
K07261	0.9583398871671416	-0.9583398871671415
K07262	0.45437367137515655	-0.4543736713751565
K07263	-0.24651300145298877	0.24651300145298874
K07264	1.0044469141203063	-1.004446914120306
K07265	-0.4901765824365368	0.4901765824365367
K07266	1.4006842916587336	-1.4006842916587332
K07267	0.7470353504696017	-0.7470353504696015
K07269	0.6972123753942678	-0.6972123753942675
K07270	-1.0280163424678284	1.0280163424678281
K07271	0.20084108937881612	-0.2008410893788161
K07272	1.2885795314638662	-1.2885795314638662
K07273	-0.25853926094756163	0.2585392609475616
K07274	1.6711720301604378	-1.6711720301604374
K07275	1.7976913342439997	-1.7976913342439995
K07277	-1.2289349571493249	1.2289349571493247
K07278	-0.7477611660170685	0.7477611660170684
K07279	1.8591932158486129	-1.8591932158486126
K07282	1.8870130289354325	-1.8870130289354323
K07283	0.6254813611615572	-0.6254813611615573
K07284	-0.40632434533260586	0.40632434533260586
K07285	0.717684964555306	-0.717684964555306
K07286	1.8517229066351122	-1.851722906635112
K07287	1.6838936759062177	-1.6838936759062173
K07289	1.2443263904353852	-1.2443263904353852
K07290	1.2182894916027125	-1.2182894916027123
K07300	-0.9113892880759903	0.9113892880759902
K07301	-0.8452564819923993	0.8452564819923992
K07304	0.6551414362435265	-0.6551414362435267
K07305	0.13224474417961796	-0.13224474417961793
K07306	0.14710707511678303	-0.147107075116783
K07307	-0.04040538261071688	0.040405382610716876
K07308	1.925164785642204	-1.9251647856422038
K07309	0.06779313507082897	-0.06779313507082872
K07310	0.8001702390412588	-0.8001702390412587
K07312	0.14036818830718434	-0.1403681883071841
K07313	1.4793269221111356	-1.4793269221111356
K07314	1.319888716806721	-1.3198887168067206
K07315	0.9090268620600584	-0.9090268620600586
K07316	0.7585396714214891	-0.7585396714214891
K07317	-0.33981139330990473	0.3398113933099047
K07318	-1.6220209491995703	1.62202094919957
K07319	0.0378637776847399	-0.03786377768473989
K07320	0.9313429312161472	-0.9313429312161471
K07321	-0.6924660453117304	0.6924660453117303
K07322	0.7202555101255294	-0.7202555101255292
K07323	-1.3536304947419922	1.353630494741992
K07334	-0.8842208411865428	0.8842208411865426
K07335	0.7987204034628431	-0.798720403462843
K07336	0.48314217362223133	-0.4831421736222313
K07337	2.0341215889510016	-2.0341215889510016
K07340	1.2829212721386714	-1.2829212721386711
K07341	0.5749704070977688	-0.5749704070977689
K07343	-0.11408958130816398	0.11408958130816396
K07344	1.7883157466521313	-1.7883157466521313
K07345	0.6985950989906906	-0.6985950989906908
K07346	1.4640705036888526	-1.4640705036888524
K07347	1.6073301317443558	-1.6073301317443556
K07348	0.048015383734534116	-0.04801538373453411
K07349	1.0249791629911935	-1.0249791629911935
K07350	0.992693892225287	-0.9926938922252869
K07351	1.8729982647271268	-1.8729982647271266
K07353	1.3234753714748406	-1.3234753714748406
K07356	0.26884178387747426	-0.268841783877474
K07357	-0.04551908291986087	0.04551908291986086
K07358	0.8090679807079503	-0.8090679807079502
K07386	1.003603112896855	-1.0036031128968546
K07387	0.594074741317236	-0.5940747413172357
K07391	-0.47492028250702345	0.4749202825070234
K07393	0.16670347372411998	-0.1667034737241197
K07395	0.9853360521472639	-0.985336052147264
K07397	0.21278407332561045	-0.21278407332561067
K07400	0.017226853259610573	-0.01722685325961057
K07401	0.13780922390561523	-0.1378092239056152
K07402	-1.192794502225213	1.1927945022252129
K07403	-0.587511527803063	0.5875115278030629
K07404	-1.1828649535819329	1.1828649535819327
K07405	0.24213962233127487	-0.24213962233127484
K07406	-1.2292191263529095	1.2292191263529093
K07407	-1.2195199415809284	1.2195199415809281
K07442	1.4681716266379239	-1.4681716266379237
K07443	-0.6450071637403204	0.6450071637403203
K07444	-1.6956298817445812	1.695629881744581
K07447	-0.9114529821419912	0.9114529821419911
K07448	1.418206878012164	-1.4182068780121635
K07450	-0.8080241470525399	0.8080241470525398
K07451	0.6400194493238813	-0.6400194493238811
K07452	0.09247604853209856	-0.09247604853209855
K07454	1.3071549517843883	-1.3071549517843883
K07455	0.8131035912331912	-0.8131035912331913
K07456	-1.098422022580481	1.0984220225804808
K07457	-0.7311730204586077	0.7311730204586075
K07458	1.8668560975281556	-1.8668560975281554
K07459	1.0988056052761426	-1.0988056052761423
K07460	-1.2768285358516813	1.2768285358516813
K07461	0.8831517746393659	-0.8831517746393658
K07462	0.0269619419790651	-0.026961941979065096
K07464	1.1723333743916238	-1.1723333743916236
K07467	0.7259627423609396	-0.7259627423609396
K07469	-1.0342654929440258	1.0342654929440256
K07470	0.8559060290823037	-0.8559060290823034
K07473	0.08235593046763096	-0.0823559304676307
K07474	-1.1669239576029198	1.1669239576029198
K07478	-0.538907832728443	0.538907832728443
K07479	-0.5167797074190071	0.5167797074190071
K07480	1.8671442394774602	-1.86714423947746
K07481	-0.49924310032774705	0.499243100327747
K07482	1.2024413175020987	-1.2024413175020985
K07483	1.4014208706724258	-1.4014208706724258
K07484	0.2519058443336017	-0.2519058443336019
K07485	1.5629751735653317	-1.5629751735653314
K07486	0.4593121914773968	-0.45931219147739677
K07487	1.3254918830407523	-1.3254918830407523
K07489	1.4333381109810597	-1.4333381109810595
K07491	0.9435884725509958	-0.9435884725509956
K07492	-0.2246280300848338	0.22462803008483379
K07493	0.4757810121734166	-0.4757810121734168
K07494	-0.20623162792182526	0.20623162792182523
K07495	0.844387536167853	-0.8443875361678527
K07496	-0.335164838051994	0.33516483805199393
K07497	-0.22550651418958384	0.2255065141895838
K07498	1.5166120522463493	-1.5166120522463493
K07502	-1.4443238551870718	1.4443238551870716
K07503	1.1879728446874933	-1.1879728446874933
K07504	-0.5139742857164491	0.5139742857164491
K07505	-0.4205650768415027	0.4205650768415026
K07506	0.053330819925518864	-0.053330819925518864
K07507	-0.15556216696261452	0.15556216696261452
K07533	-1.6287144786100072	1.628714478610007
K07552	-0.9267506642880897	0.9267506642880896
K07559	-0.5281982895686942	0.5281982895686942
K07560	0.3647612939617299	-0.3647612939617301
K07566	0.8369064206907398	-0.8369064206907397
K07568	-0.2679648235169517	0.26796482351695167
K07570	0.5350308937273379	-0.5350308937273381
K07571	0.5240975816302498	-0.5240975816302497
K07574	0.7452409101752486	-0.7452409101752485
K07576	-1.5594468700728936	1.5594468700728934
K07584	-1.214394072989781	1.2143940729897809
K07586	0.8363316300091984	-0.8363316300091986
K07588	0.19534310924230266	-0.19534310924230264
K07592	1.1416307058927857	-1.1416307058927855
K07636	0.8987022373685888	-0.8987022373685887
K07637	1.3768835136947417	-1.3768835136947415
K07638	1.960219920266343	-1.9602199202663426
K07639	1.8364961639401203	-1.83649616394012
K07640	0.7216760221639003	-0.7216760221639001
K07641	2.0357043882147217	-2.0357043882147217
K07642	1.481664728588374	-1.4816647285883737
K07643	1.3928900858280933	-1.392890085828093
K07644	2.069541222762595	-2.069541222762595
K07645	0.7260861676775906	-0.7260861676775905
K07646	-1.2161897250706133	1.216189725070613
K07647	0.37786256333248963	-0.3778625633324896
K07648	1.5102475588769602	-1.5102475588769602
K07649	0.7298650199910739	-0.7298650199910736
K07650	0.5973991493210309	-0.5973991493210308
K07652	0.4317273668462913	-0.43172736684629104
K07654	1.2228839962757345	-1.2228839962757343
K07657	1.592956473063144	-1.5929564730631438
K07658	-1.8332762913443326	1.8332762913443323
K07659	1.1061732600049476	-1.1061732600049474
K07660	1.8344314224586336	-1.8344314224586333
K07661	-0.36593580570204237	0.3659358057020423
K07662	1.5928331768324298	-1.5928331768324295
K07663	0.9222618876804207	-0.9222618876804204
K07664	1.5235152990682785	-1.5235152990682783
K07665	1.699554468383833	-1.699554468383833
K07666	1.778641615207575	-1.7786416152075748
K07667	-1.671700840686365	1.6717008406863647
K07668	-0.25520239771719966	0.25520239771719966
K07670	-0.549924149718392	0.5499241497183919
K07673	1.2980783252370467	-1.2980783252370467
K07674	1.7785415632614447	-1.7785415632614443
K07675	0.6672983149219871	-0.6672983149219868
K07676	0.9712108547698609	-0.9712108547698608
K07677	0.12920793351961682	-0.12920793351961657
K07678	0.732488978706018	-0.732488978706018
K07679	0.2774744876693265	-0.2774744876693267
K07684	1.0429063616721144	-1.0429063616721141
K07685	1.2798289506860856	-1.2798289506860856
K07686	1.0492337838479846	-1.0492337838479844
K07687	1.9588577928554693	-1.9588577928554693
K07689	1.5454653007340016	-1.5454653007340016
K07690	1.9811916120257278	-1.9811916120257274
K07699	-1.1003587666500603	1.1003587666500603
K07700	1.6498178614539258	-1.6498178614539256
K07701	0.06503245616267533	-0.06503245616267532
K07702	0.8694589398874913	-0.869458939887491
K07703	1.9775235697293014	-1.977523569729301
K07704	-0.6424978533070947	0.6424978533070947
K07705	1.0673958143101552	-1.067395814310155
K07706	0.5652450258214338	-0.565245025821434
K07707	-0.44778036781490177	0.4477803678149017
K07708	1.4292096649406372	-1.4292096649406372
K07709	-0.35022993411480485	0.3502299341148048
K07710	1.1411567891231211	-1.141156789123121
K07711	1.197857034605465	-1.1978570346054649
K07712	1.703495886657861	-1.7034958866578607
K07713	-0.5434784316076291	0.543478431607629
K07714	0.7684015685189062	-0.7684015685189061
K07715	2.024077218828548	-2.0240772188285474
K07718	-1.1115226234800613	1.111522623480061
K07720	-1.766557666996404	1.7665576669964038
K07722	-0.12762272910902223	0.12762272910902223
K07724	0.5918810095573956	-0.5918810095573958
K07726	-0.39921956658626523	0.3992195665862652
K07727	0.7295613719156347	-0.729561371915635
K07729	-0.960636217667533	0.9606362176675328
K07733	1.5117109850261519	-1.5117109850261516
K07735	0.8413115512906585	-0.8413115512906584
K07736	-0.4226045331878901	0.42260453318789004
K07738	0.2635499878908483	-0.2635499878908483
K07739	-0.610232045043073	0.610232045043073
K07740	0.5114441327525279	-0.5114441327525275
K07741	-1.4703924095326417	1.4703924095326415
K07742	-0.8988596078222882	0.8988596078222881
K07746	1.4199411342599306	-1.4199411342599304
K07749	0.3216149319196323	-0.3216149319196323
K07751	1.3614682976922303	-1.36146829769223
K07757	1.0913598315418553	-1.0913598315418551
K07768	0.39618103276858263	-0.3961810327685828
K07770	0.8071347118161076	-0.8071347118161075
K07771	-0.7532710732034091	0.753271073203409
K07772	1.8321183443900293	-1.832118344390029
K07773	0.3451485490396871	-0.34514854903968734
K07774	-0.20589683082333443	0.2058968308233344
K07775	-1.3327155083193911	1.332715508319391
K07776	0.4980319837151704	-0.49803198371517005
K07777	-0.001870847867969211	0.0018708478679692107
K07778	1.608016311021876	-1.608016311021876
K07781	1.6111570482549797	-1.6111570482549797
K07782	1.2748911000145433	-1.274891100014543
K07783	-0.4257330558455617	0.42573305584556165
K07784	0.6530761727432602	-0.6530761727432601
K07786	1.3450784157390858	-1.3450784157390854
K07787	-0.21494457899262248	0.21494457899262245
K07788	1.9174508125314869	-1.9174508125314866
K07789	1.1763099706396452	-1.1763099706396452
K07791	1.636800844573308	-1.6368008445733078
K07792	1.9646022168180373	-1.9646022168180368
K07793	-0.5009008330937212	0.5009008330937211
K07794	-1.46193836333682	1.4619383633368197
K07795	1.7233080771955271	-1.723308077195527
K07796	1.696925848128575	-1.6969258481285747
K07797	0.43889781519781423	-0.4388978151978142
K07798	-0.6825491168968856	0.6825491168968855
K07799	0.7512820857226823	-0.7512820857226823
K07803	1.6120463485062486	-1.6120463485062486
K07806	1.0563489462141677	-1.056348946214168
K07810	1.1178251029190112	-1.1178251029190114
K07811	1.756665174182829	-1.7566651741828287
K07812	0.49086769944213465	-0.4908676994421344
K07813	-1.0152956104010027	1.0152956104010027
K07814	1.573057793964483	-1.5730577939644828
K07816	0.3730250520171909	-0.37302505201719083
K07821	0.5333933903161884	-0.5333933903161885
K07862	-0.09729734805607532	0.0972973480560753
K07979	0.11109516715377146	-0.11109516715377145
K08092	-0.16984934682844757	0.16984934682844757
K08093	-0.9031514216809683	0.9031514216809682
K08094	0.16423461461838443	-0.16423461461838465
K08137	0.9937912504212122	-0.9937912504212119
K08138	-0.2627404441020083	0.26274044410200825
K08151	0.25667072369497457	-0.2566707236949748
K08152	0.9840084814326374	-0.9840084814326372
K08153	-0.022156880262060537	0.022156880262060533
K08154	0.07253898756085586	-0.07253898756085563
K08156	0.12045628865723297	-0.12045628865723296
K08159	1.1402961392364286	-1.1402961392364284
K08160	0.26569185615974705	-0.2656918561597473
K08161	0.3083586719269109	-0.30835867192691085
K08162	0.8133638548548231	-0.813363854854823
K08163	2.1246184517711675	-2.124618451771167
K08167	0.6838919796606289	-0.6838919796606288
K08168	-1.1908975154073451	1.190897515407345
K08169	-1.252851684008317	1.252851684008317
K08170	0.34385537641461267	-0.34385537641461283
K08172	-0.36622311889766257	0.3662231188976625
K08173	1.440461366043974	-1.4404613660439738
K08177	1.905122540930775	-1.9051225409307748
K08191	-0.5773872741346405	0.5773872741346404
K08194	1.4328110466633432	-1.432811046663343
K08195	1.0731875466555096	-1.0731875466555096
K08217	1.3897396361411163	-1.3897396361411163
K08218	-0.6515950011028026	0.6515950011028024
K08219	1.2703744105444303	-1.2703744105444306
K08222	-1.6362619790365347	1.6362619790365347
K08223	1.0163982082882643	-1.0163982082882643
K08224	1.674107834621225	-1.674107834621225
K08225	0.9623287561028605	-0.9623287561028604
K08227	-0.1593737829951561	0.1593737829951561
K08234	-0.4363648112257783	0.4363648112257783
K08256	1.2551922574839727	-1.2551922574839725
K08276	-0.6999605819739897	0.6999605819739896
K08279	1.4987847726915169	-1.4987847726915169
K08281	0.5839711246788507	-0.5839711246788506
K08282	-1.281191831223964	1.2811918312239639
K08289	1.9377921720864333	-1.937792172086433
K08296	0.07784798253382032	-0.07784798253382054
K08297	0.3645464524490137	-0.3645464524490136
K08298	-0.6100419450685081	0.610041945068508
K08299	0.5851283029414709	-0.5851283029414708
K08300	-0.10233574556910852	0.1023357455691085
K08301	-0.9062336858710166	0.9062336858710165
K08302	-0.22549403982686866	0.22549403982686864
K08303	1.6514423430081038	-1.6514423430081036
K08304	1.577205800606113	-1.5772058006061127
K08305	1.9861341747202663	-1.9861341747202663
K08306	0.38644749540224343	-0.3864474954022436
K08307	-0.9365424938296087	0.9365424938296086
K08308	0.421710916402487	-0.4217109164024869
K08309	1.1910546760524954	-1.1910546760524954
K08311	1.5972177774804281	-1.597217777480428
K08312	0.9950202876614712	-0.9950202876614711
K08313	-0.5805831161139006	0.5805831161139005
K08314	1.6803448021142975	-1.6803448021142975
K08316	0.7197527156266995	-0.7197527156266994
K08317	1.0368117715984093	-1.036811771598409
K08318	1.212322924924563	-1.2123229249245626
K08319	1.7678536657548938	-1.7678536657548936
K08321	-0.9251751334154511	0.925175133415451
K08322	0.8604719337232802	-0.8604719337232801
K08323	0.8658754166084933	-0.8658754166084932
K08324	-0.18512138940850142	0.1851213894085014
K08325	0.7065434008413253	-0.7065434008413255
K08326	0.4315293816549238	-0.43152938165492377
K08344	0.21254837921110184	-0.21254837921110203
K08348	1.6607827374591169	-1.6607827374591164
K08349	1.0320642292322726	-1.0320642292322721
K08350	0.4775696717644788	-0.47756967176447873
K08351	1.1055738603542558	-1.1055738603542558
K08352	-0.2965773914783368	0.2965773914783368
K08353	0.42834784118228875	-0.4283478411822887
K08354	2.012475689205543	-2.0124756892055427
K08357	0.4638317220054227	-0.4638317220054224
K08363	0.6148067926752251	-0.6148067926752252
K08364	1.4105433401294714	-1.4105433401294714
K08365	-0.9910534914198714	0.9910534914198713
K08368	1.3090170628090938	-1.309017062809094
K08369	0.6172357595434858	-0.6172357595434856
K08372	-1.1215403812733702	1.12154038127337
K08384	0.6113673665259185	-0.6113673665259185
K08475	1.9523667745637439	-1.9523667745637434
K08476	1.2482606252806714	-1.2482606252806712
K08478	1.0075735318883343	-1.007573531888334
K08483	-0.606944018270908	0.6069440182709079
K08484	1.91044150565827	-1.9104415056582695
K08566	0.2036657038246175	-0.20366570382461746
K08591	0.07235865507310815	-0.07235865507310792
K08600	-1.655812560676869	1.6558125606768688
K08602	-0.9787152496088305	0.9787152496088304
K08641	-0.88026282186034	0.8802628218603399
K08643	0.1087477785427423	-0.10874777854274252
K08659	-0.8084957653149167	0.8084957653149167
K08675	-0.08969744553738374	0.08969744553738372
K08676	-0.7100069489455555	0.7100069489455554
K08678	1.242157777837692	-1.242157777837692
K08679	0.3007102659057505	-0.30071026590575073
K08680	0.24494990017838672	-0.24494990017838644
K08681	0.16245257523455603	-0.162452575234556
K08682	1.4126450800729502	-1.4126450800729502
K08688	0.8628600773904214	-0.8628600773904215
K08717	-0.5755038902165966	0.5755038902165966
K08722	0.6383576700189104	-0.6383576700189103
K08723	1.5823710723584261	-1.582371072358426
K08724	0.20932810108350372	-0.2093281010835037
K08744	1.8949983103161523	-1.8949983103161523
K08884	-0.6970842041184081	0.697084204118408
K08961	-1.7185003429678514	1.7185003429678511
K08963	-0.7258045056796196	0.7258045056796196
K08964	1.589642088569316	-1.5896420885693159
K08967	0.9888397832065468	-0.9888397832065466
K08968	0.24516786753982597	-0.24516786753982595
K08969	-0.15608619748443905	0.15608619748443903
K08970	-0.06142609838545097	0.06142609838545096
K08972	0.9406848147066662	-0.9406848147066661
K08974	-0.8063599285999785	0.8063599285999784
K08978	-0.8688783802760663	0.8688783802760662
K08981	0.09125999236861242	-0.0912599923686124
K08984	2.086267378641172	-2.086267378641172
K08986	1.4116034877191923	-1.411603487719192
K08989	0.6775072285815614	-0.6775072285815615
K08990	-0.41631689421264584	0.4163168942126458
K08994	1.165669338445077	-1.1656693384450767
K08996	-0.40175149567240626	0.4017514956724062
K08997	1.9363754681743106	-1.9363754681743104
K08998	-0.5155608306278446	0.5155608306278445
K08999	-0.6339154045204978	0.6339154045204977
K09001	-1.1163204250996275	1.1163204250996273
K09002	-1.1890090442009695	1.1890090442009695
K09004	-0.9841958826122642	0.9841958826122641
K09007	-0.7677555559329402	0.7677555559329401
K09009	1.4171142008739404	-1.4171142008739401
K09011	-0.38517156950256576	0.3851715695025657
K09013	1.6698231237448984	-1.6698231237448984
K09014	-0.4068211032623484	0.4068211032623483
K09015	0.8276499972543007	-0.8276499972543007
K09016	1.997516558819993	-1.9975165588199926
K09017	1.6062174567279084	-1.6062174567279082
K09018	1.4736610830451944	-1.4736610830451942
K09019	1.0515920857941523	-1.051592085794152
K09020	-1.7137337516705118	1.7137337516705116
K09022	-1.373566165864555	1.3735661658645548
K09023	1.5532713137045826	-1.5532713137045824
K09117	1.3955597527664232	-1.3955597527664232
K09118	1.0459800540474606	-1.0459800540474606
K09121	-1.9602606760098058	1.9602606760098056
K09123	-1.2011057858146872	1.201105785814687
K09124	-0.4150071002062119	0.41500710020621184
K09125	-1.4787702996631598	1.4787702996631595
K09128	-1.251432690890393	1.2514326908903928
K09131	1.0968116727618447	-1.0968116727618444
K09136	-0.027791993500159116	0.027791993500159113
K09141	-1.0279294662944474	1.0279294662944474
K09144	0.8701879188548702	-0.8701879188548699
K09153	-0.019568507382889653	0.01956850738288965
K09155	-0.4831096861263411	0.48310968612634103
K09157	0.4349369396939249	-0.43493693969392483
K09158	1.7586210416758017	-1.7586210416758017
K09161	0.9127435350339895	-0.9127435350339896
K09163	-0.5416869487041002	0.5416869487041001
K09181	1.5426821391887677	-1.5426821391887675
K09251	0.5594167639803791	-0.559416763980379
K09384	-1.5183205258199766	1.5183205258199766
K09456	1.1893089584297443	-1.189308958429744
K09457	-0.785278892078947	0.7852788920789469
K09458	-1.8053358856636406	1.8053358856636403
K09459	-0.5392512577116622	0.539251257711662
K09469	-0.6258517771927852	0.6258517771927851
K09470	0.6947984830571872	-0.694798483057187
K09471	1.1269147352833178	-1.1269147352833175
K09472	0.5003272615047508	-0.5003272615047506
K09473	-0.5537558722026401	0.5537558722026401
K09474	-0.9848004923362057	0.9848004923362056
K09475	0.4544557888409132	-0.45445578884091314
K09476	1.9086461783071729	-1.9086461783071722
K09477	0.27311828667717936	-0.2731182866771793
K09515	-0.5447102820271533	0.5447102820271532
K09578	0.0006445041250683615	-0.0006445041250683614
K09612	1.525688226877626	-1.5256882268776257
K09680	-0.5433338063184561	0.543333806318456
K09684	0.7342125875852902	-0.7342125875852901
K09685	0.6315753162512574	-0.6315753162512574
K09688	1.6934900297208242	-1.693490029720824
K09689	-0.6366375065070126	0.6366375065070125
K09690	1.0588577673493231	-1.058857767349323
K09691	-0.8659842995933215	0.8659842995933213
K09692	0.9737809426125712	-0.9737809426125714
K09693	-0.0077157785509587825	0.007715778550958782
K09697	0.648795451634404	-0.6487954516344039
K09698	-0.8824688707067001	0.8824688707067001
K09701	1.4626028913231992	-1.4626028913231992
K09702	-1.165735747838871	1.1657357478388708
K09703	0.45488948886266456	-0.4548894888626645
K09704	0.6568191007854683	-0.656819100785468
K09705	-0.8227172882811322	0.8227172882811321
K09710	-0.6122820620693415	0.6122820620693414
K09729	0.032727964254622814	-0.03272796425462281
K09747	-1.7983144620549367	1.7983144620549365
K09748	-1.4741924437265306	1.4741924437265306
K09749	-0.567646914093781	0.5676469140937809
K09758	-1.2020517370054706	1.2020517370054704
K09759	-0.43906720931756177	0.4390672093175617
K09760	-0.09805061034445625	0.09805061034445624
K09761	1.2120679246776227	-1.2120679246776227
K09762	-0.5768537132692225	0.5768537132692224
K09765	-0.3564046054021332	0.35640460540213315
K09766	-1.5053145209752214	1.5053145209752212
K09767	1.2476441387142345	-1.2476441387142345
K09768	-1.3195050729488347	1.3195050729488345
K09769	0.03121341165096879	-0.031213411650968786
K09770	-1.5793390713298374	1.5793390713298372
K09771	1.7339856711675694	-1.7339856711675692
K09772	-0.33657072720547676	0.33657072720547676
K09773	0.8842733011024629	-0.884273301102463
K09774	-0.40135024391328916	0.4013502439132891
K09775	-1.2591621309252286	1.2591621309252286
K09777	-1.0122989186857558	1.0122989186857556
K09778	-1.2500961681902452	1.250096168190245
K09779	-0.14684952044361024	0.14684952044361024
K09781	0.5743659550957833	-0.5743659550957829
K09786	0.7671289721020811	-0.767128972102081
K09787	-0.8377757659175252	0.8377757659175251
K09789	0.029475170995956597	-0.029475170995956593
K09790	1.6417396122614973	-1.6417396122614971
K09793	-0.1626676669701944	0.16266766697019439
K09797	-0.07522954772343822	0.0752295477234382
K09798	0.8549777002772234	-0.8549777002772233
K09800	1.7424903100737303	-1.7424903100737303
K09802	1.0682136955157067	-1.0682136955157064
K09803	1.2625529006849536	-1.2625529006849534
K09807	0.09127134256303371	-0.09127134256303393
K09808	-0.10234594942667141	0.1023459494266714
K09809	0.9131593831193499	-0.9131593831193495
K09810	1.3029752830368566	-1.3029752830368564
K09811	-1.1892076330924244	1.1892076330924244
K09812	-0.7312670204657727	0.7312670204657727
K09814	-0.35366203375982574	0.35366203375982574
K09815	0.7805830311467332	-0.780583031146733
K09816	-0.30578929719257053	0.3057892971925705
K09817	-1.0773932229842502	1.07739322298425
K09819	0.7370199934974815	-0.7370199934974814
K09820	0.11383470937462893	-0.11383470937462892
K09823	0.25772328230664787	-0.25772328230664787
K09824	1.6080282577312999	-1.6080282577312996
K09825	-0.9970731935290756	0.9970731935290755
K09857	1.9681953588190573	-1.9681953588190568
K09861	0.6671553308555598	-0.6671553308555597
K09880	-0.2667499130979249	0.2667499130979249
K09882	-0.03629697957440563	0.03629697957440562
K09888	-1.7047356841271055	1.7047356841271053
K09889	2.045897970665044	-2.045897970665044
K09891	1.5325113095751028	-1.532511309575103
K09893	1.5760524265642373	-1.576052426564237
K09894	-0.26325855631631306	0.263258556316313
K09895	0.2662970801651109	-0.2662970801651111
K09897	0.23194399666961418	-0.2319439966696139
K09899	0.2688630362244583	-0.26886303622445823
K09903	0.24077736840023578	-0.24077736840023575
K09906	0.6629456059494954	-0.6629456059494953
K09907	1.0862907732454508	-1.0862907732454505
K09908	1.5531568208634532	-1.553156820863453
K09909	0.5284871826985443	-0.5284871826985444
K09910	-0.2849442945215405	0.2849442945215405
K09911	1.2583248132091673	-1.2583248132091673
K09914	1.0069854382996157	-1.0069854382996157
K09915	1.5092927540614764	-1.509292754061476
K09920	1.2622400766221407	-1.2622400766221407
K09921	1.1888827083392668	-1.1888827083392663
K09922	0.17514073771370195	-0.1751407377137017
K09923	0.9210479357946131	-0.921047935794613
K09924	0.1342307393315181	-0.13423073933151786
K09925	0.6210547019170557	-0.6210547019170554
K09927	1.272887133349972	-1.2728871333499718
K09932	0.7785162808524452	-0.7785162808524454
K09933	-0.10538085300452614	0.10538085300452613
K09934	-0.3784200300090811	0.3784200300090811
K09935	-1.9030148780281924	1.9030148780281921
K09936	-0.6884201721344899	0.6884201721344898
K09939	-0.9129691791106496	0.9129691791106495
K09940	0.6897320480520502	-0.6897320480520501
K09945	-0.08471069049543482	0.08471069049543482
K09949	1.3559607053863236	-1.3559607053863234
K09951	-0.26812396687205803	0.268123966872058
K09952	0.32447760255704694	-0.3244776025570471
K09954	1.1578243586359374	-1.1578243586359371
K09955	1.083714872655871	-1.0837148726558707
K09958	0.9623475732632434	-0.9623475732632435
K09960	-0.715577527131912	0.7155775271319119
K09961	1.211331763653193	-1.2113317636531928
K09962	-0.9978045662261686	0.9978045662261685
K09963	0.2971155907011856	-0.29711559070118554
K09967	-1.388647297703275	1.3886472977032749
K09968	1.0433453748083534	-1.0433453748083537
K09969	1.9071347750068504	-1.9071347750068501
K09970	0.8716883458380805	-0.8716883458380806
K09971	1.8496131615361506	-1.8496131615361504
K09972	1.2116256069995128	-1.2116256069995126
K09973	-0.07368247857757165	0.07368247857757164
K09974	0.2730076467977199	-0.2730076467977199
K09975	1.548529574939325	-1.5485295749393249
K09979	0.8539962690521298	-0.8539962690521294
K09988	-1.4017163675862452	1.401716367586245
K09996	0.01823355312650151	-0.01823355312650151
K09997	-0.49503742934976075	0.49503742934976064
K09998	1.6456702067526916	-1.6456702067526914
K09999	0.7253962213643959	-0.7253962213643955
K10000	1.762061958642092	-1.7620619586420916
K10001	1.7259406857405202	-1.72594068574052
K10002	0.7849784857657005	-0.7849784857657002
K10003	0.7519517678349681	-0.7519517678349681
K10004	1.4172614661189467	-1.4172614661189464
K10005	0.294970653954378	-0.2949706539543782
K10006	0.8043856453997871	-0.804385645399787
K10007	1.1804425122098772	-1.180442512209877
K10008	0.048741854220761	-0.048741854220760994
K10009	-0.23820571401026516	0.23820571401026513
K10010	-0.14515185926257135	0.14515185926257135
K10011	-0.5274733812011176	0.5274733812011175
K10012	1.6313600748964072	-1.6313600748964072
K10013	0.23990806628532832	-0.23990806628532804
K10014	0.9195689437934111	-0.9195689437934113
K10015	2.0348769923043455	-2.034876992304345
K10016	1.41576841420256	-1.4157684142025597
K10017	1.4630479503264224	-1.4630479503264222
K10026	-0.19869083439157387	0.19869083439157387
K10036	1.4855541834332233	-1.485554183433223
K10037	1.05855704270272	-1.05855704270272
K10038	1.3728065295520055	-1.3728065295520053
K10039	0.7212594584777173	-0.7212594584777174
K10040	-0.06480976286175334	0.06480976286175334
K10041	-0.8376446601949342	0.8376446601949341
K10107	0.8955127370384651	-0.8955127370384651
K10108	1.5726069691681956	-1.5726069691681952
K10109	-0.04766323938525981	0.047663239385259806
K10110	1.398145291618613	-1.3981452916186128
K10111	0.19938568380722235	-0.19938568380722232
K10112	-0.17056324002497195	0.17056324002497192
K10117	0.5358275766641957	-0.5358275766641954
K10118	-1.7245005248026566	1.7245005248026564
K10119	-0.2211486112815344	0.22114861128153437
K10120	0.4344624488128442	-0.4344624488128441
K10122	-1.3638263113226736	1.3638263113226734
K10124	0.43498441856112346	-0.43498441856112313
K10125	0.4121047428826081	-0.41210474288260807
K10126	1.551573729034935	-1.5515737290349347
K10188	-0.7855575396641896	0.7855575396641895
K10189	-1.083208050570392	1.0832080505703918
K10190	-1.316152604679477	1.3161526046794767
K10192	1.285977030884176	-1.2859770308841758
K10193	0.06264191864166008	-0.06264191864166008
K10194	-0.7909888898075161	0.790988889807516
K10195	1.610822740307297	-1.6108227403072968
K10200	-0.29224589701180326	0.2922458970118032
K10201	-0.5921964644046614	0.5921964644046614
K10202	-1.3526225688319728	1.3526225688319728
K10206	-1.160611432737428	1.1606114327374277
K10213	1.0404661063315817	-1.0404661063315814
K10231	-0.14871634654999277	0.14871634654999277
K10240	-0.2482235487846913	0.24822354878469127
K10241	0.4856654804865639	-0.48566548048656355
K10242	-1.300093949946172	1.3000939499461717
K10254	-0.9700209618830246	0.9700209618830244
K10439	0.16589100490015898	-0.16589100490015898
K10440	-1.0577352094019192	1.057735209401919
K10441	-1.3615023031636722	1.361502303163672
K10536	-0.22248906173646954	0.2224890617364695
K10537	0.716525651364867	-0.7165256513648672
K10538	0.9312218946173536	-0.9312218946173535
K10539	1.2715909364110538	-1.2715909364110536
K10540	-1.076911491282837	1.0769114912828368
K10541	-1.4123250727008008	1.4123250727008005
K10542	-1.0098188106816839	1.0098188106816837
K10543	1.1482707713019278	-1.1482707713019273
K10544	0.6249237780195513	-0.6249237780195512
K10545	1.5045728962576423	-1.5045728962576423
K10546	-1.327561380693425	1.3275613806934248
K10547	0.43782328732047654	-0.43782328732047626
K10548	-1.3544241523445424	1.3544241523445422
K10549	1.8984753493369038	-1.8984753493369038
K10550	0.5890836356625218	-0.5890836356625214
K10551	0.41734173946431996	-0.4173417394643201
K10555	1.0481821258929687	-1.0481821258929687
K10556	0.9836867516430976	-0.9836867516430977
K10557	-1.4294235248455105	1.4294235248455103
K10558	0.16291828250596094	-0.1629182825059609
K10559	0.37019959311515865	-0.3701995931151586
K10560	1.7075736011450113	-1.7075736011450113
K10561	0.7685087307336771	-0.768508730733677
K10562	0.1288063540528298	-0.12880635405283003
K10563	-0.49468301055755376	0.4946830105575537
K10670	-0.8777625551774887	0.8777625551774886
K10671	-1.7874170874614166	1.7874170874614166
K10672	-1.714881569333653	1.7148815693336528
K10673	0.3928067065626807	-0.39280670656268063
K10677	-0.8689207892187867	0.8689207892187866
K10678	1.0600885889037162	-1.060088588903716
K10679	2.1091317025341607	-2.1091317025341603
K10680	0.04661711114431819	-0.046617111144318185
K10708	-1.3596982776357311	1.359698277635731
K10709	0.3807181501890317	-0.38071815018903193
K10710	-0.19702745356537602	0.197027453565376
K10711	-0.5590438486741716	0.5590438486741716
K10716	0.5844511366237319	-0.5844511366237318
K10747	-0.2249282256581245	0.22492822565812448
K10748	1.7987314443447835	-1.7987314443447833
K10763	0.5839400589332319	-0.583940058933232
K10773	1.0206849827455382	-1.020684982745538
K10778	0.7759021081477155	-0.7759021081477152
K10793	0.5700817648245993	-0.5700817648245992
K10794	-0.2522989524411912	0.25229895244119116
K10795	-0.2551377550560856	0.25513775505608555
K10796	-1.4078817553761838	1.4078817553761835
K10797	-0.18321577396023409	0.18321577396023409
K10800	0.6845765535347916	-0.6845765535347915
K10804	1.4973376523450403	-1.4973376523450401
K10805	0.1728482694091436	-0.17284826940914358
K10806	1.4973715532062135	-1.497371553206213
K10819	-0.27005961373492376	0.2700596137349237
K10823	-1.0282153937937146	1.0282153937937146
K10824	0.6105222796759907	-0.6105222796759904
K10826	1.6969975035321123	-1.696997503532112
K10831	1.9596445358300156	-1.9596445358300152
K10834	0.27817248445418796	-0.2781724844541879
K10857	1.0135975043143972	-1.0135975043143972
K10906	1.571796505741209	-1.5717965057412089
K10907	0.4290460762169954	-0.4290460762169956
K10914	0.8259063093191702	-0.8259063093191704
K10939	0.6182846688222042	-0.618284668822204
K10947	-1.787433202773511	1.7874332027735107
K10972	1.9099391911534844	-1.9099391911534842
K10973	0.006792536578366909	-0.006792536578366908
K10974	0.27779240446711906	-0.277792404467119
K10975	1.2878603550040053	-1.2878603550040055
K10979	1.4543055746025642	-1.454305574602564
K10984	0.6861169568884968	-0.686116956888497
K10985	-0.3914964037862564	0.39149640378625633
K10986	-0.19483883393887713	0.1948388339388771
K11003	0.9932353332917921	-0.9932353332917923
K11004	0.1658769811530399	-0.16587698115304012
K11005	0.35651758503731046	-0.3565175850373104
K11008	0.21319452623529153	-0.21319452623529125
K11031	-1.394192952151056	1.3941929521510559
K11041	-0.27443098625736634	0.2744309862573663
K11050	-0.8860266229333101	0.88602662293331
K11051	-0.9007054518723251	0.900705451872325
K11065	0.4899450999571113	-0.489945099957111
K11066	1.1312180634113658	-1.1312180634113655
K11068	0.9141151184784944	-0.9141151184784945
K11069	-1.3460787435706192	1.346078743570619
K11070	-1.1928261090110117	1.1928261090110115
K11071	0.3255307244832149	-0.32553072448321485
K11072	-1.61201386345163	1.6120138634516297
K11073	-0.27141017700978726	0.27141017700978726
K11074	1.2926335066773835	-1.2926335066773833
K11075	1.954896294600387	-1.9548962946003867
K11076	0.7652398113439591	-0.7652398113439594
K11081	1.5942908709237031	-1.5942908709237031
K11082	1.1958450223653851	-1.195845022365385
K11083	1.6066223253587957	-1.6066223253587955
K11084	0.16068631308057502	-0.160686313080575
K11085	0.18532010419337402	-0.18532010419337425
K11102	0.668034078719425	-0.6680340787194247
K11103	0.4483428238922314	-0.44834282389223135
K11104	-1.5106866701359192	1.510686670135919
K11105	-0.47841553062449577	0.4784155306244957
K11106	2.0297517842104273	-2.0297517842104273
K11139	0.7338147036863306	-0.7338147036863305
K11144	1.4797853271949357	-1.4797853271949355
K11145	-1.3213101373321132	1.321310137332113
K11175	-0.7420418600551719	0.7420418600551718
K11177	-0.9686892139669473	0.9686892139669472
K11178	0.7840368666307914	-0.7840368666307913
K11183	1.0823482092782792	-1.0823482092782792
K11184	-1.3644145176336153	1.3644145176336153
K11189	0.3059587727226859	-0.30595877272268585
K11191	2.1491267912169563	-2.149126791216956
K11192	1.0248072959949786	-1.0248072959949783
K11201	1.5873311443634284	-1.5873311443634281
K11202	0.4377273742026978	-0.43772737420269775
K11203	1.669258852127421	-1.6692588521274208
K11206	0.045009715867384725	-0.045009715867384725
K11208	1.0028773560266653	-1.0028773560266653
K11209	0.37000630319747335	-0.3700063031974733
K11216	0.1910182923292566	-0.19101829232925657
K11249	1.2255671880961492	-1.2255671880961492
K11250	1.6947351941273925	-1.6947351941273923
K11263	0.5693426522840145	-0.5693426522840144
K11264	0.6494726749078946	-0.6494726749078948
K11332	-0.29008559187658184	0.2900855918765818
K11358	-1.0627558874678713	1.0627558874678713
K11381	-1.2427878328631758	1.2427878328631756
K11382	1.64241445421341	-1.6424144542134098
K11391	1.3885038355520307	-1.3885038355520305
K11392	-0.47523832533621346	0.4752383253362134
K11472	1.847456470437732	-1.8474564704377319
K11473	0.8988913547697308	-0.898891354769731
K11474	0.3937589033528785	-0.3937589033528782
K11517	-0.38177552110706925	0.38177552110706925
K11527	0.6703269439539583	-0.6703269439539582
K11529	-0.33297647633990074	0.3329764763399007
K11531	0.9554097304809469	-0.9554097304809468
K11533	-0.9954167632632938	0.9954167632632936
K11534	-0.823818531093437	0.8238185310934368
K11535	0.8381240975375994	-0.8381240975375995
K11537	0.35332914219287653	-0.3533291421928765
K11604	1.854738812103337	-1.8547388121033368
K11605	1.9108315792102486	-1.9108315792102486
K11606	1.339219938618477	-1.3392199386184767
K11607	1.6872087863185798	-1.6872087863185796
K11617	1.0445529902707031	-1.0445529902707031
K11618	1.6005158440896363	-1.600515844089636
K11636	0.7101403219634375	-0.7101403219634375
K11645	1.904027836956806	-1.9040278369568058
K11685	0.4083326776481456	-0.40833267764814557
K11690	-0.9121197213662635	0.9121197213662634
K11707	0.6010925682797106	-0.6010925682797106
K11708	-0.44599409167545234	0.4459940916754523
K11709	1.1846748107706842	-1.1846748107706842
K11710	0.2561336354659131	-0.25613363546591283
K11717	0.6171780765998947	-0.6171780765998945
K11719	0.8294523701289971	-0.829452370128997
K11720	0.731277880582734	-0.7312778805827339
K11732	0.5335351718098343	-0.5335351718098342
K11733	0.06730403529993098	-0.06730403529993097
K11734	1.5472976799520728	-1.5472976799520728
K11735	-0.30456973608741966	0.3045697360874196
K11736	1.7000390288572975	-1.700039028857297
K11737	-0.09814359767529268	0.09814359767529268
K11738	-0.4833109946875981	0.48331099468759803
K11739	1.472239008367554	-1.472239008367554
K11740	1.5307693336408026	-1.5307693336408024
K11741	-1.4755917266617908	1.4755917266617906
K11744	-0.3433473182061644	0.3433473182061643
K11745	0.5454387304190942	-0.5454387304190942
K11746	1.3527405025127999	-1.3527405025127996
K11747	0.7147725179265353	-0.7147725179265355
K11748	0.8625477529502239	-0.862547752950224
K11749	0.27681101129186525	-0.2768110112918652
K11750	1.5206279371892446	-1.5206279371892446
K11751	0.01783301153800382	-0.01783301153800382
K11752	-0.33025617936815604	0.33025617936815604
K11753	-0.29515458269008066	0.29515458269008066
K11754	-0.577556421824439	0.5775564218244389
K11755	0.4127903703947983	-0.41279037039479805
K11778	-1.2988833407314784	1.2988833407314782
K11811	0.4042156290379308	-0.40421562903793073
K11891	1.9038881678141473	-1.9038881678141473
K11892	1.6215896766119555	-1.6215896766119555
K11893	-1.2225617967655127	1.2225617967655125
K11894	1.0435622822057777	-1.0435622822057775
K11895	2.0673306523614103	-2.0673306523614103
K11896	0.21408479953550527	-0.2140847995355055
K11900	1.5452713817650117	-1.5452713817650117
K11901	1.1767290653950275	-1.1767290653950275
K11903	1.6971212487941134	-1.6971212487941132
K11904	0.9415853677873278	-0.9415853677873279
K11905	0.06696735908001053	-0.06696735908001053
K11906	0.7520674260713813	-0.7520674260713812
K11907	1.2469250869576056	-1.2469250869576056
K11910	-1.1666383958542073	1.1666383958542073
K11911	0.8865060451982182	-0.8865060451982181
K11920	0.030483334969142597	-0.030483334969142593
K11921	1.6241812028932925	-1.6241812028932923
K11924	0.30716045228262273	-0.3071604522826227
K11925	1.5995505489965796	-1.5995505489965791
K11927	1.0305087761215785	-1.0305087761215783
K11928	-0.32560020636878495	0.3256002063687849
K11929	1.0692073894057943	-1.0692073894057939
K11930	1.3853196070455078	-1.3853196070455076
K11931	0.8658752206697923	-0.8658752206697922
K11932	0.13348104678823247	-0.1334810467882327
K11933	0.14794069093367102	-0.14794069093367124
K11934	-1.0026690950091868	1.0026690950091868
K11935	1.6538205258762	-1.6538205258761998
K11936	0.4357490743926614	-0.4357490743926616
K11938	1.631954236716398	-1.631954236716398
K11939	-0.0867380174806091	0.0867380174806091
K11941	1.5416721729011968	-1.5416721729011966
K11959	0.7549646440510305	-0.7549646440510301
K11960	-0.8670100125351268	0.8670100125351267
K11961	1.1630794613079498	-1.1630794613079498
K11962	0.9546744405681132	-0.9546744405681133
K11963	1.1367640251998272	-1.1367640251998272
K11991	0.5461351137742236	-0.5461351137742233
K11996	-1.066315138629541	1.066315138629541
K12056	1.4683859436869298	-1.4683859436869298
K12057	-1.0717117405648788	1.0717117405648786
K12058	1.051186089832079	-1.0511860898320786
K12059	-0.10925969374681166	0.10925969374681165
K12060	-0.5362237092134917	0.5362237092134916
K12061	1.5014524846451158	-1.5014524846451156
K12062	0.9056685382659245	-0.9056685382659246
K12063	1.4599349141621023	-1.4599349141621023
K12064	1.767441854051411	-1.7674418540514107
K12065	0.424262636455824	-0.42426263645582396
K12066	0.49319035166802655	-0.4931903516680265
K12067	-0.09368657336525861	0.0936865733652586
K12068	1.9965370562984524	-1.9965370562984521
K12070	0.5485138829981686	-0.5485138829981685
K12072	0.6928039606551578	-0.6928039606551579
K12111	-0.11605691952190182	0.11605691952190181
K12112	0.5179689811400378	-0.5179689811400376
K12113	1.4865780295766442	-1.486578029576644
K12132	-1.3653204743608671	1.365320474360867
K12136	1.3054743583185786	-1.3054743583185784
K12137	0.7887795664062802	-0.7887795664062801
K12138	-0.5925037322118161	0.592503732211816
K12139	0.3082720975844074	-0.30827209758440755
K12140	-0.39130487119210117	0.3913048711921011
K12141	0.0092995742009077	-0.009299574200907698
K12142	1.278588352366345	-1.278588352366345
K12143	-1.172162407135192	1.1721624071351917
K12146	-0.0884044990459528	0.08840449904595278
K12147	1.0810645505606788	-1.0810645505606788
K12149	1.0866544081495337	-1.0866544081495335
K12151	1.8143455403033526	-1.8143455403033526
K12203	0.6317039131147907	-0.6317039131147903
K12204	0.5862637947326756	-0.5862637947326754
K12206	0.1955705702628676	-0.1955705702628673
K12209	1.4450879758434236	-1.4450879758434234
K12211	1.1020186155606868	-1.1020186155606864
K12213	0.021053654483605605	-0.0210536544836056
K12214	-0.987388971417875	0.9873889714178749
K12217	0.11208637075225884	-0.11208637075225883
K12218	1.0864036265653167	-1.0864036265653167
K12228	0.9592141916385881	-0.959214191638588
K12240	-0.4218269572861492	0.42182695728614916
K12251	0.9845751274695453	-0.9845751274695452
K12255	0.9360564548948972	-0.9360564548948971
K12257	-0.7137280313973102	0.7137280313973101
K12262	1.4864752015415188	-1.4864752015415186
K12264	0.9723600292171924	-0.9723600292171921
K12265	1.2368085998861793	-1.2368085998861793
K12266	1.525213822092799	-1.5252138220927989
K12267	0.7789543040597926	-0.7789543040597925
K12268	0.6589785380308784	-0.6589785380308786
K12269	0.9482880083558919	-0.9482880083558916
K12288	0.9102603570046024	-0.9102603570046023
K12289	0.7518860090042148	-0.751886009004215
K12290	1.7647630603014468	-1.7647630603014466
K12292	1.1416003255893528	-1.1416003255893525
K12296	0.13638546128914655	-0.13638546128914675
K12297	0.9469979383033027	-0.9469979383033026
K12299	1.413567322764076	-1.4135673227640757
K12308	1.3685218118449336	-1.3685218118449336
K12339	1.7001518026114748	-1.7001518026114748
K12340	0.9030053950135234	-0.9030053950135233
K12343	-0.7616191915028674	0.7616191915028673
K12368	1.5183570765102588	-1.5183570765102588
K12369	-0.23077241741069293	0.2307724174106929
K12370	1.694127386751254	-1.694127386751254
K12371	0.15144346563765887	-0.1514434656376586
K12372	0.4896358022216553	-0.48963580222165526
K12373	0.4036795540805713	-0.4036795540805713
K12410	-0.025400442176484996	0.025400442176484992
K12452	-1.0374942508766816	1.0374942508766816
K12454	0.07940382922341199	-0.07940382922341198
K12472	0.4220979561571491	-0.4220979561571491
K12506	0.30678589029576303	-0.30678589029576275
K12507	0.2772866093275238	-0.2772866093275235
K12510	0.2722600960971904	-0.2722600960971901
K12511	-1.299462406248046	1.2994624062480458
K12516	1.9206462721853335	-1.9206462721853332
K12518	1.3838825026644097	-1.3838825026644095
K12519	1.3283426373242115	-1.3283426373242113
K12522	1.37151508826719	-1.3715150882671898
K12524	-0.40719315985516535	0.4071931598551653
K12525	0.8329930629605665	-0.8329930629605664
K12527	0.2538905690454636	-0.2538905690454636
K12528	0.04214056524296511	-0.042140565242965104
K12529	1.8519687619900125	-1.8519687619900123
K12541	0.8235706523858568	-0.8235706523858567
K12542	-0.8994867098659087	0.8994867098659086
K12543	0.35289616441941374	-0.3528961644194139
K12554	0.576483952286614	-0.5764839522866139
K12555	-0.05545123998063487	0.055451239980634864
K12556	-0.2816065518907355	0.28160655189073547
K12573	-1.2362715100473773	1.2362715100473773
K12574	-1.2931271336140027	1.2931271336140027
K12582	1.667806974010721	-1.6678069740107206
K12660	1.0064592588800618	-1.0064592588800614
K12661	1.9906493513772927	-1.9906493513772927
K12678	1.2393080812607957	-1.2393080812607955
K12684	1.2073613057748909	-1.2073613057748906
K12685	-0.9085016010719015	0.9085016010719014
K12687	0.4172867821868442	-0.4172867821868439
K12700	0.9275954901672672	-0.9275954901672673
K12733	-1.5316728612398676	1.5316728612398676
K12823	-1.0627020190530212	1.062702019053021
K12940	-0.04943535552538202	0.049435355525382016
K12941	-0.46504869141162203	0.465048691411622
K12942	0.8064600618599553	-0.806460061859955
K12943	0.5525677446843493	-0.552567744684349
K12944	1.827969407814925	-1.8279694078149245
K12945	1.8401467395891469	-1.8401467395891469
K12952	1.0847447210291927	-1.0847447210291925
K12957	0.4606285422581592	-0.46062854225815936
K12960	-0.9368610638039403	0.9368610638039402
K12961	1.593173614896948	-1.5931736148969478
K12962	1.3181503433891446	-1.3181503433891446
K12963	1.4924144884413413	-1.4924144884413415
K12972	1.5273652920659453	-1.527365292065945
K12973	1.5363619540334301	-1.5363619540334297
K12974	0.40717161100142374	-0.4071716110014237
K12975	1.4956501072446589	-1.4956501072446589
K12979	1.43548439655674	-1.43548439655674
K12981	1.5428463956274758	-1.5428463956274756
K12983	0.8172364371173437	-0.8172364371173434
K12984	-0.3816137091071314	0.3816137091071314
K12985	1.4661554994373143	-1.4661554994373143
K12990	-1.4062482850463272	1.406248285046327
K12992	0.21717721001174026	-0.21717721001174023
K12994	1.532846846623085	-1.5328468466230847
K12995	0.07903967471144893	-0.07903967471144892
K12996	-1.2192402112703862	1.219240211270386
K12997	-1.1987283370842932	1.198728337084293
K12999	-0.37152047015396744	0.3715204701539674
K13002	-0.13825591773912138	0.13825591773912138
K13004	-0.07439198236727401	0.074391982367274
K13012	-1.5706339117818577	1.5706339117818575
K13014	0.8397590306281981	-0.839759030628198
K13015	-0.3274090658346983	0.3274090658346983
K13018	-0.03985660588356751	0.0398566058835675
K13019	0.3956915247926497	-0.39569152479264963
K13038	0.22149873325019975	-0.22149873325019948
K13043	-1.1864337098105127	1.1864337098105124
K13051	0.5153526576605236	-0.5153526576605234
K13052	-1.622362013122444	1.6223620131224439
K13053	1.37786369882592	-1.37786369882592
K13059	0.7901340352287434	-0.7901340352287433
K13063	0.7839217678046068	-0.7839217678046067
K13069	0.6428814738583843	-0.6428814738583841
K13075	-0.8559981832508851	0.855998183250885
K13243	1.291466019656481	-1.291466019656481
K13244	1.3099785463797564	-1.3099785463797562
K13252	2.0481847831157087	-2.0481847831157087
K13255	1.3444262232696842	-1.3444262232696844
K13256	1.119994357164038	-1.119994357164038
K13280	-0.34797171828441764	0.3479717182844176
K13283	1.584055928132774	-1.5840559281327737
K13285	-1.0862464058318033	1.086246405831803
K13287	0.20241750551396362	-0.20241750551396334
K13288	0.9652891842287012	-0.9652891842287014
K13292	0.28363485681294837	-0.28363485681294837
K13378	-0.45809960559057783	0.4580996055905778
K13381	0.9486028040297396	-0.9486028040297395
K13403	-0.7827183426680082	0.7827183426680081
K13408	1.0933135140715207	-1.0933135140715207
K13409	0.9295201268033689	-0.9295201268033688
K13479	1.2077520932452002	-1.2077520932452004
K13491	-0.5769557526525116	0.5769557526525116
K13497	1.1000734403561545	-1.1000734403561543
K13498	1.8496729086320998	-1.8496729086320995
K13525	1.2504368253446723	-1.250436825344672
K13527	0.17196004411727425	-0.17196004411727422
K13529	0.6630875128714787	-0.6630875128714784
K13542	-0.42625802570838006	0.42625802570838
K13566	1.0616148058455188	-1.0616148058455188
K13570	0.9234791132966351	-0.9234791132966352
K13571	0.5908318033033039	-0.5908318033033035
K13574	1.358893904149088	-1.3588939041490877
K13607	-0.7120134319478754	0.7120134319478753
K13620	1.2524635477831756	-1.2524635477831754
K13626	-0.7107549432093561	0.710754943209356
K13629	1.0779924410429924	-1.0779924410429924
K13631	1.9418005732801418	-1.9418005732801416
K13632	1.334619643763751	-1.3346196437637508
K13633	1.408633181329287	-1.4086331813292867
K13634	1.9564400985348847	-1.9564400985348844
K13635	1.7536883734593027	-1.7536883734593025
K13636	1.9576154220713937	-1.9576154220713933
K13637	0.8379940191326037	-0.8379940191326036
K13638	1.6943533571380223	-1.6943533571380223
K13639	-0.7948886215931493	0.7948886215931492
K13640	-0.06888046975066947	0.06888046975066946
K13641	1.581920503909083	-1.5819205039090831
K13643	0.7242964290110355	-0.7242964290110356
K13652	1.1548039067209146	-1.1548039067209146
K13653	-0.0762862882352246	0.07628628823522458
K13663	-0.7694575214208228	0.7694575214208227
K13668	-1.210629879069929	1.2106298790699288
K13677	-0.049913076925623814	0.04991307692562381
K13678	-0.7737238457696934	0.7737238457696933
K13684	1.974517511324085	-1.9745175113240845
K13694	-0.13128589154975384	0.1312858915497538
K13695	1.7797115992182806	-1.7797115992182801
K13727	-0.9052946452424502	0.9052946452424501
K13732	-0.21331367567128687	0.21331367567128684
K13735	1.0203768854567894	-1.020376885456789
K13745	1.4127168031440975	-1.4127168031440973
K13747	-1.4130781663265475	1.4130781663265473
K13771	1.004119018698727	-1.0041190186987268
K13787	-0.5742885676537781	0.5742885676537781
K13788	-0.7190783396422535	0.7190783396422534
K13789	0.31773734379713714	-0.3177373437971371
K13794	1.2152773541880901	-1.2152773541880897
K13795	1.4597827650144906	-1.4597827650144903
K13796	0.8589441678563027	-0.8589441678563029
K13818	-0.7770114460750587	0.7770114460750587
K13821	0.3124991355249802	-0.31249913552497993
K13829	0.20606272992585414	-0.20606272992585412
K13853	-0.927721039821808	0.9277210398218079
K13874	0.5352683264436832	-0.535268326443683
K13888	2.0592023668950867	-2.0592023668950867
K13889	0.07220718165840999	-0.07220718165841021
K13890	0.8771303747295762	-0.8771303747295761
K13891	1.349512164220631	-1.3495121642206307
K13892	1.7604881069190348	-1.7604881069190346
K13893	1.0011339786540823	-1.001133978654082
K13894	0.6628322399409069	-0.6628322399409068
K13895	0.45088794734760573	-0.4508879473476057
K13896	0.8761429151798158	-0.8761429151798155
K13918	1.331881670129632	-1.3318816701296319
K13919	-0.30696903746629484	0.3069690374662948
K13920	0.7286372175357911	-0.7286372175357908
K13921	0.4281523876672516	-0.42815238766725133
K13922	1.5876240258743988	-1.5876240258743985
K13923	1.2956229278054454	-1.2956229278054456
K13926	0.24000566465875645	-0.24000566465875642
K13927	-0.2442391644543253	0.24423916445432528
K13928	1.8896758255374342	-1.889675825537434
K13929	-1.7077289664327888	1.7077289664327886
K13930	0.2549771946076037	-0.2549771946076037
K13932	-0.33831837236713036	0.3383183723671303
K13933	1.0737143856304014	-1.0737143856304012
K13934	0.32938883451858897	-0.3293888345185889
K13935	0.9931294793629806	-0.9931294793629808
K13936	1.7764655301255152	-1.7764655301255148
K13938	1.5067671238993314	-1.5067671238993312
K13940	0.3036501025874105	-0.30365010258741043
K13953	0.5504600531448	-0.5504600531447996
K13954	-1.9320664349516332	1.932066434951633
K13963	0.9260351937993947	-0.9260351937993946
K13979	0.9426474474765371	-0.9426474474765372
K13990	-1.3081957859640023	1.308195785964002
K13993	0.11524060288929529	-0.11524060288929527
K14048	-0.0922665649840061	0.09226656498400608
K14051	1.299389846991757	-1.299389846991757
K14052	1.7703132477089476	-1.7703132477089474
K14053	1.3067270357083987	-1.3067270357083984
K14054	0.8638268282958702	-0.8638268282958703
K14055	-0.04448981213189856	0.04448981213189855
K14056	0.9187391342840988	-0.9187391342840985
K14057	1.5497371650084517	-1.5497371650084515
K14058	0.4875936194649448	-0.48759361946494495
K14059	1.7886578114217986	-1.7886578114217986
K14061	0.8268485372259122	-0.8268485372259122
K14062	0.8989736930900869	-0.8989736930900869
K14063	0.5814924538099067	-0.5814924538099067
K14065	2.0698874413801063	-2.0698874413801063
K14083	-1.5052327670546568	1.5052327670546566
K14087	-0.5967716785957988	0.5967716785957987
K14090	0.22874233126559418	-0.2287423312655944
K14127	-1.6099578036102842	1.609957803610284
K14138	-0.8026859413576571	0.8026859413576571
K14153	-0.5948571090515732	0.5948571090515732
K14155	0.7023220856541788	-0.7023220856541786
K14170	-0.6940878498627654	0.6940878498627653
K14187	1.6142453494001785	-1.6142453494001783
K14188	0.3038169094111894	-0.3038169094111891
K14205	0.3829589029035771	-0.3829589029035768
K14260	1.1056927927065834	-1.1056927927065834
K14261	0.9536046585828889	-0.953604658582889
K14274	0.7014950202804353	-0.7014950202804352
K14287	0.767588788826545	-0.7675887888265449
K14333	1.3041577376466442	-1.304157737646644
K14347	-0.051778084721649874	0.05177808472164987
K14348	0.6885272333861091	-0.6885272333861092
K14379	-0.7759618309277364	0.7759618309277363
K14392	1.0633343633279335	-1.0633343633279335
K14393	0.8644627100070018	-0.8644627100070014
K14394	-0.78375603016385	0.7837560301638499
K14414	1.0696708237017398	-1.0696708237017396
K14415	1.4217538331021464	-1.4217538331021462
K14441	-1.4850064250823776	1.4850064250823773
K14445	1.5578416165445768	-1.5578416165445765
K14534	0.817697118072351	-0.8176971180723509
K14540	-1.6328655173127975	1.6328655173127973
K14587	1.8225986944799373	-1.822598694479937
K14588	1.3494387898790388	-1.3494387898790385
K14591	-0.07080531981700755	0.07080531981700754
K14623	-0.024975204397375807	0.024975204397375803
K14652	-1.4911201080790113	1.491120108079011
K14654	-1.357941126208132	1.3579411262081318
K14665	1.7301167426381499	-1.7301167426381499
K14682	-0.6020035999844751	0.602003599984475
K14731	0.6665642133465915	-0.6665642133465914
K14742	-1.3822746089341449	1.3822746089341449
K14744	1.0298647151668985	-1.0298647151668987
K14761	-1.2364334259397796	1.2364334259397793
K14762	1.9445007140943449	-1.9445007140943444
K14977	0.261865369141512	-0.26186536914151176
K14982	0.934696876077685	-0.9346968760776847
K15023	-0.7460620213529109	0.7460620213529109
K15024	-1.5333012246052593	1.533301224605259
K15034	0.314983146030117	-0.314983146030117
K15051	0.11242985048292647	-0.11242985048292671
K15054	0.60179577632394	-0.6017957763239402
K15125	0.3553077520535769	-0.35530775205357684
K15212	-1.0534799022651986	1.0534799022651984
K15255	0.1141902705264919	-0.11419027052649212
K15256	1.896411782341231	-1.8964117823412308
K15257	0.283309970767934	-0.283309970767934
K15268	1.8241603192561	-1.8241603192561
K15269	-0.25379630972370293	0.25379630972370293
K15303	0.4311526680251285	-0.4311526680251287
K15342	-1.3028908297225945	1.3028908297225945
K15372	-1.1835016068189461	1.183501606818946
K15373	1.0548631112453475	-1.0548631112453477
K15396	1.2091358842749733	-1.2091358842749729
K15460	-1.5823549167119872	1.582354916711987
K15461	1.2842686118334559	-1.2842686118334559
K15505	-0.042571060770146135	0.04257106077014613
K15524	1.3156676102126335	-1.3156676102126332
K15531	-0.1470569800661802	0.14705698006618018
K15532	-1.5819574164896448	1.5819574164896446
K15533	0.20598111918690057	-0.20598111918690054
K15534	-1.3097153093393707	1.3097153093393705
K15536	1.4600268336788558	-1.4600268336788558
K15539	1.515102345404144	-1.5151023454041435
K15540	1.8652097353123607	-1.8652097353123602
K15545	1.5884596131654902	-1.58845961316549
K15547	1.6575374742301106	-1.6575374742301106
K15548	1.7163829949959417	-1.7163829949959413
K15549	0.6041283298028515	-0.6041283298028517
K15550	0.44244331553513894	-0.4424433155351386
K15551	1.3168823411364963	-1.316882341136496
K15552	0.8520986248177962	-0.8520986248177963
K15553	-0.4503343170765566	0.4503343170765565
K15554	1.0094639120478561	-1.0094639120478563
K15555	-0.1021546043075852	0.10215460430758519
K15576	1.3876332404571012	-1.3876332404571012
K15577	-0.0401799995990913	0.04017999959909129
K15578	0.008380340218458735	-0.008380340218458735
K15580	-0.6666430264838883	0.6666430264838882
K15581	0.738368197936205	-0.7383681979362047
K15582	-0.32448722994554396	0.3244872299455439
K15583	-0.09807874132435	0.09807874132434999
K15584	1.5014025959678845	-1.5014025959678845
K15585	1.1772624078087057	-1.1772624078087055
K15586	0.9254681331490504	-0.9254681331490501
K15587	0.8448160500197519	-0.8448160500197516
K15598	1.5573262974232067	-1.5573262974232065
K15599	-0.3156365432214736	0.31563654322147355
K15600	-0.6454314137799176	0.6454314137799176
K15633	-1.463417678275068	1.4634176782750679
K15634	0.719717371684364	-0.7197173716843639
K15635	-0.457035923420157	0.4570359234201569
K15640	-1.0417701585071528	1.0417701585071526
K15669	-0.7540900649003227	0.7540900649003226
K15711	-0.35196828855563406	0.35196828855563406
K15721	1.2407348323871144	-1.2407348323871141
K15723	1.985217235356448	-1.985217235356448
K15724	1.0158314246778704	-1.0158314246778701
K15725	-0.937611208027676	0.9376112080276758
K15726	0.6794646374424326	-0.6794646374424322
K15727	-1.3577418788337574	1.3577418788337572
K15735	2.0284128670591097	-2.0284128670591097
K15736	0.6932416893999536	-0.6932416893999535
K15737	1.7615168426425554	-1.7615168426425551
K15738	-0.17884825003580412	0.1788482500358041
K15739	-1.3386227780916489	1.3386227780916486
K15770	-0.9599963009664008	0.9599963009664007
K15771	0.4176944967551763	-0.41769449675517595
K15772	-0.36338879233963517	0.3633887923396351
K15773	-0.7289074455845921	0.7289074455845921
K15777	1.8816351942106944	-1.8816351942106944
K15827	1.1949794594824004	-1.1949794594824001
K15828	2.0413227145233552	-2.0413227145233552
K15829	1.1009317844685744	-1.100931784468574
K15830	0.9714989326463697	-0.9714989326463698
K15831	1.4929336430703704	-1.4929336430703701
K15832	1.4295241430544092	-1.4295241430544092
K15833	0.6838755830380988	-0.6838755830380988
K15834	1.600403199604067	-1.6004031996040669
K15835	0.41393628356809303	-0.413936283568093
K15836	-0.16174744661432794	0.1617474466143279
K15866	1.0617859250885935	-1.0617859250885935
K15876	1.4514817287309103	-1.45148172873091
K15894	-1.6546319637286693	1.654631963728669
K15898	-1.5519341015460915	1.5519341015460912
K15915	-1.6585550498983366	1.6585550498983364
K15921	-1.47785463844874	1.4778546384487399
K15922	-0.6317415921914071	0.631741592191407
K15923	-0.797746635463979	0.7977466354639788
K15924	-0.5990868396527311	0.599086839652731
K15974	0.22199986144144906	-0.22199986144144904
K15975	1.2594348034350953	-1.2594348034350953
K15977	0.9865512491053423	-0.9865512491053421
K15984	-1.5003612752872477	1.5003612752872475
K15986	-1.4153854964155235	1.4153854964155232
K15987	-0.07348420434711542	0.07348420434711542
K16012	1.3383208706155363	-1.3383208706155363
K16013	1.67239737944811	-1.6723973794481097
K16014	-1.2087107504606045	1.2087107504606043
K16044	1.8602629633039576	-1.8602629633039574
K16052	0.8344283865970847	-0.8344283865970846
K16053	1.634182619441399	-1.6341826194413986
K16055	-1.0208836876038863	1.020883687603886
K16066	1.9944326323014272	-1.994432632301427
K16074	1.7274398569693317	-1.7274398569693314
K16076	0.811956900445581	-0.8119569004455809
K16077	0.4811099371473029	-0.4811099371473028
K16087	1.6942535715202485	-1.6942535715202485
K16088	1.2635094380168044	-1.263509438016804
K16089	1.7177790286192276	-1.7177790286192274
K16090	0.8302086965795603	-0.8302086965795602
K16091	0.5990731403799767	-0.5990731403799769
K16092	2.0221692983090716	-2.0221692983090716
K16135	1.0361793123513787	-1.0361793123513783
K16136	1.412483496771644	-1.412483496771644
K16137	1.6721340684770636	-1.6721340684770634
K16139	1.5824673245096337	-1.5824673245096335
K16140	1.0702254557673219	-1.0702254557673219
K16147	0.8059728841201843	-0.8059728841201843
K16148	-0.12355064766995309	0.12355064766995308
K16165	-0.5766955565119486	0.5766955565119486
K16169	-1.0866293281531698	1.0866293281531696
K16203	-0.8859362703780475	0.8859362703780473
K16209	-1.3378015645393513	1.337801564539351
K16210	1.23801836224299	-1.2380183622429894
K16211	-0.3286238965316473	0.32862389653164725
K16212	-1.5717134485505502	1.57171344855055
K16213	-0.3771948932789593	0.3771948932789592
K16234	0.549136156393306	-0.549136156393306
K16235	1.3874622396699585	-1.3874622396699585
K16238	-1.1412685469502277	1.1412685469502275
K16248	1.7855882912577083	-1.7855882912577081
K16263	1.2458069355746133	-1.2458069355746135
K16264	0.9794710980428436	-0.9794710980428435
K16291	1.9788354423582557	-1.9788354423582555
K16301	1.4466249317924675	-1.4466249317924673
K16321	1.4491868405283308	-1.4491868405283304
K16322	0.049624533925703096	-0.04962453392570309
K16323	-1.5485088873031188	1.5485088873031185
K16324	0.7099117726664197	-0.7099117726664194
K16326	0.6602404735388381	-0.6602404735388377
K16328	0.9119241055742917	-0.9119241055742916
K16329	-1.1480554244985237	1.1480554244985235
K16345	-0.0007716339618314286	0.0007716339618314286
K16346	0.15295141910554644	-0.1529514191055462
K16363	-0.8421436348375214	0.8421436348375213
K16370	1.4205908264437637	-1.4205908264437637
K16371	0.7559901669043103	-0.7559901669043103
K16435	-0.0578147837116501	0.057814783711650095
K16509	-0.746412102102627	0.7464121021026269
K16511	1.1795433472456465	-1.1795433472456465
K16515	0.08265618711221726	-0.082656187112217
K16516	1.5035584518486125	-1.5035584518486123
K16554	-1.4908267640019541	1.490826764001954
K16650	-1.397541545852893	1.3975415458528928
K16651	-0.34438239066533805	0.34438239066533805
K16692	1.3947763478060689	-1.3947763478060686
K16693	0.9635597080596003	-0.9635597080595999
K16695	0.39103305877582	-0.39103305877581973
K16698	-1.3633511991256335	1.3633511991256335
K16704	0.8667433601746284	-0.8667433601746283
K16711	0.6037742409496442	-0.603774240949644
K16783	-0.05475965157294011	0.05475965157294011
K16784	1.473290191329224	-1.4732901913292242
K16785	1.023349928706217	-1.0233499287062169
K16786	-0.46046308729788743	0.4604630872978874
K16787	0.09896671711566286	-0.09896671711566261
K16788	0.7143004293860025	-0.7143004293860026
K16789	-1.5781727626523134	1.5781727626523132
K16839	1.9034235388859797	-1.9034235388859795
K16840	0.742499261431294	-0.7424992614312941
K16841	1.148101545782231	-1.148101545782231
K16842	0.12021182162195818	-0.12021182162195816
K16850	0.2530547839599946	-0.2530547839599943
K16868	1.6401024102826594	-1.6401024102826591
K16898	1.0385957005909863	-1.038595700590986
K16899	-1.393846586141601	1.3938465861416007
K16905	-0.633182493499019	0.6331824934990189
K16906	-0.9980120647086792	0.9980120647086791
K16907	0.7566559460533496	-0.7566559460533497
K16923	-0.15182984487417145	0.15182984487417142
K16924	-0.26950168406875097	0.2695016840687509
K16925	0.6484775701731517	-0.6484775701731513
K16926	-0.2792297917426437	0.2792297917426437
K16927	-1.2570509561568317	1.2570509561568317
K16936	-0.055843804189247316	0.05584380418924731
K16937	-0.1486674051931532	0.14866740519315316
K16950	-1.6324533410194666	1.6324533410194664
K16951	-1.3314145709632865	1.3314145709632865
K16957	0.11933443698961198	-0.11933443698961173
K16958	0.46417173467130035	-0.4641717346713003
K16959	1.6033582077497948	-1.6033582077497945
K16960	0.6886273622043861	-0.6886273622043859
K17073	-0.21163439903638792	0.2116343990363879
K17074	-0.9329264487272166	0.9329264487272165
K17076	0.2942493731762208	-0.2942493731762206
K17103	-0.04321436716839703	0.04321436716839702
K17195	0.838638294101144	-0.8386382941011441
K17202	-0.339347443952574	0.339347443952574
K17203	0.5324064200166139	-0.5324064200166141
K17204	0.5697420332836933	-0.569742033283693
K17213	-1.297169263036958	1.297169263036958
K17214	0.34231823326376765	-0.34231823326376765
K17215	-0.8376098587136858	0.8376098587136858
K17218	-0.0010579027978955026	0.0010579027978955024
K17234	-0.6205429408639017	0.6205429408639016
K17235	-0.2761145291993071	0.27611452919930707
K17236	-0.6264244394079991	0.6264244394079991
K17241	-0.9939855592022491	0.993985559202249
K17242	-1.3019321167835511	1.301932116783551
K17243	0.2516474101424322	-0.25164741014243214
K17247	-0.7658793491631264	0.7658793491631263
K17318	0.9182701198318525	-0.9182701198318524
K17319	-1.0841426090679325	1.0841426090679325
K17320	0.2220439647348288	-0.22204396473482851
K17331	-0.15031721739037315	0.15031721739037315
K17462	-0.2474990131627596	0.24749901316275957
K17463	0.9653304695453512	-0.965330469545351
K17464	0.17435112272842307	-0.17435112272842307
K17465	-0.8511566926374341	0.851156692637434
K17466	0.3854647640529393	-0.3854647640529393
K17467	1.5788148625658351	-1.5788148625658354
K17468	0.804111491914139	-0.8041114919141389
K17473	0.09128930735140749	-0.09128930735140747
K17624	1.1653145568336114	-1.165314556833611
K17675	-1.3791681474632242	1.379168147463224
K17680	-0.3223168606465204	0.3223168606465203
K17686	0.9198700918961824	-0.9198700918961821
K17713	1.65792167729945	-1.6579216772994498
K17716	-1.2086490918999746	1.2086490918999746
K17722	0.6160211529729211	-0.6160211529729214
K17723	-0.9098750159541782	0.9098750159541781
K17733	0.47168761269764464	-0.47168761269764486
K17734	0.599044334473959	-0.5990443344739587
K17758	-0.301759201446108	0.301759201446108
K17759	0.9639101653358771	-0.963910165335877
K17810	1.0904089674808333	-1.090408967480833
K17816	-0.16193974862002683	0.1619397486200268
K17818	-0.5733409500897382	0.5733409500897382
K17828	-0.86121560403304	0.8612156040330399
K17836	1.0289179541216602	-1.0289179541216602
K17865	-0.32457638026232327	0.3245763802623232
K17869	1.0797177185357738	-1.0797177185357734
K17898	-0.4938043027768306	0.4938043027768305
K17938	2.038818043751273	-2.038818043751273
K17947	0.3976587494748139	-0.3976587494748139
K17948	0.41819235650303743	-0.4181923565030374
K17992	-1.0816084883554973	1.081608488355497
K18011	0.9255670076903362	-0.9255670076903361
K18012	0.33135716569553025	-0.33135716569553
K18013	0.37779056315536913	-0.3777905631553691
K18014	-1.6550562196222267	1.6550562196222265
K18015	0.5516707226192354	-0.5516707226192352
K18094	-0.22645147838343332	0.2264514783834333
K18095	1.038293017216327	-1.0382930172163267
K18104	-0.011793565298954053	0.011793565298954051
K18118	-0.08397767379691178	0.08397767379691178
K18120	-0.7063881108732202	0.7063881108732202
K18122	0.40629336324397447	-0.40629336324397447
K18138	1.5811462239082126	-1.5811462239082124
K18139	0.8273314886744525	-0.8273314886744524
K18140	1.6636531135622055	-1.6636531135622055
K18141	1.5462977112666119	-1.5462977112666114
K18142	1.4492035993783106	-1.4492035993783101
K18146	0.28294239878560984	-0.2829423987856098
K18148	1.4110280322482822	-1.411028032248282
K18149	-0.9004932610182114	0.9004932610182113
K18197	-1.2673905044052758	1.2673905044052756
K18205	0.46929430260141314	-0.46929430260141336
K18206	-1.2753714886581344	1.2753714886581344
K18214	0.1645193028354043	-0.16451930283540403
K18220	0.2754499780378785	-0.27544997803787846
K18221	-0.10429566673419402	0.104295666734194
K18231	-0.8810533002539851	0.881053300253985
K18234	-1.1125981441151094	1.1125981441151092
K18237	-0.502079984007636	0.5020799840076359
K18244	-0.30738986955584396	0.30738986955584396
K18301	-0.002746952927830666	0.0027469529278306656
K18320	-0.5697455850756045	0.5697455850756045
K18324	1.908526770273972	-1.9085267702739719
K18325	1.874953572753894	-1.874953572753894
K18326	-0.9513050203326687	0.9513050203326686
K18330	-1.2663639272280496	1.2663639272280494
K18331	0.22670152274252375	-0.22670152274252373
K18332	-1.2716138437942912	1.271613843794291
K18333	0.17875986302407076	-0.17875986302407096
K18334	-0.003646126049816237	0.0036461260498162366
K18344	-1.2395166711344099	1.2395166711344097
K18345	1.1726742707453597	-1.1726742707453592
K18346	1.1892966888609946	-1.1892966888609944
K18349	-0.6368184302911134	0.6368184302911133
K18350	-1.5518008819226	1.5518008819225997
K18369	-0.2042547025668363	0.20425470256683628
K18427	0.9567065063344486	-0.9567065063344485
K18430	0.07300189344871692	-0.07300189344871667
K18445	-1.3721094585827849	1.3721094585827847
K18446	1.9223155378069463	-1.9223155378069459
K18471	-0.2530599506280162	0.2530599506280161
K18474	-0.3958609249338654	0.3958609249338653
K18475	-1.7101188835550722	1.710118883555072
K18476	0.458525137859602	-0.45852513785960197
K18478	0.8632017160744259	-0.8632017160744258
K18479	-0.17471346678973257	0.17471346678973254
K18480	0.8132758810913857	-0.8132758810913858
K18530	0.027784587675999742	-0.02778458767599974
K18531	0.5988264145012137	-0.5988264145012135
K18581	-0.5139109468694936	0.5139109468694936
K18589	0.01286510411395537	-0.012865104113955368
K18640	-0.31206537135878604	0.312065371358786
K18650	0.6324872886325469	-0.632487288632547
K18657	0.8640306779745098	-0.8640306779745095
K18672	-0.847731512956894	0.8477315129568939
K18673	1.8135188786664107	-1.8135188786664105
K18675	-0.7065770502301466	0.7065770502301465
K18682	-1.2766356572108999	1.2766356572108997
K18691	0.5710715081231679	-0.5710715081231675
K18692	0.5157246293022134	-0.5157246293022134
K18697	1.4040417239380678	-1.4040417239380678
K18698	0.9964740160280505	-0.9964740160280504
K18702	1.4303668584760667	-1.4303668584760667
K18704	0.22375767152179452	-0.2237576715217947
K18707	-0.9417069153749535	0.9417069153749534
K18765	1.9045028232410461	-1.904502823241046
K18778	0.9483533499967421	-0.9483533499967418
K18785	1.0996989854167518	-1.0996989854167516
K18800	0.6231234317896034	-0.6231234317896033
K18814	-1.442117296621581	1.4421172966215807
K18824	0.7020330407838268	-0.7020330407838269
K18827	-0.06377785569127971	0.06377785569127971
K18828	0.47010999534977516	-0.4701099953497751
K18829	1.6816926255189364	-1.681692625518936
K18831	0.4034493623070342	-0.40344936230703393
K18837	1.6299246652716313	-1.6299246652716313
K18838	1.0671641549870066	-1.0671641549870063
K18850	0.7650251418009678	-0.7650251418009679
K18856	1.0322819262068272	-1.032281926206827
K18887	-1.3802480881028516	1.3802480881028514
K18888	1.1806936283370526	-1.1806936283370524
K18889	-0.3271822910403218	0.3271822910403218
K18890	1.756202244696251	-1.756202244696251
K18895	1.0114287581345065	-1.0114287581345063
K18898	0.06287018104746216	-0.06287018104746214
K18899	1.790165785718045	-1.790165785718045
K18907	0.771553237639213	-0.7715532376392127
K18910	-1.089394360083427	1.0893943600834268
K18918	1.0595811470872205	-1.0595811470872203
K18922	-0.1982412841730328	0.19824128417303277
K18926	-1.6770329906700379	1.6770329906700376
K18928	1.377632368290244	-1.3776323682902438
K18929	1.5463567636345026	-1.5463567636345024
K18930	-0.28136247697522904	0.281362476975229
K18954	1.0444872288114262	-1.044487228811426
K18955	-0.8088967728181116	0.8088967728181116
K18959	0.7090739106346202	-0.7090739106346202
K18968	0.2891325491481369	-0.2891325491481371
K18979	-1.3266653779453959	1.3266653779453956
K18986	-0.006569137366451504	0.006569137366451503
K18988	1.3868860700519285	-1.3868860700519283
K18991	1.0379916716280466	-1.0379916716280464
K18997	0.12426214150790388	-0.12426214150790386
K19002	0.6086946707688506	-0.6086946707688505
K19005	-0.34794459274648265	0.3479445927464826
K19046	-0.8115345382024979	0.8115345382024978
K19048	0.7228759578920944	-0.7228759578920945
K19049	1.2162215974393387	-1.2162215974393387
K19050	0.15755877517656627	-0.15755877517656625
K19052	0.18308761972923965	-0.18308761972923962
K19055	-1.8821930492737087	1.8821930492737085
K19057	1.5223763795964358	-1.5223763795964356
K19058	0.638629333024821	-0.6386293330248209
K19059	1.050314399989096	-1.0503143999890958
K19068	-1.0531942561306487	1.0531942561306484
K19075	-0.01609939144381937	0.01609939144381937
K19090	-0.12886791945155754	0.12886791945155754
K19092	0.4120117199731388	-0.41201171997313873
K19115	0.005531146984914206	-0.0055311469849142056
K19117	0.602088819873288	-0.6020888198732881
K19118	-0.5398464988890544	0.5398464988890544
K19119	-1.6368132170733758	1.6368132170733756
K19123	1.5617931989832101	-1.5617931989832101
K19124	-0.8205736520712963	0.8205736520712962
K19125	-1.2446361623019582	1.2446361623019582
K19126	-0.2407885906613597	0.24078859066135969
K19127	0.11785612574675701	-0.11785612574675675
K19128	0.8700490932256537	-0.8700490932256538
K19129	-0.43245332429294553	0.4324533242929455
K19132	-0.40069060510543464	0.4006906051054346
K19134	0.6767428505217798	-0.6767428505217795
K19139	-0.6517630915046554	0.6517630915046553
K19140	-0.9305235504037609	0.9305235504037608
K19147	0.6324134470530828	-0.632413447053083
K19155	0.16446105753511495	-0.16446105753511492
K19157	0.34968155724175565	-0.34968155724175587
K19158	1.4900136520152236	-1.4900136520152236
K19159	0.6937226357837589	-0.6937226357837586
K19160	-0.14404796982445098	0.14404796982445095
K19162	1.3777009115905021	-1.3777009115905021
K19163	0.47328824795100455	-0.4732882479510045
K19164	0.8579885111708998	-0.8579885111708997
K19165	-1.6791751651294156	1.6791751651294153
K19166	1.4827064522098545	-1.4827064522098545
K19168	1.1814283861394492	-1.1814283861394492
K19170	-0.8976106163505234	0.8976106163505234
K19171	-0.3583884834064773	0.3583884834064772
K19175	-0.941337414063716	0.9413374140637158
K19180	-0.9700353454222562	0.9700353454222561
K19221	1.3943397867211687	-1.3943397867211684
K19222	1.646101379263155	-1.6461013792631547
K19224	-0.17009891337665467	0.17009891337665464
K19225	1.6947755063289354	-1.6947755063289351
K19226	1.948506278573792	-1.9485062785737917
K19227	1.7556174009508696	-1.7556174009508694
K19228	1.3450199588346934	-1.345019958834693
K19229	0.7821906390912093	-0.7821906390912092
K19230	1.4039762912745293	-1.403976291274529
K19231	0.740792949517474	-0.7407929495174739
K19234	1.1746423509838455	-1.1746423509838455
K19235	0.5711009434806118	-0.5711009434806117
K19236	0.82825284538573	-0.8282528453857302
K19262	-0.9196065604985786	0.9196065604985785
K19265	-0.6471237339101591	0.6471237339101591
K19267	0.2820958146982002	-0.28209581469819994
K19268	0.8198937621258456	-0.8198937621258455
K19270	1.6313501728301127	-1.6313501728301125
K19271	-1.4751640812597078	1.4751640812597075
K19273	-0.5127479004780522	0.5127479004780522
K19285	-1.7238718946756557	1.7238718946756555
K19286	-0.7257635007530523	0.7257635007530522
K19294	-1.5957487796065397	1.5957487796065395
K19299	-0.2726498047254258	0.27264980472542577
K19302	-0.6333188208094097	0.6333188208094096
K19303	1.5618465456582133	-1.5618465456582131
K19304	0.2667211712621234	-0.2667211712621234
K19309	-0.10723641970156814	0.10723641970156812
K19310	-1.770491476304315	1.7704914763043147
K19333	-1.2425585977864098	1.2425585977864095
K19334	1.4866585131629921	-1.486658513162992
K19335	1.4483268518668007	-1.4483268518668004
K19336	1.694355885257947	-1.6943558852579468
K19337	0.46598490170055346	-0.4659849017005532
K19338	0.22655464308212253	-0.2265546430821225
K19350	-0.14220897445539674	0.1422089744553967
K19353	1.7081287970209942	-1.708128797020994
K19354	1.9180826764053074	-1.9180826764053072
K19355	-0.529710237569502	0.529710237569502
K19405	0.3147029053182526	-0.31470290531825235
K19411	-0.3667256554505106	0.36672565545051056
K19416	1.1214695799906036	-1.1214695799906034
K19421	-1.2619677868337624	1.2619677868337622
K19424	-0.4880490923711805	0.48804909237118044
K19427	-1.385317944666003	1.3853179446660029
K19428	-0.24648539057956903	0.246485390579569
K19429	-0.43865120914982925	0.4386512091498292
K19431	-0.49214960591135254	0.49214960591135243
K19504	-0.5181155036916535	0.5181155036916534
K19505	-1.272033347549702	1.272033347549702
K19506	0.11765670313739536	-0.11765670313739535
K19507	-0.04466506466163262	0.044665064661632614
K19508	-1.350637793756578	1.350637793756578
K19509	-1.0144975333843922	1.014497533384392
K19510	0.05565812817308265	-0.05565812817308264
K19540	1.3272747971730323	-1.3272747971730323
K19545	-0.36793215734175755	0.3679321573417575
K19577	0.5959096492692327	-0.5959096492692327
K19585	-0.008329670600740817	0.008329670600740816
K19586	0.9790026926015348	-0.9790026926015345
K19587	-1.0290346829033326	1.0290346829033326
K19591	1.7677951874408833	-1.7677951874408828
K19611	-0.1956930833384517	0.19569308333845167
K19689	0.13575443860985162	-0.13575443860985162
K19697	1.5708150493829005	-1.5708150493829003
K19709	0.0032167969931949335	-0.003216796993194933
K19710	1.3337442709629614	-1.333744270962961
K19745	1.847277515160261	-1.847277515160261
K19775	1.4476061793634878	-1.4476061793634878
K19776	1.1546547781877274	-1.154654778187727
K19784	0.48404206438977254	-0.4840420643897727
K19789	0.3910104973666253	-0.391010497366625
K19793	1.098700366626234	-1.0987003666262338
K19802	-0.8829571592169909	0.8829571592169908
K19803	0.4512362556686826	-0.45123625566868275
K19804	1.207775688715846	-1.2077756887158457
K19810	1.760271141211288	-1.7602711412112875
K19824	0.811141774508302	-0.8111417745083017
K19837	1.0068081436396727	-1.0068081436396725
K19883	-1.0140465393322462	1.014046539332246
K19954	-1.523640157922849	1.523640157922849
K19955	-1.3683842670893194	1.3683842670893192
K19956	1.6045884997770936	-1.6045884997770932
K19997	-1.1677114996788098	1.1677114996788098
K20023	0.05298342413996023	-0.052983424139960225
K20037	-0.9117688120098144	0.9117688120098143
K20038	1.9983713246875543	-1.9983713246875543
K20073	-0.6062968548418051	0.606296854841805
K20074	1.123380554670044	-1.1233805546700442
K20107	0.918451830641786	-0.9184518306417859
K20108	-1.073686849992606	1.073686849992606
K20114	1.3285206121230386	-1.3285206121230386
K20116	-0.271653644380499	0.271653644380499
K20117	-1.433610324759106	1.4336103247591059
K20118	-1.5431447520024844	1.5431447520024841
K20263	0.07279320556102843	-0.07279320556102843
K20264	0.5371099253042817	-0.5371099253042818
K20265	-0.3906803325267467	0.39068033252674667
K20276	1.6550237158037384	-1.6550237158037382
K20342	-1.3439735459758773	1.3439735459758773
K20344	1.1359773587658413	-1.1359773587658413
K20345	0.5299692987185287	-0.5299692987185286
K20382	1.2982172716301634	-1.2982172716301632
K20415	-0.7136858531953145	0.7136858531953144
K20429	-0.011449170855160685	0.011449170855160683
K20444	-1.054252152836506	1.054252152836506
K20459	-0.1672291864225284	0.16722918642252838
K20460	-0.726115724005291	0.7261157240052909
K20461	-1.1784718391589388	1.1784718391589388
K20480	0.018107577017155055	-0.018107577017155055
K20483	-0.5036513283948437	0.5036513283948436
K20484	-0.3146720629627911	0.3146720629627911
K20487	-1.456491566903032	1.4564915669030318
K20488	-1.6684090482533518	1.6684090482533516
K20489	-0.4956930878262537	0.49569308782625365
K20490	-1.680400669276477	1.6804006692764768
K20491	-0.950952602646946	0.9509526026469459
K20492	-1.575614011542158	1.5756140115421577
K20509	-0.39942826647311364	0.39942826647311364
K20533	-0.019731994575982	0.019731994575982
K20534	-0.36139848321653345	0.3613984832165334
K20541	1.507823279436157	-1.5078232794361568
K20542	1.4790178766292925	-1.4790178766292923
K20543	1.7261346368808703	-1.72613463688087
K20609	0.747149767438871	-0.7471497674388711
K20765	0.4644553928011049	-0.46445539280110487
K20814	0.48751660430463106	-0.48751660430463123
K20861	0.021243843534799942	-0.02124384353479994
K20862	0.8995515211703752	-0.8995515211703751
K20866	0.4826855990294207	-0.48268559902942065
K20881	0.09996675392402497	-0.09996675392402496
K20885	-0.5625384422064448	0.5625384422064447
K20903	-0.8087074890517575	0.8087074890517574
K20904	-0.733730275917129	0.7337302759171289
K20920	0.685601330239729	-0.6856013302397289
K20938	1.428960727649257	-1.428960727649257
K21011	-0.5008359951568593	0.5008359951568592
K21012	-0.07351998616880821	0.0735199861688082
K21021	2.0702786997177802	-2.07027869971778
K21023	0.5958180662693863	-0.5958180662693862
K21028	1.8576963845789338	-1.8576963845789338
K21029	-1.3123060161324742	1.3123060161324742
K21030	-1.22578189484255	1.22578189484255
K21063	-1.377352401179126	1.377352401179126
K21064	0.7243548780319201	-0.72435487803192
K21065	0.11992858795161633	-0.11992858795161655
K21071	-0.9070105341568477	0.9070105341568476
K21076	0.052502455291207485	-0.052502455291207485
K21084	0.7631989007407471	-0.763198900740747
K21085	0.5022733817216666	-0.5022733817216662
K21086	2.1481597810507367	-2.1481597810507362
K21087	-0.6901840463613165	0.6901840463613165
K21088	1.036542178539518	-1.0365421785395181
K21089	2.116534442161744	-2.116534442161744
K21090	0.7979970464547702	-0.7979970464547701
K21132	1.3128980429542596	-1.3128980429542594
K21140	-1.0466014672664048	1.0466014672664048
K21298	1.1636940721135165	-1.1636940721135165
K21350	-0.5952675372908531	0.595267537290853
K21364	-0.9437663327854557	0.9437663327854556
K21393	1.6684446094873513	-1.6684446094873508
K21394	1.2630700857115864	-1.2630700857115864
K21395	1.5856443858547782	-1.585644385854778
K21397	0.4711896044058024	-0.47118960440580254
K21400	1.8117409134562845	-1.8117409134562843
K21405	0.9469444179052549	-0.9469444179052545
K21416	-0.06312551246119293	0.06312551246119293
K21417	0.22653025211581027	-0.22653025211581
K21430	2.0119882727442295	-2.0119882727442295
K21449	0.8259206942624998	-0.8259206942624995
K21464	-0.40624896453700365	0.4062489645370036
K21465	0.17117483022265495	-0.1711748302226547
K21467	-0.18430986238515978	0.18430986238515976
K21469	-0.027431502815977452	0.02743150281597745
K21470	1.6620719899576217	-1.6620719899576215
K21471	0.7088122865241852	-0.7088122865241852
K21472	-0.7751789860366258	0.7751789860366257
K21495	0.11931315649060965	-0.11931315649060964
K21498	-0.2357247878898327	0.23572478788983267
K21511	1.866970581812014	-1.8669705818120137
K21512	1.1957533567278904	-1.1957533567278902
K21528	0.003920959048613389	-0.003920959048613389
K21556	-1.114132480493328	1.114132480493328
K21557	-1.079502014754263	1.0795020147542629
K21567	0.3690778781877122	-0.3690778781877119
K21571	-0.9587605623914842	0.9587605623914841
K21572	0.8889682499425738	-0.888968249942574
K21573	-1.599758356794341	1.5997583567943408
K21574	0.7102516818021762	-0.7102516818021759
K21575	0.7681361363468274	-0.7681361363468271
K21576	-1.530101357574919	1.530101357574919
K21577	-0.49141147262644097	0.4914114726264409
K21578	-0.6287709542166516	0.6287709542166515
K21583	-0.3536529601681145	0.3536529601681144
K21600	-0.686196717799313	0.6861967177993129
K21602	1.6286601960904745	-1.628660196090474
K21613	-1.0160857796735732	1.016085779673573
K21636	-1.0806322222622697	1.0806322222622695
K21638	-0.9089898480766107	0.9089898480766105
K21645	1.1621441950699887	-1.1621441950699885
K21672	-0.04404604256934687	0.04404604256934686
K21681	1.2264593338675176	-1.2264593338675174
K21688	0.9076565607374838	-0.9076565607374834
K21695	1.112006707605261	-1.1120067076052609
K21698	1.4465471014868678	-1.4465471014868676
K21712	-0.22286779628706863	0.2228677962870686
K21739	1.628407952504555	-1.628407952504555
K21741	-0.7358840245200581	0.735884024520058
K21742	0.7503840598747128	-0.7503840598747125
K21746	0.7233634651361354	-0.7233634651361354
K21749	0.34873365882248536	-0.3487336588224856
K21755	-0.16047961076910905	0.16047961076910902
K21885	-0.5297470079907143	0.5297470079907143
K21898	-1.6168904989954476	1.6168904989954473
K21901	1.1927687611706908	-1.1927687611706903
K21903	-1.3538848855687238	1.3538848855687238
K21905	0.5717438207801082	-0.5717438207801082
K21906	1.5748257634480671	-1.5748257634480667
K21907	1.2319949454398291	-1.231994945439829
K21908	1.631551345607242	-1.6315513456072417
K21923	-0.930563810806537	0.9305638108065369
K21929	-0.18376167136457414	0.18376167136457414
K21936	-0.1450434908768783	0.1450434908768783
K21948	1.2142286466579726	-1.2142286466579724
K21963	-0.8942347912578302	0.8942347912578301
K21964	1.1427317475499457	-1.1427317475499454
K21965	1.584840451434098	-1.5848404514340977
K21966	0.4586403207575621	-0.45864032075756206
K21967	1.7637843454536242	-1.763784345453624
K21968	1.086358367536362	-1.0863583675363615
K21972	1.6161580645116105	-1.6161580645116103
K21973	1.9993696399707226	-1.9993696399707224
K21975	1.9279866416159788	-1.9279866416159783
K21977	-0.2930651242106517	0.2930651242106516
K21990	-0.2340869022165844	0.23408690221658437
K21993	-1.161369015141312	1.161369015141312
K22010	0.6712029576371136	-0.6712029576371135
K22014	0.9843008614484265	-0.9843008614484267
K22015	-1.216746330709025	1.216746330709025
K22024	-1.5215293648558748	1.5215293648558745
K22041	0.2854176764515515	-0.28541767645155125
K22044	-0.6598411400059127	0.6598411400059125
K22051	1.8847748538180378	-1.8847748538180378
K22074	0.6674325004266807	-0.6674325004266806
K22103	-1.5152370362249545	1.5152370362249543
K22104	0.6912907826796836	-0.6912907826796835
K22105	0.21896475551102346	-0.21896475551102368
K22110	1.2273842478314323	-1.227384247831432
K22111	1.9276225400676086	-1.9276225400676081
K22129	-0.550195066181148	0.5501950661811479
K22130	1.4658819837966248	-1.4658819837966248
K22131	1.5714646990981718	-1.5714646990981715
K22132	-0.43436560477498676	0.4343656047749867
K22212	-0.26432009098287595	0.2643200909828759
K22214	1.1558651508283249	-1.1558651508283249
K22226	0.23355762491846677	-0.2335576249184665
K22227	-1.3568248224050299	1.3568248224050299
K22230	0.8777224001798775	-0.8777224001798775
K22270	0.12633560360505175	-0.12633560360505197
K22278	0.19669612508930612	-0.19669612508930587
K22293	1.5046155826201593	-1.5046155826201588
K22300	1.4648092276067721	-1.4648092276067723
K22306	1.2891245119532155	-1.2891245119532155
K22311	-0.250927151906879	0.2509271519068789
K22315	0.38995615422451496	-0.38995615422451513
K22330	1.0311197494558397	-1.0311197494558397
K22349	0.5694887819935389	-0.5694887819935389
K22373	-1.1884030209784164	1.1884030209784162
K22396	0.0038101427933393806	-0.00381014279333938
K22397	-0.21581254868220695	0.21581254868220692
K22405	-1.5798443595600336	1.5798443595600333
K22430	0.557039495349877	-0.5570394953498767
K22431	0.588631684776222	-0.5886316847762219
K22432	-1.0171306924789614	1.0171306924789612
K22441	0.9480711377663389	-0.9480711377663388
K22443	1.9337175048219406	-1.9337175048219402
K22444	1.5660650267140421	-1.5660650267140421
K22457	0.27964870793018265	-0.27964870793018287
K22477	-0.8228001771024339	0.8228001771024339
K22486	-0.6754790723428565	0.6754790723428564
K22488	0.026125924857809454	-0.02612592485780945
K22489	1.4894087299675391	-1.489408729967539
PF00004	-0.1447572817556108	0.14475728175561078
PF00005	-0.20375366305522477	0.20375366305522474
PF00006	-1.5775786879701632	1.577578687970163
PF00009	0.6360168630359582	-0.636016863035958
PF00011	-1.871808168414243	1.8718081684142427
PF00012	-0.384204461710332	0.38420446171033196
PF00013	-1.6654201394520103	1.66542013945201
PF00015	0.020808181618168563	-0.02080818161816856
PF00016	0.6023096992152251	-0.602309699215225
PF00023	1.7250826409481483	-1.7250826409481483
PF00027	0.7599887660455865	-0.7599887660455864
PF00036	-0.18646245336752354	0.1864624533675235
PF00037	0.14812433990617477	-0.14812433990617474
PF00041	1.5339443120438012	-1.533944312043801
PF00044	1.1335200604715494	-1.1335200604715492
PF00056	-1.2301230919799973	1.230123091979997
PF00069	-0.7896231139120965	0.7896231139120964
PF00070	-0.040990352990931025	0.04099035299093102
PF00072	-1.1839710064965543	1.183971006496554
PF00075	-0.9041640687617014	0.9041640687617013
PF00076	-0.04810028457172578	0.04810028457172577
PF00078	-1.553419816427208	1.5534198164272077
PF00079	1.0211807848655148	-1.0211807848655148
PF00082	-1.3537972526232098	1.3537972526232096
PF00083	-0.39181271051471456	0.39181271051471456
PF00085	-1.8491367098297329	1.8491367098297327
PF00089	-1.4659148897439023	1.4659148897439023
PF00091	-0.017517237284397476	0.017517237284397476
PF00092	-1.0806343244458858	1.0806343244458856
PF00106	1.3406263664000506	-1.3406263664000508
PF00107	1.1428635679031531	-1.1428635679031531
PF00108	1.9010357738288686	-1.9010357738288688
PF00109	-0.891084186508564	0.8910841865085639
PF00111	0.1255849316652201	-0.1255849316652201
PF00112	-1.4825087961928187	1.4825087961928185
PF00113	0.16946687789563442	-0.16946687789563417
PF00115	1.6891015800893094	-1.6891015800893092
PF00117	0.11004380328317014	-0.11004380328316989
PF00118	0.7642537414524817	-0.7642537414524819
PF00119	0.8025663496117555	-0.8025663496117557
PF00120	0.6729960477781671	-0.6729960477781668
PF00121	-0.07332297228714107	0.07332297228714107
PF00122	0.48599011721	-0.48599011720999996
PF00126	-1.1758619099894954	1.1758619099894954
PF00128	-1.0956689033757399	1.0956689033757396
PF00132	-0.3458264005803055	0.3458264005803055
PF00133	0.2889426790047301	-0.2889426790047298
PF00135	0.1376929730656912	-0.1376929730656912
PF00137	0.7415232783049083	-0.7415232783049082
PF00140	0.7777126545717902	-0.7777126545717898
PF00141	1.1191016631454416	-1.1191016631454418
PF00142	0.23280995776784746	-0.23280995776784744
PF00144	-0.9968483516721094	0.9968483516721093
PF00145	0.9058939528768948	-0.9058939528768947
PF00146	-0.018655451596855117	0.018655451596855114
PF00148	-1.8133369500976493	1.813336950097649
PF00149	-1.7367173489520678	1.7367173489520675
PF00150	-1.0184462576763669	1.0184462576763669
PF00152	-1.8097937016146974	1.8097937016146972
PF00154	0.36239063367576824	-0.36239063367576796
PF00155	1.391725473651432	-1.3917254736514317
PF00156	1.7624618038623059	-1.7624618038623059
PF00158	0.842310110941507	-0.8423101109415072
PF00160	0.5472477097503627	-0.5472477097503624
PF00162	1.3880779562575207	-1.3880779562575207
PF00163	1.5201448933401294	-1.5201448933401294
PF00164	1.0796484987708612	-1.0796484987708608
PF00165	-0.7796268127938331	0.779626812793833
PF00166	1.5312924933419878	-1.5312924933419876
PF00171	1.6620998316721312	-1.6620998316721312
PF00174	0.9138270453106385	-0.9138270453106384
PF00175	0.530520277022611	-0.5305202770226106
PF00176	0.6575474668502931	-0.657547466850293
PF00177	-1.1159362807530173	1.1159362807530173
PF00180	0.3928555958042863	-0.39285559580428603
PF00181	-1.0898959645035777	1.0898959645035775
PF00182	0.7809935943824763	-0.7809935943824765
PF00183	-0.7570818182192922	0.7570818182192921
PF00185	-0.7017384678283971	0.701738467828397
PF00186	0.7961452357694007	-0.7961452357694008
PF00188	-0.8237075172952953	0.8237075172952952
PF00189	-0.24303830912430807	0.24303830912430804
PF00194	1.2172237383648499	-1.2172237383648497
PF00196	0.8255945223453856	-0.8255945223453854
PF00198	-1.2954954217720112	1.295495421772011
PF00199	0.6397556624359558	-0.639755662435956
PF00202	0.6316600167477672	-0.6316600167477673
PF00203	0.05601438533957829	-0.05601438533957828
PF00204	0.3472151847510578	-0.3472151847510577
PF00205	1.2094455605656078	-1.2094455605656076
PF00206	1.2618821144622179	-1.2618821144622177
PF00207	0.8271125820815439	-0.8271125820815438
PF00208	1.5945586152615105	-1.5945586152615103
PF00209	-1.5395127450137456	1.5395127450137456
PF00210	1.3192851759259112	-1.3192851759259108
PF00213	-0.2634037577159248	0.2634037577159247
PF00215	-0.00871497919030114	0.008714979190301139
PF00216	1.6401114200682279	-1.6401114200682276
PF00217	1.0770315748050736	-1.0770315748050738
PF00218	0.7600078834771106	-0.7600078834771102
PF00221	-0.7461933281424789	0.7461933281424787
PF00224	0.6376068654904233	-0.6376068654904234
PF00226	-0.2617635110466921	0.26176351104669204
PF00230	0.9495875061099518	-0.9495875061099516
PF00231	-0.9060626427193087	0.9060626427193086
PF00232	0.5175123494322601	-0.5175123494322598
PF00237	0.47584750032600653	-0.47584750032600676
PF00238	0.7683794326882198	-0.7683794326882197
PF00239	-0.9449547501303844	0.9449547501303843
PF00240	-1.8325504300627171	1.832550430062717
PF00245	0.4564126327219132	-0.4564126327219131
PF00246	-0.4840213719731841	0.48402137197318407
PF00248	0.7636254751224005	-0.7636254751224004
PF00249	-0.8559918602575654	0.8559918602575652
PF00251	-0.3949942638651728	0.3949942638651727
PF00252	-0.6368442740695056	0.6368442740695055
PF00253	1.8037246803885336	-1.8037246803885334
PF00254	-1.0212211131626188	1.0212211131626185
PF00258	1.017143372720519	-1.0171433727205188
PF00263	0.5091178610782788	-0.5091178610782787
PF00265	0.20122015793504014	-0.20122015793504036
PF00266	-0.6317951977786181	0.631795197778618
PF00267	1.890271647669886	-1.8902716476698855
PF00268	0.2829998085151345	-0.28299980851513445
PF00270	1.9694693532448861	-1.969469353244886
PF00271	-1.6880514889548004	1.6880514889548002
PF00275	-0.1848113245314832	0.18481132453148316
PF00276	0.20147866113006127	-0.20147866113006124
PF00278	0.35453715277188697	-0.3545371527718867
PF00282	-0.7549595904370844	0.7549595904370843
PF00285	-0.04554849956964703	0.04554849956964702
PF00288	-0.07525326960712979	0.07525326960712977
PF00289	-0.04276772219777326	0.04276772219777325
PF00290	-0.4467724288551178	0.44677242885511775
PF00291	-0.07441366696647403	0.07441366696647403
PF00293	0.3135612705071363	-0.3135612705071362
PF00294	-0.24380908932514292	0.2438090893251429
PF00295	0.9627917216707079	-0.962791721670708
PF00296	0.9583643954451526	-0.9583643954451527
PF00297	-1.2262587852261446	1.2262587852261444
PF00300	0.042156301912267734	-0.042156301912267734
PF00302	-0.7108892478105601	0.71088924781056
PF00303	1.8243107278609096	-1.8243107278609094
PF00306	-1.3020122758188593	1.302012275818859
PF00308	1.2448595838929384	-1.2448595838929384
PF00310	0.5267598098152959	-0.5267598098152959
PF00311	1.4447289135593107	-1.4447289135593104
PF00312	-0.9112114728031679	0.9112114728031678
PF00313	1.3124885051666557	-1.3124885051666553
PF00317	-1.1913514423992615	1.1913514423992613
PF00318	1.0860847562498541	-1.0860847562498543
PF00324	0.8199891713571754	-0.8199891713571753
PF00326	-0.6689714817761038	0.6689714817761037
PF00327	0.3252233114390026	-0.32522331143900257
PF00328	0.8337059488464348	-0.833705948846435
PF00329	-0.23121061947866436	0.23121061947866434
PF00330	-1.3995461885618465	1.3995461885618463
PF00331	-0.82726175646485	0.82726175646485
PF00333	1.5250190316327654	-1.5250190316327652
PF00334	-1.661997311166122	1.6619973111661217
PF00338	1.3452032982718134	-1.3452032982718134
PF00342	-0.5460362505179156	0.5460362505179156
PF00343	0.7047005515498243	-0.7047005515498239
PF00344	0.4285395380784351	-0.4285395380784353
PF00345	2.024052750697129	-2.024052750697129
PF00346	1.665769712704072	-1.6657697127040723
PF00347	-0.04532604718426004	0.04532604718426003
PF00348	0.6292855157693251	-0.629285515769325
PF00350	1.2078688501109502	-1.2078688501109498
PF00355	-0.3556622042621656	0.3556622042621656
PF00356	0.5594657077067318	-0.5594657077067318
PF00358	-0.9838503545598133	0.9838503545598132
PF00359	0.12076188360288699	-0.12076188360288698
PF00361	0.2579358772949281	-0.25793587729492834
PF00364	-0.2532633475826394	0.25326334758263935
PF00365	-1.2219133567512916	1.2219133567512916
PF00366	-0.49614947911367413	0.4961494791136741
PF00367	-0.019012405312512005	0.019012405312512002
PF00370	-0.44393529148608735	0.4439352914860873
PF00374	1.9243873475410957	-1.9243873475410953
PF00375	-0.45682428588898605	0.456824285888986
PF00376	-0.8663396789837433	0.8663396789837432
PF00378	0.12473744355513122	-0.12473744355513121
PF00380	-0.7662179752215142	0.7662179752215141
PF00381	-1.4179442972593514	1.4179442972593512
PF00383	-0.740914252645518	0.7409142526455179
PF00384	1.4200746014569554	-1.4200746014569552
PF00389	0.3073527895696119	-0.3073527895696119
PF00390	-0.7029326581626406	0.7029326581626405
PF00391	-0.05824299494651159	0.058242994946511584
PF00392	-0.1567182437610222	0.15671824376102217
PF00393	0.10670013230704771	-0.10670013230704745
PF00394	1.7885519534077996	-1.7885519534077998
PF00395	-0.2989929438234084	0.29899294382340835
PF00398	-0.12395407805370098	0.12395407805370097
PF00403	0.1794664456288143	-0.17946644562881428
PF00406	-1.1579687027734762	1.1579687027734762
PF00408	-1.1374495491782135	1.1374495491782135
PF00410	-0.48060874649751906	0.480608746497519
PF00411	1.7242231974492872	-1.724223197449287
PF00415	-1.6318286144895884	1.6318286144895882
PF00416	-0.20834347846455192	0.2083434784645519
PF00419	1.4828460931450314	-1.4828460931450311
PF00425	-0.43725246508301063	0.4372524650830106
PF00430	1.297820936661007	-1.2978209366610065
PF00436	1.1294103605984995	-1.1294103605984995
PF00437	-0.5670752799357669	0.5670752799357668
PF00438	-1.4308379828043691	1.430837982804369
PF00440	1.430175573550503	-1.4301755735505028
PF00441	-0.6895333604827221	0.689533360482722
PF00444	-0.20383827294273466	0.20383827294273463
PF00448	0.1725276473035543	-0.17252764730355427
PF00449	-0.666504609321653	0.6665046093216529
PF00453	-1.2476870075464317	1.2476870075464315
PF00455	1.2867949825375127	-1.2867949825375125
PF00456	0.18529371325596594	-0.18529371325596591
PF00459	-0.5024380872256216	0.5024380872256216
PF00462	1.9623223220159636	-1.9623223220159636
PF00463	0.6797647082119771	-0.679764708211977
PF00464	-0.3398821460227838	0.3398821460227838
PF00465	-0.23457790414966964	0.2345779041496696
PF00466	0.18424251138300668	-0.1842425113830069
PF00468	1.560607489983008	-1.5606074899830078
PF00471	-0.05841556086317755	0.05841556086317754
PF00472	1.1811592246580584	-1.1811592246580584
PF00474	1.88303442506153	-1.8830344250615298
PF00475	1.271280744445752	-1.2712807444457517
PF00476	2.0044496002947985	-2.004449600294798
PF00478	0.31692726816225353	-0.3169272681622537
PF00479	0.7772018420083946	-0.7772018420083943
PF00480	1.4071693100663691	-1.407169310066369
PF00481	1.3091662134608857	-1.3091662134608852
PF00482	-1.4263677042883391	1.426367704288339
PF00483	0.9431324680630515	-0.9431324680630514
PF00484	1.7262001926276302	-1.72620019262763
PF00485	-1.2166156467411962	1.2166156467411962
PF00486	0.5615455229293067	-0.5615455229293064
PF00488	-0.7328138208637766	0.7328138208637764
PF00490	0.9589234925285826	-0.9589234925285827
PF00491	-0.8280476249623709	0.8280476249623708
PF00494	-0.10972187752282414	0.10972187752282413
PF00496	1.1067722918975311	-1.106772291897531
PF00497	0.6704535049647941	-0.6704535049647941
PF00498	-1.1782369218433246	1.1782369218433246
PF00499	1.4417350524130201	-1.4417350524130197
PF00501	1.7433893751357405	-1.74338937513574
PF00512	0.2736015394620821	-0.2736015394620818
PF00515	0.9079386543544595	-0.9079386543544594
PF00521	0.7014539085137432	-0.7014539085137431
PF00528	0.46928114986240055	-0.4692811498624002
PF00529	1.7183646449787127	-1.7183646449787122
PF00532	0.79845641024465	-0.7984564102446501
PF00533	-1.4899269802337713	1.4899269802337711
PF00534	0.6631394977359839	-0.6631394977359836
PF00535	0.007217890776670226	-0.007217890776670225
PF00541	0.22272963716628258	-0.22272963716628255
PF00543	-0.4826281399353193	0.4826281399353192
PF00544	-1.0309553433317438	1.0309553433317435
PF00547	1.1191705929812108	-1.1191705929812106
PF00549	1.8957060437078768	-1.8957060437078765
PF00550	0.011350903431668702	-0.0113509034316687
PF00551	-1.5140970422079518	1.5140970422079518
PF00557	1.6081593582150766	-1.6081593582150764
PF00561	-0.057410237635569766	0.05741023763556976
PF00562	-0.6502989892971209	0.6502989892971208
PF00563	0.4499638124362307	-0.4499638124362304
PF00565	0.7321212049306808	-0.7321212049306809
PF00570	1.5079708238793976	-1.5079708238793976
PF00571	-0.12770951683210408	0.12770951683210405
PF00572	1.1340936075323989	-1.1340936075323989
PF00573	-0.4936071796657142	0.49360717966571416
PF00574	0.06873085233239631	-0.06873085233239608
PF00575	0.0944875780877395	-0.09448757808773925
PF00577	0.8442721881507111	-0.8442721881507114
PF00578	0.8683854605180257	-0.8683854605180256
PF00579	0.022611319546778277	-0.022611319546778273
PF00580	-0.11650578177674054	0.11650578177674052
PF00581	-0.06293098512761001	0.06293098512761
PF00582	0.2865613607223595	-0.28656136072235944
PF00583	1.5486490089420486	-1.5486490089420484
PF00584	-1.230262087162794	1.2302620871627938
PF00585	-1.0201503125020803	1.02015031250208
PF00586	-0.41514476596530003	0.4151447659653
PF00587	-0.5689852236795389	0.5689852236795387
PF00588	-0.11188199808211197	0.11188199808211195
PF00589	-1.284365138372764	1.284365138372764
PF00590	-1.1412741344092379	1.1412741344092379
PF00591	0.3391675798724937	-0.33916757987249363
PF00593	-0.7888375154804514	0.7888375154804513
PF00595	1.1020884780141773	-1.102088478014177
PF00596	0.9779208695136898	-0.9779208695136895
PF00608	-0.39251902708908404	0.392519027089084
PF00614	1.0275654687196578	-1.027565468719658
PF00623	-0.7086038257610857	0.7086038257610856
PF00625	0.8434934665762086	-0.8434934665762085
PF00636	-0.6894691156644086	0.6894691156644085
PF00639	0.5436651678853665	-0.5436651678853663
PF00652	-0.03910466931383866	0.03910466931383866
PF00654	1.92030124074221	-1.9203012407422098
PF00656	1.2629033342793683	-1.2629033342793683
PF00657	-0.2721749440655142	0.2721749440655142
PF00662	-0.03929051720225141	0.03929051720225141
PF00664	0.42776384410121815	-0.4277638441012183
PF00665	-1.5176521997074732	1.517652199707473
PF00668	-1.2692094880322111	1.269209488032211
PF00669	-1.026665844484101	1.026665844484101
PF00670	0.8973018669499723	-0.8973018669499722
PF00672	-1.5312727860215865	1.5312727860215862
PF00673	-0.8321024070120911	0.832102407012091
PF00675	-0.37814444773402256	0.3781444477340225
PF00676	0.3469556156448071	-0.3469556156448071
PF00677	-1.3577755083528842	1.3577755083528842
PF00679	-0.8921411332187315	0.8921411332187313
PF00682	-0.5111528881624695	0.5111528881624694
PF00684	-0.3114394844959769	0.31143948449597686
PF00686	-1.050502742373447	1.050502742373447
PF00687	-0.9271308217234848	0.9271308217234847
PF00689	1.0944702511634337	-1.0944702511634334
PF00690	1.67568897011852	-1.6756889701185198
PF00691	1.0545305403474856	-1.0545305403474856
PF00692	-1.1893187240110736	1.1893187240110736
PF00694	-0.9474567732879539	0.9474567732879537
PF00696	-0.32658528451525826	0.3265852845152582
PF00697	0.3363776080027097	-0.33637760800270966
PF00698	-0.6830029472014014	0.6830029472014013
PF00699	0.46518289962745635	-0.4651828996274563
PF00700	0.4422758336657528	-0.44227583366575274
PF00701	-0.11074127477177685	0.11074127477177684
PF00702	-0.33711160520618383	0.3371116052061838
PF00703	-0.5112574955502432	0.5112574955502432
PF00704	0.18808708403380994	-0.18808708403380967
PF00707	0.4458973010411426	-0.44589730104114256
PF00708	0.09846971921721157	-0.09846971921721132
PF00709	1.290484705514342	-1.2904847055143418
PF00710	-0.12250422655119289	0.12250422655119288
PF00712	-0.6626427644236926	0.6626427644236925
PF00717	-0.3331182758645163	0.33311827586451626
PF00719	-0.3731994986072105	0.37319949860721047
PF00722	-1.4784267624262537	1.4784267624262535
PF00724	0.03969099082008582	-0.03969099082008582
PF00725	-0.520978951019081	0.5209789510190809
PF00728	0.8573481151012846	-0.8573481151012845
PF00730	0.3849091187381471	-0.3849091187381468
PF00731	-0.4876725314418248	0.48767253144182476
PF00733	0.5895260008229984	-0.5895260008229983
PF00742	1.508863217921718	-1.5088632179217178
PF00749	1.2098629762593414	-1.2098629762593411
PF00750	-0.7317320822717599	0.7317320822717598
PF00753	-0.7984024067639117	0.7984024067639116
PF00754	-0.21065221538170764	0.2106522153817076
PF00756	0.7284859334142553	-0.7284859334142549
PF00759	-1.7722783283171006	1.7722783283171004
PF00762	0.5890347128839807	-0.5890347128839809
PF00763	0.8141161804117877	-0.8141161804117878
PF00764	0.27189761209628344	-0.2718976120962836
PF00766	0.1907639548681745	-0.19076395486817446
PF00768	0.5011038008198675	-0.5011038008198672
PF00770	-0.0026679264181219877	0.0026679264181219877
PF00771	-0.5611114828774452	0.5611114828774452
PF00772	1.1738228720173385	-1.1738228720173383
PF00773	-0.22451430013238566	0.22451430013238563
PF00775	0.6733468486220153	-0.6733468486220154
PF00781	-1.3684840977314865	1.3684840977314863
PF00793	0.16897052322265607	-0.16897052322265604
PF00795	1.1162434415977607	-1.1162434415977607
PF00800	0.30188434605065256	-0.3018843460506528
PF00801	0.643009983499845	-0.6430099834998448
PF00805	-0.38836171596715907	0.388361715967159
PF00809	-0.22303275073340761	0.2230327507334076
PF00813	0.7381698414859402	-0.7381698414859401
PF00814	0.039721942953767374	-0.039721942953767374
PF00815	0.019999630905962053	-0.019999630905962053
PF00817	1.3456727953930707	-1.3456727953930705
PF00821	-1.8204044325320128	1.8204044325320126
PF00825	0.23147485566183373	-0.2314748556618337
PF00828	0.04330209227183507	-0.04330209227183506
PF00829	-0.9790785481361327	0.9790785481361326
PF00830	-0.3503145697634356	0.35031456976343556
PF00831	0.30799672526085775	-0.3079967252608575
PF00834	0.22921203299666346	-0.22921203299666343
PF00842	0.4823849782136145	-0.4823849782136144
PF00849	-0.3200612529732678	0.32006125297326776
PF00850	1.1707172477556207	-1.170717247755621
PF00852	-0.1317610905697954	0.13176109056979537
PF00854	-0.9558815720427865	0.9558815720427863
PF00857	0.5802182922678367	-0.5802182922678369
PF00860	1.1336863292666837	-1.1336863292666834
PF00861	1.4708005271300812	-1.470800527130081
PF00871	-0.998254838114992	0.9982548381149919
PF00872	-0.3750472315794027	0.3750472315794026
PF00873	-0.4528240581614916	0.45282405816149157
PF00874	0.2131465355219649	-0.21314653552196489
PF00877	-0.7880948389268995	0.7880948389268994
PF00881	0.07569244772212426	-0.07569244772212402
PF00882	-1.8510831556016618	1.8510831556016616
PF00883	1.702642545321052	-1.7026425453210516
PF00884	0.5325859400212923	-0.5325859400212924
PF00885	-1.718183403591534	1.7181834035915338
PF00886	-1.1729086205932315	1.1729086205932313
PF00889	0.2923136084923498	-0.29231360849235
PF00890	1.4101561855034408	-1.4101561855034408
PF00891	-0.9437581142574675	0.9437581142574674
PF00892	-0.28758524802842217	0.2875852480284221
PF00893	1.2426935331246125	-1.2426935331246123
PF00899	-1.5242423562668435	1.5242423562668432
PF00902	0.6642117349077691	-0.6642117349077693
PF00903	-0.5600514943325899	0.5600514943325898
PF00905	-1.526117102389582	1.5261171023895819
PF00908	-0.7740592591977177	0.7740592591977177
PF00909	1.7076534362790832	-1.7076534362790832
PF00912	0.9024636805651495	-0.9024636805651496
PF00916	-1.4156320953565866	1.4156320953565866
PF00919	-1.0014551975307417	1.0014551975307415
PF00920	0.34011365118334824	-0.34011365118334824
PF00923	-0.630606894942387	0.6306068949423869
PF00924	-0.7294730569590567	0.7294730569590566
PF00925	0.33460018424836796	-0.3346001842483677
PF00926	-0.6739771958973029	0.6739771958973029
PF00929	-0.3712574729342393	0.3712574729342392
PF00930	0.5825710177102192	-0.5825710177102189
PF00931	-0.7811327362714261	0.781132736271426
PF00932	-0.232336634647904	0.23233663464790397
PF00933	-0.4932504643286881	0.493250464328688
PF00936	-1.1832432068468648	1.1832432068468648
PF00939	-1.0299273515426837	1.0299273515426834
PF00940	0.17296965269107203	-0.17296965269107178
PF00941	0.33891205554564674	-0.33891205554564674
PF00950	0.4323654021420082	-0.43236540214200836
PF00953	1.9609553766055043	-1.9609553766055041
PF00958	-0.511257090419842	0.5112570904198419
PF00959	0.5522576438580423	-0.5522576438580422
PF00962	-0.6285890375250286	0.6285890375250285
PF00975	0.2821574284041535	-0.2821574284041532
PF00977	-1.3356173170997268	1.3356173170997268
PF00982	0.40844194741422846	-0.4084419474142284
PF00984	-1.4278577980463918	1.4278577980463918
PF00986	-0.8865858913262576	0.8865858913262575
PF00988	0.1631866891190324	-0.1631866891190321
PF00989	1.9958110423215358	-1.9958110423215356
PF00990	-0.10314660154166846	0.10314660154166845
PF00994	-0.4083303157932725	0.40833031579327245
PF00999	0.11361232877516354	-0.11361232877516353
PF01000	-0.6623070153213573	0.6623070153213572
PF01008	-0.8799212539173563	0.8799212539173562
PF01011	1.029721593491312	-1.0297215934913115
PF01012	-1.7318887659505886	1.7318887659505884
PF01016	-1.54768387967272	1.5476838796727197
PF01018	-0.7977842385401382	0.7977842385401381
PF01019	-0.2900510211854036	0.2900510211854036
PF01022	-0.506655973295749	0.5066559732957489
PF01024	0.9306761574598278	-0.9306761574598277
PF01025	-0.988369245818864	0.9883692458188639
PF01026	1.6890486005024927	-1.6890486005024925
PF01027	1.7823724598610227	-1.7823724598610222
PF01029	0.3140346629578916	-0.31403466295789184
PF01030	-1.595038552997052	1.5950385529970519
PF01032	0.0881757173367746	-0.08817571733677482
PF01035	1.2010999056672056	-1.2010999056672056
PF01037	0.05952846505376377	-0.05952846505376376
PF01039	-0.0043511292336987605	0.00435112923369876
PF01040	-0.42889239772621435	0.4288923977262143
PF01041	0.9289037272158964	-0.9289037272158963
PF01042	1.0492049102402476	-1.0492049102402479
PF01043	-0.5366252782767835	0.5366252782767835
PF01047	0.7476840026318298	-0.7476840026318294
PF01048	-1.3303589791929584	1.3303589791929582
PF01050	1.6204424392217305	-1.6204424392217305
PF01051	-0.256825386267863	0.25682538626786294
PF01052	0.23901806961853242	-0.23901806961853264
PF01053	1.1990951800400897	-1.1990951800400897
PF01055	0.6103006337117352	-0.6103006337117352
PF01058	-0.3562715293216893	0.35627152932168926
PF01061	1.7601137882781477	-1.7601137882781475
PF01063	-0.9109440832831052	0.910944083283105
PF01065	0.33867143676120015	-0.3386714367611999
PF01066	1.7975160980511333	-1.797516098051133
PF01070	0.4007316721122295	-0.40073167211222943
PF01071	0.16416568320891411	-0.1641656832089141
PF01073	0.9214270845403357	-0.9214270845403358
PF01074	-1.0238699655254024	1.0238699655254024
PF01075	-1.5797072263185292	1.579707226318529
PF01076	-0.7424465440776999	0.7424465440776998
PF01077	-0.9091287078218264	0.9091287078218263
PF01078	1.0808856610008326	-1.0808856610008326
PF01081	-0.8512910453596458	0.8512910453596457
PF01084	-0.8445994974276284	0.8445994974276283
PF01087	-0.7759299905498092	0.775929990549809
PF01094	0.20673860932196914	-0.20673860932196933
PF01095	-1.4086203189880253	1.408620318988025
PF01098	-0.5249346707237775	0.5249346707237774
PF01103	-0.46297337944613925	0.4629733794461392
PF01112	0.9274485116953859	-0.9274485116953858
PF01113	0.7406679350597815	-0.7406679350597811
PF01116	1.0599881047133906	-1.0599881047133901
PF01118	1.150921353361926	-1.1509213533619258
PF01119	-0.3147091176819209	0.31470911768192084
PF01120	1.0430048913982297	-1.0430048913982297
PF01121	0.5921079329182526	-0.5921079329182526
PF01128	0.836382277437612	-0.8363822774376116
PF01131	0.20203383918596915	-0.20203383918596912
PF01132	-0.42922380101332536	0.4292238010133253
PF01134	-0.7839014589720561	0.783901458972056
PF01136	0.6937524905842133	-0.6937524905842134
PF01138	0.9009286680138119	-0.9009286680138116
PF01139	1.9950720029845	-1.9950720029844997
PF01142	1.8344959836771435	-1.8344959836771433
PF01144	0.6483608497933048	-0.6483608497933044
PF01145	1.2721708669243732	-1.2721708669243734
PF01148	0.8779902653218987	-0.8779902653218984
PF01155	0.8543895846637046	-0.8543895846637043
PF01156	0.288670326822004	-0.28867032682200394
PF01161	1.3583217056189034	-1.3583217056189036
PF01168	0.46126787656928875	-0.4612678765692889
PF01170	-1.4353820551905379	1.4353820551905376
PF01171	-0.9168376919348883	0.9168376919348882
PF01174	0.46624118002600895	-0.4662411800260091
PF01176	0.35594192607955555	-0.3559419260795557
PF01177	-0.2940304040710043	0.2940304040710043
PF01179	0.8088080512937039	-0.8088080512937038
PF01180	1.5635919611145126	-1.5635919611145122
PF01182	1.4019648851160804	-1.4019648851160802
PF01183	-0.8232654815712843	0.8232654815712842
PF01189	0.6106978218902119	-0.6106978218902119
PF01192	-1.023221032419112	1.023221032419112
PF01193	0.9407782301211891	-0.940778230121189
PF01195	-0.6396194914516375	0.6396194914516374
PF01196	0.8801602564566091	-0.880160256456609
PF01197	0.8209196528877062	-0.8209196528877059
PF01202	0.9820171074814683	-0.9820171074814684
PF01204	-0.7863908370506401	0.78639083705064
PF01205	0.8654726183041956	-0.8654726183041958
PF01206	-1.4755513181294155	1.4755513181294153
PF01207	0.32174400260258523	-0.32174400260258523
PF01208	-0.5377156983232964	0.5377156983232962
PF01210	-0.4040521639206605	0.40405216392066046
PF01212	1.7086975659329322	-1.7086975659329322
PF01220	1.5558204411860237	-1.5558204411860235
PF01223	0.27678677456477857	-0.2767867745647783
PF01225	1.0001708364692146	-1.0001708364692146
PF01226	0.5134556110320198	-0.5134556110320196
PF01227	1.4389692185379181	-1.438969218537918
PF01228	-1.6036054642455146	1.6036054642455144
PF01229	-1.266292071058046	1.2662920710580459
PF01232	0.7387488640644722	-0.7387488640644724
PF01235	0.7823417506147986	-0.7823417506147983
PF01238	-0.17192887478795552	0.17192887478795552
PF01243	1.5140079369088524	-1.5140079369088522
PF01244	0.18965615880302977	-0.18965615880302952
PF01245	1.0038113777538848	-1.0038113777538844
PF01250	-1.8376320160880113	1.837632016088011
PF01252	-0.002139715972909245	0.0021397159729092444
PF01255	0.8484997953147214	-0.8484997953147213
PF01256	-1.1490653506235358	1.1490653506235358
PF01257	1.4528869968161655	-1.4528869968161653
PF01259	-0.3445648932438281	0.3445648932438281
PF01261	0.3305861880380451	-0.33058618803804535
PF01262	0.7044102720740575	-0.7044102720740574
PF01263	0.270218808616043	-0.27021880861604325
PF01264	0.7748482600744695	-0.7748482600744694
PF01266	0.14639889846179382	-0.14639889846179358
PF01268	-0.15165469615241398	0.15165469615241398
PF01270	-0.7692341312435009	0.7692341312435008
PF01272	-1.3526752087045844	1.3526752087045841
PF01274	-0.6685472589262866	0.6685472589262865
PF01276	-0.9670894072257591	0.967089407225759
PF01288	0.14682074871360115	-0.14682074871360112
PF01289	-0.44554980363558483	0.4455498036355848
PF01292	-1.1214558101319272	1.121455810131927
PF01293	-1.0125448821944703	1.01254488219447
PF01295	0.820600975397806	-0.8206009753978056
PF01297	0.01811207626419161	-0.01811207626419161
PF01300	-0.32471362064936854	0.32471362064936854
PF01301	-1.7438354359991175	1.7438354359991173
PF01306	1.7491190692538994	-1.7491190692538992
PF01310	-0.7581351683705841	0.758135168370584
PF01311	-0.8909776808360453	0.8909776808360452
PF01312	-0.36684810909973686	0.3668481090997368
PF01315	-0.6767336223212418	0.6767336223212418
PF01316	-0.6082556920183749	0.6082556920183748
PF01321	1.6349944974815258	-1.6349944974815256
PF01323	2.0738463773242923	-2.0738463773242923
PF01325	-1.4539926111970478	1.4539926111970476
PF01326	-1.1595087148155707	1.1595087148155705
PF01327	0.7191932914526142	-0.7191932914526139
PF01330	-1.3649831065124811	1.3649831065124811
PF01336	-1.1849066162373258	1.1849066162373258
PF01343	0.028447499334992857	-0.028447499334992854
PF01344	0.3913856476531984	-0.39138564765319833
PF01345	-0.11465350647969333	0.11465350647969332
PF01346	-1.1427174129463002	1.1427174129463002
PF01348	-1.9475982423722262	1.947598242372226
PF01351	-0.5278386058472728	0.5278386058472728
PF01364	-1.150235721004533	1.150235721004533
PF01367	1.2523657766531597	-1.2523657766531595
PF01368	-0.7242433342575116	0.7242433342575115
PF01370	0.02581830453831654	-0.025818304538316537
PF01379	1.0619354408486938	-1.0619354408486938
PF01380	0.9428775707394381	-0.9428775707394382
PF01381	-0.8065964416097854	0.8065964416097853
PF01384	0.12000021057922512	-0.12000021057922511
PF01385	-0.04520299963340019	0.04520299963340019
PF01391	0.20508911952433856	-0.20508911952433875
PF01396	-1.258596176829858	1.258596176829858
PF01406	0.24897739627478538	-0.24897739627478535
PF01408	-0.06668108898266224	0.06668108898266224
PF01409	-0.7468597099076568	0.7468597099076568
PF01411	0.09062576526443222	-0.09062576526443221
PF01416	0.6674287370266041	-0.6674287370266042
PF01418	0.8965127284979755	-0.8965127284979756
PF01420	-1.1135404450125117	1.1135404450125115
PF01424	-0.025183087932362472	0.02518308793236247
PF01425	-0.3703823809920547	0.3703823809920547
PF01427	-0.12077765720477888	0.12077765720477887
PF01430	-1.7869499570912402	1.78694995709124
PF01431	0.6382655957240357	-0.6382655957240354
PF01432	-1.7254956443693223	1.7254956443693221
PF01433	-0.318934548608513	0.31893454860851295
PF01434	-0.5819790493513284	0.5819790493513283
PF01435	1.3487939099373272	-1.3487939099373272
PF01436	0.46454480855112784	-0.4645448085511278
PF01443	0.09125930139705174	-0.09125930139705149
PF01446	0.18734434861232277	-0.187344348612323
PF01450	1.1847206343276397	-1.1847206343276393
PF01451	-0.6811004097771238	0.6811004097771238
PF01455	-0.09132873256569043	0.09132873256569042
PF01458	0.6906209778361677	-0.6906209778361679
PF01464	-0.9096677681335635	0.9096677681335634
PF01467	-0.6979499801674073	0.6979499801674072
PF01470	1.470296411514266	-1.4702964115142656
PF01471	0.14055795049470282	-0.14055795049470304
PF01472	0.25381680569027393	-0.25381680569027415
PF01473	-1.5325289634899841	1.532528963489984
PF01474	0.5466152417099212	-0.5466152417099212
PF01475	-0.736861828799631	0.7368618287996309
PF01476	0.5321126374442633	-0.5321126374442632
PF01478	-0.3769425577502113	0.3769425577502113
PF01479	-0.4032494217709958	0.40324942177099576
PF01487	-0.95327011269174	0.9532701126917399
PF01488	-0.9188023139499434	0.9188023139499433
PF01493	0.9511342229551993	-0.951134222955199
PF01494	1.3875961028861197	-1.3875961028861195
PF01496	-1.006262874597882	1.006262874597882
PF01497	-0.03130273352079956	0.03130273352079956
PF01501	0.21645047724375666	-0.21645047724375638
PF01502	0.1709416896712079	-0.17094168967120763
PF01503	-0.6914561169223485	0.6914561169223485
PF01507	0.9948732225179606	-0.9948732225179607
PF01509	0.22762269453168538	-0.22762269453168535
PF01510	0.5587466518743415	-0.5587466518743411
PF01512	-0.021293314990648377	0.021293314990648373
PF01513	1.0256804457971427	-1.0256804457971427
PF01514	-0.31186041179373647	0.3118604117937364
PF01515	1.7261344292688996	-1.7261344292688992
PF01520	-0.18898292875377334	0.18898292875377332
PF01521	1.7292109780503948	-1.7292109780503944
PF01522	-0.29495432826863677	0.2949543282686367
PF01526	0.2714099467231677	-0.27140994672316787
PF01527	-0.1549283627760575	0.15492836277605748
PF01531	-0.564776096595831	0.5647760965958308
PF01544	-0.1056147196831706	0.10561471968317059
PF01545	0.48638333522040267	-0.4863833352204024
PF01546	-0.4484296371948064	0.44842963719480633
PF01547	1.701559795247625	-1.7015597952476245
PF01548	-1.5915850101848488	1.5915850101848488
PF01551	-1.7708239117284357	1.7708239117284355
PF01553	0.46817155709221236	-0.46817155709221253
PF01554	0.8307256926053443	-0.8307256926053442
PF01555	0.5382868008785889	-0.5382868008785887
PF01556	0.8586002621408437	-0.8586002621408436
PF01557	0.8441841963237118	-0.8441841963237117
PF01558	-0.8869421511075232	0.8869421511075232
PF01564	-1.1706565123921324	1.1706565123921324
PF01565	0.2857273545277529	-0.2857273545277526
PF01566	0.4911918265416221	-0.4911918265416223
PF01568	0.32389739766893666	-0.3238973976689364
PF01569	-0.07987333127387079	0.07987333127387078
PF01571	1.1325641449202473	-1.1325641449202473
PF01575	-0.24398333446594403	0.243983334465944
PF01578	1.5051114824117748	-1.5051114824117746
PF01580	0.3253060047581982	-0.32530600475819815
PF01584	-1.0849779331213396	1.0849779331213396
PF01588	0.4890682677634657	-0.4890682677634656
PF01590	1.2666242559304537	-1.2666242559304537
PF01592	1.0308954490138498	-1.0308954490138498
PF01593	0.8603819453450293	-0.860381945345029
PF01594	0.04309754922336262	-0.04309754922336262
PF01595	0.8500259578884931	-0.8500259578884928
PF01596	-0.585706208507326	0.5857062085073259
PF01597	1.4879614760337403	-1.48796147603374
PF01609	0.6241571750323265	-0.6241571750323262
PF01610	-1.1371250542984066	1.1371250542984066
PF01612	1.6658666773605568	-1.6658666773605566
PF01613	-0.9525775732929941	0.9525775732929939
PF01614	0.017837393172481897	-0.017837393172481893
PF01618	-0.6856955396138447	0.6856955396138446
PF01619	1.5042049156470654	-1.5042049156470652
PF01624	-1.8763600594021324	1.8763600594021321
PF01625	1.2939748278727192	-1.293974827872719
PF01628	0.6892483327206179	-0.6892483327206178
PF01634	0.042652898279179376	-0.04265289827917937
PF01636	-0.10229449379306504	0.10229449379306503
PF01637	-0.8841588100362279	0.8841588100362278
PF01638	0.4555349996963513	-0.45553499969635103
PF01640	-0.6086155251205843	0.6086155251205841
PF01641	1.8442825092326978	-1.8442825092326975
PF01642	0.1400185859500797	-0.14001858595007943
PF01643	-1.3595003914305048	1.3595003914305046
PF01645	0.43659219603189714	-0.4365921960318971
PF01648	0.09675371738899868	-0.09675371738899868
PF01649	-0.5861554136965578	0.5861554136965577
PF01653	1.2569460731979143	-1.256946073197914
PF01654	-0.8010572933800106	0.8010572933800105
PF01656	0.07567581686951591	-0.07567581686951613
PF01658	1.0013542980063632	-1.001354298006363
PF01661	1.011491551093157	-1.0114915510931572
PF01663	0.49057252256306516	-0.4905725225630649
PF01668	0.07965524251940313	-0.07965524251940288
PF01676	-0.48754934427771424	0.4875493442777142
PF01678	-0.16995445513701893	0.1699544551370189
PF01680	0.5772922007585523	-0.577292200758552
PF01686	0.4380720534493281	-0.43807205344932826
PF01687	-1.0149759991300875	1.0149759991300875
PF01691	0.8279543977741092	-0.8279543977741091
PF01693	0.4886610465243069	-0.48866104652430686
PF01694	-0.6289374048782361	0.6289374048782361
PF01695	0.8815473309441163	-0.8815473309441164
PF01696	0.19089276889004192	-0.1908927688900419
PF01699	-0.6854275131069911	0.685427513106991
PF01702	1.7910572669861429	-1.7910572669861426
PF01704	0.43418313862182906	-0.434183138621829
PF01709	1.0617268932679178	-1.061726893267918
PF01712	-0.3699202185530975	0.3699202185530974
PF01713	-1.143943039975914	1.1439430399759138
PF01715	0.6303689277025417	-0.6303689277025418
PF01717	-1.6203746915728998	1.6203746915728996
PF01719	0.44935250867734855	-0.4493525086773485
PF01725	-0.9551949293034018	0.9551949293034017
PF01726	-0.22599307001600002	0.225993070016
PF01728	-1.374138982288418	1.374138982288418
PF01729	1.1447088654888404	-1.1447088654888402
PF01734	-0.3715512837728826	0.3715512837728826
PF01738	0.2827730384647179	-0.28277303846471763
PF01740	-1.4661903804108245	1.4661903804108245
PF01741	0.8536764442932142	-0.8536764442932141
PF01743	1.2255170936406294	-1.2255170936406294
PF01746	-1.2318958798178383	1.231895879817838
PF01750	0.9140371300549235	-0.9140371300549234
PF01751	-1.7294173756618878	1.7294173756618876
PF01757	1.6305382622222133	-1.630538262222213
PF01758	0.7020454483478316	-0.7020454483478314
PF01761	-0.12435708644206057	0.12435708644206056
PF01765	1.6221708222555578	-1.6221708222555575
PF01769	-1.5642429897991743	1.564242989799174
PF01773	-0.9634173703026461	0.963417370302646
PF01774	-0.6619609176619176	0.6619609176619174
PF01782	0.04472391812584178	-0.044723918125841776
PF01784	-0.1947630044104681	0.19476300441046807
PF01790	-0.5623023481165396	0.5623023481165395
PF01791	-0.2246377886827614	0.22463778868276138
PF01795	1.6080649925956163	-1.6080649925956163
PF01797	-1.422253891896727	1.422253891896727
PF01799	0.7648154483591527	-0.7648154483591529
PF01804	1.1123587632432768	-1.1123587632432768
PF01807	0.28339212823201587	-0.28339212823201587
PF01808	-1.8733466725149943	1.873346672514994
PF01810	0.24948241030944102	-0.249482410309441
PF01812	-0.32845328416424024	0.32845328416424024
PF01813	-0.6066962774206628	0.6066962774206627
PF01814	0.18190801775369506	-0.18190801775369528
PF01815	1.4572532018575626	-1.4572532018575626
PF01817	-0.26273359444580374	0.2627335944458037
PF01820	0.7820885098933631	-0.782088509893363
PF01823	-1.2664705190145664	1.2664705190145662
PF01832	-1.074015425313873	1.074015425313873
PF01833	0.981818120465182	-0.9818181204651816
PF01835	0.18120954682145346	-0.1812095468214532
PF01841	-0.45120499644204726	0.45120499644204726
PF01842	0.4714433569086531	-0.471443356908653
PF01850	-0.13241318572930041	0.13241318572930041
PF01855	0.5403430296988126	-0.5403430296988126
PF01863	1.3557623002616757	-1.3557623002616752
PF01865	1.4235425552105372	-1.4235425552105372
PF01867	-1.7671020147800285	1.7671020147800283
PF01869	1.0204639979913752	-1.0204639979913754
PF01871	-0.45994280808142274	0.4599428080814227
PF01872	-0.574968255435897	0.5749682554358969
PF01874	-0.5421956470159831	0.542195647015983
PF01875	0.532057755353879	-0.5320577553538787
PF01882	0.48308363157274176	-0.4830836315727417
PF01883	-0.19215459096874543	0.1921545909687454
PF01887	0.5275149955987772	-0.5275149955987775
PF01888	0.9389006181657445	-0.9389006181657442
PF01890	0.7608015546339266	-0.7608015546339268
PF01891	-0.5374179252412852	0.5374179252412852
PF01895	-0.5917202671472339	0.5917202671472339
PF01906	0.6970163153350827	-0.6970163153350823
PF01914	0.15398635225519275	-0.15398635225519272
PF01915	1.6859938048712817	-1.6859938048712813
PF01923	0.05985023873692254	-0.05985023873692253
PF01924	1.423804612619924	-1.4238046126199237
PF01925	0.4659102038105733	-0.46591020381057324
PF01926	-1.808301900210029	1.8083019002100287
PF01928	1.0109507684044376	-1.0109507684044379
PF01930	1.4120978524439862	-1.4120978524439858
PF01933	0.17696084203437623	-0.17696084203437598
PF01934	-1.2892706589623764	1.2892706589623764
PF01935	1.6060144810822654	-1.6060144810822652
PF01936	1.3305252746464054	-1.3305252746464051
PF01938	-0.44630858240247456	0.4463085824024745
PF01939	0.10712195870716364	-0.10712195870716386
PF01943	-0.18772411466270347	0.18772411466270345
PF01944	-1.000084524177826	1.0000845241778258
PF01955	0.06817711073200704	-0.06817711073200679
PF01957	-0.15053175166710211	0.15053175166710211
PF01960	-0.007843960131396988	0.007843960131396986
PF01964	1.0431492048387376	-1.0431492048387372
PF01965	0.33348733953945564	-0.3334873395394558
PF01966	0.15812816385261227	-0.15812816385261202
PF01967	-1.1566210545106579	1.1566210545106577
PF01968	-0.6937854201275819	0.6937854201275818
PF01969	-1.2195384227970747	1.2195384227970745
PF01970	-1.2759378244608475	1.2759378244608472
PF01972	1.145141040203481	-1.1451410402034807
PF01975	0.6766578141326705	-0.6766578141326703
PF01977	0.23882624221351323	-0.2388262422135132
PF01979	0.8693879094515731	-0.869387909451573
PF01980	1.6828921151328882	-1.682892115132888
PF01985	1.8558639452909211	-1.855863945290921
PF01987	-1.2950746967443825	1.2950746967443822
PF01990	-1.145409963622336	1.1454099636223358
PF01992	-0.5758021773288575	0.5758021773288574
PF01996	-1.6076733043352467	1.6076733043352465
PF02001	-1.0541343490200568	1.0541343490200568
PF02016	0.19452531356280056	-0.19452531356280076
PF02018	-0.3748730707871531	0.37487307078715304
PF02021	0.6434950080696182	-0.6434950080696181
PF02028	1.2475078660279748	-1.2475078660279746
PF02033	-0.04941823837872415	0.049418238378724146
PF02036	0.7224004887998081	-0.722400488799808
PF02040	1.3073046920423008	-1.3073046920423008
PF02055	-1.092136153293451	1.0921361532934508
PF02056	0.056858771748347345	-0.05685877174834758
PF02057	-0.1627548145293386	0.16275481452933857
PF02065	0.41611356807284633	-0.4161135680728463
PF02073	-0.3415242439672997	0.34152424396729963
PF02074	-1.4651764950218928	1.4651764950218926
PF02075	0.9376011428516984	-0.937601142851698
PF02080	1.1291898842882202	-1.1291898842882198
PF02082	-0.7698098173008177	0.7698098173008175
PF02086	0.4963765184463268	-0.49637651844632646
PF02091	0.32663691018708463	-0.3266369101870848
PF02092	0.2105375329744833	-0.21053753297448352
PF02096	-0.9542179342048439	0.9542179342048438
PF02110	1.3192363438029593	-1.319236343802959
PF02113	0.8892677549078619	-0.8892677549078618
PF02120	1.3480479698282162	-1.348047969828216
PF02126	0.9158094127696863	-0.915809412769686
PF02127	0.37362069940450565	-0.3736206994045056
PF02129	1.2845207852175742	-1.2845207852175742
PF02130	1.5760167649350831	-1.576016764935083
PF02132	0.19929660312767197	-0.1992966031276717
PF02133	0.2521804288480777	-0.25218042884807745
PF02142	-0.4669770451421978	0.46697704514219773
PF02146	0.44819002673316694	-0.44819002673316666
PF02152	1.839362561944884	-1.8393625619448837
PF02153	0.9903759382160898	-0.9903759382160897
PF02156	-0.06070740931879505	0.060707409318795036
PF02163	-0.809444361584026	0.809444361584026
PF02190	-0.8650279718074256	0.8650279718074255
PF02195	0.516632645587652	-0.5166326455876522
PF02203	1.4462586066928742	-1.4462586066928738
PF02219	0.6897050459148734	-0.6897050459148732
PF02222	1.5162388322509701	-1.51623883225097
PF02223	0.07765312216846479	-0.07765312216846477
PF02224	-1.6855300352777995	1.6855300352777995
PF02230	0.8634474477152098	-0.8634474477152096
PF02233	-0.2744091480881412	0.2744091480881412
PF02236	0.22151359876882873	-0.2215135987688287
PF02245	-1.1139805480194096	1.1139805480194094
PF02254	-1.0007627218248192	1.000762721824819
PF02255	0.9797706630767717	-0.9797706630767719
PF02256	-1.1179376585120173	1.1179376585120173
PF02261	-0.07766794210264544	0.07766794210264544
PF02264	0.7078901540567931	-0.7078901540567931
PF02272	-1.7883361552403816	1.7883361552403814
PF02274	1.0816255057726065	-1.081625505772606
PF02275	-0.6904934696574985	0.6904934696574984
PF02277	-1.3919850122146904	1.3919850122146902
PF02278	-0.9750554373957421	0.975055437395742
PF02283	-0.40748939204622503	0.407489392046225
PF02286	-0.37411139560250434	0.3741113956025043
PF02288	-1.2908948266370683	1.2908948266370683
PF02302	-1.2461270271239042	1.246127027123904
PF02305	-0.1352168180120905	0.13521681801209048
PF02308	0.07929937767630621	-0.0792993776763062
PF02310	0.10872227963566934	-0.10872227963566909
PF02311	-0.7739667826110287	0.7739667826110286
PF02317	0.16955425037195812	-0.16955425037195812
PF02321	1.2792104703794516	-1.2792104703794513
PF02322	1.551024162614039	-1.551024162614039
PF02324	1.328740659308655	-1.3287406593086548
PF02325	0.9769143601174709	-0.9769143601174708
PF02335	1.2367465469443764	-1.2367465469443764
PF02342	-0.41817602004719456	0.4181760200471945
PF02347	1.9509418662302092	-1.9509418662302092
PF02348	0.10920409292837249	-0.10920409292837248
PF02350	-0.6697608473802628	0.6697608473802628
PF02353	2.011042794141295	-2.0110427941412947
PF02355	-0.6106058348841469	0.6106058348841468
PF02357	-1.1144901830880714	1.1144901830880714
PF02361	0.07646951736621055	-0.0764695173662103
PF02366	-0.20517863072875195	0.20517863072875192
PF02367	0.6481311791551673	-0.6481311791551672
PF02368	-1.0975522646743254	1.0975522646743252
PF02369	0.903712072228986	-0.9037120722289856
PF02371	-1.2393506051058865	1.2393506051058865
PF02374	-0.50127479874382	0.50127479874382
PF02378	0.911365743526169	-0.9113657435261692
PF02381	1.517932006750185	-1.5179320067501847
PF02384	-0.8839195188070995	0.8839195188070994
PF02386	0.5497733777543624	-0.5497733777543623
PF02387	1.414445290261019	-1.4144452902610187
PF02388	-0.6221324793668926	0.6221324793668926
PF02390	-1.4252141758450967	1.4252141758450965
PF02395	1.7223363491316153	-1.722336349131615
PF02397	-1.0588324018091557	1.0588324018091557
PF02401	0.4423241563276841	-0.4423241563276841
PF02403	1.3740364469398136	-1.3740364469398134
PF02405	1.1778304824288617	-1.1778304824288615
PF02410	1.1633942664684511	-1.1633942664684511
PF02413	1.3439629964080888	-1.3439629964080886
PF02415	1.0068901355328854	-1.0068901355328854
PF02417	-1.0548706372311731	1.054870637231173
PF02421	-1.357409528500569	1.3574095285005687
PF02423	0.48680730347755685	-0.4868073034775568
PF02424	-0.47098502577391765	0.4709850257739176
PF02436	-1.419173403003993	1.4191734030039929
PF02438	0.06620559888781961	-0.06620559888781936
PF02441	0.15753777212696468	-0.15753777212696468
PF02445	0.23878944661806834	-0.23878944661806806
PF02446	0.6884210137756285	-0.6884210137756287
PF02447	1.2469603821061934	-1.2469603821061932
PF02449	-0.5262405188602812	0.5262405188602811
PF02452	-1.3426660610417238	1.3426660610417236
PF02455	-0.1389036843241346	0.13890368432413458
PF02456	-0.033164120448527866	0.033164120448527866
PF02457	-1.9325851078732719	1.9325851078732716
PF02459	-0.0497853782877627	0.049785378287762694
PF02463	1.4938308779462444	-1.4938308779462446
PF02464	1.6682967832070634	-1.6682967832070632
PF02465	0.4633930229314176	-0.46339302293141754
PF02467	1.545510249930606	-1.545510249930606
PF02469	-1.18366640761597	1.18366640761597
PF02470	0.8098865055665903	-0.8098865055665904
PF02472	-0.7497042194044187	0.7497042194044186
PF02481	0.8230103651022993	-0.8230103651022994
PF02482	-0.931897135014541	0.9318971350145409
PF02485	0.20406866969112794	-0.2040686696911279
PF02486	0.08046786176540612	-0.0804678617654061
PF02491	1.0933772696447122	-1.0933772696447122
PF02492	-0.980244085128481	0.9802440851284809
PF02493	-0.1595978890458395	0.15959788904583946
PF02498	-1.4184489727322351	1.418448972732235
PF02502	-1.624400652485117	1.6244006524851167
PF02503	-0.8474575246971972	0.8474575246971972
PF02504	0.3683088551891648	-0.3683088551891645
PF02508	-0.6648322338963809	0.6648322338963809
PF02511	-1.1957371534070496	1.1957371534070496
PF02514	-0.5307351021794344	0.5307351021794344
PF02515	0.9427783808325775	-0.942778380832577
PF02517	-1.5506237997591616	1.5506237997591616
PF02518	-0.4486217288552208	0.4486217288552207
PF02525	1.3804692161859669	-1.3804692161859666
PF02527	1.3316728612814412	-1.331672861281441
PF02534	-0.0906981096102817	0.09069810961028169
PF02535	-0.20676980952927418	0.20676980952927415
PF02537	0.21000067671898268	-0.21000067671898265
PF02540	-0.8660226669352664	0.8660226669352663
PF02541	-1.698786634968647	1.6987866349686467
PF02542	0.6534206233553027	-0.6534206233553026
PF02545	-0.195446801538004	0.19544680153800398
PF02547	-0.271146599171285	0.271146599171285
PF02548	-1.3149376724115163	1.314937672411516
PF02550	0.4863026387187236	-0.4863026387187233
PF02551	0.8568724327352072	-0.8568724327352071
PF02554	0.08902238108023465	-0.0890223810802344
PF02557	-0.6204071652461892	0.6204071652461891
PF02558	-1.6123504803010158	1.6123504803010156
PF02559	1.2951634189886705	-1.2951634189886705
PF02561	-1.7310129870787092	1.731012987078709
PF02562	1.9170335689492568	-1.9170335689492566
PF02563	0.9976967480855128	-0.9976967480855123
PF02565	-0.3228681815446769	0.3228681815446769
PF02566	1.5972662569036082	-1.597266256903608
PF02567	1.092578642981348	-1.0925786429813478
PF02568	0.4411339906336993	-0.44113399063369924
PF02569	-0.6249310595231231	0.624931059523123
PF02570	-0.2666794209494543	0.2666794209494543
PF02571	-0.866749052549959	0.8667490525499589
PF02572	-0.8743717673081886	0.8743717673081884
PF02574	-1.3719785235298925	1.3719785235298922
PF02576	-1.0194600614887486	1.0194600614887486
PF02577	-0.49028323369276294	0.4902832336927629
PF02578	1.5451833300741984	-1.5451833300741984
PF02579	-1.2249881873054072	1.224988187305407
PF02580	1.1939238641174428	-1.1939238641174428
PF02581	-1.286082802261603	1.286082802261603
PF02583	-0.1530635052476841	0.15306350524768408
PF02585	0.4415971181452158	-0.441597118145216
PF02586	-1.195160970560183	1.1951609705601827
PF02588	-0.043275929525107296	0.043275929525107296
PF02589	0.03452607351553708	-0.03452607351553708
PF02590	0.10411638400558779	-0.10411638400558777
PF02592	1.1541638119902236	-1.1541638119902236
PF02595	2.0786684177798262	-2.0786684177798262
PF02597	0.2067749446566084	-0.20677494465660815
PF02599	-0.12507647816754022	0.12507647816754022
PF02601	1.4733300894538348	-1.4733300894538346
PF02602	-0.7611159917847106	0.7611159917847106
PF02603	0.3004026161418078	-0.30040261614180774
PF02606	1.4338834582179418	-1.4338834582179416
PF02607	-0.5058523346377551	0.505852334637755
PF02608	0.8067012399986496	-0.8067012399986495
PF02609	0.45087480811855263	-0.4508748081185528
PF02610	-0.27075021077194933	0.27075021077194933
PF02613	1.8208857364950468	-1.8208857364950466
PF02614	0.6798171061662991	-0.6798171061662991
PF02615	-1.4612859094505308	1.4612859094505306
PF02616	0.4348190597243795	-0.43481905972437945
PF02618	1.0040347289800566	-1.0040347289800564
PF02620	0.0024502957743872153	-0.0024502957743872153
PF02622	-0.36573063478984397	0.3657306347898439
PF02624	1.6665664305427614	-1.6665664305427612
PF02625	-1.802446531825615	1.8024465318256149
PF02626	1.3806004064269823	-1.3806004064269821
PF02627	-1.6722228238305727	1.6722228238305727
PF02629	1.5280862500497203	-1.52808625004972
PF02631	0.9589818447026519	-0.9589818447026518
PF02632	-1.378945572942108	1.3789455729421078
PF02633	-1.7650694510038754	1.7650694510038751
PF02634	1.1054568021594777	-1.1054568021594775
PF02635	1.3103573129578492	-1.310357312957849
PF02636	0.6295399229530841	-0.629539922953084
PF02637	-1.280067452729761	1.2800674527297609
PF02638	0.880016240436781	-0.8800162404367808
PF02639	-1.0929447673820862	1.092944767382086
PF02645	-1.666002170117465	1.6660021701174648
PF02646	1.7990750988025601	-1.79907509880256
PF02649	0.48253361029290937	-0.48253361029290953
PF02650	-0.5242629086116924	0.5242629086116924
PF02652	0.5242675162186032	-0.524267516218603
PF02653	0.005352615455140821	-0.00535261545514082
PF02654	0.3026096237195681	-0.30260962371956784
PF02657	1.3334318967377596	-1.3334318967377596
PF02659	0.06095355404336357	-0.06095355404336333
PF02660	1.6470680114641938	-1.6470680114641936
PF02661	1.0165397739239428	-1.016539773923943
PF02664	0.8623952240044414	-0.862395224004441
PF02665	-0.16164192050220408	0.16164192050220405
PF02666	-0.3740723362490562	0.37407233624905617
PF02667	0.6743987468725493	-0.674398746872549
PF02669	0.0738835190562679	-0.07388351905626814
PF02670	0.9978903851184201	-0.9978903851184198
PF02673	0.8605277956078655	-0.8605277956078654
PF02674	0.8108079091893613	-0.8108079091893612
PF02675	1.9193476296875989	-1.9193476296875984
PF02677	-0.2915934864174395	0.29159348641743943
PF02678	0.8440759540689586	-0.8440759540689583
PF02682	1.6044537441157052	-1.604453744115705
PF02683	-1.376717647772016	1.376717647772016
PF02684	0.13655812062383008	-0.13655812062383005
PF02685	1.5211445118126312	-1.521144511812631
PF02687	-0.31363117024344406	0.313631170243444
PF02690	0.60057095937021	-0.6005709593702099
PF02698	-1.5138141042106694	1.5138141042106694
PF02699	1.267932720526791	-1.267932720526791
PF02702	-0.2370937503694201	0.23709375036942007
PF02703	0.8288799790266859	-0.8288799790266855
PF02705	-0.07506694066560225	0.07506694066560224
PF02706	0.7064064795860213	-0.7064064795860213
PF02719	-1.634284677713941	1.6342846777139408
PF02729	-0.9254597899499368	0.9254597899499367
PF02730	-0.34779975885556225	0.3477997588555622
PF02733	0.9197182520566873	-0.9197182520566872
PF02734	-1.630570704529356	1.6305707045293558
PF02737	-0.2161025272001096	0.21610252720010958
PF02738	-0.2575725753549089	0.25757257535490885
PF02739	0.5495114427422537	-0.5495114427422534
PF02742	-0.6084405181508685	0.6084405181508684
PF02743	-0.4992524352803869	0.4992524352803868
PF02744	-1.4382080835041828	1.4382080835041826
PF02746	1.113826997986518	-1.1138269979865179
PF02749	-0.3693206050665189	0.3693206050665189
PF02753	1.8328331927579484	-1.8328331927579482
PF02754	1.6058485481613418	-1.6058485481613416
PF02767	0.9479589914181717	-0.9479589914181714
PF02768	0.9870617637762327	-0.9870617637762322
PF02769	-0.6787353927870518	0.6787353927870518
PF02770	-0.7730524669880097	0.7730524669880096
PF02771	-0.025813994148896794	0.02581399414889679
PF02772	0.653215145199009	-0.6532151451990087
PF02773	-0.540817820186302	0.5408178201863019
PF02774	1.3618622526193966	-1.3618622526193966
PF02775	0.3890322191063774	-0.38903221910637714
PF02776	0.3992403306031849	-0.39924033060318465
PF02779	-0.9784283940856021	0.9784283940856019
PF02780	-0.7563785897289118	0.7563785897289117
PF02781	2.0392848193859696	-2.039284819385969
PF02782	1.2401978522025026	-1.2401978522025023
PF02784	-0.1847515620362798	0.18475156203627977
PF02785	0.24893202775714138	-0.24893202775714113
PF02786	1.1352114985049517	-1.135211498504952
PF02787	-0.5057995222163095	0.5057995222163095
PF02798	0.11572124619253997	-0.1157212461925397
PF02800	0.9952491761921451	-0.995249176192145
PF02801	-1.209794468148524	1.2097944681485238
PF02803	0.5785932930462462	-0.5785932930462464
PF02806	0.44338498486608474	-0.4433849848660847
PF02811	-1.279028278927902	1.279028278927902
PF02812	-0.18907574458751064	0.18907574458751064
PF02823	-0.9974184515893522	0.9974184515893519
PF02824	-0.978746573683227	0.9787465736832269
PF02826	1.4917882318703828	-1.4917882318703826
PF02829	-1.3303362842266722	1.330336284226672
PF02833	0.3795012342232851	-0.3795012342232853
PF02836	-1.335544718171497	1.3355447181714968
PF02837	-0.3648798135458141	0.36487981354581406
PF02838	0.48788552452718664	-0.4878855245271866
PF02843	1.006496597209401	-1.0064965972094013
PF02844	0.3637464649729008	-0.36374646497290075
PF02852	1.4640353466841887	-1.4640353466841884
PF02861	-0.29114523491812105	0.29114523491812105
PF02863	0.3268083209088459	-0.3268083209088456
PF02866	-0.510173707596781	0.510173707596781
PF02867	-0.14081275278090258	0.14081275278090255
PF02872	-0.5730998959692972	0.5730998959692972
PF02873	0.2345653492213628	-0.23456534922136277
PF02874	-1.5227353305592672	1.522735330559267
PF02875	-0.4400864814348264	0.44008648143482637
PF02878	-0.8552635056887472	0.8552635056887472
PF02879	0.8389448364311959	-0.8389448364311958
PF02880	1.1574910568056935	-1.1574910568056935
PF02881	0.2329499965897106	-0.23294999658971033
PF02882	0.03787526847482386	-0.03787526847482385
PF02885	0.14531045441232965	-0.14531045441232965
PF02887	-0.24068171569620178	0.24068171569620175
PF02894	-0.6011606860252918	0.6011606860252917
PF02896	-0.613417376736569	0.6134173767365689
PF02897	1.541479083748051	-1.541479083748051
PF02899	1.3364839515762361	-1.336483951576236
PF02900	-0.30990986790387287	0.3099098679038728
PF02901	-0.02877810941437191	0.028778109414371908
PF02903	-1.706716480560219	1.7067164805602189
PF02906	-0.9204987463418148	0.9204987463418147
PF02910	1.1815683997868842	-1.181568399786884
PF02911	-0.35059270607861465	0.3505927060786146
PF02912	0.4255733852629641	-0.4255733852629641
PF02913	-0.05427289746650985	0.054272897466509845
PF02914	-0.47946123607400826	0.4794612360740082
PF02915	-0.3468719682744439	0.34687196827444383
PF02920	-0.4103276887220174	0.41032768872201736
PF02922	0.6388901662823258	-0.6388901662823256
PF02926	1.59777907295186	-1.59777907295186
PF02927	-0.06401395692801255	0.06401395692801254
PF02929	-0.9582253156134304	0.9582253156134303
PF02934	0.7434575040781967	-0.7434575040781963
PF02938	-0.12851661291886024	0.12851661291886024
PF02952	0.7754248233034218	-0.7754248233034214
PF02954	1.7587477667636182	-1.758747766763618
PF02965	0.065084693754085	-0.06508469375408522
PF02976	0.6256946476146943	-0.6256946476146941
PF02978	0.12763600792429428	-0.12763600792429425
PF02993	0.14123053649377665	-0.14123053649377662
PF03006	0.4412434110947464	-0.44124341109474613
PF03008	-1.2286261958527451	1.2286261958527451
PF03009	0.1016509098769645	-0.10165090987696448
PF03022	1.2733450460211138	-1.2733450460211135
PF03023	-0.15045484643652512	0.15045484643652512
PF03030	0.7980987086388256	-0.7980987086388253
PF03033	0.17332961671198563	-0.17332961671198585
PF03050	-1.175958422830029	1.1759584228300288
PF03051	1.1928876796646144	-1.192887679664614
PF03052	-0.24089506492275314	0.24089506492275312
PF03054	-1.6110246567888173	1.6110246567888171
PF03060	-1.0337227035625969	1.0337227035625967
PF03061	0.19550857228870816	-0.19550857228870813
PF03062	0.49448807763114805	-0.49448807763114777
PF03063	-1.042484905361185	1.042484905361185
PF03065	-1.1098590939366597	1.1098590939366595
PF03067	1.5938719205050496	-1.5938719205050493
PF03069	-0.831923068889624	0.831923068889624
PF03070	0.9519120820378242	-0.9519120820378241
PF03090	-0.7575365190416221	0.757536519041622
PF03099	0.49912814902859587	-0.4991281490285956
PF03102	-0.9168191322272493	0.9168191322272492
PF03109	0.6139769079170152	-0.613976907917015
PF03116	-0.8895903926473148	0.8895903926473147
PF03118	-0.48923008118883915	0.4892300811888391
PF03120	1.713797130080695	-1.7137971300806947
PF03123	-1.5651671060339096	1.5651671060339094
PF03129	0.7415933960139465	-0.7415933960139464
PF03135	0.26632236039659435	-0.2663223603965943
PF03136	1.4136372520313083	-1.413637252031308
PF03143	0.8744180764911242	-0.8744180764911244
PF03144	0.0369142183447984	-0.03691421834479839
PF03147	-1.5879240656784508	1.5879240656784506
PF03150	-0.44106652914604383	0.4410665291460438
PF03167	0.23803088315215096	-0.23803088315215115
PF03169	-0.237392584631194	0.23739258463119398
PF03170	1.9487541829432464	-1.9487541829432462
PF03171	0.08886949239584566	-0.08886949239584588
PF03174	-1.0862150551155494	1.0862150551155492
PF03175	-0.4351330617471985	0.43513306174719846
PF03176	0.2215280619855722	-0.22152806198557218
PF03180	1.3049427974324994	-1.3049427974324992
PF03186	0.007137090517792382	-0.0071370905177923815
PF03193	-0.2069050928199484	0.20690509281994837
PF03200	0.4762826143176249	-0.47628261431762486
PF03205	-1.0521328147159417	1.0521328147159414
PF03212	1.840232550708831	-1.8402325507088308
PF03222	1.1802429081475367	-1.1802429081475363
PF03228	0.6955461127272897	-0.6955461127272898
PF03230	1.24237508889065	-1.2423750888906497
PF03235	0.8061260397299596	-0.8061260397299594
PF03237	-0.2107243794462146	0.21072437944621458
PF03239	0.7604691181904414	-0.760469118190441
PF03241	0.7432440691358971	-0.7432440691358972
PF03253	-1.8762604970345536	1.8762604970345533
PF03255	-1.3419872620992415	1.3419872620992415
PF03264	0.35379561632011713	-0.3537956163201171
PF03272	-0.79445777671689	0.79445777671689
PF03275	-1.0423140847854073	1.0423140847854073
PF03279	0.7424321246907046	-0.7424321246907043
PF03306	1.5288855021355945	-1.5288855021355943
PF03307	0.9768575156699423	-0.9768575156699422
PF03308	0.3068911375225191	-0.30689113752251884
PF03309	-0.6758113376705478	0.6758113376705478
PF03313	-0.4400786571028198	0.44007865710281974
PF03315	0.7458621875876303	-0.7458621875876302
PF03320	1.4334923453359505	-1.4334923453359503
PF03321	-1.6614528657690215	1.6614528657690213
PF03323	0.1302023828076376	-0.13020238280763782
PF03328	-0.7477235135821011	0.747723513582101
PF03330	-0.15412909546208303	0.154129095462083
PF03331	0.3861128271322359	-0.38611282713223605
PF03349	1.859346137461771	-1.8593461374617708
PF03352	1.1253167073282877	-1.1253167073282873
PF03354	-1.8293859690043852	1.829385969004385
PF03358	-0.22252373379533538	0.22252373379533535
PF03372	-0.34538749132219826	0.3453874913221982
PF03374	0.16088719508743254	-0.16088719508743274
PF03382	0.949060195406313	-0.9490601954063127
PF03389	-1.7114480629641426	1.7114480629641424
PF03390	0.3039235080736543	-0.30392350807365426
PF03400	0.48660732465455775	-0.4866073246545577
PF03401	-0.08569062946933814	0.08569062946933813
PF03412	-1.5818945551712114	1.5818945551712111
PF03413	0.24917123442826936	-0.24917123442826955
PF03414	0.4425568129393932	-0.44255681293939314
PF03415	-0.1556132294331332	0.15561322943313316
PF03417	-0.06979035398140143	0.06979035398140142
PF03418	-1.5934513266626567	1.5934513266626564
PF03419	-0.8226818689886286	0.8226818689886285
PF03422	0.5656857326699847	-0.5656857326699843
PF03425	-0.6857149644208288	0.6857149644208287
PF03432	0.36427780229999257	-0.36427780229999257
PF03435	-0.8835174275525863	0.8835174275525862
PF03437	1.2523604156522368	-1.2523604156522363
PF03442	-1.5391517729759974	1.5391517729759971
PF03446	-0.6145998518591571	0.614599851859157
PF03447	0.7677559373952771	-0.7677559373952774
PF03448	-0.5822676650826296	0.5822676650826295
PF03449	-0.42481521728658594	0.4248152172865859
PF03450	0.8867780440398971	-0.8867780440398968
PF03453	-1.2668551108533685	1.2668551108533683
PF03457	-1.2640350110398193	1.2640350110398193
PF03458	1.7206256606364319	-1.7206256606364316
PF03460	0.10167403634038324	-0.10167403634038323
PF03461	1.0564192853401484	-1.0564192853401486
PF03462	-1.2245690945959808	1.2245690945959806
PF03466	1.4018237126515558	-1.4018237126515556
PF03471	0.3530871408490671	-0.35308714084906706
PF03473	1.0116105364312171	-1.0116105364312171
PF03477	-0.4133183076066941	0.413318307606694
PF03480	-1.2114205671781455	1.2114205671781453
PF03481	-1.3355113734652038	1.3355113734652035
PF03483	-0.2826069112579161	0.28260691125791604
PF03484	1.7658040752605444	-1.765804075260544
PF03485	-1.0345226795852622	1.0345226795852622
PF03486	-1.7360915669514807	1.7360915669514805
PF03496	-0.7554689970260079	0.7554689970260078
PF03502	2.156639561550746	-2.156639561550746
PF03515	0.8089218467757978	-0.8089218467757978
PF03527	-0.9737443988126032	0.9737443988126031
PF03544	1.0441030360029042	-1.044103036002904
PF03547	1.44742027495774	-1.4474202749577398
PF03551	-1.8888252161566466	1.8888252161566463
PF03553	-0.7871942846921117	0.7871942846921116
PF03571	-0.8530811769030631	0.853081176903063
PF03572	-0.028666586387813806	0.028666586387813803
PF03573	2.0594252266780293	-2.0594252266780293
PF03575	-1.077839422880741	1.077839422880741
PF03576	-0.3281980407942202	0.32819804079422016
PF03577	0.4898985568372199	-0.48989855683722006
PF03588	1.4218699592386257	-1.4218699592386255
PF03589	0.21244318261939277	-0.21244318261939296
PF03590	-0.5803534849738622	0.5803534849738621
PF03591	-1.2396407349584888	1.2396407349584886
PF03592	0.18249651828611602	-0.18249651828611577
PF03598	-1.1465643302775286	1.1465643302775284
PF03599	-0.6082200835537223	0.6082200835537221
PF03600	-1.4497094168034	1.4497094168033997
PF03601	0.8923548366846179	-0.8923548366846176
PF03602	1.4808329636237154	-1.4808329636237152
PF03605	1.4781096667049654	-1.4781096667049651
PF03606	-0.4791720541709788	0.47917205417097875
PF03609	0.35446159423750967	-0.3544615942375096
PF03610	-1.5648771185341568	1.5648771185341566
PF03611	-0.3110318427335606	0.31103184273356055
PF03612	-1.1089703551183516	1.1089703551183514
PF03613	0.8938884199262398	-0.8938884199262395
PF03616	-1.2033369786262689	1.2033369786262689
PF03618	-0.07828856434616764	0.07828856434616764
PF03625	-1.0935515295358835	1.0935515295358835
PF03629	-0.16804692634726534	0.1680469263472653
PF03630	-0.8609166765167199	0.8609166765167198
PF03631	-0.03075066888390244	0.030750668883902436
PF03632	-0.1835969392014929	0.18359693920149286
PF03636	-1.4195899486165158	1.4195899486165156
PF03641	0.5006557881453896	-0.5006557881453896
PF03644	0.4487507411384562	-0.44875074113845614
PF03649	0.8178599174962206	-0.8178599174962202
PF03652	-0.9025347306811176	0.9025347306811174
PF03663	-0.8036657303156751	0.803665730315675
PF03668	0.9828582378284854	-0.9828582378284852
PF03678	0.13829733861022636	-0.1382973386102261
PF03690	-0.5597651125387756	0.5597651125387755
PF03695	1.5135459630381831	-1.5135459630381827
PF03699	0.8793889076158091	-0.879388907615809
PF03702	0.7087919583158827	-0.7087919583158824
PF03703	-1.2066641747811842	1.206664174781184
PF03704	0.054030165492816584	-0.05403016549281658
PF03706	0.3538679145735937	-0.3538679145735934
PF03709	0.6290313516399221	-0.6290313516399217
PF03710	1.3636206204534858	-1.3636206204534855
PF03711	1.18401476473232	-1.1840147647323198
PF03714	-1.0671554143832986	1.0671554143832984
PF03717	-0.017947580707157122	0.017947580707157122
PF03719	1.271942150243308	-1.2719421502433075
PF03720	-0.18943792185420497	0.18943792185420494
PF03721	0.545729990461174	-0.5457299904611741
PF03725	-0.40783727968788025	0.4078372796878802
PF03726	1.1500664672309386	-1.1500664672309384
PF03728	1.1445243345093137	-1.1445243345093135
PF03729	0.16048179336251703	-0.16048179336251675
PF03733	0.9097442277973506	-0.9097442277973503
PF03734	-0.04700419740034607	0.047004197400346066
PF03737	-1.6499119508397935	1.6499119508397933
PF03738	1.4227341790863697	-1.4227341790863697
PF03739	1.7733351571678326	-1.7733351571678324
PF03740	1.1707546935117636	-1.1707546935117636
PF03741	1.5295706757757423	-1.5295706757757421
PF03743	-0.4451845290969381	0.44518452909693806
PF03744	0.48964154686972367	-0.4896415468697236
PF03746	-0.3984791350667434	0.3984791350667433
PF03747	-1.4154005816485042	1.415400581648504
PF03749	0.476424022495552	-0.47642402249555194
PF03755	0.03378038357347433	-0.03378038357347432
PF03764	0.761803893693393	-0.7618038936933931
PF03772	1.1680319687634104	-1.1680319687634106
PF03773	0.13183581223315533	-0.13183581223315508
PF03775	-1.309791424961541	1.3097914249615408
PF03780	-1.904002691602373	1.9040026916023727
PF03781	0.658535660728835	-0.6585356607288346
PF03786	-0.714124194147342	0.7141241941473419
PF03787	-0.20943043347296486	0.20943043347296483
PF03788	0.7009769763695118	-0.7009769763695117
PF03793	1.6164716412708853	-1.616471641270885
PF03796	1.1177214033101832	-1.1177214033101834
PF03797	-0.1467214295107552	0.14672142951075517
PF03806	1.288933296258554	-1.2889332962585538
PF03807	-0.7956247620183328	0.7956247620183327
PF03808	-0.2063041841797439	0.2063041841797439
PF03811	0.7916700409499219	-0.7916700409499218
PF03812	-1.2497504053557318	1.2497504053557316
PF03814	-0.6840297538880533	0.6840297538880533
PF03816	-1.0472630125328795	1.0472630125328792
PF03819	1.954812042208338	-1.9548120422083377
PF03824	1.4296627434175937	-1.4296627434175935
PF03825	0.5754702202167473	-0.5754702202167475
PF03830	0.06534137311674527	-0.06534137311674527
PF03837	1.3082979567201098	-1.3082979567201098
PF03838	-1.6366220242551537	1.6366220242551535
PF03840	1.5567491536304987	-1.5567491536304983
PF03841	-0.5396509886484648	0.5396509886484648
PF03845	-1.7871997112640317	1.7871997112640314
PF03852	0.7085504938310944	-0.7085504938310944
PF03853	-1.3568536156775934	1.3568536156775932
PF03861	-0.40477413197600803	0.404774131976008
PF03862	-1.3820875768446124	1.3820875768446124
PF03864	-0.2793417329572118	0.2793417329572118
PF03865	1.2618602168297313	-1.261860216829731
PF03880	-0.43575442778910506	0.43575442778910506
PF03881	1.2883674521317043	-1.2883674521317041
PF03883	0.28438369077233805	-0.28438369077233805
PF03885	-1.7831446468370178	1.7831446468370176
PF03887	-0.38790925433292217	0.3879092543329221
PF03894	-0.7236217317181473	0.7236217317181471
PF03895	-1.2253478454595295	1.2253478454595292
PF03910	0.25090383048328446	-0.25090383048328446
PF03916	1.7741471323695917	-1.7741471323695914
PF03928	0.4413977771629449	-0.44139777716294487
PF03929	-0.20261738994442938	0.20261738994442935
PF03932	-0.537766179787552	0.537766179787552
PF03934	0.901491187101329	-0.9014911871013286
PF03938	0.7228238788076329	-0.7228238788076328
PF03946	-0.8428866680631523	0.8428866680631522
PF03947	-0.8677102612101363	0.8677102612101362
PF03948	0.1723692249063613	-0.1723692249063613
PF03949	-0.5982146760032905	0.5982146760032905
PF03950	-1.1199152115932385	1.1199152115932385
PF03951	1.411797906449465	-1.411797906449465
PF03952	-1.09193608444622	1.0919360844462198
PF03955	-1.0187268028297847	1.0187268028297845
PF03956	0.6134959116874378	-0.6134959116874377
PF03958	1.1443572946416036	-1.1443572946416039
PF03960	-0.4485882870492246	0.44858828704922454
PF03961	-1.853766151546534	1.8537661515465338
PF03963	-0.2906499808240596	0.2906499808240596
PF03965	-1.3764941316410828	1.3764941316410826
PF03968	1.27125198405334	-1.2712519840533398
PF03969	0.3391911703521203	-0.33919117035212026
PF03972	0.8707620308258195	-0.8707620308258192
PF03976	1.1150805477676695	-1.1150805477676695
PF03977	-0.6945285392162187	0.6945285392162186
PF03979	-1.099600611876368	1.0996006118763677
PF03989	-0.8828110647428674	0.8828110647428673
PF03990	1.7050473227219738	-1.7050473227219733
PF03992	-0.8162583504551584	0.8162583504551583
PF03993	1.462808498534154	-1.4628084985341538
PF03994	1.155892755551499	-1.155892755551499
PF04002	-1.1405787808996706	1.1405787808996704
PF04011	0.851048897233357	-0.8510488972333569
PF04015	-1.7435010816946028	1.7435010816946026
PF04018	1.1371525485270673	-1.137152548527067
PF04020	0.8700992012725717	-0.8700992012725718
PF04023	1.0400081096224185	-1.0400081096224183
PF04024	-1.0207485690737457	1.0207485690737454
PF04026	-0.11617962002293968	0.11617962002293966
PF04028	0.2875053099247847	-0.2875053099247847
PF04041	0.2735943217308113	-0.2735943217308115
PF04055	0.07935167242784405	-0.07935167242784404
PF04069	-1.065250270504254	1.065250270504254
PF04072	-0.5416541694805259	0.5416541694805259
PF04073	-0.6329013885761164	0.6329013885761163
PF04074	0.268934794754541	-0.26893479475454124
PF04076	1.1319329321396636	-1.1319329321396634
PF04079	-0.33803168540313266	0.3380316854031326
PF04085	0.2660173205207432	-0.2660173205207432
PF04087	-0.9260752414492667	0.9260752414492666
PF04095	-0.48319901716720165	0.4831990171672016
PF04101	-1.2729070656976007	1.2729070656976005
PF04107	-0.2114006816144132	0.21140068161441317
PF04122	-0.5994109950900651	0.599410995090065
PF04127	0.3949509708557219	-0.39495097085572206
PF04131	1.778362672813593	-1.7783626728135928
PF04138	-1.1108945977542297	1.1108945977542295
PF04143	-1.195397227312006	1.1953972273120057
PF04166	-0.825217254253896	0.825217254253896
PF04168	1.2752837049755485	-1.2752837049755485
PF04170	1.3774368859503598	-1.3774368859503598
PF04172	-0.8726668881177964	0.8726668881177962
PF04174	1.6497263414011207	-1.6497263414011205
PF04198	0.05210473555998595	-0.052104735559985946
PF04199	-1.670617896975721	1.6706178969757208
PF04203	0.03828735303806953	-0.03828735303806952
PF04204	1.1609979929214722	-1.160997992921472
PF04205	-1.276016542610491	1.2760165426104908
PF04214	-0.28953778619326664	0.2895377861932666
PF04216	0.41709385611015404	-0.41709385611015376
PF04221	0.6014610415629067	-0.6014610415629064
PF04223	0.5368574757970318	-0.5368574757970317
PF04224	-0.14570806171808554	0.14570806171808554
PF04228	0.645001365138361	-0.645001365138361
PF04229	0.39293734628271504	-0.392937346282715
PF04230	-0.4726203468992925	0.47262034689929244
PF04233	1.175944076189585	-1.1759440761895847
PF04234	1.7931481364474875	-1.7931481364474873
PF04235	1.3073058205633776	-1.3073058205633776
PF04237	-1.412117636480765	1.412117636480765
PF04239	-0.1395040139146995	0.13950401391469947
PF04245	-1.1215603211590224	1.1215603211590222
PF04257	1.3707007483274418	-1.3707007483274416
PF04260	-0.2017604640968293	0.20176046409682927
PF04261	1.4457857694483636	-1.4457857694483631
PF04262	0.39750793957749425	-0.3975079395774939
PF04263	1.7783633257746878	-1.7783633257746874
PF04266	0.2691024636035723	-0.26910246360357254
PF04277	-1.067766843258512	1.067766843258512
PF04282	1.4196080407339984	-1.4196080407339982
PF04285	0.7791546760743298	-0.7791546760743294
PF04286	2.1028325034878597	-2.1028325034878597
PF04290	-1.5447242791843068	1.5447242791843065
PF04293	1.0065741706342923	-1.0065741706342923
PF04294	0.07485272382318564	-0.07485272382318564
PF04295	0.2069196534857205	-0.20691965348572047
PF04298	-1.2204949401879641	1.220494940187964
PF04301	-0.8533065645811442	0.8533065645811441
PF04303	0.327881005658312	-0.32788100565831196
PF04313	0.12300786043380377	-0.12300786043380375
PF04317	1.9493880834871307	-1.9493880834871302
PF04321	-1.4565362557523336	1.4565362557523334
PF04324	-0.3824143745258561	0.382414374525856
PF04326	-0.004729235908441963	0.004729235908441962
PF04327	-1.3152726625016893	1.315272662501689
PF04333	-0.4276922674150958	0.42769226741509575
PF04343	1.4402110876377716	-1.4402110876377712
PF04346	-0.5314656169254846	0.5314656169254844
PF04348	-0.2900265018484634	0.29002650184846335
PF04349	0.06568871748247404	-0.0656887174824738
PF04357	-1.0204276445516784	1.0204276445516784
PF04365	-0.16815088212107965	0.16815088212107962
PF04371	0.13309609916830265	-0.13309609916830287
PF04375	1.6432767051601374	-1.6432767051601371
PF04378	2.082762575187668	-2.0827625751876675
PF04383	1.3249404228702983	-1.3249404228702981
PF04389	-0.1249423494152021	0.12494234941520209
PF04390	0.024570069873228264	-0.02457006987322826
PF04392	-1.5489620551536372	1.548962055153637
PF04393	-0.8072398629760851	0.807239862976085
PF04397	-1.7073577046292325	1.7073577046292325
PF04402	-0.32009554446236255	0.3200955444623625
PF04403	1.6978320775429074	-1.6978320775429072
PF04404	-0.4554827023306746	0.45548270233067456
PF04408	-0.10108444118793776	0.10108444118793775
PF04411	-0.852089605740717	0.8520896057407169
PF04412	-1.4210974432992103	1.4210974432992103
PF04413	0.4721618375650578	-0.47216183756505775
PF04417	0.6643887351823385	-0.6643887351823387
PF04422	1.0477541849799399	-1.0477541849799397
PF04432	-0.000750159500512402	0.0007501595005124018
PF04439	-1.2149425124901712	1.214942512490171
PF04443	-0.3719220507656034	0.37192205076560336
PF04450	0.3037243088114615	-0.30372430881146145
PF04452	-1.2562318505172803	1.2562318505172803
PF04453	1.883397747294928	-1.8833977472949277
PF04459	-1.420898296923062	1.4208982969230617
PF04463	-0.10974856092515292	0.10974856092515291
PF04464	0.11789079623503992	-0.11789079623503966
PF04465	0.46866637697890107	-0.46866637697890123
PF04466	-0.6165758128377821	0.6165758128377821
PF04468	-1.0008719285121126	1.0008719285121126
PF04471	-1.1518864415068428	1.1518864415068426
PF04472	-1.4009374007758955	1.4009374007758955
PF04474	0.289768543699439	-0.289768543699439
PF04488	0.760440065410457	-0.7604400654104568
PF04509	-1.623272604091314	1.6232726040913137
PF04513	-0.3163839471238771	0.3163839471238771
PF04519	-0.2246225268668594	0.22462252686685938
PF04528	-0.8131644152321481	0.8131644152321481
PF04536	-1.441940591379695	1.4419405913796948
PF04539	-1.6594366388693673	1.659436638869367
PF04542	-1.4869953781081522	1.486995378108152
PF04545	-1.3772859967387328	1.3772859967387325
PF04551	-0.831839258796918	0.8318392587969179
PF04552	0.5162047340070757	-0.5162047340070759
PF04555	0.18578076036803626	-0.18578076036803626
PF04556	-0.41724060511715727	0.4172406051171572
PF04560	-1.5506732430201495	1.5506732430201495
PF04561	-1.2316472523467648	1.2316472523467645
PF04563	0.0642108245806099	-0.06421082458061012
PF04565	-0.832165449726436	0.8321654497264359
PF04586	1.407007592580977	-1.4070075925809766
PF04607	-1.3761172440854408	1.3761172440854408
PF04613	-1.2183279026482554	1.2183279026482552
PF04616	0.5272563156837614	-0.5272563156837613
PF04632	1.1080155831757488	-1.1080155831757483
PF04647	-0.38560293819008346	0.38560293819008346
PF04655	-0.9232280651038647	0.9232280651038646
PF04657	-1.2652879078105954	1.2652879078105954
PF04685	-1.1728391699740892	1.172839169974089
PF04688	1.149822997233811	-1.1498229972338108
PF04715	0.3339907154870972	-0.33399071548709713
PF04717	0.7311367802236012	-0.7311367802236014
PF04738	-1.1110797382407929	1.1110797382407929
PF04740	0.3341585915065187	-0.33415859150651867
PF04754	0.779606803618303	-0.7796068036183029
PF04760	1.021862234939325	-1.021862234939325
PF04773	-0.040860859895641456	0.040860859895641456
PF04794	-0.3862513841681922	0.3862513841681922
PF04796	-1.576827441932744	1.5768274419327437
PF04816	-1.661264748212875	1.6612647482128748
PF04829	1.4462264464035746	-1.4462264464035743
PF04851	-0.9047969678066717	0.9047969678066716
PF04854	-0.9243947596028316	0.9243947596028315
PF04860	0.12222891193391469	-0.12222891193391491
PF04865	-0.9386074478728045	0.9386074478728044
PF04879	1.7678151144664256	-1.7678151144664251
PF04892	0.6307031065152376	-0.6307031065152379
PF04898	0.8438638112467954	-0.8438638112467953
PF04909	-0.6600941156962759	0.6600941156962757
PF04914	-1.8466969623820266	1.8466969623820264
PF04917	1.364303757347354	-1.3643037573473538
PF04932	-0.6346617832869847	0.6346617832869846
PF04952	-0.4845036246629325	0.48450362466293245
PF04960	1.134885721825056	-1.1348857218250559
PF04961	-0.24227955144120888	0.24227955144120886
PF04962	-0.09079121439040946	0.09079121439040946
PF04963	0.849073604282894	-0.8490736042828941
PF04966	-1.2418470224447873	1.241847022444787
PF04972	1.080780721266515	-1.080780721266515
PF04973	-0.16053145388738252	0.1605314538873825
PF04976	-0.44900414930952687	0.4490041493095268
PF04977	0.9174688144895026	-0.9174688144895025
PF04983	-0.2162744073206489	0.21627440732064887
PF04984	-1.1982034509861808	1.1982034509861805
PF04985	-0.13880325971311347	0.13880325971311347
PF04986	-0.0035766053223760547	0.0035766053223760543
PF04991	-0.8318599580957059	0.8318599580957058
PF04993	-0.79722227325632	0.7972222732563199
PF04996	1.6333116266947385	-1.633311626694738
PF04997	1.5311488503190187	-1.5311488503190185
PF04998	1.1815498072668738	-1.1815498072668735
PF05000	-0.1481470355844463	0.14814703558444628
PF05014	1.5988393200251294	-1.5988393200251292
PF05015	0.020839498421236863	-0.02083949842123686
PF05016	-0.9296971099383522	0.9296971099383521
PF05025	-0.9565499154905652	0.9565499154905651
PF05031	-0.6615265631890235	0.6615265631890234
PF05035	1.5749555015949375	-1.5749555015949372
PF05036	-0.3070091712481519	0.3070091712481519
PF05043	-1.0017706225947562	1.0017706225947562
PF05045	0.5324895046026153	-0.5324895046026155
PF05063	0.25878631405733654	-0.25878631405733626
PF05065	0.2738395753353975	-0.2738395753353977
PF05067	-1.678957435993084	1.678957435993084
PF05076	0.8411841476984039	-0.8411841476984036
PF05089	-0.07328640389179389	0.07328640389179389
PF05103	0.5765553929426892	-0.5765553929426891
PF05105	-1.2282246978850873	1.2282246978850873
PF05107	-1.5556945733996255	1.5556945733996252
PF05108	0.9177557604582581	-0.9177557604582582
PF05116	-1.034265664676629	1.034265664676629
PF05125	1.1275308658723722	-1.127530865872372
PF05127	1.1196396004966367	-1.1196396004966367
PF05130	-0.8936377613516351	0.893637761351635
PF05133	1.0632553433583012	-1.0632553433583012
PF05136	-1.0747374444535505	1.0747374444535502
PF05138	1.1471466673856712	-1.147146667385671
PF05139	-0.36871849999749956	0.3687184999974995
PF05140	-0.5649069668552077	0.5649069668552076
PF05147	0.5439974132170886	-0.5439974132170885
PF05154	-0.2392403357565444	0.23924033575654435
PF05157	-1.199085959964364	1.1990859599643637
PF05159	1.1617127912547018	-1.1617127912547016
PF05167	-1.658517476142281	1.6585174761422807
PF05170	1.2709982691795465	-1.2709982691795463
PF05173	1.1034821813450546	-1.1034821813450546
PF05175	0.2866997064398885	-0.2866997064398883
PF05183	-0.556134737958685	0.556134737958685
PF05188	1.07042217318576	-1.0704221731857595
PF05190	0.8941092287125489	-0.894109228712549
PF05192	-1.2049572722116662	1.204957272211666
PF05193	-0.1570307466812838	0.15703074668128378
PF05195	1.0130417686622166	-1.0130417686622162
PF05198	-1.1462765507299708	1.1462765507299708
PF05201	-1.063040809646857	1.063040809646857
PF05221	0.4786541769234629	-0.4786541769234626
PF05222	1.088319111217573	-1.088319111217573
PF05229	1.0616047009678031	-1.061604700967803
PF05231	1.7767327265898867	-1.7767327265898867
PF05257	0.8222910354129017	-0.8222910354129016
PF05258	-0.21752993302141255	0.21752993302141252
PF05272	-0.8972361624287228	0.8972361624287227
PF05275	1.5518333914565139	-1.5518333914565137
PF05342	-0.9754838479955004	0.9754838479955003
PF05343	0.459227919485048	-0.4592279194850477
PF05352	-1.265083734571822	1.2650837345718218
PF05362	-1.3449330008421552	1.344933000842155
PF05368	-0.38652780954953153	0.3865278095495315
PF05378	0.05014305265237757	-0.05014305265237756
PF05385	0.10692638083558269	-0.10692638083558267
PF05389	-1.5406957851443324	1.5406957851443321
PF05402	-0.3463328279287843	0.3463328279287843
PF05406	-1.5821937422258872	1.582193742225887
PF05420	0.7906875141516386	-0.7906875141516387
PF05425	0.9702698956318472	-0.9702698956318471
PF05426	-1.2643069890959888	1.2643069890959886
PF05430	-0.5306085824420254	0.5306085824420252
PF05437	0.5210924574021004	-0.5210924574021002
PF05448	-0.8133820067509623	0.8133820067509623
PF05496	1.3527420644508876	-1.3527420644508874
PF05524	-0.555799580496891	0.555799580496891
PF05525	0.6510517539758472	-0.6510517539758469
PF05544	-1.6038644730457594	1.6038644730457594
PF05547	-1.483791602977592	1.483791602977592
PF05569	-0.40632552532595073	0.40632552532595073
PF05576	0.6848806598445666	-0.6848806598445667
PF05580	-0.9347105395957441	0.934710539595744
PF05592	-0.11953926697750261	0.1195392669775026
PF05593	-0.5852361094898135	0.5852361094898134
PF05594	0.14725552301151162	-0.14725552301151137
PF05598	-0.5310728666014255	0.5310728666014254
PF05636	-0.8424439539930921	0.842443953993092
PF05638	0.16689124153943155	-0.16689124153943177
PF05649	1.5624502202404125	-1.5624502202404122
PF05651	-0.7135005898884109	0.7135005898884108
PF05656	-1.5316238453518385	1.5316238453518383
PF05658	-1.0797212674898145	1.0797212674898145
PF05662	-0.49477600587950815	0.4947760058795081
PF05670	-0.9851244150274442	0.9851244150274441
PF05673	-1.3998886778738984	1.3998886778738981
PF05681	-0.14205615246745146	0.14205615246745143
PF05683	-1.30902674534415	1.3090267453441498
PF05684	-1.5754918716284145	1.5754918716284143
PF05685	1.5210021011666977	-1.5210021011666974
PF05686	-0.47580771643557646	0.4758077164355764
PF05688	0.8634080900623186	-0.8634080900623184
PF05689	1.3505766432359771	-1.3505766432359767
PF05690	1.6909599171599579	-1.6909599171599574
PF05691	-1.120365081960376	1.1203650819603759
PF05693	-1.4746281894064162	1.474628189406416
PF05697	0.512862395158701	-0.5128623951587009
PF05698	-0.7930591347146609	0.7930591347146609
PF05704	-1.4830093890603717	1.4830093890603717
PF05709	-1.074587629557792	1.074587629557792
PF05713	-1.0131648252304593	1.013164825230459
PF05717	-0.1924245828964058	0.19242458289640577
PF05728	0.5018707207143193	-0.5018707207143189
PF05731	1.1823006837835885	-1.1823006837835883
PF05732	-1.3457733567786792	1.345773356778679
PF05737	0.08873056227374511	-0.08873056227374534
PF05738	-1.2406701258298072	1.240670125829807
PF05746	1.259652570987072	-1.2596525709870718
PF05762	-0.8694430858746236	0.8694430858746235
PF05766	-0.76449658577298	0.7644965857729799
PF05816	-0.2664740138991096	0.2664740138991095
PF05833	-0.7856699113647896	0.7856699113647895
PF05838	0.42827818950779556	-0.4282781895077957
PF05840	1.7655769336796936	-1.7655769336796934
PF05853	0.9040211540449866	-0.9040211540449865
PF05857	0.6379863860466815	-0.6379863860466815
PF05860	0.7081587019708051	-0.7081587019708052
PF05861	-1.1343335014400158	1.1343335014400158
PF05866	0.6013957098094406	-0.6013957098094406
PF05869	-0.20968017855583967	0.20968017855583965
PF05872	1.0694901626096605	-1.0694901626096605
PF05876	1.335211440118035	-1.335211440118035
PF05893	1.679121471134905	-1.679121471134905
PF05894	0.9085777889373561	-0.908577788937356
PF05901	-1.3631722006766687	1.3631722006766684
PF05935	0.46310619631920835	-0.4631061963192083
PF05936	0.8354347198698714	-0.8354347198698713
PF05943	0.5286403252771993	-0.5286403252771993
PF05947	1.8823954800419513	-1.8823954800419511
PF05949	1.3550127404433843	-1.3550127404433838
PF05954	1.6836246942052593	-1.683624694205259
PF05958	-1.8924388042924076	1.8924388042924074
PF05960	-0.8799392514695771	0.879939251469577
PF05970	-0.3643635797568695	0.36436357975686945
PF05973	-0.8993667162697428	0.8993667162697428
PF05974	0.9538821840737877	-0.9538821840737876
PF05977	-1.2104971815766479	1.2104971815766477
PF05985	0.2920689506035126	-0.29206895060351257
PF05987	0.21775735689993078	-0.21775735689993075
PF05991	-1.0552148633653158	1.0552148633653156
PF05992	1.8533679451835365	-1.8533679451835363
PF06004	1.830969378807334	-1.8309693788073338
PF06007	0.4817963473610392	-0.48179634736103916
PF06013	-1.5898881582226694	1.5898881582226692
PF06026	0.9629399493320683	-0.962939949332068
PF06032	-1.237168159780743	1.2371681597807427
PF06039	1.50121882963028	-1.5012188296302797
PF06048	1.8697290216605496	-1.8697290216605493
PF06050	0.5323242553807588	-0.5323242553807587
PF06067	-0.08771013565094433	0.08771013565094432
PF06071	-0.11657765188695526	0.11657765188695525
PF06074	-0.7978467610082144	0.7978467610082143
PF06082	0.8556724890831933	-0.8556724890831932
PF06097	0.13759046674310657	-0.13759046674310632
PF06100	-0.30229960493321273	0.3022996049332127
PF06103	0.865054310396676	-0.8650543103966757
PF06114	-0.5611974681954083	0.5611974681954083
PF06122	0.06666609220292731	-0.06666609220292755
PF06123	1.850378073865762	-1.850378073865762
PF06125	-1.6037621719841455	1.6037621719841453
PF06130	0.9027565755265357	-0.9027565755265353
PF06134	0.7545382616610358	-0.7545382616610357
PF06144	0.35423682444070986	-0.3542368244407098
PF06149	-1.2850577893250257	1.2850577893250255
PF06152	1.2723649689967804	-1.2723649689967802
PF06160	0.5354851103413557	-0.5354851103413556
PF06161	0.5978313948685798	-0.5978313948685797
PF06165	-1.64325851064834	1.6432585106483397
PF06166	-0.6878615834201673	0.6878615834201672
PF06172	0.3082698922591824	-0.30826989225918233
PF06175	0.3445566266221246	-0.34455662662212483
PF06177	-0.7511833666180023	0.7511833666180022
PF06178	0.3119275543489	-0.3119275543489
PF06180	-0.36443058834622327	0.3644305883462232
PF06182	-0.12776746892229662	0.12776746892229662
PF06202	-1.4006234869118577	1.4006234869118575
PF06207	-1.4349693951382148	1.4349693951382148
PF06224	-0.4688548522842451	0.46885485228424506
PF06245	0.531806376698805	-0.5318063766988053
PF06250	-1.323512554478903	1.3235125544789028
PF06253	0.752374216113043	-0.7523742161130432
PF06258	1.1109329620739792	-1.1109329620739787
PF06277	-0.15122713260957762	0.15122713260957762
PF06283	0.2981577554170227	-0.2981577554170229
PF06290	0.37070296127275343	-0.3707029612727536
PF06293	1.3519395568726078	-1.3519395568726078
PF06315	1.3736219924598094	-1.3736219924598094
PF06321	-0.30544855729721665	0.30544855729721665
PF06325	-0.9238754526977089	0.9238754526977088
PF06368	0.338452923147662	-0.33845292314766195
PF06379	-1.0596647236025825	1.0596647236025822
PF06381	-0.43532863353862733	0.4353286335386273
PF06406	1.7003998178979423	-1.700399817897942
PF06414	0.36059999535833187	-0.3605999953583316
PF06415	-1.593534180039541	1.5935341800395408
PF06418	-0.7740299261086077	0.7740299261086075
PF06421	-0.20416823822681532	0.2041682382268153
PF06426	1.0368737063880042	-1.0368737063880038
PF06429	-1.3797243493667952	1.3797243493667952
PF06439	0.17755509453008267	-0.17755509453008286
PF06445	-1.1494544232624706	1.1494544232624704
PF06450	1.3691751967208776	-1.3691751967208774
PF06452	-1.5371674380425007	1.5371674380425004
PF06458	1.2562027295095526	-1.2562027295095524
PF06463	-1.2741162330609737	1.2741162330609737
PF06470	0.0060345597409817	-0.006034559740981699
PF06476	2.0974211530348255	-2.097421153034825
PF06500	1.3450394666561216	-1.3450394666561214
PF06506	1.6095652468360282	-1.609565246836028
PF06508	-0.48890095930556665	0.4889009593055666
PF06537	0.1843704735640384	-0.18437047356403838
PF06541	0.6873100517020699	-0.6873100517020696
PF06545	1.9178064205614649	-1.9178064205614647
PF06551	1.5891971371673763	-1.5891971371673763
PF06559	-1.0231245770296888	1.0231245770296888
PF06560	-0.12574698029504763	0.1257469802950476
PF06564	-0.46738601086006865	0.4673860108600686
PF06574	1.1156259550558014	-1.1156259550558014
PF06580	-1.3137921390605412	1.3137921390605412
PF06603	-0.6663775804277074	0.6663775804277073
PF06605	0.9766350692827486	-0.9766350692827487
PF06616	-0.9284631751869661	0.928463175186966
PF06628	0.20160577051174378	-0.20160577051174375
PF06629	1.2343051876660285	-1.2343051876660283
PF06634	1.0580364134055575	-1.0580364134055573
PF06674	2.020497164418858	-2.0204971644188574
PF06675	-0.16434940766856695	0.16434940766856693
PF06686	-0.8033227649805478	0.8033227649805477
PF06689	1.0635357720488712	-1.0635357720488712
PF06695	-1.6011905406006728	1.6011905406006726
PF06717	1.8051593752308739	-1.8051593752308737
PF06723	-1.1157979836365108	1.1157979836365108
PF06725	0.35656051729318133	-0.3565605172931813
PF06738	1.6730108803721717	-1.6730108803721713
PF06744	0.6554842310329709	-0.6554842310329708
PF06750	-1.596934422048241	1.596934422048241
PF06751	-1.4217885230941887	1.4217885230941885
PF06761	-0.5171777768022343	0.5171777768022343
PF06769	0.4212554916926767	-0.4212554916926769
PF06778	0.5832978519683361	-0.5832978519683357
PF06779	1.3300642885868912	-1.330064288586891
PF06781	-0.04341946892830641	0.04341946892830641
PF06782	-1.2788022812867579	1.2788022812867577
PF06800	-1.1878876239718308	1.1878876239718308
PF06804	1.3756912249236923	-1.3756912249236921
PF06808	-0.06715171410049241	0.0671517141004924
PF06810	-1.7080702540657469	1.7080702540657466
PF06812	1.474825421753564	-1.4748254217535637
PF06824	0.623645107784738	-0.6236451077847379
PF06826	-0.4448924537227182	0.44489245372271813
PF06832	1.2249987636540216	-1.2249987636540214
PF06834	0.4131154445435803	-0.41311544454357996
PF06835	2.0688966907499764	-2.068896690749976
PF06838	-1.0215188909548323	1.021518890954832
PF06841	0.5161554473867702	-0.5161554473867701
PF06864	0.8097468442623853	-0.8097468442623852
PF06874	0.19261966419075302	-0.19261966419075277
PF06889	-0.17369690750555988	0.17369690750555986
PF06898	-0.6183343257824029	0.6183343257824029
PF06899	0.9451472274325767	-0.9451472274325766
PF06908	0.13322206982512796	-0.1332220698251282
PF06912	-1.0107974647935036	1.0107974647935034
PF06917	0.9958484069142928	-0.9958484069142927
PF06925	-1.6753807052857161	1.6753807052857161
PF06931	0.2343290157672697	-0.23432901576726942
PF06940	1.7836360448961444	-1.7836360448961444
PF06941	-0.6691513620887926	0.6691513620887924
PF06947	0.7409458634962621	-0.7409458634962622
PF06949	-1.8870822833921137	1.8870822833921135
PF06952	0.7967855460151052	-0.7967855460151051
PF06953	0.43107819247372114	-0.4310781924737211
PF06956	1.7809569481833194	-1.780956948183319
PF06958	0.7602323924534063	-0.7602323924534062
PF06961	-1.2887777217102507	1.2887777217102505
PF06962	-0.2754886184558709	0.27548861845587086
PF06964	0.3259193065147747	-0.3259193065147744
PF06965	0.6523799838581413	-0.6523799838581413
PF06968	0.26090591360902754	-0.2609059136090275
PF06969	1.5472569444497832	-1.547256944449783
PF06970	0.2278589659836115	-0.22785896598361147
PF06986	1.4417311091032172	-1.4417311091032172
PF06995	0.5629712083779678	-0.5629712083779677
PF06996	0.5924571475294709	-0.5924571475294711
PF07005	-0.02367743750683858	0.023677437506838577
PF07009	-0.2895186247972241	0.28951862479722407
PF07017	1.5340640105175618	-1.5340640105175616
PF07063	1.8433701435655045	-1.8433701435655043
PF07071	1.5718387726826146	-1.5718387726826144
PF07075	-0.12383931157439963	0.12383931157439962
PF07081	-1.444920986698331	1.4449209866983308
PF07083	-0.7979150114490573	0.7979150114490572
PF07085	0.4694512742128777	-0.4694512742128774
PF07090	0.002113858846713849	-0.0021138588467138485
PF07095	1.2809527003126069	-1.2809527003126067
PF07136	-0.07578761030525288	0.07578761030525287
PF07148	1.0835299013709465	-1.0835299013709467
PF07155	1.007603329683822	-1.0076033296838218
PF07157	1.7716235550970922	-1.7716235550970922
PF07158	-1.5081568451767764	1.5081568451767762
PF07168	-1.0720398024075395	1.0720398024075395
PF07171	-0.16500657128751592	0.1650065712875159
PF07179	-0.9400984208341457	0.9400984208341456
PF07195	-0.8870689922669391	0.887068992266939
PF07221	0.3559128177418917	-0.35591281774189165
PF07228	0.2675126205101149	-0.2675126205101149
PF07238	1.5573780325332973	-1.5573780325332973
PF07244	0.3097815696664068	-0.30978156966640674
PF07261	-0.30496004051972864	0.3049600405197286
PF07275	-0.46752097478272076	0.4675209747827207
PF07282	-1.1311252055479357	1.1311252055479357
PF07286	-1.2279762509109144	1.2279762509109142
PF07287	-1.7064602368481112	1.7064602368481112
PF07296	1.104814465958984	-1.104814465958984
PF07313	0.2645740090065482	-0.264574009006548
PF07335	1.1776137767349952	-1.177613776734995
PF07338	1.275219954857544	-1.275219954857544
PF07350	1.5693952867577972	-1.5693952867577967
PF07352	-1.157512377535039	1.1575123775350389
PF07355	1.0992504685170685	-1.0992504685170683
PF07356	1.4836348572983609	-1.4836348572983606
PF07364	-0.7877313022347903	0.7877313022347902
PF07385	-0.10103936000493546	0.10103936000493545
PF07396	0.7985316314175651	-0.798531631417565
PF07399	-0.025529069793480783	0.02552906979348078
PF07429	-0.04246309388942867	0.04246309388942867
PF07451	-1.605047284195715	1.6050472841957149
PF07454	-1.5984422814298174	1.5984422814298171
PF07456	-1.7429141630492908	1.7429141630492906
PF07470	1.7536995351198514	-1.7536995351198512
PF07475	-1.6628699760986008	1.6628699760986005
PF07477	-1.6558991751441827	1.6558991751441825
PF07478	0.8330273773653181	-0.8330273773653182
PF07479	-0.10817891741788146	0.10817891741788145
PF07484	1.273476458798327	-1.2734764587983265
PF07486	-1.6986348705111147	1.6986348705111145
PF07488	-1.3656472492188751	1.365647249218875
PF07494	-1.872584236190198	1.8725842361901979
PF07495	-0.2816728874376362	0.28167288743763613
PF07497	0.1520855155499935	-0.15208551554999347
PF07501	1.2380833588849125	-1.2380833588849125
PF07503	-0.28881092036312234	0.2888109203631223
PF07505	-1.4482767048298744	1.4482767048298741
PF07508	-0.7771038029331246	0.7771038029331245
PF07510	0.2249363783736796	-0.22493637837367983
PF07516	-1.486980990976222	1.486980990976222
PF07517	0.24910389688007495	-0.24910389688007517
PF07521	-1.2974610350362807	1.2974610350362807
PF07523	1.5929845113019296	-1.5929845113019296
PF07532	-0.589168743013411	0.5891687430134109
PF07538	-0.9607700611991418	0.9607700611991417
PF07550	0.5869261604437558	-0.5869261604437558
PF07553	-0.2362613740865497	0.23626137408654968
PF07554	0.7134907891655031	-0.7134907891655031
PF07555	0.6667326658804154	-0.6667326658804152
PF07556	-0.20906240722731734	0.20906240722731734
PF07561	-1.186914272514753	1.1869142725147528
PF07568	0.5002733037250126	-0.5002733037250128
PF07580	1.1516778156583807	-1.1516778156583805
PF07581	-1.1446774853065484	1.1446774853065484
PF07584	-0.8029121400830116	0.8029121400830115
PF07610	-0.6947554524832222	0.6947554524832221
PF07613	-0.7190491893036038	0.7190491893036037
PF07632	-1.9306167477296872	1.930616747729687
PF07650	-0.6600372852145475	0.6600372852145474
PF07655	1.70105015471431	-1.7010501547143098
PF07660	0.890494474247118	-0.8904944742471177
PF07662	-1.445896177735876	1.4458961777358759
PF07664	-1.813363975564684	1.8133639755646838
PF07669	-0.8422763214997123	0.8422763214997122
PF07670	-1.3884409860792373	1.388440986079237
PF07676	-0.9349881356246948	0.9349881356246947
PF07681	1.2315137378661503	-1.23151373786615
PF07685	0.3562232323551763	-0.356223232355176
PF07687	-0.6100777673569109	0.6100777673569108
PF07690	0.8094575152066493	-0.8094575152066492
PF07691	-0.20140372123829567	0.20140372123829564
PF07693	-1.2724548916773224	1.2724548916773222
PF07694	0.1265585129393122	-0.12655851293931217
PF07696	1.8371276719288916	-1.8371276719288914
PF07698	-1.4967122070838244	1.4967122070838241
PF07702	1.8459383510885907	-1.8459383510885905
PF07703	-0.4074509343032778	0.4074509343032777
PF07714	0.5243191147780717	-0.5243191147780716
PF07715	-1.097351065257223	1.097351065257223
PF07717	0.8850581609891743	-0.8850581609891742
PF07719	-0.4506631188413746	0.45066311884137455
PF07722	-0.845361462301454	0.8453614623014539
PF07724	-0.02460581211031913	0.024605812110319127
PF07726	1.1319670162582354	-1.1319670162582351
PF07728	-1.0293373708846083	1.029337370884608
PF07729	-0.15192219987046746	0.15192219987046746
PF07730	0.4022979417931077	-0.4022979417931076
PF07731	1.4153149880968359	-1.4153149880968354
PF07732	1.2836525577140856	-1.2836525577140854
PF07733	0.09401452012151865	-0.09401452012151887
PF07745	-0.9217138035418451	0.921713803541845
PF07748	-0.4357988749161379	0.4357988749161379
PF07751	0.7049673846292375	-0.7049673846292374
PF07759	1.5705162370783374	-1.5705162370783374
PF07786	-0.5099060376256829	0.5099060376256828
PF07804	-0.18089342946904813	0.18089342946904813
PF07826	-0.08870555875754725	0.08870555875754724
PF07831	-0.440700793192463	0.44070079319246297
PF07833	1.2792046308061449	-1.2792046308061447
PF07853	-1.2921329705700715	1.2921329705700715
PF07859	1.3320868000565353	-1.3320868000565351
PF07863	-0.9906739076082477	0.9906739076082476
PF07866	-0.9212438677642728	0.9212438677642727
PF07873	0.6648311340077696	-0.6648311340077696
PF07881	1.4598905648222795	-1.4598905648222793
PF07882	-0.8642959622002488	0.8642959622002487
PF07883	0.2800567186203879	-0.2800567186203876
PF07884	1.1408122985039901	-1.1408122985039901
PF07885	0.21693016163738038	-0.21693016163738035
PF07892	-1.3675848167345628	1.3675848167345626
PF07905	-0.5136183362725627	0.5136183362725627
PF07906	0.21432053740155968	-0.2143205374015594
PF07907	-0.20459303130293488	0.20459303130293485
PF07916	1.4391546964906146	-1.4391546964906143
PF07929	-0.8569962491757064	0.8569962491757064
PF07934	-0.22732524773881552	0.2273252477388155
PF07940	0.3147301445238935	-0.3147301445238935
PF07943	1.2730154226611765	-1.2730154226611763
PF07944	-0.6694535059288024	0.6694535059288023
PF07949	-0.4303142870600205	0.43031428706002045
PF07959	-0.26666719234561986	0.26666719234561986
PF07969	0.47260148200605256	-0.4726014820060525
PF07971	-1.4832320989182857	1.4832320989182854
PF07972	1.14895901778264	-1.14895901778264
PF07973	0.3458618131409396	-0.34586181314093933
PF07977	1.1389812543224964	-1.1389812543224964
PF07980	-0.5960547660474765	0.5960547660474765
PF07991	-0.37356321129428843	0.3735632112942884
PF07992	-1.177699864564027	1.1776998645640269
PF07993	0.058193294342561146	-0.058193294342561375
PF07994	0.6133202959372313	-0.6133202959372309
PF07995	1.0379461125913045	-1.0379461125913043
PF08000	1.3969843102117927	-1.3969843102117927
PF08006	-1.6433441294816524	1.6433441294816522
PF08007	-0.7934378746228219	0.7934378746228219
PF08011	1.1824126254067204	-1.1824126254067204
PF08013	1.2276794135319635	-1.2276794135319633
PF08019	1.6012982053723865	-1.6012982053723863
PF08020	-1.4929102633813356	1.4929102633813354
PF08028	0.48882277923821627	-0.4888227792382162
PF08029	-1.127114820931397	1.127114820931397
PF08032	0.2692933525435079	-0.26929335254350784
PF08124	-1.9196673656418086	1.9196673656418084
PF08125	-0.9069320818301889	0.9069320818301888
PF08148	0.5586242419111712	-0.5586242419111713
PF08206	-0.18913617789958376	0.18913617789958373
PF08212	1.2528557609072117	-1.2528557609072115
PF08218	-0.3792450814002519	0.37924508140025187
PF08220	0.7978426645480896	-0.7978426645480896
PF08238	-1.6661525668326196	1.6661525668326194
PF08239	-0.4107786493879944	0.41077864938799435
PF08240	0.37705727812023704	-0.37705727812023726
PF08241	1.2365988634844034	-1.236598863484403
PF08242	0.761078268341452	-0.7610782683414519
PF08244	-0.4016427743727601	0.40164277437276
PF08245	0.8381268962793001	-0.8381268962792998
PF08264	-0.9429622108375075	0.9429622108375074
PF08267	1.8073112324520306	-1.8073112324520302
PF08269	-1.3275699029450376	1.3275699029450376
PF08275	-0.491083172029395	0.49108317202939494
PF08279	-0.1017662327319927	0.10176623273199269
PF08281	-0.9147185889074609	0.9147185889074608
PF08282	0.5730295437358969	-0.5730295437358967
PF08299	0.03944141938315194	-0.03944141938315193
PF08305	1.515015841952142	-1.5150158419521418
PF08306	0.6530509241002453	-0.6530509241002453
PF08308	-1.2609097269360703	1.26090972693607
PF08310	-1.3216213303137012	1.321621330313701
PF08323	-1.472696829835261	1.472696829835261
PF08328	-0.8466791838864538	0.8466791838864537
PF08331	-0.40330591978041763	0.4033059197804176
PF08335	2.0500165606014957	-2.0500165606014957
PF08338	-0.8454623371525544	0.8454623371525544
PF08341	1.0905690729378503	-1.0905690729378505
PF08343	1.4481583373953646	-1.4481583373953644
PF08346	-0.1770546140987413	0.17705461409874126
PF08348	1.7137203091252782	-1.713720309125278
PF08352	0.21567272191451428	-0.21567272191451425
PF08353	0.40165407460287167	-0.4016540746028716
PF08354	0.39917871033584956	-0.3991787103358495
PF08367	-0.8944820522433011	0.894482052243301
PF08388	-0.9521651546850766	0.9521651546850765
PF08400	-0.016843917729890343	0.01684391772989034
PF08401	0.6754642799764292	-0.6754642799764291
PF08402	1.3418605687149299	-1.3418605687149296
PF08410	0.9164450058950776	-0.9164450058950773
PF08428	-1.244026983648989	1.244026983648989
PF08436	0.7800918929380877	-0.7800918929380876
PF08439	-0.974738824719587	0.9747388247195868
PF08442	1.2509756728188584	-1.2509756728188581
PF08447	-1.4941732216826518	1.4941732216826515
PF08448	-0.034127645877709015	0.034127645877709015
PF08450	0.7215820081850679	-0.7215820081850678
PF08455	1.8451041923788674	-1.8451041923788671
PF08459	-0.1072767265366456	0.10727672653664559
PF08463	-0.006982139138314391	0.00698213913831439
PF08478	1.7432653416609327	-1.7432653416609325
PF08479	1.5510198681748821	-1.551019868174882
PF08481	0.07860976357335049	-0.07860976357335026
PF08482	0.9928231926233396	-0.9928231926233397
PF08486	0.34457485070949057	-0.3445748507094908
PF08487	0.11633356715995284	-0.11633356715995283
PF08494	1.2828962600390499	-1.2828962600390499
PF08497	-1.1163730991819558	1.1163730991819556
PF08501	1.7168195861012432	-1.716819586101243
PF08502	1.065201263103305	-1.0652012631033048
PF08522	-0.41395056745704617	0.41395056745704617
PF08529	-0.015642441173769846	0.015642441173769842
PF08530	-1.8195227318725729	1.8195227318725726
PF08531	-0.9270220043469504	0.9270220043469503
PF08532	-1.166498481886812	1.166498481886812
PF08534	0.26727919873131034	-0.2672791987313103
PF08541	0.05153832678500999	-0.05153832678500998
PF08543	0.42463035377669467	-0.4246303537766944
PF08544	-0.6827548797966526	0.6827548797966525
PF08545	-1.30672110589531	1.3067211058953099
PF08546	-1.0387318780799388	1.0387318780799388
PF08645	-0.6255583462668522	0.6255583462668522
PF08659	-0.11509889302437061	0.1150988930243706
PF08665	0.026444336525564435	-0.02644433652556443
PF08666	0.25472156617271785	-0.2547215661727181
PF08676	-1.160827035090666	1.1608270350906658
PF08681	-0.2075709956538629	0.20757099565386286
PF08704	-1.005284338905374	1.005284338905374
PF08706	0.9613339955622267	-0.9613339955622268
PF08713	0.5630390386786718	-0.5630390386786717
PF08719	-0.9165184950478708	0.9165184950478706
PF08747	-0.45742890025260813	0.4574289002526081
PF08751	0.9853717083415148	-0.9853717083415144
PF08757	-1.2996392827389138	1.2996392827389136
PF08760	-1.9228973851097404	1.9228973851097402
PF08769	-0.721487615160148	0.7214876151601479
PF08780	1.3366633537560069	-1.3366633537560069
PF08798	-0.8961396470278264	0.8961396470278263
PF08800	-0.6968467408387797	0.6968467408387796
PF08808	0.17524359630041608	-0.17524359630041583
PF08840	-1.46837733889074	1.4683773388907397
PF08841	-1.0627532198578684	1.0627532198578684
PF08842	-0.7539614385078871	0.753961438507887
PF08843	0.9706617302405657	-0.9706617302405656
PF08849	-0.07195938343889582	0.07195938343889581
PF08867	-0.36310055135542996	0.3631005513554299
PF08876	0.582100436221807	-0.5821004362218071
PF08885	-0.7540275319319496	0.7540275319319495
PF08890	-1.1845494428174388	1.1845494428174386
PF08902	-1.276074612867857	1.2760746128678568
PF08903	-0.7114859298538818	0.7114859298538817
PF08924	-0.19655794917888844	0.1965579491788884
PF08942	-0.8572315646382189	0.8572315646382188
PF08974	1.3039396361887445	-1.3039396361887445
PF08984	0.3511815121570731	-0.35118151215707333
PF08989	-0.9227439444655793	0.9227439444655792
PF09019	-0.5088923280639217	0.5088923280639216
PF09028	0.3702671400820906	-0.37026714008209055
PF09035	-1.5366525448750725	1.5366525448750723
PF09084	1.8727280486647484	-1.8727280486647482
PF09087	-1.8041161506085932	1.804116150608593
PF09092	0.16051470610045734	-0.16051470610045734
PF09093	0.9201070150988679	-0.9201070150988678
PF09134	-0.5846613185656534	0.5846613185656533
PF09142	1.6048706292677426	-1.6048706292677422
PF09148	0.09355309181999007	-0.09355309181999007
PF09160	1.625185476592282	-1.6251854765922817
PF09180	-1.5072111089382207	1.5072111089382205
PF09186	1.280059391376812	-1.2800593913768117
PF09190	-1.4447807813878295	1.4447807813878293
PF09223	0.34817621671805604	-0.34817621671805604
PF09234	-0.28091518956156203	0.28091518956156203
PF09244	-1.2889304700052318	1.2889304700052318
PF09250	1.3595572256571733	-1.359557225657173
PF09261	0.015458691048521982	-0.01545869104852198
PF09269	0.9901668600047935	-0.9901668600047934
PF09285	-0.8231054448567104	0.8231054448567103
PF09299	-0.4126216303286126	0.41262163032861254
PF09314	0.2510688517924962	-0.2510688517924962
PF09317	1.3810269727944913	-1.381026972794491
PF09327	0.46349177853711493	-0.46349177853711465
PF09330	0.6480536773445015	-0.6480536773445015
PF09334	1.3678747212839104	-1.3678747212839104
PF09335	1.095214388565425	-1.095214388565425
PF09338	-0.5170696297670023	0.5170696297670023
PF09339	-0.41828389231703256	0.4182838923170325
PF09344	-0.4254788098831028	0.42547880988310277
PF09357	-0.19453095218701635	0.19453095218701633
PF09359	-0.37608631138954435	0.3760863113895443
PF09362	0.3192688326519936	-0.3192688326519933
PF09363	-1.0761535179005617	1.0761535179005617
PF09364	0.014155114180073779	-0.014155114180073779
PF09365	0.2999504180685175	-0.2999504180685177
PF09371	-0.6846573105887314	0.6846573105887312
PF09374	0.8413992993489811	-0.8413992993489811
PF09375	0.8023543155550785	-0.8023543155550784
PF09382	-0.009545497435799835	0.009545497435799834
PF09383	-0.8772028825309696	0.8772028825309695
PF09393	-0.8865830832948166	0.8865830832948165
PF09397	0.547542965945938	-0.5475429659459382
PF09413	0.40807011280959044	-0.4080701128095904
PF09414	0.9348855624565267	-0.9348855624565268
PF09424	-0.7365217507742436	0.7365217507742436
PF09471	-0.33204460933241653	0.33204460933241653
PF09479	-1.4367552873872451	1.436755287387245
PF09481	0.951271606841967	-0.9512716068419669
PF09485	1.0522430986230042	-1.0522430986230042
PF09491	0.24205029029616734	-0.24205029029616756
PF09492	-0.5091175883785277	0.5091175883785277
PF09500	1.1153558945861843	-1.1153558945861841
PF09508	1.6832329623049411	-1.683232962304941
PF09509	0.9752192697130846	-0.9752192697130844
PF09511	0.638192174267937	-0.6381921742679366
PF09512	-1.5566467679641094	1.5566467679641092
PF09515	-1.0123485076751615	1.0123485076751613
PF09517	0.22549087735458298	-0.2254908773545827
PF09519	1.3381322671033937	-1.3381322671033933
PF09529	1.3318870609519313	-1.331887060951931
PF09546	-0.21021858159955048	0.21021858159955045
PF09547	0.07220190804405358	-0.07220190804405333
PF09551	-0.5782175452412353	0.5782175452412351
PF09556	0.2645637613225049	-0.2645637613225049
PF09561	0.2328434972182076	-0.2328434972182078
PF09563	1.0587903322229646	-1.0587903322229646
PF09564	-0.8389840299069389	0.8389840299069388
PF09565	-1.037486750416439	1.0374867504164387
PF09586	-1.891998871436694	1.8919988714366938
PF09587	-0.18687251433247243	0.1868725143324724
PF09588	-0.8043362495360465	0.8043362495360464
PF09601	0.5923509826431036	-0.5923509826431036
PF09603	-1.2284939150036602	1.2284939150036602
PF09605	-0.6383002576347355	0.6383002576347354
PF09617	-0.025856828632632577	0.025856828632632573
PF09639	-0.12302746448170641	0.1230274644817064
PF09640	0.8246114182336957	-0.8246114182336959
PF09660	0.6158862662009131	-0.615886266200913
PF09661	-0.27257709278101716	0.2725770927810171
PF09669	0.13073566273773177	-0.13073566273773174
PF09674	0.6941912077432051	-0.694191207743205
PF09681	-0.500686864644885	0.500686864644885
PF09684	-1.1894464842906582	1.189446484290658
PF09693	-0.6861162268268886	0.6861162268268884
PF09704	-1.3785856539596562	1.378585653959656
PF09707	-0.7336966937222382	0.7336966937222381
PF09709	-0.8969520012770615	0.8969520012770614
PF09719	-1.902114443158173	1.9021144431581727
PF09721	-0.4918368772734464	0.49183687727344627
PF09723	0.45443208143917185	-0.454432081439172
PF09754	1.1080287508171376	-1.1080287508171374
PF09768	-0.44610238370525623	0.4461023837052562
PF09818	-0.36520319114360844	0.36520319114360844
PF09819	-0.6277120397788883	0.6277120397788882
PF09820	-1.5362098348037316	1.5362098348037314
PF09821	0.9076370221373686	-0.9076370221373689
PF09822	-0.7805370621070647	0.7805370621070646
PF09823	-1.7781403295072955	1.7781403295072953
PF09826	0.01742611793642531	-0.01742611793642531
PF09827	-0.8499067954220111	0.849906795422011
PF09848	-0.08424717862551089	0.08424717862551089
PF09861	-1.2521280903521792	1.252128090352179
PF09862	-0.9658446527848703	0.9658446527848702
PF09863	0.4116117992264194	-0.41161179922641933
PF09903	-0.3031323041742586	0.30313230417425857
PF09906	1.51861722790402	-1.5186172279040198
PF09913	-1.8596297567080604	1.8596297567080602
PF09918	-0.9503045439389978	0.9503045439389977
PF09924	0.9552528939834	-0.9552528939833999
PF09925	-0.3689745238577935	0.36897452385779345
PF09949	0.7505351077922308	-0.7505351077922308
PF09950	-0.01927314743291706	0.019273147432917057
PF09952	-1.3264168444750923	1.3264168444750921
PF09960	1.575747203700536	-1.5757472037005358
PF09967	-1.3367493170706526	1.3367493170706524
PF09972	-0.293449666723069	0.29344966672306894
PF09979	0.8505793952004443	-0.8505793952004445
PF09982	-1.18137320531665	1.1813732053166497
PF09983	1.0312362466168725	-1.0312362466168725
PF09984	0.772625672795962	-0.7726256727959621
PF09986	-1.895707301099506	1.8957073010995058
PF09989	-0.8120616205013406	0.8120616205013405
PF09991	0.2338064722517149	-0.2338064722517151
PF09992	-1.179558031322729	1.179558031322729
PF09994	0.41166344976882857	-0.4116634497688288
PF10009	0.4951182608072585	-0.49511826080725846
PF10011	-0.144739528118626	0.14473952811862598
PF10020	0.5334723388821185	-0.5334723388821188
PF10021	1.534373293050582	-1.534373293050582
PF10022	-1.204797176814869	1.2047971768148689
PF10035	-1.4147023090763986	1.4147023090763984
PF10050	1.078124548450399	-1.078124548450399
PF10060	0.2641210799021317	-0.2641210799021319
PF10076	-0.47763474365663955	0.4776347436566395
PF10080	0.09395860690467665	-0.0939586069046764
PF10086	-1.1961385878081474	1.1961385878081472
PF10088	0.16876825591640301	-0.16876825591640301
PF10091	-1.1986570414219084	1.1986570414219082
PF10101	-0.26856114455474617	0.2685611445547461
PF10103	1.0539086430567244	-1.0539086430567244
PF10105	-0.951582304565494	0.9515823045654939
PF10106	1.887762218986566	-1.8877622189865657
PF10111	0.6711775786523958	-0.6711775786523955
PF10112	-1.2723388743935733	1.272338874393573
PF10117	1.4054222762237267	-1.4054222762237265
PF10119	-0.3752847050701994	0.3752847050701994
PF10123	0.17085960357049215	-0.17085960357049212
PF10124	-1.3018350004626014	1.3018350004626011
PF10127	1.723174684221893	-1.7231746842218927
PF10128	0.6889204885505592	-0.6889204885505593
PF10131	-0.42964053515078193	0.4296405351507819
PF10140	1.0086081127113053	-1.0086081127113051
PF10143	-0.6984575182818463	0.6984575182818462
PF10145	-0.3203256007031053	0.32032560070310523
PF10150	-0.5116199869280864	0.5116199869280863
PF10282	-0.2206527731906889	0.22065277319068888
PF10298	1.0795406884216483	-1.0795406884216479
PF10369	1.085612054814772	-1.085612054814772
PF10370	-0.06681096319174382	0.0668109631917438
PF10371	-1.465738933527004	1.465738933527004
PF10385	-0.469439677759163	0.46943967775916295
PF10387	-1.0359612878669855	1.0359612878669853
PF10396	-0.11247021557518609	0.11247021557518608
PF10397	-0.5731991452657019	0.5731991452657019
PF10410	0.2429468853069492	-0.2429468853069494
PF10412	-0.646269399599946	0.6462693995999459
PF10415	0.2617375924194561	-0.26173759241945604
PF10418	-0.9015446151631284	0.9015446151631283
PF10423	1.766858357533264	-1.7668583575332637
PF10431	0.7057339775200923	-0.7057339775200924
PF10437	1.1491129955412278	-1.1491129955412276
PF10438	-1.705934084614158	1.7059340846141577
PF10458	-1.6338359830919504	1.6338359830919502
PF10459	-0.05853716501700176	0.058537165017001756
PF10502	-0.676398016749468	0.6763980167494679
PF10509	-1.208571938089499	1.2085719380894988
PF10531	-1.7877382230133432	1.787738223013343
PF10543	-0.8549470401437643	0.8549470401437642
PF10566	1.15822536088602	-1.1582253608860198
PF10588	-0.8006217833837348	0.8006217833837347
PF10589	-0.9388790605103406	0.9388790605103405
PF10592	1.4908513662456604	-1.4908513662456604
PF10593	-0.3198661045884145	0.31986610458841447
PF10609	-0.36424446297495916	0.36424446297495916
PF10611	0.37656255120659465	-0.3765625512065944
PF10626	-0.5421008420470239	0.5421008420470238
PF10634	0.5813743825216056	-0.5813743825216052
PF10646	0.34620450482968873	-0.3462045048296887
PF10662	1.434632118872726	-1.434632118872726
PF10672	1.0437329442411682	-1.0437329442411682
PF10728	-1.5235966674523485	1.5235966674523482
PF10754	1.2037767092094107	-1.2037767092094105
PF10758	-1.2290310294587925	1.2290310294587923
PF10797	1.8980993643996904	-1.89809936439969
PF10825	-1.2426171631426295	1.2426171631426293
PF10844	-0.518855600415045	0.518855600415045
PF10902	-1.285237707686309	1.2852377076863089
PF10908	0.1775307171132383	-0.1775307171132383
PF10923	-0.4552405400671899	0.45524054006718984
PF10926	-0.3681126773115368	0.36811267731153674
PF10933	0.5261582651756159	-0.5261582651756159
PF10934	-0.11978045223507376	0.11978045223507375
PF10938	0.8650059300112073	-0.8650059300112072
PF10951	1.0399663503889078	-1.0399663503889076
PF10988	-1.7819394432514826	1.7819394432514823
PF10991	-0.4950303102051713	0.49503031020517124
PF10995	2.1507631967884073	-2.150763196788407
PF10996	-0.19171845284958156	0.19171845284958153
PF11013	-0.26559989978925036	0.2655998997892503
PF11028	-1.3009368496757816	1.3009368496757814
PF11104	-1.1813904311889412	1.1813904311889412
PF11130	-0.3433696702270703	0.34336967022707027
PF11133	0.04753143816524934	-0.04753143816524933
PF11175	-0.4916430087891484	0.49164300878914835
PF11187	0.8721228344264419	-0.8721228344264418
PF11188	0.13270070775294499	-0.13270070775294474
PF11193	-0.9764140801603489	0.9764140801603488
PF11195	-0.19762982444406496	0.19762982444406493
PF11228	-0.38553503289425245	0.3855350328942524
PF11230	0.970359459425828	-0.9703594594258281
PF11238	0.8675880054781934	-0.867588005478193
PF11241	0.24742258445036278	-0.247422584450363
PF11248	1.390113118706344	-1.3901131187063436
PF11253	0.8209571235467665	-0.8209571235467662
PF11258	-1.530979385682006	1.5309793856820058
PF11268	0.4051699389914376	-0.40516993899143783
PF11273	1.849096531075184	-1.849096531075184
PF11276	-0.9431406044911325	0.9431406044911324
PF11283	0.9486364470449071	-0.948636447044907
PF11306	-0.6905500103480725	0.6905500103480724
PF11307	-0.5949573506111223	0.5949573506111222
PF11311	-1.7014755397339412	1.701475539733941
PF11325	0.8366126229582809	-0.8366126229582809
PF11350	-0.3108043306896174	0.3108043306896173
PF11361	0.5120518405360278	-0.5120518405360275
PF11368	-0.17264523774071797	0.17264523774071794
PF11377	0.5980456163571106	-0.5980456163571105
PF11392	1.178663115720812	-1.178663115720812
PF11396	0.9925631697487577	-0.9925631697487579
PF11398	0.6403116120865722	-0.640311612086572
PF11412	0.4313152083413245	-0.4313152083413244
PF11443	0.22965803068069454	-0.2296580306806945
PF11449	-1.525235247673444	1.5252352476734439
PF11452	1.0239519484952393	-1.023951948495239
PF11453	0.7396952720812238	-0.7396952720812239
PF11533	0.8184157956329513	-0.8184157956329513
PF11551	-0.44663223202218477	0.4466322320221847
PF11589	-1.6190035046932394	1.6190035046932394
PF11655	-1.5106726124753485	1.5106726124753482
PF11658	1.5010343865724767	-1.5010343865724765
PF11672	-1.7041048021435425	1.7041048021435423
PF11692	1.3886713171768248	-1.3886713171768246
PF11694	1.1908837978804456	-1.1908837978804454
PF11700	0.67920635177572	-0.6792063517757198
PF11721	-1.0521018711893788	1.0521018711893786
PF11738	-1.224632072292246	1.2246320722922457
PF11745	0.3169600636579669	-0.31696006365796714
PF11751	-0.10872259689499353	0.10872259689499351
PF11753	0.10724438342425655	-0.10724438342425653
PF11760	0.40241383522291296	-0.4024138352229132
PF11762	-0.4086259700114231	0.40862597001142303
PF11775	-1.0956617832579336	1.0956617832579334
PF11794	0.7967282267190817	-0.7967282267190818
PF11795	-0.2637220905638206	0.26372209056382057
PF11796	0.20561838580699138	-0.20561838580699135
PF11799	0.1308331429652012	-0.13083314296520118
PF11806	1.0496230837656622	-1.0496230837656622
PF11818	1.12650174205739	-1.12650174205739
PF11838	2.039029103437608	-2.0390291034376076
PF11842	0.357714962064066	-0.35771496206406594
PF11852	1.475242309157941	-1.4752423091579407
PF11855	-0.3662459051494954	0.36624590514949534
PF11860	-0.7617853451249619	0.7617853451249618
PF11863	0.8903555143389296	-0.8903555143389292
PF11867	-0.27559975150809984	0.2755997515080998
PF11888	-1.051212488508472	1.051212488508472
PF11893	1.4632723773297285	-1.4632723773297283
PF11896	1.5561736900316088	-1.5561736900316085
PF11897	0.5570223821959099	-0.5570223821959102
PF11898	0.7091033958918392	-0.7091033958918393
PF11907	1.1764276603522013	-1.176427660352201
PF11922	-1.2067503937441524	1.2067503937441522
PF11924	1.26204720222483	-1.2620472022248297
PF11958	1.1249845763540574	-1.1249845763540574
PF11967	0.9090193885150204	-0.9090193885150203
PF11974	0.20579555859327772	-0.2057955585932777
PF11975	-1.190571824097159	1.1905718240971588
PF11984	-1.0120034677884473	1.012003467788447
PF11987	-0.4719658081020717	0.47196580810207167
PF11997	-0.18228774362546296	0.18228774362546293
PF12002	-0.5265505329157564	0.5265505329157564
PF12008	-0.6437945981266028	0.6437945981266027
PF12010	-0.812049665138421	0.8120496651384209
PF12029	1.4736960237349526	-1.4736960237349523
PF12051	-1.1341694929969204	1.1341694929969202
PF12072	-1.681737788907444	1.6817377889074439
PF12080	-1.454322819462398	1.4543228194623978
PF12083	0.6949037481929515	-0.6949037481929518
PF12089	1.3657262090030462	-1.365726209003046
PF12099	-0.7171919225195363	0.7171919225195362
PF12111	1.939019774541076	-1.9390197745410755
PF12127	-0.8776280663587708	0.8776280663587707
PF12128	-0.3091795372742536	0.30917953727425357
PF12137	0.3304674971759322	-0.33046749717593216
PF12146	-0.016121445123492298	0.016121445123492294
PF12161	0.5942232795084753	-0.594223279508475
PF12164	-1.2142767305519027	1.2142767305519027
PF12169	-0.9979902499750092	0.9979902499750091
PF12183	-0.5720822009165776	0.5720822009165775
PF12215	-0.3504357042505294	0.35043570425052933
PF12224	-0.6208685620396737	0.6208685620396737
PF12225	-0.12066812074189393	0.12066812074189391
PF12229	0.2140562597355618	-0.21405625973556178
PF12236	1.2759986455663013	-1.275998645566301
PF12282	0.7143457877385544	-0.7143457877385544
PF12320	-1.0181250132954092	1.0181250132954092
PF12323	-1.1821920438903695	1.1821920438903692
PF12327	-0.797966277664942	0.7979662776649419
PF12344	0.24545869974770804	-0.245458699747708
PF12385	-0.013813819940185308	0.013813819940185306
PF12392	-0.7093254989060299	0.7093254989060299
PF12395	-1.9639165490477377	1.9639165490477375
PF12401	-0.01183769207521802	0.01183769207521802
PF12419	0.44037885013574607	-0.4403788501357458
PF12421	1.686211425288128	-1.6862114252881275
PF12437	-0.7836958045397749	0.7836958045397748
PF12439	-1.1085185444184056	1.1085185444184054
PF12502	0.4186042587029216	-0.41860425870292156
PF12508	-0.14369987859296543	0.1436998785929654
PF12532	-0.07888131380946999	0.07888131380946997
PF12535	0.11266702663459773	-0.11266702663459771
PF12541	0.9909518209073402	-0.9909518209073401
PF12566	0.2878556670685666	-0.2878556670685666
PF12570	0.4380673319473308	-0.43806733194733094
PF12571	0.1258375720373127	-0.12583757203731266
PF12627	0.13533022234067238	-0.1353302223406726
PF12631	-0.9510325939384369	0.9510325939384368
PF12641	0.32546372045185173	-0.3254637204518519
PF12642	-0.6395429661355757	0.6395429661355756
PF12643	0.22799911719065916	-0.22799911719065913
PF12645	0.8985352416000283	-0.8985352416000282
PF12648	-0.8295236180513226	0.8295236180513225
PF12654	0.06384871349085516	-0.06384871349085515
PF12663	-0.41063358465420485	0.4106335846542048
PF12666	-0.029000840994366034	0.02900084099436603
PF12667	-1.1758440516685995	1.1758440516685995
PF12668	-1.2094028922543745	1.2094028922543745
PF12671	-0.13447083793967834	0.13447083793967834
PF12672	-1.145479598902651	1.1454795989026507
PF12673	-1.144607161752722	1.144607161752722
PF12679	1.6104574302528758	-1.6104574302528756
PF12682	-0.82561329938287	0.82561329938287
PF12684	-1.0359147328838323	1.035914732883832
PF12685	-0.6964119040675577	0.6964119040675576
PF12686	-0.7337842563370526	0.7337842563370525
PF12687	-0.32911684160756194	0.3291168416075619
PF12695	-1.4923725521503532	1.4923725521503532
PF12696	0.16007574918435646	-0.16007574918435621
PF12697	-0.5714428004528367	0.5714428004528366
PF12698	-0.25248885771727514	0.2524888577172751
PF12700	-1.274604993281264	1.2746049932812638
PF12704	-0.6331488907709839	0.6331488907709838
PF12705	-0.3318769119544969	0.3318769119544969
PF12706	-1.1498058784029936	1.1498058784029936
PF12708	-1.5001021867034676	1.5001021867034674
PF12710	1.3411471837846165	-1.3411471837846165
PF12715	-0.2631221463596988	0.2631221463596988
PF12725	-1.1404314769253228	1.1404314769253228
PF12727	-1.136915535028579	1.136915535028579
PF12728	-0.2345286176370864	0.23452861763708638
PF12729	-1.6505504507718067	1.6505504507718065
PF12730	-0.1400184614047091	0.14001846140470908
PF12733	-1.707346192360269	1.7073461923602689
PF12741	-1.2586966284308585	1.2586966284308583
PF12750	-1.865223187019306	1.8652231870193057
PF12759	1.5957371894526788	-1.5957371894526786
PF12762	-0.29844480427538894	0.29844480427538894
PF12769	0.6355672097446613	-0.6355672097446612
PF12770	0.22597297398807822	-0.22597297398807797
PF12771	-1.0714707013817097	1.0714707013817097
PF12784	0.9488027498225834	-0.9488027498225831
PF12792	2.094948144580065	-2.094948144580065
PF12793	1.5708985593494864	-1.5708985593494862
PF12794	1.168325906433733	-1.1683259064337328
PF12795	0.10025805846787056	-0.10025805846787078
PF12796	0.1843576262913521	-0.18435762629135208
PF12799	-0.792011258059485	0.7920112580594849
PF12801	-1.1331438432341345	1.1331438432341343
PF12802	0.5635330107319498	-0.5635330107319498
PF12804	-0.8156876247351382	0.8156876247351381
PF12805	0.9694137128007855	-0.969413712800785
PF12810	0.9387315679675562	-0.9387315679675561
PF12821	-1.5984820454375883	1.598482045437588
PF12822	-1.0749852942061298	1.0749852942061298
PF12826	0.5988862478227452	-0.5988862478227451
PF12831	-0.706400545515271	0.7064005455152709
PF12832	1.6662247837740911	-1.666224783774091
PF12833	-0.14182510999804104	0.14182510999804102
PF12836	-0.029977073944967965	0.02997707394496796
PF12837	0.11866897732311107	-0.1186689773231113
PF12838	0.5235595761739886	-0.5235595761739885
PF12840	-0.8836079107120848	0.8836079107120847
PF12844	-0.6406721635927949	0.6406721635927948
PF12846	-1.0560843707204364	1.0560843707204361
PF12848	-0.3510185380290152	0.35101853802901517
PF12849	1.065349777607125	-1.0653497776071246
PF12850	-1.4584221477521482	1.458422147752148
PF12864	0.6746298033624022	-0.6746298033624023
PF12875	0.332548338568245	-0.33254833856824495
PF12888	0.14514095340967978	-0.14514095340968
PF12889	0.24248200901293449	-0.2424820090129342
PF12890	-0.7889350331378325	0.7889350331378325
PF12892	-0.577378531345758	0.5773785313457579
PF12897	-0.2627158352478755	0.2627158352478755
PF12900	0.28104703677574827	-0.2810470367757485
PF12904	0.061516597298908994	-0.06151659729890922
PF12905	0.3585732619145252	-0.3585732619145254
PF12911	-0.6824134087025215	0.6824134087025214
PF12930	-0.5334410377539327	0.5334410377539326
PF12945	-1.5444571889299377	1.5444571889299374
PF12950	-0.509514084731949	0.5095140847319489
PF12951	0.09615559314244919	-0.09615559314244942
PF12954	-1.3639946256133493	1.363994625613349
PF12957	0.1563475009560973	-0.15634750095609729
PF12958	-1.1868584363982373	1.1868584363982373
PF12960	-1.7379399813467988	1.7379399813467986
PF12964	-0.5262232013772743	0.5262232013772743
PF12969	-0.5513930227411998	0.5513930227411997
PF12971	-1.0260738019414046	1.0260738019414044
PF12972	0.8962861171952694	-0.8962861171952693
PF12974	-1.023188071423388	1.023188071423388
PF12984	-1.204821723968773	1.204821723968773
PF12985	-1.7586771006033735	1.7586771006033732
PF12987	-1.075832833562325	1.075832833562325
PF12988	0.05596506731953225	-0.05596506731953224
PF12990	-1.476028844611572	1.476028844611572
PF12991	-0.6053575222415315	0.6053575222415315
PF12992	1.1244851259406456	-1.1244851259406456
PF12993	1.4043961369323388	-1.4043961369323386
PF12994	-0.27130750530723385	0.2713075053072338
PF12995	-1.6789576121629168	1.6789576121629166
PF12996	-1.244420382604937	1.2444203826049367
PF12997	-1.5122559517644025	1.5122559517644023
PF13004	0.6158075562522157	-0.6158075562522154
PF13006	1.602127778296989	-1.602127778296989
PF13007	-0.06551441191104866	0.06551441191104866
PF13018	0.23490683843452714	-0.23490683843452712
PF13023	-0.006936180705305055	0.006936180705305054
PF13026	-1.0766598701765888	1.0766598701765886
PF13083	-0.05441182455000936	0.054411824550009355
PF13084	-0.09677608136362177	0.09677608136362176
PF13085	-0.4730853274094626	0.4730853274094625
PF13086	-0.87095578599794	0.8709557859979399
PF13087	-1.6826444653700228	1.6826444653700225
PF13088	0.9092367154132119	-0.9092367154132118
PF13089	2.030500945595498	-2.030500945595498
PF13090	1.5807416870196274	-1.5807416870196271
PF13091	-1.0866138401224708	1.0866138401224708
PF13098	-0.7919122457867231	0.791912245786723
PF13100	0.5705746502698185	-0.5705746502698184
PF13101	-0.984027202515261	0.9840272025152609
PF13102	0.5790159894105205	-0.5790159894105201
PF13116	1.3802791141484363	-1.380279114148436
PF13145	0.422130406715609	-0.4221304067156087
PF13146	-1.1368946558427873	1.136894655842787
PF13148	-0.7972465723439857	0.7972465723439857
PF13149	-0.9259544045131333	0.9259544045131332
PF13151	0.621327882552817	-0.6213278825528167
PF13154	-0.8936737707085423	0.8936737707085421
PF13155	0.05788205762516701	-0.057882057625167
PF13166	1.2095066151738634	-1.2095066151738634
PF13167	0.8950653663625546	-0.8950653663625545
PF13173	-0.4734639611461822	0.47346396114618217
PF13174	0.964773808247361	-0.9647738082473609
PF13175	0.7373020620629187	-0.7373020620629184
PF13177	0.2599653431489418	-0.25996534314894176
PF13180	0.7726117199305644	-0.7726117199305645
PF13181	-0.33883499711096393	0.33883499711096393
PF13182	-0.780449820332983	0.780449820332983
PF13184	-0.3007677016492376	0.3007677016492376
PF13189	-1.7003962133235564	1.7003962133235562
PF13190	0.38077315662292	-0.38077315662291994
PF13191	-0.9734702767428921	0.973470276742892
PF13192	0.3407986186658193	-0.3407986186658193
PF13193	-0.45890808949798106	0.458908089497981
PF13194	-1.216919970481691	1.2169199704816909
PF13195	-0.08025258075800547	0.08025258075800547
PF13196	0.37346841184738344	-0.3734684118473834
PF13199	-1.1690437229259694	1.1690437229259691
PF13200	-1.485539207124462	1.4855392071244617
PF13201	0.10926869627073658	-0.1092686962707368
PF13202	0.6601217614092434	-0.6601217614092431
PF13204	-0.11423388294021887	0.11423388294021886
PF13205	-1.4541510429978628	1.4541510429978626
PF13207	1.705248953332501	-1.7052489533325006
PF13224	-0.1061375251711549	0.10613752517115489
PF13226	0.3720184214895774	-0.37201842148957764
PF13228	-0.18148374809227363	0.18148374809227363
PF13229	-1.5747830892843586	1.5747830892843584
PF13231	0.1301424294546509	-0.1301424294546509
PF13240	1.4498242386031657	-1.4498242386031657
PF13241	-1.2636282424230796	1.2636282424230794
PF13242	0.17290814581945824	-0.172908145819458
PF13245	0.4393452986958035	-0.43934529869580347
PF13246	1.9632981358464607	-1.9632981358464605
PF13247	1.3713696461065155	-1.3713696461065152
PF13258	0.8258209296826963	-0.8258209296826962
PF13262	-0.4520264729845299	0.45202647298452986
PF13263	1.598044001788334	-1.598044001788334
PF13264	0.6143160168025992	-0.6143160168025994
PF13271	-1.593918306797204	1.5939183067972038
PF13274	0.7962776045276487	-0.7962776045276488
PF13276	-0.6314691010533666	0.6314691010533665
PF13277	0.21784645149901471	-0.2178464514990147
PF13280	0.4855046059622383	-0.48550460596223827
PF13286	-0.1532951055671642	0.15329510556716416
PF13287	0.6187047282456295	-0.6187047282456294
PF13288	-0.09048773384800282	0.09048773384800281
PF13289	0.34520399953067316	-0.3452039995306729
PF13290	-0.8396205370457986	0.8396205370457985
PF13291	-0.5411890811343169	0.5411890811343169
PF13292	-1.74442677810365	1.7444267781036498
PF13296	1.7834656513766334	-1.783465651376633
PF13302	-0.8917776466332631	0.891777646633263
PF13303	-1.503986415043654	1.5039864150436537
PF13304	-1.276934031714547	1.2769340317145468
PF13306	-0.054179220025589225	0.05417922002558922
PF13307	-1.6004744384577931	1.600474438457793
PF13308	-0.17603647667507347	0.17603647667507344
PF13310	-0.7902353015305759	0.7902353015305759
PF13311	-0.7345045888857774	0.7345045888857773
PF13313	0.8238221750821213	-0.8238221750821215
PF13320	1.1972376010371768	-1.1972376010371764
PF13328	-1.5819914593028273	1.581991459302827
PF13332	0.6049648778822749	-0.6049648778822747
PF13333	0.4570699932176574	-0.45706999321765707
PF13335	1.1568196143916574	-1.1568196143916571
PF13336	-0.8790958044340855	0.8790958044340854
PF13337	0.5865162546956408	-0.5865162546956405
PF13340	1.141198353838068	-1.1411983538380681
PF13342	-0.41362088365804844	0.4136208836580484
PF13343	0.2944136652561285	-0.29441366525612866
PF13344	1.8470181342862415	-1.8470181342862413
PF13346	0.8828911100326547	-0.8828911100326544
PF13347	0.037551971019351475	-0.03755197101935147
PF13349	-0.4617692568255901	0.46176925682559006
PF13350	-0.6803690226666288	0.6803690226666288
PF13351	-1.1411627464924354	1.1411627464924352
PF13353	-0.6161228833904895	0.6161228833904894
PF13354	-0.8864525044121648	0.8864525044121647
PF13356	0.3229074627881809	-0.3229074627881806
PF13358	0.962052985191083	-0.9620529851910828
PF13360	-0.08060156826846579	0.08060156826846578
PF13361	0.8591143641012011	-0.859114364101201
PF13365	0.7195526364364544	-0.7195526364364543
PF13367	0.6846847449775614	-0.6846847449775614
PF13368	0.7953635949783714	-0.7953635949783713
PF13372	-0.4592035692581538	0.45920356925815375
PF13374	-0.500416226827329	0.5004162268273289
PF13375	-0.18937352425133408	0.18937352425133405
PF13377	0.6531014877216198	-0.65310148772162
PF13378	-0.810148220090318	0.810148220090318
PF13379	-1.1325046466178486	1.1325046466178486
PF13382	-1.074048302243248	1.074048302243248
PF13384	-0.4241208026001475	0.42412080260014745
PF13385	0.21587256052702908	-0.21587256052702905
PF13386	-1.0533850400152318	1.0533850400152316
PF13387	-0.4669656797481408	0.46696567974814074
PF13393	-1.108272138595608	1.1082721385956078
PF13394	0.15407165437136414	-0.1540716543713639
PF13395	0.5587557537663222	-0.5587557537663221
PF13397	-0.6043762351819852	0.6043762351819851
PF13399	0.3982521559677565	-0.3982521559677564
PF13401	-0.6683139126093137	0.6683139126093136
PF13402	-1.921063521268742	1.9210635212687417
PF13404	1.0907598882362364	-1.0907598882362364
PF13406	1.2574562842997057	-1.2574562842997052
PF13407	-1.0357075451515723	1.035707545151572
PF13408	0.595554260572035	-0.5955542605720351
PF13411	0.29378772744748816	-0.2937877274474881
PF13412	1.1152501820817546	-1.1152501820817546
PF13413	0.7432403787656499	-0.7432403787656497
PF13414	0.6570457805837984	-0.6570457805837983
PF13416	-1.1446622108340903	1.14466221083409
PF13417	1.711175217038822	-1.711175217038822
PF13419	-0.36724383831143914	0.3672438383114391
PF13420	-0.14693227159567918	0.14693227159567918
PF13421	0.513351218045979	-0.5133512180459787
PF13424	0.20035290823463328	-0.2003529082346335
PF13426	0.05786520627516548	-0.05786520627516571
PF13428	-0.7452578078643916	0.7452578078643914
PF13431	-1.7520029935478603	1.75200299354786
PF13432	-0.09015053978226514	0.09015053978226513
PF13433	-0.9376642233786063	0.9376642233786062
PF13437	0.18725511765522804	-0.187255117655228
PF13438	0.7051769697891689	-0.705176969789169
PF13439	0.5298527087834473	-0.5298527087834471
PF13440	1.3421813519157815	-1.3421813519157815
PF13442	0.6715872853036614	-0.6715872853036611
PF13443	0.16219003494466586	-0.16219003494466586
PF13444	-0.36480645452337596	0.3648064545233759
PF13448	-1.430702791059073	1.4307027910590728
PF13449	-0.1475988432324108	0.14759884323241076
PF13450	0.2918572474458266	-0.2918572474458263
PF13454	1.3404042069154163	-1.340404206915416
PF13455	-0.921441622070627	0.9214416220706269
PF13458	1.375385970051752	-1.3753859700517514
PF13460	-0.9447031663402835	0.9447031663402834
PF13462	0.12176893217351561	-0.1217689321735156
PF13468	-0.17151796210003326	0.17151796210003323
PF13469	-0.533594581562833	0.533594581562833
PF13470	-1.519575640924646	1.519575640924646
PF13472	0.9568719872138517	-0.9568719872138518
PF13473	1.5915799650293931	-1.591579965029393
PF13476	-0.16818270306087543	0.16818270306087543
PF13478	-0.8187701675580927	0.8187701675580926
PF13479	-1.4362508592179406	1.4362508592179404
PF13480	0.1342368228805835	-0.13423682288058322
PF13481	-0.9037979989280334	0.9037979989280333
PF13484	1.170406519339883	-1.1704065193398827
PF13487	-1.9218656896041528	1.9218656896041526
PF13489	-1.5535280323997436	1.5535280323997436
PF13491	0.920614920903844	-0.9206149209038441
PF13493	-1.7429041783471797	1.7429041783471795
PF13495	-0.7318705843298168	0.7318705843298168
PF13497	-1.5726327032920258	1.5726327032920255
PF13500	-0.2892645551018716	0.2892645551018716
PF13502	1.724740234027318	-1.724740234027318
PF13503	1.3152932526319863	-1.3152932526319863
PF13505	0.25113254350878456	-0.2511325435087843
PF13507	-1.0199619383898266	1.0199619383898264
PF13508	-1.2203708561803606	1.2203708561803603
PF13509	-1.6389940955313227	1.6389940955313225
PF13510	1.2248849535633195	-1.2248849535633195
PF13514	-1.3037877910038997	1.3037877910038997
PF13515	0.08936539255395994	-0.08936539255395992
PF13518	0.030134733047911883	-0.03013473304791188
PF13519	-0.1236894612492428	0.12368946124924278
PF13520	0.36038530776995154	-0.36038530776995126
PF13521	-0.5476701399696645	0.5476701399696645
PF13522	-1.2685351874688588	1.2685351874688586
PF13523	-0.7576472872268717	0.7576472872268717
PF13524	-0.32677974098967455	0.3267797409896745
PF13525	1.3083677826881441	-1.308367782688144
PF13526	1.7201052542450088	-1.7201052542450086
PF13527	-0.45508114435966185	0.4550811443596618
PF13528	-0.5590883095147569	0.5590883095147567
PF13529	-1.7270869641498678	1.7270869641498676
PF13530	-1.4407925581273286	1.4407925581273284
PF13531	-1.3113557905126816	1.3113557905126814
PF13533	-1.3740707004917487	1.3740707004917487
PF13535	0.5195133933530383	-0.5195133933530381
PF13537	-1.6385266252056339	1.6385266252056336
PF13538	-1.6037836477740204	1.6037836477740202
PF13539	-1.1646253493389696	1.1646253493389693
PF13540	-0.2707738864330544	0.2707738864330544
PF13541	-1.1547014222477412	1.154701422247741
PF13542	-0.9422762416131778	0.9422762416131777
PF13545	0.947256129758885	-0.9472561297588852
PF13546	0.7940831190457608	-0.7940831190457607
PF13549	0.956129332043692	-0.9561293320436919
PF13550	0.2578958298894496	-0.2578958298894498
PF13552	-0.7085785516473969	0.7085785516473968
PF13555	1.3272659527534842	-1.3272659527534842
PF13556	-1.144785688339268	1.144785688339268
PF13558	0.265957269479951	-0.2659572694799512
PF13560	-0.14722251937505998	0.14722251937505998
PF13561	0.7966920221408688	-0.7966920221408686
PF13566	-1.7223822219475222	1.7223822219475222
PF13567	0.12527961386849795	-0.12527961386849817
PF13568	-0.3583699476132589	0.35836994761325885
PF13569	-0.16193472593371505	0.16193472593371505
PF13570	-0.250635402407953	0.250635402407953
PF13571	-1.2772567170951659	1.2772567170951656
PF13572	-0.23734448587189086	0.23734448587189083
PF13575	0.48078367322502263	-0.4807836732250226
PF13579	-0.006500583455693699	0.006500583455693698
PF13580	0.058666896526519685	-0.05866689652651968
PF13581	0.7271215795540142	-0.7271215795540139
PF13584	0.9773987680266274	-0.9773987680266273
PF13585	-0.32302530550318737	0.3230253055031873
PF13586	-0.5805005219882371	0.580500521988237
PF13588	-0.563089651765415	0.563089651765415
PF13589	-0.41766910927759576	0.4176691092775957
PF13593	-1.1041321494390544	1.1041321494390541
PF13595	-0.8015184181017745	0.8015184181017744
PF13596	-0.0022884985841353516	0.0022884985841353516
PF13597	0.4865457968496999	-0.48654579684969984
PF13599	-0.22957404275314333	0.2295740427531433
PF13602	-0.5158634258594312	0.5158634258594311
PF13603	-0.6763426357055496	0.6763426357055495
PF13604	-0.3217755013007128	0.3217755013007128
PF13605	-0.5640058280119308	0.5640058280119307
PF13606	-1.1822457374261752	1.182245737426175
PF13609	1.6542899942238012	-1.654289994223801
PF13610	0.7163679714682382	-0.7163679714682378
PF13612	-0.7036440996297956	0.7036440996297956
PF13614	-0.46420126043099935	0.4642012604309993
PF13616	1.5442160289511242	-1.5442160289511242
PF13619	-0.10578998533006646	0.10578998533006645
PF13620	-0.34327834116764355	0.3432783411676435
PF13622	1.4566070515357405	-1.4566070515357403
PF13623	0.7039336083502613	-0.7039336083502612
PF13624	1.1742920634442622	-1.174292063444262
PF13630	-0.28856520901322097	0.28856520901322097
PF13632	1.2007375963995248	-1.200737596399525
PF13635	-0.3378258326952065	0.33782583269520644
PF13637	0.2323765511712328	-0.23237655117123276
PF13638	-0.6661635234082108	0.6661635234082108
PF13641	1.3212944201337444	-1.3212944201337442
PF13643	-0.5724104469389445	0.5724104469389444
PF13646	1.5419782814767296	-1.5419782814767296
PF13649	-1.0425568949734592	1.042556894973459
PF13650	0.18812124819449577	-0.18812124819449574
PF13651	0.06306097733664481	-0.06306097733664456
PF13654	0.11023981408312676	-0.11023981408312676
PF13655	-0.5457376806504972	0.5457376806504972
PF13657	1.1928314706040573	-1.192831470604057
PF13662	0.8797235562678601	-0.87972355626786
PF13667	0.40818106135275567	-0.4081810613527556
PF13671	-0.6873352483565559	0.6873352483565558
PF13672	-1.6844497787017445	1.6844497787017443
PF13673	1.3983922480273738	-1.398392248027374
PF13676	0.4915149191305632	-0.49151491913056344
PF13677	1.1628213461195305	-1.16282134611953
PF13679	-0.7376414272158601	0.7376414272158601
PF13683	0.12243109963836472	-0.12243109963836495
PF13684	-1.6404997101656014	1.6404997101656014
PF13685	-0.22310828012897946	0.22310828012897943
PF13687	-0.08629240008683954	0.08629240008683953
PF13692	-1.0301997001261773	1.0301997001261771
PF13700	-0.9383425374797473	0.9383425374797472
PF13701	-1.2448989713698322	1.2448989713698322
PF13702	-0.3616814380741759	0.36168143807417585
PF13707	1.57117124954847	-1.5711712495484702
PF13711	-0.05696917933830433	0.056969179338304324
PF13714	0.9714065671433094	-0.9714065671433095
PF13715	-1.1656464796982218	1.1656464796982215
PF13720	1.765518434584336	-1.765518434584336
PF13721	-0.34760780038663924	0.34760780038663924
PF13722	2.0061605394684947	-2.0061605394684943
PF13727	-1.1911518966709118	1.1911518966709116
PF13730	0.4022296532288908	-0.40222965322889054
PF13731	0.6512958900560979	-0.6512958900560981
PF13734	0.3392661610302402	-0.33926616103024015
PF13735	-0.8366955694724328	0.8366955694724327
PF13737	0.7877840095977243	-0.7877840095977243
PF13738	-0.4816774713888883	0.4816774713888882
PF13740	-0.8255312405938215	0.8255312405938214
PF13742	-1.3950912505998112	1.395091250599811
PF13749	-0.016352235014630446	0.016352235014630446
PF13751	-1.042296054873673	1.042296054873673
PF13768	-0.1069619429805254	0.10696194298052539
PF13777	-1.3800760053286134	1.3800760053286132
PF13780	-0.23453581052856695	0.23453581052856692
PF13782	-1.52363130474634	1.5236313047463397
PF13784	1.1761628650605227	-1.1761628650605225
PF13786	-0.2413588431496244	0.24135884314962439
PF13791	-1.0097172602473798	1.0097172602473796
PF13793	-0.6798868598342231	0.6798868598342231
PF13802	-0.6782045412992539	0.6782045412992538
PF13806	2.019305181595419	-2.019305181595419
PF13807	-1.106534622108982	1.1065346221089818
PF13808	-1.4634121661237764	1.4634121661237762
PF13811	0.04944278639043985	-0.04944278639043984
PF13814	1.4684488313944273	-1.468448831394427
PF13817	0.5147578300423886	-0.5147578300423886
PF13828	-0.1579616773124379	0.1579616773124379
PF13829	0.20450475445832744	-0.20450475445832741
PF13834	-1.2762033400568065	1.2762033400568065
PF13835	0.2299219143981527	-0.22992191439815243
PF13840	0.017596716431656854	-0.01759671643165685
PF13847	-0.19711831700950838	0.19711831700950835
PF13855	-1.501418652232912	1.5014186522329118
PF13857	0.09105278800778151	-0.0910527880077815
PF13859	-0.672983101087491	0.6729831010874909
PF13876	-0.5966593827062342	0.5966593827062341
PF13899	0.5822208018013552	-0.582220801801355
PF13905	0.13655017200030925	-0.13655017200030922
PF13906	-0.2831989740934661	0.28319897409346606
PF13930	1.7070100168430664	-1.707010016843066
PF13932	-0.3689597093887255	0.36895970938872547
PF13936	-1.1441332606956442	1.1441332606956442
PF13941	0.1040707990226359	-0.10407079902263588
PF13944	-1.4181116873392936	1.4181116873392934
PF13946	-0.487669386942272	0.48766938694227197
PF13953	-0.6995025043291312	0.6995025043291311
PF13954	1.3440670124872585	-1.3440670124872587
PF13958	-0.8916088384768626	0.8916088384768625
PF13964	-0.4945242834394309	0.49452428343943083
PF13970	0.6159157737182513	-0.615915773718251
PF13975	-0.645328643689332	0.6453286436893318
PF14014	-1.0163989225937007	1.0163989225937005
PF14018	0.9075153651719323	-0.9075153651719324
PF14019	1.728680506356719	-1.7286805063567188
PF14022	0.26792950758433326	-0.2679295075843334
PF14028	-0.3248723734784366	0.3248723734784366
PF14029	0.4771156683822448	-0.47711566838224473
PF14031	-0.14828939537124367	0.14828939537124367
PF14052	1.0192335007787983	-1.019233500778798
PF14053	-1.0006218179459478	1.0006218179459476
PF14054	-0.7097260547858109	0.7097260547858107
PF14055	-0.14991519058992542	0.14991519058992542
PF14057	-1.1254893525044352	1.1254893525044352
PF14058	-1.4343978164392213	1.4343978164392213
PF14059	-0.9970880238072132	0.9970880238072131
PF14060	0.9639294421739347	-0.963929442173935
PF14062	-0.2976401070404571	0.29764010704045707
PF14063	0.6503227177802802	-0.6503227177802802
PF14064	-0.8965325757534888	0.8965325757534887
PF14072	0.9333341344732585	-0.9333341344732582
PF14080	-1.1101532942882018	1.1101532942882018
PF14082	0.8170809672710224	-0.8170809672710224
PF14092	-0.5102715132187872	0.510271513218787
PF14093	-0.3339953712987109	0.3339953712987108
PF14100	0.5031211410665938	-0.5031211410665938
PF14121	-0.7984281456058867	0.7984281456058867
PF14123	-1.6205423623270685	1.6205423623270683
PF14125	-1.1604224941221544	1.1604224941221541
PF14127	-1.129191176014626	1.1291911760146258
PF14129	-0.2359024779784397	0.23590247797843966
PF14133	-1.4430438058399448	1.4430438058399446
PF14134	-0.014871829703784024	0.014871829703784022
PF14135	-0.20178008141732978	0.20178008141732975
PF14187	1.9292841292611862	-1.929284129261186
PF14190	-1.4974534919901572	1.4974534919901572
PF14191	-0.909918734908998	0.9099187349089979
PF14193	-0.48837876398871943	0.4883787639887194
PF14194	-0.28587224007019163	0.28587224007019163
PF14195	-0.43167551423530437	0.4316755142353043
PF14196	-0.6376861139671189	0.6376861139671189
PF14198	-0.5432289539217884	0.5432289539217883
PF14199	-0.665685535059327	0.6656855350593269
PF14200	-0.36060031247807744	0.3606003124780774
PF14202	-1.746897071643406	1.7468970716434058
PF14203	0.024138384816677474	-0.024138384816677474
PF14220	-0.8783539553880937	0.8783539553880936
PF14236	0.12216287979732508	-0.1221628797973253
PF14237	-1.3819195152256605	1.3819195152256605
PF14238	-0.3988624430157799	0.39886244301577983
PF14239	-0.1860098339996387	0.18600983399963866
PF14253	0.3279409593415372	-0.32794095934153716
PF14254	-0.9140266880534734	0.9140266880534733
PF14256	0.5024732064776074	-0.5024732064776075
PF14262	-1.7104422447351697	1.7104422447351695
PF14264	-0.9919894788780441	0.991989478878044
PF14266	-1.2936438202875904	1.2936438202875902
PF14267	-1.1330251259855664	1.1330251259855662
PF14268	1.3465940289921432	-1.3465940289921428
PF14269	-0.7677637546196093	0.7677637546196093
PF14270	-1.1185403342106264	1.1185403342106264
PF14274	-0.501678315019945	0.501678315019945
PF14277	-0.4743186964611929	0.47431869646119285
PF14278	-0.26749117142268725	0.26749117142268725
PF14280	0.7468723092330718	-0.7468723092330715
PF14282	-0.5400675300164933	0.5400675300164932
PF14283	-1.1342457012134688	1.1342457012134686
PF14284	-1.9329550273885816	1.9329550273885814
PF14285	-1.4183887346946733	1.418388734694673
PF14286	-1.8296489177246296	1.8296489177246293
PF14287	-0.9896051634931288	0.9896051634931285
PF14289	-1.2379932207597284	1.2379932207597282
PF14292	-0.5925121391922171	0.592512139192217
PF14293	-0.664790209407953	0.6647902094079529
PF14294	-1.2237796082727737	1.2237796082727734
PF14297	-1.0601465002081019	1.0601465002081016
PF14298	1.6338761598182734	-1.6338761598182732
PF14305	-0.990020581196377	0.9900205811963768
PF14307	-0.07217141193710229	0.07217141193710228
PF14310	-1.8122757616436647	1.8122757616436644
PF14311	-1.701121591611682	1.7011215916116817
PF14319	-1.273311825111193	1.2733118251111928
PF14322	1.5132062997247417	-1.5132062997247415
PF14323	0.13385868604020112	-0.1338586860402011
PF14335	-0.28101396892196506	0.28101396892196506
PF14336	-0.5616626902004831	0.561662690200483
PF14343	-1.9957521636647662	1.995752163664766
PF14349	-1.2503170560362247	1.2503170560362245
PF14367	-0.5818095220767974	0.5818095220767973
PF14378	-1.3917521985761818	1.3917521985761816
PF14386	-0.7260708287112493	0.7260708287112492
PF14387	0.6684052689848942	-0.668405268984894
PF14390	-0.0441848009706082	0.044184800970608194
PF14391	-1.5668186839006004	1.5668186839006002
PF14393	-1.2642567791017736	1.2642567791017736
PF14397	-1.2491850709610128	1.2491850709610126
PF14403	1.440994241336764	-1.4409942413367636
PF14436	-0.23915044115971862	0.2391504411597186
PF14437	-0.3805112609186756	0.3805112609186756
PF14446	-1.7942675347201085	1.7942675347201082
PF14449	0.667848951629818	-0.6678489516298179
PF14450	-1.1998308340329036	1.1998308340329036
PF14478	-1.4414966335520305	1.4414966335520303
PF14480	0.4472760063877977	-0.4472760063877974
PF14486	-0.6231367063457433	0.6231367063457431
PF14487	-1.4565721698956868	1.4565721698956866
PF14488	-1.465171280813648	1.4651712808136477
PF14490	-1.8802252471965755	1.8802252471965752
PF14491	-1.071187848687864	1.071187848687864
PF14492	-1.5894801844149666	1.5894801844149664
PF14498	0.45276159664335724	-0.45276159664335697
PF14501	0.7493230110317569	-0.749323011031757
PF14503	1.6978783640363517	-1.6978783640363517
PF14508	0.5530795184911212	-0.5530795184911212
PF14509	-0.04054771297928324	0.04054771297928323
PF14512	-0.24304699092294013	0.2430469909229401
PF14520	1.8661010517303571	-1.8661010517303571
PF14522	-0.805078853535557	0.8050788535355569
PF14524	-0.7155754770534948	0.7155754770534947
PF14526	-0.16350942058039333	0.1635094205803933
PF14527	-0.8796633078856044	0.8796633078856043
PF14528	-0.29313456345682604	0.29313456345682604
PF14532	0.48827668067251556	-0.4882766806725155
PF14535	-0.26714129936433245	0.2671412993643324
PF14559	-0.1294176329680864	0.1294176329680864
PF14561	1.9594961815763	-1.9594961815762997
PF14572	0.2967096238434927	-0.29670962384349264
PF14574	-1.3479416709121554	1.3479416709121552
PF14579	-0.6728572899757331	0.672857289975733
PF14583	-0.7507629121300591	0.7507629121300591
PF14584	-0.8614515645807385	0.8614515645807383
PF14587	-0.5442613993951696	0.5442613993951695
PF14588	0.7188138100330922	-0.7188138100330919
PF14594	0.9682769979588665	-0.9682769979588663
PF14602	-1.1244322989091444	1.1244322989091442
PF14606	-0.7945581222397986	0.7945581222397985
PF14607	-1.014944886220158	1.0149448862201578
PF14614	-0.5465851082020041	0.546585108202004
PF14620	-1.7003996436681186	1.7003996436681184
PF14622	1.6119519423936226	-1.6119519423936226
PF14657	-0.25232926627524205	0.252329266275242
PF14659	-0.3016728255415421	0.30167282554154207
PF14667	-0.8432137343226837	0.8432137343226835
PF14681	-0.04024901902291015	0.04024901902291015
PF14683	-0.16040166883028234	0.1604016688302823
PF14684	-0.10594797214764612	0.1059479721476461
PF14690	-0.5810361687024065	0.5810361687024065
PF14691	-0.06220132469293539	0.062201324692935385
PF14698	-0.26712509572457893	0.26712509572457893
PF14711	1.6065844292381795	-1.606584429238179
PF14714	-0.507523527699559	0.5075235276995589
PF14717	0.1158791583789458	-0.11587915837894555
PF14718	1.750128808684036	-1.7501288086840359
PF14720	1.836433946337825	-1.8364339463378248
PF14730	-1.4896124618426954	1.4896124618426951
PF14734	0.6237494520743153	-0.6237494520743151
PF14742	0.1792930999398169	-0.17929309993981665
PF14743	-0.7684420253479067	0.7684420253479066
PF14748	0.6715628886819973	-0.671562888681997
PF14765	-1.3440876378879103	1.34408763788791
PF14771	-0.4145954824333233	0.4145954824333232
PF14789	1.5285136832234174	-1.5285136832234172
PF14801	-0.8133505702984953	0.8133505702984952
PF14815	-1.8658659694614426	1.8658659694614423
PF14821	-0.59071105607362	0.59071105607362
PF14833	-0.045386484622603626	0.04538648462260362
PF14848	-0.5376858692427092	0.5376858692427091
PF14849	-1.6120578284645106	1.6120578284645104
PF14864	0.7646416902834978	-0.7646416902834977
PF14871	1.5363138624132704	-1.5363138624132702
PF14873	-0.4054832126206396	0.4054832126206395
PF14888	0.2909494266547561	-0.2909494266547561
PF14889	-0.7980567235897078	0.7980567235897077
PF14890	-0.4536588964012438	0.45365889640124374
PF14897	1.2672040933298345	-1.2672040933298345
PF14900	-0.7471617488555653	0.7471617488555652
PF14902	-0.09112401551750056	0.09112401551750055
PF14903	-0.7691495151391249	0.7691495151391248
PF14905	0.27372929787100797	-0.2737292978710079
PF14907	0.3877040672672941	-0.38770406726729406
PF15283	-0.9308701523989074	0.9308701523989072
PF15415	-1.2996484220941558	1.2996484220941555
PF15495	0.8072148356173301	-0.8072148356173302
PF15515	-1.4200722210831895	1.4200722210831893
PF15523	-0.31845306498842046	0.3184530649884204
PF15617	-1.4387500440845225	1.4387500440845222
PF15644	-0.8044310891631391	0.804431089163139
PF15714	-1.4903984626998399	1.4903984626998397
PF15738	1.063237795009441	-1.063237795009441
PF15869	-1.5119826490643893	1.511982649064389
PF15889	-0.5344381882808259	0.5344381882808258
PF15890	-0.9313431570386503	0.9313431570386502
PF15892	0.5666775517394866	-0.5666775517394866
PF15902	-0.3998067921599606	0.39980679215996057
PF15922	1.8332481717968117	-1.833248171796811
PF15976	0.7153146341651939	-0.7153146341651937
PF15977	1.6074748472225675	-1.6074748472225673
PF15979	-1.3223196124157164	1.3223196124157162
PF16023	-0.48136591383721533	0.4813659138372152
PF16073	0.9407227626468755	-0.9407227626468752
PF16079	0.6026298530492851	-0.602629853049285
PF16109	-1.6284672148164683	1.628467214816468
PF16113	0.021812713557097282	-0.02181271355709728
PF16115	0.2519506187578974	-0.2519506187578976
PF16116	-0.5906660038321441	0.5906660038321441
PF16120	0.14950924888249306	-0.1495092488824928
PF16124	-1.145054685328915	1.1450546853289147
PF16125	0.10383041031786464	-0.10383041031786486
PF16126	0.4098965138343338	-0.409896513834334
PF16127	-0.7783601229092242	0.7783601229092241
PF16128	0.5124541911085724	-0.5124541911085723
PF16130	-1.4547909567980801	1.45479095679808
PF16140	1.3282214033896431	-1.3282214033896433
PF16141	-0.16208734988115736	0.16208734988115736
PF16146	0.458261587081515	-0.45826158708151515
PF16147	-1.5147282814743526	1.5147282814743523
PF16148	0.9913998744005927	-0.9913998744005925
PF16149	-1.4946094070692355	1.4946094070692353
PF16151	-1.312227454804041	1.3122274548040407
PF16152	-1.874165030406888	1.8741650304068878
PF16153	-0.6998987220936824	0.6998987220936823
PF16154	-0.0350721329860308	0.03507213298603079
PF16160	-1.7264337003385322	1.726433700338532
PF16161	-1.525332341951831	1.525332341951831
PF16163	-1.608816299299851	1.6088162992998507
PF16168	-0.292590324447538	0.292590324447538
PF16187	1.05999875239422	-1.0599987523942198
PF16188	-0.9347045492160263	0.9347045492160262
PF16189	1.0409052607386182	-1.0409052607386182
PF16192	0.11061770667017934	-0.11061770667017909
PF16193	-0.3213997753765115	0.3213997753765115
PF16197	0.843685989983457	-0.8436859899834567
PF16198	-0.6670746858916551	0.667074685891655
PF16199	1.3296824453844833	-1.3296824453844833
PF16215	0.4484096540893269	-0.44840965408932687
PF16216	0.004499853692542446	-0.004499853692542446
PF16217	-0.4083171693061433	0.40831716930614326
PF16226	-0.6449959483721406	0.6449959483721406
PF16227	-0.8413282828046009	0.8413282828046009
PF16259	-0.1752077869687635	0.17520778696876346
PF16262	1.4733907228514198	-1.4733907228514198
PF16263	-0.8655587654511616	0.8655587654511615
PF16269	-0.7986206709285594	0.7986206709285593
PF16272	-1.562085059005395	1.5620850590053947
PF16280	0.2617998407891618	-0.26179984078916174
PF16283	-0.39727229492990024	0.3972722949299002
PF16285	-1.533476647957364	1.533476647957364
PF16286	-0.9814212120851484	0.9814212120851483
PF16287	0.7935158501051386	-0.7935158501051388
PF16288	-0.7430242207090293	0.7430242207090292
PF16313	-0.13728265847841029	0.13728265847841026
PF16314	0.7132053346164515	-0.7132053346164514
PF16318	-0.11206060671075613	0.11206060671075611
PF16319	-0.30640838995761954	0.3064083899576195
PF16321	0.41915495039425105	-0.41915495039425127
PF16324	-0.190773121665029	0.19077312166502897
PF16325	0.8291046843178655	-0.8291046843178654
PF16326	-1.1941908001696973	1.1941908001696973
PF16330	1.7096831422177998	-1.7096831422177996
PF16332	0.04282554608680674	-0.04282554608680674
PF16334	-1.893034286727154	1.8930342867271537
PF16335	-1.223286433399291	1.223286433399291
PF16338	-1.5665274226811243	1.566527422681124
PF16342	-1.0221541740017657	1.0221541740017654
PF16343	-0.09045979171024031	0.0904597917102403
PF16344	-0.6828643492124645	0.6828643492124644
PF16347	1.7381989440735786	-1.7381989440735783
PF16352	-0.29891475974411286	0.2989147597441128
PF16353	-0.9973372923408806	0.9973372923408805
PF16355	-1.068123039405072	1.068123039405072
PF16359	1.6784641618995588	-1.6784641618995586
PF16360	1.5615490135240908	-1.5615490135240908
PF16363	-1.1283359458376878	1.1283359458376876
PF16364	-0.36042950192683476	0.3604295019268347
PF16369	-0.20829836022261058	0.20829836022261056
PF16370	0.9207885560896036	-0.9207885560896035
PF16371	-1.1375272902808784	1.1375272902808784
PF16372	-0.2305844083787672	0.23058440837876717
PF16373	-0.266720975321121	0.266720975321121
PF16375	-0.027560121095732856	0.027560121095732852
PF16378	0.3604295656798319	-0.36042956567983186
PF16383	-0.732694221946776	0.732694221946776
PF16384	-0.6894617168611906	0.6894617168611905
PF16385	-0.3371595550903517	0.33715955509035167
PF16389	-0.421791075670583	0.42179107567058294
PF16394	-0.20326051539855838	0.20326051539855836
PF16401	-0.28701305652519754	0.2870130565251975
PF16403	0.6585623046596253	-0.658562304659625
PF16407	-0.8190601591979452	0.8190601591979451
PF16409	0.9057695397263549	-0.9057695397263548
PF16410	-0.2641636129503789	0.2641636129503788
PF16411	-1.3165295892068254	1.3165295892068252
PF16412	-0.9029108868614762	0.9029108868614761
PF16430	-1.3476783263352878	1.3476783263352876
PF16432	-0.06931827455290476	0.06931827455290475
PF16434	-0.38182876058715326	0.3818287605871532
PF16439	0.046128345920197135	-0.04612834592019713
PF16443	-0.03159857410704739	0.03159857410704738
PF16449	1.4288403034985542	-1.428840303498554
PF16450	0.5567114841890785	-0.5567114841890785
PF16464	0.1095249600205173	-0.1095249600205173
PF16467	-0.7687410809552706	0.7687410809552705
PF16472	-0.3685471663579425	0.36854716635794244
PF16476	-0.6205778755513169	0.6205778755513168
PF16480	-0.9412156763383703	0.9412156763383702
PF16490	1.3146280005797057	-1.3146280005797055
PF16499	-1.4956582854303289	1.4956582854303286
PF16565	-1.1301668840008017	1.1301668840008017
PF16569	-0.3353347469210383	0.3353347469210383
PF16576	1.3678179315782266	-1.3678179315782266
PF16586	-1.2700966150865904	1.2700966150865904
PF16592	-0.011806964875900267	0.011806964875900265
PF16595	-0.9480528111666386	0.9480528111666385
PF16653	-1.4732256402293817	1.4732256402293815
PF16654	1.2941249489445728	-1.2941249489445725
PF16656	-1.06892768739604	1.06892768739604
PF16658	-0.4565191050610785	0.45651910506107846
PF16697	1.7261708723965528	-1.7261708723965525
PF16709	-1.2355276125739438	1.2355276125739436
PF16729	0.21630087815691765	-0.21630087815691787
PF16738	-0.2923309504222086	0.2923309504222085
PF16819	1.175047615809953	-1.1750476158099525
PF16820	-0.09707803640498652	0.09707803640498651
PF16822	-1.3461524856841907	1.3461524856841904
PF16838	-1.3172356270878642	1.317235627087864
PF16868	-1.8132586204192542	1.813258620419254
PF16870	1.244828962690084	-1.2448289626900835
PF16874	-0.9028352332282208	0.9028352332282207
PF16875	1.3639113225778627	-1.3639113225778627
PF16886	1.2685947997662148	-1.2685947997662146
PF16888	-1.4068840973515013	1.406884097351501
PF16889	-1.2001053237660206	1.2001053237660206
PF16916	-0.2476143472604391	0.24761434726043907
PF16921	-1.6013834202253665	1.6013834202253663
PF16925	-0.5527383581056275	0.5527383581056274
PF16929	-0.6623046818993222	0.6623046818993222
PF16933	0.017711771051493047	-0.017711771051493044
PF16957	0.6917821850096589	-0.6917821850096588
PF16961	-1.3175636196658225	1.3175636196658225
PF16962	1.0926430879555329	-1.0926430879555329
PF16966	1.871345747351966	-1.8713457473519655
PF16967	1.252839757793136	-1.2528397577931358
PF16970	0.8232635473540098	-0.8232635473540098
PF16980	0.4763893251375593	-0.47638932513755905
PF16993	-0.7365537912608913	0.7365537912608913
PF17042	-0.4887070129509987	0.48870701295099866
PF17092	1.362686781794942	-1.3626867817949422
PF17116	-0.681716532884468	0.681716532884468
PF17127	-1.0901804807979207	1.0901804807979205
PF17128	-0.15971252328492877	0.15971252328492874
PF17131	-0.5562719790557594	0.5562719790557594
PF17132	-0.24113665002960236	0.24113665002960233
PF17136	-0.6142419576458125	0.6142419576458125
PF17137	-0.665415367236743	0.6654153672367429
PF17139	-1.6142731581624454	1.6142731581624452
PF17140	0.5793027760722745	-0.5793027760722742
PF17142	-1.0277413973518716	1.0277413973518716
PF17145	-1.154610114113849	1.1546101141138487
PF17147	-1.7207678581995034	1.7207678581995032
PF17148	-0.6433922866317248	0.6433922866317247
PF17151	0.30066862767059993	-0.30066862767059965
PF17154	1.6044735107023518	-1.6044735107023516
PF17161	-1.1322294688377401	1.1322294688377401
PF17162	1.1576981781448024	-1.1576981781448024
PF17167	0.11561470023650185	-0.1156147002365016
PF17168	-1.2005326289164788	1.2005326289164786
PF17170	-0.9370863227252938	0.9370863227252937
PF17179	0.2670690397073457	-0.26706903970734563
PF17189	-1.5489047491255583	1.548904749125558
PF17191	-0.9361402110527407	0.9361402110527406
PF17200	-1.318809907515689	1.318809907515689
PF17202	-1.4367724390503616	1.4367724390503613
PF17203	1.5012513910373804	-1.5012513910373801
PF17210	-0.5897336207419532	0.5897336207419532
PF17236	-0.5284180792030925	0.5284180792030924
PF17284	-1.3146858838953122	1.3146858838953122
PF17287	1.1787277693916016	-1.1787277693916014
PF17288	-0.46750692513969533	0.4675069251396953
PF17289	1.9481974639396336	-1.9481974639396331
PF17291	0.487629141886113	-0.48762914188611295
PF17293	-1.5301565441586136	1.5301565441586134
PF17297	0.42649759796495684	-0.42649759796495657
PF17385	0.32478602219063374	-0.3247860221906337
PF17386	-0.058929030636506424	0.05892903063650642
PF17389	1.1705642170305064	-1.1705642170305062
PF17390	-1.1306305029402792	1.130630502940279
PF17415	-1.2509830362005483	1.250983036200548
PF17425	0.8981712641033373	-0.8981712641033371
PF17451	-1.0854381460120965	1.0854381460120965
PF17479	1.0248745712623684	-1.0248745712623681
PF17482	-0.5305155879205867	0.5305155879205867
PF17541	0.3259003090673609	-0.3259003090673611
PF17555	-0.040678727018498395	0.04067872701849839
PF17642	0.11448048676639351	-0.1144804867663935
PF17643	-0.8770863023024865	0.8770863023024864
PF17651	-1.2333506578808826	1.2333506578808824
PF17657	-0.884565244156704	0.884565244156704
PF17676	-1.236925256039551	1.2369252560395507
PF17677	-0.6778316685950541	0.677831668595054
PF17678	-0.6676034118357345	0.6676034118357345
PF17728	1.0080411358474346	-1.0080411358474346
PF17753	-0.6740381884413001	0.6740381884413
PF17755	-1.606449829208625	1.6064498292086247
PF17757	-0.5483249672747812	0.5483249672747812
PF17758	1.577686273026984	-1.5776862730269838
PF17759	0.8959122995252957	-0.8959122995252956
PF17760	0.4813220537947497	-0.48132205379474985
PF17761	-1.3855066696931448	1.3855066696931446
PF17762	-0.07300269749600898	0.07300269749600898
PF17763	0.4377495547451687	-0.43774955474516886
PF17764	0.38562178817855935	-0.3856217881785591
PF17767	0.003973548076509892	-0.003973548076509891
PF17768	0.15583642296470712	-0.1558364229647071
PF17769	-0.6931699428573472	0.6931699428573471
PF17770	-1.4770009649594724	1.4770009649594722
PF17774	-1.008247318761389	1.008247318761389
PF17785	-0.7353885966664409	0.7353885966664407
PF17786	-0.9785437822006472	0.9785437822006471
PF17788	1.7745451325647632	-1.7745451325647632
PF17801	-0.6062187807453159	0.6062187807453159
PF17802	-0.7959619853076728	0.7959619853076727
PF17804	-0.8277009784098254	0.8277009784098254
PF17805	0.27350774279454143	-0.27350774279454165
PF17810	-0.8998127600722342	0.8998127600722341
PF17815	0.8594161973439255	-0.8594161973439255
PF17820	-1.58319334864894	1.5831933486489398
PF17827	0.8649867219827612	-0.8649867219827613
PF17829	-1.2179429255219663	1.217942925521966
PF17836	-1.4867627806314625	1.4867627806314623
PF17837	-0.023672166607700346	0.023672166607700346
PF17839	-0.1567417943213828	0.15674179432138277
PF17844	1.5911630327177992	-1.591163032717799
PF17851	-1.1887236902045777	1.1887236902045775
PF17853	-0.7887834812478368	0.7887834812478367
PF17854	-1.126823493519646	1.1268234935196457
PF17862	-1.5814824750647691	1.581482475064769
PF17863	1.0864260992277384	-1.0864260992277381
PF17871	0.2168089193537556	-0.21680891935375557
PF17874	1.778876905276517	-1.7788769052765172
PF17876	-0.07389215515311123	0.07389215515311122
PF17883	1.5673694896038526	-1.5673694896038524
PF17892	-0.5252864663515348	0.5252864663515346
PF17893	0.10623465519545529	-0.10623465519545551
PF17894	0.31785882396533466	-0.3178588239653344
PF17900	-0.6446278378038137	0.6446278378038136
PF17910	-1.728542231778938	1.7285422317789378
PF17912	0.8029478637825693	-0.8029478637825692
PF17936	1.3468287477398133	-1.346828747739813
PF17941	0.7226231118123849	-0.7226231118123848
PF17944	1.967633226654217	-1.967633226654217
PF17954	0.5994050981175609	-0.5994050981175608
PF17956	0.8280160785564488	-0.8280160785564487
PF17963	0.10442386842262384	-0.10442386842262406
PF17969	0.5012201823085422	-0.501220182308542
PF17973	0.7910284985358151	-0.7910284985358151
PF17974	1.5160891395010223	-1.516089139501022
PF17989	-0.7954627809033235	0.7954627809033233
PF17994	0.5309967379145349	-0.5309967379145346
PF17995	-0.12369619539653672	0.1236961953965367
PF17996	-0.7704573921658858	0.7704573921658857
PF17998	1.1889867726111762	-1.188986772611176
PF18013	0.2728729210120058	-0.2728729210120057
PF18019	-0.15457504915371423	0.15457504915371423
PF18025	-0.4943963709800787	0.49439637098007866
PF18072	1.786105388662651	-1.7861053886626508
PF18073	-1.3720883623998208	1.3720883623998206
PF18074	-1.413154728953551	1.4131547289535509
PF18075	-1.0609100161883147	1.0609100161883145
PF18080	1.325469773678331	-1.3254697736783312
PF18082	0.3053592670876471	-0.3053592670876471
PF18088	-1.5258294462379214	1.5258294462379212
PF18090	0.41909970581906997	-0.4190997058190702
PF18094	1.1965701677279643	-1.1965701677279643
PF18096	0.5459132115045146	-0.5459132115045144
PF18106	0.055068017299281735	-0.05506801729928173
PF18120	1.2098424195454778	-1.2098424195454778
PF18128	-0.47326870058083803	0.473268700580838
PF18134	-0.23445543896045998	0.23445543896045995
PF18144	-0.7362298073841707	0.7362298073841705
PF18155	-1.373095482538646	1.3730954825386459
PF18164	-0.47498469896620804	0.474984698966208
PF18175	0.1277022596510747	-0.12770225965107468
PF18185	-0.6057904968933094	0.6057904968933093
PF18186	1.0174291976851824	-1.0174291976851824
PF18202	-1.8058912309881028	1.8058912309881026
PF18211	-1.7768730603034655	1.7768730603034655
PF18218	-1.2420661944783422	1.242066194478342
PF18220	-1.1040345033340961	1.104034503334096
PF18272	1.1152441009531142	-1.115244100953114
PF18283	-0.5974026651245832	0.5974026651245831
PF18291	-0.026897024488024123	0.02689702448802412
PF18305	-0.26967168123721263	0.26967168123721263
PF18306	1.3852474344577712	-1.3852474344577712
PF18310	0.03924282819878318	-0.03924282819878318
PF18318	-1.7424671932515712	1.742467193251571
PF18329	1.251783352852667	-1.2517833528526667
PF18335	-1.7214792689101341	1.721479268910134
PF18340	0.11078005828514667	-0.11078005828514642
PF18368	-0.8366021886086872	0.8366021886086871
PF18370	-1.59612617645358	1.59612617645358
PF18395	-0.647847924564785	0.6478479245647849
PF18416	-0.13727451006318636	0.13727451006318633
PF18427	-0.6783321871415103	0.6783321871415102
PF18435	-1.9252292329796794	1.9252292329796792
PF18451	-1.019431859196739	1.019431859196739
PF18470	0.6489565589485587	-0.6489565589485586
PF18491	0.3579551177629619	-0.35795511776296185
PF18525	-1.122127441846669	1.1221274418466687
PF18537	-0.4108272411625063	0.41082724116250624
PF18541	-0.32928498697431563	0.3292849869743156
PF18551	-1.4567702995448157	1.4567702995448155
PF18555	-0.47955576338041217	0.4795557633804121
PF18560	-1.957016410763792	1.9570164107637917
PF18565	-0.8929514772674064	0.8929514772674063
PF18582	0.55845025373797	-0.5584502537379699
PF18610	-1.671240864170181	1.6712408641701808
PF18623	0.8563453660663146	-0.8563453660663147
PF18630	0.14186305577612124	-0.14186305577612096
PF18649	0.11158701124452136	-0.11158701124452158
PF18655	-0.9634563961298345	0.9634563961298344
PF18675	-0.9765339395725763	0.9765339395725762
PF18676	0.11666252518068143	-0.11666252518068118
PF18693	-1.843531351749919	1.8435313517499188
PF18741	-1.3664303247537368	1.3664303247537368
PF18755	-0.03663181713045799	0.03663181713045799
PF18760	-0.33660075296896375	0.3366007529689637
PF18763	-0.6461978130385794	0.6461978130385793
PF18765	0.031028560736629504	-0.0310285607366295
PF18766	0.39899401602882995	-0.3989940160288301
PF18789	-1.8563175418083315	1.8563175418083313
PF18796	-0.8454772126551539	0.8454772126551537
PF18798	-0.7122380502157587	0.7122380502157586
PF18812	-0.24900537370125325	0.24900537370125322
PF18813	0.6473814211808357	-0.6473814211808356
PF18818	0.8095459362979005	-0.8095459362979004
PF18819	0.06213920508591974	-0.06213920508591997
PF18821	0.6161043267818899	-0.6161043267818898
PF18823	-0.782534917081949	0.782534917081949
PF18824	-1.1225257356458471	1.122525735645847
PF18830	-0.9174106504677453	0.9174106504677452
PF18832	-1.9316877408145134	1.9316877408145132
PF18838	-0.09938681701294677	0.09938681701294676
PF18840	-1.7648027629941987	1.7648027629941985
PF18842	0.8669417087622976	-0.8669417087622975
PF18843	1.356466038740319	-1.3564660387403187
PF18847	0.868792107164438	-0.8687921071644381
PF18852	-1.9504354165557685	1.9504354165557682
PF18857	-0.8585164103025293	0.8585164103025292
PF18860	-1.112593234512668	1.1125932345126677
PF18862	-0.06060240272050535	0.06060240272050534
PF18863	1.0497711574424269	-1.0497711574424269
PF18864	-0.4648528490038407	0.46485284900384066
PF18883	1.9099862958145044	-1.9099862958145042
PF18885	-1.0986156141437398	1.0986156141437398
PF18889	-1.705478636835345	1.7054786368353447
PF18906	1.2555213659298172	-1.2555213659298172
PF18907	0.4678771784968057	-0.46787717849680566
PF18909	0.7761393190169759	-0.7761393190169755
PF18911	-1.7930371441039672	1.793037144103967
PF18912	-0.26956143757789186	0.2695614375778918
PF18925	-0.39986258324382107	0.399862583243821
PF18934	0.15925282969597937	-0.15925282969597912
PF18935	-1.2120379697308827	1.2120379697308827
PF18936	-1.8509864538085634	1.8509864538085632
PF18937	-1.0921005762391387	1.0921005762391385
PF18939	-0.8998418695537013	0.8998418695537012
PF18940	0.11332255627269625	-0.11332255627269647
PF18941	-1.7875774153268698	1.7875774153268695
PF18942	-1.6213073870129167	1.6213073870129167
PF18943	-1.471550359604116	1.4715503596041157
PF18945	1.455682202525157	-1.4556822025251568
PF18948	0.9916317533770123	-0.9916317533770124
PF18949	1.6271369036167567	-1.6271369036167564
PF18951	-1.3960619286164606	1.3960619286164604
PF18952	1.7303992966058965	-1.7303992966058963
PF18954	-1.1044380118953487	1.1044380118953485
PF18956	-1.2113365881780407	1.2113365881780407
PF18957	0.31224702527638853	-0.31224702527638876
PF18959	0.9786764246624535	-0.9786764246624534
PF18960	-1.5682727853406004	1.5682727853406002
PF18961	-1.8606233797545024	1.8606233797545022
PF18974	0.6706560410819098	-0.6706560410819095
PF18975	-1.8951625578731623	1.8951625578731621
PF18976	0.9729499353625904	-0.9729499353625906
PF18978	-0.37189432094446584	0.3718943209444658
PF18979	0.4064760626630966	-0.40647606266309677
PF18980	-1.7633216221726373	1.763321622172637
PF18982	-1.1894442620933912	1.189444262093391
PF18983	0.5654920439434429	-0.565492043943443
PF18984	-1.2252851623581817	1.2252851623581815
PF18986	1.4704100183184794	-1.470410018318479
PF18987	-1.096773615965873	1.0967736159658728
PF18989	-1.5241481580370888	1.5241481580370886
PF18990	-0.3115685662065455	0.31156856620654544
PF18991	-0.48154048692935464	0.4815404869293546
PF18998	0.3654562205828464	-0.3654562205828463
PF19040	0.5987416881565456	-0.5987416881565455
PF19044	-1.102587098964003	1.1025870989640028
PF19051	-1.2537404906181202	1.25374049061812
PF19076	0.6416408847445001	-0.6416408847445
PF19077	-1.0233211652564513	1.0233211652564511
PF19085	-0.72618364363009	0.7261836436300899
PF19124	-0.4394046280034047	0.43940462800340463
PF19127	-0.8019953701226149	0.8019953701226148
PF19143	-1.0121518537527194	1.0121518537527192
PF19190	-0.009383181121091738	0.009383181121091736
PF19238	0.8067473032393524	-0.8067473032393523
PF19263	-0.9559334202371784	0.9559334202371783
PF19269	-0.5126859428744677	0.5126859428744677
PF19279	1.0652230839982944	-1.0652230839982946
PF19289	1.7324233041678565	-1.7324233041678563
PF19290	1.0160591540126067	-1.0160591540126067
PF19295	0.01963498139694406	-0.019634981396944057
PF19296	-0.47719442771687526	0.4771944277168752
PF19300	-0.20650436434605293	0.2065043643460529
PF19302	-0.08039670738689858	0.08039670738689858
PF19305	0.7175811750030614	-0.7175811750030614
PF19310	1.6483178830499423	-1.648317883049942
PF19320	-0.8112850047227786	0.8112850047227785
PF19328	0.37976873987681736	-0.3797687398768173
PF19335	0.18046714682255796	-0.18046714682255793
PF19404	-0.3132122233465789	0.3132122233465789
PF19407	-0.38593767169030224	0.38593767169030224
PF19425	-0.21051671147721257	0.21051671147721257
PF19436	0.30199516449259234	-0.30199516449259234
PF19478	-1.4098772332149612	1.409877233214961
PF19481	-1.0408221578167947	1.0408221578167944
PF19484	0.8021464308323949	-0.8021464308323946
PF19498	-1.3556190252346405	1.3556190252346403
PF19499	-0.14873694786478428	0.14873694786478425
PF19501	-0.7269012666914908	0.7269012666914907
PF19502	-0.6065295121480976	0.6065295121480975
PF19503	-0.8054731255112969	0.8054731255112968
PF19506	-1.8049402257962401	1.80494022579624
PF19511	-0.42215878614552843	0.4221587861455284
PF19512	0.08319436778965388	-0.08319436778965386
PF19513	0.2791803530128857	-0.27918035301288546
PF19514	-1.3159220281235144	1.3159220281235144
PF19515	-0.32658547927205334	0.32658547927205334
PF19516	0.6070882224261697	-0.6070882224261697
PF19517	-0.3429696281725648	0.34296962817256477
PF19527	-1.7525493540325874	1.7525493540325872
PF19528	-1.6332241722001783	1.6332241722001781
PF19529	-1.309069503785009	1.3090695037850089
PF19537	-1.359809839998726	1.359809839998726
PF19538	0.22795515944307457	-0.22795515944307454
PF19543	1.2062521857077428	-1.2062521857077428
PF19546	-1.4133226696207892	1.413322669620789
PF19552	-0.5738220525537318	0.5738220525537316
PF19553	-1.1582996093924973	1.1582996093924973
PF19554	-1.3069591113544945	1.3069591113544943
PF19555	0.15208161088727018	-0.15208161088727015
PF19557	0.33495529618943587	-0.3349552961894356
PF19558	-0.5494550003447697	0.5494550003447696
PF19567	0.5356640014664077	-0.5356640014664076
PF19568	0.06208624445191452	-0.06208624445191451
PF19570	-0.43268930224194097	0.4326893022419409
PF19572	-0.6500855311730857	0.6500855311730855
PF19576	0.7363859366178639	-0.7363859366178636
PF19580	-1.5640239189351588	1.5640239189351586
PF19583	-1.5798483746324137	1.5798483746324135
PF19595	-0.5577591233394462	0.5577591233394462
PF19614	-0.38012902661199255	0.3801290266119925
PF19642	-1.2237599065155274	1.2237599065155271
PF19700	-0.39150626246282083	0.39150626246282083
PF19727	-1.9052243185334405	1.9052243185334403
PF19732	-0.6893362694316866	0.6893362694316865
PF19753	-0.28096582590823216	0.2809658259082321
PF19755	-0.46990979119410287	0.4699097911941028
PF19762	0.20004340919694963	-0.20004340919694985
PF19763	-0.9250808053772489	0.9250808053772488
PF19775	0.2336796395099963	-0.23367963950999604
PF19776	-0.17656221522249224	0.1765622152224922
PF19778	-0.7863952984723377	0.7863952984723376
PF19789	-0.1600786306244751	0.1600786306244751
PF19805	0.7934601314436539	-0.7934601314436536
PF19808	-0.4692437391634464	0.46924373916344636
PF19815	-0.5957060535582503	0.5957060535582502
PF19821	1.218550278241998	-1.2185502782419975
PF19830	-0.25837030051629867	0.2583703005162986
PF19838	1.8077918366238972	-1.807791836623897
PF19841	-0.4375580380115071	0.43755803801150706
PF19842	-0.06826939148090286	0.06826939148090286
PF19845	0.20756773999905825	-0.20756773999905845
PF19864	-1.1360423727040105	1.1360423727040103
PF19866	-0.9598083732163784	0.9598083732163782
PF19867	-1.3703531077193314	1.3703531077193312
PF19877	1.4776227048252975	-1.4776227048252972
PF19880	-0.4733539353335963	0.47335393533359627
PF19886	-1.6218051524650112	1.6218051524650112
PF19898	-0.25640790286643733	0.2564079028664373
PF19904	-1.0403817799626967	1.0403817799626967
PF19909	-0.8829879515147757	0.8829879515147756
PF19910	-0.7719464712669576	0.7719464712669575
PF19924	0.856478435290159	-0.8564784352901591
PF20016	0.03320427047211674	-0.03320427047211674
PF20020	0.4129046833686466	-0.41290468336864655
PF20030	0.7824897315529439	-0.7824897315529439
PF20041	1.466292593385746	-1.4662925933857458
PF20047	0.29277419025235263	-0.2927741902523524
PF20063	-0.3034704001109939	0.30347040011099385
PF20069	-1.4304443901856492	1.4304443901856492
PF20070	0.05932687498610935	-0.05932687498610934
PF20103	-0.8113187409727403	0.8113187409727401
PF20142	0.10951468338338378	-0.10951468338338377
PF20143	0.7207764291549683	-0.720776429154968
PF20148	-0.7224311179600532	0.7224311179600531
PF20154	0.029723376388763448	-0.029723376388763444
PF20155	0.5478105405366948	-0.5478105405366946
k_Archaea.p_Euryarchaeota.c_Methanobacteria.o_Methanobacteriales.f_Methanobacteriaceae.g_Methanobrevibacter.s_Unclassified.Methanobrevibacter	-1.2864921648425494	1.2864921648425491
k_Bacteria.p_Actinobacteria.c_Actinomycetia.o_Actinomycetales.f_Actinomycetaceae.g_Actinomyces.s_Actinomyces.graevenitzii	-1.0785764947872083	1.0785764947872083
k_Bacteria.p_Actinobacteria.c_Actinomycetia.o_Actinomycetales.f_Actinomycetaceae.g_Actinomyces.s_Actinomyces.sp.	-0.3569497359474044	0.35694973594740437
k_Bacteria.p_Actinobacteria.c_Actinomycetia.o_Actinomycetales.f_Actinomycetaceae.g_Unclassified.Actinomycetaceae.s_Unclassified.Actinomycetaceae	1.017564661502967	-1.017564661502967
k_Bacteria.p_Actinobacteria.c_Actinomycetia.o_Actinomycetales.f_Actinomycetaceae.g_Varibaculum.s_Unclassified.Varibaculum	1.9022474851031	-1.9022474851030995
k_Bacteria.p_Actinobacteria.c_Actinomycetia.o_Actinomycetales.f_Actinomycetaceae.g_Varibaculum.s_Varibaculum.cambriense	0.6044590953440602	-0.6044590953440601
k_Bacteria.p_Actinobacteria.c_Actinomycetia.o_Bifidobacteriales.f_Bifidobacteriaceae.g_Bifidobacterium.s_Bifidobacterium.adolescentis	0.005715631931850843	-0.005715631931850842
k_Bacteria.p_Actinobacteria.c_Actinomycetia.o_Bifidobacteriales.f_Bifidobacteriaceae.g_Bifidobacterium.s_Bifidobacterium.angulatum	-0.2459689081914594	0.24596890819145936
k_Bacteria.p_Actinobacteria.c_Actinomycetia.o_Bifidobacteriales.f_Bifidobacteriaceae.g_Bifidobacterium.s_Bifidobacterium.animalis	0.48781533783234876	-0.48781533783234843
k_Bacteria.p_Actinobacteria.c_Actinomycetia.o_Bifidobacteriales.f_Bifidobacteriaceae.g_Bifidobacterium.s_Bifidobacterium.bifidum	-0.8593808640162385	0.8593808640162384
k_Bacteria.p_Actinobacteria.c_Actinomycetia.o_Bifidobacteriales.f_Bifidobacteriaceae.g_Bifidobacterium.s_Bifidobacterium.breve	1.1757484231804727	-1.1757484231804727
k_Bacteria.p_Actinobacteria.c_Actinomycetia.o_Bifidobacteriales.f_Bifidobacteriaceae.g_Bifidobacterium.s_Bifidobacterium.catenulatum	-0.4022048347895022	0.40220483478950214
k_Bacteria.p_Actinobacteria.c_Actinomycetia.o_Bifidobacteriales.f_Bifidobacteriaceae.g_Bifidobacterium.s_Bifidobacterium.dentium	-1.9356366054803797	1.9356366054803795
k_Bacteria.p_Actinobacteria.c_Actinomycetia.o_Bifidobacteriales.f_Bifidobacteriaceae.g_Bifidobacterium.s_Bifidobacterium.longum	0.2986415530497669	-0.2986415530497669
k_Bacteria.p_Actinobacteria.c_Actinomycetia.o_Bifidobacteriales.f_Bifidobacteriaceae.g_Bifidobacterium.s_Bifidobacterium.merycicum	-0.8551852534632588	0.8551852534632587
k_Bacteria.p_Actinobacteria.c_Actinomycetia.o_Bifidobacteriales.f_Bifidobacteriaceae.g_Bifidobacterium.s_Bifidobacterium.pseudocatenulatum	0.43965537518802805	-0.43965537518802805
k_Bacteria.p_Actinobacteria.c_Actinomycetia.o_Bifidobacteriales.f_Bifidobacteriaceae.g_Bifidobacterium.s_Bifidobacterium.pseudolongum	0.9700769735455024	-0.9700769735455023
k_Bacteria.p_Actinobacteria.c_Actinomycetia.o_Bifidobacteriales.f_Bifidobacteriaceae.g_Bifidobacterium.s_Bifidobacterium.scardovii	0.11933577174330312	-0.1193357717433031
k_Bacteria.p_Actinobacteria.c_Actinomycetia.o_Bifidobacteriales.f_Bifidobacteriaceae.g_Bifidobacterium.s_Bifidobacterium.sp.	0.7443086604793923	-0.7443086604793921
k_Bacteria.p_Actinobacteria.c_Actinomycetia.o_Bifidobacteriales.f_Bifidobacteriaceae.g_Bifidobacterium.s_Unclassified.Bifidobacterium	1.2277721412394091	-1.227772141239409
k_Bacteria.p_Actinobacteria.c_Actinomycetia.o_Bifidobacteriales.f_Bifidobacteriaceae.g_Gardnerella.s_Unclassified.Gardnerella	0.9405016226649393	-0.940501622664939
k_Bacteria.p_Actinobacteria.c_Actinomycetia.o_Bifidobacteriales.f_Bifidobacteriaceae.g_Unclassified.Bifidobacteriaceae.s_Unclassified.Bifidobacteriaceae	1.8393476844559338	-1.8393476844559333
k_Bacteria.p_Actinobacteria.c_Actinomycetia.o_Corynebacteriales.f_Corynebacteriaceae.g_Corynebacterium.s_Corynebacterium.flavescens	0.9250286733463898	-0.9250286733463895
k_Bacteria.p_Actinobacteria.c_Actinomycetia.o_Corynebacteriales.f_Corynebacteriaceae.g_Corynebacterium.s_Unclassified.Corynebacterium	1.1465861800356605	-1.1465861800356603
k_Bacteria.p_Actinobacteria.c_Actinomycetia.o_Micrococcales.f_Micrococcaceae.g_Rothia.s_Rothia.mucilaginosa	0.986733471516138	-0.9867334715161378
k_Bacteria.p_Actinobacteria.c_Actinomycetia.o_Micrococcales.f_Micrococcaceae.g_Rothia.s_Unclassified.Rothia	0.33109272513666543	-0.3310927251366654
k_Bacteria.p_Actinobacteria.c_Actinomycetia.o_Micrococcales.f_Unclassified.Micrococcales.g_Unclassified.Micrococcales.s_Unclassified.Micrococcales	1.368271454782763	-1.3682714547827628
k_Bacteria.p_Actinobacteria.c_Actinomycetia.o_Propionibacteriales.f_Propionibacteriaceae.g_Propionibacterium.s_Propionibacterium.freudenreichii	0.6628118850175339	-0.662811885017534
k_Bacteria.p_Actinobacteria.c_Actinomycetia.o_Propionibacteriales.f_Propionibacteriaceae.g_Propionibacterium.s_Unclassified.Propionibacterium	-0.14158243417515423	0.1415824341751542
k_Bacteria.p_Actinobacteria.c_Actinomycetia.o_Propionibacteriales.f_Propionibacteriaceae.g_Unclassified.Propionibacteriaceae.s_Unclassified.Propionibacteriaceae	-0.6054735066366524	0.6054735066366524
k_Bacteria.p_Actinobacteria.c_Actinomycetia.o_Streptomycetales.f_Streptomycetaceae.g_Streptomyces.s_Unclassified.Streptomyces	-1.3591414458544087	1.3591414458544087
k_Bacteria.p_Actinobacteria.c_Actinomycetia.o_Unclassified.Actinomycetia.f_Unclassified.Actinomycetia.g_Unclassified.Actinomycetia.s_Unclassified.Actinomycetia	1.2067200830074711	-1.2067200830074707
k_Bacteria.p_Actinobacteria.c_Coriobacteriia.o_Coriobacteriales.f_Atopobiaceae.g_Atopobium.s_Atopobium.sp.	0.9584938380459274	-0.9584938380459272
k_Bacteria.p_Actinobacteria.c_Coriobacteriia.o_Coriobacteriales.f_Coriobacteriaceae.g_Collinsella.s_Collinsella.aerofaciens	-0.9799478930528723	0.9799478930528722
k_Bacteria.p_Actinobacteria.c_Coriobacteriia.o_Coriobacteriales.f_Coriobacteriaceae.g_Collinsella.s_Collinsella.intestinalis	-0.6296640817832375	0.6296640817832374
k_Bacteria.p_Actinobacteria.c_Coriobacteriia.o_Coriobacteriales.f_Coriobacteriaceae.g_Collinsella.s_Collinsella.phocaeensis	0.02134485045795901	-0.021344850457959006
k_Bacteria.p_Actinobacteria.c_Coriobacteriia.o_Coriobacteriales.f_Coriobacteriaceae.g_Collinsella.s_Collinsella.sp.	-0.03214079535147878	0.032140795351478776
k_Bacteria.p_Actinobacteria.c_Coriobacteriia.o_Coriobacteriales.f_Coriobacteriaceae.g_Collinsella.s_Collinsella.stercoris	-0.8933366602576057	0.8933366602576056
k_Bacteria.p_Actinobacteria.c_Coriobacteriia.o_Coriobacteriales.f_Coriobacteriaceae.g_Collinsella.s_Collinsella.tanakaei	1.8242059595876314	-1.8242059595876314
k_Bacteria.p_Actinobacteria.c_Coriobacteriia.o_Coriobacteriales.f_Coriobacteriaceae.g_Collinsella.s_Unclassified.Collinsella	1.1098555222633606	-1.1098555222633606
k_Bacteria.p_Actinobacteria.c_Coriobacteriia.o_Coriobacteriales.f_Coriobacteriaceae.g_Coriobacteriaceae.bacterium..no.genus.in.NCBI..s_Coriobacteriaceae.bacterium	-0.9717284792939762	0.9717284792939761
k_Bacteria.p_Actinobacteria.c_Coriobacteriia.o_Coriobacteriales.f_Coriobacteriaceae.g_Enorma.s_Unclassified.Enorma	-0.962800029936928	0.9628000299369279
k_Bacteria.p_Actinobacteria.c_Coriobacteriia.o_Coriobacteriales.f_Coriobacteriaceae.g_Senegalimassilia.s_Senegalimassilia.anaerobia	-0.5285055348568994	0.5285055348568994
k_Bacteria.p_Actinobacteria.c_Coriobacteriia.o_Coriobacteriales.f_Coriobacteriaceae.g_Unclassified.Coriobacteriaceae.s_Unclassified.Coriobacteriaceae	-1.3832132628306897	1.3832132628306895
k_Bacteria.p_Actinobacteria.c_Coriobacteriia.o_Coriobacteriales.f_Unclassified.Coriobacteriales.g_Unclassified.Coriobacteriales.s_Unclassified.Coriobacteriales	-0.46626458681247074	0.4662645868124707
k_Bacteria.p_Actinobacteria.c_Coriobacteriia.o_Eggerthellales.f_Eggerthellaceae.g_Adlercreutzia.s_Adlercreutzia.equolifaciens	0.6254305722041856	-0.6254305722041856
k_Bacteria.p_Actinobacteria.c_Coriobacteriia.o_Eggerthellales.f_Eggerthellaceae.g_Adlercreutzia.s_Unclassified.Adlercreutzia	0.6146389478577112	-0.6146389478577112
k_Bacteria.p_Actinobacteria.c_Coriobacteriia.o_Eggerthellales.f_Eggerthellaceae.g_Eggerthella.s_Eggerthella.lenta	-1.458521565706298	1.4585215657062978
k_Bacteria.p_Actinobacteria.c_Coriobacteriia.o_Eggerthellales.f_Eggerthellaceae.g_Eggerthella.s_Unclassified.Eggerthella	-1.0615928228236267	1.0615928228236264
k_Bacteria.p_Actinobacteria.c_Coriobacteriia.o_Eggerthellales.f_Eggerthellaceae.g_Gordonibacter.s_Gordonibacter.pamelaeae	-1.2738976598839045	1.2738976598839042
k_Bacteria.p_Actinobacteria.c_Coriobacteriia.o_Eggerthellales.f_Eggerthellaceae.g_Gordonibacter.s_Gordonibacter.sp.	-0.9551952364049137	0.9551952364049136
k_Bacteria.p_Actinobacteria.c_Coriobacteriia.o_Eggerthellales.f_Eggerthellaceae.g_Gordonibacter.s_Gordonibacter.urolithinfaciens	-0.6861498042362675	0.6861498042362674
k_Bacteria.p_Actinobacteria.c_Coriobacteriia.o_Eggerthellales.f_Eggerthellaceae.g_Gordonibacter.s_Unclassified.Gordonibacter	0.013409463199101718	-0.013409463199101716
k_Bacteria.p_Actinobacteria.c_Coriobacteriia.o_Eggerthellales.f_Eggerthellaceae.g_Slackia.s_Slackia.isoflavoniconvertens	-0.9081392676826384	0.9081392676826383
k_Bacteria.p_Actinobacteria.c_Coriobacteriia.o_Eggerthellales.f_Eggerthellaceae.g_Slackia.s_Slackia.piriformis	-0.49042533248661974	0.4904253324866197
k_Bacteria.p_Actinobacteria.c_Coriobacteriia.o_Eggerthellales.f_Eggerthellaceae.g_Slackia.s_Unclassified.Slackia	-1.3473902300486067	1.3473902300486067
k_Bacteria.p_Actinobacteria.c_Coriobacteriia.o_Eggerthellales.f_Eggerthellaceae.g_Unclassified.Eggerthellaceae.s_Unclassified.Eggerthellaceae	-0.42533442775016717	0.4253344277501671
k_Bacteria.p_Actinobacteria.c_Coriobacteriia.o_Unclassified.Coriobacteriia.f_Unclassified.Coriobacteriia.g_Unclassified.Coriobacteriia.s_Unclassified.Coriobacteriia	1.6027282995517071	-1.602728299551707
k_Bacteria.p_Actinobacteria.c_Unclassified.Actinobacteria.o_Unclassified.Actinobacteria.f_Unclassified.Actinobacteria.g_Unclassified.Actinobacteria.s_Unclassified.Actinobacteria	-0.04867251182018377	0.04867251182018376
k_Bacteria.p_Bacteroidetes.c_Bacteroidia.o_Bacteroidales.f_Bacteroidaceae.g_Bacteroides.s_Bacteroides.caccae	0.007590719821406166	-0.0075907198214061646
k_Bacteria.p_Bacteroidetes.c_Bacteroidia.o_Bacteroidales.f_Bacteroidaceae.g_Bacteroides.s_Bacteroides.cellulosilyticus	-1.2923776182346967	1.2923776182346967
k_Bacteria.p_Bacteroidetes.c_Bacteroidia.o_Bacteroidales.f_Bacteroidaceae.g_Bacteroides.s_Bacteroides.eggerthii	-0.0731859408120304	0.0731859408120304
k_Bacteria.p_Bacteroidetes.c_Bacteroidia.o_Bacteroidales.f_Bacteroidaceae.g_Bacteroides.s_Bacteroides.faecis	-0.5554598102056469	0.5554598102056468
k_Bacteria.p_Bacteroidetes.c_Bacteroidia.o_Bacteroidales.f_Bacteroidaceae.g_Bacteroides.s_Bacteroides.finegoldii	-0.12265885019674039	0.12265885019674037
k_Bacteria.p_Bacteroidetes.c_Bacteroidia.o_Bacteroidales.f_Bacteroidaceae.g_Bacteroides.s_Bacteroides.fragilis	-0.28053689995297926	0.28053689995297926
k_Bacteria.p_Bacteroidetes.c_Bacteroidia.o_Bacteroidales.f_Bacteroidaceae.g_Bacteroides.s_Bacteroides.oleiciplenus	-1.141990220209522	1.1419902202095218
k_Bacteria.p_Bacteroidetes.c_Bacteroidia.o_Bacteroidales.f_Bacteroidaceae.g_Bacteroides.s_Bacteroides.ovatus	-1.2310096457675979	1.2310096457675976
k_Bacteria.p_Bacteroidetes.c_Bacteroidia.o_Bacteroidales.f_Bacteroidaceae.g_Bacteroides.s_Bacteroides.sp.	0.6458363591500038	-0.645836359150004
k_Bacteria.p_Bacteroidetes.c_Bacteroidia.o_Bacteroidales.f_Bacteroidaceae.g_Bacteroides.s_Bacteroides.stercoris	0.23391904377864486	-0.23391904377864506
k_Bacteria.p_Bacteroidetes.c_Bacteroidia.o_Bacteroidales.f_Bacteroidaceae.g_Bacteroides.s_Bacteroides.thetaiotaomicron	-0.8991606207354731	0.899160620735473
k_Bacteria.p_Bacteroidetes.c_Bacteroidia.o_Bacteroidales.f_Bacteroidaceae.g_Bacteroides.s_Bacteroides.uniformis	-0.8869010739144088	0.8869010739144086
k_Bacteria.p_Bacteroidetes.c_Bacteroidia.o_Bacteroidales.f_Bacteroidaceae.g_Bacteroides.s_Bacteroides.xylanisolvens	-1.2466528047967365	1.2466528047967362
k_Bacteria.p_Bacteroidetes.c_Bacteroidia.o_Bacteroidales.f_Bacteroidaceae.g_Bacteroides.s_Unclassified.Bacteroides	-0.5508692854979775	0.5508692854979774
k_Bacteria.p_Bacteroidetes.c_Bacteroidia.o_Bacteroidales.f_Bacteroidaceae.g_Unclassified.Bacteroidaceae.s_Unclassified.Bacteroidaceae	-0.5836499460659832	0.5836499460659831
k_Bacteria.p_Bacteroidetes.c_Bacteroidia.o_Bacteroidales.f_Barnesiellaceae.g_Barnesiella.s_Barnesiella.intestinihominis	1.0513690445056778	-1.0513690445056776
k_Bacteria.p_Bacteroidetes.c_Bacteroidia.o_Bacteroidales.f_Barnesiellaceae.g_Barnesiella.s_Unclassified.Barnesiella	0.8771268339601261	-0.8771268339601263
k_Bacteria.p_Bacteroidetes.c_Bacteroidia.o_Bacteroidales.f_Odoribacteraceae.g_Odoribacter.s_Odoribacter.splanchnicus	-1.162843518374122	1.162843518374122
k_Bacteria.p_Bacteroidetes.c_Bacteroidia.o_Bacteroidales.f_Phocaeicola..no.family.in.NCBI..g_Phocaeicola.s_Phocaeicola.dorei	0.021352329109960322	-0.02135232910996032
k_Bacteria.p_Bacteroidetes.c_Bacteroidia.o_Bacteroidales.f_Phocaeicola..no.family.in.NCBI..g_Phocaeicola.s_Phocaeicola.massiliensis	0.10976736984735634	-0.10976736984735633
k_Bacteria.p_Bacteroidetes.c_Bacteroidia.o_Bacteroidales.f_Phocaeicola..no.family.in.NCBI..g_Phocaeicola.s_Phocaeicola.vulgatus	0.5472448788429661	-0.547244878842966
k_Bacteria.p_Bacteroidetes.c_Bacteroidia.o_Bacteroidales.f_Phocaeicola..no.family.in.NCBI..g_Phocaeicola.s_Unclassified.Phocaeicola	-1.4982037642263273	1.4982037642263273
k_Bacteria.p_Bacteroidetes.c_Bacteroidia.o_Bacteroidales.f_Porphyromonadaceae.g_Porphyromonas.s_Porphyromonas.asaccharolytica	-0.2036642249439914	0.20366422494399136
k_Bacteria.p_Bacteroidetes.c_Bacteroidia.o_Bacteroidales.f_Porphyromonadaceae.g_Porphyromonas.s_Porphyromonas.uenonis	-1.0841201869648203	1.0841201869648203
k_Bacteria.p_Bacteroidetes.c_Bacteroidia.o_Bacteroidales.f_Porphyromonadaceae.g_Porphyromonas.s_Unclassified.Porphyromonas	-0.8036096883966559	0.8036096883966558
k_Bacteria.p_Bacteroidetes.c_Bacteroidia.o_Bacteroidales.f_Prevotellaceae.g_Paraprevotella.s_Unclassified.Paraprevotella	-0.469916984169469	0.4699169841694689
k_Bacteria.p_Bacteroidetes.c_Bacteroidia.o_Bacteroidales.f_Prevotellaceae.g_Prevotella.s_Prevotella.bivia	0.3761596293633716	-0.37615962936337183
k_Bacteria.p_Bacteroidetes.c_Bacteroidia.o_Bacteroidales.f_Prevotellaceae.g_Prevotella.s_Prevotella.copri	-0.10830849701775104	0.10830849701775103
k_Bacteria.p_Bacteroidetes.c_Bacteroidia.o_Bacteroidales.f_Prevotellaceae.g_Prevotella.s_Prevotella.marseillensis	-1.1880937971285739	1.1880937971285737
k_Bacteria.p_Bacteroidetes.c_Bacteroidia.o_Bacteroidales.f_Prevotellaceae.g_Prevotella.s_Prevotella.pectinovora	-0.24519351973472076	0.24519351973472073
k_Bacteria.p_Bacteroidetes.c_Bacteroidia.o_Bacteroidales.f_Prevotellaceae.g_Prevotella.s_Prevotella.sp.	0.007545842770028263	-0.007545842770028262
k_Bacteria.p_Bacteroidetes.c_Bacteroidia.o_Bacteroidales.f_Prevotellaceae.g_Prevotella.s_Prevotella.stercorea	0.6165900547662608	-0.6165900547662607
k_Bacteria.p_Bacteroidetes.c_Bacteroidia.o_Bacteroidales.f_Prevotellaceae.g_Prevotella.s_Unclassified.Prevotella	-0.0697792265445471	0.06977922654454709
k_Bacteria.p_Bacteroidetes.c_Bacteroidia.o_Bacteroidales.f_Prevotellaceae.g_Prevotellaceae.bacterium..no.genus.in.NCBI..s_Prevotellaceae.bacterium	-0.3172088567231264	0.3172088567231263
k_Bacteria.p_Bacteroidetes.c_Bacteroidia.o_Bacteroidales.f_Prevotellaceae.g_Unclassified.Prevotellaceae.s_Unclassified.Prevotellaceae	-1.5716093229991757	1.5716093229991754
k_Bacteria.p_Bacteroidetes.c_Bacteroidia.o_Bacteroidales.f_Rikenellaceae.g_Alistipes.s_Alistipes.finegoldii	-1.2525574561586559	1.2525574561586557
k_Bacteria.p_Bacteroidetes.c_Bacteroidia.o_Bacteroidales.f_Rikenellaceae.g_Alistipes.s_Alistipes.indistinctus	0.06337945563206882	-0.06337945563206882
k_Bacteria.p_Bacteroidetes.c_Bacteroidia.o_Bacteroidales.f_Rikenellaceae.g_Alistipes.s_Alistipes.onderdonkii	-0.7154149277995463	0.7154149277995462
k_Bacteria.p_Bacteroidetes.c_Bacteroidia.o_Bacteroidales.f_Rikenellaceae.g_Alistipes.s_Alistipes.putredinis	0.02949246430039249	-0.029492464300392488
k_Bacteria.p_Bacteroidetes.c_Bacteroidia.o_Bacteroidales.f_Rikenellaceae.g_Alistipes.s_Alistipes.sp.	-1.7520710401035342	1.752071040103534
k_Bacteria.p_Bacteroidetes.c_Bacteroidia.o_Bacteroidales.f_Rikenellaceae.g_Alistipes.s_Unclassified.Alistipes	0.09750441933339969	-0.09750441933339968
k_Bacteria.p_Bacteroidetes.c_Bacteroidia.o_Bacteroidales.f_Tannerellaceae.g_Parabacteroides.s_Parabacteroides.distasonis	-0.08074282458522004	0.08074282458522003
k_Bacteria.p_Bacteroidetes.c_Bacteroidia.o_Bacteroidales.f_Tannerellaceae.g_Parabacteroides.s_Parabacteroides.merdae	0.5334751546377191	-0.533475154637719
k_Bacteria.p_Bacteroidetes.c_Bacteroidia.o_Bacteroidales.f_Tannerellaceae.g_Parabacteroides.s_Parabacteroides.sp.	0.44022054186373344	-0.4402205418637336
k_Bacteria.p_Bacteroidetes.c_Bacteroidia.o_Bacteroidales.f_Tannerellaceae.g_Parabacteroides.s_Unclassified.Parabacteroides	0.17963028831464456	-0.1796302883146443
k_Bacteria.p_Bacteroidetes.c_Bacteroidia.o_Bacteroidales.f_Unclassified.Bacteroidales.g_Unclassified.Bacteroidales.s_Unclassified.Bacteroidales	-0.16631140518002577	0.16631140518002574
k_Bacteria.p_Bacteroidetes.c_Bacteroidia.o_Unclassified.Bacteroidia.f_Unclassified.Bacteroidia.g_Unclassified.Bacteroidia.s_Unclassified.Bacteroidia	-1.802087798001816	1.8020877980018157
k_Bacteria.p_Bacteroidetes.c_Chitinophagia.o_Chitinophagales.f_Chitinophagaceae.g_Chitinophaga.s_Chitinophaga.silvisoli	-0.9998922385806023	0.9998922385806022
k_Bacteria.p_Bacteroidetes.c_Chitinophagia.o_Chitinophagales.f_Chitinophagaceae.g_Chitinophaga.s_Unclassified.Chitinophaga	-1.1210929495380497	1.1210929495380497
k_Bacteria.p_Bacteroidetes.c_Flavobacteriia.o_Flavobacteriales.f_Flavobacteriaceae.g_Capnocytophaga.s_Capnocytophaga.sp.	0.21608146083327714	-0.21608146083327734
k_Bacteria.p_Bacteroidetes.c_Flavobacteriia.o_Flavobacteriales.f_Flavobacteriales.bacterium..no.family.in.NCBI..g_Flavobacteriales.bacterium..no.genus.in.NCBI..s_Flavobacteriales.bacterium	0.8281653559388589	-0.8281653559388585
k_Bacteria.p_Bacteroidetes.c_Flavobacteriia.o_Flavobacteriales.f_Unclassified.Flavobacteriales.g_Unclassified.Flavobacteriales.s_Unclassified.Flavobacteriales	-1.415287388256554	1.4152873882565538
k_Bacteria.p_Bacteroidetes.c_Unclassified.Bacteroidetes.o_Unclassified.Bacteroidetes.f_Unclassified.Bacteroidetes.g_Unclassified.Bacteroidetes.s_Unclassified.Bacteroidetes	-0.5181780409071935	0.5181780409071935
k_Bacteria.p_Candidatus.Melainabacteria.c_Candidatus.Gastranaerophilales..no.class.in.NCBI..o_Candidatus.Gastranaerophilales.f_Candidatus.Gastranaerophilales.bacterium..no.family.in.NCBI..g_Candidatus.Gastranaerophilales.bacterium..no.genus.in.NCBI..s_Candidatus.Gastranaerophilales.bacterium	-0.9609553757956104	0.9609553757956103
k_Bacteria.p_Candidatus.Melainabacteria.c_Unclassified.Candidatus.Melainabacteria.o_Unclassified.Candidatus.Melainabacteria.f_Unclassified.Candidatus.Melainabacteria.g_Unclassified.Candidatus.Melainabacteria.s_Unclassified.Candidatus.Melainabacteria	-0.8846561736636716	0.8846561736636714
k_Bacteria.p_Chlamydiae.c_Chlamydiia.o_Chlamydiales.f_Chlamydiaceae.g_Chlamydia.s_Chlamydia.trachomatis	-0.5915761146699037	0.5915761146699037
k_Bacteria.p_Chlamydiae.c_Chlamydiia.o_Chlamydiales.f_Chlamydiaceae.g_Chlamydia.s_Unclassified.Chlamydia	-1.191875994298765	1.1918759942987647
k_Bacteria.p_Firmicutes.c_Bacilli.o_Bacillales.f_Bacillaceae.g_Bacillus.s_Unclassified.Bacillus	1.6663028748066961	-1.666302874806696
k_Bacteria.p_Firmicutes.c_Bacilli.o_Bacillales.f_Bacillaceae.g_Unclassified.Bacillaceae.s_Unclassified.Bacillaceae	-0.7212111845995637	0.7212111845995636
k_Bacteria.p_Firmicutes.c_Bacilli.o_Bacillales.f_Unclassified.Bacillales.g_Unclassified.Bacillales.s_Unclassified.Bacillales	0.10489343541380945	-0.10489343541380944
k_Bacteria.p_Firmicutes.c_Bacilli.o_Lactobacillales.f_Carnobacteriaceae.g_Granulicatella.s_Granulicatella.sp.	0.6068654885302646	-0.6068654885302642
k_Bacteria.p_Firmicutes.c_Bacilli.o_Lactobacillales.f_Carnobacteriaceae.g_Granulicatella.s_Unclassified.Granulicatella	-0.8645685070430472	0.8645685070430471
k_Bacteria.p_Firmicutes.c_Bacilli.o_Lactobacillales.f_Enterococcaceae.g_Enterococcus.s_Enterococcus.avium	-0.3445774472900402	0.34457744729004014
k_Bacteria.p_Firmicutes.c_Bacilli.o_Lactobacillales.f_Enterococcaceae.g_Enterococcus.s_Enterococcus.casseliflavus	1.034453795255353	-1.0344537952553527
k_Bacteria.p_Firmicutes.c_Bacilli.o_Lactobacillales.f_Enterococcaceae.g_Enterococcus.s_Enterococcus.durans	1.140868820389048	-1.1408688203890478
k_Bacteria.p_Firmicutes.c_Bacilli.o_Lactobacillales.f_Enterococcaceae.g_Enterococcus.s_Enterococcus.faecalis	1.049628704882802	-1.049628704882802
k_Bacteria.p_Firmicutes.c_Bacilli.o_Lactobacillales.f_Enterococcaceae.g_Enterococcus.s_Enterococcus.faecium	-0.3906443171712886	0.39064431717128856
k_Bacteria.p_Firmicutes.c_Bacilli.o_Lactobacillales.f_Enterococcaceae.g_Enterococcus.s_Enterococcus.gallinarum	1.3792241403557188	-1.3792241403557186
k_Bacteria.p_Firmicutes.c_Bacilli.o_Lactobacillales.f_Enterococcaceae.g_Enterococcus.s_Enterococcus.raffinosus	0.37118035148031026	-0.3711803514803102
k_Bacteria.p_Firmicutes.c_Bacilli.o_Lactobacillales.f_Enterococcaceae.g_Enterococcus.s_Enterococcus.sp.	1.2267204312059445	-1.2267204312059443
k_Bacteria.p_Firmicutes.c_Bacilli.o_Lactobacillales.f_Enterococcaceae.g_Enterococcus.s_Unclassified.Enterococcus	-0.7540348253707961	0.754034825370796
k_Bacteria.p_Firmicutes.c_Bacilli.o_Lactobacillales.f_Lactobacillaceae.g_Lacticaseibacillus.s_Lacticaseibacillus.rhamnosus	-1.07145975461457	1.0714597546145699
k_Bacteria.p_Firmicutes.c_Bacilli.o_Lactobacillales.f_Lactobacillaceae.g_Lacticaseibacillus.s_Unclassified.Lacticaseibacillus	1.3413387475665646	-1.3413387475665643
k_Bacteria.p_Firmicutes.c_Bacilli.o_Lactobacillales.f_Lactobacillaceae.g_Lactobacillus.s_Lactobacillus.sp.	-1.2688522336871866	1.2688522336871866
k_Bacteria.p_Firmicutes.c_Bacilli.o_Lactobacillales.f_Lactobacillaceae.g_Lactobacillus.s_Unclassified.Lactobacillus	-0.7108814116057774	0.7108814116057773
k_Bacteria.p_Firmicutes.c_Bacilli.o_Lactobacillales.f_Lactobacillaceae.g_Leuconostoc.s_Leuconostoc.mesenteroides	0.24869609098028528	-0.24869609098028525
k_Bacteria.p_Firmicutes.c_Bacilli.o_Lactobacillales.f_Lactobacillaceae.g_Leuconostoc.s_Leuconostoc.pseudomesenteroides	-0.7455546898140349	0.7455546898140348
k_Bacteria.p_Firmicutes.c_Bacilli.o_Lactobacillales.f_Lactobacillaceae.g_Leuconostoc.s_Unclassified.Leuconostoc	-0.48692581332158397	0.4869258133215839
k_Bacteria.p_Firmicutes.c_Bacilli.o_Lactobacillales.f_Lactobacillaceae.g_Limosilactobacillus.s_Limosilactobacillus.reuteri	-0.9555164180963157	0.9555164180963156
k_Bacteria.p_Firmicutes.c_Bacilli.o_Lactobacillales.f_Lactobacillaceae.g_Limosilactobacillus.s_Unclassified.Limosilactobacillus	1.1699138214930043	-1.1699138214930038
k_Bacteria.p_Firmicutes.c_Bacilli.o_Lactobacillales.f_Lactobacillaceae.g_Unclassified.Lactobacillaceae.s_Unclassified.Lactobacillaceae	0.7406086988160324	-0.7406086988160321
k_Bacteria.p_Firmicutes.c_Bacilli.o_Lactobacillales.f_Streptococcaceae.g_Lactococcus.s_Lactococcus.lactis	1.102151667184867	-1.1021516671848672
k_Bacteria.p_Firmicutes.c_Bacilli.o_Lactobacillales.f_Streptococcaceae.g_Lactococcus.s_Unclassified.Lactococcus	-0.38828973230469643	0.3882897323046964
k_Bacteria.p_Firmicutes.c_Bacilli.o_Lactobacillales.f_Streptococcaceae.g_Streptococcus.s_Streptococcus.equinus	0.018176208134310715	-0.01817620813431071
k_Bacteria.p_Firmicutes.c_Bacilli.o_Lactobacillales.f_Streptococcaceae.g_Streptococcus.s_Streptococcus.gordonii	0.28051507598302194	-0.28051507598302194
k_Bacteria.p_Firmicutes.c_Bacilli.o_Lactobacillales.f_Streptococcaceae.g_Streptococcus.s_Streptococcus.lactarius	0.9401269337606154	-0.9401269337606153
k_Bacteria.p_Firmicutes.c_Bacilli.o_Lactobacillales.f_Streptococcaceae.g_Streptococcus.s_Streptococcus.lutetiensis	0.7486177867590167	-0.7486177867590164
k_Bacteria.p_Firmicutes.c_Bacilli.o_Lactobacillales.f_Streptococcaceae.g_Streptococcus.s_Streptococcus.mitis	0.036821686116862644	-0.03682168611686264
k_Bacteria.p_Firmicutes.c_Bacilli.o_Lactobacillales.f_Streptococcaceae.g_Streptococcus.s_Streptococcus.parasanguinis	-0.3878862242857241	0.38788622428572406
k_Bacteria.p_Firmicutes.c_Bacilli.o_Lactobacillales.f_Streptococcaceae.g_Streptococcus.s_Streptococcus.pneumoniae	-0.27708875076510026	0.2770887507651002
k_Bacteria.p_Firmicutes.c_Bacilli.o_Lactobacillales.f_Streptococcaceae.g_Streptococcus.s_Streptococcus.salivarius	0.915643314643508	-0.9156433146435079
k_Bacteria.p_Firmicutes.c_Bacilli.o_Lactobacillales.f_Streptococcaceae.g_Streptococcus.s_Streptococcus.sp.	-0.18203345881234256	0.18203345881234254
k_Bacteria.p_Firmicutes.c_Bacilli.o_Lactobacillales.f_Streptococcaceae.g_Streptococcus.s_Streptococcus.thermophilus	-0.6940730478634272	0.694073047863427
k_Bacteria.p_Firmicutes.c_Bacilli.o_Lactobacillales.f_Streptococcaceae.g_Streptococcus.s_Unclassified.Streptococcus	-0.5443558127377484	0.5443558127377482
k_Bacteria.p_Firmicutes.c_Bacilli.o_Lactobacillales.f_Streptococcaceae.g_Unclassified.Streptococcaceae.s_Unclassified.Streptococcaceae	-0.7353187189007342	0.7353187189007341
k_Bacteria.p_Firmicutes.c_Bacilli.o_Lactobacillales.f_Unclassified.Lactobacillales.g_Unclassified.Lactobacillales.s_Unclassified.Lactobacillales	0.7292912458754183	-0.7292912458754183
k_Bacteria.p_Firmicutes.c_Bacilli.o_Unclassified.Bacilli.f_Unclassified.Bacilli.g_Unclassified.Bacilli.s_Unclassified.Bacilli	-0.19022316426398506	0.19022316426398503
k_Bacteria.p_Firmicutes.c_Clostridia.o_Candidatus.Allochristensenella..no.order.in.NCBI..f_Candidatus.Allochristensenella..no.family.in.NCBI..g_Candidatus.Allochristensenella.s_Unclassified.Candidatus.Allochristensenella	-0.7985768532198226	0.7985768532198226
k_Bacteria.p_Firmicutes.c_Clostridia.o_Candidatus.Metalachnospira..no.order.in.NCBI..f_Candidatus.Metalachnospira..no.family.in.NCBI..g_Candidatus.Metalachnospira.s_Candidatus.Metalachnospira.gallinarum	-0.8600976129548725	0.8600976129548724
k_Bacteria.p_Firmicutes.c_Clostridia.o_Clostridia.bacterium..no.order.in.NCBI..f_Clostridia.bacterium..no.family.in.NCBI..g_Clostridia.bacterium..no.genus.in.NCBI..s_Clostridia.bacterium	-0.5063773613267029	0.5063773613267027
k_Bacteria.p_Firmicutes.c_Clostridia.o_Eubacteriales.f_Christensenellaceae.g_Christensenella.s_Unclassified.Christensenella	0.042054534251333126	-0.04205453425133312
k_Bacteria.p_Firmicutes.c_Clostridia.o_Eubacteriales.f_Clostridiaceae.g_Beduini.s_Unclassified.Beduini	-1.2912107095852814	1.2912107095852814
k_Bacteria.p_Firmicutes.c_Clostridia.o_Eubacteriales.f_Clostridiaceae.g_Butyricicoccus.s_Butyricicoccus.faecihominis	-0.618881666889582	0.618881666889582
k_Bacteria.p_Firmicutes.c_Clostridia.o_Eubacteriales.f_Clostridiaceae.g_Butyricicoccus.s_Butyricicoccus.pullicaecorum	0.17337044218522077	-0.17337044218522074
k_Bacteria.p_Firmicutes.c_Clostridia.o_Eubacteriales.f_Clostridiaceae.g_Butyricicoccus.s_Butyricicoccus.sp.	-1.2151002138412104	1.2151002138412101
k_Bacteria.p_Firmicutes.c_Clostridia.o_Eubacteriales.f_Clostridiaceae.g_Butyricicoccus.s_Unclassified.Butyricicoccus	-1.5792074967262981	1.579207496726298
k_Bacteria.p_Firmicutes.c_Clostridia.o_Eubacteriales.f_Clostridiaceae.g_Clostridiaceae.bacterium..no.genus.in.NCBI..s_Clostridiaceae.bacterium	1.5379109960123225	-1.5379109960123223
k_Bacteria.p_Firmicutes.c_Clostridia.o_Eubacteriales.f_Clostridiaceae.g_Clostridium.s_.Clostridium..sp.	-1.410036274466546	1.4100362744665458
k_Bacteria.p_Firmicutes.c_Clostridia.o_Eubacteriales.f_Clostridiaceae.g_Clostridium.s_Clostridium.botulinum	-0.4036040883284674	0.4036040883284674
k_Bacteria.p_Firmicutes.c_Clostridia.o_Eubacteriales.f_Clostridiaceae.g_Clostridium.s_Clostridium.butyricum	0.25718456490534647	-0.25718456490534647
k_Bacteria.p_Firmicutes.c_Clostridia.o_Eubacteriales.f_Clostridiaceae.g_Clostridium.s_Clostridium.carnis	0.24720373038706636	-0.24720373038706633
k_Bacteria.p_Firmicutes.c_Clostridia.o_Eubacteriales.f_Clostridiaceae.g_Clostridium.s_Clostridium.jeddahense	0.2280710659127468	-0.22807106591274653
k_Bacteria.p_Firmicutes.c_Clostridia.o_Eubacteriales.f_Clostridiaceae.g_Clostridium.s_Clostridium.neonatale	-0.06348128401014307	0.06348128401014305
k_Bacteria.p_Firmicutes.c_Clostridia.o_Eubacteriales.f_Clostridiaceae.g_Clostridium.s_Clostridium.paraputrificum	-0.49552022997351536	0.4955202299735153
k_Bacteria.p_Firmicutes.c_Clostridia.o_Eubacteriales.f_Clostridiaceae.g_Clostridium.s_Clostridium.phoceensis	-1.2084133741879146	1.2084133741879144
k_Bacteria.p_Firmicutes.c_Clostridia.o_Eubacteriales.f_Clostridiaceae.g_Clostridium.s_Clostridium.saudiense	-0.9784657989483906	0.9784657989483905
k_Bacteria.p_Firmicutes.c_Clostridia.o_Eubacteriales.f_Clostridiaceae.g_Clostridium.s_Clostridium.ventriculi	-1.182143416893486	1.1821434168934857
k_Bacteria.p_Firmicutes.c_Clostridia.o_Eubacteriales.f_Clostridiaceae.g_Clostridium.s_Unclassified.Clostridium	-1.7381052746485273	1.738105274648527
k_Bacteria.p_Firmicutes.c_Clostridia.o_Eubacteriales.f_Clostridiaceae.g_Hungatella.s_Hungatella.effluvii	-0.018900848859645745	0.01890084885964574
k_Bacteria.p_Firmicutes.c_Clostridia.o_Eubacteriales.f_Clostridiaceae.g_Hungatella.s_Hungatella.hathewayi	-1.3027740908416832	1.302774090841683
k_Bacteria.p_Firmicutes.c_Clostridia.o_Eubacteriales.f_Clostridiaceae.g_Hungatella.s_Hungatella.sp.	0.49064093229027983	-0.4906409322902795
k_Bacteria.p_Firmicutes.c_Clostridia.o_Eubacteriales.f_Clostridiaceae.g_Hungatella.s_Unclassified.Hungatella	-0.3299936523976434	0.32999365239764333
k_Bacteria.p_Firmicutes.c_Clostridia.o_Eubacteriales.f_Clostridiaceae.g_Lactonifactor.s_Unclassified.Lactonifactor	-1.6717227459579387	1.6717227459579385
k_Bacteria.p_Firmicutes.c_Clostridia.o_Eubacteriales.f_Clostridiaceae.g_Sarcina.s_Unclassified.Sarcina	-0.5460976273307131	0.5460976273307131
k_Bacteria.p_Firmicutes.c_Clostridia.o_Eubacteriales.f_Clostridiaceae.g_Unclassified.Clostridiaceae.s_Unclassified.Clostridiaceae	-0.10277882216193288	0.10277882216193286
k_Bacteria.p_Firmicutes.c_Clostridia.o_Eubacteriales.f_Clostridiales.Family.XIII..Incertae.Sedis.g_Clostridiales.Family..no.genus.in.NCBI..s_Clostridiales.Family	-0.3235932225053099	0.32359322250530986
k_Bacteria.p_Firmicutes.c_Clostridia.o_Eubacteriales.f_Clostridiales.Family.XIII..Incertae.Sedis.g_Mogibacterium.s_Mogibacterium.sp.	-0.8488418843833507	0.8488418843833506
k_Bacteria.p_Firmicutes.c_Clostridia.o_Eubacteriales.f_Clostridiales.Family.XIII..Incertae.Sedis.g_Mogibacterium.s_Unclassified.Mogibacterium	-1.0456912191240804	1.0456912191240804
k_Bacteria.p_Firmicutes.c_Clostridia.o_Eubacteriales.f_Clostridiales.Family.XIII..Incertae.Sedis.g_Unclassified.Clostridiales.Family.XIII..Incertae.Sedis.s_Unclassified.Clostridiales.Family.XIII..Incertae.Sedis	-1.8569548882046372	1.856954888204637
k_Bacteria.p_Firmicutes.c_Clostridia.o_Eubacteriales.f_Clostridiales.bacterium..no.family.in.NCBI..g_Clostridiales.bacterium..no.genus.in.NCBI..s_Clostridiales.bacterium	0.6015315545676067	-0.6015315545676067
k_Bacteria.p_Firmicutes.c_Clostridia.o_Eubacteriales.f_Eubacteriaceae.g_Eubacterium.s_Eubacterium.callanderi	-1.1577077475317061	1.157707747531706
k_Bacteria.p_Firmicutes.c_Clostridia.o_Eubacteriales.f_Eubacteriaceae.g_Eubacterium.s_Eubacterium.limosum	0.010119030577912245	-0.010119030577912243
k_Bacteria.p_Firmicutes.c_Clostridia.o_Eubacteriales.f_Eubacteriaceae.g_Eubacterium.s_Eubacterium.maltosivorans	-1.167460065843325	1.167460065843325
k_Bacteria.p_Firmicutes.c_Clostridia.o_Eubacteriales.f_Eubacteriaceae.g_Eubacterium.s_Eubacterium.ramulus	-1.4047382759401992	1.404738275940199
k_Bacteria.p_Firmicutes.c_Clostridia.o_Eubacteriales.f_Eubacteriaceae.g_Eubacterium.s_Eubacterium.sp.	-0.6153295665019699	0.6153295665019698
k_Bacteria.p_Firmicutes.c_Clostridia.o_Eubacteriales.f_Eubacteriaceae.g_Eubacterium.s_Unclassified.Eubacterium	-0.3959285053470333	0.3959285053470332
k_Bacteria.p_Firmicutes.c_Clostridia.o_Eubacteriales.f_Evtepia..no.family.in.NCBI..g_Evtepia.s_Evtepia.gabavorous	-1.3552994031581282	1.355299403158128
k_Bacteria.p_Firmicutes.c_Clostridia.o_Eubacteriales.f_Evtepia..no.family.in.NCBI..g_Evtepia.s_Unclassified.Evtepia	-0.8522175205779505	0.8522175205779504
k_Bacteria.p_Firmicutes.c_Clostridia.o_Eubacteriales.f_Flintibacter..no.family.in.NCBI..g_Flintibacter.s_Unclassified.Flintibacter	-1.4266275261805998	1.4266275261805996
k_Bacteria.p_Firmicutes.c_Clostridia.o_Eubacteriales.f_Gemmiger..no.family.in.NCBI..g_Gemmiger.s_Gemmiger.formicilis	-1.6775508448339354	1.6775508448339351
k_Bacteria.p_Firmicutes.c_Clostridia.o_Eubacteriales.f_Gemmiger..no.family.in.NCBI..g_Gemmiger.s_Unclassified.Gemmiger	-0.2871113952086151	0.28711139520861506
k_Bacteria.p_Firmicutes.c_Clostridia.o_Eubacteriales.f_Intestinimonas..no.family.in.NCBI..g_Intestinimonas.s_Intestinimonas.butyriciproducens	-0.8083633323719894	0.8083633323719893
k_Bacteria.p_Firmicutes.c_Clostridia.o_Eubacteriales.f_Intestinimonas..no.family.in.NCBI..g_Intestinimonas.s_Intestinimonas.timonensis	-0.9487239251610556	0.9487239251610555
k_Bacteria.p_Firmicutes.c_Clostridia.o_Eubacteriales.f_Intestinimonas..no.family.in.NCBI..g_Intestinimonas.s_Unclassified.Intestinimonas	0.39635024643013833	-0.3963502464301383
k_Bacteria.p_Firmicutes.c_Clostridia.o_Eubacteriales.f_Lachnospiraceae.g_.Eubacterium..rectale..no.genus.in.NCBI..s_.Eubacterium..rectale	-0.39623921302055115	0.3962392130205511
k_Bacteria.p_Firmicutes.c_Clostridia.o_Eubacteriales.f_Lachnospiraceae.g_Anaerobutyricum.s_Anaerobutyricum.hallii	-1.7120670512341611	1.712067051234161
k_Bacteria.p_Firmicutes.c_Clostridia.o_Eubacteriales.f_Lachnospiraceae.g_Anaerobutyricum.s_Anaerobutyricum.soehngenii	-1.2560563053597968	1.2560563053597966
k_Bacteria.p_Firmicutes.c_Clostridia.o_Eubacteriales.f_Lachnospiraceae.g_Anaerobutyricum.s_Unclassified.Anaerobutyricum	0.8976478428717917	-0.8976478428717916
k_Bacteria.p_Firmicutes.c_Clostridia.o_Eubacteriales.f_Lachnospiraceae.g_Anaerostipes.s_Anaerostipes.caccae	-0.596954304000264	0.5969543040002638
k_Bacteria.p_Firmicutes.c_Clostridia.o_Eubacteriales.f_Lachnospiraceae.g_Anaerostipes.s_Anaerostipes.hadrus	-1.8844812473296626	1.8844812473296624
k_Bacteria.p_Firmicutes.c_Clostridia.o_Eubacteriales.f_Lachnospiraceae.g_Anaerostipes.s_Anaerostipes.sp.	1.1526560810356543	-1.152656081035654
k_Bacteria.p_Firmicutes.c_Clostridia.o_Eubacteriales.f_Lachnospiraceae.g_Anaerostipes.s_Unclassified.Anaerostipes	-0.5752714764832922	0.5752714764832922
k_Bacteria.p_Firmicutes.c_Clostridia.o_Eubacteriales.f_Lachnospiraceae.g_Anaerotignum.s_Anaerotignum.lactatifermentans	-0.4841880351754438	0.48418803517544373
k_Bacteria.p_Firmicutes.c_Clostridia.o_Eubacteriales.f_Lachnospiraceae.g_Blautia.s_Blautia.argi	-0.6957811754456276	0.6957811754456275
k_Bacteria.p_Firmicutes.c_Clostridia.o_Eubacteriales.f_Lachnospiraceae.g_Blautia.s_Blautia.caecimuris	-1.4356015013791212	1.4356015013791212
k_Bacteria.p_Firmicutes.c_Clostridia.o_Eubacteriales.f_Lachnospiraceae.g_Blautia.s_Blautia.coccoides	0.7796320466607535	-0.7796320466607534
k_Bacteria.p_Firmicutes.c_Clostridia.o_Eubacteriales.f_Lachnospiraceae.g_Blautia.s_Blautia.faecis	0.16112261745178968	-0.16112261745178968
k_Bacteria.p_Firmicutes.c_Clostridia.o_Eubacteriales.f_Lachnospiraceae.g_Blautia.s_Blautia.glucerasea	-1.5109251196500941	1.510925119650094
k_Bacteria.p_Firmicutes.c_Clostridia.o_Eubacteriales.f_Lachnospiraceae.g_Blautia.s_Blautia.hansenii	-1.9679116598082267	1.9679116598082265
k_Bacteria.p_Firmicutes.c_Clostridia.o_Eubacteriales.f_Lachnospiraceae.g_Blautia.s_Blautia.luti	-1.3268984243764255	1.3268984243764252
k_Bacteria.p_Firmicutes.c_Clostridia.o_Eubacteriales.f_Lachnospiraceae.g_Blautia.s_Blautia.marasmi	0.8922095891559615	-0.8922095891559616
k_Bacteria.p_Firmicutes.c_Clostridia.o_Eubacteriales.f_Lachnospiraceae.g_Blautia.s_Blautia.massiliensis	-1.7907108234894529	1.7907108234894527
k_Bacteria.p_Firmicutes.c_Clostridia.o_Eubacteriales.f_Lachnospiraceae.g_Blautia.s_Blautia.obeum	-1.1623161771912918	1.1623161771912915
k_Bacteria.p_Firmicutes.c_Clostridia.o_Eubacteriales.f_Lachnospiraceae.g_Blautia.s_Blautia.producta	-1.1448086426617454	1.1448086426617454
k_Bacteria.p_Firmicutes.c_Clostridia.o_Eubacteriales.f_Lachnospiraceae.g_Blautia.s_Blautia.sp.	-0.9344243058232928	0.9344243058232927
k_Bacteria.p_Firmicutes.c_Clostridia.o_Eubacteriales.f_Lachnospiraceae.g_Blautia.s_Blautia.wexlerae	-1.06206468905227	1.0620646890522698
k_Bacteria.p_Firmicutes.c_Clostridia.o_Eubacteriales.f_Lachnospiraceae.g_Blautia.s_Unclassified.Blautia	-0.7154934048683068	0.7154934048683067
k_Bacteria.p_Firmicutes.c_Clostridia.o_Eubacteriales.f_Lachnospiraceae.g_Butyrivibrio.s_Butyrivibrio.sp.	0.2231196377751585	-0.22311963777515847
k_Bacteria.p_Firmicutes.c_Clostridia.o_Eubacteriales.f_Lachnospiraceae.g_Butyrivibrio.s_Unclassified.Butyrivibrio	-1.7836526670446329	1.7836526670446327
k_Bacteria.p_Firmicutes.c_Clostridia.o_Eubacteriales.f_Lachnospiraceae.g_Coprococcus.s_Coprococcus.comes	-0.9335635050872129	0.9335635050872128
k_Bacteria.p_Firmicutes.c_Clostridia.o_Eubacteriales.f_Lachnospiraceae.g_Coprococcus.s_Coprococcus.phoceensis	-0.2633655383311647	0.26336553833116466
k_Bacteria.p_Firmicutes.c_Clostridia.o_Eubacteriales.f_Lachnospiraceae.g_Coprococcus.s_Coprococcus.sp.	-0.8507739586649011	0.850773958664901
k_Bacteria.p_Firmicutes.c_Clostridia.o_Eubacteriales.f_Lachnospiraceae.g_Coprococcus.s_Unclassified.Coprococcus	0.5659537954451731	-0.565953795445173
k_Bacteria.p_Firmicutes.c_Clostridia.o_Eubacteriales.f_Lachnospiraceae.g_Dorea.s_Dorea.formicigenerans	0.550858326302411	-0.550858326302411
k_Bacteria.p_Firmicutes.c_Clostridia.o_Eubacteriales.f_Lachnospiraceae.g_Dorea.s_Dorea.longicatena	0.05453517559212	-0.05453517559212
k_Bacteria.p_Firmicutes.c_Clostridia.o_Eubacteriales.f_Lachnospiraceae.g_Dorea.s_Dorea.phocaeensis	-0.5556248999560102	0.55562489995601
k_Bacteria.p_Firmicutes.c_Clostridia.o_Eubacteriales.f_Lachnospiraceae.g_Dorea.s_Dorea.sp.	-1.539162498364549	1.5391624983645489
k_Bacteria.p_Firmicutes.c_Clostridia.o_Eubacteriales.f_Lachnospiraceae.g_Dorea.s_Unclassified.Dorea	-1.1418416196963626	1.1418416196963623
k_Bacteria.p_Firmicutes.c_Clostridia.o_Eubacteriales.f_Lachnospiraceae.g_Eisenbergiella.s_Eisenbergiella.massiliensis	0.5530757017903806	-0.5530757017903808
k_Bacteria.p_Firmicutes.c_Clostridia.o_Eubacteriales.f_Lachnospiraceae.g_Eisenbergiella.s_Eisenbergiella.sp.	0.06387221063531404	-0.06387221063531379
k_Bacteria.p_Firmicutes.c_Clostridia.o_Eubacteriales.f_Lachnospiraceae.g_Eisenbergiella.s_Eisenbergiella.tayi	0.5085770849241134	-0.5085770849241136
k_Bacteria.p_Firmicutes.c_Clostridia.o_Eubacteriales.f_Lachnospiraceae.g_Eisenbergiella.s_Unclassified.Eisenbergiella	-0.4148090080161731	0.41480900801617304
k_Bacteria.p_Firmicutes.c_Clostridia.o_Eubacteriales.f_Lachnospiraceae.g_Enterocloster.s_Enterocloster.aldenensis	-0.45405300553142314	0.4540530055314231
k_Bacteria.p_Firmicutes.c_Clostridia.o_Eubacteriales.f_Lachnospiraceae.g_Enterocloster.s_Enterocloster.asparagiformis	0.0654355450629058	-0.06543554506290604
k_Bacteria.p_Firmicutes.c_Clostridia.o_Eubacteriales.f_Lachnospiraceae.g_Enterocloster.s_Enterocloster.bolteae	-0.47855245634550425	0.4785524563455042
k_Bacteria.p_Firmicutes.c_Clostridia.o_Eubacteriales.f_Lachnospiraceae.g_Enterocloster.s_Enterocloster.citroniae	-0.7994346913253177	0.7994346913253176
k_Bacteria.p_Firmicutes.c_Clostridia.o_Eubacteriales.f_Lachnospiraceae.g_Enterocloster.s_Enterocloster.clostridioformis	-1.169694471016459	1.1696944710164587
k_Bacteria.p_Firmicutes.c_Clostridia.o_Eubacteriales.f_Lachnospiraceae.g_Enterocloster.s_Enterocloster.lavalensis	0.7020752647002307	-0.7020752647002308
k_Bacteria.p_Firmicutes.c_Clostridia.o_Eubacteriales.f_Lachnospiraceae.g_Enterocloster.s_Unclassified.Enterocloster	-1.011979021867945	1.011979021867945
k_Bacteria.p_Firmicutes.c_Clostridia.o_Eubacteriales.f_Lachnospiraceae.g_Faecalicatena.s_Faecalicatena.fissicatena	-0.9882063240928127	0.9882063240928126
k_Bacteria.p_Firmicutes.c_Clostridia.o_Eubacteriales.f_Lachnospiraceae.g_Faecalicatena.s_Unclassified.Faecalicatena	-0.6913244521883485	0.6913244521883484
k_Bacteria.p_Firmicutes.c_Clostridia.o_Eubacteriales.f_Lachnospiraceae.g_Faecalimonas.s_Faecalimonas.umbilicata	1.2534666967900354	-1.2534666967900352
k_Bacteria.p_Firmicutes.c_Clostridia.o_Eubacteriales.f_Lachnospiraceae.g_Faecalimonas.s_Unclassified.Faecalimonas	0.6188832839791487	-0.6188832839791487
k_Bacteria.p_Firmicutes.c_Clostridia.o_Eubacteriales.f_Lachnospiraceae.g_Fusicatenibacter.s_Fusicatenibacter.saccharivorans	-1.7250560700509394	1.7250560700509392
k_Bacteria.p_Firmicutes.c_Clostridia.o_Eubacteriales.f_Lachnospiraceae.g_Fusicatenibacter.s_Fusicatenibacter.sp.	-0.8095514827896243	0.8095514827896242
k_Bacteria.p_Firmicutes.c_Clostridia.o_Eubacteriales.f_Lachnospiraceae.g_Fusicatenibacter.s_Unclassified.Fusicatenibacter	-1.195850536346522	1.1958505363465217
k_Bacteria.p_Firmicutes.c_Clostridia.o_Eubacteriales.f_Lachnospiraceae.g_Lachnoclostridium.s_Lachnoclostridium.edouardi	-1.6224623124784388	1.6224623124784385
k_Bacteria.p_Firmicutes.c_Clostridia.o_Eubacteriales.f_Lachnospiraceae.g_Lachnoclostridium.s_Lachnoclostridium.sp.	-1.4697866257481125	1.4697866257481123
k_Bacteria.p_Firmicutes.c_Clostridia.o_Eubacteriales.f_Lachnospiraceae.g_Lachnoclostridium.s_Unclassified.Lachnoclostridium	-0.8405418389925597	0.8405418389925596
k_Bacteria.p_Firmicutes.c_Clostridia.o_Eubacteriales.f_Lachnospiraceae.g_Lachnospira.s_Lachnospira.eligens	-0.6574924067348701	0.65749240673487
k_Bacteria.p_Firmicutes.c_Clostridia.o_Eubacteriales.f_Lachnospiraceae.g_Lachnospira.s_Lachnospira.sp.	-0.53027983054344	0.5302798305434399
k_Bacteria.p_Firmicutes.c_Clostridia.o_Eubacteriales.f_Lachnospiraceae.g_Lachnospira.s_Unclassified.Lachnospira	-0.4033359563944691	0.40333595639446906
k_Bacteria.p_Firmicutes.c_Clostridia.o_Eubacteriales.f_Lachnospiraceae.g_Lachnospiraceae.bacterium..no.genus.in.NCBI..s_Lachnospiraceae.bacterium	1.2522350625060163	-1.2522350625060163
k_Bacteria.p_Firmicutes.c_Clostridia.o_Eubacteriales.f_Lachnospiraceae.g_Lachnotalea.s_Lachnotalea.sp.	-1.102368901220118	1.102368901220118
k_Bacteria.p_Firmicutes.c_Clostridia.o_Eubacteriales.f_Lachnospiraceae.g_Lacrimispora.s_Lacrimispora.celerecrescens	-1.114873438574871	1.1148734385748709
k_Bacteria.p_Firmicutes.c_Clostridia.o_Eubacteriales.f_Lachnospiraceae.g_Lacrimispora.s_Lacrimispora.saccharolytica	-0.4629002034870423	0.46290020348704225
k_Bacteria.p_Firmicutes.c_Clostridia.o_Eubacteriales.f_Lachnospiraceae.g_Mediterraneibacter.s_Mediterraneibacter.faecis	-1.552916328730762	1.5529163287307617
k_Bacteria.p_Firmicutes.c_Clostridia.o_Eubacteriales.f_Lachnospiraceae.g_Mediterraneibacter.s_Mediterraneibacter.glycyrrhizinilyticus	-0.38153125535904425	0.3815312553590442
k_Bacteria.p_Firmicutes.c_Clostridia.o_Eubacteriales.f_Lachnospiraceae.g_Mediterraneibacter.s_Unclassified.Mediterraneibacter	-1.2549515515513983	1.254951551551398
k_Bacteria.p_Firmicutes.c_Clostridia.o_Eubacteriales.f_Lachnospiraceae.g_Merdimonas.s_Merdimonas.faecis	-0.0027184717051967292	0.002718471705196729
k_Bacteria.p_Firmicutes.c_Clostridia.o_Eubacteriales.f_Lachnospiraceae.g_Roseburia.s_Roseburia.faecis	-0.7294495611630097	0.7294495611630096
k_Bacteria.p_Firmicutes.c_Clostridia.o_Eubacteriales.f_Lachnospiraceae.g_Roseburia.s_Roseburia.hominis	-1.0360918092689029	1.0360918092689029
k_Bacteria.p_Firmicutes.c_Clostridia.o_Eubacteriales.f_Lachnospiraceae.g_Roseburia.s_Roseburia.intestinalis	-0.45805545546542437	0.4580554554654243
k_Bacteria.p_Firmicutes.c_Clostridia.o_Eubacteriales.f_Lachnospiraceae.g_Roseburia.s_Roseburia.inulinivorans	-1.8195571911332262	1.819557191133226
k_Bacteria.p_Firmicutes.c_Clostridia.o_Eubacteriales.f_Lachnospiraceae.g_Roseburia.s_Roseburia.sp.	-1.6578846830010705	1.6578846830010703
k_Bacteria.p_Firmicutes.c_Clostridia.o_Eubacteriales.f_Lachnospiraceae.g_Roseburia.s_Unclassified.Roseburia	-1.8612329179172595	1.8612329179172593
k_Bacteria.p_Firmicutes.c_Clostridia.o_Eubacteriales.f_Lachnospiraceae.g_Sellimonas.s_Sellimonas.intestinalis	-0.8539963010012757	0.8539963010012755
k_Bacteria.p_Firmicutes.c_Clostridia.o_Eubacteriales.f_Lachnospiraceae.g_Tyzzerella.s_Tyzzerella.nexilis	0.5111686558701515	-0.5111686558701511
k_Bacteria.p_Firmicutes.c_Clostridia.o_Eubacteriales.f_Lachnospiraceae.g_Tyzzerella.s_Unclassified.Tyzzerella	-0.6681745551808009	0.6681745551808008
k_Bacteria.p_Firmicutes.c_Clostridia.o_Eubacteriales.f_Lachnospiraceae.g_Unclassified.Lachnospiraceae.s_Unclassified.Lachnospiraceae	-1.3261514825508878	1.3261514825508876
k_Bacteria.p_Firmicutes.c_Clostridia.o_Eubacteriales.f_Lawsonibacter..no.family.in.NCBI..g_Lawsonibacter.s_Lawsonibacter.asaccharolyticus	-1.0131161513036973	1.0131161513036973
k_Bacteria.p_Firmicutes.c_Clostridia.o_Eubacteriales.f_Lawsonibacter..no.family.in.NCBI..g_Lawsonibacter.s_Unclassified.Lawsonibacter	-1.6842323472485172	1.684232347248517
k_Bacteria.p_Firmicutes.c_Clostridia.o_Eubacteriales.f_Neglecta..no.family.in.NCBI..g_Neglecta.s_Neglecta.timonensis	-1.7093416340485739	1.7093416340485739
k_Bacteria.p_Firmicutes.c_Clostridia.o_Eubacteriales.f_Neglecta..no.family.in.NCBI..g_Neglecta.s_Unclassified.Neglecta	1.0872622933454772	-1.087262293345477
k_Bacteria.p_Firmicutes.c_Clostridia.o_Eubacteriales.f_Oscillospiraceae.g_Acutalibacter.s_Unclassified.Acutalibacter	-1.0149140689187344	1.0149140689187344
k_Bacteria.p_Firmicutes.c_Clostridia.o_Eubacteriales.f_Oscillospiraceae.g_Agathobaculum.s_Agathobaculum.desmolans	-1.1314026654849807	1.1314026654849805
k_Bacteria.p_Firmicutes.c_Clostridia.o_Eubacteriales.f_Oscillospiraceae.g_Agathobaculum.s_Agathobaculum.sp.	0.2581839702992684	-0.2581839702992686
k_Bacteria.p_Firmicutes.c_Clostridia.o_Eubacteriales.f_Oscillospiraceae.g_Agathobaculum.s_Unclassified.Agathobaculum	-1.6052728504072593	1.605272850407259
k_Bacteria.p_Firmicutes.c_Clostridia.o_Eubacteriales.f_Oscillospiraceae.g_Anaeromassilibacillus.s_Anaeromassilibacillus.sp.	-0.4387532961116345	0.43875329611163444
k_Bacteria.p_Firmicutes.c_Clostridia.o_Eubacteriales.f_Oscillospiraceae.g_Anaeromassilibacillus.s_Unclassified.Anaeromassilibacillus	-0.9292356906034009	0.9292356906034008
k_Bacteria.p_Firmicutes.c_Clostridia.o_Eubacteriales.f_Oscillospiraceae.g_Anaerotruncus.s_Anaerotruncus.colihominis	0.567720718465889	-0.567720718465889
k_Bacteria.p_Firmicutes.c_Clostridia.o_Eubacteriales.f_Oscillospiraceae.g_Anaerotruncus.s_Anaerotruncus.sp.	-1.2283452702354474	1.2283452702354474
k_Bacteria.p_Firmicutes.c_Clostridia.o_Eubacteriales.f_Oscillospiraceae.g_Anaerotruncus.s_Unclassified.Anaerotruncus	0.06730144798061195	-0.06730144798061219
k_Bacteria.p_Firmicutes.c_Clostridia.o_Eubacteriales.f_Oscillospiraceae.g_Drancourtella.s_Drancourtella.sp.	0.2764061139445185	-0.2764061139445185
k_Bacteria.p_Firmicutes.c_Clostridia.o_Eubacteriales.f_Oscillospiraceae.g_Dysosmobacter.s_Dysosmobacter.sp.	-1.8952407370147433	1.895240737014743
k_Bacteria.p_Firmicutes.c_Clostridia.o_Eubacteriales.f_Oscillospiraceae.g_Dysosmobacter.s_Unclassified.Dysosmobacter	-0.43465940543336123	0.4346594054333612
k_Bacteria.p_Firmicutes.c_Clostridia.o_Eubacteriales.f_Oscillospiraceae.g_Faecalibacterium.s_Faecalibacterium.prausnitzii	0.07694357469842757	-0.0769435746984278
k_Bacteria.p_Firmicutes.c_Clostridia.o_Eubacteriales.f_Oscillospiraceae.g_Faecalibacterium.s_Faecalibacterium.sp.	-1.481857797084145	1.481857797084145
k_Bacteria.p_Firmicutes.c_Clostridia.o_Eubacteriales.f_Oscillospiraceae.g_Faecalibacterium.s_Unclassified.Faecalibacterium	-0.9575952063606519	0.9575952063606518
k_Bacteria.p_Firmicutes.c_Clostridia.o_Eubacteriales.f_Oscillospiraceae.g_Flavonifractor.s_Flavonifractor.plautii	0.8583018924070138	-0.8583018924070137
k_Bacteria.p_Firmicutes.c_Clostridia.o_Eubacteriales.f_Oscillospiraceae.g_Flavonifractor.s_Flavonifractor.sp.	0.3861914426965383	-0.386191442696538
k_Bacteria.p_Firmicutes.c_Clostridia.o_Eubacteriales.f_Oscillospiraceae.g_Flavonifractor.s_Unclassified.Flavonifractor	0.5485305725869057	-0.5485305725869056
k_Bacteria.p_Firmicutes.c_Clostridia.o_Eubacteriales.f_Oscillospiraceae.g_Hydrogeniiclostidium.s_Hydrogeniiclostidium.mannosilyticum	-1.3009659052727536	1.3009659052727534
k_Bacteria.p_Firmicutes.c_Clostridia.o_Eubacteriales.f_Oscillospiraceae.g_Hydrogeniiclostidium.s_Unclassified.Hydrogeniiclostidium	-1.7098450437595092	1.709845043759509
k_Bacteria.p_Firmicutes.c_Clostridia.o_Eubacteriales.f_Oscillospiraceae.g_Massilimaliae.s_Massilimaliae.timonensis	-1.7388096486874647	1.7388096486874645
k_Bacteria.p_Firmicutes.c_Clostridia.o_Eubacteriales.f_Oscillospiraceae.g_Massilimaliae.s_Unclassified.Massilimaliae	-0.6976652263320782	0.6976652263320781
k_Bacteria.p_Firmicutes.c_Clostridia.o_Eubacteriales.f_Oscillospiraceae.g_Monoglobus.s_Monoglobus.pectinilyticus	-1.3711340035849926	1.3711340035849924
k_Bacteria.p_Firmicutes.c_Clostridia.o_Eubacteriales.f_Oscillospiraceae.g_Monoglobus.s_Unclassified.Monoglobus	-0.12283666513298434	0.12283666513298433
k_Bacteria.p_Firmicutes.c_Clostridia.o_Eubacteriales.f_Oscillospiraceae.g_Neobittarella.s_Neobittarella.massiliensis	-1.9207955763373412	1.920795576337341
k_Bacteria.p_Firmicutes.c_Clostridia.o_Eubacteriales.f_Oscillospiraceae.g_Oscillibacter.s_Oscillibacter.sp.	0.5622557926517874	-0.5622557926517874
k_Bacteria.p_Firmicutes.c_Clostridia.o_Eubacteriales.f_Oscillospiraceae.g_Oscillibacter.s_Unclassified.Oscillibacter	0.31366160830803275	-0.31366160830803297
k_Bacteria.p_Firmicutes.c_Clostridia.o_Eubacteriales.f_Oscillospiraceae.g_Oscillospiraceae.bacterium..no.genus.in.NCBI..s_Oscillospiraceae.bacterium	-0.4699483704669383	0.46994837046693827
k_Bacteria.p_Firmicutes.c_Clostridia.o_Eubacteriales.f_Oscillospiraceae.g_Phocea.s_Unclassified.Phocea	-1.9212630076390145	1.9212630076390143
k_Bacteria.p_Firmicutes.c_Clostridia.o_Eubacteriales.f_Oscillospiraceae.g_Pseudoflavonifractor.s_Pseudoflavonifractor.sp.	-1.4937913219876817	1.4937913219876815
k_Bacteria.p_Firmicutes.c_Clostridia.o_Eubacteriales.f_Oscillospiraceae.g_Pseudoflavonifractor.s_Unclassified.Pseudoflavonifractor	0.15916717118561688	-0.15916717118561663
k_Bacteria.p_Firmicutes.c_Clostridia.o_Eubacteriales.f_Oscillospiraceae.g_Ruminiclostridium.s_Unclassified.Ruminiclostridium	-0.4472913589912114	0.44729135899121136
k_Bacteria.p_Firmicutes.c_Clostridia.o_Eubacteriales.f_Oscillospiraceae.g_Ruminococcus.s_Ruminococcus.bicirculans	0.09859977727535946	-0.09859977727535944
k_Bacteria.p_Firmicutes.c_Clostridia.o_Eubacteriales.f_Oscillospiraceae.g_Ruminococcus.s_Ruminococcus.bromii	-1.2552898350708896	1.2552898350708894
k_Bacteria.p_Firmicutes.c_Clostridia.o_Eubacteriales.f_Oscillospiraceae.g_Ruminococcus.s_Ruminococcus.sp.	0.16406462010137216	-0.16406462010137213
k_Bacteria.p_Firmicutes.c_Clostridia.o_Eubacteriales.f_Oscillospiraceae.g_Ruminococcus.s_Unclassified.Ruminococcus	0.4028446317120508	-0.40284463171205104
k_Bacteria.p_Firmicutes.c_Clostridia.o_Eubacteriales.f_Oscillospiraceae.g_Ruthenibacterium.s_Ruthenibacterium.lactatiformans	1.0043413447312803	-1.0043413447312803
k_Bacteria.p_Firmicutes.c_Clostridia.o_Eubacteriales.f_Oscillospiraceae.g_Ruthenibacterium.s_Unclassified.Ruthenibacterium	-0.14407803387872445	0.14407803387872445
k_Bacteria.p_Firmicutes.c_Clostridia.o_Eubacteriales.f_Oscillospiraceae.g_Subdoligranulum.s_Subdoligranulum.sp.	-0.4687527220711077	0.46875272207110763
k_Bacteria.p_Firmicutes.c_Clostridia.o_Eubacteriales.f_Oscillospiraceae.g_Subdoligranulum.s_Subdoligranulum.variabile	-0.16329079513942182	0.16329079513942182
k_Bacteria.p_Firmicutes.c_Clostridia.o_Eubacteriales.f_Oscillospiraceae.g_Subdoligranulum.s_Unclassified.Subdoligranulum	-1.6577031156311703	1.6577031156311701
k_Bacteria.p_Firmicutes.c_Clostridia.o_Eubacteriales.f_Oscillospiraceae.g_Unclassified.Oscillospiraceae.s_Unclassified.Oscillospiraceae	-1.265690821806627	1.2656908218066267
k_Bacteria.p_Firmicutes.c_Clostridia.o_Eubacteriales.f_Peptococcaceae.g_Unclassified.Peptococcaceae.s_Unclassified.Peptococcaceae	-0.7140222013657689	0.7140222013657688
k_Bacteria.p_Firmicutes.c_Clostridia.o_Eubacteriales.f_Peptostreptococcaceae.g_Clostridioides.s_Clostridioides.difficile	1.1324657779308538	-1.1324657779308538
k_Bacteria.p_Firmicutes.c_Clostridia.o_Eubacteriales.f_Peptostreptococcaceae.g_Clostridioides.s_Unclassified.Clostridioides	-1.9679033751987558	1.9679033751987556
k_Bacteria.p_Firmicutes.c_Clostridia.o_Eubacteriales.f_Peptostreptococcaceae.g_Criibacterium.s_Unclassified.Criibacterium	0.10383298016680048	-0.10383298016680023
k_Bacteria.p_Firmicutes.c_Clostridia.o_Eubacteriales.f_Peptostreptococcaceae.g_Intestinibacter.s_Intestinibacter.bartlettii	-1.3768428737283138	1.3768428737283136
k_Bacteria.p_Firmicutes.c_Clostridia.o_Eubacteriales.f_Peptostreptococcaceae.g_Intestinibacter.s_Unclassified.Intestinibacter	-0.7972645473559845	0.7972645473559844
k_Bacteria.p_Firmicutes.c_Clostridia.o_Eubacteriales.f_Peptostreptococcaceae.g_Peptacetobacter.s_Unclassified.Peptacetobacter	-0.8841077273240296	0.8841077273240295
k_Bacteria.p_Firmicutes.c_Clostridia.o_Eubacteriales.f_Peptostreptococcaceae.g_Romboutsia.s_Romboutsia.timonensis	-1.6831537509282477	1.6831537509282475
k_Bacteria.p_Firmicutes.c_Clostridia.o_Eubacteriales.f_Peptostreptococcaceae.g_Romboutsia.s_Unclassified.Romboutsia	-0.16420295619019842	0.16420295619019842
k_Bacteria.p_Firmicutes.c_Clostridia.o_Eubacteriales.f_Peptostreptococcaceae.g_Terrisporobacter.s_Terrisporobacter.glycolicus	-0.21064002226750397	0.21064002226750395
k_Bacteria.p_Firmicutes.c_Clostridia.o_Eubacteriales.f_Peptostreptococcaceae.g_Terrisporobacter.s_Unclassified.Terrisporobacter	-0.4322649478105903	0.43226494781059027
k_Bacteria.p_Firmicutes.c_Clostridia.o_Eubacteriales.f_Peptostreptococcaceae.g_Unclassified.Peptostreptococcaceae.s_Unclassified.Peptostreptococcaceae	-0.7458172729115083	0.7458172729115082
k_Bacteria.p_Firmicutes.c_Clostridia.o_Eubacteriales.f_Unclassified.Eubacteriales.g_Unclassified.Eubacteriales.s_Unclassified.Eubacteriales	0.67109212785386	-0.6710921278538599
k_Bacteria.p_Firmicutes.c_Clostridia.o_Unclassified.Clostridia.f_Unclassified.Clostridia.g_Unclassified.Clostridia.s_Unclassified.Clostridia	-0.007773222071909692	0.0077732220719096915
k_Bacteria.p_Firmicutes.c_Erysipelotrichia.o_Erysipelotrichales.f_Coprobacillaceae.g_Catenibacterium.s_Catenibacterium.mitsuokai	0.36833297789137304	-0.368332977891373
k_Bacteria.p_Firmicutes.c_Erysipelotrichia.o_Erysipelotrichales.f_Coprobacillaceae.g_Catenibacterium.s_Catenibacterium.sp.	-0.15120071351010045	0.15120071351010042
k_Bacteria.p_Firmicutes.c_Erysipelotrichia.o_Erysipelotrichales.f_Coprobacillaceae.g_Catenibacterium.s_Unclassified.Catenibacterium	-1.578186817687369	1.5781868176873688
k_Bacteria.p_Firmicutes.c_Erysipelotrichia.o_Erysipelotrichales.f_Coprobacillaceae.g_Coprobacillus.s_Coprobacillus.cateniformis	-1.413235355171766	1.4132353551717658
k_Bacteria.p_Firmicutes.c_Erysipelotrichia.o_Erysipelotrichales.f_Coprobacillaceae.g_Coprobacillus.s_Coprobacillus.sp.	-1.39370846190807	1.3937084619080697
k_Bacteria.p_Firmicutes.c_Erysipelotrichia.o_Erysipelotrichales.f_Coprobacillaceae.g_Coprobacillus.s_Unclassified.Coprobacillus	0.04064298482545222	-0.040642984825452214
k_Bacteria.p_Firmicutes.c_Erysipelotrichia.o_Erysipelotrichales.f_Coprobacillaceae.g_Unclassified.Coprobacillaceae.s_Unclassified.Coprobacillaceae	0.8756720398174241	-0.8756720398174241
k_Bacteria.p_Firmicutes.c_Erysipelotrichia.o_Erysipelotrichales.f_Erysipelotrichaceae.g_Dielma.s_Dielma.fastidiosa	-0.969304856895237	0.9693048568952369
k_Bacteria.p_Firmicutes.c_Erysipelotrichia.o_Erysipelotrichales.f_Erysipelotrichaceae.g_Erysipelatoclostridium.s_Erysipelatoclostridium.ramosum	-1.1259322436546384	1.1259322436546384
k_Bacteria.p_Firmicutes.c_Erysipelotrichia.o_Erysipelotrichales.f_Erysipelotrichaceae.g_Erysipelatoclostridium.s_Erysipelatoclostridium.sp.	-1.258463980107155	1.2584639801071549
k_Bacteria.p_Firmicutes.c_Erysipelotrichia.o_Erysipelotrichales.f_Erysipelotrichaceae.g_Erysipelatoclostridium.s_Unclassified.Erysipelatoclostridium	0.06911814628300818	-0.06911814628300793
k_Bacteria.p_Firmicutes.c_Erysipelotrichia.o_Erysipelotrichales.f_Erysipelotrichaceae.g_Erysipelotrichaceae.bacterium..no.genus.in.NCBI..s_Erysipelotrichaceae.bacterium	-0.5057661691577029	0.5057661691577028
k_Bacteria.p_Firmicutes.c_Erysipelotrichia.o_Erysipelotrichales.f_Erysipelotrichaceae.g_Faecalitalea.s_Faecalitalea.cylindroides	-0.2936350796525996	0.29363507965259955
k_Bacteria.p_Firmicutes.c_Erysipelotrichia.o_Erysipelotrichales.f_Erysipelotrichaceae.g_Holdemanella.s_Holdemanella.biformis	-1.623791215574398	1.6237912155743979
k_Bacteria.p_Firmicutes.c_Erysipelotrichia.o_Erysipelotrichales.f_Erysipelotrichaceae.g_Holdemanella.s_Holdemanella.sp.	-0.04921360312713381	0.049213603127133805
k_Bacteria.p_Firmicutes.c_Erysipelotrichia.o_Erysipelotrichales.f_Erysipelotrichaceae.g_Holdemanella.s_Unclassified.Holdemanella	-0.5081152918632523	0.5081152918632522
k_Bacteria.p_Firmicutes.c_Erysipelotrichia.o_Erysipelotrichales.f_Erysipelotrichaceae.g_Holdemania.s_Holdemania.filiformis	-1.2159091426275208	1.2159091426275206
k_Bacteria.p_Firmicutes.c_Erysipelotrichia.o_Erysipelotrichales.f_Erysipelotrichaceae.g_Holdemania.s_Holdemania.massiliensis	-1.3164623420029424	1.3164623420029422
k_Bacteria.p_Firmicutes.c_Erysipelotrichia.o_Erysipelotrichales.f_Erysipelotrichaceae.g_Holdemania.s_Holdemania.sp.	-1.1617293488000262	1.1617293488000262
k_Bacteria.p_Firmicutes.c_Erysipelotrichia.o_Erysipelotrichales.f_Erysipelotrichaceae.g_Holdemania.s_Unclassified.Holdemania	-0.532396870108778	0.532396870108778
k_Bacteria.p_Firmicutes.c_Erysipelotrichia.o_Erysipelotrichales.f_Erysipelotrichaceae.g_Intestinibaculum.s_Intestinibaculum.porci	-0.08421073587947195	0.08421073587947195
k_Bacteria.p_Firmicutes.c_Erysipelotrichia.o_Erysipelotrichales.f_Erysipelotrichaceae.g_Longicatena.s_Longicatena.caecimuris	1.0758886927152316	-1.0758886927152318
k_Bacteria.p_Firmicutes.c_Erysipelotrichia.o_Erysipelotrichales.f_Erysipelotrichaceae.g_Massilimicrobiota.s_Massilimicrobiota.timonensis	0.8838424194795496	-0.8838424194795492
k_Bacteria.p_Firmicutes.c_Erysipelotrichia.o_Erysipelotrichales.f_Erysipelotrichaceae.g_Massilimicrobiota.s_Unclassified.Massilimicrobiota	-1.8370760980796452	1.837076098079645
k_Bacteria.p_Firmicutes.c_Erysipelotrichia.o_Erysipelotrichales.f_Erysipelotrichaceae.g_Solobacterium.s_Solobacterium.sp.	-0.1861236640877845	0.18612366408778447
k_Bacteria.p_Firmicutes.c_Erysipelotrichia.o_Erysipelotrichales.f_Erysipelotrichaceae.g_Unclassified.Erysipelotrichaceae.s_Unclassified.Erysipelotrichaceae	-1.4005026771797437	1.4005026771797435
k_Bacteria.p_Firmicutes.c_Erysipelotrichia.o_Erysipelotrichales.f_Unclassified.Erysipelotrichales.g_Unclassified.Erysipelotrichales.s_Unclassified.Erysipelotrichales	0.8570552606218018	-0.8570552606218015
k_Bacteria.p_Firmicutes.c_Firmicutes.bacterium..no.class.in.NCBI..o_Firmicutes.bacterium..no.order.in.NCBI..f_Firmicutes.bacterium..no.family.in.NCBI..g_Firmicutes.bacterium..no.genus.in.NCBI..s_Firmicutes.bacterium	1.8616072428497834	-1.8616072428497834
k_Bacteria.p_Firmicutes.c_Negativicutes.o_Acidaminococcales.f_Acidaminococcaceae.g_Acidaminococcus.s_Unclassified.Acidaminococcus	-0.7210882998006662	0.7210882998006661
k_Bacteria.p_Firmicutes.c_Negativicutes.o_Acidaminococcales.f_Acidaminococcaceae.g_Phascolarctobacterium.s_Phascolarctobacterium.faecium	-0.35310225716082755	0.3531022571608275
k_Bacteria.p_Firmicutes.c_Negativicutes.o_Acidaminococcales.f_Acidaminococcaceae.g_Phascolarctobacterium.s_Phascolarctobacterium.sp.	0.8489662924317894	-0.8489662924317891
k_Bacteria.p_Firmicutes.c_Negativicutes.o_Acidaminococcales.f_Acidaminococcaceae.g_Phascolarctobacterium.s_Phascolarctobacterium.succinatutens	0.9372148286275832	-0.9372148286275829
k_Bacteria.p_Firmicutes.c_Negativicutes.o_Acidaminococcales.f_Acidaminococcaceae.g_Phascolarctobacterium.s_Unclassified.Phascolarctobacterium	-0.7258967215827034	0.7258967215827032
k_Bacteria.p_Firmicutes.c_Negativicutes.o_Acidaminococcales.f_Acidaminococcaceae.g_Unclassified.Acidaminococcaceae.s_Unclassified.Acidaminococcaceae	0.26716769915500743	-0.2671676991550072
k_Bacteria.p_Firmicutes.c_Negativicutes.o_Selenomonadales.f_Selenomonadaceae.g_Megamonas.s_Megamonas.funiformis	-0.5849274436087052	0.5849274436087051
k_Bacteria.p_Firmicutes.c_Negativicutes.o_Selenomonadales.f_Selenomonadaceae.g_Megamonas.s_Unclassified.Megamonas	-0.6887290105086972	0.6887290105086971
k_Bacteria.p_Firmicutes.c_Negativicutes.o_Unclassified.Negativicutes.f_Unclassified.Negativicutes.g_Unclassified.Negativicutes.s_Unclassified.Negativicutes	0.34854954826376305	-0.348549548263763
k_Bacteria.p_Firmicutes.c_Negativicutes.o_Veillonellales.f_Veillonellaceae.g_Dialister.s_Dialister.sp.	-0.40985678113697355	0.4098567811369735
k_Bacteria.p_Firmicutes.c_Negativicutes.o_Veillonellales.f_Veillonellaceae.g_Dialister.s_Unclassified.Dialister	-1.2387109577922204	1.2387109577922202
k_Bacteria.p_Firmicutes.c_Negativicutes.o_Veillonellales.f_Veillonellaceae.g_Megasphaera.s_Megasphaera.elsdenii	-0.3645966356032716	0.3645966356032716
k_Bacteria.p_Firmicutes.c_Negativicutes.o_Veillonellales.f_Veillonellaceae.g_Megasphaera.s_Megasphaera.micronuciformis	0.3032647744308614	-0.3032647744308614
k_Bacteria.p_Firmicutes.c_Negativicutes.o_Veillonellales.f_Veillonellaceae.g_Megasphaera.s_Megasphaera.sp.	-0.9958587149846193	0.9958587149846192
k_Bacteria.p_Firmicutes.c_Negativicutes.o_Veillonellales.f_Veillonellaceae.g_Megasphaera.s_Unclassified.Megasphaera	0.43351318781236287	-0.43351318781236303
k_Bacteria.p_Firmicutes.c_Negativicutes.o_Veillonellales.f_Veillonellaceae.g_Unclassified.Veillonellaceae.s_Unclassified.Veillonellaceae	-0.6536525503115591	0.653652550311559
k_Bacteria.p_Firmicutes.c_Negativicutes.o_Veillonellales.f_Veillonellaceae.g_Veillonella.s_Unclassified.Veillonella	0.7573207515836679	-0.7573207515836677
k_Bacteria.p_Firmicutes.c_Negativicutes.o_Veillonellales.f_Veillonellaceae.g_Veillonella.s_Veillonella.atypica	-0.3510508903851409	0.3510508903851409
k_Bacteria.p_Firmicutes.c_Negativicutes.o_Veillonellales.f_Veillonellaceae.g_Veillonella.s_Veillonella.dispar	0.4085098624487451	-0.40850986244874476
k_Bacteria.p_Firmicutes.c_Negativicutes.o_Veillonellales.f_Veillonellaceae.g_Veillonella.s_Veillonella.parvula	0.9215350222484253	-0.921535022248425
k_Bacteria.p_Firmicutes.c_Negativicutes.o_Veillonellales.f_Veillonellaceae.g_Veillonella.s_Veillonella.ratti	-0.3193663405391762	0.3193663405391762
k_Bacteria.p_Firmicutes.c_Negativicutes.o_Veillonellales.f_Veillonellaceae.g_Veillonella.s_Veillonella.seminalis	0.9511985957013978	-0.9511985957013979
k_Bacteria.p_Firmicutes.c_Negativicutes.o_Veillonellales.f_Veillonellaceae.g_Veillonella.s_Veillonella.sp.	-0.8508024382868216	0.8508024382868214
k_Bacteria.p_Firmicutes.c_Negativicutes.o_Veillonellales.f_Veillonellaceae.g_Veillonella.s_Veillonella.tobetsuensis	-0.24366016360866857	0.24366016360866855
k_Bacteria.p_Firmicutes.c_Unclassified.Firmicutes.o_Unclassified.Firmicutes.f_Unclassified.Firmicutes.g_Unclassified.Firmicutes.s_Unclassified.Firmicutes	0.794242233581811	-0.7942422335818109
k_Bacteria.p_Proteobacteria.c_Alphaproteobacteria.o_Rhodospirillales.f_Azospirillaceae.g_Azospirillum.s_Azospirillum.sp.	-1.1545037632479855	1.1545037632479853
k_Bacteria.p_Proteobacteria.c_Alphaproteobacteria.o_Rhodospirillales.f_Azospirillaceae.g_Azospirillum.s_Unclassified.Azospirillum	-1.0016427254683502	1.00164272546835
k_Bacteria.p_Proteobacteria.c_Betaproteobacteria.o_Burkholderiales.f_Sutterellaceae.g_Parasutterella.s_Unclassified.Parasutterella	-1.1389072265600615	1.1389072265600615
k_Bacteria.p_Proteobacteria.c_Betaproteobacteria.o_Burkholderiales.f_Sutterellaceae.g_Sutterella.s_Sutterella.sp.	-0.08144193496541995	0.08144193496541993
k_Bacteria.p_Proteobacteria.c_Betaproteobacteria.o_Burkholderiales.f_Sutterellaceae.g_Sutterella.s_Sutterella.wadsworthensis	1.1576210477527427	-1.1576210477527424
k_Bacteria.p_Proteobacteria.c_Betaproteobacteria.o_Burkholderiales.f_Sutterellaceae.g_Sutterella.s_Unclassified.Sutterella	-1.1114763552198468	1.1114763552198468
k_Bacteria.p_Proteobacteria.c_Betaproteobacteria.o_Burkholderiales.f_Sutterellaceae.g_Unclassified.Sutterellaceae.s_Unclassified.Sutterellaceae	-1.6799689126578659	1.6799689126578656
k_Bacteria.p_Proteobacteria.c_Betaproteobacteria.o_Burkholderiales.f_Unclassified.Burkholderiales.g_Unclassified.Burkholderiales.s_Unclassified.Burkholderiales	-1.3490033875301208	1.3490033875301206
k_Bacteria.p_Proteobacteria.c_Betaproteobacteria.o_Neisseriales.f_Neisseriaceae.g_Neisseria.s_Unclassified.Neisseria	-1.2560714697775643	1.2560714697775641
k_Bacteria.p_Proteobacteria.c_Deltaproteobacteria.o_Desulfovibrionales.f_Desulfovibrionaceae.g_Bilophila.s_Bilophila.wadsworthia	-0.9373111535290601	0.93731115352906
k_Bacteria.p_Proteobacteria.c_Deltaproteobacteria.o_Desulfovibrionales.f_Desulfovibrionaceae.g_Bilophila.s_Unclassified.Bilophila	-0.2888894896821133	0.28888948968211325
k_Bacteria.p_Proteobacteria.c_Deltaproteobacteria.o_Desulfovibrionales.f_Desulfovibrionaceae.g_Desulfovibrio.s_Unclassified.Desulfovibrio	-0.7597879797479418	0.7597879797479418
k_Bacteria.p_Proteobacteria.c_Deltaproteobacteria.o_Desulfovibrionales.f_Desulfovibrionaceae.g_Unclassified.Desulfovibrionaceae.s_Unclassified.Desulfovibrionaceae	-0.5868381061506991	0.586838106150699
k_Bacteria.p_Proteobacteria.c_Epsilonproteobacteria.o_Campylobacterales.f_Campylobacteraceae.g_Campylobacter.s_Unclassified.Campylobacter	-0.1977277408100292	0.19772774081002917
k_Bacteria.p_Proteobacteria.c_Epsilonproteobacteria.o_Campylobacterales.f_Unclassified.Campylobacterales.g_Unclassified.Campylobacterales.s_Unclassified.Campylobacterales	-0.00980932770268899	0.009809327702688988
k_Bacteria.p_Proteobacteria.c_Gammaproteobacteria.o_Enterobacterales.f_Enterobacteriaceae.g_Citrobacter.s_Citrobacter.freundii	0.9033780320503002	-0.9033780320503001
k_Bacteria.p_Proteobacteria.c_Gammaproteobacteria.o_Enterobacterales.f_Enterobacteriaceae.g_Citrobacter.s_Unclassified.Citrobacter	1.6068033246490954	-1.6068033246490954
k_Bacteria.p_Proteobacteria.c_Gammaproteobacteria.o_Enterobacterales.f_Enterobacteriaceae.g_Enterobacter.s_Enterobacter.asburiae	0.6710334941280872	-0.6710334941280873
k_Bacteria.p_Proteobacteria.c_Gammaproteobacteria.o_Enterobacterales.f_Enterobacteriaceae.g_Enterobacter.s_Enterobacter.cloacae	0.6202675761412235	-0.6202675761412237
k_Bacteria.p_Proteobacteria.c_Gammaproteobacteria.o_Enterobacterales.f_Enterobacteriaceae.g_Enterobacter.s_Enterobacter.hormaechei	-1.1871887898111917	1.1871887898111915
k_Bacteria.p_Proteobacteria.c_Gammaproteobacteria.o_Enterobacterales.f_Enterobacteriaceae.g_Enterobacter.s_Enterobacter.roggenkampii	-0.5909411279258349	0.5909411279258349
k_Bacteria.p_Proteobacteria.c_Gammaproteobacteria.o_Enterobacterales.f_Enterobacteriaceae.g_Enterobacter.s_Unclassified.Enterobacter	0.31924270528026116	-0.3192427052802609
k_Bacteria.p_Proteobacteria.c_Gammaproteobacteria.o_Enterobacterales.f_Enterobacteriaceae.g_Escherichia.s_Escherichia.coli	0.3038623858672952	-0.3038623858672949
k_Bacteria.p_Proteobacteria.c_Gammaproteobacteria.o_Enterobacterales.f_Enterobacteriaceae.g_Escherichia.s_Unclassified.Escherichia	1.8826818619868944	-1.8826818619868944
k_Bacteria.p_Proteobacteria.c_Gammaproteobacteria.o_Enterobacterales.f_Enterobacteriaceae.g_Klebsiella.s_Klebsiella.grimontii	1.4747310315899222	-1.474731031589922
k_Bacteria.p_Proteobacteria.c_Gammaproteobacteria.o_Enterobacterales.f_Enterobacteriaceae.g_Klebsiella.s_Klebsiella.michiganensis	0.7902907245070383	-0.790290724507038
k_Bacteria.p_Proteobacteria.c_Gammaproteobacteria.o_Enterobacterales.f_Enterobacteriaceae.g_Klebsiella.s_Klebsiella.oxytoca	1.8598756339221998	-1.8598756339221996
k_Bacteria.p_Proteobacteria.c_Gammaproteobacteria.o_Enterobacterales.f_Enterobacteriaceae.g_Klebsiella.s_Klebsiella.pneumoniae	0.4118051701935915	-0.4118051701935912
k_Bacteria.p_Proteobacteria.c_Gammaproteobacteria.o_Enterobacterales.f_Enterobacteriaceae.g_Klebsiella.s_Klebsiella.variicola	1.2008604705231214	-1.2008604705231216
k_Bacteria.p_Proteobacteria.c_Gammaproteobacteria.o_Enterobacterales.f_Enterobacteriaceae.g_Klebsiella.s_Unclassified.Klebsiella	1.7256300233155375	-1.725630023315537
k_Bacteria.p_Proteobacteria.c_Gammaproteobacteria.o_Enterobacterales.f_Enterobacteriaceae.g_Salmonella.enterica..no.genus.in.NCBI..s_Salmonella.enterica	1.373966193049251	-1.373966193049251
k_Bacteria.p_Proteobacteria.c_Gammaproteobacteria.o_Enterobacterales.f_Enterobacteriaceae.g_Shigella.s_Unclassified.Shigella	1.7814128192107157	-1.7814128192107155
k_Bacteria.p_Proteobacteria.c_Gammaproteobacteria.o_Enterobacterales.f_Enterobacteriaceae.g_Unclassified.Enterobacteriaceae.s_Unclassified.Enterobacteriaceae	1.0280826477816758	-1.0280826477816754
k_Bacteria.p_Proteobacteria.c_Gammaproteobacteria.o_Enterobacterales.f_Unclassified.Enterobacterales.g_Unclassified.Enterobacterales.s_Unclassified.Enterobacterales	1.5513593829150119	-1.5513593829150119
k_Bacteria.p_Proteobacteria.c_Gammaproteobacteria.o_Enterobacterales.f_Yersiniaceae.g_Serratia.s_Unclassified.Serratia	0.5276617055173404	-0.5276617055173406
k_Bacteria.p_Proteobacteria.c_Gammaproteobacteria.o_Pasteurellales.f_Pasteurellaceae.g_Haemophilus.s_Haemophilus.parainfluenzae	1.5756464246899637	-1.5756464246899637
k_Bacteria.p_Proteobacteria.c_Gammaproteobacteria.o_Pasteurellales.f_Pasteurellaceae.g_Haemophilus.s_Unclassified.Haemophilus	0.8178701461743045	-0.8178701461743044
k_Bacteria.p_Proteobacteria.c_Gammaproteobacteria.o_Pasteurellales.f_Pasteurellaceae.g_Unclassified.Pasteurellaceae.s_Unclassified.Pasteurellaceae	0.842025920087481	-0.8420259200874809
k_Bacteria.p_Proteobacteria.c_Gammaproteobacteria.o_Pseudomonadales.f_Moraxellaceae.g_Acinetobacter.s_Acinetobacter.baumannii	1.0878249259351382	-1.0878249259351378
k_Bacteria.p_Proteobacteria.c_Gammaproteobacteria.o_Pseudomonadales.f_Moraxellaceae.g_Acinetobacter.s_Unclassified.Acinetobacter	-0.6935620153708459	0.6935620153708458
k_Bacteria.p_Proteobacteria.c_Gammaproteobacteria.o_Pseudomonadales.f_Pseudomonadaceae.g_Pseudomonas.s_Pseudomonas.aeruginosa	0.34640511693796666	-0.34640511693796683
k_Bacteria.p_Proteobacteria.c_Gammaproteobacteria.o_Pseudomonadales.f_Pseudomonadaceae.g_Pseudomonas.s_Unclassified.Pseudomonas	-0.45545651141462556	0.4554565114146255
k_Bacteria.p_Proteobacteria.c_Gammaproteobacteria.o_Pseudomonadales.f_Unclassified.Pseudomonadales.g_Unclassified.Pseudomonadales.s_Unclassified.Pseudomonadales	0.18714243822462368	-0.1871424382246239
k_Bacteria.p_Proteobacteria.c_Gammaproteobacteria.o_Unclassified.Gammaproteobacteria.f_Unclassified.Gammaproteobacteria.g_Unclassified.Gammaproteobacteria.s_Unclassified.Gammaproteobacteria	1.7658609694617975	-1.7658609694617975
k_Bacteria.p_Proteobacteria.c_Gammaproteobacteria.o_Xanthomonadales.f_Xanthomonadaceae.g_Xanthomonas.s_Xanthomonas.citri	-0.8448039561599181	0.844803956159918
k_Bacteria.p_Proteobacteria.c_Unclassified.Proteobacteria.o_Unclassified.Proteobacteria.f_Unclassified.Proteobacteria.g_Unclassified.Proteobacteria.s_Unclassified.Proteobacteria	0.9288433508406507	-0.9288433508406506
k_Bacteria.p_Unclassified.Bacteria.c_Unclassified.Bacteria.o_Unclassified.Bacteria.f_Unclassified.Bacteria.g_Unclassified.Bacteria.s_Unclassified.Bacteria	-0.9942107914389775	0.9942107914389774
k_Bacteria.p_Verrucomicrobia.c_Unclassified.Verrucomicrobia.o_Unclassified.Verrucomicrobia.f_Unclassified.Verrucomicrobia.g_Unclassified.Verrucomicrobia.s_Unclassified.Verrucomicrobia	-0.7438720938796529	0.7438720938796528
k_Bacteria.p_Verrucomicrobia.c_Verrucomicrobiae.o_Verrucomicrobiales.f_Akkermansiaceae.g_Akkermansia.s_Akkermansia.muciniphila	-0.2928618175986606	0.29286181759866053
k_Bacteria.p_Verrucomicrobia.c_Verrucomicrobiae.o_Verrucomicrobiales.f_Akkermansiaceae.g_Akkermansia.s_Akkermansia.sp.	-0.6988750322533372	0.6988750322533371
k_Bacteria.p_Verrucomicrobia.c_Verrucomicrobiae.o_Verrucomicrobiales.f_Akkermansiaceae.g_Akkermansia.s_Unclassified.Akkermansia	-1.104100776456149	1.1041007764561488
k_Bacteria.p_Verrucomicrobia.c_Verrucomicrobiae.o_Verrucomicrobiales.f_Akkermansiaceae.g_Unclassified.Akkermansiaceae.s_Unclassified.Akkermansiaceae	0.03410145135756918	-0.03410145135756918
k_Bacteria.p_bacterium.1xD42.87..no.phylum.in.NCBI..c_bacterium.1xD42.87..no.class.in.NCBI..o_bacterium.1xD42.87..no.order.in.NCBI..f_bacterium.1xD42.87..no.family.in.NCBI..g_bacterium.1xD42.87..no.genus.in.NCBI..s_bacterium.1xD42.87	-0.21650220759225272	0.21650220759225272
k_Eukaryota.p_Streptophyta.c_Magnoliopsida.o_Rosales.f_Rosaceae.g_Unclassified.Rosaceae.s_Unclassified.Rosaceae	0.543542235030476	-0.543542235030476
k_Eukaryota.p_Streptophyta.c_Magnoliopsida.o_Unclassified.Magnoliopsida.f_Unclassified.Magnoliopsida.g_Unclassified.Magnoliopsida.s_Unclassified.Magnoliopsida	1.2481880399673526	-1.2481880399673526
k_Viruses.p_Phixviricota.c_Malgrandaviricetes.o_Petitvirales.f_Microviridae.g_Unclassified.Microviridae.s_Unclassified.Microviridae	0.2988402433430196	-0.29884024334301934
k_Viruses.p_Preplasmiviricota.c_Tectiliviricetes.o_Rowavirales.f_Adenoviridae.g_Mastadenovirus.s_Unclassified.Mastadenovirus	-0.7872480782577088	0.7872480782577087
k_Viruses.p_Uroviricota.c_Caudoviricetes.o_Caudovirales.f_Podoviridae.g_CrAssphage.LMMB..no.genus.in.NCBI..s_CrAssphage.LMMB	-0.2322046780602387	0.23220467806023867
k_Viruses.p_Uroviricota.c_Caudoviricetes.o_Caudovirales.f_Podoviridae.g_CrAssphage.sp..C0531BW4..no.genus.in.NCBI..s_CrAssphage.sp..C0531BW4	0.08849471171552781	-0.08849471171552803
k_Viruses.p_Uroviricota.c_Caudoviricetes.o_Caudovirales.f_Podoviridae.g_Unclassified.Podoviridae.s_Unclassified.Podoviridae	-1.8601291994038562	1.860129199403856
k_Viruses.p_Uroviricota.c_Caudoviricetes.o_Caudovirales.f_Siphoviridae.g_Moineauvirus.s_Unclassified.Moineauvirus	-0.34696736579614373	0.3469673657961437
k_Viruses.p_Uroviricota.c_Caudoviricetes.o_Caudovirales.f_Siphoviridae.g_Parabacteroides.phage.PDS1..no.genus.in.NCBI..s_Parabacteroides.phage.PDS1	0.2519741743626545	-0.25197417436265473
k_Viruses.p_Uroviricota.c_Caudoviricetes.o_Caudovirales.f_Siphoviridae.g_Skunavirus.s_Unclassified.Skunavirus	0.6313136468846735	-0.6313136468846733
k_Viruses.p_Uroviricota.c_Caudoviricetes.o_Caudovirales.f_Siphoviridae.g_Unclassified.Siphoviridae.s_Unclassified.Siphoviridae	1.294794931910361	-1.294794931910361
k_Viruses.p_Uroviricota.c_Caudoviricetes.o_Caudovirales.f_Unclassified.Caudovirales.g_Unclassified.Caudovirales.s_Unclassified.Caudovirales	0.7874254420973602	-0.7874254420973601
