	dairy	meat
N_AQ.1	0.44226981979145613	-0.442269819791456
N_AQ.10	-1.376951567456549	1.3769515674565487
N_AQ.100	0.012780932569242662	-0.012780932569242658
N_AQ.1000	-0.6429805348022202	0.64298053480222
N_AQ.1001	-1.2497397756599848	1.2497397756599844
N_AQ.1002	0.25387112277615925	-0.2538711227761594
N_AQ.1003	0.652277258938414	-0.6522772589384139
N_AQ.1004	-0.5909521070747148	0.5909521070747146
N_AQ.1005	-0.1730909526693337	0.1730909526693334
N_AQ.1006	1.1085057314846194	-1.1085057314846194
N_AQ.1007	1.21469026682287	-1.2146902668228696
N_AQ.1008	0.3395838484181197	-0.33958384841811934
N_AQ.1009	-1.0218589707202779	1.0218589707202776
N_AQ.101	-0.6160116284378098	0.6160116284378095
N_AQ.1010	1.3441020742887666	-1.3441020742887662
N_AQ.1011	-1.2661213842354917	1.2661213842354915
N_AQ.1012	1.5027275688335824	-1.502727568833582
N_AQ.1013	-1.366121486102459	1.3661214861024589
N_AQ.1014	1.2829641015839934	-1.2829641015839932
N_AQ.1015	1.0839938227871082	-1.0839938227871078
N_AQ.1016	0.6306101110245385	-0.6306101110245382
N_AQ.1017	0.8781338970888776	-0.8781338970888776
N_AQ.1018	0.1545150396480288	-0.15451503964802848
N_AQ.1019	-0.2622616832935515	0.26226168329355165
N_AQ.102	0.3020679571049789	-0.3020679571049791
N_AQ.1020	1.3654623201706473	-1.3654623201706473
N_AQ.1021	0.20825439979148233	-0.20825439979148253
N_AQ.1022	-0.06057535120754262	0.06057535120754261
N_AQ.1023	-1.0349746676124276	1.0349746676124274
N_AQ.1024	-0.8964018812521753	0.8964018812521751
N_AQ.1025	-2.073855033018799	2.073855033018798
N_AQ.1026	0.5422571742399822	-0.542257174239982
N_AQ.1027	-0.9916367271422437	0.9916367271422434
N_AQ.1028	-0.9311892772628916	0.9311892772628914
N_AQ.1029	1.0087133105098585	-1.0087133105098582
N_AQ.103	-1.5220464020216062	1.5220464020216058
N_AQ.1030	1.6352060629873821	-1.635206062987382
N_AQ.1031	-0.28045469692088204	0.2804546969208822
N_AQ.1032	0.4487843369412008	-0.44878433694120096
N_AQ.1033	1.1194506348629567	-1.1194506348629563
N_AQ.1034	-0.5722188629605726	0.5722188629605724
N_AQ.1035	0.11334712031825718	-0.11334712031825715
N_AQ.1036	0.5273755585119063	-0.5273755585119059
N_AQ.1037	-0.07954101160757275	0.079541011607573
N_AQ.1038	0.4297886932282359	-0.4297886932282355
N_AQ.1039	0.018101325100004576	-0.01810132510000457
N_AQ.104	1.1231869912867996	-1.1231869912867993
N_AQ.1040	-0.6656710936555078	0.6656710936555077
N_AQ.1041	0.8632725364588832	-0.863272536458883
N_AQ.1043	0.7559867772909333	-0.7559867772909331
N_AQ.1044	0.31930288043693583	-0.3193028804369358
N_AQ.1045	-0.5901538409443338	0.5901538409443337
N_AQ.1046	1.3472470835794261	-1.347247083579426
N_AQ.1047	1.1860490438280766	-1.1860490438280762
N_AQ.1048	0.08292148711564992	-0.08292148711565017
N_AQ.1049	1.1112901848843202	-1.1112901848843202
N_AQ.105	1.339611402126768	-1.3396114021267678
N_AQ.1050	1.3631838251910264	-1.3631838251910264
N_AQ.1051	-1.8355241925326518	1.8355241925326513
N_AQ.1052	1.4077140788307094	-1.407714078830709
N_AQ.1053	-2.3307482462620404	2.33074824626204
N_AQ.1054	-0.9684771237367834	0.9684771237367831
N_AQ.1055	-1.7699888255279375	1.769988825527937
N_AQ.1056	-0.24981662996934825	0.24981662996934845
N_AQ.1057	1.1510428726425384	-1.151042872642538
N_AQ.1058	0.20031429353473695	-0.20031429353473662
N_AQ.1059	1.0737770011541872	-1.0737770011541865
N_AQ.106	-1.4167886128827651	1.416788612882765
N_AQ.1060	0.6628442241833734	-0.662844224183373
N_AQ.1062	1.539434525037075	-1.5394345250370742
N_AQ.1063	1.4502265627285047	-1.4502265627285043
N_AQ.1064	0.1700916035385523	-0.17009160353855224
N_AQ.1065	0.41598864306179273	-0.4159886430617926
N_AQ.1066	0.4952685139393172	-0.4952685139393171
N_AQ.1067	0.4055594812579825	-0.40555948125798214
N_AQ.1068	0.7438418310859847	-0.7438418310859843
N_AQ.1069	-0.07274842299492609	0.07274842299492608
N_AQ.107	0.4886901412666934	-0.488690141266693
N_AQ.1070	1.5661158365848518	-1.5661158365848513
N_AQ.1071	-1.0731775964136503	1.0731775964136498
N_AQ.1072	1.2141268587168426	-1.2141268587168421
N_AQ.1073	-1.2511188792475065	1.2511188792475063
N_AQ.1074	0.7282822524777515	-0.7282822524777511
N_AQ.1075	-1.62392437103585	1.6239243710358495
N_AQ.1076	1.409223935806417	-1.4092239358064165
N_AQ.1077	1.0831797256551887	-1.0831797256551885
N_AQ.1078	0.8811475038071902	-0.88114750380719
N_AQ.1079	-0.9783038146183003	0.9783038146183001
N_AQ.108	-0.2193339315962059	0.21933393159620584
N_AQ.1080	0.05487144116213277	-0.05487144116213276
N_AQ.1081	-1.4522868806075824	1.452286880607582
N_AQ.1082	-1.0673948439234175	1.0673948439234173
N_AQ.1083	1.4425093023114053	-1.4425093023114046
N_AQ.1084	0.2256336726334441	-0.22563367263344405
N_AQ.1085	-0.9140011022785615	0.9140011022785612
N_AQ.1086	-0.27631336856104305	0.276313368561043
N_AQ.1087	-0.6516830834524054	0.6516830834524052
N_AQ.1088	0.679020226129651	-0.6790202261296507
N_AQ.1089	1.0763627871679207	-1.0763627871679202
N_AQ.109	0.2537190508164943	-0.253719050816494
N_AQ.1090	0.07658815144934643	-0.07658815144934668
N_AQ.1091	-0.8087319998699763	0.8087319998699761
N_AQ.1092	0.9166739140606287	-0.9166739140606284
N_AQ.1093	1.5945506388671729	-1.5945506388671729
N_AQ.1094	-0.3646720087949686	0.36467200879496847
N_AQ.1095	-1.1809328856949202	1.18093288569492
N_AQ.1096	1.0215747127122183	-1.0215747127122177
N_AQ.1097	-0.9403116387714358	0.9403116387714355
N_AQ.1098	-1.0549857379317544	1.0549857379317542
N_AQ.1099	0.8393225653824177	-0.8393225653824175
N_AQ.11	0.35960603525810403	-0.3596060352581042
N_AQ.110	-1.2367461555335828	1.2367461555335826
N_AQ.1100	0.48654393133512697	-0.48654393133512686
N_AQ.1101	0.8540116406324998	-0.8540116406324996
N_AQ.1103	-2.465441946581444	2.4654419465814437
N_AQ.1104	-1.768282702423412	1.7682827024234116
N_AQ.1105	-0.3425869507735791	0.342586950773579
N_AQ.1106	1.425291197933345	-1.4252911979333445
N_AQ.1108	1.1168192406889428	-1.1168192406889426
N_AQ.1109	1.4361721837977892	-1.436172183797789
N_AQ.111	-0.9388341060079054	0.9388341060079052
N_AQ.1110	0.21273403590120274	-0.21273403590120268
N_AQ.1111	0.00705825363410435	-0.007058253634104083
N_AQ.1112	0.07068288062198544	-0.07068288062198515
N_AQ.1113	0.015272557733137408	-0.01527255773313767
N_AQ.1114	0.6091578086053727	-0.6091578086053725
N_AQ.1115	-1.2427510144464766	1.2427510144464764
N_AQ.1116	0.5394379412338793	-0.5394379412338796
N_AQ.1117	0.17301549035271266	-0.17301549035271263
N_AQ.1118	-0.5270476730449605	0.5270476730449604
N_AQ.1119	-0.420134349904571	0.4201343499045709
N_AQ.112	-1.8658245231412665	1.865824523141266
N_AQ.1120	0.31102113358655503	-0.31102113358655464
N_AQ.1121	1.3461776818448352	-1.346177681844835
N_AQ.1122	1.35347667949333	-1.35347667949333
N_AQ.1123	1.2534863599857304	-1.25348635998573
N_AQ.1124	-2.4275528456598963	2.427552845659896
N_AQ.1125	-2.247990999899626	2.247990999899625
N_AQ.1126	0.9352482265165183	-0.935248226516518
N_AQ.1127	-0.7382807053796256	0.7382807053796254
N_AQ.1128	-0.5362419128888126	0.5362419128888125
N_AQ.1129	-0.7839598998738752	0.7839598998738749
N_AQ.113	0.22099628378870448	-0.2209962837887047
N_AQ.1130	-1.2207669059798583	1.2207669059798578
N_AQ.1132	-1.378600390885388	1.3786003908853877
N_AQ.1133	-1.409373513368732	1.4093735133687315
N_AQ.1134	-0.00744686279968923	0.007446862799688963
N_AQ.1135	0.16658286989296317	-0.1665828698929634
N_AQ.1136	1.2692871849577658	-1.2692871849577652
N_AQ.1137	1.340027820334173	-1.340027820334173
N_AQ.1138	0.9935956907347836	-0.9935956907347832
N_AQ.1139	0.5800747177446606	-0.5800747177446601
N_AQ.114	0.07415298133555275	-0.07415298133555245
N_AQ.1140	1.676041237090274	-1.6760412370902735
N_AQ.1141	-0.3613969226634938	0.36139692266349377
N_AQ.1142	-0.5836973060203571	0.583697306020357
N_AQ.1143	-0.08343550366425709	0.0834355036642568
N_AQ.1144	-0.6216838645238463	0.6216838645238462
N_AQ.1145	-1.0778197755412628	1.0778197755412624
N_AQ.1146	0.7034956271894283	-0.7034956271894284
N_AQ.1147	-1.1342561338559056	1.1342561338559054
N_AQ.1148	-0.0910586574559317	0.09105865745593195
N_AQ.1149	-0.0887507741423009	0.08875077414230088
N_AQ.115	-0.1416309549871312	0.1416309549871309
N_AQ.1150	0.5981024816805527	-0.5981024816805526
N_AQ.1151	0.24605625285646945	-0.24605625285646968
N_AQ.1152	1.0024851786708515	-1.002485178670851
N_AQ.1153	0.6681519460859633	-0.6681519460859634
N_AQ.1155	0.1391479618851455	-0.1391479618851452
N_AQ.1156	-0.44497885974834783	0.44497885974834794
N_AQ.1157	-1.1456625361246493	1.1456625361246489
N_AQ.1159	-2.1512293748520612	2.1512293748520603
N_AQ.116	0.7675333553928082	-0.767533355392808
N_AQ.1160	-0.3535698661160114	0.35356986611601154
N_AQ.1161	1.181481335309505	-1.1814813353095048
N_AQ.1162	0.4299609275157681	-0.42996092751576825
N_AQ.1163	-0.8141524958540394	0.8141524958540391
N_AQ.1164	-0.8555454702814107	0.8555454702814105
N_AQ.1165	-1.8933769056982073	1.8933769056982068
N_AQ.1166	0.417959288842042	-0.4179592888420421
N_AQ.1167	0.9898275126042557	-0.9898275126042552
N_AQ.1168	-1.260540422688177	1.2605404226881765
N_AQ.1169	-0.7496699915783063	0.749669991578306
N_AQ.117	1.0077711575278938	-1.0077711575278936
N_AQ.1170	1.1427268993993995	-1.1427268993993993
N_AQ.1171	-1.7381914940076275	1.738191494007627
N_AQ.1172	1.147499385155346	-1.1474993851553459
N_AQ.1173	-0.7511348254476293	0.7511348254476292
N_AQ.1174	0.9019874576530833	-0.901987457653083
N_AQ.1175	-1.6270079535174817	1.6270079535174813
N_AQ.1176	1.1137598650645089	-1.1137598650645084
N_AQ.1177	0.7570416174656374	-0.7570416174656374
N_AQ.1178	0.29032430045082513	-0.290324300450825
N_AQ.1179	-2.012261255717	2.0122612557169997
N_AQ.118	-0.6521359971863004	0.6521359971863002
N_AQ.1180	0.14642210632051245	-0.14642210632051267
N_AQ.1181	1.382511121432141	-1.3825111214321406
N_AQ.1182	-0.6709851310872164	0.6709851310872162
N_AQ.1183	-0.5700051779711177	0.5700051779711176
N_AQ.1184	-0.3180380623923015	0.31803806239230137
N_AQ.1185	0.09432502274927491	-0.09432502274927516
N_AQ.1186	-1.8224052919298845	1.822405291929884
N_AQ.1187	0.16953960697833884	-0.16953960697833878
N_AQ.1188	-1.348361734594265	1.3483617345942644
N_AQ.1189	0.8480826250668315	-0.8480826250668314
N_AQ.119	0.41847051922479417	-0.41847051922479406
N_AQ.1190	0.38846474516034596	-0.38846474516034557
N_AQ.1191	0.20359235504292078	-0.20359235504292073
N_AQ.1192	-1.8250980929681624	1.825098092968162
N_AQ.1193	0.21452668264049357	-0.21452668264049377
N_AQ.1194	1.3875725609922926	-1.3875725609922922
N_AQ.1195	1.2320036642651382	-1.2320036642651377
N_AQ.1196	-0.09787396561550236	0.09787396561550234
N_AQ.1197	-0.8500968095373866	0.8500968095373864
N_AQ.1198	-1.2693684727228731	1.269368472722873
N_AQ.1199	1.0326138153569306	-1.0326138153569302
N_AQ.12	-0.016247618011628676	0.016247618011628672
N_AQ.120	0.45770398618946995	-0.45770398618946984
N_AQ.1200	0.7325615676884693	-0.7325615676884689
N_AQ.1201	-1.3911884846856741	1.3911884846856737
N_AQ.1202	-1.6120555683865387	1.6120555683865383
N_AQ.1203	-1.915221746149921	1.9152217461499204
N_AQ.1204	0.20539244390699626	-0.2053924439069962
N_AQ.1205	-2.0456386753236755	2.045638675323675
N_AQ.1206	-1.4088675466386262	1.408867546638626
N_AQ.1207	-0.3264554599447233	0.32645545994472297
N_AQ.1208	1.1213886623792526	-1.1213886623792522
N_AQ.1209	-1.6400838093584096	1.6400838093584091
N_AQ.121	1.4271571369872078	-1.4271571369872074
N_AQ.1210	1.0110895164728226	-1.0110895164728224
N_AQ.1211	-0.5354081676201445	0.5354081676201444
N_AQ.1212	-1.0784201448244717	1.0784201448244715
N_AQ.1213	1.1978342943770632	-1.1978342943770632
N_AQ.1214	1.0739993607936924	-1.0739993607936922
N_AQ.1215	0.9886875687932927	-0.9886875687932923
N_AQ.1216	0.6604629228016514	-0.6604629228016513
N_AQ.1217	-0.903610564310189	0.9036105643101888
N_AQ.1218	-0.8340574719017981	0.8340574719017979
N_AQ.1219	0.8786859448824198	-0.8786859448824199
N_AQ.122	-0.22782491678003444	0.2278249167800341
N_AQ.1220	1.2247777120099015	-1.2247777120099008
N_AQ.1221	0.4337813401000218	-0.4337813401000217
N_AQ.1222	-1.59751034877179	1.5975103487717897
N_AQ.1223	0.7365959926635192	-0.7365959926635187
N_AQ.1224	0.48667713107125976	-0.48667713107125965
N_AQ.1225	1.4884400592116638	-1.4884400592116631
N_AQ.1226	1.0294128486194745	-1.0294128486194745
N_AQ.1227	0.6794004251578954	-0.679400425157895
N_AQ.1228	-0.348295537241183	0.3482955372411827
N_AQ.1229	0.6813124625496284	-0.6813124625496282
N_AQ.123	-1.9941441911696502	1.9941441911696496
N_AQ.1230	-2.214793397533988	2.2147933975339877
N_AQ.1231	-0.5877303137355466	0.5877303137355465
N_AQ.1232	1.0509382905736118	-1.0509382905736113
N_AQ.1233	0.5172397818647226	-0.5172397818647229
N_AQ.1234	0.5038351336622502	-0.50383513366225
N_AQ.1235	1.3909139134162363	-1.3909139134162358
N_AQ.1236	0.9916856010273241	-0.9916856010273241
N_AQ.1237	-0.32999133794489854	0.32999133794489816
N_AQ.1238	1.0801060630708357	-1.0801060630708355
N_AQ.1239	-1.788907577030512	1.7889075770305116
N_AQ.124	-0.4100823014456823	0.4100823014456825
N_AQ.1240	0.16998076509453602	-0.169980765094536
N_AQ.1241	-0.947198412816555	0.9471984128165547
N_AQ.1242	1.1415603540217305	-1.1415603540217303
N_AQ.1243	-0.07374361706232688	0.07374361706232685
N_AQ.1244	-1.8361734097791922	1.8361734097791917
N_AQ.1245	1.0324815543767705	-1.0324815543767702
N_AQ.1246	0.8293445752922176	-0.8293445752922176
N_AQ.1247	1.0448099637926187	-1.0448099637926185
N_AQ.1248	0.8781015620172786	-0.8781015620172787
N_AQ.1249	-1.2242049057527722	1.2242049057527717
N_AQ.125	0.3892386718801971	-0.389238671880197
N_AQ.1250	-0.15308547319037843	0.15308547319037838
N_AQ.1251	1.6211348442910438	-1.6211348442910434
N_AQ.1252	1.4333121523785666	-1.4333121523785664
N_AQ.1253	-0.11063985433006263	0.1106398543300626
N_AQ.1254	-0.43081571975312427	0.43081571975312416
N_AQ.1255	-0.08615498930710078	0.08615498930710049
N_AQ.1256	-0.9534049179987426	0.9534049179987424
N_AQ.1257	1.046303800448423	-1.0463038004484226
N_AQ.1258	0.5020423253205183	-0.5020423253205185
N_AQ.1259	0.26355332654454644	-0.26355332654454633
N_AQ.126	-0.022201299687989295	0.02220129968798902
N_AQ.1260	-0.4852815485109915	0.48528154851099137
N_AQ.1261	1.0865911107160109	-1.0865911107160107
N_AQ.1262	1.0865595443995815	-1.0865595443995815
N_AQ.1263	-1.1149787131826916	1.1149787131826914
N_AQ.1264	-1.0249006142556023	1.0249006142556019
N_AQ.1265	1.0329889778082488	-1.0329889778082484
N_AQ.1266	0.4304235606036437	-0.43042356060364334
N_AQ.1267	0.7324099867087521	-0.7324099867087517
N_AQ.1268	-0.7679326918324803	0.76793269183248
N_AQ.1269	-0.06409316784221311	0.0640931678422131
N_AQ.127	-1.836942123027864	1.8369421230278635
N_AQ.1270	-0.4037121324931029	0.40371213249310306
N_AQ.1271	-0.17736677193301711	0.1773667719330168
N_AQ.1272	0.8995957556533412	-0.8995957556533409
N_AQ.1273	0.7008600173595801	-0.7008600173595799
N_AQ.1274	-0.4880398919064767	0.48803989190647656
N_AQ.1275	-0.818961304952886	0.8189613049528858
N_AQ.1276	-0.5604986325013446	0.5604986325013445
N_AQ.1277	0.8717140788986022	-0.8717140788986023
N_AQ.1278	1.095031787090664	-1.0950317870906636
N_AQ.1279	0.48182242651291374	-0.48182242651291385
N_AQ.128	-1.6562871885547168	1.6562871885547163
N_AQ.1280	0.09770272703513803	-0.09770272703513828
N_AQ.1282	0.28734448461531076	-0.287344484615311
N_AQ.1283	-0.23748554224075305	0.237485542240753
N_AQ.1284	-0.648642612650487	0.6486426126504867
N_AQ.1285	-0.24717256931892542	0.24717256931892537
N_AQ.1286	-0.4521012800040572	0.4521012800040571
N_AQ.1287	0.9564674189306218	-0.9564674189306215
N_AQ.1288	0.4378158967295186	-0.4378158967295185
N_AQ.1289	0.3052716748148929	-0.3052716748148926
N_AQ.129	-1.9739828637413173	1.9739828637413166
N_AQ.1290	-0.041088576385610184	0.04108857638561018
N_AQ.1291	0.10951500239730477	-0.10951500239730501
N_AQ.1292	-2.3343555308436676	2.3343555308436668
N_AQ.1293	0.3443367212844199	-0.3443367212844198
N_AQ.1294	0.1406563488060599	-0.14065634880605987
N_AQ.1295	0.4361546654174333	-0.4361546654174329
N_AQ.1296	0.6616124721201033	-0.6616124721201031
N_AQ.1297	1.272701611212699	-1.2727016112126985
N_AQ.1298	-0.6475633921683066	0.6475633921683065
N_AQ.1299	0.36378679567373967	-0.3637867956737396
N_AQ.13	-1.4496311271907574	1.4496311271907572
N_AQ.130	-0.4073710449513215	0.40737104495132115
N_AQ.1300	0.046413681188149994	-0.046413681188149716
N_AQ.1301	-1.0963875595704262	1.096387559570426
N_AQ.1302	-1.834974817931275	1.8349748179312746
N_AQ.1303	0.7873394476730562	-0.7873394476730559
N_AQ.1304	0.16746805753147417	-0.16746805753147412
N_AQ.1305	0.37396609155884325	-0.3739660915588432
N_AQ.1306	-0.8976737595305099	0.8976737595305097
N_AQ.1307	-0.1920412605450473	0.19204126054504753
N_AQ.1308	-0.6903009911471164	0.6903009911471162
N_AQ.1309	-0.26061951521243754	0.2606195152124375
N_AQ.131	-2.0988658894987964	2.0988658894987955
N_AQ.1310	-1.3375894392485548	1.3375894392485546
N_AQ.1311	1.4566092877410695	-1.4566092877410692
N_AQ.1312	-0.5455325994822265	0.5455325994822264
N_AQ.1313	-0.22407311004521072	0.22407311004521038
N_AQ.1314	0.3561095297323585	-0.35610952973235815
N_AQ.1315	0.7183759377433351	-0.7183759377433347
N_AQ.1316	-0.0030787846989054784	0.0030787846989054775
N_AQ.1317	0.3476722713526166	-0.34767227135261675
N_AQ.1318	-0.6851049392603098	0.6851049392603096
N_AQ.1319	0.06820206697372286	-0.06820206697372283
N_AQ.132	0.4153039726553595	-0.4153039726553594
N_AQ.1321	0.2008387675756085	-0.20083876757560873
N_AQ.1322	-0.7005600223488064	0.7005600223488063
N_AQ.1323	0.7234609280888628	-0.7234609280888628
N_AQ.1324	-1.5270087975222972	1.5270087975222968
N_AQ.1325	-0.7606080242227286	0.7606080242227283
N_AQ.1326	0.8157078823664446	-0.8157078823664445
N_AQ.1327	1.5473380204714227	-1.547338020471422
N_AQ.1328	-0.2958032935295544	0.2958032935295541
N_AQ.1329	0.03834660055413994	-0.03834660055413992
N_AQ.133	-1.6719533057603848	1.6719533057603844
N_AQ.1330	-1.4579283177127622	1.457928317712762
N_AQ.1331	0.9637506376862824	-0.9637506376862823
N_AQ.1332	0.5368652719227726	-0.5368652719227723
N_AQ.1333	0.4250005835834498	-0.42500058358344966
N_AQ.1334	1.3647620984936437	-1.3647620984936433
N_AQ.1335	1.100168582742014	-1.1001685827420138
N_AQ.1337	0.33527032021159553	-0.3352703202115952
N_AQ.1338	0.26087211414138833	-0.260872114141388
N_AQ.1339	0.2234118714674423	-0.2234118714674425
N_AQ.134	-1.7562924117673109	1.7562924117673102
N_AQ.1340	1.5061759851243608	-1.5061759851243601
N_AQ.1341	-2.0666603363331477	2.0666603363331473
N_AQ.1342	0.8938854240973055	-0.8938854240973055
N_AQ.1343	0.37894169602153066	-0.37894169602153055
N_AQ.1344	-2.0613211469516153	2.0613211469516144
N_AQ.1345	-0.6475852923465156	0.6475852923465154
N_AQ.1346	1.0967394266089645	-1.0967394266089643
N_AQ.1347	-0.45727084455825	0.45727084455824984
N_AQ.1348	1.179323053410345	-1.1793230534103445
N_AQ.1349	0.9383477219948703	-0.9383477219948702
N_AQ.135	-1.9472158208919852	1.9472158208919847
N_AQ.1350	1.5675605701347797	-1.5675605701347795
N_AQ.1351	0.0484893960689862	-0.04848939606898645
N_AQ.1352	0.6055659340812927	-0.6055659340812922
N_AQ.1353	1.0444446399990681	-1.044444639999068
N_AQ.1354	-0.9573208677941066	0.9573208677941063
N_AQ.1355	-1.0029986152189494	1.0029986152189492
N_AQ.1356	1.196155781118573	-1.1961557811185726
N_AQ.1357	-0.6641068292941162	0.6641068292941161
N_AQ.1358	-0.8568709936412744	0.8568709936412742
N_AQ.1359	-1.385449128928464	1.3854491289284636
N_AQ.136	-1.3501882399105356	1.3501882399105352
N_AQ.1360	1.4282842701332221	-1.4282842701332217
N_AQ.1361	1.3572239411335194	-1.357223941133519
N_AQ.1362	-1.4779426638254491	1.4779426638254487
N_AQ.1363	0.19361213826706206	-0.19361213826706175
N_AQ.1364	-0.03726677036911637	0.037266770369116624
N_AQ.1365	1.104822594825056	-1.1048225948250558
N_AQ.1366	-0.9368548061873486	0.9368548061873484
N_AQ.1367	-0.9444766429405971	0.9444766429405969
N_AQ.1368	-0.7184964635915735	0.7184964635915734
N_AQ.1369	0.5523985591475374	-0.552398559147537
N_AQ.137	-0.5653147657130434	0.5653147657130433
N_AQ.1370	0.8723954197436924	-0.8723954197436922
N_AQ.1371	0.13168360833845014	-0.1316836083384504
N_AQ.1372	-2.121184993278539	2.1211849932785385
N_AQ.1373	1.2125387951149473	-1.2125387951149473
N_AQ.1374	0.8850997872244882	-0.8850997872244882
N_AQ.1375	1.1289760974271186	-1.1289760974271184
N_AQ.1376	-1.5200737568264906	1.5200737568264902
N_AQ.1377	-1.0010253139348848	1.0010253139348846
N_AQ.1378	-0.10603760720209919	0.10603760720209889
N_AQ.1379	-0.25457093026861444	0.2545709302686141
N_AQ.138	0.33748117110945397	-0.33748117110945386
N_AQ.1380	1.4903485009681372	-1.490348500968137
N_AQ.1382	0.6526968357021311	-0.6526968357021307
N_AQ.1383	0.5978848789445118	-0.5978848789445117
N_AQ.1384	1.0909347726696124	-1.0909347726696121
N_AQ.1385	1.6809239206146287	-1.680923920614628
N_AQ.1386	0.6293720123680296	-0.6293720123680294
N_AQ.1387	-0.5120852518767051	0.5120852518767046
N_AQ.1388	-1.3646156447070266	1.3646156447070263
N_AQ.1389	-0.9003855090759966	0.9003855090759963
N_AQ.139	0.763823884401833	-0.7638238844018327
N_AQ.1390	-0.5041304804743624	0.5041304804743625
N_AQ.1391	-0.08383621599367809	0.08383621599367806
N_AQ.1392	-1.095672885061902	1.0956728850619015
N_AQ.1393	0.0068511051649930675	-0.006851105164993331
N_AQ.1394	0.06887156452023052	-0.06887156452023051
N_AQ.1395	-0.15492651843013297	0.15492651843013294
N_AQ.1397	-0.10574972854110061	0.1057497285411003
N_AQ.1398	-0.609851106770702	0.6098511067707019
N_AQ.1399	1.4812350569351493	-1.481235056935149
N_AQ.14	-0.18361317940672944	0.1836131794067294
N_AQ.140	0.7579160965935297	-0.7579160965935291
N_AQ.1400	0.6696977461751827	-0.6696977461751826
N_AQ.1401	0.9680467694713983	-0.9680467694713978
N_AQ.1402	1.060313080393147	-1.0603130803931466
N_AQ.1403	0.5804408381815054	-0.5804408381815049
N_AQ.1404	0.2544028881375893	-0.25440288813758927
N_AQ.1405	-2.2902078270871544	2.2902078270871535
N_AQ.1406	1.3092521450555283	-1.3092521450555283
N_AQ.1407	0.2893054360192862	-0.2893054360192861
N_AQ.1408	0.20608902937132992	-0.2060890293713296
N_AQ.141	0.018146163553452818	-0.018146163553452815
N_AQ.1411	1.109800190095062	-1.1098001900950616
N_AQ.1412	-0.11851593996267942	0.11851593996267966
N_AQ.1413	0.7083086275276588	-0.7083086275276584
N_AQ.1414	0.09406200587581884	-0.09406200587581855
N_AQ.1415	-0.39253749802900256	0.39253749802900245
N_AQ.1416	1.4479241393895133	-1.4479241393895128
N_AQ.1417	-0.055068498957874815	0.055068498957875064
N_AQ.1418	-0.3023894220383323	0.30238942203833225
N_AQ.1419	0.32211356432812355	-0.3221135643281235
N_AQ.142	-0.8716636667725784	0.8716636667725782
N_AQ.1420	0.7254176443252963	-0.7254176443252962
N_AQ.1421	1.7213767717666628	-1.7213767717666624
N_AQ.1422	-0.7530708052942015	0.7530708052942012
N_AQ.1423	0.40906910324342877	-0.40906910324342866
N_AQ.1424	-0.28418752909108314	0.2841875290910831
N_AQ.1425	-0.5677106403088057	0.5677106403088056
N_AQ.1426	0.5548200645628591	-0.5548200645628587
N_AQ.1427	-0.8702818574843371	0.8702818574843368
N_AQ.1428	1.1004940224454896	-1.1004940224454889
N_AQ.1429	1.1411115706379817	-1.1411115706379815
N_AQ.143	0.8896697087964756	-0.8896697087964753
N_AQ.1430	0.3762573647546936	-0.3762573647546935
N_AQ.1431	1.6148486420544688	-1.6148486420544683
N_AQ.1432	0.7156280785900808	-0.7156280785900809
N_AQ.1433	1.0138462653867062	-1.013846265386706
N_AQ.1434	1.4051080815245194	-1.4051080815245192
N_AQ.1435	-1.252661747642005	1.2526617476420046
N_AQ.1437	1.544095767959581	-1.5440957679595806
N_AQ.1438	0.9930159496206732	-0.9930159496206729
N_AQ.1439	0.002768953737089588	-0.0027689537370893216
N_AQ.144	-0.746031043076198	0.7460310430761978
N_AQ.1440	0.5352987769606937	-0.5352987769606938
N_AQ.1441	-0.4299153245971484	0.42991532459714826
N_AQ.1442	-1.8181544311774267	1.818154431177426
N_AQ.1443	0.9148562840710046	-0.9148562840710045
N_AQ.1444	0.6760437167891169	-0.6760437167891167
N_AQ.1445	0.0696460878477101	-0.06964608784771036
N_AQ.1446	0.5693814317975956	-0.5693814317975952
N_AQ.1447	-0.05621861086143448	0.05621861086143447
N_AQ.1448	0.2972820321667901	-0.29728203216679
N_AQ.1449	1.4029133352310785	-1.4029133352310779
N_AQ.145	-1.308061748050496	1.3080617480504957
N_AQ.1450	-0.3107728885999442	0.31077288859994434
N_AQ.1451	1.2554768037371156	-1.2554768037371153
N_AQ.1452	-0.9697822035868336	0.9697822035868334
N_AQ.1453	0.5971683436010085	-0.5971683436010082
N_AQ.1454	0.401907986887782	-0.4019079868877816
N_AQ.1455	0.14620944010518805	-0.14620944010518774
N_AQ.1456	1.0047577517604855	-1.0047577517604853
N_AQ.1457	-1.1565624679604594	1.1565624679604591
N_AQ.1458	0.5400453235122312	-0.5400453235122311
N_AQ.1459	1.5205085238763887	-1.5205085238763882
N_AQ.146	0.4252210609358626	-0.4252210609358625
N_AQ.1460	-2.0774004325252022	2.077400432525202
N_AQ.1461	0.9128113566240255	-0.9128113566240252
N_AQ.1462	-0.257541172221994	0.25754117222199396
N_AQ.1463	0.8665503146330705	-0.8665503146330702
N_AQ.1464	-0.3453472252191652	0.34534722521916517
N_AQ.1465	-0.3291352814767286	0.32913528147672827
N_AQ.1466	0.46799070189666425	-0.46799070189666436
N_AQ.1467	1.5120945698958437	-1.512094569895843
N_AQ.1468	-0.05423891887556425	0.05423891887556397
N_AQ.147	0.7964673688056666	-0.7964673688056664
N_AQ.1470	0.3286593166783788	-0.3286593166783787
N_AQ.1471	-0.4446083933153619	0.4446083933153615
N_AQ.1472	-0.4455557713668947	0.4455557713668949
N_AQ.1473	0.4517444039901913	-0.45174440399019117
N_AQ.1474	-1.6124008670705103	1.61240086707051
N_AQ.1475	0.5696554283824099	-0.5696554283824095
N_AQ.1477	-0.5311064603038318	0.5311064603038317
N_AQ.1478	-1.8942550097262434	1.894255009726243
N_AQ.1479	0.3279119487246843	-0.32791194872468393
N_AQ.148	-1.092377937555428	1.0923779375554274
N_AQ.1481	-0.546597784754728	0.5465977847547279
N_AQ.1482	-0.19436610327285747	0.19436610327285742
N_AQ.1483	-1.6792943866186625	1.679294386618662
N_AQ.1484	-1.4708810768829785	1.470881076882978
N_AQ.1485	1.3506821135963811	-1.3506821135963807
N_AQ.1486	-0.38114525925623305	0.381145259256233
N_AQ.1487	-2.5152172881928214	2.5152172881928205
N_AQ.1488	-0.3596420299776969	0.35964202997769684
N_AQ.1489	1.595034011779942	-1.5950340117799415
N_AQ.1490	-1.0140574995338922	1.014057499533892
N_AQ.1492	-0.44144741487793887	0.44144741487793876
N_AQ.1493	-0.493541289106198	0.49354128910619816
N_AQ.1494	0.896077570487425	-0.8960775704874245
N_AQ.1495	0.02622956946998994	-0.026229569469989934
N_AQ.1496	-2.025955454640702	2.0259554546407017
N_AQ.1497	-1.3629281931679567	1.3629281931679562
N_AQ.1498	-0.9955747800368077	0.9955747800368073
N_AQ.1499	-0.3165865319916685	0.3165865319916684
N_AQ.15	-0.13693809007393992	0.13693809007394014
N_AQ.150	-1.2623559212151751	1.2623559212151747
N_AQ.1500	-0.10916598392240551	0.10916598392240548
N_AQ.1501	0.7925613379099399	-0.79256133790994
N_AQ.1502	1.468943960656952	-1.4689439606569517
N_AQ.1503	-1.23198273730589	1.2319827373058896
N_AQ.1504	0.3576830109041075	-0.35768301090410737
N_AQ.1505	-0.22173652011218994	0.2217365201121899
N_AQ.1506	0.4513052246174943	-0.45130522461749417
N_AQ.1507	-2.0661739731893207	2.06617397318932
N_AQ.1508	-0.40818867137403225	0.4081886713740319
N_AQ.1509	1.5408552676950231	-1.5408552676950227
N_AQ.151	-1.5725712058977839	1.5725712058977834
N_AQ.1510	0.0853918127455513	-0.08539181274555128
N_AQ.1511	-1.692537226751767	1.6925372267517667
N_AQ.1512	-2.1361219106258025	2.1361219106258016
N_AQ.1513	0.9568147868543707	-0.9568147868543707
N_AQ.1514	0.9133706764955603	-0.9133706764955599
N_AQ.1515	-2.4519355661595448	2.4519355661595443
N_AQ.1516	1.2551271783109452	-1.2551271783109448
N_AQ.1517	-0.2972691665354583	0.29726916653545854
N_AQ.1518	-1.5475173418833714	1.547517341883371
N_AQ.1519	1.1125087234876903	-1.1125087234876898
N_AQ.152	0.3085020894269698	-0.30850208942696977
N_AQ.1520	-0.1603419754141957	0.16034197541419593
N_AQ.1521	-1.402511278840638	1.4025112788406375
N_AQ.1523	1.1258382948803558	-1.1258382948803556
N_AQ.1524	-1.1590796487029282	1.159079648702928
N_AQ.1525	0.3849820742785315	-0.38498207427853137
N_AQ.1526	1.6172524467284575	-1.6172524467284572
N_AQ.1527	0.18117582787668648	-0.18117582787668643
N_AQ.1528	0.28201007616611196	-0.2820100761661122
N_AQ.1529	1.321448813883546	-1.3214488138835458
N_AQ.153	0.7433347668738396	-0.7433347668738396
N_AQ.1530	-1.6287679958212604	1.62876799582126
N_AQ.1531	-1.9539046699525637	1.9539046699525633
N_AQ.1532	-0.02307877897215235	0.023078778972152346
N_AQ.1533	-1.2792165477623658	1.2792165477623656
N_AQ.1534	0.7903657384495459	-0.7903657384495458
N_AQ.1535	-1.3909255397821123	1.3909255397821119
N_AQ.1536	-2.086696761136446	2.0866967611364458
N_AQ.1537	-0.4713039824334162	0.4713039824334163
N_AQ.1538	0.04985050205585023	-0.04985050205585049
N_AQ.1539	-0.3188198740702913	0.31881987407029094
N_AQ.154	0.7369189486046742	-0.7369189486046739
N_AQ.1540	-1.5935181500939652	1.5935181500939648
N_AQ.1541	1.1512966902712083	-1.151296690271208
N_AQ.1542	0.1064361431751221	-0.10643614317512207
N_AQ.1543	-0.8043724433440358	0.8043724433440356
N_AQ.1544	-1.1570742319130072	1.1570742319130067
N_AQ.1545	-1.5115471730873553	1.5115471730873549
N_AQ.1546	0.3770677814212033	-0.37706778142120345
N_AQ.1547	1.1218566359540578	-1.1218566359540576
N_AQ.1548	0.6785595271270495	-0.6785595271270493
N_AQ.1549	0.6852971575689522	-0.6852971575689522
N_AQ.155	-1.4563463796983391	1.4563463796983387
N_AQ.1550	1.1206418077223954	-1.1206418077223952
N_AQ.1551	-1.1521946441186344	1.1521946441186341
N_AQ.1552	1.0261129792083876	-1.0261129792083874
N_AQ.1553	-1.3768801128156245	1.3768801128156243
N_AQ.1554	-1.4784071167542336	1.4784071167542332
N_AQ.1555	-0.016852395192948753	0.01685239519294875
N_AQ.1556	-0.6128318234005579	0.6128318234005578
N_AQ.156	-0.5129105192492546	0.5129105192492543
N_AQ.157	1.5452126427485047	-1.5452126427485042
N_AQ.158	-0.4518831324937947	0.4518831324937946
N_AQ.159	-1.7533790508393574	1.753379050839357
N_AQ.16	-1.4853298787161335	1.4853298787161333
N_AQ.160	0.46877808630957385	-0.46877808630957374
N_AQ.161	-2.0604072797330333	2.060407279733033
N_AQ.163	-0.9322018684910344	0.9322018684910341
N_AQ.164	0.40284946419078144	-0.4028494641907813
N_AQ.165	-0.395891392286417	0.3958913922864172
N_AQ.167	0.20993144769704275	-0.20993144769704294
N_AQ.168	1.0329935977967564	-1.0329935977967564
N_AQ.169	-1.3755663517544194	1.3755663517544192
N_AQ.17	1.3233067155637288	-1.3233067155637288
N_AQ.170	-0.9400425013706071	0.9400425013706067
N_AQ.171	0.6302259700144054	-0.6302259700144053
N_AQ.172	-2.6274547158819197	2.6274547158819193
N_AQ.173	-0.12582775991441028	0.12582775991441025
N_AQ.174	-1.614020526160354	1.6140205261603535
N_AQ.175	0.7219473233848533	-0.7219473233848531
N_AQ.176	-0.9391354488632804	0.9391354488632802
N_AQ.177	0.6337221217362703	-0.6337221217362698
N_AQ.178	0.5350410509210818	-0.5350410509210819
N_AQ.179	1.555914284717895	-1.5559142847178946
N_AQ.180	1.0358847791256365	-1.0358847791256363
N_AQ.181	0.5586698406316616	-0.5586698406316611
N_AQ.182	0.549910629061729	-0.5499106290617288
N_AQ.183	0.3717725553626985	-0.3717725553626984
N_AQ.184	0.2222862960220756	-0.22228629602207553
N_AQ.185	0.3459833570851744	-0.3459833570851743
N_AQ.186	1.059300393271396	-1.0593003932713956
N_AQ.187	-1.102221033945123	1.1022210339451228
N_AQ.188	0.4272499649738164	-0.4272499649738165
N_AQ.189	-0.11617005514452591	0.11617005514452614
N_AQ.19	0.18373255355113002	-0.18373255355112997
N_AQ.190	1.3994060525121752	-1.3994060525121748
N_AQ.191	-0.8235562274355844	0.8235562274355842
N_AQ.193	-0.09482568019558134	0.09482568019558105
N_AQ.194	-1.0257495750809822	1.025749575080982
N_AQ.195	-1.324969637276925	1.3249696372769246
N_AQ.196	0.7822698255703014	-0.7822698255703014
N_AQ.197	-2.1521082824579123	2.152108282457912
N_AQ.198	0.675935289158718	-0.6759352891587176
N_AQ.199	0.2747587557258501	-0.2747587557258498
N_AQ.2	-1.6632954042595214	1.663295404259521
N_AQ.20	0.5685060247452987	-0.5685060247452984
N_AQ.200	-1.0768848692850108	1.0768848692850106
N_AQ.201	-1.156592950700317	1.1565929507003168
N_AQ.202	1.2165731427747584	-1.2165731427747581
N_AQ.203	0.05021006311520498	-0.0502100631152047
N_AQ.204	0.09028528191796584	-0.09028528191796581
N_AQ.205	0.43940588414856524	-0.43940588414856513
N_AQ.206	-0.7093643700393215	0.7093643700393214
N_AQ.207	-0.4043773267046296	0.4043773267046298
N_AQ.208	0.20899316426713446	-0.2089931642671344
N_AQ.209	0.5679232674879826	-0.5679232674879825
N_AQ.21	-0.4395991740099674	0.4395991740099673
N_AQ.210	1.2456364634795076	-1.2456364634795072
N_AQ.211	1.3575768065074265	-1.3575768065074265
N_AQ.212	1.3782656336467456	-1.3782656336467456
N_AQ.213	0.48998810574290314	-0.489988105742903
N_AQ.214	0.4141253468923716	-0.4141253468923715
N_AQ.215	0.006653561721022636	-0.0066535617210226345
N_AQ.216	0.41073265111404184	-0.41073265111404145
N_AQ.217	-1.465369105943886	1.4653691059438856
N_AQ.218	1.2139151946674878	-1.2139151946674873
N_AQ.219	1.3017347206199925	-1.3017347206199923
N_AQ.22	1.346487056214593	-1.3464870562145925
N_AQ.220	-2.332312820245356	2.3323128202453556
N_AQ.221	1.050996347422836	-1.050996347422836
N_AQ.222	-1.1236217064942637	1.1236217064942635
N_AQ.223	-0.03969667787445044	0.039696677874450165
N_AQ.224	0.9621119141534238	-0.9621119141534236
N_AQ.225	0.5799438014675267	-0.5799438014675266
N_AQ.226	-2.654263117046839	2.6542631170468387
N_AQ.227	0.4072238390662034	-0.4072238390662036
N_AQ.229	1.0293505290725318	-1.0293505290725313
N_AQ.23	0.13411067237569127	-0.13411067237569096
N_AQ.230	-0.5890732718075541	0.589073271807554
N_AQ.231	-0.5549322425659056	0.5549322425659053
N_AQ.232	0.6592097790935083	-0.6592097790935079
N_AQ.233	-0.49707209368373734	0.4970720936837372
N_AQ.234	-1.3019684421707391	1.301968442170739
N_AQ.235	0.5756839695169486	-0.5756839695169483
N_AQ.236	-0.2234413489294645	0.22344134892946443
N_AQ.237	0.7572825009092448	-0.7572825009092444
N_AQ.238	-0.2890568170902354	0.28905681709023506
N_AQ.239	-0.5135593500820514	0.5135593500820516
N_AQ.24	1.122139244709449	-1.1221392447094485
N_AQ.240	-1.326870001792638	1.3268700017926378
N_AQ.241	1.0221788486793961	-1.0221788486793957
N_AQ.242	0.8815207175601644	-0.8815207175601641
N_AQ.243	1.4899691942866076	-1.4899691942866071
N_AQ.244	0.08089416955580078	-0.08089416955580103
N_AQ.245	-1.1668853940816541	1.166885394081654
N_AQ.246	0.5807376573779112	-0.580737657377911
N_AQ.247	1.6015502633660668	-1.6015502633660663
N_AQ.248	1.2097036732319233	-1.2097036732319226
N_AQ.249	-0.13947405791679465	0.1394740579167949
N_AQ.25	0.47150603655891765	-0.47150603655891754
N_AQ.250	1.322802122643821	-1.322802122643821
N_AQ.251	0.5539192286483525	-0.5539192286483521
N_AQ.252	-0.8677284291003275	0.8677284291003273
N_AQ.253	-0.9445028809712274	0.9445028809712271
N_AQ.254	-2.1949047984611285	2.1949047984611276
N_AQ.255	0.015222591518259413	-0.015222591518259675
N_AQ.256	-2.182078817254779	2.1820788172547787
N_AQ.257	-0.9745278530110342	0.974527853011034
N_AQ.258	1.4881498890144174	-1.4881498890144171
N_AQ.259	-0.7933627377759644	0.7933627377759642
N_AQ.26	1.0547770769806	-1.0547770769805997
N_AQ.260	0.47658455850027953	-0.47658455850027964
N_AQ.261	0.7193007196274679	-0.719300719627468
N_AQ.262	0.8958530526284404	-0.8958530526284403
N_AQ.263	0.025325946859471697	-0.02532594685947169
N_AQ.264	-1.0633928654034923	1.063392865403492
N_AQ.265	0.6122780420814227	-0.6122780420814224
N_AQ.266	-0.3225321551440851	0.322532155144085
N_AQ.267	-0.18391158749485645	0.1839115874948564
N_AQ.268	-0.9997637792208958	0.9997637792208954
N_AQ.269	0.47802442866556516	-0.4780244286655653
N_AQ.27	0.4926856491084293	-0.4926856491084292
N_AQ.270	-1.0953737574375535	1.0953737574375533
N_AQ.271	0.9192199037121978	-0.9192199037121974
N_AQ.272	-0.969220486564367	0.9692204865643668
N_AQ.273	1.4462262184463417	-1.4462262184463417
N_AQ.274	1.4804502597446327	-1.4804502597446323
N_AQ.275	-2.5838906176438465	2.5838906176438456
N_AQ.276	-0.25461711871854503	0.25461711871854525
N_AQ.277	0.027597521470917954	-0.027597521470917947
N_AQ.278	1.790194666352995	-1.7901946663529946
N_AQ.279	0.4485232554543951	-0.448523255454395
N_AQ.28	-0.5150849696616698	0.5150849696616695
N_AQ.280	-2.029572140014311	2.0295721400143103
N_AQ.281	-0.2911800317543923	0.29118003175439194
N_AQ.282	0.9966757810160313	-0.9966757810160309
N_AQ.283	0.10434879628095672	-0.10434879628095696
N_AQ.284	-1.453518425329985	1.4535184253299847
N_AQ.285	-1.5095327855656935	1.509532785565693
N_AQ.286	0.04582652210281505	-0.045826522102815036
N_AQ.287	0.5240773404016212	-0.5240773404016211
N_AQ.288	0.32968282732721566	-0.3296828273272153
N_AQ.289	0.7892981550059557	-0.7892981550059552
N_AQ.29	-0.8675328143252676	0.8675328143252674
N_AQ.290	-0.4725201123566778	0.4725201123566777
N_AQ.291	0.1667427389430239	-0.16674273894302413
N_AQ.292	-0.28654759894705584	0.2865475989470558
N_AQ.293	1.2099983801993452	-1.2099983801993452
N_AQ.294	0.9404232455467325	-0.9404232455467322
N_AQ.295	-0.3158215873441933	0.31582158734419297
N_AQ.296	3.3477593923472005e-06	-3.347759392081586e-06
N_AQ.297	-0.7810271460944236	0.7810271460944234
N_AQ.298	-2.245457472391352	2.2454574723913514
N_AQ.299	-0.7053784281308728	0.7053784281308727
N_AQ.3	-1.6246148291569174	1.624614829156917
N_AQ.30	1.6053219967010053	-1.605321996701005
N_AQ.300	-0.4805038124995846	0.4805038124995845
N_AQ.301	-0.46179627549449337	0.46179627549449326
N_AQ.302	0.8305906706024024	-0.8305906706024019
N_AQ.303	0.7346426188881059	-0.7346426188881056
N_AQ.304	0.5154156867399254	-0.515415686739925
N_AQ.305	-1.3429285993148787	1.3429285993148785
N_AQ.306	1.573418044727867	-1.5734180447278663
N_AQ.307	-0.08117645935346296	0.08117645935346293
N_AQ.308	1.6556935302049343	-1.655693530204934
N_AQ.309	0.22328422497867934	-0.22328422497867953
N_AQ.31	0.9241134684293392	-0.924113468429339
N_AQ.310	-0.6841830970724109	0.6841830970724108
N_AQ.311	0.26401513459580417	-0.26401513459580433
N_AQ.312	1.223256277869641	-1.2232562778696408
N_AQ.313	0.6626215357224308	-0.6626215357224305
N_AQ.314	-1.4645106749182775	1.464510674918277
N_AQ.315	-1.4271040392762746	1.4271040392762742
N_AQ.316	-0.7233441535963162	0.723344153596316
N_AQ.317	-1.034991276556225	1.0349912765562246
N_AQ.318	1.2021470436148143	-1.202147043614814
N_AQ.319	-0.6993489682674172	0.699348968267417
N_AQ.32	1.1370235874579846	-1.1370235874579844
N_AQ.320	-0.6722194131129209	0.6722194131129208
N_AQ.321	-0.31121657756593857	0.3112165775659385
N_AQ.322	0.5821050038662602	-0.5821050038662597
N_AQ.323	0.3117850579174881	-0.31178505791748806
N_AQ.324	0.2964171550280226	-0.29641715502802257
N_AQ.325	0.9198567136169222	-0.9198567136169218
N_AQ.326	0.7309685647218738	-0.7309685647218735
N_AQ.327	-0.23079148725328416	0.23079148725328383
N_AQ.328	-1.994184219766688	1.9941842197666872
N_AQ.329	0.5423732738999821	-0.542373273899982
N_AQ.33	1.374107742086707	-1.3741077420867065
N_AQ.330	-0.20970503008558966	0.20970503008558936
N_AQ.331	-0.9394947389935685	0.9394947389935683
N_AQ.332	-0.012227460926103486	0.012227460926103217
N_AQ.333	1.3162104699287098	-1.3162104699287094
N_AQ.334	1.0225481953478772	-1.0225481953478768
N_AQ.335	-1.416923327304655	1.4169233273046549
N_AQ.336	-0.43985917750805237	0.43985917750805226
N_AQ.337	0.3791728521485171	-0.379172852148517
N_AQ.338	1.3184271839690647	-1.3184271839690644
N_AQ.339	1.2791422240983237	-1.2791422240983235
N_AQ.34	0.3409121863264337	-0.3409121863264334
N_AQ.340	0.842332127635722	-0.8423321276357216
N_AQ.341	1.0118156989684735	-1.0118156989684732
N_AQ.342	-0.8048724764252936	0.8048724764252934
N_AQ.343	-1.1496826154856536	1.1496826154856532
N_AQ.344	0.09465687327136206	-0.09465687327136203
N_AQ.345	0.6894078264319295	-0.6894078264319293
N_AQ.346	0.7564879513808526	-0.7564879513808526
N_AQ.347	0.5361007578913115	-0.5361007578913114
N_AQ.348	1.1944314563949423	-1.1944314563949423
N_AQ.349	-0.21029770192978364	0.2102977019297833
N_AQ.35	0.5943476771981843	-0.594347677198184
N_AQ.350	-1.6522330205841118	1.6522330205841114
N_AQ.351	0.8902541038685742	-0.890254103868574
N_AQ.352	-0.17646933102684825	0.17646933102684823
N_AQ.353	-1.0778075708572021	1.077807570857202
N_AQ.354	-1.3818110401705392	1.381811040170539
N_AQ.355	-1.5301333925251006	1.5301333925251002
N_AQ.356	-1.4657118413112555	1.465711841311255
N_AQ.357	-2.067327459019769	2.067327459019768
N_AQ.358	0.361200020026419	-0.36120002002641916
N_AQ.359	-1.1274132513963961	1.127413251396396
N_AQ.36	0.5674847721710272	-0.5674847721710273
N_AQ.360	-1.4307674171551283	1.430767417155128
N_AQ.361	-1.0348138815450727	1.0348138815450725
N_AQ.362	-0.5358916807597489	0.5358916807597488
N_AQ.363	0.7743014866761799	-0.7743014866761795
N_AQ.364	-1.0492511188450324	1.0492511188450322
N_AQ.365	1.525051295332431	-1.5250512953324302
N_AQ.366	-0.709662266315315	0.7096622663153148
N_AQ.367	-0.892509370533487	0.8925093705334868
N_AQ.368	1.0694924356632187	-1.0694924356632183
N_AQ.369	-2.3976062317430986	2.3976062317430977
N_AQ.37	0.7643419978855359	-0.7643419978855358
N_AQ.370	0.6963663117209413	-0.696366311720941
N_AQ.371	-1.65958449116881	1.6595844911688096
N_AQ.372	1.2619291801623158	-1.2619291801623154
N_AQ.373	-0.3116492606907346	0.3116492606907343
N_AQ.374	-0.9822504848974312	0.9822504848974309
N_AQ.375	0.8046571290192355	-0.8046571290192349
N_AQ.376	-1.0775699021827931	1.077569902182793
N_AQ.377	0.10004236476875464	-0.10004236476875435
N_AQ.378	-0.2856304548484558	0.28563045484845573
N_AQ.379	-1.768457294729977	1.7684572947299766
N_AQ.38	1.3378556675890994	-1.3378556675890991
N_AQ.380	0.2805961576808598	-0.28059615768085977
N_AQ.381	1.3891998806852077	-1.3891998806852075
N_AQ.382	-0.2850204194927003	0.28502041949270024
N_AQ.383	-2.34552269090185	2.345522690901849
N_AQ.384	0.7386755237104454	-0.7386755237104453
N_AQ.385	0.01575980043689162	-0.01575980043689188
N_AQ.386	-0.21725025972406928	0.21725025972406922
N_AQ.387	-0.6930770973259088	0.6930770973259087
N_AQ.388	-1.183741469515027	1.1837414695150268
N_AQ.389	-0.722090047360209	0.7220900473602088
N_AQ.39	0.41487254648469185	-0.41487254648469146
N_AQ.390	-0.17246105886520735	0.17246105886520732
N_AQ.391	0.24150154388945128	-0.24150154388945122
N_AQ.392	-0.5808346997985867	0.5808346997985866
N_AQ.393	0.5010824541574987	-0.5010824541574986
N_AQ.394	-0.41327024187088124	0.41327024187088085
N_AQ.395	-1.1513774263090264	1.1513774263090262
N_AQ.396	0.7339738163700039	-0.7339738163700035
N_AQ.397	-0.6341014879352296	0.6341014879352295
N_AQ.398	0.11037928247558758	-0.11037928247558729
N_AQ.399	1.0060996153486483	-1.0060996153486483
N_AQ.4	0.5465550471948256	-0.5465550471948252
N_AQ.40	0.8047529198295758	-0.8047529198295755
N_AQ.400	0.2130719877011193	-0.21307198770111924
N_AQ.401	0.29459402432152126	-0.29459402432152143
N_AQ.402	-0.5113143155693458	0.5113143155693456
N_AQ.403	0.6728032003010049	-0.6728032003010045
N_AQ.404	1.2179828760795905	-1.21798287607959
N_AQ.405	0.7563493991940433	-0.7563493991940432
N_AQ.406	-0.5122755424095201	0.5122755424095202
N_AQ.408	1.149404994685527	-1.1494049946855265
N_AQ.409	-0.34764670680715604	0.3476467068071562
N_AQ.41	-2.720384410798576	2.7203844107985757
N_AQ.410	0.07885637398524428	-0.07885637398524425
N_AQ.411	-0.5462209595650481	0.546220959565048
N_AQ.412	-0.7446229648034361	0.7446229648034359
N_AQ.413	-1.5952205405800937	1.5952205405800932
N_AQ.414	-2.1282283472218544	2.128228347221854
N_AQ.415	0.13478428511018936	-0.13478428511018933
N_AQ.416	-1.5994102436376767	1.5994102436376763
N_AQ.417	-0.7861954425147968	0.7861954425147966
N_AQ.418	-0.9289992081728142	0.928999208172814
N_AQ.419	-0.6315523936034508	0.6315523936034506
N_AQ.42	-1.9243422657242357	1.9243422657242353
N_AQ.420	1.4019370192400886	-1.4019370192400882
N_AQ.421	-1.0294311228108284	1.029431122810828
N_AQ.422	1.10201375653474	-1.1020137565347397
N_AQ.423	-0.57709830640375	0.5770983064037499
N_AQ.424	-0.5987546839231985	0.5987546839231983
N_AQ.425	-0.04201992483884194	0.04201992483884193
N_AQ.426	-0.3515852644776419	0.35158526447764155
N_AQ.427	1.57039795572505	-1.5703979557250494
N_AQ.428	1.4585086460832446	-1.458508646083244
N_AQ.429	-0.2810036735919125	0.28100367359191214
N_AQ.43	-0.39834009615585664	0.3983400961558568
N_AQ.430	1.5403982852661213	-1.5403982852661213
N_AQ.431	-1.5798218327531786	1.5798218327531781
N_AQ.432	1.1384096127513532	-1.1384096127513532
N_AQ.433	1.0684008816549824	-1.0684008816549817
N_AQ.434	-2.2149929453572113	2.2149929453572104
N_AQ.435	-0.20017580503736543	0.20017580503736537
N_AQ.436	-0.12022340368892899	0.12022340368892896
N_AQ.437	-0.6958123665433004	0.6958123665433001
N_AQ.438	1.2293666504877783	-1.2293666504877778
N_AQ.439	1.4964900237052845	-1.496490023705284
N_AQ.44	-2.0551027423417656	2.055102742341765
N_AQ.440	-0.22654581255931183	0.22654581255931203
N_AQ.441	1.2506553403916858	-1.2506553403916856
N_AQ.442	-0.8631337568795703	0.8631337568795701
N_AQ.443	0.9314657294841501	-0.9314657294841499
N_AQ.444	-0.20543782136733468	0.2054378213673349
N_AQ.445	-0.9836106098464824	0.9836106098464821
N_AQ.446	0.9682428648299928	-0.9682428648299927
N_AQ.447	-1.5067130151737587	1.5067130151737582
N_AQ.448	1.2521350944877727	-1.2521350944877725
N_AQ.449	0.5003758582826289	-0.5003758582826286
N_AQ.45	-0.7329374556529279	0.7329374556529278
N_AQ.450	0.7282209043389684	-0.7282209043389684
N_AQ.451	0.12558017762246088	-0.12558017762246085
N_AQ.452	0.4182809521403148	-0.41828095214031447
N_AQ.453	-0.02290794517479368	0.02290794517479367
N_AQ.454	0.5345896849133898	-0.5345896849133899
N_AQ.455	-1.934477216569851	1.9344772165698503
N_AQ.456	-1.439842172546961	1.4398421725469606
N_AQ.457	0.956366137787024	-0.9563661377870235
N_AQ.458	1.2969139658363458	-1.2969139658363453
N_AQ.459	-1.4452154894964913	1.445215489496491
N_AQ.46	-0.27577644417125885	0.2757764441712588
N_AQ.460	0.06020063721761477	-0.06020063721761502
N_AQ.461	-1.9705619939759227	1.970561993975922
N_AQ.462	-0.11647916478700611	0.11647916478700608
N_AQ.463	-0.8154328196172056	0.8154328196172054
N_AQ.464	0.3622997409783465	-0.36229974097834666
N_AQ.465	-1.8908043621606	1.8908043621605997
N_AQ.466	0.5360474574732338	-0.5360474574732336
N_AQ.467	1.0906965640788646	-1.0906965640788642
N_AQ.468	0.8069690827389694	-0.8069690827389694
N_AQ.469	-0.7148507104371364	0.7148507104371362
N_AQ.47	-0.2925566319801672	0.2925566319801671
N_AQ.470	0.38531901085377157	-0.38531901085377174
N_AQ.471	0.8834154294254123	-0.8834154294254122
N_AQ.472	0.21333287040621327	-0.2133328704062132
N_AQ.473	0.39997062912759074	-0.3999706291275907
N_AQ.474	-2.428698079451238	2.428698079451237
N_AQ.475	1.3998923662758485	-1.3998923662758482
N_AQ.476	1.678804656647375	-1.6788046566473749
N_AQ.477	-1.4398858722970818	1.4398858722970813
N_AQ.478	-0.16229743707689126	0.16229743707689123
N_AQ.479	0.702196274619156	-0.7021962746191558
N_AQ.48	1.1125196067223377	-1.1125196067223375
N_AQ.480	-0.470221510269445	0.4702215102694446
N_AQ.481	1.1034171533464072	-1.1034171533464068
N_AQ.482	-1.0837033037058468	1.0837033037058463
N_AQ.483	-0.8159559545169347	0.8159559545169345
N_AQ.484	0.5463603845056293	-0.5463603845056294
N_AQ.485	-0.35829335693689973	0.3582933569368996
N_AQ.486	-0.8470521572273698	0.8470521572273696
N_AQ.487	-0.1271743235800273	0.12717432358002753
N_AQ.488	0.13006533265614192	-0.13006533265614215
N_AQ.489	0.7408418920684309	-0.7408418920684304
N_AQ.49	0.6507392574467274	-0.6507392574467276
N_AQ.490	1.153515934770918	-1.153515934770918
N_AQ.491	0.2560396512151081	-0.25603965121510824
N_AQ.492	1.0160990468943758	-1.0160990468943754
N_AQ.493	-0.5673676869354214	0.5673676869354213
N_AQ.494	-1.2699868516637443	1.2699868516637438
N_AQ.495	-0.06906418085051012	0.06906418085051037
N_AQ.496	-1.554006931216396	1.5540069312163955
N_AQ.497	1.5457061718754204	-1.5457061718754197
N_AQ.498	0.2844862304986175	-0.2844862304986177
N_AQ.499	-0.23907705677688346	0.23907705677688365
N_AQ.5	-1.062018366152822	1.0620183661528217
N_AQ.50	0.7660155213969279	-0.7660155213969276
N_AQ.500	-0.5757904993588648	0.5757904993588646
N_AQ.501	-0.5004012876693057	0.5004012876693053
N_AQ.502	-0.38637225870870334	0.386372258708703
N_AQ.503	0.475491372830418	-0.47549137283041815
N_AQ.504	0.67252237362746	-0.6725223736274598
N_AQ.505	0.7178434014887561	-0.7178434014887562
N_AQ.506	-1.4774897505698588	1.4774897505698585
N_AQ.507	1.5046434886536832	-1.5046434886536826
N_AQ.508	-1.8404660136097402	1.8404660136097397
N_AQ.509	1.0679475423415274	-1.067947542341527
N_AQ.51	0.2391860092597985	-0.23918600925979872
N_AQ.510	0.5424002764320615	-0.5424002764320613
N_AQ.511	1.4151182138451863	-1.4151182138451859
N_AQ.512	-1.2559204742225445	1.2559204742225443
N_AQ.513	0.2488069972382063	-0.24880699723820596
N_AQ.514	1.28245508416505	-1.2824550841650495
N_AQ.515	0.833435660520302	-0.8334356605203019
N_AQ.516	0.8721997102917076	-0.8721997102917074
N_AQ.517	-1.3854202992476303	1.3854202992476299
N_AQ.518	-1.7791055523394395	1.779105552339439
N_AQ.519	1.452708550904526	-1.4527085509045257
N_AQ.52	-0.27379529304458766	0.2737952930445876
N_AQ.520	1.2661779211122932	-1.2661779211122928
N_AQ.521	-0.20801760395978805	0.208017603959788
N_AQ.522	-2.4324343772006456	2.4324343772006447
N_AQ.523	-2.41917890518967	2.4191789051896695
N_AQ.524	0.25123413831169766	-0.2512341383116979
N_AQ.525	0.5162296097904402	-0.5162296097904399
N_AQ.526	1.1988917986086178	-1.1988917986086174
N_AQ.527	0.5419105345977292	-0.5419105345977288
N_AQ.528	-0.2822470191390259	0.2822470191390258
N_AQ.529	0.26418137809532616	-0.2641813780953258
N_AQ.53	0.850303137076816	-0.8503031370768158
N_AQ.530	-1.797719418271731	1.7977194182717307
N_AQ.531	0.551245339008453	-0.5512453390084529
N_AQ.532	-1.045501886813688	1.0455018868136878
N_AQ.533	-2.2745967396263516	2.274596739626351
N_AQ.534	-0.3263056439477437	0.32630564394774364
N_AQ.535	0.24605660355779888	-0.24605660355779882
N_AQ.536	-1.4534382057982402	1.4534382057982398
N_AQ.537	1.249244756105418	-1.2492447561054174
N_AQ.538	1.4042626493349164	-1.4042626493349162
N_AQ.539	1.212793048086107	-1.2127930480861067
N_AQ.54	-1.876025306036837	1.8760253060368364
N_AQ.540	1.3697152468355704	-1.3697152468355702
N_AQ.541	-0.6301461542690168	0.6301461542690167
N_AQ.542	0.7185901226524832	-0.718590122652483
N_AQ.543	-0.7667354487826735	0.7667354487826733
N_AQ.544	-0.15568132276298977	0.15568132276299
N_AQ.545	-1.5677911781774045	1.567791178177404
N_AQ.547	-1.8916346988518036	1.8916346988518031
N_AQ.548	-1.5225007153394827	1.5225007153394823
N_AQ.549	0.9862083770426753	-0.9862083770426753
N_AQ.55	-0.2557822676079291	0.25578226760792877
N_AQ.550	-0.20085806247733606	0.20085806247733576
N_AQ.551	-1.0324789599436022	1.0324789599436017
N_AQ.552	0.2213828224065025	-0.22138282240650245
N_AQ.553	-0.9593162791745687	0.9593162791745685
N_AQ.554	0.3030741369633087	-0.30307413696330865
N_AQ.555	1.0184627564874884	-1.0184627564874882
N_AQ.556	-1.1420563893802371	1.1420563893802367
N_AQ.557	1.2391464163809451	-1.2391464163809445
N_AQ.558	0.9829278141253315	-0.9829278141253311
N_AQ.559	-0.13602041322458186	0.13602041322458155
N_AQ.56	0.5985963559407232	-0.598596355940723
N_AQ.560	0.2760239381261991	-0.27602393812619874
N_AQ.561	-0.8379068583692729	0.8379068583692727
N_AQ.562	-0.2550304665917881	0.255030466591788
N_AQ.563	1.1072657737772382	-1.1072657737772376
N_AQ.564	-1.4706235209872087	1.4706235209872083
N_AQ.565	0.7976462105571701	-0.7976462105571698
N_AQ.566	-0.7189038032551491	0.7189038032551489
N_AQ.567	0.31090388813881775	-0.31090388813881764
N_AQ.568	-2.3139533811238095	2.313953381123809
N_AQ.569	0.3337854443711204	-0.3337854443711203
N_AQ.57	1.2734328337433458	-1.2734328337433454
N_AQ.570	-0.7384690890129072	0.738469089012907
N_AQ.571	-0.40655894988530145	0.40655894988530134
N_AQ.572	-1.4077543902523488	1.4077543902523484
N_AQ.573	0.961358860887271	-0.9613588608872705
N_AQ.574	-1.1207038288947133	1.120703828894713
N_AQ.575	-0.6247350447646324	0.6247350447646323
N_AQ.576	0.12046560350966129	-0.12046560350966125
N_AQ.577	-0.143483283306565	0.14348328330656523
N_AQ.578	0.3891783764924242	-0.3891783764924238
N_AQ.579	-0.03523859666908001	0.035238596669080004
N_AQ.58	0.3150827350953748	-0.3150827350953745
N_AQ.580	0.16581558848604447	-0.1658155884860447
N_AQ.581	0.1575932299700608	-0.1575932299700605
N_AQ.582	0.041252051704516894	-0.04125205170451688
N_AQ.583	-0.5793141513679902	0.5793141513679901
N_AQ.584	1.4169097230711891	-1.4169097230711887
N_AQ.585	-1.4230548613981182	1.4230548613981178
N_AQ.586	0.9152053669521854	-0.9152053669521851
N_AQ.587	-0.6687936575320177	0.6687936575320175
N_AQ.588	0.10733623359292974	-0.10733623359292943
N_AQ.589	-0.18548119979647845	0.18548119979647815
N_AQ.59	0.2892376969195882	-0.28923769691958817
N_AQ.590	-0.26766936910346595	0.2676693691034656
N_AQ.591	1.3685428886278617	-1.3685428886278614
N_AQ.592	0.12661821817501415	-0.1266182181750141
N_AQ.593	-1.0768165142545556	1.0768165142545554
N_AQ.594	-1.1885663724861621	1.1885663724861617
N_AQ.595	-0.3803914819052181	0.38039148190521777
N_AQ.596	-0.3982470490405488	0.3982470490405487
N_AQ.597	-0.09335661656203657	0.09335661656203656
N_AQ.598	-1.6678604012985334	1.667860401298533
N_AQ.599	1.2031853737650855	-1.203185373765085
N_AQ.6	0.737058569618206	-0.737058569618206
N_AQ.60	-0.5915574487937142	0.5915574487937141
N_AQ.600	-1.4719550118465676	1.4719550118465672
N_AQ.601	0.14514235692857502	-0.14514235692857497
N_AQ.602	0.6722422164126122	-0.672242216412612
N_AQ.603	-0.16705762479469485	0.16705762479469483
N_AQ.604	1.0971539590956403	-1.09715395909564
N_AQ.605	-0.6554892718017774	0.6554892718017772
N_AQ.606	0.6658502443334902	-0.6658502443334902
N_AQ.607	-1.6898038306112084	1.689803830611208
N_AQ.608	1.1196216631186835	-1.119621663118683
N_AQ.609	0.1368499699418514	-0.13684996994185109
N_AQ.61	0.498231989062408	-0.4982319890624079
N_AQ.610	0.8002410994491375	-0.8002410994491372
N_AQ.611	0.8521019011709349	-0.8521019011709348
N_AQ.612	0.3134577495091285	-0.3134577495091282
N_AQ.613	-1.211345058852904	1.2113450588529038
N_AQ.614	-0.05411172461452491	0.05411172461452516
N_AQ.615	0.1528758824720055	-0.15287588247200545
N_AQ.616	-1.4433832422263395	1.443383242226339
N_AQ.617	-0.5277632399443398	0.5277632399443397
N_AQ.618	-1.5319521510836858	1.5319521510836853
N_AQ.619	1.0009798619637738	-1.0009798619637735
N_AQ.62	-1.0011685296662645	1.001168529666264
N_AQ.620	1.4069362429597054	-1.4069362429597054
N_AQ.621	-0.4587781968291388	0.45877819682913895
N_AQ.622	-0.7270384000698059	0.7270384000698057
N_AQ.623	-1.77029150910215	1.7702915091021496
N_AQ.624	1.5093683749404692	-1.5093683749404687
N_AQ.625	-1.2023628281273528	1.2023628281273524
N_AQ.626	-1.2624211931765452	1.2624211931765448
N_AQ.627	-0.9952907112397568	0.9952907112397564
N_AQ.628	1.427489231161918	-1.4274892311619178
N_AQ.629	1.108724794700135	-1.1087247947001344
N_AQ.63	1.2132620964680059	-1.2132620964680056
N_AQ.630	-0.050656552334137774	0.05065655233413802
N_AQ.631	0.6632209496976716	-0.6632209496976718
N_AQ.632	0.5220923433874386	-0.5220923433874384
N_AQ.633	-0.5243931917687034	0.5243931917687032
N_AQ.634	-2.028702501534513	2.0287025015345126
N_AQ.635	0.4253625148706615	-0.4253625148706614
N_AQ.636	-1.1501852016419423	1.150185201641942
N_AQ.637	1.569702763568882	-1.5697027635688816
N_AQ.638	-2.2560385373083136	2.2560385373083127
N_AQ.639	1.102588118939346	-1.1025881189393458
N_AQ.64	0.9936666232457291	-0.9936666232457287
N_AQ.640	1.104592457330395	-1.1045924573303947
N_AQ.641	0.8434827283761748	-0.8434827283761747
N_AQ.642	1.3712676039609528	-1.3712676039609526
N_AQ.643	0.8555893469306955	-0.8555893469306952
N_AQ.644	0.42553228939425924	-0.42553228939425886
N_AQ.645	1.4654115242110461	-1.465411524211046
N_AQ.646	0.8011684719872695	-0.8011684719872695
N_AQ.647	0.3640984073960573	-0.3640984073960572
N_AQ.648	1.459322058692719	-1.4593220586927185
N_AQ.649	-2.228492345366095	2.228492345366094
N_AQ.650	-1.4429781781362088	1.4429781781362083
N_AQ.651	0.1628363265349649	-0.1628363265349646
N_AQ.652	0.9956082551434015	-0.9956082551434015
N_AQ.653	1.189849449163128	-1.1898494491631275
N_AQ.654	0.5791047785693146	-0.5791047785693143
N_AQ.655	-1.1211004095273454	1.121100409527345
N_AQ.656	1.0686270276079335	-1.068627027607933
N_AQ.657	1.324978611274415	-1.3249786112744146
N_AQ.658	1.5126252597308747	-1.5126252597308742
N_AQ.659	-0.8889933225499647	0.8889933225499644
N_AQ.66	1.7067030071355531	-1.706703007135553
N_AQ.660	0.2588780366222092	-0.2588780366222091
N_AQ.661	-1.2700270825242614	1.270027082524261
N_AQ.662	-1.9247706243750076	1.9247706243750071
N_AQ.663	-0.6208465263650482	0.620846526365048
N_AQ.664	1.3167506396539244	-1.3167506396539241
N_AQ.665	-0.49427176465141526	0.49427176465141487
N_AQ.666	-0.9379596445011806	0.9379596445011804
N_AQ.667	0.6149434653427929	-0.6149434653427928
N_AQ.668	1.096004893791638	-1.0960048937916376
N_AQ.669	1.0641958815206098	-1.0641958815206098
N_AQ.67	-0.08585457286357241	0.0858545728635724
N_AQ.670	-0.06734554082541362	0.06734554082541387
N_AQ.671	0.7874152625530124	-0.7874152625530121
N_AQ.672	0.7891491829587212	-0.7891491829587209
N_AQ.673	0.8287103079886935	-0.828710307988693
N_AQ.674	-1.7876029108154017	1.787602910815401
N_AQ.675	0.5928275224703395	-0.5928275224703397
N_AQ.676	0.37396810541784414	-0.3739681054178443
N_AQ.677	-1.7309914669802515	1.730991466980251
N_AQ.678	0.648379809004715	-0.6483798090047149
N_AQ.679	-0.9810564207106788	0.9810564207106784
N_AQ.68	0.09889696813480915	-0.09889696813480912
N_AQ.680	-2.0628276527483678	2.062827652748367
N_AQ.681	-2.0328895743571094	2.0328895743571085
N_AQ.682	0.26157635367529014	-0.2615763536752901
N_AQ.683	1.3715432408088475	-1.3715432408088473
N_AQ.684	-0.8379839062425315	0.8379839062425313
N_AQ.685	-0.7875933588263261	0.7875933588263259
N_AQ.686	-0.9499853800598989	0.9499853800598986
N_AQ.687	0.9260507293891203	-0.9260507293891199
N_AQ.688	-0.4813812246928479	0.48138122469284744
N_AQ.689	-0.18638279127196503	0.18638279127196497
N_AQ.69	-0.42354370413210496	0.42354370413210485
N_AQ.690	-1.6495264223824506	1.6495264223824502
N_AQ.691	0.9666390755306324	-0.9666390755306321
N_AQ.692	0.25640064104780463	-0.2564006410478046
N_AQ.693	0.11750684987703804	-0.11750684987703801
N_AQ.694	0.41874372372368496	-0.41874372372368485
N_AQ.695	1.5920819768848693	-1.5920819768848689
N_AQ.696	0.025097509007162684	-0.025097509007162944
N_AQ.697	0.36797315142732384	-0.36797315142732373
N_AQ.698	0.5601270609128397	-0.5601270609128394
N_AQ.699	0.32930629000098405	-0.329306290000984
N_AQ.7	-0.015517195478094216	0.015517195478094478
N_AQ.70	0.22259661536551237	-0.2225966153655123
N_AQ.700	1.3640189958317108	-1.3640189958317108
N_AQ.701	-0.26169798234760866	0.2616979823476083
N_AQ.702	-0.03406370577415325	0.034063705774153505
N_AQ.703	-1.1626947180390137	1.1626947180390135
N_AQ.704	-2.0337296214723373	2.033729621472337
N_AQ.705	1.1694564598973922	-1.1694564598973918
N_AQ.706	-1.9384547005408124	1.938454700540812
N_AQ.707	-2.1118052615533935	2.111805261553393
N_AQ.708	-0.3162553219103541	0.3162553219103543
N_AQ.709	1.4413185545336	-1.4413185545335998
N_AQ.71	1.5045002288263436	-1.504500228826343
N_AQ.710	0.13542241912782013	-0.13542241912782038
N_AQ.711	-1.9557598404345355	1.955759840434535
N_AQ.712	1.1636557398767542	-1.1636557398767535
N_AQ.713	-0.19206407455213698	0.19206407455213667
N_AQ.714	1.2978189569428633	-1.2978189569428633
N_AQ.715	0.06542747478806137	-0.06542747478806134
N_AQ.716	-0.07078715130547249	0.07078715130547221
N_AQ.717	0.2230328409354007	-0.2230328409354009
N_AQ.718	0.1001714217570545	-0.10017142175705475
N_AQ.719	-0.20771981932174	0.2077198193217397
N_AQ.72	1.385744408442448	-1.385744408442448
N_AQ.720	0.7580077543453604	-0.75800775434536
N_AQ.721	-0.05631530324750888	0.05631530324750913
N_AQ.722	0.4501673255868852	-0.4501673255868851
N_AQ.723	-0.11142918288767568	0.11142918288767566
N_AQ.724	1.5751500364490243	-1.5751500364490238
N_AQ.725	0.5833496128390212	-0.5833496128390213
N_AQ.726	-0.47950108734117747	0.4795010873411771
N_AQ.727	-0.07726022052334962	0.07726022052334987
N_AQ.728	1.372295690262727	-1.3722956902627266
N_AQ.729	-0.32630081905138714	0.32630081905138675
N_AQ.73	1.3191127653645782	-1.319112765364578
N_AQ.730	1.5949600643381854	-1.594960064338185
N_AQ.731	1.3825691231526704	-1.38256912315267
N_AQ.732	1.1332960738403433	-1.133296073840343
N_AQ.733	-0.6835620446860858	0.6835620446860856
N_AQ.734	0.36765759206581977	-0.36765759206581994
N_AQ.735	0.3984208402325116	-0.3984208402325115
N_AQ.736	-0.49817735349154485	0.4981773534915447
N_AQ.737	-2.0115338951359005	2.0115338951358996
N_AQ.738	1.1255251912035984	-1.1255251912035982
N_AQ.739	0.3258159433291227	-0.3258159433291226
N_AQ.74	-0.8771931478545967	0.8771931478545965
N_AQ.740	-0.827716341725773	0.8277163417257728
N_AQ.741	1.2140693006548477	-1.2140693006548473
N_AQ.742	0.8794130467276957	-0.8794130467276954
N_AQ.744	-1.6021333648237703	1.6021333648237701
N_AQ.745	-0.053724277668772566	0.05372427766877255
N_AQ.746	1.5234142281210354	-1.5234142281210348
N_AQ.747	-0.8465867919463093	0.846586791946309
N_AQ.748	0.8845513330290349	-0.8845513330290348
N_AQ.749	1.6635501762434133	-1.6635501762434124
N_AQ.75	0.7780734489574439	-0.7780734489574438
N_AQ.750	1.2881020153475906	-1.2881020153475902
N_AQ.751	-0.05228932684452178	0.052289326844521505
N_AQ.752	-0.7548587731168538	0.7548587731168536
N_AQ.753	-0.8733798667616686	0.8733798667616683
N_AQ.754	0.7091806489424523	-0.7091806489424521
N_AQ.755	1.2092116403099762	-1.209211640309976
N_AQ.756	0.6532889045029061	-0.653288904502906
N_AQ.757	1.3155532127108445	-1.315553212710844
N_AQ.758	0.20029257171422826	-0.20029257171422848
N_AQ.759	1.3146297843280381	-1.3146297843280375
N_AQ.76	1.476678845145545	-1.476678845145545
N_AQ.760	1.3597807551337155	-1.359780755133715
N_AQ.761	1.486581437473072	-1.4865814374730715
N_AQ.762	0.030073167422321783	-0.030073167422321776
N_AQ.763	-0.04549516269371305	0.045495162693713044
N_AQ.764	0.6320749319716668	-0.6320749319716669
N_AQ.765	0.41834196871883567	-0.4183419687188353
N_AQ.766	-0.46063676634592465	0.46063676634592454
N_AQ.767	-2.3669673111926888	2.3669673111926883
N_AQ.768	0.1777713420108435	-0.1777713420108437
N_AQ.769	0.14911868683308577	-0.14911868683308574
N_AQ.77	-1.7435337174057999	1.7435337174057992
N_AQ.770	0.18577579124469065	-0.1857757912446906
N_AQ.771	0.016410338194447843	-0.01641033819444784
N_AQ.772	-0.3283720790427881	0.32837207904278803
N_AQ.773	-0.11194386328947467	0.11194386328947463
N_AQ.774	-0.5741711488089614	0.5741711488089613
N_AQ.775	0.22613334986923098	-0.22613334986923092
N_AQ.776	0.7126096544586151	-0.712609654458615
N_AQ.777	-2.2575247164898853	2.257524716489885
N_AQ.778	-1.4620405538326557	1.4620405538326553
N_AQ.779	-1.1372015498834736	1.1372015498834733
N_AQ.78	0.027320545762339513	-0.02732054576233924
N_AQ.780	-0.502403915466773	0.5024039154667728
N_AQ.781	-0.12975702456560567	0.12975702456560592
N_AQ.782	0.13980351076918432	-0.1398035107691843
N_AQ.783	-1.8476888189770226	1.8476888189770222
N_AQ.784	1.1330526285279958	-1.1330526285279956
N_AQ.785	0.9224054849264576	-0.9224054849264572
N_AQ.786	-0.12625781820235593	0.1262578182023559
N_AQ.787	0.36736132707425523	-0.3673613270742554
N_AQ.788	1.3063881065936807	-1.30638810659368
N_AQ.789	1.0646033547200175	-1.0646033547200175
N_AQ.79	-1.8247069048091182	1.8247069048091178
N_AQ.790	0.9027694124899014	-0.9027694124899014
N_AQ.791	-0.20852063383205294	0.20852063383205313
N_AQ.792	1.716507635289917	-1.7165076352899162
N_AQ.793	1.1818415748601625	-1.181841574860162
N_AQ.794	0.786524338942736	-0.7865243389427357
N_AQ.795	0.5842041897009366	-0.5842041897009363
N_AQ.796	-0.18537778873605448	0.18537778873605443
N_AQ.797	-1.892437484584941	1.8924374845849403
N_AQ.798	-0.5038174227897786	0.5038174227897781
N_AQ.799	-1.9253486556527506	1.92534865565275
N_AQ.8	0.4767248071695639	-0.4767248071695638
N_AQ.80	0.8280034608598061	-0.8280034608598058
N_AQ.800	-1.3976194174128593	1.397619417412859
N_AQ.801	1.455598136476789	-1.4555981364767885
N_AQ.802	0.9303676132357432	-0.930367613235743
N_AQ.803	-0.41289525419393297	0.41289525419393286
N_AQ.804	-1.797451646891123	1.7974516468911226
N_AQ.805	-0.03133404529417753	0.03133404529417726
N_AQ.806	0.680351288848412	-0.6803512888484118
N_AQ.807	-1.7531396265949737	1.7531396265949732
N_AQ.808	1.181022666000613	-1.1810226660006125
N_AQ.809	1.1935346905145126	-1.193534690514512
N_AQ.81	1.329297825525112	-1.3292978255251116
N_AQ.810	1.2913932784231776	-1.291393278423177
N_AQ.811	-0.24010633305765267	0.24010633305765233
N_AQ.812	-1.4780651686804152	1.4780651686804147
N_AQ.813	-1.1147605183010338	1.1147605183010334
N_AQ.814	0.13591295006606063	-0.13591295006606058
N_AQ.815	-0.7827770982868926	0.7827770982868923
N_AQ.816	0.3338104649899741	-0.33381046498997397
N_AQ.817	-1.199483698762912	1.1994836987629118
N_AQ.818	-0.7269099086981443	0.7269099086981441
N_AQ.819	-0.05716358108193838	0.057163581081938364
N_AQ.82	1.2156995366021235	-1.2156995366021233
N_AQ.820	-2.2709001613548567	2.270900161354856
N_AQ.821	1.5755651935993298	-1.5755651935993291
N_AQ.822	0.13110719165301057	-0.13110719165301055
N_AQ.823	-0.009327343860778603	0.009327343860778867
N_AQ.824	-0.8347972455675429	0.8347972455675426
N_AQ.825	1.1825212315384326	-1.1825212315384324
N_AQ.826	0.5974330441467477	-0.5974330441467478
N_AQ.827	1.0257514581173073	-1.025751458117307
N_AQ.828	0.28005416423112284	-0.28005416423112245
N_AQ.829	-1.1847454973482174	1.1847454973482172
N_AQ.83	-0.8293339298193961	0.8293339298193959
N_AQ.830	-0.07405938942601296	0.07405938942601294
N_AQ.831	-0.8544740090655946	0.8544740090655943
N_AQ.832	1.6235550251466637	-1.6235550251466635
N_AQ.833	-1.0054475791259423	1.005447579125942
N_AQ.834	-1.0766340446036184	1.0766340446036182
N_AQ.835	1.2813411320470534	-1.281341132047053
N_AQ.836	0.5347240172949936	-0.5347240172949935
N_AQ.837	0.3269711201557736	-0.3269711201557738
N_AQ.838	-0.14246943606247545	0.14246943606247542
N_AQ.839	0.24607284497820558	-0.24607284497820553
N_AQ.84	-2.0897986203904226	2.089798620390422
N_AQ.840	-2.1608879464233897	2.160887946423389
N_AQ.841	1.575210658495609	-1.5752106584956087
N_AQ.842	0.6048292579333323	-0.6048292579333322
N_AQ.843	0.902785742318182	-0.9027857423181815
N_AQ.844	-0.5355659893934052	0.535565989393405
N_AQ.845	-0.8702830955646008	0.8702830955646005
N_AQ.846	0.28400730592912127	-0.2840073059291212
N_AQ.847	1.5311202942351867	-1.531120294235186
N_AQ.848	-0.40089467917396776	0.40089467917396765
N_AQ.849	-0.1593480718263093	0.15934807182630925
N_AQ.85	-2.0191742681542304	2.01917426815423
N_AQ.850	0.23235238869295274	-0.2323523886929527
N_AQ.851	0.6508886282639579	-0.6508886282639578
N_AQ.852	1.0530923367954537	-1.0530923367954532
N_AQ.853	0.26001551415067514	-0.2600155141506751
N_AQ.854	0.06904770568344337	-0.06904770568344362
N_AQ.855	0.2991408292983584	-0.29914082929835856
N_AQ.856	0.3560521481684301	-0.3560521481684303
N_AQ.857	0.30689747753228364	-0.3068974775322836
N_AQ.858	-0.8160518859096454	0.8160518859096452
N_AQ.859	0.4707345928822451	-0.470734592882245
N_AQ.86	0.5768407273240876	-0.5768407273240875
N_AQ.860	0.26487321662901236	-0.26487321662901253
N_AQ.861	1.3247660104525152	-1.3247660104525147
N_AQ.862	1.473033812036663	-1.4730338120366624
N_AQ.863	1.3500671968598343	-1.3500671968598337
N_AQ.864	0.7629175885047901	-0.7629175885047902
N_AQ.865	-0.4865388916446126	0.4865388916446125
N_AQ.866	0.07961229534512511	-0.07961229534512482
N_AQ.867	-0.1840950287665513	0.18409502876655126
N_AQ.868	-1.5016913327440184	1.501691332744018
N_AQ.869	-0.6052011434684398	0.6052011434684397
N_AQ.87	0.6296881975133353	-0.6296881975133354
N_AQ.870	0.6719291912629	-0.6719291912628997
N_AQ.871	-0.011209179214478577	0.01120917921447831
N_AQ.872	-0.8503979975525752	0.850397997552575
N_AQ.873	-1.662118268097582	1.6621182680975815
N_AQ.874	-0.9221837202297563	0.922183720229756
N_AQ.875	0.22922709879025924	-0.22922709879025918
N_AQ.876	-0.2971343721593162	0.29713437215931615
N_AQ.877	0.4172924682130293	-0.4172924682130289
N_AQ.878	0.5094445048595733	-0.5094445048595728
N_AQ.879	1.6020918395222783	-1.602091839522278
N_AQ.88	1.5745926245532593	-1.5745926245532589
N_AQ.880	-2.550717046229318	2.5507170462293174
N_AQ.881	0.08004354731241875	-0.08004354731241899
N_AQ.882	1.140392877789286	-1.140392877789286
N_AQ.883	0.966117504854245	-0.9661175048542446
N_AQ.884	-0.41432707370130173	0.4143270737013016
N_AQ.885	-0.5208538701519868	0.5208538701519866
N_AQ.886	0.587210916565605	-0.5872109165656051
N_AQ.887	0.13251344718928904	-0.13251344718928873
N_AQ.888	-0.029925479817751524	0.029925479817751517
N_AQ.889	-1.4245329620985372	1.4245329620985367
N_AQ.89	0.16940290068047242	-0.16940290068047265
N_AQ.890	-0.9856126194177367	0.9856126194177364
N_AQ.891	-0.9680248001062065	0.9680248001062062
N_AQ.892	-1.6364090340327124	1.6364090340327122
N_AQ.893	0.636044765360502	-0.6360447653605021
N_AQ.894	-0.4116380241272827	0.41163802412728284
N_AQ.895	-0.41594764876361157	0.4159476487636112
N_AQ.896	-0.22626444753192637	0.22626444753192604
N_AQ.897	-0.9369598734296761	0.9369598734296758
N_AQ.898	-0.16203988161211771	0.16203988161211766
N_AQ.899	1.089971866622054	-1.0899718666220537
N_AQ.9	1.361957806039592	-1.3619578060395916
N_AQ.90	0.07438810214580564	-0.07438810214580535
N_AQ.900	0.5087890531096015	-0.5087890531096011
N_AQ.901	-0.3191803238741128	0.3191803238741125
N_AQ.902	-0.088898716961872	0.08889871696187224
N_AQ.903	-0.7449147485791547	0.7449147485791546
N_AQ.904	-2.031876204802358	2.0318762048023578
N_AQ.905	-0.5868405481235232	0.5868405481235229
N_AQ.906	-0.048622381460891505	0.0486223814608915
N_AQ.907	-1.4371183694831982	1.437118369483198
N_AQ.908	-0.4170875126609093	0.4170875126609092
N_AQ.909	0.4531369337936066	-0.4531369337936062
N_AQ.91	-1.4080712380180143	1.4080712380180138
N_AQ.910	-1.1187042918960528	1.1187042918960526
N_AQ.911	-1.2191301304013356	1.2191301304013353
N_AQ.912	-0.7190994278830543	0.7190994278830541
N_AQ.913	0.8271588839212574	-0.8271588839212571
N_AQ.914	1.0431379394325744	-1.043137939432574
N_AQ.915	-0.36494928525333914	0.36494928525333903
N_AQ.916	0.6601965038576659	-0.6601965038576657
N_AQ.917	-1.0786911175224767	1.0786911175224763
N_AQ.918	0.9485319518133333	-0.9485319518133329
N_AQ.919	0.7250717879038889	-0.7250717879038888
N_AQ.92	-0.9030173012839599	0.9030173012839596
N_AQ.920	0.21075577282098015	-0.2107557728209801
N_AQ.921	-2.1175679884853813	2.117567988485381
N_AQ.922	0.4643704176466508	-0.464370417646651
N_AQ.923	-0.9778893070959331	0.9778893070959329
N_AQ.924	-1.1469598336880944	1.146959833688094
N_AQ.925	0.3576530519630787	-0.3576530519630786
N_AQ.926	1.4776657150881556	-1.4776657150881554
N_AQ.927	-0.4365280031638738	0.43652800316387397
N_AQ.928	-0.01949743433968975	0.019497434339690013
N_AQ.929	1.224091964243342	-1.2240919642433414
N_AQ.93	0.02316696538436858	-0.023166965384368573
N_AQ.930	1.0873813052275065	-1.0873813052275063
N_AQ.931	0.4793942624430318	-0.4793942624430316
N_AQ.932	-1.0546740205242477	1.0546740205242475
N_AQ.933	0.6561729859542242	-0.656172985954224
N_AQ.934	-1.7179434467049581	1.7179434467049577
N_AQ.935	0.8384108587518533	-0.8384108587518531
N_AQ.936	0.2885841965850932	-0.28858419658509316
N_AQ.937	0.6480785192720138	-0.6480785192720133
N_AQ.938	0.939361283648394	-0.9393612836483936
N_AQ.939	-0.30823637861339925	0.30823637861339914
N_AQ.94	-1.1132675947358426	1.1132675947358421
N_AQ.940	-0.23561449154997563	0.23561449154997585
N_AQ.941	-2.2374046589113106	2.23740465891131
N_AQ.942	-1.2010631152908526	1.2010631152908524
N_AQ.943	-1.957199327872947	1.9571993278729465
N_AQ.944	0.17586334731383277	-0.175863347313833
N_AQ.945	-1.0380030025013935	1.0380030025013933
N_AQ.946	1.1122486745719762	-1.1122486745719757
N_AQ.947	1.5156889464035432	-1.5156889464035428
N_AQ.948	0.8638196713299636	-0.8638196713299635
N_AQ.949	0.8229107578948296	-0.8229107578948296
N_AQ.950	3.6171589417882e-05	-3.61715894181476e-05
N_AQ.952	0.221153929395156	-0.2211539293951559
N_AQ.953	0.6806708948835288	-0.6806708948835284
N_AQ.954	0.43744442512228443	-0.43744442512228404
N_AQ.955	0.833776664309519	-0.833776664309519
N_AQ.956	-0.38983706356340736	0.38983706356340725
N_AQ.957	-0.09864292129719138	0.09864292129719135
N_AQ.958	-0.9427626473832684	0.9427626473832681
N_AQ.959	0.5001172475528882	-0.5001172475528881
N_AQ.96	0.7439594922576199	-0.7439594922576197
N_AQ.960	-1.1236242040739302	1.12362420407393
N_AQ.961	-1.3649247405011489	1.3649247405011486
N_AQ.962	1.4262351578049375	-1.426235157804937
N_AQ.963	-1.3318007924236013	1.331800792423601
N_AQ.964	-2.213805185119693	2.2138051851196927
N_AQ.965	0.972764985318269	-0.9727649853182687
N_AQ.966	-0.6163240689028177	0.6163240689028175
N_AQ.967	-1.1222352044104433	1.1222352044104429
N_AQ.968	-1.057713912976517	1.0577139129765167
N_AQ.969	-2.13392526744922	2.1339252674492193
N_AQ.97	0.9263055932079495	-0.9263055932079489
N_AQ.970	-1.879627513413754	1.8796275134137534
N_AQ.971	0.28396268955523035	-0.2839626895552303
N_AQ.972	0.061598327885180805	-0.06159832788518079
N_AQ.973	-0.26605668338081834	0.266056683380818
N_AQ.974	0.7887904912970898	-0.7887904912970896
N_AQ.975	0.13374355105685545	-0.13374355105685568
N_AQ.976	-0.9743157582885864	0.9743157582885862
N_AQ.977	0.3692955301386005	-0.3692955301386004
N_AQ.978	-0.6407539258643132	0.6407539258643131
N_AQ.979	-0.9961975899400064	0.9961975899400061
N_AQ.98	0.5894035883981391	-0.5894035883981387
N_AQ.980	0.24569261518367425	-0.2456926151836742
N_AQ.981	-0.24864610757946576	0.2486461075794657
N_AQ.982	-2.131997519010604	2.1319975190106035
N_AQ.983	0.7539771420540047	-0.7539771420540047
N_AQ.984	0.08695942014492992	-0.08695942014492963
N_AQ.985	-1.3421157856852468	1.3421157856852464
N_AQ.986	1.2146853506254194	-1.2146853506254192
N_AQ.987	1.335546880982642	-1.335546880982642
N_AQ.988	-1.4933572985394459	1.4933572985394457
N_AQ.989	-1.204726583633424	1.2047265836334236
N_AQ.99	0.798143436089067	-0.7981434360890669
N_AQ.990	-0.6289515306493615	0.6289515306493614
N_AQ.991	-0.11015739701308573	0.1101573970130857
N_AQ.992	1.2087267560364547	-1.2087267560364545
N_AQ.993	-0.5239154749986787	0.5239154749986785
N_AQ.994	1.1572270990994673	-1.157227099099467
N_AQ.995	-0.9226072536512702	0.9226072536512699
N_AQ.996	0.3291095559864034	-0.3291095559864036
N_AQ.997	0.8063979763078448	-0.8063979763078444
N_AQ.998	-0.8486837980762402	0.84868379807624
N_AQ.999	0.971501682533244	-0.9715016825332438
N_LP.1	-0.6102901891622637	0.6102901891622635
N_LP.10	-1.782012497942831	1.7820124979428305
N_LP.100	-0.9796489201371815	0.9796489201371813
N_LP.1000	-0.2570087682926653	0.25700876829266545
N_LP.1001	0.3673105113647154	-0.36731051136471526
N_LP.1002	0.9070562437035455	-0.9070562437035454
N_LP.1003	0.6849806782734573	-0.6849806782734569
N_LP.1004	-0.8853382405600064	0.8853382405600062
N_LP.1005	0.30527001189741365	-0.30527001189741354
N_LP.1006	-0.006551156295631692	0.0065511562956314245
N_LP.1008	1.4132872586623213	-1.413287258662321
N_LP.1009	0.4895234259238317	-0.4895234259238316
N_LP.101	1.4417859273673295	-1.4417859273673288
N_LP.1010	-2.15259104849126	2.1525910484912596
N_LP.1011	-0.043347435189714574	0.043347435189714824
N_LP.1012	0.21989599927127834	-0.2198959992712783
N_LP.1013	0.3165986355817676	-0.31659863558176754
N_LP.1014	-0.916113600727319	0.9161136007273187
N_LP.1015	0.6629408707103334	-0.6629408707103333
N_LP.1016	-2.1073435933731646	2.1073435933731637
N_LP.1017	1.4946406775015981	-1.4946406775015977
N_LP.1018	1.247764582163605	-1.2477645821636048
N_LP.1019	0.40967862493165347	-0.40967862493165336
N_LP.102	1.19103074998242	-1.1910307499824198
N_LP.1020	0.7171170431340012	-0.717117043134001
N_LP.1021	-0.2533819343044819	0.2533819343044816
N_LP.1022	-0.6169595252302024	0.6169595252302021
N_LP.1023	1.1613573906154175	-1.1613573906154173
N_LP.1024	0.6464957291467989	-0.6464957291467984
N_LP.1025	0.003231711987048942	-0.0032317119870486754
N_LP.1026	0.07571454873003104	-0.07571454873003128
N_LP.1027	-0.21719282795905964	0.2171928279590596
N_LP.1028	1.043227338871978	-1.0432273388719777
N_LP.1029	-0.8885278081568038	0.8885278081568035
N_LP.103	-0.12758348195463645	0.12758348195463667
N_LP.1030	1.2831187304422453	-1.2831187304422451
N_LP.1031	-0.024854919457683085	0.02485491945768308
N_LP.1032	-0.8174045093584682	0.817404509358468
N_LP.1033	0.21640571640026526	-0.21640571640026493
N_LP.1034	1.1835326655584	-1.1835326655583998
N_LP.1035	0.7365680302497178	-0.7365680302497177
N_LP.1036	0.19794646115713602	-0.197946461157136
N_LP.1038	0.60722585882328	-0.6072258588232797
N_LP.1039	-0.4421116272191152	0.44211162721911507
N_LP.104	0.1441005942176837	-0.14410059421768368
N_LP.1040	1.2861686244929031	-1.2861686244929025
N_LP.1041	-2.31806644787674	2.3180664478767397
N_LP.1042	0.3964238914100455	-0.3964238914100454
N_LP.1043	-0.08800605335696625	0.08800605335696622
N_LP.1044	1.3712716615888185	-1.371271661588818
N_LP.1046	-0.2660073669936653	0.26600736699366495
N_LP.1047	1.1028992972324088	-1.1028992972324083
N_LP.1048	1.6973392499437567	-1.6973392499437563
N_LP.1049	1.1581107428791704	-1.1581107428791702
N_LP.105	0.6669617501330934	-0.6669617501330936
N_LP.1050	-1.6299723020355277	1.6299723020355272
N_LP.1051	0.9653695444135918	-0.9653695444135918
N_LP.1052	0.8012127364477492	-0.801212736447749
N_LP.1053	0.5855468124899378	-0.5855468124899376
N_LP.1054	-2.014488795816874	2.0144887958168733
N_LP.1055	0.249305843307987	-0.24930584330798694
N_LP.1056	1.1978565484504793	-1.197856548450479
N_LP.1057	0.319808940547615	-0.31980894054761466
N_LP.1058	1.1189507889016137	-1.1189507889016133
N_LP.1059	-1.8327988191127254	1.832798819112725
N_LP.106	-1.9829788536085386	1.9829788536085382
N_LP.1060	-1.5973122096145704	1.5973122096145702
N_LP.1061	-0.29962909678321326	0.2996290967832132
N_LP.1062	-0.5812494018606285	0.5812494018606283
N_LP.1063	-1.247085650059904	1.2470856500599037
N_LP.1064	-1.7703802368606867	1.7703802368606862
N_LP.1065	0.46740034884725484	-0.46740034884725473
N_LP.1066	-0.11968093070272308	0.11968093070272331
N_LP.1067	-0.7212039040800513	0.7212039040800511
N_LP.1068	-0.22288258349696347	0.2228825834969634
N_LP.1069	0.07873411251547804	-0.07873411251547802
N_LP.107	-0.6002967028307383	0.6002967028307382
N_LP.1070	1.0427956406522914	-1.0427956406522914
N_LP.1071	0.09022665287203815	-0.09022665287203786
N_LP.1072	-1.4804004929248626	1.4804004929248622
N_LP.1073	-0.4593362074962287	0.4593362074962289
N_LP.1074	0.5590903820837541	-0.559090382083754
N_LP.1075	-1.3498089941210445	1.3498089941210443
N_LP.1076	-0.9043370371603698	0.9043370371603696
N_LP.1077	0.27685455277367277	-0.2768545527736727
N_LP.1078	1.272637371541511	-1.2726373715415105
N_LP.1079	0.20618780424531485	-0.2061878042453148
N_LP.108	1.151104877515523	-1.1511048775155226
N_LP.1080	0.6414566521495713	-0.6414566521495714
N_LP.1081	-0.5862112138924426	0.5862112138924425
N_LP.1082	0.5155411317259645	-0.5155411317259644
N_LP.1083	-0.23364340961029403	0.23364340961029426
N_LP.1084	1.2019767856334713	-1.201976785633471
N_LP.1085	1.517987774496461	-1.5179877744964605
N_LP.1086	0.3290413825115189	-0.32904138251151877
N_LP.1087	-1.93266511247132	1.9326651124713192
N_LP.1088	1.172040593095046	-1.1720405930950455
N_LP.1089	1.1670999934889734	-1.1670999934889732
N_LP.109	-2.3002546751541817	2.300254675154181
N_LP.1090	-1.5010467295179108	1.5010467295179104
N_LP.1091	0.47762414539897935	-0.47762414539897896
N_LP.1092	0.966667236015718	-0.9666672360157176
N_LP.1093	-1.4373152857360763	1.4373152857360758
N_LP.1094	0.9651552579241395	-0.9651552579241391
N_LP.1095	-1.543947628968353	1.5439476289683525
N_LP.1096	0.12397260033989221	-0.12397260033989245
N_LP.1097	0.2098310398788427	-0.20983103987884288
N_LP.1098	-0.16901529334081655	0.16901529334081652
N_LP.1099	1.273503978080934	-1.2735039780809339
N_LP.11	0.5656507403621966	-0.5656507403621962
N_LP.110	0.4916682435887277	-0.49166824358872757
N_LP.1100	0.3775753534725914	-0.3775753534725916
N_LP.1101	0.42299440802894517	-0.42299440802894533
N_LP.1102	1.3467761427619698	-1.346776142761969
N_LP.1103	1.4216461831845948	-1.4216461831845946
N_LP.1104	1.1940943677839844	-1.1940943677839841
N_LP.1105	0.7381795745375089	-0.7381795745375086
N_LP.1106	0.8885669941333935	-0.8885669941333935
N_LP.1107	0.34115072679423364	-0.3411507267942335
N_LP.1108	-0.0897299253115044	0.08972992531150464
N_LP.1109	1.3913213805824085	-1.3913213805824085
N_LP.111	0.35175679556335104	-0.351756795563351
N_LP.1110	0.5521260222086058	-0.5521260222086056
N_LP.1111	0.2771953780667915	-0.2771953780667912
N_LP.1112	-2.130730626282002	2.1307306262820016
N_LP.1113	1.2303192484495038	-1.2303192484495034
N_LP.1114	1.510778617084266	-1.5107786170842654
N_LP.1115	-0.8964631226166943	0.896463122616694
N_LP.1116	0.9774317818041092	-0.9774317818041087
N_LP.1117	-0.10386590621730078	0.10386590621730075
N_LP.1118	-0.45019546525014825	0.45019546525014836
N_LP.1119	1.1498029395233649	-1.1498029395233649
N_LP.112	-1.3144253545749207	1.3144253545749203
N_LP.1120	1.1368957006531484	-1.136895700653148
N_LP.1121	-0.21226459541475903	0.21226459541475898
N_LP.1122	-0.4993663002125787	0.4993663002125786
N_LP.1123	-0.24867858476469398	0.24867858476469365
N_LP.1125	-0.2440814835959636	0.24408148359596327
N_LP.1126	0.8399130271651719	-0.8399130271651716
N_LP.1127	-0.9272321003083147	0.9272321003083145
N_LP.1128	0.4380821917322058	-0.4380821917322057
N_LP.1129	-0.0044838136476795555	0.004483813647679554
N_LP.113	-0.858060194833281	0.8580601948332808
N_LP.1130	0.6363085031783048	-0.6363085031783043
N_LP.1131	0.4166183650252924	-0.4166183650252923
N_LP.1132	0.2712049842446789	-0.2712049842446788
N_LP.1133	0.8264150404669919	-0.8264150404669919
N_LP.1135	0.553818267417109	-0.5538182674171086
N_LP.1136	-1.4203749049552832	1.4203749049552827
N_LP.1137	-0.18293264765870293	0.18293264765870262
N_LP.1139	0.7920970936182883	-0.7920970936182882
N_LP.114	1.1115680647704993	-1.111568064770499
N_LP.1140	-0.2892047883753663	0.28920478837536645
N_LP.1141	0.351646893060946	-0.3516468930609459
N_LP.1142	0.9006571579261763	-0.900657157926176
N_LP.1143	1.4141040562335614	-1.414104056233561
N_LP.1144	-0.8045980156088821	0.8045980156088819
N_LP.1145	-0.8500156330464935	0.8500156330464932
N_LP.1146	-0.2686967850372068	0.26869678503720645
N_LP.1147	1.5209364690017098	-1.5209364690017093
N_LP.1148	-1.0799753537525272	1.079975353752527
N_LP.1149	0.4845205209113394	-0.484520520911339
N_LP.115	0.26516573607105937	-0.2651657360710593
N_LP.1150	1.0059080690789806	-1.0059080690789806
N_LP.1151	-0.8600046253769513	0.8600046253769511
N_LP.1152	1.4397392931801531	-1.4397392931801525
N_LP.1153	-1.1361656786794383	1.136165678679438
N_LP.1154	1.0035818586513288	-1.0035818586513288
N_LP.1155	-0.8022972783715051	0.8022972783715049
N_LP.1156	-0.14845145678524388	0.14845145678524385
N_LP.1157	1.5882105710122485	-1.588210571012248
N_LP.1158	-1.7009246753155867	1.7009246753155862
N_LP.1159	-0.2527426870792024	0.2527426870792026
N_LP.116	-2.148603018404923	2.1486030184049225
N_LP.1160	1.3935851523549871	-1.3935851523549867
N_LP.1161	-1.9071775130260717	1.9071775130260713
N_LP.1162	0.9293734112670492	-0.9293734112670489
N_LP.1163	0.0354212780736673	-0.03542127807366703
N_LP.1164	0.756035706581238	-0.7560357065812381
N_LP.1165	-1.7939456427389058	1.7939456427389053
N_LP.1166	-0.1343365815664933	0.13433658156649328
N_LP.1167	0.4655561578548475	-0.4655561578548474
N_LP.1168	-0.21817535166606292	0.21817535166606286
N_LP.1169	1.2543455354279502	-1.2543455354279498
N_LP.117	-0.38546705297889094	0.38546705297889056
N_LP.1170	0.7997129436130807	-0.7997129436130803
N_LP.1171	0.46875288987060637	-0.4687528898706065
N_LP.1172	-0.005900413802771231	0.005900413802771229
N_LP.1173	-0.24500435582745786	0.2450043558274578
N_LP.1174	0.9786781781603466	-0.9786781781603463
N_LP.1175	-0.6795571255754692	0.6795571255754691
N_LP.1176	-0.7465422093452948	0.7465422093452946
N_LP.1177	1.1125980588689468	-1.1125980588689466
N_LP.1178	-1.4549551451311775	1.4549551451311773
N_LP.1179	0.3304235103922415	-0.3304235103922411
N_LP.118	1.2831397546077874	-1.283139754607787
N_LP.1180	1.0547714973437639	-1.0547714973437634
N_LP.1181	-0.9711727245593313	0.9711727245593311
N_LP.1182	0.05574882140261759	-0.055748821402617575
N_LP.1183	1.1615612824414223	-1.1615612824414223
N_LP.1184	-1.7861457888095518	1.7861457888095513
N_LP.1185	1.0479128857837705	-1.0479128857837703
N_LP.1186	1.5277513167465029	-1.5277513167465024
N_LP.1187	0.006860315762624835	-0.006860315762624834
N_LP.1188	1.16489785636114	-1.16489785636114
N_LP.1189	-2.349700166560569	2.3497001665605683
N_LP.119	1.0720434106463221	-1.0720434106463217
N_LP.1190	1.0950692496973948	-1.0950692496973946
N_LP.1191	0.8859723758176989	-0.8859723758176987
N_LP.1192	0.8770988731896195	-0.8770988731896194
N_LP.1194	-2.2579192709882037	2.257919270988203
N_LP.1195	0.8841305707675948	-0.8841305707675945
N_LP.1196	-0.8889570736146782	0.888957073614678
N_LP.1197	1.3661298625032907	-1.3661298625032905
N_LP.1198	0.4425657948680206	-0.4425657948680208
N_LP.1199	0.9244188269410645	-0.9244188269410643
N_LP.12	-0.02593700674488584	0.025937006744885832
N_LP.120	1.0393964867242491	-1.0393964867242487
N_LP.1201	-0.044357256980259926	0.044357256980260176
N_LP.1202	1.52004131045737	-1.5200413104573696
N_LP.1203	0.08114011016862333	-0.08114011016862331
N_LP.1204	-1.4950454194646152	1.4950454194646148
N_LP.1205	-0.6407106937825429	0.6407106937825428
N_LP.1206	0.17144583705873642	-0.17144583705873664
N_LP.1207	0.6346545887287193	-0.6346545887287192
N_LP.1208	-0.6777181504831714	0.6777181504831713
N_LP.1209	-0.6700562398321894	0.6700562398321892
N_LP.121	-0.38124490452188375	0.3812449045218837
N_LP.1210	0.6997378170028941	-0.6997378170028938
N_LP.1211	-0.6135716772691601	0.6135716772691598
N_LP.1212	-1.9243942681834245	1.924394268183424
N_LP.1213	0.6523977151550544	-0.6523977151550542
N_LP.1214	-1.002152151407416	1.0021521514074159
N_LP.1215	-1.321147551944015	1.3211475519440148
N_LP.1216	-0.23174217159091873	0.23174217159091867
N_LP.1217	1.1472524049100126	-1.1472524049100123
N_LP.1218	0.6967192407102634	-0.6967192407102629
N_LP.1219	-2.044904063106014	2.0449040631060136
N_LP.122	-0.8733593094165822	0.873359309416582
N_LP.1220	-1.0907607458366362	1.090760745836636
N_LP.1221	1.2894750396945776	-1.2894750396945776
N_LP.1222	0.131659150934898	-0.13165915093489797
N_LP.1223	-0.0467766283105568	0.046776628310556796
N_LP.1224	-0.19444191650194573	0.19444191650194567
N_LP.1225	0.7535795499694946	-0.7535795499694946
N_LP.1226	-0.33147887943909593	0.3314788794390961
N_LP.1227	-0.4188484949455919	0.4188484949455918
N_LP.1228	-1.7168294328646232	1.7168294328646228
N_LP.1229	0.41763578903899795	-0.41763578903899784
N_LP.123	-0.1326732639883507	0.1326732639883504
N_LP.1230	-0.11927284141636285	0.11927284141636307
N_LP.1231	0.9102417421963724	-0.9102417421963722
N_LP.1232	-1.2653147068143897	1.2653147068143895
N_LP.1233	1.4282170720897387	-1.4282170720897385
N_LP.1234	-0.7569310737083673	0.7569310737083671
N_LP.1235	0.204529562757338	-0.20452956275733794
N_LP.1236	-0.6843324036429969	0.6843324036429967
N_LP.1237	-0.545120228619248	0.5451202286192478
N_LP.1238	0.27523805411914787	-0.2752380541191481
N_LP.1239	0.5296270155782066	-0.5296270155782067
N_LP.124	0.303994316780224	-0.3039943167802239
N_LP.1240	1.3185944929615754	-1.318594492961575
N_LP.1242	-0.16686289102088478	0.16686289102088475
N_LP.1243	1.7006146451160244	-1.700614645116024
N_LP.1244	0.38348841170071934	-0.38348841170071923
N_LP.1245	1.5141116076801469	-1.5141116076801464
N_LP.1246	1.0992558735178646	-1.0992558735178644
N_LP.1247	-2.1403615752561507	2.1403615752561502
N_LP.1248	-1.3600520675723904	1.3600520675723902
N_LP.1249	0.5433166982578241	-0.5433166982578237
N_LP.125	-1.3339238794695687	1.3339238794695683
N_LP.1250	-1.8425294601704876	1.8425294601704871
N_LP.1251	-0.17140901437652512	0.1714090143765251
N_LP.1252	-0.4459875902485773	0.4459875902485775
N_LP.1253	-0.19234235028509822	0.19234235028509844
N_LP.1254	-0.3585110986971527	0.35851109869715286
N_LP.1255	0.7645223794280819	-0.7645223794280819
N_LP.1256	-1.1606068588659773	1.1606068588659768
N_LP.1257	0.9063781365700021	-0.906378136570002
N_LP.1258	0.8120974788154585	-0.8120974788154584
N_LP.1259	0.5021756072196378	-0.5021756072196374
N_LP.126	1.0284269833660482	-1.028426983366048
N_LP.1260	-1.855212944345438	1.8552129443454373
N_LP.1261	-0.730998033887712	0.7309980338877118
N_LP.1262	0.09165447965530793	-0.09165447965530764
N_LP.1263	0.9709717879704144	-0.9709717879704141
N_LP.1264	0.5692179184748745	-0.5692179184748746
N_LP.1266	-0.06111674064284927	0.06111674064284952
N_LP.1267	-0.111865567298109	0.11186556729810923
N_LP.1268	-0.5358535563656672	0.5358535563656671
N_LP.1269	-0.6472637550101707	0.6472637550101705
N_LP.127	-1.039989960335948	1.0399899603359477
N_LP.1270	1.1347060754191127	-1.1347060754191123
N_LP.1271	-1.117547258532411	1.1175472585324107
N_LP.1272	0.07336687348212693	-0.07336687348212664
N_LP.1273	-0.32053901945007635	0.320539019450076
N_LP.1274	-0.3667560053537119	0.36675600535371206
N_LP.1275	0.1965577541582208	-0.19655775415822102
N_LP.1276	1.301859803431708	-1.3018598034317075
N_LP.1277	1.1575348169166868	-1.1575348169166868
N_LP.1278	-1.4262915061021306	1.4262915061021302
N_LP.1279	0.9996834769082117	-0.9996834769082116
N_LP.128	0.8562449472879368	-0.8562449472879365
N_LP.1280	-0.2758909548521348	0.2758909548521347
N_LP.1281	0.4565526574098199	-0.45655265740982004
N_LP.1282	0.8683311405022022	-0.8683311405022018
N_LP.1283	-0.6102125999545726	0.6102125999545724
N_LP.1284	-2.480819253513057	2.4808192535130567
N_LP.1285	-1.3208457656451515	1.3208457656451513
N_LP.1287	-0.07031510355976238	0.07031510355976235
N_LP.1288	0.8415765392065238	-0.8415765392065235
N_LP.1289	0.25112242362656123	-0.2511224236265612
N_LP.1290	1.0750668607700005	-1.07506686077
N_LP.1291	-0.561149507964478	0.5611495079644779
N_LP.1292	-0.44724305180683505	0.44724305180683466
N_LP.1293	-0.21681885502251483	0.21681885502251477
N_LP.1294	0.4867860963376279	-0.4867860963376278
N_LP.1295	0.1370565649688887	-0.1370565649688884
N_LP.1296	-0.08175774302355668	0.0817577430235564
N_LP.1297	-0.2531559028395422	0.25315590283954237
N_LP.1298	-0.43621886438839214	0.4362188643883923
N_LP.1299	-0.5836655539426122	0.5836655539426121
N_LP.13	0.39430852362410024	-0.3943085236241001
N_LP.130	-0.581453960870957	0.5814539608709569
N_LP.1300	1.2894799145891733	-1.2894799145891729
N_LP.1301	-0.647606971886975	0.6476069718869748
N_LP.1302	-0.8487909292456459	0.8487909292456457
N_LP.1303	1.3360498432482835	-1.336049843248283
N_LP.1304	0.6311024098913912	-0.6311024098913911
N_LP.1305	0.516504649779129	-0.5165046497791289
N_LP.1306	0.8417576530397584	-0.8417576530397582
N_LP.1307	-0.22811982786320745	0.2281198278632074
N_LP.1308	1.3240862397470825	-1.324086239747082
N_LP.1309	1.593984425943671	-1.5939844259436706
N_LP.131	-1.9314444446269838	1.9314444446269832
N_LP.1310	0.8442238317734323	-0.8442238317734321
N_LP.1311	0.25854810882847373	-0.2585481088284734
N_LP.1312	1.2995124511219656	-1.2995124511219653
N_LP.1313	-0.806726418128496	0.8067264181284958
N_LP.1314	0.8093666366155707	-0.8093666366155702
N_LP.1315	-0.8415666798325537	0.8415666798325535
N_LP.1316	-0.3655365990165212	0.36553659901652086
N_LP.1317	0.4265892363789264	-0.42658923637892626
N_LP.1318	1.0138809624738758	-1.0138809624738756
N_LP.1319	0.8517195834992395	-0.8517195834992392
N_LP.132	0.5687722412662267	-0.5687722412662266
N_LP.1320	1.5119405603235057	-1.511940560323505
N_LP.1321	0.10489031504692989	-0.10489031504692986
N_LP.1322	-0.36333025571389815	0.3633302557138978
N_LP.1323	-1.4828402455788203	1.4828402455788199
N_LP.1324	-1.8984923453385714	1.8984923453385707
N_LP.1325	0.9426828352526019	-0.9426828352526017
N_LP.1326	-0.7352783424999657	0.7352783424999655
N_LP.1327	0.6087260709816024	-0.6087260709816019
N_LP.1328	0.6610179587913503	-0.6610179587913502
N_LP.1329	-0.8061527189454454	0.8061527189454452
N_LP.133	-0.5450351139074342	0.5450351139074341
N_LP.1330	-1.904129917064494	1.9041299170644934
N_LP.1331	-2.26484793807052	2.2648479380705195
N_LP.1332	0.627368294564291	-0.6273682945642906
N_LP.1333	-1.0753807630416898	1.0753807630416896
N_LP.1334	-0.09378408360286325	0.09378408360286296
N_LP.1335	1.2821819631539413	-1.2821819631539413
N_LP.1336	1.594992016508795	-1.5949920165087945
N_LP.1337	0.5237985840300404	-0.5237985840300403
N_LP.1338	0.368551764907982	-0.3685517649079819
N_LP.1339	0.15611764560750893	-0.1561176456075089
N_LP.134	0.09955860241394113	-0.09955860241394084
N_LP.1340	0.6535712410271958	-0.6535712410271953
N_LP.1341	-1.2410649262670101	1.24106492626701
N_LP.1342	-1.2862555012059649	1.2862555012059647
N_LP.1343	0.9684409587605853	-0.9684409587605852
N_LP.1344	0.057631447331631884	-0.05763144733163187
N_LP.1345	1.5614158205276765	-1.561415820527676
N_LP.1346	0.028271110719517156	-0.02827111071951715
N_LP.1347	-1.7095110670220248	1.7095110670220244
N_LP.1348	1.484971231724714	-1.484971231724714
N_LP.1349	0.4003989323591548	-0.4003989323591547
N_LP.135	-0.8855152785202919	0.8855152785202915
N_LP.1350	-0.0984320528924473	0.09843205289244727
N_LP.1351	-0.320444703409165	0.3204447034091649
N_LP.1352	-0.0632010757857132	0.06320107578571317
N_LP.1353	-0.32606271010210797	0.3260627101021076
N_LP.1354	-0.8021266842048522	0.802126684204852
N_LP.1355	1.5262533294780694	-1.526253329478069
N_LP.1356	-2.287063114933552	2.2870631149335514
N_LP.1357	0.590397960568928	-0.5903979605689276
N_LP.1358	0.26643022004035266	-0.2664302200403529
N_LP.1359	0.205584350392149	-0.20558435039214895
N_LP.136	-0.35469916030476667	0.3546991603047666
N_LP.1360	0.09511458010305841	-0.09511458010305814
N_LP.1361	-0.9367575508987157	0.9367575508987155
N_LP.1362	-0.7837553795815491	0.783755379581549
N_LP.1363	0.40778073911208057	-0.40778073911208074
N_LP.1364	-1.3310617097436808	1.3310617097436803
N_LP.1365	-1.5871155930684937	1.5871155930684933
N_LP.1366	1.2649370865271372	-1.2649370865271372
N_LP.1367	-1.0652183651766047	1.0652183651766043
N_LP.1368	0.9413582265268312	-0.9413582265268308
N_LP.1369	0.5848186260885083	-0.5848186260885079
N_LP.137	-1.6974937101799346	1.6974937101799341
N_LP.1370	-1.6436753541759648	1.6436753541759643
N_LP.1371	1.347992335582842	-1.3479923355828416
N_LP.1372	0.5518240513726775	-0.5518240513726771
N_LP.1373	0.21198635740763008	-0.21198635740762975
N_LP.1374	0.33318454759999444	-0.33318454759999433
N_LP.1375	1.0929663486538175	-1.0929663486538175
N_LP.1376	-1.2230169865360583	1.223016986536058
N_LP.1377	-1.4341989367394936	1.4341989367394932
N_LP.1378	0.5137957165507263	-0.5137957165507259
N_LP.1379	1.1919293425106927	-1.1919293425106925
N_LP.138	-2.2502675098033524	2.2502675098033516
N_LP.1380	1.4102931004517865	-1.410293100451786
N_LP.1381	1.0080311424704536	-1.0080311424704531
N_LP.1382	-1.298717724187464	1.2987177241874637
N_LP.1383	-1.349903819827994	1.3499038198279936
N_LP.1384	0.3147677448724933	-0.31476774487249326
N_LP.1385	0.7196336747209685	-0.7196336747209683
N_LP.1386	-0.8955923978597736	0.8955923978597733
N_LP.1387	1.3326232485360925	-1.3326232485360918
N_LP.1388	-1.1587300577585147	1.1587300577585142
N_LP.1389	0.44788141645066004	-0.44788141645065965
N_LP.139	-2.191257983539176	2.1912579835391752
N_LP.1390	0.9003301860484306	-0.9003301860484306
N_LP.1391	1.031906102947829	-1.0319061029478287
N_LP.1392	0.511129849560963	-0.5111298495609631
N_LP.1393	1.3513726799367418	-1.3513726799367416
N_LP.1394	0.06792117938444428	-0.06792117938444453
N_LP.1395	0.25764278873015106	-0.2576427887301513
N_LP.1396	0.4148627813182316	-0.41486278131823173
N_LP.1397	-1.2870425564872134	1.287042556487213
N_LP.1398	-0.4380012082043371	0.4380012082043372
N_LP.1399	1.1920329412808015	-1.192032941280801
N_LP.14	-0.8113309485224321	0.8113309485224319
N_LP.140	0.713867182377152	-0.7138671823771516
N_LP.1400	0.6587688397801289	-0.6587688397801287
N_LP.1401	0.14477518249372337	-0.1447751824937236
N_LP.1402	0.493771238615962	-0.49377123861596184
N_LP.1403	-1.101432909469	1.1014329094689999
N_LP.1404	-0.6393151160039264	0.6393151160039262
N_LP.1405	-0.37179687749737916	0.37179687749737933
N_LP.1406	0.09901988768360147	-0.09901988768360144
N_LP.1407	0.07622590320496814	-0.07622590320496785
N_LP.1408	-0.8552055330504396	0.8552055330504393
N_LP.1409	-0.3424084934504713	0.3424084934504712
N_LP.141	-0.8879648936222438	0.8879648936222436
N_LP.1410	0.8858644458387513	-0.8858644458387509
N_LP.1411	0.34114081033931837	-0.34114081033931826
N_LP.1412	-0.23926998200909746	0.2392699820090974
N_LP.1413	0.5427540714024655	-0.5427540714024653
N_LP.1415	0.24744331846215203	-0.24744331846215223
N_LP.1416	0.3098998814650957	-0.30989988146509584
N_LP.1417	-1.3524936188644647	1.3524936188644643
N_LP.1418	-1.0082522731340227	1.0082522731340224
N_LP.1419	-0.5087847195929152	0.5087847195929153
N_LP.142	-0.5037547894162158	0.5037547894162154
N_LP.1420	-0.263157545089024	0.2631575450890242
N_LP.1421	0.7213050637773313	-0.7213050637773311
N_LP.1422	0.9008741278950966	-0.9008741278950962
N_LP.1423	1.3130583059486338	-1.3130583059486336
N_LP.1424	-0.5676628131552497	0.5676628131552495
N_LP.1425	0.9564334492391464	-0.9564334492391462
N_LP.1426	1.4313603169073346	-1.4313603169073341
N_LP.1427	-2.552719933201808	2.552719933201807
N_LP.1428	-0.974654043596741	0.9746540435967408
N_LP.1429	-0.9817413100868552	0.9817413100868548
N_LP.143	-1.6283214338347614	1.628321433834761
N_LP.1430	1.6353510600826837	-1.6353510600826833
N_LP.1431	0.5219406141374466	-0.5219406141374464
N_LP.1432	1.3590228634128563	-1.3590228634128556
N_LP.1433	0.5788193289089077	-0.5788193289089076
N_LP.1434	0.38715202614379646	-0.3871520261437966
N_LP.1435	-0.34852204704479134	0.34852204704479123
N_LP.1436	-0.06996516089163769	0.06996516089163768
N_LP.1437	-0.548340553336673	0.5483405533366729
N_LP.1438	0.3782625106071144	-0.3782625106071146
N_LP.1439	0.5590576046627905	-0.5590576046627904
N_LP.144	-1.2530138514455236	1.2530138514455231
N_LP.1440	0.3725723553169475	-0.37257235531694766
N_LP.1441	-1.0310540732104587	1.0310540732104583
N_LP.1442	-1.2075361584162465	1.2075361584162463
N_LP.1443	0.3808053194712956	-0.38080531947129576
N_LP.1444	0.7769923905169989	-0.7769923905169986
N_LP.1445	1.5373172180420618	-1.5373172180420613
N_LP.1446	0.9153152468345662	-0.9153152468345657
N_LP.1447	0.41330173404397086	-0.41330173404397075
N_LP.1448	-0.16146586479686975	0.16146586479686942
N_LP.1449	-0.44960397410914915	0.44960397410914904
N_LP.145	0.8185855938041946	-0.8185855938041942
N_LP.1451	0.23359808975418828	-0.2335980897541882
N_LP.1452	-1.2523843297289812	1.252384329728981
N_LP.1453	1.2978213866764825	-1.2978213866764823
N_LP.1454	-1.1941376482822619	1.1941376482822617
N_LP.1455	-0.9431672758713583	0.9431672758713581
N_LP.1456	-0.8845740118728345	0.8845740118728342
N_LP.1457	0.21185354415721672	-0.21185354415721638
N_LP.1458	-0.7094031743661323	0.7094031743661322
N_LP.1459	0.2608484882618214	-0.26084848826182105
N_LP.146	0.6948839677033929	-0.6948839677033928
N_LP.1460	0.37589845084207363	-0.3758984508420738
N_LP.1461	-0.15975822913761684	0.15975822913761706
N_LP.1462	-0.4352585691900135	0.4352585691900131
N_LP.1463	1.5430351096904824	-1.5430351096904824
N_LP.1464	1.3282068550931616	-1.328206855093161
N_LP.1465	-0.0275454917809143	0.027545491780914293
N_LP.1466	-1.1417258333956148	1.1417258333956144
N_LP.1467	-0.612083261721644	0.6120832617216437
N_LP.1468	0.12295003255926683	-0.12295003255926654
N_LP.1469	-1.6385976530491806	1.6385976530491801
N_LP.147	-1.324901652658429	1.3249016526584287
N_LP.1470	-0.5669725415783565	0.5669725415783563
N_LP.1471	-0.19267527354810307	0.1926752735481033
N_LP.1472	-0.13268804376165616	0.13268804376165613
N_LP.1473	0.8376826072047454	-0.8376826072047452
N_LP.1474	-1.80109708680957	1.8010970868095695
N_LP.1475	0.6785976919337795	-0.6785976919337791
N_LP.1476	1.2980211685270344	-1.2980211685270342
N_LP.1477	-0.09089911938913128	0.09089911938913153
N_LP.1478	1.312966286762027	-1.3129662867620264
N_LP.1479	0.05761402777094881	-0.05761402777094906
N_LP.148	0.02290408905464032	-0.022904089054640576
N_LP.1480	1.4489334391567714	-1.4489334391567708
N_LP.1481	0.7377292012817838	-0.7377292012817835
N_LP.1482	0.6502452576852888	-0.6502452576852887
N_LP.1483	0.7441132157291532	-0.7441132157291531
N_LP.1484	-1.9167942066860468	1.9167942066860464
N_LP.1485	-0.462000757747	0.4620007577469999
N_LP.1486	0.17825373370460496	-0.1782537337046049
N_LP.1487	-2.2439985632391597	2.2439985632391592
N_LP.1488	-0.14463839510080734	0.14463839510080756
N_LP.149	0.7225004234617267	-0.7225004234617263
N_LP.1490	-1.8295226528487851	1.8295226528487847
N_LP.1491	-1.7273972393213166	1.7273972393213162
N_LP.1492	0.7466953169777728	-0.7466953169777726
N_LP.1493	0.8030177863110399	-0.8030177863110398
N_LP.1494	0.5907909504049913	-0.5907909504049911
N_LP.1495	-1.5676257172626533	1.5676257172626529
N_LP.1496	-2.4931863436449477	2.4931863436449473
N_LP.1497	-1.3878939422502143	1.387893942250214
N_LP.1498	0.9132251452724138	-0.9132251452724137
N_LP.1499	-1.659731193006087	1.6597311930060865
N_LP.15	0.8072843180130628	-0.8072843180130627
N_LP.150	-0.32998853686666746	0.3299885368666676
N_LP.1500	0.7092889241289749	-0.7092889241289746
N_LP.1501	-0.6980785962363002	0.6980785962363
N_LP.1502	-0.6489305059264657	0.6489305059264656
N_LP.1503	-0.8614512533747889	0.8614512533747887
N_LP.1504	1.3046587374165612	-1.304658737416561
N_LP.1505	0.35255320999903295	-0.3525532099990329
N_LP.1506	-0.5287576875401937	0.5287576875401935
N_LP.1507	-0.774051167618522	0.7740511676185218
N_LP.1508	-0.9426218315508442	0.942621831550844
N_LP.1509	-0.06979578291630227	0.06979578291630226
N_LP.151	1.2809402959174072	-1.2809402959174065
N_LP.1510	1.2488139776692657	-1.248813977669265
N_LP.1511	-1.5058845487430865	1.505884548743086
N_LP.1512	-0.13018368376505307	0.13018368376505304
N_LP.1513	-1.8221845268932892	1.8221845268932888
N_LP.1514	1.0474374253802754	-1.0474374253802752
N_LP.1515	-0.8479024693569247	0.8479024693569245
N_LP.1516	0.9743775443728395	-0.9743775443728394
N_LP.1517	1.129153829753054	-1.1291538297530537
N_LP.1518	1.0109367645794867	-1.0109367645794867
N_LP.1519	0.02071381713660479	-0.02071381713660452
N_LP.152	1.6642627508386985	-1.664262750838698
N_LP.1520	1.078303157205156	-1.0783031572051558
N_LP.1521	1.1111874389537704	-1.1111874389537697
N_LP.1522	-0.043913095880736594	0.04391309588073658
N_LP.1523	0.4676124728784962	-0.46761247287849605
N_LP.1524	1.3456649414899164	-1.3456649414899162
N_LP.1525	-0.16542120187100917	0.16542120187100914
N_LP.1526	0.21307527982850855	-0.2130752798285085
N_LP.1527	0.0074900214811970565	-0.007490021481196789
N_LP.1528	-0.07519953007721845	0.07519953007721869
N_LP.1529	-0.37521424658211433	0.37521424658211394
N_LP.153	0.823281535635755	-0.8232815356357548
N_LP.1530	0.9139149305532986	-0.9139149305532984
N_LP.1531	-0.3563104695396289	0.3563104695396288
N_LP.1532	-0.10379014125633307	0.10379014125633304
N_LP.1533	0.2747099178149508	-0.274709917814951
N_LP.1534	-1.690382843816711	1.6903828438167106
N_LP.1535	-1.6128990805047327	1.6128990805047323
N_LP.1536	0.12871776978779118	-0.12871776978779143
N_LP.1537	0.6969148833635919	-0.6969148833635916
N_LP.1538	-1.8101567582405156	1.8101567582405151
N_LP.1539	-0.7928961336564289	0.7928961336564286
N_LP.154	-1.3471919909618726	1.3471919909618721
N_LP.1540	0.7624524994121449	-0.7624524994121449
N_LP.1541	-0.42748989740629845	0.42748989740629834
N_LP.1542	-1.045271287950252	1.0452712879502517
N_LP.1543	-0.11481313905742165	0.11481313905742162
N_LP.1544	-0.24507022331397638	0.2450702233139766
N_LP.1545	0.9862236929667979	-0.9862236929667976
N_LP.1546	1.0966654946120997	-1.0966654946120995
N_LP.1547	1.327025318690627	-1.3270253186906265
N_LP.1548	1.088006853800701	-1.0880068538007006
N_LP.1549	0.8542036661550202	-0.8542036661550196
N_LP.155	1.1997531581945993	-1.1997531581945988
N_LP.1550	1.2420316665827358	-1.2420316665827358
N_LP.1551	0.9165664217952163	-0.9165664217952164
N_LP.1552	-1.3818116245285144	1.3818116245285141
N_LP.1553	-1.491441628974911	1.4914416289749106
N_LP.1554	0.7378076987598373	-0.7378076987598371
N_LP.1555	0.7405994966773796	-0.7405994966773797
N_LP.1556	-1.8661471178854987	1.8661471178854983
N_LP.1557	1.501358124106188	-1.5013581241061873
N_LP.1558	-0.798299915021032	0.7982999150210318
N_LP.1559	0.4606890975326109	-0.4606890975326108
N_LP.156	1.4599902698972087	-1.4599902698972083
N_LP.1560	1.094648323734558	-1.094648323734558
N_LP.1561	0.2007359087423458	-0.20073590874234576
N_LP.1562	-0.1327495698100186	0.13274956981001856
N_LP.1563	-0.5223789024636774	0.5223789024636772
N_LP.1564	0.4784168363615552	-0.4784168363615551
N_LP.1565	-1.0828312579607704	1.0828312579607702
N_LP.1566	0.7308530699609158	-0.7308530699609158
N_LP.1567	0.4855738176583259	-0.4855738176583258
N_LP.1568	0.785552196524057	-0.7855521965240566
N_LP.1569	1.1076698314878577	-1.1076698314878572
N_LP.157	0.06781006562649429	-0.06781006562649426
N_LP.1570	-0.8742028530961811	0.8742028530961808
N_LP.1571	0.7558337546563487	-0.7558337546563484
N_LP.1572	-1.1122410614011302	1.11224106140113
N_LP.1573	1.0738120636588704	-1.07381206365887
N_LP.1574	-0.6654537666068305	0.6654537666068304
N_LP.1575	-0.2807228569856617	0.2807228569856616
N_LP.1576	-0.193687011860943	0.19368701186094323
N_LP.1577	0.5385584271481413	-0.5385584271481411
N_LP.1578	1.3874122445920496	-1.3874122445920494
N_LP.1579	0.6141463321605778	-0.6141463321605777
N_LP.158	0.028171818043265233	-0.02817181804326496
N_LP.1580	1.328100482001145	-1.3281004820011446
N_LP.1581	1.2376486281950885	-1.237648628195088
N_LP.1582	-1.0558041829406137	1.0558041829406133
N_LP.1583	1.1495785385596846	-1.1495785385596844
N_LP.1584	1.3883518698294468	-1.3883518698294464
N_LP.1585	0.5893016385583515	-0.5893016385583516
N_LP.1586	0.15926006871788648	-0.1592600687178867
N_LP.1587	0.22076854600566467	-0.2207685460056649
N_LP.1588	1.5916176542219678	-1.5916176542219673
N_LP.1589	-2.0037989202873554	2.003798920287355
N_LP.159	-0.904329709076698	0.9043297090766977
N_LP.1590	-0.4941308054215282	0.4941308054215281
N_LP.1591	-1.8195541693061572	1.8195541693061568
N_LP.1592	0.5170491350395292	-0.517049135039529
N_LP.1593	0.062071672478153594	-0.06207167247815332
N_LP.1594	-1.3049237924047663	1.3049237924047659
N_LP.1595	-1.7183820178247633	1.7183820178247629
N_LP.1596	-0.6333317284449582	0.633331728444958
N_LP.1597	-0.6612552426095563	0.6612552426095561
N_LP.1598	0.7647762888865799	-0.7647762888865798
N_LP.1599	0.24815867315904105	-0.24815867315904072
N_LP.16	-0.6954071776066652	0.6954071776066649
N_LP.160	-1.4742944870600758	1.4742944870600756
N_LP.1600	-1.0085759016472562	1.008575901647256
N_LP.1601	-0.297973783533931	0.2979737835339309
N_LP.1602	-1.3189819308257111	1.318981930825711
N_LP.1603	0.008361463320131454	-0.008361463320131185
N_LP.1604	0.19481000979255975	-0.19481000979255994
N_LP.1605	0.8423541864143336	-0.8423541864143335
N_LP.1606	0.6135685083023427	-0.6135685083023422
N_LP.1607	0.9564216828386336	-0.9564216828386333
N_LP.1608	1.5720765120616835	-1.572076512061683
N_LP.1609	0.7289983588375152	-0.728998358837515
N_LP.161	0.8747161396376106	-0.8747161396376102
N_LP.1610	1.6331219674950452	-1.6331219674950448
N_LP.1611	-0.9129032886985186	0.9129032886985183
N_LP.1612	0.08693819078778518	-0.08693819078778542
N_LP.1613	-2.4513095430637986	2.4513095430637977
N_LP.1614	1.3302832573302266	-1.3302832573302261
N_LP.1615	0.6464075515958244	-0.646407551595824
N_LP.1616	-0.09939645701960682	0.0993964570196068
N_LP.1617	0.5475027824029787	-0.5475027824029786
N_LP.1618	1.0695954142009694	-1.0695954142009692
N_LP.1619	0.4883521773723843	-0.4883521773723844
N_LP.162	-2.0246383931136087	2.024638393113608
N_LP.1620	-0.05317975052082401	0.05317975052082373
N_LP.1621	-2.176483552731382	2.1764835527313817
N_LP.1622	1.609509106412037	-1.6095091064120366
N_LP.1623	0.3206037399524024	-0.32060373995240254
N_LP.1624	0.922175404881018	-0.9221754048810175
N_LP.1625	0.15367581712602452	-0.15367581712602446
N_LP.1626	0.031402215012417786	-0.03140221501241804
N_LP.1627	-0.4072751550097435	0.4072751550097436
N_LP.1628	1.361855852190661	-1.3618558521906605
N_LP.1629	-0.235663980162528	0.23566398016252793
N_LP.163	1.063684846075526	-1.0636848460755257
N_LP.1630	0.9210184584435004	-0.9210184584435
N_LP.1631	-0.5643894820846262	0.5643894820846261
N_LP.1632	-0.21819473431809225	0.21819473431809247
N_LP.1633	0.17292735011981228	-0.17292735011981197
N_LP.1634	-0.0946560302847084	0.09465603028470863
N_LP.1635	-0.40590787009849416	0.40590787009849433
N_LP.1636	-0.5388365116537283	0.5388365116537281
N_LP.1637	-0.8560926569072863	0.8560926569072861
N_LP.1638	0.09999528619554769	-0.09999528619554766
N_LP.1639	1.0681197335919386	-1.0681197335919383
N_LP.164	0.10400532199600171	-0.10400532199600168
N_LP.1640	-0.696862972584128	0.6968629725841278
N_LP.1641	0.9444470230622322	-0.944447023062232
N_LP.1642	-0.4857789161222716	0.48577891612227175
N_LP.1643	-0.38607349161461	0.3860734916146102
N_LP.1644	1.6638121529789032	-1.6638121529789027
N_LP.1645	1.0956642084921189	-1.0956642084921187
N_LP.1646	0.04070010710816361	-0.0407001071081636
N_LP.1647	1.4811251261153304	-1.48112512611533
N_LP.1648	0.6173277175121203	-0.6173277175121202
N_LP.1649	0.007912023615938945	-0.007912023615938943
N_LP.165	0.9562226620014546	-0.9562226620014544
N_LP.1650	1.6081713514461533	-1.6081713514461529
N_LP.1651	-0.4392813025222806	0.43928130252228026
N_LP.1652	0.8543248504669001	-0.8543248504668997
N_LP.1653	-0.9549113714381385	0.9549113714381382
N_LP.1654	1.217819375277224	-1.2178193752772235
N_LP.1655	0.11786346447703354	-0.11786346447703351
N_LP.1656	-1.8221432602841592	1.8221432602841587
N_LP.1657	1.044131006655043	-1.0441310066550429
N_LP.1658	-0.9141528776449651	0.9141528776449648
N_LP.1659	0.5377370393291726	-0.5377370393291722
N_LP.166	0.022532251824162502	-0.0225322518241625
N_LP.1660	-1.4375949898067455	1.437594989806745
N_LP.1661	1.522199955111286	-1.5221999551112855
N_LP.1662	-2.027253720397702	2.027253720397701
N_LP.1663	-0.9393924634002986	0.9393924634002984
N_LP.1664	-1.2244642688365701	1.22446426883657
N_LP.1665	1.2190550836539824	-1.2190550836539822
N_LP.1666	0.6570825785467146	-0.6570825785467147
N_LP.1667	0.5611808777856254	-0.5611808777856253
N_LP.1668	-1.740561519250603	1.7405615192506025
N_LP.1669	-1.0475023524900295	1.0475023524900293
N_LP.167	0.6612144724079879	-0.6612144724079878
N_LP.1670	0.08833996339876231	-0.08833996339876256
N_LP.1671	0.032946787114333506	-0.032946787114333236
N_LP.1672	0.07122693357083572	-0.0712269335708357
N_LP.1673	-0.7601481642079622	0.7601481642079619
N_LP.1674	0.2556382914650367	-0.25563829146503664
N_LP.1675	0.684135973271897	-0.6841359732718969
N_LP.1676	-0.028557189615633697	0.02855718961563369
N_LP.1677	0.357132040397026	-0.3571320403970262
N_LP.1678	0.6255792529709536	-0.6255792529709537
N_LP.1679	0.3678743058127552	-0.3678743058127549
N_LP.168	0.46520121758148497	-0.4652012175814848
N_LP.1680	0.5328280952534992	-0.5328280952534991
N_LP.1681	0.5009811050673105	-0.5009811050673104
N_LP.1682	-0.09262622132177485	0.09262622132177456
N_LP.1683	-2.0556546908414552	2.055654690841455
N_LP.1684	-0.6620667163897018	0.6620667163897016
N_LP.1685	0.7401013984476686	-0.7401013984476688
N_LP.1686	1.3935884972847647	-1.3935884972847643
N_LP.1687	1.132704377210604	-1.1327043772106038
N_LP.1688	1.1353953853493852	-1.1353953853493852
N_LP.1689	1.1257944787158114	-1.1257944787158112
N_LP.169	-1.2473679725859979	1.2473679725859974
N_LP.1690	-0.7644867871650561	0.7644867871650559
N_LP.1691	1.1258739027423001	-1.1258739027423
N_LP.1692	0.8755187462288173	-0.8755187462288172
N_LP.1693	-0.6599367257218366	0.6599367257218364
N_LP.1694	-0.18492409442613644	0.1849240944261364
N_LP.1695	0.24235858951065073	-0.24235858951065092
N_LP.1696	-1.426081394498417	1.4260813944984165
N_LP.1697	0.6747542986042359	-0.6747542986042356
N_LP.1698	1.2485387715267329	-1.2485387715267324
N_LP.1699	1.4476314471965686	-1.4476314471965683
N_LP.17	-0.3182683239538606	0.3182683239538608
N_LP.170	0.39863485406630933	-0.3986348540663095
N_LP.1700	-0.7668087737650594	0.7668087737650592
N_LP.1701	0.9864327763627824	-0.986432776362782
N_LP.1702	0.039763883951580065	-0.03976388395158032
N_LP.1703	0.6886339293143962	-0.6886339293143958
N_LP.1704	-1.4060624658707368	1.4060624658707364
N_LP.1705	0.49499411466391224	-0.4949941146639121
N_LP.1706	-0.02897114575900529	0.02897114575900528
N_LP.1707	1.235372049575671	-1.2353720495756708
N_LP.1708	1.1385777906630856	-1.1385777906630854
N_LP.1709	0.8261190474227893	-0.8261190474227891
N_LP.171	1.191371901449454	-1.1913719014494535
N_LP.1710	-0.7611520654585558	0.7611520654585556
N_LP.1711	-0.025570219680216496	0.02557021968021649
N_LP.1712	0.33838228326431985	-0.33838228326431974
N_LP.1713	0.43109430208974286	-0.4310943020897427
N_LP.1714	-0.2088374252600773	0.20883742526007698
N_LP.1715	0.10844287399572472	-0.10844287399572496
N_LP.1716	0.545020763954115	-0.5450207639541147
N_LP.1717	-0.8429813033546925	0.8429813033546922
N_LP.1718	-1.186121611970267	1.1861216119702667
N_LP.1719	-1.5303621409648591	1.5303621409648587
N_LP.172	0.8228556688234088	-0.8228556688234087
N_LP.1720	-0.31289468077083593	0.3128946807708358
N_LP.1721	-1.658303087178345	1.6583030871783446
N_LP.1722	1.058827729377142	-1.058827729377142
N_LP.1723	0.17156381105396076	-0.17156381105396099
N_LP.1724	-2.4167774621069498	2.416777462106949
N_LP.1725	-0.387207989708919	0.3872079897089189
N_LP.1726	-0.34813958748821994	0.3481395874882201
N_LP.1727	1.5306083858200197	-1.5306083858200192
N_LP.1728	0.5092951152457312	-0.5092951152457313
N_LP.1729	-0.7198459065915941	0.7198459065915939
N_LP.173	-0.07885755269303747	0.0788575526930372
N_LP.1730	-0.6761080639643695	0.6761080639643693
N_LP.1731	-1.1489067968255104	1.1489067968255102
N_LP.1732	0.7380796237760517	-0.7380796237760516
N_LP.1733	0.7362179298071424	-0.7362179298071421
N_LP.1734	0.8763546162989619	-0.8763546162989616
N_LP.1735	1.2893804990548705	-1.28938049905487
N_LP.1736	0.2548191366202265	-0.25481913662022615
N_LP.1737	-1.7333527476277906	1.7333527476277901
N_LP.1738	-1.415569897668333	1.4155698976683329
N_LP.1739	1.6970496787125577	-1.6970496787125569
N_LP.174	-0.02933802732371154	0.0293380273237118
N_LP.1740	-1.3763196491861958	1.3763196491861953
N_LP.1741	-1.1597411370200643	1.159741137020064
N_LP.1742	0.37644121634442157	-0.37644121634442174
N_LP.1743	-1.1785235644339878	1.1785235644339873
N_LP.1744	-0.09015784370897344	0.09015784370897341
N_LP.1745	-0.191062741487522	0.19106274148752195
N_LP.1746	1.4068201420429705	-1.40682014204297
N_LP.1747	-1.0924250993588642	1.0924250993588638
N_LP.1748	-0.3213709058154682	0.32137090581546807
N_LP.1749	1.0640734399244327	-1.0640734399244325
N_LP.175	0.6376205598203895	-0.637620559820389
N_LP.1750	1.1764140843206095	-1.1764140843206092
N_LP.1751	-0.9939341641311192	0.9939341641311189
N_LP.1752	-0.7358751669904585	0.7358751669904583
N_LP.1753	-0.04026732604942861	0.0402673260494286
N_LP.1754	0.9061759906178557	-0.9061759906178556
N_LP.1755	0.7734843591741771	-0.7734843591741767
N_LP.1756	1.1546222963936907	-1.1546222963936905
N_LP.1757	0.093394150064389	-0.09339415006438898
N_LP.1758	-1.8848547105023836	1.884854710502383
N_LP.1759	-0.5052050881244935	0.5052050881244934
N_LP.176	1.1479400520402137	-1.1479400520402132
N_LP.1760	-0.03277906131547457	0.03277906131547429
N_LP.1761	1.0943381524506188	-1.0943381524506184
N_LP.1762	1.3413073481968245	-1.341307348196824
N_LP.1763	0.8103716051217732	-0.8103716051217729
N_LP.1764	0.8127311007233535	-0.8127311007233533
N_LP.1765	-0.8505222739579851	0.8505222739579849
N_LP.1766	-2.6161577251376453	2.6161577251376444
N_LP.1767	0.9697633060454117	-0.9697633060454117
N_LP.1768	1.4460824191696269	-1.4460824191696267
N_LP.1769	-0.21733386395020035	0.2173338639502003
N_LP.177	0.8189013146648839	-0.8189013146648838
N_LP.1770	-0.7744161689189912	0.774416168918991
N_LP.1771	-0.2609461488041883	0.26094614880418826
N_LP.1772	-0.020363376313459556	0.020363376313459552
N_LP.1773	-0.4673772600771124	0.467377260077112
N_LP.1774	0.9439312032326361	-0.9439312032326362
N_LP.1775	0.8539988801207873	-0.8539988801207873
N_LP.1776	1.2911334602911517	-1.2911334602911513
N_LP.1777	-0.7072727250085811	0.7072727250085808
N_LP.1778	-1.1067536223349381	1.1067536223349377
N_LP.1779	-1.5750607260584961	1.5750607260584957
N_LP.178	0.5938519580164413	-0.5938519580164412
N_LP.1780	-0.3384569531140771	0.3384569531140773
N_LP.1781	1.045972176999512	-1.0459721769995116
N_LP.1782	0.9434364100808768	-0.9434364100808764
N_LP.1783	1.0563316561111746	-1.0563316561111744
N_LP.1784	-0.12277248440824283	0.1227724844082428
N_LP.1785	-1.023597786646509	1.0235977866465087
N_LP.1786	-0.42083470645352333	0.4208347064535232
N_LP.1787	-0.4222697688461586	0.4222697688461582
N_LP.1788	-0.5882787394356777	0.5882787394356775
N_LP.1789	-1.5868810929600248	1.5868810929600243
N_LP.179	-1.0880577084536787	1.0880577084536784
N_LP.1790	-1.1070244129594529	1.1070244129594526
N_LP.1791	-0.4158189342756992	0.4158189342756993
N_LP.1792	-0.1214068024873295	0.12140680248732973
N_LP.1793	0.8265610231687807	-0.8265610231687804
N_LP.1794	1.3136768490769704	-1.31367684907697
N_LP.1795	-0.6415396957417933	0.641539695741793
N_LP.1796	1.1000368803013083	-1.100036880301308
N_LP.1797	-1.6762045416727889	1.6762045416727884
N_LP.1798	0.24655400933524915	-0.2465540093352491
N_LP.1799	-0.6834219185326766	0.6834219185326765
N_LP.18	1.5474607712434285	-1.5474607712434278
N_LP.180	-1.2135538547603293	1.213553854760329
N_LP.1800	0.4641488561590479	-0.4641488561590475
N_LP.1801	0.2080471552207258	-0.208047155220726
N_LP.1802	0.7584854267666205	-0.7584854267666205
N_LP.1803	-0.7016410640967276	0.7016410640967274
N_LP.1804	-0.1014093508698809	0.10140935086988087
N_LP.1805	1.0049226523154164	-1.0049226523154162
N_LP.1806	1.1334259997446596	-1.1334259997446596
N_LP.1807	0.7364994782724184	-0.7364994782724184
N_LP.1808	1.3072290925870589	-1.3072290925870584
N_LP.1809	-0.654635249498383	0.6546352494983829
N_LP.181	-1.6811041345660755	1.681104134566075
N_LP.1810	0.5043996576248951	-0.5043996576248948
N_LP.1811	0.7365744400262686	-0.7365744400262687
N_LP.1812	0.5379146446175438	-0.5379146446175437
N_LP.1813	-0.696787790957269	0.6967877909572687
N_LP.1814	0.33452803476480647	-0.33452803476480636
N_LP.1815	-0.10540001251670651	0.10540001251670675
N_LP.1816	1.3228347348941594	-1.3228347348941591
N_LP.1817	1.73589740961303	-1.7358974096130293
N_LP.1818	1.032165767747834	-1.0321657677478335
N_LP.1819	-1.426222042235243	1.4262220422352425
N_LP.182	0.9609240233394676	-0.9609240233394674
N_LP.1820	-0.16956579122751275	0.16956579122751242
N_LP.1821	-0.43727333450295547	0.43727333450295536
N_LP.1822	-1.104150103424455	1.1041501034244547
N_LP.1823	1.234676101968061	-1.2346761019680608
N_LP.1824	0.4486887433166502	-0.4486887433166498
N_LP.1825	0.7522884883289543	-0.7522884883289541
N_LP.1826	-2.20914160794324	2.2091416079432395
N_LP.1827	1.101602970451503	-1.1016029704515022
N_LP.1828	-0.45870134961313186	0.4587013496131317
N_LP.1829	-0.9935900442495177	0.9935900442495175
N_LP.183	0.7605782535445249	-0.7605782535445245
N_LP.1830	0.36227764015228014	-0.3622776401522803
N_LP.1831	1.1847390683850303	-1.1847390683850303
N_LP.1832	-0.25235346209318604	0.252353462093186
N_LP.1833	1.0516926117104695	-1.0516926117104692
N_LP.1834	-0.4907099545708327	0.49070995457083283
N_LP.1835	0.2144162025856539	-0.21441620258565383
N_LP.1836	-0.08849281710389208	0.08849281710389205
N_LP.1837	-1.2212100310721652	1.2212100310721647
N_LP.1838	-0.18395217630898592	0.18395217630898586
N_LP.1839	0.9362267520733816	-0.9362267520733815
N_LP.184	-1.2235072937210796	1.2235072937210794
N_LP.1840	-0.49885938549803555	0.49885938549803566
N_LP.1841	0.746617422638452	-0.7466174226384517
N_LP.1842	0.6895102695960558	-0.6895102695960557
N_LP.1843	-1.47985788598737	1.4798578859873694
N_LP.1844	-1.5198969541624388	1.5198969541624383
N_LP.1845	-0.44208910845093974	0.4420891084509399
N_LP.1846	-1.402680872707191	1.4026808727071907
N_LP.1847	-0.5217281859697473	0.5217281859697471
N_LP.1848	-0.24112984158980655	0.24112984158980647
N_LP.1849	-1.6536516442445548	1.6536516442445544
N_LP.185	1.4070780233374303	-1.4070780233374298
N_LP.1850	-0.8416706744932897	0.8416706744932895
N_LP.1851	-1.9215436510108939	1.9215436510108934
N_LP.1852	-0.5133973287848663	0.5133973287848664
N_LP.1853	-0.23095587259371794	0.2309558725937179
N_LP.1854	0.3723507573497413	-0.3723507573497412
N_LP.1855	0.7896514131158523	-0.7896514131158519
N_LP.1856	1.0586433259175636	-1.0586433259175634
N_LP.1857	0.6865972828577036	-0.6865972828577033
N_LP.1858	1.0789567622496905	-1.07895676224969
N_LP.1859	1.6788278728698596	-1.6788278728698591
N_LP.186	0.5869785937158272	-0.586978593715827
N_LP.1860	-1.0604583529400302	1.06045835294003
N_LP.1861	1.0108918811837333	-1.0108918811837333
N_LP.1862	-0.4011861243535383	0.40118612435353845
N_LP.1863	0.04841982876191285	-0.048419828761912566
N_LP.1864	0.10953173562054393	-0.1095317356205439
N_LP.1865	0.6148813188176079	-0.6148813188176078
N_LP.1866	0.012181939784880275	-0.012181939784880537
N_LP.1867	-0.8464715623489728	0.8464715623489726
N_LP.1868	-1.0983948798489145	1.0983948798489143
N_LP.1869	0.3105440723722271	-0.31054407237222703
N_LP.187	0.809972935517516	-0.8099729355175159
N_LP.1870	-0.9775483119413014	0.9775483119413012
N_LP.1871	1.6243460678522683	-1.624346067852268
N_LP.1872	-1.1040598258074967	1.1040598258074965
N_LP.1873	-1.689651601188506	1.6896516011885057
N_LP.1874	-2.0485853150198094	2.048585315019809
N_LP.1875	0.13843274515852252	-0.1384327451585225
N_LP.1876	1.0818727087098474	-1.0818727087098472
N_LP.1877	1.7154141720737703	-1.7154141720737697
N_LP.1878	-0.28286230335861046	0.2828623033586104
N_LP.1879	0.18490349747984478	-0.18490349747984472
N_LP.188	-1.0770324599978789	1.0770324599978787
N_LP.1880	0.8934076726638646	-0.8934076726638644
N_LP.1881	-0.8957270739154343	0.895727073915434
N_LP.1882	1.3776290752577705	-1.3776290752577698
N_LP.1883	0.6076847809864515	-0.6076847809864516
N_LP.1884	-2.1765195807352855	2.1765195807352846
N_LP.1885	1.431193829413068	-1.431193829413068
N_LP.1886	0.27990959073781474	-0.2799095907378147
N_LP.1887	-0.49760151084873183	0.4976015108487317
N_LP.1888	1.149156151280891	-1.1491561512808905
N_LP.1889	-1.9375268818932403	1.9375268818932398
N_LP.189	-2.133280473447264	2.1332804734472632
N_LP.1890	-1.4920177980833906	1.4920177980833902
N_LP.1891	0.16843671306430813	-0.1684367130643081
N_LP.1892	1.473914152640875	-1.4739141526408746
N_LP.1893	0.5207529978551854	-0.5207529978551851
N_LP.1894	-0.6298839627493227	0.6298839627493226
N_LP.1895	0.02731614388948715	-0.027316143889486878
N_LP.1896	0.7687294273364773	-0.7687294273364773
N_LP.1897	0.041621330358838145	-0.041621330358838395
N_LP.1898	-0.02694950591829975	0.026949505918299744
N_LP.1899	-1.7430602523384666	1.7430602523384662
N_LP.19	0.1332438211677144	-0.1332438211677141
N_LP.190	-0.7392039256608987	0.7392039256608985
N_LP.1900	0.7977402147297281	-0.797740214729728
N_LP.1901	-1.651389159009737	1.6513891590097365
N_LP.1902	1.4015716230953026	-1.4015716230953021
N_LP.1903	1.2471029733845036	-1.247102973384503
N_LP.1904	-1.0979489622526004	1.0979489622526002
N_LP.1905	-0.8429147024166596	0.8429147024166593
N_LP.1906	-1.0132502626932123	1.0132502626932118
N_LP.1907	1.1153954041647347	-1.1153954041647345
N_LP.1908	0.2856076468530361	-0.28560764685303597
N_LP.1909	0.3200783256110295	-0.32007832561102945
N_LP.191	-0.03882898953666372	0.038828989536663715
N_LP.1910	0.6260191024291295	-0.6260191024291293
N_LP.1911	-0.7009554958246701	0.7009554958246699
N_LP.1912	1.009622231836633	-1.0096222318366328
N_LP.1913	-1.123787651025027	1.1237876510250269
N_LP.1914	0.11881710225085837	-0.1188171022508586
N_LP.1915	0.36424801453962385	-0.3642480145396238
N_LP.1916	-1.501237444315328	1.5012374443153278
N_LP.1917	0.572963915921348	-0.5729639159213481
N_LP.1918	0.8615247461591904	-0.8615247461591901
N_LP.1919	0.5558257257803534	-0.5558257257803532
N_LP.192	-1.873888455579346	1.8738884555793456
N_LP.1920	-0.6656598783545193	0.6656598783545191
N_LP.1921	-0.7982448641468199	0.7982448641468197
N_LP.1922	1.177559180638979	-1.1775591806389787
N_LP.1923	0.6783574801672403	-0.6783574801672398
N_LP.1924	-0.5933387781130538	0.5933387781130537
N_LP.1925	-1.6808621342776793	1.6808621342776788
N_LP.1926	-0.7290509227993145	0.7290509227993143
N_LP.1927	1.229487498453397	-1.229487498453397
N_LP.1928	0.008578491102272871	-0.008578491102273133
N_LP.1929	-1.3948324556804041	1.3948324556804037
N_LP.193	1.3632137677994467	-1.3632137677994463
N_LP.1930	1.559979646945911	-1.5599796469459104
N_LP.1931	1.0163392831850824	-1.0163392831850824
N_LP.1932	0.12043198894964349	-0.1204319889496432
N_LP.1933	-2.0464024773614495	2.046402477361449
N_LP.1934	-1.418361551323128	1.4183615513231276
N_LP.1935	-0.28339938394222963	0.2833993839422296
N_LP.1936	-1.8970780211869906	1.8970780211869902
N_LP.1937	0.6566788591891654	-0.6566788591891655
N_LP.1938	0.2104177478298995	-0.21041774782989944
N_LP.1939	0.5108060987920354	-0.5108060987920353
N_LP.194	-1.3722587933138721	1.3722587933138717
N_LP.1940	0.47720946279862636	-0.47720946279862625
N_LP.1941	-0.45407423906099376	0.45407423906099365
N_LP.1942	0.2926071689110229	-0.29260716891102306
N_LP.1943	0.8854330717889688	-0.8854330717889688
N_LP.1944	0.4583138937474371	-0.458313893747437
N_LP.1945	-0.13956325383924856	0.13956325383924878
N_LP.1946	0.8584496385492079	-0.8584496385492076
N_LP.1947	-0.3400423187725742	0.34004231877257435
N_LP.1948	1.5546668914990913	-1.5546668914990909
N_LP.1949	0.9376714094850077	-0.9376714094850074
N_LP.195	0.12795110443121055	-0.12795110443121077
N_LP.1950	-1.3996830816837684	1.3996830816837682
N_LP.1951	-0.9283879413927065	0.9283879413927063
N_LP.1952	0.6579125570408236	-0.6579125570408237
N_LP.1953	1.3926217116626638	-1.3926217116626636
N_LP.1954	-0.017171684354543422	0.01717168435454315
N_LP.1955	-1.3349575949551766	1.3349575949551762
N_LP.1956	1.560483014593152	-1.5604830145931516
N_LP.1957	-0.6168408029960023	0.6168408029960022
N_LP.1958	0.5949394264175961	-0.5949394264175959
N_LP.1959	0.9378615983605576	-0.9378615983605576
N_LP.196	1.431677239356424	-1.431677239356424
N_LP.1960	-2.261167025364086	2.2611670253640854
N_LP.1961	-1.0198592933957595	1.0198592933957593
N_LP.1962	-1.1222584417004147	1.1222584417004144
N_LP.1963	0.9536020091915867	-0.9536020091915866
N_LP.1964	0.8931469758097773	-0.893146975809777
N_LP.1965	-0.5584324426123224	0.5584324426123222
N_LP.1966	0.7080106609816612	-0.7080106609816608
N_LP.1967	-0.48675913578941915	0.486759135789419
N_LP.1968	-0.10664376886194847	0.10664376886194844
N_LP.1969	-0.03677492688259806	0.03677492688259831
N_LP.197	0.9387894766798648	-0.9387894766798645
N_LP.1970	-0.3732619892704198	0.3732619892704194
N_LP.1971	0.8381194773121897	-0.8381194773121896
N_LP.1972	0.7256916861481185	-0.7256916861481183
N_LP.1973	-0.31684704966674115	0.3168470496667408
N_LP.1974	0.3551288146967375	-0.3551288146967374
N_LP.1975	-1.008211223480187	1.0082112234801868
N_LP.1976	0.400289473590471	-0.4002894735904706
N_LP.1977	-0.9816004494639803	0.9816004494639801
N_LP.1978	-0.3747615556593131	0.37476155565931324
N_LP.1979	-0.2117308982281665	0.21173089822816643
N_LP.198	-1.5439724187848427	1.5439724187848423
N_LP.1980	-0.06221923861314721	0.06221923861314746
N_LP.1981	0.21547068055286855	-0.2154706805528685
N_LP.1982	0.7202828978998789	-0.7202828978998788
N_LP.1983	0.29757562491372036	-0.2975756249137203
N_LP.1984	-0.46741261612757545	0.4674126161275756
N_LP.1985	-0.786297560486143	0.7862975604861427
N_LP.1986	-0.8452475482808579	0.8452475482808577
N_LP.1987	0.7005206955765976	-0.7005206955765975
N_LP.1988	-1.2812986073581587	1.2812986073581583
N_LP.1989	-0.08940608472162351	0.08940608472162374
N_LP.199	-0.10150544246413189	0.10150544246413186
N_LP.1990	0.5538071746918283	-0.5538071746918279
N_LP.1991	-0.28301536620860834	0.283015366208608
N_LP.1992	-0.5992107071954799	0.5992107071954798
N_LP.1993	0.023668591073444926	-0.023668591073444652
N_LP.1994	0.9276937487066708	-0.9276937487066707
N_LP.1995	0.5803913517878452	-0.5803913517878451
N_LP.1996	-0.19258135584171848	0.19258135584171845
N_LP.1997	-1.7953204876927404	1.79532048769274
N_LP.1998	-1.5586248585078966	1.5586248585078961
N_LP.1999	1.345930768712625	-1.3459307687126245
N_LP.2	-1.156333813190433	1.1563338131904326
N_LP.20	1.5239156128721432	-1.5239156128721427
N_LP.200	1.1994425924139334	-1.199442592413933
N_LP.2000	-1.1961503916742642	1.1961503916742637
N_LP.2001	-2.095702840842992	2.095702840842991
N_LP.2002	0.3624486658582034	-0.36244866585820307
N_LP.2003	-0.6613988165532244	0.6613988165532243
N_LP.2004	-0.7055540057692679	0.7055540057692677
N_LP.2005	0.8120055301833136	-0.8120055301833135
N_LP.2006	-1.0927058251803106	1.0927058251803103
N_LP.2007	0.9260975576612659	-0.9260975576612657
N_LP.2008	1.1918690352223433	-1.191869035222343
N_LP.2009	0.803017718043505	-0.803017718043505
N_LP.201	-0.5173544420061229	0.5173544420061228
N_LP.2010	-1.5002025972683057	1.5002025972683053
N_LP.2011	1.5472869032782701	-1.54728690327827
N_LP.2012	-0.7600069775557754	0.7600069775557753
N_LP.2013	0.33897447668359254	-0.33897447668359243
N_LP.2014	0.41349617330079586	-0.41349617330079574
N_LP.2015	-0.9366641689498426	0.9366641689498423
N_LP.2016	-1.0502206238280083	1.0502206238280078
N_LP.2017	-0.2921417396226511	0.2921417396226508
N_LP.2018	0.9368564789993553	-0.9368564789993552
N_LP.2019	1.6855679683311144	-1.685567968331114
N_LP.202	-0.13970615646157467	0.13970615646157436
N_LP.2020	-1.0238935702175727	1.0238935702175722
N_LP.2021	-1.9563398190438006	1.9563398190438002
N_LP.2022	0.12086171874627541	-0.12086171874627565
N_LP.2023	-1.0748595449176161	1.074859544917616
N_LP.2024	-1.9611196783570917	1.961119678357091
N_LP.2025	-1.3622648442390641	1.3622648442390637
N_LP.2026	0.8878015752305131	-0.887801575230513
N_LP.2027	0.2932484969890964	-0.29324849698909605
N_LP.2028	-2.308610448574942	2.308610448574941
N_LP.2029	-2.284973173403443	2.2849731734034426
N_LP.203	-0.7697569860901824	0.7697569860901823
N_LP.2030	1.3782886268858472	-1.3782886268858467
N_LP.2031	-2.38173584911211	2.3817358491121094
N_LP.2032	0.3588127910198792	-0.35881279101987906
N_LP.2033	-1.7295895023603407	1.7295895023603403
N_LP.2034	-1.8419948560563313	1.8419948560563308
N_LP.2035	0.6034809177362574	-0.6034809177362576
N_LP.2036	-0.6232942530413064	0.6232942530413063
N_LP.2037	0.5583672043815715	-0.5583672043815711
N_LP.2038	-1.4769524335704831	1.4769524335704827
N_LP.2039	0.4656927697790485	-0.4656927697790486
N_LP.204	1.016897600011575	-1.0168976000115748
N_LP.2040	0.8201793489170878	-0.8201793489170874
N_LP.2041	-0.46191919283162786	0.4619191928316277
N_LP.2042	-0.2893200110518689	0.28932001105186883
N_LP.2043	1.5027262677239015	-1.5027262677239008
N_LP.2044	0.8320723064636976	-0.8320723064636977
N_LP.2045	-1.4970014538442935	1.497001453844293
N_LP.2046	0.5865113405974812	-0.586511340597481
N_LP.2047	-1.3189884512659358	1.3189884512659356
N_LP.2048	0.13819196399231098	-0.13819196399231096
N_LP.2049	-1.2089501207556586	1.208950120755658
N_LP.205	1.061144805746134	-1.0611448057461335
N_LP.2050	-0.20744057259052365	0.2074405725905236
N_LP.2051	0.9510356922777594	-0.9510356922777591
N_LP.2052	-0.4348162913332209	0.4348162913332208
N_LP.2053	-0.13612314004957024	0.13612314004956994
N_LP.2054	0.38909176794793005	-0.38909176794792993
N_LP.2055	0.8003660449095241	-0.800366044909524
N_LP.2056	-2.027689539498722	2.0276895394987218
N_LP.2057	1.1303975460107902	-1.1303975460107898
N_LP.2058	0.2695578699044732	-0.2695578699044734
N_LP.2059	-0.9699234553465912	0.969923455346591
N_LP.206	-0.09275782090388517	0.0927578209038854
N_LP.2060	1.0015928864893178	-1.0015928864893175
N_LP.2061	-0.6960860309737784	0.6960860309737783
N_LP.2062	0.8879787254489984	-0.8879787254489983
N_LP.2063	0.751859412275	-0.7518594122750001
N_LP.2064	-1.404331710005695	1.4043317100056947
N_LP.2065	0.9117041162566069	-0.9117041162566064
N_LP.2066	1.3931083616727982	-1.393108361672798
N_LP.2067	-1.1458206420253052	1.145820642025305
N_LP.2068	1.4262821347836623	-1.426282134783662
N_LP.2069	-1.6830569613599637	1.6830569613599633
N_LP.207	0.4879095002480112	-0.48790950024801083
N_LP.2070	0.6642492481729442	-0.6642492481729441
N_LP.2071	-0.5208399789621231	0.520839978962123
N_LP.2072	-1.1768736546451262	1.176873654645126
N_LP.2073	-0.4576010021307694	0.4576010021307695
N_LP.2074	1.318281313363325	-1.318281313363325
N_LP.2075	-0.9991781588190887	0.9991781588190884
N_LP.2076	-1.452042858210495	1.4520428582104945
N_LP.2077	-1.0232408584247026	1.0232408584247024
N_LP.2078	1.2183046799012671	-1.218304679901267
N_LP.2079	-2.214682943795334	2.2146829437953337
N_LP.208	0.44153613153693105	-0.44153613153693094
N_LP.2080	-1.7335880174599165	1.733588017459916
N_LP.2081	-0.18852978255271577	0.18852978255271574
N_LP.2082	-0.6410468223661455	0.6410468223661454
N_LP.2083	-1.9481646873409577	1.9481646873409573
N_LP.2084	-2.1726227974962207	2.1726227974962202
N_LP.2085	0.44107233691025766	-0.44107233691025755
N_LP.2086	1.3953802822012984	-1.395380282201298
N_LP.2087	0.6559173458915828	-0.6559173458915826
N_LP.2088	-2.101889489858098	2.1018894898580975
N_LP.2089	-0.7050889751621155	0.7050889751621153
N_LP.209	1.4287945535673658	-1.4287945535673656
N_LP.2091	0.8064882409556281	-0.8064882409556277
N_LP.2092	-1.6330838912728354	1.633083891272835
N_LP.2093	1.656585073646426	-1.6565850736464254
N_LP.2094	1.050566327096618	-1.0505663270966177
N_LP.2095	-0.6999666765543252	0.699966676554325
N_LP.2096	0.9901522435489377	-0.9901522435489375
N_LP.2097	-1.2177499410752586	1.2177499410752581
N_LP.2098	0.36054853839217665	-0.36054853839217654
N_LP.2099	-0.06543709515471738	0.06543709515471709
N_LP.21	-0.10287464714678994	0.10287464714679018
N_LP.210	-0.8736489892221495	0.8736489892221493
N_LP.2100	0.14449936993556997	-0.14449936993556967
N_LP.2101	-0.37101173455142283	0.3710117345514227
N_LP.2102	0.9504299005355651	-0.9504299005355648
N_LP.2103	1.2683038477963569	-1.2683038477963564
N_LP.2104	-1.1668913241186478	1.1668913241186476
N_LP.2105	0.4176233104066557	-0.4176233104066553
N_LP.2106	-0.24682981177358118	0.24682981177358113
N_LP.2107	-0.5194586912382987	0.5194586912382986
N_LP.2108	-1.5918993821927079	1.5918993821927074
N_LP.2109	-2.124461448890782	2.1244614488907816
N_LP.211	1.2898524336896906	-1.2898524336896902
N_LP.2110	1.0129976321135818	-1.0129976321135814
N_LP.2111	0.1794783121728098	-0.17947831217280946
N_LP.2112	-0.3190540643853008	0.319054064385301
N_LP.2113	-0.4771689613682881	0.47716896136828824
N_LP.2114	-0.3775200203322396	0.37752002033223947
N_LP.2115	-1.5039160595977599	1.5039160595977596
N_LP.2116	-1.1922505004462145	1.1922505004462143
N_LP.2117	1.0104636358285364	-1.0104636358285357
N_LP.2118	1.0166865665058127	-1.0166865665058122
N_LP.2119	-0.2787133503425249	0.27871335034252487
N_LP.212	1.313212531032105	-1.3132125310321046
N_LP.2120	1.4352557484996276	-1.4352557484996271
N_LP.2121	-1.6538196501840123	1.653819650184012
N_LP.2122	-1.4387892501483037	1.4387892501483033
N_LP.2123	-1.9868256093864824	1.986825609386482
N_LP.2124	-0.5746998088450744	0.5746998088450743
N_LP.2125	1.2221367329325836	-1.2221367329325832
N_LP.2126	-0.13366798156766302	0.13366798156766324
N_LP.2127	-1.530729292037329	1.5307292920373288
N_LP.2128	-0.048716740154543046	0.04871674015454303
N_LP.2129	0.9381533597894833	-0.9381533597894832
N_LP.213	-0.25237072028016394	0.2523707202801641
N_LP.2130	1.3391486790350398	-1.3391486790350393
N_LP.2131	1.1274634394061347	-1.1274634394061345
N_LP.2132	0.14835250279907752	-0.14835250279907775
N_LP.2133	0.2568255027174539	-0.2568255027174538
N_LP.2134	-0.2413041381333338	0.24130413813333373
N_LP.2135	-0.3249722360754282	0.3249722360754281
N_LP.2136	-0.8143323477342416	0.8143323477342413
N_LP.2137	-1.6899403298882052	1.6899403298882048
N_LP.2138	0.49140959068895174	-0.4914095906889516
N_LP.2139	0.4387693948128705	-0.43876939481287036
N_LP.214	0.27041399174671354	-0.2704139917467132
N_LP.2140	0.880921961895673	-0.8809219618956727
N_LP.2141	0.16265433453901762	-0.16265433453901731
N_LP.2142	-0.35203128986699844	0.3520312898669986
N_LP.2143	-1.4103051863231573	1.4103051863231568
N_LP.2144	0.2894950719264748	-0.28949507192647445
N_LP.2145	0.6677994597209733	-0.6677994597209731
N_LP.2146	0.31302962051212424	-0.31302962051212413
N_LP.2147	1.2112322174148185	-1.211232217414818
N_LP.2148	-0.5780409556137938	0.5780409556137936
N_LP.2149	1.0158003830391424	-1.0158003830391424
N_LP.215	0.5968833777452615	-0.596883377745261
N_LP.2150	1.4875073278457973	-1.4875073278457969
N_LP.2151	-2.026650832731574	2.0266508327315735
N_LP.2152	0.8370784030485214	-0.8370784030485212
N_LP.2153	-0.6198640218879471	0.619864021887947
N_LP.2154	0.6694381147354138	-0.6694381147354136
N_LP.2155	-0.061729870073070084	0.06172987007307007
N_LP.2156	1.3953106357391063	-1.3953106357391059
N_LP.2157	-0.7017036954673537	0.7017036954673536
N_LP.2158	-0.30793772691027854	0.3079377269102782
N_LP.2159	1.1179599440069266	-1.1179599440069266
N_LP.216	1.1767423174505243	-1.1767423174505238
N_LP.2160	0.21686556628030404	-0.21686556628030398
N_LP.2161	1.5252198033866833	-1.5252198033866826
N_LP.2162	-0.23285056365234705	0.23285056365234696
N_LP.2163	-0.2969703920725532	0.2969703920725531
N_LP.2164	-0.6720781926971799	0.6720781926971797
N_LP.2165	0.9242441121168229	-0.9242441121168228
N_LP.2166	0.24914770166586944	-0.24914770166586914
N_LP.2167	-1.131278057154973	1.1312780571549728
N_LP.2168	1.1738789514551098	-1.1738789514551096
N_LP.2169	1.3472846912448218	-1.3472846912448213
N_LP.217	-0.9232211720650044	0.9232211720650042
N_LP.2170	1.5512544331037077	-1.5512544331037073
N_LP.2171	-0.2712207283310989	0.2712207283310991
N_LP.2172	-0.8451554931657626	0.8451554931657623
N_LP.2173	-1.4221363000351004	1.4221363000351
N_LP.2174	-1.8791185451357983	1.8791185451357977
N_LP.2175	-0.8663417326212901	0.8663417326212899
N_LP.2176	0.737725585561389	-0.7377255855613888
N_LP.2177	-0.3132230189302281	0.31322301893022775
N_LP.2178	-0.7009965100150997	0.7009965100150994
N_LP.2179	0.8515218095251941	-0.8515218095251935
N_LP.218	-0.6285711994910579	0.6285711994910577
N_LP.2180	0.9762051776739032	-0.9762051776739031
N_LP.2181	0.08105936099317236	-0.08105936099317235
N_LP.2182	1.100512138647873	-1.100512138647873
N_LP.2183	-0.8371162962284234	0.8371162962284232
N_LP.2184	-1.5326105437489785	1.5326105437489783
N_LP.2185	0.9389530640537935	-0.9389530640537931
N_LP.2186	-0.12719721192006558	0.12719721192006556
N_LP.2187	-0.92074342532867	0.9207434253286698
N_LP.2188	1.4247523544792944	-1.4247523544792937
N_LP.2189	0.20370431668916184	-0.20370431668916178
N_LP.219	0.7266486368243242	-0.7266486368243238
N_LP.2190	-1.6824356832065204	1.68243568320652
N_LP.2191	0.4960394686587328	-0.49603946865873294
N_LP.2192	-1.0161590149344495	1.0161590149344493
N_LP.2193	-0.8587624974911718	0.8587624974911716
N_LP.2194	1.0389383585340797	-1.0389383585340792
N_LP.2195	-1.119168810937226	1.1191688109372255
N_LP.2196	1.3677650323096098	-1.3677650323096096
N_LP.2197	0.31051825359804625	-0.3105182535980464
N_LP.2198	-1.6132193287731802	1.6132193287731798
N_LP.2199	1.2590387780871144	-1.2590387780871142
N_LP.22	-1.0175501781450196	1.0175501781450194
N_LP.220	-1.3040057153852183	1.3040057153852178
N_LP.2200	0.8891295116921769	-0.8891295116921767
N_LP.2201	-1.4072149746330305	1.40721497463303
N_LP.2202	-1.0894067253254753	1.0894067253254751
N_LP.2203	-2.039763963928315	2.0397639639283147
N_LP.2204	-2.5318692239915235	2.531869223991523
N_LP.2205	-1.3001080133926795	1.300108013392679
N_LP.2206	0.8670050257032721	-0.8670050257032719
N_LP.2207	0.7126099047149689	-0.7126099047149685
N_LP.2208	-0.5802845553034285	0.5802845553034283
N_LP.2209	-0.9159920377478721	0.9159920377478717
N_LP.221	1.0664386703159592	-1.0664386703159587
N_LP.2210	-0.8748737756712688	0.8748737756712684
N_LP.2211	0.017997344596463967	-0.017997344596463696
N_LP.2212	-0.7823045965821525	0.7823045965821522
N_LP.2213	-0.8007072339323716	0.8007072339323714
N_LP.2214	0.12579095184671654	-0.12579095184671624
N_LP.2215	-0.029298206195359437	0.029298206195359427
N_LP.2216	-0.7040791390968467	0.7040791390968465
N_LP.2217	-0.6877606736334706	0.6877606736334705
N_LP.2218	0.0007046606443143054	-0.0007046606443143052
N_LP.2219	-0.9667243181894616	0.9667243181894614
N_LP.222	-1.1213340264059077	1.1213340264059075
N_LP.2220	0.15178769036476047	-0.15178769036476017
N_LP.2221	-1.6704347106833048	1.6704347106833044
N_LP.2222	0.5309848863051636	-0.5309848863051632
N_LP.2223	0.5286861011868125	-0.5286861011868124
N_LP.2224	-0.6095727502285949	0.6095727502285947
N_LP.2225	-1.488653481612653	1.4886534816126527
N_LP.2226	0.35860576321381055	-0.3586057632138107
N_LP.2227	0.2562946377863722	-0.25629463778637185
N_LP.2228	-2.1195396684622114	2.119539668462211
N_LP.2229	-1.3768928340009658	1.3768928340009654
N_LP.223	0.22933434219250193	-0.2293343421925016
N_LP.2230	0.9980746849323484	-0.9980746849323483
N_LP.2231	-0.9130794815591828	0.9130794815591825
N_LP.2232	-0.3938664551127772	0.39386645511277735
N_LP.2233	0.7076284355230621	-0.7076284355230619
N_LP.2234	1.0843233506662329	-1.0843233506662324
N_LP.2235	-0.31498714924566457	0.3149871492456648
N_LP.2236	-1.3853885071202128	1.3853885071202123
N_LP.2237	-0.6581887539715239	0.6581887539715238
N_LP.2238	1.071697256495798	-1.0716972564957976
N_LP.2239	0.9560499563949925	-0.9560499563949924
N_LP.224	-2.5406825949654346	2.540682594965434
N_LP.2240	-1.1002531103092683	1.100253110309268
N_LP.2241	1.5296535979844883	-1.529653597984488
N_LP.2242	-0.9958106469359879	0.9958106469359876
N_LP.2243	-1.1020062160798374	1.1020062160798372
N_LP.2244	-0.978499349861134	0.9784993498611337
N_LP.2245	-0.41832720813273183	0.41832720813273144
N_LP.2246	-0.29990977308603156	0.2999097730860315
N_LP.2247	1.026495222991865	-1.0264952229918645
N_LP.2248	0.2613368331154386	-0.26133683311543854
N_LP.2249	1.3312485193284593	-1.3312485193284591
N_LP.225	0.841332878931311	-0.8413328789313107
N_LP.2250	-1.1499885750834637	1.1499885750834635
N_LP.2251	1.5027586593665712	-1.502758659366571
N_LP.2252	0.6287715139276879	-0.6287715139276878
N_LP.2253	-0.13724433005250378	0.137244330052504
N_LP.2254	-0.052269227359780415	0.05226922735978013
N_LP.2255	0.8622184068271201	-0.8622184068271198
N_LP.2256	0.4109498089885147	-0.41094980898851435
N_LP.2257	0.7333131611778828	-0.7333131611778825
N_LP.2258	0.6909156279941367	-0.6909156279941363
N_LP.2259	-0.5579320211109485	0.5579320211109483
N_LP.226	-1.4000279657006214	1.400027965700621
N_LP.2260	1.2374476581682337	-1.237447658168233
N_LP.2261	1.4966967399532682	-1.4966967399532678
N_LP.2262	0.4728198657021696	-0.4728198657021695
N_LP.2263	-1.3220157670870765	1.322015767087076
N_LP.2264	0.5804364600878079	-0.580436460087808
N_LP.2265	-0.05429259669922858	0.05429259669922883
N_LP.2266	-0.24732107999271602	0.24732107999271596
N_LP.2267	-0.05703066608567343	0.05703066608567368
N_LP.2268	-0.1709520068904657	0.1709520068904659
N_LP.2269	-1.3925859536966352	1.392585953696635
N_LP.227	-1.3410425022158414	1.3410425022158412
N_LP.2270	0.09856407282781793	-0.0985640728278179
N_LP.2271	-0.6711773080780977	0.6711773080780975
N_LP.2272	0.6076214113967786	-0.6076214113967785
N_LP.2273	-1.314196290438301	1.3141962904383007
N_LP.2274	1.009084650230891	-1.0090846502308903
N_LP.2275	-1.0286019742040897	1.0286019742040895
N_LP.2276	-1.4966389015761565	1.4966389015761563
N_LP.2277	-0.512711825224863	0.5127118252248628
N_LP.2278	-0.9039891134030933	0.9039891134030931
N_LP.2279	-0.429795517988442	0.4297955179884416
N_LP.228	0.0738771825604737	-0.07387718256047368
N_LP.2280	-0.5269782888472775	0.5269782888472774
N_LP.2281	0.27885798441903964	-0.27885798441903953
N_LP.2282	0.5644760609319064	-0.5644760609319059
N_LP.2283	-2.0381829016604374	2.038182901660437
N_LP.2284	-0.7513474970657514	0.7513474970657512
N_LP.2285	0.8775139817409154	-0.877513981740915
N_LP.2286	-0.9461334292881284	0.9461334292881282
N_LP.2287	0.3203347447378567	-0.32033474473785667
N_LP.2288	1.5423087260783503	-1.5423087260783495
N_LP.2289	0.08518216510037187	-0.08518216510037185
N_LP.229	0.242363830147511	-0.24236383014751095
N_LP.2290	0.35136243199753797	-0.3513624319975382
N_LP.2291	0.3176521487166294	-0.317652148716629
N_LP.2292	-0.9425475362017202	0.9425475362017199
N_LP.2293	-1.8138761650912965	1.813876165091296
N_LP.2294	0.6496198509463481	-0.6496198509463482
N_LP.2295	-0.5564048925796395	0.5564048925796393
N_LP.2296	-2.0789882010513403	2.07898820105134
N_LP.2297	0.9109280163608489	-0.9109280163608487
N_LP.2298	-1.8119056052022708	1.8119056052022704
N_LP.2299	-1.2173112999655398	1.2173112999655396
N_LP.23	0.639301020615733	-0.6393010206157328
N_LP.230	-0.2797468762504409	0.2797468762504408
N_LP.2300	-1.5611840614027759	1.5611840614027754
N_LP.2301	-2.272851312233883	2.2728513122338825
N_LP.2302	1.2348797368404885	-1.234879736840488
N_LP.2303	-1.5449222881033027	1.5449222881033022
N_LP.2304	0.8161905837809352	-0.8161905837809349
N_LP.2305	-0.7793076152095038	0.7793076152095035
N_LP.2306	-0.7915847890362321	0.7915847890362319
N_LP.2307	0.7312022161393452	-0.7312022161393447
N_LP.2308	-1.2690200890532046	1.2690200890532044
N_LP.2309	0.23678751957995045	-0.23678751957995067
N_LP.231	-0.4972984225902857	0.49729842259028534
N_LP.2310	-0.8013288880882643	0.8013288880882641
N_LP.2311	0.9432848861785617	-0.9432848861785615
N_LP.2312	-0.1906240441707357	0.19062404417073564
N_LP.2313	-0.8000745222284982	0.800074522228498
N_LP.2314	0.37526777994547106	-0.37526777994547095
N_LP.2315	-0.4006490622801233	0.4006490622801229
N_LP.2316	0.47629878907393136	-0.47629878907393125
N_LP.2317	0.5122463655932242	-0.512246365593224
N_LP.2318	-0.41020687354357777	0.41020687354357765
N_LP.2319	-0.2249941967741401	0.22499419677414031
N_LP.232	1.2651338575614033	-1.2651338575614028
N_LP.2320	-0.5563035950665106	0.5563035950665105
N_LP.2321	0.29128997232192866	-0.2912899723219289
N_LP.2322	1.2339703255589873	-1.2339703255589871
N_LP.2323	0.012726433335505655	-0.012726433335505652
N_LP.2324	-0.9578081781028248	0.9578081781028246
N_LP.2325	-1.2325972542520358	1.2325972542520354
N_LP.2326	-1.0250382581226751	1.025038258122675
N_LP.2327	1.1541024246673868	-1.1541024246673863
N_LP.2328	0.37901617482149286	-0.3790161748214925
N_LP.2329	-0.9548442078342538	0.9548442078342535
N_LP.233	0.8778936561719853	-0.8778936561719849
N_LP.2330	0.6272778940854465	-0.6272778940854463
N_LP.2331	0.08769244653230732	-0.08769244653230703
N_LP.2332	-1.1381699510599037	1.1381699510599033
N_LP.2333	-1.257770819528635	1.2577708195286348
N_LP.2334	-1.3842455641882485	1.3842455641882483
N_LP.2335	-1.295581517479349	1.2955815174793486
N_LP.2336	-0.171455000397057	0.17145500039705722
N_LP.2337	-1.3572774156659244	1.357277415665924
N_LP.2338	0.551150404792031	-0.5511504047920313
N_LP.2339	0.04101833220947737	-0.041018332209477364
N_LP.234	0.49194173813416264	-0.49194173813416225
N_LP.2340	0.002365259557822126	-0.002365259557822391
N_LP.2341	0.6343534364983187	-0.6343534364983185
N_LP.2342	1.3957188891289536	-1.3957188891289531
N_LP.2343	0.6805735615909378	-0.6805735615909376
N_LP.2344	-1.764443399367327	1.7644433993673265
N_LP.2345	-0.1788652087733707	0.1788652087733704
N_LP.2346	-0.5643923354540283	0.5643923354540282
N_LP.2347	-0.6663089152561158	0.6663089152561156
N_LP.2348	1.1591061382895993	-1.1591061382895989
N_LP.2349	-0.3755452639335593	0.37554526393355897
N_LP.235	-0.5546948884580438	0.5546948884580436
N_LP.2350	1.1626799449562573	-1.1626799449562573
N_LP.2351	-2.258052628119587	2.2580526281195867
N_LP.2352	0.02016523652201273	-0.020165236522012728
N_LP.2353	0.048138373412643834	-0.04813837341264383
N_LP.2354	-1.0298236363414464	1.0298236363414461
N_LP.2355	0.9979534129462119	-0.9979534129462116
N_LP.2356	-1.4601355570249694	1.460135557024969
N_LP.2357	-1.0003094184935308	1.0003094184935304
N_LP.2358	1.122656694848475	-1.122656694848475
N_LP.2359	-1.5154587060298794	1.515458706029879
N_LP.236	-0.29557807383782797	0.2955780738378279
N_LP.2360	0.38151165362728356	-0.3815116536272835
N_LP.2361	0.4619014372319428	-0.4619014372319427
N_LP.2362	0.21081900042866128	-0.21081900042866122
N_LP.2363	0.5194533974341432	-0.5194533974341428
N_LP.2364	1.2900876797204208	-1.2900876797204204
N_LP.2365	1.3685975824673886	-1.368597582467388
N_LP.2366	-0.28858506693814356	0.28858506693814323
N_LP.2367	0.8885540558922029	-0.8885540558922026
N_LP.2368	1.0736111841387135	-1.0736111841387128
N_LP.2369	0.3456063317612392	-0.34560633176123917
N_LP.237	0.3203665767929181	-0.32036657679291797
N_LP.2370	-0.9020153517861015	0.9020153517861013
N_LP.2371	0.9613502887356881	-0.961350288735688
N_LP.2372	0.4165171090921107	-0.4165171090921106
N_LP.2373	-0.8996636492525544	0.8996636492525542
N_LP.2374	0.844117873167665	-0.8441178731676648
N_LP.2375	0.9134308615586789	-0.9134308615586786
N_LP.2376	0.6545574866204585	-0.6545574866204583
N_LP.2377	0.973552235333372	-0.973552235333372
N_LP.2378	-0.8192162079092257	0.8192162079092254
N_LP.2379	1.0617423131215769	-1.0617423131215764
N_LP.238	-0.8814895863301958	0.8814895863301956
N_LP.2380	-1.008622990755132	1.0086229907551318
N_LP.2381	1.084652052194173	-1.084652052194173
N_LP.2382	-0.7871971587262163	0.7871971587262161
N_LP.2383	-0.8722436129145461	0.8722436129145459
N_LP.2384	1.5176320515564536	-1.5176320515564534
N_LP.2385	-0.019131230271579962	0.019131230271579692
N_LP.2386	0.6102765507160792	-0.6102765507160788
N_LP.2387	1.6682362045002146	-1.6682362045002141
N_LP.2388	0.47126251272302594	-0.47126251272302605
N_LP.2389	-0.6041558741939503	0.6041558741939501
N_LP.239	-0.9079802687616458	0.9079802687616456
N_LP.2390	0.05271267478604536	-0.05271267478604508
N_LP.2391	1.166275078443479	-1.1662750784434788
N_LP.2392	0.6633291631937451	-0.663329163193745
N_LP.2393	-1.5749188846761417	1.5749188846761413
N_LP.2394	0.68825597139591	-0.6882559713959098
N_LP.2395	-0.5967228857917869	0.5967228857917867
N_LP.2396	0.5577591234764191	-0.5577591234764189
N_LP.2397	-0.6992857808826721	0.6992857808826719
N_LP.2398	0.24893517259025874	-0.2489351725902584
N_LP.2399	-0.2198827744396935	0.2198827744396937
N_LP.24	1.4951743523671224	-1.4951743523671222
N_LP.240	-0.3616937066026447	0.3616937066026449
N_LP.2400	-0.3524494140710557	0.3524494140710556
N_LP.2401	-0.3088553514483964	0.3088553514483963
N_LP.2402	1.1677635865178293	-1.1677635865178289
N_LP.2403	0.08235932456883192	-0.0823593245688319
N_LP.2404	-0.4076142639044476	0.4076142639044475
N_LP.2405	-1.1057338383976523	1.105733838397652
N_LP.2406	-0.23520953438456332	0.23520953438456327
N_LP.2407	0.34789859907107656	-0.34789859907107673
N_LP.2408	0.49631282929186227	-0.49631282929186243
N_LP.2409	0.2705626111884988	-0.27056261118849845
N_LP.241	0.8521725864105184	-0.8521725864105182
N_LP.242	-0.9707910458015595	0.9707910458015593
N_LP.243	-0.8956976401750817	0.8956976401750814
N_LP.244	1.1394566318994621	-1.1394566318994617
N_LP.246	-0.32686421142200195	0.3268642114220021
N_LP.247	1.1495061058442513	-1.149506105844251
N_LP.248	0.6464315393040314	-0.6464315393040312
N_LP.249	1.7791814564397155	-1.7791814564397153
N_LP.25	0.5165215519511963	-0.5165215519511959
N_LP.250	0.3001324821745366	-0.30013248217453653
N_LP.251	-0.383599529511051	0.3835995295110506
N_LP.252	0.014194183725946637	-0.014194183725946634
N_LP.253	-0.10369410685172382	0.10369410685172353
N_LP.254	0.8224781312210857	-0.8224781312210857
N_LP.255	0.6913171100157598	-0.6913171100157597
N_LP.256	0.4191804336502281	-0.4191804336502283
N_LP.257	0.3330996755418934	-0.3330996755418936
N_LP.258	-1.3517844770507343	1.351784477050734
N_LP.259	0.4976433738280174	-0.49764337382801727
N_LP.26	0.9716063566906948	-0.9716063566906948
N_LP.260	-0.6709819191151387	0.6709819191151385
N_LP.261	0.3315575051491974	-0.331557505149197
N_LP.262	1.050088898428946	-1.0500888984289456
N_LP.263	0.32370127221186	-0.3237012722118596
N_LP.264	1.0582153082914525	-1.0582153082914525
N_LP.265	-0.2353436103715776	0.23534361037157783
N_LP.266	-0.8908182107151735	0.8908182107151733
N_LP.268	-0.1833732679318558	0.18337326793185577
N_LP.269	-0.6666629014630937	0.6666629014630936
N_LP.27	0.9235249972343851	-0.923524997234385
N_LP.270	1.6543315659728466	-1.6543315659728464
N_LP.271	-0.9787083216725976	0.9787083216725974
N_LP.272	-2.154259725740997	2.1542597257409963
N_LP.273	1.290823275858206	-1.290823275858206
N_LP.274	-1.5290909185587493	1.529090918558749
N_LP.275	1.425595286366475	-1.4255952863664745
N_LP.276	1.2739615591495934	-1.273961559149593
N_LP.277	-0.23231771966406595	0.23231771966406561
N_LP.278	-0.7756184462133174	0.7756184462133172
N_LP.279	-2.339241965264241	2.3392419652642404
N_LP.28	0.3246173739649594	-0.3246173739649596
N_LP.280	0.045331068250144865	-0.04533106825014486
N_LP.281	-1.5713982075606374	1.571398207560637
N_LP.282	0.9633888469592654	-0.9633888469592653
N_LP.283	0.9386003809109404	-0.9386003809109404
N_LP.284	0.37498694805908095	-0.3749869480590811
N_LP.285	0.6391085803325808	-0.6391085803325809
N_LP.286	0.5293744679775951	-0.529374467977595
N_LP.287	0.06351966245769619	-0.0635196624576959
N_LP.288	-0.20974037807983464	0.2097403780798346
N_LP.289	-2.1145505974401986	2.1145505974401977
N_LP.29	-0.766927750324475	0.7669277503244748
N_LP.290	1.2420301873044985	-1.2420301873044983
N_LP.291	0.4192639777694577	-0.4192639777694573
N_LP.293	-0.6354598919141122	0.6354598919141121
N_LP.294	0.2181912958997623	-0.218191295899762
N_LP.295	-1.773404696755882	1.7734046967558816
N_LP.296	-0.9632622970268818	0.9632622970268815
N_LP.297	0.9203144560589436	-0.9203144560589434
N_LP.298	-0.8028964161911891	0.8028964161911889
N_LP.299	0.6039922809221602	-0.6039922809221601
N_LP.3	-1.715881670771861	1.7158816707718605
N_LP.30	-0.07893183155215672	0.07893183155215644
N_LP.300	0.022227159436655475	-0.022227159436655205
N_LP.302	-0.012322253712425998	0.01232225371242626
N_LP.303	1.1108122636295872	-1.1108122636295872
N_LP.304	1.5960882338598452	-1.5960882338598446
N_LP.305	0.9089200044596328	-0.9089200044596326
N_LP.306	0.8226439549107758	-0.8226439549107754
N_LP.307	-0.006841359923597762	0.00684135992359776
N_LP.308	0.7910590567675205	-0.7910590567675204
N_LP.309	-0.7999199674286019	0.7999199674286018
N_LP.31	0.664979817200005	-0.6649798172000045
N_LP.311	-0.015379411515840859	0.01537941151584059
N_LP.312	0.5442521096088124	-0.5442521096088125
N_LP.313	1.231748713223598	-1.2317487132235976
N_LP.314	0.3958271144189881	-0.395827114418988
N_LP.315	-0.9621849899689544	0.9621849899689542
N_LP.316	1.4606314316614961	-1.460631431661496
N_LP.317	-1.2033083802281843	1.2033083802281839
N_LP.318	0.9491496882405014	-0.9491496882405013
N_LP.319	0.2768516306146521	-0.27685163061465234
N_LP.32	1.271202719453737	-1.2712027194537368
N_LP.320	0.8609770362320434	-0.8609770362320432
N_LP.321	0.7256392519640426	-0.7256392519640424
N_LP.322	-0.495145091481411	0.4951450914814106
N_LP.324	0.8939129358100674	-0.8939129358100669
N_LP.325	1.4113363868318978	-1.411336386831897
N_LP.326	-0.2278667625279941	0.22786676252799404
N_LP.327	-2.3588623267370536	2.358862326737053
N_LP.328	-0.07559060960491172	0.0755906096049117
N_LP.329	-1.6015772450668189	1.6015772450668184
N_LP.33	0.9993848836066078	-0.9993848836066076
N_LP.330	-0.9225488994165367	0.9225488994165364
N_LP.331	1.075739358129684	-1.0757393581296837
N_LP.332	-0.05783954139538221	0.05783954139538192
N_LP.334	-0.9581939092103426	0.9581939092103423
N_LP.335	1.3987099995382801	-1.3987099995382797
N_LP.336	1.0327391768889322	-1.032739176888932
N_LP.337	-1.4622372178956222	1.4622372178956218
N_LP.338	-1.75869606161961	1.7586960616196095
N_LP.339	-0.6263311157096189	0.6263311157096186
N_LP.34	1.165100786189114	-1.1651007861891136
N_LP.340	0.3636513110576482	-0.36365131105764814
N_LP.341	0.9352087916982018	-0.9352087916982018
N_LP.342	0.4424505571318741	-0.4424505571318739
N_LP.343	-0.4512561928206192	0.4512561928206191
N_LP.344	-0.5106721950038862	0.5106721950038863
N_LP.345	0.03016816898157691	-0.030168168981576902
N_LP.346	1.3124394298448487	-1.312439429844848
N_LP.347	-0.42412847656226127	0.42412847656226144
N_LP.348	1.5898554810830634	-1.589855481083063
N_LP.349	-0.5100586286795102	0.5100586286795101
N_LP.35	-1.4919245140290198	1.4919245140290194
N_LP.350	-0.10135836999878355	0.10135836999878352
N_LP.351	-1.212770797468716	1.2127707974687156
N_LP.352	-0.8926881241339071	0.8926881241339069
N_LP.353	1.2814942584628388	-1.2814942584628386
N_LP.354	-1.050033395218862	1.0500333952188619
N_LP.355	-0.358941634831483	0.35894163483148267
N_LP.356	1.1108842615629422	-1.110884261562942
N_LP.357	-0.22243228762170353	0.22243228762170372
N_LP.358	0.6223405926935148	-0.6223405926935146
N_LP.359	-0.1569866580313192	0.15698665803131942
N_LP.36	-1.2560174238519624	1.2560174238519621
N_LP.360	-1.1338320940739384	1.1338320940739381
N_LP.361	1.5171437738217204	-1.51714377382172
N_LP.362	0.3180921868631156	-0.3180921868631155
N_LP.364	0.7400548809728502	-0.7400548809728501
N_LP.365	-0.8564843271988122	0.856484327198812
N_LP.366	-1.4513079800362223	1.451307980036222
N_LP.367	0.5107001389245405	-0.51070013892454
N_LP.368	0.5946175641574712	-0.5946175641574708
N_LP.369	-0.6549780847220229	0.6549780847220228
N_LP.37	0.15423426876113505	-0.15423426876113502
N_LP.370	-0.4291489089472113	0.4291489089472112
N_LP.371	-1.6618648355987298	1.6618648355987293
N_LP.372	0.07908748252642148	-0.07908748252642146
N_LP.373	0.3149911686132175	-0.3149911686132174
N_LP.374	-1.0469249339693816	1.0469249339693814
N_LP.375	0.06412603081278243	-0.06412603081278268
N_LP.376	0.48866154126258093	-0.4886615412625808
N_LP.377	1.5686156435475793	-1.5686156435475789
N_LP.378	-1.245425698429709	1.2454256984297085
N_LP.379	-0.693783047880345	0.6937830478803448
N_LP.38	0.32529418946111144	-0.3252941894611114
N_LP.380	-0.3920024086993853	0.3920024086993852
N_LP.381	-1.0180856631049122	1.018085663104912
N_LP.382	0.12798103200577784	-0.12798103200577782
N_LP.383	-0.09123778183502722	0.09123778183502719
N_LP.384	0.7920643696511973	-0.7920643696511969
N_LP.385	1.6883247315413525	-1.688324731541352
N_LP.386	-1.3037878146007973	1.3037878146007968
N_LP.387	-0.7361092108431461	0.7361092108431458
N_LP.388	0.1488036236581896	-0.1488036236581893
N_LP.389	0.42530454672825835	-0.4253045467282585
N_LP.39	-1.4490366736100169	1.4490366736100166
N_LP.390	-1.5984026403539502	1.59840264035395
N_LP.391	-0.01668842746913699	0.01668842746913725
N_LP.392	0.20205766745650386	-0.2020576674565038
N_LP.393	1.2230220067478792	-1.223022006747879
N_LP.394	0.7205452601197772	-0.7205452601197769
N_LP.395	-1.9641625324162566	1.9641625324162562
N_LP.396	-0.6505934999560368	0.6505934999560367
N_LP.397	1.0990982586605726	-1.0990982586605724
N_LP.398	1.7605553857294896	-1.7605553857294887
N_LP.399	-1.3370114612648718	1.3370114612648714
N_LP.4	-0.46579512540118034	0.4657951254011805
N_LP.40	1.4323365290726844	-1.432336529072684
N_LP.400	0.2826967419164828	-0.28269674191648275
N_LP.401	1.7050977430564767	-1.705097743056476
N_LP.402	0.3430811702030556	-0.3430811702030553
N_LP.404	0.027351660156134924	-0.027351660156134654
N_LP.405	-0.5160050416689104	0.51600504166891
N_LP.406	1.0587506510354976	-1.0587506510354971
N_LP.407	-1.8840655091255523	1.8840655091255518
N_LP.408	1.0427048628512865	-1.042704862851286
N_LP.409	-0.24641602108336882	0.24641602108336874
N_LP.41	-0.6288518557011129	0.6288518557011127
N_LP.410	-0.47045235229689275	0.47045235229689264
N_LP.411	-0.705581108890583	0.7055811088905828
N_LP.412	-0.8070678139510441	0.8070678139510439
N_LP.413	1.1313969120987128	-1.1313969120987122
N_LP.414	1.5440576840131512	-1.5440576840131508
N_LP.415	0.24064318685616895	-0.24064318685616914
N_LP.416	0.7206123427247824	-0.7206123427247823
N_LP.417	1.424469176117209	-1.4244691761172088
N_LP.418	-1.0720835427405764	1.0720835427405762
N_LP.419	-0.021747457696716356	0.021747457696716353
N_LP.42	1.4721146586189822	-1.4721146586189817
N_LP.420	0.33230929340481197	-0.3323092934048119
N_LP.421	-0.15553554444185902	0.15553554444185924
N_LP.422	1.1599894887183573	-1.1599894887183566
N_LP.423	0.5780847178396396	-0.5780847178396394
N_LP.426	-0.6497553754379064	0.6497553754379062
N_LP.427	-1.0792764159686619	1.0792764159686616
N_LP.428	-1.3141862448341317	1.3141862448341313
N_LP.429	0.1816369364865265	-0.18163693648652646
N_LP.43	0.10252043107942946	-0.10252043107942917
N_LP.430	0.48432773503025467	-0.48432773503025456
N_LP.431	-0.3287051183923156	0.32870511839231575
N_LP.432	-1.5988965303256197	1.5988965303256193
N_LP.433	-2.0552171694753256	2.0552171694753247
N_LP.434	-2.33603239816956	2.3360323981695594
N_LP.435	-0.7268516997053591	0.7268516997053589
N_LP.436	0.600783908864651	-0.6007839088646512
N_LP.437	1.6688742806421164	-1.668874280642116
N_LP.438	-0.8628216361864682	0.8628216361864679
N_LP.439	-0.9458090583137148	0.9458090583137145
N_LP.44	-0.6494370252581468	0.6494370252581466
N_LP.440	1.414627933600649	-1.4146279336006489
N_LP.441	-0.6302033842757689	0.6302033842757687
N_LP.442	0.13637566233853218	-0.13637566233853216
N_LP.443	-0.8932941197623203	0.8932941197623201
N_LP.444	0.988654844078133	-0.9886548440781329
N_LP.445	-1.1004798442132995	1.1004798442132993
N_LP.446	-0.15515088989133752	0.1551508898913372
N_LP.447	-0.7473597449647155	0.7473597449647152
N_LP.448	1.624455426487981	-1.6244554264879805
N_LP.449	0.5302465686607314	-0.5302465686607313
N_LP.45	1.092158644960148	-1.0921586449601475
N_LP.450	0.13554580431697674	-0.13554580431697644
N_LP.452	0.983444388727833	-0.9834443887278329
N_LP.454	1.0392595886906306	-1.0392595886906302
N_LP.455	0.8453298649316273	-0.845329864931627
N_LP.456	1.1732900953720733	-1.173290095372073
N_LP.457	0.19029906674578295	-0.1902990667457829
N_LP.458	1.7176066001229373	-1.7176066001229369
N_LP.459	0.1521408361887091	-0.15214083618870905
N_LP.46	1.1496880917005496	-1.1496880917005492
N_LP.461	0.7613946219944878	-0.7613946219944875
N_LP.463	-0.2879424401572927	0.2879424401572926
N_LP.464	-1.9986706746148502	1.9986706746148495
N_LP.465	0.7981272531456438	-0.7981272531456436
N_LP.466	0.2145062273466857	-0.21450622734668565
N_LP.467	-1.2752875848847838	1.2752875848847836
N_LP.468	0.27464529444886887	-0.27464529444886854
N_LP.469	0.16205381737607177	-0.16205381737607172
N_LP.47	0.43590643552705727	-0.43590643552705743
N_LP.470	-0.5376977895601339	0.5376977895601338
N_LP.471	0.2845522301618317	-0.28455223016183134
N_LP.472	0.3042115544901688	-0.30421155449016873
N_LP.473	0.17361913376931393	-0.17361913376931387
N_LP.474	-1.0196534980967447	1.0196534980967444
N_LP.475	0.939382343538565	-0.9393823435385645
N_LP.476	-0.2860468005397172	0.2860468005397171
N_LP.477	0.6927854685934005	-0.6927854685934006
N_LP.479	0.30458109095470054	-0.3045810909547002
N_LP.48	-0.8965066713843091	0.8965066713843088
N_LP.480	-1.1608995621700868	1.1608995621700866
N_LP.481	1.1942239383753512	-1.194223938375351
N_LP.482	-0.6454342830754517	0.6454342830754515
N_LP.483	0.18040719618233714	-0.1804071961823371
N_LP.484	-2.181232203289167	2.1812322032891664
N_LP.485	0.37837713123844186	-0.378377131238442
N_LP.486	-0.49928086521499143	0.4992808652149913
N_LP.487	-2.0867671648935286	2.086767164893528
N_LP.488	-0.45150015072416694	0.4515001507241671
N_LP.489	-1.3781243647276025	1.378124364727602
N_LP.49	-1.201896442172433	1.2018964421724327
N_LP.490	1.4366762509129658	-1.4366762509129654
N_LP.491	1.2643709476750231	-1.2643709476750227
N_LP.492	-0.012561678938235852	0.012561678938236114
N_LP.493	1.7335730576333315	-1.7335730576333308
N_LP.494	0.9367786127087059	-0.9367786127087057
N_LP.495	-0.39575591750923933	0.3957559175092392
N_LP.496	0.06497862277492655	-0.0649786227749268
N_LP.497	1.1327393774546148	-1.1327393774546144
N_LP.498	1.4080566556504266	-1.4080566556504261
N_LP.499	-0.26275546140055306	0.2627554614005527
N_LP.5	-1.7813772829826857	1.7813772829826853
N_LP.50	1.3747337696696194	-1.374733769669619
N_LP.500	-2.1737237070570474	2.173723707057047
N_LP.501	-1.0077387953031922	1.007738795303192
N_LP.502	0.6726552935644251	-0.6726552935644247
N_LP.503	-0.1849910498985267	0.18499104989852666
N_LP.504	1.1916382363284255	-1.1916382363284248
N_LP.505	0.5048662708396643	-0.5048662708396642
N_LP.506	-0.005647005675133562	0.005647005675133295
N_LP.507	-1.5762834230928893	1.5762834230928888
N_LP.508	0.407398573809879	-0.4073985738098791
N_LP.509	-0.2523962212916057	0.25239622129160566
N_LP.51	1.3464368904494672	-1.346436890449467
N_LP.510	0.7058425093589376	-0.7058425093589373
N_LP.511	0.20374652961550602	-0.20374652961550596
N_LP.512	-0.7024317152317663	0.7024317152317661
N_LP.513	-0.9830153388461427	0.9830153388461425
N_LP.514	0.7456705395726797	-0.7456705395726794
N_LP.515	0.14570220593839323	-0.14570220593839345
N_LP.516	-0.04677476564428859	0.04677476564428831
N_LP.517	0.4634749728423383	-0.46347497284233846
N_LP.518	0.6367922713911499	-0.63679227139115
N_LP.519	0.22421530605704074	-0.2242153060570404
N_LP.52	-2.676649272517148	2.6766492725171473
N_LP.520	0.3048966246131863	-0.3048966246131862
N_LP.521	1.002928072515862	-1.0029280725158618
N_LP.522	-1.4432603825312333	1.443260382531233
N_LP.523	-1.173834955845523	1.1738349558455228
N_LP.524	0.704038557814161	-0.7040385578141608
N_LP.525	0.9567390270247398	-0.9567390270247392
N_LP.526	0.9134553852285867	-0.9134553852285863
N_LP.527	0.40281243016935947	-0.4028124301693594
N_LP.528	0.21531500628388398	-0.21531500628388392
N_LP.529	1.1403196326860559	-1.1403196326860556
N_LP.53	0.7553254659269946	-0.7553254659269946
N_LP.530	0.1119813872920402	-0.11198138729204016
N_LP.531	-0.26158689054162115	0.2615868905416211
N_LP.532	-1.7016598233940807	1.7016598233940803
N_LP.533	1.7078369647328406	-1.7078369647328402
N_LP.534	1.480549149727838	-1.4805491497278376
N_LP.535	-0.06060240360150088	0.0606024036015006
N_LP.536	0.6471216646097668	-0.6471216646097669
N_LP.537	0.08575580346012823	-0.08575580346012847
N_LP.539	-1.2107046186510597	1.2107046186510595
N_LP.54	-0.3902611752679971	0.390261175267997
N_LP.540	1.187528796139509	-1.1875287961395085
N_LP.542	1.3021034418392181	-1.3021034418392181
N_LP.543	-1.2504613638644972	1.2504613638644968
N_LP.544	0.4939750039085096	-0.49397500390850924
N_LP.545	1.688436363656322	-1.6884363636563213
N_LP.546	-0.2969236297224451	0.296923629722445
N_LP.547	1.024664525621358	-1.0246645256213576
N_LP.548	1.3369007890366602	-1.33690078903666
N_LP.549	-0.38025666458987833	0.3802566645898785
N_LP.55	1.1667377852096783	-1.1667377852096783
N_LP.550	0.1847362633136099	-0.18473626331360987
N_LP.551	1.0462330899028225	-1.046233089902822
N_LP.552	1.403624703622338	-1.4036247036223375
N_LP.553	0.2862329764810928	-0.28623297648109275
N_LP.554	-0.18803884407319393	0.18803884407319363
N_LP.555	1.4470071382414356	-1.4470071382414353
N_LP.556	0.49335177844137273	-0.49335177844137285
N_LP.557	-1.2112771504180713	1.2112771504180708
N_LP.558	-0.42705097471419257	0.42705097471419273
N_LP.559	0.9058679268773987	-0.9058679268773986
N_LP.56	1.2759013149398017	-1.2759013149398015
N_LP.560	-1.3855390330425537	1.3855390330425532
N_LP.561	0.04624643748579654	-0.046246437485796536
N_LP.562	-0.3728761560755012	0.37287615607550084
N_LP.563	1.4441219263808016	-1.4441219263808014
N_LP.564	-1.860311151251433	1.8603111512514323
N_LP.565	-0.17136863728017626	0.17136863728017648
N_LP.566	1.1498789609917426	-1.1498789609917426
N_LP.567	0.1783625072759783	-0.17836250727597824
N_LP.568	0.8152069806274581	-0.8152069806274579
N_LP.569	-2.220654143176832	2.2206541431768314
N_LP.57	1.0039176004776285	-1.0039176004776282
N_LP.570	-1.4444621162015019	1.4444621162015014
N_LP.571	0.8090545488783574	-0.8090545488783573
N_LP.572	0.5018796078540307	-0.5018796078540304
N_LP.573	0.6280003406496066	-0.6280003406496064
N_LP.574	1.4563541177225015	-1.4563541177225008
N_LP.576	1.1494733957680052	-1.1494733957680048
N_LP.577	0.7908840520503135	-0.7908840520503135
N_LP.578	-2.5422602658564646	2.5422602658564637
N_LP.579	0.6648143887254453	-0.6648143887254451
N_LP.58	-1.466142732507434	1.4661427325074339
N_LP.580	0.04364874950683559	-0.04364874950683584
N_LP.581	0.1909125813217134	-0.1909125813217131
N_LP.582	-0.31803289406654417	0.31803289406654384
N_LP.583	-0.12861789170319265	0.1286178917031926
N_LP.584	-0.3240371162737905	0.32403711627379017
N_LP.585	-1.5006886024795416	1.5006886024795412
N_LP.586	0.5314936187299477	-0.5314936187299475
N_LP.587	-0.19645721667910412	0.19645721667910435
N_LP.588	-0.6419933562364628	0.6419933562364627
N_LP.59	-0.8130359227439592	0.813035922743959
N_LP.590	0.2563978028099114	-0.2563978028099111
N_LP.591	0.021482865728196344	-0.021482865728196337
N_LP.592	0.4472617277771653	-0.44726172777716544
N_LP.593	-1.383992365114924	1.3839923651149235
N_LP.594	-0.18096078761518053	0.18096078761518022
N_LP.595	-0.9685693046084588	0.9685693046084585
N_LP.596	-0.05859309857206785	0.058593098572067834
N_LP.597	0.32693937465826467	-0.32693937465826434
N_LP.598	0.8629839842445005	-0.8629839842445003
N_LP.599	0.8726260091085482	-0.8726260091085482
N_LP.6	-1.2177896652757803	1.21778966527578
N_LP.600	0.4766260630266492	-0.47662606302664934
N_LP.601	1.056789847790955	-1.0567898477909548
N_LP.602	0.5178508857115837	-0.5178508857115836
N_LP.603	0.18713101316634706	-0.18713101316634675
N_LP.604	-0.19487314180659643	0.1948731418065964
N_LP.605	1.1687760898073396	-1.1687760898073394
N_LP.606	-1.688380956114414	1.6883809561144136
N_LP.607	0.8297849963839241	-0.8297849963839239
N_LP.608	0.481496178514662	-0.48149617851466187
N_LP.609	-0.1975115602861761	0.19751156028617606
N_LP.61	-0.6267821860113583	0.6267821860113582
N_LP.610	1.1042730025374685	-1.1042730025374685
N_LP.611	1.4154459089416882	-1.4154459089416882
N_LP.612	0.9222829935808076	-0.9222829935808073
N_LP.613	-1.9328978456137302	1.9328978456137296
N_LP.614	0.9635534100386086	-0.9635534100386083
N_LP.615	-0.47446615147522203	0.4744661514752222
N_LP.616	-1.4305200212738711	1.4305200212738707
N_LP.617	-0.11118695447109646	0.11118695447109615
N_LP.619	-0.6531393245349167	0.6531393245349166
N_LP.62	-0.6327314199955006	0.6327314199955004
N_LP.620	1.016008315367338	-1.0160083153673376
N_LP.621	-1.3170987432601524	1.3170987432601522
N_LP.622	1.2480366680237074	-1.2480366680237072
N_LP.623	-1.4794771848947832	1.4794771848947827
N_LP.624	0.3633549299770281	-0.363354929977028
N_LP.625	1.5852185296525758	-1.5852185296525756
N_LP.626	-1.1282036806527787	1.1282036806527784
N_LP.627	0.9258457319456965	-0.9258457319456962
N_LP.628	0.8461195701501528	-0.8461195701501528
N_LP.63	0.41701636710545353	-0.41701636710545315
N_LP.630	-1.1593729863485593	1.1593729863485591
N_LP.631	1.1342199747725181	-1.1342199747725181
N_LP.632	0.7912068719513111	-0.7912068719513107
N_LP.633	-1.2007305534382746	1.2007305534382742
N_LP.634	-0.4009863524821324	0.40098635248213227
N_LP.635	1.5470338313786174	-1.547033831378617
N_LP.636	1.1757307248379696	-1.1757307248379691
N_LP.637	-1.893249062451224	1.8932490624512235
N_LP.638	0.9186985571123087	-0.9186985571123087
N_LP.639	1.4065859962583855	-1.406585996258385
N_LP.64	0.3651424596913054	-0.36514245969130554
N_LP.640	-1.1015403186478598	1.1015403186478596
N_LP.641	1.3653283439349562	-1.365328343934956
N_LP.642	0.25788653020233365	-0.2578865302023338
N_LP.643	0.1877729157779058	-0.18777291577790547
N_LP.644	1.0533237117809098	-1.053323711780909
N_LP.645	-1.4603311688684588	1.4603311688684586
N_LP.646	-2.0904563787269326	2.090456378726932
N_LP.647	-0.055845301383624625	0.05584530138362435
N_LP.648	0.1646493386427347	-0.16464933864273465
N_LP.649	0.6484454253083597	-0.6484454253083594
N_LP.65	-0.2482543609835883	0.2482543609835885
N_LP.650	-1.3964459550717863	1.396445955071786
N_LP.651	-0.2307678397902308	0.23076783979023074
N_LP.652	-0.17154247740620063	0.17154247740620085
N_LP.653	-0.2944907417323504	0.29449074173235057
N_LP.654	-0.8392437765218836	0.8392437765218834
N_LP.655	0.14131053514400732	-0.14131053514400702
N_LP.656	-0.6336077164322725	0.6336077164322723
N_LP.657	1.493537615435701	-1.4935376154357007
N_LP.658	0.10881915889379896	-0.1088191588937992
N_LP.659	-2.4912275964355324	2.491227596435532
N_LP.66	-0.4882618661877953	0.48826186618779494
N_LP.660	-0.01996313247900648	0.01996313247900674
N_LP.661	-2.041598163904976	2.041598163904975
N_LP.662	-1.0389972587636285	1.038997258763628
N_LP.663	-0.64748366273444	0.6474836627344398
N_LP.664	1.4977600847985413	-1.4977600847985408
N_LP.665	0.4535749582977619	-0.45357495829776207
N_LP.666	0.3030739368962106	-0.3030739368962108
N_LP.667	1.272323240642645	-1.2723232406426448
N_LP.668	-1.8418050774555605	1.84180507745556
N_LP.669	1.5322380792780128	-1.5322380792780124
N_LP.67	1.0805074468632763	-1.0805074468632763
N_LP.670	-0.8081482526910291	0.8081482526910289
N_LP.671	-1.2782098749912365	1.278209874991236
N_LP.672	-1.6480945518807373	1.6480945518807368
N_LP.673	-0.463715560639253	0.4637155606392532
N_LP.674	0.1765459297929818	-0.17654592979298175
N_LP.675	1.3510643962310225	-1.3510643962310223
N_LP.676	-0.768167170347285	0.7681671703472848
N_LP.677	0.6403870904907395	-0.6403870904907395
N_LP.678	-0.035583283727682026	0.03558328372768228
N_LP.679	-0.7234487415074552	0.7234487415074551
N_LP.68	1.0375217545694004	-1.0375217545694002
N_LP.680	1.177171377804349	-1.1771713778043484
N_LP.681	0.5339349441481811	-0.533934944148181
N_LP.682	1.1202196694094593	-1.120219669409459
N_LP.683	1.683579766934931	-1.6835797669349302
N_LP.685	1.6916968107279515	-1.6916968107279506
N_LP.686	0.549754223873961	-0.5497542238739609
N_LP.687	-1.4226790155265645	1.422679015526564
N_LP.688	-0.439540113970782	0.4395401139707819
N_LP.689	1.718685234810562	-1.7186852348105615
N_LP.69	-1.7961832020631945	1.796183202063194
N_LP.690	-1.1956399088495342	1.1956399088495338
N_LP.691	0.3871807053628056	-0.38718070536280547
N_LP.692	1.2276820305033467	-1.227682030503346
N_LP.693	-0.6799727124399746	0.6799727124399744
N_LP.694	-1.1247566824534176	1.1247566824534172
N_LP.695	-0.08150580584482892	0.0815058058448289
N_LP.696	-0.19042969436690377	0.1904296943669037
N_LP.697	-1.716938537716448	1.7169385377164477
N_LP.698	0.34845880298008236	-0.3484588029800825
N_LP.699	-1.1786723207206062	1.1786723207206058
N_LP.7	-0.7962691685734622	0.796269168573462
N_LP.70	-0.6112123664170699	0.6112123664170698
N_LP.700	-1.7695381217464645	1.769538121746464
N_LP.701	-0.2319501340023631	0.23195013400236333
N_LP.703	-0.9472182633225736	0.9472182633225733
N_LP.704	-0.02081163287355782	0.02081163287355808
N_LP.705	0.13651355468354703	-0.13651355468354673
N_LP.706	-0.029916777495418014	0.02991677749541827
N_LP.707	-0.6681282162966452	0.6681282162966451
N_LP.708	0.10115360965956764	-0.10115360965956735
N_LP.709	0.5251588584344891	-0.5251588584344892
N_LP.71	0.2526489870987644	-0.25264898709876454
N_LP.710	0.9387903733312642	-0.9387903733312641
N_LP.711	1.112744339671244	-1.1127443396712435
N_LP.712	-1.3096703674218546	1.3096703674218542
N_LP.713	-0.9509338570341479	0.9509338570341476
N_LP.714	-0.08561955318207164	0.08561955318207189
N_LP.715	-0.8791800338753494	0.8791800338753492
N_LP.716	-1.1143579204352807	1.1143579204352805
N_LP.717	0.09414581320249032	-0.09414581320249057
N_LP.718	-0.3372680005144138	0.33726800051441397
N_LP.719	1.348794935427461	-1.3487949354274607
N_LP.72	1.2858110106160017	-1.2858110106160014
N_LP.720	0.6593296117592119	-0.6593296117592118
N_LP.721	-2.1335399824961043	2.133539982496104
N_LP.722	0.7145793860514323	-0.7145793860514322
N_LP.723	-0.43040438223914407	0.43040438223914396
N_LP.724	-2.4332987680819524	2.433298768081952
N_LP.725	-1.6517219340354057	1.6517219340354052
N_LP.726	-0.05968371588536997	0.059683715885369956
N_LP.727	-0.09200573666005465	0.09200573666005463
N_LP.728	0.8284725764976337	-0.8284725764976335
N_LP.729	0.23049637687845587	-0.23049637687845556
N_LP.73	-0.5890542808178559	0.5890542808178558
N_LP.730	0.20448978367898518	-0.20448978367898513
N_LP.731	1.0376976500048358	-1.0376976500048358
N_LP.732	-1.0292970708567684	1.0292970708567681
N_LP.733	0.6782273415001764	-0.6782273415001759
N_LP.734	1.198901429424786	-1.1989014294247855
N_LP.735	1.6089416241534786	-1.608941624153478
N_LP.736	0.6382068893546413	-0.6382068893546411
N_LP.737	-0.1713137894282171	0.17131378942821732
N_LP.739	-1.3629710891791553	1.3629710891791549
N_LP.74	-0.35001368411307676	0.3500136841130767
N_LP.741	-1.8395540441284135	1.839554044128413
N_LP.742	1.3919759717467177	-1.3919759717467173
N_LP.743	0.38133927578163046	-0.3813392757816306
N_LP.744	-0.46835115065375377	0.4683511506537534
N_LP.745	-0.3187150928234741	0.31871509282347427
N_LP.746	-0.9945103327495758	0.9945103327495756
N_LP.747	1.2710006487298482	-1.2710006487298477
N_LP.748	0.5479259243194572	-0.5479259243194571
N_LP.749	-0.21475885883760812	0.21475885883760779
N_LP.75	0.11317507721844036	-0.11317507721844033
N_LP.750	-0.49263679982874164	0.4926367998287412
N_LP.751	1.096095920894636	-1.0960959208946357
N_LP.752	0.228030590331931	-0.22803059033193065
N_LP.753	0.38543468300234	-0.3854346830023399
N_LP.754	1.0053831145589462	-1.005383114558946
N_LP.755	-0.5223842474939072	0.5223842474939071
N_LP.756	-0.9609811664847034	0.9609811664847031
N_LP.757	0.8083101738522495	-0.8083101738522495
N_LP.758	-1.4554417700914821	1.4554417700914817
N_LP.759	1.347193400359322	-1.3471934003593216
N_LP.76	0.8850883489389704	-0.88508834893897
N_LP.760	0.5939917371901703	-0.5939917371901703
N_LP.761	0.7987146016498317	-0.7987146016498315
N_LP.762	0.1850452388896321	-0.18504523888963179
N_LP.763	-0.0360708408061415	0.03607084080614149
N_LP.764	-0.2931300752397565	0.2931300752397567
N_LP.765	0.590854697288505	-0.5908546972885048
N_LP.766	1.1299517846449092	-1.129951784644909
N_LP.767	-1.8485425002498015	1.848542500249801
N_LP.768	-0.6558848540371212	0.6558848540371209
N_LP.769	-0.7176344300077456	0.7176344300077454
N_LP.77	-1.2120223016037988	1.2120223016037983
N_LP.770	0.30502039214861043	-0.3050203921486104
N_LP.771	-0.606416401879174	0.6064164018791739
N_LP.772	-0.09431153617586924	0.09431153617586921
N_LP.773	0.057344832368676164	-0.05734483236867588
N_LP.774	0.47286048563116395	-0.47286048563116406
N_LP.775	1.3731455518739042	-1.3731455518739037
N_LP.776	-0.19071792316583142	0.19071792316583136
N_LP.777	1.5511847700083403	-1.5511847700083399
N_LP.778	0.6947960095640793	-0.6947960095640792
N_LP.779	0.03415847899042354	-0.03415847899042326
N_LP.78	-0.7368312385749751	0.7368312385749749
N_LP.780	0.7520075656340219	-0.7520075656340218
N_LP.781	1.0720960519106866	-1.0720960519106861
N_LP.782	-1.5400567157476566	1.5400567157476561
N_LP.783	0.8882671159349118	-0.8882671159349113
N_LP.784	-0.06580329036262178	0.0658032903626215
N_LP.785	-0.7910672302340379	0.7910672302340377
N_LP.786	-0.32462860725896103	0.3246286072589607
N_LP.787	1.0013418734303376	-1.0013418734303372
N_LP.788	-0.5889117848924017	0.5889117848924016
N_LP.789	0.6556249390320014	-0.6556249390320013
N_LP.79	-2.429554105908846	2.4295541059088452
N_LP.790	1.1082659284780865	-1.108265928478086
N_LP.791	-1.0118198343974543	1.011819834397454
N_LP.792	-1.324542621436978	1.3245426214369775
N_LP.793	0.8753700623705251	-0.8753700623705248
N_LP.794	0.6693479507659392	-0.669347950765939
N_LP.795	-1.558348900581883	1.5583489005818825
N_LP.796	0.4277534485470427	-0.4277534485470426
N_LP.797	0.6937467126399617	-0.6937467126399613
N_LP.798	1.0992901120325076	-1.099290112032507
N_LP.799	0.9957985363515538	-0.9957985363515537
N_LP.8	0.49269272329499886	-0.49269272329499875
N_LP.80	0.23568949462928446	-0.23568949462928412
N_LP.800	0.3368001749357958	-0.33680017493579567
N_LP.801	-0.2322949053584277	0.23229490535842764
N_LP.802	-0.9430270141295727	0.9430270141295725
N_LP.803	-0.8566728193941631	0.8566728193941628
N_LP.804	-0.5018648246234036	0.5018648246234034
N_LP.805	1.1662186672013208	-1.1662186672013206
N_LP.806	0.060793152518456635	-0.06079315251845662
N_LP.807	1.466785719428528	-1.4667857194285276
N_LP.808	-0.3640979631395464	0.36409796313954657
N_LP.809	1.1267807087613801	-1.1267807087613797
N_LP.81	-0.1963363026942432	0.19633630269424315
N_LP.810	0.8152822910980986	-0.8152822910980985
N_LP.811	0.7066097424257751	-0.7066097424257748
N_LP.812	0.454745957522843	-0.4547459575228432
N_LP.814	-1.6668670270721335	1.666867027072133
N_LP.815	-0.598843331778391	0.5988433317783908
N_LP.816	-0.6071007548770109	0.6071007548770107
N_LP.817	-0.21533928648728773	0.21533928648728742
N_LP.818	1.6941609063479564	-1.694160906347956
N_LP.819	-0.8640973942574889	0.8640973942574887
N_LP.82	-1.1860745161910577	1.1860745161910575
N_LP.820	-1.9495344400432337	1.949534440043233
N_LP.821	-0.7413532031204488	0.7413532031204486
N_LP.822	0.48194627964028885	-0.48194627964028847
N_LP.823	0.10392598038222317	-0.10392598038222314
N_LP.824	0.473777621617376	-0.4737776216173762
N_LP.825	-1.5914390967070586	1.5914390967070582
N_LP.826	1.6587301493360314	-1.658730149336031
N_LP.827	1.5645550761571665	-1.5645550761571658
N_LP.828	1.5470352882445975	-1.547035288244597
N_LP.829	-0.1423708132086562	0.14237081320865588
N_LP.830	0.4817486636005186	-0.4817486636005182
N_LP.831	-1.701759117362966	1.7017591173629656
N_LP.832	0.49623769613539914	-0.4962376961353993
N_LP.833	-0.9730733920163981	0.9730733920163979
N_LP.834	-1.0258500485097966	1.0258500485097963
N_LP.835	-0.014216771363048112	0.014216771363048109
N_LP.836	-1.4219614942108483	1.421961494210848
N_LP.837	-0.6643964590797199	0.6643964590797197
N_LP.838	-0.9379560312369511	0.9379560312369508
N_LP.839	1.5207552492571486	-1.5207552492571481
N_LP.84	0.18482673576032835	-0.1848267357603283
N_LP.841	0.3794655489625942	-0.3794655489625939
N_LP.842	-1.9215595455633576	1.9215595455633572
N_LP.843	-0.0899938110494099	0.08999381104940987
N_LP.844	0.37472992039184794	-0.37472992039184755
N_LP.845	-1.136362310917584	1.1363623109175838
N_LP.846	0.043471634178650534	-0.04347163417865052
N_LP.847	0.6812777126597309	-0.6812777126597305
N_LP.849	0.7997664380801094	-0.7997664380801092
N_LP.85	-0.9769747699363551	0.9769747699363548
N_LP.851	1.1592796976499886	-1.1592796976499884
N_LP.852	-1.19996294189703	1.1999629418970297
N_LP.853	-0.9658736209674785	0.9658736209674783
N_LP.854	-0.7527634177503018	0.7527634177503015
N_LP.855	1.2382790127608396	-1.238279012760839
N_LP.856	-0.03267741659543038	0.03267741659543037
N_LP.857	0.36312597550437614	-0.3631259755043758
N_LP.858	1.0859776252070334	-1.0859776252070332
N_LP.859	0.022097835162467397	-0.022097835162467657
N_LP.86	-2.2565833214706954	2.256583321470695
N_LP.860	0.46892768505161303	-0.46892768505161264
N_LP.861	-0.9926380336966955	0.9926380336966952
N_LP.862	1.148444003059291	-1.1484440030592908
N_LP.863	0.0955062470472133	-0.09550624704721301
N_LP.864	0.8415707494505852	-0.8415707494505847
N_LP.865	0.7075329052501785	-0.707532905250178
N_LP.866	1.4165202922644982	-1.4165202922644982
N_LP.867	-0.5644029281109034	0.5644029281109033
N_LP.868	-0.7316544337813374	0.7316544337813372
N_LP.869	1.464468485300695	-1.4644684853006944
N_LP.87	0.6063370108384348	-0.6063370108384345
N_LP.870	-0.5562188552341114	0.5562188552341113
N_LP.871	-0.8997816902911364	0.8997816902911362
N_LP.872	-0.8029515202308971	0.8029515202308969
N_LP.873	0.06382298783807973	-0.06382298783807971
N_LP.874	-0.9159290241713572	0.915929024171357
N_LP.875	-0.4990544215346405	0.4990544215346404
N_LP.876	-0.41973964486330245	0.41973964486330234
N_LP.877	-0.29058273983295924	0.2905827398329592
N_LP.878	-0.12889121895271058	0.12889121895271055
N_LP.879	0.3511030131144369	-0.3511030131144371
N_LP.88	0.7091645558100655	-0.7091645558100652
N_LP.880	-0.9494876647988093	0.9494876647988091
N_LP.881	0.3562786347801073	-0.35627863478010724
N_LP.882	0.23476300289086746	-0.2347630028908674
N_LP.883	0.7515720285388684	-0.7515720285388683
N_LP.884	1.4897234982186482	-1.4897234982186478
N_LP.885	0.7910719171880428	-0.7910719171880427
N_LP.886	0.5329905840694293	-0.5329905840694296
N_LP.887	-0.5577558162392131	0.5577558162392129
N_LP.888	-0.4002133566655028	0.40021335666550295
N_LP.889	-0.2446499460335142	0.24464994603351442
N_LP.89	-1.2295181001096651	1.2295181001096647
N_LP.890	0.862361001520051	-0.8623610015200511
N_LP.891	1.14375646293161	-1.1437564629316097
N_LP.892	-0.10842726421270651	0.10842726421270649
N_LP.893	1.1620779499163387	-1.1620779499163383
N_LP.894	1.6423943478963474	-1.6423943478963468
N_LP.895	-1.121369101126435	1.1213691011264346
N_LP.896	-0.6804394677400513	0.680439467740051
N_LP.897	0.12524428563703224	-0.12524428563703222
N_LP.898	-1.8490770903288778	1.8490770903288773
N_LP.899	0.5837949356943188	-0.5837949356943186
N_LP.9	-0.3436607644184047	0.34366076441840493
N_LP.90	-0.4745489022056464	0.4745489022056462
N_LP.900	1.2535394865683296	-1.2535394865683294
N_LP.901	0.4059313155687649	-0.4059313155687645
N_LP.902	1.3011640824240867	-1.3011640824240867
N_LP.903	-0.7204464929654179	0.7204464929654177
N_LP.904	-0.5433862069502023	0.5433862069502022
N_LP.905	0.31271997279486513	-0.3127199727948653
N_LP.906	1.5519162196347267	-1.5519162196347263
N_LP.907	-0.4345157016593093	0.4345157016593092
N_LP.908	-1.7363073393905497	1.7363073393905493
N_LP.909	0.734223293029807	-0.7342232930298066
N_LP.91	1.0469196164052672	-1.0469196164052668
N_LP.910	0.31748481355817626	-0.3174848135581759
N_LP.911	-1.7843461952615394	1.784346195261539
N_LP.912	-0.8489743254902327	0.8489743254902324
N_LP.913	1.1927459202556112	-1.1927459202556108
N_LP.914	-0.3840006318525126	0.3840006318525125
N_LP.915	1.195451643893149	-1.1954516438931488
N_LP.916	-0.4897906256469417	0.48979062564694187
N_LP.917	-0.9509442210543121	0.9509442210543118
N_LP.918	-0.33727836692383517	0.33727836692383534
N_LP.919	-1.6653409313485195	1.665340931348519
N_LP.92	1.3917105695410101	-1.3917105695410097
N_LP.920	0.8071661500489078	-0.8071661500489078
N_LP.921	-0.03787931460716866	0.03787931460716865
N_LP.922	1.1503629973768714	-1.1503629973768714
N_LP.923	-0.5133187567423926	0.5133187567423925
N_LP.924	0.12698874157654028	-0.12698874157654025
N_LP.925	0.3456981810331992	-0.3456981810331989
N_LP.926	0.3766110352458638	-0.3766110352458634
N_LP.927	0.9589719127059683	-0.9589719127059679
N_LP.928	0.3662185488914091	-0.36621854889140926
N_LP.929	1.1966846422767332	-1.1966846422767332
N_LP.93	0.6139370765442094	-0.6139370765442091
N_LP.930	0.03896171339713857	-0.03896171339713855
N_LP.931	-1.5710231351755162	1.5710231351755157
N_LP.932	0.3989357523750549	-0.3989357523750548
N_LP.933	0.12643950347828006	-0.12643950347828004
N_LP.934	0.7026974492013135	-0.7026974492013133
N_LP.935	1.6449625436466995	-1.6449625436466992
N_LP.936	-0.48581162070921874	0.4858116207092186
N_LP.937	-0.27588598181439866	0.2758859818143989
N_LP.938	1.3439605588875214	-1.343960558887521
N_LP.939	0.4447062139857431	-0.444706213985743
N_LP.94	-2.472476877308493	2.472476877308492
N_LP.940	-0.5382499895766729	0.5382499895766728
N_LP.941	-1.2290755899705124	1.229075589970512
N_LP.942	-1.5335451738110477	1.5335451738110473
N_LP.943	0.4351042068460615	-0.4351042068460614
N_LP.944	-0.058315514136996906	0.058315514136997156
N_LP.945	-0.8412754468215377	0.8412754468215374
N_LP.946	-0.7036960984844383	0.703696098484438
N_LP.947	-1.7509415225328573	1.7509415225328568
N_LP.948	0.2703460217537443	-0.2703460217537445
N_LP.949	-0.491562681621271	0.49156268162127054
N_LP.95	1.5176390733464329	-1.5176390733464324
N_LP.950	0.8986431329018394	-0.8986431329018394
N_LP.951	0.5790755734044502	-0.5790755734044499
N_LP.952	0.4135180421441726	-0.4135180421441725
N_LP.953	0.8062097261224407	-0.8062097261224405
N_LP.954	-0.2205494226448415	0.22054942264484173
N_LP.955	1.335666604004978	-1.3356666040049778
N_LP.956	0.7625030171867276	-0.7625030171867274
N_LP.957	0.6077732669666299	-0.6077732669666297
N_LP.958	-1.6226330830601674	1.622633083060167
N_LP.959	-1.5193372472410542	1.519337247241054
N_LP.96	0.2808985276746346	-0.2808985276746345
N_LP.960	0.03988083697562373	-0.03988083697562372
N_LP.961	0.8685893041800277	-0.8685893041800274
N_LP.962	0.25952521052619354	-0.2595252105261937
N_LP.963	0.7815654855777708	-0.7815654855777706
N_LP.964	0.184113814011644	-0.18411381401164395
N_LP.965	0.9343689219119112	-0.9343689219119109
N_LP.966	-0.3339365111618722	0.3339365111618721
N_LP.967	-0.7288437633678949	0.7288437633678947
N_LP.968	0.5578622895023042	-0.5578622895023041
N_LP.969	0.4204848889678497	-0.4204848889678496
N_LP.97	-1.6699141027284594	1.669914102728459
N_LP.970	0.8162872852304992	-0.816287285230499
N_LP.971	-0.10796138509008356	0.1079613850900838
N_LP.972	1.5210695241512113	-1.5210695241512109
N_LP.973	0.39478181902194787	-0.39478181902194803
N_LP.974	1.2475580909833557	-1.2475580909833552
N_LP.975	0.02883243431226109	-0.028832434312260815
N_LP.976	1.262574961104594	-1.2625749611045936
N_LP.977	1.2843353785324991	-1.284335378532499
N_LP.978	-1.953817248194946	1.9538172481949456
N_LP.979	1.3372743846536268	-1.3372743846536266
N_LP.98	-1.953948302728666	1.9539483027286653
N_LP.980	-0.9429339290154647	0.9429339290154645
N_LP.981	0.30397973180592125	-0.3039797318059209
N_LP.982	-0.9412932959101694	0.9412932959101692
N_LP.983	1.244398829481334	-1.2443988294813335
N_LP.984	0.18499176086981203	-0.18499176086981198
N_LP.985	0.5392568236827955	-0.5392568236827956
N_LP.986	1.4728535728326897	-1.4728535728326893
N_LP.987	-0.18830363628077773	0.1883036362807774
N_LP.988	-0.42348319637469856	0.42348319637469845
N_LP.989	0.21762896082768754	-0.21762896082768748
N_LP.99	-0.726413650648289	0.7264136506482888
N_LP.990	-1.2838460440258546	1.2838460440258541
N_LP.991	-0.05127389991659709	0.05127389991659734
N_LP.992	0.2014375579370654	-0.20143755793706558
N_LP.993	1.3512889696747405	-1.35128896967474
N_LP.994	1.1984227451800118	-1.1984227451800116
N_LP.995	1.2548081690307293	-1.254808169030729
N_LP.996	0.1554096623777035	-0.15540966237770373
N_LP.997	-0.4220060163042285	0.4220060163042284
N_LP.998	-1.4368838336783323	1.4368838336783318
N_LP.999	-0.7291158824686924	0.7291158824686922
P_AQ.1	-0.3605180399012023	0.3605180399012022
P_AQ.10	0.8190466192260888	-0.8190466192260887
P_AQ.100	-1.5955908543903392	1.5955908543903388
P_AQ.1000	-0.3596490123058106	0.3596490123058105
P_AQ.1001	1.1903788549031578	-1.1903788549031573
P_AQ.1002	1.3402089882235424	-1.340208988223542
P_AQ.1003	-0.4279972928091676	0.42799729280916726
P_AQ.1004	0.7469973898227008	-0.7469973898227005
P_AQ.1005	0.8870435862336492	-0.8870435862336487
P_AQ.1006	-0.03778138003493053	0.03778138003493025
P_AQ.1007	-0.40425964446351575	0.4042596444635154
P_AQ.1008	0.18907939568185247	-0.1890793956818527
P_AQ.1009	0.549888971995924	-0.5498889719959241
P_AQ.101	0.8451490955504268	-0.8451490955504268
P_AQ.1010	-0.39566178501223176	0.39566178501223165
P_AQ.1011	1.351805577018295	-1.3518055770182948
P_AQ.1012	0.7282667290720382	-0.7282667290720377
P_AQ.1013	0.34303148573530634	-0.34303148573530623
P_AQ.1014	-0.5599259607488214	0.5599259607488213
P_AQ.1015	-0.7335470752926072	0.733547075292607
P_AQ.1016	1.317549030203265	-1.3175490302032644
P_AQ.1017	-0.5989413288045234	0.5989413288045232
P_AQ.1018	0.49010855547805143	-0.4901085554780513
P_AQ.1019	-0.7013953734518263	0.7013953734518261
P_AQ.102	0.643450631650246	-0.6434506316502461
P_AQ.1020	-0.9857711562038745	0.9857711562038742
P_AQ.1021	0.5325318620688009	-0.5325318620688008
P_AQ.1022	0.5763923699298686	-0.5763923699298684
P_AQ.1023	-0.276267433766141	0.2762674337661412
P_AQ.1024	-0.44112671785882185	0.44112671785882146
P_AQ.1025	-1.0351360535986491	1.0351360535986487
P_AQ.1026	1.0757937153106356	-1.0757937153106352
P_AQ.1027	1.1614234087439004	-1.1614234087439002
P_AQ.1028	-2.0240913845478583	2.024091384547858
P_AQ.1029	1.444934763089521	-1.4449347630895206
P_AQ.103	1.0035172921115956	-1.0035172921115953
P_AQ.1030	-0.6014336662378483	0.6014336662378481
P_AQ.1031	-1.6936521931407302	1.6936521931407298
P_AQ.1032	0.8381662780872818	-0.8381662780872815
P_AQ.1033	0.7624084465731094	-0.7624084465731089
P_AQ.1034	0.8718378123730163	-0.8718378123730162
P_AQ.1035	-0.5136375265168515	0.513637526516851
P_AQ.1036	-1.1471122111917789	1.1471122111917786
P_AQ.1037	0.5094893686239188	-0.5094893686239186
P_AQ.1038	-0.7027823375625777	0.7027823375625775
P_AQ.1039	-0.0871093456161876	0.08710934561618759
P_AQ.104	-0.22343190743115984	0.2234319074311595
P_AQ.1040	-1.8124859876722654	1.812485987672265
P_AQ.1041	0.5805947512571655	-0.5805947512571653
P_AQ.1042	-0.4000114955053185	0.4000114955053181
P_AQ.1043	1.2358627594348097	-1.2358627594348095
P_AQ.1044	-0.04960326844411823	0.04960326844411821
P_AQ.1045	0.5134688070910298	-0.5134688070910299
P_AQ.1046	0.8812579367211324	-0.8812579367211323
P_AQ.1047	1.091552553615915	-1.0915525536159145
P_AQ.1048	0.5080914672258646	-0.5080914672258645
P_AQ.1049	1.003309163929929	-1.0033091639299285
P_AQ.105	0.7697892329855608	-0.7697892329855605
P_AQ.1050	0.4556034071731774	-0.4556034071731772
P_AQ.1051	0.21529044101047648	-0.2152904410104767
P_AQ.1052	0.6615656536425649	-0.661565653642565
P_AQ.1053	-0.4596540404419675	0.4596540404419671
P_AQ.1054	0.595423787260717	-0.5954237872607168
P_AQ.1055	-0.7278787753429926	0.7278787753429924
P_AQ.1056	1.4272045147192443	-1.427204514719244
P_AQ.1057	-0.19301174668896698	0.19301174668896692
P_AQ.1058	0.6667704145635376	-0.6667704145635375
P_AQ.1059	1.40266198754755	-1.4026619875475492
P_AQ.106	1.2546871142434468	-1.2546871142434464
P_AQ.1060	1.1455894544522902	-1.1455894544522898
P_AQ.1061	0.5562237893865515	-0.5562237893865511
P_AQ.1062	0.16606162007142147	-0.1660616200714217
P_AQ.1063	1.217064631101754	-1.2170646311017532
P_AQ.1064	0.2669341783396121	-0.266934178339612
P_AQ.1065	0.4946728319052019	-0.4946728319052018
P_AQ.1066	-0.21219234642449164	0.21219234642449156
P_AQ.1068	-1.0415053585147556	1.0415053585147551
P_AQ.1069	-0.8208925102576595	0.8208925102576593
P_AQ.107	1.0030274850599876	-1.0030274850599874
P_AQ.1070	-0.8932001612383866	0.8932001612383864
P_AQ.1071	0.5812939129156146	-0.5812939129156144
P_AQ.1072	-0.7758708166454926	0.7758708166454924
P_AQ.1073	0.2710122846144649	-0.27101228461446514
P_AQ.1074	-0.45002527229934813	0.450025272299348
P_AQ.1075	0.7978645731330002	-0.7978645731330001
P_AQ.1076	-1.6100480090506242	1.6100480090506237
P_AQ.1077	0.7183618234252674	-0.7183618234252671
P_AQ.1078	0.9853149340340919	-0.9853149340340913
P_AQ.1079	-0.9284341098171941	0.9284341098171939
P_AQ.108	0.4447639267155549	-0.4447639267155548
P_AQ.1080	0.020411829244218384	-0.020411829244218645
P_AQ.1081	1.1093669652633757	-1.1093669652633755
P_AQ.1082	-0.5074585241477416	0.5074585241477414
P_AQ.1083	0.6173263722577979	-0.617326372257798
P_AQ.1084	-1.3540162217615554	1.3540162217615552
P_AQ.1085	-0.06519009141798937	0.06519009141798962
P_AQ.1086	0.25725079832715897	-0.2572507983271589
P_AQ.1087	-0.6282619151450454	0.6282619151450451
P_AQ.1088	1.2323385544258925	-1.2323385544258922
P_AQ.1089	0.7408574713008718	-0.7408574713008717
P_AQ.109	0.8775930965715539	-0.8775930965715538
P_AQ.1090	0.3325163175850531	-0.332516317585053
P_AQ.1091	-1.2660078739610439	1.2660078739610434
P_AQ.1092	-0.29677784830204185	0.2967778483020418
P_AQ.1094	-0.977391396592816	0.9773913965928158
P_AQ.1095	0.008646826821339354	-0.008646826821339616
P_AQ.1096	-1.808780807793421	1.8087808077934207
P_AQ.1097	0.8470833362063612	-0.847083336206361
P_AQ.1098	-0.22669972212517242	0.22669972212517234
P_AQ.1099	-2.3420495313932777	2.342049531393277
P_AQ.11	0.5268445839852918	-0.5268445839852913
P_AQ.1100	-1.085459008818562	1.0854590088185618
P_AQ.1101	1.3038010662848165	-1.3038010662848163
P_AQ.1102	0.5747963500340606	-0.5747963500340603
P_AQ.1103	0.17756896842653558	-0.17756896842653555
P_AQ.1104	0.038056751053730145	-0.03805675105373014
P_AQ.1105	1.213228104141828	-1.2132281041418276
P_AQ.1106	1.6039689759416635	-1.603968975941663
P_AQ.1107	-0.9997132992586658	0.9997132992586655
P_AQ.1108	-1.4309964250186944	1.430996425018694
P_AQ.1109	-2.1385655087808857	2.1385655087808852
P_AQ.111	-1.909921416675696	1.9099214166756955
P_AQ.1110	0.955397795222445	-0.9553977952224448
P_AQ.1111	-0.35902371548858836	0.35902371548858797
P_AQ.1112	1.3453035974678877	-1.3453035974678873
P_AQ.1113	1.0411471878442295	-1.041147187844229
P_AQ.1114	0.8578250958771146	-0.8578250958771146
P_AQ.1115	-0.3543228522601653	0.35432285226016547
P_AQ.1116	-0.17324755891812152	0.1732475589181215
P_AQ.1117	-1.3904131391129644	1.390413139112964
P_AQ.1118	-0.6440889676855733	0.6440889676855732
P_AQ.1119	0.19010104137933226	-0.1901010413793322
P_AQ.112	0.6379516532265205	-0.63795165322652
P_AQ.1120	-0.3285456867338186	0.32854568673381823
P_AQ.1121	-1.3569670169026122	1.3569670169026118
P_AQ.1122	-0.8125868914783704	0.8125868914783702
P_AQ.1123	0.7370373564841489	-0.7370373564841486
P_AQ.1124	0.5004738144658614	-0.5004738144658615
P_AQ.1125	-0.2793496361027548	0.2793496361027545
P_AQ.1126	0.4259116041488347	-0.4259116041488346
P_AQ.1127	0.1385312740851441	-0.13853127408514432
P_AQ.1128	0.9907165835962991	-0.9907165835962989
P_AQ.1129	1.0787978766379644	-1.0787978766379638
P_AQ.113	1.58296625485751	-1.5829662548575096
P_AQ.1130	0.6231833491839307	-0.6231833491839303
P_AQ.1131	-0.3564736391629218	0.3564736391629217
P_AQ.1132	-0.11479210005875584	0.1147921000587558
P_AQ.1133	-0.2581935197058991	0.25819351970589904
P_AQ.1134	-2.553790707255127	2.5537907072551262
P_AQ.1135	-1.7245153896194219	1.7245153896194214
P_AQ.1136	-0.8303612906700296	0.8303612906700294
P_AQ.1137	0.013365686785746513	-0.013365686785746244
P_AQ.1138	-2.040429883224626	2.0404298832246255
P_AQ.1139	-1.1509867797831175	1.1509867797831173
P_AQ.114	-1.2918285529425957	1.2918285529425955
P_AQ.1140	-0.609479651037059	0.6094796510370589
P_AQ.1141	1.5152104001990876	-1.5152104001990871
P_AQ.1142	-0.08870501041677456	0.08870501041677427
P_AQ.1143	-1.9923376219879474	1.992337621987947
P_AQ.1144	1.0622766265309256	-1.0622766265309256
P_AQ.1145	1.0819949756089717	-1.0819949756089715
P_AQ.1146	0.448813238983839	-0.4488132389838386
P_AQ.1147	-1.2123616872362304	1.2123616872362302
P_AQ.1148	0.6298919183063854	-0.6298919183063851
P_AQ.115	0.09904091187604631	-0.09904091187604602
P_AQ.1150	-1.293575256990873	1.2935752569908725
P_AQ.1151	0.030612699392141715	-0.030612699392141972
P_AQ.1152	0.4405123383803524	-0.44051233838035225
P_AQ.1153	1.0638159282588575	-1.0638159282588573
P_AQ.1154	-0.777743048004907	0.7777430480049068
P_AQ.1155	-0.22943987735542498	0.2294398773554249
P_AQ.1156	0.3820632454989505	-0.3820632454989504
P_AQ.1157	1.2492559171985698	-1.2492559171985693
P_AQ.1158	0.41511899442598954	-0.4151189944259897
P_AQ.1159	0.14997379095711524	-0.14997379095711522
P_AQ.116	-2.086767709490166	2.0867677094901658
P_AQ.1160	-1.5673264174364718	1.5673264174364714
P_AQ.1161	1.4028960858229376	-1.4028960858229371
P_AQ.1162	0.9982279303049846	-0.998227930304984
P_AQ.1163	1.1192353898283056	-1.1192353898283054
P_AQ.1164	0.5775714533791879	-0.5775714533791877
P_AQ.1165	-0.8822941009838866	0.8822941009838864
P_AQ.1166	0.019906546414490637	-0.019906546414490633
P_AQ.1167	0.9897279832890873	-0.9897279832890872
P_AQ.1168	-1.395008187240122	1.3950081872401217
P_AQ.1169	-0.16093016988785463	0.1609301698878546
P_AQ.117	0.8368818380330735	-0.8368818380330731
P_AQ.1170	0.43668326893846	-0.4366832689384599
P_AQ.1171	-0.014287492241394287	0.014287492241394284
P_AQ.1172	-1.2834058971952362	1.283405897195236
P_AQ.1173	0.9172633108491861	-0.917263310849186
P_AQ.1174	1.3490501282166258	-1.3490501282166256
P_AQ.1175	0.46815923347722865	-0.46815923347722854
P_AQ.1176	0.849546843207261	-0.8495468432072606
P_AQ.1177	0.23246279609361764	-0.23246279609361734
P_AQ.1178	-0.7962481963084523	0.7962481963084521
P_AQ.1179	0.8973598782039781	-0.8973598782039779
P_AQ.118	0.16018807822019612	-0.16018807822019607
P_AQ.1180	-0.3769577915184811	0.37695779151848124
P_AQ.1181	0.04170202048020326	-0.04170202048020298
P_AQ.1182	-2.0405581309317897	2.0405581309317893
P_AQ.1183	-0.6262277644001083	0.6262277644001082
P_AQ.1184	0.8290701325511483	-0.8290701325511479
P_AQ.1185	0.43943471880952584	-0.439434718809526
P_AQ.1186	0.35202633276482115	-0.3520263327648208
P_AQ.1187	-0.6469979271393008	0.6469979271393007
P_AQ.1188	0.9568474799907826	-0.9568474799907821
P_AQ.1189	-0.8521655610619513	0.8521655610619511
P_AQ.119	0.8571097413622522	-0.8571097413622518
P_AQ.1190	-0.4098006752044929	0.4098006752044931
P_AQ.1191	0.0728076250714943	-0.07280762507149428
P_AQ.1192	-0.11049284721851471	0.11049284721851468
P_AQ.1193	0.7833657157581755	-0.7833657157581749
P_AQ.1194	-0.412574349855275	0.41257434985527464
P_AQ.1195	-1.7479180656641824	1.747918065664182
P_AQ.1196	0.7979969493266524	-0.7979969493266524
P_AQ.1197	-1.5227623349908106	1.5227623349908102
P_AQ.1198	-0.624864369821708	0.6248643698217078
P_AQ.1199	-1.5882098532276525	1.588209853227652
P_AQ.12	1.1247255164238097	-1.124725516423809
P_AQ.120	0.40972458468120926	-0.40972458468120915
P_AQ.1200	0.3176537790617696	-0.3176537790617695
P_AQ.1201	0.3534133798459246	-0.3534133798459242
P_AQ.1202	0.5657458610777978	-0.5657458610777976
P_AQ.1203	0.9295660317837879	-0.9295660317837875
P_AQ.1204	0.4780687426448483	-0.47806874264484817
P_AQ.1205	-0.8025256637829731	0.8025256637829729
P_AQ.1206	0.7908475178950802	-0.7908475178950802
P_AQ.1207	-0.5082996481886035	0.5082996481886036
P_AQ.1208	-1.9270701699828126	1.927070169982812
P_AQ.121	0.1575679084094173	-0.15756790840941728
P_AQ.1210	1.2455953016596446	-1.2455953016596444
P_AQ.1211	-0.0029874242997750856	0.0029874242997748194
P_AQ.1212	0.2903048471822627	-0.29030484718226235
P_AQ.1213	-0.836000540862213	0.8360005408622128
P_AQ.1214	0.30420532644716197	-0.3042053264471619
P_AQ.1215	-1.0527010434751347	1.0527010434751345
P_AQ.1216	0.7143425672397544	-0.714342567239754
P_AQ.1217	-1.236900810857196	1.2369008108571955
P_AQ.1218	-1.1966327709768194	1.1966327709768192
P_AQ.1219	0.6186572571460586	-0.6186572571460581
P_AQ.122	-1.385377926715376	1.3853779267153759
P_AQ.1220	-0.18686111014135215	0.1868611101413521
P_AQ.1221	0.6947734521858058	-0.6947734521858056
P_AQ.1222	1.164541590284733	-1.1645415902847327
P_AQ.1223	0.7115587591116262	-0.711558759111626
P_AQ.1224	-0.3591579349930501	0.35915793499305
P_AQ.1225	-0.36899571734734643	0.3689957173473463
P_AQ.1226	0.5928411779222776	-0.5928411779222772
P_AQ.1227	-2.097300475013446	2.0973004750134456
P_AQ.1228	-1.3599804926222796	1.3599804926222792
P_AQ.1229	-1.6363765477418668	1.6363765477418664
P_AQ.123	-1.349453415512844	1.3494534155128435
P_AQ.1230	0.5715193937750038	-0.5715193937750037
P_AQ.1231	0.8678085641473076	-0.8678085641473076
P_AQ.1232	-1.1399088502792636	1.1399088502792634
P_AQ.1233	0.5974873240030243	-0.5974873240030241
P_AQ.1234	0.13739638879925775	-0.13739638879925772
P_AQ.1235	0.4800508812495543	-0.4800508812495545
P_AQ.1236	1.2611419236317307	-1.2611419236317305
P_AQ.1237	1.719807955942419	-1.7198079559424186
P_AQ.1238	1.4256571064939692	-1.4256571064939687
P_AQ.1239	1.0302525890617136	-1.0302525890617131
P_AQ.124	-0.6334148786657755	0.6334148786657754
P_AQ.1240	0.693049443814442	-0.693049443814442
P_AQ.1241	0.7500598425663438	-0.7500598425663437
P_AQ.1242	-1.1118940001533866	1.1118940001533864
P_AQ.1243	0.32312370161241527	-0.32312370161241494
P_AQ.1244	0.28658010197881445	-0.2865801019788146
P_AQ.1245	-0.900911162932909	0.9009111629329087
P_AQ.1246	1.4363728221796856	-1.4363728221796854
P_AQ.1247	0.9381157903896947	-0.9381157903896946
P_AQ.1249	0.5584303058479314	-0.558430305847931
P_AQ.125	0.6528217690972561	-0.652821769097256
P_AQ.1250	-1.7062107253670107	1.7062107253670102
P_AQ.1251	0.35777509361415893	-0.35777509361415855
P_AQ.1252	-2.043353181733048	2.0433531817330475
P_AQ.1253	-0.9068796866962137	0.9068796866962134
P_AQ.1254	0.5970011832996909	-0.5970011832996904
P_AQ.1255	-0.03142585304597621	0.031425853045976206
P_AQ.1256	-0.5601008652464821	0.560100865246482
P_AQ.1257	1.0738165225393768	-1.0738165225393768
P_AQ.1258	1.1658575006963627	-1.1658575006963625
P_AQ.1259	0.669697678236539	-0.6696976782365391
P_AQ.126	-0.8661138347050353	0.866113834705035
P_AQ.1260	-0.12753377176438713	0.1275337717643871
P_AQ.1261	-0.19877068969743628	0.19877068969743622
P_AQ.1262	0.8191683795103043	-0.8191683795103041
P_AQ.1263	0.3188026836168562	-0.31880268361685615
P_AQ.1264	-1.3916577144840057	1.3916577144840054
P_AQ.1265	-0.6006989982994404	0.6006989982994403
P_AQ.1266	0.5941619407930531	-0.5941619407930527
P_AQ.1267	0.33690827005825297	-0.3369082700582526
P_AQ.1268	1.170377008215064	-1.1703770082150635
P_AQ.1269	-1.482097472179612	1.4820974721796119
P_AQ.127	0.7374722539716202	-0.7374722539716199
P_AQ.1270	1.1369293899869823	-1.1369293899869817
P_AQ.1271	-0.3571777156673435	0.3571777156673434
P_AQ.1272	-0.017444101196892065	0.01744410119689206
P_AQ.1273	-1.7308736948965144	1.730873694896514
P_AQ.1274	-0.38764009133888944	0.3876400913388893
P_AQ.1275	0.8517190039806669	-0.8517190039806665
P_AQ.1276	-0.5046998116557208	0.5046998116557206
P_AQ.1278	-1.2169623098391498	1.2169623098391495
P_AQ.1279	-0.4416781987150278	0.44167819871502767
P_AQ.128	0.6225630751032432	-0.6225630751032429
P_AQ.1280	1.1355906774653501	-1.13559067746535
P_AQ.1281	1.4815527967736888	-1.4815527967736881
P_AQ.1282	0.4157076599772376	-0.41570765997723746
P_AQ.1283	-1.437706305029228	1.4377063050292276
P_AQ.1284	0.04061476246460761	-0.040614762464607865
P_AQ.1285	1.074087909303153	-1.0740879093031528
P_AQ.1286	0.01739693349670879	-0.01739693349670905
P_AQ.1287	0.6669039324289461	-0.6669039324289459
P_AQ.1288	0.2925698858316096	-0.29256988583160926
P_AQ.1289	0.19390220762264843	-0.19390220762264837
P_AQ.129	-0.44656173789212306	0.4465617378921232
P_AQ.1290	-2.3828949213441923	2.382894921344192
P_AQ.1291	0.39919994281090415	-0.3991999428109043
P_AQ.1292	-0.4767528950084112	0.4767528950084111
P_AQ.1293	0.910536629878772	-0.9105366298787719
P_AQ.1294	0.4874478254662789	-0.48744782546627907
P_AQ.1295	1.4587401757559166	-1.4587401757559164
P_AQ.1296	-1.3799157466644452	1.379915746664445
P_AQ.1297	-0.16806099004309275	0.16806099004309272
P_AQ.1298	0.23178693092530214	-0.23178693092530206
P_AQ.1299	-0.5626009505936335	0.5626009505936334
P_AQ.13	0.3755901285207831	-0.3755901285207833
P_AQ.130	0.5874838592536973	-0.5874838592536971
P_AQ.1300	0.7887920430711185	-0.7887920430711183
P_AQ.1301	0.02756767748085064	-0.027567677480850632
P_AQ.1302	1.1594549977137396	-1.1594549977137392
P_AQ.1303	0.3970891780816779	-0.3970891780816775
P_AQ.1304	-0.031881515155911276	0.03188151515591127
P_AQ.1305	-1.1391264939982655	1.1391264939982653
P_AQ.1306	1.0007577697280896	-1.000757769728089
P_AQ.1307	-0.14725168795078802	0.14725168795078825
P_AQ.1308	-1.1163255862354005	1.1163255862354002
P_AQ.1309	0.6517910137676326	-0.6517910137676322
P_AQ.131	1.4593258992768765	-1.459325899276876
P_AQ.1310	-0.5011711710014339	0.501171171001434
P_AQ.1311	-0.5630060923667697	0.5630060923667695
P_AQ.1312	0.030425408950016518	-0.03042540895001651
P_AQ.1313	-0.712123937281611	0.7121239372816108
P_AQ.1314	0.8369451330145663	-0.8369451330145664
P_AQ.1315	-1.0657114626939899	1.0657114626939894
P_AQ.1316	0.8138574353752113	-0.8138574353752109
P_AQ.1317	1.3543255007308106	-1.35432550073081
P_AQ.1318	0.9202604182653269	-0.9202604182653269
P_AQ.132	-1.8239421891578833	1.8239421891578829
P_AQ.1320	0.8925587238797268	-0.8925587238797266
P_AQ.1321	-0.4359250246942791	0.43592502469427924
P_AQ.1322	-1.0611558088171544	1.0611558088171542
P_AQ.1323	-0.5558760542265426	0.5558760542265424
P_AQ.1324	-0.40277270792145814	0.4027727079214583
P_AQ.1325	0.7366102313008904	-0.7366102313008902
P_AQ.1326	-0.23187530863181283	0.23187530863181277
P_AQ.1327	0.7616780913983604	-0.7616780913983603
P_AQ.1328	0.1644109853360682	-0.16441098533606788
P_AQ.1329	-0.32965127066308997	0.3296512706630899
P_AQ.133	0.8876124345947497	-0.8876124345947491
P_AQ.1330	-0.016051196283752886	0.016051196283752883
P_AQ.1331	0.5238395036758536	-0.5238395036758534
P_AQ.1332	-0.29279336688033875	0.2927933668803384
P_AQ.1333	-0.10360714192001384	0.10360714192001355
P_AQ.1334	-1.308894044806343	1.3088940448063426
P_AQ.1335	-1.1495283082712378	1.1495283082712373
P_AQ.1336	1.5327081499547823	-1.5327081499547819
P_AQ.1337	-2.0146092167200167	2.0146092167200162
P_AQ.1338	-1.6456484828392095	1.645648482839209
P_AQ.1339	-1.4697466195396027	1.4697466195396025
P_AQ.134	-1.5693238479815765	1.569323847981576
P_AQ.1340	-0.5712173719484522	0.571217371948452
P_AQ.1341	-0.2776535642364213	0.2776535642364212
P_AQ.1342	-0.17948078539203133	0.17948078539203102
P_AQ.1343	0.6904024458623923	-0.6904024458623921
P_AQ.1344	-1.6503283960841781	1.6503283960841777
P_AQ.1345	1.3907303921682497	-1.3907303921682495
P_AQ.1346	1.1616648135953078	-1.1616648135953072
P_AQ.1347	0.1884165252970493	-0.188416525297049
P_AQ.1348	1.120274994728416	-1.1202749947284159
P_AQ.1349	1.4308410776608422	-1.4308410776608416
P_AQ.135	1.082119678822817	-1.0821196788228167
P_AQ.1350	-1.4000064323835937	1.4000064323835935
P_AQ.1351	-0.49859276641237765	0.4985927664123778
P_AQ.1352	-0.6076607050712554	0.6076607050712552
P_AQ.1353	0.1297268883080032	-0.12972688830800344
P_AQ.1354	-0.3149454790130883	0.31494547901308845
P_AQ.1355	-0.49871691309504357	0.49871691309504346
P_AQ.1356	-0.9253923457105987	0.9253923457105985
P_AQ.1357	0.914021375830424	-0.9140213758304239
P_AQ.1358	0.9366910521950262	-0.9366910521950261
P_AQ.1359	-0.17922123055367614	0.17922123055367611
P_AQ.136	0.8950616064012592	-0.8950616064012586
P_AQ.1360	0.28389956108685577	-0.2838995610868557
P_AQ.1361	1.3234892939511769	-1.3234892939511766
P_AQ.1362	-2.2947583377168983	2.294758337716898
P_AQ.1363	0.4943092534589671	-0.4943092534589667
P_AQ.1364	0.7299669900956741	-0.7299669900956737
P_AQ.1365	-1.759570132787582	1.7595701327875815
P_AQ.1366	-0.27103106244155317	0.2710310624415528
P_AQ.1367	0.8559695530957065	-0.8559695530957062
P_AQ.1368	0.020191251361985966	-0.020191251361985692
P_AQ.1369	0.6144233241770012	-0.6144233241770007
P_AQ.137	0.8291397389636231	-0.8291397389636228
P_AQ.1370	-0.2065869341313007	0.2065869341313009
P_AQ.1371	-1.164981537100973	1.1649815371009729
P_AQ.1372	1.5585601201824242	-1.558560120182424
P_AQ.1373	-0.2777082946382371	0.277708294638237
P_AQ.1374	-0.9242603410691076	0.9242603410691074
P_AQ.1375	-0.13597025924183845	0.1359702592418384
P_AQ.1376	-0.19066417127831262	0.19066417127831228
P_AQ.1377	1.0102472983512538	-1.0102472983512536
P_AQ.1378	1.355190445406925	-1.3551904454069246
P_AQ.1379	-1.3705058942874166	1.3705058942874162
P_AQ.138	1.1207294143953397	-1.1207294143953395
P_AQ.1380	0.5467531117038961	-0.546753111703896
P_AQ.1381	1.4190309657438158	-1.4190309657438154
P_AQ.1382	0.3561952737167597	-0.3561952737167596
P_AQ.1383	-0.125715933876268	0.12571593387626823
P_AQ.1384	1.3290100511812046	-1.3290100511812042
P_AQ.1385	0.12266099798273053	-0.12266099798273049
P_AQ.1386	-0.6802353609924021	0.6802353609924019
P_AQ.1387	-1.2376997444196967	1.2376997444196964
P_AQ.1388	0.7087278450697913	-0.7087278450697911
P_AQ.1389	1.1310143429924493	-1.1310143429924489
P_AQ.139	-0.5729768497609967	0.5729768497609966
P_AQ.1390	1.270300543485469	-1.2703005434854686
P_AQ.1391	0.05935038073559493	-0.05935038073559492
P_AQ.1392	0.47697280172597273	-0.47697280172597284
P_AQ.1393	0.43179797679092974	-0.4317979767909299
P_AQ.1394	1.3045640490129238	-1.3045640490129236
P_AQ.1395	1.7071283910519568	-1.7071283910519566
P_AQ.1396	-1.657369267621475	1.6573692676214746
P_AQ.1397	0.7775929441916808	-0.7775929441916806
P_AQ.1398	-0.4442608942302795	0.44426089423027965
P_AQ.1399	-0.3323820580219766	0.3323820580219763
P_AQ.14	-1.5383825813412164	1.538382581341216
P_AQ.140	0.28810358087366705	-0.288103580873667
P_AQ.1400	1.2028916808261074	-1.2028916808261068
P_AQ.1401	1.5784706233688746	-1.5784706233688743
P_AQ.1402	1.1037490023769059	-1.1037490023769057
P_AQ.1403	-0.9140526965498333	0.914052696549833
P_AQ.1404	-0.4490176299271887	0.4490176299271886
P_AQ.1405	0.052901213875068055	-0.05290121387506804
P_AQ.1406	-2.2921219257600813	2.292121925760081
P_AQ.1407	-0.23542793923427352	0.23542793923427346
P_AQ.1408	-0.20227523571120434	0.20227523571120457
P_AQ.1409	1.0763089087876032	-1.0763089087876032
P_AQ.141	-0.6386320376481925	0.6386320376481924
P_AQ.1410	0.45829926031727974	-0.45829926031727986
P_AQ.1411	-0.5615942771106639	0.5615942771106638
P_AQ.1412	-0.6262506457931418	0.6262506457931417
P_AQ.1414	0.33094068248976194	-0.3309406824897621
P_AQ.1415	-0.6716060220352151	0.6716060220352149
P_AQ.1416	-1.1327086508754391	1.132708650875439
P_AQ.1417	1.1023510441858517	-1.1023510441858513
P_AQ.1418	0.40083322576189845	-0.40083322576189834
P_AQ.1419	0.9142012883555976	-0.9142012883555973
P_AQ.142	0.6035729252053582	-0.6035729252053578
P_AQ.1420	-0.9261174466346875	0.9261174466346873
P_AQ.1421	-0.6073297280771363	0.607329728077136
P_AQ.1422	0.3217805841475954	-0.3217805841475953
P_AQ.1423	-0.2929905620109333	0.29299056201093326
P_AQ.1424	0.8550008336549114	-0.8550008336549111
P_AQ.1425	0.9515612849577577	-0.9515612849577572
P_AQ.1426	0.2493278553960585	-0.24932785539605842
P_AQ.1427	-0.32267381174637444	0.3226738117463744
P_AQ.1428	0.8255293311752618	-0.8255293311752618
P_AQ.143	1.0526221870582657	-1.0526221870582653
P_AQ.1430	0.22701328682137778	-0.22701328682137772
P_AQ.1431	1.0440040162726245	-1.0440040162726245
P_AQ.1432	-1.1129385827196963	1.1129385827196958
P_AQ.1433	-0.21573823955569102	0.21573823955569096
P_AQ.1434	0.472536672462318	-0.4725366724623179
P_AQ.1435	1.0387981821296808	-1.0387981821296806
P_AQ.1436	0.0025121348050540187	-0.002512134805054018
P_AQ.1437	0.6136481559259033	-0.613648155925903
P_AQ.1438	-1.8227654063722503	1.8227654063722498
P_AQ.1439	-0.3741178222562889	0.3741178222562888
P_AQ.144	0.1539754053311686	-0.15397540533116857
P_AQ.1440	1.735621686059898	-1.7356216860598972
P_AQ.1441	-0.21060167000519905	0.210601670005199
P_AQ.1443	0.5076605953918367	-0.5076605953918363
P_AQ.1444	0.31291446894493424	-0.3129144689449339
P_AQ.1446	1.3847493673090872	-1.3847493673090867
P_AQ.1447	-0.9709300105602217	0.9709300105602214
P_AQ.1448	-1.5703075984124857	1.5703075984124852
P_AQ.1449	-0.411528499656204	0.4115284996562042
P_AQ.145	-0.545060318480518	0.5450603184805178
P_AQ.1450	0.8052393678751613	-0.8052393678751613
P_AQ.1451	-0.7496135277613885	0.7496135277613882
P_AQ.1452	-0.12837601779446936	0.12837601779446906
P_AQ.1453	0.02381242399207624	-0.023812423992076233
P_AQ.1454	1.515522685253963	-1.5155226852539625
P_AQ.1455	-0.4300564297285452	0.4300564297285448
P_AQ.1456	-1.4276786171873441	1.4276786171873437
P_AQ.1458	-1.1530034690757502	1.1530034690757498
P_AQ.1459	0.4838979187195465	-0.4838979187195464
P_AQ.146	-0.5147327992568983	0.5147327992568982
P_AQ.1460	-0.3592950515362815	0.3592950515362814
P_AQ.1461	-1.376084237019525	1.3760842370195245
P_AQ.1462	1.0616622854915878	-1.0616622854915876
P_AQ.1463	-2.0062361445229993	2.006236144522999
P_AQ.1464	-1.0066127081920946	1.0066127081920944
P_AQ.1465	-0.09257783373696225	0.09257783373696223
P_AQ.1466	-0.9524322799913646	0.9524322799913644
P_AQ.1467	0.41519529741292277	-0.4151952974129224
P_AQ.1468	-0.6962017406789116	0.6962017406789115
P_AQ.1469	-0.31827218491748305	0.318272184917483
P_AQ.147	-0.43910540983581275	0.43910540983581264
P_AQ.1470	-0.039008271019877874	0.0390082710198776
P_AQ.1471	-0.4475761000666536	0.4475761000666532
P_AQ.1472	0.8878200279638027	-0.8878200279638023
P_AQ.1473	0.07047344340387521	-0.0704734434038752
P_AQ.1474	0.9849178489892388	-0.9849178489892387
P_AQ.1475	-0.047622491653921524	0.047622491653921246
P_AQ.1476	1.3217836743809765	-1.3217836743809759
P_AQ.1477	-1.7065682549503651	1.7065682549503647
P_AQ.1478	-1.1073009916869683	1.1073009916869678
P_AQ.1479	-0.06706762440924766	0.0670676244092479
P_AQ.148	1.541368125129209	-1.5413681251292086
P_AQ.1480	1.3999957689691012	-1.3999957689691007
P_AQ.1481	0.808329544149289	-0.8083295441492888
P_AQ.1482	0.749499645303783	-0.7494996453037825
P_AQ.1483	0.7707244707358006	-0.7707244707358004
P_AQ.1484	-1.1313386872530022	1.1313386872530018
P_AQ.1485	0.9434458674490763	-0.9434458674490759
P_AQ.1486	0.7255456217788716	-0.7255456217788713
P_AQ.1487	0.9738308235969776	-0.9738308235969774
P_AQ.1488	0.2028556093940957	-0.20285560939409591
P_AQ.1489	1.280399905472558	-1.2803999054725577
P_AQ.149	1.6372388259689366	-1.6372388259689363
P_AQ.1490	0.3912129012837543	-0.39121290128375424
P_AQ.1491	1.0692526173817236	-1.0692526173817236
P_AQ.1492	-1.9541290449768745	1.9541290449768738
P_AQ.1493	0.624419067637834	-0.6244190676378337
P_AQ.1494	-1.0835056627385977	1.0835056627385975
P_AQ.1495	0.32898140415700816	-0.32898140415700833
P_AQ.1496	-0.6288531548346523	0.6288531548346521
P_AQ.1497	0.9146482726106548	-0.9146482726106547
P_AQ.1498	-0.014014907581422136	0.014014907581421867
P_AQ.1499	-0.3277989055372537	0.3277989055372534
P_AQ.15	0.9260920076769735	-0.9260920076769735
P_AQ.150	0.69632985556883	-0.6963298555688296
P_AQ.1500	1.0079242689434729	-1.0079242689434729
P_AQ.1501	-2.530043618345618	2.530043618345617
P_AQ.1502	-0.3530618333002424	0.35306183330024227
P_AQ.1503	1.1732436894962932	-1.1732436894962925
P_AQ.1504	-0.34524276705078044	0.3452427670507801
P_AQ.1505	0.6905400741168708	-0.6905400741168708
P_AQ.1506	0.6066160991425577	-0.6066160991425575
P_AQ.1507	-0.1885955062127423	0.188595506212742
P_AQ.1508	-0.9579567500297101	0.9579567500297098
P_AQ.1509	0.9173872013451853	-0.9173872013451848
P_AQ.151	-0.6531262993522773	0.6531262993522771
P_AQ.1510	1.3585217312151352	-1.3585217312151348
P_AQ.1511	-1.2611421067751658	1.2611421067751656
P_AQ.1512	-0.10329496203548613	0.1032949620354861
P_AQ.1513	-1.9285510261630254	1.928551026163025
P_AQ.1514	0.5158490442271066	-0.5158490442271068
P_AQ.1515	-0.9696873785674451	0.9696873785674448
P_AQ.1516	-0.6364038604849318	0.6364038604849317
P_AQ.1517	-0.40916001745882163	0.4091600174588218
P_AQ.1519	-0.6521617111134214	0.6521617111134212
P_AQ.152	-0.698726679835346	0.6987266798353459
P_AQ.1520	0.30404258969509645	-0.30404258969509634
P_AQ.1521	-1.1254198971708052	1.125419897170805
P_AQ.1522	-0.8459473792479724	0.8459473792479721
P_AQ.1523	0.7643380111147202	-0.76433801111472
P_AQ.1524	-0.17474757258732146	0.17474757258732115
P_AQ.1525	0.3671933109568824	-0.36719331095688207
P_AQ.1526	-1.0099550209371972	1.009955020937197
P_AQ.1527	1.0629742141661758	-1.0629742141661758
P_AQ.1528	1.5170251211758516	-1.5170251211758512
P_AQ.1529	-1.5559901846133135	1.555990184613313
P_AQ.153	-0.2235681586224718	0.22356815862247176
P_AQ.1530	1.433960990066209	-1.4339609900662085
P_AQ.1531	0.8726275157422891	-0.872627515742289
P_AQ.1532	0.7938477415717718	-0.7938477415717718
P_AQ.1533	-0.6162711636187672	0.6162711636187671
P_AQ.1534	0.5355389210626641	-0.5355389210626642
P_AQ.1535	0.6081121126406364	-0.6081121126406359
P_AQ.1536	1.0368305503868123	-1.0368305503868116
P_AQ.1537	-0.31561020097283543	0.3156102009728351
P_AQ.1538	1.1147289871892012	-1.1147289871892012
P_AQ.1539	-1.5462089404571313	1.5462089404571309
P_AQ.154	0.8129649453497321	-0.812964945349732
P_AQ.1540	0.5682014769827635	-0.568201476982763
P_AQ.1541	-0.7829879956855305	0.7829879956855302
P_AQ.1542	-0.034772689349900604	0.03477268934990086
P_AQ.1543	-2.508850115438951	2.50885011543895
P_AQ.1544	0.5933765961935935	-0.5933765961935934
P_AQ.1545	-1.1534318702449229	1.1534318702449227
P_AQ.1546	0.5056922379946049	-0.5056922379946045
P_AQ.1547	-1.5993154009071675	1.599315400907167
P_AQ.1548	0.6191478120568339	-0.6191478120568338
P_AQ.1549	1.2379776768349053	-1.237977676834905
P_AQ.155	1.7439334620619646	-1.7439334620619642
P_AQ.1551	0.7986691690613872	-0.7986691690613867
P_AQ.1552	0.9773915005965003	-0.9773915005964999
P_AQ.1553	-2.2501575478125715	2.250157547812571
P_AQ.1554	1.1973392655791366	-1.1973392655791364
P_AQ.1555	0.9994854686520893	-0.9994854686520889
P_AQ.1556	-1.360018321663655	1.3600183216636548
P_AQ.1557	-0.25164879169374577	0.25164879169374543
P_AQ.1558	1.7175977977487287	-1.7175977977487284
P_AQ.156	-0.018408641459920785	0.018408641459920515
P_AQ.1560	-0.32412115969964433	0.3241211596996445
P_AQ.1562	1.188203590075569	-1.1882035900755685
P_AQ.1563	-0.4686296995424605	0.46862969954246037
P_AQ.1564	-0.24144544452449151	0.2414454445244917
P_AQ.1565	1.219570636553999	-1.2195706365539989
P_AQ.1566	0.5483217268461458	-0.5483217268461459
P_AQ.1567	-1.9337293120867893	1.9337293120867889
P_AQ.1568	1.3952566925904986	-1.3952566925904981
P_AQ.1569	-2.081182949135669	2.0811829491356684
P_AQ.157	0.4349238260184389	-0.4349238260184385
P_AQ.1570	1.3384799631107422	-1.3384799631107416
P_AQ.1571	1.0959097398956918	-1.0959097398956916
P_AQ.1572	0.4640353883386022	-0.4640353883386023
P_AQ.1573	1.6162275488599707	-1.6162275488599704
P_AQ.1574	-1.6544239183043954	1.654423918304395
P_AQ.1575	-0.09986920137631831	0.09986920137631829
P_AQ.1576	0.21833518410225117	-0.2183351841022511
P_AQ.1577	1.200292079668648	-1.2002920796686478
P_AQ.1578	1.304592075634143	-1.3045920756341425
P_AQ.1579	-0.7701323799083906	0.7701323799083905
P_AQ.158	-1.5789520959780725	1.578952095978072
P_AQ.1580	1.2220897311247945	-1.2220897311247942
P_AQ.1581	0.24054544678609815	-0.24054544678609807
P_AQ.1582	-1.4993615396502484	1.499361539650248
P_AQ.1583	0.2472782525495728	-0.24727825254957303
P_AQ.1584	0.2906870044969886	-0.29068700449698875
P_AQ.1585	-1.1325097848603307	1.1325097848603303
P_AQ.1586	0.8884458799222597	-0.8884458799222594
P_AQ.1587	0.7457947157801121	-0.7457947157801122
P_AQ.1588	0.1010326953614203	-0.10103269536142027
P_AQ.1589	0.14200954623886927	-0.1420095462388695
P_AQ.159	-0.14393998054092158	0.14393998054092155
P_AQ.1590	0.3320210034222019	-0.33202100342220187
P_AQ.1591	-1.937134510705262	1.9371345107052613
P_AQ.1592	-1.302143128420979	1.3021431284209788
P_AQ.1593	-0.637771725622557	0.6377717256225569
P_AQ.1594	0.14738482481656734	-0.1473848248165673
P_AQ.1595	1.3403858463617022	-1.3403858463617015
P_AQ.1596	-0.5649834828389927	0.5649834828389926
P_AQ.1597	-2.1086865128585988	2.108686512858598
P_AQ.1598	0.980594377286187	-0.9805943772861867
P_AQ.1599	0.9556219113295771	-0.9556219113295769
P_AQ.16	-0.3092332371449359	0.30923323714493556
P_AQ.160	1.3609128106740596	-1.3609128106740591
P_AQ.1600	-1.6547621471948413	1.6547621471948408
P_AQ.1601	1.1748252573638522	-1.174825257363852
P_AQ.1602	1.637705335759674	-1.637705335759674
P_AQ.1603	0.951697766992174	-0.9516977669921737
P_AQ.1604	0.3083202417066299	-0.30832024170662986
P_AQ.1605	1.3574131782500294	-1.3574131782500287
P_AQ.1606	-0.8752571446030449	0.8752571446030447
P_AQ.1607	1.1482525138580952	-1.1482525138580952
P_AQ.1608	1.0815340230009491	-1.081534023000949
P_AQ.1609	1.334787609358946	-1.3347876093589455
P_AQ.161	-0.3087706856665779	0.30877068566657756
P_AQ.1610	1.1067289276064294	-1.106728927606429
P_AQ.1611	-0.586310169240602	0.5863101692406019
P_AQ.1612	0.47649197503360186	-0.47649197503360147
P_AQ.1613	1.1334869609130327	-1.1334869609130327
P_AQ.1614	0.1405381229210339	-0.14053812292103413
P_AQ.1615	0.8016082122669076	-0.8016082122669073
P_AQ.1616	0.7638304719212152	-0.763830471921215
P_AQ.1617	0.8412440036185358	-0.8412440036185356
P_AQ.1618	-0.19855985901932188	0.19855985901932183
P_AQ.1619	0.12254479862220327	-0.12254479862220297
P_AQ.162	0.2669517418286898	-0.26695174182868975
P_AQ.1620	-0.4586526222099418	0.4586526222099417
P_AQ.1621	1.23448702027585	-1.2344870202758496
P_AQ.1622	0.004901091080294966	-0.004901091080294965
P_AQ.1623	1.0424509997286446	-1.0424509997286444
P_AQ.1624	1.4872018998993024	-1.4872018998993022
P_AQ.1625	1.266698921081788	-1.2666989210817876
P_AQ.1626	-1.2804037918819207	1.2804037918819204
P_AQ.1627	0.5970661573906701	-0.59706615739067
P_AQ.1628	0.5128738518006395	-0.512873851800639
P_AQ.1629	-0.5616874231132472	0.561687423113247
P_AQ.163	-0.2969443570932743	0.2969443570932742
P_AQ.1630	-0.5619764161169154	0.5619764161169153
P_AQ.1631	0.24939487648458294	-0.24939487648458286
P_AQ.1632	0.4470796515602771	-0.44707965156027674
P_AQ.1633	-2.116944418199066	2.1169444181990653
P_AQ.1634	0.2305186903808352	-0.23051869038083514
P_AQ.1635	0.11131454333228626	-0.11131454333228623
P_AQ.1636	0.3450205248207552	-0.34502052482075535
P_AQ.1637	-1.080285276482526	1.0802852764825257
P_AQ.1638	-0.21239904912452584	0.21239904912452579
P_AQ.1639	0.0721580189768006	-0.07215801897680059
P_AQ.164	0.2879996013709212	-0.28799960137092107
P_AQ.1640	0.2345959944840602	-0.23459599448406016
P_AQ.1641	1.1057493909513099	-1.1057493909513096
P_AQ.1642	0.9742583688719467	-0.9742583688719463
P_AQ.1643	-0.20932261686482836	0.2093226168648283
P_AQ.1644	-0.9192130140016029	0.9192130140016027
P_AQ.1645	-1.3989042102057734	1.398904210205773
P_AQ.1646	0.30800916378439	-0.30800916378438964
P_AQ.1647	-0.1598124312951529	0.15981243129515288
P_AQ.1648	-1.8929205080845573	1.8929205080845568
P_AQ.1649	-0.5233286042893592	0.5233286042893591
P_AQ.165	-1.0164463337818972	1.016446333781897
P_AQ.1650	-1.530061034153822	1.5300610341538217
P_AQ.1651	0.6475825497727283	-0.6475825497727281
P_AQ.1652	0.018454552014457674	-0.018454552014457934
P_AQ.1653	0.5190205346637515	-0.5190205346637514
P_AQ.1654	-0.036974056444090485	0.03697405644409048
P_AQ.1655	-0.3385872620998684	0.33858726209986806
P_AQ.1657	0.05686123297556509	-0.05686123297556507
P_AQ.1658	-1.671593208181129	1.6715932081811287
P_AQ.1659	0.7758960585658105	-0.7758960585658102
P_AQ.166	-0.6757763543371279	0.6757763543371278
P_AQ.1660	-1.4132785166822694	1.4132785166822692
P_AQ.1661	0.354191839130426	-0.3541918391304259
P_AQ.1662	0.047155347797465885	-0.04715534779746614
P_AQ.1663	-1.498158731164694	1.4981587311646938
P_AQ.1664	0.05501582200220949	-0.055015822002209475
P_AQ.1665	0.3638848308831058	-0.36388483088310597
P_AQ.1666	0.5522271312466168	-0.5522271312466167
P_AQ.1667	0.26904968717844246	-0.26904968717844213
P_AQ.1668	0.83965511223116	-0.8396551122311596
P_AQ.1669	0.4773678779670713	-0.4773678779670715
P_AQ.167	0.9444785633183697	-0.9444785633183695
P_AQ.1670	-0.30887590114400504	0.3088759011440049
P_AQ.1671	0.44401572807292866	-0.44401572807292855
P_AQ.1672	0.41581545943769427	-0.41581545943769416
P_AQ.1673	-0.5245450034465057	0.5245450034465055
P_AQ.1674	-0.1564495896791306	0.15644958967913059
P_AQ.1675	0.8440246498746584	-0.8440246498746584
P_AQ.1676	0.8938866271209657	-0.8938866271209651
P_AQ.1677	1.567621451631916	-1.5676214516319154
P_AQ.1678	0.8138561983355429	-0.8138561983355427
P_AQ.1679	-0.7677387469530915	0.7677387469530913
P_AQ.168	-0.19619763840367088	0.19619763840367108
P_AQ.1680	0.1336159838495083	-0.13361598384950799
P_AQ.1681	0.05717577216966749	-0.057175772169667474
P_AQ.1682	-0.8818453013452877	0.8818453013452875
P_AQ.1683	-1.2460699789294851	1.2460699789294847
P_AQ.1684	-0.0588334421199863	0.058833442119986284
P_AQ.1685	-0.02594181986532742	0.02594181986532768
P_AQ.1686	1.3164994071121505	-1.3164994071121505
P_AQ.1687	1.291458157881107	-1.2914581578811066
P_AQ.1688	-0.8162347365275486	0.8162347365275484
P_AQ.1689	0.07688805988889441	-0.0768880598888944
P_AQ.169	0.5102676803529959	-0.510267680352996
P_AQ.1690	-1.7677100044634948	1.7677100044634944
P_AQ.1691	0.13389903020856694	-0.1338990302085669
P_AQ.1692	-0.6846368510528082	0.684636851052808
P_AQ.1693	-1.3152544686693062	1.315254468669306
P_AQ.1694	-0.41121724105378243	0.4112172410537826
P_AQ.1695	0.31674313508769986	-0.31674313508769975
P_AQ.1696	-0.3798037502346399	0.3798037502346396
P_AQ.1697	1.1373067403053612	-1.137306740305361
P_AQ.1698	0.0510005142758192	-0.05100051427581891
P_AQ.1699	-1.3400200585337179	1.3400200585337174
P_AQ.17	-0.5984671193272598	0.5984671193272596
P_AQ.170	0.17285572570232613	-0.17285572570232635
P_AQ.1700	0.4718198670685177	-0.47181986706851753
P_AQ.1701	1.0554441255700597	-1.0554441255700597
P_AQ.1702	-1.030788141934214	1.0307881419342138
P_AQ.1703	0.6086772226705913	-0.6086772226705909
P_AQ.1704	1.641738750102319	-1.6417387501023186
P_AQ.1705	-1.5299619797155473	1.5299619797155468
P_AQ.1706	1.311971093658964	-1.3119710936589635
P_AQ.1707	-2.3885551167036922	2.388555116703692
P_AQ.1708	0.6597064495427925	-0.6597064495427922
P_AQ.1709	-1.110369651299642	1.1103696512996417
P_AQ.171	0.3800938216869335	-0.3800938216869337
P_AQ.1710	-2.067854009703047	2.067854009703046
P_AQ.1711	-1.2786701127521558	1.2786701127521556
P_AQ.1712	1.5174096377156494	-1.5174096377156492
P_AQ.1713	-0.19987381831517834	0.19987381831517828
P_AQ.1714	0.5396490801266148	-0.5396490801266147
P_AQ.1715	0.09224758299992797	-0.0922475829999282
P_AQ.1716	0.3117835909329297	-0.31178359093292934
P_AQ.1717	0.4170406357140626	-0.4170406357140622
P_AQ.1718	-0.9464575539251331	0.9464575539251328
P_AQ.1719	-0.4340095943648446	0.4340095943648445
P_AQ.172	1.5992144179280487	-1.5992144179280485
P_AQ.1720	-0.10148490991425357	0.10148490991425381
P_AQ.1721	0.9714913763188908	-0.9714913763188906
P_AQ.1722	0.9930250847088127	-0.9930250847088122
P_AQ.1723	-0.3169232211530067	0.3169232211530063
P_AQ.1724	0.01460679219019787	-0.014606792190197601
P_AQ.1725	-2.2940556120427034	2.294055612042703
P_AQ.1726	-0.9794860742041342	0.9794860742041339
P_AQ.1727	-2.2616703093339474	2.261670309333947
P_AQ.1728	-0.8966822119638752	0.896682211963875
P_AQ.1729	1.2416551361340287	-1.2416551361340284
P_AQ.173	-0.199485826718789	0.1994858267187892
P_AQ.1731	1.3150404167303429	-1.3150404167303424
P_AQ.1732	0.48148775606750577	-0.4814877560675054
P_AQ.1733	-2.1591255293248612	2.159125529324861
P_AQ.1734	0.40165890867303217	-0.40165890867303206
P_AQ.1735	0.1714381759849148	-0.17143817598491448
P_AQ.1736	1.4227360244137637	-1.422736024413763
P_AQ.1737	-1.1731128194812999	1.1731128194812994
P_AQ.1738	-0.8590260561074287	0.8590260561074284
P_AQ.1739	-0.8320279092928882	0.832027909292888
P_AQ.174	0.8346960367198033	-0.8346960367198031
P_AQ.1741	0.1811020688335388	-0.18110206883353874
P_AQ.1742	0.37271116230399404	-0.3727111623039939
P_AQ.1743	0.5083504418475936	-0.5083504418475935
P_AQ.1744	1.4131277933313697	-1.4131277933313695
P_AQ.1745	-0.4865809939423216	0.4865809939423215
P_AQ.1746	0.5954577797349299	-0.5954577797349296
P_AQ.1747	-1.9060700393331553	1.9060700393331549
P_AQ.1748	-0.10972708247685999	0.10972708247685996
P_AQ.1749	0.9832273346832354	-0.9832273346832353
P_AQ.175	0.7078875527607376	-0.7078875527607373
P_AQ.1750	-0.8027408669392436	0.8027408669392434
P_AQ.1751	-0.4325591020059423	0.4325591020059419
P_AQ.1752	-0.26996989090076245	0.2699698909007621
P_AQ.1753	-0.06363574093147467	0.06363574093147492
P_AQ.1754	0.9024893591321962	-0.9024893591321962
P_AQ.1755	-0.9630667564605196	0.9630667564605194
P_AQ.1756	0.7561942263846966	-0.7561942263846965
P_AQ.1757	0.28899692788992853	-0.2889969278899284
P_AQ.1759	-2.068838892586348	2.068838892586347
P_AQ.176	-0.16565365304187982	0.16565365304187976
P_AQ.1761	-0.973406687607441	0.9734066876074408
P_AQ.1762	-1.1493784434422298	1.1493784434422296
P_AQ.1763	0.15694013377180668	-0.15694013377180663
P_AQ.1764	-1.3328352856440364	1.332835285644036
P_AQ.1765	-0.37343795296396615	0.3734379529639661
P_AQ.1767	-0.5923766434027782	0.5923766434027781
P_AQ.1768	0.3057883682522084	-0.30578836825220834
P_AQ.1769	-0.09297825340861608	0.09297825340861579
P_AQ.177	1.0878132340699662	-1.087813234069966
P_AQ.1770	-1.265762863542183	1.2657628635421827
P_AQ.1771	-1.783112645102776	1.7831126451027755
P_AQ.1772	-0.5666295656086406	0.5666295656086405
P_AQ.1773	-2.628152661142933	2.628152661142932
P_AQ.1774	0.4754161279426654	-0.47541612794266525
P_AQ.1775	-0.3801213048199679	0.3801213048199678
P_AQ.1776	-0.3905786019989052	0.3905786019989054
P_AQ.1777	0.23818831787059325	-0.2381883178705932
P_AQ.1778	-1.0060849781789045	1.0060849781789043
P_AQ.1779	0.12300665008809829	-0.12300665008809798
P_AQ.178	1.6223558400736628	-1.6223558400736624
P_AQ.1780	0.2016038205622479	-0.20160382056224785
P_AQ.1781	-2.3540361952461697	2.3540361952461692
P_AQ.1782	-1.1110566221144698	1.1110566221144695
P_AQ.1783	0.6860201456358227	-0.6860201456358223
P_AQ.1784	-1.6492575389516755	1.649257538951675
P_AQ.179	1.6076220605913942	-1.6076220605913938
P_AQ.18	1.1938322083443327	-1.1938322083443322
P_AQ.180	0.2696983077215545	-0.2696983077215542
P_AQ.181	1.4702855393696663	-1.4702855393696663
P_AQ.182	-0.59537954391424	0.5953795439142399
P_AQ.183	-1.84272530719121	1.8427253071912093
P_AQ.184	0.3822397952551118	-0.3822397952551115
P_AQ.185	0.4997279062632383	-0.4997279062632382
P_AQ.186	0.7188168619166433	-0.7188168619166431
P_AQ.187	-1.9667832910396172	1.9667832910396166
P_AQ.188	-1.6581285002215327	1.6581285002215322
P_AQ.189	-0.4016056762585911	0.401605676258591
P_AQ.19	-0.03029076975474583	0.03029076975474582
P_AQ.190	-2.0649441694579536	2.0649441694579527
P_AQ.191	1.4376626355591078	-1.4376626355591073
P_AQ.192	1.0871430079333595	-1.0871430079333593
P_AQ.193	1.1203958076801028	-1.1203958076801026
P_AQ.194	-1.2201630054916763	1.220163005491676
P_AQ.195	-1.7766308749527675	1.776630874952767
P_AQ.196	-1.4545951375489994	1.454595137548999
P_AQ.197	1.2750253780162777	-1.2750253780162775
P_AQ.198	-0.40431705356157155	0.40431705356157116
P_AQ.199	1.117370450972801	-1.1173704509728006
P_AQ.2	-1.076902825122633	1.0769028251226327
P_AQ.20	1.3469271390038524	-1.346927139003852
P_AQ.200	0.23810559215295587	-0.2381055921529561
P_AQ.201	0.284203998868251	-0.2842039988682512
P_AQ.202	0.5088720759190414	-0.5088720759190413
P_AQ.203	-0.6462487837427078	0.6462487837427076
P_AQ.204	0.7669968790318541	-0.7669968790318539
P_AQ.205	-2.100275880549232	2.1002758805492316
P_AQ.206	0.34971892812442423	-0.34971892812442384
P_AQ.207	1.2318475796632913	-1.2318475796632908
P_AQ.208	-1.6643704687791856	1.6643704687791852
P_AQ.209	-0.9929408694023393	0.9929408694023389
P_AQ.21	-0.22573525935468033	0.22573525935468056
P_AQ.210	1.1079827633228707	-1.1079827633228703
P_AQ.211	0.7901093278446588	-0.7901093278446585
P_AQ.212	0.7025242307601173	-0.7025242307601172
P_AQ.213	0.381347372574936	-0.3813473725749357
P_AQ.214	-0.5633000655989652	0.5633000655989651
P_AQ.215	0.23096946047715594	-0.23096946047715589
P_AQ.216	-0.7381031800676969	0.7381031800676967
P_AQ.217	1.520926009005517	-1.5209260090055163
P_AQ.218	-1.1946328196371396	1.1946328196371394
P_AQ.219	0.4288164844867881	-0.4288164844867883
P_AQ.22	-1.593672641125504	1.5936726411255036
P_AQ.220	-1.0462905126686897	1.0462905126686894
P_AQ.221	1.1231340889186863	-1.123134088918686
P_AQ.222	0.46793886065318935	-0.46793886065318924
P_AQ.223	0.41835799804464857	-0.4183579980446482
P_AQ.224	0.9502830438603462	-0.9502830438603458
P_AQ.225	-1.545191823969026	1.5451918239690257
P_AQ.226	-1.0943228558065399	1.0943228558065397
P_AQ.227	-0.21065817460243122	0.21065817460243141
P_AQ.228	0.11058833688678407	-0.11058833688678431
P_AQ.229	-0.18165249734424577	0.18165249734424596
P_AQ.23	0.09496702210171723	-0.0949670221017172
P_AQ.230	0.5079275434614211	-0.5079275434614212
P_AQ.231	0.6426208679782972	-0.6426208679782972
P_AQ.232	1.1091249811452724	-1.1091249811452724
P_AQ.233	-0.40566723052588094	0.4056672305258811
P_AQ.234	1.0369513931066445	-1.036951393106644
P_AQ.235	1.3858293188262796	-1.385829318826279
P_AQ.236	1.4331239947662973	-1.433123994766297
P_AQ.237	-1.2241314845676006	1.2241314845676003
P_AQ.238	-0.9926858698188066	0.9926858698188062
P_AQ.239	0.11095882663517845	-0.11095882663517816
P_AQ.24	-0.24341448276059252	0.24341448276059247
P_AQ.240	-2.683521332857184	2.6835213328571834
P_AQ.241	-1.1446317449430106	1.1446317449430101
P_AQ.242	0.33579133795254096	-0.33579133795254085
P_AQ.243	0.06026880120025531	-0.06026880120025503
P_AQ.245	-0.735869388687723	0.7358693886877228
P_AQ.246	-0.028398861716042053	0.028398861716042046
P_AQ.247	-0.7890212251951677	0.7890212251951675
P_AQ.248	-1.2875016296894666	1.2875016296894664
P_AQ.249	-0.5098444911491483	0.5098444911491482
P_AQ.25	1.5877353550282884	-1.5877353550282882
P_AQ.250	1.6239712862509341	-1.6239712862509335
P_AQ.251	-1.4922733095174858	1.4922733095174854
P_AQ.252	1.2461827577664615	-1.2461827577664613
P_AQ.253	1.0075513368218554	-1.0075513368218554
P_AQ.254	0.7172039009679333	-0.7172039009679331
P_AQ.255	-0.38714759307301394	0.38714759307301383
P_AQ.256	-0.5845914733681408	0.5845914733681407
P_AQ.257	-2.153188829818115	2.1531888298181148
P_AQ.258	-1.0782538965023192	1.078253896502319
P_AQ.259	-0.5068956941933235	0.5068956941933236
P_AQ.26	0.08822309936815405	-0.08822309936815402
P_AQ.260	1.6831901963176206	-1.6831901963176201
P_AQ.261	1.2208273838488242	-1.2208273838488237
P_AQ.262	-0.9522247944019343	0.9522247944019341
P_AQ.263	1.5541994201918323	-1.5541994201918319
P_AQ.264	1.1343034948450261	-1.1343034948450255
P_AQ.265	-0.552533866256027	0.5525338662560269
P_AQ.266	-1.4944891809492695	1.494489180949269
P_AQ.267	0.6629803498843783	-0.6629803498843783
P_AQ.268	0.7003333179047833	-0.700333317904783
P_AQ.269	-1.8439325637870312	1.8439325637870307
P_AQ.27	-0.07366482745354565	0.07366482745354588
P_AQ.270	-0.8168139502863762	0.8168139502863759
P_AQ.271	1.5921213945844737	-1.592121394584473
P_AQ.272	-0.21356810299439102	0.21356810299439097
P_AQ.273	-1.2700967367058507	1.2700967367058504
P_AQ.274	0.6392959843532421	-0.6392959843532416
P_AQ.275	-0.817446616842718	0.8174466168427178
P_AQ.276	-0.46440299309482025	0.46440299309482014
P_AQ.277	1.0262239708977323	-1.0262239708977323
P_AQ.278	-0.6082900880781119	0.6082900880781117
P_AQ.279	-0.3198165691439891	0.31981656914398904
P_AQ.28	-0.4608019742105557	0.46080197421055585
P_AQ.280	0.5265153509376147	-0.5265153509376146
P_AQ.281	-0.17544221466277052	0.1754422146627707
P_AQ.283	-0.6005726750619759	0.6005726750619756
P_AQ.284	-0.54556778394861	0.5455677839486099
P_AQ.285	0.5886586017731466	-0.5886586017731467
P_AQ.286	0.4953435518645093	-0.4953435518645089
P_AQ.287	-1.39169619317108	1.3916961931710796
P_AQ.288	1.5134419835286268	-1.5134419835286261
P_AQ.289	0.46223437470189715	-0.46223437470189677
P_AQ.29	1.6466467955092878	-1.6466467955092874
P_AQ.290	1.2130616278933468	-1.2130616278933466
P_AQ.291	0.743948893516701	-0.743948893516701
P_AQ.292	-0.5795167213529756	0.5795167213529755
P_AQ.293	-0.1894192899776938	0.18941928997769375
P_AQ.294	-0.11709307369667397	0.11709307369667393
P_AQ.295	0.5715973729349141	-0.5715973729349137
P_AQ.296	0.3836045458527198	-0.3836045458527197
P_AQ.297	0.02507376756706818	-0.02507376756706844
P_AQ.298	-0.6797833225179536	0.6797833225179535
P_AQ.299	-0.521069916956574	0.5210699169565739
P_AQ.3	-0.24956959162938877	0.24956959162938872
P_AQ.30	-2.4239562636167244	2.4239562636167236
P_AQ.300	0.08282922392796895	-0.08282922392796865
P_AQ.301	1.3293110579925778	-1.329311057992577
P_AQ.302	0.6368132074261228	-0.6368132074261227
P_AQ.303	-0.1391759532361524	0.13917595323615234
P_AQ.304	-0.23156308018280677	0.23156308018280672
P_AQ.305	-0.0484786851483557	0.04847868514835569
P_AQ.306	0.9410124641946629	-0.9410124641946628
P_AQ.307	-0.7293508326032306	0.7293508326032304
P_AQ.308	0.9771022321758429	-0.9771022321758427
P_AQ.309	-0.751339993374703	0.7513399933747028
P_AQ.31	1.6838532320220867	-1.6838532320220863
P_AQ.310	0.6382975170483662	-0.6382975170483663
P_AQ.311	0.628563984202352	-0.6285639842023519
P_AQ.312	1.2059465170852182	-1.2059465170852177
P_AQ.313	0.676102359997516	-0.6761023599975158
P_AQ.314	-1.9884201123972647	1.9884201123972642
P_AQ.315	0.7158446974923336	-0.7158446974923333
P_AQ.316	-0.01961714886377508	0.01961714886377481
P_AQ.317	0.07049901770507211	-0.0704990177050721
P_AQ.318	-0.7617355775191806	0.7617355775191804
P_AQ.319	1.067626062868552	-1.0676260628685519
P_AQ.32	-0.8211510366704639	0.8211510366704636
P_AQ.320	0.956642657968551	-0.9566426579685509
P_AQ.321	0.6423627197203184	-0.6423627197203184
P_AQ.322	1.5554794096784068	-1.5554794096784064
P_AQ.323	0.6810829819726437	-0.6810829819726436
P_AQ.324	1.045890368563303	-1.045890368563303
P_AQ.325	-1.1445545728514017	1.1445545728514013
P_AQ.326	1.4975252664499805	-1.49752526644998
P_AQ.327	-0.6210900165373329	0.6210900165373328
P_AQ.328	0.22952553562584435	-0.22952553562584455
P_AQ.329	0.8943636018960163	-0.8943636018960159
P_AQ.33	1.3435624107280006	-1.3435624107280002
P_AQ.330	-1.5513415632511784	1.551341563251178
P_AQ.331	-1.3292015915071491	1.3292015915071487
P_AQ.332	0.3298906729195933	-0.3298906729195929
P_AQ.333	-1.4822380421781456	1.4822380421781454
P_AQ.334	0.37676544799844053	-0.3767654479984402
P_AQ.335	0.9760362506788879	-0.9760362506788876
P_AQ.336	0.2685691234443516	-0.2685691234443515
P_AQ.337	-0.10954820516884586	0.10954820516884584
P_AQ.338	0.8684570730723835	-0.8684570730723831
P_AQ.339	0.9291887410684468	-0.9291887410684465
P_AQ.34	-1.9082474454639078	1.9082474454639073
P_AQ.340	0.19266264802728575	-0.19266264802728542
P_AQ.341	0.34053759334215394	-0.34053759334215383
P_AQ.342	1.231670710862722	-1.2316707108627216
P_AQ.343	0.667377445163576	-0.6673774451635759
P_AQ.344	0.6497132760132415	-0.6497132760132416
P_AQ.345	0.013072048795130504	-0.013072048795130766
P_AQ.346	-1.0091422858244055	1.0091422858244052
P_AQ.347	-2.2044982353915863	2.204498235391586
P_AQ.348	0.2297198078957868	-0.229719807895787
P_AQ.349	-0.36632021642121637	0.36632021642121604
P_AQ.35	0.38783491574436013	-0.3878349157443603
P_AQ.350	0.7972807104069276	-0.7972807104069272
P_AQ.351	0.9910366181667319	-0.9910366181667318
P_AQ.352	-0.09999625786685798	0.09999625786685795
P_AQ.353	0.4501937728195139	-0.4501937728195135
P_AQ.354	-2.1004437475856776	2.100443747585677
P_AQ.355	-0.006722132169645752	0.00672213216964575
P_AQ.356	1.6049426345840265	-1.6049426345840263
P_AQ.357	0.27186745225287523	-0.2718674522528752
P_AQ.358	-0.2942187652570239	0.29421876525702406
P_AQ.359	0.7669653949040733	-0.7669653949040731
P_AQ.36	1.142379496152501	-1.142379496152501
P_AQ.360	0.9161244270455279	-0.9161244270455275
P_AQ.361	-0.6456937982124673	0.6456937982124672
P_AQ.362	-1.8731348080563957	1.8731348080563952
P_AQ.363	0.40688425815366047	-0.40688425815366036
P_AQ.364	1.4060768725710664	-1.4060768725710657
P_AQ.365	0.03399245237408286	-0.03399245237408312
P_AQ.366	-0.6810399517726273	0.6810399517726271
P_AQ.367	-1.3773327857231326	1.3773327857231321
P_AQ.368	-1.0617597643430239	1.0617597643430234
P_AQ.369	1.0867776263752504	-1.0867776263752504
P_AQ.37	-0.0007724166808837416	0.0007724166808837414
P_AQ.370	-1.45048326992422	1.4504832699242198
P_AQ.371	0.8047599474122955	-0.8047599474122953
P_AQ.372	-0.4091144281077675	0.4091144281077671
P_AQ.373	-1.9595423330228356	1.9595423330228352
P_AQ.374	0.9454724771941482	-0.9454724771941477
P_AQ.375	1.372571534726013	-1.3725715347260123
P_AQ.376	0.49978301491116633	-0.49978301491116617
P_AQ.377	0.8845425867014569	-0.8845425867014567
P_AQ.378	-0.2665650124506596	0.26656501245065956
P_AQ.38	0.33906101841018393	-0.3390610184101838
P_AQ.381	0.9122517471742402	-0.9122517471742401
P_AQ.382	0.7029715014182583	-0.7029715014182583
P_AQ.383	1.5063682963865344	-1.506368296386534
P_AQ.384	0.7806520846611944	-0.7806520846611943
P_AQ.385	0.11029887590881796	-0.11029887590881793
P_AQ.386	-1.04547641457594	1.0454764145759396
P_AQ.387	1.2410722438810353	-1.2410722438810353
P_AQ.388	0.6772387597173631	-0.6772387597173629
P_AQ.389	0.7125518155197771	-0.7125518155197769
P_AQ.39	-0.5199841918108178	0.5199841918108177
P_AQ.390	0.25680100677760703	-0.25680100677760725
P_AQ.391	-0.0867063514622218	0.08670635146222178
P_AQ.392	0.7192053670015245	-0.7192053670015243
P_AQ.393	-1.957222181320873	1.9572221813208726
P_AQ.394	0.6000449901007904	-0.6000449901007905
P_AQ.395	0.4271549207192937	-0.4271549207192933
P_AQ.396	-1.0010083287259086	1.0010083287259084
P_AQ.397	-0.7063745539989343	0.7063745539989342
P_AQ.398	-1.5017923932428179	1.5017923932428174
P_AQ.399	-0.3296525504714909	0.32965255047149056
P_AQ.4	1.3015731452629085	-1.301573145262908
P_AQ.40	-0.31685837906995273	0.3168583790699529
P_AQ.400	1.041639722891094	-1.0416397228910939
P_AQ.401	0.5063174910203342	-0.5063174910203341
P_AQ.402	0.7025722927782696	-0.7025722927782695
P_AQ.403	-0.24020364678957395	0.2402036467895739
P_AQ.404	0.8751658663588887	-0.8751658663588882
P_AQ.405	-0.9125458346403256	0.9125458346403253
P_AQ.406	1.1887300543053725	-1.1887300543053723
P_AQ.407	-0.21081843690462385	0.2108184369046238
P_AQ.408	0.18410742752007833	-0.18410742752007828
P_AQ.409	0.49620208459235365	-0.49620208459235354
P_AQ.41	1.0050013433491445	-1.0050013433491443
P_AQ.410	-2.307763493297043	2.307763493297042
P_AQ.411	1.481509273672691	-1.4815092736726907
P_AQ.412	-2.512763153210144	2.5127631532101433
P_AQ.413	0.01634409875244349	-0.016344098752443484
P_AQ.414	0.7298122076130935	-0.7298122076130935
P_AQ.415	1.2232998307900484	-1.223299830790048
P_AQ.416	0.931900753900794	-0.9319007539007937
P_AQ.417	-1.1388826038801259	1.1388826038801256
P_AQ.418	0.47640119386110447	-0.4764011938611041
P_AQ.419	-1.5951426199597518	1.5951426199597514
P_AQ.42	-0.47326490431053514	0.47326490431053475
P_AQ.420	0.2127485863330007	-0.21274858633300064
P_AQ.421	0.684771419660884	-0.6847714196608838
P_AQ.422	-2.067744302998532	2.0677443029985314
P_AQ.423	-0.9157159539290244	0.9157159539290242
P_AQ.424	0.9867653444535378	-0.9867653444535377
P_AQ.425	-1.571417815849654	1.5714178158496535
P_AQ.426	1.4009686040433142	-1.4009686040433142
P_AQ.427	-0.8812553555065706	0.8812553555065704
P_AQ.428	0.5114960411870366	-0.5114960411870365
P_AQ.429	0.522401104308399	-0.5224011043083988
P_AQ.43	-2.4097797145797775	2.4097797145797766
P_AQ.430	-1.961053365825542	1.9610533658255416
P_AQ.431	-1.1325815747415278	1.1325815747415275
P_AQ.432	-1.3869149624498998	1.3869149624498993
P_AQ.433	-0.8430204860854712	0.843020486085471
P_AQ.434	-1.1460391332628286	1.1460391332628284
P_AQ.435	-1.16025925377293	1.1602592537729295
P_AQ.436	-0.999664017359308	0.9996640173593078
P_AQ.437	0.7816169801943151	-0.7816169801943148
P_AQ.438	0.9427084644929048	-0.9427084644929045
P_AQ.439	0.2803299830588266	-0.28032998305882656
P_AQ.44	0.8992173805266569	-0.8992173805266568
P_AQ.440	-0.28844888456699147	0.2884488845669914
P_AQ.441	-0.7574555753506924	0.7574555753506922
P_AQ.442	0.8288174720249962	-0.8288174720249959
P_AQ.443	1.137269893166059	-1.1372698931660588
P_AQ.444	1.3226071997073767	-1.3226071997073765
P_AQ.445	0.33898112332824604	-0.338981123328246
P_AQ.446	-1.0699801126133055	1.0699801126133053
P_AQ.447	-0.6002487100734967	0.6002487100734964
P_AQ.448	0.27568016327375106	-0.27568016327375094
P_AQ.449	-0.9867844374775513	0.9867844374775511
P_AQ.45	1.2579732736530764	-1.2579732736530762
P_AQ.450	0.807852406322917	-0.8078524063229169
P_AQ.451	-0.2377073840312737	0.23770738403127362
P_AQ.452	-0.07180869947507164	0.07180869947507162
P_AQ.453	0.49506470243513495	-0.4950647024351348
P_AQ.454	1.2165376814817566	-1.2165376814817561
P_AQ.455	0.328118140442672	-0.3281181404426722
P_AQ.456	1.0879885547573802	-1.0879885547573802
P_AQ.457	0.3506651993057655	-0.3506651993057657
P_AQ.458	-0.15805807642051659	0.15805807642051656
P_AQ.459	-0.5308409911971742	0.5308409911971741
P_AQ.46	0.37699364303319843	-0.37699364303319804
P_AQ.460	0.636141177897238	-0.6361411778972381
P_AQ.461	-0.9204730482691834	0.9204730482691832
P_AQ.462	-0.7791546473632279	0.7791546473632277
P_AQ.463	0.6229973752866064	-0.6229973752866063
P_AQ.464	0.34109686910181475	-0.3410968691018144
P_AQ.465	-0.8811549699437212	0.881154969943721
P_AQ.466	-0.4503249460475565	0.4503249460475564
P_AQ.467	0.05497992450397174	-0.054979924503971725
P_AQ.468	-0.37370818859230953	0.3737081885923094
P_AQ.469	0.8856210137840879	-0.8856210137840876
P_AQ.47	0.1038222688118264	-0.10382226881182637
P_AQ.470	0.530848326627944	-0.5308483266279438
P_AQ.471	1.2733709788922418	-1.2733709788922416
P_AQ.472	-1.5859910960524608	1.5859910960524604
P_AQ.473	0.5257450341735738	-0.525745034173574
P_AQ.474	-1.4529857026029636	1.4529857026029631
P_AQ.475	1.2791959148300909	-1.2791959148300907
P_AQ.476	-0.040724761608819215	0.04072476160881894
P_AQ.477	0.8860955380843747	-0.8860955380843746
P_AQ.478	0.5925314400238703	-0.5925314400238701
P_AQ.479	-1.8561203705637759	1.8561203705637754
P_AQ.48	-0.03932262626855853	0.039322626268558786
P_AQ.480	-1.5190763881235405	1.51907638812354
P_AQ.481	1.3775166643103645	-1.3775166643103645
P_AQ.482	0.8056089018067432	-0.805608901806743
P_AQ.483	-2.0553087120036606	2.0553087120036597
P_AQ.484	-0.1340583790940022	0.13405837909400214
P_AQ.485	-0.695904981077501	0.6959049810775008
P_AQ.486	1.5365253950749396	-1.536525395074939
P_AQ.487	0.8451426094188487	-0.8451426094188487
P_AQ.488	-0.8891440002285846	0.8891440002285844
P_AQ.489	0.3632275300815242	-0.36322753008152386
P_AQ.49	1.3919537513076838	-1.3919537513076834
P_AQ.490	1.0206554177939813	-1.020655417793981
P_AQ.491	1.1283805027755816	-1.128380502775581
P_AQ.492	-1.8845232603827708	1.8845232603827704
P_AQ.493	-0.2969599014696063	0.2969599014696062
P_AQ.494	-0.14785604862230628	0.14785604862230597
P_AQ.495	-0.7149240850286805	0.7149240850286804
P_AQ.496	-1.2881972839513869	1.2881972839513864
P_AQ.497	0.716780704504566	-0.7167807045045657
P_AQ.498	-1.7703676713316316	1.7703676713316312
P_AQ.499	-0.23989977115729785	0.2398997711572978
P_AQ.5	1.1976002361022633	-1.197600236102263
P_AQ.50	-0.30546767528067814	0.30546767528067803
P_AQ.500	-0.554248163481717	0.5542481634817169
P_AQ.501	-0.9410584695205068	0.9410584695205064
P_AQ.502	-0.2602538313097841	0.2602538313097843
P_AQ.503	0.3600564670918655	-0.3600564670918657
P_AQ.504	-2.4729107220849595	2.472910722084959
P_AQ.505	0.8624741407481064	-0.8624741407481064
P_AQ.506	0.659041929558938	-0.6590419295589379
P_AQ.507	-2.130790272489075	2.1307902724890746
P_AQ.508	0.39922948158924926	-0.39922948158924915
P_AQ.509	0.9262653921142855	-0.9262653921142854
P_AQ.51	-0.9318517563228192	0.931851756322819
P_AQ.510	-1.5752348173534394	1.575234817353439
P_AQ.511	0.07170092854235698	-0.07170092854235723
P_AQ.512	-1.4401210483198812	1.440121048319881
P_AQ.513	0.017073962960264012	-0.01707396296026401
P_AQ.514	0.6939801231401356	-0.6939801231401351
P_AQ.515	-0.3436783721540735	0.34367837215407365
P_AQ.516	-1.611738071476766	1.6117380714767655
P_AQ.517	-1.596795654249872	1.5967956542498716
P_AQ.518	-0.04235560646511715	0.042355606465117136
P_AQ.519	0.5511730635139875	-0.5511730635139873
P_AQ.52	1.006637163478584	-1.0066371634785836
P_AQ.520	1.463489604882186	-1.4634896048821855
P_AQ.521	-0.6826066810459755	0.6826066810459754
P_AQ.522	1.0283713392960356	-1.0283713392960356
P_AQ.523	-0.024301105594227303	0.02430110559422756
P_AQ.524	-1.4642123360786785	1.464212336078678
P_AQ.525	1.3806908593378064	-1.3806908593378062
P_AQ.526	-0.7756500425919661	0.7756500425919659
P_AQ.527	0.3431917584822608	-0.34319175848226047
P_AQ.528	1.5595092702324262	-1.5595092702324258
P_AQ.529	1.5626409782517892	-1.5626409782517887
P_AQ.53	-0.8443058687758787	0.8443058687758784
P_AQ.531	0.5954678588625765	-0.5954678588625766
P_AQ.532	-1.2161441239607647	1.2161441239607642
P_AQ.533	1.2907353841054618	-1.2907353841054618
P_AQ.534	-1.2005993645222914	1.200599364522291
P_AQ.535	-2.0683118135914254	2.0683118135914245
P_AQ.536	-0.19016181481715383	0.19016181481715352
P_AQ.537	-0.6194911236381555	0.6194911236381554
P_AQ.538	1.210895110614011	-1.2108951106140102
P_AQ.539	-2.1743726926598357	2.174372692659835
P_AQ.54	-0.866557509332713	0.8665575093327128
P_AQ.540	-1.5773774071580524	1.577377407158052
P_AQ.541	0.40380152275051345	-0.40380152275051334
P_AQ.542	0.10108600071349096	-0.10108600071349065
P_AQ.543	0.8726791113702816	-0.8726791113702815
P_AQ.544	0.9906321863381982	-0.990632186338198
P_AQ.545	-1.616684607197941	1.6166846071979406
P_AQ.546	-1.8136225440372007	1.8136225440372
P_AQ.547	0.949433799060858	-0.9494337990608576
P_AQ.548	0.8931586494295657	-0.8931586494295656
P_AQ.549	-1.850901171108193	1.8509011711081926
P_AQ.55	-0.042806199076624016	0.04280619907662374
P_AQ.550	1.0136525307854483	-1.0136525307854478
P_AQ.551	0.5248805196386922	-0.524880519638692
P_AQ.552	-1.1249730006008412	1.1249730006008407
P_AQ.553	-2.2602650784443874	2.2602650784443865
P_AQ.554	1.4983252427573783	-1.498325242757378
P_AQ.555	0.17942314889926034	-0.17942314889926028
P_AQ.556	-1.8505357033248557	1.8505357033248553
P_AQ.557	0.8799966076079521	-0.8799966076079516
P_AQ.558	0.21819030585184454	-0.21819030585184448
P_AQ.559	-1.3200923404750027	1.3200923404750022
P_AQ.56	-0.1850142050568894	0.18501420505688962
P_AQ.560	0.9725094356609328	-0.9725094356609327
P_AQ.561	1.484869264126945	-1.4848692641269448
P_AQ.562	-0.6542750141925495	0.6542750141925493
P_AQ.563	0.3494716392697535	-0.3494716392697531
P_AQ.564	0.9530470249669453	-0.9530470249669453
P_AQ.565	-1.2812047308239594	1.281204730823959
P_AQ.566	-1.7644996862296998	1.7644996862296993
P_AQ.567	1.7897361620084593	-1.7897361620084589
P_AQ.568	0.7398310817679616	-0.7398310817679614
P_AQ.569	-1.6493852210624882	1.6493852210624877
P_AQ.57	-0.7159293175597815	0.7159293175597814
P_AQ.570	0.8413449072059129	-0.8413449072059128
P_AQ.571	-1.0687436397972006	1.0687436397972003
P_AQ.572	-2.2624951290587347	2.262495129058734
P_AQ.573	0.19263805954069807	-0.1926380595406983
P_AQ.574	0.6360098959396765	-0.6360098959396764
P_AQ.575	-1.365080138498879	1.3650801384988787
P_AQ.576	-0.3195428437447493	0.31954284374474945
P_AQ.577	0.05020589309840348	-0.05020589309840347
P_AQ.578	0.07425888804381708	-0.07425888804381732
P_AQ.579	-1.7068669625331947	1.7068669625331943
P_AQ.58	0.21522421347620319	-0.21522421347620313
P_AQ.580	-1.757674734732994	1.7576747347329935
P_AQ.581	-0.42024773425328876	0.4202477342532884
P_AQ.582	0.9485303523178252	-0.9485303523178249
P_AQ.583	1.253422485147991	-1.2534224851479907
P_AQ.584	-0.15651929105938414	0.15651929105938436
P_AQ.585	0.4561746045306337	-0.4561746045306336
P_AQ.586	1.340681569701299	-1.3406815697012986
P_AQ.587	0.03848590986206086	-0.03848590986206058
P_AQ.588	-1.540152048561176	1.5401520485611755
P_AQ.589	1.2177319902269497	-1.2177319902269494
P_AQ.59	-1.4288359465480005	1.4288359465480003
P_AQ.590	0.5291226577667573	-0.5291226577667572
P_AQ.591	1.1102411260870455	-1.110241126087045
P_AQ.592	1.0123392030900848	-1.0123392030900846
P_AQ.593	-1.372147668947478	1.3721476689474776
P_AQ.594	0.7488916727962674	-0.7488916727962672
P_AQ.595	0.3293777182683599	-0.32937771826835976
P_AQ.596	-2.154863004455273	2.1548630044552723
P_AQ.597	1.1337205597259952	-1.1337205597259952
P_AQ.598	-0.09970790457036974	0.09970790457036999
P_AQ.599	1.5823462892050693	-1.5823462892050686
P_AQ.6	0.406956967591392	-0.4069569675913919
P_AQ.60	0.44020338365841893	-0.44020338365841855
P_AQ.600	-1.296709087307008	1.2967090873070075
P_AQ.601	0.13838158989410984	-0.13838158989410979
P_AQ.602	1.4400837391648305	-1.44008373916483
P_AQ.603	0.5120032223045786	-0.5120032223045787
P_AQ.604	-0.021214869396770083	0.021214869396770343
P_AQ.605	-1.2720522571364064	1.2720522571364061
P_AQ.606	0.2991827199971473	-0.29918271999714696
P_AQ.607	-1.540469838197623	1.5404698381976225
P_AQ.608	-0.24725356320750794	0.24725356320750788
P_AQ.609	-0.39309522494198246	0.39309522494198207
P_AQ.61	-0.3634051219790383	0.3634051219790382
P_AQ.610	0.02765963230046239	-0.027659632300462384
P_AQ.611	1.4354218488785782	-1.4354218488785777
P_AQ.612	-1.0277351447274605	1.0277351447274603
P_AQ.613	-1.7654588429175937	1.7654588429175933
P_AQ.614	0.38424251022964484	-0.384242510229645
P_AQ.615	0.4331174417291254	-0.4331174417291253
P_AQ.616	-0.2242540876396429	0.22425408763964286
P_AQ.617	-0.8728282759060304	0.8728282759060302
P_AQ.618	-1.1737056559741064	1.173705655974106
P_AQ.619	-1.0567124441573759	1.0567124441573754
P_AQ.62	-0.17573182480091679	0.17573182480091673
P_AQ.620	0.9924610568076587	-0.9924610568076585
P_AQ.621	1.038451863889921	-1.038451863889921
P_AQ.622	-1.224572307043688	1.2245723070436876
P_AQ.623	0.03445681342325968	-0.0344568134232594
P_AQ.624	0.9993610990078213	-0.9993610990078212
P_AQ.625	0.5005796083674104	-0.5005796083674101
P_AQ.626	-0.8887592560574132	0.888759256057413
P_AQ.627	-1.5141526922250397	1.5141526922250395
P_AQ.628	0.4809474036051901	-0.48094740360518995
P_AQ.629	0.9556762158841827	-0.9556762158841824
P_AQ.63	-0.936334763532943	0.9363347635329426
P_AQ.630	-0.23737892296653607	0.2373789229665363
P_AQ.631	1.017095932069573	-1.0170959320695727
P_AQ.632	1.0108566865745348	-1.0108566865745348
P_AQ.633	1.693002193623426	-1.6930021936234259
P_AQ.634	-1.6514750177690658	1.6514750177690654
P_AQ.635	-1.1670929550120752	1.167092955012075
P_AQ.636	-0.4827626567039975	0.4827626567039971
P_AQ.637	0.4612594149413403	-0.4612594149413405
P_AQ.638	1.232908015880256	-1.2329080158802554
P_AQ.639	0.7190934809414059	-0.7190934809414056
P_AQ.64	1.0821321283338516	-1.0821321283338516
P_AQ.640	1.0865324722895706	-1.0865324722895704
P_AQ.641	-1.5433286637946357	1.5433286637946353
P_AQ.642	0.9394087390671417	-0.9394087390671418
P_AQ.643	-1.598906389837651	1.5989063898376505
P_AQ.645	-0.512299561593022	0.5122995615930219
P_AQ.646	-0.6301668383442216	0.6301668383442215
P_AQ.647	-0.8741784018167968	0.8741784018167965
P_AQ.648	-0.9971282398802046	0.9971282398802044
P_AQ.649	-0.30531980959742405	0.3053198095974237
P_AQ.65	-2.3616939282199714	2.3616939282199705
P_AQ.650	0.24381097956491518	-0.24381097956491485
P_AQ.651	1.6796403865795888	-1.6796403865795884
P_AQ.652	-1.6706955175072467	1.6706955175072462
P_AQ.653	0.20415210174902776	-0.2041521017490277
P_AQ.654	1.0388783194843854	-1.0388783194843851
P_AQ.655	-2.4347986123436134	2.434798612343613
P_AQ.656	-0.899497388817429	0.8994973888174288
P_AQ.657	-2.0867491311095776	2.086749131109577
P_AQ.658	-1.0930491532976652	1.093049153297665
P_AQ.659	-0.10351982650391059	0.10351982650391083
P_AQ.66	-0.6888578682665629	0.6888578682665627
P_AQ.660	-1.0528757201978687	1.0528757201978685
P_AQ.661	-2.120162903008064	2.1201629030080635
P_AQ.662	-0.7759250072807199	0.7759250072807197
P_AQ.663	0.6366980126160424	-0.6366980126160422
P_AQ.664	-0.19809169353168687	0.19809169353168682
P_AQ.665	0.931891275700397	-0.931891275700397
P_AQ.666	0.4539442703418463	-0.4539442703418459
P_AQ.667	-0.1209905250018686	0.12099052500186831
P_AQ.668	-0.15025907144258785	0.15025907144258782
P_AQ.669	0.3779619126184381	-0.377961912618438
P_AQ.67	-0.42683029888754964	0.42683029888754925
P_AQ.670	-0.9956381681056111	0.9956381681056108
P_AQ.671	0.44525029258318694	-0.4452502925831871
P_AQ.672	-0.29269786610324017	0.2926978661032401
P_AQ.673	0.5161264035165531	-0.5161264035165527
P_AQ.674	-1.801483712796059	1.8014837127960586
P_AQ.675	0.021618522454494193	-0.021618522454493923
P_AQ.676	-0.0916755861798487	0.09167558617984894
P_AQ.677	-1.1726014797619104	1.1726014797619102
P_AQ.679	0.6836086391500112	-0.683608639150011
P_AQ.68	0.3509925382311506	-0.3509925382311505
P_AQ.680	0.973948035849675	-0.9739480358496746
P_AQ.681	0.08185681312994353	-0.0818568131299435
P_AQ.682	-1.0149979125891695	1.014997912589169
P_AQ.683	1.178332475616803	-1.178332475616803
P_AQ.684	0.9040811218015466	-0.9040811218015462
P_AQ.685	0.35915805545426044	-0.3591580554542606
P_AQ.686	0.8527903985195123	-0.8527903985195119
P_AQ.687	-0.5386005419237978	0.5386005419237977
P_AQ.688	0.345984122120248	-0.3459841221202479
P_AQ.689	0.8313250110288473	-0.831325011028847
P_AQ.69	0.8897069465882351	-0.8897069465882348
P_AQ.690	-0.0006208222522909928	0.0006208222522907271
P_AQ.691	-1.3445001522468658	1.3445001522468656
P_AQ.692	0.35596737849047594	-0.3559673784904761
P_AQ.693	0.9865093833765421	-0.9865093833765416
P_AQ.694	-0.100981133331414	0.10098113333141397
P_AQ.695	1.2736703973037473	-1.2736703973037469
P_AQ.696	0.28659266000983774	-0.2865926600098379
P_AQ.697	-0.7425331009185112	0.742533100918511
P_AQ.698	0.08630500968608457	-0.08630500968608454
P_AQ.699	-1.6628898391041342	1.6628898391041338
P_AQ.7	-0.962222430002776	0.9622224300027757
P_AQ.70	-0.29847280954068056	0.2984728095406805
P_AQ.700	0.23651564020155982	-0.23651564020155977
P_AQ.701	-2.350800885813885	2.3508008858138845
P_AQ.702	-0.17068996449024176	0.17068996449024146
P_AQ.703	-2.1061039088136697	2.1061039088136693
P_AQ.704	-0.19082231499193864	0.1908223149919383
P_AQ.705	-0.8065200419803641	0.8065200419803639
P_AQ.706	-0.25895730870559364	0.2589573087055936
P_AQ.707	0.9167749754263909	-0.9167749754263905
P_AQ.708	-0.7484859122931322	0.748485912293132
P_AQ.709	1.2431333117711896	-1.2431333117711891
P_AQ.71	-0.6426972391918475	0.6426972391918474
P_AQ.710	-0.36282383183621253	0.3628238318362124
P_AQ.711	-0.9385602631378671	0.9385602631378669
P_AQ.714	-0.3808644449879574	0.3808644449879571
P_AQ.715	0.708956707278693	-0.7089567072786928
P_AQ.716	0.9132421216652186	-0.913242121665218
P_AQ.717	-0.33995061849747016	0.3399506184974701
P_AQ.718	0.8408620008667531	-0.8408620008667528
P_AQ.719	-0.7263349303358453	0.7263349303358451
P_AQ.72	-0.011270655011002068	0.011270655011002065
P_AQ.720	0.3075777757388839	-0.30757777573888356
P_AQ.721	-0.387827810791355	0.38782781079135514
P_AQ.722	-0.20440448994881585	0.2044044899488158
P_AQ.723	0.999768045214223	-0.999768045214223
P_AQ.724	1.0859837194320716	-1.0859837194320712
P_AQ.725	1.203827060251268	-1.2038270602512677
P_AQ.726	1.1078755060180616	-1.1078755060180614
P_AQ.727	-0.4974774699786513	0.49747746997865144
P_AQ.728	0.8617508272738783	-0.8617508272738782
P_AQ.729	0.20488802725172087	-0.20488802725172106
P_AQ.73	-0.23884087714769564	0.2388408771476953
P_AQ.730	0.6503461549028369	-0.650346154902837
P_AQ.731	1.0563829297210734	-1.056382929721073
P_AQ.732	0.7413738489675048	-0.7413738489675045
P_AQ.733	0.6670883461162557	-0.6670883461162554
P_AQ.734	-0.44212982355698593	0.44212982355698605
P_AQ.735	-0.14274389938027393	0.14274389938027418
P_AQ.736	0.9036647212495921	-0.903664721249592
P_AQ.737	-2.4991264185766964	2.4991264185766955
P_AQ.738	-0.03273877710394689	0.03273877710394688
P_AQ.739	0.48203177714303225	-0.4820317771430321
P_AQ.74	-0.6067671654411578	0.6067671654411576
P_AQ.740	-0.7700631368247614	0.7700631368247611
P_AQ.741	-0.7376526648378888	0.7376526648378886
P_AQ.742	1.0596041635535434	-1.0596041635535431
P_AQ.743	1.120557994234207	-1.1205579942342065
P_AQ.744	0.6731379640225547	-0.6731379640225547
P_AQ.745	-1.8135076815021847	1.813507681502184
P_AQ.746	-0.5165964344115416	0.5165964344115411
P_AQ.747	-2.315120187798888	2.315120187798887
P_AQ.748	1.2594336872428686	-1.2594336872428682
P_AQ.749	-1.8892362056521148	1.8892362056521144
P_AQ.75	0.19978799709089423	-0.19978799709089445
P_AQ.750	0.3404243209004811	-0.34042432090048097
P_AQ.751	1.185618467243859	-1.185618467243859
P_AQ.752	-1.2598499543863018	1.2598499543863013
P_AQ.753	-0.7777323625123689	0.7777323625123687
P_AQ.754	-1.365564380752088	1.3655643807520879
P_AQ.755	-0.1254664807054018	0.12546648070540178
P_AQ.756	0.8977473522193327	-0.8977473522193322
P_AQ.757	-0.6230412285556588	0.6230412285556586
P_AQ.758	0.4211163081859185	-0.4211163081859184
P_AQ.759	0.8672689563957212	-0.8672689563957211
P_AQ.76	0.26676618348064235	-0.2667661834806425
P_AQ.760	-1.2069289010576019	1.2069289010576014
P_AQ.761	0.688817636917185	-0.6888176369171848
P_AQ.762	0.2509564169425415	-0.2509564169425417
P_AQ.763	0.6194623161626238	-0.6194623161626236
P_AQ.764	-0.8972675015715803	0.8972675015715801
P_AQ.765	-0.558997909353233	0.5589979093532329
P_AQ.766	-1.4689443191836133	1.4689443191836131
P_AQ.767	-2.09916073743235	2.0991607374323498
P_AQ.768	1.7061284927335139	-1.7061284927335132
P_AQ.769	-0.5242552869359732	0.5242552869359731
P_AQ.77	1.1301584371850848	-1.1301584371850846
P_AQ.770	1.4332203185933206	-1.43322031859332
P_AQ.771	-0.6564771377666663	0.6564771377666662
P_AQ.772	1.0217864847682119	-1.0217864847682114
P_AQ.773	0.08289994565919602	-0.08289994565919626
P_AQ.774	0.49400976948535374	-0.49400976948535336
P_AQ.775	0.14549093749075015	-0.14549093749075037
P_AQ.776	-0.9660044254493972	0.9660044254493969
P_AQ.777	-0.2607655152607196	0.26076551526071956
P_AQ.778	-0.8731737513881539	0.8731737513881537
P_AQ.779	0.25483319529996035	-0.2548331952999603
P_AQ.78	-0.6888461587573572	0.6888461587573571
P_AQ.780	-0.4098378689490252	0.4098378689490251
P_AQ.781	-0.774936557910576	0.7749365579105758
P_AQ.782	-1.3690356338958503	1.3690356338958498
P_AQ.783	0.7733736168487055	-0.7733736168487053
P_AQ.784	0.6554788177815709	-0.6554788177815705
P_AQ.785	0.05596061833219069	-0.055960618332190674
P_AQ.786	1.526618427378122	-1.5266184273781216
P_AQ.787	0.9496163354478401	-0.9496163354478396
P_AQ.788	0.9109232960929898	-0.9109232960929896
P_AQ.789	-0.6239640110145259	0.6239640110145257
P_AQ.79	1.2515559116267911	-1.251555911626791
P_AQ.791	0.6327001196378562	-0.6327001196378561
P_AQ.792	-0.8498563737525687	0.8498563737525685
P_AQ.793	0.5135108493711663	-0.5135108493711662
P_AQ.794	-0.41037146854563344	0.4103714685456336
P_AQ.795	-1.0729076594883042	1.072907659488304
P_AQ.796	1.0329636009127812	-1.0329636009127812
P_AQ.797	-0.4005776470064396	0.4005776470064395
P_AQ.798	-0.3125818946356767	0.3125818946356769
P_AQ.799	0.618841776952607	-0.6188417769526071
P_AQ.8	0.8238122035725279	-0.8238122035725277
P_AQ.80	0.8984905818264693	-0.8984905818264692
P_AQ.800	0.5975198685563498	-0.5975198685563499
P_AQ.801	0.8181054118639477	-0.8181054118639477
P_AQ.802	-1.796076193034988	1.7960761930349876
P_AQ.803	-1.16305483592711	1.1630548359271096
P_AQ.804	-2.1183852928653626	2.118385292865362
P_AQ.805	0.20011195216856284	-0.2001119521685625
P_AQ.806	0.7833796548894486	-0.7833796548894482
P_AQ.807	-1.1435304117604062	1.1435304117604057
P_AQ.808	1.4738266243556515	-1.473826624355651
P_AQ.809	0.32327442617491714	-0.32327442617491703
P_AQ.81	-0.957779984323672	0.9577799843236716
P_AQ.810	-0.8991981206072716	0.8991981206072713
P_AQ.811	-0.14286137548466654	0.14286137548466676
P_AQ.812	0.0947977594865119	-0.09479775948651187
P_AQ.813	-0.8216055817345902	0.82160558173459
P_AQ.814	0.8351328945504587	-0.8351328945504582
P_AQ.815	0.6637544033450564	-0.6637544033450565
P_AQ.816	-0.5753478491777533	0.5753478491777532
P_AQ.817	0.29372898751638704	-0.2937289875163867
P_AQ.818	-1.630860552371709	1.6308605523717086
P_AQ.819	1.0347451250142115	-1.0347451250142112
P_AQ.82	0.5109862554011727	-0.5109862554011723
P_AQ.820	-0.5698537838996056	0.5698537838996055
P_AQ.821	1.5404459192807372	-1.540445919280737
P_AQ.822	1.2953093881700912	-1.2953093881700908
P_AQ.823	-0.30470440344395966	0.3047044034439596
P_AQ.824	-0.516214809952908	0.5162148099529081
P_AQ.825	-0.244762566731412	0.2447625667314122
P_AQ.826	0.48485154586935114	-0.48485154586935103
P_AQ.827	0.8488491069606474	-0.8488491069606473
P_AQ.828	0.7802129308515762	-0.7802129308515758
P_AQ.829	0.18149399273057004	-0.18149399273057026
P_AQ.83	-1.5017538330313884	1.5017538330313882
P_AQ.830	-0.8710462914410722	0.8710462914410719
P_AQ.831	0.027577328179154145	-0.0275773281791544
P_AQ.832	0.3372918474238954	-0.33729184742389534
P_AQ.833	0.24913641246261142	-0.24913641246261164
P_AQ.834	-2.203007330135895	2.2030073301358946
P_AQ.835	-1.339389364146777	1.3393893641467765
P_AQ.836	0.8377050207657523	-0.8377050207657519
P_AQ.837	1.0196036719633972	-1.019603671963397
P_AQ.838	-1.5252908072608617	1.5252908072608613
P_AQ.839	0.589381127423362	-0.5893811274233617
P_AQ.84	0.11666961132667102	-0.11666961132667125
P_AQ.840	0.6990407542604852	-0.6990407542604851
P_AQ.841	0.09224958981341445	-0.09224958981341443
P_AQ.842	-1.068427688799947	1.0684276887999467
P_AQ.843	-0.10204054159960253	0.1020405415996025
P_AQ.844	0.13188257685316515	-0.1318825768531654
P_AQ.845	-1.6476889430794113	1.6476889430794108
P_AQ.846	1.1014021446147442	-1.1014021446147437
P_AQ.847	-0.30476598667515514	0.30476598667515503
P_AQ.848	-2.29691505230408	2.2969150523040796
P_AQ.849	1.1693124922088598	-1.1693124922088594
P_AQ.85	-0.15105009502565553	0.1510500950256555
P_AQ.850	0.9372965854974995	-0.9372965854974993
P_AQ.851	-1.8819395613392595	1.881939561339259
P_AQ.852	-2.063743913236215	2.0637439132362148
P_AQ.853	-0.3581276837608668	0.3581276837608664
P_AQ.854	0.4230086179566471	-0.423008617956647
P_AQ.855	-0.7532612168426798	0.7532612168426795
P_AQ.856	1.1214794023692616	-1.1214794023692614
P_AQ.857	-0.0647363562231291	0.06473635622312934
P_AQ.858	1.578398688951988	-1.5783986889519876
P_AQ.859	-0.6116449656626434	0.6116449656626431
P_AQ.86	-0.653902109007922	0.6539021090079219
P_AQ.860	1.374258588022474	-1.3742585880224736
P_AQ.861	-1.16520200966138	1.1652020096613795
P_AQ.862	1.275108991797627	-1.2751089917976268
P_AQ.863	0.17486350858976565	-0.17486350858976588
P_AQ.864	-1.346664252687738	1.3466642526877377
P_AQ.865	-0.12225908619270127	0.12225908619270097
P_AQ.866	1.119137778094666	-1.1191377780946659
P_AQ.867	0.778729786881496	-0.7787297868814956
P_AQ.868	-1.3324981624955035	1.332498162495503
P_AQ.869	1.4762309958768527	-1.4762309958768525
P_AQ.87	1.25994680420274	-1.2599468042027395
P_AQ.870	-1.2290937386138416	1.2290937386138414
P_AQ.871	-1.1312881832962902	1.13128818329629
P_AQ.872	0.20211652736924507	-0.202116527369245
P_AQ.873	-0.08355713724111932	0.08355713724111903
P_AQ.874	1.4819935986645059	-1.4819935986645054
P_AQ.875	-0.1206844907475111	0.12068449074751107
P_AQ.876	1.4051566489290819	-1.4051566489290817
P_AQ.877	-1.8717262270684671	1.8717262270684667
P_AQ.878	0.4424697360854392	-0.4424697360854391
P_AQ.879	0.3756315089174239	-0.3756315089174236
P_AQ.88	-0.916801928691146	0.9168019286911457
P_AQ.880	0.655624823956225	-0.6556248239562248
P_AQ.881	-0.5223529772980017	0.5223529772980015
P_AQ.883	-2.0434357215720187	2.0434357215720182
P_AQ.884	0.06785230973441321	-0.06785230973441346
P_AQ.885	-0.5081965879852631	0.5081965879852628
P_AQ.886	-0.04748759801341085	0.04748759801341056
P_AQ.887	0.4758379767180021	-0.4758379767180017
P_AQ.888	-1.3758618557493858	1.3758618557493854
P_AQ.889	1.6773988064003988	-1.6773988064003986
P_AQ.89	0.3676780942105421	-0.367678094210542
P_AQ.890	-0.34298167010894487	0.3429816701089448
P_AQ.891	-0.8697451243914694	0.8697451243914692
P_AQ.892	0.3078480285359353	-0.30784802853593496
P_AQ.893	-1.8236417554534885	1.823641755453488
P_AQ.894	-1.0579198861983532	1.057919886198353
P_AQ.895	-0.6701031723650647	0.6701031723650646
P_AQ.896	-0.957473430743504	0.9574734307435038
P_AQ.897	-0.9613768136093059	0.9613768136093057
P_AQ.898	-0.5524933588727756	0.5524933588727755
P_AQ.899	0.1410405564897825	-0.1410405564897822
P_AQ.9	0.32089333678216875	-0.3208933367821684
P_AQ.90	-0.6330683211554872	0.633068321155487
P_AQ.900	0.7750226130651511	-0.775022613065151
P_AQ.901	0.20005499733402105	-0.200054997334021
P_AQ.902	0.9816828611748191	-0.9816828611748186
P_AQ.903	1.0381957089357605	-1.03819570893576
P_AQ.904	-1.6952773756906385	1.695277375690638
P_AQ.905	-2.2393094234379727	2.2393094234379722
P_AQ.906	-1.162516897392414	1.1625168973924138
P_AQ.907	-0.781355008783312	0.7813550087833118
P_AQ.908	-1.4824343662087798	1.4824343662087793
P_AQ.909	0.1841121020006336	-0.18411210200063327
P_AQ.91	0.520227989929142	-0.5202279899291419
P_AQ.910	1.1991967471985066	-1.1991967471985063
P_AQ.911	1.132517332006932	-1.1325173320069315
P_AQ.912	-1.5490729136069887	1.5490729136069885
P_AQ.913	-1.8763176987862307	1.8763176987862302
P_AQ.914	0.9005139828539749	-0.9005139828539749
P_AQ.915	-1.1498951378162274	1.149895137816227
P_AQ.916	0.047991515594308636	-0.04799151559430889
P_AQ.917	1.060516274657127	-1.0605162746571266
P_AQ.918	-0.6423042219342797	0.6423042219342795
P_AQ.919	-1.2225946904884157	1.2225946904884155
P_AQ.92	0.6764344561707846	-0.6764344561707843
P_AQ.920	-1.4164620755611914	1.4164620755611912
P_AQ.921	-1.5772857285053457	1.5772857285053452
P_AQ.922	-1.7440613165206948	1.7440613165206944
P_AQ.923	0.84146919293842	-0.8414691929384196
P_AQ.924	0.0029087075493048615	-0.002908707549304861
P_AQ.925	0.8570919911995455	-0.8570919911995456
P_AQ.926	-1.130841585923121	1.1308415859231207
P_AQ.927	-1.2088370614918746	1.2088370614918744
P_AQ.928	0.4888779818443337	-0.4888779818443335
P_AQ.929	-0.8424095122867616	0.8424095122867614
P_AQ.93	0.19391668474395962	-0.1939166847439596
P_AQ.930	-2.0482728742512633	2.0482728742512624
P_AQ.931	0.798812342741661	-0.7988123427416609
P_AQ.932	-2.3068318259209786	2.306831825920978
P_AQ.933	0.9664615169643409	-0.9664615169643408
P_AQ.934	0.19190487956401048	-0.1919048795640107
P_AQ.935	0.36464322273557714	-0.3646432227355773
P_AQ.936	-0.04366837354621721	0.04366837354621693
P_AQ.937	0.8437432033788624	-0.8437432033788622
P_AQ.938	1.387707655730543	-1.3877076557305428
P_AQ.939	-1.1896273701097055	1.1896273701097053
P_AQ.94	0.7599366852125652	-0.7599366852125651
P_AQ.940	-1.0695285922763071	1.069528592276307
P_AQ.941	-1.4005850506807458	1.4005850506807456
P_AQ.942	-1.549946616110927	1.5499466161109265
P_AQ.943	1.0811514329297591	-1.0811514329297591
P_AQ.944	-0.8553550591132677	0.8553550591132675
P_AQ.945	-0.6228009084855465	0.6228009084855464
P_AQ.946	-1.0359256494740132	1.035925649474013
P_AQ.947	1.5040449411161005	-1.5040449411161005
P_AQ.948	0.025366223757971196	-0.025366223757971457
P_AQ.949	1.4833705003130957	-1.4833705003130955
P_AQ.95	0.8499458667852656	-0.8499458667852655
P_AQ.950	1.0557473737559584	-1.0557473737559584
P_AQ.951	-0.060372691121441086	0.0603726911214408
P_AQ.952	0.16006667625522003	-0.16006667625521973
P_AQ.953	0.4861299847139223	-0.4861299847139222
P_AQ.954	-1.546215046643291	1.5462150466432905
P_AQ.955	0.23462093632209835	-0.2346209363220983
P_AQ.956	0.6978952838194008	-0.6978952838194005
P_AQ.957	0.1056946596527086	-0.10569465965270884
P_AQ.958	0.555679713347973	-0.5556797133479727
P_AQ.959	-0.4470085483314773	0.44700854833147746
P_AQ.96	1.4296593670157343	-1.4296593670157338
P_AQ.960	-0.8901397145186156	0.8901397145186154
P_AQ.961	-1.6481594474065893	1.6481594474065888
P_AQ.962	-1.7881371700582978	1.7881371700582973
P_AQ.963	0.2896983084577599	-0.28969830845775985
P_AQ.964	1.3661090582908884	-1.3661090582908877
P_AQ.965	0.9583661847235286	-0.9583661847235282
P_AQ.966	1.4196162476431762	-1.4196162476431755
P_AQ.967	0.18129001058920086	-0.18129001058920083
P_AQ.968	-0.6704607180373867	0.6704607180373866
P_AQ.969	-0.9068582054024237	0.9068582054024233
P_AQ.97	-0.9718846527637501	0.9718846527637499
P_AQ.970	0.8362997396598317	-0.8362997396598317
P_AQ.971	-0.46767615511211197	0.4676761551121116
P_AQ.972	-1.903995724458437	1.9039957244584365
P_AQ.973	-1.0283004715692727	1.0283004715692723
P_AQ.974	0.10651400483691341	-0.10651400483691364
P_AQ.975	-1.00058017556265	1.0005801755626498
P_AQ.976	-0.48299191649233064	0.48299191649233053
P_AQ.977	1.0758681483983161	-1.0758681483983157
P_AQ.978	1.0650735108433624	-1.0650735108433622
P_AQ.979	-1.0125943089389173	1.012594308938917
P_AQ.98	1.2070938322666336	-1.2070938322666331
P_AQ.980	-2.2818055344802373	2.2818055344802364
P_AQ.981	-0.7445285560245019	0.7445285560245016
P_AQ.982	0.45874518272174525	-0.45874518272174486
P_AQ.983	-0.5330029908388533	0.5330029908388532
P_AQ.984	-0.44274125650412066	0.44274125650412083
P_AQ.985	0.49674883453833557	-0.4967488345383352
P_AQ.987	-2.0916567754339592	2.091656775433959
P_AQ.988	-0.18697195683742338	0.1869719568374236
P_AQ.989	-2.0650710697216956	2.065071069721695
P_AQ.99	1.7077977464005123	-1.7077977464005119
P_AQ.990	1.1476839596209223	-1.147683959620922
P_AQ.991	1.1034299698034375	-1.1034299698034369
P_AQ.992	-1.174425383485354	1.1744253834853537
P_AQ.993	-0.7722701050767031	0.772270105076703
P_AQ.994	-0.208119709356388	0.20811970935638766
P_AQ.995	0.40801867488096977	-0.40801867488096966
P_AQ.996	-0.5349819171460657	0.5349819171460656
P_AQ.997	1.4850953953335897	-1.4850953953335895
P_AQ.998	-1.1669125719844833	1.166912571984483
P_AQ.999	-1.078230873111354	1.0782308731113535
P_LP.1	0.4058741467359817	-0.4058741467359818
P_LP.10	-0.16759235140878734	0.16759235140878703
P_LP.100	-2.4177119232402315	2.417711923240231
P_LP.1000	-2.055567781230021	2.0555677812300206
P_LP.1001	1.2950062528675121	-1.2950062528675121
P_LP.1002	1.2138034417999086	-1.2138034417999082
P_LP.1003	1.287239260588235	-1.2872392605882343
P_LP.1004	0.34877559959645854	-0.34877559959645843
P_LP.1005	-0.7878879665311601	0.78788796653116
P_LP.1006	-0.4978315064722519	0.4978315064722518
P_LP.1007	-0.07654323975522744	0.07654323975522767
P_LP.1008	1.3452008077933078	-1.3452008077933073
P_LP.1009	0.1166791010500461	-0.11667910105004607
P_LP.101	1.362590306100878	-1.3625903061008775
P_LP.1010	0.13345317020810546	-0.13345317020810568
P_LP.1011	0.47945401079433214	-0.47945401079433175
P_LP.1012	0.031776920764515854	-0.03177692076451585
P_LP.1013	-0.3125988096726406	0.3125988096726405
P_LP.1014	-1.7224428267220073	1.7224428267220069
P_LP.1015	-0.4814399140815132	0.4814399140815128
P_LP.1016	-1.230329100127459	1.2303291001274588
P_LP.1017	0.01805465967021266	-0.01805465967021239
P_LP.1018	-0.6924367792480551	0.6924367792480549
P_LP.1019	0.9136283955980375	-0.9136283955980372
P_LP.102	-0.28665623669038326	0.2866562366903834
P_LP.1020	-1.4003358634036103	1.4003358634036098
P_LP.1021	1.275630767192982	-1.2756307671929816
P_LP.1022	1.4007791392450535	-1.400779139245053
P_LP.1023	1.1364093617723554	-1.1364093617723552
P_LP.1024	-1.4041081829292164	1.4041081829292161
P_LP.1025	-0.04954656242074908	0.04954656242074906
P_LP.1027	-0.9574478710001401	0.9574478710001398
P_LP.1028	1.0389040009426003	-1.0389040009426003
P_LP.1029	-1.2483379236135752	1.248337923613575
P_LP.103	0.9044518048247139	-0.9044518048247138
P_LP.1030	-0.8959772498154535	0.8959772498154532
P_LP.1031	0.9505571733069245	-0.9505571733069242
P_LP.1032	1.4498194859770153	-1.4498194859770146
P_LP.1033	1.306222506756522	-1.306222506756522
P_LP.1034	0.9474325402346183	-0.9474325402346183
P_LP.1035	1.1695871879597033	-1.1695871879597028
P_LP.1036	-0.6045714625171899	0.6045714625171897
P_LP.1037	0.00981387023256769	-0.00981387023256742
P_LP.1038	-0.9055763121910432	0.905576312191043
P_LP.1039	0.6827337826370852	-0.6827337826370851
P_LP.104	1.3944235106622163	-1.3944235106622158
P_LP.1040	1.1110691396844372	-1.111069139684437
P_LP.1041	0.7252776422850895	-0.7252776422850894
P_LP.1043	0.6242658598184552	-0.6242658598184553
P_LP.1044	0.9324287751015042	-0.9324287751015042
P_LP.1045	0.15119615750613177	-0.15119615750613202
P_LP.1046	0.602053069118225	-0.6020530691182251
P_LP.1047	0.6268986186409852	-0.626898618640985
P_LP.1048	-0.1509321475262502	0.15093214752625017
P_LP.1049	1.5680651478621093	-1.5680651478621088
P_LP.105	0.4796506155469987	-0.4796506155469989
P_LP.1050	-0.9351891286846233	0.9351891286846231
P_LP.1051	0.803017190256734	-0.8030171902567339
P_LP.1052	1.3798917221082376	-1.3798917221082374
P_LP.1054	-0.01882730020882761	0.018827300208827603
P_LP.1055	-0.40194546386055247	0.40194546386055235
P_LP.1056	-1.1969556463380822	1.196955646338082
P_LP.1057	-0.5988187628297545	0.5988187628297544
P_LP.1058	-0.16142198329680874	0.16142198329680868
P_LP.1059	0.5551801471129368	-0.555180147112937
P_LP.106	-2.005398579388415	2.0053985793884146
P_LP.1060	-0.9791171125417547	0.9791171125417545
P_LP.1061	-0.9777531673189891	0.9777531673189888
P_LP.1062	-0.07211173674690936	0.07211173674690935
P_LP.1063	-0.33687287154182965	0.3368728715418293
P_LP.1064	-1.394925806208042	1.3949258062080416
P_LP.1065	0.7939188300832468	-0.7939188300832467
P_LP.1066	-0.9595560736722989	0.9595560736722987
P_LP.1067	0.7234907160312699	-0.7234907160312696
P_LP.1068	-1.234447201584107	1.2344472015841068
P_LP.1069	0.06121403116237873	-0.06121403116237898
P_LP.107	1.3556808605238313	-1.3556808605238313
P_LP.1070	1.661790176929118	-1.6617901769291175
P_LP.1071	0.29691244850075577	-0.29691244850075543
P_LP.1072	0.5758894890062248	-0.5758894890062244
P_LP.1073	1.5093047285848276	-1.5093047285848271
P_LP.1074	0.17105495233682752	-0.17105495233682746
P_LP.1075	0.633133846562323	-0.6331338465623227
P_LP.1076	0.9823943870247869	-0.9823943870247865
P_LP.1077	-0.5138591746705822	0.5138591746705821
P_LP.1078	0.6697330268578365	-0.6697330268578366
P_LP.1079	-1.7403038159206297	1.7403038159206292
P_LP.108	0.44416555188484885	-0.44416555188484874
P_LP.1080	0.30896165883656584	-0.3089616588365658
P_LP.1081	0.9102883953511143	-0.9102883953511142
P_LP.1082	-2.1316613224761762	2.131661322476176
P_LP.1083	0.6257629500511511	-0.625762950051151
P_LP.1084	1.3678313367920458	-1.3678313367920454
P_LP.1085	-0.08808674249527167	0.08808674249527165
P_LP.1086	-1.7384347754046199	1.7384347754046194
P_LP.1087	1.2321680406646152	-1.232168040664615
P_LP.1088	0.25169437294698727	-0.25169437294698693
P_LP.1089	-2.2059117549100105	2.20591175491001
P_LP.109	-0.3788847039762434	0.3788847039762436
P_LP.1090	-2.082865914122414	2.0828659141224133
P_LP.1092	0.9112597939229864	-0.9112597939229861
P_LP.1093	0.5852218518872884	-0.5852218518872885
P_LP.1094	-0.4303263835327808	0.4303263835327807
P_LP.1095	-0.5198407425462109	0.5198407425462107
P_LP.1096	-0.7350920269554859	0.7350920269554857
P_LP.1097	-0.718583682274776	0.7185836822747758
P_LP.1098	0.543575151212477	-0.5435751512124771
P_LP.1099	0.2970236596400187	-0.29702365964001887
P_LP.11	0.3801848848721068	-0.38018488487210694
P_LP.110	-1.1603711659727185	1.1603711659727183
P_LP.1100	-1.6444946933553828	1.6444946933553823
P_LP.1101	-0.06705753520263899	0.0670575352026387
P_LP.1102	-1.7602782965652801	1.7602782965652797
P_LP.1103	1.4541764937237742	-1.4541764937237736
P_LP.1104	-1.00768349496682	1.0076834949668199
P_LP.1105	0.6880848389238408	-0.6880848389238405
P_LP.1106	0.9299414372343188	-0.9299414372343184
P_LP.1107	0.42716651029487346	-0.4271665102948736
P_LP.1108	1.0816439701704175	-1.081643970170417
P_LP.1109	0.28332118532570977	-0.28332118532570966
P_LP.111	1.4950525222535345	-1.495052522253534
P_LP.1110	0.6456520644578382	-0.6456520644578381
P_LP.1111	-0.7927855807178514	0.7927855807178512
P_LP.1112	0.6461461921054502	-0.64614619210545
P_LP.1113	1.2291372145273922	-1.2291372145273918
P_LP.1114	-0.43567618086878285	0.43567618086878274
P_LP.1115	-0.48355581292524186	0.483555812925242
P_LP.1116	0.6667644699313725	-0.6667644699313724
P_LP.1117	-0.5451450236287526	0.5451450236287525
P_LP.1118	1.4090884574958717	-1.4090884574958713
P_LP.1119	-1.3316648135308755	1.331664813530875
P_LP.112	0.6512097958492501	-0.6512097958492502
P_LP.1120	0.5155877478562181	-0.5155877478562176
P_LP.1121	-0.22588056858693656	0.22588056858693675
P_LP.1122	-0.09498433678474494	0.09498433678474517
P_LP.1123	-1.0098240913587153	1.009824091358715
P_LP.1124	0.796646701518192	-0.7966467015181917
P_LP.1125	0.512120089882618	-0.5121200898826179
P_LP.1126	0.6077753848636567	-0.6077753848636566
P_LP.1127	0.061908646123156254	-0.0619086461231565
P_LP.1128	-1.1167250817144754	1.1167250817144752
P_LP.1129	-0.03034560948352941	0.030345609483529403
P_LP.113	-2.1991047683173073	2.199104768317307
P_LP.1130	1.167598611319756	-1.167598611319756
P_LP.1131	-0.5650228849497398	0.5650228849497396
P_LP.1132	0.5535525840976394	-0.553552584097639
P_LP.1133	-0.11154341913686554	0.11154341913686551
P_LP.1134	-1.0471597200940155	1.0471597200940153
P_LP.1135	1.0102511321010115	-1.010251132101011
P_LP.1136	-1.189661039806465	1.1896610398064646
P_LP.1137	-1.1653803009056454	1.1653803009056452
P_LP.1138	0.7099733947423409	-0.7099733947423406
P_LP.1139	-1.1441976277932224	1.144197627793222
P_LP.114	-0.10832062124138375	0.108320621241384
P_LP.1140	1.0379319313564828	-1.0379319313564825
P_LP.1141	-1.263810979478216	1.2638109794782157
P_LP.1142	0.7804553527786785	-0.780455352778678
P_LP.1143	-0.40484966244658466	0.4048496624465848
P_LP.1144	0.9059147066288673	-0.9059147066288672
P_LP.1145	-0.9275282542437965	0.9275282542437963
P_LP.1146	-0.3511642796280482	0.3511642796280481
P_LP.1147	-0.8781746303710084	0.8781746303710081
P_LP.1148	-0.2265086386493739	0.22650863864937384
P_LP.1149	-0.8215109302665506	0.8215109302665504
P_LP.115	0.9039019263251001	-0.9039019263251
P_LP.1150	0.6355577415475809	-0.6355577415475809
P_LP.1151	1.338135889718897	-1.3381358897188969
P_LP.1152	1.4696380895904229	-1.4696380895904224
P_LP.1153	1.2991258305738769	-1.2991258305738764
P_LP.1154	1.2959771839822445	-1.2959771839822443
P_LP.1155	0.8782183328807053	-0.8782183328807052
P_LP.1156	1.237290305297176	-1.2372903052971755
P_LP.1157	-0.9866278044133763	0.986627804413376
P_LP.1158	0.010572126232924797	-0.010572126232924793
P_LP.1159	0.5570467358889438	-0.5570467358889436
P_LP.116	-1.5988577055423447	1.5988577055423443
P_LP.1160	0.2816154531191369	-0.28161545311913705
P_LP.1161	0.73855412798511	-0.7385541279851097
P_LP.1162	0.7607630287832425	-0.7607630287832423
P_LP.1163	1.310261424589786	-1.3102614245897855
P_LP.1164	0.4955516221296066	-0.49555162212960646
P_LP.1165	-0.43667422387976307	0.43667422387976323
P_LP.1166	0.3676150240771641	-0.367615024077164
P_LP.1167	0.14294978505223505	-0.142949785052235
P_LP.1168	1.2873371024216522	-1.287337102421652
P_LP.1169	0.9387621525906484	-0.9387621525906479
P_LP.117	0.9950635784481797	-0.9950635784481796
P_LP.1170	0.439426225181336	-0.4394262251813359
P_LP.1171	-1.0264125465890515	1.0264125465890512
P_LP.1172	-0.31088006213672764	0.31088006213672753
P_LP.1173	-1.595591084191109	1.5955910841911085
P_LP.1174	-0.3006840874767598	0.3006840874767597
P_LP.1175	-0.09400091882833819	0.09400091882833818
P_LP.1176	1.2606696126094417	-1.2606696126094412
P_LP.1177	-1.0462469640326455	1.0462469640326453
P_LP.1178	-1.991355573853113	1.9913555738531126
P_LP.1179	1.190290395949996	-1.190290395949996
P_LP.118	-1.1419619306760516	1.1419619306760513
P_LP.1180	-0.13751601661970747	0.13751601661970744
P_LP.1181	0.9534311879065498	-0.9534311879065495
P_LP.1182	0.6905882218202182	-0.690588221820218
P_LP.1183	-1.8423670431435353	1.8423670431435348
P_LP.1184	0.8549521801900193	-0.8549521801900192
P_LP.1185	1.0843775436349397	-1.0843775436349392
P_LP.1186	-2.0366872841817463	2.0366872841817454
P_LP.1187	1.372145577924964	-1.3721455779249634
P_LP.1188	-0.6739312082050979	0.6739312082050977
P_LP.1189	0.7769256843493497	-0.7769256843493496
P_LP.119	-0.6915202145992986	0.6915202145992984
P_LP.1190	1.1666519715082948	-1.1666519715082944
P_LP.1191	1.0794242744018177	-1.0794242744018174
P_LP.1192	-0.08560724891361206	0.08560724891361177
P_LP.1193	0.6813587629201687	-0.6813587629201686
P_LP.1194	-0.8274393002646131	0.8274393002646129
P_LP.1195	-1.0065464440767615	1.0065464440767613
P_LP.1196	1.6692554240385409	-1.6692554240385404
P_LP.1197	1.0820847835659377	-1.0820847835659377
P_LP.1198	-0.9453059721280672	0.945305972128067
P_LP.1199	-2.463556667513226	2.463556667513225
P_LP.12	0.049181134559990236	-0.04918113455999022
P_LP.120	0.9378572705292173	-0.937857270529217
P_LP.1200	0.323948263063806	-0.32394826306380586
P_LP.1201	-1.035148327821785	1.0351483278217848
P_LP.1202	-1.0734461935334134	1.0734461935334132
P_LP.1203	-0.08193399359152861	0.08193399359152859
P_LP.1204	0.8480637785953828	-0.8480637785953828
P_LP.1205	0.5266612393483636	-0.5266612393483632
P_LP.1206	-1.752973569123544	1.7529735691235435
P_LP.1207	-0.17686997040585462	0.1768699704058543
P_LP.1208	-0.12570133642208983	0.12570133642208953
P_LP.1209	-0.07577519442728113	0.07577519442728112
P_LP.121	1.0662468538709744	-1.0662468538709742
P_LP.1210	0.2848949521767773	-0.28489495217677724
P_LP.1211	0.7156738328376303	-0.71567383283763
P_LP.1212	1.5908515059871355	-1.5908515059871349
P_LP.1213	-0.184385268800229	0.18438526880022924
P_LP.1214	0.7370649844689978	-0.7370649844689976
P_LP.1215	-0.7249171466365449	0.7249171466365447
P_LP.1217	-0.9300227305371539	0.9300227305371537
P_LP.1218	-1.3751764203794443	1.3751764203794439
P_LP.1219	-0.5764137644516265	0.5764137644516263
P_LP.122	1.2727853165512426	-1.2727853165512424
P_LP.1220	1.2555909026804957	-1.2555909026804957
P_LP.1221	1.2246378208013042	-1.224637820801304
P_LP.1222	-0.8612726446917792	0.861272644691779
P_LP.1223	0.9317250205548195	-0.9317250205548194
P_LP.1224	0.9557854933918656	-0.9557854933918655
P_LP.1225	-1.2098271236221014	1.2098271236221012
P_LP.1226	-0.012812073677020381	0.012812073677020643
P_LP.1227	-0.9528176917406399	0.9528176917406396
P_LP.1228	0.2780159008631979	-0.2780159008631978
P_LP.1229	-0.1549701610411768	0.1549701610411765
P_LP.123	-0.14685876544469803	0.14685876544469825
P_LP.1230	1.1356782475960696	-1.1356782475960696
P_LP.1231	-0.9375356953745333	0.9375356953745331
P_LP.1232	-0.7080769515109595	0.7080769515109594
P_LP.1233	0.19958510354379527	-0.1995851035437955
P_LP.1234	0.7018918173619062	-0.701891817361906
P_LP.1235	1.6364138945973892	-1.6364138945973885
P_LP.1236	1.3986108445898942	-1.398610844589894
P_LP.1237	-0.33334469351937357	0.3333446935193738
P_LP.1238	-1.0351612499043412	1.035161249904341
P_LP.1239	0.6211758180605875	-0.6211758180605873
P_LP.124	1.3770622559104595	-1.3770622559104588
P_LP.1240	0.7396299188856669	-0.7396299188856666
P_LP.1241	0.6712488566769502	-0.67124885667695
P_LP.1242	0.17246811379811028	-0.1724681137981105
P_LP.1243	-1.132687423885026	1.1326874238850257
P_LP.1244	-0.23991051651590622	0.23991051651590642
P_LP.1245	0.5378328743960974	-0.5378328743960972
P_LP.1246	0.5710487112748689	-0.5710487112748687
P_LP.1247	-1.7948473776216416	1.7948473776216411
P_LP.1248	1.2914493538766416	-1.2914493538766412
P_LP.1249	-1.6648005304451226	1.664800530445122
P_LP.125	0.044739657642191656	-0.04473965764219165
P_LP.1250	-0.15626722489315673	0.15626722489315642
P_LP.1251	-1.4284324700415592	1.4284324700415587
P_LP.1252	1.6061615679289825	-1.606161567928982
P_LP.1253	-0.036282887807160914	0.03628288780716064
P_LP.1254	-0.32731638845755523	0.32731638845755545
P_LP.1255	1.3407482011658542	-1.340748201165854
P_LP.1256	0.45719313087627556	-0.45719313087627544
P_LP.1257	0.7839757758254887	-0.7839757758254888
P_LP.1258	0.0769124829650893	-0.07691248296508929
P_LP.1259	-1.260852850387914	1.2608528503879137
P_LP.126	1.507285671053616	-1.5072856710536158
P_LP.1260	1.066369009004856	-1.0663690090048559
P_LP.1261	-0.040323940959911715	0.04032394095991144
P_LP.1262	-1.3916456153238506	1.3916456153238501
P_LP.1263	1.6999177540312318	-1.6999177540312316
P_LP.1264	1.437936064546306	-1.4379360645463055
P_LP.1265	-1.8492886270969553	1.8492886270969549
P_LP.1266	0.7346675919730199	-0.73466759197302
P_LP.1267	-0.10014701585745954	0.10014701585745951
P_LP.1268	0.1433085388265312	-0.1433085388265314
P_LP.1269	-1.9850116466210113	1.9850116466210108
P_LP.127	-2.327849904407406	2.3278499044074055
P_LP.1270	1.1725763044897757	-1.1725763044897752
P_LP.1271	0.43803121826970864	-0.43803121826970826
P_LP.1272	0.053117284776671526	-0.05311728477667151
P_LP.1273	0.30403277993640654	-0.30403277993640615
P_LP.1274	0.6500404471954264	-0.6500404471954262
P_LP.1275	-0.22448091032431472	0.22448091032431494
P_LP.1276	-1.8599510183268728	1.8599510183268724
P_LP.1277	0.7751632099379779	-0.7751632099379775
P_LP.1278	0.02422325004726015	-0.02422325004726041
P_LP.1279	1.1198308170440485	-1.1198308170440479
P_LP.128	0.18637286118656615	-0.18637286118656637
P_LP.1280	1.3306314777409403	-1.33063147774094
P_LP.1281	0.3968637621595572	-0.3968637621595571
P_LP.1282	-0.2708915213317655	0.27089152133176564
P_LP.1283	-0.8415175676933656	0.8415175676933654
P_LP.1284	0.9802607022449218	-0.9802607022449217
P_LP.1285	-0.024956665776387495	0.02495666577638722
P_LP.1286	-0.23220315655563867	0.23220315655563886
P_LP.1287	0.758927400187147	-0.7589274001871467
P_LP.1288	-0.14004441539346346	0.14004441539346343
P_LP.1289	-0.16283595751059324	0.16283595751059346
P_LP.129	0.700131851635397	-0.7001318516353966
P_LP.1290	-0.20007939964309068	0.20007939964309088
P_LP.1291	-0.9523776783174441	0.9523776783174439
P_LP.1292	0.7906878959272732	-0.790687895927273
P_LP.1293	-0.5780115275490467	0.5780115275490466
P_LP.1294	0.7962671145644946	-0.7962671145644944
P_LP.1296	-0.4129791262507426	0.4129791262507423
P_LP.1297	-1.9645065373275137	1.9645065373275132
P_LP.1298	1.278541257085974	-1.2785412570859735
P_LP.1299	0.06006311920675716	-0.060063119206757144
P_LP.13	-1.2799836991026474	1.2799836991026472
P_LP.130	0.7363956583312424	-0.7363956583312425
P_LP.1300	0.9767093255217619	-0.9767093255217616
P_LP.1301	-0.59236224117928	0.5923622411792798
P_LP.1302	1.2342044485351595	-1.2342044485351593
P_LP.1303	0.3886396324697452	-0.3886396324697448
P_LP.1304	-0.27163895607853367	0.27163895607853333
P_LP.1305	0.5232755248972757	-0.5232755248972756
P_LP.1306	0.39455786410019456	-0.39455786410019444
P_LP.1307	0.8861475979851344	-0.8861475979851341
P_LP.1308	0.4425316133269539	-0.44253161332695407
P_LP.1309	-0.03703290263362613	0.03703290263362585
P_LP.131	0.4151124703820333	-0.4151124703820329
P_LP.1310	-0.6007104830657524	0.6007104830657523
P_LP.1311	0.6777145860361616	-0.6777145860361614
P_LP.1312	0.7226571382979754	-0.7226571382979753
P_LP.1313	-1.1619297382370295	1.161929738237029
P_LP.1314	0.2639443971352752	-0.2639443971352751
P_LP.1316	1.5993097676590042	-1.5993097676590038
P_LP.1317	0.550282291679057	-0.5502822916790565
P_LP.1318	-1.4279446855668179	1.4279446855668174
P_LP.1319	1.2281870580018373	-1.2281870580018368
P_LP.132	1.2315520522257153	-1.2315520522257153
P_LP.1320	1.5573857297567542	-1.5573857297567535
P_LP.1321	-1.5572876357809489	1.5572876357809484
P_LP.1322	1.4526600752389067	-1.4526600752389063
P_LP.1323	0.16724900215297278	-0.16724900215297273
P_LP.1324	-0.22101563211769332	0.22101563211769298
P_LP.1325	0.6278370832137611	-0.6278370832137607
P_LP.1326	0.8913680464102671	-0.891368046410267
P_LP.1327	1.0694199745494604	-1.0694199745494604
P_LP.1328	0.6831818325034344	-0.6831818325034344
P_LP.1329	0.18102095952721248	-0.18102095952721242
P_LP.133	-0.9835891723932814	0.983589172393281
P_LP.1330	-2.0857776598736435	2.085777659873643
P_LP.1331	0.6980724697262913	-0.6980724697262909
P_LP.1332	-1.5653740596403916	1.5653740596403911
P_LP.1333	-0.08870885754404538	0.08870885754404535
P_LP.1334	-1.0182370241487524	1.0182370241487522
P_LP.1335	1.2667777587972604	-1.2667777587972602
P_LP.1336	0.4709672959711458	-0.47096729597114567
P_LP.1337	-0.6325750884364616	0.6325750884364614
P_LP.1339	0.7868631401768049	-0.7868631401768047
P_LP.134	0.24798886454481095	-0.2479888645448109
P_LP.1340	-1.2302266893988718	1.2302266893988716
P_LP.1341	1.3601262449599376	-1.3601262449599372
P_LP.1342	0.2033128483387615	-0.20331284833876173
P_LP.1343	1.5270576660893607	-1.5270576660893602
P_LP.1344	-2.1065587996562005	2.1065587996562
P_LP.1345	-0.7083499744850511	0.7083499744850509
P_LP.1346	1.0086057569630258	-1.0086057569630253
P_LP.1347	0.12259823912460897	-0.12259823912460867
P_LP.1348	0.43611543326881247	-0.43611543326881236
P_LP.1349	-0.6092025916373666	0.6092025916373663
P_LP.135	-0.6269449500194554	0.6269449500194553
P_LP.1350	-1.803195546654619	1.8031955466546186
P_LP.1351	0.7922552283209642	-0.7922552283209637
P_LP.1352	1.274927494916463	-1.2749274949164628
P_LP.1353	1.3156434258374476	-1.3156434258374472
P_LP.1355	0.9428363747800685	-0.9428363747800683
P_LP.1356	0.12467289676841645	-0.12467289676841614
P_LP.1358	0.6650111245531943	-0.6650111245531942
P_LP.1359	1.1742349237116332	-1.1742349237116332
P_LP.136	-0.03470348320149638	0.034703483201496375
P_LP.1360	-0.3143635836629064	0.3143635836629063
P_LP.1361	0.42097943831834483	-0.4209794383183447
P_LP.1362	-0.2301561360847621	0.23015613608476201
P_LP.1363	-0.49763770447891537	0.49763770447891553
P_LP.1364	0.8465672229860954	-0.8465672229860953
P_LP.1365	0.24338254772949258	-0.2433825477294925
P_LP.1366	-1.3105914060372292	1.3105914060372288
P_LP.1367	0.2506585394197349	-0.2506585394197346
P_LP.1368	0.9887780241409756	-0.9887780241409755
P_LP.1369	0.15857222801438156	-0.15857222801438126
P_LP.137	1.3549202382884264	-1.3549202382884262
P_LP.1370	0.3741209197174084	-0.3741209197174086
P_LP.1371	0.47649564119804205	-0.47649564119804194
P_LP.1372	1.5030341455310348	-1.5030341455310345
P_LP.1373	-0.1036845955719188	0.1036845955719185
P_LP.1374	0.9574484561969324	-0.957448456196932
P_LP.1375	1.1103196290152384	-1.110319629015238
P_LP.1376	0.1036706569345615	-0.10367065693456147
P_LP.1377	0.874443882291591	-0.8744438822915909
P_LP.1378	1.1731609827958642	-1.1731609827958636
P_LP.1379	0.8734060051364207	-0.8734060051364204
P_LP.138	1.2985888120661346	-1.2985888120661344
P_LP.1380	0.4625525279117965	-0.46255252791179635
P_LP.1381	-1.9407051136176676	1.9407051136176672
P_LP.1382	0.6835332376453364	-0.6835332376453361
P_LP.1383	0.37190991215029173	-0.3719099121502916
P_LP.1384	1.145533695826511	-1.1455336958265105
P_LP.1385	-0.5734258501848458	0.5734258501848457
P_LP.1386	-1.2975359775545765	1.297535977554576
P_LP.1387	0.3025549345736961	-0.30255493457369625
P_LP.1388	0.7101369264327263	-0.7101369264327259
P_LP.1389	0.07947806038180277	-0.07947806038180276
P_LP.139	-0.30146622617957636	0.3014662261795765
P_LP.1390	-0.2007996239786493	0.20079962397864953
P_LP.1391	-0.24524824852654323	0.24524824852654314
P_LP.1392	-0.2359921506554026	0.23599215065540283
P_LP.1393	1.0984782907190336	-1.0984782907190336
P_LP.1394	-1.3561110810251749	1.3561110810251744
P_LP.1395	1.1658847352699888	-1.1658847352699884
P_LP.1396	-0.3225631825583845	0.32256318255838445
P_LP.1397	-0.4603719922039701	0.46037199220397
P_LP.1398	0.526097563133676	-0.5260975631336758
P_LP.1399	0.4762594908776813	-0.47625949087768094
P_LP.14	0.7753801965207374	-0.7753801965207371
P_LP.140	0.8118996878155551	-0.8118996878155548
P_LP.1400	-1.5364990262250067	1.5364990262250062
P_LP.1401	0.9350160861668015	-0.9350160861668012
P_LP.1402	0.5581925461170866	-0.5581925461170868
P_LP.1403	0.3376004845141781	-0.3376004845141783
P_LP.1404	0.0728552903545219	-0.07285529035452215
P_LP.1405	0.5149187253047558	-0.5149187253047559
P_LP.1406	1.0880328173032063	-1.0880328173032061
P_LP.1407	0.8493991730778973	-0.8493991730778968
P_LP.1408	0.06370650420038397	-0.06370650420038422
P_LP.1409	0.8047044830630781	-0.8047044830630778
P_LP.141	0.8920427898107529	-0.8920427898107525
P_LP.1410	0.8916952051172186	-0.8916952051172181
P_LP.1411	1.1113256237121176	-1.1113256237121174
P_LP.1412	-0.7177972285805486	0.7177972285805484
P_LP.1413	0.9341491551056432	-0.934149155105643
P_LP.1414	1.248368206274811	-1.2483682062748105
P_LP.1415	0.63370912626996	-0.6337091262699599
P_LP.1416	1.0212693264503463	-1.021269326450346
P_LP.1417	-2.016539281382109	2.0165392813821086
P_LP.1418	-0.3552411489940973	0.3552411489940975
P_LP.1419	0.8440020297538993	-0.8440020297538993
P_LP.142	-0.27980597355228326	0.27980597355228287
P_LP.1420	-0.42155981350088767	0.42155981350088756
P_LP.1421	-0.012367712049449442	0.012367712049449706
P_LP.1422	0.8113696642337768	-0.8113696642337765
P_LP.1423	-0.46259359637558395	0.4625935963755838
P_LP.1424	-0.4478436210217589	0.4478436210217588
P_LP.1425	-0.5502834146386736	0.5502834146386734
P_LP.1426	0.7089371469958218	-0.7089371469958216
P_LP.1428	-1.674550407217679	1.6745504072176784
P_LP.1429	0.6120038263844491	-0.612003826384449
P_LP.143	1.3017927991765799	-1.3017927991765796
P_LP.1430	1.563225498254732	-1.5632254982547318
P_LP.1431	-0.5777384900898213	0.577738490089821
P_LP.1432	-0.23970531881436688	0.23970531881436682
P_LP.1433	1.0820392514476393	-1.0820392514476391
P_LP.1434	0.8251622144175915	-0.8251622144175913
P_LP.1435	0.6451482036802637	-0.6451482036802633
P_LP.1436	1.4341733326805768	-1.4341733326805761
P_LP.1437	1.3963985695339725	-1.396398569533972
P_LP.1438	1.2225917242090603	-1.22259172420906
P_LP.1439	-0.8030063838358558	0.8030063838358555
P_LP.144	0.9703584757029005	-0.9703584757028999
P_LP.1440	0.14771315363874937	-0.14771315363874934
P_LP.1441	0.22839959871085685	-0.22839959871085652
P_LP.1442	-0.2950314719067441	0.29503147190674406
P_LP.1443	1.1707949727352627	-1.1707949727352625
P_LP.1444	-0.5040924606269168	0.5040924606269169
P_LP.1445	-1.6399516041924345	1.639951604192434
P_LP.1446	1.653307634675682	-1.6533076346756816
P_LP.1447	0.11118648109488706	-0.11118648109488703
P_LP.1448	1.4912221386387554	-1.491222138638755
P_LP.145	-0.7762817385297146	0.7762817385297144
P_LP.1450	0.9311200509369907	-0.9311200509369902
P_LP.1451	-1.4148357348837488	1.4148357348837486
P_LP.1452	-0.7532410087129754	0.7532410087129752
P_LP.1453	-1.0181473680027249	1.0181473680027247
P_LP.1454	1.2672150331812337	-1.2672150331812333
P_LP.1455	-0.5735435450547571	0.573543545054757
P_LP.1456	0.294500044207882	-0.29450004420788195
P_LP.1457	0.19453131724823655	-0.19453131724823677
P_LP.1458	0.8490567159944858	-0.8490567159944857
P_LP.1459	0.9497727668646592	-0.9497727668646588
P_LP.146	1.1255871312718708	-1.1255871312718702
P_LP.1460	0.9880625758137481	-0.9880625758137479
P_LP.1461	-0.8073184926278155	0.8073184926278153
P_LP.1462	-0.4880738754322415	0.4880738754322411
P_LP.1463	-0.24038957957209084	0.24038957957209078
P_LP.1464	-0.3841887262867868	0.38418872628678646
P_LP.1465	-0.47912586034415844	0.47912586034415805
P_LP.1466	-0.9878356573793754	0.9878356573793752
P_LP.1467	1.102163401128743	-1.1021634011287427
P_LP.1468	-1.3033321027716804	1.3033321027716802
P_LP.1469	-0.20860205942201623	0.20860205942201618
P_LP.147	1.1283981332760256	-1.1283981332760253
P_LP.1470	-0.654618949232521	0.6546189492325207
P_LP.1472	0.542526286718341	-0.5425262867183409
P_LP.1473	-0.00908404851217053	0.009084048512170262
P_LP.1474	1.0921750169329825	-1.0921750169329822
P_LP.1475	0.9389593048587196	-0.9389593048587194
P_LP.1476	-1.8302771070554784	1.830277107055478
P_LP.1477	1.0249138527891206	-1.0249138527891206
P_LP.1478	-1.3252525979561358	1.3252525979561356
P_LP.1479	0.8996807332205576	-0.8996807332205574
P_LP.148	0.6210163349624256	-0.6210163349624257
P_LP.1480	-0.41578876165629947	0.41578876165629963
P_LP.1481	-0.6985865463996619	0.6985865463996618
P_LP.1482	-0.3810257601650625	0.3810257601650627
P_LP.1483	0.86641767731784	-0.8664176773178401
P_LP.1484	-0.6897295670546274	0.6897295670546273
P_LP.1485	-1.9511597809661914	1.951159780966191
P_LP.1486	-1.2612852315374243	1.261285231537424
P_LP.1487	1.207042012430623	-1.2070420124306227
P_LP.1488	0.8989273610840376	-0.8989273610840373
P_LP.1489	-0.1436519262447846	0.1436519262447843
P_LP.149	0.1189846261282785	-0.11898462612827847
P_LP.1490	1.323434583985669	-1.323434583985669
P_LP.1491	0.9307164829889494	-0.9307164829889494
P_LP.1492	-1.0347258409573235	1.0347258409573232
P_LP.1493	0.2614941617490715	-0.26149416174907136
P_LP.1494	-0.1735079816122512	0.1735079816122509
P_LP.1495	0.8049803431455995	-0.8049803431455991
P_LP.1496	-0.7951810796531408	0.7951810796531406
P_LP.1497	0.5662560078191667	-0.5662560078191669
P_LP.1498	1.4032614087520126	-1.4032614087520123
P_LP.15	0.4906062314948449	-0.49060623149484445
P_LP.150	-1.236288041205761	1.2362880412057606
P_LP.1500	0.02906944942348679	-0.029069449423487048
P_LP.1501	0.5060667189543286	-0.5060667189543283
P_LP.1502	-1.365604841157876	1.3656048411578756
P_LP.1503	0.02191223092446505	-0.021912230924465044
P_LP.1504	-1.5377312818729167	1.5377312818729163
P_LP.1505	-0.815393143089259	0.8153931430892588
P_LP.1506	-0.5819400942523731	0.581940094252373
P_LP.1507	0.33110008729010637	-0.33110008729010654
P_LP.1508	0.5992798737703955	-0.5992798737703954
P_LP.1509	0.15581012320468676	-0.15581012320468646
P_LP.151	-0.05709750929729056	0.05709750929729028
P_LP.1510	-0.8705607921085866	0.8705607921085864
P_LP.1511	-0.0852422925402049	0.08524229254020489
P_LP.1512	0.01596906271373687	-0.015969062713737135
P_LP.1513	0.6757718817810905	-0.6757718817810906
P_LP.1514	1.0722227698337812	-1.072222769833781
P_LP.1515	0.6960287958045664	-0.6960287958045664
P_LP.1516	-1.5877808352601914	1.587780835260191
P_LP.1517	-2.1957766132427095	2.1957766132427086
P_LP.1518	0.557848716850088	-0.5578487168500876
P_LP.1519	0.42488591832887745	-0.4248859183288776
P_LP.152	1.2587439199545714	-1.2587439199545711
P_LP.1520	1.0003619443678342	-1.0003619443678338
P_LP.1521	1.0467676941683455	-1.046767694168345
P_LP.1522	-0.3559564038982327	0.3559564038982326
P_LP.1523	1.2739387137932072	-1.2739387137932072
P_LP.1524	-0.9212975328670909	0.9212975328670907
P_LP.1525	-0.4148648892479917	0.4148648892479918
P_LP.1526	-0.013577129103230013	0.01357712910323001
P_LP.1527	0.8839827489933193	-0.8839827489933191
P_LP.1528	1.4436944465935744	-1.4436944465935742
P_LP.1529	0.905120261898551	-0.905120261898551
P_LP.153	0.137360015885299	-0.13736001588529897
P_LP.1530	1.0578272418621273	-1.057827241862127
P_LP.1531	-0.8032510775650425	0.8032510775650423
P_LP.1532	0.4061954725213343	-0.4061954725213342
P_LP.1533	0.2735680252069826	-0.27356802520698276
P_LP.1534	0.4718938750271933	-0.47189387502719293
P_LP.1535	-0.6787013295050365	0.6787013295050363
P_LP.1536	1.4096486742660486	-1.4096486742660483
P_LP.1537	-0.6666147412062726	0.6666147412062725
P_LP.1538	-0.5710670433832489	0.5710670433832487
P_LP.1539	1.2670161469252808	-1.2670161469252805
P_LP.154	-1.898087587963085	1.8980875879630845
P_LP.1540	-0.29092804933058064	0.29092804933058053
P_LP.1541	0.4278508382174988	-0.4278508382174987
P_LP.1542	0.9477092626980137	-0.9477092626980135
P_LP.1543	0.38095149427853187	-0.38095149427853203
P_LP.1544	-1.0535188904041115	1.0535188904041113
P_LP.1545	-1.3584713837810847	1.3584713837810842
P_LP.1546	0.4154484363092877	-0.41544843630928757
P_LP.1547	0.26787464067974714	-0.2678746406797468
P_LP.1548	1.1310594548948234	-1.131059454894823
P_LP.1549	1.475280669988714	-1.4752806699887135
P_LP.155	0.18255250224815617	-0.1825525022481564
P_LP.1550	-2.4960605161757834	2.4960605161757825
P_LP.1551	0.7361107268038982	-0.7361107268038981
P_LP.1552	-0.21925647516376418	0.21925647516376437
P_LP.1553	1.182700842167479	-1.1827008421674787
P_LP.1554	0.17155858243087882	-0.1715585824308788
P_LP.1555	0.9604515104069863	-0.9604515104069862
P_LP.1556	-0.1762551890974748	0.1762551890974745
P_LP.1557	0.3807720670741919	-0.3807720670741921
P_LP.1558	0.5093291271725011	-0.5093291271725009
P_LP.1559	-0.17129220275309243	0.17129220275309265
P_LP.156	-0.09159904782550224	0.09159904782550223
P_LP.1560	-0.9004076752108949	0.9004076752108947
P_LP.1561	-0.1580336278372651	0.15803362783726504
P_LP.1562	0.1663984613516353	-0.16639846135163552
P_LP.1563	1.0728029649320008	-1.0728029649320008
P_LP.1564	-1.7683381666992979	1.7683381666992974
P_LP.1565	-0.5985912258933074	0.5985912258933072
P_LP.1566	0.5222995700687526	-0.5222995700687523
P_LP.1567	-0.2573150091267911	0.25731500912679106
P_LP.1568	0.26941690248410305	-0.269416902484103
P_LP.1569	0.21058373448922582	-0.21058373448922577
P_LP.157	-1.3135904588752225	1.3135904588752223
P_LP.1570	0.061606394690671896	-0.06160639469067188
P_LP.1571	0.040399568161516936	-0.04039956816151692
P_LP.1573	1.2433716474541339	-1.2433716474541334
P_LP.1574	0.5290261608035726	-0.5290261608035725
P_LP.1575	0.9134419545892074	-0.9134419545892073
P_LP.1576	0.9844695744719354	-0.9844695744719351
P_LP.1577	-1.7127502823759646	1.7127502823759642
P_LP.1578	0.5241821901480309	-0.5241821901480306
P_LP.1579	-0.8665954242541951	0.8665954242541949
P_LP.158	1.3172806028424222	-1.3172806028424215
P_LP.1580	0.06613115340241119	-0.06613115340241117
P_LP.1581	0.952280175429359	-0.9522801754293586
P_LP.1582	-1.153000151815134	1.1530001518151338
P_LP.1583	0.7694343120671013	-0.7694343120671012
P_LP.1584	0.9247692347882364	-0.9247692347882361
P_LP.1585	0.21122304187838944	-0.2112230418783894
P_LP.1586	-0.3976913825256534	0.3976913825256533
P_LP.1588	-1.0285351230092605	1.0285351230092603
P_LP.1589	-1.6416271677385028	1.6416271677385024
P_LP.159	1.1930991744560784	-1.1930991744560782
P_LP.1590	1.0661013369978534	-1.066101336997853
P_LP.1591	-1.6264188843031038	1.6264188843031033
P_LP.1592	1.0208948785522585	-1.0208948785522582
P_LP.1593	-0.9093758889446735	0.9093758889446732
P_LP.1594	-1.2067171731634918	1.2067171731634916
P_LP.1595	-0.5113978453257287	0.5113978453257289
P_LP.1596	-0.011114698440643604	0.011114698440643335
P_LP.1597	1.155284552985442	-1.1552845529854419
P_LP.1598	0.17778124930995579	-0.17778124930995573
P_LP.1599	0.90658867139151	-0.9065886713915098
P_LP.160	-1.7442939830324087	1.7442939830324082
P_LP.1600	0.38537919889182376	-0.38537919889182337
P_LP.1601	-1.6870321713659224	1.687032171365922
P_LP.1602	0.17093238173309003	-0.17093238173308972
P_LP.1603	0.889157543197472	-0.8891575431974716
P_LP.1604	0.5447915102931472	-0.5447915102931471
P_LP.1605	-1.0198370928496159	1.0198370928496154
P_LP.1606	1.496768929218042	-1.4967689292180415
P_LP.1607	0.4879549094386905	-0.4879549094386907
P_LP.1608	0.5988265298214438	-0.5988265298214437
P_LP.161	-0.3969110749875775	0.3969110749875774
P_LP.1610	1.2999994087931475	-1.2999994087931468
P_LP.1611	1.203372594993769	-1.2033725949937686
P_LP.1612	-0.9196515456320288	0.9196515456320286
P_LP.1613	1.2768540778044808	-1.2768540778044808
P_LP.1614	0.02472443069164286	-0.024724430691642853
P_LP.1615	1.0358581130581177	-1.0358581130581175
P_LP.1616	-1.3718724298659521	1.3718724298659517
P_LP.1617	0.8013911451885081	-0.8013911451885077
P_LP.1619	1.3744469589085677	-1.374446958908567
P_LP.162	0.775151793966676	-0.775151793966676
P_LP.1620	0.7139471551741533	-0.713947155174153
P_LP.1621	1.3691423486917915	-1.3691423486917909
P_LP.1622	-0.41579895609301093	0.4157989560930108
P_LP.1623	0.08604718878717535	-0.08604718878717532
P_LP.1624	-1.0006208223457496	1.0006208223457493
P_LP.1625	-2.1305422019235056	2.1305422019235047
P_LP.1626	-0.1794074829385551	0.1794074829385548
P_LP.1627	-0.4958326524361346	0.4958326524361347
P_LP.1628	0.4329922580381	-0.4329922580380999
P_LP.1629	1.6120010103873967	-1.6120010103873967
P_LP.163	1.0171669171026538	-1.0171669171026536
P_LP.1630	0.7936170597171017	-0.7936170597171017
P_LP.1631	1.3381776468706454	-1.338177646870645
P_LP.1632	-2.485027776528478	2.4850277765284776
P_LP.1633	0.24373688461365567	-0.2437368846136556
P_LP.1634	0.5789686212903468	-0.5789686212903469
P_LP.1635	-1.7143556378549114	1.714355637854911
P_LP.1636	1.1974795361694508	-1.1974795361694506
P_LP.1637	-1.4205931435914951	1.4205931435914947
P_LP.1638	0.7067636495793349	-0.7067636495793348
P_LP.1639	1.0639883881375798	-1.0639883881375798
P_LP.164	0.5629983444543993	-0.5629983444543991
P_LP.1640	0.6743360338648202	-0.6743360338648201
P_LP.1641	1.1995702159666595	-1.199570215966659
P_LP.1642	1.5293052117797896	-1.5293052117797892
P_LP.1643	1.7784315097947785	-1.778431509794778
P_LP.1645	-0.0011648191768009377	0.0011648191768006716
P_LP.1646	0.7657517932226843	-0.765751793222684
P_LP.1647	-0.27285305107337804	0.27285305107337826
P_LP.1649	0.9026603052674419	-0.9026603052674416
P_LP.165	0.7498050298049217	-0.7498050298049216
P_LP.1650	1.428999117086118	-1.4289991170861178
P_LP.1651	-0.7978167016303539	0.7978167016303537
P_LP.1652	0.8377516261349094	-0.837751626134909
P_LP.1653	0.2514333299003666	-0.25143332990036654
P_LP.1654	0.5013819498544022	-0.5013819498544021
P_LP.1655	-0.4883364063971068	0.4883364063971067
P_LP.1656	-1.0228805557119771	1.022880555711977
P_LP.1657	0.1499858675821683	-0.14998586758216825
P_LP.1658	-1.2191676199517287	1.2191676199517285
P_LP.1659	1.1739372294190813	-1.1739372294190809
P_LP.166	-1.5978346579038214	1.597834657903821
P_LP.1660	1.389458941285235	-1.3894589412852345
P_LP.1661	1.736496464201818	-1.7364964642018175
P_LP.1662	1.7174136319732838	-1.7174136319732831
P_LP.1663	-0.9107871024860682	0.9107871024860679
P_LP.1664	1.3408409062708726	-1.3408409062708722
P_LP.1665	-1.1738893203665446	1.1738893203665441
P_LP.1666	-0.7930633742778121	0.7930633742778119
P_LP.1667	0.8313839351095168	-0.8313839351095166
P_LP.1668	0.9487402972737599	-0.9487402972737597
P_LP.1669	-0.5649042669040252	0.5649042669040251
P_LP.167	0.6932106097893994	-0.693210609789399
P_LP.1670	1.1343700668425956	-1.1343700668425953
P_LP.1671	-0.21359069777609138	0.21359069777609133
P_LP.1672	1.3271098461049737	-1.3271098461049735
P_LP.1673	-0.8654556950355139	0.8654556950355137
P_LP.1674	0.9768988136823339	-0.9768988136823338
P_LP.1675	0.6422668090342974	-0.6422668090342972
P_LP.1676	0.7101131480509459	-0.7101131480509455
P_LP.1677	-0.1468115036235132	0.14681150362351314
P_LP.1679	0.8445103034093063	-0.8445103034093062
P_LP.168	0.9389270891404702	-0.9389270891404701
P_LP.1680	0.35741663232455295	-0.35741663232455284
P_LP.1681	0.4754166246352644	-0.4754166246352643
P_LP.1682	0.6178956187778393	-0.6178956187778394
P_LP.1683	-1.5787582620634268	1.5787582620634264
P_LP.1684	1.0141022894369525	-1.0141022894369522
P_LP.1685	1.6437060710472144	-1.6437060710472138
P_LP.1686	0.28669501930459396	-0.2866950193045939
P_LP.1687	1.0488703203595575	-1.048870320359557
P_LP.1688	1.0267025327355557	-1.026702532735555
P_LP.1689	-0.9100472852676553	0.910047285267655
P_LP.169	0.7037999608466708	-0.7037999608466707
P_LP.1690	-0.4128418854294351	0.412841885429435
P_LP.1691	0.6511397166215434	-0.6511397166215429
P_LP.1692	1.695468730135905	-1.6954687301359044
P_LP.1693	0.7369608797957636	-0.7369608797957632
P_LP.1694	0.7114986738814985	-0.711498673881498
P_LP.1695	0.9396435482674413	-0.9396435482674412
P_LP.1696	0.5915527296476826	-0.5915527296476825
P_LP.1697	-2.306760962311243	2.306760962311242
P_LP.1698	1.2580951697710305	-1.2580951697710303
P_LP.1699	1.6106973783184266	-1.6106973783184262
P_LP.17	1.4249402217484965	-1.424940221748496
P_LP.170	1.0802096551675382	-1.080209655167538
P_LP.1700	1.4359452917002475	-1.4359452917002473
P_LP.1701	-0.870556093872819	0.8705560938728187
P_LP.1702	0.73189541029277	-0.7318954102927698
P_LP.1703	1.3781169149749846	-1.3781169149749841
P_LP.1704	-0.6209631040334943	0.6209631040334941
P_LP.1705	0.20116664322815767	-0.2011666432281576
P_LP.1706	0.03392896884224297	-0.03392896884224322
P_LP.1707	-0.6934165427265518	0.6934165427265517
P_LP.1708	-0.5481366606658227	0.5481366606658225
P_LP.1709	0.7015420203620975	-0.7015420203620975
P_LP.171	0.36075232137201146	-0.36075232137201163
P_LP.1710	-1.4868882536538823	1.4868882536538819
P_LP.1711	-1.9084951070833096	1.9084951070833092
P_LP.1712	1.494713863262021	-1.494713863262021
P_LP.1713	0.7009083319278148	-0.7009083319278145
P_LP.1714	0.5190929274029694	-0.519092927402969
P_LP.1715	0.7268924764506792	-0.726892476450679
P_LP.1716	-0.40563945868573154	0.40563945868573115
P_LP.1717	-1.7704875948006344	1.770487594800634
P_LP.1718	-0.15965320188778015	0.15965320188777984
P_LP.1719	-0.15759257848037062	0.15759257848037056
P_LP.172	-1.2878759625967957	1.2878759625967953
P_LP.1720	-0.700733868449079	0.7007338684490788
P_LP.1721	-0.2007733678378352	0.20077336783783514
P_LP.1722	0.7745867320894676	-0.7745867320894672
P_LP.1724	0.782046642572815	-0.782046642572815
P_LP.1725	-0.6243958432850953	0.6243958432850951
P_LP.1726	0.3740283165003689	-0.3740283165003688
P_LP.1727	0.34751469053855405	-0.3475146905385542
P_LP.1728	0.6117782411245353	-0.6117782411245354
P_LP.1729	0.4864307567198249	-0.4864307567198247
P_LP.173	-1.6212884253736488	1.6212884253736484
P_LP.1730	1.2767851174832185	-1.276785117483218
P_LP.1731	-1.3412911176306086	1.3412911176306084
P_LP.1732	0.4701088103013976	-0.47010881030139723
P_LP.1733	-0.6086137483472983	0.6086137483472982
P_LP.1734	0.3130811914601754	-0.31308119146017505
P_LP.1735	0.7906905770689093	-0.790690577068909
P_LP.1736	0.043150390959301135	-0.043150390959301385
P_LP.1737	1.6218770174097719	-1.6218770174097716
P_LP.1738	0.21204959802490772	-0.21204959802490767
P_LP.1739	1.08195845585423	-1.0819584558542295
P_LP.174	0.19608857579667804	-0.196088575796678
P_LP.1741	-1.2853986388540877	1.2853986388540872
P_LP.1742	-2.2630124952144364	2.263012495214436
P_LP.1743	0.6590373174164302	-0.6590373174164303
P_LP.1744	-0.3045937473474303	0.30459374734743017
P_LP.1746	-1.635385960816387	1.6353859608163865
P_LP.1747	-2.0397961525961668	2.0397961525961663
P_LP.1748	0.2374943988907355	-0.23749439889073518
P_LP.175	-0.3127641204250352	0.3127641204250354
P_LP.1750	0.9463520645219254	-0.9463520645219252
P_LP.1751	-1.625612753037331	1.6256127530373305
P_LP.1752	-1.099699675332125	1.0996996753321249
P_LP.1753	-2.2286946391530202	2.22869463915302
P_LP.1754	0.7878102894434654	-0.7878102894434651
P_LP.1755	0.3724384504535148	-0.372438450453515
P_LP.1756	-0.5876563148336001	0.5876563148336
P_LP.1757	0.1403306072924896	-0.14033060729248933
P_LP.1758	-1.7642914433893317	1.7642914433893313
P_LP.1759	-0.29869104723591294	0.2986910472359129
P_LP.176	-0.15411785887378315	0.15411785887378313
P_LP.1760	0.7246324077032316	-0.7246324077032312
P_LP.1761	0.23012925010658908	-0.23012925010658902
P_LP.1762	1.453163746496695	-1.4531637464966947
P_LP.1763	-0.3006290955851649	0.3006290955851648
P_LP.1764	0.8625365442656735	-0.8625365442656734
P_LP.1765	1.375085447488603	-1.3750854474886025
P_LP.1766	1.5154098799840174	-1.515409879984017
P_LP.1767	0.17122728240767351	-0.17122728240767374
P_LP.1768	-0.23328593642959763	0.23328593642959783
P_LP.1769	-0.4429542392234345	0.44295423922343413
P_LP.177	0.6517093572439987	-0.6517093572439983
P_LP.1770	1.1044861806211819	-1.1044861806211814
P_LP.1771	0.297017880618732	-0.29701788061873197
P_LP.1772	0.10892215874862723	-0.10892215874862694
P_LP.1773	-0.8728436464697442	0.8728436464697439
P_LP.1774	-0.31904966130465684	0.31904966130465673
P_LP.1775	0.9635968589511303	-0.9635968589511299
P_LP.1776	-0.9051083886458104	0.9051083886458102
P_LP.1777	-0.6345522422206423	0.6345522422206422
P_LP.1778	1.2089061679602633	-1.2089061679602633
P_LP.1779	-1.4815169086439774	1.4815169086439772
P_LP.178	-1.458203924013682	1.4582039240136815
P_LP.1780	-0.9106359727506915	0.9106359727506912
P_LP.1781	1.2169470853989393	-1.2169470853989388
P_LP.1783	-0.4684341397936209	0.4684341397936208
P_LP.1784	0.16734463313621825	-0.1673446331362182
P_LP.1785	1.4742228740564587	-1.4742228740564582
P_LP.1786	1.0352291483647091	-1.0352291483647087
P_LP.1788	0.39865708339093975	-0.39865708339093936
P_LP.1789	1.165552105407044	-1.1655521054070437
P_LP.179	-0.3757915495041777	0.3757915495041773
P_LP.1790	0.13533018658045565	-0.13533018658045587
P_LP.1791	-0.0052613339296720945	0.005261333929672358
P_LP.1792	0.2287550337110024	-0.22875503371100206
P_LP.1793	0.12049688675819278	-0.12049688675819276
P_LP.1794	0.2989588754681643	-0.2989588754681642
P_LP.1795	0.6213447273597641	-0.6213447273597639
P_LP.1796	0.8888231917906815	-0.8888231917906814
P_LP.1797	-0.44596024356305014	0.44596024356305003
P_LP.1798	-1.8678639874280016	1.8678639874280012
P_LP.1799	-0.22162817677516536	0.2216281767751653
P_LP.18	-0.5730624004270808	0.5730624004270807
P_LP.180	-0.2517637458060487	0.2517637458060486
P_LP.1800	-1.4682162471979028	1.4682162471979023
P_LP.1801	-0.1446703916155779	0.14467039161557813
P_LP.1802	-0.4177595033701413	0.4177595033701409
P_LP.1803	-1.1503712321641357	1.1503712321641355
P_LP.1804	0.8119940380239653	-0.8119940380239652
P_LP.1805	-0.6518030095623948	0.6518030095623946
P_LP.1806	0.5703074215907806	-0.5703074215907802
P_LP.1807	-0.11693707852118705	0.11693707852118675
P_LP.1808	1.4797642515038725	-1.4797642515038718
P_LP.1809	0.6262851036916732	-0.626285103691673
P_LP.181	1.0740031573165445	-1.074003157316544
P_LP.1810	-1.1177759737562791	1.117775973756279
P_LP.1811	1.5856939135594577	-1.5856939135594572
P_LP.1812	-0.7426377644012362	0.7426377644012361
P_LP.1813	0.20412129375269808	-0.20412129375269802
P_LP.1814	-0.5306479049242265	0.5306479049242264
P_LP.1815	-1.0153284086998842	1.015328408699884
P_LP.1816	0.2524068670862515	-0.25240686708625115
P_LP.1817	1.2520144631036705	-1.2520144631036698
P_LP.1818	-0.41756714440937576	0.4175671444093759
P_LP.1819	-0.43033115639206826	0.43033115639206787
P_LP.182	0.5847405515892201	-0.58474055158922
P_LP.1820	-0.5385229276548978	0.5385229276548977
P_LP.1821	-1.8103515664773846	1.810351566477384
P_LP.1822	1.0658914667610913	-1.065891466761091
P_LP.1823	-1.4718515916444297	1.4718515916444295
P_LP.1824	-1.2472911025749283	1.247291102574928
P_LP.1825	1.3467919260347905	-1.3467919260347903
P_LP.1826	1.156785539400545	-1.1567855394005446
P_LP.1827	0.7359744457449736	-0.7359744457449733
P_LP.1828	1.3107380822385128	-1.3107380822385124
P_LP.183	-1.1402093680635819	1.1402093680635814
P_LP.1830	-0.6107824533833147	0.6107824533833145
P_LP.1831	1.2944128740474605	-1.2944128740474603
P_LP.1832	-1.758901337405747	1.7589013374057465
P_LP.1833	0.5128547485181033	-0.5128547485181029
P_LP.1834	-2.106846145833327	2.1068461458333263
P_LP.1835	1.4989627655369517	-1.4989627655369513
P_LP.1836	1.5434016677038138	-1.5434016677038136
P_LP.1837	1.525058744584606	-1.5250587445846053
P_LP.1838	1.2727233967145086	-1.2727233967145082
P_LP.1839	-0.02278703356788702	0.022787033567887017
P_LP.184	1.0472621418677919	-1.0472621418677917
P_LP.1840	-1.6254768333304028	1.6254768333304024
P_LP.1841	0.5714119905710654	-0.5714119905710652
P_LP.1842	-1.2047244101459222	1.2047244101459218
P_LP.1843	-0.43293244281645515	0.43293244281645504
P_LP.1844	1.5154930266962874	-1.515493026696287
P_LP.1845	1.246407301889217	-1.2464073018892168
P_LP.1846	-1.0678924601124655	1.0678924601124653
P_LP.1847	0.8225102151923949	-0.8225102151923948
P_LP.1848	-0.9594143754745267	0.9594143754745263
P_LP.1849	-0.8913541801238241	0.8913541801238238
P_LP.185	1.025562861211952	-1.025562861211952
P_LP.1850	1.7064741664460417	-1.7064741664460412
P_LP.1851	0.3214177786840248	-0.3214177786840245
P_LP.1853	1.0894561902487352	-1.0894561902487347
P_LP.1854	0.7291887355424178	-0.7291887355424179
P_LP.1855	0.9970917613234052	-0.9970917613234047
P_LP.1856	0.4475489601038352	-0.4475489601038354
P_LP.1857	-2.414356274344016	2.4143562743440157
P_LP.1858	0.4810372308568634	-0.48103723085686323
P_LP.1859	0.864535807220423	-0.8645358072204226
P_LP.186	-1.3471087294798645	1.3471087294798643
P_LP.1860	0.6605064234467056	-0.6605064234467055
P_LP.1861	0.06503513956004196	-0.06503513956004194
P_LP.1862	0.07292299176433145	-0.0729229917643317
P_LP.1863	0.8127519308555291	-0.8127519308555288
P_LP.1864	-1.7657307833983185	1.7657307833983178
P_LP.1865	0.07122747869135268	-0.07122747869135265
P_LP.1866	-0.2866943822620019	0.28669438226200183
P_LP.1867	0.46766697870167	-0.4676669787016699
P_LP.1868	0.1473313861091478	-0.14733138610914776
P_LP.1869	-1.9931854366648243	1.9931854366648236
P_LP.187	0.09724550377113446	-0.09724550377113471
P_LP.1870	-0.6067810651546494	0.6067810651546491
P_LP.1871	-1.004154358575829	1.0041543585758288
P_LP.1872	0.0337077601246613	-0.03370776012466102
P_LP.1873	1.2875055609072499	-1.2875055609072494
P_LP.1874	1.5906733854960367	-1.5906733854960364
P_LP.1875	0.3387456093767831	-0.338745609376783
P_LP.1876	-0.510720115653659	0.5107201156536587
P_LP.1877	0.37530012057222295	-0.3753001205722226
P_LP.1878	1.3531040992972034	-1.353104099297203
P_LP.1879	0.36141284683752917	-0.36141284683752906
P_LP.188	-1.1665413850856599	1.1665413850856596
P_LP.1880	1.426525809916599	-1.4265258099165983
P_LP.1881	1.419118253617386	-1.4191182536173856
P_LP.1882	1.3388381176008555	-1.3388381176008548
P_LP.1883	-1.2092085538455768	1.2092085538455766
P_LP.1884	-0.6575347843741652	0.6575347843741651
P_LP.1885	-0.6701834478879162	0.6701834478879161
P_LP.1886	0.5241706503343165	-0.5241706503343161
P_LP.1887	1.1993794235245503	-1.19937942352455
P_LP.1888	-1.6388924690469224	1.638892469046922
P_LP.1889	0.027331659392535124	-0.027331659392535117
P_LP.189	-0.28997663133816337	0.2899766313381633
P_LP.1890	-0.3990065561590826	0.3990065561590822
P_LP.1891	-0.9634483858597714	0.9634483858597712
P_LP.1892	-1.416306371427998	1.4163063714279975
P_LP.1893	-0.05613847855899157	0.05613847855899155
P_LP.1894	0.8784242835974403	-0.8784242835974402
P_LP.1895	-0.06597130454975003	0.06597130454974975
P_LP.1896	-0.8412886996846622	0.841288699684662
P_LP.1897	0.6153149210444336	-0.6153149210444335
P_LP.1898	-1.4120865417655777	1.4120865417655775
P_LP.1899	-0.13738820755085437	0.13738820755085432
P_LP.19	-0.29041217152219334	0.29041217152219323
P_LP.190	1.224406156267696	-1.2244061562676956
P_LP.1900	1.3406878216114915	-1.3406878216114912
P_LP.1901	0.776840580814026	-0.7768405808140256
P_LP.1902	0.4729043980441916	-0.47290439804419176
P_LP.1903	0.33472730800332856	-0.3347273080033287
P_LP.1904	-0.36897265522676964	0.36897265522676925
P_LP.1905	0.3490430028167248	-0.3490430028167244
P_LP.1906	0.04059789074898213	-0.04059789074898185
P_LP.1907	-0.25868222358302534	0.258682223583025
P_LP.1908	-1.624088661364995	1.6240886613649945
P_LP.1909	-0.9468525636976989	0.9468525636976987
P_LP.191	0.029255497837532403	-0.029255497837532132
P_LP.1910	-0.6126103572195412	0.612610357219541
P_LP.1911	1.4482028821712136	-1.4482028821712132
P_LP.1912	0.6279782410611544	-0.627978241061154
P_LP.1913	0.5577975136738865	-0.5577975136738866
P_LP.1914	0.018460850925285013	-0.018460850925284742
P_LP.1915	-1.049379996425976	1.0493799964259758
P_LP.1916	-0.08871475616280375	0.08871475616280373
P_LP.1917	0.23930596700466028	-0.2393059670046602
P_LP.1918	0.6422758654536762	-0.6422758654536763
P_LP.1919	1.2580855132260165	-1.258085513226016
P_LP.192	0.6845952099876426	-0.6845952099876426
P_LP.1920	-0.05431606132901923	0.054316061329019484
P_LP.1921	0.5376341203151508	-0.5376341203151505
P_LP.1922	0.5655589107448394	-0.5655589107448395
P_LP.1923	1.0414302578361605	-1.0414302578361603
P_LP.1924	-0.8388317561205773	0.838831756120577
P_LP.1925	0.7143128109200632	-0.7143128109200629
P_LP.1926	-0.1493801002650416	0.1493801002650418
P_LP.1927	1.385539642062573	-1.3855396420625723
P_LP.1928	-1.7644183729647074	1.7644183729647067
P_LP.1929	1.171901818621844	-1.1719018186218437
P_LP.193	0.9326768108281911	-0.932676810828191
P_LP.1930	1.5241880505995438	-1.5241880505995433
P_LP.1931	0.7107109127319777	-0.7107109127319772
P_LP.1932	0.5878069328639122	-0.587806932863912
P_LP.1933	0.880730364030653	-0.8807303640306525
P_LP.1934	-1.547761322111327	1.5477613221113267
P_LP.1935	0.9548032274141506	-0.9548032274141502
P_LP.1936	0.3293903168865758	-0.32939031688657594
P_LP.1937	0.8497240358285016	-0.8497240358285018
P_LP.1939	1.2829944951457872	-1.2829944951457868
P_LP.194	0.0760486745750821	-0.07604867457508209
P_LP.1940	0.8622303186090433	-0.8622303186090431
P_LP.1941	0.9467745159389072	-0.9467745159389072
P_LP.1942	-0.3978819318807659	0.39788193188076604
P_LP.1944	1.499750534247526	-1.4997505342475252
P_LP.1945	-1.2732885435339687	1.2732885435339683
P_LP.1946	0.17344714770322478	-0.17344714770322445
P_LP.1947	1.1430197643126367	-1.1430197643126367
P_LP.1948	1.3018304021503202	-1.30183040215032
P_LP.1949	0.6565000505187736	-0.6565000505187734
P_LP.195	0.39930805837382444	-0.3993080583738243
P_LP.1950	1.0366676678888933	-1.0366676678888929
P_LP.1951	0.4241593527935309	-0.42415935279353073
P_LP.1952	1.18212728074539	-1.1821272807453895
P_LP.1953	-0.8924134149420211	0.8924134149420209
P_LP.1954	-0.05347169125637524	0.05347169125637549
P_LP.1955	0.2886246231873585	-0.28862462318735843
P_LP.1956	1.1523965504935962	-1.152396550493596
P_LP.1957	-0.4221741246603712	0.4221741246603711
P_LP.1958	-1.2639239527788289	1.2639239527788286
P_LP.1959	0.1209696039108692	-0.1209696039108689
P_LP.196	0.7521274015304439	-0.7521274015304437
P_LP.1960	0.6389289195388506	-0.6389289195388507
P_LP.1961	-0.48540159387271503	0.4854015938727149
P_LP.1962	-0.6273168022498868	0.6273168022498867
P_LP.1963	-0.31043774564769644	0.3104377456476961
P_LP.1964	0.09355566852964112	-0.0935556685296411
P_LP.1965	-1.7216525547463153	1.7216525547463148
P_LP.1966	-0.6195884928793755	0.6195884928793753
P_LP.1967	-0.714059554068531	0.7140595540685308
P_LP.1968	-0.3294072628326767	0.3294072628326769
P_LP.1969	0.33770957555538034	-0.3377095755553803
P_LP.197	-0.2481285121175728	0.24812851211757272
P_LP.1970	0.9452405480660607	-0.9452405480660606
P_LP.1971	0.9184087160795243	-0.9184087160795239
P_LP.1972	1.1167113736973042	-1.116711373697304
P_LP.1973	-0.3474115122511884	0.34741151225118855
P_LP.1974	1.5892209501446306	-1.5892209501446302
P_LP.1975	-1.8710421912837858	1.8710421912837851
P_LP.1976	0.24743773433275687	-0.24743773433275654
P_LP.1977	0.26871903409392905	-0.268719034093929
P_LP.1978	0.7968661334912506	-0.7968661334912502
P_LP.1979	-0.7971083939762559	0.7971083939762557
P_LP.198	1.7678182337819917	-1.7678182337819912
P_LP.1980	-1.076569445902189	1.0765694459021888
P_LP.1981	0.553008994035434	-0.5530089940354336
P_LP.1982	0.5331232473758917	-0.5331232473758918
P_LP.1983	-1.074284819974622	1.0742848199746218
P_LP.1984	-1.2908994424961324	1.290899442496132
P_LP.1985	0.598715552119579	-0.5987155521195787
P_LP.1987	1.1606020949339237	-1.1606020949339233
P_LP.1988	1.2293229376934691	-1.2293229376934685
P_LP.199	-2.109374089769322	2.1093740897693216
P_LP.1990	0.5384196578012199	-0.53841965780122
P_LP.1991	-0.5193492244930166	0.5193492244930165
P_LP.1992	-2.0913021130528215	2.091302113052821
P_LP.1993	-1.3217383515397527	1.3217383515397523
P_LP.1994	-1.0841706669756244	1.0841706669756241
P_LP.1995	-0.9077485872869789	0.9077485872869787
P_LP.1996	0.6152271593651224	-0.6152271593651222
P_LP.1997	-0.26628771851498056	0.2662877185149805
P_LP.1998	1.2520887448258522	-1.2520887448258515
P_LP.2	0.10574402427874616	-0.10574402427874612
P_LP.20	0.7957324025810106	-0.7957324025810104
P_LP.200	-1.1499675041780286	1.1499675041780284
P_LP.2000	-1.3062843828776927	1.3062843828776922
P_LP.2001	1.487514141951911	-1.4875141419519107
P_LP.2002	1.3508935839431726	-1.3508935839431724
P_LP.2003	-0.9179668791434689	0.9179668791434686
P_LP.2004	-0.7479038442861776	0.7479038442861774
P_LP.2005	-1.8556572623922876	1.8556572623922871
P_LP.2006	0.2537887700187202	-0.2537887700187204
P_LP.2007	0.2796269442627072	-0.2796269442627071
P_LP.2008	0.3138820747380057	-0.3138820747380054
P_LP.2009	-2.0101269084247355	2.010126908424735
P_LP.201	0.26066476423709967	-0.26066476423709933
P_LP.2010	-1.2183886599913758	1.2183886599913756
P_LP.2011	1.1049746203581579	-1.1049746203581574
P_LP.2012	-1.1883014351204295	1.188301435120429
P_LP.2013	-0.12314596371548482	0.12314596371548506
P_LP.2014	0.7840059359535225	-0.7840059359535221
P_LP.2015	0.16727020890352698	-0.16727020890352667
P_LP.2016	-0.26265208736163015	0.2626520873616298
P_LP.2017	-0.6156027403109106	0.6156027403109103
P_LP.2018	-2.240539144630692	2.240539144630691
P_LP.2019	-0.44818974762073777	0.4481897476207374
P_LP.202	-0.8508458335714592	0.8508458335714589
P_LP.2020	-0.6658021043184069	0.6658021043184067
P_LP.2021	0.20959114357279607	-0.209591143572796
P_LP.2022	-0.5153521037278007	0.5153521037278003
P_LP.2023	0.9816183256747173	-0.9816183256747171
P_LP.2024	0.9726052114249375	-0.9726052114249374
P_LP.2025	-0.040274324723863976	0.04027432472386396
P_LP.2026	0.2592477459045068	-0.25924774590450644
P_LP.2027	-0.40779172206255837	0.40779172206255826
P_LP.2028	-1.4495121073436545	1.4495121073436543
P_LP.2029	-2.5415604520888113	2.5415604520888104
P_LP.203	1.303005760754944	-1.3030057607549435
P_LP.2030	0.40868602127777376	-0.4086860212777739
P_LP.2031	0.9828970809339798	-0.9828970809339798
P_LP.2032	0.5495430586097131	-0.549543058609713
P_LP.2033	0.8787723410352548	-0.8787723410352546
P_LP.2034	0.3566778566219909	-0.3566778566219906
P_LP.2035	-1.5868500250969297	1.5868500250969293
P_LP.2036	0.3152702668793532	-0.3152702668793534
P_LP.2037	1.3928838491211908	-1.3928838491211901
P_LP.2038	-1.6879310435703594	1.6879310435703587
P_LP.2039	-0.49175161329730954	0.49175161329730943
P_LP.204	0.4980986234367358	-0.4980986234367356
P_LP.2040	-0.6275778973539672	0.6275778973539671
P_LP.2041	-0.12396046409059946	0.12396046409059944
P_LP.2042	0.055419162995070256	-0.05541916299507024
P_LP.2043	0.4688141276395511	-0.46881412763955127
P_LP.2044	0.732723592054641	-0.7327235920546405
P_LP.2045	1.2195845649386927	-1.2195845649386923
P_LP.2046	0.35073343099350485	-0.35073343099350474
P_LP.2047	1.0347042450457486	-1.0347042450457484
P_LP.2048	0.7619621862538067	-0.7619621862538062
P_LP.2049	0.24523803650273085	-0.2452380365027308
P_LP.205	0.15460375197763945	-0.15460375197763915
P_LP.2050	0.09908284372475298	-0.09908284372475296
P_LP.2051	-0.9799881312996535	0.9799881312996532
P_LP.2052	0.06438333960826186	-0.0643833396082621
P_LP.2053	-1.135239551920397	1.1352395519203966
P_LP.2054	0.672741558943294	-0.6727415589432941
P_LP.2055	0.9293225134164831	-0.9293225134164831
P_LP.2056	-1.9455984415278267	1.945598441527826
P_LP.2057	0.6294054172144475	-0.6294054172144474
P_LP.2058	0.33199556359232774	-0.3319955635923276
P_LP.2059	0.2130194300858978	-0.21301943008589802
P_LP.206	-1.7557844840482562	1.7557844840482557
P_LP.2060	-0.14020772237082924	0.14020772237082946
P_LP.2061	1.277728430642977	-1.2777284306429768
P_LP.2063	0.17295090433020474	-0.17295090433020494
P_LP.2064	-0.5745255153881202	0.57452551538812
P_LP.2065	-1.4113737980155276	1.4113737980155272
P_LP.2066	-5.193624015389153e-05	5.19362401536259e-05
P_LP.2067	-0.8296850793535764	0.8296850793535762
P_LP.2068	0.7537361038841984	-0.753736103884198
P_LP.2069	-1.4920733995328719	1.4920733995328714
P_LP.207	0.30845639342216674	-0.30845639342216663
P_LP.2070	1.374189606566728	-1.3741896065667276
P_LP.2071	0.5863884816810494	-0.586388481681049
P_LP.2072	0.6145696973779664	-0.6145696973779663
P_LP.2073	0.47099462306290674	-0.4709946230629069
P_LP.2074	-1.7280970871528885	1.728097087152888
P_LP.2075	-0.48368648074030857	0.48368648074030873
P_LP.2076	0.8161703179544175	-0.8161703179544172
P_LP.2077	0.03794275944852412	-0.03794275944852411
P_LP.2078	1.4164958768983	-1.4164958768982998
P_LP.2079	-1.3397865670139149	1.3397865670139144
P_LP.208	-1.0250646972654438	1.0250646972654434
P_LP.2080	0.08421633300756312	-0.0842163330075631
P_LP.2081	1.2568197072750713	-1.2568197072750713
P_LP.2082	1.499152686726971	-1.499152686726971
P_LP.2084	-0.8338106811395661	0.8338106811395659
P_LP.2085	-1.446981877938723	1.4469818779387227
P_LP.2086	1.3106237409756887	-1.3106237409756887
P_LP.2087	1.0660755725803486	-1.0660755725803484
P_LP.2088	-0.33514797757550174	0.33514797757550163
P_LP.2089	-0.2754146589256393	0.27541465892563927
P_LP.209	1.1697550460616197	-1.1697550460616197
P_LP.2090	0.03622817472701837	-0.036228174727018364
P_LP.2091	0.6325874367928521	-0.6325874367928522
P_LP.2092	1.4766111500649826	-1.476611150064982
P_LP.2093	-0.9306479128135199	0.9306479128135197
P_LP.2094	0.40176382335685107	-0.40176382335685096
P_LP.2095	0.04799246363629136	-0.047992463636291345
P_LP.2096	0.4134794500851383	-0.4134794500851382
P_LP.2097	-1.9886910439039416	1.9886910439039411
P_LP.2098	1.1102080503815226	-1.1102080503815226
P_LP.2099	0.8070070644365466	-0.8070070644365461
P_LP.21	0.6245089331621725	-0.6245089331621726
P_LP.210	-2.56266275433828	2.562662754338279
P_LP.2100	-2.2394394263902213	2.239439426390221
P_LP.2101	-1.5547169851870934	1.554716985187093
P_LP.2102	-0.22171861336179602	0.2217186133617957
P_LP.2103	-0.44370510539393215	0.44370510539393204
P_LP.2104	0.5834458413894177	-0.5834458413894172
P_LP.2105	0.3500150964910912	-0.35001509649109114
P_LP.2106	-0.23018499433977463	0.23018499433977457
P_LP.2107	1.325911041942852	-1.325911041942852
P_LP.2108	0.37311007895357867	-0.37311007895357834
P_LP.2109	-0.4694042643908775	0.4694042643908776
P_LP.211	-1.260012444126425	1.2600124441264249
P_LP.2110	1.084269712857507	-1.0842697128575065
P_LP.2111	-1.0974990933524336	1.0974990933524331
P_LP.2112	-0.9751590435646355	0.9751590435646352
P_LP.2113	0.22009459275421484	-0.22009459275421478
P_LP.2114	1.0182426622872938	-1.0182426622872938
P_LP.2115	0.026750488281930964	-0.026750488281930957
P_LP.2116	-0.619230354716857	0.6192303547168568
P_LP.2117	0.12926970808128396	-0.12926970808128418
P_LP.2118	-0.36120747201234876	0.36120747201234843
P_LP.2119	1.447839265218836	-1.4478392652188357
P_LP.212	0.379791229800876	-0.37979122980087615
P_LP.2120	-2.294331183934805	2.294331183934804
P_LP.2121	0.2882414412996571	-0.2882414412996568
P_LP.2122	0.9766986928439679	-0.9766986928439676
P_LP.2123	0.4794262629514212	-0.4794262629514211
P_LP.2124	-1.0105291206927276	1.0105291206927274
P_LP.2125	-1.6705565824421582	1.6705565824421578
P_LP.2126	0.41773562416103616	-0.41773562416103605
P_LP.2127	-0.9164495696344898	0.9164495696344895
P_LP.2128	-1.0935562840226998	1.0935562840226996
P_LP.2129	0.8720175035707051	-0.8720175035707047
P_LP.213	0.07932135519256263	-0.07932135519256261
P_LP.2130	0.5296444041628297	-0.5296444041628295
P_LP.2131	-0.9368925544785741	0.9368925544785739
P_LP.2132	0.7891010671826098	-0.7891010671826095
P_LP.2133	-1.269384389299175	1.2693843892991747
P_LP.2134	0.14942888348420238	-0.14942888348420236
P_LP.2135	-0.4413449130841236	0.4413449130841235
P_LP.2136	0.9734066373078851	-0.9734066373078847
P_LP.2137	-1.506463116922214	1.5064631169222138
P_LP.2138	0.014081172099686585	-0.014081172099686316
P_LP.2139	0.6486645587961462	-0.6486645587961459
P_LP.214	-0.8468057705635665	0.8468057705635663
P_LP.2140	-1.6489782942190063	1.6489782942190059
P_LP.2141	0.6765615245621717	-0.6765615245621714
P_LP.2142	-1.1442157501580041	1.1442157501580037
P_LP.2143	-0.9294621172235292	0.929462117223529
P_LP.2144	0.12495394100523458	-0.12495394100523427
P_LP.2145	0.0382720734623873	-0.038272073462387556
P_LP.2146	1.0509076312683854	-1.0509076312683852
P_LP.2147	0.9186517300713064	-0.9186517300713058
P_LP.2148	-1.5809852518043064	1.580985251804306
P_LP.2149	-0.7342413660513155	0.7342413660513154
P_LP.215	-0.7838366639582217	0.7838366639582215
P_LP.2150	-0.7238894435898358	0.7238894435898356
P_LP.2151	-0.11864788158048314	0.11864788158048312
P_LP.2152	-0.48525734608823967	0.4852573460882393
P_LP.2153	1.2152650215467098	-1.2152650215467098
P_LP.2154	0.7793030963912281	-0.7793030963912279
P_LP.2155	0.20585940529394112	-0.20585940529394106
P_LP.2156	-0.9391750596162671	0.9391750596162668
P_LP.2157	-0.38522961810706846	0.3852296181070681
P_LP.2158	0.5412637141740375	-0.5412637141740374
P_LP.2159	-0.8454403842120581	0.8454403842120579
P_LP.216	1.3486776741469952	-1.3486776741469948
P_LP.2160	0.5497951140708094	-0.5497951140708093
P_LP.2161	0.22227094408545298	-0.2222709440854532
P_LP.2162	1.1008067856938608	-1.1008067856938604
P_LP.2163	0.6939695339677926	-0.6939695339677925
P_LP.2164	-0.2368223446345622	0.23682234463456214
P_LP.2165	-1.7962517536187066	1.7962517536187061
P_LP.2166	-0.5898230894053288	0.5898230894053287
P_LP.2167	-0.9633080310492002	0.9633080310491999
P_LP.2168	-1.269122316530877	1.2691223165308765
P_LP.2169	0.991612159721027	-0.9916121597210268
P_LP.217	1.5999506765293343	-1.5999506765293336
P_LP.2170	0.5078995210783788	-0.5078995210783784
P_LP.2171	0.8285448723399206	-0.8285448723399206
P_LP.2172	0.9054692701271575	-0.9054692701271574
P_LP.2173	-0.374655832852394	0.3746558328523942
P_LP.2174	-0.8251007185836964	0.8251007185836962
P_LP.2175	-1.6156335851476356	1.615633585147635
P_LP.2176	0.07952876528334978	-0.07952876528335001
P_LP.2177	1.5362242137848685	-1.5362242137848685
P_LP.2178	0.13158069371660888	-0.13158069371660883
P_LP.2179	-0.8296897911685521	0.8296897911685519
P_LP.218	-1.5490910186780027	1.5490910186780023
P_LP.2180	1.4187497321126095	-1.4187497321126088
P_LP.2181	1.151618927632203	-1.1516189276322026
P_LP.2182	-1.9654696807415797	1.9654696807415792
P_LP.2183	1.011810265037739	-1.0118102650377385
P_LP.2184	1.0072027850096974	-1.007202785009697
P_LP.2185	0.20421131378158636	-0.20421131378158602
P_LP.2186	-0.5696352636682177	0.5696352636682176
P_LP.2187	-0.052902671960269695	0.05290267196026968
P_LP.2188	0.21363599705183436	-0.2136359970518343
P_LP.2189	-1.1837873543417416	1.1837873543417412
P_LP.219	-0.21591739876653598	0.21591739876653568
P_LP.2190	0.7715880635851209	-0.771588063585121
P_LP.2191	0.5046940081397465	-0.5046940081397462
P_LP.2192	1.5347008054353928	-1.5347008054353923
P_LP.2193	-0.08509962844977748	0.08509962844977745
P_LP.2194	1.480899039478154	-1.4808990394781536
P_LP.2195	0.823694646718779	-0.8236946467187788
P_LP.2196	-0.10959775813497445	0.10959775813497442
P_LP.2198	-1.0192571162547093	1.019257116254709
P_LP.2199	0.7357504808283467	-0.7357504808283464
P_LP.22	-1.3068494959492805	1.30684949594928
P_LP.220	0.30488306597096604	-0.3048830659709657
P_LP.2200	1.5934605873577996	-1.5934605873577992
P_LP.2201	0.1668327704985106	-0.16683277049851056
P_LP.2202	-0.15333114381947743	0.15333114381947738
P_LP.2203	-0.46087298926554193	0.4608729892655418
P_LP.2204	0.7995063733359155	-0.7995063733359155
P_LP.2205	0.6670141503680442	-0.667014150368044
P_LP.2206	1.50050492476827	-1.5005049247682698
P_LP.2208	0.506198870935669	-0.5061988709356688
P_LP.2209	-0.9605907090185034	0.9605907090185031
P_LP.221	1.1923275440521879	-1.1923275440521874
P_LP.2210	-0.5563616272032487	0.5563616272032486
P_LP.2211	0.9614160202302038	-0.9614160202302034
P_LP.2212	0.7837104582779783	-0.783710458277978
P_LP.2213	1.4180840721488033	-1.4180840721488028
P_LP.2214	-1.8596618654534811	1.8596618654534804
P_LP.2215	-0.07230974829370596	0.07230974829370619
P_LP.2216	-1.5275058563315986	1.5275058563315982
P_LP.2217	-0.37067658240222545	0.37067658240222534
P_LP.2218	-0.923615114760661	0.9236151147606608
P_LP.2219	-1.4243122139333384	1.4243122139333382
P_LP.222	-1.9171721710937437	1.917172171093743
P_LP.2220	0.5468730489549293	-0.5468730489549292
P_LP.2221	0.760937003366996	-0.760937003366996
P_LP.2222	0.5460578798245291	-0.5460578798245287
P_LP.2223	-0.7311113613888882	0.731111361388888
P_LP.2224	-1.625379467017016	1.6253794670170159
P_LP.2225	0.7123437076815934	-0.712343707681593
P_LP.2226	-0.2040846587136785	0.2040846587136782
P_LP.2227	1.2303441212483097	-1.2303441212483095
P_LP.2228	1.43627174832867	-1.4362717483286696
P_LP.2229	-0.5310354185502093	0.5310354185502092
P_LP.223	0.20470284743857492	-0.2047028474385746
P_LP.2230	-1.0602212854281976	1.0602212854281974
P_LP.2231	0.14684827180875562	-0.14684827180875556
P_LP.2232	1.5328428284182267	-1.5328428284182265
P_LP.2233	0.5127803772369828	-0.5127803772369827
P_LP.2234	-1.2637357199402521	1.263735719940252
P_LP.2235	0.0826758287971572	-0.0826758287971569
P_LP.2236	1.3069047908194737	-1.3069047908194735
P_LP.2237	-1.2373861082651456	1.2373861082651452
P_LP.2238	-1.4134114033071263	1.413411403307126
P_LP.2239	-0.6098630930100956	0.6098630930100954
P_LP.224	1.1701171744841603	-1.17011717448416
P_LP.2240	1.0754084875408594	-1.0754084875408587
P_LP.2241	1.3601338297304675	-1.360133829730467
P_LP.2242	-1.0689164620497837	1.0689164620497835
P_LP.2243	0.32338978401287233	-0.3233897840128722
P_LP.2244	1.4213844474769237	-1.421384447476923
P_LP.2245	-0.1589918453756958	0.15899184537569547
P_LP.2246	-1.7854463473456879	1.7854463473456872
P_LP.2247	0.40216000116660344	-0.4021600011666036
P_LP.2248	0.37635582947810753	-0.3763558294781074
P_LP.2249	-1.353533915122743	1.3535339151227426
P_LP.225	0.340950416229241	-0.3409504162292409
P_LP.2250	0.40076027350248716	-0.40076027350248705
P_LP.2251	0.28863102024645737	-0.2886310202464576
P_LP.2252	-1.4701788391371646	1.4701788391371644
P_LP.2253	-0.5085774301615168	0.5085774301615165
P_LP.2254	-0.5941708669143115	0.5941708669143114
P_LP.2255	1.2771467444495888	-1.2771467444495883
P_LP.2256	-0.7083189227661101	0.7083189227661099
P_LP.2257	1.2147781334868943	-1.214778133486894
P_LP.2258	1.0678306735859042	-1.067830673585904
P_LP.2259	1.6775665331280016	-1.6775665331280012
P_LP.226	-0.826495550737204	0.8264955507372038
P_LP.2260	-0.7615388616371889	0.7615388616371886
P_LP.2261	-0.5966955113775736	0.5966955113775734
P_LP.2262	-0.5887778443631367	0.5887778443631366
P_LP.2263	0.6837161275086306	-0.6837161275086304
P_LP.2264	0.573378470245915	-0.5733784702459148
P_LP.2265	-2.0446718200768674	2.044671820076867
P_LP.2266	-1.1178613456332025	1.1178613456332023
P_LP.2267	0.5761233753412494	-0.5761233753412489
P_LP.2268	1.680183491660199	-1.6801834916601983
P_LP.2269	0.8266814122618815	-0.8266814122618813
P_LP.227	0.10518817344560637	-0.10518817344560634
P_LP.2270	0.2542886021776143	-0.2542886021776145
P_LP.2271	-0.014983757936226952	0.014983757936226949
P_LP.2272	-0.13181938040955485	0.13181938040955482
P_LP.2273	-0.3325593541235243	0.3325593541235242
P_LP.2274	1.458845499214148	-1.4588454992141475
P_LP.2275	1.1652971940109464	-1.165297194010946
P_LP.2276	0.3215082421689853	-0.32150824216898494
P_LP.2277	-0.7335390831068763	0.7335390831068761
P_LP.2278	1.0308683709940945	-1.0308683709940942
P_LP.2279	-0.9092704045248899	0.9092704045248897
P_LP.228	1.021423305988777	-1.0214233059887763
P_LP.2280	0.22951624704879248	-0.22951624704879267
P_LP.2281	-0.38486845673562087	0.3848684567356205
P_LP.2282	-0.8839640347325941	0.8839640347325939
P_LP.2283	-2.0507152487433014	2.050715248743301
P_LP.2284	-0.967526796110956	0.9675267961109558
P_LP.2285	-2.128741106728098	2.1287411067280972
P_LP.2286	0.9177828762026334	-0.9177828762026332
P_LP.2287	1.16295024433656	-1.16295024433656
P_LP.2288	1.0165371221775523	-1.0165371221775523
P_LP.2289	0.2788390412444214	-0.2788390412444213
P_LP.229	-0.19287005332193133	0.1928700533219313
P_LP.2290	-1.1717262088706755	1.1717262088706752
P_LP.2291	-1.4444729539837717	1.4444729539837713
P_LP.2292	-0.06760170428486985	0.0676017042848701
P_LP.2293	-0.5077410016809615	0.5077410016809611
P_LP.2294	-0.6143075642125908	0.6143075642125907
P_LP.2295	0.20795483925996638	-0.20795483925996633
P_LP.2296	-0.2836695733455663	0.28366957334556653
P_LP.2297	0.3253604751026863	-0.32536047510268623
P_LP.2298	1.2799752634330208	-1.2799752634330208
P_LP.2299	-0.020704898081622215	0.02070489808162221
P_LP.23	1.229683032799796	-1.2296830327997958
P_LP.230	-2.1767740282702666	2.176774028270266
P_LP.2300	-1.225280571040942	1.2252805710409416
P_LP.2301	1.2090599318551525	-1.209059931855152
P_LP.2302	-1.631357069876938	1.6313570698769375
P_LP.2303	-0.5503429911215699	0.5503429911215697
P_LP.2304	-1.2719902795942213	1.2719902795942208
P_LP.2305	-1.3119656990601654	1.311965699060165
P_LP.2306	0.23268917528125274	-0.2326891752812524
P_LP.2307	0.02843764368099282	-0.02843764368099255
P_LP.2309	-0.23033239016583032	0.23033239016583026
P_LP.231	-0.41721897325195445	0.41721897325195434
P_LP.2310	1.2428392485812942	-1.2428392485812938
P_LP.2311	-0.5149692542776125	0.5149692542776121
P_LP.2312	0.25878343172012325	-0.2587834317201232
P_LP.2313	0.6479616526847879	-0.6479616526847874
P_LP.2314	0.8677215816621324	-0.8677215816621324
P_LP.2315	-2.219757258142267	2.2197572581422667
P_LP.2316	0.45423430929050923	-0.4542343092905089
P_LP.2317	0.0869362005536437	-0.08693620055364394
P_LP.2318	-0.3394627214858006	0.33946272148580076
P_LP.2319	-0.4667955299104027	0.4667955299104023
P_LP.232	0.2120284399854888	-0.21202843998548873
P_LP.2320	1.3213296180544336	-1.3213296180544334
P_LP.2321	-0.23150530771617864	0.23150530771617833
P_LP.2322	0.86682390994477	-0.8668239099447699
P_LP.2323	0.6821851035143258	-0.6821851035143254
P_LP.2324	1.4905643278153053	-1.490564327815305
P_LP.2325	-0.14454634948562478	0.14454634948562448
P_LP.2326	-0.2815762553094461	0.28157625530944574
P_LP.2327	-0.9553442231864987	0.9553442231864984
P_LP.2328	0.6023518633681376	-0.6023518633681375
P_LP.2329	-1.06090222688019	1.0609022268801898
P_LP.233	0.45361983913996073	-0.4536198391399606
P_LP.2330	0.8290943858109787	-0.8290943858109784
P_LP.2331	0.0009411110545231907	-0.0009411110545229248
P_LP.2332	-0.9982940983316554	0.9982940983316552
P_LP.2333	-1.5157376794268043	1.5157376794268038
P_LP.2334	1.1719456205990932	-1.171945620599093
P_LP.2335	-1.3389683545905866	1.3389683545905862
P_LP.2336	1.044182807452236	-1.0441828074522355
P_LP.2337	-0.20237301842943775	0.2023730184294377
P_LP.2338	0.1280517165276842	-0.12805171652768418
P_LP.2339	0.7496333366097924	-0.7496333366097921
P_LP.234	-1.3350594345426987	1.3350594345426983
P_LP.2340	0.7437497600878816	-0.7437497600878814
P_LP.2341	1.0183410698017703	-1.01834106980177
P_LP.2342	-0.8383501240505395	0.8383501240505393
P_LP.2343	-1.6796604886444786	1.6796604886444781
P_LP.2344	-0.5514727418779247	0.5514727418779246
P_LP.2345	-0.015455796156551398	0.015455796156551394
P_LP.2346	0.7421898543249219	-0.7421898543249216
P_LP.2347	0.8374876281554022	-0.837487628155402
P_LP.2348	0.39527779445507855	-0.39527779445507844
P_LP.2349	-1.619235847897344	1.6192358478973436
P_LP.235	0.13731879948924164	-0.1373187994892416
P_LP.2350	1.2609058408255478	-1.2609058408255476
P_LP.2351	1.2508096124765133	-1.2508096124765127
P_LP.2352	-0.42460143681213636	0.4246014368121365
P_LP.2353	1.707245889132445	-1.7072458891324445
P_LP.2354	-0.43124812648250643	0.4312481264825063
P_LP.2355	-0.15200303684882033	0.15200303684882027
P_LP.2356	0.9336954515845449	-0.9336954515845448
P_LP.2357	1.5535357310846607	-1.5535357310846605
P_LP.2358	0.21489200306861078	-0.21489200306861073
P_LP.2359	0.9872725345150289	-0.9872725345150287
P_LP.236	1.1004056538853775	-1.1004056538853775
P_LP.2360	0.03405361526573109	-0.03405361526573135
P_LP.2361	-0.3077876960889043	0.3077876960889045
P_LP.2362	-2.2212082599951093	2.2212082599951084
P_LP.2363	0.3414586079355939	-0.3414586079355938
P_LP.2364	1.1416097631285314	-1.141609763128531
P_LP.2365	0.05723853816275307	-0.057238538162752796
P_LP.2366	1.0249888884101752	-1.0249888884101748
P_LP.2367	-0.11265320906353025	0.11265320906353021
P_LP.2368	-0.3778577200576261	0.3778577200576257
P_LP.2369	-0.5477355961376019	0.5477355961376018
P_LP.237	0.9581772635459144	-0.9581772635459141
P_LP.2370	1.138751022752513	-1.138751022752513
P_LP.2371	-0.7373549957092298	0.7373549957092296
P_LP.2372	-0.01598130720839453	0.015981307208394795
P_LP.2373	1.4476839196665199	-1.4476839196665192
P_LP.2374	-2.236342804714247	2.236342804714246
P_LP.2375	-0.42800613564701334	0.42800613564701295
P_LP.2376	0.19772769321041253	-0.19772769321041272
P_LP.2377	-0.4547249069705866	0.4547249069705865
P_LP.2378	0.583547999022961	-0.5835479990229611
P_LP.2379	0.13454858502720465	-0.13454858502720435
P_LP.238	1.468606126913836	-1.4686061269138355
P_LP.2380	-0.026604809269713786	0.02660480926971378
P_LP.2381	-0.6649671137690985	0.6649671137690983
P_LP.2382	-0.5311651847723196	0.5311651847723194
P_LP.2383	-0.7409024708076958	0.7409024708076956
P_LP.2384	0.12276128832419775	-0.12276128832419798
P_LP.2385	0.8722061992159212	-0.8722061992159208
P_LP.2386	-0.6033369837804969	0.6033369837804967
P_LP.2387	1.421782661432054	-1.4217826614320537
P_LP.2389	-0.7370587171562937	0.7370587171562936
P_LP.239	-1.381797570892356	1.3817975708923556
P_LP.2390	0.12838109835510308	-0.12838109835510278
P_LP.2391	0.8669706796114985	-0.8669706796114983
P_LP.2392	-1.8790704459516432	1.8790704459516427
P_LP.2393	-1.5663797349137207	1.5663797349137205
P_LP.2394	0.4100337093486793	-0.41003370934867894
P_LP.2395	1.087952652225538	-1.0879526522255378
P_LP.2396	-0.6846288708543677	0.6846288708543675
P_LP.2397	0.7251852686125362	-0.7251852686125358
P_LP.2398	1.3886523801371713	-1.388652380137171
P_LP.2399	0.7516950981367512	-0.7516950981367511
P_LP.24	-0.1507169975078034	0.15071699750780337
P_LP.240	-1.455663976372539	1.4556639763725385
P_LP.2400	-1.3648891223918718	1.3648891223918713
P_LP.2401	0.5110794450591554	-0.5110794450591553
P_LP.2402	1.2870733182735945	-1.287073318273594
P_LP.2403	0.17772448539383126	-0.1777244853938312
P_LP.2404	1.4601477169303967	-1.4601477169303962
P_LP.2405	1.7048330327233756	-1.7048330327233752
P_LP.2406	1.3978026697976318	-1.3978026697976316
P_LP.2407	-0.2845825418365214	0.28458254183652154
P_LP.2408	0.7470006793507511	-0.7470006793507507
P_LP.2409	0.8347662884941179	-0.834766288494118
P_LP.241	-0.38198642194474924	0.38198642194474913
P_LP.2410	-0.6084108667981418	0.6084108667981417
P_LP.2411	0.5189786685838479	-0.5189786685838478
P_LP.2412	-0.8594357469472187	0.8594357469472185
P_LP.2413	-0.2365381803948241	0.23653818039482377
P_LP.2414	1.1853060312331092	-1.1853060312331087
P_LP.2415	-1.0718636778641792	1.0718636778641788
P_LP.2416	-0.5994712036863858	0.5994712036863857
P_LP.2417	-0.976169516595063	0.9761695165950628
P_LP.2418	-0.8171016855853722	0.817101685585372
P_LP.2419	1.150018800200888	-1.1500188002008878
P_LP.242	-0.8539067411016185	0.8539067411016182
P_LP.2420	0.5472009303534281	-0.5472009303534282
P_LP.2421	0.05998774971056994	-0.059987749710569666
P_LP.2422	1.1764060550794926	-1.1764060550794924
P_LP.2423	-0.4413667096452478	0.44136670964524743
P_LP.2424	-0.6251840974998503	0.6251840974998502
P_LP.2425	0.8592856842340849	-0.8592856842340845
P_LP.2426	-1.325029892137319	1.3250298921373185
P_LP.2428	-1.492809345027963	1.4928093450279625
P_LP.2429	0.3826105963969622	-0.3826105963969624
P_LP.243	0.37241133490096934	-0.3724113349009695
P_LP.2430	-0.9770733609232364	0.9770733609232362
P_LP.2431	0.8185884941832698	-0.8185884941832698
P_LP.2432	-0.7567744909013073	0.7567744909013071
P_LP.2433	0.25199984145627274	-0.25199984145627297
P_LP.2434	-0.6157736487527146	0.6157736487527143
P_LP.2435	1.0608944465155306	-1.0608944465155306
P_LP.2436	-1.8120541893971713	1.812054189397171
P_LP.2437	-0.6060644055935304	0.6060644055935301
P_LP.2438	0.5432684564965271	-0.543268456496527
P_LP.2439	-0.029708742371434	0.029708742371433994
P_LP.244	1.382936479258124	-1.3829364792581234
P_LP.2440	0.4143280985535401	-0.41432809855354025
P_LP.2441	-0.09071967444634492	0.09071967444634489
P_LP.2442	-1.143609244684968	1.1436092446849677
P_LP.2443	-1.9956734140964856	1.995673414096485
P_LP.2444	1.2791442005706972	-1.279144200570697
P_LP.2445	1.1209874126184398	-1.1209874126184396
P_LP.2446	-1.2783089897262132	1.278308989726213
P_LP.2447	1.3697721901853916	-1.3697721901853912
P_LP.2448	0.9187333113081414	-0.9187333113081413
P_LP.2449	-1.712462478208839	1.7124624782088385
P_LP.2450	-1.386105296753635	1.3861052967536345
P_LP.2451	1.33820410883249	-1.3382041088324896
P_LP.2452	0.6914618463098876	-0.6914618463098873
P_LP.2453	0.09923437264755805	-0.09923437264755829
P_LP.2454	0.22531954338576501	-0.22531954338576496
P_LP.2456	1.76969653313917	-1.7696965331391696
P_LP.2457	-0.13678889071326314	0.1367888907132631
P_LP.2458	0.4093574196001521	-0.409357419600152
P_LP.2459	0.5869857558995459	-0.5869857558995455
P_LP.246	1.713254020547893	-1.7132540205478926
P_LP.2460	-0.037316690223393005	0.037316690223393
P_LP.2461	0.23059152193895763	-0.23059152193895757
P_LP.2462	-0.696419069767653	0.6964190697676528
P_LP.2463	0.8580419986168084	-0.8580419986168083
P_LP.2464	1.1763154561889266	-1.1763154561889262
P_LP.2465	1.5897436320650034	-1.5897436320650031
P_LP.2466	0.6487821618809088	-0.6487821618809089
P_LP.2467	-0.2588385153531962	0.25883851535319613
P_LP.2468	1.17228250694144	-1.1722825069414395
P_LP.2469	1.5687191886322287	-1.5687191886322287
P_LP.247	-0.5212190976414717	0.5212190976414715
P_LP.2470	0.031200974317856716	-0.031200974317856706
P_LP.2471	-0.2578352023505377	0.25783520235053786
P_LP.2472	0.5614820669107142	-0.5614820669107138
P_LP.2473	0.4059881638684421	-0.4059881638684417
P_LP.2474	0.12852954313487033	-0.12852954313487058
P_LP.2475	-0.9205033296533458	0.9205033296533456
P_LP.2476	0.7747862972394827	-0.7747862972394821
P_LP.2477	0.5344531771721085	-0.5344531771721086
P_LP.2478	-0.6856144565338718	0.6856144565338717
P_LP.2479	-0.7339732381997027	0.7339732381997025
P_LP.248	1.3947789268151705	-1.39477892681517
P_LP.2480	0.499556784333818	-0.4995567843338176
P_LP.2481	-0.19993757252374933	0.19993757252374927
P_LP.2482	-0.6143926381390403	0.6143926381390402
P_LP.2483	0.07601174289083554	-0.07601174289083552
P_LP.2484	0.999451118284739	-0.9994511182847386
P_LP.2485	0.025879429865359748	-0.025879429865359474
P_LP.2486	1.1452586273583942	-1.1452586273583938
P_LP.2487	0.9284144301986458	-0.9284144301986456
P_LP.2488	0.12397289227743494	-0.1239728922774349
P_LP.2489	0.4034372871615425	-0.40343728716154265
P_LP.249	0.6405903919475412	-0.6405903919475407
P_LP.2490	0.24675562814667537	-0.2467556281466753
P_LP.2491	-0.275096178110988	0.2750961781109877
P_LP.2492	0.0720289972659014	-0.07202899726590138
P_LP.2493	0.7214057170383766	-0.7214057170383765
P_LP.2494	-1.5349356072862688	1.5349356072862683
P_LP.2495	-0.7287226383155428	0.7287226383155426
P_LP.2496	1.3695229768241857	-1.3695229768241854
P_LP.2497	0.24335250770588207	-0.24335250770588202
P_LP.2498	-0.5533397657929108	0.5533397657929107
P_LP.2499	-0.11693776358551597	0.1169377635855162
P_LP.25	0.5711847050037228	-0.5711847050037223
P_LP.250	-1.8157149099990315	1.815714909999031
P_LP.2500	-0.9721635907928696	0.9721635907928694
P_LP.2501	0.9519831795137625	-0.9519831795137622
P_LP.2502	0.5515276124066474	-0.5515276124066473
P_LP.2503	-1.049248424176453	1.0492484241764528
P_LP.2504	-0.08739132465714225	0.08739132465714196
P_LP.2505	-0.2955332536721751	0.2955332536721747
P_LP.2506	-1.055352106583368	1.0553521065833678
P_LP.2507	1.004165166199003	-1.004165166199003
P_LP.2508	1.809211024029507	-1.8092110240295063
P_LP.2509	-0.6237045923209937	0.6237045923209936
P_LP.251	0.5015310808612632	-0.5015310808612627
P_LP.2510	0.44304204061850394	-0.44304204061850383
P_LP.2511	-0.4591505330828652	0.4591505330828648
P_LP.2512	1.2497446406130777	-1.2497446406130774
P_LP.2513	0.4008630839367679	-0.40086308393676806
P_LP.2514	-0.6763599940795307	0.6763599940795305
P_LP.2515	0.24553256537620047	-0.24553256537620013
P_LP.2516	-0.02690536962500834	0.02690536962500833
P_LP.2517	0.8159529834273013	-0.8159529834273008
P_LP.2518	-1.1199010114565917	1.1199010114565913
P_LP.2519	1.1821534249693884	-1.1821534249693877
P_LP.252	0.05429657656908738	-0.054296576569087096
P_LP.2520	0.8568665264314228	-0.8568665264314227
P_LP.2521	1.1397114317103894	-1.1397114317103891
P_LP.2522	1.0933698965794763	-1.093369896579476
P_LP.2523	-0.4700566319461724	0.4700566319461726
P_LP.2524	-0.7569567974135972	0.756956797413597
P_LP.2525	0.16558546691793039	-0.16558546691793033
P_LP.2526	1.4121314743020772	-1.4121314743020772
P_LP.2527	1.4303721826733649	-1.4303721826733646
P_LP.2528	0.429681111805657	-0.4296811118056569
P_LP.2529	0.949378774439734	-0.9493787744397336
P_LP.253	-1.1495343452431355	1.1495343452431352
P_LP.2530	0.9464403000856696	-0.9464403000856694
P_LP.2531	0.719788138083076	-0.7197881380830757
P_LP.2532	1.0531847089669892	-1.0531847089669888
P_LP.2533	0.7418360905928262	-0.741836090592826
P_LP.2534	0.40198221725481326	-0.40198221725481315
P_LP.2535	-1.0519429156340878	1.0519429156340876
P_LP.2536	0.1778884982916535	-0.17788849829165346
P_LP.2537	-0.09232888341527107	0.0923288834152713
P_LP.2538	0.6799754712418069	-0.6799754712418065
P_LP.2539	-1.8938325654966823	1.8938325654966819
P_LP.254	0.7142337381362683	-0.7142337381362681
P_LP.2540	-2.0382384362535415	2.038238436253541
P_LP.2541	-1.8807019490183159	1.8807019490183152
P_LP.2542	-1.303722430267584	1.3037224302675838
P_LP.2543	-0.5172546376825411	0.517254637682541
P_LP.2544	-0.412247976449205	0.4122479764492049
P_LP.2545	0.5341092546075735	-0.5341092546075734
P_LP.2546	0.21908849679771408	-0.21908849679771428
P_LP.2547	-0.4432081932936493	0.4432081932936492
P_LP.2548	-0.7266467955068829	0.7266467955068827
P_LP.2549	0.8045290036154368	-0.8045290036154364
P_LP.255	0.7064492197733987	-0.7064492197733986
P_LP.2550	0.4442714563529247	-0.4442714563529246
P_LP.2551	-0.47829863168344144	0.47829863168344106
P_LP.2552	-0.6070263632557389	0.6070263632557387
P_LP.2553	-0.7681034269415415	0.7681034269415413
P_LP.2554	-1.5803139193279359	1.5803139193279354
P_LP.2555	-0.9582963068220992	0.958296306822099
P_LP.2556	1.3314192791817188	-1.3314192791817183
P_LP.2557	-0.1967793160560926	0.1967793160560923
P_LP.2558	-0.3475729570672322	0.34757295706723235
P_LP.2559	0.06257140621912474	-0.06257140621912446
P_LP.256	0.9107444073444956	-0.9107444073444956
P_LP.2560	-0.9855803308540787	0.9855803308540785
P_LP.2561	-1.0251578448331133	1.0251578448331131
P_LP.2562	-1.6021464239960768	1.6021464239960763
P_LP.2563	0.5338027204520902	-0.5338027204520903
P_LP.2564	-0.5502656096657738	0.5502656096657735
P_LP.2565	1.0349088077076092	-1.0349088077076092
P_LP.2566	0.18400454344785447	-0.1840045434478547
P_LP.2567	0.37339215240450974	-0.3733921524045096
P_LP.2568	-1.5462198342290956	1.5462198342290954
P_LP.2569	-1.6427212303841316	1.6427212303841314
P_LP.257	-1.4173436731449054	1.417343673144905
P_LP.2570	1.1666258580402984	-1.166625858040298
P_LP.2571	1.0887420291098295	-1.088742029109829
P_LP.2572	1.5674908626719475	-1.567490862671947
P_LP.2573	-1.1016482881953953	1.101648288195395
P_LP.2574	0.18912549743435803	-0.18912549743435825
P_LP.2575	-1.4562416105273104	1.45624161052731
P_LP.2576	1.2735781365327312	-1.2735781365327312
P_LP.2577	-0.2407251983584944	0.24072519835849432
P_LP.2578	-0.5209562400178503	0.5209562400178501
P_LP.2579	0.7427601621867596	-0.7427601621867592
P_LP.258	0.5373248498481092	-0.5373248498481088
P_LP.2580	-0.1364865476740093	0.13648654767400925
P_LP.2581	0.9701698337801862	-0.9701698337801858
P_LP.2582	-1.0139547403565312	1.0139547403565308
P_LP.2583	-0.3332543179683452	0.33325431796834515
P_LP.2584	1.0077717530418333	-1.0077717530418333
P_LP.2585	1.311546442020088	-1.3115464420200875
P_LP.2586	-1.2649184876616455	1.2649184876616453
P_LP.2587	-0.25440684445075845	0.2544068444507586
P_LP.2588	-1.6497012658750547	1.6497012658750543
P_LP.2589	0.25099704423616687	-0.2509970442361671
P_LP.259	0.011066033208351986	-0.011066033208351984
P_LP.2590	-0.6334966977726423	0.6334966977726421
P_LP.2591	0.04320206702285823	-0.04320206702285849
P_LP.2592	-0.12542146776066984	0.1254214677606698
P_LP.2593	-0.33921031700863874	0.33921031700863863
P_LP.2594	0.2327900089095174	-0.2327900089095176
P_LP.2595	0.7140294056602291	-0.7140294056602292
P_LP.2596	-1.7331380043805327	1.7331380043805322
P_LP.2597	1.0809807761489387	-1.0809807761489385
P_LP.2598	-1.032919910616313	1.0329199106163127
P_LP.2599	-0.27639850792871495	0.2763985079287146
P_LP.26	1.3666163572340244	-1.366616357234024
P_LP.2600	0.9587331039616441	-0.9587331039616439
P_LP.2601	1.4452170234530366	-1.445217023453036
P_LP.2602	0.9648290749924207	-0.9648290749924205
P_LP.2603	-0.12859153298697862	0.12859153298697887
P_LP.2604	0.5574143414320823	-0.5574143414320825
P_LP.2605	0.21103973970297354	-0.21103973970297374
P_LP.2606	-0.1913215529746229	0.19132155297462283
P_LP.2607	-0.45105952458281107	0.4510595245828107
P_LP.2608	0.2607983833016563	-0.2607983833016562
P_LP.2609	0.5719719155285188	-0.5719719155285187
P_LP.261	0.913452185511314	-0.9134521855113139
P_LP.2610	0.8169305449239137	-0.8169305449239134
P_LP.2611	1.5888623097983303	-1.58886230979833
P_LP.2612	0.5368319361153837	-0.5368319361153834
P_LP.2613	1.5532463571328128	-1.5532463571328123
P_LP.2614	1.142460390582681	-1.1424603905826807
P_LP.2615	0.7854869325726431	-0.7854869325726427
P_LP.2616	-1.2500017918042357	1.2500017918042352
P_LP.2617	-2.006461690254493	2.0064616902544925
P_LP.2618	0.5647201242771409	-0.5647201242771408
P_LP.2619	-1.1973933814431807	1.1973933814431803
P_LP.262	-0.478713696574689	0.4787136965746888
P_LP.2621	1.5075115797921468	-1.5075115797921461
P_LP.2622	-1.7925883545957104	1.7925883545957098
P_LP.2623	-1.0782507518861817	1.0782507518861812
P_LP.2624	-0.1853509440586157	0.1853509440586154
P_LP.2625	1.3377790101805251	-1.337779010180525
P_LP.2626	1.4504053130786458	-1.4504053130786454
P_LP.2627	0.6535099259974861	-0.6535099259974859
P_LP.2628	0.6105510811023555	-0.6105510811023556
P_LP.2629	0.7265782833700775	-0.7265782833700772
P_LP.263	-1.061202816822424	1.0612028168224237
P_LP.2630	-0.2575560822930873	0.25755608229308724
P_LP.2631	0.09775733584692943	-0.0977573358469294
P_LP.2632	1.16213087701219	-1.1621308770121899
P_LP.2633	0.36540336977778776	-0.3654033697777879
P_LP.2634	1.33978795182343	-1.3397879518234292
P_LP.2635	-0.9584606301469489	0.9584606301469487
P_LP.2637	-0.3931893361861866	0.3931893361861865
P_LP.2638	-0.4271403414424528	0.42714034144245266
P_LP.2639	1.4262458610861064	-1.4262458610861062
P_LP.264	-0.45013527004884524	0.4501352700488451
P_LP.2640	0.5808763496646882	-0.580876349664688
P_LP.2641	-1.3057518401503307	1.3057518401503303
P_LP.2642	-1.6544880531068553	1.6544880531068549
P_LP.2643	-1.6470025228372813	1.6470025228372809
P_LP.2644	1.2275896798881092	-1.2275896798881087
P_LP.2645	0.2546091324733587	-0.25460913247335887
P_LP.2646	0.4948239264044059	-0.49482392640440603
P_LP.2647	-0.7953556057305525	0.7953556057305523
P_LP.2648	1.2514599149324355	-1.251459914932435
P_LP.265	-1.7682889307505663	1.7682889307505658
P_LP.2650	0.31401972235737335	-0.314019722357373
P_LP.2651	-1.924736851443214	1.9247368514432135
P_LP.2652	1.2356851197152185	-1.235685119715218
P_LP.2653	-2.147998614787857	2.1479986147878565
P_LP.2654	-1.9114333126621434	1.9114333126621428
P_LP.2655	0.2891030348171709	-0.2891030348171706
P_LP.2656	1.2419932762876968	-1.2419932762876964
P_LP.2657	-1.2459641825933843	1.2459641825933838
P_LP.2658	-0.47602254890723655	0.47602254890723616
P_LP.2659	-1.7373855050000124	1.737385505000012
P_LP.266	0.3448115638432623	-0.34481156384326195
P_LP.2660	0.7907030504265796	-0.7907030504265795
P_LP.2661	-1.6496485374093879	1.6496485374093874
P_LP.2662	-0.9959156890891783	0.995915689089178
P_LP.2663	-0.17215494567168613	0.1721549456716861
P_LP.2664	0.08071680390329256	-0.0807168039032928
P_LP.2665	0.6675806542867637	-0.6675806542867635
P_LP.2666	-0.029231080338782408	0.029231080338782668
P_LP.2667	0.30612578262901835	-0.30612578262901824
P_LP.2669	0.32679436447505095	-0.32679436447505084
P_LP.267	0.9630259763690716	-0.9630259763690712
P_LP.2670	-0.08194104129697181	0.08194104129697152
P_LP.2671	-2.389950904962635	2.3899509049626344
P_LP.2672	1.3216748790279134	-1.321674879027913
P_LP.2673	-0.6486371034229347	0.6486371034229345
P_LP.2674	-0.6668492797632537	0.6668492797632535
P_LP.2675	-1.8902462953367385	1.890246295336738
P_LP.2676	-1.171289109368881	1.1712891093688806
P_LP.2677	-1.6057327527008842	1.6057327527008838
P_LP.2678	-0.13504190061167445	0.13504190061167443
P_LP.2679	0.28569123806805186	-0.28569123806805174
P_LP.268	-0.2695696801228046	0.2695696801228045
P_LP.2680	-0.023244305794016873	0.023244305794016602
P_LP.2681	0.41605490424592706	-0.4160549042459272
P_LP.2682	-1.1282572156344668	1.1282572156344666
P_LP.2683	0.9968440536115499	-0.9968440536115494
P_LP.2684	-1.9638790958823862	1.9638790958823857
P_LP.2685	0.7194615936411204	-0.7194615936411202
P_LP.2686	1.3242714373268092	-1.3242714373268087
P_LP.2687	-0.905459099101367	0.9054590991013668
P_LP.2689	0.5557057509299556	-0.5557057509299553
P_LP.269	0.6726245717020239	-0.6726245717020237
P_LP.2690	-1.6239761310128153	1.623976131012815
P_LP.2691	0.4834948097106322	-0.4834948097106321
P_LP.2692	0.4115530331236563	-0.4115530331236565
P_LP.2693	-0.3071414966921798	0.3071414966921795
P_LP.2694	0.19800269301384044	-0.19800269301384013
P_LP.2695	1.0745265583896528	-1.0745265583896524
P_LP.2696	0.1137736062946252	-0.11377360629462542
P_LP.2697	-1.0194039121638832	1.019403912163883
P_LP.2698	0.6611432646562305	-0.6611432646562301
P_LP.2699	0.7541423409006948	-0.7541423409006945
P_LP.27	-1.096249573883763	1.0962495738837628
P_LP.270	-0.4619891999283851	0.461989199928385
P_LP.2700	-0.4423250778748696	0.44232507787486947
P_LP.2701	1.1012197796022247	-1.1012197796022245
P_LP.2702	0.7190604099125011	-0.7190604099125006
P_LP.2703	1.128166564350096	-1.128166564350096
P_LP.2704	-1.943682411793557	1.9436824117935565
P_LP.2705	-1.1055583237787554	1.105558323778755
P_LP.2706	0.9616868032328355	-0.9616868032328356
P_LP.2707	-1.5076254267123463	1.507625426712346
P_LP.2708	0.5861481468601264	-0.5861481468601262
P_LP.2709	-1.531273144628295	1.5312731446282946
P_LP.271	1.211356860549945	-1.211356860549945
P_LP.2710	-0.29325161963449253	0.2932516196344927
P_LP.2711	-1.2367736923185064	1.236773692318506
P_LP.2712	0.2439929573392325	-0.24399295733923218
P_LP.2713	1.2767096459043084	-1.2767096459043081
P_LP.2714	0.5706839742173939	-0.5706839742173937
P_LP.2715	-0.7647824218044272	0.764782421804427
P_LP.2716	-1.5409450393439246	1.5409450393439241
P_LP.2717	-0.22788447102153342	0.22788447102153336
P_LP.2718	0.04652869354684726	-0.04652869354684698
P_LP.2719	-1.2526196352718977	1.2526196352718975
P_LP.272	-1.0279119088477338	1.0279119088477335
P_LP.2720	-0.7686247949849923	0.768624794984992
P_LP.2721	-0.602927497320363	0.6029274973203629
P_LP.2722	-0.06940945462827229	0.06940945462827228
P_LP.2723	0.4358202567967893	-0.43582025679678893
P_LP.2724	0.2594889027540304	-0.25948890275403036
P_LP.2725	-1.0343889758596114	1.0343889758596112
P_LP.2726	0.8243313197271078	-0.8243313197271076
P_LP.2727	0.0627490460046366	-0.06274904600463659
P_LP.2728	0.014784301898475207	-0.014784301898474938
P_LP.2729	-0.24602299310005132	0.24602299310005152
P_LP.273	1.6111464895206027	-1.611146489520602
P_LP.2730	0.42282598008421834	-0.4228259800842185
P_LP.2731	-1.0672116523917268	1.0672116523917266
P_LP.2732	-0.37618075790539335	0.37618075790539324
P_LP.2733	1.4920650214568874	-1.4920650214568871
P_LP.2734	0.6695343491110874	-0.669534349111087
P_LP.2735	-0.39540050374070224	0.3954005037407024
P_LP.2736	-1.133402324167374	1.1334023241673739
P_LP.2737	0.04840862409331454	-0.048408624093314534
P_LP.2738	-0.7643137126561688	0.7643137126561685
P_LP.2739	-0.9359299853506409	0.9359299853506406
P_LP.274	1.5828009995320007	-1.5828009995320003
P_LP.2740	1.0855250351268415	-1.085525035126841
P_LP.2741	1.0658454715574657	-1.0658454715574655
P_LP.2742	0.671121087701224	-0.6711210877012241
P_LP.2743	-0.6384118551226051	0.638411855122605
P_LP.2744	1.1417632792019339	-1.1417632792019334
P_LP.2745	0.48529824801053917	-0.4852982480105388
P_LP.2746	-2.491070213666293	2.4910702136662928
P_LP.2747	0.296548682708741	-0.2965486827087409
P_LP.2748	-0.4258733791760362	0.42587337917603607
P_LP.2749	-0.3637066391787298	0.3637066391787297
P_LP.275	1.3639586083434676	-1.3639586083434674
P_LP.2750	1.4450292537447695	-1.4450292537447693
P_LP.2751	0.5113689642046658	-0.5113689642046657
P_LP.2752	0.523782661660897	-0.5237826616608969
P_LP.2753	-1.8379553917245062	1.8379553917245057
P_LP.2754	-0.8152813058022996	0.8152813058022994
P_LP.2755	-0.9238187431754505	0.9238187431754503
P_LP.2756	0.618889464438389	-0.6188894644383885
P_LP.2757	-0.6980262749260313	0.6980262749260312
P_LP.2758	-0.6763451334685701	0.6763451334685698
P_LP.2759	-1.2127348800141877	1.2127348800141875
P_LP.276	1.1890773061613351	-1.1890773061613347
P_LP.2760	-2.606916615796798	2.606916615796797
P_LP.2761	-0.23788472205092862	0.23788472205092884
P_LP.2762	1.0175988903762958	-1.0175988903762958
P_LP.2763	0.47478664764610495	-0.47478664764610484
P_LP.2764	-0.33237789523724537	0.33237789523724554
P_LP.2765	-1.4069531402682074	1.406953140268207
P_LP.2766	0.6357184365844973	-0.6357184365844969
P_LP.2767	0.18314448555664217	-0.1831444855566424
P_LP.2768	-0.5457154749975847	0.5457154749975845
P_LP.2769	-0.6693584643149599	0.6693584643149598
P_LP.277	-0.013807920275723966	0.013807920275723962
P_LP.2770	-0.6419902098373305	0.6419902098373304
P_LP.2771	1.5344926591023034	-1.534492659102303
P_LP.2772	-0.07689572772981115	0.0768957277298114
P_LP.2773	-0.27227835764891983	0.2722783576489198
P_LP.2774	-1.8788454725693917	1.878845472569391
P_LP.2775	-0.9842847104896796	0.9842847104896794
P_LP.2776	-1.5602916592490104	1.5602916592490101
P_LP.2777	1.2623289829891358	-1.262328982989135
P_LP.2778	1.4954092576462712	-1.4954092576462708
P_LP.2779	-0.955033739761044	0.9550337397610437
P_LP.278	0.0060071190073611325	-0.006007119007361131
P_LP.2780	-0.7233888261402874	0.7233888261402873
P_LP.2781	-0.23209087322977334	0.23209087322977354
P_LP.2782	0.05337921934014993	-0.05337921934014991
P_LP.2783	0.5440005171986791	-0.544000517198679
P_LP.2784	1.4118158604833173	-1.4118158604833166
P_LP.2785	0.5668299766185091	-0.5668299766185092
P_LP.2786	1.329568146386394	-1.3295681463863935
P_LP.2787	0.1652111719729344	-0.16521117197293406
P_LP.2788	-0.6502109013706704	0.6502109013706702
P_LP.2789	0.8414273439336121	-0.8414273439336118
P_LP.279	0.5005210443267053	-0.5005210443267049
P_LP.2790	0.6732321247170849	-0.6732321247170847
P_LP.2791	0.41738824209047964	-0.41738824209047926
P_LP.2792	-0.15384140713931566	0.15384140713931588
P_LP.2793	-0.22126394554489273	0.22126394554489268
P_LP.2794	1.0140776337679642	-1.014077633767964
P_LP.2795	-1.5431246017716007	1.5431246017716003
P_LP.2796	-2.0238311788644783	2.023831178864478
P_LP.2797	0.8342130821448706	-0.8342130821448704
P_LP.2798	1.6420511803631483	-1.642051180363148
P_LP.2799	-0.9210187736697978	0.9210187736697975
P_LP.28	0.22916419535187052	-0.22916419535187046
P_LP.280	1.0334966980992195	-1.0334966980992193
P_LP.2800	0.12954365435854417	-0.12954365435854415
P_LP.2801	-0.07615208090510389	0.0761520809051036
P_LP.2802	-1.528468755113969	1.5284687551139686
P_LP.2803	0.012247000037700854	-0.01224700003770085
P_LP.2804	0.7117627040146973	-0.7117627040146973
P_LP.2805	1.233689274199167	-1.2336892741991665
P_LP.2806	0.05658065144078407	-0.05658065144078406
P_LP.2807	0.9065234163234115	-0.9065234163234113
P_LP.2808	0.26214830289379815	-0.2621483028937981
P_LP.2809	-0.646411915091949	0.6464119150919487
P_LP.281	1.6290577145792347	-1.6290577145792342
P_LP.2810	-0.2102668655283213	0.2102668655283215
P_LP.2811	1.2202923405439212	-1.2202923405439208
P_LP.2812	0.28701674500038726	-0.2870167450003872
P_LP.2813	0.017992018109576225	-0.017992018109576485
P_LP.2814	0.07579768127608545	-0.07579768127608544
P_LP.2815	0.9066682879889504	-0.90666828798895
P_LP.2816	0.2909645862699901	-0.2909645862699898
P_LP.2817	0.9769161001206865	-0.9769161001206862
P_LP.2818	0.21777759692494952	-0.21777759692494947
P_LP.2819	-0.4919608204458756	0.49196082044587547
P_LP.282	-1.9811117511139156	1.981111751113915
P_LP.2820	-0.3015212667162527	0.30152126671625284
P_LP.2821	0.6979938128626373	-0.697993812862637
P_LP.2822	0.18509552414597388	-0.18509552414597358
P_LP.2823	-0.926329968725756	0.9263299687257558
P_LP.2824	1.3029374098495146	-1.3029374098495141
P_LP.2825	-0.8137135345576093	0.8137135345576091
P_LP.2826	0.7854239006119822	-0.7854239006119818
P_LP.2827	0.539366220062604	-0.5393662200626042
P_LP.2828	-1.4937347177486306	1.4937347177486302
P_LP.2829	1.3960949007313002	-1.3960949007313
P_LP.283	1.1440769557025936	-1.1440769557025932
P_LP.2830	0.35687543151508333	-0.3568754315150835
P_LP.2831	-1.7023824823080447	1.7023824823080442
P_LP.2832	-0.1609348136079187	0.16093481360791892
P_LP.2833	-1.3188932409918326	1.3188932409918321
P_LP.2834	1.1557269434934283	-1.1557269434934279
P_LP.2835	1.2590731433107447	-1.2590731433107445
P_LP.2836	0.4499354323142878	-0.4499354323142879
P_LP.2837	-1.0046272556170728	1.0046272556170723
P_LP.2838	0.7974062615167375	-0.7974062615167373
P_LP.2839	0.6633956246050825	-0.6633956246050826
P_LP.284	1.322937474828128	-1.3229374748281275
P_LP.2840	1.5785662428884517	-1.5785662428884515
P_LP.2841	1.5085227956601635	-1.5085227956601632
P_LP.2842	-0.39519246503372785	0.395192465033728
P_LP.2843	0.14468906990959543	-0.14468906990959565
P_LP.2844	-1.6597643062977394	1.659764306297739
P_LP.2845	-0.2939390457315872	0.29393904573158686
P_LP.2846	1.1512646317034212	-1.151264631703421
P_LP.2847	-1.4211790051890814	1.421179005189081
P_LP.2848	0.958987999245997	-0.9589879992459966
P_LP.2849	1.0291819062530823	-1.0291819062530818
P_LP.285	1.4037687690454397	-1.4037687690454392
P_LP.2850	-1.4837842236247736	1.4837842236247734
P_LP.2851	0.6234510488978584	-0.6234510488978585
P_LP.2852	-0.10889678853861691	0.10889678853861688
P_LP.2853	0.6779922074066977	-0.6779922074066975
P_LP.2854	-1.6594653123048042	1.6594653123048038
P_LP.2855	-0.22488751670877452	0.22488751670877472
P_LP.2856	0.5387224619739178	-0.5387224619739176
P_LP.2857	1.5842103101628087	-1.5842103101628082
P_LP.2858	0.5119294519391446	-0.5119294519391447
P_LP.2859	0.513590248974288	-0.5135902489742877
P_LP.286	-0.014621360362558174	0.014621360362557905
P_LP.2860	-0.5048675682377521	0.504867568237752
P_LP.2861	-2.1318010127071614	2.1318010127071605
P_LP.2862	-2.062157932374551	2.0621579323745505
P_LP.2863	-1.4187211535335782	1.418721153533578
P_LP.2864	-1.5865781491156483	1.5865781491156479
P_LP.2865	0.7087196467116578	-0.7087196467116578
P_LP.2866	-1.0081181476736483	1.008118147673648
P_LP.2867	-0.02587162422322885	0.025871624223228844
P_LP.2868	-0.4274686570323017	0.4274686570323013
P_LP.2869	-0.4042205333346386	0.4042205333346385
P_LP.287	-0.4113042522327028	0.41130425223270295
P_LP.2870	-0.46756414544515135	0.46756414544515124
P_LP.2871	0.257019269598731	-0.25701926959873117
P_LP.2872	1.0446133234152968	-1.0446133234152966
P_LP.2873	0.37547054009542735	-0.37547054009542724
P_LP.2874	-1.6196646774342343	1.6196646774342338
P_LP.2875	-2.194729679699577	2.1947296796995763
P_LP.2876	-0.5568189793977715	0.5568189793977714
P_LP.2877	-1.5436536895789845	1.543653689578984
P_LP.2878	0.7235990094983267	-0.7235990094983263
P_LP.2879	0.7113459535395469	-0.7113459535395469
P_LP.288	0.696265275767953	-0.6962652757679529
P_LP.2880	1.530539566347667	-1.5305395663476666
P_LP.2881	0.2115877678322678	-0.21158776783226746
P_LP.2882	1.429456620391459	-1.4294566203914585
P_LP.2883	0.9915815230040029	-0.9915815230040029
P_LP.2884	-2.121530205702062	2.1215302057020615
P_LP.2885	-0.7447547899542013	0.7447547899542012
P_LP.2886	1.4406554218465013	-1.4406554218465006
P_LP.2887	-0.3415350495685576	0.3415350495685575
P_LP.2888	1.2223335209671327	-1.222333520967132
P_LP.2889	0.05982740327575613	-0.05982740327575584
P_LP.289	0.748156779796536	-0.7481567797965362
P_LP.2890	-0.4092057600577652	0.4092057600577649
P_LP.2891	-1.3449489153945506	1.3449489153945502
P_LP.2892	1.3541477212404396	-1.3541477212404394
P_LP.2893	-1.0660403033564656	1.0660403033564654
P_LP.2894	0.4700096390504488	-0.4700096390504487
P_LP.2895	1.3213310026500034	-1.3213310026500031
P_LP.2896	0.37779302007933846	-0.37779302007933835
P_LP.2897	0.33004121544194176	-0.3300412154419419
P_LP.2898	1.6464202978277958	-1.6464202978277953
P_LP.2899	-1.3576793152537001	1.3576793152537
P_LP.29	-0.5321751357423059	0.5321751357423058
P_LP.290	0.9319948572806726	-0.9319948572806721
P_LP.2900	0.19929071346089988	-0.19929071346089983
P_LP.2901	1.0487778255035825	-1.048777825503582
P_LP.2902	-0.7649183409542559	0.7649183409542557
P_LP.2903	0.054180052761616554	-0.05418005276161654
P_LP.2904	-0.815760969119465	0.8157609691194649
P_LP.2905	0.9353250291052877	-0.9353250291052873
P_LP.2906	-1.415936558547924	1.4159365585479236
P_LP.2907	-1.6843513484706636	1.6843513484706631
P_LP.2908	0.8187550188071635	-0.8187550188071634
P_LP.2909	-1.2353964165710216	1.2353964165710214
P_LP.291	1.5362861513385249	-1.5362861513385246
P_LP.2910	0.7617169211195571	-0.7617169211195568
P_LP.2911	0.19442430259678264	-0.19442430259678234
P_LP.2912	1.3896695509077226	-1.3896695509077226
P_LP.2913	0.1714797830358619	-0.17147978303586184
P_LP.2914	0.37684109650218156	-0.37684109650218145
P_LP.2915	0.6585564592597858	-0.6585564592597856
P_LP.2916	0.2744466818488495	-0.27444668184884974
P_LP.2917	-1.820699521635855	1.8206995216358546
P_LP.2918	-1.9882260191215178	1.988226019121517
P_LP.2919	0.5430836417086581	-0.5430836417086582
P_LP.292	1.279558187610831	-1.2795581876108306
P_LP.2920	0.9264007353124432	-0.9264007353124428
P_LP.2921	-1.1707613613128933	1.170761361312893
P_LP.2922	-1.4374713370180987	1.4374713370180983
P_LP.2923	-0.9382661881900329	0.9382661881900327
P_LP.2924	-1.4223933458377764	1.422393345837776
P_LP.2925	-1.2178318332306173	1.2178318332306168
P_LP.2926	-0.9359064308818952	0.9359064308818948
P_LP.2927	1.0230891906481103	-1.0230891906481103
P_LP.2928	0.20227061599461219	-0.2022706159946124
P_LP.2929	1.203035659002389	-1.203035659002389
P_LP.293	-1.2116696315265807	1.2116696315265805
P_LP.2930	-0.3360561991560119	0.3360561991560121
P_LP.2931	-1.6776046496158763	1.6776046496158759
P_LP.2933	-0.38221681988680395	0.3822168198868041
P_LP.2934	0.7359237653546762	-0.7359237653546762
P_LP.2935	1.6942027499031433	-1.6942027499031431
P_LP.2936	-1.2700669461962975	1.2700669461962972
P_LP.2937	-0.5992728804073655	0.5992728804073653
P_LP.2938	-2.128476181941155	2.1284761819411546
P_LP.2939	-0.5448872350857016	0.5448872350857015
P_LP.294	0.6568667817631272	-0.6568667817631273
P_LP.2940	0.32379376777369395	-0.32379376777369384
P_LP.2941	-0.5496023654567738	0.5496023654567737
P_LP.2942	-1.674086484360362	1.6740864843603616
P_LP.2943	-0.46808238498616134	0.4680823849861612
P_LP.2944	-0.6396122327163238	0.6396122327163236
P_LP.2945	0.31407564019445267	-0.3140756401944526
P_LP.2946	0.40134912804351275	-0.4013491280435124
P_LP.2947	0.9869392429254065	-0.9869392429254065
P_LP.2948	-0.08866341704496988	0.08866341704496986
P_LP.2949	-0.710189182044941	0.7101891820449407
P_LP.295	-0.47439360580568607	0.47439360580568596
P_LP.2950	0.4444396951344028	-0.4444396951344024
P_LP.2951	1.2346122382825953	-1.234612238282595
P_LP.2952	0.49393269959351355	-0.49393269959351316
P_LP.2953	0.48545328945206007	-0.4854532894520602
P_LP.2954	0.6899678507227404	-0.6899678507227403
P_LP.2955	-1.2559862630449241	1.255986263044924
P_LP.2956	0.04028829565889465	-0.04028829565889464
P_LP.2957	-0.5078345828313964	0.5078345828313963
P_LP.2958	-0.3297953268005669	0.32979532680056656
P_LP.2959	0.7938268344780052	-0.7938268344780047
P_LP.296	0.04291714917219628	-0.04291714917219627
P_LP.2960	-0.4836288529748762	0.48362885297487607
P_LP.2961	0.6229529444698405	-0.6229529444698405
P_LP.2962	-0.31976620356923313	0.319766203569233
P_LP.2963	-0.6719442572706696	0.6719442572706694
P_LP.2964	-1.344923320931124	1.3449233209311238
P_LP.2965	0.32559302544108387	-0.32559302544108354
P_LP.2966	-1.0263562684146008	1.0263562684146006
P_LP.2967	-1.1974282839462627	1.1974282839462624
P_LP.2968	1.2551485263311841	-1.2551485263311837
P_LP.2969	-1.8514998875045747	1.851499887504574
P_LP.297	0.35852451622893095	-0.35852451622893083
P_LP.2970	0.3544522981731859	-0.3544522981731861
P_LP.2971	-1.3793456754364302	1.37934567543643
P_LP.2972	0.8081402403651957	-0.8081402403651953
P_LP.2973	-0.054301294114941244	0.05430129411494096
P_LP.2974	-1.3629906212228529	1.3629906212228524
P_LP.2975	0.31161327364210173	-0.3116132736421016
P_LP.2976	-0.1588620822828246	0.15886208228282483
P_LP.2977	-1.05966416227938	1.0596641622793799
P_LP.2978	0.2207087106344504	-0.2207087106344506
P_LP.2979	-0.19814149639521583	0.1981414963952155
P_LP.298	-0.8318781268006415	0.8318781268006413
P_LP.2980	-0.4753214522782234	0.47532145227822303
P_LP.2981	-1.4309506939891556	1.4309506939891552
P_LP.2982	0.053429497087523065	-0.05342949708752279
P_LP.2983	-1.6480635168327646	1.6480635168327642
P_LP.2984	-2.0013133752312764	2.001313375231276
P_LP.2985	1.1937522460907666	-1.1937522460907661
P_LP.2986	0.4548241602172461	-0.4548241602172457
P_LP.2987	-1.592372276146589	1.5923722761465886
P_LP.2988	-1.419539127049818	1.4195391270498179
P_LP.2989	-0.9534737531019453	0.9534737531019449
P_LP.299	0.41072502516832954	-0.4107250251683297
P_LP.2990	0.0910536016237031	-0.09105360162370307
P_LP.2991	-0.9141657674765602	0.91416576747656
P_LP.2992	0.42884435554128786	-0.4288443555412875
P_LP.2993	0.0041508408889796644	-0.004150840888979397
P_LP.2994	0.1512256776763851	-0.15122567767638503
P_LP.2995	-1.7287380019623904	1.72873800196239
P_LP.2996	0.6690126762000801	-0.6690126762000802
P_LP.2997	-0.33358177519564697	0.33358177519564713
P_LP.2998	-0.5325534054161848	0.5325534054161847
P_LP.2999	1.0704283413391704	-1.07042834133917
P_LP.3	-2.188756700115047	2.188756700115046
P_LP.30	1.3462554701862655	-1.3462554701862648
P_LP.300	1.2314730801391653	-1.2314730801391651
P_LP.3000	-0.35321494239589357	0.3532149423958935
P_LP.3001	-1.480128098908238	1.4801280989082375
P_LP.3002	1.0900166982264536	-1.090016698226453
P_LP.3003	-0.7732115612318978	0.7732115612318976
P_LP.3004	1.4855027144289632	-1.4855027144289632
P_LP.3005	1.014028278084143	-1.0140282780841425
P_LP.3006	0.5136516040638809	-0.513651604063881
P_LP.3007	0.6742922516418098	-0.6742922516418096
P_LP.3008	1.2781888623798	-1.2781888623798
P_LP.3009	-1.3557847677274306	1.3557847677274302
P_LP.301	1.047060128913809	-1.0470601289138088
P_LP.3010	0.6993565073489464	-0.6993565073489462
P_LP.3011	-1.2266974583276846	1.2266974583276844
P_LP.3012	0.3793556421739311	-0.37935564217393125
P_LP.3013	1.0637826186137787	-1.0637826186137784
P_LP.3014	1.4900190409560103	-1.49001904095601
P_LP.3015	0.7570431398352554	-0.7570431398352551
P_LP.3016	0.40771355031066403	-0.407713550310664
P_LP.3017	0.5817827240398954	-0.5817827240398955
P_LP.3018	-0.04947965598317663	0.04947965598317635
P_LP.3019	-0.03928492569951994	0.03928492569951966
P_LP.302	0.8965129489350321	-0.8965129489350316
P_LP.3020	0.6823007151489825	-0.6823007151489823
P_LP.3021	-0.5629353096245397	0.5629353096245396
P_LP.3022	0.4809519809829559	-0.4809519809829557
P_LP.3023	-1.046423200178956	1.0464232001789557
P_LP.3024	-0.4394194739604602	0.4394194739604604
P_LP.3025	-1.1497546070516644	1.1497546070516642
P_LP.3026	-0.14199152093675663	0.14199152093675632
P_LP.3027	0.4950871518798797	-0.49508715187987984
P_LP.3028	-0.18913414412007315	0.1891341441200731
P_LP.3029	0.41454156988992	-0.4145415698899202
P_LP.303	-1.554989920510128	1.5549899205101276
P_LP.3030	1.2338070378936872	-1.2338070378936872
P_LP.3031	1.0072758240907516	-1.0072758240907513
P_LP.3032	0.1927121510060277	-0.19271215100602737
P_LP.3033	-2.057038079544795	2.0570380795447947
P_LP.3034	0.1339825924826974	-0.13398259248269734
P_LP.3035	-1.0772034328367928	1.0772034328367925
P_LP.3036	-0.2613354012371396	0.26133540123713983
P_LP.3037	-2.2272054645111905	2.2272054645111896
P_LP.3038	0.6836840102917462	-0.6836840102917459
P_LP.3039	-0.9100224918960923	0.910022491896092
P_LP.304	-1.2101503029662855	1.210150302966285
P_LP.3040	0.26814858549721327	-0.2681485854972132
P_LP.3041	1.3786655799466019	-1.3786655799466012
P_LP.3042	-1.405827408145469	1.4058274081454687
P_LP.3043	-0.6555513296143426	0.6555513296143425
P_LP.3044	1.2344504577539077	-1.2344504577539077
P_LP.3045	-0.6145086772972171	0.6145086772972169
P_LP.3046	1.0866101018221317	-1.0866101018221315
P_LP.3047	-1.6324822596351285	1.632482259635128
P_LP.3048	0.17048325950035517	-0.17048325950035484
P_LP.3049	-1.0293282058822448	1.0293282058822446
P_LP.305	-0.0350440920109804	0.035044092010980396
P_LP.3050	0.9207582742591703	-0.92075827425917
P_LP.3051	0.2769113126589654	-0.27691131265896507
P_LP.3052	-0.00770742111431439	0.007707421114314389
P_LP.3053	0.02240412501290894	-0.022404125012908938
P_LP.3054	-0.4883883443147017	0.4883883443147016
P_LP.3055	1.109638228499948	-1.1096382284999478
P_LP.3056	-1.0698783446941469	1.0698783446941467
P_LP.3057	-0.4013144480656483	0.4013144480656482
P_LP.3058	0.15345910212752648	-0.1534591021275267
P_LP.3059	-0.9465247039935154	0.9465247039935152
P_LP.306	-0.4241644477118567	0.4241644477118566
P_LP.3060	-1.085316624112262	1.0853166241122618
P_LP.3061	-0.8646204961586584	0.8646204961586582
P_LP.3062	0.6045235360093848	-0.6045235360093847
P_LP.3063	-0.5227682315801362	0.522768231580136
P_LP.3064	1.0454388404493375	-1.0454388404493373
P_LP.3065	0.024915914291759957	-0.024915914291759954
P_LP.3066	0.8793016254548187	-0.8793016254548184
P_LP.3067	-2.2761026292515973	2.276102629251597
P_LP.3068	1.08587930005371	-1.08587930005371
P_LP.3069	0.3593873354592985	-0.3593873354592987
P_LP.307	0.4304525428313687	-0.4304525428313686
P_LP.3070	1.3959832016213727	-1.3959832016213722
P_LP.3071	0.35304835479065666	-0.35304835479065655
P_LP.3072	0.09762665970785091	-0.09762665970785116
P_LP.3073	0.44415797672757545	-0.44415797672757534
P_LP.3074	1.1221787764029634	-1.1221787764029632
P_LP.3075	0.7130438029495607	-0.7130438029495604
P_LP.3076	-0.23307487384176406	0.23307487384176376
P_LP.3077	0.9151919906961263	-0.9151919906961261
P_LP.3078	-2.0422383655319116	2.042238365531911
P_LP.3079	-0.054394551125914806	0.054394551125915055
P_LP.308	-0.5416698089374552	0.5416698089374551
P_LP.3080	-0.18008500488895343	0.18008500488895313
P_LP.3081	0.5177968892492516	-0.5177968892492515
P_LP.3082	1.405273319710674	-1.4052733197106735
P_LP.3083	-0.14137729254892176	0.14137729254892198
P_LP.3084	-2.1553526321233596	2.155352632123359
P_LP.3085	-0.6699603657986728	0.6699603657986726
P_LP.3086	1.0268962784929316	-1.0268962784929314
P_LP.3087	1.2537871850573266	-1.2537871850573263
P_LP.3088	-0.18757725650171633	0.18757725650171655
P_LP.3089	-0.7157295102943265	0.7157295102943264
P_LP.309	-0.032964722891594515	0.032964722891594245
P_LP.3090	0.5459534960311374	-0.5459534960311371
P_LP.3091	0.4464081162422215	-0.44640811624222165
P_LP.3092	-0.09298705746030125	0.09298705746030096
P_LP.3093	0.01029011634647783	-0.010290116346478091
P_LP.3094	-0.801156796109641	0.8011567961096409
P_LP.3095	-0.5415518771130614	0.5415518771130613
P_LP.3096	0.6764690737741625	-0.6764690737741621
P_LP.3097	0.04322988509487089	-0.04322988509487115
P_LP.3098	1.5994719732100031	-1.5994719732100031
P_LP.3099	1.3638248724877078	-1.3638248724877073
P_LP.31	-1.3259257340024249	1.3259257340024244
P_LP.310	-0.2640287907062955	0.2640287907062954
P_LP.3100	-1.8962143542978593	1.8962143542978587
P_LP.3101	-0.376214593457461	0.37621459345746117
P_LP.3102	0.19064484559412706	-0.19064484559412703
P_LP.3103	-1.8832488033707486	1.8832488033707482
P_LP.3104	-0.7326328022767726	0.7326328022767724
P_LP.3105	-1.1905286501657735	1.1905286501657733
P_LP.3106	0.22540303462808087	-0.2254030346280808
P_LP.3107	0.7194116012852666	-0.7194116012852663
P_LP.3108	-1.1521936454616941	1.152193645461694
P_LP.3109	-0.7161496655472568	0.7161496655472567
P_LP.311	1.0596318531320577	-1.0596318531320574
P_LP.3110	-1.3542883353966777	1.3542883353966773
P_LP.3111	1.088065193083353	-1.0880651930833525
P_LP.3112	0.21892893386171794	-0.21892893386171786
P_LP.3113	0.6093118675399668	-0.6093118675399667
P_LP.3114	1.0897019809445414	-1.089701980944541
P_LP.3115	-2.4514295021706745	2.451429502170674
P_LP.3116	0.2933065448201286	-0.2933065448201285
P_LP.3117	-0.935842776683619	0.9358427766836187
P_LP.3118	-0.3860472855440476	0.38604728554404777
P_LP.3119	1.19223421511164	-1.19223421511164
P_LP.312	-0.36252531839127283	0.3625253183912727
P_LP.3120	-0.6804196185582405	0.6804196185582403
P_LP.3121	-0.33097989206128436	0.33097989206128453
P_LP.3122	-0.9716019886981248	0.9716019886981245
P_LP.3123	-0.7553985159678757	0.7553985159678756
P_LP.3124	-0.9486824290285332	0.9486824290285328
P_LP.3125	-1.1698586242867939	1.1698586242867934
P_LP.3126	0.17767104524387084	-0.17767104524387106
P_LP.3127	0.40099122028111045	-0.4009912202811106
P_LP.3128	-0.8430076598455137	0.8430076598455135
P_LP.3129	-0.06078768148752397	0.060787681487523684
P_LP.313	0.20142621504776728	-0.20142621504776725
P_LP.3130	-0.3675500840906414	0.367550084090641
P_LP.3131	-1.7147235056788985	1.714723505678898
P_LP.3132	0.059419833619986186	-0.05941983361998617
P_LP.3133	-0.4487909482018986	0.4487909482018984
P_LP.3134	0.41460357574160106	-0.41460357574160067
P_LP.3135	-0.5655580148004586	0.5655580148004585
P_LP.3136	0.30904099501485877	-0.3090409950148587
P_LP.3137	0.36792551704036136	-0.3679255170403615
P_LP.3138	-1.0271278484807829	1.0271278484807826
P_LP.3139	-1.8557942403411074	1.8557942403411067
P_LP.314	-2.3623193395830726	2.3623193395830717
P_LP.3140	-2.081394718726127	2.0813947187261266
P_LP.3141	-0.01844818103103877	0.0184481810310385
P_LP.3142	-1.3629554112150954	1.362955411215095
P_LP.3143	-1.8860533996635624	1.8860533996635618
P_LP.3144	0.9872915200656127	-0.9872915200656122
P_LP.3145	-1.610118838077074	1.6101188380770735
P_LP.3146	-0.8358478795492446	0.8358478795492443
P_LP.3147	1.041216896020029	-1.041216896020029
P_LP.3148	-0.9265092302797611	0.9265092302797608
P_LP.3149	0.8854383404432589	-0.8854383404432586
P_LP.315	-1.3655313797497186	1.3655313797497182
P_LP.3150	0.6175384484340875	-0.6175384484340876
P_LP.3151	-0.7979816350382913	0.7979816350382911
P_LP.3152	0.7460556378122308	-0.7460556378122304
P_LP.3153	-0.9574926751693746	0.9574926751693744
P_LP.3154	-0.25882838042386935	0.258828380423869
P_LP.3155	1.2881795887563838	-1.2881795887563834
P_LP.3156	-0.1785540308364007	0.17855403083640065
P_LP.3157	-0.3326029146429635	0.33260291464296343
P_LP.3158	-0.949196412267033	0.9491964122670328
P_LP.3159	-0.7303010488213835	0.7303010488213832
P_LP.316	1.1036712429058242	-1.1036712429058242
P_LP.3160	-0.47056427301183723	0.47056427301183684
P_LP.3161	0.9300599172866718	-0.9300599172866714
P_LP.3162	0.4583530276650116	-0.45835302766501124
P_LP.3163	-0.6269259771135215	0.6269259771135213
P_LP.3164	-0.27227321507173413	0.2722732150717338
P_LP.3165	0.27569623772453106	-0.2756962377245312
P_LP.3166	0.08388406966060279	-0.08388406966060304
P_LP.3167	0.4421051611282166	-0.4421051611282162
P_LP.3168	-1.130678858913006	1.1306788589130055
P_LP.3169	0.01728807692150229	-0.017288076921502287
P_LP.317	0.1561698643375841	-0.15616986433758379
P_LP.3170	0.45252615130574186	-0.4525261513057417
P_LP.3171	0.10895305388344068	-0.10895305388344065
P_LP.3172	-1.2130865463864977	1.2130865463864973
P_LP.3173	0.5386769906360854	-0.5386769906360855
P_LP.3174	0.2593573547006208	-0.25935735470062077
P_LP.3175	-1.7028583442849918	1.7028583442849914
P_LP.3176	-0.32176089089155446	0.32176089089155463
P_LP.3177	1.294036270469345	-1.2940362704693447
P_LP.3178	-1.1261635730385449	1.1261635730385446
P_LP.3179	0.10160238569670234	-0.10160238569670259
P_LP.318	-0.7829814269840668	0.7829814269840666
P_LP.3180	-0.5861404558762316	0.5861404558762315
P_LP.3181	0.055762018030695935	-0.05576201803069592
P_LP.3182	-1.421513796137225	1.4215137961372246
P_LP.3183	-0.2581114324597544	0.25811143245975426
P_LP.3184	-0.49115419067446076	0.49115419067446087
P_LP.3185	0.5265570212151965	-0.5265570212151967
P_LP.3186	-1.4609909465052147	1.4609909465052142
P_LP.3187	0.809505198056318	-0.8095051980563176
P_LP.3188	-1.273637844015114	1.2736378440151135
P_LP.3189	0.26763233824969346	-0.2676323382496931
P_LP.319	-0.2244217537922502	0.22442175379225016
P_LP.3190	-0.9806023846154628	0.9806023846154626
P_LP.3191	-0.2714797363197238	0.2714797363197237
P_LP.3192	0.521144657348891	-0.5211446573488906
P_LP.3193	-0.46227352334965544	0.46227352334965505
P_LP.3194	-2.0537734845611606	2.05377348456116
P_LP.3195	0.2307550304972897	-0.23075503049728938
P_LP.3196	-0.533823927464005	0.5338239274640049
P_LP.3197	-1.120076629470376	1.1200766294703755
P_LP.3198	0.2615819572486901	-0.26158195724869004
P_LP.3199	-0.6606514557006766	0.6606514557006764
P_LP.32	0.1526923506299961	-0.1526923506299963
P_LP.320	-1.880958954413151	1.8809589544131506
P_LP.3200	-0.9138751632756192	0.9138751632756189
P_LP.3201	0.9218919134635739	-0.9218919134635734
P_LP.3202	-0.5055788982604135	0.5055788982604134
P_LP.3203	-0.6730049065215199	0.6730049065215198
P_LP.3204	-0.010485125801779278	0.01048512580177901
P_LP.3205	0.35331655433846854	-0.3533165543384685
P_LP.3206	-0.7962756944897943	0.7962756944897941
P_LP.3207	0.6378127909367568	-0.6378127909367564
P_LP.3208	-0.5583659245668384	0.5583659245668382
P_LP.3209	1.5347292757406807	-1.53472927574068
P_LP.321	-0.46208814005231263	0.46208814005231247
P_LP.3210	-0.5721307443873987	0.5721307443873986
P_LP.3211	-1.6947143853869155	1.694714385386915
P_LP.3212	-0.6237137169999688	0.6237137169999687
P_LP.3213	-2.325164665377741	2.32516466537774
P_LP.3214	0.6973624365768835	-0.6973624365768832
P_LP.3215	1.1874343036972799	-1.1874343036972794
P_LP.3216	-1.1527722149671435	1.152772214967143
P_LP.3217	-0.3426496412399823	0.3426496412399822
P_LP.3218	-2.509153236776892	2.509153236776891
P_LP.3219	0.8445418746121408	-0.8445418746121405
P_LP.322	-1.5190116083026284	1.519011608302628
P_LP.3220	0.831790751996769	-0.8317907519967687
P_LP.3221	-0.6437938789708068	0.6437938789708066
P_LP.3222	-1.6308609491105448	1.6308609491105444
P_LP.3223	0.08385656680024106	-0.08385656680024105
P_LP.3224	-0.8155514906333087	0.8155514906333085
P_LP.3225	0.1367705641046037	-0.13677056410460367
P_LP.3226	1.4733650524796047	-1.4733650524796043
P_LP.3227	0.34345899536653474	-0.3434589953665344
P_LP.3228	1.099379090368529	-1.0993790903685283
P_LP.3229	1.4638165665597067	-1.463816566559706
P_LP.323	0.8278141756711216	-0.827814175671121
P_LP.3230	-0.7411276637544253	0.7411276637544251
P_LP.3231	-0.3934225247571244	0.39342252475712436
P_LP.3232	0.2852528053383819	-0.28525280533838154
P_LP.3233	-0.7609073248522061	0.7609073248522059
P_LP.3234	0.27655999464730474	-0.2765599946473047
P_LP.3235	0.22962500699050667	-0.22962500699050634
P_LP.3236	1.2272736089047855	-1.227273608904785
P_LP.3237	0.5194365225946707	-0.5194365225946702
P_LP.3238	-0.03755894633002328	0.037558946330023275
P_LP.3239	0.025665013090199643	-0.025665013090199373
P_LP.324	1.4886237466169643	-1.488623746616964
P_LP.3240	0.2840870751355193	-0.28408707513551923
P_LP.3241	0.30065604472877794	-0.3006560447287779
P_LP.3242	1.2397607422853523	-1.239760742285352
P_LP.3243	-0.4871132660787865	0.4871132660787864
P_LP.3244	0.15543122977186022	-0.15543122977186044
P_LP.3245	0.8967702168545868	-0.8967702168545866
P_LP.3246	1.1135790360416216	-1.1135790360416216
P_LP.3247	-0.8996221869928582	0.899622186992858
P_LP.3248	1.2033200400724162	-1.2033200400724158
P_LP.3249	0.6161115019948503	-0.6161115019948502
P_LP.325	-0.857943178909771	0.8579431789097708
P_LP.3250	0.1740323016253085	-0.17403230162530844
P_LP.3251	1.1325425451065037	-1.132542545106503
P_LP.3252	-0.6722998639159864	0.6722998639159862
P_LP.3253	0.7274316685686761	-0.727431668568676
P_LP.3254	-0.05229351382869994	0.05229351382869993
P_LP.3255	-1.4150195814475588	1.4150195814475586
P_LP.3256	0.13868127293908655	-0.1386812729390865
P_LP.3257	0.16600258771013743	-0.16600258771013712
P_LP.3258	1.5110383195023174	-1.511038319502317
P_LP.3259	0.2566040201779881	-0.2566040201779878
P_LP.326	-1.0837109257108626	1.0837109257108624
P_LP.3260	-1.8724260622437185	1.8724260622437179
P_LP.3261	-1.2161212012072806	1.2161212012072802
P_LP.3262	0.42448623585619694	-0.4244862358561971
P_LP.3263	-0.3448847204358862	0.34488472043588614
P_LP.3264	-0.705398911315237	0.7053989113152369
P_LP.3265	0.33900368577108275	-0.3390036857710827
P_LP.3266	1.168799827535867	-1.168799827535867
P_LP.3267	0.6547114689813891	-0.6547114689813889
P_LP.3268	-0.8174001404368515	0.8174001404368513
P_LP.3269	-0.3775963537876713	0.3775963537876712
P_LP.327	1.1751630554611743	-1.175163055461174
P_LP.3270	-0.285065736357574	0.28506573635757393
P_LP.3271	-0.2552028824747867	0.25520288247478656
P_LP.3272	-1.0804482552685242	1.080448255268524
P_LP.3273	1.4370575490477144	-1.4370575490477144
P_LP.3274	-0.7645763268313328	0.7645763268313327
P_LP.3275	-1.01230348787213	1.0123034878721298
P_LP.3276	-2.3341681258965465	2.334168125896546
P_LP.3277	1.0106857805287228	-1.0106857805287228
P_LP.3278	-0.2239728560378048	0.22397285603780476
P_LP.3279	-0.6716491637310816	0.6716491637310814
P_LP.328	0.1799485215169322	-0.1799485215169324
P_LP.3280	1.7836043176806315	-1.7836043176806309
P_LP.3281	-0.5849397043948861	0.584939704394886
P_LP.3282	-0.18723093641081112	0.18723093641081082
P_LP.3283	-0.6365631006978462	0.636563100697846
P_LP.3284	0.7496953058970736	-0.7496953058970731
P_LP.3285	0.6732495275958558	-0.6732495275958555
P_LP.3286	1.1973425958225945	-1.1973425958225943
P_LP.3287	-0.9904950665279955	0.9904950665279951
P_LP.3288	-1.3733125942039186	1.3733125942039182
P_LP.3289	-2.2477247308621946	2.2477247308621937
P_LP.329	0.9165058267488986	-0.9165058267488986
P_LP.3290	-1.1113795904121822	1.111379590412182
P_LP.3291	0.20101320117430838	-0.20101320117430832
P_LP.3292	0.38037048717829425	-0.38037048717829414
P_LP.3293	-0.8106846579167546	0.8106846579167544
P_LP.3294	0.7751823789027643	-0.7751823789027644
P_LP.3295	-0.47023734959566166	0.4702373495956615
P_LP.3296	-0.4444795514968765	0.4444795514968764
P_LP.3297	-1.7051821122063031	1.7051821122063027
P_LP.33	0.23876176576967958	-0.2387617657696795
P_LP.331	1.5305458402453276	-1.5305458402453274
P_LP.332	1.461359163057826	-1.4613591630578258
P_LP.333	0.8460273780844197	-0.8460273780844197
P_LP.334	0.45186147435419644	-0.4518614743541966
P_LP.335	0.9629475246830369	-0.962947524683037
P_LP.336	1.255524904756534	-1.2555249047565336
P_LP.337	-0.3384457485718763	0.338445748571876
P_LP.338	-1.304826541830868	1.3048265418308678
P_LP.339	0.20601070540110414	-0.20601070540110436
P_LP.34	0.08387565895506291	-0.08387565895506315
P_LP.340	0.59427387258347	-0.5942738725834696
P_LP.341	0.6136684212116875	-0.6136684212116873
P_LP.342	1.084226187318483	-1.0842261873184826
P_LP.343	-0.7134480697059011	0.7134480697059009
P_LP.344	0.7084798886087077	-0.7084798886087073
P_LP.345	-1.758959389923651	1.7589593899236506
P_LP.346	1.297341608439614	-1.2973416084396134
P_LP.347	0.8883452701260084	-0.8883452701260081
P_LP.348	-0.5784796467321519	0.5784796467321518
P_LP.349	-1.0769666091845764	1.0769666091845762
P_LP.35	0.07088149929336127	-0.07088149929336124
P_LP.350	1.1961513718163121	-1.196151371816312
P_LP.351	0.23839270310764304	-0.238392703107643
P_LP.352	1.3863212791582098	-1.3863212791582094
P_LP.353	-1.4448787403944678	1.4448787403944674
P_LP.354	-0.0641197892916405	0.06411978929164075
P_LP.355	0.6959198760268902	-0.6959198760268901
P_LP.356	1.2177855997325515	-1.217785599732551
P_LP.357	0.07523389733915346	-0.07523389733915371
P_LP.358	-1.3269689989291142	1.3269689989291138
P_LP.359	-2.0794779373923413	2.079477937392341
P_LP.36	-0.5575443483596676	0.5575443483596675
P_LP.360	-0.17402578304484947	0.1740257830448497
P_LP.361	0.9708150232079966	-0.9708150232079965
P_LP.362	0.5080111249243633	-0.5080111249243632
P_LP.363	-1.1400767899378996	1.1400767899378992
P_LP.364	0.31232137529900744	-0.31232137529900733
P_LP.365	0.7448030039302908	-0.7448030039302905
P_LP.366	-0.7816504631718891	0.781650463171889
P_LP.367	-1.3182034315859192	1.318203431585919
P_LP.368	0.8471073982148118	-0.8471073982148118
P_LP.369	-0.3830396389181566	0.3830396389181568
P_LP.37	0.7527528888397991	-0.7527528888397992
P_LP.370	-0.9437039884904188	0.9437039884904186
P_LP.371	0.4924533663551294	-0.49245336635512954
P_LP.372	0.4713151130593496	-0.4713151130593495
P_LP.373	-1.2255033048887516	1.2255033048887511
P_LP.374	1.2756101489727738	-1.2756101489727738
P_LP.375	-2.394754121279671	2.3947541212796706
P_LP.376	1.4843215235926446	-1.484321523592644
P_LP.377	0.2745022592916401	-0.27450225929164007
P_LP.378	0.4973632454026127	-0.49736324540261256
P_LP.379	-0.7881021440856161	0.7881021440856159
P_LP.38	-1.615098694142464	1.6150986941424637
P_LP.380	-1.700868484961753	1.7008684849617526
P_LP.381	0.34732516612811337	-0.3473251661281136
P_LP.382	-1.056333269139703	1.0563332691397027
P_LP.383	0.9797498087653208	-0.9797498087653208
P_LP.384	0.8458408815978654	-0.845840881597865
P_LP.385	-1.8066376396965256	1.8066376396965251
P_LP.386	0.2325716410205067	-0.23257164102050637
P_LP.387	-0.7747102868732997	0.7747102868732995
P_LP.388	-0.6339702681495577	0.6339702681495576
P_LP.389	1.0646881249739457	-1.0646881249739455
P_LP.39	0.620265219152006	-0.6202652191520058
P_LP.390	1.229759151728729	-1.2297591517287285
P_LP.391	0.023939621743986412	-0.02393962174398614
P_LP.392	-0.2647414258589587	0.2647414258589584
P_LP.393	-0.849887743587868	0.8498877435878678
P_LP.394	1.221806471884263	-1.2218064718842627
P_LP.395	-0.05543694329842169	0.05543694329842168
P_LP.396	0.97191600274193	-0.9719160027419295
P_LP.397	0.9108029147236164	-0.9108029147236164
P_LP.398	0.15423328764491734	-0.15423328764491703
P_LP.399	1.2282157877000877	-1.2282157877000874
P_LP.4	0.39320869221538635	-0.3932086922153865
P_LP.40	-1.4515730966905882	1.4515730966905878
P_LP.400	-1.2356238530979966	1.2356238530979964
P_LP.401	1.5134652282339613	-1.5134652282339611
P_LP.402	0.8445187442727814	-0.8445187442727813
P_LP.403	0.5139766972424198	-0.5139766972424196
P_LP.404	1.3829125914437612	-1.3829125914437608
P_LP.405	-1.3518147429464877	1.3518147429464873
P_LP.406	0.0032382672199979916	-0.0032382672199979907
P_LP.407	1.3241732331726586	-1.3241732331726583
P_LP.408	0.2371507975490869	-0.23715079754908658
P_LP.409	0.23732647156934045	-0.2373264715693404
P_LP.41	0.6484891378906349	-0.648489137890635
P_LP.410	1.3129427224739905	-1.3129427224739902
P_LP.411	1.0535287044101498	-1.0535287044101496
P_LP.412	1.0272422667728391	-1.027242266772839
P_LP.413	0.8828620137093144	-0.8828620137093139
P_LP.414	1.181157063107111	-1.1811570631071107
P_LP.415	-0.13299145427716988	0.1329914542771701
P_LP.416	0.9986796064066958	-0.9986796064066956
P_LP.417	1.2341043179243547	-1.2341043179243543
P_LP.418	0.5977628941175105	-0.5977628941175106
P_LP.419	-1.7787167647681659	1.7787167647681654
P_LP.42	-2.2231003388472934	2.223100338847293
P_LP.420	-0.026209021411259914	0.026209021411259907
P_LP.421	-2.3487829824549005	2.3487829824548996
P_LP.422	0.057670233233354906	-0.05767023323335463
P_LP.423	-0.5074151340048607	0.5074151340048608
P_LP.424	-0.7317834896648256	0.7317834896648255
P_LP.425	-0.9828478718927518	0.9828478718927515
P_LP.426	0.7635055724596151	-0.7635055724596151
P_LP.427	0.40315641189088164	-0.4031564118908815
P_LP.428	1.0001596185556607	-1.0001596185556605
P_LP.429	-1.3618145276781808	1.3618145276781803
P_LP.43	0.7035835048699456	-0.7035835048699455
P_LP.430	0.8499384610472661	-0.8499384610472658
P_LP.431	1.6337815984126731	-1.6337815984126727
P_LP.432	1.084819329525454	-1.0848193295254538
P_LP.433	-1.168536684890727	1.1685366848907268
P_LP.434	-0.9919425779920696	0.9919425779920693
P_LP.435	-0.08999502118172448	0.08999502118172446
P_LP.436	0.8005105606520143	-0.8005105606520141
P_LP.437	-1.108830514611997	1.1088305146119966
P_LP.438	-0.96371858825466	0.9637185882546597
P_LP.439	1.2218584320479215	-1.2218584320479213
P_LP.44	0.16919621221354375	-0.16919621221354397
P_LP.440	1.475434494864023	-1.4754344948640223
P_LP.441	0.11586329614794408	-0.11586329614794431
P_LP.442	0.7959460055516134	-0.7959460055516131
P_LP.443	1.4556118646353322	-1.4556118646353318
P_LP.444	-1.071322072276817	1.0713220722768166
P_LP.445	-0.6633597845452868	0.6633597845452865
P_LP.446	1.2570373957592056	-1.2570373957592056
P_LP.447	-1.4402522978741377	1.4402522978741372
P_LP.448	0.5609435118354124	-0.5609435118354122
P_LP.449	0.9183369648147994	-0.9183369648147992
P_LP.45	0.37538954571658756	-0.37538954571658745
P_LP.450	1.5853574720305978	-1.5853574720305972
P_LP.451	0.24991485001413757	-0.24991485001413724
P_LP.452	-1.0710699831492743	1.071069983149274
P_LP.453	-0.1880892769395569	0.18808927693955688
P_LP.454	-1.0117568524944198	1.0117568524944196
P_LP.455	1.0005891049600797	-1.000589104960079
P_LP.456	-0.22210530929025063	0.22210530929025057
P_LP.457	1.0498254716043791	-1.049825471604379
P_LP.458	0.5544441062947627	-0.5544441062947626
P_LP.459	0.9376588445297194	-0.937658844529719
P_LP.46	1.0655909517037032	-1.065590951703703
P_LP.460	0.029807844595394938	-0.02980784459539493
P_LP.461	0.5099175849050535	-0.5099175849050532
P_LP.462	0.7242139088947005	-0.7242139088947004
P_LP.463	-0.12294652788310424	0.12294652788310421
P_LP.464	-1.1502481012798569	1.1502481012798564
P_LP.465	0.2361018052332462	-0.23610180523324611
P_LP.466	0.9553423550425925	-0.9553423550425922
P_LP.467	-0.5065739053299567	0.5065739053299564
P_LP.468	-0.3273085465789245	0.3273085465789244
P_LP.469	0.1649189006326434	-0.16491890063264336
P_LP.47	-0.14803125457794059	0.14803125457794028
P_LP.470	1.1325078339889303	-1.1325078339889298
P_LP.471	0.4899891342835454	-0.489989134283545
P_LP.472	0.18208488587815191	-0.18208488587815186
P_LP.473	1.6424884097350967	-1.6424884097350965
P_LP.474	0.9100949525514213	-0.910094952551421
P_LP.475	-1.157948779551341	1.1579487795513408
P_LP.476	0.5627125369654968	-0.5627125369654964
P_LP.477	-1.5489258855810126	1.5489258855810124
P_LP.478	0.9867704563060747	-0.9867704563060743
P_LP.479	-0.9984265973038833	0.998426597303883
P_LP.48	-0.9349803595769607	0.9349803595769604
P_LP.480	0.611634620169358	-0.6116346201693581
P_LP.481	0.8601048931721988	-0.8601048931721985
P_LP.482	0.3468990543663096	-0.34689905436630925
P_LP.483	0.8161702735316796	-0.8161702735316797
P_LP.484	-1.8675024037849344	1.867502403784934
P_LP.485	-1.9616494282300592	1.9616494282300587
P_LP.486	0.8392052157715835	-0.8392052157715835
P_LP.487	-0.462071762063493	0.4620717620634929
P_LP.488	0.6108649061630788	-0.6108649061630789
P_LP.489	-0.1772766132474021	0.17727661324740204
P_LP.49	-1.9120589718296217	1.9120589718296213
P_LP.490	-1.206380579803295	1.2063805798032945
P_LP.491	-2.036922759676754	2.0369227596767536
P_LP.492	0.9753630724866568	-0.9753630724866565
P_LP.493	0.6576635535400159	-0.657663553540016
P_LP.494	0.8658798729133441	-0.8658798729133437
P_LP.495	-0.6903861358865341	0.6903861358865339
P_LP.496	1.1498256565933942	-1.1498256565933938
P_LP.497	0.19450314314398892	-0.19450314314398912
P_LP.498	1.6758713084975385	-1.675871308497538
P_LP.499	0.6043818909741803	-0.6043818909741804
P_LP.5	-1.4921224356753644	1.492122435675364
P_LP.50	1.220966547139534	-1.2209665471395337
P_LP.500	-1.924211107204491	1.9242111072044903
P_LP.501	0.7763536459797169	-0.7763536459797169
P_LP.502	1.0014572283317793	-1.001457228331779
P_LP.503	0.8831564743241715	-0.8831564743241714
P_LP.504	0.6426942769701531	-0.6426942769701529
P_LP.505	0.3671460966776046	-0.36714609667760423
P_LP.506	0.9486944705226565	-0.9486944705226561
P_LP.507	0.7546860270311051	-0.754686027031105
P_LP.508	0.696961764309291	-0.6969617643092911
P_LP.509	0.6357923259946203	-0.6357923259946199
P_LP.51	-0.20464379255931275	0.20464379255931245
P_LP.510	-1.4805654301488091	1.4805654301488087
P_LP.511	0.5111619760188114	-0.5111619760188113
P_LP.512	-0.13912709381001445	0.13912709381001442
P_LP.513	1.0415436562187488	-1.0415436562187486
P_LP.514	-0.6405058925397652	0.6405058925397651
P_LP.515	0.14295945628100795	-0.14295945628100792
P_LP.516	0.0529756837984328	-0.05297568379843279
P_LP.517	0.13891692886778523	-0.13891692886778545
P_LP.518	-0.2540102637947737	0.25401026379477337
P_LP.519	0.16084188949094652	-0.16084188949094622
P_LP.52	1.5080887669425294	-1.508088766942529
P_LP.520	0.38973184233446917	-0.3897318423344691
P_LP.521	0.8088679346939129	-0.8088679346939126
P_LP.522	1.2169079331551225	-1.216907933155122
P_LP.523	0.8186637087152164	-0.8186637087152163
P_LP.524	1.3513337440205202	-1.3513337440205198
P_LP.525	0.03113682440756836	-0.031136824407568618
P_LP.526	-2.167469034307839	2.1674690343078384
P_LP.527	0.23234176054196765	-0.2323417605419676
P_LP.528	0.3828582503938988	-0.3828582503938984
P_LP.529	-0.7070674903993135	0.7070674903993134
P_LP.53	-1.0448547521101736	1.0448547521101734
P_LP.530	0.9830523105605716	-0.9830523105605712
P_LP.531	0.055111464258779184	-0.05511146425877917
P_LP.532	0.8941714489321932	-0.8941714489321929
P_LP.533	0.8946902284790427	-0.8946902284790426
P_LP.534	0.08776203715594297	-0.0877620371559432
P_LP.535	-1.40490104375712	1.4049010437571197
P_LP.536	0.9762235295294386	-0.9762235295294382
P_LP.538	-0.27653812575791203	0.276538125757912
P_LP.539	-1.7421543697934043	1.7421543697934039
P_LP.54	-1.0306834085055154	1.030683408505515
P_LP.540	1.480435208840551	-1.4804352088405506
P_LP.541	0.02206017480666622	-0.022060174806666215
P_LP.542	1.2265706848394555	-1.2265706848394553
P_LP.543	1.6257550988071958	-1.6257550988071954
P_LP.544	-0.588447585681884	0.5884475856818838
P_LP.545	-2.670001512952127	2.6700015129521266
P_LP.546	0.5976842791767618	-0.5976842791767614
P_LP.547	-0.7096744752084879	0.7096744752084877
P_LP.548	0.37942212009817977	-0.37942212009817994
P_LP.549	0.917424326987893	-0.9174243269878924
P_LP.55	-1.3789228685416892	1.378922868541689
P_LP.550	1.4332287009672797	-1.4332287009672795
P_LP.551	-0.7955373473525058	0.7955373473525056
P_LP.552	-0.09831825284859212	0.0983182528485921
P_LP.553	0.5352611023167922	-0.5352611023167918
P_LP.554	0.2708121793369388	-0.2708121793369387
P_LP.555	1.1855302233985274	-1.185530223398527
P_LP.556	1.0193446896518932	-1.019344689651893
P_LP.557	-0.35287359637659443	0.3528735963765946
P_LP.558	-0.21517758900512024	0.2151775890051199
P_LP.559	-0.3324445444842046	0.33244454448420474
P_LP.56	-0.12748977354941335	0.12748977354941357
P_LP.560	0.6917811948619342	-0.6917811948619341
P_LP.561	-0.2698316309715502	0.2698316309715501
P_LP.562	-0.8011255820675411	0.8011255820675409
P_LP.563	-1.2204474250555006	1.2204474250555002
P_LP.564	-1.3608075392612535	1.360807539261253
P_LP.565	1.504401387749551	-1.5044013877495508
P_LP.566	1.4109690045990582	-1.4109690045990577
P_LP.567	-1.4850211284893622	1.4850211284893617
P_LP.568	-2.3259948094136274	2.325994809413627
P_LP.569	-1.227771388991439	1.2277713889914388
P_LP.57	1.0674912918594757	-1.0674912918594754
P_LP.570	0.5789722658846811	-0.5789722658846806
P_LP.571	-1.907621997831682	1.9076219978316815
P_LP.572	0.2814436956250584	-0.28144369562505855
P_LP.573	0.15229000271057375	-0.1522900027105737
P_LP.574	-0.7453589848939248	0.7453589848939246
P_LP.575	0.8389581940718295	-0.8389581940718295
P_LP.576	-1.945990752704588	1.9459907527045877
P_LP.577	-2.2024595301086385	2.202459530108638
P_LP.578	-0.8119380463377063	0.811938046337706
P_LP.579	-0.44914485752029465	0.44914485752029426
P_LP.58	1.2292960790264047	-1.2292960790264043
P_LP.580	1.0209158243049934	-1.0209158243049932
P_LP.581	1.0079206826822387	-1.0079206826822387
P_LP.582	1.2301374523651443	-1.230137452365144
P_LP.583	-1.2487885114513393	1.248788511451339
P_LP.584	0.07380111729680472	-0.07380111729680469
P_LP.585	-0.979969313084432	0.9799693130844317
P_LP.586	1.182058964929607	-1.1820589649296067
P_LP.587	0.3143317688111599	-0.3143317688111598
P_LP.588	1.3973191580066293	-1.3973191580066289
P_LP.589	-2.012850653760881	2.01285065376088
P_LP.59	-0.042786135192334734	0.04278613519233473
P_LP.590	0.2858110447718006	-0.28581104477180047
P_LP.591	0.9111373599266066	-0.9111373599266065
P_LP.592	0.9568164358957487	-0.9568164358957486
P_LP.594	-2.4624396036588982	2.4624396036588974
P_LP.595	0.5564432988394957	-0.5564432988394956
P_LP.596	-1.2542964451781689	1.2542964451781686
P_LP.597	1.178698411810682	-1.1786984118106816
P_LP.598	1.1559898249330818	-1.1559898249330813
P_LP.599	-0.05154306577115676	0.05154306577115701
P_LP.6	-0.04807539869231064	0.048075398692310624
P_LP.60	0.9066773490353046	-0.9066773490353046
P_LP.600	-0.2970813769519508	0.2970813769519507
P_LP.601	-2.3986662185931222	2.398666218593122
P_LP.602	-0.3480312903464985	0.3480312903464984
P_LP.603	-1.4228181806158011	1.4228181806158007
P_LP.604	0.4097538498035682	-0.4097538498035684
P_LP.605	0.6389339808709883	-0.6389339808709882
P_LP.606	0.337352501492605	-0.3373525014926049
P_LP.607	-0.06688834573333614	0.06688834573333613
P_LP.608	-2.2196056601341647	2.2196056601341643
P_LP.609	-1.1638357241011894	1.163835724101189
P_LP.61	1.4073374476163278	-1.4073374476163276
P_LP.610	-0.6399953221800515	0.6399953221800513
P_LP.611	1.014276538050312	-1.0142765380503118
P_LP.612	-0.6811571388128947	0.6811571388128946
P_LP.613	-0.3620060578352623	0.36200605783526246
P_LP.614	1.3113399504042136	-1.3113399504042134
P_LP.615	1.1712713380053394	-1.1712713380053392
P_LP.616	-1.5073326610812365	1.507332661081236
P_LP.617	-1.838832974339371	1.8388329743393705
P_LP.618	1.4575073308349062	-1.4575073308349058
P_LP.619	0.26901981422841614	-0.2690198142284163
P_LP.62	-0.37252003892708113	0.3725200389270813
P_LP.620	-0.5971845783599152	0.5971845783599151
P_LP.621	0.07559188448517654	-0.07559188448517624
P_LP.622	1.315399159571628	-1.3153991595716272
P_LP.623	-1.008204516857607	1.0082045168576068
P_LP.624	-1.5520758000325199	1.5520758000325194
P_LP.625	-1.0473712540277742	1.047371254027774
P_LP.626	0.5986100935757374	-0.598610093575737
P_LP.627	0.49464662037537827	-0.4946466203753779
P_LP.628	0.35086721464957565	-0.35086721464957527
P_LP.629	0.7637420039455936	-0.7637420039455931
P_LP.63	0.5079933091978606	-0.5079933091978607
P_LP.630	0.33036198745578094	-0.3303619874557809
P_LP.631	-0.4405574528872174	0.44055745288721704
P_LP.632	0.1776628937617756	-0.17766289376177583
P_LP.633	-0.613847698873088	0.6138476988730879
P_LP.634	-2.122815565735895	2.1228155657358947
P_LP.635	-0.7819379890586974	0.7819379890586972
P_LP.636	0.6544458846325663	-0.654445884632566
P_LP.637	0.8729699173558083	-0.8729699173558081
P_LP.638	0.6496918261373118	-0.6496918261373119
P_LP.639	0.6671229390430891	-0.6671229390430886
P_LP.64	0.648918900365599	-0.6489189003655991
P_LP.640	0.4646791394793355	-0.4646791394793353
P_LP.641	0.03713558830552902	-0.03713558830552928
P_LP.642	-0.06121465394364275	0.061214653943643
P_LP.643	1.3129081648171461	-1.3129081648171457
P_LP.644	0.41279589194739974	-0.4127958919473999
P_LP.645	-0.3952838240944405	0.3952838240944404
P_LP.646	-1.2215116857414023	1.2215116857414021
P_LP.647	0.9516865811724691	-0.9516865811724691
P_LP.648	-2.334363067896237	2.3343630678962364
P_LP.649	-0.8025378534553597	0.8025378534553594
P_LP.65	0.3073994674754306	-0.3073994674754305
P_LP.650	0.8742037440041208	-0.8742037440041203
P_LP.651	-0.2755737706148323	0.27557377061483224
P_LP.652	0.28241800972993825	-0.2824180097299382
P_LP.653	-0.8825293210774585	0.8825293210774583
P_LP.654	0.8341027933643406	-0.8341027933643401
P_LP.655	-0.3358138472307673	0.3358138472307672
P_LP.656	0.4034566255258655	-0.4034566255258651
P_LP.657	1.2214818286523967	-1.2214818286523967
P_LP.658	0.5528726773661462	-0.5528726773661461
P_LP.659	0.8616552384618863	-0.8616552384618862
P_LP.66	1.5101933781932897	-1.510193378193289
P_LP.660	0.36414397443786256	-0.36414397443786245
P_LP.661	1.507583823188053	-1.5075838231880523
P_LP.662	1.0169956970765892	-1.0169956970765888
P_LP.664	-1.247643539029074	1.2476435390290737
P_LP.665	-0.9339881906469114	0.9339881906469112
P_LP.666	0.8093473165546771	-0.8093473165546766
P_LP.667	1.0168185030747308	-1.0168185030747303
P_LP.668	0.4969189635335946	-0.4969189635335945
P_LP.669	0.19163361161480097	-0.1916336116148012
P_LP.67	0.6284693079149289	-0.6284693079149287
P_LP.670	-0.015944579805234425	0.01594457980523442
P_LP.671	0.2729370473568517	-0.27293704735685137
P_LP.672	0.21690190370637505	-0.216901903706375
P_LP.673	-1.5456974642917773	1.545697464291777
P_LP.674	-0.2148447565693383	0.21484475656933824
P_LP.675	0.19477592395491128	-0.1947759239549115
P_LP.676	-1.3833585813006786	1.3833585813006783
P_LP.677	0.2293347023490977	-0.22933470234909764
P_LP.678	0.0021793862843695806	-0.0021793862843693143
P_LP.679	-0.6031721853498107	0.6031721853498104
P_LP.68	-0.6082508524285811	0.608250852428581
P_LP.681	0.13298961908487075	-0.132989619084871
P_LP.682	1.0354294089749103	-1.0354294089749099
P_LP.683	0.8046749134074642	-0.8046749134074637
P_LP.684	-0.4540628723441391	0.4540628723441393
P_LP.685	-0.2883987956077942	0.2883987956077941
P_LP.686	0.39971963999423227	-0.39971963999423243
P_LP.687	-0.8296359382471972	0.829635938247197
P_LP.688	-2.166823961211507	2.1668239612115068
P_LP.689	0.33594609946846526	-0.33594609946846543
P_LP.69	0.985910775853077	-0.9859107758530765
P_LP.690	0.5864735425660065	-0.586473542566006
P_LP.691	0.5884479148530968	-0.5884479148530967
P_LP.692	-1.4333917019754991	1.433391701975499
P_LP.693	1.074123642243653	-1.074123642243653
P_LP.694	0.6744261878220746	-0.6744261878220744
P_LP.696	-1.7381728991477923	1.7381728991477918
P_LP.697	0.7109344486330901	-0.71093444863309
P_LP.698	-0.9843066288887785	0.9843066288887782
P_LP.699	0.6069755504149063	-0.606975550414906
P_LP.7	-2.00776066353418	2.0077606635341794
P_LP.70	-0.670770057350025	0.6707700573500248
P_LP.700	0.5698410007806678	-0.5698410007806677
P_LP.701	-0.8785929068073912	0.8785929068073909
P_LP.702	1.277361432016405	-1.2773614320164046
P_LP.703	0.5882635524866745	-0.5882635524866741
P_LP.704	-0.0931855971560069	0.0931855971560066
P_LP.705	-1.0449679614614507	1.0449679614614504
P_LP.706	-1.716786137206114	1.7167861372061135
P_LP.707	1.0772495346381827	-1.0772495346381825
P_LP.708	-0.8953441221188821	0.8953441221188818
P_LP.709	0.3701383692166448	-0.37013836921664467
P_LP.71	0.3805779696997222	-0.3805779696997221
P_LP.710	1.5570275539870317	-1.5570275539870313
P_LP.711	-0.3178227265558998	0.3178227265559
P_LP.712	-1.165125174051136	1.1651251740511357
P_LP.713	0.9725719078603831	-0.972571907860383
P_LP.714	1.0632737257323568	-1.0632737257323563
P_LP.715	1.50067947795435	-1.5006794779543495
P_LP.716	1.1922367986601174	-1.1922367986601172
P_LP.717	0.10369297675422465	-0.10369297675422436
P_LP.718	0.9517387786468048	-0.9517387786468048
P_LP.719	1.083852941040163	-1.0838529410401627
P_LP.72	-0.28968122331386575	0.28968122331386564
P_LP.720	1.4462744848651523	-1.4462744848651516
P_LP.721	0.8258427085930171	-0.8258427085930168
P_LP.723	-0.4012919076082643	0.40129190760826444
P_LP.724	0.07515692211086192	-0.07515692211086164
P_LP.726	-0.10388891887895883	0.10388891887895908
P_LP.727	1.0079013764052172	-1.007901376405217
P_LP.728	-0.5917933442376347	0.5917933442376345
P_LP.729	0.34443784129975646	-0.3444378412997564
P_LP.73	-0.15562189310605895	0.15562189310605865
P_LP.730	-0.3624243345607989	0.3624243345607988
P_LP.731	0.2712350235194329	-0.2712350235194328
P_LP.732	0.7200369055637735	-0.7200369055637735
P_LP.733	0.47626903187443076	-0.47626903187443065
P_LP.734	0.6005858388201706	-0.6005858388201701
P_LP.735	0.07469338764835037	-0.07469338764835008
P_LP.736	-0.579499169446775	0.5794991694467749
P_LP.737	-0.013940834232621276	0.013940834232621538
P_LP.738	0.9941002994786182	-0.9941002994786178
P_LP.739	-1.917404225065567	1.9174042250655663
P_LP.74	0.32488981273872747	-0.32488981273872714
P_LP.740	-1.9640607514710768	1.9640607514710764
P_LP.741	-1.3233347998542722	1.323334799854272
P_LP.742	-1.5823193538399618	1.5823193538399616
P_LP.743	-0.14424386714035395	0.14424386714035392
P_LP.744	1.3740120133251534	-1.3740120133251532
P_LP.745	0.9117764910517561	-0.9117764910517558
P_LP.746	-2.0167385798033743	2.016738579803374
P_LP.747	1.4946250109391532	-1.4946250109391528
P_LP.748	1.0391876018591968	-1.0391876018591966
P_LP.749	0.7822868338373314	-0.7822868338373311
P_LP.75	-0.09795503836561134	0.09795503836561105
P_LP.750	0.8186793254042365	-0.8186793254042366
P_LP.751	1.1188123514009582	-1.1188123514009578
P_LP.752	0.8401597341101079	-0.8401597341101076
P_LP.753	0.7263921859654058	-0.7263921859654057
P_LP.754	-1.7246996569890292	1.7246996569890287
P_LP.755	1.340736127780372	-1.3407361277803715
P_LP.756	1.0228424294119052	-1.0228424294119047
P_LP.757	0.2706669574085076	-0.27066695740850727
P_LP.758	-0.20543349629267857	0.2054334962926785
P_LP.759	-1.4452857384296371	1.4452857384296367
P_LP.76	1.5724211397702759	-1.5724211397702756
P_LP.760	-0.026680410756907462	0.02668041075690719
P_LP.761	0.21344478319241608	-0.21344478319241578
P_LP.762	1.5162750541044507	-1.5162750541044503
P_LP.763	0.9289022395203924	-0.9289022395203919
P_LP.764	-0.05806651702497722	0.058066517024977206
P_LP.765	-0.08599412083447974	0.08599412083447946
P_LP.766	1.1060421122509652	-1.1060421122509645
P_LP.767	1.4506078678565824	-1.4506078678565821
P_LP.768	-2.228932376765102	2.2289323767651013
P_LP.769	-1.2697865033272868	1.2697865033272866
P_LP.77	-0.6408205757101997	0.6408205757101996
P_LP.770	-0.7230055370926771	0.7230055370926769
P_LP.771	-0.13400699869542787	0.1340069986954276
P_LP.772	-0.16292367511930644	0.1629236751193064
P_LP.773	0.08177978864600094	-0.08177978864600065
P_LP.774	0.8462023145612592	-0.8462023145612588
P_LP.775	-2.2701881712372267	2.270188171237226
P_LP.776	0.19391526069765416	-0.1939152606976541
P_LP.777	0.5182193745169714	-0.5182193745169711
P_LP.778	-1.5022754977441977	1.5022754977441974
P_LP.779	0.32974645099219896	-0.3297464509921992
P_LP.78	1.5191859517961763	-1.5191859517961763
P_LP.780	0.09330956593939446	-0.09330956593939443
P_LP.781	0.3617379108294397	-0.36173791082943985
P_LP.782	-0.47134073736149323	0.4713407373614931
P_LP.783	-1.6968450592236817	1.6968450592236812
P_LP.784	-0.5036173435278368	0.5036173435278366
P_LP.785	0.724194167937488	-0.7241941679374877
P_LP.786	0.9694523403522695	-0.9694523403522692
P_LP.787	1.1255650087440208	-1.1255650087440203
P_LP.788	0.3069341781166408	-0.306934178116641
P_LP.789	1.2936185553350397	-1.2936185553350397
P_LP.79	0.7698585668062121	-0.7698585668062118
P_LP.790	0.38945857553039637	-0.38945857553039603
P_LP.791	0.7275295540356749	-0.7275295540356749
P_LP.792	0.8299775506153434	-0.829977550615343
P_LP.793	0.4796835398102131	-0.479683539810213
P_LP.794	1.4240474487917987	-1.4240474487917985
P_LP.795	0.7650648477557834	-0.7650648477557832
P_LP.796	1.1487236836772998	-1.1487236836772996
P_LP.797	0.6259048509262028	-0.6259048509262024
P_LP.798	-0.8738005220855718	0.8738005220855716
P_LP.799	0.8760578689683798	-0.8760578689683799
P_LP.8	-1.605097522919157	1.6050975229191569
P_LP.80	1.7227599434967635	-1.7227599434967629
P_LP.800	0.8062348313356529	-0.8062348313356527
P_LP.801	0.8130866969817548	-0.8130866969817544
P_LP.802	-1.1739181702999586	1.1739181702999584
P_LP.803	1.2894690209785638	-1.2894690209785633
P_LP.804	-0.43770989356896034	0.43770989356896045
P_LP.805	-2.526761634048784	2.5267616340487837
P_LP.806	-0.12321009835941868	0.12321009835941865
P_LP.807	0.8149533256311525	-0.8149533256311522
P_LP.808	-0.2948935129820272	0.2948935129820268
P_LP.809	-0.7683995892399889	0.7683995892399886
P_LP.81	-1.7677029833921856	1.7677029833921851
P_LP.810	-2.0057467867176206	2.0057467867176197
P_LP.811	0.6447542099804093	-0.6447542099804094
P_LP.812	0.6117286557557172	-0.611728655755717
P_LP.813	-0.05995284954389118	0.059952849543891164
P_LP.814	0.9733316359291496	-0.9733316359291493
P_LP.815	1.1892926809805293	-1.189292680980529
P_LP.816	1.089197785699414	-1.0891977856994135
P_LP.817	1.343437510125294	-1.343437510125294
P_LP.818	1.0901830396811956	-1.0901830396811951
P_LP.819	1.1337577991442007	-1.1337577991442003
P_LP.82	-0.7063334890929502	0.70633348909295
P_LP.820	1.5578119601898963	-1.5578119601898959
P_LP.821	1.0796934171881616	-1.079693417188161
P_LP.822	-1.3553306886709224	1.355330688670922
P_LP.823	1.2486447263182305	-1.24864472631823
P_LP.824	-0.7038561081060483	0.703856108106048
P_LP.825	-0.2516878454594017	0.2516878454594016
P_LP.826	0.9434676529663388	-0.9434676529663383
P_LP.827	1.07974370314162	-1.0797437031416197
P_LP.828	1.253637824452333	-1.2536378244523327
P_LP.829	-0.19144356193878154	0.19144356193878148
P_LP.83	0.7965364857583659	-0.7965364857583656
P_LP.830	-0.5646079261644823	0.5646079261644822
P_LP.831	0.7635001613388009	-0.7635001613388008
P_LP.832	0.2757502837251854	-0.27575028372518506
P_LP.833	0.42595736250664945	-0.42595736250664934
P_LP.834	1.0972740904884426	-1.0972740904884424
P_LP.835	0.17513444583517432	-0.17513444583517426
P_LP.836	-1.3525226739628156	1.3525226739628153
P_LP.837	-0.2853884608534474	0.28538846085344727
P_LP.838	-1.2252896646985056	1.2252896646985054
P_LP.839	-0.9582231054101211	0.9582231054101208
P_LP.84	-0.1430942727041385	0.14309427270413874
P_LP.841	-2.3497458966918265	2.349745896691826
P_LP.842	-0.5619930483615495	0.5619930483615494
P_LP.843	0.6088539477015193	-0.6088539477015192
P_LP.844	0.011770368967136305	-0.011770368967136301
P_LP.845	-1.8657094207628258	1.8657094207628253
P_LP.846	-0.08111664064206663	0.0811166406420666
P_LP.847	-0.5073488185873886	0.5073488185873881
P_LP.848	0.1734862254470189	-0.1734862254470191
P_LP.849	0.407297867944696	-0.4072978679446959
P_LP.85	-0.5654186894796088	0.5654186894796087
P_LP.850	-0.18185971839426177	0.18185971839426146
P_LP.851	-0.25795606312384156	0.2579560631238418
P_LP.852	0.20774478089278323	-0.2077447808927829
P_LP.853	-0.314083758475883	0.31408375847588266
P_LP.854	0.11236204784960549	-0.1123620478496052
P_LP.855	-0.20869824399148043	0.20869824399148038
P_LP.856	0.13483174171742401	-0.1348317417174237
P_LP.857	-0.06269063213822731	0.06269063213822702
P_LP.858	1.53919865642989	-1.5391986564298896
P_LP.859	-2.1850432555447563	2.185043255544756
P_LP.86	1.267356984617563	-1.2673569846175627
P_LP.860	-0.7219794682006206	0.7219794682006205
P_LP.861	-0.3758182928248585	0.3758182928248581
P_LP.862	0.7665881582797587	-0.7665881582797585
P_LP.863	-0.003465118769063223	0.003465118769063222
P_LP.864	0.07385229997978802	-0.07385229997978775
P_LP.865	1.0983545509856187	-1.0983545509856187
P_LP.866	1.4222671453542242	-1.422267145354224
P_LP.867	-0.2483642181871392	0.24836421818713886
P_LP.868	1.0617081519364582	-1.0617081519364577
P_LP.869	0.3486399824624504	-0.3486399824624501
P_LP.87	0.26645689316097076	-0.26645689316097043
P_LP.870	1.3313778425599305	-1.33137784255993
P_LP.871	1.2670138284240602	-1.26701382842406
P_LP.872	-1.4369849808430817	1.4369849808430812
P_LP.873	0.8449636213786031	-0.8449636213786027
P_LP.874	1.289527458154311	-1.2895274581543106
P_LP.875	1.4313013992263306	-1.4313013992263302
P_LP.876	-0.9310712977186233	0.9310712977186231
P_LP.877	0.30191015885836125	-0.3019101588583609
P_LP.878	0.48621902469997286	-0.48621902469997275
P_LP.879	-0.9895578106672138	0.9895578106672136
P_LP.88	1.5873087115828828	-1.5873087115828823
P_LP.880	1.2265087582263852	-1.2265087582263845
P_LP.881	-1.5999675513621745	1.599967551362174
P_LP.882	0.5740599536860315	-0.5740599536860312
P_LP.883	0.4418183331589289	-0.4418183331589287
P_LP.884	-0.2309563541005879	0.2309563541005881
P_LP.885	-0.011354102281106797	0.011354102281106794
P_LP.886	0.8173821964884653	-0.817382196488465
P_LP.887	-0.22643468375391593	0.22643468375391587
P_LP.888	0.2163380404576554	-0.21633804045765534
P_LP.889	0.14660050356978016	-0.14660050356978013
P_LP.89	-0.5848877894935716	0.5848877894935713
P_LP.890	0.8970062484838031	-0.897006248483803
P_LP.891	0.4689321981497271	-0.4689321981497269
P_LP.892	0.9836465723725272	-0.9836465723725266
P_LP.893	0.23447618457830388	-0.23447618457830355
P_LP.894	1.5803676435690583	-1.5803676435690581
P_LP.895	-0.4839757665333364	0.48397576653333624
P_LP.896	-0.4009111672664533	0.4009111672664532
P_LP.897	0.37345826754775563	-0.3734582675477556
P_LP.898	0.5896717898749775	-0.5896717898749774
P_LP.899	-0.09874812286279806	0.09874812286279777
P_LP.9	1.1701049828488201	-1.1701049828488197
P_LP.90	-0.8225915313434262	0.822591531343426
P_LP.900	0.9777743506340393	-0.9777743506340388
P_LP.901	1.3035503770040957	-1.3035503770040955
P_LP.902	-1.6220184339389425	1.622018433938942
P_LP.903	0.7700790699903309	-0.7700790699903309
P_LP.904	0.08475449188723973	-0.08475449188723971
P_LP.905	0.5754237573589697	-0.5754237573589696
P_LP.906	-1.8167348349758523	1.8167348349758516
P_LP.907	-0.08284819905063023	0.08284819905062994
P_LP.908	0.7071302776883753	-0.7071302776883751
P_LP.909	0.946931346379398	-0.9469313463793979
P_LP.91	0.15965376170720913	-0.15965376170720935
P_LP.910	0.40391805230575173	-0.4039180523057517
P_LP.911	0.429900452288065	-0.4299004522880649
P_LP.912	-1.4608358834447106	1.4608358834447104
P_LP.914	-0.04205173071950427	0.04205173071950426
P_LP.915	0.6385959298787907	-0.6385959298787905
P_LP.916	0.3028876639843365	-0.30288766398433636
P_LP.917	0.7697356663668419	-0.7697356663668418
P_LP.918	0.1727648287979608	-0.17276482879796073
P_LP.919	0.9779870167441015	-0.9779870167441013
P_LP.92	-0.023781763339850878	0.023781763339851134
P_LP.920	-1.1127894769178568	1.1127894769178566
P_LP.921	1.5287196467473863	-1.5287196467473858
P_LP.922	0.05921642608915143	-0.05921642608915141
P_LP.923	0.48917366821525937	-0.48917366821525954
P_LP.924	-0.4146815562112364	0.4146815562112363
P_LP.925	-0.2970345200770814	0.29703452007708137
P_LP.926	0.6299932052343024	-0.6299932052343021
P_LP.927	1.1606054705554714	-1.1606054705554711
P_LP.928	-1.2616100667543424	1.261610066754342
P_LP.929	-1.6598386534710416	1.6598386534710412
P_LP.93	1.373606154279752	-1.3736061542797517
P_LP.930	0.77204454503553	-0.7720445450355294
P_LP.931	-1.4074731660891857	1.4074731660891855
P_LP.932	-0.17769241653546042	0.17769241653546036
P_LP.933	-2.0248259898311707	2.0248259898311702
P_LP.934	0.5982640262711365	-0.5982640262711363
P_LP.935	0.8384289100783804	-0.8384289100783803
P_LP.936	0.22553014815166877	-0.22553014815166844
P_LP.937	1.1739676510580592	-1.1739676510580592
P_LP.938	-0.9444585128340688	0.9444585128340686
P_LP.939	-0.7458885309140499	0.7458885309140497
P_LP.94	0.042945145665270246	-0.04294514566526997
P_LP.940	-0.21034743593785052	0.21034743593785046
P_LP.941	-0.21475098559371858	0.21475098559371852
P_LP.942	-1.4748995732154302	1.4748995732154297
P_LP.943	1.1829595585577939	-1.1829595585577932
P_LP.944	-1.1451468647498573	1.145146864749857
P_LP.945	-1.5971107438951548	1.5971107438951544
P_LP.946	0.37188386358089986	-0.37188386358089975
P_LP.947	-0.11559248700562054	0.11559248700562051
P_LP.948	-0.47214384925570113	0.472143849255701
P_LP.949	-1.5593233379047784	1.559323337904778
P_LP.95	0.5844111498957121	-0.5844111498957122
P_LP.951	1.0263615951794534	-1.0263615951794527
P_LP.952	0.5308534885858892	-0.5308534885858891
P_LP.953	-1.1962307698107688	1.1962307698107684
P_LP.954	0.5258197426303247	-0.5258197426303245
P_LP.955	1.0863013756247641	-1.0863013756247637
P_LP.956	-2.697341712931962	2.6973417129319617
P_LP.957	0.8166519607440523	-0.8166519607440519
P_LP.958	1.1184048162561	-1.1184048162560993
P_LP.959	-1.9397240996286924	1.939724099628692
P_LP.96	1.3107331914265958	-1.3107331914265954
P_LP.960	-0.9560204796950709	0.9560204796950705
P_LP.961	-0.9489832297021115	0.9489832297021111
P_LP.962	0.3087133877594888	-0.30871338775948876
P_LP.963	0.007915034735456763	-0.007915034735457026
P_LP.964	1.212752612013751	-1.2127526120137506
P_LP.965	-0.01808610491223471	0.01808610491223497
P_LP.966	-0.4143736870663694	0.4143736870663693
P_LP.967	1.1807227960831	-1.1807227960830997
P_LP.968	-2.1645224288914613	2.1645224288914604
P_LP.969	-0.17066562311835398	0.17066562311835395
P_LP.97	1.6526592454342923	-1.652659245434292
P_LP.970	0.3297462846600698	-0.32974628466006994
P_LP.971	1.7071837524345	-1.7071837524344995
P_LP.972	1.3046191767283744	-1.3046191767283744
P_LP.973	0.6323173839727863	-0.6323173839727858
P_LP.974	-1.7832740015121076	1.7832740015121071
P_LP.975	0.43591449927891784	-0.435914499278918
P_LP.976	-0.68176940706228	0.6817694070622798
P_LP.977	-0.3955776784923805	0.3955776784923807
P_LP.978	0.9884330102688526	-0.9884330102688521
P_LP.979	1.3712904947866869	-1.3712904947866864
P_LP.98	-1.3668056812457643	1.3668056812457638
P_LP.980	1.0345978239610443	-1.0345978239610436
P_LP.981	-0.6581216560315052	0.658121656031505
P_LP.982	0.3157745379436392	-0.31577453794363936
P_LP.983	-0.17058934219917915	0.17058934219917885
P_LP.984	-1.7022349538356694	1.702234953835669
P_LP.985	0.03482588632982314	-0.034825886329822864
P_LP.986	-0.3056416861363059	0.3056416861363061
P_LP.987	0.8979906729164829	-0.8979906729164825
P_LP.988	0.2781748916520384	-0.2781748916520383
P_LP.99	1.4093015479564968	-1.4093015479564963
P_LP.990	0.4506285437420959	-0.4506285437420955
P_LP.991	1.3033451292761107	-1.3033451292761107
P_LP.992	0.5318737204587456	-0.5318737204587451
P_LP.993	1.4635595462359456	-1.4635595462359452
P_LP.994	0.20699569712913293	-0.20699569712913288
P_LP.995	0.48073730087285504	-0.48073730087285493
P_LP.997	-0.633889191904521	0.6338891919045208
P_LP.998	0.799002883230084	-0.7990028832300835
P_LP.999	-1.3197096828372465	1.3197096828372463
