	dairy	meat
COG0001	0.613754347119623	-0.6137543471196224
COG0002	-1.530765367669552	1.5307653676695494
COG0003	-0.5625685759780037	0.5625685759780024
COG0004	-0.08958222720417715	0.08958222720417654
COG0005	0.85401881221813	-0.8540188122181295
COG0006	-0.16080806237461281	0.16080806237461234
COG0007	0.20044602083290156	-0.20044602083290125
COG0008	0.9449048617499497	-0.9449048617499484
COG0009	0.7800707679016567	-0.7800707679016561
COG0010	0.38245899491910545	-0.3824589949191051
COG0011	-1.0050858652326526	1.0050858652326506
COG0012	0.2620043060813679	-0.2620043060813677
COG0013	-0.08432278836420892	0.08432278836420833
COG0014	0.7772377309990454	-0.7772377309990444
COG0015	-2.0656439683145353	2.0656439683145313
COG0016	0.16445570066214507	-0.16445570066214554
COG0017	-0.20722134374582715	0.20722134374582635
COG0018	-0.9380743756206089	0.9380743756206072
COG0019	0.4496954286092649	-0.4496954286092647
COG0020	-1.786164942151148	1.7861649421511452
COG0021	-1.0865924331791823	1.0865924331791803
COG0022	-1.19860267429563	1.1986026742956277
COG0024	-1.324097362694159	1.3240973626941568
COG0025	-2.3091139680838455	2.3091139680838415
COG0026	0.17985549602798453	-0.1798554960279845
COG0027	-0.28594512974151576	0.2859451297415151
COG0028	-1.923048287222956	1.9230482872229522
COG0029	0.5380990077470489	-0.5380990077470486
COG0030	-1.96395559890334	1.9639555989033362
COG0031	1.658154925034604	-1.6581549250346022
COG0033	0.25951544239680857	-0.2595154423968082
COG0034	0.131676918255719	-0.13167691825571903
COG0035	-1.8008448963871708	1.8008448963871677
COG0036	0.7966390555686861	-0.796639055568685
COG0037	-0.23361352757311665	0.23361352757311582
COG0038	-0.1633561045598606	0.16335610455985985
COG0039	-0.6601134862512514	0.6601134862512499
COG0040	-0.238217195270117	0.2382171952701164
COG0041	-1.5871915125731806	1.587191512573178
COG0042	-1.2594533393420815	1.2594533393420793
COG0043	-0.3146762060515483	0.3146762060515473
COG0044	-1.9916088577671902	1.9916088577671869
COG0045	-1.7459101198543072	1.745910119854304
COG0046	-0.07325410530871926	0.07325410530871866
COG0047	-0.6297120130206583	0.629712013020657
COG0048	-1.2554066553943022	1.2554066553943
COG0049	0.21235342816268918	-0.21235342816268907
COG0050	-2.210998303096478	2.2109983030964746
COG0051	-0.7126091005068095	0.7126091005068079
COG0052	-0.07844793154598133	0.07844793154598097
COG0053	1.5196526628644889	-1.5196526628644873
COG0054	-1.615704128946183	1.6157041289461802
COG0055	0.7729017521926889	-0.7729017521926879
COG0056	1.201591372281498	-1.2015913722814966
COG0057	-2.085664254772014	2.0856642547720106
COG0058	0.789046675627803	-0.7890466756278017
COG0059	-2.1035870487109487	2.1035870487109443
COG0060	0.3926920541549016	-0.3926920541549012
COG0061	0.4744099640931348	-0.4744099640931343
COG0062	0.6860785793447141	-0.6860785793447131
COG0063	0.5870630012710328	-0.5870630012710322
COG0064	-1.375283131368667	1.3752831313686644
COG0065	0.321275264218824	-0.32127526421882374
COG0066	-1.8500930149468815	1.8500930149468784
COG0067	-1.3957476504523263	1.395747650452324
COG0068	-0.3925163497067549	0.3925163497067541
COG0069	-0.3668074004007295	0.3668074004007285
COG0070	-2.051003876927893	2.051003876927889
COG0071	1.0449994012944115	-1.0449994012944106
COG0072	-1.332400967377059	1.3324009673770563
COG0073	1.0885880468241413	-1.0885880468241402
COG0074	-1.4897034793217678	1.4897034793217654
COG0075	-1.2691631701808126	1.2691631701808104
COG0076	1.2363179379091112	-1.2363179379091096
COG0077	0.8562123302146416	-0.8562123302146409
COG0078	-0.18536217003736938	0.18536217003736907
COG0079	0.5184049940527653	-0.5184049940527647
COG0080	-0.488679953042505	0.4886799530425038
COG0081	0.17241368312887612	-0.1724136831288761
COG0082	-1.9698382937561145	1.9698382937561112
COG0083	-1.9925924276534392	1.992592427653436
COG0084	0.23982566088377585	-0.23982566088377597
COG0085	-0.519422604280579	0.5194226042805777
COG0086	-1.8248568658953133	1.82485686589531
COG0087	-0.17712695059537553	0.17712695059537525
COG0088	-2.130241412925703	2.1302414129256992
COG0089	-2.0390699746223855	2.039069974622382
COG0090	-1.1046973896701358	1.1046973896701335
COG0091	-1.4071654196099748	1.407165419609972
COG0092	-1.193030924249153	1.193030924249151
COG0093	0.41808886509828	-0.4180888650982796
COG0094	-2.101852674025301	2.101852674025297
COG0095	1.3048570782581215	-1.3048570782581197
COG0096	-0.7141149647244787	0.7141149647244773
COG0097	-2.095080815258588	2.095080815258585
COG0098	-2.168721208925509	2.168721208925505
COG0099	-1.869349821397649	1.8693498213976454
COG0100	0.24277591921910477	-0.24277591921910438
COG0101	-1.4177458294577587	1.4177458294577563
COG0102	-1.8304697785624116	1.8304697785624087
COG0103	-2.024287190468636	2.024287190468633
COG0104	0.04346939985549837	-0.04346939985549901
COG0105	0.21747509234986376	-0.2174750923498639
COG0106	0.6341051373091974	-0.6341051373091969
COG0107	-1.2560799160917469	1.2560799160917446
COG0108	1.1482616949800406	-1.148261694980039
COG0109	-0.4393549596634231	0.4393549596634219
COG0110	0.3066022900474674	-0.30660229004746764
COG0111	-0.39032729942153044	0.39032729942152955
COG0112	-0.8267904327986194	0.8267904327986176
COG0113	-0.48404562903464665	0.48404562903464543
COG0114	-2.155374928352859	2.1553749283528547
COG0115	-1.940109884263512	1.9401098842635087
COG0116	0.9217345536754913	-0.9217345536754903
COG0117	-0.9632492788180168	0.963249278818015
COG0118	-1.4954498514808539	1.4954498514808512
COG0119	0.9790867805033954	-0.9790867805033943
COG0120	-1.4853157894052398	1.4853157894052371
COG0121	-0.5242416880925812	0.5242416880925799
COG0122	-1.0082605915262857	1.008260591526284
COG0124	-1.0413313745913466	1.0413313745913448
COG0125	-1.3389106824497583	1.338910682449756
COG0126	-0.6515153234013624	0.6515153234013612
COG0127	-0.12097367430536163	0.12097367430536098
COG0128	0.14995189457525604	-0.14995189457525607
COG0129	0.20962558171725504	-0.20962558171725496
COG0130	-0.04136975374900142	0.04136975374900111
COG0131	-0.37267488358816353	0.37267488358816275
COG0132	-1.1356254619950623	1.1356254619950603
COG0133	1.4456513943390499	-1.4456513943390472
COG0134	0.3196048121713632	-0.3196048121713632
COG0135	0.31839951700531965	-0.3183995170053199
COG0136	0.25266611417221585	-0.2526661141722157
COG0137	-0.03123736014186945	0.031237360141868925
COG0138	1.4127250362919168	-1.412725036291915
COG0139	-0.38668409573164436	0.38668409573164325
COG0140	-1.4382110632987737	1.4382110632987712
COG0141	-0.31168411890224546	0.31168411890224446
COG0142	0.6869774537246166	-0.6869774537246156
COG0143	-0.6072383852253805	0.6072383852253794
COG0144	-0.2650523070074953	0.2650523070074945
COG0145	0.7644947287823746	-0.7644947287823739
COG0147	0.8711104212247108	-0.87111042122471
COG0148	1.0113256552383203	-1.011325655238319
COG0149	-1.8516383881840557	1.8516383881840524
COG0150	0.5157422819640676	-0.515742281964067
COG0151	0.6224524685075389	-0.622452468507538
COG0152	-1.9440347963244629	1.9440347963244597
COG0153	0.02077870589314673	-0.020778705893147176
COG0154	-2.04366513960555	2.043665139605546
COG0155	-1.1347174785245986	1.1347174785245968
COG0156	-1.3622878616861118	1.3622878616861092
COG0157	-0.6091244955608064	0.6091244955608052
COG0158	-1.3182167568046925	1.31821675680469
COG0159	-0.3970143605126845	0.3970143605126834
COG0160	-1.3823908361374986	1.3823908361374957
COG0161	0.825493102229591	-0.8254931022295898
COG0162	0.9456054808718166	-0.9456054808718157
COG0163	0.42871939118622177	-0.42871939118622154
COG0164	-0.7319458178156113	0.73194581781561
COG0165	-1.2073945781871185	1.2073945781871163
COG0166	0.18970978203962366	-0.18970978203962338
COG0167	-1.1153555279676948	1.1153555279676928
COG0168	0.5313137565119787	-0.5313137565119783
COG0169	0.053585184982146726	-0.05358518498214688
COG0171	1.435673133440229	-1.4356731334402273
COG0172	-0.3191848306611876	0.31918483066118686
COG0173	-0.22387770987325994	0.22387770987325958
COG0174	-1.3799538466514816	1.379953846651479
COG0175	0.46678508257440365	-0.46678508257440315
COG0176	-0.7037886310348797	0.7037886310348781
COG0177	0.7218373490741664	-0.7218373490741659
COG0178	1.0313333739084107	-1.0313333739084096
COG0179	-0.5150883170295794	0.5150883170295784
COG0180	-0.4530988382897499	0.45309883828974895
COG0181	0.7794948356498652	-0.7794948356498644
COG0182	-0.6529543348419415	0.6529543348419401
COG0183	1.0457801189354983	-1.0457801189354972
COG0184	-1.461555126340016	1.4615551263400133
COG0185	-2.163842865144858	2.163842865144854
COG0186	0.6592967251049635	-0.659296725104963
COG0187	-0.309980414063979	0.3099804140639781
COG0188	1.0051776757224757	-1.0051776757224746
COG0189	0.14968672474092	-0.14968672474092
COG0190	-1.7217647205462012	1.721764720546198
COG0191	-0.012576911120420763	0.012576911120420744
COG0192	0.3222190203957326	-0.3222190203957325
COG0193	1.2778014358827938	-1.277801435882792
COG0194	0.72501426952708	-0.7250142695270789
COG0195	1.4904487173440772	-1.4904487173440757
COG0196	-1.7837029538447784	1.7837029538447753
COG0197	0.7785430552406798	-0.7785430552406792
COG0198	-0.6121489511830214	0.61214895118302
COG0199	-0.6405899858609332	0.640589985860932
COG0200	-2.1390461091810273	2.1390461091810233
COG0201	-2.1990573972918455	2.1990573972918424
COG0202	-1.7865162139110828	1.7865162139110797
COG0203	-0.6212020038006147	0.6212020038006135
COG0204	-1.2809690605206	1.2809690605205974
COG0205	-0.7973331223050212	0.7973331223050196
COG0206	0.0972300863975406	-0.09723008639754092
COG0207	0.30759983950651987	-0.3075998395065196
COG0208	-1.5872646821609895	1.5872646821609868
COG0209	-0.9657654370807951	0.9657654370807933
COG0210	-0.3472651401933001	0.3472651401932994
COG0211	0.05413265326653242	-0.05413265326653281
COG0212	-0.9639824917970236	0.9639824917970219
COG0213	-1.9474827510668506	1.947482751066847
COG0214	0.6535012533614868	-0.6535012533614862
COG0215	0.22190054069125312	-0.22190054069125348
COG0216	-0.1972185176023057	0.19721851760230516
COG0217	0.24168796695566003	-0.2416879669556599
COG0218	0.7779490528950931	-0.7779490528950926
COG0219	-0.13394892321994403	0.1339489232199436
COG0220	-0.4630734518238013	0.46307345182380033
COG0221	-1.989508805425548	1.9895088054255443
COG0222	-1.8300015481726315	1.8300015481726282
COG0223	-1.9750560769004597	1.9750560769004564
COG0224	0.7682982328778171	-0.7682982328778162
COG0225	-0.6677071615864796	0.6677071615864781
COG0226	-0.11323594033951419	0.11323594033951379
COG0227	-0.6190614515516667	0.6190614515516653
COG0228	0.3214476387863943	-0.3214476387863945
COG0229	0.4655555752195236	-0.4655555752195231
COG0230	0.2849599205996323	-0.2849599205996326
COG0231	-1.0645129087307534	1.0645129087307517
COG0232	0.1853734745920613	-0.18537347459206172
COG0233	-0.46938568283458443	0.4693856828345832
COG0234	0.3077760352633546	-0.3077760352633541
COG0235	1.5226411099051913	-1.5226411099051886
COG0236	0.4906949151515639	-0.4906949151515634
COG0237	-1.8680533795003584	1.8680533795003553
COG0238	0.42918746642782507	-0.4291874664278249
COG0239	-0.9439776675498163	0.9439776675498144
COG0240	-0.6528205559660044	0.6528205559660032
COG0241	-1.0756152928702847	1.075615292870283
COG0242	-0.6003375455767939	0.6003375455767926
COG0243	0.5400087078967689	-0.5400087078967682
COG0244	-0.793544373518702	0.7935443735187006
COG0245	-1.681258485645762	1.681258485645759
COG0246	-0.6785535758634984	0.678553575863497
COG0247	-0.9193314004600389	0.919331400460037
COG0248	-0.5916181613380902	0.5916181613380888
COG0249	-0.05727126980313751	0.057271269803136945
COG0250	-0.6809784262509732	0.6809784262509719
COG0251	-0.0696712236118339	0.06967122361183307
COG0252	0.29848001329710283	-0.29848001329710283
COG0253	-1.2316318111719227	1.2316318111719207
COG0254	0.2739223653199329	-0.2739223653199332
COG0255	-1.6315697607448785	1.6315697607448751
COG0256	-2.2711727971741347	2.2711727971741316
COG0257	-1.0362385947045387	1.0362385947045367
COG0258	-1.9443239844326532	1.9443239844326499
COG0259	0.46635986965546306	-0.46635986965546283
COG0260	-1.9344868008672147	1.9344868008672111
COG0261	-1.977108259900332	1.9771082599003285
COG0262	-0.9371364542515974	0.9371364542515955
COG0263	-0.9578031292771872	0.9578031292771855
COG0264	0.349771967039641	-0.34977196703964064
COG0265	-0.7429405225752903	0.742940522575289
COG0266	-0.744314648588926	0.7443146485889244
COG0267	-1.8695056103249856	1.8695056103249825
COG0268	-1.6130074892030661	1.6130074892030632
COG0269	-0.04920991769622118	0.04920991769622039
COG0270	-0.39062670075400013	0.3906267007539993
COG0272	-0.13713732989703492	0.13713732989703423
COG0274	0.014219398910537839	-0.014219398910537816
COG0275	-1.4393707714931938	1.4393707714931914
COG0276	0.49449951078449006	-0.49449951078449
COG0277	1.6727593126675426	-1.6727593126675404
COG0279	0.2282466909555192	-0.22824669095551908
COG0280	1.0542397918042543	-1.0542397918042532
COG0281	-0.5152214121484519	0.5152214121484506
COG0282	-0.391013240069431	0.39101324006942995
COG0283	1.4283435592383444	-1.4283435592383429
COG0284	0.6969663738415979	-0.6969663738415972
COG0285	-0.6395561319264813	0.6395561319264801
COG0286	0.5533716133173118	-0.5533716133173114
COG0287	0.12809221313305252	-0.12809221313305258
COG0288	0.6986671525013909	-0.69866715250139
COG0289	-0.39872403133400464	0.3987240313340038
COG0290	-0.21583812859567472	0.21583812859567367
COG0291	1.1401592288418934	-1.140159228841892
COG0292	-0.4568159983779391	0.45681599837793796
COG0293	-1.0902610623185114	1.0902610623185094
COG0294	0.0702895039059946	-0.07028950390599496
COG0295	1.704462043139454	-1.7044620431394526
COG0296	1.5318531472420143	-1.5318531472420123
COG0297	-1.1201269310793958	1.1201269310793938
COG0298	-1.2831007584468244	1.283100758446822
COG0299	1.3483970877718388	-1.3483970877718372
COG0300	1.3254709674072154	-1.3254709674072138
COG0301	1.463121284224345	-1.4631212842243422
COG0302	-0.9943282278882055	0.9943282278882037
COG0303	0.9757084374205605	-0.9757084374205593
COG0304	1.1559422411716438	-1.155942241171642
COG0305	-1.2591402189265162	1.259140218926514
COG0306	0.4279994024836332	-0.42799940248363255
COG0307	0.7543655910661381	-0.7543655910661371
COG0308	0.6123060343597349	-0.6123060343597339
COG0309	0.18849245866165776	-0.18849245866165795
COG0310	0.7878135043869757	-0.7878135043869748
COG0311	-0.6470217486193022	0.647021748619301
COG0312	-0.7351192308637753	0.7351192308637736
COG0313	0.580049521951859	-0.5800495219518583
COG0315	0.06620652812157415	-0.06620652812157429
COG0316	0.8314190971757397	-0.8314190971757387
COG0317	-1.1417617035232057	1.1417617035232035
COG0318	1.303158097820395	-1.3031580978203936
COG0319	0.633449548900779	-0.6334495489007784
COG0320	0.7518587221412003	-0.7518587221411996
COG0321	0.4326021751299264	-0.432602175129926
COG0322	-2.2402990436861114	2.240299043686108
COG0323	0.7210518880978652	-0.7210518880978644
COG0324	0.524176864435098	-0.5241768644350977
COG0325	-1.8624325903020318	1.8624325903020287
COG0326	0.1469798050868658	-0.1469798050868658
COG0327	-1.1934028434833417	1.1934028434833397
COG0328	-0.6358736422289207	0.6358736422289195
COG0329	0.6019711204880006	-0.6019711204880002
COG0330	1.0127805609166851	-1.012780560916684
COG0331	0.946990135036447	-0.9469901350364458
COG0332	1.1614970973872885	-1.1614970973872871
COG0333	-1.3687097441034508	1.3687097441034484
COG0334	-1.053120056093278	1.053120056093276
COG0335	0.4846399964679841	-0.48463999646798334
COG0336	-0.10711888271708107	0.10711888271708019
COG0337	0.14767130667496273	-0.14767130667496273
COG0338	-0.9290078399530016	0.9290078399529997
COG0339	-0.4841661145913205	0.4841661145913195
COG0340	1.2307143963904346	-1.230714396390433
COG0341	0.46184364358021984	-0.46184364358021934
COG0342	0.12663929375180868	-0.1266392937518085
COG0343	0.9702639771523006	-0.9702639771522993
COG0344	-1.6465149566133372	1.6465149566133344
COG0345	-0.19058649747335424	0.19058649747335393
COG0346	-0.0900882160024104	0.09008821600241002
COG0347	-1.0503802172430428	1.050380217243041
COG0348	-0.9497072626452714	0.9497072626452695
COG0349	-0.8311265944129581	0.8311265944129566
COG0350	-0.631988421023863	0.6319884210238619
COG0351	-0.9876381376736829	0.9876381376736811
COG0352	-0.1669499451989416	0.16694994519894132
COG0353	-1.0467558944266577	1.046755894426656
COG0354	-1.6982064050413443	1.6982064050413417
COG0355	0.09397014146606597	-0.09397014146606583
COG0356	0.9897502216856584	-0.9897502216856573
COG0357	0.7578732629237663	-0.7578732629237657
COG0358	0.6617506831754163	-0.6617506831754152
COG0359	-1.0381309588760257	1.0381309588760237
COG0360	-1.7816945145177516	1.7816945145177485
COG0361	-0.7264045506381486	0.7264045506381472
COG0362	-0.8916912953027502	0.8916912953027483
COG0363	-1.17099215643546	1.1709921564354577
COG0364	-1.3460650704309607	1.3460650704309582
COG0365	-0.6379542781703752	0.637954278170374
COG0366	-1.4208888636446866	1.4208888636446837
COG0367	1.5326117135391268	-1.5326117135391246
COG0368	1.244365123714647	-1.2443651237146451
COG0369	-0.324608537084879	0.3246085370848781
COG0370	0.5507790802181228	-0.5507790802181225
COG0371	-1.3080941349337394	1.3080941349337367
COG0372	0.0706083972163621	-0.07060839721636199
COG0373	-1.5739041300511907	1.573904130051188
COG0374	0.5781185603377392	-0.5781185603377389
COG0375	-1.5477037977348551	1.5477037977348522
COG0376	0.29525771114656746	-0.2952577111465675
COG0377	-1.146675552725183	1.146675552725181
COG0378	-0.022401932131112957	0.022401932131112686
COG0379	-2.0604804139747572	2.0604804139747532
COG0380	-0.08381767162633474	0.08381767162633437
COG0381	1.030078687203741	-1.0300786872037395
COG0382	0.8404288713867508	-0.8404288713867504
COG0383	1.1663537109456883	-1.1663537109456867
COG0384	0.7661400008467274	-0.7661400008467267
COG0385	-1.1503019580898284	1.1503019580898262
COG0386	-0.6575276275968415	0.6575276275968402
COG0387	-1.7007667393537351	1.700766739353732
COG0388	0.4508496397510986	-0.45084963975109815
COG0389	-1.047708785278936	1.047708785278934
COG0390	-0.2719114472028496	0.27191144720284893
COG0391	-1.2925350671116345	1.292535067111632
COG0392	-0.432130827138952	0.4321308271389511
COG0393	-1.5418157280033218	1.541815728003319
COG0394	0.45764069200169954	-0.4576406920016991
COG0395	0.23778938282311174	-0.2377893828231116
COG0396	-1.816786465981837	1.8167864659818338
COG0397	-2.0155432506358997	2.015543250635896
COG0398	-0.28480172493916117	0.2848017249391607
COG0399	1.4473992101522435	-1.447399210152242
COG0400	-0.9075794844699507	0.9075794844699488
COG0401	-4.998933348820696e-05	4.99893334877332e-05
COG0402	0.8982872178844008	-0.8982872178844
COG0403	0.4646238736027846	-0.4646238736027842
COG0404	0.1573438231533221	-0.1573438231533221
COG0405	0.28356130030228294	-0.2835613003022832
COG0406	-1.7874673995160906	1.7874673995160872
COG0407	0.12016613816483165	-0.12016613816483171
COG0408	-0.1634318372561306	0.16343183725613036
COG0409	-2.1730501034206813	2.1730501034206777
COG0410	-0.8956468274415218	0.8956468274415202
COG0411	-2.190183170941002	2.190183170940998
COG0412	-1.842961406599053	1.8429614065990496
COG0413	1.764741133368291	-1.764741133368288
COG0414	1.3707897258535584	-1.3707897258535564
COG0415	-1.9738036958229455	1.9738036958229424
COG0416	1.1998510314645565	-1.1998510314645552
COG0417	-0.8636310868759786	0.863631086875977
COG0418	1.2295256825959127	-1.2295256825959113
COG0419	-0.9033699942096268	0.9033699942096253
COG0420	-0.36174763813699373	0.36174763813699296
COG0421	-0.2647543033190059	0.264754303319005
COG0422	0.5383182670187412	-0.5383182670187405
COG0423	-1.4632620644732903	1.4632620644732879
COG0424	-0.6786469365918918	0.6786469365918905
COG0425	0.5182585179568143	-0.518258517956814
COG0426	-0.9802832906999359	0.9802832906999339
COG0427	-0.4976456067145603	0.4976456067145593
COG0428	-0.2308900380073241	0.2308900380073235
COG0429	0.3607397224646324	-0.36073972246463204
COG0430	0.41815076990754985	-0.4181507699075492
COG0431	0.8441937442871799	-0.8441937442871791
COG0432	-1.1896430765246446	1.1896430765246426
COG0433	-1.2699795092448813	1.2699795092448791
COG0434	0.5379204225048505	-0.53792042250485
COG0435	0.2107376283912568	-0.21073762839125695
COG0436	-1.2476922255417233	1.247692225541721
COG0437	-0.008521655714020944	0.008521655714020695
COG0438	1.2564034929780554	-1.2564034929780536
COG0439	-0.9847745189768277	0.9847745189768258
COG0440	0.09182467375799848	-0.09182467375799881
COG0441	0.9699509000455468	-0.9699509000455457
COG0442	-0.46288531461595084	0.4628853146159497
COG0443	0.421510972937915	-0.4215109729379146
COG0444	-0.3496801580777877	0.3496801580777869
COG0445	0.15757201914828897	-0.1575720191482892
COG0446	-0.3317568186030393	0.3317568186030386
COG0447	-1.2529130046268486	1.2529130046268462
COG0448	0.6512431918250875	-0.6512431918250873
COG0449	-0.3943479579422077	0.3943479579422067
COG0450	-0.8032206141501047	0.8032206141501033
COG0451	-0.9790319514334026	0.9790319514334009
COG0452	-0.9646410556880939	0.9646410556880919
COG0454	-0.18683639389010318	0.18683639389010243
COG0456	-0.36722221448848513	0.3672222144884841
COG0457	1.2767777420622648	-1.2767777420622635
COG0458	0.722426177482246	-0.7224261774822454
COG0459	-0.5180003280714826	0.5180003280714813
COG0460	-0.17569181282396618	0.17569181282396565
COG0461	0.5270731562221171	-0.5270731562221164
COG0462	-1.1285948703265756	1.1285948703265736
COG0463	-1.9464297444469099	1.9464297444469063
COG0464	-1.3756581250815512	1.3756581250815487
COG0465	0.17548020078570806	-0.1754802007857078
COG0466	0.04283258775596694	-0.042832587755967114
COG0468	-0.3455523754772947	0.34555237547729395
COG0469	0.028539282386233805	-0.02853928238623447
COG0470	-1.007508117622182	1.00750811762218
COG0471	0.6154440054511704	-0.6154440054511702
COG0472	-0.7465056109352605	0.7465056109352588
COG0473	-1.5056527050726791	1.505652705072676
COG0474	-0.179639782177639	0.1796397821776385
COG0475	0.4070512026755486	-0.40705120267554845
COG0476	0.5188121608846046	-0.5188121608846042
COG0477	0.527498564672274	-0.5274985646722732
COG0479	0.6196855039018078	-0.6196855039018068
COG0480	0.6514487539506566	-0.6514487539506562
COG0481	-0.4027495915303442	0.40274959153034334
COG0482	1.5325976449325038	-1.5325976449325025
COG0483	-0.24660978684487947	0.2466097868448784
COG0484	0.0924585474756683	-0.09245854747566863
COG0486	1.7796846563990145	-1.7796846563990123
COG0488	-0.41549213278284597	0.4154921327828451
COG0489	-0.562669782985543	0.5626697829855419
COG0491	0.4256949557149893	-0.4256949557149889
COG0492	0.07032985940801477	-0.07032985940801513
COG0493	-1.5615449279461293	1.5615449279461266
COG0494	-0.5738376528454042	0.5738376528454031
COG0495	-0.195673110928465	0.19567311092846446
COG0496	-0.6427300729946166	0.6427300729946154
COG0497	-1.3374562281304039	1.3374562281304014
COG0498	-1.185275665973939	1.185275665973937
COG0499	0.5589678778139135	-0.5589678778139129
COG0500	1.4043689507143708	-1.404368950714369
COG0501	-1.2869479521546177	1.2869479521546152
COG0502	0.6047443632630563	-0.6047443632630558
COG0503	-0.9619418065571638	0.961941806557162
COG0504	-2.3082175404009426	2.3082175404009386
COG0505	-0.07682467300581029	0.0768246730058097
COG0506	1.2534699197947268	-1.2534699197947252
COG0508	-0.1624938714452651	0.16249387144526484
COG0509	-0.17262398895026645	0.17262398895026618
COG0510	-0.8282783052925417	0.8282783052925401
COG0511	0.25682142964637134	-0.25682142964637117
COG0512	0.7566604806354493	-0.7566604806354487
COG0513	0.410339195988137	-0.41033919598813656
COG0514	0.9412306755116451	-0.941230675511644
COG0515	-0.6483245387989909	0.6483245387989897
COG0516	-1.8190900226994222	1.8190900226994189
COG0517	-1.3620571460140314	1.362057146014029
COG0518	-1.9139765263516608	1.913976526351657
COG0519	-0.7717658420411883	0.7717658420411866
COG0520	0.6812737356268913	-0.6812737356268903
COG0521	-0.8559676840548743	0.8559676840548728
COG0522	0.5454991939683906	-0.5454991939683902
COG0523	-0.33291765523981764	0.33291765523981665
COG0524	-1.3303865471822096	1.3303865471822074
COG0525	-1.3172091636846863	1.317209163684684
COG0526	-0.818657659014386	0.8186576590143844
COG0527	0.91473613195173	-0.914736131951729
COG0528	-2.0918604735382287	2.0918604735382247
COG0529	0.2568909246088658	-0.25689092460886565
COG0530	0.4313419599336805	-0.43134195993368035
COG0531	1.1293699758911093	-1.1293699758911082
COG0532	-1.587790634891425	1.5877906348914224
COG0533	-1.4105276194543896	1.410527619454387
COG0534	1.5619758280404448	-1.5619758280404432
COG0535	1.1792292813962109	-1.1792292813962095
COG0536	-1.3185331789849455	1.318533178984943
COG0537	-1.7885193259190937	1.7885193259190906
COG0538	-0.7178556099092952	0.7178556099092939
COG0539	0.5423350337238131	-0.5423350337238125
COG0540	-1.1157562451991294	1.1157562451991272
COG0541	1.228620572274329	-1.2286205722743275
COG0542	0.3664035893173901	-0.36640358931739025
COG0544	-0.2859794957019157	0.28597949570191505
COG0545	-2.071892625382627	2.0718926253826235
COG0546	-0.10424975740669834	0.10424975740669794
COG0547	0.3934524191729104	-0.3934524191729098
COG0548	-1.1047300033560263	1.1047300033560246
COG0549	0.7866647552764222	-0.7866647552764213
COG0550	-1.5573597026233952	1.5573597026233925
COG0551	0.8939895609939151	-0.8939895609939144
COG0552	-1.4451636572755333	1.4451636572755304
COG0553	0.24793643955916655	-0.24793643955916642
COG0554	0.10694655565127496	-0.10694655565127481
COG0555	-0.20945056900245212	0.20945056900245157
COG0556	-1.6022872783470883	1.6022872783470854
COG0557	0.8639160374233807	-0.8639160374233795
COG0558	0.88391347127837	-0.8839134712783691
COG0559	-1.6630563535495355	1.6630563535495324
COG0560	-1.3578120753204483	1.3578120753204457
COG0561	-0.8052523933281933	0.8052523933281919
COG0562	-1.2127154036193282	1.212715403619326
COG0563	-1.0936923632165223	1.0936923632165205
COG0564	-1.9030201600796492	1.903020160079646
COG0565	-1.2903486036758427	1.2903486036758403
COG0566	-0.6221669752529233	0.6221669752529219
COG0567	1.0975206619919626	-1.0975206619919617
COG0568	-1.8977408408466945	1.8977408408466911
COG0569	0.1565862342159458	-0.15658623421594606
COG0571	-0.5341412261336532	0.5341412261336521
COG0572	1.6349891201261084	-1.6349891201261062
COG0573	-1.4433870949380303	1.4433870949380279
COG0574	0.0014664528031195722	-0.0014664528031200436
COG0575	-0.05685250473171406	0.0568525047317135
COG0576	0.22934691113287733	-0.22934691113287722
COG0577	-0.759221930669997	0.7592219306699957
COG0578	0.632038343332278	-0.6320383433322776
COG0579	-1.3736410848609724	1.3736410848609701
COG0580	-1.8450741613336574	1.8450741613336543
COG0581	-1.0599334914244036	1.0599334914244016
COG0582	-1.5374115758336038	1.5374115758336009
COG0583	-0.24826925791549515	0.24826925791549428
COG0584	0.5491944748710955	-0.5491944748710951
COG0585	-2.2737319148757735	2.273731914875769
COG0586	-0.6040038567352016	0.6040038567352003
COG0587	0.7255684063060612	-0.7255684063060603
COG0588	-1.4312814343386435	1.431281434338641
COG0589	-2.3575985492391025	2.357598549239099
COG0590	-2.1046625157453978	2.104662515745394
COG0591	1.0421066503190752	-1.0421066503190743
COG0592	-1.9107941902617511	1.910794190261748
COG0593	0.8626109879411454	-0.8626109879411448
COG0594	-0.5200527603318922	0.5200527603318909
COG0595	-0.22356894263164703	0.22356894263164623
COG0596	0.38291048585197773	-0.3829104858519776
COG0597	-1.305722108813927	1.3057221088139246
COG0598	1.1736664100808156	-1.1736664100808143
COG0599	0.40411217281479167	-0.4041121728147913
COG0600	-1.399643515412833	1.3996435154128306
COG0601	-1.6715337694168286	1.671533769416826
COG0602	-0.17205204158570653	0.17205204158570603
COG0603	-0.5825136708835819	0.5825136708835804
COG0604	-0.33970772319395476	0.339707723193954
COG0605	0.5920169401758002	-0.5920169401757995
COG0606	0.6829321778769565	-0.6829321778769559
COG0607	0.0667092506714343	-0.06670925067143442
COG0608	1.0758325567649916	-1.0758325567649905
COG0609	0.7054389943184757	-0.705438994318475
COG0610	-0.9070514027645386	0.9070514027645369
COG0611	1.596626992864639	-1.5966269928646368
COG0612	1.6102510383793944	-1.6102510383793924
COG0613	-0.3476175415625335	0.3476175415625327
COG0614	-1.9357500545485953	1.9357500545485922
COG0615	1.3280745978197561	-1.3280745978197548
COG0616	1.4467229857545192	-1.4467229857545174
COG0617	0.5126923620682563	-0.512692362068256
COG0618	0.631700663460759	-0.6317006634607583
COG0619	-1.530774815736379	1.5307748157363763
COG0620	0.4104388626219896	-0.410438862621989
COG0621	0.48996908243722015	-0.4899690824372194
COG0622	1.271717394608309	-1.2717173946083071
COG0623	1.293229956208628	-1.2932299562086265
COG0624	-0.685249061559304	0.6852490615593027
COG0625	-0.9823221773666483	0.9823221773666465
COG0626	-1.649291177685329	1.649291177685326
COG0627	-1.1966361498436573	1.1966361498436549
COG0628	0.23506103632207254	-0.23506103632207243
COG0629	-1.0849703619326863	1.0849703619326845
COG0630	1.381955093619505	-1.3819550936195035
COG0631	1.1183480532121466	-1.1183480532121448
COG0632	-1.607225772572339	1.607225772572336
COG0633	-1.6432530160470815	1.6432530160470789
COG0634	-1.3157506108589396	1.3157506108589372
COG0635	-0.4022975575306751	0.4022975575306742
COG0636	0.0954657007811154	-0.09546570078111548
COG0637	0.17181968541948076	-0.17181968541948095
COG0639	-0.9983225657644024	0.9983225657644004
COG0640	0.7918046306748628	-0.7918046306748622
COG0641	0.9693156463091166	-0.9693156463091153
COG0642	0.7935679792727358	-0.7935679792727349
COG0643	1.015979222815832	-1.015979222815831
COG0644	-1.5103903235661884	1.5103903235661857
COG0645	0.7388099200466368	-0.7388099200466361
COG0646	1.619374826158429	-1.6193748261584273
COG0647	-0.7433306104275861	0.7433306104275846
COG0648	-0.7265810563100351	0.7265810563100338
COG0649	-0.8126075748997335	0.8126075748997319
COG0650	-0.5042710629680831	0.5042710629680818
COG0651	0.7605773062978295	-0.7605773062978286
COG0652	-0.01716767133331352	0.017167671333313258
COG0653	-1.0138864556055172	1.0138864556055152
COG0654	-1.4285709098677797	1.4285709098677772
COG0655	0.448502355495235	-0.44850235549523476
COG0656	-1.219844282124453	1.219844282124451
COG0657	-1.5169194476912955	1.5169194476912928
COG0658	-0.20670025213283597	0.2067002521328354
COG0659	1.0489938747857288	-1.0489938747857275
COG0661	-1.0784693624542023	1.0784693624542006
COG0662	1.0133451921177852	-1.013345192117784
COG0663	-1.8703597815766653	1.8703597815766622
COG0664	0.980467632782093	-0.9804676327820919
COG0665	-1.0142693061729064	1.0142693061729045
COG0666	-0.04753063947469806	0.04753063947469751
COG0667	-1.0294055869752643	1.0294055869752623
COG0668	-0.8898707344091317	0.8898707344091301
COG0669	0.5480020160048099	-0.5480020160048098
COG0670	-1.6127190279728643	1.6127190279728616
COG0671	0.7097599356680317	-0.7097599356680311
COG0672	-0.7966590260659422	0.7966590260659405
COG0673	-0.5566989600502837	0.5566989600502824
COG0674	1.6459825457780526	-1.6459825457780506
COG0675	1.3164966090748695	-1.3164966090748678
COG0676	-0.8868995614790562	0.8868995614790545
COG0677	-0.022309285199030138	0.022309285199029867
COG0679	-2.1056128888766543	2.1056128888766503
COG0680	-0.9638920707356152	0.9638920707356136
COG0681	1.5940650131025098	-1.5940650131025078
COG0682	1.438812853812127	-1.4388128538121248
COG0683	-1.1141773892368219	1.1141773892368199
COG0684	-0.0937397294306949	0.0937397294306943
COG0685	-1.015670322475562	1.0156703224755603
COG0686	0.23158267954672793	-0.23158267954672782
COG0687	0.23384214546930432	-0.2338421454693042
COG0688	-0.11154357874579532	0.11154357874579467
COG0689	-0.49548232731614433	0.49548232731614333
COG0691	-1.3694343874527726	1.36943438745277
COG0692	-0.5120319769937346	0.5120319769937336
COG0693	0.8332450534158726	-0.833245053415872
COG0695	-1.412466944102731	1.4124669441027287
COG0696	-1.0903535807316127	1.0903535807316105
COG0697	-1.9789880144018634	1.9789880144018597
COG0698	-0.1660955652120659	0.1660955652120654
COG0699	-1.4882573441975104	1.4882573441975073
COG0700	1.2804318833942725	-1.2804318833942705
COG0701	-1.127331995348808	1.127331995348806
COG0702	-0.7891998555644966	0.7891998555644949
COG0703	-2.0104035707484096	2.010403570748406
COG0704	0.6439043876103887	-0.6439043876103883
COG0705	-1.0416102629801993	1.0416102629801973
COG0706	-0.8039405376202732	0.8039405376202715
COG0707	1.490791212462875	-1.4907912124628733
COG0708	-0.4762145444097096	0.4762145444097084
COG0709	0.6451940824946956	-0.645194082494695
COG0710	0.7261040868081609	-0.7261040868081597
COG0711	-0.3526142168746463	0.3526142168746455
COG0712	-2.22778782023526	2.2277878202352555
COG0713	-1.5230523852864786	1.523052385286476
COG0714	0.0032358767503802644	-0.003235876750380259
COG0715	-1.34332107472017	1.3433210747201676
COG0716	0.592073976437333	-0.5920739764373325
COG0717	-1.058612001618295	1.058612001618293
COG0718	-0.9097328933464978	0.9097328933464961
COG0719	-0.060550963954952526	0.0605509639549522
COG0720	0.43592281659401794	-0.4359228165940177
COG0721	0.6570290334690394	-0.6570290334690384
COG0722	-1.082542579724045	1.082542579724043
COG0724	1.2193802902535198	-1.2193802902535182
COG0725	1.1886906362723026	-1.1886906362723013
COG0726	-0.24241902346245306	0.24241902346245198
COG0727	0.24259609018761863	-0.2425960901876185
COG0728	-0.25982395751404413	0.25982395751404375
COG0729	-1.670679962490405	1.670679962490402
COG0730	-0.20371648201664902	0.2037164820166487
COG0732	-0.8283666138245571	0.8283666138245556
COG0733	1.224126006084661	-1.2241260060846597
COG0735	1.4497946795729055	-1.449794679572904
COG0736	-2.1188381226704323	2.1188381226704287
COG0737	-0.313837627569149	0.31383762756914807
COG0738	0.6973354381202835	-0.697335438120283
COG0739	-0.7538690603111907	0.7538690603111894
COG0740	0.2322341901405463	-0.23223419014054641
COG0741	-0.15137747825444048	0.15137747825443978
COG0742	-0.002421560317663621	0.0024215603176633805
COG0743	-1.5385586737015955	1.5385586737015928
COG0744	-1.7915703081403276	1.7915703081403243
COG0745	0.9929409477504901	-0.9929409477504892
COG0746	-1.6803541686463912	1.6803541686463883
COG0747	-0.3430956303255279	0.34309563032552715
COG0749	0.06320045235418417	-0.06320045235418431
COG0750	1.2189030356671786	-1.2189030356671773
COG0751	-1.5662776528449784	1.5662776528449756
COG0752	-1.587739279992803	1.5877392799928
COG0753	-0.9366377301860401	0.9366377301860382
COG0754	0.29476819127367465	-0.29476819127367443
COG0755	0.23828513461428608	-0.23828513461428572
COG0756	-2.1050747139320616	2.105074713932058
COG0757	0.8817097473562131	-0.8817097473562124
COG0758	0.6560456329288159	-0.6560456329288151
COG0759	-1.3191343888595561	1.3191343888595537
COG0760	1.4813374531652181	-1.4813374531652166
COG0761	-1.2798411609008853	1.279841160900883
COG0762	-2.0961664268240567	2.0961664268240527
COG0763	1.375993447682946	-1.3759934476829443
COG0764	-0.07335266090766336	0.07335266090766254
COG0765	-2.0935172375510804	2.093517237551077
COG0766	-0.8449389020215774	0.8449389020215758
COG0767	1.5298214723765848	-1.529821472376583
COG0768	-1.9334502100952422	1.9334502100952387
COG0769	-2.0108125242482715	2.010812524248268
COG0770	0.4739998103296463	-0.47399981032964605
COG0771	-1.269443328899226	1.2694433288992237
COG0772	-1.7462569191735262	1.7462569191735233
COG0773	-0.15216939002755933	0.15216939002755886
COG0774	-0.6218240468921234	0.6218240468921222
COG0775	-0.46386177404437146	0.4638617740443703
COG0776	-0.869289443469899	0.8692894434698972
COG0777	-0.8485705136282551	0.8485705136282533
COG0778	1.2710250608885763	-1.271025060888575
COG0779	-0.35717006772006926	0.3571700677200682
COG0780	-0.7643833055954331	0.7643833055954317
COG0781	1.0490733684040747	-1.0490733684040736
COG0782	-1.2129340224197993	1.212934022419797
COG0783	0.2981069805894504	-0.2981069805894504
COG0784	-1.5752394211630887	1.5752394211630858
COG0785	-0.7751502767003455	0.7751502767003439
COG0786	-0.6405404052679124	0.6405404052679112
COG0787	-0.3498958752434029	0.3498958752434019
COG0788	-0.9702139787129301	0.9702139787129281
COG0789	-1.4716068084038934	1.4716068084038907
COG0790	0.3940816183475597	-0.39408161834755956
COG0791	-0.2219901531177338	0.22199015311773343
COG0792	0.5770355137653244	-0.5770355137653237
COG0793	-0.6973565536677965	0.6973565536677949
COG0794	-1.303397277330518	1.3033972773305156
COG0795	1.1721582127692434	-1.1721582127692418
COG0796	-2.122437486189902	2.1224374861898987
COG0797	1.2142131509886942	-1.2142131509886929
COG0798	-1.672234100281683	1.67223410028168
COG0799	0.44184296834900155	-0.4418429683490011
COG0800	-0.6975802777960934	0.6975802777960921
COG0801	-0.5937417869883673	0.5937417869883661
COG0802	-1.0502927063610585	1.0502927063610563
COG0803	-1.3036504939242926	1.30365049392429
COG0804	-0.7277697678107565	0.7277697678107552
COG0805	-0.11372863190005093	0.11372863190005075
COG0806	-1.7718216966051825	1.7718216966051792
COG0807	0.19257349325814738	-0.19257349325814707
COG0809	0.6691121330826872	-0.6691121330826869
COG0810	-2.0826411036570223	2.0826411036570187
COG0811	1.4213226280024496	-1.4213226280024478
COG0812	0.6488000703585026	-0.6488000703585021
COG0813	-0.2491386760625622	0.2491386760625616
COG0814	0.8093951767553687	-0.8093951767553682
COG0815	1.4191285617503744	-1.4191285617503726
COG0816	-1.8084872733273019	1.8084872733272987
COG0817	0.3927551985841886	-0.3927551985841883
COG0818	-0.26008946705861435	0.26008946705861324
COG0819	-0.49148615524572603	0.4914861552457248
COG0820	1.0153956344149415	-1.0153956344149406
COG0821	-0.8566406697792192	0.8566406697792176
COG0822	-1.5690798247970175	1.5690798247970146
COG0823	-1.1373146102001268	1.1373146102001248
COG0824	0.44932869902546624	-0.4493286990254658
COG0825	-1.6045448494936572	1.6045448494936543
COG0826	1.4900041467046892	-1.4900041467046876
COG0827	0.5572828206615094	-0.5572828206615088
COG0829	1.1746387071007118	-1.1746387071007107
COG0830	-0.11469581883449975	0.1146958188344991
COG0831	-0.7683641600974634	0.7683641600974618
COG0832	0.3352215585927646	-0.33522155859276453
COG0833	-2.1480820086506824	2.1480820086506793
COG0834	1.5284068066261451	-1.5284068066261438
COG0835	-0.9202136851185518	0.9202136851185502
COG0836	0.03174921870819216	-0.03174921870819259
COG0837	-1.8026714682648974	1.8026714682648945
COG0838	0.6909910876108615	-0.6909910876108609
COG0839	-0.8989467559497256	0.898946755949724
COG0840	0.38864434981543255	-0.3886443498154324
COG0841	0.11731672676541695	-0.117316726765417
COG0842	1.2187241787247616	-1.2187241787247596
COG0843	0.6917322337160948	-0.6917322337160939
COG0845	-0.24229740726850252	0.2422974072685019
COG0846	0.4888210130737936	-0.4888210130737931
COG0847	-0.10183176767603384	0.10183176767603344
COG0848	-1.2921667942788078	1.2921667942788053
COG0849	1.44531567566818	-1.4453156756681782
COG0850	-0.33732106214084967	0.3373210621408489
COG0852	0.35627746028662255	-0.3562774602866227
COG0853	0.7151767111112296	-0.7151767111112287
COG0854	-0.06082200158239977	0.060822001582399206
COG0855	-0.5095437466890702	0.5095437466890691
COG0857	-0.2724520834891824	0.2724520834891815
COG0858	-1.1003850901994374	1.1003850901994352
COG0859	-2.1598416713574897	2.159841671357486
COG0860	1.5824613325309702	-1.582461332530968
COG0861	-1.3102830315283616	1.3102830315283593
COG0863	-0.7391441538071863	0.739144153807185
COG0864	-0.054859132121916565	0.05485913212191577
COG1001	-0.9948934029988659	0.9948934029988641
COG1002	0.8733560430301441	-0.8733560430301435
COG1003	0.7537426402379234	-0.7537426402379227
COG1004	1.216206527188387	-1.2162065271883857
COG1005	1.6575594490653949	-1.6575594490653929
COG1007	-1.3121898380919885	1.3121898380919863
COG1008	1.0082892547676994	-1.008289254767698
COG1009	-0.2533512067248709	0.25335120672487
COG1011	-1.4158070016643027	1.4158070016643003
COG1012	-1.0216689278348297	1.0216689278348277
COG1013	0.2144134106662752	-0.2144134106662756
COG1014	1.6432972462658926	-1.6432972462658906
COG1015	0.7881872273938085	-0.7881872273938078
COG1018	-0.949022196678881	0.9490221966788793
COG1020	1.3066125867198977	-1.3066125867198963
COG1021	-1.2724678627217176	1.2724678627217152
COG1022	-0.6326280055916403	0.6326280055916391
COG1023	-1.4107680633655577	1.410768063365555
COG1024	-2.0335851475647257	2.0335851475647218
COG1025	0.33485116024577777	-0.3348511602457777
COG1026	-0.6538906344749214	0.6538906344749199
COG1027	-1.8314687958035105	1.8314687958035072
COG1028	-1.5693269322765941	1.5693269322765915
COG1030	1.3332356803054484	-1.3332356803054468
COG1032	-1.0003160287456543	1.0003160287456525
COG1033	1.423200166574057	-1.423200166574055
COG1034	0.5057476546937785	-0.5057476546937784
COG1038	-2.0618739445937933	2.0618739445937897
COG1039	1.2532268728905536	-1.2532268728905518
COG1040	-0.5930615941331548	0.5930615941331534
COG1042	0.7301665511710709	-0.73016655117107
COG1043	1.4231119218369102	-1.423111921836908
COG1044	1.586195582465118	-1.5861955824651162
COG1045	1.60027128163247	-1.6002712816324685
COG1047	0.8687322821644831	-0.8687322821644821
COG1048	0.36275144231508566	-0.3627514423150851
COG1049	-1.5959013043842765	1.5959013043842736
COG1051	0.44771553007091913	-0.4477155300709189
COG1052	-0.10703572359992568	0.10703572359992504
COG1053	-1.1894089181534684	1.1894089181534662
COG1054	-1.812061010670939	1.812061010670936
COG1055	-1.394068168381567	1.3940681683815643
COG1057	-1.7269059062812688	1.7269059062812655
COG1058	-1.0041553933167244	1.0041553933167224
COG1060	0.5191528058044033	-0.5191528058044029
COG1061	0.3817555096401866	-0.3817555096401865
COG1062	-1.2822146499433116	1.2822146499433094
COG1063	-0.6719765475076974	0.671976547507696
COG1064	-1.674508870973024	1.6745088709730214
COG1066	-0.18272465655324205	0.18272465655324177
COG1067	-1.6701713267537779	1.6701713267537752
COG1069	-0.4657437129332211	0.46574371293322014
COG1070	0.5255019410604808	-0.5255019410604802
COG1071	1.4987849074222406	-1.4987849074222395
COG1072	-0.408836850685656	0.4088368506856552
COG1073	1.1107944929868152	-1.110794492986814
COG1074	0.3063317553580067	-0.30633175535800694
COG1075	-1.065389729099811	1.065389729099809
COG1076	-1.8006743679876587	1.8006743679876551
COG1077	0.11003630154979745	-0.11003630154979752
COG1078	-0.2026188621156343	0.20261886211563376
COG1079	-0.7815111570596047	0.7815111570596031
COG1080	-1.0715892577109472	1.0715892577109452
COG1082	0.7826751320833337	-0.7826751320833331
COG1083	1.283889900950648	-1.2838899009506466
COG1085	0.28197982292932844	-0.281979822929328
COG1086	1.3994979695001664	-1.3994979695001644
COG1087	-1.6805634652213204	1.6805634652213175
COG1088	0.33066576830999594	-0.33066576830999544
COG1089	0.9765237665674504	-0.9765237665674494
COG1090	1.551688491801997	-1.551688491801995
COG1091	1.4169805446016979	-1.4169805446016968
COG1092	0.9256887297755028	-0.9256887297755014
COG1098	0.3613984771914819	-0.3613984771914813
COG1099	-0.1680500838210963	0.168050083821096
COG1101	-1.847301944244971	1.8473019442449679
COG1104	1.2882940494754902	-1.2882940494754882
COG1105	0.4542067669073308	-0.45420676690733036
COG1106	0.1767382590928958	-0.17673825909289576
COG1108	-0.6724243246712198	0.6724243246712183
COG1109	0.32392212596100045	-0.3239221259610007
COG1112	-1.1652874224686487	1.1652874224686465
COG1113	-1.814265149278195	1.8142651492781914
COG1114	-1.993890164334849	1.9938901643348457
COG1115	1.0731490897584972	-1.0731490897584963
COG1116	-1.3974335964516063	1.3974335964516038
COG1117	-1.3313171766309408	1.3313171766309386
COG1118	1.038485339082522	-1.0384853390825208
COG1119	0.8279713373137388	-0.8279713373137383
COG1120	0.9160049433028061	-0.916004943302805
COG1121	0.7592919555275348	-0.7592919555275341
COG1122	-1.7956002068594263	1.7956002068594235
COG1123	-1.9791317158321682	1.9791317158321649
COG1124	-1.3499064646543215	1.3499064646543188
COG1125	-0.7810356930787221	0.7810356930787204
COG1126	-0.7244904781940179	0.7244904781940164
COG1127	0.5626668503743739	-0.5626668503743733
COG1129	-1.5934074518260761	1.593407451826073
COG1131	0.01031801665410603	-0.010318016654106489
COG1132	1.184422745933786	-1.1844227459337846
COG1133	-1.8682278899093723	1.8682278899093692
COG1134	-1.3452196256762758	1.3452196256762736
COG1135	-2.198899591315856	2.1988995913158527
COG1136	-0.8959781013806658	0.8959781013806641
COG1137	0.6673481651931292	-0.6673481651931289
COG1138	-0.9265679750822452	0.9265679750822435
COG1139	-0.8712309755451052	0.8712309755451033
COG1140	-1.273076115632504	1.273076115632502
COG1142	-0.716712414848223	0.7167124148482217
COG1143	0.9479052112215471	-0.947905211221546
COG1145	-0.4940129676825754	0.4940129676825744
COG1146	-1.2599841312909261	1.2599841312909237
COG1148	1.2824228753866218	-1.2824228753866205
COG1151	-0.1973379278359649	0.19733792783596413
COG1152	1.040707501669375	-1.040707501669374
COG1154	0.7462893916457836	-0.7462893916457829
COG1155	0.927660628983299	-0.927660628983298
COG1156	0.1515366974778505	-0.1515366974778505
COG1157	0.6011205253053885	-0.6011205253053881
COG1158	-0.0876461535924373	0.08764615359243716
COG1159	-0.33786333889674597	0.3378633388967452
COG1160	1.1163438651034958	-1.1163438651034945
COG1161	-0.19205975450923998	0.19205975450923923
COG1162	1.2659602890022004	-1.2659602890021988
COG1164	1.344694439271205	-1.3446944392712035
COG1165	-1.4077725151070135	1.407772515107011
COG1166	0.9155080736222261	-0.9155080736222252
COG1167	-2.1009370178839077	2.100937017883904
COG1168	-1.5739301097821425	1.5739301097821399
COG1169	-0.8366095969694569	0.8366095969694554
COG1171	-0.4309321182685107	0.4309321182685098
COG1172	0.2612118533105562	-0.261211853310556
COG1173	-1.100466348674769	1.1004663486747668
COG1174	0.1529934477532353	-0.15299344775323556
COG1175	-0.08544881342528735	0.0854488134252865
COG1176	-0.8148365800906806	0.8148365800906792
COG1177	1.4342328162971922	-1.4342328162971907
COG1178	-0.5961375627765184	0.5961375627765173
COG1179	0.03221567774204609	-0.03221567774204651
COG1180	-0.4835366259236467	0.4835366259236457
COG1181	-0.7864180651185896	0.7864180651185879
COG1182	1.5844374646995456	-1.5844374646995432
COG1183	1.358796315251209	-1.3587963152512075
COG1185	0.11137530376509654	-0.11137530376509637
COG1186	-1.2834918743007375	1.283491874300735
COG1187	0.9850082083036513	-0.9850082083036498
COG1188	0.9933893910216016	-0.9933893910216004
COG1189	-2.0239858067086227	2.0239858067086196
COG1190	-0.9780768593079702	0.9780768593079685
COG1191	1.4070357964227063	-1.4070357964227045
COG1192	-1.330253856169139	1.3302538561691364
COG1193	0.6600432779898617	-0.660043277989861
COG1194	-2.204381840974466	2.204381840974463
COG1195	-1.7447378787778818	1.744737878777879
COG1196	-1.9646773441804375	1.9646773441804342
COG1197	-1.2709386244303629	1.2709386244303604
COG1198	1.1309606277260635	-1.1309606277260622
COG1199	0.31729838084676126	-0.317298380846761
COG1200	0.07920880115413115	-0.07920880115413126
COG1201	-0.7333743716579815	0.7333743716579799
COG1203	0.2617941329297766	-0.26179413292977616
COG1204	0.8071653368166215	-0.8071653368166205
COG1205	1.363017148381403	-1.3630171483814018
COG1206	-0.8792146169397338	0.8792146169397321
COG1207	0.43158121049131926	-0.43158121049131903
COG1208	0.07931840586389048	-0.0793184058638906
COG1209	-1.4938760440851668	1.493876044085164
COG1210	-0.9963537413517283	0.9963537413517265
COG1211	-0.6730560921625011	0.6730560921624995
COG1212	0.7876136737547227	-0.7876136737547216
COG1213	1.154081310866853	-1.1540813108668513
COG1214	0.8887632488241327	-0.8887632488241318
COG1215	0.6759659410658543	-0.6759659410658535
COG1216	-1.6320142344464168	1.6320142344464135
COG1217	0.04009015941840903	-0.040090159418409446
COG1218	0.7784379231892712	-0.7784379231892704
COG1219	-0.016412996121716837	0.016412996121716577
COG1220	-1.0162864451950426	1.0162864451950404
COG1221	-1.3596632945088258	1.3596632945088234
COG1225	-1.9821172355108347	1.9821172355108314
COG1226	1.5524424892040736	-1.5524424892040711
COG1227	1.1087330570061125	-1.1087330570061111
COG1228	-0.45504760734057936	0.4550476073405782
COG1230	0.09332677230102483	-0.0933267723010254
COG1232	-1.7856069523844764	1.7856069523844735
COG1233	1.6885875941090698	-1.6885875941090678
COG1234	1.1314504859901107	-1.1314504859901098
COG1235	0.8290986635447768	-0.8290986635447758
COG1236	-0.5269685953742029	0.5269685953742016
COG1237	-0.0016676004874098998	0.0016676004874098972
COG1238	0.5464631882166768	-0.5464631882166762
COG1239	-1.7082009455957152	1.7082009455957123
COG1242	1.4637486609260768	-1.463748660926076
COG1243	-1.9078027303284746	1.9078027303284713
COG1246	0.931879283209386	-0.9318792832093848
COG1247	-0.6053841633798915	0.6053841633798902
COG1249	-1.690584866090502	1.6905848660904987
COG1250	0.5116078750701958	-0.5116078750701958
COG1251	-0.4241619959631517	0.4241619959631506
COG1252	-0.16456655234628548	0.16456655234628498
COG1253	-0.652929402316202	0.6529294023162006
COG1254	-0.08088080667771652	0.08088080667771569
COG1256	0.6996065112175284	-0.6996065112175277
COG1257	-0.40688677035312726	0.40688677035312637
COG1259	0.6929828843355651	-0.692982884335564
COG1260	-1.0572618721720173	1.0572618721720153
COG1262	1.1196568683516461	-1.119656868351645
COG1263	-1.9288811443952103	1.9288811443952067
COG1264	-1.2484940829762452	1.2484940829762428
COG1266	0.8943661229825308	-0.8943661229825295
COG1267	-1.4351495643948355	1.435149564394833
COG1268	0.3249856030398027	-0.3249856030398029
COG1269	-0.0685609250854086	0.06856092508540802
COG1270	0.25139951772962527	-0.25139951772962554
COG1271	1.4254445258598891	-1.4254445258598873
COG1272	0.8251946972710403	-0.8251946972710392
COG1274	-1.1215856532493853	1.1215856532493833
COG1275	0.883063069096527	-0.8830630690965261
COG1276	-0.1067086204522829	0.1067086204522825
COG1277	0.5206382977271699	-0.520638297727169
COG1278	-1.5857943968919772	1.5857943968919743
COG1279	-1.0156388770071354	1.0156388770071334
COG1280	-0.8243239069656689	0.8243239069656674
COG1281	-1.0697884856265425	1.0697884856265405
COG1282	-1.5251987090906078	1.525198709090605
COG1283	1.3461371233017365	-1.346137123301735
COG1284	0.8055126711200511	-0.8055126711200502
COG1285	-0.31445924248171975	0.314459242481719
COG1286	-1.8025422731483685	1.8025422731483656
COG1288	0.015806536553650316	-0.015806536553650528
COG1289	-2.1020987087633087	2.1020987087633047
COG1291	0.44054156873003575	-0.44054156873003536
COG1292	-0.21143308817585052	0.2114330881758502
COG1293	1.2707100288397992	-1.270710028839798
COG1294	-0.4615041993076143	0.4615041993076134
COG1295	1.1367357469489134	-1.136735746948912
COG1296	-2.1551449180475895	2.155144918047586
COG1297	0.959281187386543	-0.9592811873865418
COG1298	-0.4299632275348404	0.4299632275348393
COG1299	-0.8346676107578859	0.8346676107578843
COG1300	0.9005004314248201	-0.9005004314248191
COG1302	-0.03430815909591925	0.03430815909591872
COG1304	0.3431104611722076	-0.34311046117220706
COG1305	-1.244698975864155	1.2446989758641527
COG1306	1.4978661899581558	-1.4978661899581531
COG1307	1.5093414500482412	-1.5093414500482394
COG1309	-0.8731066013935372	0.8731066013935357
COG1312	0.8646295872614291	-0.8646295872614282
COG1313	0.6852462996402106	-0.6852462996402099
COG1316	1.205627781341322	-1.2056277813413205
COG1319	-1.2700000415691206	1.2700000415691182
COG1321	1.378066810458118	-1.3780668104581164
COG1322	-0.885055851108004	0.8850558511080024
COG1323	0.8036399398914907	-0.80363993989149
COG1327	-1.1494871242819873	1.1494871242819853
COG1328	0.8961210426490483	-0.896121042649047
COG1329	-0.6226140621482451	0.6226140621482439
COG1330	-1.752177657064681	1.752177657064678
COG1331	1.4984755003845647	-1.4984755003845633
COG1335	-2.2498824727369944	2.2498824727369904
COG1338	-0.04300660952014461	0.04300660952014455
COG1342	0.8234147093943984	-0.8234147093943979
COG1343	-1.3468838456664554	1.3468838456664531
COG1344	0.256873348972312	-0.2568733489723121
COG1345	-1.3756609052619841	1.375660905261982
COG1346	0.9993499429159174	-0.9993499429159164
COG1347	0.7758034063917755	-0.7758034063917748
COG1348	0.6097216282777989	-0.609721628277798
COG1349	-1.383290242967018	1.383290242967015
COG1350	1.5597386980577164	-1.5597386980577148
COG1351	-1.1372986458910626	1.1372986458910606
COG1354	-2.2703007602036718	2.270300760203668
COG1355	-0.6152250249087391	0.6152250249087376
COG1357	0.7050994051344815	-0.7050994051344804
COG1358	0.8997357238465207	-0.8997357238465198
COG1359	0.485132101130914	-0.4851321011309135
COG1360	0.5344058666032507	-0.5344058666032506
COG1362	0.11585250362518039	-0.11585250362518044
COG1363	-0.390930363199688	0.39093036319968716
COG1364	1.0911365871919707	-1.0911365871919692
COG1366	0.9936886144183459	-0.9936886144183447
COG1368	-0.9265954914431441	0.9265954914431425
COG1373	-1.7349407161879884	1.7349407161879855
COG1376	-1.6921448438356126	1.6921448438356097
COG1377	-1.1299044025108296	1.1299044025108276
COG1379	-0.8799776595454148	0.8799776595454133
COG1380	0.7779522008250199	-0.777952200825019
COG1381	-0.5562223367146096	0.5562223367146086
COG1385	-0.3055695516718193	0.3055695516718188
COG1386	-0.8343677628358982	0.8343677628358964
COG1387	0.18438531732178823	-0.18438531732178867
COG1388	1.1497366599767875	-1.1497366599767858
COG1391	1.231413925997716	-1.231413925997714
COG1392	-0.7359224486322539	0.7359224486322524
COG1393	1.0475702738973258	-1.0475702738973245
COG1394	0.3111188973405971	-0.3111188973405969
COG1396	-0.8455149572520035	0.8455149572520021
COG1397	-1.7174775561590214	1.7174775561590185
COG1399	-1.928468752440765	1.928468752440762
COG1401	-1.396190660472289	1.3961906604722862
COG1402	0.35323143140450636	-0.353231431404506
COG1403	0.002628703588833889	-0.0026287035888341217
COG1404	1.3279568386473035	-1.3279568386473017
COG1408	0.5778379340825279	-0.5778379340825276
COG1409	-0.9525326966524297	0.952532696652428
COG1410	-0.27640378120840653	0.27640378120840564
COG1414	-0.3453637883914669	0.3453637883914659
COG1418	-0.131932262391801	0.1319322623918001
COG1419	0.2616296269399543	-0.26162962693995434
COG1420	-0.06827193805868059	0.06827193805868001
COG1426	-0.7856222478927063	0.7856222478927049
COG1428	0.4530933200472841	-0.45309332004728387
COG1429	0.8074462318455853	-0.8074462318455842
COG1432	0.26763354377436543	-0.2676335437743652
COG1434	-1.7988980039627687	1.7988980039627656
COG1435	0.8154891703703321	-0.8154891703703313
COG1436	0.7679763937863084	-0.7679763937863074
COG1438	-0.6263473852555056	0.6263473852555044
COG1440	1.4062084237258567	-1.406208423725855
COG1441	0.7461791214686169	-0.746179121468616
COG1442	0.5774652755166951	-0.5774652755166945
COG1444	-0.7910392312368888	0.7910392312368871
COG1445	-1.4670862842118724	1.4670862842118697
COG1446	1.1091886188150275	-1.1091886188150262
COG1447	0.3053302206442408	-0.3053302206442408
COG1448	-0.3005795639163099	0.3005795639163092
COG1449	0.9915298904434034	-0.9915298904434026
COG1450	0.20822291861156628	-0.20822291861156644
COG1451	-2.2688380850981393	2.268838085098136
COG1452	-1.3778401121451704	1.377840112145168
COG1453	0.3358504663076073	-0.3358504663076073
COG1454	0.662303583263602	-0.6623035832636012
COG1455	0.4769520221276683	-0.476952022127668
COG1456	0.3822930619177795	-0.3822930619177791
COG1457	-1.010584336962473	1.0105843369624712
COG1459	0.10810816462727121	-0.10810816462727128
COG1461	1.3468025478926968	-1.3468025478926953
COG1463	-1.4782206456506852	1.4782206456506828
COG1464	-0.8219250638089168	0.8219250638089152
COG1466	-0.09783934808451018	0.09783934808450956
COG1468	0.6686903816329259	-0.6686903816329256
COG1469	0.8640783066694913	-0.8640783066694906
COG1472	0.8375379197731914	-0.8375379197731901
COG1473	1.0328696147529832	-1.0328696147529821
COG1475	0.97364269758069	-0.973642697580689
COG1476	-1.1844601322978396	1.1844601322978376
COG1477	-0.5761492172571075	0.5761492172571064
COG1479	-1.7236658128502949	1.723665812850292
COG1480	1.455746813633106	-1.4557468136331047
COG1481	-0.04468859683635674	0.04468859683635643
COG1482	0.45432725196186885	-0.45432725196186885
COG1484	-0.7938241690918173	0.7938241690918159
COG1485	-1.9455866616474944	1.9455866616474908
COG1486	-1.5000241867211648	1.5000241867211617
COG1487	-0.5097607767993632	0.5097607767993622
COG1488	-2.264197415553794	2.2641974155537903
COG1489	0.9777697337353161	-0.9777697337353151
COG1490	-0.5137512237206608	0.5137512237206595
COG1492	0.31923501666185117	-0.31923501666185095
COG1493	1.6383533132898842	-1.6383533132898827
COG1494	-0.5727098342859431	0.5727098342859417
COG1495	-0.9782296405432923	0.9782296405432904
COG1496	0.7843031893824827	-0.7843031893824816
COG1501	-0.5639949802175103	0.5639949802175089
COG1502	0.924081306349841	-0.92408130634984
COG1506	0.052096781218620075	-0.05209678121862071
COG1507	-0.08839952760346859	0.08839952760346821
COG1508	0.15254259328600836	-0.1525425932860081
COG1509	1.0336854306186205	-1.0336854306186196
COG1511	-0.6481735194201795	0.648173519420178
COG1512	0.17444092833361088	-0.17444092833361108
COG1515	-2.022374913615512	2.0223749136155083
COG1516	1.0520563518200117	-1.0520563518200108
COG1518	-0.6192066545942668	0.6192066545942656
COG1519	-0.5219884442969049	0.5219884442969038
COG1520	0.7369211348630809	-0.7369211348630796
COG1521	-0.721695790050327	0.7216957900503255
COG1522	0.3319135782406891	-0.33191357824068907
COG1523	0.3740201548511709	-0.3740201548511705
COG1524	0.5993025378127165	-0.5993025378127157
COG1525	0.8330978499651263	-0.8330978499651251
COG1526	-1.4829496292809863	1.4829496292809834
COG1527	0.6837551395875135	-0.6837551395875127
COG1528	-0.20437851239375682	0.20437851239375626
COG1529	0.45641336450737	-0.4564133645073693
COG1530	-0.829054412859924	0.8290544128599222
COG1533	1.2087377634742287	-1.2087377634742271
COG1534	-0.2311303627467744	0.23113036274677332
COG1536	0.7635166664979013	-0.7635166664979002
COG1538	-0.6057252804612647	0.6057252804612636
COG1539	-1.4783615034949231	1.4783615034949207
COG1540	-1.4674933077923518	1.4674933077923487
COG1541	0.8994493045146007	-0.8994493045145996
COG1544	0.6103083316385932	-0.6103083316385928
COG1546	-1.648499557886112	1.6484995578861088
COG1553	0.18559462717378566	-0.18559462717378586
COG1554	1.5454380552848823	-1.545438055284881
COG1555	0.14772096755384623	-0.14772096755384626
COG1556	-1.6559755033217334	1.6559755033217305
COG1558	0.8547652983498991	-0.854765298349898
COG1559	-0.5215807103569922	0.5215807103569912
COG1560	-0.7779573087559222	0.7779573087559207
COG1561	-0.8588165844401149	0.8588165844401133
COG1562	1.6870577373248261	-1.6870577373248243
COG1564	0.2783221418740326	-0.2783221418740324
COG1565	1.6097035169341551	-1.609703516934153
COG1566	-1.264902755664909	1.2649027556649068
COG1570	-0.5555187336238668	0.5555187336238657
COG1573	-1.5020614134574792	1.5020614134574768
COG1574	-1.0749486972262925	1.0749486972262903
COG1575	-1.8323192232321484	1.832319223232145
COG1576	-1.1384846566568911	1.138484656656889
COG1577	0.7794472095928461	-0.779447209592845
COG1584	-1.530853715251917	1.530853715251914
COG1585	1.1668404990049348	-1.166840499004933
COG1586	-0.3856826588545702	0.38568265885456915
COG1587	0.7750334496929899	-0.7750334496929893
COG1589	-1.7815799508660364	1.7815799508660333
COG1592	0.40697514450538363	-0.406975144505383
COG1593	1.1001198525969378	-1.100119852596936
COG1595	-0.6575989815265672	0.6575989815265659
COG1596	1.2659691248328822	-1.2659691248328802
COG1597	-2.2947795704776435	2.294779570477639
COG1598	0.30701268987658165	-0.30701268987658165
COG1600	-1.1184390146266001	1.1184390146265981
COG1605	-0.21235135464316346	0.21235135464316265
COG1606	0.775246279485005	-0.7752462794850041
COG1607	1.2274060873155732	-1.2274060873155719
COG1609	-0.49724662275162035	0.49724662275161907
COG1610	0.8686973529818437	-0.8686973529818426
COG1611	-0.5200996178566125	0.5200996178566114
COG1613	-1.2031007696460876	1.2031007696460856
COG1614	0.16850747077634856	-0.168507470776349
COG1615	0.16772296039923257	-0.16772296039923254
COG1619	0.5279843661885302	-0.5279843661885295
COG1620	0.24572286880884248	-0.24572286880884234
COG1621	1.0101791668928937	-1.0101791668928923
COG1622	-2.2658382839112106	2.265838283911207
COG1623	-1.5334083032591017	1.5334083032590986
COG1624	1.3779224482077574	-1.3779224482077557
COG1625	-0.6523054935343303	0.6523054935343289
COG1626	-0.5892957966249415	0.5892957966249401
COG1629	-0.7702717607437274	0.7702717607437259
COG1633	1.0729058630091735	-1.0729058630091721
COG1636	1.3206897670083624	-1.3206897670083606
COG1637	-1.3480474631234594	1.348047463123457
COG1638	1.304981449295197	-1.3049814492951954
COG1640	1.1036677842905147	-1.1036677842905136
COG1641	-0.27903904461094825	0.2790390446109478
COG1643	-0.5667630223520668	0.5667630223520657
COG1648	0.7044091481641028	-0.7044091481641022
COG1649	-1.653331519941589	1.6533315199415863
COG1651	-0.7768923959117849	0.7768923959117835
COG1652	0.02831042924965298	-0.02831042924965341
COG1653	0.7418390202083126	-0.7418390202083117
COG1654	-0.5365049740105403	0.5365049740105393
COG1655	1.088282638896764	-1.0882826388967621
COG1658	0.07493278222065132	-0.07493278222065144
COG1660	-1.7492453628285836	1.7492453628285805
COG1661	0.7511034420061155	-0.7511034420061146
COG1662	-0.49479379979759697	0.49479379979759575
COG1663	-0.2693631669893167	0.26936316698931584
COG1664	-0.1801196671359175	0.180119667135917
COG1666	-0.34238006735221466	0.3423800673522139
COG1668	-0.4177341628664127	0.4177341628664116
COG1670	-1.8016703430152188	1.8016703430152157
COG1671	-1.5498333754152371	1.5498333754152345
COG1674	-0.48488194430195564	0.48488194430195464
COG1678	-0.48797253251667355	0.48797253251667233
COG1679	1.182628131846924	-1.1826281318469227
COG1680	0.16057190006235927	-0.16057190006235972
COG1682	-1.2046030883554235	1.2046030883554215
COG1683	-0.07347717225523155	0.07347717225523095
COG1684	-1.7715382019009618	1.7715382019009587
COG1686	-1.4676355056513517	1.4676355056513488
COG1687	-1.8242387550580252	1.824238755058022
COG1690	1.0269745183483887	-1.0269745183483878
COG1691	1.1953435700973778	-1.195343570097376
COG1692	1.4573860819029032	-1.4573860819029005
COG1694	1.358094685204415	-1.3580946852044133
COG1695	0.7439329862569879	-0.7439329862569874
COG1696	0.5729649154272837	-0.5729649154272832
COG1699	0.10763581716940229	-0.10763581716940283
COG1702	-1.9558884569321908	1.9558884569321875
COG1703	1.2095958641957896	-1.2095958641957882
COG1704	-1.5250750851297319	1.5250750851297292
COG1705	-0.7246116313991768	0.7246116313991753
COG1706	-1.5740019944595092	1.574001994459506
COG1708	1.0552120113866936	-1.0552120113866923
COG1713	-0.503865602317042	0.5038656023170408
COG1714	-0.14799033179894971	0.14799033179894924
COG1715	0.36589368084881446	-0.36589368084881413
COG1716	-0.8267494912241878	0.8267494912241864
COG1720	0.6647205283980854	-0.6647205283980848
COG1721	-1.1024810167016468	1.1024810167016446
COG1722	0.7333287467885091	-0.7333287467885085
COG1725	0.4642193746638467	-0.4642193746638465
COG1726	0.40607393812748693	-0.4060739381274868
COG1729	-0.22307714122930597	0.2230771412293056
COG1732	-1.5026304512242759	1.5026304512242734
COG1733	0.9175596377711427	-0.9175596377711417
COG1734	-0.9034434807464629	0.9034434807464612
COG1735	0.7839997217839311	-0.7839997217839301
COG1737	-1.1915056409375682	1.191505640937566
COG1738	-0.07069995613333978	0.07069995613333967
COG1739	-0.5159751157362191	0.5159751157362181
COG1740	-0.16936535578115028	0.16936535578115003
COG1741	-0.8418684794280628	0.8418684794280613
COG1742	-0.16591114217646014	0.16591114217645989
COG1743	0.3819033492681711	-0.38190334926817127
COG1744	1.1740892483376915	-1.1740892483376901
COG1748	0.859058475400492	-0.8590584754004911
COG1749	-1.1664492193319331	1.166449219331931
COG1752	0.7363157520274476	-0.7363157520274469
COG1754	-1.017738750953688	1.0177387509536862
COG1757	0.941720929240732	-0.9417209292407309
COG1758	-0.17243342601221107	0.1724334260122108
COG1760	-1.9140892208139182	1.914089220813915
COG1762	-0.6599517110366521	0.6599517110366505
COG1763	0.1390492732759644	-0.13904927327596417
COG1765	-1.4341623047744154	1.4341623047744125
COG1766	-1.5093916741510445	1.5093916741510416
COG1767	1.0241558163305593	-1.0241558163305577
COG1768	-0.27614690117986385	0.2761469011798632
COG1770	-1.1017673960950405	1.1017673960950385
COG1773	-0.2524019262020453	0.25240192620204466
COG1774	0.6976815055380342	-0.6976815055380333
COG1775	0.8845478403533832	-0.8845478403533823
COG1776	-1.2676883901883529	1.2676883901883504
COG1778	-2.1439422236874526	2.1439422236874495
COG1780	-2.1962240397907564	2.1962240397907533
COG1781	-0.6329621121991953	0.6329621121991937
COG1783	-0.11710018676166947	0.11710018676166929
COG1785	0.18958191104474584	-0.18958191104474628
COG1788	-1.6794235545227103	1.6794235545227074
COG1791	-0.3589542901092627	0.35895429010926166
COG1792	1.2537619512658362	-1.2537619512658347
COG1793	-0.6116893160390416	0.6116893160390405
COG1794	-0.6294708434938507	0.6294708434938495
COG1797	-1.3760575797552137	1.3760575797552115
COG1799	-1.8054561476514839	1.8054561476514808
COG1801	0.9845247444831816	-0.9845247444831803
COG1802	-1.5305250144172917	1.530525014417289
COG1803	1.5166552258519521	-1.5166552258519503
COG1804	-0.34390762627481836	0.34390762627481736
COG1805	1.3990256949685835	-1.399025694968582
COG1806	-0.3645811134679445	0.3645811134679437
COG1807	-1.8152254553355416	1.8152254553355385
COG1811	-1.2553775029526808	1.2553775029526784
COG1814	-0.09545866564177943	0.09545866564177857
COG1815	0.3378685003350962	-0.33786850033509613
COG1816	-0.8139851256426716	0.81398512564267
COG1819	0.26611528247198596	-0.2661152824719858
COG1820	0.2566732144648343	-0.25667321446483393
COG1823	-0.44302677722063893	0.443026777220638
COG1825	0.7814276462710047	-0.7814276462710035
COG1826	-1.2931739125756725	1.2931739125756703
COG1827	1.216893022579854	-1.2168930225798527
COG1830	-1.2140390340008989	1.2140390340008966
COG1834	0.5366201363382433	-0.5366201363382426
COG1835	0.3587789567169405	-0.3587789567169402
COG1837	-0.41583690532189954	0.41583690532189843
COG1838	-0.9826465580240193	0.9826465580240176
COG1840	-0.7199869623658418	0.7199869623658401
COG1841	-0.8249872006356641	0.8249872006356626
COG1842	-0.032983944828610154	0.032983944828609627
COG1843	-1.3463585206064355	1.346358520606433
COG1845	-0.726883712994602	0.7268837129946005
COG1846	0.24255417827433493	-0.24255417827433504
COG1847	-0.7732998787501262	0.7732998787501247
COG1852	0.06900050845139892	-0.0690005084513993
COG1853	1.0399764976947654	-1.0399764976947639
COG1854	-1.9129218354862616	1.9129218354862583
COG1858	0.3176034974092878	-0.317603497409288
COG1859	0.1718711088098195	-0.17187110880981923
COG1862	0.6130342568475372	-0.6130342568475365
COG1864	-1.1470261812744003	1.1470261812743983
COG1865	-0.10791715028237321	0.10791715028237234
COG1866	0.3120849474275438	-0.31208494742754356
COG1868	-0.012576923175831159	0.012576923175830902
COG1869	1.2491408039182554	-1.2491408039182539
COG1871	1.005314798556739	-1.0053147985567377
COG1872	-0.01455669784242192	0.01455669784242166
COG1874	-1.2001210996802805	1.2001210996802785
COG1875	-1.5048826913909812	1.5048826913909787
COG1876	1.0887771896586127	-1.0887771896586114
COG1877	0.07291562574012489	-0.07291562574012525
COG1878	-0.9191720516610457	0.919172051661044
COG1879	-0.16558111955345192	0.16558111955345142
COG1881	-0.335490540203578	0.335490540203577
COG1882	-1.5893740333934616	1.5893740333934583
COG1883	1.6520551218887922	-1.65205512188879
COG1884	-0.2290313983021776	0.22903139830217678
COG1886	0.7022901227773937	-0.702290122777393
COG1887	-1.7165830042708612	1.716583004270858
COG1893	0.15491653708593575	-0.15491653708593622
COG1894	0.8867265773554672	-0.8867265773554661
COG1896	0.8608366837879108	-0.8608366837879098
COG1897	-0.46452450251156147	0.4645245025115603
COG1898	1.2517687402778326	-1.2517687402778315
COG1902	-0.32118211592373347	0.32118211592373275
COG1903	-0.8301016183985224	0.8301016183985208
COG1904	-0.5789255274109726	0.5789255274109714
COG1905	0.6577979949974918	-0.6577979949974913
COG1907	-0.7658861480960484	0.7658861480960469
COG1910	-2.052291668559032	2.052291668559028
COG1912	-0.1546012736660256	0.15460127366602489
COG1914	0.03386148340717065	-0.033861483407171065
COG1915	1.1980284259328147	-1.198028425932813
COG1917	-0.5596838059624435	0.5596838059624422
COG1918	0.2626100072716258	-0.2626100072716259
COG1921	-0.3238183706049205	0.32381837060491975
COG1922	0.46084311520314597	-0.46084311520314575
COG1923	-2.1439187101430495	2.143918710143046
COG1924	0.8743610533425688	-0.8743610533425681
COG1925	1.036839519874986	-1.0368395198749847
COG1928	0.30298311418438006	-0.30298311418438006
COG1929	-0.637993597686187	0.6379935976861856
COG1930	-0.44083824454319676	0.4408382445431956
COG1932	-1.950699139453555	1.9506991394535518
COG1934	0.36552235617863466	-0.3655223561786346
COG1937	0.27873769798233633	-0.2787376979823366
COG1939	0.8710485537093949	-0.8710485537093938
COG1940	-0.8860963465209325	0.8860963465209308
COG1943	1.29798507657286	-1.2979850765728584
COG1944	0.7172079370517875	-0.7172079370517869
COG1946	-1.308367753091324	1.3083677530913216
COG1947	-0.30335692415070553	0.30335692415070437
COG1949	-1.6723176855292652	1.6723176855292619
COG1951	1.0490216972695814	-1.0490216972695803
COG1953	-0.07419651130844568	0.0741965113084451
COG1954	-0.8472324633503937	0.8472324633503918
COG1956	1.4594991675814912	-1.4594991675814895
COG1957	-1.9045126038784128	1.9045126038784097
COG1959	-0.7890959572523825	0.789095957252381
COG1960	1.338702220781923	-1.3387022207819212
COG1961	0.42280952493179214	-0.42280952493179147
COG1963	0.15048118596959476	-0.15048118596959478
COG1966	-0.7154623075187717	0.71546230751877
COG1968	0.5482087615742947	-0.548208761574294
COG1969	-0.23812930025103882	0.23812930025103798
COG1970	-1.7389770396384778	1.7389770396384747
COG1971	0.05602219401929722	-0.05602219401929761
COG1972	0.196504951475292	-0.19650495147529243
COG1974	-1.2083043996068281	1.2083043996068257
COG1975	-0.8818636922524744	0.8818636922524729
COG1979	-0.22702274806404607	0.22702274806404524
COG1982	-0.3908385335801036	0.3908385335801028
COG1984	-1.6648692676005865	1.6648692676005838
COG1985	0.9647536049220824	-0.9647536049220816
COG1988	-0.8790717266536243	0.8790717266536224
COG1989	0.7851826659055854	-0.7851826659055846
COG1994	-0.19051720236053277	0.19051720236053177
COG1995	1.40890591165178	-1.4089059116517777
COG2000	0.5287147799496025	-0.5287147799496021
COG2001	-0.6771927827741264	0.6771927827741249
COG2002	0.5480134702525454	-0.5480134702525445
COG2003	-0.5884435025383835	0.5884435025383822
COG2005	0.10539255474947969	-0.10539255474947999
COG2006	1.634774284842039	-1.6347742848420364
COG2008	-1.9677799037095414	1.9677799037095376
COG2009	-1.5254181267766056	1.5254181267766027
COG2010	1.1649050052647734	-1.1649050052647716
COG2011	-0.2511042749117463	0.25110427491174564
COG2013	1.5221256229582634	-1.5221256229582611
COG2015	-1.9413771742448296	1.9413771742448263
COG2017	1.3635076483438795	-1.363507648343878
COG2020	0.2585725613816846	-0.2585725613816849
COG2021	1.365401862442294	-1.3654018624422921
COG2022	-1.1189439874256273	1.118943987425625
COG2025	-1.5106743855964675	1.510674385596465
COG2026	0.3199963389697635	-0.31999633896976326
COG2027	0.09026417046117571	-0.09026417046117581
COG2030	-1.0668126839013883	1.0668126839013865
COG2031	-1.3718518407823002	1.3718518407822977
COG2032	1.0129259610203598	-1.0129259610203585
COG2033	0.4151960319358218	-0.41519603193582116
COG2035	-0.7149797049349278	0.7149797049349265
COG2038	-1.9011225795098003	1.9011225795097972
COG2039	-1.315355384707932	1.3153553847079298
COG2040	-1.1214622391213123	1.12146223912131
COG2041	-0.0004815441847190144	0.00048154418471854003
COG2045	-0.9070740181981257	0.9070740181981242
COG2049	-1.3171676974270645	1.3171676974270623
COG2050	1.0291186362001856	-1.0291186362001843
COG2055	-0.026923367307213654	0.026923367307212905
COG2056	1.2977305956240617	-1.29773059562406
COG2057	-2.177738734542027	2.1777387345420234
COG2059	1.5132350242420225	-1.5132350242420203
COG2060	0.07966893737234214	-0.07966893737234225
COG2062	-1.0453751455628013	1.0453751455627993
COG2065	0.5214847655442498	-0.5214847655442497
COG2066	-0.0606278633315286	0.06062786333152851
COG2067	-0.8390039895932362	0.8390039895932344
COG2068	1.5939078305524799	-1.5939078305524774
COG2069	0.5251662960768304	-0.5251662960768303
COG2070	-0.6409091257134767	0.6409091257134755
COG2071	-1.3250871866547334	1.3250871866547307
COG2076	-0.9779114961603315	0.9779114961603297
COG2077	-1.7686222575476593	1.7686222575476562
COG2078	0.5904835380682724	-0.5904835380682717
COG2079	-1.426579549888495	1.4265795498884921
COG2080	0.8625873261861818	-0.8625873261861805
COG2081	1.6310409287642564	-1.6310409287642549
COG2082	0.06492019269938021	-0.0649201926993801
COG2084	0.9915022714612742	-0.9915022714612729
COG2086	-0.24556781950078185	0.24556781950078146
COG2087	0.377150018832885	-0.3771500188328847
COG2088	-1.6987633758877903	1.6987633758877874
COG2089	1.2675701664546852	-1.2675701664546837
COG2091	0.22889742135236382	-0.2288974213523637
COG2094	-1.0994496713595026	1.0994496713595006
COG2095	0.17085013326759715	-0.17085013326759713
COG2096	1.3673605063125496	-1.3673605063125476
COG2103	0.8797599000584861	-0.8797599000584854
COG2105	0.33011343835064305	-0.330113438350643
COG2109	-1.9207080963285768	1.920708096328573
COG2110	0.7642873000932996	-0.7642873000932986
COG2111	-0.058216342372374545	0.05821634237237422
COG2113	-0.6870051564127053	0.687005156412704
COG2115	-0.6303428392602367	0.6303428392602353
COG2116	1.3676951023758666	-1.3676951023758648
COG2120	-0.005133620701022788	0.005133620701022543
COG2121	1.424842428600974	-1.4248424286009724
COG2127	1.0077432616635702	-1.0077432616635693
COG2128	-1.0584491124201576	1.0584491124201558
COG2130	-0.5989186379462572	0.5989186379462561
COG2131	1.6035831035491273	-1.6035831035491253
COG2132	-0.3755386135236556	0.37553861352365453
COG2133	1.1566000588748033	-1.1566000588748018
COG2134	0.3917263777409633	-0.3917263777409627
COG2135	-1.4195487691657935	1.4195487691657909
COG2137	1.661393420412958	-1.6613934204129555
COG2140	1.6003804114943105	-1.6003804114943083
COG2141	-1.0811204679617075	1.0811204679617055
COG2142	-0.8938810378327019	0.8938810378327002
COG2145	-1.397545307092382	1.3975453070923791
COG2146	1.0407068753903697	-1.040706875390368
COG2148	-0.9315736496607083	0.9315736496607063
COG2151	-0.711866410461374	0.7118664104613727
COG2152	1.1469976470002101	-1.1469976470002088
COG2153	-1.4792320224499083	1.4792320224499058
COG2156	0.8444522504623375	-0.8444522504623367
COG2159	-0.2825928720813289	0.2825928720813285
COG2160	1.3676633289339153	-1.3676633289339137
COG2162	-0.9038510193074875	0.9038510193074858
COG2165	-0.15325628651001896	0.1532562865100185
COG2166	-1.5508184251362962	1.5508184251362935
COG2169	-0.7614642986720089	0.7614642986720073
COG2170	-1.4321616049826484	1.4321616049826458
COG2171	-0.7190792190280956	0.719079219028094
COG2172	-0.21318407436349932	0.21318407436349873
COG2173	0.6451652902620241	-0.6451652902620231
COG2175	-0.5641944768679844	0.5641944768679833
COG2176	1.4834487522948319	-1.48344875229483
COG2177	-0.5564798946198182	0.5564798946198168
COG2179	-1.669899080977039	1.669899080977036
COG2180	-1.8350731541099885	1.8350731541099854
COG2181	-0.762151152155585	0.7621511521555834
COG2182	1.1937535163212813	-1.19375351632128
COG2183	-1.337560699433445	1.3375606994334426
COG2184	-1.1493900995692665	1.1493900995692643
COG2185	1.3848353338872281	-1.3848353338872266
COG2186	1.1639336035750039	-1.1639336035750023
COG2188	1.4712863503501297	-1.4712863503501272
COG2190	-1.7211391622052075	1.7211391622052041
COG2193	0.12069109440283599	-0.12069109440283651
COG2194	1.3983378481862645	-1.398337848186263
COG2195	0.6075891808305617	-0.6075891808305612
COG2197	-0.49316227209098895	0.49316227209098795
COG2198	-1.678229434396418	1.6782294343964153
COG2199	-0.08080528246077764	0.08080528246077728
COG2200	-0.8089478819388218	0.8089478819388203
COG2201	-1.7353267144313542	1.735326714431351
COG2202	0.0672505676298552	-0.06725056762985558
COG2204	1.0017259976455513	-1.00172599764555
COG2205	1.3504137079713978	-1.350413707971396
COG2206	0.5649506698618915	-0.564950669861891
COG2208	0.9890918181242596	-0.9890918181242587
COG2209	1.5689123652390793	-1.568912365239077
COG2210	-0.061005616323079145	0.06100561632307881
COG2211	0.9867781533646706	-0.9867781533646696
COG2213	-0.13172959520415065	0.1317295952041502
COG2214	-0.022333114045414902	0.022333114045414396
COG2215	-0.6072619204443903	0.6072619204443889
COG2216	1.4415658909963893	-1.4415658909963873
COG2217	-1.1994657856460924	1.1994657856460902
COG2220	0.5579962795381355	-0.557996279538135
COG2221	0.7207286387840861	-0.7207286387840857
COG2222	0.5368976412515634	-0.5368976412515633
COG2223	-1.1983966041859226	1.1983966041859204
COG2224	-0.3997094048197243	0.3997094048197232
COG2225	0.9330405321009638	-0.9330405321009625
COG2226	0.2613873368647727	-0.2613873368647723
COG2227	-0.8041599883224739	0.8041599883224722
COG2230	-0.9578468475717086	0.9578468475717069
COG2231	-1.1234894806738154	1.1234894806738132
COG2233	-0.7960662530593144	0.796066253059313
COG2234	0.44731725541234074	-0.4473172554123403
COG2235	-1.5421746089020896	1.5421746089020865
COG2239	-1.5505406424469153	1.5505406424469126
COG2240	0.33053060982891386	-0.33053060982891386
COG2244	-0.6655161038335468	0.6655161038335455
COG2246	0.43939665522940635	-0.43939665522940563
COG2247	0.4697011492881314	-0.4697011492881314
COG2249	-1.2184850216506944	1.2184850216506924
COG2252	-0.6602957615569297	0.6602957615569282
COG2255	-1.0679733779609626	1.0679733779609608
COG2256	1.5298921038892723	-1.5298921038892705
COG2257	1.0361349261138253	-1.036134926113824
COG2258	0.2951936849764825	-0.2951936849764825
COG2259	0.7241290101655454	-0.7241290101655448
COG2261	-0.08175242682308932	0.08175242682308848
COG2262	0.27349646136900846	-0.2734964613690085
COG2264	-0.28556909466346037	0.2855690946634595
COG2265	0.041289656405540755	-0.04128965640554093
COG2267	-0.3942102290751991	0.39421022907519826
COG2268	0.6296307761458841	-0.6296307761458834
COG2269	-1.5094628709163211	1.5094628709163185
COG2270	0.25005216985901546	-0.25005216985901535
COG2271	-1.883602462606636	1.883602462606633
COG2272	0.3662469363545119	-0.3662469363545118
COG2273	0.6622882021835825	-0.6622882021835818
COG2274	1.3000567485978571	-1.3000567485978554
COG2301	-1.6576028566693208	1.657602856669318
COG2302	1.0489853443918695	-1.0489853443918684
COG2303	-0.26761532617430034	0.2676153261742997
COG2304	1.0057705198320122	-1.0057705198320106
COG2307	0.9945178406702737	-0.9945178406702725
COG2308	-1.516123791475969	1.5161237914759662
COG2309	1.0536752097991064	-1.053675209799105
COG2311	1.0131990664034456	-1.0131990664034445
COG2313	0.4868013868716477	-0.4868013868716477
COG2315	-0.7223715483413616	0.7223715483413601
COG2316	-1.1745382277526004	1.1745382277525984
COG2317	-1.5011117867146395	1.5011117867146364
COG2320	-0.04946819050270322	0.04946819050270267
COG2321	-1.1842214336662142	1.1842214336662122
COG2323	-1.8845253052896958	1.8845253052896926
COG2326	0.8714711494074537	-0.8714711494074524
COG2327	-1.5049520180579177	1.5049520180579152
COG2331	-0.9160215858210761	0.9160215858210742
COG2333	-1.3852142558368048	1.3852142558368024
COG2334	-1.579737119621074	1.5797371196210712
COG2336	-0.1758174373791789	0.1758174373791784
COG2337	-0.051668902866245536	0.05166890286624522
COG2340	1.0483204892088818	-1.0483204892088804
COG2344	1.092451731224963	-1.0924517312249618
COG2348	-0.9676450234795064	0.9676450234795044
COG2350	-0.7000671994453714	0.7000671994453699
COG2351	-2.1546946584359854	2.154694658435982
COG2352	-0.47706119035850497	0.477061190358504
COG2354	1.2858579167989463	-1.2858579167989443
COG2356	-0.2767813699346865	0.2767813699346856
COG2357	1.3932146806851677	-1.393214680685166
COG2358	0.3192170719388483	-0.319217071938848
COG2360	1.0915159925514515	-1.0915159925514504
COG2361	-0.4622880263074288	0.46228802630742766
COG2362	1.6718688913409332	-1.671868891340931
COG2364	-2.0184993080669438	2.01849930806694
COG2365	1.2320657080196538	-1.2320657080196522
COG2367	0.2759288944697139	-0.27592889446971347
COG2368	-0.6261211111024673	0.626121111102466
COG2372	-1.1261898410875464	1.1261898410875442
COG2373	0.6972255878888419	-0.6972255878888413
COG2374	-0.04046287104649248	0.04046287104649195
COG2375	0.3901418345944649	-0.3901418345944645
COG2376	-0.6917147958989246	0.6917147958989232
COG2377	-1.4739447914779138	1.4739447914779114
COG2378	0.5844658353664982	-0.5844658353664975
COG2379	1.0840036549360477	-1.0840036549360461
COG2382	1.194186051110573	-1.1941860511105717
COG2384	0.38272208503504185	-0.38272208503504124
COG2385	1.3180419085514727	-1.318041908551471
COG2386	-0.9502601916964132	0.9502601916964115
COG2388	0.8784575499487769	-0.8784575499487758
COG2390	-1.1456263347112858	1.1456263347112838
COG2391	-1.405760945770271	1.4057609457702687
COG2407	0.6111615229937626	-0.611161522993762
COG2414	0.39695680190039656	-0.39695680190039667
COG2421	-0.2610506397840604	0.26105063978405973
COG2423	1.2186777697891886	-1.2186777697891868
COG2425	0.3786621014750369	-0.3786621014750368
COG2426	0.963179986009619	-0.963179986009618
COG2431	0.0635015958633212	-0.0635015958633211
COG2440	-0.8653630312630227	0.8653630312630209
COG2461	-0.28928308025654065	0.28928308025654
COG2501	0.4830337346189322	-0.4830337346189319
COG2502	-1.874301581591849	1.8743015815918458
COG2503	-1.260069902940674	1.2600699029406714
COG2508	0.2408076041763946	-0.2408076041763942
COG2509	-0.5076985773592327	0.5076985773592317
COG2510	0.5363820802652234	-0.5363820802652228
COG2513	-0.346129237233712	0.3461292372337112
COG2514	-0.0449263706444356	0.04492637064443506
COG2515	0.9387644876029032	-0.9387644876029021
COG2518	-0.8646820546674104	0.8646820546674089
COG2519	-0.7668902327034238	0.7668902327034222
COG2602	1.3259958664444536	-1.3259958664444522
COG2603	0.5913504796129071	-0.5913504796129067
COG2605	0.6520142954161862	-0.6520142954161854
COG2606	-0.09543225512282705	0.09543225512282642
COG2607	1.3554206014384653	-1.3554206014384635
COG2609	-0.3497048611373477	0.34970486113734667
COG2610	-1.6869910464519111	1.6869910464519082
COG2704	0.26751126566659444	-0.2675112656665948
COG2706	-0.23883354074826296	0.23883354074826213
COG2710	-0.3393854810412626	0.3393854810412616
COG2715	1.349389408098962	-1.3493894080989601
COG2716	0.7174726803790406	-0.71747268037904
COG2717	0.063746702711605	-0.06374670271160514
COG2718	-0.7840782175427794	0.784078217542778
COG2719	-2.0245133399870507	2.024513339987047
COG2720	1.083006535483325	-1.0830065354833238
COG2721	-1.0977110312703438	1.0977110312703418
COG2723	0.6856439896522514	-0.6856439896522508
COG2730	0.622073853976884	-0.6220738539768834
COG2731	1.1217217106931214	-1.12172171069312
COG2733	-1.4034019723684625	1.4034019723684599
COG2738	0.9737024906332791	-0.9737024906332782
COG2739	-0.37135666587797	0.37135666587796895
COG2740	-1.1598274132282949	1.1598274132282926
COG2746	0.6200135025014735	-0.620013502501473
COG2759	-0.9598397137358227	0.9598397137358209
COG2764	0.3264346150967144	-0.3264346150967146
COG2766	-0.7895588972585317	0.78955889725853
COG2768	1.481505664526561	-1.4815056645265596
COG2771	0.6128839295169325	-0.6128839295169318
COG2801	0.8334705196238399	-0.8334705196238391
COG2804	0.9033186168909999	-0.9033186168909988
COG2805	-0.2621410968710297	0.2621410968710288
COG2807	-0.7908622308191273	0.7908622308191257
COG2812	0.10306730348555036	-0.10306730348555068
COG2813	-1.0192734717409913	1.0192734717409895
COG2814	-1.5300387764339787	1.530038776433976
COG2815	0.9359787932801057	-0.9359787932801045
COG2816	0.05170903033227381	-0.051709030332273725
COG2818	0.5929225448728259	-0.5929225448728253
COG2819	0.4488447882756437	-0.4488447882756433
COG2820	0.74943313608244	-0.7494331360824391
COG2821	0.755499252917222	-0.755499252917221
COG2822	1.5364761938800537	-1.5364761938800517
COG2823	-1.2183128662413774	1.2183128662413751
COG2824	-0.9279874535643142	0.9279874535643126
COG2826	-0.6355075141083688	0.6355075141083674
COG2827	-1.0937476587968662	1.0937476587968644
COG2828	-1.7695038013050313	1.7695038013050282
COG2829	-1.1536282089828336	1.1536282089828311
COG2831	-1.3325726580532982	1.3325726580532957
COG2832	-0.13531741243419032	0.1353174124341901
COG2837	-1.5371714937148269	1.537171493714824
COG2840	0.45788461800848446	-0.45788461800848423
COG2842	0.16023708320327035	-0.16023708320327035
COG2843	-0.8474613265139836	0.8474613265139819
COG2844	-1.205078047686298	1.2050780476862957
COG2846	-0.21025522552527923	0.21025522552527867
COG2848	0.007119573313268873	-0.0071195733132691
COG2850	-1.9823917818433512	1.9823917818433479
COG2851	1.0976968604400394	-1.097696860440038
COG2853	-1.9547698121857067	1.9547698121857031
COG2854	-1.5933613652205827	1.5933613652205796
COG2855	1.1097924049262677	-1.1097924049262666
COG2856	0.9716067700375933	-0.9716067700375923
COG2860	-1.4727873316670947	1.472787331667092
COG2861	-0.8274163810354667	0.8274163810354652
COG2862	-0.008094970555763378	0.008094970555762892
COG2864	-1.3392454531723423	1.33924545317234
COG2865	0.8592342574616648	-0.8592342574616637
COG2866	-1.2340338156425887	1.2340338156425867
COG2867	-1.499432757825284	1.4994327578252813
COG2868	-1.1931819554835308	1.1931819554835288
COG2869	-0.9172233323128385	0.9172233323128368
COG2870	-1.6564406050784635	1.6564406050784606
COG2871	1.4398407546700842	-1.439840754670082
COG2872	1.5529771249529192	-1.5529771249529172
COG2873	-0.37413146210735004	0.374131462107349
COG2875	0.7920203591987356	-0.7920203591987345
COG2876	0.2507304519741639	-0.2507304519741635
COG2877	-0.896589442434163	0.8965894424341612
COG2878	1.0967644918930677	-1.0967644918930666
COG2879	-0.570617356609276	0.5706173566092749
COG2884	-1.3422111238451577	1.342211123845155
COG2885	0.477668569190354	-0.4776685691903537
COG2887	0.46524582205458714	-0.4652458220545864
COG2890	-0.6659850488570209	0.6659850488570197
COG2891	-1.6079732807886644	1.6079732807886618
COG2893	-0.2741262718361778	0.27412627183617716
COG2894	1.28875274799396	-1.2887527479939587
COG2895	0.5078071151277112	-0.5078071151277112
COG2896	0.6218041789226202	-0.6218041789226195
COG2897	-1.865231554402029	1.865231554402026
COG2898	-1.7272627231880464	1.7272627231880435
COG2907	-0.7995544860678396	0.799554486067838
COG2908	0.22176453935649765	-0.22176453935649754
COG2909	0.8805821873451769	-0.8805821873451759
COG2910	-1.0901226619458695	1.0901226619458675
COG2911	-1.5267738433092044	1.5267738433092017
COG2912	0.18654641574790481	-0.18654641574790498
COG2915	-1.6336323604302672	1.633632360430264
COG2916	-0.8072137279293572	0.8072137279293554
COG2918	-1.9483704685104266	1.948370468510423
COG2922	0.42858824005300106	-0.42858824005300067
COG2923	-1.9634315387609609	1.9634315387609576
COG2925	-0.4726460057493648	0.47264600574936383
COG2929	-0.9160965742060966	0.9160965742060949
COG2932	0.4054257810142358	-0.40542578101423565
COG2933	1.2427012228014285	-1.2427012228014271
COG2936	-1.342152040356659	1.3421520403566567
COG2937	0.04771393600460243	-0.04771393600460259
COG2942	-1.0369959936815687	1.0369959936815667
COG2943	-0.6845122191562955	0.6845122191562941
COG2944	-1.5887648024423504	1.5887648024423475
COG2946	0.5345603708606969	-0.5345603708606963
COG2949	1.153079731640028	-1.1530797316400263
COG2951	-1.6768695999905363	1.676869599990533
COG2954	0.5613733020502416	-0.5613733020502407
COG2956	-0.5133641688745386	0.5133641688745375
COG2957	0.34639593419393544	-0.3463959341939354
COG2959	-0.7820539571441262	0.7820539571441245
COG2961	-0.6579492840827771	0.6579492840827755
COG2962	0.060293922960429576	-0.060293922960429715
COG2963	-1.2690080207272878	1.2690080207272856
COG2964	-2.227440369510577	2.2274403695105733
COG2966	0.2101652293024015	-0.21016522930240142
COG2968	-1.5784144488834284	1.5784144488834257
COG2969	0.5780980012239044	-0.5780980012239038
COG2972	-0.45806325579734736	0.4580632557973464
COG2974	0.18098534118292803	-0.18098534118292775
COG2976	0.8848369260474417	-0.8848369260474406
COG2977	-0.5161547201688541	0.5161547201688528
COG2978	0.7540889154129194	-0.7540889154129183
COG2979	-1.4837756732355938	1.483775673235591
COG2980	-0.11404585295726165	0.11404585295726147
COG2981	-1.8904791016403955	1.8904791016403923
COG2982	-1.2718471006240912	1.271847100624089
COG2984	1.251076782017082	-1.2510767820170807
COG2985	1.4697745699069806	-1.4697745699069793
COG2986	0.7947093350190653	-0.7947093350190642
COG2987	-0.008539513677538906	0.008539513677538892
COG2988	-1.331190504934704	1.3311905049347015
COG2989	-0.0498297212477539	0.04982972124775335
COG2990	-0.5282628330587904	0.5282628330587894
COG2992	0.43512299785636166	-0.435122997856361
COG2995	-0.8764351758511816	0.8764351758511799
COG2996	0.4616152997391934	-0.4616152997391932
COG2999	-0.16764568683400752	0.1676456868340068
COG3001	-0.65506955183512	0.6550695518351185
COG3004	-0.8512194816974107	0.8512194816974089
COG3005	-0.23827861413780563	0.23827861413780502
COG3006	-0.16339040174689307	0.16339040174689282
COG3008	-0.7909445307790209	0.7909445307790193
COG3009	-1.6582536406188166	1.6582536406188138
COG3010	-0.8564597521291297	0.8564597521291282
COG3013	-1.1636078791090994	1.1636078791090971
COG3015	-0.803976035177995	0.8039760351779935
COG3017	-1.2491673366538434	1.249167336653841
COG3019	0.4548909700479587	-0.45489097004795825
COG3021	-1.695542567102872	1.6955425671028688
COG3022	0.6830696521465862	-0.6830696521465857
COG3023	-1.0530985352886975	1.0530985352886955
COG3025	-1.384503404937746	1.3845034049377436
COG3026	-0.6483991043328439	0.6483991043328424
COG3027	-1.9757772493355443	1.975777249335541
COG3028	-0.06823032944554787	0.06823032944554777
COG3029	-0.9227471617416464	0.9227471617416445
COG3031	0.5425473360449403	-0.54254733604494
COG3033	1.3071003205052178	-1.3071003205052167
COG3034	0.5813970647250661	-0.5813970647250652
COG3037	-1.7446268301153407	1.7446268301153378
COG3038	0.13945013916221988	-0.13945013916221968
COG3039	1.2879555239773874	-1.2879555239773863
COG3040	-1.0621059948538616	1.0621059948538594
COG3041	-1.5626121187718003	1.5626121187717976
COG3044	-0.5743579384888293	0.5743579384888282
COG3045	-1.7534035891704998	1.7534035891704969
COG3047	-0.7352805697292033	0.735280569729202
COG3048	0.6900543139378963	-0.6900543139378956
COG3049	-0.21752003068711753	0.2175200306871172
COG3050	-0.04424988751727241	0.04424988751727234
COG3051	-1.1990749753204444	1.199074975320442
COG3052	-0.3538512558900749	0.3538512558900741
COG3053	1.1348781669337484	-1.1348781669337475
COG3054	-1.7482133984766943	1.748213398476691
COG3055	1.2335842788988063	-1.233584278898805
COG3056	-0.30421767629380136	0.3042176762938004
COG3057	-0.884975996056113	0.8849759960561113
COG3058	-2.0415238528093296	2.041523852809326
COG3059	0.521608346511962	-0.5216083465119616
COG3060	-1.1664329382490122	1.16643293824901
COG3061	-2.0743580550479397	2.0743580550479357
COG3064	-0.8574476945190627	0.8574476945190611
COG3065	-1.4798906580225173	1.4798906580225144
COG3066	-0.23999405915180844	0.2399940591518076
COG3067	0.44845577325803804	-0.44845577325803754
COG3068	-1.901096046042573	1.9010960460425699
COG3069	-0.06356485599576321	0.06356485599576264
COG3070	-1.3558427154833723	1.3558427154833699
COG3071	-0.2549627219855509	0.2549627219855501
COG3072	0.09773149069510094	-0.09773149069510079
COG3073	-0.14677271198507694	0.14677271198507646
COG3075	0.00480130462731515	-0.004801304627315143
COG3076	-1.3892954877086738	1.3892954877086716
COG3077	-0.3322161174908963	0.3322161174908953
COG3079	-0.44300621906275206	0.44300621906275095
COG3081	-1.9419501628713802	1.941950162871377
COG3083	-1.815339002998462	1.8153390029984589
COG3085	-0.48876894109497	0.488768941094969
COG3086	-1.1101189333020844	1.1101189333020824
COG3087	-1.7038342803038233	1.7038342803038202
COG3090	0.027125897611300343	-0.0271258976113003
COG3096	-0.7518622096767008	0.7518622096766991
COG3101	-1.3571431584247717	1.3571431584247693
COG3103	-0.18006059119147255	0.1800605911914718
COG3104	0.48566857979819694	-0.48566857979819644
COG3105	-1.352124885613457	1.3521248856134545
COG3106	-0.689348014176798	0.6893480141767967
COG3107	-0.8562362259149464	0.8562362259149449
COG3109	-1.4260760843034828	1.4260760843034803
COG3111	-0.532590588451604	0.532590588451603
COG3112	-2.0748945558533585	2.0748945558533545
COG3115	-1.1898122526532855	1.189812252653283
COG3117	-0.5213049366385781	0.5213049366385771
COG3118	-1.2090003487305911	1.209000348730589
COG3119	0.4234424198946556	-0.4234424198946554
COG3121	-1.971249356489756	1.9712493564897524
COG3126	-0.8612852470531324	0.8612852470531306
COG3127	-1.8121237789581062	1.8121237789581028
COG3129	-0.36359325348122074	0.36359325348121996
COG3131	0.2583656772389645	-0.2583656772389643
COG3132	-1.4855567308430884	1.4855567308430855
COG3135	-1.368804377747973	1.3688043777479704
COG3137	-1.6790843940238924	1.679084394023889
COG3138	-0.9517704364570155	0.9517704364570135
COG3142	1.6534801191246424	-1.6534801191246395
COG3145	-0.6613113284369092	0.661311328436908
COG3147	-0.9292094185394357	0.9292094185394341
COG3148	-1.016866630882602	1.0168666308826002
COG3149	-0.9372444038966112	0.9372444038966093
COG3150	-0.3688835947112058	0.368883594711205
COG3151	0.3330735206108665	-0.3330735206108662
COG3152	-0.022662374697455523	0.02266237469745525
COG3153	-0.6754417729598454	0.6754417729598441
COG3154	-1.9874216142398116	1.9874216142398078
COG3155	-1.4713254278585493	1.4713254278585464
COG3156	-1.1954717178067529	1.1954717178067507
COG3157	-0.4323983391184571	0.4323983391184562
COG3158	0.29779267957833416	-0.29779267957833416
COG3159	-0.936264750074819	0.9362647500748174
COG3160	0.6458932014719843	-0.6458932014719837
COG3161	-0.789346123221843	0.7893461232218416
COG3164	-1.2472658740751088	1.2472658740751066
COG3165	-1.505661670258863	1.5056616702588599
COG3166	-1.5614905551600977	1.561490555160095
COG3169	1.2863873534914012	-1.2863873534913999
COG3172	0.45502702089426683	-0.4550270208942666
COG3176	1.674142983391817	-1.6741429833918149
COG3177	-0.6050743043509396	0.6050743043509382
COG3178	1.4859300481009192	-1.4859300481009177
COG3180	-1.7133854907987978	1.7133854907987947
COG3181	0.9482599737088419	-0.9482599737088406
COG3182	0.8596178325730449	-0.8596178325730438
COG3187	-0.5420203882076234	0.5420203882076223
COG3188	-0.1587030717953607	0.15870307179535975
COG3189	-0.24413348718393885	0.24413348718393849
COG3191	0.494262837047651	-0.49426283704765045
COG3192	-1.1536569196766604	1.1536569196766584
COG3193	1.0794677471977188	-1.0794677471977174
COG3194	-1.1457661528631216	1.1457661528631196
COG3196	-0.9683472946849917	0.96834729468499
COG3201	0.37264822036814066	-0.3726482203681408
COG3203	-0.6970456431777408	0.6970456431777394
COG3204	-0.9086447739004965	0.9086447739004948
COG3206	0.9694994025552316	-0.9694994025552307
COG3208	0.15022097387411948	-0.1502209738741197
COG3209	0.9143961838597696	-0.9143961838597685
COG3210	-2.199487838274718	2.1994878382747136
COG3212	-0.22884330574886233	0.2288433057488615
COG3214	-1.849614944201202	1.8496149442011987
COG3221	0.012707614633033807	-0.012707614633034024
COG3223	0.6249958899766204	-0.6249958899766197
COG3225	1.3849684649802827	-1.384968464980281
COG3226	-0.14404385568182176	0.14404385568182107
COG3227	-0.9663988591124508	0.9663988591124492
COG3228	-0.07615510741699133	0.07615510741699098
COG3231	-0.50497661842177	0.504976618421769
COG3232	-0.511960544554505	0.511960544554504
COG3236	0.007784378696460637	-0.007784378696461099
COG3238	-0.5792320536533665	0.5792320536533654
COG3239	-0.1337836907264564	0.13378369072645596
COG3240	0.4477659211858447	-0.44776592118584446
COG3246	1.0581286829120464	-1.058128682912045
COG3247	-0.661374191475357	0.6613741914753556
COG3248	-1.3215025439962562	1.3215025439962536
COG3250	-0.6682335620711116	0.6682335620711102
COG3253	-0.6524761484131716	0.65247614841317
COG3254	0.72085343485794	-0.7208534348579393
COG3257	-0.9777150307910256	0.9777150307910236
COG3260	-0.8321486578258513	0.8321486578258498
COG3261	-0.3807680349279981	0.38076803492799705
COG3262	-1.7205484395719504	1.7205484395719475
COG3263	1.2840126493508215	-1.2840126493508202
COG3264	0.2557984494731034	-0.25579844947310343
COG3265	-1.9076640778301712	1.9076640778301674
COG3266	-0.5737730698133489	0.5737730698133475
COG3267	0.3535687488151173	-0.3535687488151172
COG3270	-0.5260085865045254	0.5260085865045244
COG3274	-0.16591135356145267	0.1659113535614522
COG3275	0.8632368720249036	-0.8632368720249026
COG3276	-1.731484023059913	1.7314840230599098
COG3279	0.8106491634568485	-0.8106491634568477
COG3280	-0.0013236727876224771	0.0013236727876222384
COG3283	-0.409372760175733	0.40937276017573215
COG3284	0.06832627655147717	-0.06832627655147755
COG3288	-0.7355502165453569	0.7355502165453556
COG3290	-1.4171891347263097	1.417189134726307
COG3291	-0.46371018724549584	0.4637101872454949
COG3292	0.45217256738314654	-0.4521725673831461
COG3293	-1.6378417067916509	1.6378417067916478
COG3297	0.18366087794430222	-0.18366087794430241
COG3299	0.07703815287734882	-0.07703815287734941
COG3301	1.1901250113698423	-1.1901250113698405
COG3302	1.4087676479613427	-1.4087676479613414
COG3303	0.5181918225640687	-0.5181918225640679
COG3304	-0.6492978193630664	0.649297819363065
COG3307	-0.2438757642517278	0.24387576425172744
COG3311	-0.5778737280439638	0.5778737280439626
COG3314	0.0788106946178279	-0.07881069461782801
COG3315	0.19718516316679074	-0.1971851631667909
COG3316	0.313404013401806	-0.313404013401806
COG3317	-0.9068582160191156	0.9068582160191141
COG3318	-2.012053308750202	2.0120533087501986
COG3319	1.553454637710204	-1.5534546377102023
COG3321	0.5978430776285936	-0.5978430776285931
COG3323	-0.9738929809016087	0.9738929809016069
COG3325	-0.9478325894467435	0.9478325894467419
COG3326	0.3477815026549244	-0.34778150265492414
COG3327	-0.568614579390758	0.5686145793907569
COG3328	1.213343754059494	-1.2133437540594925
COG3331	0.5771111872919662	-0.5771111872919655
COG3333	0.8051723619707222	-0.8051723619707212
COG3335	-0.27083707333707946	0.2708370733370783
COG3338	0.8727230676633115	-0.8727230676633104
COG3339	-0.8661641421335036	0.8661641421335017
COG3340	-1.7116553898402476	1.7116553898402445
COG3344	1.094530642601589	-1.094530642601588
COG3345	0.577193566854121	-0.5771935668541202
COG3350	-1.5711965828582835	1.5711965828582806
COG3376	0.5144604033761487	-0.5144604033761484
COG3378	-0.5171301010559727	0.5171301010559717
COG3381	0.20806489680646637	-0.20806489680646628
COG3382	0.10366041334058113	-0.10366041334058143
COG3383	0.7458424564574144	-0.7458424564574135
COG3384	-1.5896256015318166	1.589625601531814
COG3385	0.16585214105258878	-0.16585214105258925
COG3386	0.9786041825368238	-0.9786041825368229
COG3391	-0.49961923455566853	0.49961923455566754
COG3392	-0.7807352545309583	0.7807352545309566
COG3394	-1.9346952023171473	1.934695202317144
COG3395	0.29333983210553194	-0.2933398321055317
COG3396	-1.2698361675489847	1.2698361675489824
COG3397	-0.3417697080130597	0.341769708013059
COG3404	0.6582066231102769	-0.6582066231102761
COG3405	0.29748452500816486	-0.29748452500816464
COG3407	1.0714372557193481	-1.071437255719347
COG3408	1.2540037319065787	-1.2540037319065773
COG3409	-1.2348184797280295	1.2348184797280273
COG3410	0.6691047531225895	-0.6691047531225887
COG3411	0.019591642092397433	-0.019591642092398113
COG3412	0.4282194282630425	-0.4282194282630423
COG3414	-0.1268952766993345	0.1268952766993341
COG3416	-0.41688679318906596	0.4168867931890651
COG3423	-1.3477013707606798	1.3477013707606775
COG3425	0.2864151421279254	-0.28641514212792546
COG3426	0.023572213411192432	-0.02357221341119287
COG3429	-0.6579596683592907	0.6579596683592894
COG3433	0.7229724575773361	-0.7229724575773352
COG3434	-1.0608183690514195	1.0608183690514172
COG3435	-1.0661306613001416	1.0661306613001398
COG3436	0.9012732704964904	-0.9012732704964893
COG3437	-0.6490192675405669	0.6490192675405657
COG3440	-1.3026878613500446	1.3026878613500423
COG3442	-1.1495175870893632	1.149517587089361
COG3443	-0.3828114082389251	0.38281140823892407
COG3444	0.3317213025785736	-0.3317213025785733
COG3447	-1.916342593709027	1.9163425937090235
COG3449	0.48761580524435777	-0.48761580524435727
COG3451	1.2219781347469418	-1.2219781347469403
COG3454	-0.5461306206355269	0.5461306206355258
COG3455	-1.1696993001168305	1.169699300116828
COG3456	-1.1698750655964514	1.1698750655964492
COG3457	-1.4171472592659837	1.417147259265981
COG3458	-0.07378037051660108	0.0737803705166005
COG3459	-0.7532722475929	0.7532722475928983
COG3464	-0.6800704461716032	0.6800704461716018
COG3467	-0.4694596865814099	0.46945968658140874
COG3468	0.1252635541459235	-0.12526355414592352
COG3470	0.583733851281454	-0.5837338512814534
COG3472	-0.36388033832309225	0.3638803383230912
COG3475	0.5358852786643469	-0.5358852786643465
COG3477	-1.0674476982510757	1.0674476982510734
COG3479	-1.0031812007721561	1.0031812007721543
COG3480	-1.6824061116239535	1.6824061116239504
COG3481	0.03677737814866565	-0.036777378148665586
COG3484	-1.1591541532052376	1.1591541532052354
COG3485	-1.2723301860807468	1.2723301860807443
COG3486	0.7872674888982197	-0.787267488898219
COG3491	-1.2050585307460862	1.2050585307460837
COG3493	0.5140368977729087	-0.514036897772908
COG3494	-0.06954149833304016	0.06954149833303983
COG3496	-1.922610116600819	1.9226101166008154
COG3497	0.1508027964374669	-0.15080279643746738
COG3501	0.05068644949741862	-0.05068644949741926
COG3505	0.6215912032709235	-0.6215912032709228
COG3506	-1.2742678997010606	1.2742678997010584
COG3507	0.7639398271837026	-0.7639398271837016
COG3509	1.315097380558731	-1.3150973805587292
COG3512	1.5191145739052194	-1.5191145739052179
COG3513	-0.29128451767790187	0.2912845176779014
COG3515	-1.6825480340410686	1.6825480340410657
COG3517	0.9222926558142258	-0.9222926558142248
COG3518	-0.377147705887542	0.37714770588754093
COG3519	1.4282394320538385	-1.4282394320538374
COG3520	0.7949435303143216	-0.7949435303143211
COG3521	-1.6794027202345925	1.6794027202345896
COG3522	-0.8352192944059599	0.8352192944059584
COG3523	-0.9963168153160855	0.9963168153160835
COG3524	-0.01914631053336195	0.019146310533361684
COG3525	0.41253336679324343	-0.41253336679324326
COG3527	-0.5893984666491436	0.5893984666491422
COG3528	0.8119113804929309	-0.81191138049293
COG3529	-1.6120044100236846	1.6120044100236819
COG3530	0.6590532983678976	-0.6590532983678966
COG3533	0.7750703288245658	-0.7750703288245653
COG3534	0.23290085096535218	-0.23290085096535232
COG3535	-0.5344637516085644	0.5344637516085633
COG3537	1.6983203520755281	-1.6983203520755261
COG3538	0.8658347011605271	-0.865834701160526
COG3539	-0.32736937338098926	0.32736937338098854
COG3541	-0.4716103174417714	0.47161031744177045
COG3542	-1.672165920911411	1.6721659209114081
COG3543	-0.3931450118595687	0.39314501185956785
COG3546	-0.13845370180544211	0.13845370180544142
COG3547	-0.11448993216647764	0.11448993216647747
COG3549	-1.3654044323347163	1.3654044323347139
COG3550	-0.8331934388934197	0.8331934388934182
COG3558	0.021076998889172548	-0.02107699888917299
COG3560	1.153476613994986	-1.1534766139949846
COG3561	0.41808550760017926	-0.4180855076001789
COG3562	-1.9526473569538247	1.9526473569538216
COG3563	-1.6632046569915264	1.663204656991523
COG3567	-0.39702499945403824	0.3970249994540374
COG3568	1.6824508209592899	-1.6824508209592874
COG3572	-1.859383835421569	1.859383835421566
COG3576	-0.2081292570004752	0.20812925700047485
COG3579	-1.024462071936983	1.024462071936981
COG3580	-0.6412239162461246	0.6412239162461234
COG3581	-0.48162073961861596	0.48162073961861473
COG3583	-1.563956671287893	1.56395667128789
COG3584	-0.5931235441878566	0.5931235441878555
COG3586	-0.6975422074861711	0.6975422074861698
COG3589	-0.4056637565422461	0.405663756542245
COG3590	-0.30866521451639517	0.3086652145163942
COG3591	-1.711682019346956	1.7116820193469529
COG3593	-1.0909172805026213	1.0909172805026193
COG3594	0.6827510775318802	-0.6827510775318797
COG3596	0.32793614310258407	-0.32793614310258357
COG3599	-0.4067036746440497	0.40670367464404883
COG3600	0.9598389508800714	-0.9598389508800704
COG3601	0.2709815836342345	-0.27098158363423436
COG3604	-0.2065322449549589	0.20653224495495812
COG3605	0.05141736500875237	-0.05141736500875277
COG3608	-0.7491913400784784	0.7491913400784768
COG3610	1.4007098943381604	-1.4007098943381588
COG3611	0.27329406928543665	-0.2732940692854364
COG3615	-1.2014109805762598	1.2014109805762578
COG3616	-0.8793404788189036	0.8793404788189021
COG3617	0.18153987353196271	-0.18153987353196244
COG3618	0.289546183865783	-0.28954618386578307
COG3619	-0.3825919204323945	0.38259192043239365
COG3622	0.1911832688456222	-0.19118326884562237
COG3623	0.342379347480467	-0.3423793474804667
COG3624	-1.579394260605206	1.5793942606052034
COG3625	-0.9725337981886377	0.9725337981886358
COG3626	-0.9754102313583416	0.9754102313583399
COG3627	-0.6021052728055417	0.6021052728055406
COG3633	-1.875338087644233	1.8753380876442296
COG3634	-0.005053173611655214	0.005053173611654732
COG3635	0.49043146110732017	-0.49043146110732017
COG3637	-0.8866729984856793	0.8866729984856776
COG3638	0.9121379499462521	-0.9121379499462511
COG3639	-0.577838751457589	0.5778387514575879
COG3640	-0.48536048118949593	0.4853604811894947
COG3641	0.27746856750742294	-0.277468567507423
COG3645	0.4082001237035307	-0.4082001237035303
COG3646	-0.22373787010414165	0.2237378701041411
COG3647	-0.3633836209893514	0.3633836209893504
COG3649	-0.6268027794330208	0.6268027794330195
COG3653	-0.7519909935983542	0.7519909935983525
COG3655	-1.5057694157743675	1.505769415774365
COG3659	0.7623198539579047	-0.7623198539579039
COG3661	1.7073679800135773	-1.707367980013576
COG3662	-1.268885548817149	1.2688855488171467
COG3663	-1.9339494418767773	1.9339494418767738
COG3664	-1.3360330178346211	1.3360330178346187
COG3666	0.716167248654955	-0.7161672486549541
COG3667	-0.46156781201040314	0.4615678120104019
COG3669	1.7074554297090059	-1.7074554297090034
COG3677	-1.489330848474859	1.4893308484748564
COG3678	-1.332856092468403	1.3328560924684005
COG3679	0.6197273788017778	-0.619727378801777
COG3680	-0.6010844050308599	0.6010844050308585
COG3681	-0.07665563869800326	0.07665563869800267
COG3682	0.18635478227114588	-0.18635478227114582
COG3684	-0.4046636566432278	0.4046636566432269
COG3685	0.7740709318715326	-0.7740709318715319
COG3688	1.0975874727816401	-1.0975874727816388
COG3689	-0.8401441429123366	0.8401441429123351
COG3691	0.7876814009587877	-0.7876814009587866
COG3693	1.3547210412372268	-1.3547210412372253
COG3695	0.5681545382075773	-0.5681545382075766
COG3696	0.9365686648429296	-0.9365686648429286
COG3698	-0.30426990807138043	0.30426990807137994
COG3700	-0.6384448681220165	0.638444868122015
COG3705	1.1140405923663894	-1.114040592366388
COG3706	-0.07467970350098525	0.0746797035009849
COG3707	-0.6264482287614119	0.6264482287614108
COG3708	-0.7540714354798281	0.7540714354798268
COG3709	-0.5569962889535408	0.5569962889535395
COG3710	0.18540957340684952	-0.18540957340684971
COG3711	-0.8734407998485607	0.873440799848559
COG3712	1.1056994593363316	-1.10569945933633
COG3713	0.239927239807822	-0.2399272398078221
COG3714	1.2857103134368864	-1.2857103134368848
COG3715	-0.8868233340512792	0.8868233340512776
COG3716	-2.268254505847278	2.268254505847274
COG3717	0.8718115308419301	-0.8718115308419295
COG3718	-1.4742722183493147	1.474272218349312
COG3719	1.2776364204504358	-1.277636420450434
COG3720	-0.48851941239992597	0.48851941239992497
COG3722	-0.8150177919826291	0.8150177919826277
COG3723	-1.6367316116997717	1.636731611699769
COG3724	-0.9537461910426995	0.9537461910426979
COG3725	0.3604051516815755	-0.36040515168157516
COG3726	-1.6842792067818269	1.6842792067818237
COG3727	0.42762500587471325	-0.42762500587471286
COG3728	-1.6064821686958495	1.6064821686958468
COG3730	-0.11106986522459769	0.11106986522459682
COG3731	-2.0225944944509955	2.022594494450992
COG3732	-0.833105080697656	0.8331050806976545
COG3733	-0.9167642648062911	0.9167642648062893
COG3734	0.6567662823611338	-0.656766282361133
COG3735	0.16798290432595897	-0.1679829043259587
COG3738	-1.9857656883603747	1.9857656883603714
COG3740	-0.839491153373756	0.8394911533737542
COG3747	1.1484771125799729	-1.1484771125799718
COG3754	0.9128387973413069	-0.912838797341306
COG3757	-0.4264393679738203	0.4264393679738192
COG3760	-1.5574343098681276	1.557434309868125
COG3764	-1.7232565134410662	1.7232565134410633
COG3765	-1.0121240427769225	1.0121240427769207
COG3768	-0.04610215269206851	0.046102152692067966
COG3770	-1.8865262149534154	1.8865262149534123
COG3772	-0.6189381123023278	0.6189381123023263
COG3773	-0.1341238541549911	0.1341238541549909
COG3774	0.11468290191274139	-0.11468290191274168
COG3775	0.38500577016449256	-0.38500577016449244
COG3778	-1.2403639731045863	1.2403639731045843
COG3781	0.1430786272533885	-0.14307862725338827
COG3787	1.1131604770540626	-1.1131604770540613
COG3797	-0.29809079914199194	0.298090799141991
COG3799	1.4397083378880493	-1.4397083378880475
COG3804	1.2677750602665743	-1.2677750602665725
COG3808	0.450349451759882	-0.4503494517598818
COG3817	-1.133776906296992	1.13377690629699
COG3819	-1.9206239104185638	1.9206239104185607
COG3822	1.2616255009845512	-1.2616255009845496
COG3824	0.984214221672446	-0.9842142216724449
COG3829	0.40490065800648456	-0.4049006580064844
COG3830	-0.7130966139294093	0.7130966139294079
COG3833	0.6956220839388408	-0.6956220839388404
COG3835	0.06554876376401846	-0.06554876376401882
COG3836	-1.1812277011918342	1.181227701191832
COG3837	0.8541312616010245	-0.8541312616010233
COG3839	0.14533017506973778	-0.14533017506973803
COG3840	-0.974539239222567	0.9745392392225652
COG3842	1.5174149907326522	-1.5174149907326506
COG3843	0.1204602155993763	-0.12046021559937635
COG3845	-1.7599584216924493	1.7599584216924464
COG3848	0.6321807994070313	-0.632180799407031
COG3852	0.1819461907333493	-0.18194619073334928
COG3853	-0.06927625224649554	0.06927625224649472
COG3854	1.4455184890090553	-1.4455184890090536
COG3855	0.9825233988303352	-0.9825233988303341
COG3856	-1.5016828012956331	1.5016828012956303
COG3857	0.2429938076734549	-0.24299380767345502
COG3858	0.43610425808862696	-0.43610425808862674
COG3859	-1.261676657702307	1.2616766577023046
COG3862	-0.8778805756219716	0.8778805756219701
COG3867	-0.15012507492093083	0.15012507492093036
COG3869	0.27717427149919455	-0.2771742714991943
COG3870	-1.1906097340585622	1.1906097340585602
COG3871	-0.9817832102917368	0.9817832102917348
COG3872	-0.253110384162356	0.2531103841623553
COG3875	0.35964391111628635	-0.3596439111162863
COG3878	0.395608178508796	-0.3956081785087958
COG3879	-1.9596042429755596	1.9596042429755562
COG3880	0.5612394077465965	-0.5612394077465958
COG3882	0.7348562332303701	-0.7348562332303692
COG3884	0.33974998542493023	-0.33974998542492996
COG3886	-0.052343273196742354	0.052343273196742035
COG3887	-1.0698692026477834	1.0698692026477814
COG3892	-1.692782094401357	1.6927820944013539
COG3894	-0.05565315705087146	0.05565315705087114
COG3896	0.7983112268187279	-0.7983112268187268
COG3910	0.7873862590189047	-0.7873862590189039
COG3919	-1.8753008047540958	1.8753008047540924
COG3920	-1.042949522361163	1.042949522361161
COG3921	-0.8494727533375128	0.8494727533375114
COG3926	0.10949009889050124	-0.10949009889050178
COG3933	0.7935088974461956	-0.7935088974461948
COG3935	0.7510473798203885	-0.7510473798203878
COG3938	0.10388896218703027	-0.10388896218703082
COG3940	0.39465518579921893	-0.3946551857992183
COG3942	-0.9250725903154442	0.9250725903154425
COG3943	1.4750006189369231	-1.4750006189369214
COG3944	0.10917977804365915	-0.10917977804365969
COG3947	0.8612435633293001	-0.861243563329299
COG3948	-0.2974288825315013	0.2974288825315006
COG3949	-0.1405493678106349	0.1405493678106342
COG3950	1.333932709742948	-1.3339327097429468
COG3953	0.35128121341968976	-0.3512812134196895
COG3954	-0.8161077682210026	0.8161077682210011
COG3956	-1.994130275157535	1.9941302751575318
COG3957	-1.7081010201396405	1.7081010201396376
COG3958	1.5146845821478152	-1.5146845821478134
COG3959	0.41529817800736574	-0.4152981780073658
COG3960	-0.17645932271598197	0.17645932271598147
COG3961	-0.860841375255	0.8608413752549985
COG3962	-2.00885527783612	2.0088552778361164
COG3964	0.690283491742609	-0.6902834917426084
COG3965	-1.204020243206912	1.2040202432069096
COG3966	1.5212536359989466	-1.5212536359989453
COG3968	1.7244168972601621	-1.7244168972601595
COG3969	0.4916687005138305	-0.4916687005138302
COG3971	-2.0456533060715225	2.0456533060715185
COG3973	0.4291761375860719	-0.42917613758607154
COG3976	-1.2798535649962823	1.2798535649962801
COG3977	0.16565627120488344	-0.1656562712048832
COG3979	1.1792911788698281	-1.1792911788698268
COG3980	0.9884547640321937	-0.9884547640321926
COG3981	-1.6140266688228515	1.6140266688228486
COG4086	0.4040281566838477	-0.40402815668384706
COG4091	-0.7855404576963152	0.7855404576963138
COG4096	-0.021025369570679558	0.021025369570679523
COG4097	-0.4855277494276436	0.4855277494276426
COG4098	0.9932720546263055	-0.993272054626304
COG4099	1.1721794774653942	-1.1721794774653924
COG4100	0.2519266917668291	-0.2519266917668292
COG4105	-1.776212894552312	1.7762128945523088
COG4106	-0.5605632958778112	0.5605632958778098
COG4107	0.20221302412146483	-0.20221302412146475
COG4108	1.4847133862389807	-1.4847133862389785
COG4109	-0.08148520702654276	0.0814852070265424
COG4112	1.4774335863197647	-1.4774335863197625
COG4114	-1.3940481630909163	1.394048163090914
COG4115	0.9187549242656665	-0.9187549242656652
COG4117	-1.9653736109285296	1.965373610928526
COG4120	0.946469316917508	-0.9464693169175065
COG4121	0.6665174859375071	-0.666517485937506
COG4122	-1.5854136996660908	1.585413699666088
COG4123	-0.055712720703213085	0.05571272070321276
COG4125	-1.2096611774852124	1.2096611774852102
COG4126	0.06470304289582952	-0.06470304289582965
COG4129	0.9029449955658035	-0.9029449955658025
COG4130	-0.5899057946690416	0.5899057946690405
COG4132	-0.08066357500081903	0.08066357500081843
COG4134	-1.1868091516008572	1.1868091516008552
COG4135	-0.9090842245562358	0.9090842245562339
COG4137	-1.0665043435650028	1.066504343565001
COG4138	-0.07503695133960263	0.07503695133960181
COG4139	-1.124701346888153	1.1247013468881508
COG4143	-0.8355930117322745	0.835593011732273
COG4145	0.8641343569248454	-0.8641343569248444
COG4146	-0.10010518779258436	0.10010518779258373
COG4147	-1.4832735853206735	1.4832735853206707
COG4148	0.45740063847536044	-0.45740063847536044
COG4149	-1.3290337659432163	1.329033765943214
COG4150	-1.006583614312895	1.0065836143128932
COG4152	-1.5083990801556288	1.5083990801556262
COG4154	-0.8947835823730728	0.894783582373071
COG4158	0.051584623324623984	-0.05158462332462414
COG4160	-2.17787835461425	2.177878354614246
COG4166	0.6832906279711602	-0.6832906279711599
COG4168	-1.8675627060696065	1.8675627060696032
COG4171	-0.8413704933640512	0.8413704933640497
COG4172	-1.1168350244168728	1.1168350244168705
COG4174	-0.6479038554727065	0.6479038554727052
COG4175	-0.7146514706689138	0.7146514706689124
COG4176	-0.7116920202801389	0.7116920202801376
COG4177	-2.052184078022465	2.052184078022462
COG4178	-0.5890914741223785	0.5890914741223772
COG4181	-1.2758360131741688	1.2758360131741666
COG4185	0.8790599958179041	-0.879059995817903
COG4186	0.8813017132755291	-0.8813017132755282
COG4189	-1.3671965192525166	1.3671965192525142
COG4191	-1.1765906648316842	1.176590664831682
COG4192	-0.8790767543397056	0.8790767543397037
COG4193	1.1687745750054848	-1.168774575005483
COG4194	-0.2175675146764494	0.21756751467644858
COG4198	1.0035482292045121	-1.0035482292045108
COG4199	-0.16444496375622158	0.16444496375622109
COG4200	1.107285471860249	-1.1072854718602476
COG4206	0.7283871247481574	-0.7283871247481567
COG4208	-0.12217606387978298	0.12217606387978232
COG4209	0.14366395060937082	-0.14366395060937107
COG4211	1.4039226914930663	-1.403922691493065
COG4213	-1.0627217332684173	1.0627217332684151
COG4214	0.37724027052189146	-0.37724027052189135
COG4215	-1.4038063029915346	1.4038063029915324
COG4219	0.30972969810462486	-0.30972969810462464
COG4221	-0.881746397298137	0.8817463972981354
COG4222	-1.1045176195078499	1.1045176195078479
COG4225	-1.199889950031231	1.1998899500312288
COG4227	-0.553375449602847	0.5533754496028459
COG4228	-1.5332619994668693	1.5332619994668664
COG4229	-0.6374216626023221	0.6374216626023207
COG4230	0.3420412231591963	-0.34204122315919644
COG4231	0.04353419516456511	-0.04353419516456528
COG4232	-0.884424835826014	0.8844248358260125
COG4233	-1.9415073518689003	1.941507351868897
COG4235	-0.8228218462382761	0.8228218462382746
COG4239	-0.33793569868093665	0.33793569868093565
COG4241	-0.9827802993727235	0.9827802993727215
COG4243	-1.5497904809051566	1.5497904809051541
COG4245	1.0454093037950554	-1.0454093037950543
COG4248	0.3666522308416503	-0.3666522308416502
COG4253	-1.9579654196485818	1.9579654196485783
COG4260	-1.144247225313152	1.14424722531315
COG4262	0.23096984465781467	-0.2309698446578148
COG4264	-0.8912692451552661	0.8912692451552644
COG4267	0.5875393416629302	-0.58753934166293
COG4268	0.8951611325894894	-0.8951611325894884
COG4269	1.1822400282270318	-1.1822400282270298
COG4277	-0.5692525466011135	0.5692525466011121
COG4279	1.703000523900854	-1.7030005239008523
COG4283	-0.7423520385239978	0.7423520385239961
COG4284	-1.5788433492350664	1.5788433492350638
COG4289	1.2859546864743583	-1.2859546864743567
COG4299	1.0865270992204996	-1.0865270992204985
COG4302	-0.5181885041803508	0.5181885041803495
COG4303	-1.425543723296777	1.4255437232967745
COG4320	-1.007904363980349	1.0079043639803473
COG4332	-0.5661754752526197	0.5661754752526186
COG4335	1.7033452440642671	-1.7033452440642656
COG4336	-1.7497967927036957	1.7497967927036924
COG4354	0.8910007544862569	-0.8910007544862556
COG4373	-0.5133467405945141	0.5133467405945129
COG4377	-1.2167352064200838	1.2167352064200818
COG4379	-0.8038598942717744	0.803859894271773
COG4381	-1.1903574934765353	1.1903574934765333
COG4383	0.15772111554630408	-0.15772111554630405
COG4384	-0.4279026493631856	0.42790264936318473
COG4386	-0.2322647653003962	0.23226476530039514
COG4393	-1.1587345401359705	1.1587345401359683
COG4397	0.8641332159161784	-0.8641332159161779
COG4405	-0.04938549585044534	0.04938549585044503
COG4409	1.3811301335572956	-1.381130133557294
COG4420	-0.3648965647587855	0.36489656475878474
COG4422	1.3365090178096704	-1.3365090178096688
COG4430	1.332149337038643	-1.3321493370386417
COG4443	0.47627230097912243	-0.47627230097912193
COG4445	-0.2601490614641836	0.260149061464183
COG4452	1.353031538785481	-1.3530315387854797
COG4453	0.27953730648067016	-0.2795373064806697
COG4463	-0.07848190990196337	0.07848190990196277
COG4464	-1.7858678312812977	1.7858678312812941
COG4465	-0.5997602292855706	0.5997602292855695
COG4468	-0.800468578055087	0.8004685780550855
COG4469	0.7583930815745632	-0.7583930815745625
COG4470	-1.1042324651230147	1.1042324651230129
COG4472	-0.3127521961197087	0.312752196119708
COG4473	0.19243520089069918	-0.19243520089069888
COG4475	-0.9669720067771501	0.9669720067771483
COG4477	1.0564885714190142	-1.056488571419013
COG4481	-1.4823438947236163	1.4823438947236138
COG4485	0.7228875659295494	-0.7228875659295487
COG4487	0.02723450760498262	-0.02723450760498305
COG4492	0.9036274090830556	-0.9036274090830549
COG4496	0.17111877899571548	-0.17111877899571545
COG4506	-0.5163926019832864	0.5163926019832854
COG4509	0.15148488962893666	-0.15148488962893644
COG4512	-1.2644638114673292	1.264463811467327
COG4521	-0.6439643970626413	0.6439643970626401
COG4529	-1.1983243085009836	1.1983243085009814
COG4531	-0.15015093373522642	0.1501509337352262
COG4533	-0.8550484738930144	0.8550484738930126
COG4535	-0.409684344937321	0.4096843449373201
COG4536	-0.8130032372775309	0.8130032372775292
COG4542	0.6003411948146807	-0.6003411948146803
COG4548	-1.3182615836355107	1.3182615836355083
COG4552	-1.075063753262224	1.0750637532622218
COG4555	0.5500025527682415	-0.5500025527682407
COG4558	-1.9575753322693152	1.9575753322693115
COG4559	-0.8187431048892349	0.8187431048892334
COG4565	-0.45528834239305743	0.4552883423930562
COG4569	-1.9567143329588756	1.9567143329588725
COG4570	-1.3213292575661961	1.321329257566194
COG4571	-1.057073679463713	1.0570736794637112
COG4573	0.44013110512989373	-0.44013110512989373
COG4575	-0.8637504722896604	0.8637504722896588
COG4576	-0.875626595845194	0.8756265958451921
COG4577	-1.6330280434177995	1.6330280434177966
COG4579	-1.8338842567883418	1.8338842567883389
COG4580	-0.5263796570756549	0.5263796570756536
COG4581	-1.643155251160319	1.6431552511603156
COG4582	0.15613586015288985	-0.15613586015288985
COG4584	-0.3526181437470706	0.35261814374706957
COG4585	-0.8995257304070587	0.8995257304070572
COG4586	-0.07005054367208066	0.07005054367208008
COG4587	1.3918105072234015	-1.3918105072234
COG4589	0.2416621876264568	-0.24166218762645642
COG4590	0.9387079763397803	-0.9387079763397794
COG4591	1.1029725928394842	-1.102972592839483
COG4592	-0.43375223568592614	0.43375223568592525
COG4597	-2.1305303181204573	2.130530318120454
COG4598	0.5097846106190492	-0.5097846106190491
COG4603	0.8891434133808243	-0.8891434133808234
COG4604	-1.9509325903004815	1.950932590300478
COG4605	1.3038369150596283	-1.303836915059627
COG4606	0.6154390919049063	-0.6154390919049059
COG4607	-0.8486253410255131	0.8486253410255116
COG4608	-0.38756390936913	0.38756390936912916
COG4615	0.6274115370966113	-0.6274115370966108
COG4619	-0.12309700081741647	0.12309700081741605
COG4623	-0.8740895605709196	0.874089560570918
COG4624	-0.30196723188457675	0.301967231884576
COG4626	0.5061810183311725	-0.5061810183311719
COG4632	-1.6363313808686564	1.6363313808686533
COG4635	-0.7735696871733104	0.7735696871733088
COG4636	0.6828987455728592	-0.6828987455728587
COG4637	0.03008588524112487	-0.030085885241124825
COG4638	-0.9387277555284864	0.9387277555284848
COG4639	-0.008266856326798877	0.008266856326798628
COG4640	0.37437242190338693	-0.3743724219033863
COG4643	0.482693886081244	-0.4826938860812435
COG4644	1.1496344742599063	-1.1496344742599045
COG4646	1.485085572173185	-1.485085572173183
COG4650	-1.3672312580907893	1.3672312580907868
COG4651	1.4851263282937306	-1.4851263282937288
COG4653	-1.0718124536239715	1.0718124536239693
COG4656	1.471577778238701	-1.4715777782386992
COG4657	0.7840830295164755	-0.7840830295164748
COG4658	1.1262386610482178	-1.1262386610482167
COG4659	1.2896632589694619	-1.2896632589694599
COG4660	-1.9500901822975854	1.9500901822975822
COG4666	0.8154011159583345	-0.8154011159583342
COG4667	0.7685517511268558	-0.7685517511268553
COG4668	-0.647634992624991	0.6476349926249896
COG4670	-0.12714757160102114	0.12714757160102094
COG4674	0.7903880090891989	-0.7903880090891979
COG4677	1.3607197853218418	-1.3607197853218402
COG4679	0.27519456396879693	-0.2751945639687965
COG4681	-0.9221828343101646	0.9221828343101629
COG4682	0.16421453495135033	-0.16421453495135033
COG4683	1.3424542815313396	-1.342454281531338
COG4684	-0.47865716827153587	0.47865716827153465
COG4685	-1.4206002967648999	1.4206002967648974
COG4687	0.9716098579278645	-0.9716098579278635
COG4688	-0.061143148045212765	0.06114314804521196
COG4690	-0.3825812481061782	0.3825812481061774
COG4692	0.6203179420869314	-0.6203179420869309
COG4693	-0.24845172315926295	0.24845172315926234
COG4695	-0.4914005040880854	0.4914005040880844
COG4708	1.5076351635405632	-1.5076351635405616
COG4713	-1.10677631179308	1.1067763117930782
COG4716	-1.4438105850580656	1.4438105850580625
COG4720	-1.2759845112695558	1.2759845112695536
COG4721	-2.097210507195339	2.097210507195336
COG4723	0.23835248966687397	-0.23835248966687406
COG4724	0.6371905669153348	-0.6371905669153342
COG4725	0.6645555808780952	-0.6645555808780946
COG4728	-0.015911752483607544	0.01591175248360752
COG4732	-0.13553614565491376	0.1355361456549133
COG4733	0.10984464484686776	-0.1098446448468676
COG4735	-0.9022747450335907	0.9022747450335891
COG4739	-0.15061548815158354	0.1506154881515831
COG4747	1.3355927769103941	-1.3355927769103924
COG4750	1.391134551285527	-1.3911345512855253
COG4753	1.045212996911418	-1.0452129969114163
COG4763	0.06436920876713856	-0.06436920876713893
COG4766	1.3016316138585522	-1.3016316138585506
COG4767	0.3908455073286611	-0.3908455073286607
COG4769	-0.7337070742789507	0.733707074278949
COG4770	-0.21829592788025107	0.21829592788025026
COG4771	-0.8194552078549139	0.8194552078549123
COG4772	1.100703325841515	-1.1007033258415135
COG4773	-0.3677341997053479	0.3677341997053468
COG4774	-0.1450985392278067	0.14509853922780622
COG4775	-1.4688862468839428	1.4688862468839403
COG4776	-1.241850377510258	1.2418503775102558
COG4778	-1.3973754724083194	1.397375472408317
COG4779	0.7860202286700168	-0.7860202286700161
COG4783	-0.41836222947428686	0.418362229474286
COG4785	0.7326058093620369	-0.732605809362036
COG4786	-0.4730561880214671	0.4730561880214659
COG4795	-1.0204373003022968	1.0204373003022948
COG4796	-1.9457488541821668	1.9457488541821635
COG4799	1.0682295445062076	-1.068229544506206
COG4804	0.8393937271764749	-0.8393937271764738
COG4805	1.6225823698172526	-1.622582369817251
COG4806	0.8445320720892339	-0.8445320720892328
COG4808	0.24747563650410828	-0.24747563650410814
COG4810	1.2077469086359756	-1.2077469086359742
COG4811	-1.2344240413174834	1.2344240413174812
COG4812	0.9231390205472509	-0.9231390205472496
COG4816	-1.2817329186667799	1.2817329186667774
COG4819	1.4782256781728629	-1.4782256781728615
COG4820	-1.3068018602167033	1.3068018602167009
COG4821	0.355653643250181	-0.35565364325018095
COG4822	-0.7792202730977672	0.7792202730977655
COG4823	1.4008419509714598	-1.400841950971458
COG4824	0.2551313423119765	-0.25513134231197654
COG4826	0.7397853285882886	-0.7397853285882879
COG4832	-1.3437287770246857	1.3437287770246833
COG4833	1.4518925328262446	-1.4518925328262422
COG4845	0.6960258859479881	-0.6960258859479878
COG4850	-0.762701353494433	0.7627013534944316
COG4856	-0.6579282553009145	0.6579282553009131
COG4857	-1.622067064637139	1.6220670646371362
COG4862	-1.063884955234159	1.0638849552341567
COG4864	0.753589157165019	-0.7535891571650183
COG4865	0.33269699531250485	-0.33269699531250463
COG4866	1.4315636775265401	-1.4315636775265377
COG4868	-0.5285387119092702	0.5285387119092689
COG4869	1.4913299680220007	-1.4913299680219994
COG4870	-0.7716689651806312	0.7716689651806299
COG4878	-0.2477748579883634	0.24777485798836302
COG4880	1.3307144221592098	-1.330714422159208
COG4886	1.0849580575765738	-1.0849580575765727
COG4887	1.0428456759278155	-1.0428456759278144
COG4894	-0.010367978868641473	0.010367978868640746
COG4905	-0.8189186592824501	0.8189186592824484
COG4907	-2.0882034716860414	2.088203471686038
COG4909	-0.23849947000210414	0.23849947000210353
COG4910	0.4107730466987088	-0.4107730466987084
COG4912	1.7562989428700042	-1.756298942870002
COG4913	-0.23278116481207797	0.2327811648120774
COG4917	-1.4678694994358512	1.4678694994358485
COG4922	0.6383614737256122	-0.6383614737256119
COG4924	-1.2112321567811841	1.2112321567811817
COG4926	-1.068393426508668	1.068393426508666
COG4927	0.7921828876987147	-0.7921828876987139
COG4928	-0.5322665686388178	0.5322665686388165
COG4930	-0.5583971344793928	0.5583971344793917
COG4932	1.04465073536766	-1.0446507353676584
COG4936	-1.0968947320025269	1.0968947320025249
COG4942	-1.0319111402496708	1.0319111402496688
COG4943	-1.313188137584562	1.3131881375845595
COG4947	0.8435356988349864	-0.8435356988349857
COG4948	-2.0105150501180096	2.0105150501180056
COG4951	0.5289639546861118	-0.528963954686111
COG4953	1.3391289590735078	-1.3391289590735063
COG4956	-0.8014790803618213	0.8014790803618196
COG4962	0.7211867631103707	-0.72118676311037
COG4969	-1.6266890004940573	1.6266890004940544
COG4972	1.2933315748297518	-1.2933315748297503
COG4973	1.1667320018056757	-1.1667320018056744
COG4974	0.6280789913647428	-0.6280789913647421
COG4975	-0.3285380987589896	0.3285380987589888
COG4977	-0.8404971038468831	0.8404971038468816
COG4978	1.2876301422051608	-1.2876301422051593
COG4981	-2.263113392001968	2.263113392001964
COG4982	0.5826305848448203	-0.5826305848448199
COG4985	1.6015208134568952	-1.601520813456894
COG4986	-0.3458139635841484	0.3458139635841476
COG4987	-0.2472108799415045	0.24721087994150343
COG4988	-0.923452193290794	0.9234521932907923
COG4989	-1.2146418387816051	1.214641838781603
COG4990	1.0143662981421808	-1.0143662981421797
COG4992	-1.7579348159340602	1.7579348159340573
COG4993	1.1378453629552046	-1.1378453629552032
COG4999	-0.18826315340551186	0.18826315340551109
COG5001	1.2505948656823993	-1.2505948656823977
COG5002	0.951347430706036	-0.9513474307060351
COG5006	-1.451250113253254	1.4512501132532516
COG5009	1.3696952266982818	-1.3696952266982796
COG5011	0.7078868864091502	-0.7078868864091495
COG5012	1.3551442169428565	-1.355144216942855
COG5013	1.4091248660556432	-1.4091248660556415
COG5015	0.6102559211188995	-0.6102559211188993
COG5016	0.7730568799623204	-0.7730568799623198
COG5263	1.3500072094713296	-1.3500072094713276
COG5267	0.8969557847182387	-0.8969557847182374
COG5276	-2.1006732994415573	2.1006732994415533
COG5279	-0.38964932950608294	0.3896493295060819
COG5280	-0.5364345729027589	0.5364345729027578
COG5281	-1.029317608135835	1.029317608135833
COG5282	-0.927936472403892	0.9279364724038901
COG5283	-0.9252768746351095	0.9252768746351077
COG5285	-1.1953414304898033	1.1953414304898011
COG5295	-0.6180951049797435	0.6180951049797424
COG5301	0.04632319911065219	-0.046323199110652594
COG5324	-1.7978451524023202	1.7978451524023171
COG5339	-0.7446237335333157	0.744623733533314
COG5340	1.072269363986395	-1.0722693639863936
COG5341	-1.361840542587058	1.3618405425870557
COG5373	1.294885330840777	-1.294885330840776
COG5377	0.4915477929100604	-0.4915477929100597
COG5383	-0.6112860953584267	0.6112860953584254
COG5405	-2.0586254460676536	2.0586254460676496
COG5412	-2.1249361735774968	2.124936173577493
COG5426	-0.865155338110348	0.8651553381103462
COG5427	0.5487542481686041	-0.548754248168604
COG5430	-0.9935774295905598	0.9935774295905578
COG5433	-0.4433542472455667	0.44335424724556555
COG5434	1.2803206889399408	-1.2803206889399388
COG5438	-1.3122977170741867	1.3122977170741845
COG5441	-0.48581616923562176	0.48581616923562054
COG5445	1.428144280552271	-1.4281442805522693
COG5463	0.1122143255948788	-0.11221432559487886
COG5464	-0.169422794021881	0.1694227940218805
COG5476	0.5994946405839153	-0.5994946405839147
COG5484	-0.31895266184129245	0.3189526618412917
COG5492	-0.4827507229879425	0.4827507229879413
COG5495	0.31970707859929837	-0.3197070785992981
COG5496	-0.4290746483058512	0.42907464830585
COG5499	-0.488108629417646	0.488108629417645
COG5504	-0.254861238030609	0.2548612380306084
COG5505	0.23913317574995296	-0.23913317574995333
COG5511	0.3913290002148462	-0.3913290002148458
COG5512	-0.10808912534906771	0.10808912534906755
COG5519	-0.054219934562106886	0.05421993456210657
COG5520	-0.6554305988842825	0.655430598884281
COG5522	1.6997741340810955	-1.6997741340810932
COG5523	1.6681853684170316	-1.6681853684170298
COG5525	-0.712970559113301	0.7129705591132997
COG5527	0.19739210447487698	-0.19739210447487718
COG5529	-0.8181346851953374	0.8181346851953358
COG5532	0.6330873479748224	-0.6330873479748214
COG5545	1.2220067965006154	-1.222006796500614
COG5553	-0.45600718219401704	0.45600718219401587
COG5557	0.8380261404458261	-0.8380261404458252
COG5564	-0.5188379964199661	0.5188379964199648
COG5571	-1.3088687042369347	1.3088687042369325
COG5577	-0.6301674459847281	0.6301674459847266
COG5585	0.11008893466549599	-0.11008893466549606
COG5587	1.509272882263594	-1.5092728822635926
COG5598	-0.07444742482661658	0.07444742482661623
COG5618	0.5187950210417515	-0.5187950210417509
COG5632	1.226743986377044	-1.226743986377042
COG5645	-0.7412590794099077	0.7412590794099062
COG5652	1.1812732513235096	-1.1812732513235082
COG5658	0.28953214361089963	-0.2895321436108992
ENOG410XNME	0.9641244600134591	-0.9641244600134578
ENOG410XNMH	-0.9555285327468688	0.955528532746867
ENOG410XNMK	0.3865839082046931	-0.38658390820469274
ENOG410XNMP	0.4283657658712832	-0.42836576587128306
ENOG410XNMQ	0.4083837808909406	-0.4083837808909402
ENOG410XNN3	-1.7028583791835108	1.702858379183508
ENOG410XNNB	-2.0948621626111223	2.0948621626111192
ENOG410XNNF	1.0160986084111379	-1.016098608411137
ENOG410XNNK	-1.892833592827887	1.8928335928278834
ENOG410XNNM	0.15363327998144785	-0.1536332799814476
ENOG410XNNT	-0.9876569104903861	0.9876569104903843
ENOG410XNNV	-0.3175571720965907	0.3175571720965897
ENOG410XNNX	-2.1279754733537866	2.127975473353783
ENOG410XNP4	-0.6631085477813238	0.6631085477813226
ENOG410XNP9	1.3694490796494825	-1.3694490796494807
ENOG410XNPF	-1.1492092246435863	1.149209224643584
ENOG410XNPK	1.646360112386775	-1.6463601123867722
ENOG410XNPQ	1.0950018429338606	-1.0950018429338597
ENOG410XNPT	1.0635036346260063	-1.063503634626005
ENOG410XNPU	0.6176160905890712	-0.6176160905890707
ENOG410XNPZ	-1.596559866852228	1.5965598668522254
ENOG410XNQ2	1.3473622306368107	-1.3473622306368092
ENOG410XNQ6	-0.999684992063951	0.999684992063949
ENOG410XNQA	-0.5885449625927797	0.5885449625927786
ENOG410XNQB	0.08861608228786641	-0.08861608228786627
ENOG410XNQI	-0.9940836687503574	0.9940836687503554
ENOG410XNQK	0.972431464840274	-0.972431464840273
ENOG410XNR2	-0.7099653833764555	0.7099653833764539
ENOG410XNRI	0.5883258202452313	-0.5883258202452304
ENOG410XNRQ	1.3876516703679826	-1.3876516703679813
ENOG410XNRW	-1.5656787729656072	1.5656787729656043
ENOG410XNS5	0.22822168867208814	-0.22822168867208778
ENOG410XNSI	-0.24694439850547587	0.24694439850547548
ENOG410XNSZ	-0.8038516300708503	0.8038516300708487
ENOG410XNTB	-0.0343990590400223	0.03439905904002177
ENOG410XNTH	-0.9827783340078619	0.98277833400786
ENOG410XNTK	-0.2109338992744214	0.21093389927442108
ENOG410XNUC	0.302336524996395	-0.3023365249963946
ENOG410XNUH	0.7726198824912852	-0.7726198824912842
ENOG410XNUJ	0.6336817623343646	-0.633681762334364
ENOG410XNUN	1.4177771854356096	-1.417777185435608
ENOG410XNVA	1.3552505770075651	-1.3552505770075634
ENOG410XNVB	-1.3512401596882568	1.3512401596882542
ENOG410XNVC	-1.032128390179923	1.0321283901799208
ENOG410XNVE	-0.2392133680042856	0.239213368004285
ENOG410XNVK	0.21720709950281133	-0.21720709950281147
ENOG410XNVM	-1.552453236839442	1.5524532368394393
ENOG410XNVN	0.6209111728466508	-0.6209111728466501
ENOG410XNVP	0.9734573442471577	-0.9734573442471565
ENOG410XNVW	0.3488718624294811	-0.34887186242948104
ENOG410XNW1	1.2520003051795916	-1.2520003051795896
ENOG410XNW5	1.0980670734030455	-1.0980670734030444
ENOG410XNW6	-1.074336827142987	1.074336827142985
ENOG410XNWE	0.9456244210777175	-0.9456244210777165
ENOG410XNX2	-0.3363130993069869	0.3363130993069861
ENOG410XNX3	-1.8094158239866411	1.809415823986638
ENOG410XNXE	0.6541453865942487	-0.6541453865942479
ENOG410XNXG	-0.9225256056240158	0.9225256056240141
ENOG410XNXZ	1.0719778863195615	-1.0719778863195601
ENOG410XNYD	-1.9650557616013955	1.965055761601392
ENOG410XNYS	0.8435671604723147	-0.8435671604723138
ENOG410XNYU	-0.13823469965943005	0.13823469965942986
ENOG410XNYY	0.6969859107711307	-0.6969859107711301
ENOG410XNZB	0.6494067827008084	-0.6494067827008079
ENOG410XNZD	1.1991869305174208	-1.1991869305174188
ENOG410XNZF	-2.011961328109502	2.0119613281094986
ENOG410XNZG	0.2917335827669446	-0.2917335827669446
ENOG410XNZJ	0.010054242892626663	-0.010054242892626884
ENOG410XNZQ	-0.6880922669694116	0.6880922669694101
ENOG410XNZR	1.3193266410533016	-1.3193266410533
ENOG410XNZT	0.24831393410531435	-0.24831393410531397
ENOG410XNZW	-1.0015981653936288	1.001598165393627
ENOG410XNZX	1.033616793397758	-1.0336167933977567
ENOG410XP02	-0.9936527133695595	0.9936527133695577
ENOG410XP1B	0.8484882575079399	-0.848488257507939
ENOG410XP1K	1.5050409991759608	-1.5050409991759583
ENOG410XP27	-0.21791305448142825	0.21791305448142792
ENOG410XP28	0.9749023155060467	-0.9749023155060453
ENOG410XP2B	-0.66266981480463	0.6626698148046286
ENOG410XP2F	1.3129218946253665	-1.312921894625365
ENOG410XP2G	-0.8578834036838386	0.8578834036838369
ENOG410XP2I	-0.9930886074718211	0.9930886074718192
ENOG410XP2U	-0.6487927300587194	0.6487927300587182
ENOG410XP2Y	1.6937903865679005	-1.6937903865678983
ENOG410XP36	0.25208788702525836	-0.2520878870252587
ENOG410XP3B	-1.790027718835253	1.7900277188352496
ENOG410XP3G	-0.24084296661911744	0.24084296661911683
ENOG410XP3Q	0.891126651569624	-0.8911266515696229
ENOG410XP3R	-1.2897437092114572	1.289743709211455
ENOG410XP3U	0.0958567928481498	-0.09585679284815012
ENOG410XP44	-1.5215868029780082	1.5215868029780055
ENOG410XP48	0.5759782442691784	-0.5759782442691782
ENOG410XP49	-0.4307783758021986	0.43077837580219747
ENOG410XP4A	-0.28860513279573535	0.2886051327957344
ENOG410XP4R	0.4430635605582341	-0.44306356055823365
ENOG410XP56	-0.01577899066772015	0.015778990667720125
ENOG410XP57	1.4682903712773847	-1.468290371277383
ENOG410XP5M	-0.30675766797040616	0.3067576679704052
ENOG410XP5N	0.06490422874090031	-0.06490422874090045
ENOG410XP5P	1.6041166481217675	-1.6041166481217655
ENOG410XP5S	1.5025057764027672	-1.502505776402765
ENOG410XP5Y	0.29126427049661213	-0.29126427049661213
ENOG410XP61	-0.7125906067283653	0.7125906067283639
ENOG410XP6B	1.218314520699336	-1.2183145206993349
ENOG410XP6M	-0.24561736934979458	0.24561736934979397
ENOG410XP70	-0.625537427235461	0.6255374272354596
ENOG410XP7C	0.9342980596576771	-0.9342980596576761
ENOG410XP7H	0.6995823953185935	-0.6995823953185926
ENOG410XP7I	-1.3319948759826927	1.3319948759826903
ENOG410XP7Y	0.005324893689136736	-0.005324893689137202
ENOG410XP82	0.4937385801979568	-0.4937385801979568
ENOG410XP86	-2.0267979152284603	2.026797915228457
ENOG410XP8J	-1.262330064829798	1.2623300648297955
ENOG410XP8N	1.4544120604304782	-1.4544120604304764
ENOG410XP94	1.2993620491645146	-1.299362049164513
ENOG410XP9D	0.6115839239194374	-0.611583923919437
ENOG410XPA5	0.1773744813690816	-0.17737448136908135
ENOG410XPA7	-0.06849558146848132	0.06849558146848099
ENOG410XPA9	-1.1764890938935728	1.1764890938935708
ENOG410XPAA	-1.2100013239647924	1.2100013239647904
ENOG410XPAI	1.4073247362259074	-1.4073247362259056
ENOG410XPAW	-0.6082954345411127	0.6082954345411115
ENOG410XPB6	-0.5263889030940156	0.5263889030940144
ENOG410XPB7	0.5977377260276887	-0.5977377260276883
ENOG410XPBG	1.2413012798948257	-1.2413012798948242
ENOG410XPBJ	1.0142001951398687	-1.0142001951398674
ENOG410XPBQ	1.2347667018598776	-1.234766701859876
ENOG410XPBR	1.3795804796512336	-1.379580479651232
ENOG410XPBV	1.3903207444457653	-1.3903207444457635
ENOG410XPC1	0.9932696313591889	-0.9932696313591879
ENOG410XPC7	-0.6358717929451091	0.6358717929451075
ENOG410XPCF	1.24984622161519	-1.2498462216151882
ENOG410XPCH	0.13519602013377519	-0.13519602013377546
ENOG410XPCY	-0.9655149706241799	0.9655149706241781
ENOG410XPD4	-0.19711826147648162	0.1971182614764811
ENOG410XPD5	-2.0106721787522646	2.010672178752261
ENOG410XPD8	0.8511038506046978	-0.8511038506046968
ENOG410XPDK	-1.5141362473487454	1.514136247348743
ENOG410XPDR	0.6611467074931566	-0.6611467074931556
ENOG410XPDT	1.4331749078648852	-1.4331749078648834
ENOG410XPE8	0.7488378996687021	-0.7488378996687014
ENOG410XPE9	1.3846223078909465	-1.3846223078909448
ENOG410XPEC	0.12199603388182077	-0.12199603388182106
ENOG410XPF0	1.384895091481603	-1.3848950914816007
ENOG410XPF1	0.09880561386044376	-0.09880561386044384
ENOG410XPF3	1.1741657983187828	-1.1741657983187812
ENOG410XPF8	1.2267202406523516	-1.2267202406523503
ENOG410XPFA	0.5242660635698576	-0.5242660635698573
ENOG410XPFY	-0.48854475358007354	0.48854475358007254
ENOG410XPFZ	1.462880161930804	-1.4628801619308023
ENOG410XPG7	0.43026768138158167	-0.4302676813815817
ENOG410XPGK	-1.381795683204066	1.3817956832040639
ENOG410XPGN	1.3457788779863857	-1.3457788779863842
ENOG410XPGQ	1.1479343273568428	-1.1479343273568412
ENOG410XPGV	0.8570979422108438	-0.8570979422108429
ENOG410XPGY	1.1172199729776666	-1.1172199729776655
ENOG410XPHB	-0.4841179877909926	0.4841179877909916
ENOG410XPHE	-2.1350749402922293	2.135074940292226
ENOG410XPHF	0.6258323707020269	-0.6258323707020262
ENOG410XPHQ	-0.8788556123155594	0.8788556123155576
ENOG410XPHU	1.3046107577577828	-1.3046107577577812
ENOG410XPIA	-0.596752244027579	0.5967522440275779
ENOG410XPIV	-0.3184529894241675	0.3184529894241668
ENOG410XPIZ	1.2036000968678686	-1.2036000968678673
ENOG410XPJ6	-0.8636241844674855	0.8636241844674836
ENOG410XPJF	0.08453355379666734	-0.08453355379666744
ENOG410XPJN	0.6715160242158666	-0.6715160242158663
ENOG410XPJV	1.500555716877267	-1.5005557168772654
ENOG410XPJW	1.1894196706947309	-1.1894196706947295
ENOG410XPK1	0.6008288381195137	-0.6008288381195133
ENOG410XPK3	-1.5440880286877439	1.544088028687741
ENOG410XPK9	-0.25375320880754026	0.2537532088075394
ENOG410XPKA	0.12747774782634413	-0.12747774782634463
ENOG410XPKX	0.7505645419101519	-0.7505645419101512
ENOG410XPM6	-0.4601291203731729	0.4601291203731717
ENOG410XPMU	0.9826564492542986	-0.9826564492542974
ENOG410XPMV	-1.1512180268985392	1.1512180268985368
ENOG410XPN4	-1.189350223719049	1.1893502237190465
ENOG410XPNA	-0.527453490816172	0.527453490816171
ENOG410XPNG	0.7653672145182908	-0.7653672145182898
ENOG410XPNI	-1.073244523053514	1.0732445230535117
ENOG410XPNN	-1.7060787540801372	1.7060787540801339
ENOG410XPNQ	0.4754671225775893	-0.4754671225775888
ENOG410XPNV	-0.29727690595991835	0.2972769059599174
ENOG410XPP0	-1.042581280405094	1.042581280405092
ENOG410XPPG	0.24714488476790625	-0.24714488476790633
ENOG410XPPI	-0.9409832241327488	0.9409832241327469
ENOG410XPPT	1.6839256488180978	-1.6839256488180954
ENOG410XPPY	1.5945930920348215	-1.5945930920348197
ENOG410XPQ5	1.4763498402294648	-1.476349840229463
ENOG410XPQW	-1.6208281448278985	1.6208281448278958
ENOG410XPR5	-0.25441700803894923	0.25441700803894884
ENOG410XPRM	-1.970351333131696	1.9703513331316926
ENOG410XPRN	0.8355195411452903	-0.8355195411452895
ENOG410XPRS	-0.3795934656664955	0.37959346566649443
ENOG410XPRU	1.624066372026038	-1.6240663720260353
ENOG410XPRZ	1.4745546108643397	-1.474554610864338
ENOG410XPS1	-0.349027128696774	0.3490271286967732
ENOG410XPSF	-0.2986057072818369	0.2986057072818357
ENOG410XPSN	1.6622365199019928	-1.6622365199019904
ENOG410XPT3	-0.4105546938282764	0.4105546938282753
ENOG410XPT6	0.696545980491468	-0.6965459804914671
ENOG410XPT9	1.2906998390903899	-1.290699839090388
ENOG410XPTB	1.5951618073101514	-1.5951618073101501
ENOG410XPTE	-1.6857034600662182	1.6857034600662153
ENOG410XPTK	0.07711398717188439	-0.07711398717188474
ENOG410XPTV	1.5414236056932011	-1.5414236056931991
ENOG410XPU0	-0.9503571465897366	0.9503571465897349
ENOG410XPU6	-0.5479463781435058	0.5479463781435048
ENOG410XPUA	1.3891684492459748	-1.3891684492459733
ENOG410XPUE	-0.9478411057583982	0.9478411057583962
ENOG410XPUG	1.0577506917466024	-1.057750691746601
ENOG410XPUH	-0.8150371288283669	0.8150371288283654
ENOG410XPUJ	0.16600011016359317	-0.16600011016359364
ENOG410XPUQ	0.6392164623271656	-0.639216462327165
ENOG410XPUT	1.3104871875692061	-1.3104871875692043
ENOG410XPUX	0.8772432484443348	-0.8772432484443338
ENOG410XPUZ	-0.1725496440868336	0.1725496440868331
ENOG410XPW2	-0.2723406381812747	0.2723406381812743
ENOG410XPW8	-1.1492153705105266	1.1492153705105246
ENOG410XPWC	0.039663669669479144	-0.03966366966947932
ENOG410XPWD	1.132725113425953	-1.1327251134259517
ENOG410XPWQ	1.24383644480905	-1.2438364448090484
ENOG410XPWS	0.8785759298751348	-0.878575929875134
ENOG410XPWT	1.263166116921721	-1.2631661169217194
ENOG410XPWZ	0.691500535968592	-0.6915005359685911
ENOG410XPX2	1.537088615515126	-1.5370886155151235
ENOG410XPXA	0.4110410220317807	-0.41104102203178033
ENOG410XPXC	0.13400514399658786	-0.13400514399658764
ENOG410XPXG	1.0076955264476148	-1.0076955264476135
ENOG410XPY2	1.05442743147688	-1.0544274314768793
ENOG410XPYP	-0.3990280962551652	0.39902809625516433
ENOG410XPYR	-0.12351304072982985	0.12351304072982944
ENOG410XPYS	-0.5882621265668806	0.5882621265668795
ENOG410XPYV	-2.0074755222455125	2.0074755222455094
ENOG410XPYZ	0.649574932403539	-0.6495749324035383
ENOG410XPZP	0.7136903672250704	-0.7136903672250697
ENOG410XPZR	-0.6521274234468865	0.6521274234468852
ENOG410XPZX	-1.423004536335096	1.4230045363350936
ENOG410XQ05	0.039620117108274615	-0.039620117108275024
ENOG410XQ0N	0.8173444494059686	-0.8173444494059676
ENOG410XQ17	-1.2989184165696464	1.298918416569644
ENOG410XQ1F	-1.0812511493200518	1.08125114932005
ENOG410XQ1G	1.381541950380804	-1.3815419503808022
ENOG410XQ1X	0.706785622185142	-0.7067856221851415
ENOG410XQ21	-0.3021018824316855	0.30210188243168484
ENOG410XQ2Q	1.064050803071774	-1.0640508030717726
ENOG410XQ2S	-1.196131149591511	1.1961311495915088
ENOG410XQ39	-1.7610772745428414	1.7610772745428385
ENOG410XQ3B	0.2180708249104054	-0.21807082491040528
ENOG410XQ3U	-1.7732627579692595	1.7732627579692566
ENOG410XQ43	-0.06552813669665923	0.06552813669665866
ENOG410XQ4C	-0.9685766691626161	0.9685766691626144
ENOG410XQ4M	-0.04498545555759028	0.04498545555759021
ENOG410XQ4N	1.1196969177790206	-1.1196969177790195
ENOG410XQ4Q	0.9193622746371911	-0.9193622746371903
ENOG410XQ4S	0.8351800151363657	-0.8351800151363651
ENOG410XQ4U	0.9644796570184021	-0.9644796570184012
ENOG410XQ4X	0.26898740016275824	-0.2689874001627581
ENOG410XQ51	-0.27336469519108647	0.2733646951910858
ENOG410XQ57	0.11635717748450937	-0.1163571774845092
ENOG410XQ58	-0.5681546905767028	0.5681546905767016
ENOG410XQ5H	0.34201960308666113	-0.34201960308666085
ENOG410XQ5Q	-0.9171071251856773	0.9171071251856756
ENOG410XQ63	-0.23918118711136027	0.23918118711135944
ENOG410XQ6D	-0.5807645255316789	0.5807645255316776
ENOG410XQ6F	-0.43132114124555226	0.4313211412455511
ENOG410XQ6Z	0.22910997703244904	-0.2291099770324494
ENOG410XQ7E	-0.46005452051930396	0.460054520519303
ENOG410XQ7F	-0.7495364700382691	0.7495364700382676
ENOG410XQ7R	1.239676752189104	-1.2396767521891021
ENOG410XQ7Y	-0.12603084307210605	0.12603084307210585
ENOG410XQ88	1.2006594361731187	-1.2006594361731173
ENOG410XQ8A	0.763536707105617	-0.763536707105616
ENOG410XQ8K	-1.1313265114838105	1.1313265114838087
ENOG410XQ93	-0.8699351479840165	0.869935147984015
ENOG410XQ98	0.6844337388989343	-0.6844337388989336
ENOG410XQ9B	0.9165940584230537	-0.9165940584230526
ENOG410XQ9F	0.7962639502201175	-0.7962639502201168
ENOG410XQ9I	0.021294153228625764	-0.02129415322862597
ENOG410XQ9J	0.1564893623343963	-0.15648936233439656
ENOG410XQ9Q	-1.5086669770721701	1.5086669770721675
ENOG410XQA5	-0.895463414703058	0.8954634147030565
ENOG410XQAT	0.01933538680571297	-0.01933538680571318
ENOG410XQAX	1.0980637314175385	-1.0980637314175372
ENOG410XQBH	0.6452427960703457	-0.6452427960703452
ENOG410XQBS	0.07035796555285058	-0.0703579655528507
ENOG410XQBW	1.1619164778111508	-1.161916477811149
ENOG410XQC5	1.3628084506103268	-1.3628084506103253
ENOG410XQCC	-0.3163206292251436	0.31632062922514265
ENOG410XQD0	-1.2225920134716248	1.2225920134716224
ENOG410XQD1	1.574971827652421	-1.5749718276524192
ENOG410XQD7	-1.6724658567103026	1.6724658567102995
ENOG410XQDJ	1.6183868751241122	-1.61838687512411
ENOG410XQDU	-1.3362245813990057	1.3362245813990032
ENOG410XQE0	-0.8882187829776239	0.888218782977622
ENOG410XQE2	-1.427647819410087	1.4276478194100841
ENOG410XQE6	-0.59982419324905	0.5998241932490487
ENOG410XQE9	1.156865795057346	-1.1568657950573447
ENOG410XQEA	0.7620652609848536	-0.7620652609848525
ENOG410XQEC	0.8719201807871431	-0.8719201807871423
ENOG410XQEK	-1.4839224408574223	1.4839224408574196
ENOG410XQEV	1.5359309008836015	-1.5359309008835993
ENOG410XQF5	0.33453747905878484	-0.33453747905878456
ENOG410XQF9	-0.9023855018158299	0.9023855018158281
ENOG410XQFC	-1.272173444086805	1.2721734440868029
ENOG410XQFW	0.23776428715806852	-0.23776428715806838
ENOG410XQG1	0.023216321394168682	-0.023216321394168883
ENOG410XQG7	-1.0335382820410584	1.0335382820410566
ENOG410XQGC	0.45886213393812897	-0.4588621339381285
ENOG410XQH8	-0.13745252581765308	0.13745252581765238
ENOG410XQHH	-1.1435661516916165	1.1435661516916145
ENOG410XQHQ	1.5276185645885947	-1.5276185645885925
ENOG410XQHT	-0.5377539357168231	0.5377539357168217
ENOG410XQHZ	0.5563986191467846	-0.5563986191467843
ENOG410XQI4	0.9319428529271119	-0.9319428529271108
ENOG410XQIJ	-1.3395296925006641	1.3395296925006617
ENOG410XQK3	1.4400124135498207	-1.440012413549819
ENOG410XQK7	1.0567181096288922	-1.0567181096288911
ENOG410XQKC	0.8948838679721846	-0.8948838679721839
ENOG410XQKS	0.7793455498797603	-0.7793455498797599
ENOG410XQM3	0.7517507885291274	-0.7517507885291264
ENOG410XQMH	0.34119703133205304	-0.341197031332053
ENOG410XQMS	1.0163864521909867	-1.0163864521909853
ENOG410XQNE	0.2282051506004511	-0.2282051506004512
ENOG410XQNF	0.8592211698946975	-0.8592211698946967
ENOG410XQNQ	0.8078143387589976	-0.8078143387589966
ENOG410XQNY	1.0745216512241733	-1.0745216512241722
ENOG410XQP2	-0.09121682383890067	0.09121682383890053
ENOG410XQPN	0.7734786224875535	-0.7734786224875525
ENOG410XQPP	-0.8683304323145891	0.8683304323145875
ENOG410XQPQ	-0.6188965800764211	0.6188965800764198
ENOG410XQPS	-1.0437311512574738	1.043731151257472
ENOG410XQPU	-1.1600139057426802	1.160013905742678
ENOG410XQPV	-0.4618634944419242	0.461863494441923
ENOG410XQQI	1.3153067681034967	-1.3153067681034953
ENOG410XQQP	0.4237127706136467	-0.42371277061364626
ENOG410XQRC	-1.4096109471543596	1.4096109471543572
ENOG410XQRE	1.4064266056610943	-1.4064266056610928
ENOG410XQRQ	-1.209923384526089	1.209923384526087
ENOG410XQRU	-0.548527795601397	0.5485277956013956
ENOG410XQRW	0.31477764743806036	-0.31477764743805986
ENOG410XQS8	0.9599775626883364	-0.9599775626883356
ENOG410XQSG	0.30931077769917775	-0.30931077769917775
ENOG410XQSJ	1.3584024073588434	-1.3584024073588414
ENOG410XQSR	0.5261554446835282	-0.5261554446835278
ENOG410XQST	1.1271271688610762	-1.1271271688610744
ENOG410XQSV	0.08217870102061955	-0.08217870102061943
ENOG410XQSZ	0.3994121267286241	-0.3994121267286239
ENOG410XQT1	1.4013416846306985	-1.4013416846306967
ENOG410XQTC	-0.8142077886339143	0.8142077886339129
ENOG410XQTD	0.9620980696227994	-0.9620980696227982
ENOG410XQTE	0.23883133158391168	-0.2388313315839118
ENOG410XQTW	1.0785426728026024	-1.078542672802601
ENOG410XQUC	1.4514098585045019	-1.4514098585045
ENOG410XQUK	-0.07881109861480957	0.07881109861480921
ENOG410XQUR	1.197088371954457	-1.1970883719544556
ENOG410XQV2	0.18118979965841478	-0.18118979965841475
ENOG410XQVA	1.1931505054037101	-1.1931505054037088
ENOG410XQVC	0.9970985682201547	-0.9970985682201537
ENOG410XQVK	0.1205040391292612	-0.12050403912926101
ENOG410XQVS	-1.518032094931611	1.5180320949316086
ENOG410XQVW	-0.7613227886186776	0.7613227886186763
ENOG410XQW5	1.0658245331186205	-1.0658245331186196
ENOG410XQWF	0.37440523957562555	-0.37440523957562544
ENOG410XQWR	-0.54708881971544	0.5470888197154389
ENOG410XQWW	-0.9694708747028967	0.9694708747028948
ENOG410XQWY	0.49097391409399127	-0.490973914093991
ENOG410XQXV	0.9886971476435557	-0.9886971476435542
ENOG410XQYG	1.534400010953639	-1.534400010953637
ENOG410XQYI	-0.1998886635092562	0.19988866350925538
ENOG410XQYT	-0.8501131402398399	0.8501131402398381
ENOG410XQZA	-0.0806290475000837	0.08062904750008311
ENOG410XQZT	1.0643851295673692	-1.0643851295673676
ENOG410XR1B	0.5821370239676819	-0.5821370239676813
ENOG410XR1I	-0.22639484354048264	0.22639484354048206
ENOG410XR1U	0.2118508641992412	-0.21185086419924112
ENOG410XR2G	-1.9354933670845496	1.9354933670845462
ENOG410XR2K	-0.5830366240854333	0.583036624085432
ENOG410XR3B	0.20094147734800302	-0.20094147734800297
ENOG410XR3C	1.1465316790025433	-1.146531679002542
ENOG410XR3F	0.2574373878538012	-0.25743738785380105
ENOG410XR4R	0.5611819521221197	-0.5611819521221195
ENOG410XR51	-0.14350555030782391	0.14350555030782347
ENOG410XR53	-0.6160210462163045	0.616021046216303
ENOG410XR5C	0.5087666987836142	-0.5087666987836139
ENOG410XR5M	0.5074042656532457	-0.5074042656532449
ENOG410XR65	0.7123377125868708	-0.7123377125868705
ENOG410XR6V	1.5240902692517968	-1.5240902692517946
ENOG410XR78	-1.1165126041804831	1.116512604180481
ENOG410XR7Q	0.02595901943926384	-0.025959019439264038
ENOG410XR7W	1.202474829128241	-1.2024748291282392
ENOG410XR85	-0.5555043810255607	0.5555043810255593
ENOG410XR8K	-0.8600088335703616	0.8600088335703601
ENOG410XR99	1.5167189479216932	-1.5167189479216914
ENOG410XR9D	-0.003200596846186817	0.0032005968461865752
ENOG410XR9S	-0.16257369136008556	0.16257369136008507
ENOG410XRA0	-0.1330682186838075	0.13306821868380705
ENOG410XRA8	0.9846866637178534	-0.9846866637178524
ENOG410XRAD	-0.32411134267758807	0.3241113426775871
ENOG410XRAH	1.4939824162311226	-1.4939824162311202
ENOG410XRAN	0.4760636605503859	-0.4760636605503854
ENOG410XRAY	-0.4642688204570262	0.46426882045702506
ENOG410XRBE	-0.12575526987196192	0.12575526987196126
ENOG410XRC7	0.617039804032915	-0.6170398040329146
ENOG410XRCM	-0.522251521973673	0.522251521973672
ENOG410XRCP	-0.6035144039657128	0.6035144039657115
ENOG410XRCT	0.5914824054361901	-0.5914824054361897
ENOG410XRDA	0.38806192268213685	-0.38806192268213674
ENOG410XRDB	-1.201306037283168	1.201306037283166
ENOG410XRDH	-1.856486975558986	1.8564869755589826
ENOG410XRDJ	0.6496901312179311	-0.6496901312179307
ENOG410XRDW	1.0018727986045721	-1.001872798604571
ENOG410XREF	0.9748139314576886	-0.9748139314576872
ENOG410XRFF	1.408612015142609	-1.4086120151426078
ENOG410XRFP	0.7406759182617759	-0.740675918261775
ENOG410XRFS	-0.14851471356357138	0.14851471356357093
ENOG410XRFX	-0.12391201769094584	0.12391201769094518
ENOG410XRFZ	0.45422751777335874	-0.45422751777335824
ENOG410XRGD	-0.6867695558189103	0.6867695558189088
ENOG410XRGH	1.1356320765725976	-1.1356320765725962
ENOG410XRHT	1.6235112222386134	-1.6235112222386114
ENOG410XRHX	-1.601870132794281	1.6018701327942784
ENOG410XRI9	-0.1387751138701218	0.1387751138701216
ENOG410XRIM	-0.5406824442785408	0.5406824442785397
ENOG410XRJ1	-1.2857929752938941	1.285792975293892
ENOG410XRJG	0.7644112013944296	-0.7644112013944288
ENOG410XRK1	0.2346356795559008	-0.23463567955590092
ENOG410XRK4	1.2177991155151366	-1.2177991155151346
ENOG410XRK5	-0.05742467724601064	0.05742467724601008
ENOG410XRK8	0.09922780269146068	-0.09922780269146102
ENOG410XRKS	-1.5065064453264032	1.5065064453264005
ENOG410XRKV	-1.1716714198450602	1.171671419845058
ENOG410XRM2	0.3691381237976992	-0.3691381237976989
ENOG410XRMF	1.467079245181486	-1.467079245181484
ENOG410XRMQ	0.8634779463346732	-0.8634779463346719
ENOG410XRMV	-1.6333238236925298	1.6333238236925267
ENOG410XRMZ	-0.29828704586123295	0.2982870458612323
ENOG410XRNA	0.6984187994941167	-0.6984187994941161
ENOG410XRNC	1.3877906718973891	-1.3877906718973874
ENOG410XRNH	-1.5366792469317982	1.5366792469317956
ENOG410XRNM	-1.0029218239692395	1.0029218239692377
ENOG410XRNU	1.6658211358013073	-1.665821135801305
ENOG410XRP0	-0.14596283304183147	0.14596283304183078
ENOG410XRP2	1.625812427201865	-1.6258124272018626
ENOG410XRPD	0.9895999576912263	-0.9895999576912253
ENOG410XRPE	0.46740083065355564	-0.46740083065355564
ENOG410XRPN	-0.546157410810382	0.5461574108103807
ENOG410XRPP	-0.12666430567121245	0.126664305671212
ENOG410XRQ3	-1.2417582558737903	1.241758255873788
ENOG410XRQ4	-0.061578538328421084	0.061578538328420515
ENOG410XRQC	0.27168015513676175	-0.27168015513676136
ENOG410XRQD	-1.0584205531822146	1.0584205531822128
ENOG410XRQU	0.31114654645551193	-0.31114654645551165
ENOG410XRQY	-1.6651453388501274	1.665145338850124
ENOG410XRRH	1.7226850545687415	-1.7226850545687389
ENOG410XRRP	-1.1666520217398035	1.1666520217398015
ENOG410XRRR	-0.8421359348618489	0.8421359348618471
ENOG410XRRU	0.24627355056980513	-0.24627355056980546
ENOG410XRS1	-0.34750586928371124	0.34750586928371047
ENOG410XRS4	0.38699556748020403	-0.38699556748020364
ENOG410XRS7	-0.4749867232884587	0.47498672328845754
ENOG410XRSA	-0.7430924833767412	0.7430924833767398
ENOG410XRSI	0.08306339214321694	-0.08306339214321729
ENOG410XRSK	-0.48693175138099054	0.4869317513809896
ENOG410XRSS	-1.2566144983211118	1.2566144983211096
ENOG410XRT7	0.9382430255811772	-0.9382430255811764
ENOG410XRTM	-2.2045991598890406	2.2045991598890375
ENOG410XRTR	-2.0641228994056333	2.0641228994056293
ENOG410XRU0	0.715147375750063	-0.7151473757500627
ENOG410XRUF	0.6934263063105149	-0.6934263063105142
ENOG410XRUN	-0.7991620575960248	0.799162057596023
ENOG410XRV0	-1.531589333449168	1.531589333449165
ENOG410XRV2	-0.013484440070778637	0.013484440070777906
ENOG410XRV3	-0.26839105447138417	0.2683910544713833
ENOG410XRV6	-0.32565520839078715	0.32565520839078643
ENOG410XRV8	0.2997252823494563	-0.29972528234945606
ENOG410XRVN	-1.5973854493011077	1.597385449301105
ENOG410XRVP	1.665874261224595	-1.6658742612245931
ENOG410XRW2	-1.4749039467038474	1.4749039467038445
ENOG410XRWU	-0.9332597144557498	0.9332597144557482
ENOG410XRX8	1.6635203900255826	-1.6635203900255802
ENOG410XRY5	1.078545063866393	-1.0785450638663918
ENOG410XRYB	-1.1084195583650343	1.1084195583650323
ENOG410XRYC	-1.6763592006078605	1.6763592006078578
ENOG410XRZB	0.6075844301378704	-0.60758443013787
ENOG410XRZU	0.7280818459364927	-0.7280818459364918
ENOG410XS0E	1.3476910495132248	-1.347691049513223
ENOG410XS0I	-1.8030516467346467	1.8030516467346434
ENOG410XS0Q	0.9751554519791962	-0.9751554519791951
ENOG410XS0Z	-0.4852897559163833	0.4852897559163823
ENOG410XS1A	0.22203953590857248	-0.2220395359085726
ENOG410XS1S	-1.8429216061247975	1.8429216061247946
ENOG410XS1T	-1.2077655301470882	1.207765530147086
ENOG410XS1X	-1.2009361266542098	1.2009361266542073
ENOG410XS21	1.2525353284570664	-1.252535328457065
ENOG410XS2C	-1.0743448674996974	1.0743448674996954
ENOG410XS2E	0.7983860234919496	-0.7983860234919488
ENOG410XS3B	-1.0589033437036768	1.0589033437036748
ENOG410XS3N	0.6801988285747387	-0.6801988285747377
ENOG410XS3S	0.5861638608075768	-0.5861638608075761
ENOG410XS3W	1.0113560931156542	-1.011356093115653
ENOG410XS4I	0.004384372333050957	-0.0043843723330511866
ENOG410XS4R	-1.702272116648858	1.7022721166488552
ENOG410XS53	-1.399618788648987	1.3996187886489844
ENOG410XS58	-0.19579458019740878	0.19579458019740778
ENOG410XS5E	0.6640932070234158	-0.6640932070234148
ENOG410XS5X	0.4166089618726624	-0.4166089618726622
ENOG410XS66	0.4720723301782827	-0.4720723301782825
ENOG410XS6G	0.6540626886253283	-0.6540626886253276
ENOG410XS79	0.27812701481809865	-0.278127014818099
ENOG410XS7C	0.9985997553494466	-0.9985997553494455
ENOG410XS7M	-0.41787710108023746	0.41787710108023635
ENOG410XS87	1.005851762640937	-1.005851762640936
ENOG410XS8S	1.4793891723709578	-1.4793891723709556
ENOG410XS8T	0.5191571458628085	-0.5191571458628081
ENOG410XS9K	-0.6694860591670837	0.6694860591670825
ENOG410XSAD	1.7201016325724539	-1.720101632572451
ENOG410XSBE	-0.18895240589981024	0.1889524058998095
ENOG410XSBJ	-0.873558011759536	0.8735580117595344
ENOG410XSBZ	0.047891655448354366	-0.04789165544835477
ENOG410XSC7	0.9902551011505721	-0.9902551011505711
ENOG410XSCX	0.6558573084349232	-0.6558573084349222
ENOG410XSCY	0.7511927344925403	-0.7511927344925393
ENOG410XSD0	-0.5540837655897748	0.5540837655897737
ENOG410XSD4	-0.2805515095818124	0.28055150958181174
ENOG410XSDB	-0.0287564031905481	0.028756403190547584
ENOG410XSDI	0.9709603449319615	-0.9709603449319606
ENOG410XSDP	1.6913935948835062	-1.6913935948835042
ENOG410XSDQ	0.21034024178524463	-0.2103402417852448
ENOG410XSDW	-1.0479797037356842	1.0479797037356822
ENOG410XSEI	-1.2787122253299081	1.2787122253299061
ENOG410XSF7	-0.923558312084621	0.9235583120846191
ENOG410XSFI	0.1378173514823832	-0.13781735148238344
ENOG410XSFU	0.1564954345520891	-0.1564954345520891
ENOG410XSG5	-0.7141569821813365	0.7141569821813349
ENOG410XSGP	0.329105409889617	-0.3291054098896165
ENOG410XSGY	-0.7341503294330087	0.7341503294330074
ENOG410XSHB	1.5229432643094354	-1.5229432643094332
ENOG410XSHT	-2.0335617420592738	2.0335617420592698
ENOG410XSHU	-0.31077822480785405	0.31077822480785333
ENOG410XSHZ	0.11449056542063192	-0.11449056542063174
ENOG410XSID	-0.6750624597127302	0.6750624597127286
ENOG410XSIM	0.059973195877800235	-0.05997319587780038
ENOG410XSIT	-0.10232642430111527	0.10232642430111441
ENOG410XSJ8	1.613591012806226	-1.6135910128062243
ENOG410XSJU	-0.5283093004760455	0.5283093004760443
ENOG410XSK2	-0.007795994465277786	0.0077959944652777734
ENOG410XSK3	-1.957726149002275	1.9577261490022717
ENOG410XSK4	0.19714550571065712	-0.19714550571065728
ENOG410XSKU	1.5934287450062008	-1.593428745006198
ENOG410XSKX	-0.9066107315577715	0.9066107315577696
ENOG410XSMF	1.3771724964425804	-1.3771724964425787
ENOG410XSMW	0.14877694994317284	-0.14877694994317334
ENOG410XSN7	0.21262479998493955	-0.21262479998493972
ENOG410XSND	-0.30307335729218055	0.3030733572921798
ENOG410XSNI	-0.7189313189722529	0.7189313189722513
ENOG410XSNN	0.009361260114269335	-0.009361260114269557
ENOG410XSNZ	0.8175202187916764	-0.8175202187916754
ENOG410XSP9	0.8531141491406032	-0.8531141491406022
ENOG410XSPG	-0.3443170925722336	0.3443170925722326
ENOG410XSQB	0.5145354787305947	-0.5145354787305944
ENOG410XSQH	0.7940324645790631	-0.7940324645790622
ENOG410XSQM	-0.6530616905239569	0.6530616905239555
ENOG410XSQN	1.7054006374236805	-1.705400637423678
ENOG410XSRM	0.7299632115233555	-0.7299632115233546
ENOG410XSSD	-1.8919785780673581	1.8919785780673548
ENOG410XSSF	0.9792528933284987	-0.9792528933284974
ENOG410XST3	1.036613096905097	-1.0366130969050964
ENOG410XSTJ	-0.5850866982420636	0.5850866982420624
ENOG410XSTW	0.07592653339208905	-0.0759265333920894
ENOG410XSU0	-0.3013435617570317	0.30134356175703053
ENOG410XSU2	1.3902530298302174	-1.3902530298302154
ENOG410XSUA	1.0053212788639483	-1.005321278863947
ENOG410XSUS	-1.1201520075606417	1.1201520075606395
ENOG410XSV4	0.38821452020589803	-0.38821452020589764
ENOG410XSVA	-0.5176160493726746	0.5176160493726735
ENOG410XSVF	-0.22143451872071845	0.22143451872071765
ENOG410XSWR	0.7941923782066512	-0.7941923782066507
ENOG410XSX2	0.9685557072342386	-0.9685557072342378
ENOG410XSXG	0.3139556576166886	-0.3139556576166886
ENOG410XSXN	-0.18321349260762365	0.1832134926076229
ENOG410XSYT	0.7866249021754911	-0.7866249021754899
ENOG410XSZ9	-0.5976802159244129	0.5976802159244118
ENOG410XSZJ	-0.6963210229079676	0.6963210229079664
ENOG410XSZM	-0.10238873019485739	0.102388730194857
ENOG410XT00	0.9069325674992981	-0.9069325674992971
ENOG410XT0B	1.2827311309358518	-1.28273113093585
ENOG410XT0J	1.1479635984099164	-1.147963598409915
ENOG410XT14	0.9560857618099557	-0.9560857618099544
ENOG410XT1M	1.1183884332020846	-1.1183884332020835
ENOG410XT21	-1.2061238227116282	1.2061238227116262
ENOG410XT26	-0.5660352143665599	0.5660352143665588
ENOG410XT2P	-1.0681346541237793	1.068134654123777
ENOG410XT3D	1.1951398337406425	-1.1951398337406411
ENOG410XT3G	1.2020403212070752	-1.2020403212070732
ENOG410XT3I	0.8126719989073932	-0.8126719989073921
ENOG410XT3J	0.9057510849623198	-0.9057510849623188
ENOG410XT3Q	-1.2375250966572922	1.23752509665729
ENOG410XT3T	-0.42026111691771384	0.42026111691771273
ENOG410XT3V	-1.1845866606249407	1.1845866606249387
ENOG410XT3W	1.0312622367886786	-1.0312622367886772
ENOG410XT46	1.1013243140611568	-1.1013243140611557
ENOG410XT4D	1.4901231835533328	-1.4901231835533306
ENOG410XT4G	1.2814075720827474	-1.2814075720827458
ENOG410XT5H	-0.6021806844746355	0.6021806844746344
ENOG410XT5W	1.048000007028368	-1.0480000070283668
ENOG410XT63	-0.38772748686545566	0.38772748686545483
ENOG410XT66	-0.11208023839104632	0.11208023839104615
ENOG410XT7Q	-1.5663789095202763	1.5663789095202734
ENOG410XT7T	0.03254651447799185	-0.032546514477992276
ENOG410XT7W	-0.9869760034315929	0.9869760034315909
ENOG410XT83	1.1519440130979741	-1.1519440130979726
ENOG410XT8A	-0.5431521174302453	0.5431521174302442
ENOG410XT8Q	-0.5907967661266947	0.5907967661266935
ENOG410XT8S	-0.1781278197282562	0.17812781972825567
ENOG410XT98	0.8406968395558609	-0.8406968395558598
ENOG410XT9F	0.52291918334721	-0.5229191833472099
ENOG410XT9M	0.6290603220832236	-0.629060322083223
ENOG410XT9P	-0.906843950233029	0.9068439502330273
ENOG410XT9Q	-0.36157961283624185	0.36157961283624107
ENOG410XTAD	-0.5199698208545974	0.5199698208545964
ENOG410XTAF	-0.764425740918628	0.7644257409186266
ENOG410XTAM	0.2706562222841451	-0.27065622228414493
ENOG410XTCH	0.6149685705631567	-0.6149685705631562
ENOG410XTD7	-0.8140629277638524	0.8140629277638509
ENOG410XTD8	0.8537617102446231	-0.853761710244622
ENOG410XTDI	0.14711440925155148	-0.14711440925155148
ENOG410XTE1	-1.011111818562548	1.0111118185625463
ENOG410XTE8	0.5463709026936002	-0.5463709026935998
ENOG410XTE9	-1.0332913558882695	1.0332913558882675
ENOG410XTFC	1.2192123880026127	-1.2192123880026111
ENOG410XTGU	-0.8430553008872969	0.8430553008872953
ENOG410XTH0	0.38703807629190784	-0.38703807629190773
ENOG410XTHE	-1.491830740941071	1.491830740941068
ENOG410XTHF	-0.40219422619030315	0.4021942261903023
ENOG410XTIR	0.858505595265377	-0.858505595265376
ENOG410XTJ6	-0.3714828625926047	0.37148286259260366
ENOG410XTMC	-0.11321217216732217	0.11321217216732152
ENOG410XTMS	-2.1368251645975316	2.1368251645975276
ENOG410XTVV	1.4861773186667715	-1.4861773186667695
ENOG410XTWD	-0.6324748373008652	0.6324748373008637
ENOG410XU8G	-1.9375732454037933	1.9375732454037895
ENOG410XUAX	0.451145454859027	-0.4511454548590266
ENOG410XUAZ	-1.3550815703392383	1.355081570339236
ENOG410XUB6	-0.6798555262356274	0.6798555262356262
ENOG410XUBN	0.013479960918612324	-0.01347996091861254
ENOG410XUC3	1.275210804508869	-1.275210804508867
ENOG410XUCI	-1.9902823837523158	1.9902823837523123
ENOG410XUCQ	-0.8223824281001897	0.8223824281001881
ENOG410XUCS	-1.5362142982947231	1.5362142982947207
ENOG410XUCW	-0.42338508691753796	0.42338508691753685
ENOG410XUD3	-0.003313545815822893	0.0033135458158228877
ENOG410XUDT	0.5114221553930527	-0.5114221553930521
ENOG410XUEN	1.5218569457154931	-1.5218569457154916
ENOG410XUEY	-0.1587785207469776	0.15877852074697688
ENOG410XUF9	1.0404032610230378	-1.0404032610230367
ENOG410XUFZ	0.7018649908746246	-0.7018649908746235
ENOG410XUGJ	1.514270265705738	-1.514270265705736
ENOG410XUJM	-0.5363670191843648	0.5363670191843635
ENOG410XUMV	0.4474661635370207	-0.44746616353702046
ENOG410XUMX	-1.1410334564225828	1.1410334564225806
ENOG410XUN7	0.4721886477540624	-0.4721886477540619
ENOG410XUN9	1.180809693564441	-1.1808096935644397
ENOG410XUQ1	-0.7839036343481244	0.7839036343481229
ENOG410XUQG	1.113123529181138	-1.1131235291811368
ENOG410XUSB	1.0607080787025245	-1.0607080787025231
ENOG410XUST	-1.0590451483990913	1.0590451483990893
ENOG410XUSY	-0.9420786670517786	0.9420786670517767
ENOG410XUTM	-0.042681872772943504	0.04268187277294344
ENOG410XUTQ	-0.5731197452109401	0.5731197452109387
ENOG410XUTY	0.026403985261156282	-0.026403985261156716
ENOG410XUTZ	0.12550215176982785	-0.12550215176982812
ENOG410XUV1	-1.5770744187287389	1.5770744187287355
ENOG410XUV4	0.4295178456075012	-0.4295178456075008
ENOG410XUVJ	-0.3169317567105622	0.31693175671056123
ENOG410XUVW	-0.3273835433210456	0.3273835433210448
ENOG410XUWD	-1.2763552746696274	1.276355274669625
ENOG410XUWV	-1.506805408094803	1.5068054080948006
ENOG410XUX9	-0.6150598186993018	0.6150598186993004
ENOG410XUXE	0.4543025867187072	-0.4543025867187072
ENOG410XUXP	0.7711269890920339	-0.771126989092033
ENOG410XUY1	0.5795249044509612	-0.5795249044509607
ENOG410XUYN	1.5555245582563717	-1.5555245582563695
ENOG410XUYW	0.4423357067056748	-0.4423357067056748
ENOG410XUYX	-0.22792505882394387	0.22792505882394307
ENOG410XUZ1	1.6841842207010385	-1.684184220701036
ENOG410XV13	-1.7450839811473775	1.7450839811473744
ENOG410XV1P	0.48989967376639076	-0.4898996737663905
ENOG410XV1U	1.1625637304243635	-1.1625637304243621
ENOG410XV1V	-0.8568500303381115	0.8568500303381099
ENOG410XV35	-0.6382267277554556	0.6382267277554541
ENOG410XV3S	0.028063847669185214	-0.028063847669185404
ENOG410XV4V	0.33435720675330377	-0.33435720675330377
ENOG410XV5S	-1.4078903654284443	1.4078903654284418
ENOG410XV6C	0.7202017803670078	-0.7202017803670069
ENOG410XV6Q	1.0222484078624172	-1.022248407862416
ENOG410XV6R	-0.7034289673418024	0.7034289673418008
ENOG410XV6S	0.9305850682180736	-0.9305850682180725
ENOG410XV7P	0.06978938657375892	-0.06978938657375905
ENOG410XV97	1.1602044536847136	-1.1602044536847123
ENOG410XV98	1.5037554409443046	-1.503755440944303
ENOG410XV9Q	-0.6021197014513269	0.6021197014513258
ENOG410XVAX	0.14395288244292195	-0.1439528824429222
ENOG410XVBT	0.8101855269091667	-0.8101855269091661
ENOG410XVCE	-0.10925904981785109	0.10925904981785045
ENOG410XVCG	0.49866560434943685	-0.49866560434943613
ENOG410XVE6	-0.07755091800740783	0.07755091800740702
ENOG410XVET	-0.9365158033404464	0.9365158033404447
ENOG410XVEX	1.7217210986396922	-1.7217210986396907
ENOG410XVG9	0.2570449883587532	-0.2570449883587533
ENOG410XVGY	0.25129062783245076	-0.25129062783245065
ENOG410XVH9	-1.6771236868180226	1.6771236868180195
ENOG410XVMR	1.4275561225885125	-1.4275561225885112
ENOG410XVQR	-0.5470067829248991	0.5470067829248979
ENOG410XVSQ	-1.78506952062569	1.7850695206256868
ENOG410XVU3	1.1453614204226648	-1.1453614204226632
ENOG410XVYH	-1.1599727742988206	1.1599727742988184
ENOG410XVYV	-1.2965593065066938	1.2965593065066914
ENOG410XVZ9	-1.1561636121087384	1.1561636121087364
ENOG410XVZB	-1.0304585538949114	1.0304585538949096
ENOG410XW00	-0.27125682292390574	0.27125682292390485
ENOG410XW1D	-1.225733127423948	1.2257331274239458
ENOG410XW1S	-2.1048052233332766	2.104805223333273
ENOG410XW3I	0.36038846455320445	-0.3603884645532041
ENOG410XW3J	-0.18093388214249134	0.18093388214249034
ENOG410XW5Q	-0.07335314403937865	0.07335314403937805
ENOG410XW5U	-1.5902181129931567	1.5902181129931536
ENOG410XW8N	-1.2940525250650552	1.2940525250650528
ENOG410XWA5	0.352183079517531	-0.35218307951753064
ENOG410XWCG	0.18577762079666585	-0.1857776207966658
ENOG410XWEM	-1.102746890025833	1.1027468900258308
ENOG410XWEP	1.249989866810534	-1.2499898668105325
ENOG410XWG4	0.8336534239291307	-0.8336534239291298
ENOG410XWHE	0.0024234076971025235	-0.00242340769710252
ENOG410XWI1	1.2400796071752962	-1.2400796071752949
ENOG410XWID	-0.2005718972943069	0.20057189729430588
ENOG410XWJU	1.3251778923466222	-1.3251778923466209
ENOG410XWKU	-2.0899487686402307	2.089948768640227
ENOG410XWQG	1.5017439189960955	-1.5017439189960937
ENOG410XWRS	0.8875503906291845	-0.8875503906291838
ENOG410XWRZ	-0.15629374633480994	0.15629374633480944
ENOG410XWSH	-0.5167460787686228	0.5167460787686214
ENOG410XWU8	0.5468337915377838	-0.5468337915377834
ENOG410XWVU	0.8400760584497518	-0.8400760584497509
ENOG410XWX0	0.12220881639714506	-0.12220881639714534
ENOG410XWX7	0.183882802617501	-0.1838828026175012
ENOG410XWYF	0.8172824566134724	-0.8172824566134715
ENOG410XWZA	0.5278163786022231	-0.5278163786022225
ENOG410XX01	-1.1405310381509088	1.1405310381509068
ENOG410XX45	-1.554911482957987	1.554911482957984
ENOG410XX68	0.3840788791243752	-0.3840788791243751
ENOG410XX6B	0.8222029454877335	-0.8222029454877328
ENOG410XX6K	-0.85310860743223	0.8531086074322285
ENOG410XX6Q	0.25063564168185587	-0.2506356416818559
ENOG410XXGI	-0.9222788819531218	0.9222788819531201
ENOG410XXHT	-1.2259762241467567	1.2259762241467544
ENOG410XXIU	-0.05967051565082586	0.0596705156508253
ENOG410XXJV	1.5215503948186129	-1.5215503948186107
ENOG410XXK0	-0.3898175610060385	0.38981756100603765
ENOG410XXK3	-1.5183670515572836	1.5183670515572811
ENOG410XXK5	-1.720500698844274	1.720500698844271
ENOG410XXKJ	-1.5785388203373452	1.5785388203373425
ENOG410XXMB	-0.4231204559565017	0.42312045595650083
ENOG410XXQW	0.09161325124552336	-0.09161325124552369
ENOG410XXTQ	1.0342642478329664	-1.0342642478329656
ENOG410XXTX	0.7874453640344186	-0.7874453640344179
ENOG410XXVB	-0.06941045713182342	0.06941045713182308
ENOG410XXX8	1.1156014322627557	-1.115601432262754
ENOG410XXXP	1.480040116959139	-1.4800401169591373
ENOG410XXY3	0.9119792680921611	-0.91197926809216
ENOG410XXYA	-0.03960511045439651	0.039605110454396214
ENOG410XY19	0.26723430430978656	-0.2672343043097869
ENOG410XY1F	1.1029545492377382	-1.102954549237737
ENOG410XY1R	0.24209001596147256	-0.24209001596147242
ENOG410XY2D	-0.8001968245301001	0.8001968245300985
ENOG410XY33	0.40578409672662863	-0.40578409672662846
ENOG410XY7J	1.492144874720655	-1.492144874720653
ENOG410XY7V	0.48247552633720686	-0.4824755263372066
ENOG410XY8U	-1.4918996425480067	1.4918996425480042
ENOG410XYD5	0.3851410724203854	-0.3851410724203848
ENOG410XYEZ	0.6113744435818228	-0.6113744435818218
ENOG410XYH3	-0.0706936990215227	0.07069369902152212
ENOG410XYNV	-1.0805758190887877	1.0805758190887857
ENOG410XYP6	-2.181971178391334	2.18197117839133
ENOG410XYPB	-0.351602429888487	0.3516024298884862
ENOG410XYX0	-2.0894151525519438	2.0894151525519398
ENOG410XYZ9	1.2044698323512693	-1.2044698323512677
ENOG410XYZS	-0.6599443632804328	0.6599443632804313
ENOG410XZ1C	-1.1464606501306764	1.1464606501306742
ENOG410XZ29	0.4646048336556271	-0.4646048336556269
ENOG410XZ3T	-1.7797085255844118	1.779708525584409
ENOG410XZ4Z	0.6163369615294914	-0.6163369615294906
ENOG410XZ8R	-0.615811328093435	0.6158113280934335
ENOG410XZ98	-1.1271498410978031	1.1271498410978011
ENOG410XZ9N	0.7381492704116598	-0.7381492704116589
ENOG410XZBD	1.2525488629010388	-1.2525488629010373
ENOG410XZC6	0.28972680210973273	-0.2897268021097325
ENOG410XZM9	0.20453344003542503	-0.20453344003542473
ENOG410XZR5	0.7497840322828344	-0.7497840322828335
ENOG410XZT0	1.2581900898475586	-1.2581900898475575
ENOG410XZTD	-1.0517479530489602	1.0517479530489582
ENOG410XZXD	0.6216565654513221	-0.6216565654513212
ENOG410Y01S	0.05741741042700159	-0.057417410427001735
ENOG410Y077	1.1144095628243869	-1.1144095628243855
ENOG410Y07X	1.0266476275692284	-1.0266476275692273
ENOG410Y080	-0.9743990465037435	0.9743990465037417
ENOG410Y085	-0.699435532335818	0.6994355323358165
ENOG410Y09H	-0.21007242647311544	0.21007242647311514
ENOG410Y09Q	-1.5519359574424678	1.551935957442465
ENOG410Y0B5	1.1543004053188508	-1.154300405318849
ENOG410Y0F8	-1.2898098180783213	1.2898098180783188
ENOG410Y0FB	0.3521303899375244	-0.3521303899375241
ENOG410Y0GE	-1.3274369501426486	1.3274369501426464
ENOG410Y0I2	-0.07217898962921643	0.07217898962921608
ENOG410Y0IZ	0.8713888330620082	-0.8713888330620069
ENOG410Y0KE	0.9242017693936944	-0.9242017693936929
ENOG410Y0M7	-1.3042349384809022	1.3042349384808996
ENOG410Y0QZ	-1.5475270770634624	1.5475270770634597
ENOG410Y0U6	0.6552470295098579	-0.6552470295098574
ENOG410Y0UR	1.7092717976177028	-1.7092717976177008
ENOG410Y0VY	1.1798626824343013	-1.1798626824343
ENOG410Y0YW	-0.18353639498039626	0.18353639498039573
ENOG410Y12I	1.0289401704830865	-1.0289401704830854
ENOG410Y14K	0.3556977219751492	-0.3556977219751489
ENOG410Y18H	1.5992783656196854	-1.5992783656196834
ENOG410Y1BX	1.6355467953756808	-1.6355467953756788
ENOG410Y1E4	1.6054489346613916	-1.6054489346613894
ENOG410Y1GY	0.28016555409994587	-0.2801655540999459
ENOG410Y1H4	0.636663849640418	-0.6366638496404176
ENOG410Y1HH	-0.13621837016337537	0.13621837016337493
ENOG410Y1MA	0.4757703664028774	-0.4757703664028769
ENOG410Y1NG	-1.1520489291240337	1.1520489291240317
ENOG410Y1UE	1.4030879056943542	-1.4030879056943522
ENOG410Y1VW	0.3707533324290277	-0.37075333242902764
ENOG410Y1XP	0.18129951300684607	-0.18129951300684627
ENOG410Y1YY	1.1966365540082704	-1.196636554008269
ENOG410Y20W	0.25642829369773024	-0.25642829369773007
ENOG410Y2DY	1.2779947895455066	-1.277994789545505
ENOG410Y2EA	-1.2677702767021137	1.2677702767021117
ENOG410Y2ID	0.13741449195639047	-0.13741449195639072
ENOG410Y2JJ	-0.7738120817354179	0.7738120817354165
ENOG410Y2SR	0.10968390731427632	-0.10968390731427616
ENOG410Y2VY	0.7289726293872643	-0.7289726293872634
ENOG410Y2XH	1.1227000908112756	-1.1227000908112743
ENOG410Y2XW	0.29162838250018025	-0.29162838250018003
ENOG410Y2YQ	1.5130321503475324	-1.5130321503475301
ENOG410Y311	0.8697376980646191	-0.8697376980646182
ENOG410Y34J	-0.22029522509162705	0.220295225091626
ENOG410Y37D	-0.920697016583724	0.9206970165837222
ENOG410Y3C5	0.48562474948138373	-0.48562474948138346
ENOG410Y3CA	0.726353373516041	-0.7263533735160401
ENOG410Y3E1	-1.4460745282570477	1.4460745282570449
ENOG410Y3IT	1.511407610089843	-1.5114076100898413
ENOG410Y3J8	1.2320459209058214	-1.23204592090582
ENOG410Y3JR	1.1839543507848287	-1.1839543507848274
ENOG410Y3KM	0.9527990183652685	-0.9527990183652675
ENOG410Y3MC	1.1496524065924711	-1.1496524065924694
ENOG410Y3RG	0.5112344488608606	-0.51123444886086
ENOG410Y3SX	-0.975920984056597	0.975920984056595
ENOG410Y3V4	0.8072827919211703	-0.8072827919211695
ENOG410Y41G	1.5701409587364346	-1.5701409587364334
ENOG410Y422	0.5345707348460274	-0.5345707348460272
ENOG410Y441	0.2585985565089531	-0.2585985565089534
ENOG410Y44Z	-0.7079366080456397	0.7079366080456381
ENOG410Y46N	1.3593150573720514	-1.3593150573720498
ENOG410Y48Z	1.2252454557025567	-1.2252454557025547
ENOG410Y4AA	-0.4147292222773203	0.4147292222773192
ENOG410Y4CW	0.534441450640202	-0.5344414506402017
ENOG410Y4D6	1.1009230572530473	-1.1009230572530457
ENOG410Y4FC	-0.25289168178045496	0.25289168178045407
ENOG410Y4GZ	-1.4063519256667378	1.4063519256667354
ENOG410Y4H9	-1.6246094965340692	1.6246094965340658
ENOG410Y4ID	-1.3735111293144298	1.3735111293144275
ENOG410Y4JT	-0.003545456901281352	0.00354545690128111
ENOG410Y4M2	-0.347323706842338	0.3473237068423372
ENOG410Y4RG	0.9954564155630631	-0.9954564155630617
ENOG410Y4S2	1.7361051016390336	-1.7361051016390314
ENOG410Y4SM	1.4023358863515747	-1.4023358863515731
ENOG410Y4SU	1.3018770313581538	-1.3018770313581527
ENOG410Y4TW	0.27102970328589426	-0.2710297032858943
ENOG410Y4V2	-0.561568938058406	0.5615689380584047
ENOG410Y4VX	0.759838419703303	-0.7598384197033023
ENOG410Y4VZ	0.8084729217343617	-0.8084729217343608
ENOG410Y4W7	0.465669435837574	-0.4656694358375735
ENOG410Y4XD	-0.4076008621487056	0.4076008621487047
ENOG410Y4YN	1.3659350946047537	-1.3659350946047522
ENOG410Y57B	0.7418803565778221	-0.7418803565778215
ENOG410Y57R	-0.30088733919881827	0.30088733919881755
ENOG410Y58E	-0.5148057591202809	0.5148057591202798
ENOG410Y59Y	1.0291515744286523	-1.0291515744286515
ENOG410Y5GI	-0.8586928926564323	0.8586928926564308
ENOG410Y5Q5	0.32325863688373574	-0.32325863688373546
ENOG410Y5V7	1.465226296584218	-1.4652262965842167
ENOG410Y5WY	0.531126737453892	-0.5311267374538915
ENOG410Y5Y8	-0.4667235107747019	0.4667235107747009
ENOG410Y63T	-0.43639885566461606	0.4363988556646149
ENOG410Y6DZ	1.679525972444385	-1.6795259724443836
ENOG410Y6G5	0.9884966031778175	-0.9884966031778162
ENOG410Y6HR	0.13746328520896028	-0.1374632852089603
ENOG410Y6KY	0.3070124894143092	-0.3070124894143092
ENOG410Y6RZ	1.3183090968351487	-1.3183090968351479
ENOG410Y6VM	1.2578178237505946	-1.2578178237505933
ENOG410Y6X8	-1.6495316664333866	1.649531666433384
ENOG410Y70M	0.6633420019498725	-0.6633420019498721
ENOG410Y71B	-0.42676867593470785	0.42676867593470674
ENOG410Y722	0.8764309329564414	-0.8764309329564403
ENOG410Y73Q	-1.1139292335344873	1.1139292335344853
ENOG410Y775	0.039164842050841545	-0.03916484205084196
ENOG410Y77C	-0.970003529035235	0.9700035290352333
ENOG410Y7CB	1.4909606706918577	-1.4909606706918552
ENOG410Y7H9	-0.265479434288144	0.26547943428814286
ENOG410Y7HB	-0.7208192675781888	0.7208192675781873
ENOG410Y7PK	1.3094361796761487	-1.3094361796761471
ENOG410Y7U8	0.7731609080465577	-0.7731609080465568
ENOG410Y7W1	0.8356990204111406	-0.8356990204111399
ENOG410Y81N	0.8032919138057083	-0.8032919138057074
ENOG410Y83C	1.1461708219384517	-1.1461708219384499
ENOG410Y87T	-0.3936236892351962	0.39362368923519514
ENOG410Y8BB	-0.5084703187010804	0.5084703187010794
ENOG410Y8E8	0.5132061521868639	-0.5132061521868634
ENOG410Y8FG	0.9368334509871437	-0.9368334509871427
ENOG410Y8GF	1.0445546372187742	-1.0445546372187728
ENOG410Y8IR	0.16157422868051363	-0.16157422868051385
ENOG410Y8XY	-1.4098812529292841	1.4098812529292817
ENOG410Y91S	1.1236386064974415	-1.1236386064974402
ENOG410Y921	-1.105181215738154	1.105181215738152
ENOG410Y96N	0.9597886369040138	-0.9597886369040126
ENOG410Y96Y	-0.1809723028994994	0.18097230289949862
ENOG410Y97H	-0.1341430466869866	0.13414304668698615
ENOG410Y99P	-0.3146284213443711	0.31462842134437013
ENOG410Y9B6	0.4196814477345134	-0.419681447734513
ENOG410Y9CE	0.7522793560299923	-0.7522793560299916
ENOG410Y9EQ	-0.6322759680416215	0.63227596804162
ENOG410Y9EZ	-1.5928859320171784	1.5928859320171753
ENOG410Y9GF	0.4602506281589564	-0.4602506281589557
ENOG410Y9GZ	0.8161736554587472	-0.8161736554587464
ENOG410Y9I9	1.1702010623711019	-1.1702010623711003
ENOG410Y9IM	-0.5988758395758117	0.5988758395758106
ENOG410Y9JJ	-1.787370838802361	1.787370838802358
ENOG410Y9KI	1.2549631749993269	-1.2549631749993253
ENOG410Y9KP	1.3733147789401297	-1.373314778940128
ENOG410Y9P0	0.7406809295996171	-0.7406809295996164
ENOG410Y9PG	1.6330013010888982	-1.6330013010888962
ENOG410Y9RX	0.3511360537379219	-0.3511360537379216
ENOG410Y9SW	1.5721482437099177	-1.572148243709916
ENOG410Y9TS	1.1501836989588092	-1.150183698958808
ENOG410Y9VJ	-0.15497523839063512	0.1549752383906344
ENOG410Y9ZI	-1.543609838536525	1.543609838536522
ENOG410YA1K	-0.19476806197141383	0.19476806197141328
ENOG410YA44	-0.055697598930752816	0.05569759893075226
ENOG410YA4G	-1.8643378727510609	1.8643378727510576
ENOG410YA5P	-0.7822124441534033	0.7822124441534016
ENOG410YA70	-0.4236658470541903	0.4236658470541894
ENOG410YA87	-0.9173999706199047	0.9173999706199031
ENOG410YA9M	-1.5642912585163382	1.5642912585163355
ENOG410YABJ	-1.5630489178775782	1.5630489178775755
ENOG410YAD8	-0.7947505937531701	0.7947505937531686
ENOG410YAEF	1.0692228395528018	-1.0692228395528003
ENOG410YAF1	1.0433192589656282	-1.043319258965627
ENOG410YAFU	-1.1034871629927407	1.1034871629927385
ENOG410YAGR	-2.1091124484199697	2.1091124484199657
ENOG410YAIS	0.2693942389667404	-0.26939423896674
ENOG410YAJ1	-0.08170323716315589	0.08170323716315553
ENOG410YAJ5	0.6035803861990857	-0.6035803861990853
ENOG410YAN2	-0.5143065572995403	0.5143065572995393
ENOG410YANC	0.13547233953866267	-0.13547233953866247
ENOG410YARX	1.5818637524975696	-1.5818637524975683
ENOG410YASD	-0.057258468204834705	0.05725846820483438
ENOG410YATZ	-0.006944427538488777	0.0069444275384882926
ENOG410YAYK	0.8707318318291066	-0.8707318318291057
ENOG410YB0Q	-0.3108814264629773	0.31088142646297656
ENOG410YB1Q	-1.1156921994573545	1.1156921994573525
ENOG410YB49	-1.0546943045690589	1.0546943045690569
ENOG410YB68	1.6246703993183604	-1.624670399318359
ENOG410YB8E	0.5576686402021573	-0.5576686402021572
ENOG410YB8J	0.5739334359566759	-0.5739334359566753
ENOG410YBE7	-1.9299032605141428	1.9299032605141395
ENOG410YBF1	-0.45531162808937364	0.45531162808937276
ENOG410YBF7	-1.8875149282803965	1.8875149282803927
ENOG410YBJ6	1.119190190977975	-1.1191901909779736
ENOG410YBKA	1.784871271629476	-1.784871271629474
ENOG410YBKS	0.24293155568370192	-0.24293155568370178
ENOG410YBQA	0.2695277069815431	-0.26952770698154316
ENOG410YBQR	-0.23246217088115967	0.23246217088115909
ENOG410YBQW	-0.652426059326413	0.6524260593264117
ENOG410YBRR	1.5127364184510657	-1.5127364184510634
ENOG410YBU9	0.3124844665812839	-0.3124844665812834
ENOG410YBY3	0.9442145082173758	-0.944214508217375
ENOG410YBYI	-1.3664480285848222	1.36644802858482
ENOG410YC3V	1.5187137445741459	-1.518713744574144
ENOG410YC5X	-0.27317660373403696	0.27317660373403607
ENOG410YC6B	0.5148888024487954	-0.5148888024487951
ENOG410YC7V	1.0668508358598434	-1.066850835859842
ENOG410YC8I	0.741218876174853	-0.741218876174852
ENOG410YCB3	-0.32012730216624574	0.3201273021662448
ENOG410YCB7	-0.12018387301959954	0.12018387301959936
ENOG410YCB9	-0.20429022191928817	0.2042902219192876
ENOG410YCBF	-0.822011496909155	0.8220114969091535
ENOG410YCCC	0.9320318456873133	-0.9320318456873121
ENOG410YCCZ	0.6662533786346424	-0.6662533786346414
ENOG410YCJF	1.0082724952844888	-1.0082724952844875
ENOG410YCNS	1.3427306784829793	-1.3427306784829782
ENOG410YCQ8	-1.7176412163518955	1.7176412163518924
ENOG410YCRD	0.42224872651889234	-0.4222487265188924
ENOG410YCUM	-0.1835364820203017	0.1835364820203007
ENOG410YCVN	1.5029909716090526	-1.5029909716090504
ENOG410YCXJ	0.09420432966268567	-0.09420432966268577
ENOG410YD01	1.116348617612423	-1.1163486176124218
ENOG410YD0D	1.356471693656499	-1.3564716936564971
ENOG410YD0X	0.7077023030240223	-0.7077023030240214
ENOG410YD37	0.40385584898189686	-0.40385584898189675
ENOG410YD3Z	1.2021601766104482	-1.2021601766104468
ENOG410YD4V	1.0156793081916973	-1.0156793081916962
ENOG410YD62	0.9581610709197909	-0.9581610709197896
ENOG410YD7D	0.08894569047246842	-0.08894569047246852
ENOG410YDBB	-0.9259723417453202	0.9259723417453185
ENOG410YDCP	0.5704288971392165	-0.570428897139216
ENOG410YDF2	-0.7234248835274945	0.7234248835274931
ENOG410YDFB	0.917208694670391	-0.9172086946703903
ENOG410YDIQ	0.7746067904066241	-0.7746067904066235
ENOG410YDKG	0.7203180191198849	-0.720318019119884
ENOG410YDPZ	1.2394530324902935	-1.2394530324902922
ENOG410YDSF	0.03463962170322521	-0.034639621703225626
ENOG410YDWC	0.9727772843311457	-0.9727772843311447
ENOG410YDXY	-1.4119871529438746	1.4119871529438721
ENOG410YE3A	0.9091262147805128	-0.9091262147805117
ENOG410YE3I	-0.7800474146529408	0.7800474146529394
ENOG410YE6B	-0.39015559072711686	0.39015559072711603
ENOG410YEAQ	1.6652687161313249	-1.6652687161313233
ENOG410YECS	1.2024385785128329	-1.2024385785128315
ENOG410YECY	0.12002172557600929	-0.12002172557600935
ENOG410YEET	0.6455589575594913	-0.6455589575594906
ENOG410YEF4	0.9517512165373838	-0.9517512165373828
ENOG410YEGC	-1.5276103551838054	1.5276103551838025
ENOG410YEGH	-1.9126341125435045	1.912634112543501
ENOG410YEI3	0.46521546245559536	-0.46521546245559486
ENOG410YEJ0	-1.1443587777821087	1.1443587777821065
ENOG410YEK0	0.6888387745023431	-0.6888387745023421
ENOG410YEKU	0.21404267588823256	-0.21404267588823295
ENOG410YEPB	0.9015353882023539	-0.9015353882023528
ENOG410YESU	0.04438621598269995	-0.044386215982700594
ENOG410YEXF	-0.5928798114229011	0.5928798114228997
ENOG410YEY3	-0.0896919316746732	0.08969193167467282
ENOG410YF1S	-0.9916424670064836	0.9916424670064816
ENOG410YF1T	0.3491811202160164	-0.3491811202160161
ENOG410YF4U	-1.0674370290946669	1.0674370290946649
ENOG410YF83	-0.2684610083281549	0.268461008328154
ENOG410YF8F	1.416494743223301	-1.4164947432232993
ENOG410YF90	-1.0960607850898516	1.0960607850898496
ENOG410YFA2	1.3285883084530172	-1.3285883084530155
ENOG410YFAH	-0.5341093112485105	0.5341093112485091
ENOG410YFAW	0.7250130603945398	-0.7250130603945392
ENOG410YFBF	-0.3114892460907795	0.31148924609077877
ENOG410YFH5	0.5364667745492879	-0.5364667745492876
ENOG410YFHM	0.46886157292094444	-0.46886157292094416
ENOG410YFPN	-0.6166071508644617	0.6166071508644605
ENOG410YFRD	0.8138217044347035	-0.8138217044347026
ENOG410YFW1	1.097833452356521	-1.0978334523565196
ENOG410YFZR	-1.1727430608164096	1.1727430608164073
ENOG410YG7B	-0.6583561956282825	0.658356195628281
ENOG410YGA3	-0.3023037506463262	0.30230375064632553
ENOG410YGBQ	1.652406961904463	-1.6524069619044608
ENOG410YGIG	0.02580464640231396	-0.025804646402314634
ENOG410YGJ0	-1.5786424160678536	1.5786424160678507
ENOG410YGPB	-0.7103772180986335	0.7103772180986322
ENOG410YGSK	-0.5893526710287982	0.5893526710287971
ENOG410YGUE	-0.7276436553474068	0.7276436553474055
ENOG410YH0R	1.1555542253811084	-1.1555542253811069
ENOG410YH0U	-0.6300329402521904	0.6300329402521893
ENOG410YH4C	0.7527788174133204	-0.7527788174133198
ENOG410YH79	0.279875051078413	-0.2798750510784128
ENOG410YHC9	0.8922924585278664	-0.8922924585278655
ENOG410YHEH	0.40998394170768643	-0.40998394170768604
ENOG410YHNP	0.849071637049813	-0.8490716370498124
ENOG410YHNX	-0.6968872550460681	0.6968872550460666
ENOG410YHP1	-0.3509662827355369	0.35096628273553615
ENOG410YHRH	-0.9488044943649089	0.948804494364907
ENOG410YHXM	0.6269525800099369	-0.6269525800099364
ENOG410YHXQ	0.2432041148774563	-0.24320411487745616
ENOG410YI0P	-0.495580872665536	0.4955808726655348
ENOG410YI8N	-0.20394987821535168	0.20394987821535138
ENOG410YI97	0.5500328524579554	-0.5500328524579549
ENOG410YIBA	-0.28269177612312946	0.2826917761231283
ENOG410YICK	-1.8125791975059866	1.8125791975059837
ENOG410YIF1	1.2084910818541073	-1.2084910818541057
ENOG410YIFQ	1.5305515847693076	-1.5305515847693054
ENOG410YIHG	-1.3419306727925484	1.341930672792546
ENOG410YIHP	0.3816646346423936	-0.38166463464239325
ENOG410YIHX	-1.5863796222437185	1.5863796222437159
ENOG410YII6	-1.0428054608053385	1.0428054608053368
ENOG410YIJR	0.7682671727765109	-0.7682671727765099
ENOG410YIPF	0.27741977684436625	-0.27741977684436586
ENOG410YIWC	0.3401276733042122	-0.3401276733042116
ENOG410YIY1	-0.14863772324680394	0.1486377232468035
ENOG410YIY4	-0.6056826035872306	0.6056826035872293
ENOG410YJ5R	1.3224859140469822	-1.3224859140469807
ENOG410YJ8Z	1.5934840978876863	-1.5934840978876839
ENOG410YJAQ	-0.6700817495424077	0.6700817495424062
ENOG410YJGU	1.3432103620151845	-1.3432103620151827
ENOG410YJQP	-1.6132258933701034	1.6132258933701005
ENOG410YJZH	-0.32078936251997076	0.32078936251996976
ENOG410YJZK	0.2472158036542047	-0.2472158036542048
ENOG410YK30	-0.2585673652198867	0.25856736521988605
ENOG410YK8C	0.46267326531885267	-0.46267326531885195
ENOG410YK8K	1.2635672640410949	-1.2635672640410935
ENOG410YKIR	0.07240763649373529	-0.07240763649373565
ENOG410YKVF	1.352644876369711	-1.3526448763697096
ENOG410YM3G	0.4810902363439489	-0.4810902363439481
ENOG410YM6M	1.3426118512287855	-1.342611851228784
ENOG410YMCE	-1.2359181779731998	1.2359181779731978
ENOG410YMEQ	0.5752150477976856	-0.5752150477976847
ENOG410YMGN	-0.17598037463733354	0.17598037463733282
ENOG410YMMR	-0.1890963912144787	0.18909639121447816
ENOG410YMQ5	1.3646637217950448	-1.3646637217950432
ENOG410YMSV	0.07089342823283537	-0.0708934282328355
ENOG410YMTX	-0.8823681972903741	0.8823681972903723
ENOG410YMZ8	0.8988776178663311	-0.89887761786633
ENOG410YMZM	-0.8427555200181096	0.8427555200181078
ENOG410YN4C	1.0406569509424979	-1.0406569509424966
ENOG410YN5U	1.7431624967867199	-1.7431624967867176
ENOG410YNB4	-1.3661843308558876	1.3661843308558852
ENOG410YNEA	1.7412788599551483	-1.7412788599551459
ENOG410YNH5	0.8049624241926151	-0.8049624241926141
ENOG410YNKY	0.4655276012915609	-0.4655276012915604
ENOG410YNMS	1.4526933168674299	-1.4526933168674285
ENOG410YNQF	-0.4283632851859273	0.4283632851859264
ENOG410YP0W	0.8526619067304371	-0.8526619067304363
ENOG410YP36	1.2619070306474374	-1.2619070306474354
ENOG410YP8I	0.7395448772737658	-0.7395448772737652
ENOG410YPAE	0.6009692313222593	-0.6009692313222584
ENOG410YPG6	0.32496393092079606	-0.32496393092079584
ENOG410YPIJ	0.8849748696860543	-0.884974869686053
ENOG410YPRW	0.3536967152188271	-0.35369671521882684
ENOG410YPVN	-1.7527788792406618	1.7527788792406582
ENOG410YPW2	0.7049502136150976	-0.7049502136150969
ENOG410YPXC	-1.2202240719074064	1.2202240719074045
ENOG410YPZX	-0.9588674880907149	0.9588674880907131
ENOG410YQ1G	-0.12148674256378143	0.12148674256378124
ENOG410YQ2R	-1.020260530324346	1.0202605303243442
ENOG410YQ52	0.8647264599990568	-0.8647264599990557
ENOG410YQCD	1.3441896060571978	-1.3441896060571963
ENOG410YQFE	1.1138326021225173	-1.1138326021225156
ENOG410YQIC	0.3944948279853745	-0.3944948279853739
ENOG410YQK2	1.3224811533077823	-1.322481153307781
ENOG410YQNJ	0.8437616045466424	-0.8437616045466412
ENOG410YQP8	1.1927496018329453	-1.192749601832944
ENOG410YQUG	0.28122593127912526	-0.2812259312791251
ENOG410YQWJ	-1.4809057766658658	1.4809057766658629
ENOG410YQWW	0.079961697322	-0.07996169732200034
ENOG410YR3P	-0.5063806146242508	0.5063806146242498
ENOG410YR80	0.8491984897406871	-0.849198489740686
ENOG410YR94	-1.3105819155934275	1.3105819155934253
ENOG410YRA6	1.0563829174075192	-1.056382917407518
ENOG410YRIH	0.6527196973623053	-0.6527196973623045
ENOG410YRPW	0.053744040311576514	-0.0537440403115769
ENOG410YS2G	-0.8811976105653497	0.8811976105653481
ENOG410YSDZ	0.1579662735786708	-0.15796627357867127
ENOG410YSG6	1.116269614066344	-1.1162696140663426
ENOG410YSGI	1.213004125022492	-1.2130041250224908
ENOG410YSKJ	-1.007849390883668	1.0078493908836663
ENOG410YSQC	0.8238480324439319	-0.8238480324439311
ENOG410YSTJ	-0.5788630690459738	0.5788630690459725
ENOG410YSVQ	1.1877199678895094	-1.1877199678895078
ENOG410YT1V	1.1126274938923537	-1.1126274938923526
ENOG410YT47	1.3574866509745123	-1.35748665097451
ENOG410YT9X	-1.2054084213041871	1.2054084213041847
ENOG410YTB7	-1.7726069525636439	1.772606952563641
ENOG410YTCU	-0.320554116844729	0.3205541168447283
ENOG410YTHE	-0.8731929853375245	0.873192985337523
ENOG410YTTA	-0.11947590320973983	0.11947590320973941
ENOG410YTWT	-0.8584451507728552	0.8584451507728535
ENOG410YU1D	1.2906004965052231	-1.2906004965052216
ENOG410YU6C	0.9961411873401261	-0.9961411873401251
ENOG410YUCE	-0.6372085707496082	0.637208570749607
ENOG410YUCG	0.8624101267308961	-0.8624101267308951
ENOG410YUED	0.265882054694064	-0.2658820546940643
ENOG410YUG3	1.3802392398061731	-1.3802392398061714
ENOG410YUH9	1.01834051723972	-1.0183405172397186
ENOG410YUUC	-1.423017156969719	1.4230171569697165
ENOG410YUXZ	0.7186283469911672	-0.7186283469911665
ENOG410YV3D	-1.5784301800251288	1.5784301800251257
ENOG410YV46	0.7210577787089925	-0.7210577787089918
ENOG410YV5X	1.499699168955509	-1.4996991689555064
ENOG410YVPT	-1.846414518673178	1.8464145186731746
ENOG410YVWS	1.4910179109498474	-1.4910179109498456
ENOG410YW14	1.1341959518630214	-1.1341959518630202
ENOG410YW8U	0.9723110982935455	-0.9723110982935443
ENOG410YWBS	0.8640139331530908	-0.8640139331530899
ENOG410YWC4	0.8133634320837847	-0.8133634320837839
ENOG410YWDD	-0.3292784971529746	0.32927849715297364
ENOG410YWJ4	-0.07725106034464566	0.07725106034464531
ENOG410YWSW	-0.5187762342480423	0.5187762342480413
ENOG410YWUE	0.9264419716577695	-0.9264419716577688
ENOG410YX5C	0.48178459016840974	-0.48178459016840924
ENOG410YX6Y	-0.8808601795672066	0.8808601795672049
ENOG410YXDJ	0.24745865398259406	-0.2474586539825939
ENOG410YXFD	0.6401530159621039	-0.6401530159621033
ENOG410YXI9	0.8236810276536426	-0.8236810276536415
ENOG410YXSE	0.09736862471463989	-0.09736862471464022
ENOG410YXV5	-1.0687164437276084	1.0687164437276064
ENOG410YY0N	-1.6291280332494171	1.629128033249414
ENOG410YYF9	-0.8388980054814569	0.8388980054814553
ENOG410YYGA	1.0829086838561348	-1.082908683856134
ENOG410YYQS	-0.375371552512513	0.37537155251251214
ENOG410YYX0	0.09342623020889063	-0.09342623020889096
ENOG410YZ8S	-0.2854919656919841	0.28549196569198315
ENOG410YZFA	-1.5768097627442432	1.5768097627442406
ENOG410YZK5	-0.08597997728544622	0.08597997728544561
ENOG410Z0EK	0.003513857433381831	-0.0035138574333820624
ENOG410Z0GR	0.19266219162447998	-0.19266219162448017
ENOG410Z0RI	-0.6597299008498863	0.6597299008498848
ENOG410Z0UM	-2.043084814422642	2.043084814422638
ENOG410Z0ZE	0.39979395072930707	-0.39979395072930696
ENOG410Z131	-1.1305552529654148	1.1305552529654128
ENOG410Z1K5	1.6037104480371736	-1.6037104480371716
ENOG410Z1KF	0.28805809240974467	-0.28805809240974445
ENOG410Z1QN	-1.8527650384350483	1.8527650384350451
ENOG410Z1W6	0.9582120488320838	-0.9582120488320827
ENOG410Z24N	1.3647714216588338	-1.3647714216588323
ENOG410Z261	-0.32403560295601236	0.3240356029560116
ENOG410Z2NQ	0.010298481659723527	-0.010298481659723985
ENOG410Z2UP	0.3780153060996525	-0.37801530609965217
ENOG410Z2WJ	0.9076542662804925	-0.9076542662804916
ENOG410Z32R	-1.2314872745126466	1.2314872745126442
ENOG410Z34Z	0.5764705072567559	-0.5764705072567554
ENOG410Z39P	1.1077634878523757	-1.1077634878523746
ENOG410Z3DP	1.3103536577329717	-1.31035365773297
ENOG410Z3IR	-0.2908506909967988	0.2908506909967981
ENOG410Z3SG	1.293824392847037	-1.2938243928470354
ENOG410Z3UP	0.9012104118755369	-0.901210411875536
ENOG410Z3WW	0.3371965849247712	-0.33719658492477095
ENOG410Z3XZ	-0.1648246703195062	0.1648246703195057
ENOG410Z430	0.5028045117922001	-0.5028045117921999
ENOG410Z447	0.9499702515155091	-0.949970251515508
ENOG410Z46E	-2.0476433891043118	2.0476433891043087
ENOG410Z472	0.5613916915395409	-0.5613916915395403
ENOG410Z47E	0.6753813696726199	-0.6753813696726191
ENOG410Z4H2	-0.4987151502120342	0.498715150212033
ENOG410Z4SK	0.03562315272241383	-0.03562315272241425
ENOG410Z4VE	0.9164851315787144	-0.9164851315787131
ENOG410Z4XY	0.7591379721353484	-0.7591379721353475
ENOG410Z4Y8	-0.716143242286223	0.7161432422862214
ENOG410Z56P	-2.2383139866179262	2.238313986617922
ENOG410Z5N2	1.2183619143480084	-1.2183619143480067
ENOG410Z5N9	-0.8036511269311569	0.8036511269311551
ENOG410Z5RD	-1.6687104792428664	1.6687104792428638
ENOG410Z5SJ	0.35094736270983495	-0.3509473627098346
ENOG410Z62C	1.0981054825446974	-1.0981054825446963
ENOG410Z6JP	0.5415347286611242	-0.5415347286611238
ENOG410Z6JU	0.02715730201246641	-0.027157302012466605
ENOG410Z6QR	0.6624796146825256	-0.6624796146825248
ENOG410Z6UB	1.188546305787937	-1.1885463057879357
ENOG410Z71M	1.2206591293796842	-1.2206591293796827
ENOG410Z7S1	-1.243363529047287	1.243363529047285
ENOG410Z7X3	1.4736513370195936	-1.4736513370195916
ENOG410Z8B0	1.3090803184624793	-1.3090803184624775
ENOG410Z8NA	-0.5265005348196589	0.5265005348196575
ENOG410Z8VE	-0.605710139904289	0.6057101399042876
ENOG410Z952	1.1577882458919644	-1.1577882458919626
ENOG410Z994	-0.08143911826870943	0.08143911826870884
ENOG410Z9M6	-0.38652551689557474	0.3865255168955739
ENOG410Z9R2	1.203523999943032	-1.2035239999430307
ENOG410Z9Z8	-1.4598056727179807	1.4598056727179782
ENOG410ZA2Q	0.4724092256500759	-0.4724092256500757
ENOG410ZAAE	1.0042949793687106	-1.0042949793687097
ENOG410ZAEE	-0.06263759222398461	0.06263759222398403
ENOG410ZAHY	1.4848646422194938	-1.4848646422194924
ENOG410ZAVF	0.900056894831921	-0.9000568948319199
ENOG410ZAYP	0.7247897261088909	-0.7247897261088898
ENOG410ZB0D	1.6417134350902334	-1.6417134350902316
ENOG410ZB17	0.4727468482623229	-0.4727468482623224
ENOG410ZB20	-0.5691084721707022	0.5691084721707008
ENOG410ZBJR	0.393392692237853	-0.3933926922378524
ENOG410ZBKA	0.5933372305842053	-0.5933372305842044
ENOG410ZBVD	-1.0675521360952933	1.0675521360952913
ENOG410ZC8P	-0.1298456083836169	0.1298456083836162
ENOG410ZCCT	0.6798778806065396	-0.6798778806065389
ENOG410ZCG0	-0.9083271702566561	0.9083271702566544
ENOG410ZCV3	0.07028438394282885	-0.07028438394282921
ENOG410ZCYK	0.7494102252694705	-0.7494102252694699
ENOG410ZD45	-1.1243930603355343	1.1243930603355323
ENOG410ZD92	-1.095140841358894	1.095140841358892
ENOG410ZDA4	0.32142758605094585	-0.3214275860509458
ENOG410ZDAN	1.167022374103365	-1.1670223741033634
ENOG410ZDMF	-1.9679924368436548	1.9679924368436512
ENOG410ZDRF	-1.602869101158942	1.602869101158939
ENOG410ZDY6	0.8328667509132892	-0.8328667509132882
ENOG410ZE8N	-0.42123023539213006	0.42123023539212895
ENOG410ZE9J	-0.10419845526502704	0.10419845526502616
ENOG410ZEIQ	-1.4201505220856259	1.420150522085623
ENOG410ZEJ4	1.4683072963123898	-1.4683072963123882
ENOG410ZETB	-0.41688193082271435	0.41688193082271324
ENOG410ZEYT	0.3959841089073902	-0.3959841089073903
ENOG410ZF0V	1.160192705379801	-1.1601927053797991
ENOG410ZF8H	1.6644675794022297	-1.6644675794022283
ENOG410ZFR9	1.2326720172798136	-1.2326720172798116
ENOG410ZFU2	-0.5566421189611728	0.5566421189611714
ENOG410ZFWF	1.05067208894666	-1.0506720889466588
ENOG410ZFY9	-1.071660253778541	1.0716602537785391
ENOG410ZG22	1.1266737645323734	-1.126673764532372
ENOG410ZGC3	0.900799101278813	-0.9007991012788122
ENOG410ZGGZ	0.7963825869334493	-0.7963825869334487
ENOG410ZGK6	-0.5681586917605658	0.5681586917605647
ENOG410ZGNB	0.5157808116943275	-0.5157808116943268
ENOG410ZGSC	-0.26163606947123297	0.2616360694712326
ENOG410ZGTQ	-1.445180360854112	1.4451803608541092
ENOG410ZH12	0.2324717441835741	-0.23247174418357397
ENOG410ZH41	0.8996054290800238	-0.8996054290800227
ENOG410ZH7W	0.10884199905467548	-0.10884199905467555
ENOG410ZHQ7	-1.233383128045402	1.2333831280453995
ENOG410ZHQG	0.71185495809728	-0.7118549580972792
ENOG410ZHQR	1.5217486409798797	-1.521748640979878
ENOG410ZHSA	1.0483652216066515	-1.0483652216066501
ENOG410ZHSB	1.3499551975941753	-1.3499551975941733
ENOG410ZHW9	0.9607782653884089	-0.9607782653884077
ENOG410ZI0N	1.2259942156557873	-1.225994215655786
ENOG410ZI3Q	1.1832359741719247	-1.1832359741719234
ENOG410ZI7G	0.8899170205865676	-0.8899170205865665
ENOG410ZIA8	0.7794550351328828	-0.7794550351328822
ENOG410ZIAQ	0.5915654270623361	-0.5915654270623356
ENOG410ZICD	-0.5077475753541105	0.5077475753541093
ENOG410ZIFY	0.605969221298105	-0.6059692212981048
ENOG410ZIG5	0.39662540861322515	-0.3966254086132248
ENOG410ZIJN	0.6601631286609534	-0.6601631286609531
ENOG410ZIMQ	-0.6222966290293607	0.6222966290293596
ENOG410ZIMZ	0.035233314069229874	-0.03523331406922982
ENOG410ZIN8	1.6273065485899234	-1.6273065485899212
ENOG410ZINF	-0.9363285802582617	0.93632858025826
ENOG410ZINS	-0.045802926691397086	0.045802926691396774
ENOG410ZIQS	0.32345743897662094	-0.32345743897662044
ENOG410ZIT2	-0.3910718164540537	0.39107181645405287
ENOG410ZJ65	1.4779847166795808	-1.4779847166795792
ENOG410ZJ6A	0.1848619142809784	-0.18486191428097812
ENOG410ZJ6R	0.5142513047856657	-0.5142513047856655
ENOG410ZJDC	1.6923979945377696	-1.692397994537767
ENOG410ZJK4	0.3991995723129925	-0.39919957231299213
ENOG410ZJKU	-1.0516604277573833	1.0516604277573811
ENOG410ZJN8	-0.25666860571888866	0.2566686057188883
ENOG410ZJNA	1.1759078847227231	-1.1759078847227218
ENOG410ZJPA	0.9697753114387841	-0.969775311438783
ENOG410ZJQ0	1.1950054678486324	-1.195005467848631
ENOG410ZJQ8	-1.408458963647251	1.4084589636472487
ENOG410ZJQZ	-0.7820823618070459	0.7820823618070443
ENOG410ZJRR	0.14654534800087837	-0.14654534800087812
ENOG410ZJXJ	1.2071383810510175	-1.207138381051016
ENOG410ZJZS	-0.62394626012398	0.6239462601239786
ENOG410ZK4G	1.1037991962662796	-1.1037991962662779
ENOG410ZK57	1.1982420631176818	-1.1982420631176804
ENOG410ZK5A	0.382573147768928	-0.3825731477689276
ENOG410ZK6J	1.0448773956289747	-1.0448773956289739
ENOG410ZK8S	0.22903303013388407	-0.22903303013388396
ENOG410ZKFF	1.1899351511259806	-1.1899351511259793
ENOG410ZKQ7	0.7097505629451112	-0.7097505629451105
ENOG410ZKS3	-0.01790297223456175	0.017902972234561013
ENOG410ZKX3	1.2376024069588805	-1.2376024069588785
ENOG410ZMF3	0.33343712027166067	-0.33343712027166017
ENOG410ZMG7	-0.704751602045201	0.7047516020451997
ENOG410ZMJ6	-0.6653403280052792	0.6653403280052776
ENOG410ZMWE	0.09801603457592192	-0.09801603457592248
ENOG410ZMXZ	0.6764454132848047	-0.6764454132848036
ENOG410ZMYB	0.8025909998908071	-0.8025909998908066
ENOG410ZN2B	-0.15043143428950956	0.15043143428950911
ENOG410ZNBK	-0.40241557127095934	0.4024155712709585
ENOG410ZNCQ	0.5825812414763865	-0.5825812414763861
ENOG410ZNJB	-1.2846717916814798	1.2846717916814776
ENOG410ZNKJ	0.15336340279901578	-0.15336340279901628
ENOG410ZNS9	-0.06465745714031976	0.06465745714031942
ENOG410ZNUM	0.0021809487261550235	-0.0021809487261554936
ENOG410ZNV1	0.09451996098482168	-0.094519960984822
ENOG410ZNVS	0.8035553394729189	-0.8035553394729182
ENOG410ZNX6	0.583170208105214	-0.5831702081052136
ENOG410ZNXF	0.5294852411950225	-0.5294852411950222
ENOG410ZNXQ	-0.6962646785647042	0.6962646785647026
ENOG410ZP7K	-1.014877802854464	1.014877802854462
ENOG410ZP81	0.6741087692478046	-0.6741087692478043
ENOG410ZPAJ	-0.7459933102564466	0.7459933102564449
ENOG410ZPHH	-0.5777552849910428	0.5777552849910413
ENOG410ZPI7	-0.2583232603240948	0.2583232603240942
ENOG410ZPNJ	-1.3364757116039037	1.3364757116039012
ENOG410ZPQX	0.49250767109495835	-0.49250767109495786
ENOG410ZPTT	-1.3934586793279495	1.3934586793279473
ENOG410ZPV3	-1.3733270752307782	1.3733270752307754
ENOG410ZPYN	-0.7603030826394505	0.760303082639449
ENOG410ZQ0F	-0.28136708634432095	0.2813670863443203
ENOG410ZQ2Q	-0.8657072236566117	0.8657072236566101
ENOG410ZQ3X	0.027623333572607687	-0.02762333357260788
ENOG410ZQ44	-0.49323353933424874	0.49323353933424774
ENOG410ZQ4V	-1.1990381574693976	1.1990381574693953
ENOG410ZQ51	-1.4475726895961778	1.4475726895961754
ENOG410ZQ9H	-0.5618827436691758	0.5618827436691747
ENOG410ZQEH	-0.10609719018666774	0.10609719018666736
ENOG410ZQJ3	-0.5062943809638565	0.5062943809638553
ENOG410ZQP3	1.577386607347656	-1.5773866073476537
ENOG410ZR1Q	-0.8760876615139706	0.8760876615139687
ENOG410ZR3I	0.15289148786062048	-0.15289148786062073
ENOG410ZR5A	1.0334016330905094	-1.033401633090508
ENOG410ZRM0	-0.06633322303542885	0.06633322303542852
ENOG410ZRT8	1.3971008619234486	-1.3971008619234464
ENOG410ZRYP	-0.2999740476827407	0.2999740476827398
ENOG410ZRZQ	-0.32900699841269276	0.32900699841269176
ENOG410ZS81	1.3102195246138075	-1.3102195246138058
ENOG410ZSAE	1.4149462220152182	-1.4149462220152165
ENOG410ZSDZ	0.9979310097261866	-0.9979310097261852
ENOG410ZSFZ	-0.030668861960663752	0.030668861960663468
ENOG410ZSQZ	0.28649241507003154	-0.28649241507003137
ENOG410ZSUS	-0.021595534673247492	0.021595534673246986
ENOG410ZSYZ	-1.4451493433777436	1.4451493433777411
ENOG410ZT0A	0.6385138579791289	-0.6385138579791285
ENOG410ZT2S	0.7980857654104367	-0.7980857654104357
ENOG410ZT8D	1.0593496199939414	-1.0593496199939403
ENOG410ZT8Q	-0.4250662632631532	0.42506626326315233
ENOG410ZT9V	0.10333067995842658	-0.10333067995842667
ENOG410ZTDK	0.6702981454039021	-0.6702981454039013
ENOG410ZTH0	0.4896105466238387	-0.4896105466238382
ENOG410ZTHG	0.48278514973314524	-0.4827851497331445
ENOG410ZTQ8	-1.7281907496905327	1.7281907496905295
ENOG410ZTY6	0.41557163095158717	-0.4155716309515867
ENOG410ZTYU	0.2519224298423821	-0.2519224298423822
ENOG410ZU2X	-1.5124469392011755	1.5124469392011728
ENOG410ZU8E	0.33298544379775796	-0.3329854437977577
ENOG410ZU9D	1.0696011886943724	-1.0696011886943713
ENOG410ZUGA	0.5394390705200973	-0.539439070520097
ENOG410ZUGE	-1.3479716098877452	1.3479716098877428
ENOG410ZUI7	0.9001940418321892	-0.9001940418321883
ENOG410ZUK1	0.43779855137169366	-0.4377985513716937
ENOG410ZURF	0.7895453925205203	-0.7895453925205195
ENOG410ZUV1	1.5899424589392022	-1.5899424589392002
ENOG410ZUYT	0.9937829005943792	-0.9937829005943785
ENOG410ZV3K	-2.170629163158603	2.1706291631586003
ENOG410ZV99	1.1671858478308508	-1.167185847830849
ENOG410ZVB7	0.7313360125134797	-0.7313360125134788
ENOG410ZVBZ	-0.9474405506138003	0.9474405506137984
ENOG410ZVC6	1.5186910653841308	-1.5186910653841288
ENOG410ZVCD	0.8958571636118489	-0.8958571636118481
ENOG410ZVCF	-0.021579378624525285	0.02157937862452478
ENOG410ZVCH	-1.8748268545231028	1.8748268545230993
ENOG410ZVCR	-1.2690887545750333	1.269088754575031
ENOG410ZVCU	0.6244216027212675	-0.624421602721267
ENOG410ZVD2	-1.1803246920133375	1.1803246920133355
ENOG410ZVD3	-0.7911580863709414	0.7911580863709397
ENOG410ZVDG	0.7832983334554053	-0.7832983334554048
ENOG410ZVDW	1.5122934423147336	-1.5122934423147318
ENOG410ZVE2	-1.6921389338266126	1.6921389338266095
ENOG410ZVE6	0.5059702406493637	-0.5059702406493631
ENOG410ZVE8	1.0040859524546826	-1.0040859524546815
ENOG410ZVEJ	0.47723934329089013	-0.4772393432908899
ENOG410ZVEU	0.9737109021354995	-0.9737109021354984
ENOG410ZVF6	-0.7955420730537548	0.7955420730537531
ENOG410ZVFE	0.21501182535895583	-0.21501182535895574
ENOG410ZVFH	-1.5338647510323415	1.5338647510323387
ENOG410ZVFJ	-0.30282187292143	0.30282187292142926
ENOG410ZVFU	-0.3838442604626218	0.383844260462621
ENOG410ZVG0	-0.634367060185143	0.6343670601851418
ENOG410ZVG5	1.4656310757071211	-1.4656310757071194
ENOG410ZVGS	-0.550179964530587	0.5501799645305857
ENOG410ZVGZ	-0.19982097175544764	0.19982097175544708
ENOG410ZVHC	1.3314125515610458	-1.331412551561044
ENOG410ZVHH	1.4908255961330164	-1.4908255961330146
ENOG410ZVHJ	0.9041271386791996	-0.9041271386791984
ENOG410ZVHW	1.1282958502085525	-1.1282958502085512
ENOG410ZVI2	0.9972858795932636	-0.9972858795932626
ENOG410ZVIC	1.076304708245107	-1.0763047082451054
ENOG410ZVJX	0.9871028841788033	-0.9871028841788021
ENOG410ZVJY	-0.3355780233104623	0.33557802331046155
ENOG410ZVK6	0.33817241894921285	-0.33817241894921235
ENOG410ZVKR	-0.758736898066438	0.7587368980664366
ENOG410ZVME	1.1036490901809173	-1.1036490901809157
ENOG410ZVMN	1.0790775998600046	-1.0790775998600035
ENOG410ZVMV	-1.6862592826107368	1.6862592826107339
ENOG410ZVMW	1.200407052343007	-1.200407052343006
ENOG410ZVNC	-0.550792768885549	0.5507927688855478
ENOG410ZVNJ	-1.1866250448028581	1.1866250448028561
ENOG410ZVNV	-0.02281217771324442	0.02281217771324415
ENOG410ZVP5	0.04714336827245546	-0.04714336827245586
ENOG410ZVP8	0.09933758122119085	-0.09933758122119117
ENOG410ZVPQ	-0.24893703232377457	0.2489370323237737
ENOG410ZVPT	-2.0560613020697622	2.0560613020697587
ENOG410ZVQG	-1.030915999076645	1.030915999076643
ENOG410ZVQW	-0.43429241651691536	0.4342924165169142
ENOG410ZVQY	0.3006232531386312	-0.3006232531386312
ENOG410ZVRD	0.9634020101997209	-0.9634020101997198
ENOG410ZVRR	0.9586203322468748	-0.9586203322468739
ENOG410ZVRS	-0.13953410652170004	0.13953410652169937
ENOG410ZVS8	1.5119539332145109	-1.5119539332145084
ENOG410ZVT4	1.0029317744853976	-1.0029317744853963
ENOG410ZVTR	-0.24081959980853276	0.24081959980853215
ENOG410ZVU0	1.4118904434394821	-1.41189044343948
ENOG410ZVW5	0.21064076701561474	-0.2106407670156144
ENOG410ZVWB	-1.7505948976658432	1.7505948976658403
ENOG410ZVWK	1.3074754013181256	-1.307475401318124
ENOG410ZVWQ	0.9509780297632073	-0.9509780297632066
ENOG410ZVWW	-0.437327827578001	0.4373278275779998
ENOG410ZVXC	0.07863093249754816	-0.0786309324975485
ENOG410ZVY1	-1.0265632406273524	1.0265632406273504
ENOG410ZVY8	1.0931114532837902	-1.093111453283789
ENOG410ZVYR	-0.5126190436173416	0.5126190436173406
ENOG410ZVZG	1.3212896762426103	-1.3212896762426087
ENOG410ZW0D	0.4979812393723753	-0.49798123937237454
ENOG410ZW1V	0.8774609423364668	-0.8774609423364661
ENOG410ZW2I	-1.7032472443276807	1.7032472443276778
ENOG410ZW3S	0.4157522213134536	-0.41575222131345296
ENOG410ZW4A	-0.08194827457981904	0.08194827457981844
ENOG410ZW50	1.4523301861887326	-1.45233018618873
ENOG410ZW55	0.5058103973957725	-0.5058103973957723
ENOG410ZW5X	-0.4785390101792207	0.4785390101792197
ENOG410ZW6I	-0.2591450842653277	0.2591450842653273
ENOG410ZW6X	1.185354178169904	-1.1853541781699029
ENOG410ZW77	-0.8738221406468166	0.8738221406468151
ENOG410ZWAN	1.5823793924570517	-1.58237939245705
ENOG410ZWBR	-0.303388959689841	0.30338895968984025
ENOG410ZWBT	0.10012146380335643	-0.10012146380335628
ENOG410ZWDI	0.9150670275972322	-0.9150670275972312
ENOG410ZWE3	-1.7974017204745478	1.797401720474545
ENOG410ZWE8	-0.0658361057050884	0.0658361057050883
ENOG410ZWEQ	-0.43608748846841205	0.4360874884684109
ENOG410ZWES	0.3422523674881622	-0.3422523674881619
ENOG410ZWF2	-1.8582457012015965	1.8582457012015934
ENOG410ZWFF	-0.8325303652513057	0.832530365251304
ENOG410ZWGT	0.9769414903075367	-0.9769414903075355
ENOG410ZWHF	0.8590991558755557	-0.8590991558755546
ENOG410ZWIF	0.4771381572983974	-0.47713815729839715
ENOG410ZWIM	1.5109397740971622	-1.5109397740971597
ENOG410ZWJJ	-1.5364906172514372	1.5364906172514345
ENOG410ZWKB	0.4438581892394569	-0.4438581892394562
ENOG410ZWKI	0.013087882594711666	-0.01308788259471212
ENOG410ZWKT	-2.085092142630141	2.0850921426301374
ENOG410ZWN6	1.4366322789888724	-1.4366322789888708
ENOG410ZWP3	0.8631793678943966	-0.8631793678943958
ENOG410ZWQ1	-0.849430259350542	0.8494302593505402
ENOG410ZWQM	0.5831020067135794	-0.5831020067135787
ENOG410ZWQU	-0.9809040782752398	0.9809040782752378
ENOG410ZWQW	0.6686034849471695	-0.6686034849471687
ENOG410ZWQZ	-0.35873680973072064	0.35873680973071986
ENOG410ZWT5	0.5635458745145535	-0.5635458745145531
ENOG410ZWTD	-0.9051052059386689	0.9051052059386673
ENOG410ZWTG	0.02325230625839725	-0.02325230625839745
ENOG410ZWX5	-0.07274151668620057	0.07274151668620023
ENOG410ZWX9	0.8983078454507398	-0.898307845450739
ENOG410ZX29	-0.4894170381057583	0.4894170381057573
ENOG410ZX2M	1.6362889643977039	-1.6362889643977019
ENOG410ZX41	-0.8417611921605515	0.8417611921605497
ENOG410ZX4G	0.3041272359609492	-0.3041272359609492
ENOG410ZX96	-1.3040180158990677	1.3040180158990653
ENOG410ZX9B	-1.3463074335084015	1.3463074335083989
ENOG410ZX9D	-0.08037969184647077	0.08037969184647041
ENOG410ZX9Y	0.9028563642642697	-0.9028563642642684
ENOG410ZXB3	0.36758285289589754	-0.3675828528958974
ENOG410ZXCB	0.36534312961223614	-0.36534312961223603
ENOG410ZXDQ	0.9358577257711999	-0.9358577257711989
ENOG410ZXFD	0.8061724807046744	-0.8061724807046737
ENOG410ZXHU	1.088335104152653	-1.0883351041526519
ENOG410ZXJ6	-0.8735868333690755	0.8735868333690736
ENOG410ZXJB	-0.7724423336777696	0.7724423336777682
ENOG410ZXKC	0.9954253965282055	-0.9954253965282044
ENOG410ZXQV	0.8509542515607659	-0.8509542515607652
ENOG410ZXQY	1.55914262995629	-1.5591426299562878
ENOG410ZXRZ	1.618087936257794	-1.6180879362577925
ENOG410ZXU3	0.5156886301851752	-0.5156886301851751
ENOG410ZXUR	-0.5666599087072516	0.5666599087072505
ENOG410ZXVM	0.7181854492847286	-0.7181854492847282
ENOG410ZY5G	-1.0029566810867465	1.0029566810867445
ENOG410ZY5P	0.7171991018587832	-0.7171991018587823
ENOG410ZY9E	-0.23890126620054025	0.23890126620053942
ENOG410ZYCH	-1.0603289037629209	1.0603289037629189
ENOG410ZYD6	-1.783830261941203	1.7838302619411999
ENOG410ZYD9	-0.6314334771985248	0.6314334771985236
ENOG410ZYDZ	-1.3465755953533602	1.3465755953533576
ENOG410ZYJP	0.7887527199472671	-0.7887527199472664
ENOG410ZYP5	0.6091350136424759	-0.6091350136424755
ENOG410ZYR5	0.07388081178641571	-0.07388081178641608
ENOG410ZYUF	-1.8371305147968235	1.8371305147968202
ENOG410ZYUU	-0.5369671315327325	0.5369671315327313
ENOG410ZYVG	0.5844750760862797	-0.5844750760862792
ENOG410ZYVX	1.1792893272313656	-1.1792893272313643
ENOG410ZZ25	1.0020452241768663	-1.002045224176865
ENOG410ZZ3B	1.3888810116125883	-1.3888810116125865
ENOG410ZZ3F	-0.0934228517206662	0.09342285172066558
ENOG410ZZ4C	-1.4628276442684387	1.4628276442684363
ENOG410ZZ52	1.2873369071795564	-1.2873369071795546
ENOG410ZZ7W	0.6533372181214997	-0.6533372181214989
ENOG410ZZC5	0.365521307823512	-0.3655213078235119
ENOG410ZZD0	-1.209385587274841	1.2093855872748387
ENOG410ZZE8	0.5520757801481951	-0.5520757801481944
ENOG410ZZGV	0.35762746073276785	-0.3576274607327678
ENOG410ZZIS	0.5253793499250603	-0.5253793499250595
ENOG410ZZJF	0.614952753901582	-0.6149527539015813
ENOG410ZZRT	-0.9243802422419882	0.9243802422419866
ENOG410ZZUN	0.9190130848573766	-0.9190130848573754
ENOG410ZZVD	-0.005514034707574384	0.0055140347075739015
ENOG410ZZWY	1.0922484378519686	-1.0922484378519668
ENOG410ZZXU	1.4246103166938475	-1.4246103166938455
ENOG410ZZY6	1.272448309363892	-1.2724483093638905
ENOG411000T	0.30590575371084394	-0.3059057537108437
ENOG411002M	-0.4870430579419618	0.4870430579419608
ENOG411004P	-0.5004188682730657	0.5004188682730644
ENOG411007C	0.595182836285632	-0.5951828362856311
ENOG411009W	1.0278918036171176	-1.027891803617116
ENOG41100B0	-0.5696029434512313	0.5696029434512302
ENOG41100CF	0.5811505567359412	-0.5811505567359407
ENOG41100ES	-0.06476048918013644	0.06476048918013587
ENOG41100FH	-1.744649706872578	1.7446497068725748
ENOG41100IV	-1.1116964516549424	1.1116964516549404
ENOG41100M6	-1.6212309707043466	1.6212309707043437
ENOG41100MA	-1.2534384689845732	1.253438468984571
ENOG41100W0	1.5071925514545008	-1.5071925514544993
ENOG411011S	0.6456552830811645	-0.6456552830811637
ENOG411012J	1.3482081233884224	-1.3482081233884207
ENOG411015R	0.2654943857172835	-0.2654943857172833
ENOG411019K	1.4673522755560284	-1.467352275556027
ENOG41101FB	-1.1496733140085356	1.1496733140085336
ENOG41101GZ	1.1087747875457703	-1.1087747875457692
ENOG41101HV	0.05397996688736304	-0.05397996688736296
ENOG41101IZ	1.3212349403710353	-1.3212349403710337
ENOG41101JG	0.8047460045504252	-0.8047460045504246
ENOG41101U7	-1.0326606653948176	1.0326606653948156
ENOG41101VY	-1.149661732992469	1.149661732992467
ENOG41101YT	-0.31152065903704934	0.31152065903704834
ENOG411024B	0.9995035965644998	-0.9995035965644986
ENOG411027Z	-1.9164932221466893	1.916493222146686
ENOG411029V	0.019658618828681862	-0.019658618828682306
ENOG41102CA	1.1097171739501785	-1.1097171739501772
ENOG41102CJ	-0.5283544799345418	0.5283544799345407
ENOG41102GP	1.0397099194885486	-1.0397099194885473
ENOG41102I4	-0.556225245390801	0.5562252453907999
ENOG41102SE	-1.0136462992947357	1.0136462992947337
ENOG41102U3	0.8639507450880626	-0.8639507450880618
ENOG41102WG	-0.5941923046519694	0.5941923046519682
ENOG411032J	0.8108123733674087	-0.8108123733674079
ENOG4110348	-0.05326554107063	0.05326554107062992
ENOG411034D	0.7516127072926739	-0.7516127072926733
ENOG41103AX	0.677358082901813	-0.677358082901812
ENOG41103B0	1.4479227186079098	-1.4479227186079087
ENOG41103MM	0.9879434427147027	-0.9879434427147016
ENOG41103RQ	0.4952958970566418	-0.4952958970566415
ENOG41103Y5	-0.35831225926168153	0.35831225926168053
ENOG41104JX	-1.1787263184721049	1.1787263184721026
ENOG41104UK	0.8699262020923185	-0.8699262020923176
ENOG41105G9	0.8486601549313108	-0.8486601549313098
ENOG41105P2	0.8456965691713091	-0.8456965691713083
ENOG41105S6	0.6964995603930485	-0.6964995603930476
ENOG41105VJ	1.5335403587367809	-1.533540358736779
ENOG41105XQ	1.387243091624711	-1.3872430916247092
ENOG41105ZK	0.006696839575998335	-0.006696839575998799
ENOG41106EH	-0.11260832324413855	0.11260832324413837
ENOG41108K1	-0.5088680945114229	0.5088680945114219
ENOG41108WW	0.30469606516896264	-0.30469606516896264
ENOG41109CF	0.753641606820165	-0.7536416068201639
ENOG41109IH	0.07024263797717957	-0.0702426379771797
ENOG41109YT	-0.06355576066265438	0.06355576066265405
ENOG4110A1H	0.8150965413738872	-0.8150965413738865
ENOG4110B0F	0.49940396121066777	-0.4994039612106675
ENOG4110BBF	-1.0637947015114766	1.0637947015114746
ENOG4110BJG	-0.6597876737585535	0.6597876737585523
ENOG4110BMM	-0.9027608413226454	0.9027608413226438
ENOG4110BQE	0.8471629675410959	-0.8471629675410948
ENOG4110BWW	0.7694922183109173	-0.7694922183109165
ENOG4110C99	-0.07975765553226564	0.07975765553226505
ENOG4110DEK	-0.05909556245368815	0.05909556245368758
ENOG4110DP8	-0.5871433280067947	0.5871433280067934
ENOG4110DZH	-1.577910575466837	1.5779105754668343
ENOG4110G9P	-0.9588803936193555	0.9588803936193537
ENOG4110GG4	0.26693429186998974	-0.26693429186998957
ENOG4110GJF	0.035690492004793815	-0.03569049200479423
ENOG4110GRU	-0.7390156712925031	0.7390156712925016
ENOG4110GX4	-0.44618492878190336	0.44618492878190225
ENOG4110HXD	1.2439629575468931	-1.2439629575468918
ENOG4110IQD	1.4336937143617736	-1.4336937143617718
ENOG4110J45	0.8894020744259941	-0.8894020744259926
ENOG4110JED	-0.34102199108524456	0.34102199108524356
ENOG4110KBG	1.4346814100411494	-1.4346814100411485
ENOG4110MQC	-1.373108686530312	1.3731086865303097
ENOG4110MXI	1.5954150246872272	-1.5954150246872252
ENOG4110N8N	0.24970079247418095	-0.24970079247418056
ENOG4110NBR	1.2806452433191888	-1.2806452433191875
ENOG4110NSM	-0.0809682270485947	0.08096822704859434
ENOG4110P6K	0.4400600852200765	-0.44006008522007606
ENOG4110PFG	1.3108347724840315	-1.3108347724840297
ENOG4110QAQ	-0.8015324880137262	0.8015324880137247
ENOG4110QUF	1.4076802023652106	-1.4076802023652086
ENOG4110QZN	1.500878751264825	-1.5008787512648225
ENOG4110TII	0.8906774063846049	-0.8906774063846037
ENOG4110V7D	0.30147247970625785	-0.3014724797062574
ENOG4110VJC	-0.6490828228156369	0.6490828228156357
ENOG4110WB0	-1.7651148006482817	1.7651148006482784
ENOG4110WG0	-0.46847854045393283	0.46847854045393167
ENOG4110WM6	1.278464527750602	-1.2784645277506002
ENOG4110WUJ	-0.4113588655581488	0.41135886555814793
ENOG4110XIN	0.4469249297995153	-0.4469249297995151
ENOG4110XMY	-0.24349117665205303	0.2434911766520522
ENOG4110Z4K	1.4152512190579096	-1.4152512190579076
ENOG4110Z57	0.22007637154948512	-0.2200763715494855
ENOG4110Z7N	0.8931151976721818	-0.8931151976721811
ENOG4110ZRH	-1.3737238278106494	1.373723827810647
ENOG411119B	1.260368288190859	-1.2603682881908576
ENOG41111JX	1.1061683076076643	-1.1061683076076632
ENOG41112BD	1.1173286997260192	-1.1173286997260174
ENOG41112II	-0.645314747403859	0.6453147474038577
ENOG41112QY	0.23801370318573015	-0.23801370318573
ENOG411138E	0.44124690385481974	-0.4412469038548193
ENOG41113RB	-0.5265367592065167	0.5265367592065157
ENOG411141G	-1.0750658922747014	1.0750658922746994
ENOG41114EC	-1.5674020613072575	1.5674020613072543
ENOG41115XM	1.1280769892074816	-1.1280769892074802
ENOG411162A	0.5703136809128647	-0.5703136809128643
ENOG41117DG	-0.5699447634233757	0.5699447634233746
ENOG41118T4	-0.4455895870462886	0.4455895870462874
ENOG411192P	0.052788894510744526	-0.05278889451074468
ENOG411194K	0.47213392253050523	-0.47213392253050496
ENOG41119MM	-0.6276055720414321	0.627605572041431
ENOG4111APV	-2.113759984664876	2.113759984664873
ENOG4111AV1	-0.007767090874377725	0.007767090874377239
ENOG4111AZ4	1.1394889810645794	-1.1394889810645783
ENOG4111DCE	-0.11505376547891641	0.11505376547891552
ENOG4111DDB	-2.126857942240291	2.126857942240287
ENOG4111DRN	0.019388356739771177	-0.01938835673977162
ENOG4111DS9	-1.5342052679862561	1.5342052679862537
ENOG4111EE9	0.5835978746753894	-0.5835978746753889
ENOG4111EFS	1.4274380973287863	-1.427438097328785
ENOG4111EYA	1.1566849541244533	-1.156684954124452
ENOG4111F0B	-0.16661424694945284	0.16661424694945212
ENOG4111F11	1.1938032268138863	-1.1938032268138847
ENOG4111F1K	0.8663601198797884	-0.8663601198797877
ENOG4111F33	-0.5578127590365217	0.5578127590365204
ENOG4111F3K	-0.5915127158059553	0.5915127158059542
ENOG4111F7A	1.4475347699917411	-1.44753476999174
ENOG4111F7E	-0.21490693138691913	0.21490693138691833
ENOG4111F7I	1.3148232958482926	-1.314823295848291
ENOG4111F91	0.6561461166477333	-0.6561461166477329
ENOG4111FDW	0.6288443219553472	-0.6288443219553462
ENOG4111FE2	-0.3197454498671815	0.31974544986718073
ENOG4111FE4	0.6703251864298301	-0.670325186429829
ENOG4111FE5	0.9412952054839018	-0.9412952054839006
ENOG4111FF5	1.0563721199128429	-1.0563721199128415
ENOG4111FGF	1.34346225042055	-1.3434622504205487
ENOG4111FGK	0.387844445186238	-0.3878444451862377
ENOG4111FGU	-2.2761381408789396	2.2761381408789365
ENOG4111FGY	-1.7530746120180865	1.7530746120180831
ENOG4111FHM	0.08444416578484887	-0.08444416578484921
ENOG4111FHR	1.1662232510827486	-1.166223251082747
ENOG4111FHT	0.9485240384904013	-0.9485240384904003
ENOG4111FI4	0.12729873248437412	-0.12729873248437418
ENOG4111FIB	0.7411965837926527	-0.7411965837926517
ENOG4111FII	1.4488874236274318	-1.4488874236274305
ENOG4111FJH	1.1184944195128415	-1.1184944195128403
ENOG4111FJJ	1.0272774743738786	-1.0272774743738773
ENOG4111FJM	1.4985752410233526	-1.4985752410233508
ENOG4111FK0	-0.25356538724066596	0.2535653872406656
ENOG4111FMN	-0.693674013835099	0.6936740138350976
ENOG4111FMS	1.0144679795455387	-1.014467979545538
ENOG4111FN8	-0.21403756171604132	0.214037561716041
ENOG4111FP3	-1.4324677377234318	1.4324677377234294
ENOG4111FP4	1.5133178196468096	-1.5133178196468073
ENOG4111FPD	1.4904309286320123	-1.4904309286320105
ENOG4111FPK	1.2730114156528782	-1.273011415652877
ENOG4111FPU	1.3489232893528846	-1.348923289352883
ENOG4111FQE	-1.5562604059560228	1.55626040595602
ENOG4111FRH	-1.1089752882713209	1.1089752882713186
ENOG4111FRY	0.9651165501731425	-0.9651165501731414
ENOG4111FS1	0.9534103974256988	-0.9534103974256973
ENOG4111FS5	0.4926920904138643	-0.492692090413864
ENOG4111FSC	1.2359569124624594	-1.2359569124624579
ENOG4111FSU	0.09171421064143793	-0.0917142106414385
ENOG4111FT5	1.132205441211711	-1.1322054412117097
ENOG4111FTJ	-1.8416938468767432	1.8416938468767399
ENOG4111FTQ	1.114527923674963	-1.114527923674962
ENOG4111FTW	-1.4424365986867955	1.442436598686793
ENOG4111FUM	0.4227675386752927	-0.42276753867529226
ENOG4111FV3	0.6776046894301212	-0.6776046894301202
ENOG4111FVC	-0.5708106612366572	0.5708106612366561
ENOG4111FVN	1.3918679816456263	-1.3918679816456245
ENOG4111FVX	0.6404360732816238	-0.6404360732816232
ENOG4111FVZ	-0.22433746236933308	0.2243374623693325
ENOG4111FW9	1.3243991935391486	-1.324399193539147
ENOG4111FXP	1.5284603180297656	-1.5284603180297633
ENOG4111FYQ	0.9408079548064169	-0.940807954806416
ENOG4111FZQ	0.5802459239986788	-0.5802459239986781
ENOG4111FZU	0.06476534134581503	-0.06476534134581541
ENOG4111G0A	-1.1851212227185872	1.1851212227185852
ENOG4111G10	-1.311050225325264	1.3110502253252616
ENOG4111G16	0.7788621846682308	-0.7788621846682299
ENOG4111G17	-0.43321963464431085	0.4332196346443099
ENOG4111G18	1.3007017223540922	-1.3007017223540904
ENOG4111G1G	-0.19465408036631288	0.19465408036631232
ENOG4111G1H	-0.8379360058535325	0.8379360058535309
ENOG4111G31	0.6930743243309568	-0.6930743243309561
ENOG4111G3C	0.5362140223026121	-0.5362140223026114
ENOG4111G3H	1.2379366949373216	-1.23793669493732
ENOG4111G3V	0.8882706743358304	-0.8882706743358296
ENOG4111G4N	-0.4095072054246888	0.4095072054246877
ENOG4111G4Y	0.5008839719923449	-0.5008839719923448
ENOG4111G5S	1.0404629486686967	-1.0404629486686954
ENOG4111G5T	0.9030820520204119	-0.9030820520204106
ENOG4111G61	-1.4959306574607167	1.495930657460714
ENOG4111G7C	-1.253093356564498	1.2530933565644957
ENOG4111G8A	-0.35625436515566866	0.3562543651556679
ENOG4111G92	0.43012019680076763	-0.43012019680076696
ENOG4111GA9	1.3989539301922707	-1.398953930192269
ENOG4111GAC	1.2955342709887705	-1.2955342709887692
ENOG4111GAY	-1.1578177276521073	1.1578177276521053
ENOG4111GBT	0.5020902011951907	-0.5020902011951903
ENOG4111GD2	-0.7067499662563196	0.7067499662563183
ENOG4111GD4	1.166299705470256	-1.1662997054702544
ENOG4111GE1	0.21895201373983766	-0.2189520137398378
ENOG4111GE3	1.6230710050629018	-1.6230710050628998
ENOG4111GEP	0.5743511356190786	-0.5743511356190777
ENOG4111GFD	0.3563534835263112	-0.35635348352631085
ENOG4111GFI	0.15890175209030566	-0.1589017520903054
ENOG4111GG1	-1.7922634284557162	1.792263428455713
ENOG4111GGU	-0.19440269509755842	0.19440269509755764
ENOG4111GHH	1.143027359485725	-1.1430273594857236
ENOG4111GIZ	-0.4289669227625442	0.4289669227625433
ENOG4111GJ1	-1.0211278479965333	1.0211278479965313
ENOG4111GJG	-1.535040179291378	1.535040179291375
ENOG4111GJN	1.3058127932544903	-1.3058127932544887
ENOG4111GJX	0.9760343745776481	-0.976034374577647
ENOG4111GKT	1.624205502754042	-1.6242055027540399
ENOG4111GM9	1.5882149240644403	-1.588214924064439
ENOG4111GMQ	0.16979155298983056	-0.16979155298983076
ENOG4111GMZ	-1.3695583122917714	1.369558312291769
ENOG4111GNT	1.3387569511293202	-1.3387569511293183
ENOG4111GPX	0.9729479237967964	-0.9729479237967952
ENOG4111GQ4	1.5776985183532504	-1.577698518353248
ENOG4111GSI	1.4806755062963475	-1.480675506296345
ENOG4111GTX	1.4528988962190965	-1.4528988962190943
ENOG4111GTZ	-1.523478083779692	1.5234780837796893
ENOG4111GU7	0.2770849935276399	-0.2770849935276397
ENOG4111GUC	1.2991495287450212	-1.2991495287450199
ENOG4111GUV	1.314595782548739	-1.3145957825487375
ENOG4111GVH	1.3464626070961647	-1.346462607096163
ENOG4111GVS	0.011451231445778998	-0.011451231445779217
ENOG4111GVV	-1.097526305078899	1.097526305078897
ENOG4111GW7	-2.168840362140627	2.1688403621406236
ENOG4111GXT	0.7768373966700273	-0.7768373966700265
ENOG4111GY0	1.1265856914043741	-1.1265856914043728
ENOG4111GYN	0.8112848032351733	-0.8112848032351723
ENOG4111GYS	-0.43197280599480664	0.4319728059948057
ENOG4111H02	0.3997663379773207	-0.39976633797732053
ENOG4111H0I	0.4302604503887168	-0.4302604503887166
ENOG4111H1A	0.13093771911960245	-0.13093771911960225
ENOG4111H27	-1.9155594246784429	1.9155594246784395
ENOG4111H2E	1.2450613192884887	-1.2450613192884872
ENOG4111H2F	1.5248784528866328	-1.5248784528866304
ENOG4111H2T	-0.08055147297062337	0.08055147297062278
ENOG4111H33	0.9932086137429303	-0.9932086137429293
ENOG4111H3B	-0.03311164365883153	0.033111643658830764
ENOG4111H3W	0.1486501321307519	-0.14865013213075215
ENOG4111H48	0.8376625712878292	-0.8376625712878284
ENOG4111H4F	-1.9613065503722233	1.96130655037222
ENOG4111H4R	-1.508378794096016	1.5083787940960134
ENOG4111H4X	-0.13063457052826918	0.13063457052826852
ENOG4111H5G	0.81070113382608	-0.8107011338260787
ENOG4111H5S	-1.3001883845764615	1.3001883845764592
ENOG4111H5W	1.11835807918095	-1.1183580791809482
ENOG4111H63	0.9340384928138885	-0.9340384928138876
ENOG4111H69	-0.7495291447756123	0.7495291447756106
ENOG4111H6E	-0.10686186568639906	0.10686186568639842
ENOG4111H6F	-0.2576250377122603	0.2576250377122594
ENOG4111H7A	0.9947552542143979	-0.9947552542143967
ENOG4111H7S	-1.812499604816349	1.812499604816346
ENOG4111H83	-2.04430443629788	2.044304436297877
ENOG4111H8F	-0.06551215641912447	0.06551215641912389
ENOG4111H9C	0.20749179957512243	-0.20749179957512257
ENOG4111HA8	-0.4118565942707775	0.41185659427077637
ENOG4111HAD	-0.5740273218977229	0.5740273218977214
ENOG4111HAN	-0.033710067461662496	0.033710067461662205
ENOG4111HAW	0.5596846730015277	-0.5596846730015274
ENOG4111HCS	0.48371373964292114	-0.48371373964292086
ENOG4111HE2	-1.6394432355966317	1.639443235596629
ENOG4111HEP	-0.5180379554247037	0.5180379554247027
ENOG4111HER	-0.24808088217093527	0.24808088217093466
ENOG4111HF4	0.42978091199121016	-0.4297809119912095
ENOG4111HFM	-1.0598393060910367	1.0598393060910347
ENOG4111HFP	1.2173839186969115	-1.2173839186969102
ENOG4111HGD	0.23920468635835465	-0.2392046863583545
ENOG4111HGP	1.018495392542603	-1.0184953925426024
ENOG4111HHM	1.6048235794428916	-1.6048235794428891
ENOG4111HIQ	0.40196532153745285	-0.40196532153745274
ENOG4111HJM	0.8733138902878921	-0.8733138902878914
ENOG4111HK2	-0.6950676510715523	0.695067651071551
ENOG4111HK7	0.9502107363945166	-0.9502107363945156
ENOG4111HM9	1.3627607057478155	-1.3627607057478135
ENOG4111HN2	0.5342848507439649	-0.5342848507439646
ENOG4111HNE	0.4895320798176422	-0.4895320798176419
ENOG4111HPT	-1.8254495794381955	1.8254495794381924
ENOG4111HQM	1.417949329188771	-1.4179493291887695
ENOG4111HR5	-0.2710753297175024	0.27107532971750176
ENOG4111HS0	-0.33971798460654157	0.33971798460654085
ENOG4111HT5	-1.505543412957019	1.5055434129570167
ENOG4111HTB	1.6080501262663576	-1.6080501262663554
ENOG4111HU9	-0.38140396300558316	0.3814039630055821
ENOG4111HUD	1.3053832456685492	-1.305383245668548
ENOG4111HWF	-1.712697030009916	1.712697030009913
ENOG4111HX4	0.18128632009528955	-0.1812863200952895
ENOG4111HYA	1.3002865002711976	-1.3002865002711959
ENOG4111HYX	1.294040372483259	-1.2940403724832579
ENOG4111I00	0.06629979288914158	-0.06629979288914195
ENOG4111I08	-0.5831535151225025	0.5831535151225014
ENOG4111I0A	-0.5658759903167867	0.5658759903167856
ENOG4111I17	0.9350723279802878	-0.9350723279802865
ENOG4111I1P	-1.6050520164031075	1.6050520164031048
ENOG4111I4B	0.30109627116808346	-0.30109627116808324
ENOG4111I4C	1.0706965285471757	-1.0706965285471741
ENOG4111I5I	0.417569269463055	-0.4175692694630546
ENOG4111I5Z	1.3130973728901822	-1.3130973728901807
ENOG4111I84	0.6373369649057048	-0.637336964905704
ENOG4111I8C	1.5260172781834254	-1.526017278183424
ENOG4111I91	-0.9022077409834554	0.9022077409834537
ENOG4111I9X	-0.5473694991865107	0.5473694991865093
ENOG4111IA1	-0.5137853533064244	0.5137853533064234
ENOG4111IA6	-1.3181377673616301	1.318137767361628
ENOG4111IAA	1.1084537847594484	-1.1084537847594473
ENOG4111IAR	-0.3733951305746184	0.37339513057461754
ENOG4111IB3	0.9863598616423499	-0.9863598616423489
ENOG4111IB8	0.8514518768485276	-0.8514518768485267
ENOG4111IBG	0.03666801524468842	-0.0366680152446886
ENOG4111ICB	-1.3387435617269563	1.3387435617269539
ENOG4111ICX	-0.8325706380702507	0.8325706380702492
ENOG4111IDI	1.0306496255802517	-1.0306496255802504
ENOG4111IEF	-2.1436458142613617	2.143645814261358
ENOG4111IEY	1.3729314093845568	-1.3729314093845553
ENOG4111IFW	0.053053488346979746	-0.053053488346980135
ENOG4111IGF	0.6856113684026962	-0.6856113684026954
ENOG4111IGG	1.5665692927426882	-1.5665692927426864
ENOG4111IGP	0.9608116194977934	-0.9608116194977926
ENOG4111IHQ	-0.047267294612815376	0.04726729461281531
ENOG4111IIE	-0.09270740151520883	0.09270740151520845
ENOG4111IIQ	-1.4458331926141188	1.4458331926141161
ENOG4111IJ4	-0.039162288094898634	0.039162288094898336
ENOG4111IJY	-0.2788900039644211	0.27889000396442043
ENOG4111IK7	0.9832566728681075	-0.9832566728681065
ENOG4111IKE	-0.7133488654476567	0.7133488654476552
ENOG4111IKU	-2.001769033806178	2.0017690338061747
ENOG4111IKW	-0.6319379244961273	0.6319379244961258
ENOG4111IKZ	0.5305289334014368	-0.5305289334014365
ENOG4111IM0	0.7710324648967485	-0.7710324648967476
ENOG4111IN2	0.7882287445846409	-0.7882287445846399
ENOG4111IN8	-0.23141524282800252	0.23141524282800216
ENOG4111IP0	0.29987316213011983	-0.29987316213011983
ENOG4111IP4	0.8485928915307691	-0.8485928915307678
ENOG4111IP5	0.48498803955858544	-0.48498803955858494
ENOG4111IPB	0.0830654515032617	-0.08306545150326204
ENOG4111IR8	0.5570781064622076	-0.5570781064622072
ENOG4111IRN	0.04645336566094039	-0.04645336566094055
ENOG4111IRS	-1.809996831740446	1.809996831740443
ENOG4111IS1	-1.135003174566074	1.1350031745660718
ENOG4111ISA	-0.6680915044113025	0.6680915044113012
ENOG4111ISF	0.6243276687814515	-0.6243276687814513
ENOG4111ISM	0.5870933646548698	-0.5870933646548692
ENOG4111IT9	-1.168385569539899	1.1683855695398968
ENOG4111ITI	-0.46389190282337567	0.4638919028233747
ENOG4111ITU	0.6319208657408559	-0.6319208657408557
ENOG4111IU3	-0.9118542306578811	0.9118542306578792
ENOG4111IU5	0.05415290805804577	-0.0541529080580464
ENOG4111IU6	1.1526378810900757	-1.1526378810900744
ENOG4111IV5	1.0830100094420871	-1.0830100094420865
ENOG4111IV9	0.573814919482459	-0.5738149194824583
ENOG4111IVG	0.9288481598740139	-0.9288481598740125
ENOG4111IW4	-1.1331948954120479	1.1331948954120457
ENOG4111IW5	0.14861712150178458	-0.14861712150178435
ENOG4111IWS	-0.3501064440474009	0.3501064440474001
ENOG4111IWU	0.6060346028467363	-0.6060346028467358
ENOG4111IX6	-0.9096880073344977	0.9096880073344958
ENOG4111IXV	0.8522777132004339	-0.8522777132004331
ENOG4111IYF	-0.3659109623402563	0.36591096234025544
ENOG4111IYW	0.6394889926317652	-0.6394889926317644
ENOG4111IZ8	0.7534666593256277	-0.7534666593256271
ENOG4111IZM	0.15716210576400508	-0.15716210576400533
ENOG4111IZQ	-0.9898757472671885	0.9898757472671867
ENOG4111IZY	-0.6952951247276278	0.6952951247276264
ENOG4111J02	-0.01578026507408114	0.015780265074080875
ENOG4111J09	0.8372200867785733	-0.8372200867785722
ENOG4111J0I	-1.3293211557784625	1.3293211557784603
ENOG4111J0Q	0.8779299070281654	-0.8779299070281643
ENOG4111J0S	0.6144638137159155	-0.6144638137159147
ENOG4111J12	-0.19016474311432588	0.19016474311432513
ENOG4111J14	1.443064833356428	-1.4430648333564267
ENOG4111J1J	0.5984771001549789	-0.598477100154978
ENOG4111J1Q	-0.11820428657723195	0.1182042865772313
ENOG4111J2V	-0.2658109785588181	0.2658109785588169
ENOG4111J32	0.3893712574201036	-0.3893712574201034
ENOG4111J3F	-0.7528571019716604	0.7528571019716588
ENOG4111J47	-1.2682567156725926	1.2682567156725904
ENOG4111J4C	-0.29876290429238334	0.29876290429238217
ENOG4111J4F	1.4580348506650678	-1.458034850665066
ENOG4111J59	0.01773230650676412	-0.017732306506764568
ENOG4111J5S	-0.11727890501284591	0.11727890501284526
ENOG4111J6J	1.2403948309069481	-1.2403948309069466
ENOG4111J8I	1.313262894678712	-1.3132628946787106
ENOG4111J8J	-1.6167245097291876	1.6167245097291845
ENOG4111J8P	1.1110258131205322	-1.111025813120531
ENOG4111J9E	1.6772487197500758	-1.6772487197500732
ENOG4111JA0	-0.9026277976223765	0.9026277976223749
ENOG4111JA9	-0.7140734438385231	0.7140734438385218
ENOG4111JAF	0.6030376283492622	-0.6030376283492618
ENOG4111JE9	-1.602232478573097	1.6022324785730944
ENOG4111JEF	0.5058938881034012	-0.5058938881034012
ENOG4111JEI	-0.9380472170864236	0.9380472170864217
ENOG4111JF2	-1.6880508593528813	1.688050859352878
ENOG4111JF4	-2.00260515369553	2.0026051536955265
ENOG4111JF9	-1.1922703210148822	1.19227032101488
ENOG4111JFU	0.26105984508108065	-0.26105984508108027
ENOG4111JG6	0.5204709773174323	-0.520470977317432
ENOG4111JGF	0.3114379770053706	-0.31143797700537035
ENOG4111JH1	-1.6994788577638897	1.6994788577638869
ENOG4111JHW	1.418639765379864	-1.4186397653798621
ENOG4111JJ1	-0.14177780684291513	0.1417778068429147
ENOG4111JJC	-0.2661028883279201	0.2661028883279197
ENOG4111JJK	1.0934033386299722	-1.093403338629971
ENOG4111JM7	-0.3377706748867163	0.3377706748867155
ENOG4111JMY	1.7273647637376324	-1.7273647637376295
ENOG4111JNB	-1.8487403917854013	1.848740391785398
ENOG4111JPB	-0.6659281672920007	0.6659281672919994
ENOG4111JRE	0.8147454722421102	-0.8147454722421094
ENOG4111JRQ	0.9752261465614834	-0.9752261465614825
ENOG4111JRX	0.5683514091437453	-0.5683514091437444
ENOG4111JSY	-1.1367695412399985	1.1367695412399963
ENOG4111JTA	0.20031523708116883	-0.20031523708116852
ENOG4111JTP	-1.1216617241462692	1.1216617241462674
ENOG4111JUF	0.6686551386609779	-0.6686551386609776
ENOG4111JVQ	1.410600555760332	-1.41060055576033
ENOG4111JW6	-1.0969250050880752	1.096925005088073
ENOG4111JXQ	-1.6864090534110572	1.6864090534110538
ENOG4111JXV	-0.9171615999866312	0.9171615999866293
ENOG4111JY3	1.0142967615403409	-1.0142967615403398
ENOG4111JZ3	0.9937962217518039	-0.9937962217518032
ENOG4111JZY	0.4422213461694205	-0.44222134616941977
ENOG4111K10	-0.937467306035404	0.9374673060354021
ENOG4111K11	1.3886810775994876	-1.3886810775994858
ENOG4111K1F	-0.13959541042895948	0.1395954104289588
ENOG4111K1X	0.8008841532022741	-0.8008841532022731
ENOG4111K2Z	1.2623029898749745	-1.2623029898749731
ENOG4111K3A	0.8692296560918862	-0.8692296560918851
ENOG4111K3U	1.3004381717196427	-1.3004381717196412
ENOG4111K4P	0.10784065090355158	-0.10784065090355142
ENOG4111K5F	-0.5164362397475333	0.5164362397475319
ENOG4111K60	-0.04344618126123837	0.04344618126123784
ENOG4111K68	1.1761194197807536	-1.1761194197807519
ENOG4111K7U	0.3163535039943034	-0.3163535039943029
ENOG4111KAC	1.020400508054352	-1.0204005080543506
ENOG4111KAX	-0.8965937182118987	0.8965937182118972
ENOG4111KBU	-1.4826878708618851	1.4826878708618827
ENOG4111KC4	-0.9912993870027166	0.9912993870027146
ENOG4111KCB	1.3215108975722798	-1.3215108975722785
ENOG4111KET	0.6319991473299409	-0.6319991473299404
ENOG4111KFV	-0.25111094645465265	0.25111094645465204
ENOG4111KHV	-0.9601614439078677	0.9601614439078657
ENOG4111KIA	-0.5212260928995923	0.5212260928995911
ENOG4111KIH	-0.48941779284329573	0.48941779284329473
ENOG4111KIY	1.1593399646986635	-1.159339964698662
ENOG4111KK4	0.14174617596094097	-0.141746175960941
ENOG4111KKM	0.37130124935000197	-0.3713012493500014
ENOG4111KMZ	-0.39033737853547806	0.39033737853547695
ENOG4111KNJ	-0.21073743113139304	0.21073743113139248
ENOG4111KPG	-0.1585171482057212	0.15851714820572047
ENOG4111KPU	1.1872780697484742	-1.1872780697484726
ENOG4111KPX	0.309087098813999	-0.30908709881399876
ENOG4111KQ1	0.6905054917430804	-0.6905054917430795
ENOG4111KQ4	0.8638046802327877	-0.8638046802327868
ENOG4111KQG	-0.13771247512635795	0.13771247512635776
ENOG4111KQP	-0.031074057658896637	0.031074057658895878
ENOG4111KQS	0.9088958747585716	-0.9088958747585705
ENOG4111KR4	1.6219535931079927	-1.6219535931079907
ENOG4111KST	1.482958353666876	-1.482958353666874
ENOG4111KT7	1.7475738456407608	-1.747573845640759
ENOG4111KTA	-0.3069568267528256	0.3069568267528249
ENOG4111KUS	0.7016230101538423	-0.7016230101538414
ENOG4111KX6	-0.7224658217465282	0.7224658217465265
ENOG4111KXQ	0.0021141176502148078	-0.002114117650215515
ENOG4111KXW	-0.07054872343422512	0.07054872343422477
ENOG4111KZH	0.8196054685259226	-0.8196054685259219
ENOG4111M0T	-1.4879879287340396	1.4879879287340365
ENOG4111M0W	0.7128261283793177	-0.7128261283793172
ENOG4111M1F	0.9156676703436373	-0.9156676703436362
ENOG4111M1G	-1.302514020363938	1.3025140203639358
ENOG4111M2K	-0.43425190819960374	0.4342519081996026
ENOG4111M2M	-0.18188857463971067	0.18188857463970992
ENOG4111M32	-1.0840738231790592	1.0840738231790574
ENOG4111M3K	1.03590763271305	-1.035907632713049
ENOG4111M48	-0.18455591072188823	0.18455591072188723
ENOG4111M4M	0.7123854443126403	-0.7123854443126396
ENOG4111M65	0.5738605504242954	-0.573860550424295
ENOG4111M92	0.004356608342240738	-0.0043566083422414414
ENOG4111MAD	0.49406908200673916	-0.49406908200673866
ENOG4111MAU	-1.0571238682972084	1.0571238682972066
ENOG4111MD3	0.6422532288420864	-0.6422532288420858
ENOG4111MEE	1.162887186184565	-1.1628871861845635
ENOG4111MHG	0.8027405693153201	-0.8027405693153191
ENOG4111MJI	0.37203215768330183	-0.3720321576833015
ENOG4111MK0	0.9278407907360767	-0.9278407907360755
ENOG4111MKU	-1.2924860220097463	1.2924860220097438
ENOG4111MN7	1.4493295197488965	-1.4493295197488942
ENOG4111MNI	-1.8398737858501888	1.8398737858501852
ENOG4111MPH	-1.4104866554716766	1.4104866554716742
ENOG4111MQE	0.09318986628635789	-0.09318986628635799
ENOG4111MQQ	-1.5658044132969478	1.565804413296945
ENOG4111MSB	-0.09598557796533279	0.09598557796533265
ENOG4111MSD	0.7742867938290894	-0.7742867938290885
ENOG4111MSE	1.0248544233797603	-1.0248544233797594
ENOG4111MTK	0.0987225281141315	-0.09872252811413205
ENOG4111MUY	-0.5724615262682824	0.5724615262682813
ENOG4111MV5	-0.677543846725187	0.6775438467251854
ENOG4111MXV	0.33623449996803434	-0.3362344999680343
ENOG4111MY9	-0.522185336012062	0.522185336012061
ENOG4111N1T	-1.7304071393839096	1.7304071393839067
ENOG4111N38	-0.570912046513477	0.5709120465134757
ENOG4111N3J	-0.601659533424294	0.6016595334242928
ENOG4111N3T	-1.2178082982096199	1.217808298209618
ENOG4111N49	0.6639078775020798	-0.6639078775020789
ENOG4111N5F	1.0220276410204576	-1.022027641020456
ENOG4111N5G	-1.1481710692511473	1.1481710692511453
ENOG4111N5J	0.31167759686377366	-0.31167759686377366
ENOG4111N5P	-0.7618285387261938	0.7618285387261925
ENOG4111N5Z	0.40986810035407856	-0.4098681003540779
ENOG4111N65	-1.3431883993522458	1.3431883993522433
ENOG4111N6E	-0.9546857541038003	0.9546857541037985
ENOG4111N6F	-0.9347327877191028	0.9347327877191012
ENOG4111N74	-1.6639798901768879	1.663979890176885
ENOG4111N77	0.4561057094566117	-0.4561057094566112
ENOG4111N8X	0.1628543203766623	-0.1628543203766623
ENOG4111N9P	-1.314975533935629	1.3149755339356268
ENOG4111N9R	0.9540254044721906	-0.95402540447219
ENOG4111NAR	-0.1647292685935761	0.16472926859357512
ENOG4111NAW	-0.9811523744928298	0.981152374492828
ENOG4111NBJ	-1.0446058696024005	1.0446058696023988
ENOG4111NCC	-0.7157738743244592	0.7157738743244576
ENOG4111NCI	-0.10788620771606205	0.10788620771606189
ENOG4111NCU	1.1832261237915997	-1.1832261237915984
ENOG4111NDK	0.38148701719654377	-0.38148701719654343
ENOG4111NDW	0.4002234253911447	-0.40022342539114436
ENOG4111NDY	-0.6540712355717931	0.6540712355717916
ENOG4111NE3	-0.1356499574564254	0.13564995745642447
ENOG4111NE4	0.7285404923111221	-0.7285404923111212
ENOG4111NEM	-1.2800790858293554	1.2800790858293531
ENOG4111NFV	-2.050287993073061	2.0502879930730566
ENOG4111NGP	1.062803866438566	-1.0628038664385644
ENOG4111NHW	-0.3265908220597485	0.3265908220597475
ENOG4111NHY	-1.2268903420738186	1.2268903420738166
ENOG4111NIG	0.15601490382936606	-0.15601490382936653
ENOG4111NJ6	0.16068403923228797	-0.1606840392322882
ENOG4111NK7	0.06891001242994449	-0.06891001242994461
ENOG4111NKI	1.2907791351622189	-1.2907791351622175
ENOG4111NM0	-0.83436668061275	0.8343666806127482
ENOG4111NM2	-0.7070564206694042	0.7070564206694029
ENOG4111NPN	0.06573607027923514	-0.06573607027923552
ENOG4111NQ9	1.1655422488345475	-1.165542248834546
ENOG4111NSJ	-0.5358906486844403	0.535890648684439
ENOG4111NSM	-0.3609764262864892	0.3609764262864884
ENOG4111NUB	0.7376036009256204	-0.7376036009256197
ENOG4111NUM	0.8825044499129219	-0.8825044499129207
ENOG4111NVN	0.9650138160529236	-0.9650138160529225
ENOG4111NW5	-0.026660857722379805	0.026660857722379055
ENOG4111NX4	1.513505568775772	-1.5135055687757706
ENOG4111NXY	0.5357919106587968	-0.5357919106587961
ENOG4111NXZ	-1.1709173669119255	1.1709173669119235
ENOG4111NY9	0.9067154416278049	-0.9067154416278039
ENOG4111NYN	0.9668700135801179	-0.9668700135801168
ENOG4111NYT	-1.970152090018705	1.9701520900187017
ENOG4111NZ6	0.14987335527748358	-0.14987335527748383
ENOG4111NZ7	0.8186122691725121	-0.8186122691725112
ENOG4111NZA	-0.33793168141460117	0.33793168141460017
ENOG4111P1U	0.3482415775836835	-0.34824157758368346
ENOG4111P27	1.6484409110845113	-1.6484409110845089
ENOG4111P2A	0.048042398243325714	-0.048042398243326116
ENOG4111P3Q	-1.0186657578736293	1.0186657578736276
ENOG4111P40	1.1082709317860082	-1.1082709317860069
ENOG4111P5G	0.41039109718899314	-0.41039109718899275
ENOG4111P6H	0.43501284630435666	-0.43501284630435594
ENOG4111P6R	-0.45758443015671013	0.4575844301567092
ENOG4111P72	0.642206905304565	-0.6422069053045644
ENOG4111P7W	1.40747181356916	-1.4074718135691584
ENOG4111P8N	1.4552785353332864	-1.4552785353332847
ENOG4111P8P	0.245404415298067	-0.24540441529806709
ENOG4111P9X	1.6501498156275565	-1.6501498156275543
ENOG4111PAN	0.8016048314796977	-0.801604831479697
ENOG4111PAT	1.3876589630026501	-1.387658963002648
ENOG4111PBP	0.1217440996559303	-0.12174409965593035
ENOG4111PBW	1.1187049433061043	-1.118704943306103
ENOG4111PCU	0.64137485515639	-0.641374855156389
ENOG4111PCY	0.7694868163417685	-0.7694868163417676
ENOG4111PDN	0.6668874138372166	-0.6668874138372156
ENOG4111PE9	0.48621126248375884	-0.48621126248375857
ENOG4111PF0	-0.8610899347349311	0.8610899347349293
ENOG4111PFY	1.7238666931478457	-1.7238666931478441
ENOG4111PGF	1.3737861511577234	-1.3737861511577216
ENOG4111PGP	0.9653762290017629	-0.9653762290017618
ENOG4111PGV	1.1695536844020264	-1.1695536844020251
ENOG4111PHP	0.13242718792707867	-0.13242718792707872
ENOG4111PHS	1.0963062045118173	-1.0963062045118155
ENOG4111PIZ	0.9025209425800549	-0.9025209425800539
ENOG4111PJN	0.6386453188994566	-0.6386453188994557
ENOG4111PKH	0.5989492114829296	-0.5989492114829288
ENOG4111PKS	0.4446469717851124	-0.4446469717851122
ENOG4111PM0	-0.4437132944944352	0.44371329449443425
ENOG4111PN7	-0.18881937297698875	0.18881937297698848
ENOG4111PQG	-1.2638968126533903	1.263896812653388
ENOG4111PQH	-1.0569614665462934	1.0569614665462914
ENOG4111PR2	-0.3733289974513313	0.3733289974513305
ENOG4111PS2	-1.0652768587088912	1.0652768587088892
ENOG4111PSY	-0.2698875678294007	0.26988756782940004
ENOG4111PT3	-1.174607501933647	1.1746075019336448
ENOG4111PTK	1.1024714497578216	-1.1024714497578205
ENOG4111PTS	0.5203377227653012	-0.5203377227653009
ENOG4111PUJ	-0.03757834667754983	0.0375783466775493
ENOG4111PUW	-1.8655565027470395	1.8655565027470364
ENOG4111PV2	1.0463670232042097	-1.0463670232042084
ENOG4111PW0	1.2851924490633952	-1.2851924490633941
ENOG4111PXB	0.8837656678213356	-0.8837656678213348
ENOG4111PXI	-0.5987319420509569	0.5987319420509558
ENOG4111PZ8	0.33320805822556127	-0.333208058225561
ENOG4111PZR	0.4532257699001371	-0.45322576990013635
ENOG4111Q0R	1.5937535730572006	-1.5937535730571988
ENOG4111Q2P	1.2886365652145058	-1.2886365652145042
ENOG4111Q38	0.758277139759727	-0.7582771397597259
ENOG4111Q3E	-0.29402654954679547	0.2940265495467945
ENOG4111Q3F	0.7469982635427586	-0.7469982635427576
ENOG4111Q41	0.49200541312449303	-0.49200541312449225
ENOG4111Q4I	1.1180895990085788	-1.1180895990085775
ENOG4111Q5N	0.9948529945278317	-0.9948529945278306
ENOG4111Q8R	0.027296728635764444	-0.027296728635764878
ENOG4111Q8X	-1.9861241376695051	1.9861241376695014
ENOG4111Q95	0.24176555969634062	-0.24176555969634095
ENOG4111Q99	0.7907261478508869	-0.7907261478508862
ENOG4111Q9V	1.1978248494580537	-1.1978248494580528
ENOG4111QAP	-0.32410106363146196	0.32410106363146124
ENOG4111QB7	-0.0012884673483249218	0.001288467348324446
ENOG4111QCF	0.6055825142932881	-0.6055825142932875
ENOG4111QDA	-1.5593780967215645	1.5593780967215614
ENOG4111QED	0.8332959670127396	-0.8332959670127388
ENOG4111QEZ	-0.895339776430752	0.8953397764307501
ENOG4111QH7	-1.1224648550755394	1.1224648550755372
ENOG4111QI3	0.7825917643399636	-0.7825917643399628
ENOG4111QIE	-1.1293528996364006	1.1293528996363986
ENOG4111QIR	0.6488430587151099	-0.6488430587151092
ENOG4111QK2	-1.898471611318548	1.898471611318545
ENOG4111QKP	1.031844277804616	-1.0318442778046146
ENOG4111QM8	0.4897225467288088	-0.48972254672880833
ENOG4111QMH	-1.707460635942576	1.7074606359425732
ENOG4111QMM	0.8969882549733463	-0.8969882549733454
ENOG4111QNG	1.3907770755591486	-1.3907770755591469
ENOG4111QNK	-1.18930475785068	1.1893047578506777
ENOG4111QPB	1.2440302138408224	-1.244030213840821
ENOG4111QPQ	-0.7109954279280517	0.7109954279280504
ENOG4111QQI	-1.4829435528821744	1.482943552882172
ENOG4111QRJ	-1.5316508326214038	1.5316508326214007
ENOG4111QRM	-0.40566634080237324	0.40566634080237235
ENOG4111QSB	1.5211851175301856	-1.5211851175301843
ENOG4111QSP	0.3486848728320821	-0.34868487283208205
ENOG4111QVA	-1.1523750443648246	1.1523750443648224
ENOG4111QVX	0.6156933510179793	-0.6156933510179785
ENOG4111QWX	-0.26561717621185166	0.26561717621185077
ENOG4111QWZ	0.36548733230891217	-0.36548733230891156
ENOG4111QXE	1.4472091024008782	-1.4472091024008769
ENOG4111QY1	1.1487937034567333	-1.148793703456732
ENOG4111QZM	1.606410769266715	-1.6064107692667131
ENOG4111R0Z	0.4055775941165629	-0.405577594116563
ENOG4111R45	0.24347934735252122	-0.24347934735252108
ENOG4111R49	0.435416500137189	-0.4354165001371886
ENOG4111R4E	1.3520715636090521	-1.3520715636090508
ENOG4111R5D	-1.4472758741210248	1.4472758741210217
ENOG4111R5R	1.08930889379311	-1.0893088937931086
ENOG4111R75	1.2309540998299606	-1.230954099829959
ENOG4111R7X	1.4585751704081267	-1.4585751704081245
ENOG4111R8J	0.42403105104339955	-0.4240310510433994
ENOG4111R9X	1.083678136855952	-1.0836781368559505
ENOG4111RAU	-0.42926808223241053	0.42926808223240964
ENOG4111RAW	0.9485274994417203	-0.9485274994417193
ENOG4111RAY	-1.7931111723996822	1.793111172399679
ENOG4111RBN	0.815452273249667	-0.8154522732496657
ENOG4111RE7	1.1482802506307874	-1.148280250630786
ENOG4111RF9	0.7583009373631959	-0.7583009373631949
ENOG4111RG5	1.558357959952549	-1.558357959952547
ENOG4111RJG	-1.5654520706247839	1.565452070624781
ENOG4111RK4	0.500891613314679	-0.5008916133146782
ENOG4111RK5	0.08120959536302806	-0.08120959536302817
ENOG4111RMG	1.0924530640845527	-1.0924530640845513
ENOG4111RP5	0.2884197079429598	-0.28841970794295957
ENOG4111RPR	0.9579467473134825	-0.9579467473134812
ENOG4111RQG	-0.765929939491675	0.7659299394916733
ENOG4111RR2	-0.2855724321622329	0.285572432162232
ENOG4111RTN	0.9922193200294162	-0.9922193200294149
ENOG4111RVG	0.9803882271399266	-0.9803882271399258
ENOG4111RVU	-1.1715753923756806	1.1715753923756786
ENOG4111RXV	-0.5523458258697962	0.552345825869795
ENOG4111RXW	0.13624249058474092	-0.1362424905847412
ENOG4111S03	0.7613186405147541	-0.7613186405147534
ENOG4111S0N	1.6578218506255171	-1.6578218506255151
ENOG4111S0X	-2.079805369799295	2.079805369799292
ENOG4111S28	1.4480045045413583	-1.448004504541357
ENOG4111S2E	-1.1265187925879856	1.1265187925879836
ENOG4111S4M	0.36852261585107765	-0.3685226158510778
ENOG4111S5U	0.6709640595431617	-0.670964059543161
ENOG4111S5Y	-2.135084297728124	2.13508429772812
ENOG4111S7S	1.3682407283151012	-1.3682407283150997
ENOG4111S80	-1.0460951968328245	1.0460951968328227
ENOG4111S85	-0.5494178931594678	0.5494178931594665
ENOG4111SF2	1.7228302661011778	-1.722830266101176
ENOG4111SHZ	0.36705464746158417	-0.36705464746158406
ENOG4111SI6	0.12558575808561276	-0.12558575808561304
ENOG4111SIP	0.27851330644300504	-0.27851330644300487
ENOG4111SIZ	0.1933022609353319	-0.1933022609353316
ENOG4111SNC	1.2980510201434832	-1.2980510201434816
ENOG4111SP3	0.7179260832152056	-0.7179260832152049
ENOG4111SQY	1.5998336614029127	-1.5998336614029112
ENOG4111SS3	-0.3400307710675087	0.3400307710675077
ENOG4111ST7	-0.5366363116215385	0.5366363116215371
ENOG4111STI	0.015113850772314646	-0.01511385077231486
ENOG4111SUH	0.9731311857944153	-0.9731311857944142
ENOG4111SVA	1.2219942299605395	-1.221994229960538
ENOG4111SWE	-0.9444988722747639	0.9444988722747619
ENOG4111SXP	0.2152971735205143	-0.21529717352051422
ENOG4111SZ8	-1.2348494234579446	1.2348494234579426
ENOG4111SZV	-0.7217574655299037	0.7217574655299024
ENOG4111T16	-1.605812786401908	1.6058127864019054
ENOG4111T25	-0.9632001183206804	0.9632001183206786
ENOG4111T3F	-1.6093462325495267	1.609346232549524
ENOG4111T3U	1.1539571454939281	-1.153957145493927
ENOG4111T45	0.47037836292094637	-0.4703783629209461
ENOG4111T81	0.2265583195817199	-0.22655831958172
ENOG4111T85	0.053310318597439905	-0.053310318597440294
ENOG4111TA0	0.4822239002461824	-0.4822239002461824
ENOG4111TA5	-1.5506906085351522	1.5506906085351495
ENOG4111TCK	-0.018124632665728023	0.018124632665727284
ENOG4111TEE	0.6338823067821802	-0.6338823067821796
ENOG4111TF8	1.3752675915247394	-1.3752675915247379
ENOG4111THK	-0.028153053650107188	0.02815305365010691
ENOG4111TI2	0.7721077762387771	-0.7721077762387766
ENOG4111TM1	-0.12474854026495433	0.12474854026495413
ENOG4111TMT	0.3146943305399825	-0.31469433053998247
ENOG4111TP8	0.5535168233894822	-0.5535168233894814
ENOG4111TPB	-1.069684143463856	1.0696841434638542
ENOG4111TPH	0.09309864163767803	-0.09309864163767811
ENOG4111TPP	1.7143599769651356	-1.7143599769651339
ENOG4111TPW	1.2451217408026118	-1.2451217408026105
ENOG4111TQ2	0.35567198828699564	-0.3556719882869956
ENOG4111TQP	1.5226050027180793	-1.5226050027180769
ENOG4111TR8	-0.6986015906246327	0.6986015906246313
ENOG4111TT5	0.8719350342842506	-0.8719350342842495
ENOG4111TUC	-0.6081032923425019	0.6081032923425005
ENOG4111TV5	-0.5195471554113464	0.5195471554113451
ENOG4111TV7	-0.4340200400617968	0.4340200400617956
ENOG4111TVE	-0.14852626606933156	0.14852626606933086
ENOG4111TVJ	0.9822971604900288	-0.982297160490028
ENOG4111TVT	-1.2665933267797291	1.266593326779727
ENOG4111TW4	-1.9687318369273614	1.9687318369273579
ENOG4111TYD	1.4148293974560875	-1.4148293974560862
ENOG4111TZE	-0.9867951314793797	0.986795131479378
ENOG4111TZK	0.31561539962977214	-0.31561539962977164
ENOG4111TZS	1.2843574303301466	-1.2843574303301446
ENOG4111U0C	0.4168065495932837	-0.4168065495932831
ENOG4111U0Q	-1.6366635210502023	1.6366635210501994
ENOG4111U0V	1.1899606754677932	-1.1899606754677918
ENOG4111U16	-1.0267619614175387	1.026761961417537
ENOG4111U17	-0.17090410193693328	0.17090410193693253
ENOG4111U1N	1.7069394322961662	-1.7069394322961642
ENOG4111U22	-0.09974267274160505	0.09974267274160442
ENOG4111U2D	-0.0651259875141329	0.06512598751413233
ENOG4111U31	-1.0785166492767204	1.0785166492767182
ENOG4111U3E	-1.5292297742756282	1.5292297742756253
ENOG4111U3N	-2.1307661408159433	2.1307661408159397
ENOG4111U4X	-0.6614611193195202	0.6614611193195187
ENOG4111U6H	-1.367039091286365	1.3670390912863626
ENOG4111U6K	-1.7811231124479399	1.7811231124479363
ENOG4111U7C	1.3425026984107904	-1.3425026984107888
ENOG4111U7F	0.26716286617437324	-0.2671628661743733
ENOG4111U8H	0.39602655773297113	-0.39602655773297074
ENOG4111U9I	1.2021487214353141	-1.2021487214353126
ENOG4111UAD	1.641837845284321	-1.6418378452843196
ENOG4111UBA	1.0618645989298443	-1.061864598929843
ENOG4111UC1	-0.7316039178925046	0.731603917892503
ENOG4111UC5	0.811645064531826	-0.8116450645318254
ENOG4111UDF	0.4692463130436122	-0.46924631304361214
ENOG4111UDY	-1.3319915820135486	1.3319915820135464
ENOG4111UEA	1.6527884144572154	-1.6527884144572136
ENOG4111UEH	-0.49371784548172637	0.49371784548172537
ENOG4111UEU	-0.3266841942544051	0.3266841942544043
ENOG4111UF3	-0.060496475183141316	0.06049647518314098
ENOG4111UFC	0.9513207271973967	-0.9513207271973956
ENOG4111UIG	-0.614797521496869	0.6147975214968676
ENOG4111UIN	0.3443151385076862	-0.34431513850768614
ENOG4111UIX	0.06658892225567756	-0.06658892225567817
ENOG4111UJ1	1.3063410601816563	-1.3063410601816547
ENOG4111UPA	0.9250643500126954	-0.9250643500126942
ENOG4111UPR	0.047889044036540186	-0.04788904403654011
ENOG4111UPV	0.7092421960265736	-0.7092421960265728
ENOG4111UPZ	0.22174508773564874	-0.22174508773564888
ENOG4111UQ3	-1.537953142279001	1.5379531422789985
ENOG4111UQ8	0.17769154299758272	-0.17769154299758266
ENOG4111URC	0.48422815864560287	-0.48422815864560237
ENOG4111URS	0.31648167835451424	-0.316481678354514
ENOG4111URT	0.487820289180126	-0.4878202891801252
ENOG4111UTK	0.2030547453393501	-0.2030547453393498
ENOG4111UTW	-0.5437538200312295	0.5437538200312283
ENOG4111UW1	-1.883926467015297	1.883926467015294
ENOG4111UWB	1.3299395507414669	-1.329939550741465
ENOG4111UWD	1.5869702595449287	-1.5869702595449267
ENOG4111UWQ	0.10485360472583435	-0.10485360472583442
ENOG4111UX1	-0.29847738379837035	0.2984773837983699
ENOG4111UXB	-0.8776358846489031	0.8776358846489014
ENOG4111UXR	-0.5100908621964497	0.5100908621964486
ENOG4111UXX	-0.3386315409649187	0.3386315409649177
ENOG4111UY6	1.7867510400809041	-1.7867510400809017
ENOG4111UYB	0.18113329282059362	-0.18113329282059382
ENOG4111UYD	0.8488391874862565	-0.8488391874862554
ENOG4111UYM	-0.8660731611111485	0.8660731611111467
ENOG4111UYV	0.1934478648308753	-0.1934478648308755
ENOG4111V0N	-0.8967672932412875	0.8967672932412858
ENOG4111V0R	0.9584157741230417	-0.9584157741230405
ENOG4111V1K	-0.3950862605430248	0.39508626054302376
ENOG4111V3E	-0.10282007129200392	0.10282007129200353
ENOG4111V4C	0.2893913191428396	-0.28939131914283966
ENOG4111V59	0.6265890084451139	-0.6265890084451134
ENOG4111V6N	-1.193857987628023	1.193857987628021
ENOG4111V6P	0.7779295177979236	-0.7779295177979224
ENOG4111V9E	1.2066354642944797	-1.206635464294478
ENOG4111VB8	0.6759033112460865	-0.6759033112460856
ENOG4111VCA	-1.3879757954542877	1.3879757954542853
ENOG4111VDB	-1.0125596948834794	1.0125596948834774
ENOG4111VDF	0.5144478233858262	-0.5144478233858254
ENOG4111VDI	1.1690673971887486	-1.1690673971887469
ENOG4111VEY	1.5759762155574488	-1.575976215557447
ENOG4111VF0	-0.21537331507083918	0.21537331507083862
ENOG4111VF3	-1.8024148040287986	1.8024148040287955
ENOG4111VFN	-0.887523827306886	0.8875238273068844
ENOG4111VGM	0.3271128441206841	-0.3271128441206841
ENOG4111VGN	-0.9575745848003735	0.9575745848003718
ENOG4111VHI	-0.548423668564765	0.5484236685647639
ENOG4111VIT	-0.061396041271420954	0.06139604127142062
ENOG4111VJV	0.3994845231389622	-0.3994845231389623
ENOG4111VPR	-1.9900883946541248	1.9900883946541212
ENOG4111VPT	1.4919091036060192	-1.491909103606018
ENOG4111VQ2	1.0809944702862886	-1.080994470286287
ENOG4111VQX	0.6277487439897872	-0.6277487439897864
ENOG4111VSQ	-0.6874177716877956	0.6874177716877943
ENOG4111VT6	0.002099943631620796	-0.002099943631620793
ENOG4111VUA	0.6832243210859754	-0.6832243210859749
ENOG4111VW1	0.10925269850436603	-0.10925269850436586
ENOG4111VWJ	-1.1791212350233087	1.1791212350233065
ENOG4111VWX	0.39379483813062277	-0.3937948381306224
ENOG4111VXK	-1.0570675389266064	1.0570675389266042
ENOG4111VXM	0.974202653591725	-0.974202653591724
ENOG4111VZ8	1.5830278037206529	-1.583027803720651
ENOG4111VZN	-1.7924719730223595	1.7924719730223564
ENOG4111W16	-1.844880074740828	1.8448800747408247
ENOG4111W1A	0.5708834412647595	-0.5708834412647587
ENOG4111W24	-0.19276602198949638	0.19276602198949586
ENOG4111W4E	0.7723961906806524	-0.7723961906806519
ENOG4111W74	0.046487176870150915	-0.04648717687015108
ENOG4111W7K	-0.65699548931867	0.6569954893186688
ENOG4111W94	0.9350149905246858	-0.935014990524685
ENOG4111W9B	-0.808750845653379	0.8087508456533772
ENOG4111WA6	-1.4155379827702244	1.4155379827702217
ENOG4111WBC	-1.3026121797073853	1.302612179707383
ENOG4111WBG	1.3488927541289457	-1.348892754128944
ENOG4111WCM	0.6724275094631125	-0.6724275094631117
ENOG4111WCW	-2.0623692108049703	2.0623692108049676
ENOG4111WCX	-0.2793060295792547	0.2793060295792538
ENOG4111WDD	-2.023436648680191	2.023436648680188
ENOG4111WE9	-1.947177346159726	1.9471773461597226
ENOG4111WEQ	0.5359343535183909	-0.5359343535183906
ENOG4111WH3	0.02201877424562319	-0.02201877424562339
ENOG4111WHE	1.4746110640383643	-1.474611064038362
ENOG4111WKA	0.7306096492673289	-0.730609649267328
ENOG4111WKC	1.3290278958701869	-1.3290278958701853
ENOG4111WM5	1.2899374596999473	-1.289937459699946
ENOG4111WP6	-0.125543508862836	0.12554350886283555
ENOG4111WPT	0.8491406940393067	-0.8491406940393059
ENOG4111WR2	0.8577665244507646	-0.8577665244507641
ENOG4111WSW	-1.3466723183831935	1.346672318383191
ENOG4111WT0	1.4457051918256696	-1.4457051918256683
ENOG4111WVZ	1.2374627214347436	-1.237462721434742
ENOG4111WWI	-0.12190679206283071	0.12190679206283006
ENOG4111WYU	1.0173386969087543	-1.0173386969087532
ENOG4111X18	1.0045476340435582	-1.004547634043557
ENOG4111X1G	-1.111265023787139	1.111265023787137
ENOG4111X1U	1.1745318449906927	-1.1745318449906912
ENOG4111X32	-0.9024709450066595	0.9024709450066578
ENOG4111X4R	-0.030260641613805966	0.030260641613805445
ENOG4111X4U	1.0489709596103836	-1.0489709596103827
ENOG4111X4W	1.008385705383588	-1.0083857053835867
ENOG4111X5A	0.7226874069681991	-0.7226874069681984
ENOG4111X6B	-0.018197234955617116	0.01819723495561685
ENOG4111X7Q	0.18012436330503437	-0.18012436330503456
ENOG4111X8M	-0.36677446244477085	0.3667744624447701
ENOG4111X93	0.6312331557398767	-0.6312331557398763
ENOG4111X9N	0.9579194907677645	-0.9579194907677631
ENOG4111X9P	-1.830775518747844	1.8307755187478412
ENOG4111XA1	1.5208891602157615	-1.5208891602157597
ENOG4111XBZ	-0.91045132345311	0.9104513234531081
ENOG4111XE1	-0.13952964674433196	0.1395296467443313
ENOG4111XEB	-0.4831436524405171	0.4831436524405161
ENOG4111XG8	-1.2504847465044306	1.2504847465044286
ENOG4111XGE	0.0070214315423260615	-0.007021431542326288
ENOG4111XHJ	1.3870541843586153	-1.3870541843586135
ENOG4111XHQ	-0.44768094730614166	0.4476809473061407
ENOG4111XIQ	0.5838940342675882	-0.5838940342675878
ENOG4111XIY	-2.217084635485708	2.2170846354857043
ENOG4111XKI	-0.9340112083962152	0.9340112083962133
ENOG4111XM2	1.4292243035597052	-1.4292243035597034
ENOG4111XM6	1.0993368500582963	-1.0993368500582952
ENOG4111XQA	1.3011295195504393	-1.3011295195504375
ENOG4111XRY	-1.009662066235378	1.009662066235376
ENOG4111XT6	0.2737307237184518	-0.27373072371845164
ENOG4111XUI	-1.6548848471843447	1.654884847184342
ENOG4111XUP	1.4464851450279903	-1.4464851450279885
ENOG4111XX8	0.7445299038436489	-0.744529903843648
ENOG4111XY5	1.2291576407024902	-1.2291576407024885
ENOG4111XY8	0.004090497352266173	-0.004090497352266404
ENOG4111XYH	-0.07461577515074279	0.07461577515074266
ENOG4111XYI	-1.190552771270655	1.1905527712706527
ENOG4111XZ2	-1.836520122547934	1.8365201225479308
ENOG4111XZX	-0.5990973032362411	0.59909730323624
ENOG4111Y09	-0.8459133362132647	0.8459133362132629
ENOG4111Y1J	1.3478148676072148	-1.347814867607213
ENOG4111Y1Q	-1.8574416844573887	1.8574416844573851
ENOG4111Y4A	-1.611378395787471	1.611378395787468
ENOG4111Y5X	1.3536335215851547	-1.3536335215851534
ENOG4111Y98	0.926953403800285	-0.926953403800284
ENOG4111Y9T	1.5330378497489558	-1.533037849748954
ENOG4111Y9W	0.6300375673133611	-0.6300375673133607
ENOG4111YA8	0.9533898040641702	-0.9533898040641694
ENOG4111YAV	-0.22321917949702455	0.22321917949702372
ENOG4111YBH	1.4094504149577798	-1.4094504149577782
ENOG4111YBI	-0.885059846216081	0.8850598462160795
ENOG4111YCG	0.889244842386085	-0.8892448423860841
ENOG4111YCR	1.0127221039461505	-1.0127221039461494
ENOG4111YD2	-0.5805081884680168	0.5805081884680153
ENOG4111YD9	1.0947775941233313	-1.09477759412333
ENOG4111YFP	0.6204628279976072	-0.6204628279976064
ENOG4111YGG	-1.9334872848416245	1.933487284841621
ENOG4111YIZ	0.4203852627881124	-0.420385262788112
ENOG4111YJ7	1.1561390722299947	-1.1561390722299933
ENOG4111YKD	-0.4170078653038567	0.4170078653038558
ENOG4111YP9	0.139207750117292	-0.13920775011729225
ENOG4111YTX	-0.039859534225179946	0.03985953422517965
ENOG4111YW7	0.5584282503187689	-0.5584282503187685
ENOG4111YX5	1.4808026848575486	-1.4808026848575466
ENOG4111YYX	0.28986965403135667	-0.28986965403135695
ENOG4111YZU	0.2089316704973012	-0.20893167049730133
ENOG4111Z1T	1.3540207866204357	-1.3540207866204341
ENOG4111Z5W	0.024352298909696268	-0.024352298909696465
ENOG4111Z5Z	-1.8627390180045962	1.8627390180045929
ENOG4111Z9C	-0.8892735286600817	0.8892735286600798
ENOG4111Z9Q	1.3597754265370636	-1.359775426537062
ENOG4111ZBD	1.4849438757036315	-1.4849438757036295
ENOG4111ZBZ	-1.0960673720802243	1.0960673720802223
ENOG4111ZC3	0.2943633220321331	-0.29436332203213267
ENOG4111ZCE	1.1763783074797196	-1.1763783074797183
ENOG4111ZD2	0.6077462349738313	-0.6077462349738304
ENOG4111ZD8	-1.1165726516316659	1.116572651631664
ENOG4111ZGW	0.9631960744874876	-0.9631960744874865
ENOG4111ZH5	-1.2990190036091425	1.2990190036091402
ENOG4111ZHP	-0.6474551110331753	0.6474551110331738
ENOG4111ZJC	0.8662732722945244	-0.8662732722945238
ENOG4111ZNI	0.4575868995885885	-0.45758689958858806
ENOG4111ZNZ	-0.11399241922991919	0.11399241922991879
ENOG4111ZQ2	1.3710552386057786	-1.371055238605777
ENOG4111ZQX	1.3221462107100173	-1.3221462107100157
ENOG4111ZVK	-1.8790723873411772	1.8790723873411739
ENOG4111ZVU	0.16588109590259262	-0.16588109590259262
ENOG411200E	0.985476743484114	-0.9854767434841128
ENOG4112026	1.3497707090966264	-1.3497707090966249
ENOG411203M	-0.39377115619440867	0.39377115619440783
ENOG411204F	1.4621444683860099	-1.4621444683860076
ENOG4112069	0.35277529297379795	-0.35277529297379784
ENOG4112074	0.5044619966388407	-0.5044619966388402
ENOG411208F	1.5141282431522574	-1.5141282431522551
ENOG411208V	1.6556386728109118	-1.6556386728109096
ENOG41120AE	-1.2893825868644182	1.289382586864416
ENOG41120BI	-1.4177703917437128	1.4177703917437103
ENOG41120BR	-0.6214885451002506	0.6214885451002494
ENOG41120CV	-0.07522736537686299	0.07522736537686288
ENOG41120DG	1.452859081239635	-1.4528590812396336
ENOG41120GH	0.8089832458285771	-0.8089832458285765
ENOG41120K9	-0.24014493761171257	0.2401449376117117
ENOG41120M0	-0.3842209945469046	0.38422099454690356
ENOG41120Q3	1.3352331101804136	-1.335233110180412
ENOG41120VY	0.6720777262969824	-0.6720777262969818
ENOG411211N	-0.5066743091369313	0.5066743091369301
ENOG411214T	-1.2663701092500599	1.2663701092500577
ENOG411215N	-1.134868496614118	1.1348684966141158
ENOG411217B	-0.9786630064979633	0.9786630064979613
ENOG411218B	-1.9931635906832759	1.9931635906832725
ENOG411218C	0.09484918556451909	-0.09484918556451964
ENOG411218E	0.2669422672180751	-0.2669422672180747
ENOG41121A6	-0.5320142237530194	0.5320142237530182
ENOG41121A9	1.1832336784147302	-1.1832336784147288
ENOG41121AN	0.3712433071958791	-0.3712433071958788
ENOG41121DF	-0.5978335837988751	0.5978335837988736
ENOG41121DX	0.8996672231802932	-0.8996672231802925
ENOG41121GG	-0.6994066337078518	0.6994066337078503
ENOG41121HZ	1.0850560052473395	-1.0850560052473384
ENOG41121IT	-0.16791982656808338	0.16791982656808263
ENOG41121K2	1.0790716483258103	-1.079071648325809
ENOG41121KM	1.5550267797716015	-1.5550267797715998
ENOG41121MF	0.6455056202413333	-0.6455056202413325
ENOG41121ND	-0.5644161399847689	0.5644161399847676
ENOG41121NJ	-1.6087573925973	1.6087573925972973
ENOG41121NM	1.0053818077418997	-1.0053818077418983
ENOG41121PC	0.9272172669897855	-0.9272172669897848
ENOG41121PF	0.4200184253167844	-0.42001842531678424
ENOG41121PI	-0.46909986755040023	0.469099867550399
ENOG41121PX	-0.5237581993485182	0.5237581993485169
ENOG41121QJ	1.0483162824255785	-1.0483162824255776
ENOG41121QM	-0.26966913559753536	0.2696691355975349
ENOG41121QQ	1.491048633003811	-1.4910486330038095
ENOG41121RG	0.961767133396861	-0.9617671333968598
ENOG41121RH	1.0350283458822547	-1.0350283458822533
ENOG41121S9	-0.12357173935134928	0.12357173935134862
ENOG41121U6	-1.083861084304619	1.083861084304617
ENOG41121W5	-0.14314334675150828	0.1431433467515078
ENOG41121W9	-0.16774421264744366	0.1677442126474427
ENOG41121WE	-1.4870229228649834	1.4870229228649807
ENOG41121WF	1.6382253272695004	-1.6382253272694982
ENOG41121WR	0.9232575465409235	-0.9232575465409223
ENOG41121XC	0.6961856114402576	-0.6961856114402567
ENOG41121XF	0.27871922276559175	-0.2787192227655915
ENOG4112212	0.9246951485182358	-0.924695148518235
ENOG4112218	1.618419676904811	-1.6184196769048085
ENOG411221R	0.346845279221048	-0.34684527922104796
ENOG411221V	1.2136574924078907	-1.2136574924078891
ENOG4112222	1.2475911328953053	-1.247591132895304
ENOG4112231	0.7419252241825264	-0.7419252241825255
ENOG4112242	0.9296428467436141	-0.9296428467436132
ENOG4112247	0.30046362175455055	-0.30046362175455055
ENOG411224P	0.2114678287632096	-0.21146782876320996
ENOG4112250	0.7042686800342162	-0.704268680034215
ENOG411225A	-1.5496139150754358	1.5496139150754331
ENOG411225D	0.6060210430634546	-0.6060210430634538
ENOG411225J	0.13595724061690947	-0.13595724061690925
ENOG411225V	0.7380109545341464	-0.7380109545341456
ENOG411226D	-0.746935983862149	0.7469359838621475
ENOG411226W	0.7173182754313316	-0.7173182754313305
ENOG4112273	1.3259613782160515	-1.3259613782160498
ENOG411227G	1.2924740779455397	-1.2924740779455381
ENOG411227X	0.13211758594927578	-0.13211758594927583
ENOG41122AH	0.5577151272896693	-0.5577151272896692
ENOG41122AR	-0.5681757592512946	0.5681757592512935
ENOG41122B5	0.5237626530305787	-0.5237626530305781
ENOG41122B8	-0.19341028219174455	0.19341028219174403
ENOG41122BB	-0.929477749959932	0.9294777499599302
ENOG41122CF	1.1766021093646402	-1.1766021093646388
ENOG41122EC	0.5525998607403048	-0.5525998607403044
ENOG41122EN	-0.5709654336696485	0.5709654336696471
ENOG41122FG	0.580277100898491	-0.5802771008984902
ENOG41122H2	0.007689022274462663	-0.007689022274463361
ENOG41122HP	1.024656141531825	-1.0246561415318234
ENOG41122IS	1.1801966936131956	-1.1801966936131942
ENOG41122J9	0.8855430553866145	-0.8855430553866133
ENOG41122JK	1.307413847203356	-1.307413847203355
ENOG41122N2	-0.17059660929252532	0.1705966092925246
ENOG41122N7	1.6069949498478975	-1.6069949498478955
ENOG41122NK	-0.017891107480206295	0.01789110748020603
ENOG41122PE	0.8575397724503585	-0.8575397724503576
ENOG41122QZ	1.6874680636584956	-1.6874680636584936
ENOG41122RQ	1.3541155484163117	-1.35411554841631
ENOG41122TR	1.487842385186522	-1.4878423851865201
ENOG41122TU	1.068668154486557	-1.068668154486556
ENOG41122U9	1.061874908943406	-1.0618749089434047
ENOG41122UX	-0.4259010864848728	0.4259010864848719
ENOG41122Z1	-0.6346170195425608	0.6346170195425596
ENOG41122ZK	1.1649365403180492	-1.1649365403180478
ENOG4112303	-0.2821756489431326	0.28217564894313213
ENOG4112315	0.37751960237294824	-0.3775196023729479
ENOG411231I	-0.8142422986603818	0.81424229866038
ENOG411231N	0.7143713829184606	-0.7143713829184598
ENOG4112340	0.13326629481133306	-0.1332662948113336
ENOG4112345	-0.7889433956336063	0.7889433956336046
ENOG411238I	0.05168201032452039	-0.05168201032452055
ENOG411239B	-1.1566475633762674	1.1566475633762652
ENOG411239D	-0.20157975511723017	0.20157975511722961
ENOG41123B5	0.24419358477115055	-0.24419358477115063
ENOG41123EH	-0.3687133743736524	0.36871337437365165
ENOG41123FY	1.1294151041071263	-1.129415104107125
ENOG41123I3	0.5405030807394909	-0.54050308073949
ENOG41123IR	1.755662775338857	-1.7556627753388538
ENOG41123MJ	-0.10052278388020038	0.10052278388019999
ENOG41123N0	-0.10704840891832826	0.10704840891832762
ENOG41123N6	1.369775421708571	-1.3697754217085694
ENOG41123QB	-1.1922298620143106	1.1922298620143086
ENOG41123QH	-2.147646019471243	2.1476460194712383
ENOG41123RQ	0.25497700074936225	-0.2549770007493623
ENOG41123U1	-1.5904265165726486	1.5904265165726459
ENOG41123UM	-1.7161036383485349	1.7161036383485322
ENOG41123UW	0.744742709014619	-0.7447427090146181
ENOG41123VX	-2.04501850119199	2.0450185011919864
ENOG41123WW	-1.5595948154382746	1.559594815438272
ENOG41123X9	1.5293664895172272	-1.5293664895172254
ENOG41123XA	-1.0974043411667862	1.0974043411667842
ENOG41123XH	0.9221296915327069	-0.9221296915327056
ENOG41123Y1	0.4871009699610293	-0.4871009699610288
ENOG41123YZ	-1.5088977915205755	1.5088977915205728
ENOG4112405	-0.429525297613333	0.4295252976133319
ENOG411241G	-0.5379714933030478	0.5379714933030467
ENOG4112444	0.7434504186433533	-0.7434504186433522
ENOG411245B	-1.5907596630812513	1.5907596630812482
ENOG411245Y	0.6222963057249268	-0.6222963057249263
ENOG411246S	-1.0723605036213382	1.0723605036213362
ENOG411247A	1.563386685626009	-1.5633866856260072
ENOG411247I	-1.202094416580508	1.2020944165805056
ENOG411249J	0.24811184104290943	-0.24811184104290976
ENOG41124AI	0.7712542882126442	-0.7712542882126434
ENOG41124AT	1.2225939966452652	-1.2225939966452637
ENOG41124BE	1.2178203093503317	-1.2178203093503308
ENOG41124C9	0.28726949425004744	-0.2872694942500475
ENOG41124E1	-0.5251995377853921	0.5251995377853911
ENOG41124FW	0.7735510531294774	-0.7735510531294767
ENOG41124HD	-0.23312771463697232	0.23312771463697174
ENOG41124NI	0.0071159846945886215	-0.007115984694588847
ENOG41124NK	0.7691170613826835	-0.7691170613826829
ENOG41124PX	0.8567863557138238	-0.8567863557138229
ENOG41124QH	-0.4328776580668368	0.4328776580668359
ENOG41124R2	-1.5120047492979767	1.5120047492979738
ENOG41124SB	-0.06741070336668446	0.06741070336668412
ENOG41124SH	-0.29233671114765736	0.2923367111476567
ENOG41124UB	-2.0540023305174833	2.0540023305174793
ENOG41124WQ	-2.138576341754944	2.1385763417549395
ENOG41124XH	0.802332003596336	-0.802332003596335
ENOG41124ZB	-1.9651437612410947	1.965143761241091
ENOG411250X	-1.2912042021483328	1.2912042021483305
ENOG4112518	-0.5676287665957733	0.5676287665957722
ENOG411251H	0.27504754589012426	-0.2750475458901241
ENOG4112546	-0.31368524732857267	0.3136852473285717
ENOG411254Y	0.7452259337271266	-0.7452259337271258
ENOG411257G	0.8942310647530237	-0.8942310647530228
ENOG411259G	1.577256747317278	-1.577256747317276
ENOG411259U	0.8180802228020012	-0.818080222802
ENOG411259X	1.6262132270639975	-1.6262132270639953
ENOG41125BR	-0.3447026884726857	0.3447026884726849
ENOG41125DJ	0.8542366245906612	-0.8542366245906602
ENOG41125EB	0.1228532488694793	-0.1228532488694796
ENOG41125F4	1.7366754261939137	-1.7366754261939112
ENOG41125FH	-0.04611953154345573	0.04611953154345566
ENOG41125HS	-1.0235660038043122	1.0235660038043104
ENOG41125I4	-1.5981077834422532	1.5981077834422501
ENOG41125IJ	0.6715399024314994	-0.6715399024314984
ENOG41125JR	0.9932477549481233	-0.9932477549481223
ENOG41125KS	-1.0307196703171204	1.0307196703171186
ENOG41125PX	1.7316504312355436	-1.7316504312355423
ENOG41125RC	0.10570504845700761	-0.10570504845700815
ENOG41125RI	1.494584455795678	-1.4945844557956762
ENOG41125RT	-0.13932624580204336	0.13932624580204267
ENOG41125V9	0.5980205711382736	-0.5980205711382731
ENOG41125VV	-0.12981246493023546	0.12981246493023527
ENOG41125WH	0.44529186770219675	-0.44529186770219653
ENOG41125XW	0.23539887767673395	-0.2353988776767336
ENOG41125Y1	1.1410329917410176	-1.1410329917410158
ENOG41125YY	0.7725955799322658	-0.7725955799322651
ENOG411261E	-0.1599107052890457	0.15991070528904544
ENOG411263W	0.9479477970245688	-0.9479477970245677
ENOG41126CM	0.801426173233438	-0.8014261732334369
ENOG41126DB	-0.01245717658671868	0.012457176586718424
ENOG41126DH	-1.9211111284557587	1.9211111284557556
ENOG41126E4	-1.6039977064928328	1.6039977064928297
ENOG41126FF	-0.17294266837548167	0.17294266837548117
ENOG41126IX	1.0084066558792317	-1.0084066558792306
ENOG41126KP	1.0308991418222089	-1.030899141822207
ENOG41126R7	-0.9385805106615658	0.9385805106615639
ENOG41126TF	0.057160666923934296	-0.05716066692393445
ENOG41126XG	1.1847395162642418	-1.1847395162642405
ENOG41126XN	-0.7547435310876005	0.7547435310875992
ENOG41126YZ	0.7564942242643737	-0.7564942242643731
ENOG411272B	0.9223870196874908	-0.9223870196874897
ENOG411275W	1.7029749024811536	-1.7029749024811516
ENOG41127AN	0.6481740496814065	-0.648174049681406
ENOG41127B8	0.2021343189768839	-0.20213431897688428
ENOG41127BF	1.3507165328624096	-1.350716532862408
ENOG41127CF	0.5804668154336123	-0.5804668154336114
ENOG41127DC	1.4695794178227006	-1.4695794178226993
ENOG41127G1	0.2900270563941808	-0.2900270563941811
ENOG41127IU	0.11622744952742503	-0.11622744952742532
ENOG41127MM	1.1625358658014282	-1.1625358658014269
ENOG41127R7	1.2308632933640113	-1.2308632933640098
ENOG41127R8	1.5755761281571348	-1.5755761281571323
ENOG41127S9	-0.5683656183661198	0.5683656183661184
ENOG41127X0	-0.44056278610030347	0.44056278610030253
ENOG41127XA	-1.3121969192558285	1.312196919255826
ENOG41127XR	0.6267803998041626	-0.6267803998041618
ENOG41127ZD	1.4500763391054905	-1.4500763391054887
ENOG41128BD	-0.6978523810660522	0.6978523810660509
ENOG41128C2	-0.7040864571064832	0.7040864571064817
ENOG41128C9	0.09318275160007651	-0.09318275160007661
ENOG41128DD	1.4692507745660546	-1.4692507745660528
ENOG41128G1	0.6565787418109604	-0.6565787418109597
ENOG41128I7	1.6955510073792872	-1.6955510073792845
ENOG41128IS	1.2739560887968515	-1.2739560887968495
ENOG41128KU	1.1897872402623493	-1.189787240262348
ENOG41128KW	0.9613373342398289	-0.9613373342398278
ENOG41128NQ	0.9835288749980762	-0.9835288749980752
ENOG41128PQ	0.09880318565282441	-0.09880318565282449
ENOG41128PW	0.7439161946029228	-0.7439161946029221
ENOG41128VE	0.36008824722189336	-0.36008824722189303
ENOG41128VG	0.31879852061822933	-0.31879852061822883
ENOG41128VT	-0.19136625460879805	0.19136625460879728
ENOG41128XR	0.5676262897149917	-0.5676262897149914
ENOG411291H	1.2278988736773588	-1.2278988736773577
ENOG411296F	1.0483569635046275	-1.048356963504626
ENOG411298I	1.2325625610071083	-1.2325625610071067
ENOG41129AF	-0.7077815769588738	0.7077815769588724
ENOG41129AH	0.22153023305503025	-0.2215302330550304
ENOG41129GG	0.9298518765399326	-0.9298518765399315
ENOG41129IE	1.2063560663066901	-1.2063560663066892
ENOG41129JG	-1.0060887194747714	1.0060887194747694
ENOG41129P8	0.01983948101428846	-0.019839481014288667
ENOG41129TA	-0.9556599100817496	0.9556599100817476
ENOG41129UH	1.5515821359077224	-1.5515821359077206
ENOG4112A1I	1.5783825025415452	-1.578382502541543
ENOG4112A2V	0.3331680181106244	-0.33316801811062413
ENOG4112A4I	-0.28151275928741826	0.2815127592874176
ENOG4112A5C	0.5279949536320541	-0.5279949536320537
ENOG4112A6V	0.47273748004713845	-0.4727374800471382
ENOG4112ACK	-1.3461837328559245	1.3461837328559223
ENOG4112AGM	0.5569432017018214	-0.5569432017018209
ENOG4112AGZ	0.747350081876167	-0.7473500818761667
ENOG4112AHB	1.0641419198796715	-1.0641419198796704
ENOG4112AI9	-1.6376278355697012	1.6376278355696983
ENOG4112AIA	-0.19392194014634095	0.19392194014634043
ENOG4112AJC	1.5324804360839015	-1.5324804360838995
ENOG4112AP8	0.22420019650813935	-0.224200196508139
ENOG4112AT0	-0.7591501593596457	0.7591501593596442
ENOG4112ATZ	0.37394514952806374	-0.3739451495280634
ENOG4112AUV	-0.6123366477890874	0.6123366477890861
ENOG4112AVU	-1.1110180140125512	1.1110180140125492
ENOG4112AWE	0.7378623315374246	-0.7378623315374242
ENOG4112AYX	0.011743921894300452	-0.011743921894300433
ENOG4112B23	1.4145273391985673	-1.414527339198566
ENOG4112B3D	1.116625443162024	-1.1166254431620226
ENOG4112B3T	-0.7739593962231837	0.773959396223182
ENOG4112B6B	0.15216200418340012	-0.15216200418340037
ENOG4112B7G	-2.1614694990639753	2.1614694990639722
ENOG4112B85	0.6827662139591237	-0.682766213959123
ENOG4112B8F	-0.06546021113056218	0.06546021113056184
ENOG4112BDA	0.43583024317947716	-0.4358302431794772
ENOG4112BGB	-1.2140847359777909	1.2140847359777889
ENOG4112BGH	1.3283373785581223	-1.3283373785581205
ENOG4112BJ0	1.3149590297642646	-1.314959029764263
ENOG4112BM4	1.3911909022557765	-1.3911909022557747
ENOG4112BQQ	-0.5755923349829865	0.5755923349829853
ENOG4112BR0	-1.99875133354001	1.9987513335400064
ENOG4112BT2	-0.27189593335745776	0.2718959333574569
ENOG4112BVS	-0.7371170402174138	0.7371170402174124
ENOG4112BYG	0.510901066600508	-0.5109010666005073
ENOG4112BYK	0.8628834710572639	-0.8628834710572626
ENOG4112C08	-0.10659696723282448	0.10659696723282384
ENOG4112C9W	0.4033012259321823	-0.4033012259321817
ENOG4112CAA	-0.9115508714294124	0.9115508714294105
ENOG4112CDS	0.7989497669663594	-0.7989497669663589
ENOG4112CG8	1.1564886844008944	-1.1564886844008928
ENOG4112CIK	0.24987131426898826	-0.24987131426898834
ENOG4112CMJ	0.49630910835867037	-0.4963091083586701
ENOG4112CMR	-0.3492920908849308	0.34929209088492974
ENOG4112CQ9	-1.220519262470623	1.220519262470621
ENOG4112D3X	-0.3012120785110409	0.3012120785110405
ENOG4112D63	0.8209671615012374	-0.8209671615012365
ENOG4112D68	0.39064622021907613	-0.390646220219076
ENOG4112D6A	0.5841876756967009	-0.5841876756967003
ENOG4112D7I	0.7289974382656923	-0.7289974382656919
ENOG4112D91	1.143090421110291	-1.14309042111029
ENOG4112DCR	-0.43365252443779306	0.43365252443779195
COG0123	-0.18060873588353407	0.18060873588353354
COG0455	1.2445974912603788	-1.2445974912603774
COG0507	-0.9437636680534242	0.9437636680534224
COG0543	1.5752208883289924	-1.57522088832899
COG0731	1.6985961281488324	-1.69859612814883
COG1010	0.07188792822964465	-0.07188792822964502
COG1301	-1.9769379934349696	1.9769379934349665
COG1310	0.48563305952809266	-0.4856330595280924
COG1315	0.4038961211861243	-0.4038961211861244
COG1332	-0.3138341549052528	0.31383415490525207
COG1353	-0.874505357126457	0.8745053571264553
COG1378	0.8073661252896506	-0.8073661252896499
COG1424	-1.6875225967383083	1.6875225967383054
COG1470	1.0717082115686931	-1.0717082115686916
COG1567	0.2437898267619319	-0.243789826761932
COG1635	-0.14457105200000772	0.1445710520000075
COG1669	-0.8847198630280407	0.8847198630280392
COG1672	0.5279471351985994	-0.5279471351985988
COG1712	0.2748873574887815	-0.2748873574887813
COG1728	0.6351411472879568	-0.6351411472879562
COG1808	-0.19964257188547552	0.199642571885475
COG1850	-0.11400185823959902	0.1140018582395986
COG1857	0.6623904761471031	-0.6623904761471028
COG1906	1.114026494679477	-1.1140264946794753
COG1964	1.1799432225560964	-1.179943222556095
COG2073	1.5084359973472727	-1.5084359973472712
COG2099	1.1459583261875612	-1.14595832618756
COG2189	0.956468958901496	-0.9564689589014953
COG2192	1.4076137735616086	-1.407613773561606
COG2207	1.1659956678229793	-1.165995667822978
COG2241	1.0808474291773082	-1.080847429177307
COG2242	0.5921086716596695	-0.5921086716596689
COG2243	0.1869547743320609	-0.1869547743320613
COG2310	-1.2777834613053687	1.2777834613053665
COG2312	0.4362890901262072	-0.43628909012620676
COG2339	-0.6923018103113826	0.692301810311381
COG2355	0.9679754069826824	-0.9679754069826811
COG2369	-1.081779049324262	1.08177904932426
COG2452	-0.5470856713302145	0.5470856713302135
COG2703	1.4075135894078599	-1.407513589407858
COG2755	1.0644481777650519	-1.0644481777650503
COG2770	-0.20534028475326005	0.20534028475325974
COG2859	1.7025607102979285	-1.7025607102979263
COG2939	0.45976959157524444	-0.459769591575244
COG2948	-1.3693075797791359	1.3693075797791332
COG3007	-1.2257418127230535	1.2257418127230515
COG3016	0.12547175997752064	-0.1254717599775207
COG3174	1.0877768295755985	-1.0877768295755974
COG3224	-1.4003750956619545	1.400375095661952
COG3256	-0.36109618820382156	0.36109618820382056
COG3341	1.6226061589496947	-1.6226061589496925
COG3347	-0.6874345601950809	0.6874345601950795
COG3359	0.4067425529204756	-0.40674255292047545
COG3387	0.2888552396855361	-0.2888552396855361
COG3401	1.2142320935882893	-1.2142320935882873
COG3421	-0.24555198701635497	0.24555198701635436
COG3439	-0.12129545122316954	0.12129545122316934
COG3448	0.04542606489177569	-0.04542606489177586
COG3498	-1.7916014472785553	1.7916014472785524
COG3500	0.23539580634405408	-0.2353958063440542
COG3587	1.6552322960162227	-1.6552322960162205
COG3598	0.5002320652705001	-0.5002320652704998
COG3629	-0.7511245774196278	0.7511245774196261
COG3636	-0.43917163530027487	0.439171635300274
COG3643	0.9306742270257986	-0.9306742270257975
COG3683	-1.7218628342834763	1.7218628342834734
COG3864	-1.2472688776688678	1.2472688776688658
COG3876	0.4143507732991638	-0.4143507732991634
COG3899	0.9334079658504464	-0.9334079658504454
COG4124	0.33979947016418294	-0.33979947016418266
COG4127	1.3619004523991938	-1.3619004523991922
COG4258	0.6540020464702112	-0.6540020464702104
COG4261	0.6852560765026263	-0.6852560765026257
COG4295	0.9820856884668726	-0.9820856884668717
COG4385	0.43340619657394497	-0.4334061965739448
COG4413	0.3719256361829188	-0.3719256361829187
COG4540	-0.8496428170076737	0.8496428170076722
COG4717	0.8602949786743265	-0.8602949786743255
COG4744	1.6789723719774658	-1.6789723719774639
COG4748	-1.1736225221457555	1.1736225221457532
COG4814	1.1536116348671643	-1.153611634867163
COG4842	-0.33723173473795115	0.33723173473795015
COG4889	0.1978422552103424	-0.19784225521034235
COG4983	0.04584566837050819	-0.04584566837050883
COG5000	0.35253829621091004	-0.3525382962109097
COG5026	-0.5430977919075823	0.543097791907581
COG5039	0.5316053948686675	-0.5316053948686672
COG5266	-0.5300682257586914	0.5300682257586901
COG5361	0.6428541202355144	-0.6428541202355136
COG5368	0.2856810947541434	-0.28568109475414294
COG5449	-0.8575496916549414	0.8575496916549397
COG5518	-0.665402720775747	0.6654027207757456
COG5579	1.218083515675249	-1.2180835156752474
COG5635	1.0291711824184302	-1.029171182418429
ENOG410XNN9	0.8800914197153361	-0.8800914197153349
ENOG410XNQT	-1.3801340706779877	1.3801340706779852
ENOG410XNR3	0.9992553325255311	-0.9992553325255302
ENOG410XNR6	0.7891844884501846	-0.7891844884501837
ENOG410XNSE	-0.3443333134312491	0.3443333134312481
ENOG410XNT3	0.8183467438941433	-0.8183467438941425
ENOG410XNVS	0.8933115752003918	-0.8933115752003906
ENOG410XNWU	1.0730027219407487	-1.0730027219407476
ENOG410XNWW	0.20996370537863793	-0.20996370537863832
ENOG410XNXF	1.1816239430147455	-1.1816239430147442
ENOG410XP33	1.2007364517533525	-1.2007364517533512
ENOG410XP3K	-0.21970017154612168	0.21970017154612134
ENOG410XP3M	1.6720772590170743	-1.6720772590170716
ENOG410XP53	0.14764615466831335	-0.14764615466831385
ENOG410XP6N	-0.4949395036851323	0.4949395036851313
ENOG410XP72	-1.107726045339827	1.1077260453398248
ENOG410XP8A	1.1046584870445912	-1.10465848704459
ENOG410XP8I	-1.138305448878393	1.138305448878391
ENOG410XP95	0.8819016819400383	-0.8819016819400372
ENOG410XP9H	0.14494797642063656	-0.14494797642063684
ENOG410XP9Q	-0.06231754150327367	0.06231754150327357
ENOG410XPA1	-0.2928061339042985	0.2928061339042973
ENOG410XPA8	-0.2757092859753878	0.27570928597538713
ENOG410XPAU	-0.8636756654001547	0.8636756654001528
ENOG410XPAZ	1.0987756022627142	-1.0987756022627126
ENOG410XPBS	-0.9205036728312717	0.9205036728312698
ENOG410XPCD	-1.1336969793993426	1.1336969793993406
ENOG410XPDS	-0.9690719324719099	0.9690719324719083
ENOG410XPE4	-0.023048972449381068	0.023048972449380558
ENOG410XPEF	0.23247720597798427	-0.23247720597798416
ENOG410XPFR	1.1991103559685852	-1.1991103559685836
ENOG410XPGG	1.1207937893132136	-1.1207937893132123
ENOG410XPHJ	-1.6865038598763782	1.6865038598763753
ENOG410XPHK	1.517550398279008	-1.517550398279006
ENOG410XPJ8	1.4621852409872542	-1.4621852409872522
ENOG410XPKJ	1.1603059446952482	-1.1603059446952468
ENOG410XPM4	1.3090896323470813	-1.3090896323470798
ENOG410XPPS	-0.6833776869615499	0.6833776869615483
ENOG410XPT8	1.1075908850024236	-1.1075908850024225
ENOG410XPUU	-1.2460791912648286	1.2460791912648266
ENOG410XPV5	-0.0019456348993628259	0.0019456348993623493
ENOG410XPXV	-0.04381738508988607	0.04381738508988553
ENOG410XPY5	1.109723549490946	-1.1097235494909443
ENOG410XPYJ	0.5823247887639472	-0.5823247887639469
ENOG410XQ03	0.6289546379347912	-0.6289546379347909
ENOG410XQ0E	-0.8318514494283945	0.8318514494283928
ENOG410XQ1K	0.8952531165436446	-0.8952531165436435
ENOG410XQ20	-0.32537528171340985	0.3253752817134091
ENOG410XQ2C	0.5285564102410892	-0.5285564102410889
ENOG410XQ2F	0.8057040288204949	-0.8057040288204942
ENOG410XQ2T	-0.1368737107121708	0.13687371071217014
ENOG410XQ4R	-1.0976108392467263	1.0976108392467245
ENOG410XQ4W	0.4269190667011017	-0.42691906670110125
ENOG410XQ5I	0.8612233396676003	-0.8612233396675991
ENOG410XQ5J	0.5414864934810601	-0.5414864934810598
ENOG410XQ8P	1.3213981308035863	-1.3213981308035847
ENOG410XQ8S	0.5170866254465551	-0.5170866254465548
ENOG410XQ9K	1.3195552751441322	-1.3195552751441306
ENOG410XQB1	1.310685213345248	-1.3106852133452465
ENOG410XQBA	0.7785104562464693	-0.7785104562464683
ENOG410XQBJ	-0.30097625459325705	0.30097625459325633
ENOG410XQBQ	1.344495871973534	-1.3444958719735325
ENOG410XQCX	-0.40139501290321417	0.40139501290321333
ENOG410XQD4	0.6465307097850943	-0.6465307097850935
ENOG410XQEH	-0.49609244488122284	0.49609244488122184
ENOG410XQEM	0.1411397649043206	-0.14113976490432062
ENOG410XQFG	0.46050192268030726	-0.46050192268030704
ENOG410XQH2	1.5582939079101417	-1.55829390791014
ENOG410XQI8	0.18286326351453464	-0.18286326351453458
ENOG410XQIS	1.7696809041611374	-1.7696809041611348
ENOG410XQKZ	0.3277676337578258	-0.3277676337578258
ENOG410XQMY	0.8817305581889047	-0.8817305581889038
ENOG410XQN7	0.30949394059555607	-0.30949394059555557
ENOG410XQNW	-1.0148229918775376	1.0148229918775356
ENOG410XQPI	-0.8955968674512833	0.8955968674512818
ENOG410XQQ4	0.5226994150176713	-0.5226994150176709
ENOG410XQQ7	1.146268402735238	-1.1462684027352363
ENOG410XQRS	1.2081695186306394	-1.208169518630638
ENOG410XQSA	1.13086152402608	-1.1308615240260786
ENOG410XQTX	0.8502297532363117	-0.8502297532363108
ENOG410XQXB	0.9478392728682898	-0.9478392728682888
ENOG410XQXG	1.5891684883180135	-1.5891684883180117
ENOG410XQXY	-0.7821750191523663	0.7821750191523649
ENOG410XQYE	0.48035119892712935	-0.48035119892712885
ENOG410XQYQ	-0.9959420580085837	0.9959420580085819
ENOG410XQZU	0.6223358344817169	-0.6223358344817161
ENOG410XR13	-0.4435817432511571	0.44358174325115596
ENOG410XR2M	-1.3247915059130693	1.3247915059130666
ENOG410XR3E	0.08576706506681751	-0.08576706506681785
ENOG410XR3H	-0.6153160330400435	0.6153160330400423
ENOG410XR3R	0.701282025533753	-0.7012820255337521
ENOG410XR4Y	1.1932677834061864	-1.1932677834061851
ENOG410XR5J	-0.7322921103069191	0.7322921103069178
ENOG410XR66	-0.938443865867886	0.938443865867884
ENOG410XR6Q	0.6557373657317069	-0.6557373657317062
ENOG410XR7P	0.8429143630573259	-0.842914363057325
ENOG410XR82	-0.01386554210159428	0.013865542101594021
ENOG410XR9X	0.2515960767529981	-0.2515960767529977
ENOG410XRBU	1.0211424938945433	-1.021142493894542
ENOG410XRBV	-0.05224534068015665	0.05224534068015633
ENOG410XRC2	-1.2696761591308154	1.2696761591308132
ENOG410XRCB	0.6479218141621196	-0.6479218141621186
ENOG410XRCV	0.6367952276777167	-0.6367952276777157
ENOG410XRD1	-0.06154457729809885	0.06154457729809828
ENOG410XRDV	-1.896957207837289	1.8969572078372854
ENOG410XRFV	1.1894473132526138	-1.1894473132526122
ENOG410XRGA	0.3786761666217771	-0.3786761666217768
ENOG410XRHD	0.6548984488354566	-0.654898448835456
ENOG410XRIG	-1.1410146825378304	1.1410146825378282
ENOG410XRJ8	-0.18160556869241165	0.1816055686924109
ENOG410XRJW	0.9849330512364173	-0.9849330512364166
ENOG410XRK7	-0.17661634635736148	0.17661634635736095
ENOG410XRKI	1.0230364869100435	-1.0230364869100421
ENOG410XRKR	-0.9187128150305158	0.9187128150305142
ENOG410XRKX	-0.008457653787602	0.008457653787601513
ENOG410XRN1	0.850140153939052	-0.850140153939051
ENOG410XRR3	-0.104516817372221	0.10451681737222038
ENOG410XRSE	-1.5970189842048572	1.5970189842048546
ENOG410XRSZ	-0.28111395144217133	0.28111395144217066
ENOG410XRWZ	0.5638869078076136	-0.5638869078076133
ENOG410XRXZ	-2.0139656670460906	2.013965667046087
ENOG410XRYI	0.021098724953677275	-0.021098724953677716
ENOG410XS18	1.126367639280676	-1.1263676392806747
ENOG410XS3E	0.0016778990254639812	-0.0016778990254642154
ENOG410XS43	0.7153456542233904	-0.71534565422339
ENOG410XS6P	1.7823866496189618	-1.7823866496189595
ENOG410XS8M	0.8531496079775749	-0.8531496079775741
ENOG410XS98	0.9517081189261211	-0.9517081189261203
ENOG410XSAQ	1.6513392547566539	-1.6513392547566517
ENOG410XSC1	-0.19639745682632562	0.19639745682632484
ENOG410XSCI	0.9589272305341061	-0.9589272305341049
ENOG410XSEG	1.3396093927916644	-1.3396093927916624
ENOG410XSET	0.19932994155195036	-0.1993299415519503
ENOG410XSF8	-1.156699413211918	1.1566994132119157
ENOG410XSFR	1.7171145227929696	-1.7171145227929672
ENOG410XSI9	0.25962099888493184	-0.2596209988849319
ENOG410XSJE	-1.352126380860783	1.3521263808607806
ENOG410XSK7	0.2724971462310922	-0.27249714623109206
ENOG410XSKF	0.6406004912562762	-0.6406004912562759
ENOG410XSMM	-0.165649790031335	0.16564979003133476
ENOG410XSPJ	-0.5981034168942849	0.5981034168942836
ENOG410XSPZ	-0.1136982538463611	0.11369825384636069
ENOG410XSQF	0.3204351464804552	-0.3204351464804551
ENOG410XSRY	0.6423776443986259	-0.6423776443986249
ENOG410XSSS	0.7435444907991102	-0.7435444907991096
ENOG410XST8	0.7844526084792456	-0.7844526084792447
ENOG410XSV5	0.41346629030654114	-0.413466290306541
ENOG410XSVH	-1.32444194715458	1.3244419471545779
ENOG410XSVM	1.0733014296520211	-1.07330142965202
ENOG410XT02	-0.16097113374680372	0.16097113374680325
ENOG410XT0N	-0.9260124311872242	0.9260124311872223
ENOG410XT1B	1.0831033299008352	-1.0831033299008337
ENOG410XT4P	0.6327241289349669	-0.6327241289349664
ENOG410XT4Y	1.099602191456124	-1.0996021914561227
ENOG410XT55	1.6311393081013312	-1.6311393081013297
ENOG410XT59	1.561638322439007	-1.5616383224390047
ENOG410XT5M	0.42431134700671036	-0.4243113470067102
ENOG410XT85	0.2788227729614922	-0.27882277296149227
ENOG410XT9Z	1.4987689241198923	-1.4987689241198898
ENOG410XTEI	0.8621385319446234	-0.8621385319446222
ENOG410XTFW	-0.5189100784223962	0.5189100784223952
ENOG410XTHI	0.8174790087286892	-0.8174790087286884
ENOG410XTI6	0.8715001797759261	-0.8715001797759252
ENOG410XTIC	-1.7012520273307425	1.7012520273307397
ENOG410XTJH	1.214649761799925	-1.2146497617999232
ENOG410XTKQ	0.24729477631544872	-0.24729477631544858
ENOG410XTKS	-0.07184220733287683	0.071842207332876
ENOG410XTW4	1.4202391858936942	-1.4202391858936922
ENOG410XU1U	1.1386923923435002	-1.1386923923434988
ENOG410XU52	0.5753005100597037	-0.5753005100597031
ENOG410XUBJ	-0.15562014943102592	0.15562014943102545
ENOG410XUDZ	1.606781648588909	-1.6067816485889066
ENOG410XUF0	1.4003768802226788	-1.4003768802226775
ENOG410XUFC	-0.7484745079599406	0.7484745079599393
ENOG410XUI8	1.2223293422385266	-1.2223293422385249
ENOG410XUYD	-0.4587406780573126	0.45874067805731167
ENOG410XV06	-0.6637149967755455	0.6637149967755442
ENOG410XV5R	1.247316697251163	-1.2473166972511616
ENOG410XV8W	-0.7513697856482224	0.751369785648221
ENOG410XV9T	0.9804192331813045	-0.9804192331813039
ENOG410XVFQ	0.9304251681574783	-0.9304251681574771
ENOG410XVGB	-0.5075317129071691	0.5075317129071679
ENOG410XVXM	-1.1573770019195773	1.1573770019195753
ENOG410XVY3	0.39707410259932774	-0.39707410259932735
ENOG410XW02	0.6132606290760804	-0.6132606290760794
ENOG410XW3C	-1.557454499273805	1.5574544992738024
ENOG410XW3R	-0.6542348681054488	0.6542348681054475
ENOG410XW6Y	0.4200303704300052	-0.4200303704300045
ENOG410XW9I	-0.33683272414746324	0.33683272414746246
ENOG410XWDI	0.18829441430474	-0.18829441430473995
ENOG410XWQI	-0.17684962815991725	0.17684962815991676
ENOG410XWRI	-1.0739409391234505	1.0739409391234485
ENOG410XWX8	0.6394125471428758	-0.639412547142875
ENOG410XWY9	-0.2547436546785874	0.254743654678587
ENOG410XWZC	0.022720900428585017	-0.022720900428584982
ENOG410XX1B	0.2937652254590651	-0.29376522545906536
ENOG410XX4B	0.7311519496571675	-0.7311519496571666
ENOG410XX5C	-0.31101388190969925	0.31101388190969853
ENOG410XXEH	-0.038828869985624084	0.03882886998562355
ENOG410XXEN	-0.14035308115626718	0.1403530811562665
ENOG410XXFZ	1.7269595577483041	-1.7269595577483015
ENOG410XXHW	1.5780491075501994	-1.5780491075501974
ENOG410XXIR	-0.3638119774167006	0.36381197741669985
ENOG410XXUQ	0.26966886065193474	-0.2696688606519345
ENOG410XXX4	-1.2972767066920095	1.297276706692007
ENOG410XXX9	0.8038930571461435	-0.8038930571461428
ENOG410XY1N	0.7513628357642317	-0.751362835764231
ENOG410XY3A	0.4556346139735044	-0.4556346139735042
ENOG410XY3F	-0.7019964510329582	0.7019964510329566
ENOG410XY3Z	-0.09184876732986941	0.09184876732986878
ENOG410XY61	1.1075214250962941	-1.107521425096293
ENOG410XY7K	-0.49011607258584694	0.4901160725858457
ENOG410XY95	1.4531330690447712	-1.4531330690447695
ENOG410XY9M	1.6175020149436332	-1.6175020149436317
ENOG410XYF2	0.1275468601407448	-0.12754686014074507
ENOG410XYNB	-0.2422791274075399	0.24227912740753907
ENOG410XYVK	-0.38271258087052124	0.3827125808705201
ENOG410XYXW	-0.030007720218975055	0.030007720218974538
ENOG410XZ09	-2.080542144755825	2.080542144755821
ENOG410XZ0P	0.4622780256335916	-0.4622780256335914
ENOG410XZ3W	0.7295763255054898	-0.7295763255054889
ENOG410XZGY	-0.45542373953323345	0.4554237395332325
ENOG410XZI0	1.3243449787174912	-1.3243449787174897
ENOG410XZIB	1.7694400949385487	-1.769440094938546
ENOG410XZJD	1.0214016183258638	-1.0214016183258625
ENOG410XZVK	0.5939500290243865	-0.5939500290243861
ENOG410XZY9	1.4206785595128326	-1.4206785595128315
ENOG410Y00Q	0.8452248147220819	-0.8452248147220811
ENOG410Y00R	-1.7376933285149385	1.7376933285149352
ENOG410Y056	0.6564933216904685	-0.6564933216904679
ENOG410Y0J0	0.27810388478372505	-0.27810388478372505
ENOG410Y0NA	1.369479188097753	-1.369479188097751
ENOG410Y16Y	1.0770886722777924	-1.077088672277791
ENOG410Y18N	-1.267152069717306	1.2671520697173038
ENOG410Y18U	-1.3438618513226879	1.3438618513226857
ENOG410Y19R	1.4150538948424254	-1.4150538948424238
ENOG410Y1BD	-0.28247714077384806	0.2824771407738471
ENOG410Y1JH	-1.281216748421369	1.2812167484213668
ENOG410Y1QQ	-0.09870361692149075	0.09870361692149036
ENOG410Y1RD	-0.9878973095174838	0.9878973095174821
ENOG410Y1SQ	0.7929923674718267	-0.7929923674718256
ENOG410Y1UZ	-0.3554787648394116	0.3554787648394106
ENOG410Y252	0.8706105238199507	-0.8706105238199501
ENOG410Y2VC	0.5257952694740513	-0.525795269474051
ENOG410Y2Y3	1.412123220064885	-1.4121232200648834
ENOG410Y30J	0.4307595108880886	-0.43075951088808845
ENOG410Y31C	1.0911500025135423	-1.0911500025135408
ENOG410Y32P	-0.6366106760451375	0.6366106760451363
ENOG410Y33J	0.1822604353396938	-0.182260435339694
ENOG410Y3AD	-1.5792256370530895	1.5792256370530868
ENOG410Y3II	0.7655648063735145	-0.765564806373514
ENOG410Y3MI	0.6677198888608651	-0.6677198888608643
ENOG410Y3QX	-0.34054886356552316	0.34054886356552216
ENOG410Y3RI	1.6519183700400064	-1.651918370040005
ENOG410Y3UX	0.6760518468279122	-0.6760518468279112
ENOG410Y3YF	0.3693838074339772	-0.3693838074339771
ENOG410Y40Z	0.9472183069059602	-0.9472183069059587
ENOG410Y44U	-0.072541973800281	0.07254197380028042
ENOG410Y47S	0.7622191644714749	-0.7622191644714742
ENOG410Y48A	1.2216293955568338	-1.2216293955568325
ENOG410Y49J	-1.455376915464236	1.455376915464233
ENOG410Y4CB	0.8378204936649947	-0.8378204936649936
ENOG410Y4E2	0.7724522528524002	-0.7724522528523996
ENOG410Y4TD	1.5426962920643317	-1.54269629206433
ENOG410Y4TR	-1.0489243894754625	1.0489243894754605
ENOG410Y4V7	0.0897458923992791	-0.0897458923992792
ENOG410Y5DI	-1.2260804915143904	1.2260804915143881
ENOG410Y5N3	0.5984141500994951	-0.5984141500994946
ENOG410Y5T5	1.606900279175711	-1.6069002791757092
ENOG410Y5TW	-0.9639362091467404	0.9639362091467387
ENOG410Y5ZK	1.64309122447519	-1.6430912244751876
ENOG410Y60R	-0.2655644656421927	0.2655644656421921
ENOG410Y65M	0.6727578146939279	-0.6727578146939271
ENOG410Y6PV	1.2136573315003738	-1.2136573315003725
ENOG410Y6T3	0.4751771468179043	-0.4751771468179041
ENOG410Y6W0	0.18424684918803103	-0.18424684918803144
ENOG410Y6W3	-0.23166603562014992	0.23166603562014934
ENOG410Y736	0.43395995861038317	-0.4339599586103827
ENOG410Y744	-0.036664944547154195	0.03666494454715414
ENOG410Y74G	0.2682761123514741	-0.2682761123514737
ENOG410Y7AI	-1.486291262188062	1.4862912621880595
ENOG410Y7RU	0.8625262585070984	-0.8625262585070975
ENOG410Y7SB	0.42183551032354644	-0.42183551032354577
ENOG410Y7U9	1.1113792747446605	-1.1113792747446591
ENOG410Y7UF	-0.420086705618506	0.4200867056185051
ENOG410Y7UJ	1.6927785240729174	-1.6927785240729152
ENOG410Y83P	1.281548591569956	-1.281548591569954
ENOG410Y8FN	-1.338320754193505	1.3383207541935027
ENOG410Y8IJ	1.0640868179932252	-1.064086817993224
ENOG410Y8K0	0.10621001652805495	-0.1062100165280548
ENOG410Y8K6	0.647668585562841	-0.6476685855628402
ENOG410Y8MK	1.001878863110775	-1.0018788631107733
ENOG410Y8U6	-1.7679592607966903	1.7679592607966872
ENOG410Y8YW	-0.005647313792370387	0.005647313792369905
ENOG410Y926	0.8989834129452176	-0.8989834129452162
ENOG410Y935	-0.3832380523643948	0.38323805236439373
ENOG410Y93R	1.1566417555256596	-1.1566417555256583
ENOG410Y954	-1.9429026944311918	1.9429026944311882
ENOG410Y968	1.0129746637429244	-1.0129746637429236
ENOG410Y96R	1.5635171630404867	-1.5635171630404845
ENOG410Y97T	-1.4814038665916787	1.481403866591676
ENOG410Y99D	1.2272978926484477	-1.2272978926484464
ENOG410Y9G0	1.0327161219757202	-1.032716121975719
ENOG410Y9HG	0.568010264505559	-0.5680102645055586
ENOG410Y9MC	0.5701706940330473	-0.5701706940330472
ENOG410Y9P6	-0.5756623256997111	0.57566232569971
ENOG410Y9RA	1.3717928689231245	-1.3717928689231231
ENOG410Y9TM	0.9771142234502279	-0.9771142234502269
ENOG410Y9TN	1.4376326052075572	-1.4376326052075552
ENOG410Y9UF	1.0237443154445647	-1.0237443154445636
ENOG410Y9W1	1.1976421612155954	-1.1976421612155936
ENOG410Y9XA	1.0289795402443898	-1.0289795402443884
ENOG410Y9YV	1.0677363928542754	-1.0677363928542738
ENOG410Y9ZP	1.3995894506903104	-1.3995894506903086
ENOG410YA26	-1.0011482943282162	1.0011482943282144
ENOG410YA2Z	1.172595628595979	-1.1725956285959778
ENOG410YA33	0.025748908005406777	-0.02574890800540721
ENOG410YA6E	1.2785143823166445	-1.278514382316643
ENOG410YA6Q	1.4203248838404052	-1.420324883840403
ENOG410YACP	0.14583951303932727	-0.1458395130393273
ENOG410YAD4	1.4673662545330266	-1.4673662545330248
ENOG410YADM	1.705915708306521	-1.7059157083065195
ENOG410YAE9	0.75209421097227	-0.7520942109722694
ENOG410YAIR	0.6277106335983013	-0.6277106335983008
ENOG410YAP4	1.1256396474140378	-1.1256396474140364
ENOG410YAU0	0.22658290431970335	-0.22658290431970324
ENOG410YAUT	0.4997086698996077	-0.49970866989960716
ENOG410YB2E	0.3857080304581138	-0.3857080304581139
ENOG410YBCD	1.2400620008609766	-1.2400620008609753
ENOG410YBTD	0.9380548384357743	-0.9380548384357734
ENOG410YBXC	1.4343126842357763	-1.4343126842357745
ENOG410YC46	1.359842489734569	-1.3598424897345673
ENOG410YC4S	1.0221693962187548	-1.0221693962187537
ENOG410YC51	0.6936136351285859	-0.6936136351285849
ENOG410YCAG	1.1072740928248914	-1.10727409282489
ENOG410YCBW	-0.47102271441570537	0.47102271441570437
ENOG410YCM3	0.381139985581418	-0.38113998558141765
ENOG410YDAR	-0.2924780835165458	0.29247808351654486
ENOG410YDB3	-0.5072844761755014	0.5072844761755002
ENOG410YDBQ	1.6696062258916577	-1.6696062258916553
ENOG410YDTM	1.1873789289753214	-1.1873789289753198
ENOG410YDTR	0.995829281987324	-0.9958292819873226
ENOG410YE97	0.03867638120148019	-0.038676381201480606
ENOG410YE9Q	-0.14683446092061908	0.1468344609206186
ENOG410YEAS	1.602527248457827	-1.6025272484578252
ENOG410YEBJ	-1.1693201346311832	1.1693201346311812
ENOG410YEG8	-1.1537026086877946	1.1537026086877924
ENOG410YEW2	-0.4182955264816741	0.41829552648167323
ENOG410YEZQ	0.3838323982492729	-0.3838323982492728
ENOG410YF30	1.2536424304538731	-1.2536424304538718
ENOG410YF6D	-1.303797818959991	1.3037978189599888
ENOG410YF7C	0.1726816867827047	-0.17268168678270515
ENOG410YFA8	0.2763452529539657	-0.27634525295396556
ENOG410YFB8	-0.44435599353651983	0.4443559935365189
ENOG410YFQ9	0.1123143732119013	-0.11231437321190137
ENOG410YFQB	1.2198246060124711	-1.2198246060124698
ENOG410YFSH	0.872531778188323	-0.8725317781883218
ENOG410YFYJ	-0.6204217360754949	0.6204217360754937
ENOG410YGBE	0.5945411148299168	-0.5945411148299163
ENOG410YGEM	0.30134776471593755	-0.3013477647159373
ENOG410YGFD	0.7672537616291852	-0.7672537616291843
ENOG410YGIN	1.2706800598854056	-1.2706800598854042
ENOG410YGJN	1.7002998806649179	-1.7002998806649154
ENOG410YGN1	-0.3615538728811604	0.3615538728811596
ENOG410YGV4	-1.3842945361204833	1.3842945361204808
ENOG410YGV7	-0.2665449804006525	0.2665449804006516
ENOG410YGXI	0.827148352514316	-0.8271483525143151
ENOG410YH5F	1.345380790407299	-1.3453807904072976
ENOG410YHHT	-1.2086731615830915	1.2086731615830892
ENOG410YHNR	1.598657568727365	-1.5986575687273634
ENOG410YHPJ	0.0807572522767315	-0.08075725227673185
ENOG410YI5I	1.0854171764005327	-1.0854171764005316
ENOG410YIMK	1.517919973523102	-1.5179199735231004
ENOG410YIQE	1.41746713260567	-1.4174671326056687
ENOG410YJ27	0.8838220032923988	-0.8838220032923978
ENOG410YJ4K	0.5547984443891371	-0.5547984443891364
ENOG410YJ7Q	0.27319660152123815	-0.2731966015212377
ENOG410YJK6	0.7026559684654924	-0.7026559684654917
ENOG410YJTX	0.9481597834475156	-0.9481597834475148
ENOG410YK1B	0.20127602275449039	-0.20127602275449033
ENOG410YK47	1.0806698626239177	-1.0806698626239166
ENOG410YK57	1.0508838880007656	-1.0508838880007645
ENOG410YK7G	0.021149027880312646	-0.021149027880313087
ENOG410YKA8	1.0911868988305466	-1.0911868988305453
ENOG410YKBK	1.713671895526327	-1.7136718955263248
ENOG410YKD8	0.47971309811265833	-0.47971309811265833
ENOG410YKE0	1.2943100694397138	-1.2943100694397123
ENOG410YKJM	1.278564983265129	-1.2785649832651274
ENOG410YKJV	-1.9952852205259772	1.995285220525974
ENOG410YMA7	-0.9129993622673955	0.9129993622673936
ENOG410YMAD	0.9182973379384605	-0.9182973379384595
ENOG410YMB2	0.31965492131277223	-0.31965492131277246
ENOG410YMJM	-1.2874624600543338	1.2874624600543316
ENOG410YMSZ	1.370953937139179	-1.370953937139177
ENOG410YMT5	-0.5963925659373437	0.5963925659373426
ENOG410YMVU	0.9215282900013398	-0.9215282900013388
ENOG410YNFS	1.2124247634498917	-1.2124247634498901
ENOG410YNI0	1.1028743993448649	-1.1028743993448635
ENOG410YNW0	-0.26083558534727275	0.26083558534727186
ENOG410YNY1	0.3642750320268636	-0.3642750320268633
ENOG410YP0J	1.3628851750562527	-1.3628851750562514
ENOG410YP1K	0.8826036121243258	-0.8826036121243253
ENOG410YP4K	1.400598606684045	-1.4005986066840435
ENOG410YPMI	0.30288478651928885	-0.30288478651928885
ENOG410YQTT	1.2518492974778783	-1.2518492974778768
ENOG410YQWC	1.5776570781716701	-1.5776570781716683
ENOG410YR7R	1.520655418868527	-1.5206554188685246
ENOG410YRAB	-1.2500018991249595	1.2500018991249573
ENOG410YRAS	-1.2556179971850017	1.2556179971849994
ENOG410YREY	1.446266946050631	-1.4462669460506294
ENOG410YRGK	1.2123755847660718	-1.2123755847660704
ENOG410YRQ2	-0.33127739993697297	0.331277399936972
ENOG410YS88	1.0092996908457448	-1.0092996908457437
ENOG410YS9X	0.9756081421051814	-0.9756081421051802
ENOG410YSVN	0.1872894780107391	-0.18728947801073906
ENOG410YTAG	1.7341259201361445	-1.7341259201361423
ENOG410YTAN	0.2366436167801294	-0.23664361678012952
ENOG410YTFQ	1.436155716886337	-1.4361557168863355
ENOG410YTH4	0.3421175661165696	-0.34211756611656935
ENOG410YTMJ	0.8204314998827116	-0.8204314998827109
ENOG410YTR8	-0.2770044113894461	0.277004411389445
ENOG410YVEC	0.7936035710737773	-0.7936035710737764
ENOG410YVF8	1.0936903061689012	-1.0936903061689003
ENOG410YVIP	1.1064840333132286	-1.106484033313227
ENOG410YVM8	0.7736105310274403	-0.7736105310274393
ENOG410YW3C	0.4968949885180098	-0.4968949885180095
ENOG410YWAR	-0.16466595964774722	0.16466595964774675
ENOG410YWBI	1.3048734542044695	-1.3048734542044678
ENOG410YXB6	1.7235712310737532	-1.723571231073751
ENOG410YXP9	-0.5423760198244278	0.5423760198244267
ENOG410YXW2	-0.2593252502579916	0.2593252502579907
ENOG410YY2Z	1.170729461671406	-1.1707294616714048
ENOG410YYBW	1.3117885016203905	-1.3117885016203887
ENOG410YYHZ	-1.1247182047011797	1.1247182047011774
ENOG410YYJU	1.6815707667088287	-1.6815707667088267
ENOG410YYNW	1.6493012555303213	-1.6493012555303186
ENOG410YZJM	1.4240632651887726	-1.4240632651887706
ENOG410YZKT	-0.031278495016342646	0.03127849501634236
ENOG410YZPH	-1.039077063982126	1.039077063982124
ENOG410Z03M	0.1777329612615443	-0.1777329612615445
ENOG410Z0C5	1.7030431479516794	-1.7030431479516774
ENOG410Z0D2	-0.02415419681708643	0.02415419681708592
ENOG410Z1MP	0.8456273864446211	-0.8456273864446199
ENOG410Z1RP	0.6767719839314078	-0.6767719839314075
ENOG410Z2I8	-1.0951509686655734	1.0951509686655714
ENOG410Z2UD	1.4124837261393708	-1.4124837261393686
ENOG410Z2UZ	-0.883658687712767	0.8836586877127651
ENOG410Z330	-0.8470547573623336	0.847054757362332
ENOG410Z36U	0.855414389114371	-0.8554143891143702
ENOG410Z39T	-0.7625497154444173	0.7625497154444159
ENOG410Z3JA	0.07415986540679859	-0.07415986540679893
ENOG410Z3Y8	-0.014308864018529672	0.014308864018529413
ENOG410Z3YF	0.34285895467091826	-0.342858954670918
ENOG410Z41R	-1.1131787500766475	1.1131787500766452
ENOG410Z4VQ	0.572282534209725	-0.5722825342097247
ENOG410Z50M	1.2018499607342847	-1.2018499607342834
ENOG410Z5C5	-0.011228483747128372	0.011228483747128355
ENOG410Z5EU	0.22000273261871056	-0.22000273261871095
ENOG410Z5FE	0.794158523112116	-0.7941585231121155
ENOG410Z5IJ	0.34958004903739187	-0.3495800490373913
ENOG410Z5R7	-0.00033124779775814736	0.0003312477977576732
ENOG410Z6AU	-1.0238578019511286	1.0238578019511266
ENOG410Z6C5	0.6876598289212116	-0.6876598289212108
ENOG410Z6D7	0.3125281187363555	-0.31252811873635505
ENOG410Z6RU	0.23328255050101393	-0.2332825505010143
ENOG410Z72X	1.308861963510101	-1.3088619635100998
ENOG410Z75S	0.38493574199742114	-0.38493574199742103
ENOG410Z78F	1.3861788084625932	-1.3861788084625914
ENOG410Z7CV	0.9328557670302747	-0.9328557670302735
ENOG410Z83N	-1.3948555339557296	1.394855533955727
ENOG410Z8ID	-2.1345121885084812	2.134512188508478
ENOG410Z9BD	1.271868340042476	-1.2718683400424742
ENOG410Z9IK	1.1101486503519462	-1.1101486503519447
ENOG410Z9WD	0.2511441054642834	-0.25114410546428323
ENOG410ZAVW	-0.29518053074410433	0.2951805307441039
ENOG410ZB44	1.1581151670828378	-1.1581151670828362
ENOG410ZBPX	-1.4173767412681983	1.4173767412681955
ENOG410ZBRU	1.4725188335212362	-1.472518833521235
ENOG410ZBY4	1.2633873595027745	-1.263387359502773
ENOG410ZC4E	0.4322850782590875	-0.43228507825908735
ENOG410ZCPC	0.8372092159808454	-0.8372092159808444
ENOG410ZCPU	0.46303403332854054	-0.4630340333285401
ENOG410ZCXG	0.29247715430063476	-0.29247715430063453
ENOG410ZCYP	-0.23499667219520276	0.2349966721952017
ENOG410ZCZ7	-0.9849249456120264	0.9849249456120245
ENOG410ZD2Z	1.0144434584147421	-1.014443458414741
ENOG410ZD8T	1.1841161964021218	-1.1841161964021205
ENOG410ZDER	0.9662053091536581	-0.9662053091536567
ENOG410ZDMZ	0.47158116246707876	-0.47158116246707826
ENOG410ZFN1	0.8506326787498301	-0.8506326787498291
ENOG410ZG6A	-1.4597159957350403	1.4597159957350374
ENOG410ZG9V	0.8384573528386186	-0.8384573528386177
ENOG410ZGBE	0.9662807019295475	-0.9662807019295463
ENOG410ZGCT	1.3743438047176524	-1.3743438047176506
ENOG410ZGR7	1.5730050422511777	-1.5730050422511759
ENOG410ZGVC	-0.008683394136179395	0.008683394136178907
ENOG410ZH1H	-2.0158323755501693	2.0158323755501657
ENOG410ZHR8	1.4903262219877764	-1.490326221987775
ENOG410ZHVH	1.4385790361126387	-1.4385790361126365
ENOG410ZI1R	-0.2871801660607128	0.28718016606071184
ENOG410ZI1U	-0.7392207826667	0.7392207826666983
ENOG410ZIUZ	0.03310140791100161	-0.033101407911001794
ENOG410ZJ35	0.9313947675138431	-0.931394767513842
ENOG410ZJ88	0.5811115138670687	-0.5811115138670683
ENOG410ZJ9Y	1.156058789375828	-1.1560587893758265
ENOG410ZJAS	-0.015215760779509813	0.015215760779509315
ENOG410ZJC4	1.5001832019709083	-1.5001832019709065
ENOG410ZJCP	0.6951056081471029	-0.695105608147102
ENOG410ZJMC	-0.5465476083480125	0.5465476083480114
ENOG410ZJMV	0.6799834939393425	-0.6799834939393419
ENOG410ZJU9	-1.832528014272487	1.8325280142724834
ENOG410ZK7Z	0.841539687999712	-0.8415396879997113
ENOG410ZKDB	1.4495982639673972	-1.4495982639673954
ENOG410ZKEA	0.629479947180402	-0.6294799471804013
ENOG410ZKFY	-1.8090100391454738	1.8090100391454704
ENOG410ZKHE	1.1462845604371197	-1.1462845604371183
ENOG410ZKW2	1.140607174547393	-1.1406071745473911
ENOG410ZKYZ	0.7435295141801257	-0.7435295141801253
ENOG410ZMBA	1.3980561575055048	-1.3980561575055026
ENOG410ZMFR	0.40803581437547537	-0.408035814375475
ENOG410ZMHB	-0.2793861883580818	0.27938618835808093
ENOG410ZMVI	-1.525869497518517	1.5258694975185143
ENOG410ZN4P	0.7619099860519091	-0.7619099860519083
ENOG410ZN5Y	0.004556213702079919	-0.004556213702080386
ENOG410ZNMA	-0.16540565280114566	0.16540565280114491
ENOG410ZP8N	-0.6862193373688772	0.6862193373688756
ENOG410ZPJF	1.7232554786310572	-1.723255478631055
ENOG410ZPQY	0.43319646567703063	-0.43319646567703063
ENOG410ZQ81	1.0085104286017246	-1.0085104286017235
ENOG410ZQCG	-1.1302867270025694	1.1302867270025672
ENOG410ZQDJ	-0.42807840250775303	0.42807840250775214
ENOG410ZQZW	0.995040439758796	-0.9950404397587946
ENOG410ZR0N	1.1966096019642771	-1.1966096019642758
ENOG410ZR5Z	1.0198495705205972	-1.019849570520596
ENOG410ZR6W	0.6732072107808996	-0.6732072107808991
ENOG410ZR7H	0.24673266544196776	-0.24673266544196787
ENOG410ZR84	-0.2775676433512917	0.2775676433512908
ENOG410ZRET	-0.30337817891255486	0.3033781789125542
ENOG410ZRG1	0.9693907190334645	-0.9693907190334634
ENOG410ZS3T	0.9618608335986378	-0.9618608335986369
ENOG410ZS6C	-0.47075886187156374	0.4707588618715625
ENOG410ZS87	-0.06362681510269748	0.06362681510269715
ENOG410ZSE7	-0.7435533613762598	0.7435533613762583
ENOG410ZSED	1.3852324090476802	-1.3852324090476782
ENOG410ZSEH	1.3803782328685184	-1.3803782328685168
ENOG410ZSSS	1.0760864133210433	-1.076086413321042
ENOG410ZT1Z	0.8357525270722922	-0.835752527072291
ENOG410ZT2K	0.5645747527821784	-0.5645747527821775
ENOG410ZTFV	0.08407292093497626	-0.08407292093497637
ENOG410ZTIN	1.4190449369669444	-1.4190449369669424
ENOG410ZTN9	-0.3264551730530216	0.32645517305302085
ENOG410ZTSQ	1.6875408198617092	-1.6875408198617072
ENOG410ZTTH	1.0322697906035665	-1.0322697906035654
ENOG410ZU5G	0.513273848874441	-0.5132738488744407
ENOG410ZUAJ	0.8823161001360017	-0.8823161001360007
ENOG410ZUPW	1.1533300900244088	-1.1533300900244075
ENOG410ZUS1	0.7976325486321256	-0.797632548632125
ENOG410ZUW0	0.841024742363344	-0.8410247423633433
ENOG410ZV8C	1.4675743268489236	-1.4675743268489219
ENOG410ZVBK	0.11869753920617801	-0.11869753920617854
ENOG410ZVD1	1.4503986820657608	-1.4503986820657588
ENOG410ZVDY	1.3358889472560223	-1.3358889472560207
ENOG410ZVGB	0.3549480150807898	-0.35494801508078955
ENOG410ZVHG	1.7306445921082259	-1.7306445921082239
ENOG410ZVHQ	0.03905059395271311	-0.03905059395271329
ENOG410ZVJ1	-0.5864392405191527	0.5864392405191516
ENOG410ZVJD	1.1655804780445056	-1.1655804780445043
ENOG410ZVJF	0.22105266062452023	-0.22105266062452011
ENOG410ZVJH	0.9391512575302856	-0.9391512575302843
ENOG410ZVJU	0.8085046446336976	-0.8085046446336969
ENOG410ZVM5	0.23246230980517307	-0.23246230980517296
ENOG410ZVMD	0.8476973493385012	-0.8476973493385
ENOG410ZVPY	1.473275433122784	-1.4732754331227815
ENOG410ZVS6	0.9440941942951993	-0.9440941942951981
ENOG410ZVSK	1.4198747439135686	-1.4198747439135668
ENOG410ZVSP	0.044913846934169395	-0.044913846934169804
ENOG410ZVSS	1.2339755754812	-1.2339755754811987
ENOG410ZVU1	1.3331950732866051	-1.3331950732866038
ENOG410ZVU3	1.4500339935285078	-1.4500339935285058
ENOG410ZW1B	1.0249615709443038	-1.0249615709443023
ENOG410ZW1G	0.1525202978425501	-0.15252029784254986
ENOG410ZW8V	1.2933152062717976	-1.293315206271796
ENOG410ZW99	0.9092318361240298	-0.9092318361240284
ENOG410ZW9Z	1.0509655144635655	-1.0509655144635646
ENOG410ZWDR	-1.246263248736161	1.2462632487361585
ENOG410ZWE9	1.4474966938684442	-1.447496693868442
ENOG410ZWFP	-0.27247899687394395	0.2724789968739433
ENOG410ZWRY	1.147100009162901	-1.1471000091628998
ENOG410ZWTQ	0.6721965827472495	-0.6721965827472489
ENOG410ZWU1	1.6105399288263174	-1.6105399288263156
ENOG410ZWYN	1.3318518392844605	-1.331851839284459
ENOG410ZX8X	-1.3422085319898225	1.3422085319898203
ENOG410ZXB1	-0.3656200325619106	0.3656200325619098
ENOG410ZXBC	1.1414124979187341	-1.1414124979187328
ENOG410ZXEA	1.2283414540379574	-1.2283414540379558
ENOG410ZXGW	-1.125834359405228	1.125834359405226
ENOG410ZXK1	1.6714080840914014	-1.671408084091399
ENOG410ZXMP	0.9078776401735891	-0.9078776401735884
ENOG410ZXSY	1.5172907042220483	-1.5172907042220467
ENOG410ZXTD	-0.8908520390189356	0.8908520390189341
ENOG410ZYD5	-0.6848933528973918	0.6848933528973903
ENOG410ZYKS	0.07195970110966779	-0.07195970110966768
ENOG410ZYNB	-0.9509225035006454	0.9509225035006436
ENOG410ZYQ7	-0.8864321069858131	0.8864321069858112
ENOG410ZYT0	0.44942674545606537	-0.44942674545606537
ENOG410ZYTH	0.38532280280418957	-0.38532280280418946
ENOG410ZZ0X	-0.22883301779896062	0.22883301779896004
ENOG410ZZ6S	0.5750171227957002	-0.5750171227956995
ENOG410ZZDC	-1.2415948240747252	1.241594824074723
ENOG410ZZKR	1.273509939382517	-1.2735099393825156
ENOG410ZZUB	1.5673442522285645	-1.567344252228562
ENOG410ZZV4	-0.46886641961756925	0.46886641961756803
ENOG410ZZYF	1.340709695463067	-1.3407096954630655
ENOG410ZZZ9	0.4837941917256034	-0.4837941917256031
ENOG411002Y	-1.4287821927053503	1.428782192705348
ENOG411004G	-0.49223583851312563	0.4922358385131244
ENOG411005S	0.512462738827242	-0.5124627388272417
ENOG411007H	0.8958966708713947	-0.8958966708713938
ENOG4110088	1.345046808590585	-1.3450468085905833
ENOG411008E	-0.35316199667140535	0.3531619966714043
ENOG41100DU	0.23050016485395644	-0.23050016485395633
ENOG41100NK	-0.13018340009374868	0.13018340009374824
ENOG41100QN	0.23834617994528698	-0.2383461799452873
ENOG41100QY	-0.2520286712121769	0.2520286712121761
ENOG4110187	1.543822350075521	-1.543822350075519
ENOG41101BA	1.1644863422265759	-1.1644863422265745
ENOG41101CE	1.0226768948928642	-1.0226768948928628
ENOG41101IJ	-0.41731988444335577	0.4173198844433549
ENOG41101U4	1.2240337137892725	-1.2240337137892705
ENOG41101W1	0.0875738653527215	-0.0875738653527216
ENOG411020B	-1.207803976356915	1.207803976356913
ENOG4110219	-0.8560760054448432	0.8560760054448416
ENOG411021X	-0.6476642294413383	0.6476642294413371
ENOG411027S	1.548631758289254	-1.5486317582892517
ENOG41102NI	1.4502717486219057	-1.450271748621904
ENOG411037S	1.3087202830954752	-1.3087202830954738
ENOG41106SB	0.9917347964318093	-0.9917347964318077
ENOG41106VG	0.7492444334332701	-0.7492444334332694
ENOG411072U	0.5331946991127748	-0.5331946991127745
ENOG41107HC	0.9122700915605573	-0.9122700915605566
ENOG41107YC	0.33719167996983	-0.33719167996982996
ENOG4110DHN	1.2014163228294525	-1.201416322829451
ENOG4110F72	1.5066749809646502	-1.506674980964648
ENOG4110F95	-0.6164411939118629	0.6164411939118617
ENOG4110FB9	-0.6770444865640297	0.6770444865640282
ENOG4110H5Q	1.6009117669606223	-1.6009117669606203
ENOG4110HET	0.3644792333385466	-0.36447923333854604
ENOG4110MHC	0.20604499649965738	-0.20604499649965705
ENOG4110NU4	1.2877263462653363	-1.2877263462653348
ENOG4110P1F	1.3251238864059378	-1.325123886405936
ENOG4110PHZ	-0.3861428316661112	0.38614283166611035
ENOG4110UAG	1.488795542511157	-1.4887955425111545
ENOG4110WDH	1.2095049225852943	-1.209504922585293
ENOG4110XAM	1.0176548375224834	-1.0176548375224825
ENOG4110YS4	1.1242680146003154	-1.1242680146003137
ENOG41110K5	0.8835340917799597	-0.8835340917799585
ENOG41112GZ	-1.4521030465006253	1.4521030465006226
ENOG41113IS	1.499455561610736	-1.4994555616107343
ENOG41114JZ	-0.16705304067065158	0.16705304067065085
ENOG41114SZ	-0.14671387683151976	0.1467138768315193
ENOG411177X	-0.2170056260734205	0.2170056260734197
ENOG411181B	0.009070909002032484	-0.009070909002032944
ENOG4111E53	0.3577662232371742	-0.3577662232371739
ENOG4111EAB	-0.26207552205768403	0.2620755220576834
ENOG4111EEW	-1.3676485870764523	1.3676485870764499
ENOG4111EZ3	0.680759315460371	-0.6807593154603707
ENOG4111EZS	1.5669495385417835	-1.5669495385417818
ENOG4111EZZ	-1.1997934131472934	1.199793413147291
ENOG4111F5I	-0.08748580250073555	0.08748580250073494
ENOG4111F7P	1.005304736889961	-1.00530473688996
ENOG4111F8N	0.011334003764767701	-0.011334003764767684
ENOG4111F8R	0.9968854913795485	-0.9968854913795473
ENOG4111FB1	0.5775709458969785	-0.5775709458969782
ENOG4111FB8	0.8821030541253808	-0.8821030541253797
ENOG4111FH6	0.8016879860125639	-0.801687986012563
ENOG4111FIR	1.7468086628284405	-1.746808662828438
ENOG4111FJD	1.241726335932165	-1.2417263359321637
ENOG4111FJG	1.7127644826890793	-1.7127644826890767
ENOG4111FJK	1.5096378097643406	-1.5096378097643386
ENOG4111FK3	0.5421871840892013	-0.5421871840892007
ENOG4111FKR	-0.9300139285845803	0.9300139285845787
ENOG4111FR4	0.935296583498237	-0.9352965834982363
ENOG4111FTP	1.3138358173344389	-1.3138358173344376
ENOG4111FV1	0.3933100583642649	-0.3933100583642648
ENOG4111FW1	-0.07406010418723018	0.07406010418722982
ENOG4111FXN	-0.8262232091392132	0.8262232091392114
ENOG4111FY8	1.3821533329016291	-1.3821533329016271
ENOG4111FYK	-0.6075975128598562	0.607597512859855
ENOG4111FZS	-0.7932514004020224	0.7932514004020209
ENOG4111G02	0.9268466592243528	-0.9268466592243518
ENOG4111G1Y	1.0461238172496001	-1.046123817249599
ENOG4111G27	-0.1953984263746384	0.1953984263746376
ENOG4111G2M	0.007517930979109782	-0.007517930979110007
ENOG4111G4U	-1.3314533654761334	1.331453365476131
ENOG4111G83	1.6991436460064733	-1.699143646006471
ENOG4111GB5	1.340138873360944	-1.3401388733609425
ENOG4111GBX	1.013381754763148	-1.013381754763147
ENOG4111GDS	-0.10988967418159556	0.10988967418159516
ENOG4111GH9	0.35428433955995137	-0.3542843395599513
ENOG4111GIF	1.1059538269119982	-1.105953826911997
ENOG4111GII	0.6336599183823163	-0.6336599183823156
ENOG4111GJ3	-0.07786281921823716	0.0778628192182368
ENOG4111GPI	-1.142167278982782	1.14216727898278
ENOG4111GPR	-1.4300632048962691	1.4300632048962665
ENOG4111GQ5	1.3637518442265661	-1.3637518442265646
ENOG4111GQY	1.171799891547493	-1.1717998915474916
ENOG4111GVD	1.545458540325201	-1.5454585403251988
ENOG4111GW9	0.07715026039573655	-0.07715026039573691
ENOG4111GWY	0.868025940873443	-0.868025940873442
ENOG4111GYJ	1.706506265292915	-1.7065062652929133
ENOG4111H2K	0.42455927347498607	-0.4245592734749856
ENOG4111H43	-0.40737451137354663	0.4073745113735455
ENOG4111H52	-1.1708414349753136	1.1708414349753116
ENOG4111H5B	-0.44215082300168346	0.4421508230016825
ENOG4111H8C	0.782896239110777	-0.7828962391107761
ENOG4111H93	1.2009462874246348	-1.2009462874246335
ENOG4111HB2	-0.21284352162225126	0.21284352162225068
ENOG4111HJ6	0.4627628040603158	-0.46276280406031556
ENOG4111HPY	-0.1581494962376565	0.15814949623765578
ENOG4111HPZ	1.3993392831041633	-1.3993392831041618
ENOG4111HRE	-0.35755269388712235	0.35755269388712135
ENOG4111HRW	-1.1686143906242128	1.1686143906242106
ENOG4111HVH	0.49940979892072557	-0.4994097989207253
ENOG4111HX2	0.7729246687302803	-0.7729246687302797
ENOG4111HZS	0.023873275659429587	-0.023873275659429788
ENOG4111I0X	0.26113952174023053	-0.26113952174023036
ENOG4111I2P	-0.5354544336313531	0.5354544336313521
ENOG4111I9U	0.5418179215598337	-0.5418179215598331
ENOG4111IB5	-0.34976358448050704	0.34976358448050626
ENOG4111IBF	-0.7922335929027203	0.7922335929027187
ENOG4111ICU	-1.3044642895536251	1.3044642895536227
ENOG4111IDM	-1.5813948141494052	1.5813948141494025
ENOG4111II9	-0.9212912550091297	0.921291255009128
ENOG4111IM7	0.8553138029051629	-0.8553138029051621
ENOG4111INQ	-0.8630330966756967	0.8630330966756949
ENOG4111ISI	0.7075017980661927	-0.7075017980661916
ENOG4111IVF	0.00711283393791105	-0.007112833937911512
ENOG4111IZK	-1.5915967324755755	1.5915967324755729
ENOG4111J26	1.3742937622920164	-1.3742937622920148
ENOG4111J2E	0.7911275615251144	-0.7911275615251135
ENOG4111J3A	0.7500847043995449	-0.7500847043995439
ENOG4111J3Q	0.31745539698077474	-0.31745539698077496
ENOG4111J72	0.17004092895661269	-0.17004092895661266
ENOG4111J8D	-0.0578880904493242	0.05788809044932364
ENOG4111J8H	0.929318189157081	-0.9293181891570802
ENOG4111J97	0.4159178095024995	-0.4159178095024991
ENOG4111J9Z	-0.10249854329365322	0.1024985432936526
ENOG4111JC0	0.3833930057659118	-0.3833930057659114
ENOG4111JCE	-0.3936666249103944	0.39366662491039334
ENOG4111JCU	1.7545203144430366	-1.7545203144430344
ENOG4111JEX	-0.5722060930871705	0.5722060930871692
ENOG4111JFQ	0.7151473327632009	-0.7151473327632004
ENOG4111JG7	-0.060833111920379025	0.060833111920378456
ENOG4111JHT	1.3674285333670266	-1.3674285333670249
ENOG4111JK3	-0.36649459877206225	0.3664945987720615
ENOG4111JN4	1.4472225044644487	-1.4472225044644464
ENOG4111JQJ	-1.043748540846635	1.0437485408466327
ENOG4111JS7	1.3942995383400596	-1.3942995383400578
ENOG4111JSF	0.8150551941783659	-0.8150551941783651
ENOG4111JWE	0.8340589169320807	-0.8340589169320799
ENOG4111JXM	1.2848426912013935	-1.284842691201392
ENOG4111JYM	1.4057326921549351	-1.4057326921549331
ENOG4111JZP	-2.191770630637744	2.1917706306377407
ENOG4111JZU	0.9402399819850937	-0.9402399819850926
ENOG4111K1E	0.26397619072203293	-0.263976190722033
ENOG4111K5D	-2.0144971213338563	2.014497121333853
ENOG4111KB4	0.7609622809591255	-0.7609622809591249
ENOG4111KEC	0.8426940665602395	-0.8426940665602385
ENOG4111KFQ	1.0101776712084922	-1.0101776712084911
ENOG4111KN3	-0.9878231884320463	0.9878231884320443
ENOG4111KRI	0.5023236965667235	-0.5023236965667232
ENOG4111KRN	0.44263113513956903	-0.4426311351395686
ENOG4111KUD	0.15452748694319662	-0.15452748694319685
ENOG4111KW9	1.2878310769489654	-1.2878310769489638
ENOG4111KYU	1.7370411896423457	-1.7370411896423428
ENOG4111KZG	-1.1777137118744667	1.1777137118744647
ENOG4111M1B	-0.6825858918691631	0.6825858918691619
ENOG4111M3U	-0.09661103192739882	0.09661103192739844
ENOG4111M4A	-0.6515320422284039	0.6515320422284024
ENOG4111M4J	-0.22567517737144865	0.2256751773714476
ENOG4111M5N	0.777171955992891	-0.7771719559928901
ENOG4111MA7	0.8812983998253705	-0.8812983998253696
ENOG4111MBA	0.7780713217993643	-0.7780713217993632
ENOG4111MBG	0.6699683274746248	-0.669968327474624
ENOG4111MCJ	1.6294294834137821	-1.6294294834137801
ENOG4111MCV	1.6403687416866117	-1.6403687416866097
ENOG4111MGD	0.3695739394720339	-0.36957393947203376
ENOG4111MJJ	0.7598083664075945	-0.7598083664075936
ENOG4111MJP	1.0955773246532072	-1.0955773246532061
ENOG4111MMW	1.0351515430495486	-1.0351515430495475
ENOG4111MP2	1.4789080530546108	-1.4789080530546086
ENOG4111MT2	-0.8095387076814218	0.8095387076814202
ENOG4111MTA	0.11067919646796953	-0.11067919646796984
ENOG4111MW5	-0.4274903538557731	0.4274903538557722
ENOG4111N2I	-1.1479529885954838	1.1479529885954818
ENOG4111N4J	0.1762236750073465	-0.17622367500734648
ENOG4111N9C	0.6714025579294283	-0.6714025579294275
ENOG4111NCF	-0.23599330876404762	0.23599330876404676
ENOG4111NEB	1.2545731913148093	-1.2545731913148077
ENOG4111NFI	1.4729369121797733	-1.4729369121797715
ENOG4111NI7	-0.7589281978067304	0.7589281978067287
ENOG4111NKX	0.4136223500171199	-0.4136223500171192
ENOG4111NM3	-2.287641230655927	2.2876412306559235
ENOG4111NND	0.04667955811093147	-0.046679558110932114
ENOG4111NQG	0.8981103142097131	-0.8981103142097122
ENOG4111NTW	0.2879015193853021	-0.2879015193853019
ENOG4111NV7	0.48077142124065675	-0.48077142124065597
ENOG4111NVG	0.33093559126811517	-0.3309355912681149
ENOG4111P0I	1.3897688594062108	-1.389768859406209
ENOG4111P10	1.170474055674266	-1.170474055674265
ENOG4111P3M	-1.4536529574788601	1.4536529574788575
ENOG4111P3R	1.1040911830417304	-1.104091183041729
ENOG4111P4D	0.22756134837899342	-0.22756134837899353
ENOG4111P4Z	0.4312705255170848	-0.43127052551708417
ENOG4111PCV	1.2252750017802463	-1.225275001780245
ENOG4111PER	0.11100335970740025	-0.11100335970740006
ENOG4111PTC	1.240738965636	-1.2407389656359984
ENOG4111PTJ	0.03966178336099416	-0.03966178336099457
ENOG4111PZ3	0.5392214017834833	-0.539221401783483
ENOG4111Q11	-1.7896389962335926	1.7896389962335892
ENOG4111Q1R	-0.48618176578665834	0.4861817657866571
ENOG4111Q4N	0.011316928041973835	-0.01131692804197429
ENOG4111Q4W	1.309198126086559	-1.3091981260865577
ENOG4111QC0	-1.121636569359275	1.1216365693592727
ENOG4111QD0	-0.6716696139639787	0.6716696139639772
ENOG4111QDN	-0.0650593853740151	0.06505938537401453
ENOG4111QE4	0.23569492201169662	-0.23569492201169626
ENOG4111QGN	1.121369044086533	-1.1213690440865316
ENOG4111QKZ	0.41351713753578506	-0.4135171375357847
ENOG4111QN6	0.7353675381921966	-0.7353675381921957
ENOG4111QPY	-0.5327484223849908	0.5327484223849894
ENOG4111QS8	0.6258364503109639	-0.6258364503109632
ENOG4111QSQ	-1.1097001063614131	1.109700106361411
ENOG4111QVH	0.5923155347487972	-0.5923155347487965
ENOG4111QVW	1.0810581168955	-1.081058116895499
ENOG4111QW4	0.53596862899774	-0.5359686289977397
ENOG4111QZ3	1.422212518700789	-1.4222125187007877
ENOG4111R0M	1.0872820736556517	-1.0872820736556503
ENOG4111R0N	-1.279395312455417	1.2793953124554145
ENOG4111R14	1.1323267472455547	-1.1323267472455532
ENOG4111R32	-1.3505730465586054	1.3505730465586032
ENOG4111R3C	-0.16357177102812412	0.16357177102812362
ENOG4111R48	1.3762406949296462	-1.3762406949296444
ENOG4111R59	0.8222644596795097	-0.822264459679509
ENOG4111R8U	-0.4978945628456901	0.4978945628456891
ENOG4111R9W	1.480639843079334	-1.4806398430793322
ENOG4111RAV	1.300299275697992	-1.3002992756979908
ENOG4111RED	1.5726528959018298	-1.5726528959018278
ENOG4111RES	-0.4781407572595231	0.4781407572595221
ENOG4111RG9	-0.11594968254649823	0.11594968254649758
ENOG4111RN5	0.13680409022269316	-0.13680409022269366
ENOG4111RPE	0.6608393621715878	-0.660839362171587
ENOG4111RU6	1.1464588958969435	-1.1464588958969422
ENOG4111RUK	-0.41716888470155894	0.41716888470155805
ENOG4111RZM	-0.9033884574286827	0.9033884574286811
ENOG4111S42	0.2632248303627547	-0.26322483036275474
ENOG4111S9B	-0.034617894955276604	0.03461789495527631
ENOG4111SA5	0.5183118532771206	-0.51831185327712
ENOG4111SE1	-0.03324368446089881	0.033243684460898516
ENOG4111SF8	0.4854089859401671	-0.48540898594016685
ENOG4111SFQ	-0.19418044832040945	0.19418044832040893
ENOG4111SIF	1.3248419014416215	-1.32484190144162
ENOG4111SJ2	1.5979002045906128	-1.5979002045906117
ENOG4111SJQ	0.9192241228583127	-0.9192241228583118
ENOG4111SJR	0.6224394193935076	-0.6224394193935066
ENOG4111SNX	-1.083454843502099	1.0834548435020968
ENOG4111SPS	1.1484193268891347	-1.1484193268891334
ENOG4111SRH	0.8183008770414957	-0.8183008770414948
ENOG4111STN	-1.0303816158267636	1.0303816158267618
ENOG4111SU9	1.3782670749364025	-1.378267074936401
ENOG4111T5H	-0.9523684511302714	0.9523684511302694
ENOG4111TF2	0.5806149345907711	-0.5806149345907702
ENOG4111THP	0.7214186026266332	-0.7214186026266325
ENOG4111TJX	-0.48365699359252146	0.48365699359252046
ENOG4111TNS	1.1887192299453666	-1.1887192299453653
ENOG4111TPU	1.2469767586815685	-1.2469767586815665
ENOG4111TRN	-0.9081198015391637	0.9081198015391618
ENOG4111TU1	-0.34676178284470055	0.3467617828446998
ENOG4111TU2	0.6396015357303634	-0.6396015357303627
ENOG4111U0Y	-1.6245343229818765	1.6245343229818736
ENOG4111U4V	0.1617140797522447	-0.16171407975224467
ENOG4111U4Z	1.3876767282767168	-1.3876767282767153
ENOG4111U85	1.054217420354195	-1.0542174203541934
ENOG4111U9Y	-0.0018139307640418394	0.0018139307640415996
ENOG4111UBE	1.3576795128164723	-1.3576795128164705
ENOG4111UJE	1.281734604829143	-1.2817346048291414
ENOG4111UR2	1.335621372429784	-1.3356213724297827
ENOG4111US1	1.0274610129282102	-1.027461012928209
ENOG4111UYR	1.3934599147573277	-1.3934599147573261
ENOG4111V6R	-0.38652295358000005	0.386522953579999
ENOG4111VAE	1.4868020082818023	-1.4868020082818003
ENOG4111VC8	0.49377478471358377	-0.4937747847135835
ENOG4111VE3	1.5345515080784558	-1.534551508078454
ENOG4111VF8	1.3704753112008594	-1.3704753112008572
ENOG4111VHR	0.8611428139553579	-0.8611428139553571
ENOG4111VJW	0.35715964493964186	-0.3571596449396418
ENOG4111VN3	-0.7370472343235416	0.7370472343235399
ENOG4111VN8	0.45489315853008067	-0.4548931585300802
ENOG4111VNP	1.3385224531857451	-1.3385224531857438
ENOG4111VRS	0.3652720049734929	-0.36527200497349277
ENOG4111VUW	0.23303432889029554	-0.2330343288902959
ENOG4111VVM	0.8599200120519439	-0.8599200120519429
ENOG4111VWS	-0.4391732358825747	0.4391732358825738
ENOG4111W1E	-0.5221271408307832	0.522127140830782
ENOG4111W6Z	0.4365751350523957	-0.4365751350523955
ENOG4111W7E	-1.010334298727904	1.0103342987279023
ENOG4111W9D	-1.435196618176224	1.4351966181762215
ENOG4111WB3	0.6083851770164084	-0.6083851770164079
ENOG4111WDG	1.5828536955101165	-1.5828536955101145
ENOG4111WFU	0.5885426176203701	-0.5885426176203694
ENOG4111WHU	0.7496944412406558	-0.7496944412406549
ENOG4111WN5	-0.5587992196025611	0.5587992196025597
ENOG4111WNI	-1.1886356364808721	1.18863563648087
ENOG4111WNU	1.0398370948254274	-1.0398370948254259
ENOG4111WQI	-0.379191854011297	0.3791918540112962
ENOG4111WRA	-1.0629150832723662	1.062915083272364
ENOG4111WXB	1.1621885796921365	-1.1621885796921354
ENOG4111X4V	0.4508993348483205	-0.4508993348483205
ENOG4111X78	1.5040785464089643	-1.5040785464089628
ENOG4111X82	1.531399467513186	-1.5313994675131837
ENOG4111X8I	1.3943158262343187	-1.3943158262343172
ENOG4111XAM	0.3372394636066341	-0.3372394636066336
ENOG4111XB6	0.4219627544135077	-0.42196275441350756
ENOG4111XD5	0.5059155210982049	-0.5059155210982046
ENOG4111XTI	-1.4037558363615847	1.4037558363615823
ENOG4111XUR	0.7620482170544075	-0.7620482170544068
ENOG4111XWA	-0.2912707284961471	0.29127072849614594
ENOG4111XXW	0.16015106344782787	-0.16015106344782812
ENOG4111XYX	-1.242179305350791	1.2421793053507888
ENOG4111Y1C	1.1916324241858933	-1.1916324241858913
ENOG4111Y2V	1.5555600785638268	-1.5555600785638246
ENOG4111Y46	0.20534438528681653	-0.20534438528681645
ENOG4111Y8E	-1.3165012398098421	1.31650123980984
ENOG4111Y9M	-0.32994466692446683	0.3299446669244661
ENOG4111YAY	-1.4343302030424498	1.4343302030424472
ENOG4111YKN	1.5427517315503914	-1.5427517315503891
ENOG4111YQF	0.28335707926126175	-0.2833570792612618
ENOG4111YWU	0.19538303380331556	-0.19538303380331548
ENOG4111YX6	0.9463167523666104	-0.9463167523666098
ENOG4111Z00	0.516959682617134	-0.5169596826171331
ENOG4111Z2Q	-1.2491727854991566	1.2491727854991543
ENOG4111Z3G	0.6296364765544652	-0.6296364765544642
ENOG4111Z8S	-1.308292812179051	1.3082928121790485
ENOG4111ZCV	-1.0793085465507093	1.0793085465507073
ENOG4111ZDW	-0.21780120387451676	0.21780120387451596
ENOG4111ZET	1.3469077451895226	-1.3469077451895208
ENOG4111ZFE	0.8151389350632535	-0.8151389350632526
ENOG4111ZFQ	-0.16891397052190388	0.16891397052190313
ENOG4111ZMA	1.1703518545140474	-1.170351854514046
ENOG4111ZMN	1.434671235375942	-1.4346712353759405
ENOG4111ZPZ	-0.32976103266092277	0.32976103266092205
ENOG4111ZQ7	-1.401888424660101	1.4018884246600982
ENOG4111ZQM	0.11302161659259453	-0.11302161659259483
ENOG4111ZWU	-1.5089693860563769	1.508969386056374
ENOG411204B	0.24216420541301834	-0.24216420541301845
ENOG41120BJ	-0.9287855973232636	0.9287855973232619
ENOG41120CJ	-1.6108217359409132	1.6108217359409105
ENOG41120G2	0.7155744717453016	-0.7155744717453008
ENOG41120IY	1.5014080397569587	-1.501408039756956
ENOG41120WW	1.2840116214230746	-1.2840116214230726
ENOG41120WX	1.4302794067258355	-1.4302794067258335
ENOG41120X1	-1.1164367192666598	1.1164367192666578
ENOG41120XT	0.44024668538771267	-0.4402466853877122
ENOG4112145	1.0393504547506154	-1.0393504547506138
ENOG411215K	-0.8066201739458472	0.8066201739458455
ENOG4112177	0.35090860644604016	-0.35090860644604005
ENOG41121FI	1.6214187741931556	-1.621418774193154
ENOG41121KC	0.4480475603611425	-0.448047560361142
ENOG41121WS	0.715386687603059	-0.7153866876030585
ENOG411220U	0.16203473518020736	-0.16203473518020736
ENOG411220Z	1.3694063612199594	-1.3694063612199576
ENOG4112221	-1.3473304550530474	1.347330455053045
ENOG411225U	0.024938781202764698	-0.024938781202764895
ENOG41122AM	1.1790056436400007	-1.1790056436399992
ENOG41122D8	-0.31293227692331205	0.3129322769233113
ENOG41122M9	-0.19716826495815876	0.1971682649581582
ENOG41122VX	1.2940242867395826	-1.294024286739581
ENOG41122W4	-1.796669802491453	1.7966698024914496
ENOG41122WR	1.6681830535382451	-1.6681830535382431
ENOG411239P	-0.3429708667448181	0.3429708667448173
ENOG41123DH	-0.86300273226249	0.8630027322624885
ENOG41123HQ	1.4405060704921817	-1.4405060704921802
ENOG41123I9	-1.1416684409641158	1.1416684409641136
ENOG41123KQ	-0.43552805995869026	0.4355280599586891
ENOG41123Q6	1.0829947637795292	-1.082994763779528
ENOG41123QK	0.3961557952106083	-0.39615579521060795
ENOG41123QU	0.37530800181303753	-0.3753080018130369
ENOG41123SV	-0.6468985378115587	0.6468985378115573
ENOG411240D	0.9773153354130089	-0.9773153354130079
ENOG411240F	-0.7453025665858686	0.7453025665858672
ENOG411241A	-1.3583177530289545	1.3583177530289519
ENOG411241E	-0.4433313853893365	0.4433313853893353
ENOG41124G7	1.4121737699992203	-1.412173769999219
ENOG41124H4	1.1319013959612794	-1.1319013959612783
ENOG41124HM	0.7116480556675747	-0.711648055667574
ENOG41124K8	-1.610817282835479	1.610817282835476
ENOG41124N5	0.8452855934249994	-0.8452855934249983
ENOG41124Q5	0.2902613714045463	-0.2902613714045463
ENOG41124TY	0.600384221344397	-0.6003842213443967
ENOG4112582	0.007938609212513064	-0.007938609212513287
ENOG411258W	-0.5588658345987572	0.558865834598756
ENOG41125BE	0.8360762703497981	-0.8360762703497974
ENOG41125D5	-0.5355518450142983	0.5355518450142971
ENOG41125HU	-1.3100836609062305	1.3100836609062283
ENOG41125I6	-0.34734567372439656	0.3473456737243955
ENOG41125JZ	-0.6177594765703793	0.6177594765703781
ENOG41125K2	1.2897439109087123	-1.2897439109087108
ENOG41125P7	0.7000210689013593	-0.7000210689013584
ENOG41125RW	1.0338422735788328	-1.0338422735788315
ENOG41125WJ	0.29006617204119056	-0.29006617204119056
ENOG41125XB	1.5621527907437127	-1.5621527907437107
ENOG41125XC	1.1297435897858326	-1.1297435897858312
ENOG4112602	-0.3148439838219486	0.3148439838219476
ENOG411263Z	-0.2164438854563206	0.21644388545631957
ENOG411265D	0.3058200057426839	-0.3058200057426835
ENOG41126EM	1.1880335568955454	-1.1880335568955445
ENOG41126GF	0.08070207422617447	-0.08070207422617458
ENOG41126Q7	1.6977173150792049	-1.697717315079202
ENOG41126RH	1.1635646001107876	-1.1635646001107864
ENOG41126S5	-1.743348037031545	1.7433480370315415
ENOG41126TB	0.47163646612969845	-0.47163646612969795
ENOG41126X9	-1.0202745011989631	1.0202745011989613
ENOG41126ZD	-0.821218360870012	0.8212183608700104
ENOG4112703	-0.44701561852914135	0.44701561852914046
ENOG4112704	-0.5626467590507928	0.5626467590507914
ENOG411274N	1.275775976443237	-1.2757759764432355
ENOG41127H1	1.7242099504306454	-1.7242099504306432
ENOG41127IP	0.795018951350441	-0.7950189513504404
ENOG41127P9	0.87959943011446	-0.8795994301144587
ENOG41127QI	1.6192759701829498	-1.6192759701829478
ENOG41127QJ	0.5077211325490487	-0.5077211325490482
ENOG41127RZ	-0.039842045816378145	0.03984204581637761
ENOG41127XM	0.22056067905823787	-0.220560679058238
ENOG4112823	0.4933617766326844	-0.4933617766326841
ENOG411284Y	-0.35888827707540666	0.3588882770754059
ENOG41128GQ	0.09790707811792639	-0.09790707811792647
ENOG41128QS	0.27289435110521176	-0.2728943511052121
ENOG41128VI	1.1496531634704517	-1.1496531634704503
ENOG41128XF	0.21787895144211564	-0.21787895144211578
ENOG4112923	0.3403182706249731	-0.34031827062497305
ENOG4112986	-0.15520757786169853	0.15520757786169806
ENOG41129BN	-0.6490339294207745	0.6490339294207733
ENOG41129DW	0.8503805216473419	-0.8503805216473406
ENOG41129FA	-1.6860732766352795	1.6860732766352768
ENOG41129IY	0.30111154607616125	-0.3011115460761608
ENOG41129K2	0.04508671246669719	-0.04508671246669712
ENOG41129QP	-0.27088245213997897	0.2708824521399781
ENOG41129R3	-0.3596095818353429	0.3596095818353421
ENOG41129SD	0.3393496137216662	-0.3393496137216664
ENOG41129Y0	-0.2263567700796473	0.22635677007964647
ENOG4112A0K	1.3471279807394136	-1.3471279807394123
ENOG4112A7R	0.8666784689333309	-0.8666784689333298
ENOG4112AER	0.4216664466828509	-0.42166644668285047
ENOG4112AIV	1.7456020675362778	-1.7456020675362756
ENOG4112AN7	1.151861732444776	-1.1518617324447746
ENOG4112AQE	0.7581308024308855	-0.7581308024308848
ENOG4112ARF	0.5085695398880083	-0.5085695398880082
ENOG4112AT2	-0.7950806938478188	0.7950806938478173
ENOG4112B40	0.25285793352104735	-0.2528579335210472
ENOG4112BAR	1.6989196443852548	-1.6989196443852528
ENOG4112BGZ	-0.7455138546751235	0.7455138546751219
ENOG4112BP6	0.04947513860165627	-0.04947513860165619
ENOG4112BPV	0.7916524993147159	-0.7916524993147147
ENOG4112BRK	-0.25183078054193436	0.251830780541934
ENOG4112BX4	1.0353454814617846	-1.0353454814617833
ENOG4112BYU	0.5085822652534907	-0.5085822652534904
ENOG4112C0Y	-0.38516112207527187	0.38516112207527076
ENOG4112C9F	0.3564326016162125	-0.35643260161621215
ENOG4112CCT	-1.7174166661190824	1.717416666119079
ENOG4112CIP	-0.6720541154223053	0.6720541154223039
ENOG4112CJA	1.2737442584945269	-1.2737442584945253
ENOG4112D9A	-0.4663294166376033	0.46632941663760236
ENOG4112DBA	1.1628308079133218	-1.16283080791332
COG1240	-1.9013484040254716	1.9013484040254685
COG1334	1.2037728191248085	-1.2037728191248072
COG1505	-0.18693432156880493	0.18693432156880416
COG1700	0.803894216152139	-0.8038942161521382
COG1755	0.9439407016508964	-0.9439407016508954
COG2048	-0.6647138951292513	0.6647138951292499
COG2319	1.4856370327461923	-1.4856370327461912
COG2405	-0.5600389494714179	0.5600389494714167
COG2830	-0.9329809769417854	0.9329809769417837
COG2931	0.05609084400301067	-0.05609084400301106
COG3419	0.5872955208594123	-0.5872955208594116
COG3488	0.07609736339335191	-0.07609736339335203
COG3566	-0.3463433751465624	0.3463433751465616
COG3746	1.5768424903928289	-1.5768424903928273
COG3866	0.1342561369603676	-0.13425613696036787
COG3934	1.2172180281452099	-1.2172180281452083
COG3952	1.1386756652022556	-1.1386756652022543
COG3972	1.4001578559273442	-1.4001578559273422
COG4226	0.44388497327739085	-0.4438849732773902
COG4286	0.2812922897955197	-0.28129228979551923
COG4372	0.8189209025302769	-0.8189209025302759
COG4502	0.2292512416627106	-0.22925124166271074
COG4641	1.0389885153864542	-1.038988515386453
COG4797	-0.7078589825121495	0.707858982512148
COG4834	-0.22494419041394245	0.22494419041394165
COG4874	0.7206298983653413	-0.7206298983653404
COG4938	0.9070844075765543	-0.9070844075765534
COG4946	0.06624652638963421	-0.06624652638963459
ENOG410XNTZ	0.9794591315432991	-0.9794591315432982
ENOG410XNV1	-0.9634732965929158	0.9634732965929141
ENOG410XNWS	1.030372766810861	-1.0303727668108595
ENOG410XNYE	1.151412729674823	-1.1514127296748218
ENOG410XP2N	0.25975720392781004	-0.2597572039278104
ENOG410XP54	1.2882273439683714	-1.2882273439683698
ENOG410XP59	0.5312758860640745	-0.5312758860640739
ENOG410XP63	-0.8453098282358857	0.845309828235884
ENOG410XP71	0.31269615125276135	-0.31269615125276135
ENOG410XP7P	0.8729736281117231	-0.8729736281117223
ENOG410XPB1	0.7014065193382529	-0.7014065193382524
ENOG410XPDP	1.0095976761846466	-1.0095976761846452
ENOG410XPGH	0.9063253579270972	-0.9063253579270963
ENOG410XPJG	0.4310869000051268	-0.43108690000512634
ENOG410XPM9	0.6741049022311545	-0.6741049022311539
ENOG410XPMX	-0.7888147372439558	0.7888147372439543
ENOG410XPR1	0.1097277710142347	-0.10972777101423477
ENOG410XPR3	0.5041336319629861	-0.5041336319629856
ENOG410XPR9	0.7376658889197333	-0.7376658889197324
ENOG410XPRV	-0.48198881383694836	0.48198881383694736
ENOG410XPSK	1.5484380691214419	-1.5484380691214406
ENOG410XPSU	0.019609091228867358	-0.019609091228867327
ENOG410XPTC	-0.6554181450778231	0.6554181450778217
ENOG410XPXH	-0.0896853298743262	0.08968532987432583
ENOG410XPY1	1.0286965322495216	-1.0286965322495203
ENOG410XPYX	0.6312687838223464	-0.6312687838223457
ENOG410XQ2W	0.9287127371845149	-0.9287127371845141
ENOG410XQ84	0.37697891194782207	-0.37697891194782224
ENOG410XQ9D	0.1658246398168584	-0.16582463981685863
ENOG410XQ9V	-0.7130228182166424	0.7130228182166408
ENOG410XQCP	1.2283872556912772	-1.2283872556912754
ENOG410XQDB	1.6972147597064633	-1.6972147597064613
ENOG410XQED	-1.0025479949085765	1.0025479949085747
ENOG410XQGH	-0.06824098050173245	0.06824098050173187
ENOG410XQGX	-1.2096101481173844	1.2096101481173822
ENOG410XQH6	-0.07412800072716738	0.07412800072716727
ENOG410XQI3	0.02654658719744851	-0.026546587197448467
ENOG410XQJQ	0.94782790063343	-0.9478279006334293
ENOG410XQK0	0.5663081612821195	-0.5663081612821188
ENOG410XQM1	-1.0115909141519037	1.0115909141519017
ENOG410XQN2	0.8972605375625664	-0.8972605375625655
ENOG410XQN3	0.7314611883499579	-0.731461188349957
ENOG410XQP6	1.4428952518239664	-1.4428952518239646
ENOG410XQRJ	-1.033038438954151	1.0330384389541487
ENOG410XQTH	0.601371709331121	-0.6013717093311206
ENOG410XQUD	-1.1075897981126397	1.1075897981126377
ENOG410XQYP	-0.2249823692468708	0.22498236924686996
ENOG410XR0J	1.2941327785381973	-1.2941327785381955
ENOG410XR1R	1.7433451076996835	-1.7433451076996813
ENOG410XR1Y	1.2937559830086816	-1.2937559830086802
ENOG410XR25	-0.13756975394401053	0.13756975394400983
ENOG410XR59	1.570089013610855	-1.570089013610853
ENOG410XR5T	1.2127572430844202	-1.212757243084419
ENOG410XR5V	0.8330176795229772	-0.8330176795229761
ENOG410XR7J	-1.0510619757044704	1.0510619757044684
ENOG410XRBF	0.6658245357664192	-0.6658245357664186
ENOG410XRBM	-0.40616379425800736	0.40616379425800625
ENOG410XRD0	0.38156527296724346	-0.38156527296724313
ENOG410XRD8	1.2455194615652245	-1.2455194615652225
ENOG410XREI	0.915300361988554	-0.9153003619885529
ENOG410XRFJ	0.08802006669199217	-0.08802006669199251
ENOG410XRGF	0.18227260161232964	-0.18227260161232983
ENOG410XRGM	-0.5021410727581173	0.5021410727581163
ENOG410XRI8	0.0350305255821957	-0.035030525582195646
ENOG410XRKQ	0.8930686950220306	-0.8930686950220293
ENOG410XRKW	0.42160067962217573	-0.42160067962217557
ENOG410XRP1	1.117942022458992	-1.1179420224589909
ENOG410XRP4	-0.15938102946910468	0.15938102946910374
ENOG410XRRN	-0.0036437700811267387	0.003643770081126733
ENOG410XRWQ	-0.3907912458091477	0.3907912458091466
ENOG410XRX3	1.607566048671601	-1.6075660486715988
ENOG410XS1K	0.36752437467532373	-0.3675243746753234
ENOG410XS27	0.8505735471417566	-0.8505735471417556
ENOG410XS38	0.5424477672929395	-0.542447767292939
ENOG410XS3Y	1.0984473275477662	-1.0984473275477649
ENOG410XS71	0.7854639143648524	-0.7854639143648515
ENOG410XSAF	0.9724087876764957	-0.9724087876764947
ENOG410XSCV	0.49764750030850163	-0.4976475003085011
ENOG410XSEP	0.1476223482555496	-0.14762234825554937
ENOG410XSFE	0.42326188432226863	-0.42326188432226847
ENOG410XSG7	0.3734931401656289	-0.37349314016562835
ENOG410XSGG	0.29907981894378666	-0.2990798189437862
ENOG410XSGQ	1.6169822533127205	-1.6169822533127185
ENOG410XSHC	0.5967171464302461	-0.5967171464302454
ENOG410XSIN	0.027694613413614132	-0.02769461341361409
ENOG410XSKW	0.6776469681224467	-0.6776469681224464
ENOG410XSNQ	0.9493016367650483	-0.9493016367650472
ENOG410XSP4	-0.0589947597630026	0.05899475976300227
ENOG410XSPA	-0.40045038776805697	0.40045038776805614
ENOG410XSRK	-1.554716141725402	1.554716141725399
ENOG410XSWU	-0.13632249702654248	0.13632249702654178
ENOG410XSZ8	1.0674061921157023	-1.067406192115701
ENOG410XSZC	-0.7510139772304945	0.751013977230493
ENOG410XT0S	0.5724298095233513	-0.5724298095233507
ENOG410XT1T	1.0892499613357653	-1.089249961335764
ENOG410XT2E	1.1871404632379927	-1.1871404632379912
ENOG410XT2G	-1.268254698415519	1.2682546984155165
ENOG410XT2N	1.5930414513938185	-1.593041451393817
ENOG410XT2W	0.9122868781962903	-0.9122868781962895
ENOG410XT32	1.2147134537503217	-1.2147134537503204
ENOG410XT41	0.9940802988006209	-0.9940802988006197
ENOG410XT60	0.4718730998107311	-0.4718730998107304
ENOG410XTC8	1.0901612832301122	-1.0901612832301109
ENOG410XTE0	-0.7886972756754561	0.7886972756754547
ENOG410XTEU	1.5478457659887745	-1.547845765988772
ENOG410XTEX	-1.113698907899514	1.1136989078995123
ENOG410XTI1	0.6055168350222471	-0.6055168350222464
ENOG410XTJD	-0.48306590301200236	0.4830659030120014
ENOG410XTK8	0.4142015111609678	-0.41420151116096743
ENOG410XTM1	0.23013758055440084	-0.23013758055440095
ENOG410XTNF	0.6969045169152912	-0.6969045169152909
ENOG410XTPT	1.3316985588641859	-1.3316985588641843
ENOG410XTWY	1.2747211140118058	-1.2747211140118042
ENOG410XTX8	1.4192380487038487	-1.4192380487038474
ENOG410XU7P	1.3382591890396167	-1.3382591890396152
ENOG410XUFW	1.5665996698131426	-1.5665996698131406
ENOG410XUIX	1.0618856795794296	-1.0618856795794283
ENOG410XUNF	1.4963058565995064	-1.4963058565995044
ENOG410XUQX	-0.10613637122802261	0.1061363712280222
ENOG410XUT4	0.5006744521663415	-0.5006744521663412
ENOG410XUTU	0.4833159470742071	-0.48331594707420655
ENOG410XV1E	0.9771436109110629	-0.9771436109110618
ENOG410XV1Q	-0.4553683092338955	0.4553683092338943
ENOG410XV2J	0.5175526929067885	-0.517552692906788
ENOG410XV63	1.1224877992361624	-1.122487799236161
ENOG410XV65	0.03175147251791218	-0.03175147251791237
ENOG410XVBQ	0.841910923466865	-0.8419109234668644
ENOG410XVCQ	0.026793130166975192	-0.026793130166975862
ENOG410XVI4	-0.1747020780353886	0.1747020780353881
ENOG410XVIV	0.2715403252900292	-0.271540325290029
ENOG410XVP9	0.6315804022367438	-0.6315804022367433
ENOG410XVPQ	-0.26795772177714755	0.26795772177714694
ENOG410XVQ2	0.9490131611970007	-0.949013161197
ENOG410XVR0	1.6000461909497292	-1.6000461909497279
ENOG410XVRQ	-0.5614695497549113	0.5614695497549099
ENOG410XW1B	1.3531414063688434	-1.3531414063688412
ENOG410XW2M	0.07055378791726807	-0.0705537879172682
ENOG410XWCQ	1.6921036013928348	-1.6921036013928328
ENOG410XWD1	-1.5759782921152599	1.575978292115257
ENOG410XWHS	0.3792221787891083	-0.3792221787891082
ENOG410XWJY	0.8639438761136855	-0.8639438761136845
ENOG410XWM3	0.9393182160420274	-0.9393182160420265
ENOG410XWND	0.1655737430233047	-0.16557374302330466
ENOG410XWRP	-0.5779135949778428	0.5779135949778414
ENOG410XWUY	1.136167733520199	-1.1361677335201976
ENOG410XWV3	1.6346700351262928	-1.634670035126291
ENOG410XX6V	0.8026770460381099	-0.8026770460381089
ENOG410XXBN	0.8302844964570578	-0.8302844964570569
ENOG410XXJC	0.8124982785461023	-0.8124982785461018
ENOG410XXS0	-0.18018969484416753	0.18018969484416678
ENOG410XXZT	-0.3649419314689319	0.3649419314689309
ENOG410XY17	1.6460452399952143	-1.6460452399952117
ENOG410XY68	-0.361299721973364	0.36129972197336296
ENOG410XY8M	-0.03388586081465293	0.03388586081465217
ENOG410XY9G	0.2630822462247386	-0.26308224622473886
ENOG410XYB5	1.3600523211631994	-1.3600523211631983
ENOG410XYEE	0.6995357757098338	-0.6995357757098335
ENOG410XYKK	1.2881412966188914	-1.28814129661889
ENOG410XYN2	1.544877187248031	-1.544877187248029
ENOG410XYSH	0.7758663104531612	-0.7758663104531608
ENOG410XYV4	0.03602914801597383	-0.036029148015973775
ENOG410XZ44	0.8631536660513417	-0.8631536660513408
ENOG410XZ45	-0.7720479249294621	0.7720479249294606
ENOG410XZ91	-0.5512773272814664	0.5512773272814651
ENOG410XZC7	0.6244634320636425	-0.6244634320636417
ENOG410XZF7	1.5281536780200722	-1.5281536780200706
ENOG410XZS0	0.9484113348331012	-0.9484113348331
ENOG410XZUM	1.1778093995782042	-1.1778093995782029
ENOG410XZUX	0.5264103543223636	-0.5264103543223633
ENOG410Y00H	0.79463929326736	-0.794639293267359
ENOG410Y01V	1.0253766553869996	-1.0253766553869987
ENOG410Y02D	1.2914115327133353	-1.2914115327133338
ENOG410Y037	0.876217972180331	-0.8762179721803302
ENOG410Y052	0.5733353541017144	-0.573335354101714
ENOG410Y061	0.6794449979606179	-0.6794449979606173
ENOG410Y065	-1.173701386501964	1.1737013865019617
ENOG410Y0TP	0.8210044448689257	-0.8210044448689244
ENOG410Y12H	0.6859843159619625	-0.6859843159619617
ENOG410Y12S	0.689197350172221	-0.6891973501722204
ENOG410Y19Z	0.30230773303150765	-0.30230773303150743
ENOG410Y1AW	0.8678703130969749	-0.8678703130969737
ENOG410Y1FH	0.12709166556396143	-0.12709166556396193
ENOG410Y1KT	-0.09486223253062147	0.09486223253062108
ENOG410Y1MD	0.9726664719392251	-0.9726664719392242
ENOG410Y1MR	-1.1420037464354946	1.1420037464354926
ENOG410Y1WM	0.626792777914094	-0.6267927779140935
ENOG410Y1YB	0.3171121277852799	-0.31711212778528014
ENOG410Y25P	1.2979074026961228	-1.2979074026961208
ENOG410Y2F5	0.1602864884399396	-0.16028648843993984
ENOG410Y2FJ	0.7062609392414041	-0.7062609392414035
ENOG410Y2GD	1.4285794451171197	-1.4285794451171179
ENOG410Y2IM	-0.03579713186778044	0.035797131867779906
ENOG410Y2NR	0.940426719491021	-0.94042671949102
ENOG410Y2QG	0.004105347179511241	-0.004105347179511708
ENOG410Y30I	-0.5747351704016608	0.5747351704016597
ENOG410Y3AH	0.6958852531504521	-0.6958852531504516
ENOG410Y3CU	-0.9713775839185121	0.9713775839185101
ENOG410Y3IK	1.600772807187571	-1.600772807187569
ENOG410Y44W	0.7903354440850091	-0.7903354440850081
ENOG410Y47Q	1.467711644194781	-1.467711644194779
ENOG410Y4AB	1.437940231755862	-1.437940231755861
ENOG410Y4I7	0.18540360248793192	-0.1854036024879321
ENOG410Y4NF	1.7204084112047802	-1.720408411204778
ENOG410Y4VD	0.010962947363247181	-0.010962947363247637
ENOG410Y50B	0.3741148344868646	-0.3741148344868643
ENOG410Y57Z	1.1350060769955286	-1.135006076995527
ENOG410Y5BR	0.052835756597897	-0.05283575659789715
ENOG410Y5R4	0.6849466523723157	-0.6849466523723149
ENOG410Y5RX	-0.007659832711185919	0.0076598327111854336
ENOG410Y5SN	1.3068434152563948	-1.3068434152563932
ENOG410Y5X3	-0.36362443189507054	0.36362443189506977
ENOG410Y61A	-0.8099579368283707	0.8099579368283693
ENOG410Y61B	1.321627515410751	-1.3216275154107493
ENOG410Y65N	-1.0515494927814555	1.0515494927814533
ENOG410Y698	-0.2124984211109243	0.21249842111092396
ENOG410Y69H	-0.3625737443443696	0.36257374434436884
ENOG410Y6BE	0.48175061272814973	-0.48175061272814923
ENOG410Y6DH	1.2648465883795124	-1.264846588379511
ENOG410Y6JS	0.46751970523909847	-0.467519705239098
ENOG410Y6KN	-1.5391697104229756	1.5391697104229727
ENOG410Y6N4	1.6296980995971788	-1.6296980995971766
ENOG410Y6PP	0.7936330947874105	-0.7936330947874095
ENOG410Y6T0	0.8987951161874437	-0.8987951161874425
ENOG410Y714	0.9876274282229339	-0.9876274282229328
ENOG410Y74B	1.4821238341005816	-1.4821238341005798
ENOG410Y74R	0.5281267013965387	-0.5281267013965382
ENOG410Y74T	-1.3789041287512793	1.3789041287512769
ENOG410Y7HR	-1.567715044113328	1.5677150441133254
ENOG410Y7J2	0.9520079040774502	-0.9520079040774488
ENOG410Y7MF	0.19052569936614627	-0.19052569936614647
ENOG410Y7NJ	0.7699321495047947	-0.7699321495047942
ENOG410Y80I	1.0101674094616802	-1.010167409461679
ENOG410Y82Q	-0.08282813885107772	0.08282813885107711
ENOG410Y8AE	1.5182951095015114	-1.5182951095015098
ENOG410Y8AI	0.9105644441319208	-0.9105644441319196
ENOG410Y8MT	0.49459564120945443	-0.4945956412094544
ENOG410Y8NU	1.3039076137905603	-1.3039076137905588
ENOG410Y8YV	0.2836889299327549	-0.28368892993275446
ENOG410Y909	0.1944002066876105	-0.1944002066876104
ENOG410Y90I	0.5978736490263609	-0.5978736490263604
ENOG410Y91P	0.03500369153069429	-0.035003691530694714
ENOG410Y99K	1.272811842109086	-1.2728118421090848
ENOG410Y9BH	1.373826624312112	-1.3738266243121102
ENOG410Y9CX	1.1222955479154884	-1.1222955479154868
ENOG410Y9CY	-1.1150516504633778	1.1150516504633756
ENOG410Y9DN	1.0930919293238455	-1.0930919293238444
ENOG410Y9EU	1.4865213375335358	-1.486521337533534
ENOG410Y9IT	1.2747113540064374	-1.274711354006436
ENOG410Y9J2	0.9667086700993819	-0.9667086700993808
ENOG410Y9K3	0.32677559499862713	-0.3267755949986273
ENOG410Y9VZ	-1.0264979268800067	1.026497926880005
ENOG410Y9XN	0.42835973549660816	-0.42835973549660794
ENOG410Y9Y0	1.3520283444645018	-1.3520283444645003
ENOG410Y9YJ	0.3736807603111837	-0.37368076031118336
ENOG410Y9YN	0.802389736657596	-0.802389736657595
ENOG410YA2N	0.35933882194217975	-0.3593388219421794
ENOG410YA83	0.7441276743661149	-0.744127674366114
ENOG410YA89	-0.15326507837663297	0.15326507837663247
ENOG410YA9Z	1.318545434168462	-1.3185454341684606
ENOG410YAA3	1.2676023602001298	-1.2676023602001285
ENOG410YAB1	0.4437365426375407	-0.44373654263754
ENOG410YABC	0.29650482562096264	-0.29650482562096264
ENOG410YAFB	1.0077997522751596	-1.0077997522751587
ENOG410YAGY	0.25695863976456684	-0.2569586397645669
ENOG410YAQZ	-0.22564982723823981	0.225649827238239
ENOG410YAR1	-0.10105143038063509	0.1010514303806347
ENOG410YARE	0.5089631541944133	-0.5089631541944127
ENOG410YAT8	-0.0633438558865665	0.06334385588656594
ENOG410YAVK	1.6324514506110022	-1.6324514506110002
ENOG410YAVZ	0.7984108181093241	-0.7984108181093232
ENOG410YAY4	0.790453100293812	-0.7904531002938116
ENOG410YAYF	1.026164816800575	-1.026164816800574
ENOG410YAYV	0.22196324838264186	-0.22196324838264153
ENOG410YB0P	1.5795170195652921	-1.5795170195652901
ENOG410YB26	-0.6088924925800793	0.608892492580078
ENOG410YB56	1.1137667942229776	-1.1137667942229763
ENOG410YB63	0.8434774244504434	-0.8434774244504423
ENOG410YB6W	1.3459518258531986	-1.345951825853197
ENOG410YB9V	1.0819410413577797	-1.0819410413577786
ENOG410YBD7	1.5335092728220678	-1.5335092728220658
ENOG410YBE3	1.5327549080906833	-1.5327549080906815
ENOG410YBFJ	-1.8248109160302604	1.824810916030257
ENOG410YBFN	1.38002026566261	-1.380020265662608
ENOG410YBKF	1.4711739853663834	-1.4711739853663817
ENOG410YBMI	1.2935185104921594	-1.2935185104921578
ENOG410YBND	0.6248626292706286	-0.6248626292706281
ENOG410YBPP	0.7456092033704744	-0.7456092033704738
ENOG410YBRJ	0.07968774771963195	-0.07968774771963232
ENOG410YBTJ	1.642933320300182	-1.64293332030018
ENOG410YBY0	0.942534129276216	-0.942534129276215
ENOG410YBY2	0.9907984390798743	-0.9907984390798731
ENOG410YBZF	1.4197800495765407	-1.4197800495765391
ENOG410YC05	0.4922884888914489	-0.49228848889144833
ENOG410YC06	-0.7454676417320923	0.745467641732091
ENOG410YC0Y	0.07105646259596429	-0.07105646259596442
ENOG410YC2V	1.537261777305712	-1.5372617773057102
ENOG410YC2W	0.6219847161787324	-0.621984716178732
ENOG410YC2X	1.248939258644884	-1.248939258644882
ENOG410YC5Y	0.6564891658465825	-0.6564891658465817
ENOG410YC9E	1.0332663976567855	-1.0332663976567844
ENOG410YCC6	-0.2742748630477655	0.2742748630477644
ENOG410YCET	1.4557596439232874	-1.4557596439232863
ENOG410YCFW	0.042685755616022045	-0.04268575561602245
ENOG410YCGG	-0.9402578995313405	0.9402578995313386
ENOG410YCIZ	1.2773415280010787	-1.277341528001077
ENOG410YCMS	-0.08832614262355497	0.08832614262355436
ENOG410YCNG	0.13481404196079202	-0.13481404196079205
ENOG410YCTM	1.5982886554043434	-1.5982886554043412
ENOG410YCVH	0.9029322602924816	-0.902932260292481
ENOG410YCVR	1.2970793558078595	-1.2970793558078577
ENOG410YCW7	0.7886481933207188	-0.788648193320718
ENOG410YCWB	0.5085112815239256	-0.5085112815239252
ENOG410YCXR	0.4751587648222841	-0.47515876482228386
ENOG410YCZF	0.5525157851806437	-0.5525157851806434
ENOG410YD2N	-0.20875410636625927	0.20875410636625824
ENOG410YD3Q	1.2125464026106594	-1.2125464026106578
ENOG410YD8B	0.7434535528308278	-0.7434535528308271
ENOG410YD8C	-0.6037589697148861	0.603758969714885
ENOG410YD8U	0.249318526114352	-0.2493185261143521
ENOG410YD8Y	0.8504423165127037	-0.8504423165127031
ENOG410YD95	1.5190266673857247	-1.519026667385723
ENOG410YDIC	1.0243643343023943	-1.0243643343023932
ENOG410YDM2	-0.0977978408171085	0.09779784081710788
ENOG410YDMQ	0.5199042171059598	-0.5199042171059597
ENOG410YDN3	0.983256872513338	-0.9832568725133372
ENOG410YDQJ	0.5355155192504395	-0.5355155192504392
ENOG410YDRB	0.5755866544441871	-0.5755866544441862
ENOG410YDVK	0.5809809512998068	-0.5809809512998063
ENOG410YDYP	0.24741258919543546	-0.24741258919543507
ENOG410YE91	-0.28749102552467115	0.28749102552467043
ENOG410YEA5	0.40716668377049986	-0.40716668377049947
ENOG410YEB8	0.5264877163101269	-0.5264877163101264
ENOG410YEBG	-0.420940659873323	0.4209406598733219
ENOG410YEEH	1.6058302584841089	-1.6058302584841064
ENOG410YEG3	-0.360785170488432	0.36078517048843123
ENOG410YEGB	1.303154022833197	-1.3031540228331955
ENOG410YEUD	0.8903451945567221	-0.8903451945567208
ENOG410YEV5	1.4587758353079552	-1.458775835307953
ENOG410YEWF	0.24200052071421532	-0.2420005207142152
ENOG410YEWP	1.3792771870778124	-1.3792771870778107
ENOG410YEZ1	0.40136566943071067	-0.40136566943071006
ENOG410YF02	0.8981453450691531	-0.8981453450691522
ENOG410YF0Y	0.8216526179187665	-0.8216526179187656
ENOG410YF2K	-0.32806562788421334	0.32806562788421256
ENOG410YF6U	-0.14797499850449797	0.14797499850449727
ENOG410YF7G	0.6174665802559626	-0.6174665802559619
ENOG410YF9W	1.3615670171723255	-1.361567017172324
ENOG410YFDR	1.5697762152113386	-1.5697762152113368
ENOG410YFF0	-0.26267519378002835	0.2626751937800277
ENOG410YFFI	-0.5024995422003092	0.502499542200308
ENOG410YFI1	1.1048119618997154	-1.1048119618997145
ENOG410YFIY	0.8301242546621054	-0.8301242546621047
ENOG410YFJQ	1.1672206730925554	-1.167220673092554
ENOG410YFKX	0.6726821910630444	-0.6726821910630437
ENOG410YFS2	1.5675962080478287	-1.567596208047826
ENOG410YFS4	1.1060235067547166	-1.1060235067547157
ENOG410YFSW	0.36475810885106796	-0.36475810885106763
ENOG410YFW8	0.15269375025556264	-0.1526937502555629
ENOG410YFWP	1.2424689536085676	-1.2424689536085662
ENOG410YFX1	0.6561354099343105	-0.6561354099343103
ENOG410YG02	1.051321923488295	-1.0513219234882936
ENOG410YG0G	0.6590894968022699	-0.6590894968022689
ENOG410YGAE	0.6096360148455254	-0.6096360148455249
ENOG410YGAP	0.7278781201459471	-0.7278781201459462
ENOG410YGC5	0.7975914419839228	-0.7975914419839217
ENOG410YGI2	0.501666545493604	-0.5016665454936039
ENOG410YGT9	1.3052357093424753	-1.305235709342474
ENOG410YGXY	1.0256128953471413	-1.02561289534714
ENOG410YGYK	1.6934480347180454	-1.6934480347180432
ENOG410YH15	-1.9138613427749105	1.9138613427749074
ENOG410YH8W	0.15939391279191006	-0.15939391279191006
ENOG410YH96	0.7508721936345734	-0.7508721936345721
ENOG410YH9E	1.2356524217986964	-1.235652421798695
ENOG410YHCG	1.1700593408821391	-1.1700593408821378
ENOG410YHEK	1.380558657517662	-1.38055865751766
ENOG410YHEN	-2.0549389399276277	2.054938939927623
ENOG410YHJ4	-0.11490201430765591	0.11490201430765526
ENOG410YHJ9	1.1387075733062932	-1.138707573306292
ENOG410YI22	0.5553115197135959	-0.5553115197135955
ENOG410YI2M	0.6462859965051314	-0.6462859965051306
ENOG410YI72	1.4021437056835098	-1.402143705683508
ENOG410YI7C	0.7651629719377718	-0.7651629719377713
ENOG410YI7H	1.2130863293161227	-1.2130863293161214
ENOG410YI9F	1.2981639178192332	-1.2981639178192317
ENOG410YID6	-1.0147501397981566	1.0147501397981546
ENOG410YIFJ	-1.6410393897944444	1.6410393897944415
ENOG410YIHY	0.5191641910162407	-0.5191641910162406
ENOG410YIIJ	-0.6712041792008665	0.6712041792008651
ENOG410YITK	-1.6592863762884202	1.6592863762884176
ENOG410YIUE	-0.9835129586084176	0.9835129586084156
ENOG410YIUP	-0.3574622300005922	0.3574622300005914
ENOG410YIX7	0.5034314685947427	-0.5034314685947424
ENOG410YIXT	0.460203916869459	-0.4602039168694585
ENOG410YIZ7	0.40310752825887736	-0.4031075282588772
ENOG410YJ0X	0.028457960486283615	-0.028457960486284045
ENOG410YJ36	1.673632925144011	-1.6736329251440083
ENOG410YJ3G	0.10398609792838294	-0.10398609792838326
ENOG410YJ58	0.8036422202425026	-0.8036422202425018
ENOG410YJ6W	1.3820578622533968	-1.382057862253395
ENOG410YJ72	0.9460825910239199	-0.9460825910239189
ENOG410YJAY	0.7642042300186273	-0.7642042300186266
ENOG410YJC2	1.2856813082386465	-1.285681308238645
ENOG410YJED	1.2647833940787114	-1.26478339407871
ENOG410YJKP	0.38082897080921074	-0.38082897080921035
ENOG410YJMH	0.8532099943528829	-0.853209994352882
ENOG410YJW3	0.7592249244593873	-0.7592249244593863
ENOG410YK3M	1.4754267875596043	-1.4754267875596025
ENOG410YK6C	0.07358015631130542	-0.07358015631130602
ENOG410YK82	-1.5759211457006674	1.5759211457006645
ENOG410YKJW	0.5377855953925244	-0.537785595392524
ENOG410YKSV	-1.0217422105045169	1.0217422105045149
ENOG410YKUY	0.07805836080889333	-0.0780583608088937
ENOG410YM1X	0.8610684740914033	-0.8610684740914022
ENOG410YM4C	1.4709076237310204	-1.470907623731018
ENOG410YM68	0.3370143473962486	-0.3370143473962486
ENOG410YMAW	-0.8787277812549222	0.8787277812549207
ENOG410YMBB	0.6167481145094642	-0.616748114509464
ENOG410YMPY	1.4457576049566645	-1.445757604956663
ENOG410YMQ7	0.9944819602999155	-0.9944819602999142
ENOG410YMZA	0.6844770546898991	-0.6844770546898982
ENOG410YN3H	0.5586143229820125	-0.558614322982012
ENOG410YN8Y	1.3474710640697578	-1.347471064069756
ENOG410YN8Z	0.1453280307066866	-0.14532803070668662
ENOG410YNGB	0.8250185675016317	-0.8250185675016309
ENOG410YNH9	0.18628531077766805	-0.186285310777668
ENOG410YNPF	0.14784967463234305	-0.14784967463234353
ENOG410YNZ3	0.32020073810120675	-0.3202007381012065
ENOG410YP1Q	1.3603977517458739	-1.360397751745872
ENOG410YP2K	0.811284821090928	-0.8112848210909269
ENOG410YP98	1.1332918182271292	-1.133291818227128
ENOG410YPAF	-0.21687001636606237	0.21687001636606204
ENOG410YPBM	1.2412635538382737	-1.2412635538382724
ENOG410YPC8	1.2806825952536873	-1.280682595253686
ENOG410YPQ3	0.5297942988619729	-0.5297942988619724
ENOG410YPQK	1.2595246661727475	-1.2595246661727462
ENOG410YQ0S	0.786687506426919	-0.7866875064269183
ENOG410YQ2I	1.534617896021864	-1.5346178960218624
ENOG410YQ2P	0.36802549799859013	-0.3680254979985898
ENOG410YQ31	0.5227778126651981	-0.5227778126651977
ENOG410YQBC	0.8979504616727821	-0.8979504616727811
ENOG410YQEP	-0.5303624811626665	0.5303624811626654
ENOG410YQF3	0.16535338718336448	-0.16535338718336423
ENOG410YQFJ	0.08712429291735198	-0.08712429291735231
ENOG410YQI4	1.235161447391186	-1.2351614473911847
ENOG410YQKC	-1.0125184803377982	1.0125184803377962
ENOG410YQS9	0.26290840001428645	-0.2629084000142863
ENOG410YR38	0.5959575086713056	-0.5959575086713046
ENOG410YR8A	-1.1153909216774376	1.1153909216774356
ENOG410YRAH	1.0721688846527857	-1.0721688846527844
ENOG410YRD4	1.453857877628239	-1.4538578776282371
ENOG410YRHR	0.6478738416800837	-0.6478738416800829
ENOG410YRJC	1.4075556393926982	-1.4075556393926962
ENOG410YRV1	0.31849866136566024	-0.31849866136565974
ENOG410YS5K	1.3175639142105136	-1.317563914210512
ENOG410YSBZ	0.7068333351636059	-0.7068333351636051
ENOG410YSH0	0.05044615434231657	-0.05044615434231673
ENOG410YSHF	0.6599180551186041	-0.6599180551186036
ENOG410YSIM	1.1441737148079765	-1.1441737148079747
ENOG410YSJJ	-0.07897362312461441	0.07897362312461405
ENOG410YT0J	1.7074106571539038	-1.7074106571539018
ENOG410YT0K	0.4382089474058459	-0.4382089474058459
ENOG410YT74	0.01731735362238832	-0.017317353622388527
ENOG410YT7D	0.5100475548562227	-0.5100475548562221
ENOG410YT9M	0.07242667615974285	-0.07242667615974274
ENOG410YTK8	-1.5552689272578162	1.5552689272578135
ENOG410YU4S	0.5805496889778385	-0.5805496889778382
ENOG410YU6X	-0.6752633031502183	0.6752633031502171
ENOG410YUBX	-1.265754976256324	1.2657549762563216
ENOG410YUF4	1.6068326664239694	-1.606832666423968
ENOG410YUMD	0.6835457374926618	-0.683545737492661
ENOG410YUU6	0.7013956907467629	-0.701395690746762
ENOG410YUYC	0.41864432584207667	-0.4186443258420763
ENOG410YV3U	1.2992155950752133	-1.299215595075212
ENOG410YV6W	1.1309924924421741	-1.1309924924421724
ENOG410YVAF	0.5393510044546844	-0.5393510044546835
ENOG410YVDY	0.26891252332085114	-0.26891252332085097
ENOG410YVFE	0.7120638896336507	-0.7120638896336499
ENOG410YVPX	-1.1720610496116244	1.172061049611622
ENOG410YVWG	0.667229413599117	-0.6672294135991163
ENOG410YW9Z	0.19513279621535506	-0.1951327962153548
ENOG410YWNZ	-0.017367157028267903	0.017367157028267403
ENOG410YWW6	-0.4021172309566895	0.40211723095668844
ENOG410YX06	0.570607142190734	-0.5706071421907334
ENOG410YX8I	1.0742965865863594	-1.074296586586358
ENOG410YX99	1.1798875639704474	-1.179887563970446
ENOG410YXCA	1.620648600083665	-1.6206486000836633
ENOG410YXTA	-0.6350200401378768	0.6350200401378756
ENOG410YXTV	1.4984616393725765	-1.4984616393725747
ENOG410YXW0	-0.3970747751547886	0.3970747751547875
ENOG410YYXB	0.1891616666220081	-0.18916166662200803
ENOG410YYXN	0.113366153521764	-0.11336615352176407
ENOG410Z02K	-0.39979518426819993	0.39979518426819904
ENOG410Z07R	0.7676001853171803	-0.7676001853171792
ENOG410Z08J	0.49107298711575514	-0.49107298711575464
ENOG410Z0IW	0.38570224400054764	-0.3857022440005473
ENOG410Z17U	0.3612901663556173	-0.3612901663556167
ENOG410Z217	0.19967297051849636	-0.19967297051849653
ENOG410Z27T	0.6614044690954344	-0.6614044690954338
ENOG410Z295	1.244395076344825	-1.2443950763448235
ENOG410Z2E7	0.9074863330727302	-0.9074863330727292
ENOG410Z2G6	0.732107996964616	-0.7321079969646151
ENOG410Z2J1	1.3042059994149782	-1.3042059994149766
ENOG410Z36F	0.8946632796076275	-0.8946632796076264
ENOG410Z3XN	1.3393385726305722	-1.3393385726305707
ENOG410Z42R	-0.6705069567778498	0.6705069567778482
ENOG410Z470	0.05478308287655645	-0.0547830828765566
ENOG410Z51W	0.7020615069028657	-0.7020615069028652
ENOG410Z568	0.7511816989254069	-0.7511816989254056
ENOG410Z588	-0.424897547538547	0.4248975475385459
ENOG410Z5P3	0.16579785070759664	-0.16579785070759687
ENOG410Z6F6	0.7971666718116442	-0.7971666718116431
ENOG410Z6ZU	1.3058857328742004	-1.3058857328741986
ENOG410Z78K	-1.3066424037815998	1.3066424037815976
ENOG410Z79W	-0.6703761547878941	0.6703761547878927
ENOG410Z7CF	0.18838808270557164	-0.18838808270557159
ENOG410Z7MK	1.6173949386594422	-1.6173949386594402
ENOG410Z7PY	-0.5255706753435271	0.5255706753435258
ENOG410Z89S	1.2434860215894974	-1.2434860215894963
ENOG410Z8B4	1.0132183846283773	-1.0132183846283762
ENOG410Z8C3	1.2536856839049386	-1.2536856839049373
ENOG410Z8K8	0.18681076529856494	-0.1868107652985649
ENOG410Z92N	0.9407371422850634	-0.9407371422850624
ENOG410Z937	-0.5024613634604224	0.5024613634604211
ENOG410Z9WF	0.26012900769964986	-0.2601290076996497
ENOG410ZA1A	1.538186472422862	-1.5381864724228596
ENOG410ZA63	0.5802957477210557	-0.5802957477210549
ENOG410ZADN	0.6583583203370369	-0.6583583203370363
ENOG410ZB0Z	0.9316715233931823	-0.9316715233931813
ENOG410ZBEN	1.1373556348522804	-1.137355634852279
ENOG410ZBQS	0.3716540031163313	-0.3716540031163312
ENOG410ZBWM	-1.4575635837137175	1.4575635837137149
ENOG410ZC02	1.5544458657714133	-1.5544458657714115
ENOG410ZC5F	1.1553308993822577	-1.1553308993822566
ENOG410ZC98	0.8946258722126468	-0.8946258722126461
ENOG410ZD6H	-2.0302921668197067	2.0302921668197027
ENOG410ZDI4	-1.3377304492675968	1.3377304492675943
ENOG410ZEB6	1.511821440930671	-1.5118214409306698
ENOG410ZEMC	0.8287505155468401	-0.8287505155468389
ENOG410ZFU4	1.239465194193659	-1.2394651941936572
ENOG410ZG3Z	-0.05459922863966748	0.05459922863966716
ENOG410ZGRA	-0.1116327952451076	0.11163279524510719
ENOG410ZHCN	-0.663075622671485	0.6630756226714836
ENOG410ZHKD	0.7294735546704727	-0.729473554670472
ENOG410ZI19	-0.10371199540642353	0.10371199540642315
ENOG410ZI89	1.1058652568186655	-1.105865256818664
ENOG410ZIAB	-0.9531256825792137	0.9531256825792118
ENOG410ZIF1	1.0966931756585232	-1.0966931756585216
ENOG410ZJH1	0.7831437286827527	-0.7831437286827518
ENOG410ZJHZ	0.16919278642310578	-0.16919278642310576
ENOG410ZJJS	0.831757077992832	-0.8317570779928313
ENOG410ZJK0	-0.3957572870069804	0.39575728700697954
ENOG410ZJM7	-0.04759063104892066	0.047590631048920584
ENOG410ZJMP	0.4353698013572671	-0.43536980135726666
ENOG410ZJPZ	0.47686136845638594	-0.47686136845638544
ENOG410ZJR9	0.3038918606333229	-0.3038918606333229
ENOG410ZJV1	1.4661675933827523	-1.466167593382751
ENOG410ZJVD	0.6110848720736606	-0.6110848720736604
ENOG410ZJWK	0.8099513835304107	-0.80995138353041
ENOG410ZJY7	1.1128537149684077	-1.1128537149684066
ENOG410ZJYB	-0.09147682968863162	0.09147682968863148
ENOG410ZK0W	1.1918709219107129	-1.1918709219107118
ENOG410ZK6H	0.2929417819142164	-0.29294178191421594
ENOG410ZKC2	1.3433476628289227	-1.3433476628289212
ENOG410ZKE8	-0.008231877303537572	0.008231877303537322
ENOG410ZKES	-0.7664564922080986	0.766456492208097
ENOG410ZKJY	1.2339689105056357	-1.2339689105056342
ENOG410ZKM4	1.2150025537369635	-1.2150025537369622
ENOG410ZKMW	0.5729985678618225	-0.5729985678618216
ENOG410ZKNE	1.3448254896698268	-1.344825489669825
ENOG410ZKR2	-0.17372714051505653	0.17372714051505578
ENOG410ZM02	-1.434434004716449	1.4344340047164466
ENOG410ZM1E	0.5223142636391565	-0.5223142636391561
ENOG410ZM3M	0.5220665303551056	-0.5220665303551051
ENOG410ZMS9	1.2772671563351354	-1.2772671563351334
ENOG410ZMSK	-0.2255193122170458	0.22551931221704521
ENOG410ZN54	-0.015641993226978092	0.015641993226977593
ENOG410ZN8Y	-0.48417702846337285	0.48417702846337163
ENOG410ZNCA	1.50000330815193	-1.5000033081519286
ENOG410ZNDB	1.4027390452491368	-1.4027390452491353
ENOG410ZNXT	0.9839705882081801	-0.9839705882081792
ENOG410ZP37	0.4732744883327441	-0.4732744883327434
ENOG410ZPH1	-0.5120406222299259	0.5120406222299249
ENOG410ZPM6	1.1696410496350975	-1.169641049635096
ENOG410ZQ17	-0.1834013280054951	0.18340132800549458
ENOG410ZQ9R	1.2814638482941687	-1.2814638482941672
ENOG410ZQEY	-1.7496055918674491	1.7496055918674462
ENOG410ZQPZ	-0.6790335010127792	0.6790335010127779
ENOG410ZQTG	0.25069580506231504	-0.2506958050623149
ENOG410ZR3Q	0.7578408213278142	-0.7578408213278133
ENOG410ZR5K	-0.2711373175529251	0.2711373175529244
ENOG410ZR6H	-0.4654759848435652	0.4654759848435643
ENOG410ZRD3	0.35439860989295396	-0.35439860989295413
ENOG410ZRQY	1.1022652722127724	-1.1022652722127713
ENOG410ZRT2	0.9514083420855995	-0.9514083420855983
ENOG410ZS3Y	0.5064785723941385	-0.506478572394138
ENOG410ZSAC	1.2916065752939585	-1.2916065752939565
ENOG410ZSR7	1.2115703350933993	-1.2115703350933975
ENOG410ZSSQ	0.9466529357376421	-0.946652935737641
ENOG410ZT4I	-0.07922778014474804	0.07922778014474745
ENOG410ZT6D	-0.2835384784309957	0.28353847843099483
ENOG410ZT94	1.275912461041482	-1.2759124610414805
ENOG410ZTD8	0.9846873846575138	-0.9846873846575125
ENOG410ZTGR	-0.051297210101081354	0.05129721010108056
ENOG410ZTJW	0.3260504870482711	-0.32605048704827083
ENOG410ZTS5	1.4070869720288923	-1.4070869720288903
ENOG410ZU9X	1.3492198978528023	-1.3492198978528007
ENOG410ZUAG	0.38131446452722056	-0.38131446452721995
ENOG410ZUBG	1.4023871036008149	-1.4023871036008133
ENOG410ZUD8	0.6070728942414462	-0.6070728942414454
ENOG410ZUKH	1.4646385071433097	-1.4646385071433077
ENOG410ZUN9	-0.239369777529351	0.23936977752935018
ENOG410ZV35	0.4086516103982832	-0.4086516103982828
ENOG410ZVB9	0.2993911750315272	-0.29939117503152674
ENOG410ZVC8	-1.6775875597947743	1.6775875597947714
ENOG410ZVEQ	0.49119154777100626	-0.49119154777100577
ENOG410ZVF4	-0.5328361648667135	0.5328361648667123
ENOG410ZVG1	0.4462566933435133	-0.44625669334351337
ENOG410ZVID	0.9082127518690766	-0.9082127518690759
ENOG410ZVJ2	0.5864793877837076	-0.5864793877837067
ENOG410ZVN9	0.2546684565732001	-0.2546684565731999
ENOG410ZVNW	0.39337427924021695	-0.39337427924021656
ENOG410ZVPG	1.0983352333520993	-1.0983352333520977
ENOG410ZVQE	1.3958957584824696	-1.395895758482468
ENOG410ZVQI	-0.38309647674058317	0.38309647674058234
ENOG410ZVQZ	-0.7336347139733687	0.733634713973367
ENOG410ZVSH	1.53479839525196	-1.5347983952519582
ENOG410ZVSQ	-0.1769858812124329	0.1769858812124326
ENOG410ZVWS	1.1534977839713703	-1.1534977839713685
ENOG410ZVXI	1.1661563599838962	-1.1661563599838949
ENOG410ZVYC	0.6103142369072856	-0.6103142369072851
ENOG410ZW2X	-0.08451355676583817	0.08451355676583781
ENOG410ZW3P	1.2793414520736772	-1.2793414520736757
ENOG410ZW51	1.3792471865078613	-1.379247186507859
ENOG410ZW61	-0.21352820459241892	0.2135282045924181
ENOG410ZW69	0.7382856270173183	-0.7382856270173178
ENOG410ZW9J	0.252933635343697	-0.2529336353436969
ENOG410ZWAU	-1.1014338604072904	1.1014338604072882
ENOG410ZWAW	1.2333166068893817	-1.23331660688938
ENOG410ZWBC	-0.3518228742825148	0.351822874282514
ENOG410ZWCY	-0.13832142500341613	0.13832142500341543
ENOG410ZWE1	1.3283363052918977	-1.3283363052918962
ENOG410ZWFH	0.9538743583426754	-0.9538743583426743
ENOG410ZWH8	1.6007094855275166	-1.6007094855275141
ENOG410ZWIY	-0.5709936991923131	0.5709936991923118
ENOG410ZWMR	0.6584859663840625	-0.658485966384062
ENOG410ZWSP	0.5635008852873451	-0.5635008852873447
ENOG410ZWWG	0.3125265688927584	-0.31252656889275837
ENOG410ZWZA	1.200200091636214	-1.2002000916362128
ENOG410ZX2Q	-0.6979127572770556	0.6979127572770543
ENOG410ZX3G	0.3261880918092859	-0.3261880918092856
ENOG410ZX7G	0.009726571331066148	-0.00972657133106637
ENOG410ZXAN	1.3248964011019897	-1.3248964011019881
ENOG410ZXF2	1.675481147678326	-1.6754811476783236
ENOG410ZXHK	0.334423944404806	-0.334423944404806
ENOG410ZXPF	0.9217712737675774	-0.9217712737675762
ENOG410ZXW8	1.5404735028291974	-1.540473502829195
ENOG410ZXXH	-0.46929696877355287	0.4692969687735519
ENOG410ZXYQ	-1.0370946192307535	1.0370946192307515
ENOG410ZXZ4	1.7307944806305409	-1.730794480630538
ENOG410ZY0U	0.7000246934440586	-0.7000246934440578
ENOG410ZY36	0.5327173036253665	-0.5327173036253656
ENOG410ZY7A	-1.5979588928513222	1.5979588928513195
ENOG410ZY90	0.9202809231154537	-0.920280923115453
ENOG410ZYMS	-0.5762106584552037	0.5762106584552024
ENOG410ZYRK	0.4415703578099181	-0.44157035780991766
ENOG410ZYVS	0.8834380827606302	-0.8834380827606296
ENOG410ZZ6Q	1.3723336441990621	-1.3723336441990601
ENOG410ZZ7B	0.3707174700704712	-0.37071747007047107
ENOG410ZZBZ	-0.558644063536929	0.5586440635369279
ENOG410ZZJU	1.413069296705362	-1.4130692967053604
ENOG410ZZMV	0.4912942524134079	-0.49129425241340763
ENOG410ZZR9	0.23439134987277957	-0.2343913498727792
ENOG410ZZRH	1.205899723853594	-1.2058997238535927
ENOG410ZZXB	-0.3602446487760696	0.3602446487760688
ENOG410ZZY0	1.4386176067969692	-1.4386176067969665
ENOG410ZZY5	1.1521086996937695	-1.1521086996937677
ENOG410ZZYY	0.3221550903497306	-0.3221550903497308
ENOG4110001	-1.1763933261554853	1.1763933261554833
ENOG411000B	1.03356446820508	-1.0335644682050789
ENOG411001J	1.164969402150049	-1.1649694021500472
ENOG411004W	0.3786384510295876	-0.3786384510295875
ENOG411005D	-1.2515781068405347	1.2515781068405325
ENOG4110080	0.05792911313975166	-0.057929113139751805
ENOG41100BD	1.0239150167383424	-1.023915016738341
ENOG41100C5	-0.43959526460593523	0.43959526460593434
ENOG41100EM	1.636723248027926	-1.6367232480279241
ENOG41100K7	1.404130038121706	-1.4041300381217048
ENOG41100PS	0.386317026269908	-0.3863170262699078
ENOG41100UY	0.5942402350645883	-0.5942402350645879
ENOG41100V7	0.8660486899597513	-0.8660486899597503
ENOG411011U	0.2533043171509357	-0.2533043171509353
ENOG411015J	-1.3937669181907892	1.3937669181907868
ENOG4110189	0.6440377314884399	-0.6440377314884389
ENOG41101ZB	1.1692280862193154	-1.169228086219314
ENOG4110288	-1.370267460647679	1.3702674606476768
ENOG41102NG	-0.6657845665095945	0.6657845665095931
ENOG41102QB	0.4008494023131376	-0.4008494023131372
ENOG41102XJ	0.9254353278567703	-0.9254353278567695
ENOG4110335	0.2541361900298619	-0.2541361900298617
ENOG411039E	1.1379359456781433	-1.1379359456781415
ENOG41103XH	1.5954202513279843	-1.5954202513279823
ENOG41104RH	1.1382442350475446	-1.1382442350475432
ENOG4110816	0.2752974784171831	-0.2752974784171829
ENOG41108DP	0.6167415455894604	-0.6167415455894599
ENOG4110AED	0.9685340384013189	-0.9685340384013179
ENOG4110AY7	-1.122098975361979	1.122098975361977
ENOG4110B36	0.40920591410120294	-0.4092059141012028
ENOG4110B6A	0.2624345288329631	-0.2624345288329632
ENOG4110CVX	1.667092312007365	-1.6670923120073637
ENOG4110EAV	1.483575539267088	-1.4835755392670855
ENOG4110I8X	1.2210670778389163	-1.2210670778389145
ENOG4110MCC	1.0911545075977296	-1.0911545075977283
ENOG4110MHZ	-1.642996222554649	1.6429962225546462
ENOG4110P7J	-1.334508082311856	1.3345080823118538
ENOG4110QSB	-0.21911298542763347	0.21911298542763313
ENOG4110R7K	-1.543890341549445	1.5438903415494423
ENOG4110SIQ	-0.18677722151714155	0.18677722151714077
ENOG4110SVC	0.8526813383976015	-0.8526813383976005
ENOG4110TGQ	-0.9720962123369902	0.9720962123369883
ENOG4110TKN	1.6302721049822584	-1.630272104982256
ENOG4110WT0	1.0101826698289165	-1.0101826698289151
ENOG4110Y31	-1.0111582493511908	1.011158249351189
ENOG41110TH	0.09713601090131206	-0.09713601090131214
ENOG4111228	0.8999862106612051	-0.8999862106612039
ENOG41112I7	1.281471689747388	-1.2814716897473863
ENOG4111454	0.9881247520491617	-0.9881247520491607
ENOG41114H6	-1.094428372990682	1.0944283729906803
ENOG41114KY	0.2566607226947934	-0.2566607226947937
ENOG4111604	0.5075669454738541	-0.5075669454738535
ENOG41117TR	1.0874209533780121	-1.087420953378011
ENOG41118QN	-0.19589254587974647	0.19589254587974617
ENOG4111A91	0.5838956326328345	-0.5838956326328338
ENOG4111D1K	0.22088862887289393	-0.22088862887289407
ENOG4111EY6	-0.5897613363509631	0.5897613363509617
ENOG4111EYG	0.3344671155034483	-0.3344671155034478
ENOG4111F5B	1.1831755984292072	-1.1831755984292056
ENOG4111F6F	0.517029553740641	-0.5170295537406402
ENOG4111F81	1.4272173361855611	-1.4272173361855596
ENOG4111F8X	-0.7490266154155286	0.749026615415527
ENOG4111FCG	-0.25238116682604095	0.2523811668260399
ENOG4111FFG	1.4530209284334596	-1.4530209284334579
ENOG4111FNX	1.423013636713497	-1.423013636713495
ENOG4111FPT	-0.6288460280614255	0.6288460280614241
ENOG4111FQP	1.3466985540587002	-1.3466985540586984
ENOG4111FRV	0.9981182608769402	-0.9981182608769388
ENOG4111FTA	0.5210874389821509	-0.52108743898215
ENOG4111FTN	0.8430860918709484	-0.8430860918709473
ENOG4111FU6	1.5103993358834567	-1.5103993358834549
ENOG4111FUN	-0.47202077872063397	0.472020778720633
ENOG4111G1C	-1.8418213074755303	1.841821307475527
ENOG4111G3Y	1.5980198573857587	-1.5980198573857565
ENOG4111G4S	1.1718071417412932	-1.1718071417412919
ENOG4111G6R	0.4917806557084633	-0.4917806557084628
ENOG4111G9A	0.43242228278918965	-0.432422282789189
ENOG4111G9H	0.8315289433660283	-0.8315289433660273
ENOG4111GA6	0.6588412142642449	-0.6588412142642441
ENOG4111GBW	0.1518015152257209	-0.1518015152257209
ENOG4111GC9	1.407199720043275	-1.407199720043274
ENOG4111GCX	1.148553210343408	-1.1485532103434064
ENOG4111GG0	-0.2610701383064669	0.261070138306466
ENOG4111GGS	0.5850901504788956	-0.5850901504788949
ENOG4111GMI	1.048057084247671	-1.0480570842476697
ENOG4111GND	-0.45650618552399913	0.4565061855239982
ENOG4111GQF	1.1022152203840025	-1.1022152203840014
ENOG4111GRU	1.52593334846628	-1.5259333484662787
ENOG4111GS3	-0.8273983118032847	0.8273983118032833
ENOG4111GVE	1.6195304524531247	-1.6195304524531227
ENOG4111GWB	1.5899480678588775	-1.589948067858876
ENOG4111GZ2	0.7297847674972274	-0.7297847674972265
ENOG4111H00	0.18802064543051783	-0.18802064543051777
ENOG4111H11	0.9794573111284844	-0.9794573111284834
ENOG4111H1Q	1.0869815740828233	-1.0869815740828221
ENOG4111H6B	1.5839637704595368	-1.5839637704595353
ENOG4111H7I	0.5152660880235834	-0.5152660880235829
ENOG4111H7K	1.3368631649430975	-1.3368631649430962
ENOG4111H7M	0.22573857102315675	-0.22573857102315664
ENOG4111HEJ	0.42707357737244755	-0.4270735773724469
ENOG4111HH3	1.3581537546061104	-1.3581537546061093
ENOG4111HH7	-0.19821394181637245	0.19821394181637192
ENOG4111HIF	0.7867912674557971	-0.7867912674557965
ENOG4111HKV	-1.838130145265236	1.8381301452652326
ENOG4111HN5	0.544044619279408	-0.5440446192794076
ENOG4111HP7	0.6798961472826643	-0.6798961472826635
ENOG4111HPB	1.260177457861292	-1.2601774578612905
ENOG4111HQ1	0.22239018549558545	-0.22239018549558534
ENOG4111HQ9	-0.42934262899611964	0.4293426289961185
ENOG4111HR3	-0.3325616100517816	0.3325616100517806
ENOG4111HWZ	1.5963476158838807	-1.5963476158838785
ENOG4111HX8	1.150407706420049	-1.1504077064200475
ENOG4111HZY	1.5246409489679311	-1.5246409489679293
ENOG4111I09	0.5510864427242202	-0.5510864427242198
ENOG4111I2U	-0.6896518408443949	0.6896518408443936
ENOG4111I30	0.19097673526886672	-0.1909767352688669
ENOG4111I3U	1.211291663370769	-1.2112916633707678
ENOG4111I4Y	0.6062893296023837	-0.6062893296023829
ENOG4111I6A	0.12182745723294863	-0.12182745723294916
ENOG4111I86	0.9586030200258344	-0.9586030200258334
ENOG4111I8A	1.208207996033249	-1.2082079960332472
ENOG4111IB2	0.9957656379283425	-0.9957656379283409
ENOG4111IB6	1.059979676634688	-1.0599796766346865
ENOG4111IBJ	-1.6202475021120173	1.6202475021120142
ENOG4111ICS	1.1849259224748274	-1.1849259224748259
ENOG4111IEG	1.4413410535855216	-1.4413410535855187
ENOG4111IFC	-0.6385394687329136	0.6385394687329123
ENOG4111IHW	0.6212765138528885	-0.6212765138528878
ENOG4111IJU	-0.21121513527048277	0.2112151352704822
ENOG4111IME	-0.2315427895586547	0.23154278955865412
ENOG4111IP3	0.10097265315753076	-0.10097265315753108
ENOG4111IRT	1.1924120535994818	-1.1924120535994804
ENOG4111ISZ	-0.2581947734876223	0.2581947734876212
ENOG4111IUQ	-1.2447434750918764	1.2447434750918742
ENOG4111IVE	0.16437224813999307	-0.16437224813999304
ENOG4111IYN	1.0855505427292318	-1.0855505427292302
ENOG4111J1K	1.6141697937556403	-1.6141697937556374
ENOG4111J5Q	1.0993137402767588	-1.0993137402767574
ENOG4111J85	1.5846671194786444	-1.5846671194786424
ENOG4111J9Q	1.2239077465825354	-1.2239077465825339
ENOG4111JA1	-0.9281636448884654	0.9281636448884637
ENOG4111JB6	-0.4887525624406316	0.48875256244063064
ENOG4111JCB	0.642327948403353	-0.6423279484033525
ENOG4111JDN	0.4526644590032988	-0.4526644590032984
ENOG4111JHF	0.038658928403883464	-0.038658928403884116
ENOG4111JJ0	0.2208943201531823	-0.22089432015318244
ENOG4111JKB	-0.23975841415803306	0.23975841415803223
ENOG4111JKF	1.1527136290950901	-1.1527136290950883
ENOG4111JMZ	1.1944959140821656	-1.1944959140821643
ENOG4111JP3	0.37662834927790945	-0.37662834927790906
ENOG4111JP8	0.8270662630256757	-0.8270662630256745
ENOG4111JQD	1.0699656264986845	-1.0699656264986834
ENOG4111JQW	-0.2849243142772013	0.2849243142772006
ENOG4111JV8	0.8780294630792119	-0.8780294630792109
ENOG4111JX7	0.7023348263493678	-0.7023348263493673
ENOG4111JYJ	1.3038816489136975	-1.303881648913696
ENOG4111JYN	0.6639633326226719	-0.6639633326226712
ENOG4111K03	1.4491139830752908	-1.4491139830752888
ENOG4111K71	-0.6058856758360313	0.60588567583603
ENOG4111K7N	0.04568754479812685	-0.045687544798127255
ENOG4111K9G	0.5639525790701132	-0.5639525790701129
ENOG4111KB5	1.397459856172041	-1.3974598561720393
ENOG4111KBS	-1.4564163426778087	1.456416342677806
ENOG4111KCZ	1.0247784328854768	-1.0247784328854752
ENOG4111KI8	0.5091978726529134	-0.509197872652913
ENOG4111KII	1.566094817180607	-1.5660948171806046
ENOG4111KKP	-0.8953745008263042	0.8953745008263027
ENOG4111KN8	1.081014535394965	-1.0810145353949636
ENOG4111KUX	-1.1955232180290767	1.1955232180290745
ENOG4111KVS	0.5108583900027376	-0.5108583900027374
ENOG4111KWQ	-1.5075784167789659	1.5075784167789632
ENOG4111M1V	0.3332357193515226	-0.3332357193515225
ENOG4111M2Z	0.28576982873855417	-0.285769828738554
ENOG4111M64	0.25328385072002424	-0.2532838507200243
ENOG4111MD1	1.2526317271566185	-1.2526317271566172
ENOG4111MDB	0.31774073969169725	-0.31774073969169725
ENOG4111MF4	1.552986771652763	-1.5529867716527614
ENOG4111MG2	1.3942804180832724	-1.3942804180832706
ENOG4111MJM	0.36456877474705285	-0.36456877474705274
ENOG4111MME	0.7767662502258005	-0.7767662502257999
ENOG4111MNA	-0.6261073304182904	0.6261073304182891
ENOG4111MNS	1.592809111923736	-1.592809111923734
ENOG4111MP4	0.9407284120587381	-0.940728412058737
ENOG4111MSQ	1.0908754933856941	-1.090875493385693
ENOG4111MU4	1.5890004233409125	-1.5890004233409103
ENOG4111MX3	0.4149401360875686	-0.4149401360875684
ENOG4111MXZ	0.7983569654147303	-0.7983569654147294
ENOG4111N1J	0.02256294007760261	-0.02256294007760305
ENOG4111N6Y	0.684865941088429	-0.6848659410884287
ENOG4111N7Z	1.5220360566635158	-1.522036056663514
ENOG4111NF7	-0.5829321177874911	0.58293211778749
ENOG4111NGN	1.2413405756440237	-1.2413405756440221
ENOG4111NNW	1.4064373481592873	-1.406437348159286
ENOG4111NTE	-0.8628971017457171	0.8628971017457155
ENOG4111NUU	1.2246790409782293	-1.224679040978228
ENOG4111NXC	1.2555874052884004	-1.2555874052883989
ENOG4111NZF	0.9766950911251242	-0.9766950911251231
ENOG4111P35	0.5873227482334675	-0.5873227482334669
ENOG4111P3D	1.619504485566266	-1.619504485566263
ENOG4111P5M	-0.12244183673303526	0.12244183673303508
ENOG4111P6W	0.9021496218481588	-0.9021496218481576
ENOG4111P8K	1.6147305695293688	-1.6147305695293666
ENOG4111PBC	1.5469643140443543	-1.5469643140443519
ENOG4111PBT	1.7732842394628807	-1.7732842394628785
ENOG4111PFT	0.043943009210458295	-0.04394300921045846
ENOG4111PG4	0.9201872613093073	-0.920187261309306
ENOG4111PK8	0.6469401054808299	-0.6469401054808295
ENOG4111PS8	0.3178217292404102	-0.31782172924040997
ENOG4111PTW	0.6261377209134231	-0.6261377209134223
ENOG4111PU7	0.8531816941619921	-0.8531816941619914
ENOG4111Q0K	-0.7546001147798463	0.7546001147798447
ENOG4111Q2M	-0.5958585645619926	0.5958585645619914
ENOG4111Q5V	1.0489348636187958	-1.0489348636187943
ENOG4111Q8K	0.7409266081819442	-0.7409266081819436
ENOG4111Q97	0.9018078911253651	-0.9018078911253641
ENOG4111QVU	-0.9170726945098534	0.9170726945098517
ENOG4111R0C	0.5317716640709302	-0.5317716640709297
ENOG4111R54	-1.6611993451977825	1.6611993451977796
ENOG4111R8F	1.3883204960020128	-1.3883204960020112
ENOG4111R9E	1.1286849620233124	-1.1286849620233113
ENOG4111RBZ	0.18655148525235923	-0.18655148525235965
ENOG4111REP	-1.4764897933328827	1.47648979333288
ENOG4111RNE	1.0744931384730205	-1.0744931384730194
ENOG4111RNG	0.29956370112991565	-0.2995637011299152
ENOG4111RP8	0.9029844540726149	-0.9029844540726141
ENOG4111RRS	-0.1660202698727063	0.1660202698727058
ENOG4111RTE	1.3142546438618532	-1.3142546438618514
ENOG4111RTK	0.69298204253788	-0.6929820425378792
ENOG4111RUQ	0.28625898745424494	-0.2862589874542447
ENOG4111RWT	1.0985062447071245	-1.0985062447071234
ENOG4111RX2	0.5540289330297103	-0.55402893302971
ENOG4111RZ5	-0.8001057312718859	0.8001057312718844
ENOG4111S06	0.2607923725911315	-0.26079237259113164
ENOG4111S4G	1.3795849313332256	-1.3795849313332234
ENOG4111S67	1.7263392875217844	-1.726339287521782
ENOG4111S7I	1.3276872955591954	-1.3276872955591936
ENOG4111S8V	1.058858158186935	-1.0588581581869339
ENOG4111SD7	1.169751967078038	-1.169751967078036
ENOG4111SFV	0.47684712984844435	-0.47684712984844385
ENOG4111SGM	0.10051751140553737	-0.10051751140553769
ENOG4111SHJ	-0.7202051160743522	0.7202051160743509
ENOG4111SHR	0.4601334031400577	-0.4601334031400572
ENOG4111SIY	1.4533920320077467	-1.4533920320077447
ENOG4111SJH	-1.728205490494894	1.728205490494891
ENOG4111SQV	1.706512530656244	-1.7065125306562414
ENOG4111SU2	0.2676249422623765	-0.26762494226237676
ENOG4111T4T	0.9598062852369569	-0.9598062852369557
ENOG4111T5V	0.13895334185119934	-0.13895334185119937
ENOG4111T8F	-1.0531443322420035	1.0531443322420015
ENOG4111TA2	-1.03509506807304	1.035095068073038
ENOG4111TB4	0.6611310676145695	-0.6611310676145687
ENOG4111TR3	0.19293220215265094	-0.19293220215265086
ENOG4111TT6	0.8109050016496063	-0.8109050016496054
ENOG4111TVG	-0.13421946373011776	0.1342194637301171
ENOG4111TWF	-0.024341603544590702	0.024341603544590664
ENOG4111TZY	-0.6473341300019628	0.6473341300019616
ENOG4111U4Y	0.6746098292549549	-0.6746098292549542
ENOG4111U73	0.36564773537595247	-0.3656477353759519
ENOG4111U74	-0.19223510190068352	0.192235101900683
ENOG4111U81	1.2955555801286336	-1.2955555801286318
ENOG4111U9Q	-0.10582097439260392	0.10582097439260328
ENOG4111UAG	-1.313451224502309	1.3134512245023062
ENOG4111UB9	0.4408298732168157	-0.44082987321681527
ENOG4111UDA	1.6500492872487913	-1.650049287248789
ENOG4111UE5	0.26794814938116013	-0.2679481493811602
ENOG4111UEJ	-0.5330862748139202	0.5330862748139189
ENOG4111UGW	1.0282068240333373	-1.0282068240333362
ENOG4111UID	1.0214985923632491	-1.0214985923632478
ENOG4111UN1	1.4459799345172928	-1.445979934517291
ENOG4111UNT	1.2576182356747703	-1.2576182356747687
ENOG4111UQG	0.24532527005679056	-0.2453252700567909
ENOG4111UR5	0.4782019334033245	-0.4782019334033245
ENOG4111UTU	-0.6169702281495633	0.616970228149562
ENOG4111UTX	1.4430728192711235	-1.443072819271122
ENOG4111UXA	-0.8227121455342673	0.8227121455342659
ENOG4111UZG	-1.5164456319085184	1.5164456319085153
ENOG4111V4N	0.6038459673309255	-0.6038459673309249
ENOG4111V68	1.1243479906527878	-1.1243479906527867
ENOG4111V8D	1.2416285741479864	-1.241628574147985
ENOG4111VAV	1.0541381532818808	-1.0541381532818799
ENOG4111VAZ	0.8705669361975453	-0.8705669361975441
ENOG4111VB3	0.1838105569648754	-0.18381055696487533
ENOG4111VB9	1.0677061517667499	-1.0677061517667488
ENOG4111VBB	1.4249318350532583	-1.4249318350532567
ENOG4111VDK	0.45795352553100505	-0.4579535255310048
ENOG4111VH8	-0.12771622892877374	0.12771622892877307
ENOG4111VI5	0.4876914626569782	-0.4876914626569777
ENOG4111VTK	0.7460583045647062	-0.7460583045647053
ENOG4111VYR	1.3710101002793584	-1.3710101002793569
ENOG4111W0A	0.030926810700352074	-0.03092681070035226
ENOG4111W0B	0.8665812422327135	-0.8665812422327124
ENOG4111WEC	-1.1366729478290598	1.1366729478290578
ENOG4111WMW	0.27294063270232827	-0.2729406327023283
ENOG4111WN1	-0.01131013439136987	0.011310134391369377
ENOG4111WPM	0.009418807444178416	-0.009418807444178875
ENOG4111WS7	-1.86930839611022	1.8693083961102168
ENOG4111X1K	-1.4713555818280981	1.4713555818280954
ENOG4111X1V	0.5018132648967777	-0.5018132648967774
ENOG4111X3H	-0.8325484240755862	0.8325484240755847
ENOG4111X7D	1.3115118891080235	-1.311511889108022
ENOG4111X94	1.6680032775058824	-1.6680032775058804
ENOG4111X9I	-0.814745412830439	0.8147454128304376
ENOG4111XEK	1.6877242805145918	-1.6877242805145898
ENOG4111XFE	-0.7599726867422119	0.7599726867422103
ENOG4111XHA	-0.41923667978594914	0.41923667978594825
ENOG4111XHD	0.3365103603662832	-0.3365103603662829
ENOG4111XKH	-0.6277902626947739	0.6277902626947724
ENOG4111XMM	1.5068113434432164	-1.5068113434432142
ENOG4111XN8	-0.34685692146558567	0.3468569214655849
ENOG4111XQJ	-0.6638421236920212	0.6638421236920198
ENOG4111XTW	0.5849348524465161	-0.5849348524465151
ENOG4111XU3	1.275158065577473	-1.2751580655774717
ENOG4111XV5	-0.43981136667403026	0.4398113666740291
ENOG4111XVQ	1.3433574966880146	-1.3433574966880129
ENOG4111XZR	0.7226982872425047	-0.7226982872425041
ENOG4111Y3Y	-1.436909745917505	1.4369097459175026
ENOG4111Y5F	-0.1358507909657734	0.13585079096577274
ENOG4111Y80	1.74061750561188	-1.7406175056118784
ENOG4111YB4	-1.5888644457087824	1.5888644457087797
ENOG4111YCW	0.30440467530992765	-0.30440467530992765
ENOG4111YHK	1.103868953683918	-1.1038689536839164
ENOG4111YIU	1.1882109137384786	-1.1882109137384775
ENOG4111YJG	-1.081528607917899	1.0815286079178972
ENOG4111YW1	1.5932848615831945	-1.5932848615831927
ENOG4111YW5	0.562807271670099	-0.5628072716700986
ENOG4111YWK	-0.40292082009066943	0.4029208200906683
ENOG4111Z0C	-1.054879559235068	1.0548795592350662
ENOG4111Z1K	-0.35870056307752113	0.35870056307752013
ENOG4111Z3N	-0.18186549205629296	0.1818654920562922
ENOG4111Z54	1.2838022010847308	-1.2838022010847292
ENOG4111Z5U	-0.38280857461314705	0.382808574613146
ENOG4111Z66	0.7475746121400573	-0.7475746121400566
ENOG4111Z9D	1.234218163605527	-1.2342181636055256
ENOG4111ZHE	0.36888097717520035	-0.36888097717520046
ENOG4111ZJM	0.2602814392419767	-0.26028143924197655
ENOG4111ZU2	-0.7755605742522783	0.7755605742522766
ENOG4111ZYQ	0.4186413690185176	-0.4186413690185177
ENOG4111ZZI	0.7246309686066045	-0.7246309686066036
ENOG411200G	0.3161062300154528	-0.31610623001545274
ENOG411201V	0.1388645872270952	-0.1388645872270952
ENOG41120C4	0.42349320684300934	-0.4234932068430087
ENOG41120CQ	1.122969497405348	-1.1229694974053464
ENOG41120DB	-0.37463405652190046	0.3746340565218996
ENOG41120QD	1.210145589337958	-1.2101455893379567
ENOG41120UV	0.19007942335260733	-0.1900794233526075
ENOG41120VS	-0.15023934323290075	0.15023934323290053
ENOG41120XU	1.3370313892631716	-1.3370313892631702
ENOG411211D	0.027843555816216076	-0.027843555816216507
ENOG411215V	1.2524215863450587	-1.2524215863450572
ENOG411217S	0.5380980800830528	-0.5380980800830527
ENOG41121F2	-1.4477869558400407	1.4477869558400378
ENOG41121IR	-0.7929412231059405	0.7929412231059388
ENOG41121SA	1.5418198644185754	-1.541819864418573
ENOG41121TI	0.4779055386574893	-0.4779055386574888
ENOG41121VB	1.4076696304767675	-1.4076696304767655
ENOG41121WJ	1.6333444906416759	-1.6333444906416739
ENOG411220G	1.0439779893871546	-1.0439779893871532
ENOG411222S	1.0929743667186957	-1.092974366718694
ENOG411226F	0.4991967797437212	-0.4991967797437206
ENOG411228A	0.029330454151121007	-0.029330454151121198
ENOG411229C	-1.7958924074622646	1.7958924074622618
ENOG411229U	0.4746674315247342	-0.4746674315247339
ENOG41122GJ	0.2482565982757894	-0.24825659827578925
ENOG41122HI	1.2954158531644309	-1.295415853164429
ENOG41122M6	1.2918210885361008	-1.2918210885360992
ENOG41122NB	0.7134161392267996	-0.713416139226799
ENOG41122P4	0.21810556762919853	-0.21810556762919842
ENOG41122UV	1.3299345863675451	-1.3299345863675436
ENOG41122VM	-0.3831102087533268	0.38311020875332596
ENOG411230M	0.09739171745429075	-0.09739171745429083
ENOG411234I	0.9742182208278901	-0.9742182208278892
ENOG411237Q	0.4018993332071853	-0.4018993332071854
ENOG41123DX	1.3268883928524937	-1.326888392852492
ENOG41123G5	0.82420066910698	-0.8242006691069791
ENOG41123I1	1.5714023678695805	-1.5714023678695785
ENOG41123IF	1.4577039175868902	-1.457703917586888
ENOG41123KX	0.41424376457547885	-0.41424376457547846
ENOG4112451	1.737304969005426	-1.7373049690054239
ENOG4112493	-1.0167664425777947	1.016766442577793
ENOG41124DC	1.1913240314356806	-1.1913240314356792
ENOG41124FR	-0.4816679027543072	0.481667902754306
ENOG41124MH	-1.666200677668115	1.6662006776681122
ENOG41124PE	1.3010777712685437	-1.3010777712685422
ENOG41124PH	0.7476875066223739	-0.7476875066223729
ENOG41124UP	0.910553537647777	-0.9105535376477762
ENOG4112522	1.1984350961053425	-1.1984350961053407
ENOG411257V	0.9940292663984417	-0.9940292663984404
ENOG411259P	-1.3023124488248032	1.3023124488248008
ENOG41125AB	0.2541903837173006	-0.2541903837173007
ENOG41125CR	0.6247788138708468	-0.6247788138708462
ENOG41125D6	0.6735035262637479	-0.6735035262637471
ENOG41125G7	-0.6781034539050432	0.6781034539050417
ENOG41125GB	-0.9852520360743431	0.9852520360743411
ENOG41125HN	-0.7934342509381094	0.7934342509381079
ENOG41125JT	0.179105460408093	-0.17910546040809294
ENOG41125N3	-0.9712475242152872	0.9712475242152854
ENOG41125QE	1.3020047600227613	-1.3020047600227596
ENOG41125RF	1.6338943933510524	-1.6338943933510497
ENOG41125TW	1.6359607181697102	-1.6359607181697084
ENOG41125V3	-0.49348801651303975	0.49348801651303875
ENOG41125X6	0.8680710947986626	-0.8680710947986615
ENOG4112616	-0.1465506443432131	0.14655064434321263
ENOG411261G	-0.09225469861670592	0.09225469861670554
ENOG4112672	1.5571088133847417	-1.557108813384739
ENOG4112676	1.1400807190991726	-1.1400807190991715
ENOG411267M	-1.421325257087253	1.42132525708725
ENOG41126EI	1.7220980032608686	-1.7220980032608664
ENOG41126GD	1.2957355299614823	-1.2957355299614806
ENOG41126IB	-0.6109430185932435	0.6109430185932424
ENOG41126IJ	1.6794389435566583	-1.6794389435566563
ENOG41126QI	0.5971113725749743	-0.597111372574974
ENOG41126RN	0.9078505590095384	-0.9078505590095373
ENOG41126VT	0.37509549794493835	-0.37509549794493774
ENOG4112717	0.9690355435956793	-0.9690355435956782
ENOG411271A	0.9741414699528599	-0.9741414699528591
ENOG411271G	1.1398944035891732	-1.1398944035891716
ENOG411278K	-1.2172905381960994	1.217290538196097
ENOG41127FW	-0.22494791175619666	0.22494791175619583
ENOG41127G0	0.4139133982974563	-0.4139133982974564
ENOG41127P0	1.0273598472841332	-1.0273598472841323
ENOG41127PX	0.8730725412172515	-0.8730725412172506
ENOG41127Q2	0.3864976652774106	-0.3864976652774102
ENOG41127W8	-0.6948974450720918	0.6948974450720903
ENOG411280K	0.13410183352122257	-0.13410183352122237
ENOG4112857	-0.12773475532912476	0.12773475532912434
ENOG411288G	0.9475629523031188	-0.947562952303118
ENOG41128BI	-0.3315912649922695	0.33159126499226854
ENOG41128D5	-1.8083596216812965	1.8083596216812932
ENOG41128F3	-0.6273555916058545	0.6273555916058533
ENOG41128MG	1.0082373270676164	-1.0082373270676153
ENOG41128P6	0.2656350755666517	-0.26563507556665134
ENOG41128TJ	1.1611486567102955	-1.1611486567102942
ENOG41128UQ	0.7617694958369418	-0.7617694958369408
ENOG41128YM	-0.00955986215570887	0.009559862155708618
ENOG411292Y	-1.5440477717034455	1.5440477717034429
ENOG411296X	1.0052911516220564	-1.0052911516220548
ENOG411297B	-0.1328451005821233	0.13284510058212284
ENOG411297U	1.6147815259211389	-1.6147815259211369
ENOG4112983	-0.16620867660172414	0.16620867660172364
ENOG411298D	-0.4460419933747863	0.44604199337478534
ENOG41129PP	-1.6517704876136792	1.651770487613676
ENOG41129TD	0.7438763791710794	-0.7438763791710782
ENOG4112A2A	-1.096622974248097	1.096622974248095
ENOG4112AFU	1.200430197658565	-1.2004301976585636
ENOG4112AGB	0.788489872414125	-0.7884898724141243
ENOG4112AMX	-0.4723030897055456	0.4723030897055446
ENOG4112AS9	-0.4528450966172216	0.45284509661722044
ENOG4112AUQ	-0.6953257562164884	0.6953257562164868
ENOG4112AYN	0.9549951573226022	-0.954995157322601
ENOG4112B21	-0.5348106887572388	0.5348106887572377
ENOG4112BBM	1.419267940146143	-1.4192679401461414
ENOG4112BFC	0.7601896317384844	-0.7601896317384836
ENOG4112BMZ	0.7879174810231553	-0.7879174810231543
ENOG4112BNG	1.1980237114850953	-1.198023711485094
ENOG4112C7V	0.1885414259277452	-0.18854142592774537
ENOG4112C8X	-1.4941769632022948	1.4941769632022919
ENOG4112CHY	0.5748124515433389	-0.5748124515433385
ENOG4112CHZ	0.8025095342059838	-0.8025095342059829
ENOG4112CNW	0.783108607617812	-0.7831086076178111
ENOG4112CPX	1.2794732444141295	-1.279473244414128
ENOG4112CQB	0.8482702445690108	-0.8482702445690097
ENOG4112D1P	0.19577688250288994	-0.19577688250288963
ENOG4112D2I	1.5115133298826224	-1.5115133298826213
ENOG4112D73	1.1517967970738936	-1.1517967970738923
ENOG4112DBJ	0.42872862316474725	-0.4287286231647471
COG2366	-1.5093830807658726	1.50938308076587
COG4325	0.23511690734603394	-0.23511690734603358
COG4403	0.8019675310230417	-0.801967531023041
COG5437	-0.7573589599361289	0.7573589599361276
ENOG410XPZB	-0.8404011024278498	0.8404011024278483
ENOG410XQJV	1.077647618461009	-1.077647618461008
ENOG410XQYJ	-1.5751461042266137	1.5751461042266106
ENOG410XR0I	-1.494425855859027	1.4944258558590242
ENOG410XSKS	-0.22172475639441644	0.22172475639441586
ENOG410XW26	-0.3260699561797679	0.326069956179767
ENOG410XWE4	-0.20577647779618147	0.2057764777961809
ENOG410XWUM	0.7448590041550304	-0.7448590041550297
ENOG410Y26I	-0.12612173449304684	0.12612173449304617
ENOG410Y3AE	-0.3629151996669158	0.36291519966691504
ENOG410Y3XW	-1.2453673379367842	1.245367337936782
ENOG410Y8WS	-1.377253053159857	1.3772530531598546
ENOG410Y90V	0.04406286083737881	-0.04406286083737898
ENOG410Y96E	0.6501506972013388	-0.6501506972013378
ENOG410YBJF	-0.7366581339611478	0.7366581339611464
ENOG410YBRS	-0.9793511185698727	0.9793511185698707
ENOG410YCWT	0.0029596014366018272	-0.0029596014366022965
ENOG410YD57	-1.336890420499622	1.3368904204996197
ENOG410YHCY	-0.9147887482072595	0.9147887482072579
ENOG410YPZ3	-0.28304954897232265	0.28304954897232154
ENOG410YU90	0.3408125700784439	-0.34081257007844384
ENOG410YXKT	1.2982917951956958	-1.2982917951956943
ENOG410Z2RW	1.0588682319881957	-1.0588682319881941
ENOG410Z4FU	-0.1148976084185489	0.11489760841854825
ENOG410ZATI	0.05960105593163405	-0.05960105593163396
ENOG410ZHID	0.6282128979355641	-0.6282128979355631
ENOG410ZJ5G	-0.6583229106927609	0.6583229106927594
ENOG410ZJ9F	-2.063139579094925	2.063139579094922
ENOG410ZMFH	-1.228864265618383	1.2288642656183808
ENOG410ZPA9	0.3357370886086897	-0.3357370886086892
ENOG410ZRB7	1.100861963330083	-1.1008619633300811
ENOG410ZT7X	-1.452630726853926	1.4526307268539236
ENOG410ZU50	-0.6408252994814838	0.6408252994814823
ENOG410ZWGS	0.6372833717194183	-0.6372833717194175
ENOG410ZWMY	0.7201104325160375	-0.7201104325160369
ENOG410ZXM0	-0.9765523269523415	0.9765523269523398
ENOG41100UJ	-0.04477775929349771	0.04477775929349717
ENOG4110504	0.35724157391481626	-0.3572415739148162
ENOG4110HN9	-0.8788677623341482	0.8788677623341463
ENOG4110WKJ	0.8324394198840457	-0.8324394198840449
ENOG4111FR3	0.5499758498821963	-0.5499758498821957
ENOG4111HC7	-2.16690372210033	2.166903722100326
ENOG4111I5W	0.052561867244294236	-0.05256186724429415
ENOG4111KN5	-0.26900359902532944	0.269003599025329
ENOG4111MDE	-0.9129022181940284	0.9129022181940267
ENOG4111MR3	-0.4512721996779089	0.45127219967790794
ENOG4111NCS	1.1540775014471232	-1.1540775014471214
ENOG4111NYY	-1.7355254637811643	1.7355254637811615
ENOG4111P36	-1.5945475593770058	1.594547559377003
ENOG4111PMH	-0.7483170706832079	0.7483170706832062
ENOG4111PTZ	-1.0732047981319903	1.0732047981319883
ENOG4111R4Y	0.8132242575305225	-0.8132242575305217
ENOG4111RCW	-1.2640938559288717	1.2640938559288692
ENOG4111RX8	-1.7254573562271145	1.7254573562271116
ENOG4111TBD	-1.6153315434483835	1.6153315434483806
ENOG4111TF3	-0.259503415310613	0.2595034153106121
ENOG4111TQC	-1.226446067490249	1.2264460674902469
ENOG4111VCR	0.27100087692241365	-0.2710008769224137
ENOG4111VSN	-0.6486456702689565	0.648645670268955
ENOG4111WD0	0.22228488834336588	-0.2222848883433658
ENOG4111WSV	0.7904659531408943	-0.7904659531408939
ENOG4111WXQ	-0.15276823780313753	0.1527682378031368
ENOG4111WZY	-0.31699190238451586	0.3169919023845149
ENOG4111X0V	1.2057768029828269	-1.2057768029828253
ENOG4111X46	1.086216529742499	-1.086216529742498
ENOG4111XD0	0.7627177970538167	-0.7627177970538159
ENOG4111XP3	0.2676525304410663	-0.26765253044106607
ENOG4111YTP	-0.8506647336363758	0.8506647336363741
ENOG4111YZT	0.1586248069425468	-0.15862480694254727
ENOG4111ZU6	0.3711391680868276	-0.3711391680868275
ENOG41120S9	-1.7883652330492565	1.7883652330492534
ENOG4112192	-0.3608915002211429	0.36089150022114186
ENOG41121PH	-0.006593296837065813	0.0065932968370655655
ENOG41122RP	0.4452625111773429	-0.44526251117734245
ENOG41124W3	-0.075381992841684	0.07538199284168388
ENOG411289F	-0.017182433399062915	0.017182433399062415
ENOG41128AR	-1.1793737730996658	1.1793737730996638
ENOG4112936	-1.7664117573404357	1.7664117573404328
COG3202	1.5538425293151665	-1.5538425293151648
COG3570	-1.033847978776205	1.033847978776203
COG4085	-0.054331357461156575	0.05433135746115649
COG4412	0.7924049162560571	-0.7924049162560562
COG4849	0.8887505877725491	-0.8887505877725478
COG5620	0.2884016365095296	-0.2884016365095294
ENOG410XNWD	0.029804656190745415	-0.029804656190745606
ENOG410XRAT	-0.17115740603657775	0.17115740603657725
ENOG410XS8C	1.3354794314363394	-1.3354794314363378
ENOG410XSYQ	-1.3125223310341374	1.3125223310341352
ENOG410XV92	0.04982532755808563	-0.04982532755808579
ENOG410XZ8Y	0.47804823941859526	-0.478048239418595
ENOG410Y6WN	1.283879981024673	-1.2838799810246715
ENOG410Y7HA	-0.7772775312589413	0.7772775312589396
ENOG410Y8F2	-0.3877739594320315	0.3877739594320307
ENOG410Y8W0	0.3712659081058757	-0.37126590810587534
ENOG410Y9DH	0.7864327015745279	-0.7864327015745275
ENOG410YAYG	1.6201030956416533	-1.6201030956416513
ENOG410YBH3	-0.49813163690492474	0.49813163690492346
ENOG410YBRQ	1.247595176990971	-1.2475951769909694
ENOG410YC6S	0.8085106824715047	-0.8085106824715039
ENOG410YCYE	0.5795735764612966	-0.5795735764612959
ENOG410YD8K	0.6928142708856287	-0.6928142708856284
ENOG410YDGG	-0.1390750842708697	0.13907508427086948
ENOG410YDHJ	-0.6887715642376723	0.6887715642376709
ENOG410YDTT	-0.14869723399481583	0.1486972339948156
ENOG410YF69	0.43066585566739374	-0.43066585566739307
ENOG410YF7B	1.1231275191107635	-1.1231275191107621
ENOG410YF8B	-0.5553251800731397	0.5553251800731384
ENOG410YFAI	1.2494658155215934	-1.2494658155215919
ENOG410YFWE	1.0932802853594032	-1.0932802853594015
ENOG410YGXM	0.33683127094334486	-0.3368312709433448
ENOG410YH1K	1.215512107206035	-1.2155121072060338
ENOG410YKUT	1.155583467434975	-1.1555834674349736
ENOG410YNNP	0.17050099662147403	-0.170500996621474
ENOG410YP9M	0.9758446470559672	-0.9758446470559664
ENOG410YPHM	1.2823479056466676	-1.2823479056466656
ENOG410YSK0	0.7920831533961885	-0.7920831533961876
ENOG410YWDA	-0.6514800273964644	0.6514800273964629
ENOG410YXBI	-0.030978674391816834	0.030978674391816074
ENOG410YYRY	1.2318950255163998	-1.2318950255163983
ENOG410Z38T	0.9996839487657323	-0.9996839487657313
ENOG410Z39D	1.0079519513817137	-1.0079519513817123
ENOG410Z4FA	1.4201654331058435	-1.4201654331058418
ENOG410Z67X	1.5761746377748278	-1.576174637774826
ENOG410Z6GU	0.027138295967415186	-0.027138295967415144
ENOG410Z6IX	-0.4735585020341027	0.4735585020341015
ENOG410Z8BV	-0.7269617896669891	0.7269617896669877
ENOG410ZAFM	1.2346414081224943	-1.2346414081224928
ENOG410ZF12	0.027526605950051637	-0.02752660595005183
ENOG410ZHQ3	0.4407129296989494	-0.44071292969894893
ENOG410ZUFB	-1.6462955894831979	1.6462955894831948
ENOG410ZVDK	0.544104312407957	-0.5441043124079564
ENOG410ZX82	1.069072640388624	-1.0690726403886228
ENOG410ZXJN	-1.4636990689416067	1.4636990689416043
ENOG410ZZBB	0.7436996276409192	-0.7436996276409186
ENOG410ZZGZ	0.31716756599882584	-0.31716756599882584
ENOG410ZZHJ	0.597479473286185	-0.5974794732861841
ENOG411006M	0.6586839110976824	-0.6586839110976819
ENOG4110302	0.5702243748288387	-0.5702243748288383
ENOG4110GT4	0.18548044132661126	-0.18548044132661123
ENOG4110ZT3	-0.18191641364181627	0.18191641364181574
ENOG4111FSH	0.8903283599941982	-0.8903283599941976
ENOG4111G45	0.2958938617908	-0.2958938617908001
ENOG4111G6S	1.2549386804514007	-1.2549386804513993
ENOG4111H1V	0.041396368452574196	-0.04139636845257437
ENOG4111HVI	-0.1914092750102991	0.19140927501029836
ENOG4111I99	0.013008705567582973	-0.01300870556758319
ENOG4111INE	0.8757781939050412	-0.87577819390504
ENOG4111ITZ	1.232363959590805	-1.2323639595908031
ENOG4111J8W	1.250808946299222	-1.2508089462992207
ENOG4111JVW	-0.15335279326026738	0.1533527932602669
ENOG4111K16	0.6672424226824001	-0.6672424226823993
ENOG4111MM6	-2.0820526681554687	2.0820526681554656
ENOG4111MTW	-1.4707311011837179	1.4707311011837154
ENOG4111N8E	-0.5811153849097686	0.5811153849097674
ENOG4111NEX	-0.747443224822557	0.7474432248225555
ENOG4111NMM	-1.159679786788973	1.159679786788971
ENOG4111Q21	-0.5004141744592212	0.5004141744592202
ENOG4111QVE	0.04964186322007343	-0.04964186322007359
ENOG4111RC3	-1.4772708109784258	1.4772708109784232
ENOG4111RGQ	1.502100392484195	-1.5021003924841927
ENOG4111S0C	0.47911406202001394	-0.47911406202001344
ENOG4111SX6	0.8812351085756968	-0.8812351085756959
ENOG4111U8E	0.5196368113945892	-0.5196368113945888
ENOG4111VYM	1.422280529224113	-1.422280529224111
ENOG4111WZB	0.5631409723218168	-0.5631409723218161
ENOG4111XK0	-0.17890949841194356	0.17890949841194329
ENOG4111Y2Y	0.8713657145939568	-0.8713657145939558
ENOG4111YNF	-0.027174801483440432	0.027174801483439915
ENOG41120H7	0.5621228587360888	-0.5621228587360886
ENOG41121MG	1.4795161408562387	-1.4795161408562365
ENOG41122MK	0.687833181654477	-0.6878331816544765
ENOG411230S	-0.48276485305956834	0.48276485305956734
ENOG411241Q	0.7070240990678405	-0.70702409906784
ENOG41125J2	-0.3594295142475768	0.35942951424757574
ENOG41125RN	-0.7227093546142981	0.7227093546142965
ENOG411266S	1.201154118824148	-1.2011541188241466
ENOG41127EG	0.6010698368291455	-0.6010698368291453
ENOG41127TK	0.8512371153830061	-0.8512371153830047
ENOG41127TN	0.9855015607695291	-0.9855015607695281
ENOG41128FT	0.21316279924300613	-0.21316279924300602
ENOG4112A8K	0.1540616319866607	-0.1540616319866607
ENOG4112B7S	0.49587151073112395	-0.4958715107311236
ENOG4112BFI	-0.25173469853090547	0.2517346985309046
ENOG4112C7Q	1.5097294176004326	-1.5097294176004306
ENOG4112CXG	0.933049484045901	-0.9330494840458999
COG3185	-1.7137773581116549	1.713777358111652
ENOG410XPAH	-0.4173828908004163	0.4173828908004152
ENOG410XPKD	-0.38353398230625707	0.38353398230625624
ENOG410XQ5V	-0.2634344966196444	0.26343449661964374
ENOG410XQWS	-0.5448541799406351	0.5448541799406341
ENOG410XSCE	-0.9118081981311893	0.9118081981311876
ENOG410XTYU	0.14018550588786335	-0.14018550588786338
ENOG410XUII	-0.7483497916964149	0.7483497916964136
ENOG410XUNB	-1.0873678878904276	1.0873678878904258
ENOG410XX9J	-0.21952385439273395	0.21952385439273314
ENOG410XY5S	-0.5015956599054598	0.5015956599054588
ENOG410XYIX	-0.06773776536115281	0.06773776536115199
ENOG410XZ5W	-0.14933555852152958	0.14933555852152888
ENOG410Y0TG	0.4772003142808184	-0.4772003142808181
ENOG410Y1DB	-0.8361902147991488	0.836190214799147
ENOG410Y2ZR	-1.0789101700721146	1.0789101700721127
ENOG410YGAS	-1.6348965774246638	1.6348965774246607
ENOG410YNJZ	0.32584500513867204	-0.32584500513867176
ENOG410YQRP	0.7067111784813416	-0.7067111784813408
ENOG410YRAX	0.9239917045220075	-0.9239917045220065
ENOG410Z0IY	-0.25792397887391894	0.25792397887391805
ENOG410ZDE6	-0.21603993279826966	0.21603993279826886
ENOG410ZEGC	0.2238176095094114	-0.2238176095094113
ENOG410ZGJ0	-1.3380918581265813	1.338091858126579
ENOG410ZK9X	0.22003013960300583	-0.22003013960300574
ENOG410ZKG3	0.2706487531917874	-0.27064875319178694
ENOG410ZM4J	-1.608007345359539	1.6080073453595363
ENOG410ZNUV	-0.3801963124064	0.3801963124063992
ENOG410ZVP9	0.3102593197666946	-0.3102593197666946
ENOG410ZVWT	-0.02297721298467358	0.022977212984673305
ENOG410ZW5S	-0.7195972464104468	0.7195972464104454
ENOG410ZX1W	-0.5148413491747121	0.514841349174711
ENOG411000U	0.24513758182754197	-0.24513758182754183
ENOG41100PD	-0.1392782000331386	0.13927820003313815
ENOG41110S8	-1.5716944057477404	1.5716944057477378
ENOG411135P	-0.9863394357762042	0.9863394357762025
ENOG4111FJC	-0.5065982306420846	0.5065982306420836
ENOG4111G4W	1.097245160758878	-1.0972451607588765
ENOG4111GV6	-1.4748640136962832	1.4748640136962807
ENOG4111HYH	-0.4028752418244179	0.4028752418244168
ENOG4111IZA	-0.24222374710074066	0.2422237471007398
ENOG4111M39	-0.6725196053953734	0.672519605395372
ENOG4111NKW	-0.22447695568058249	0.22447695568058215
ENOG4111Q58	0.17298973607107193	-0.17298973607107213
ENOG4111QBF	1.2084298337843205	-1.2084298337843191
ENOG4111QTY	-0.9599566846346023	0.9599566846346003
ENOG4111SAV	0.45871612705345743	-0.4587161270534567
ENOG4111V51	-1.6855825981658836	1.6855825981658807
ENOG4111Y7C	0.24045549312225228	-0.24045549312225215
ENOG4112264	0.7838949529299886	-0.7838949529299881
ENOG4112608	0.06452275967348638	-0.06452275967348652
COG4933	-0.5675783884609045	0.5675783884609031
ENOG410XNTV	-0.6518577674444227	0.6518577674444213
ENOG410XRH6	0.22602092455873732	-0.22602092455873746
ENOG410XRPG	-0.7521573853523422	0.7521573853523408
ENOG410XS7F	-0.9119280531877666	0.9119280531877649
ENOG410XSQ0	0.6862380689519948	-0.686238068951994
ENOG410XSVW	-0.20066603394264074	0.20066603394264018
ENOG410XTIS	0.13848016740257674	-0.13848016740257724
ENOG410XTJ7	-0.9022855599430408	0.9022855599430389
ENOG410XXXE	0.37690650070768145	-0.3769065007076809
ENOG410XYZZ	0.6409715688234152	-0.640971568823415
ENOG410XZ74	1.2770240668068007	-1.2770240668067991
ENOG410XZUT	1.346841464337338	-1.3468414643373365
ENOG410Y015	0.5068977010457396	-0.5068977010457388
ENOG410Y2JB	0.7048333255783568	-0.7048333255783562
ENOG410Y2W2	0.03698527176651136	-0.036985271766512014
ENOG410Y315	-0.43692288808023516	0.43692288808023405
ENOG410Y47H	1.0298082200888157	-1.0298082200888143
ENOG410Y5P6	1.3701978173163192	-1.3701978173163172
ENOG410Y6SJ	-1.0278513953158503	1.0278513953158483
ENOG410Y85C	-0.31960425827778666	0.31960425827778594
ENOG410Y8R0	0.4165682364503205	-0.4165682364503201
ENOG410Y94C	0.6261327137095993	-0.6261327137095991
ENOG410Y9V7	-0.9077946226548398	0.9077946226548382
ENOG410YA56	1.2047961462361982	-1.204796146236197
ENOG410YACX	1.1969407794624245	-1.1969407794624225
ENOG410YAS5	0.44412676213433866	-0.444126762134338
ENOG410YAUK	0.2734708002078393	-0.2734708002078389
ENOG410YBMR	0.2731120346636581	-0.2731120346636579
ENOG410YD4B	0.6886865815317119	-0.6886865815317116
ENOG410YE0P	0.25653929064845804	-0.2565392906484581
ENOG410YE84	-0.23456097780362156	0.2345609778036205
ENOG410YFI4	0.8990151782794013	-0.8990151782794
ENOG410YHCP	0.6202634162087317	-0.620263416208731
ENOG410YIQ3	1.1012624451958863	-1.101262445195885
ENOG410YJXD	-0.4068321520743585	0.40683215207435747
ENOG410YMAE	0.7209948843191701	-0.7209948843191698
ENOG410Z2AQ	-0.5756993118894214	0.5756993118894203
ENOG410Z2K9	-0.1722295852550443	0.17222958525504406
ENOG410Z9EY	-0.9411639027486701	0.9411639027486682
ENOG410ZJMR	-0.6133775072094617	0.6133775072094605
ENOG410ZKHX	-0.3041584608478858	0.30415846084788506
ENOG410ZT3S	1.2363784314579058	-1.2363784314579045
ENOG410ZV69	0.46616126879748565	-0.46616126879748515
ENOG410ZV6H	1.6051510289005526	-1.6051510289005504
ENOG410ZVNY	0.5137892820763612	-0.5137892820763607
ENOG410ZWGX	0.10944035918712983	-0.10944035918712966
ENOG410ZWHD	-1.0000273203652217	1.00002732036522
ENOG410ZY5K	0.9290025017562039	-0.9290025017562029
ENOG410ZZ1T	0.7439924557274779	-0.743992455727477
ENOG411028W	0.4269518261141422	-0.42695182611414223
ENOG4110X8Q	0.900538493466339	-0.9005384934663383
ENOG41118GD	0.1483998962461004	-0.1483998962461009
ENOG4111F1Q	-1.7546021929950222	1.7546021929950193
ENOG4111FPX	0.6501982976590797	-0.6501982976590791
ENOG4111GVU	1.155204516154865	-1.1552045161548636
ENOG4111H1F	-1.328030962364786	1.3280309623647837
ENOG4111I2C	-0.7437163333793028	0.7437163333793012
ENOG4111I31	0.3764360454688481	-0.3764360454688478
ENOG4111JP6	1.1234979430632688	-1.1234979430632677
ENOG4111N51	-0.6493295102544012	0.6493295102543998
ENOG4111PC7	0.13639934761355826	-0.1363993476135585
ENOG4111PC8	1.1810738285481008	-1.1810738285480995
ENOG4111Q0J	1.2118043998358923	-1.211804399835891
ENOG4111R12	0.3971823961643263	-0.3971823961643262
ENOG4111URW	0.5154913386892438	-0.5154913386892435
ENOG4111UWZ	1.4460579291730276	-1.4460579291730258
ENOG4111YBT	-0.6622304630368621	0.6622304630368607
ENOG41123TF	0.5304566425859681	-0.5304566425859676
ENOG4112CWU	0.2852401173253066	-0.28524011732530613
ENOG410XNQF	-0.1003373670982314	0.10033736709823055
ENOG410XZP0	0.33526856981549075	-0.33526856981549047
ENOG410Y0X2	-1.0521679930384022	1.0521679930384003
ENOG410Y5VR	0.7548228475964659	-0.7548228475964649
ENOG410YAI5	-1.057740809342516	1.057740809342514
ENOG410YDY0	0.6192915524995055	-0.6192915524995047
ENOG410YJJC	1.2456569157876527	-1.245656915787651
ENOG410YJNK	0.12575530043451327	-0.12575530043451308
ENOG410YJNW	0.8657837471469874	-0.8657837471469864
ENOG410YN3N	0.35646050577766425	-0.3564605057776644
ENOG410YUBD	0.7001295330069097	-0.7001295330069092
ENOG410YUE3	-0.01850244036100882	0.01850244036100832
ENOG410Z104	-0.09068907717741359	0.09068907717741322
ENOG410ZFED	-0.6399927021472036	0.6399927021472022
ENOG410ZIQ4	-0.1386718923305447	0.138671892330544
ENOG410ZJ1R	0.7252050109631102	-0.7252050109631099
ENOG410ZMWT	1.4778776744167965	-1.4778776744167947
ENOG410ZQFA	1.2594730460318535	-1.2594730460318515
ENOG410ZS7B	0.8324739446194371	-0.8324739446194366
ENOG410ZUG6	0.563560106682038	-0.5635601066820377
ENOG410ZVEY	-0.3567677646873383	0.35676776468733745
ENOG4110145	0.2410754607638075	-0.24107546076380762
ENOG4111I0E	1.3637655915877656	-1.363765591587764
ENOG4111JKG	-1.1327119833162103	1.1327119833162083
ENOG4111MBI	-1.2116596468166168	1.2116596468166148
ENOG41123V7	-0.18438823110068955	0.18438823110068928
ENOG41128KA	0.057625481866432224	-0.057625481866432134
ENOG41128KE	0.5948516583387456	-0.5948516583387448
COG4964	-0.08787204167930841	0.08787204167930805
ENOG410XYCG	0.4918834865924814	-0.4918834865924806
ENOG410Y4NK	1.2818808603653549	-1.2818808603653533
ENOG410YZC6	-0.2068384022987853	0.20683840229878453
ENOG4111THY	-0.1600623493461279	0.16006234934612718
ENOG41121ZM	0.5334611409598857	-0.5334611409598851
ENOG411252D	0.4867244844067055	-0.48672448440670524
ENOG41126ZB	0.25554007884328495	-0.2555400788432853
COG4249	0.5209374804894141	-0.5209374804894136
COG4567	0.9895414509331278	-0.9895414509331266
ENOG410XPS7	-0.16147040175556646	0.16147040175556573
ENOG410XSUN	0.2765469275777018	-0.27654692757770183
ENOG410XT3K	0.3827461584064025	-0.3827461584064019
ENOG410XU9J	0.9600990942026197	-0.9600990942026185
ENOG410XUGE	0.5559697980466739	-0.5559697980466732
ENOG410XVH5	0.4234779343245137	-0.4234779343245135
ENOG410XW4I	0.697564885763107	-0.6975648857631065
ENOG410XWNB	0.414526157602467	-0.41452615760246664
ENOG410XZXZ	0.4861302005831532	-0.48613020058315315
ENOG410Y6UB	1.0971121704477516	-1.09711217044775
ENOG410Y7NW	0.39264793023318495	-0.3926479302331848
ENOG410Y881	0.9783966800554841	-0.9783966800554831
ENOG410YAI8	1.1381210481507844	-1.1381210481507826
ENOG410YBDJ	1.0712908049905372	-1.0712908049905365
ENOG410YCZT	1.2890630941791283	-1.289063094179127
ENOG410YHV8	1.1662405478404325	-1.1662405478404312
ENOG410YIZV	1.640474498828893	-1.6404744988288902
ENOG410YJPW	-0.1483502341002603	0.14835023410025983
ENOG410YNRA	0.25222571702497953	-0.25222571702497915
ENOG410YQXT	0.9557929931268079	-0.955792993126807
ENOG410YRWU	1.3018689147329316	-1.30186891473293
ENOG410YVRX	1.3288626996813717	-1.3288626996813702
ENOG410YWEG	1.3699447933204114	-1.3699447933204099
ENOG410Z1WC	0.7823194013813047	-0.7823194013813036
ENOG410Z2ND	0.32717972684786967	-0.3271797268478694
ENOG410Z83I	1.2282445843422314	-1.2282445843422298
ENOG410Z97P	0.7228275041538698	-0.7228275041538686
ENOG410ZFFM	0.6022251965038407	-0.6022251965038402
ENOG410ZRE2	0.9283763606867624	-0.9283763606867613
ENOG410ZRJG	1.0598992932005304	-1.0598992932005291
ENOG410ZW04	1.2149100312106875	-1.2149100312106862
ENOG410ZWMP	0.9982860893939015	-0.9982860893939006
ENOG410ZXJU	0.6686290460253276	-0.668629046025327
ENOG411002P	0.7180185771021469	-0.718018577102146
ENOG41101HG	1.2538660543994782	-1.2538660543994768
ENOG41101WE	0.19126382188954577	-0.1912638218895455
ENOG41102A3	0.925865330209032	-0.9258653302090307
ENOG41103AJ	1.608754664984899	-1.6087546649848965
ENOG41104XX	0.7654301816252731	-0.7654301816252722
ENOG4110E68	0.850093116636496	-0.8500931166364954
ENOG4110UJY	-0.5853971595504998	0.5853971595504984
ENOG411173M	0.7597446676773644	-0.7597446676773635
ENOG4111EUJ	0.22459052270970514	-0.22459052270970528
ENOG4111HZH	0.45285026822967994	-0.4528502682296795
ENOG4111IBH	0.8011171343600235	-0.8011171343600226
ENOG4111JDD	-0.46913798584103134	0.4691379858410301
ENOG4111JMR	1.4075219627744118	-1.4075219627744102
ENOG4111MRX	0.8259442671758527	-0.8259442671758517
ENOG4111NEG	0.15753510447057406	-0.15753510447057428
ENOG4111PZB	1.274913297886511	-1.274913297886509
ENOG4111RXE	1.3961032241228666	-1.3961032241228648
ENOG4111SDT	0.2580500073666642	-0.25805000736666406
ENOG4111SJZ	1.2629288070905922	-1.2629288070905906
ENOG4111SZB	0.5095772099486366	-0.5095772099486359
ENOG4111T54	1.686634424220699	-1.6866344242206963
ENOG4111VCI	0.7897047454338081	-0.7897047454338072
ENOG4111W2S	0.7630132651004671	-0.7630132651004663
ENOG4111WWY	0.1787258412368001	-0.17872584123680008
ENOG4111XST	0.7350122827017305	-0.7350122827017295
ENOG4111YT4	0.0060576669630221045	-0.006057666963022333
ENOG4111YTD	0.38816613973339414	-0.38816613973339376
ENOG41120F2	0.659608063601951	-0.6596080636019502
ENOG41120W9	0.4489909250903056	-0.44899092509030536
ENOG41121XN	0.6314873383434318	-0.6314873383434313
ENOG411234P	1.2380591899514275	-1.2380591899514266
ENOG41123ZG	1.0616866694321003	-1.061686669432099
ENOG41125MV	1.5329834791399741	-1.5329834791399726
ENOG41127JR	0.9243623422856196	-0.9243623422856189
ENOG411293P	0.8281132397486897	-0.8281132397486884
ENOG4112BED	1.010387669452671	-1.0103876694526697
ENOG4112BX3	1.3274792231372798	-1.3274792231372783
ENOG410XSK8	1.2372325812152625	-1.237232581215261
ENOG410XTDY	-1.1184421145435874	1.1184421145435857
ENOG410YENY	1.0780681937844951	-1.078068193784494
ENOG410YIUW	0.2983409666277563	-0.29834096662775655
ENOG410YKVS	-0.23149899449882308	0.23149899449882272
ENOG410YVH4	1.4643373309321925	-1.4643373309321903
ENOG410Z6IM	0.08539920757302183	-0.08539920757302193
ENOG4111M9Y	-0.10163594849330819	0.10163594849330804
ENOG41123F0	-1.1540365355387854	1.1540365355387832
ENOG410XNMX	0.9662368169314844	-0.9662368169314833
ENOG410XRIS	0.7132070789740732	-0.7132070789740725
ENOG410XWS1	-0.9914890735411699	0.9914890735411681
ENOG410YC5T	0.8092553481445103	-0.8092553481445095
ENOG410YXYD	0.7212764631155811	-0.7212764631155807
ENOG410ZGJH	-0.9583908448748617	0.9583908448748598
ENOG4111MX4	-0.1000924189876302	0.10009241898762958
ENOG4111MY0	0.2995903024842165	-0.2995903024842165
ENOG41126JQ	-0.0113423868793493	0.011342386879349046
ENOG410YEWS	0.10524636623548178	-0.10524636623548209
ENOG410XP0R	0.17395132212414724	-0.17395132212414718
ENOG410Y3HN	0.8800857055117711	-0.8800857055117703
ENOG410YAQA	0.372774131896091	-0.3727741318960909
ENOG410ZNH8	0.3881112026676999	-0.3881112026676998
ENOG410ZVH0	-0.23675933091899173	0.2367593309189909
ENOG4111SUK	0.28029649526111994	-0.28029649526112
ENOG41125AW	0.6843085683685782	-0.6843085683685776
ENOG410XRCN	0.056543830436932126	-0.056543830436932514
ENOG410XSQ6	0.4003384935159112	-0.40033849351591133
ENOG410YGA1	1.2753168021948738	-1.2753168021948718
ENOG410YGUG	0.32549491362425725	-0.32549491362425675
ENOG410YHWN	-0.07830844419703573	0.07830844419703514
ENOG410YHXN	-0.4344645518797617	0.4344645518797605
ENOG410YPEJ	-0.8148213090602676	0.8148213090602658
ENOG4110YX1	1.2902977088844676	-1.2902977088844663
ENOG410YI10	0.27572630839834866	-0.2757263083983483
ENOG410YWUA	0.1761160632512606	-0.1761160632512608
ENOG410ZJ6Y	-0.5178022355217331	0.5178022355217321
ENOG410ZK5M	0.45005733184104063	-0.4500573318410404
ENOG411200D	-0.0981006508342364	0.09810065083423601
ENOG410XPIG	-0.014389607348556838	0.014389607348556106
ENOG410Z93W	-1.144600549971464	1.144600549971462
ENOG4111KX8	0.3554585173790563	-0.3554585173790565
ENOG41123RM	0.32444711303077367	-0.3244471130307734
ENOG410Y5B4	-1.4747689375800264	1.4747689375800233
ENOG410YBMA	0.6011770525401088	-0.6011770525401081
ENOG410YDU4	0.22442170037655032	-0.22442170037655068
ENOG410YE18	0.18753190645642187	-0.18753190645642204
ENOG410YIPA	-0.3194723782236402	0.3194723782236393
ENOG410ZV25	-0.420292171680114	0.4202921716801129
ENOG41101Y3	0.7264064593304671	-0.7264064593304662
ENOG4111H2G	0.34986327189554534	-0.349863271895545
ENOG410Y3S9	0.9428216578383019	-0.9428216578383006
ENOG410YCSD	0.5897928187214401	-0.5897928187214392
ENOG410YPQE	0.7240441650012734	-0.7240441650012727
ENOG410XRT1	0.3797009228605661	-0.379700922860566
ENOG410YK05	-0.3393256064802109	0.33932560648020993
ENOG410Z01M	0.35016032868029684	-0.3501603286802965
ENOG4111HK3	1.5006380297736743	-1.5006380297736723
ENOG41124YU	0.34343910295929087	-0.3434391029592906
COG3941	-0.39073943728206484	0.3907394372820638
ENOG410XSCT	0.5796341891585052	-0.579634189158505
ENOG410YK7B	0.9352443945818104	-0.9352443945818096
ENOG410XS5H	-0.3286449202882486	0.3286449202882479
ENOG410YKXI	1.0947983383222955	-1.0947983383222941
ENOG4111KBA	-0.9252515847705349	0.925251584770533
ENOG41123SZ	-1.0164679156524166	1.0164679156524146
ENOG41122DJ	1.4023854536101614	-1.4023854536101599
ENOG410ZJP4	0.7296770339384844	-0.7296770339384835
ENOG410XWYN	1.4645253792816282	-1.4645253792816268
ENOG410YARU	1.1607942389177146	-1.160794238917713
ENOG410Z2RR	0.17199827929097541	-0.1719982792909754
ENOG410Y5ZF	-0.11304986555426319	0.11304986555426277
ENOG410YU1Z	0.17518732758568564	-0.1751873275856856
ENOG4111W1V	0.9571203552891535	-0.9571203552891522
ENOG4112D3M	0.6808817449630602	-0.6808817449630594
ENOG410Y9J8	0.646383531902297	-0.646383531902296
ENOG410XTB1	0.36068208776640887	-0.3606820877664086
COG4675	-0.3691639462979681	0.36916394629796734
K00001	-1.9750241144841705	1.975024114484167
K00002	0.29845789704375764	-0.29845789704375764
K00003	0.37151616570242296	-0.37151616570242285
K00005	-1.0913200749538674	1.0913200749538654
K00007	-0.3852733633914164	0.3852733633914153
K00008	-0.3486431325186084	0.3486431325186076
K00009	0.7263784667779322	-0.7263784667779313
K00010	-1.8770293243804077	1.8770293243804046
K00012	0.612323708679377	-0.6123237086793761
K00013	-0.8278032257608137	0.827803225760812
K00014	1.0366927397808177	-1.0366927397808166
K00016	-0.3614679584619948	0.3614679584619938
K00018	0.5212870262076622	-0.5212870262076619
K00020	-0.33155668087504464	0.33155668087504386
K00024	-0.05451794016963404	0.054517940169633954
K00027	-1.3522628601447735	1.352262860144771
K00029	0.4747109161978489	-0.4747109161978484
K00030	0.1027611168434652	-0.10276111684346528
K00031	1.3918354351856022	-1.3918354351856002
K00033	-0.23908782686164712	0.23908782686164673
K00036	-0.7350888542711669	0.7350888542711655
K00039	-0.9952032658988251	0.9952032658988231
K00040	0.06845202038339455	-0.0684520203833947
K00041	1.543828490650933	-1.5438284906509305
K00042	-1.3328717375189456	1.3328717375189434
K00045	-0.6853560172316	0.6853560172315984
K00046	1.199449643489935	-1.1994496434899338
K00048	0.5882194813045366	-0.5882194813045362
K00052	-0.4619672429819787	0.4619672429819775
K00053	-0.6700880824560411	0.6700880824560397
K00054	-0.2730565443489881	0.27305654434898763
K00055	1.1910027516536372	-1.1910027516536357
K00057	0.22778425686773632	-0.22778425686773596
K00058	0.779340479438042	-0.7793404794380412
K00059	-0.45304913213229925	0.45304913213229836
K00060	1.298757710955458	-1.2987577109554564
K00065	0.5155097620256992	-0.5155097620256992
K00067	1.6924078893779213	-1.692407889377919
K00068	0.43498870188161104	-0.4349887018816106
K00073	0.36862609474152686	-0.3686260947415265
K00074	-0.7939190658488392	0.7939190658488376
K00075	-1.4551134261421517	1.455113426142149
K00076	-1.1012221136135139	1.1012221136135119
K00077	1.5110588559200937	-1.5110588559200913
K00087	0.6586287226561061	-0.6586287226561057
K00088	0.7686189765536451	-0.7686189765536441
K00090	-1.346442404413869	1.3464424044138663
K00094	0.8252004420101309	-0.82520044201013
K00096	0.28654223420995933	-0.2865422342099596
K00097	1.3587417116296017	-1.3587417116295997
K00098	-0.8864174053644116	0.8864174053644097
K00099	-0.783870352684226	0.7838703526842246
K00100	0.7949631795329154	-0.7949631795329146
K00101	-1.4110687036993517	1.4110687036993492
K00104	0.8534954876010667	-0.8534954876010656
K00105	-0.6225406512428859	0.6225406512428845
K00108	-0.9408612507743274	0.9408612507743255
K00111	-1.6669090133979163	1.6669090133979134
K00112	-1.75915931498891	1.759159314988907
K00113	0.807367931894101	-0.8073679318941003
K00116	-1.9945927508642727	1.9945927508642693
K00117	0.7530866858941044	-0.7530866858941037
K00121	-1.3133205129258632	1.3133205129258607
K00123	1.1026162909285686	-1.1026162909285675
K00124	-0.8565079858307509	0.8565079858307492
K00127	-0.4492960826847247	0.4492960826847238
K00128	-0.750888105897439	0.7508881058974374
K00130	0.5297754266599826	-0.529775426659982
K00131	0.5629186537663505	-0.5629186537663499
K00132	1.0253618085365324	-1.0253618085365312
K00133	0.24335351644946351	-0.24335351644946315
K00134	-2.1360446879330377	2.1360446879330337
K00135	-1.2083164001003204	1.2083164001003182
K00137	-1.6443840689052878	1.6443840689052844
K00138	-0.4416944257436771	0.44169442574367596
K00140	0.9881820260631069	-0.9881820260631061
K00141	-0.9632768815678527	0.963276881567851
K00145	1.6266969011301864	-1.6266969011301844
K00146	0.9936447352883547	-0.9936447352883533
K00147	0.7793475996214386	-0.7793475996214378
K00151	0.2546118279761335	-0.25461182797613313
K00156	-1.2218509946507312	1.221850994650729
K00158	-0.6318959234871613	0.6318959234871601
K00161	0.2713761098956995	-0.27137610989569955
K00162	0.955234487699946	-0.9552344876999452
K00163	0.24998860836595957	-0.24998860836595943
K00164	0.7537987135366768	-0.7537987135366764
K00169	-0.042870931705589664	0.04287093170558912
K00170	0.4784692092124871	-0.4784692092124868
K00172	0.5613396394983502	-0.5613396394983499
K00174	-0.8863088308357714	0.8863088308357698
K00175	0.17914943608554074	-0.17914943608554093
K00176	0.17966111540474547	-0.1796611154047457
K00177	0.22120478922922462	-0.22120478922922454
K00179	1.55930211332612	-1.559302113326118
K00180	0.374547945694316	-0.37454794569431543
K00183	0.6628901579158075	-0.662890157915807
K00184	1.2257287382308617	-1.2257287382308601
K00185	1.500678132235029	-1.5006781322350269
K00194	1.5576610458561944	-1.5576610458561921
K00196	-1.5716282943539694	1.5716282943539668
K00197	-0.14931802435533395	0.14931802435533348
K00198	0.10668473503564511	-0.10668473503564518
K00208	1.3757759664895708	-1.3757759664895688
K00210	1.5714800797295276	-1.5714800797295256
K00215	-1.0740825339549724	1.0740825339549704
K00216	0.5439110221527752	-0.5439110221527745
K00219	0.6361427635645766	-0.6361427635645758
K00226	0.33264178264033506	-0.3326417826403348
K00228	0.27677189609123337	-0.2767718960912334
K00230	-1.1265155616270783	1.1265155616270761
K00239	-2.10063677928032	2.1006367792803156
K00240	-2.162185651494133	2.1621856514941293
K00241	0.284828710739369	-0.28482871073936905
K00242	0.38996738560404115	-0.38996738560404126
K00243	0.7314450071435624	-0.7314450071435615
K00244	-1.2459325539793509	1.2459325539793484
K00245	-1.1898565187644303	1.1898565187644283
K00246	0.34309860603400943	-0.3430986060340094
K00247	-2.0422892676787865	2.042289267678783
K00248	0.7432285731303265	-0.7432285731303259
K00254	-0.9576469376253296	0.9576469376253279
K00259	-0.2116650015834141	0.21166500158341353
K00260	0.6025665643194313	-0.6025665643194307
K00261	-1.9707470570923247	1.9707470570923213
K00262	1.1597292993539108	-1.1597292993539092
K00265	-0.26400521294340934	0.2640052129434087
K00266	0.40373026792936084	-0.40373026792936045
K00275	0.3666197350887387	-0.36661973508873835
K00276	-1.377645645126978	1.3776456451269758
K00278	0.8504053121320321	-0.8504053121320311
K00281	0.9881982741104072	-0.9881982741104061
K00282	1.2567137546642764	-1.2567137546642746
K00283	0.9429636926187757	-0.9429636926187746
K00284	0.778250638832107	-0.7782506388321063
K00285	-0.41009747176623546	0.41009747176623457
K00286	-1.0365404850699336	1.0365404850699318
K00287	0.3419762503414614	-0.3419762503414611
K00290	0.9882620774677284	-0.9882620774677274
K00297	1.6673771923883687	-1.6673771923883662
K00299	-0.8663890976387892	0.8663890976387877
K00302	0.706240406732807	-0.7062404067328059
K00313	-2.181982916665512	2.181982916665508
K00322	0.09101897300750517	-0.09101897300750503
K00324	-1.0210234335606865	1.0210234335606847
K00325	-0.8703785145637821	0.8703785145637802
K00330	1.2407366530367547	-1.2407366530367532
K00331	-0.32728652839511335	0.32728652839511263
K00332	-0.20674721077670546	0.20674721077670466
K00333	1.1186466212051942	-1.1186466212051929
K00334	0.4571326748958421	-0.45713267489584136
K00335	1.5255792970148851	-1.5255792970148836
K00336	1.3523323254022033	-1.3523323254022013
K00337	0.895878323993906	-0.8958783239939049
K00338	-1.0948882364650085	1.0948882364650063
K00339	0.4068625068218147	-0.4068625068218141
K00340	0.5990156188576643	-0.5990156188576639
K00341	1.6621993371966726	-1.6621993371966701
K00342	0.8669640690865199	-0.8669640690865191
K00343	0.38795228073016824	-0.38795228073016835
K00344	-1.1119918685634511	1.111991868563449
K00346	0.28181972856400184	-0.2818197285640021
K00347	0.6265857027935242	-0.6265857027935235
K00348	-0.16723628389719122	0.16723628389719047
K00349	-0.07297021791541375	0.07297021791541317
K00350	1.3853953597812665	-1.3853953597812647
K00351	1.281298314164421	-1.2812983141644192
K00354	-1.6930425499876254	1.693042549987622
K00355	0.3948889989143336	-0.39488899891433343
K00362	0.15478791793479674	-0.15478791793479696
K00363	-0.5819117129889122	0.5819117129889111
K00364	-1.757729393507	1.757729393506997
K00366	0.10973756618941949	-0.10973756618942003
K00370	-1.7496128150372674	1.7496128150372643
K00371	-1.1738587274885255	1.1738587274885233
K00372	-0.07805433516411175	0.07805433516411163
K00373	-0.5096146237449757	0.5096146237449743
K00374	-0.20502720990346965	0.20502720990346884
K00375	1.3078582005471697	-1.3078582005471682
K00380	0.07560253693695246	-0.07560253693695282
K00381	-1.1573366309456548	1.1573366309456525
K00382	0.3712333015470849	-0.3712333015470843
K00383	-0.15589010328814207	0.1558901032881416
K00384	0.014806526933571238	-0.014806526933571689
K00385	0.4807840970971121	-0.4807840970971116
K00389	0.45468488741280516	-0.45468488741280466
K00390	-1.6713376983468955	1.6713376983468922
K00425	-0.28576773901591185	0.2857677390159114
K00426	0.3249330083530449	-0.3249330083530444
K00427	0.7644680223445453	-0.7644680223445445
K00428	-0.07658036549910267	0.07658036549910231
K00432	0.6659123798336192	-0.6659123798336181
K00433	-0.5556229587689898	0.5556229587689888
K00449	-1.2701642448349957	1.2701642448349932
K00450	0.7554031633044805	-0.7554031633044795
K00455	-0.30672534394896916	0.30672534394896844
K00457	-1.4922902539947596	1.4922902539947571
K00459	-0.9092056596423432	0.9092056596423416
K00481	0.7838191786474231	-0.7838191786474225
K00483	-0.10383591332017457	0.10383591332017393
K00484	0.06963252678643292	-0.06963252678643352
K00525	-0.34289823445060436	0.34289823445060363
K00526	-2.222539290085253	2.222539290085249
K00528	-1.4054774259879632	1.4054774259879605
K00529	-0.3499863891974843	0.34998638919748354
K00533	0.2374257972914508	-0.2374257972914507
K00537	1.0235377047151029	-1.0235377047151015
K00547	1.027505355157904	-1.027505355157903
K00548	0.4502761394365723	-0.4502761394365721
K00549	-1.5585496831418868	1.558549683141884
K00554	1.1765181624861096	-1.1765181624861083
K00556	-0.9082114042907002	0.9082114042906986
K00557	-2.0441935230781927	2.044193523078189
K00558	-0.8360657058310225	0.836065705831021
K00560	0.1814258156233523	-0.18142581562335225
K00563	-0.12221077218596955	0.12221077218596914
K00564	-1.5058823604100584	1.505882360410056
K00566	0.2570469733896543	-0.2570469733896544
K00567	0.3256029561371373	-0.32560295613713724
K00568	-0.5337324281179726	0.5337324281179713
K00571	0.4036912385325953	-0.4036912385325954
K00573	-0.9195850156990788	0.9195850156990771
K00574	-1.0240857477829755	1.0240857477829735
K00575	0.7140583908192024	-0.7140583908192017
K00590	1.3163572632986191	-1.3163572632986171
K00595	1.6371789320764525	-1.6371789320764498
K00598	-0.6959390989063843	0.6959390989063827
K00600	0.8029458486198369	-0.802945848619836
K00602	1.7878292092169814	-1.787829209216979
K00604	0.8028430099819358	-0.8028430099819353
K00605	0.35774201176430015	-0.35774201176429987
K00606	1.0622093126301424	-1.0622093126301408
K00609	-1.701349615180204	1.701349615180201
K00610	1.2045633949655008	-1.204563394965499
K00611	1.2471758307474128	-1.2471758307474115
K00613	1.3171969136840793	-1.3171969136840775
K00615	1.0798424016015784	-1.079842401601577
K00616	-1.7568874574980664	1.7568874574980635
K00620	0.19499887235052046	-0.19499887235052016
K00625	0.3032694282830974	-0.30326942828309694
K00626	0.6819955532782183	-0.6819955532782177
K00627	0.22939994546116135	-0.22939994546116146
K00631	-1.196193143988946	1.1961931439889437
K00632	-1.0970196094818074	1.0970196094818052
K00633	-1.314782238698546	1.3147822386985435
K00634	1.2925044447240053	-1.292504444724004
K00638	0.11769680358771627	-0.11769680358771681
K00639	-0.9055913077962208	0.9055913077962189
K00640	0.6064717887620917	-0.606471788762091
K00641	0.23013235313805874	-0.23013235313805885
K00645	1.5095148511579086	-1.5095148511579068
K00647	-0.3821750878461133	0.3821750878461125
K00648	0.8412369993207363	-0.8412369993207351
K00651	-1.6193478214998314	1.6193478214998283
K00652	0.019264981492856926	-0.01926498149285737
K00655	0.6383303399438355	-0.6383303399438349
K00656	0.8656057164123723	-0.8656057164123709
K00657	-0.5239258448760149	0.5239258448760136
K00658	1.106171431103595	-1.106171431103594
K00661	-0.3560323988188035	0.35603239881880244
K00662	0.12177536292957766	-0.12177536292957747
K00666	0.9455292347865236	-0.9455292347865227
K00673	-0.6220482749607587	0.6220482749607572
K00674	-1.3597874620280128	1.3597874620280102
K00675	-1.9636436155249455	1.9636436155249422
K00677	-0.3379336186433006	0.33793361864329985
K00681	0.8853069230821713	-0.8853069230821704
K00684	1.0662652736397684	-1.0662652736397673
K00687	0.4651234986924707	-0.4651234986924707
K00688	0.8097140242393139	-0.8097140242393132
K00690	-1.9623488795075759	1.9623488795075725
K00691	1.2247165419372643	-1.2247165419372628
K00694	0.3272738301289682	-0.32727383012896794
K00697	0.8643876564991505	-0.8643876564991498
K00700	0.22718961815306338	-0.2271896181530635
K00702	0.04706145594673625	-0.047061455946736414
K00703	1.3258859106637548	-1.3258859106637528
K00705	-1.5177221657525704	1.5177221657525672
K00712	-0.8564658342638342	0.8564658342638324
K00728	-0.23909011322874296	0.2390901132287426
K00748	0.41377432938053677	-0.4137743293805361
K00756	0.5336373907996329	-0.5336373907996326
K00757	-0.6910786673618426	0.6910786673618413
K00758	-0.31651101169350365	0.31651101169350293
K00759	0.9093516207120315	-0.9093516207120308
K00760	-0.7222908673341729	0.7222908673341716
K00761	0.4468581235814554	-0.4468581235814547
K00762	1.0816051359597953	-1.0816051359597942
K00763	-0.7940657266829465	0.7940657266829451
K00764	1.3448841517070296	-1.3448841517070278
K00765	0.44594171945684485	-0.44594171945684485
K00766	0.4894753652325532	-0.48947536523255286
K00767	1.314781910886723	-1.314781910886721
K00768	-0.33384034634892723	0.33384034634892623
K00769	-2.2485683339102023	2.2485683339101996
K00772	-1.0091881786099202	1.0091881786099184
K00773	0.8272270453708115	-0.8272270453708107
K00782	0.5310096888937944	-0.5310096888937939
K00783	-0.3429926362127168	0.34299263621271603
K00784	1.038417548338167	-1.0384175483381657
K00786	-0.34793723121393494	0.34793723121393416
K00788	1.3629190209951274	-1.3629190209951259
K00789	0.7431750372674416	-0.7431750372674407
K00790	0.22379504013542922	-0.2237950401354291
K00791	0.546266931981635	-0.5462669319816343
K00793	0.9865385826878935	-0.9865385826878922
K00794	1.0919948839496119	-1.0919948839496105
K00795	-1.5121332142073023	1.5121332142072996
K00796	-0.9974040380432032	0.9974040380432014
K00797	0.35788420704052615	-0.3578842070405256
K00798	0.0010536756096116478	-0.0010536756096116463
K00799	-1.2882753971309795	1.2882753971309773
K00800	1.128655962127401	-1.1286559621274
K00801	1.5108401323449994	-1.5108401323449974
K00803	-0.48712492641374816	0.48712492641374694
K00805	1.3733849269028304	-1.3733849269028284
K00806	1.3249382392394846	-1.3249382392394835
K00812	-0.15105540938597486	0.15105540938597417
K00813	-0.30529012332826505	0.30529012332826433
K00817	-1.644076007668947	1.644076007668944
K00820	-1.3384034678495602	1.338403467849558
K00821	-0.2647948685433522	0.2647948685433516
K00823	-1.394908773070941	1.3949087730709386
K00824	0.4711636555908509	-0.4711636555908504
K00826	1.5481305836085346	-1.548130583608532
K00831	0.34977891661157884	-0.3497789166115783
K00832	-2.0102736018512077	2.010273601851204
K00833	0.4868060691404951	-0.4868060691404951
K00835	-1.4018848963188673	1.4018848963188648
K00836	-1.7621015290068474	1.7621015290068442
K00839	0.08094840951541864	-0.08094840951541875
K00840	-0.3463744918926923	0.34637449189269154
K00841	-0.42801955855289486	0.4280195585528939
K00845	-1.2290833511098507	1.2290833511098482
K00847	0.5899306388162197	-0.589930638816219
K00848	1.5827483990240454	-1.5827483990240432
K00849	-0.8192041966881232	0.8192041966881217
K00850	-0.1323887683119181	0.13238876831191743
K00851	-1.9075486700114082	1.907548670011405
K00852	-2.121353927536808	2.121353927536804
K00853	-0.45833020781119244	0.4583302078111912
K00854	1.1730440725663875	-1.1730440725663862
K00855	0.3319620739318376	-0.331962073931837
K00857	0.7067546698089879	-0.7067546698089875
K00858	0.4200110209888679	-0.42001102098886745
K00859	-2.0666561952133726	2.0666561952133686
K00860	1.6539256561222675	-1.6539256561222655
K00863	-0.44808845160447236	0.4480884516044712
K00864	-1.0328489159844976	1.0328489159844958
K00865	-1.0443232918945087	1.044323291894507
K00867	-0.07941725622265389	0.07941725622265353
K00868	-0.1292949070707639	0.129294907070763
K00869	0.8427873777185213	-0.8427873777185203
K00872	0.5531919245815655	-0.5531919245815651
K00873	-0.898880415422336	0.8988804154223341
K00874	-0.7112304630043619	0.7112304630043605
K00875	-1.7584518967304372	1.7584518967304337
K00876	-0.15490747179491182	0.15490747179491157
K00878	-0.7580863187546611	0.7580863187546595
K00879	0.0014731235007168402	-0.0014731235007168378
K00880	-0.5413803310077883	0.5413803310077869
K00881	-1.0216157421002503	1.021615742100248
K00882	1.4475428578885292	-1.4475428578885274
K00883	-1.1243141211109384	1.1243141211109364
K00884	-0.26992543020009746	0.26992543020009685
K00885	0.2544355353372692	-0.2544355353372693
K00886	-1.0231313562003705	1.0231313562003685
K00891	1.345029880823901	-1.3450298808238994
K00892	-0.3354379776082221	0.3354379776082211
K00899	0.7529104121940838	-0.7529104121940834
K00901	1.0955623370811616	-1.0955623370811607
K00906	0.9483363640049655	-0.9483363640049643
K00912	-0.557145348954277	0.5571453489542759
K00917	-1.2800147625142777	1.2800147625142753
K00919	-1.351486398398126	1.3514863983981233
K00925	-0.1896478607534283	0.18964786075342777
K00926	1.2902918052920689	-1.2902918052920669
K00927	0.8278287080138617	-0.8278287080138609
K00928	-0.0868038308074599	0.08680383080745906
K00929	-1.038447317534761	1.0384473175347593
K00930	-1.3851361130258726	1.3851361130258701
K00931	0.18593820016812762	-0.1859382001681276
K00932	-1.6993323579835724	1.699332357983569
K00936	-1.6697437935071886	1.6697437935071857
K00937	-0.1568007537554788	0.15680075375547808
K00938	1.6320322664352267	-1.6320322664352254
K00939	-1.0372663582657191	1.0372663582657173
K00940	0.6003753118705534	-0.6003753118705529
K00941	-0.4173565991219405	0.4173565991219396
K00942	0.39870551279341526	-0.3987055127934149
K00943	-1.9097925687606125	1.9097925687606092
K00945	0.028182150268948842	-0.028182150268949272
K00946	1.2419483809556129	-1.2419483809556109
K00948	-0.6983058675606338	0.6983058675606325
K00949	1.178743822081561	-1.17874382208156
K00950	0.9290692777919864	-0.9290692777919858
K00951	0.8462118562629708	-0.8462118562629698
K00954	-0.6159310051791645	0.6159310051791634
K00955	-0.8115280455208541	0.8115280455208524
K00956	1.584969205588686	-1.584969205588684
K00957	1.0719519124495023	-1.071951912449501
K00962	1.0974279384317969	-1.0974279384317955
K00963	0.42986890780845705	-0.4298689078084571
K00965	-1.4169552727449193	1.4169552727449168
K00966	0.8124856256837211	-0.8124856256837204
K00968	0.2409284273257845	-0.24092842732578437
K00969	-0.44260790962607977	0.4426079096260788
K00970	-1.7232795895681685	1.7232795895681652
K00971	1.658974193031791	-1.6589741930317892
K00973	1.6327700146672157	-1.632770014667214
K00974	-1.907139374107701	1.9071393741076978
K00975	1.3189783859653437	-1.318978385965342
K00978	1.5093091535732976	-1.509309153573296
K00979	-1.1672229801605676	1.1672229801605656
K00980	1.381866835108167	-1.3818668351081653
K00981	0.445618185619213	-0.4456181856192128
K00982	-0.8796631934966893	0.8796631934966876
K00983	-0.3837792430101104	0.38377924301010935
K00986	0.1325005882304458	-0.13250058823044583
K00989	0.32965089309106654	-0.32965089309106604
K00990	-0.22911104808348645	0.22911104808348562
K00991	-1.2664866481424224	1.2664866481424202
K00995	-0.2031385247704885	0.20313852477048747
K00996	-1.3004873292629462	1.300487329262944
K00997	-1.3698031252142986	1.3698031252142964
K00998	-0.7680955095360333	0.7680955095360319
K01000	-0.17882177425736648	0.17882177425736573
K01002	0.671312252763815	-0.6713122527638142
K01006	0.7088544210780122	-0.7088544210780113
K01007	-0.3596145876817733	0.3596145876817725
K01008	1.5091929917955016	-1.5091929917954992
K01011	-0.19320861151983232	0.19320861151983176
K01012	1.2666678563924767	-1.2666678563924754
K01023	1.6250193697158941	-1.6250193697158923
K01026	0.8496811072343637	-0.849681107234363
K01031	-1.5955558794555025	1.5955558794554998
K01032	-0.9952545685422073	0.9952545685422055
K01034	0.08099742862376824	-0.08099742862376859
K01035	-0.6992146082833894	0.6992146082833879
K01042	0.07431531563126158	-0.07431531563126194
K01048	-1.101552185440595	1.1015521854405927
K01051	0.04053212080807594	-0.040532120808075875
K01053	0.8463550634559818	-0.846355063455981
K01055	-0.568816092788672	0.5688160927886706
K01056	1.599555390130389	-1.599555390130387
K01057	0.2971917867026709	-0.29719178670267044
K01058	0.3342818683749531	-0.33428186837495305
K01060	-0.6615422092468075	0.6615422092468063
K01061	-0.5561153507619494	0.5561153507619483
K01066	0.8320046529355395	-0.832004652935539
K01069	0.182714565837939	-0.18271456583793944
K01070	0.3987516977523035	-0.3987516977523036
K01071	-0.5355332050991991	0.5355332050991978
K01077	-0.9937929010108123	0.9937929010108105
K01079	-2.046978241036199	2.046978241036195
K01081	0.440612335022053	-0.4406123350220528
K01082	0.3212191731607996	-0.32121917316079934
K01085	-1.977760608118657	1.9777606081186534
K01087	0.5115046795193949	-0.5115046795193942
K01089	-0.18374188057570612	0.1837418805757056
K01091	-0.31497004338837836	0.3149700433883774
K01092	-1.0168889435743567	1.0168889435743547
K01093	0.36160884503538926	-0.3616088450353889
K01095	-0.18668325551477782	0.1866832555147773
K01096	0.5050899337401434	-0.5050899337401427
K01101	-0.6975399394299099	0.6975399394299086
K01104	-0.15893913077462957	0.15893913077462885
K01114	1.3519697867990719	-1.35196978679907
K01118	-0.7287746220580571	0.7287746220580554
K01119	0.5765043471381954	-0.5765043471381951
K01126	0.8952888291064294	-0.8952888291064288
K01129	-1.2301392831271112	1.230139283127109
K01130	1.3481304591334993	-1.3481304591334975
K01133	0.020197035407277495	-0.020197035407277464
K01138	-0.39629069233213643	0.3962906923321356
K01139	-0.7194254872912909	0.7194254872912895
K01141	-1.1207092378871542	1.1207092378871522
K01142	1.4815603968374358	-1.4815603968374345
K01143	-1.4586397500101265	1.4586397500101238
K01144	0.9059381728602629	-0.9059381728602621
K01146	-0.9503899257040476	0.9503899257040457
K01147	-0.5619734740258455	0.5619734740258444
K01150	-1.3358071824817224	1.33580718248172
K01151	-0.10571285102214581	0.10571285102214541
K01153	-0.20350776948385352	0.20350776948385296
K01154	-2.109419338082118	2.109419338082114
K01155	0.7498763986257748	-0.7498763986257738
K01159	-1.85608627191236	1.856086271912357
K01160	0.20495889033026693	-0.2049588903302671
K01163	1.5292457151794465	-1.5292457151794445
K01169	-0.5074598885795832	0.507459888579582
K01173	1.5443019115233212	-1.5443019115233192
K01174	0.3546703784464367	-0.3546703784464364
K01175	-1.560823038124939	1.560823038124936
K01176	0.576544661154029	-0.5765446611540286
K01179	0.24518915977960826	-0.24518915977960812
K01182	1.6973619925042704	-1.6973619925042678
K01183	0.8128880287976112	-0.8128880287976107
K01185	1.1730024498321552	-1.1730024498321534
K01186	-0.4218969717105543	0.4218969717105531
K01187	-0.35743814988104455	0.3574381498810438
K01190	0.6009175073453635	-0.6009175073453631
K01191	-0.2789277434956905	0.27892774349568983
K01192	-0.9916906095605739	0.9916906095605722
K01193	0.18492868975698243	-0.18492868975698262
K01194	0.5170498096816726	-0.5170498096816719
K01195	0.8838797340362996	-0.8838797340362987
K01197	-1.1943917853564259	1.1943917853564237
K01198	0.4595932531298269	-0.4595932531298267
K01200	1.3447643315462192	-1.3447643315462177
K01201	0.3230838893199118	-0.3230838893199113
K01205	1.0741800327435833	-1.0741800327435822
K01206	1.6273908201760703	-1.6273908201760683
K01207	-0.2893556596749756	0.2893556596749747
K01208	1.1506447887330624	-1.150644788733061
K01209	1.6888831196530574	-1.6888831196530556
K01210	0.616149797378379	-0.6161497973783786
K01214	0.44034802753899377	-0.4403480275389931
K01215	0.9660823664919319	-0.9660823664919311
K01220	-0.35827963758276693	0.3582796375827659
K01222	-1.3229734169167937	1.3229734169167915
K01223	0.38033922282727994	-0.38033922282727983
K01224	0.41935635998770376	-0.4193563599877038
K01226	-1.6628567797509466	1.6628567797509437
K01232	-0.5448308053319001	0.5448308053318988
K01239	-0.47020562631072677	0.47020562631072577
K01241	-0.201955185998076	0.20195518599807544
K01243	1.4576040816109783	-1.4576040816109765
K01246	-1.0337450926860978	1.033745092686096
K01247	-0.7089151181089605	0.7089151181089592
K01250	-2.078929973107032	2.0789299731070274
K01251	-1.5336103955065619	1.5336103955065592
K01252	-1.5338344010212206	1.533834401021218
K01255	0.04151444873434351	-0.04151444873434368
K01256	1.2733033119244748	-1.2733033119244728
K01258	0.28460924128425086	-0.28460924128425086
K01259	0.3983849434056707	-0.3983849434056703
K01261	0.9400975554386639	-0.940097555438663
K01262	0.6282748670467709	-0.6282748670467707
K01265	-1.4699935783687876	1.4699935783687847
K01266	1.2822926623500905	-1.2822926623500885
K01267	0.6550215333140672	-0.6550215333140667
K01270	1.2530973182587262	-1.2530973182587248
K01271	-1.1551562717469117	1.1551562717469095
K01273	-0.5482434366546934	0.5482434366546921
K01277	0.14401758513710125	-0.14401758513710128
K01278	-0.07213303267950981	0.07213303267950946
K01281	0.036127611020740254	-0.03612761102074068
K01284	-0.44870402199578396	0.4487040219957831
K01286	0.0617511725771793	-0.061751172577179436
K01297	0.4019467407311671	-0.4019467407311667
K01299	0.4835465933381924	-0.4835465933381919
K01304	-0.40494438400500754	0.4049443840050067
K01305	-1.3622311351867027	1.3622311351867002
K01338	0.4430302205805707	-0.44303022058057046
K01354	-1.0564721015103011	1.0564721015102991
K01355	0.692820480881661	-0.6928204808816603
K01356	0.31017066390746195	-0.31017066390746145
K01358	-2.2478158900480505	2.2478158900480474
K01372	-0.5120537292732131	0.5120537292732121
K01407	-0.211577803486659	0.2115778034866582
K01409	0.895537701528376	-0.895537701528375
K01414	-0.784909103956718	0.7849091039567165
K01419	-1.5335336351032893	1.5335336351032867
K01420	-1.2716575114473172	1.271657511447315
K01421	-1.5471633023482745	1.5471633023482718
K01424	0.06689759567225813	-0.06689759567225849
K01425	0.23431661817726804	-0.23431661817726815
K01426	-1.8419008960426484	1.8419008960426453
K01428	-0.813998273562635	0.8139982735626333
K01429	-0.8002954601504457	0.8002954601504443
K01430	0.47519314125938206	-0.4751931412593816
K01433	-1.100643480618085	1.100643480618083
K01436	-2.3951121379419464	2.395112137941943
K01438	1.4468268685817718	-1.4468268685817693
K01439	-0.16920662723627716	0.16920662723627644
K01442	1.3241959173852196	-1.3241959173852178
K01443	1.2197172289754963	-1.2197172289754947
K01444	0.013367471217191004	-0.013367471217191456
K01447	1.1541495077767987	-1.1541495077767971
K01448	1.267578727586804	-1.2675787275868025
K01449	-0.8835848037387212	0.8835848037387195
K01451	0.1948650672327697	-0.1948650672327694
K01457	1.0159742964467744	-1.0159742964467728
K01460	-1.5567356809593493	1.5567356809593462
K01462	-0.4070968913697084	0.4070968913697075
K01464	0.832662858989489	-0.8326628589894882
K01465	-1.5899432028879716	1.589943202887969
K01466	0.6228443788511342	-0.6228443788511336
K01467	-0.6314064949073825	0.6314064949073811
K01468	1.3133052941672612	-1.3133052941672598
K01470	0.2722021466807341	-0.27220214668073367
K01476	-2.1181196347566633	2.1181196347566593
K01478	-1.4793342367467988	1.4793342367467959
K01479	-1.525109463377224	1.5251094633772215
K01480	1.2276052052900706	-1.227605205290069
K01482	0.9695762443018754	-0.9695762443018741
K01483	-1.0897061881763832	1.0897061881763814
K01484	-1.0812998615885314	1.0812998615885296
K01485	0.2602595962882464	-0.260259596288246
K01486	0.8869545642844109	-0.8869545642844099
K01487	1.0960934975938077	-1.0960934975938064
K01488	0.8841126437741075	-0.8841126437741064
K01489	-0.4626225948411488	0.46262259484114787
K01491	-0.7142976303295211	0.7142976303295198
K01493	0.2548969695276736	-0.25489696952767393
K01494	-0.4900244799763528	0.49002447997635157
K01495	-0.7313364294482206	0.7313364294482193
K01496	-1.190896164387691	1.1908961643876887
K01497	-0.204012782605722	0.20401278260572123
K01501	0.8171583913490635	-0.8171583913490629
K01507	-1.9786822391068635	1.9786822391068604
K01512	0.8849256218432827	-0.8849256218432816
K01515	0.09818960247843497	-0.09818960247843529
K01520	-0.5956648969771019	0.5956648969771005
K01521	-0.514524160325439	0.5145241603254378
K01523	-0.7651932338863305	0.7651932338863292
K01524	-0.9646535435433298	0.9646535435433281
K01525	-1.754288538237778	1.7542885382377749
K01531	0.7053767879879829	-0.7053767879879823
K01533	0.7524582970866951	-0.7524582970866944
K01534	0.038825793163924135	-0.03882579316392455
K01537	1.6059035652534779	-1.6059035652534754
K01539	0.8139511200447236	-0.8139511200447229
K01546	0.8034596681711282	-0.8034596681711271
K01547	1.6456202297863547	-1.645620229786353
K01548	1.148650717197084	-1.1486507171970826
K01551	-2.164276538030382	2.164276538030378
K01560	-0.31540083349120085	0.3154008334911999
K01567	-0.8754597142505257	0.8754597142505242
K01571	1.4186415774027648	-1.4186415774027632
K01572	-0.21531085938130778	0.21531085938130745
K01575	-0.10699440835635363	0.10699440835635322
K01577	0.5384458600821569	-0.5384458600821562
K01579	1.188475729292865	-1.1884757292928632
K01580	1.021465680194711	-1.02146568019471
K01581	-1.3234318494675197	1.323431849467517
K01582	-1.2532244942040571	1.2532244942040551
K01584	1.5745936062345693	-1.5745936062345671
K01585	1.404152735298401	-1.4041527352983996
K01586	0.6101407632011439	-0.6101407632011434
K01588	0.14517685180987538	-0.14517685180987563
K01589	0.7487484399625984	-0.748748439962598
K01590	1.3394530559109188	-1.339453055910917
K01591	0.43962825560706864	-0.4396282556070684
K01595	-1.104206190529275	1.1042061905292728
K01596	0.9458824893607929	-0.9458824893607918
K01597	1.3241725131651425	-1.3241725131651403
K01598	-0.7036226718323566	0.7036226718323553
K01599	-0.7776169780894862	0.7776169780894847
K01607	0.8200101744453463	-0.8200101744453457
K01608	-1.3791955125903272	1.3791955125903244
K01609	1.193745251333745	-1.1937452513337434
K01610	-0.2757221879081661	0.27572218790816566
K01611	-0.9325227223621113	0.9325227223621096
K01612	-0.41887914642097074	0.41887914642096963
K01613	1.2587709787059058	-1.2587709787059043
K01615	-0.11952251918160788	0.1195225191816077
K01619	0.4656288626756059	-0.46562886267560566
K01620	0.7963830828949743	-0.7963830828949735
K01621	-0.5134972566521627	0.5134972566521617
K01623	1.199542883869398	-1.1995428838693967
K01624	1.1097945263387703	-1.109794526338769
K01625	1.2386138510698796	-1.238613851069878
K01626	1.5607032750854681	-1.5607032750854664
K01627	0.16133686333647965	-0.16133686333647962
K01628	1.3172638152596192	-1.3172638152596174
K01629	1.0096197993770752	-1.0096197993770741
K01630	-0.9751397777383533	0.9751397777383515
K01631	-0.8182698701171127	0.8182698701171113
K01633	-0.9283005057092146	0.928300505709213
K01635	-1.8880008101767198	1.8880008101767165
K01637	0.7481113966771524	-0.7481113966771515
K01638	-2.005420727391155	2.0054207273911513
K01639	0.9567576377714602	-0.9567576377714595
K01640	1.1803260600295005	-1.1803260600294991
K01641	1.0981158262911268	-1.0981158262911253
K01643	0.07798334357934224	-0.07798334357934236
K01644	-1.2779695667234736	1.2779695667234714
K01646	0.826966901727264	-0.8269669017272627
K01647	-0.049414791808771875	0.04941479180877156
K01649	0.9312514952569139	-0.9312514952569128
K01652	-0.4318558764072931	0.43185587640729217
K01653	0.5500328446753618	-0.5500328446753612
K01654	0.5472061408857668	-0.5472061408857664
K01657	1.0319748336868888	-1.0319748336868877
K01658	-0.1540562220983225	0.15405622209832204
K01659	-1.5111619955047697	1.511161995504767
K01661	-1.18158372149906	1.1815837214990579
K01662	0.8265317298625109	-0.82653172986251
K01664	-1.70759460688989	1.707594606889887
K01665	1.057928452874188	-1.0579284528741866
K01666	0.7880437184291447	-0.7880437184291439
K01667	1.1428287149218943	-1.1428287149218932
K01669	1.003380932388891	-1.0033809323888898
K01671	-1.9881159503396588	1.9881159503396553
K01673	-2.0473822951322918	2.047382295132289
K01674	1.2566157946898866	-1.2566157946898853
K01676	-0.031134513344524585	0.0311345133445243
K01677	1.1098864513884128	-1.109886451388412
K01678	1.1783684153463783	-1.178368415346377
K01679	-1.9551499500854241	1.9551499500854204
K01681	0.8915895354623244	-0.8915895354623233
K01682	0.1455237498770211	-0.14552374987702135
K01684	-0.5054214712340153	0.505421471234014
K01685	-1.3554385913621612	1.3554385913621587
K01686	-0.5461563146243779	0.5461563146243767
K01687	0.025214621736229608	-0.025214621736229806
K01689	0.6956881484336834	-0.6956881484336824
K01690	-1.2540128309323824	1.2540128309323801
K01693	-1.1382202615200498	1.1382202615200478
K01695	1.3466454612931942	-1.3466454612931922
K01696	-0.6701442770989301	0.6701442770989287
K01697	-0.7926763216669256	0.7926763216669238
K01698	-1.280675737005689	1.2806757370056867
K01699	-1.6078683547773382	1.6078683547773354
K01703	0.04403431211811931	-0.04403431211811948
K01704	0.7283104850102944	-0.7283104850102935
K01706	-0.9528716775014965	0.9528716775014948
K01708	-0.9960739845658878	0.996073984565886
K01709	1.3271062393545947	-1.3271062393545932
K01710	1.62346067810601	-1.6234606781060077
K01711	0.7729998707677489	-0.7729998707677482
K01712	0.08681522935035531	-0.08681522935035542
K01713	-0.9896099937563296	0.9896099937563279
K01714	0.8269235827322332	-0.8269235827322324
K01715	1.0650826589766	-1.065082658976599
K01716	-1.7052870153478645	1.7052870153478614
K01719	1.3083339471595725	-1.308333947159571
K01720	0.22024807733458995	-0.22024807733458984
K01727	0.03003108005087519	-0.030031080050875854
K01728	-0.23657855973447994	0.23657855973447936
K01730	0.5003277214939919	-0.5003277214939916
K01731	-0.3334545482221877	0.3334545482221867
K01733	-0.5192340638600518	0.5192340638600508
K01734	0.13560955904815375	-0.13560955904815425
K01735	-0.26234883075556775	0.26234883075556714
K01736	-1.4359464162944984	1.435946416294496
K01737	-0.38794741846235165	0.3879474184623508
K01738	1.3331752661397203	-1.3331752661397185
K01739	0.1643380696967102	-0.16433806969670994
K01740	-0.661110526677704	0.6611105266777024
K01744	-0.7334938868215048	0.7334938868215032
K01745	0.706184411919091	-0.7061844119190902
K01749	0.4354275708434744	-0.4354275708434742
K01750	0.17661445405620746	-0.17661445405620788
K01751	-1.1430167090327445	1.1430167090327426
K01752	1.2818426821631768	-1.2818426821631754
K01753	0.6651749575696686	-0.6651749575696676
K01754	-1.428332946465663	1.4283329464656602
K01755	0.6233110091801565	-0.623311009180156
K01756	-0.7186929049258275	0.7186929049258262
K01758	-1.0751460230187493	1.075146023018747
K01759	0.20376493858067335	-0.20376493858067352
K01760	-0.784660176295556	0.7846601762955543
K01766	0.17922393414050375	-0.17922393414050372
K01768	-0.8215980984282252	0.8215980984282237
K01770	0.6257520724991417	-0.6257520724991412
K01772	-0.41523150797996333	0.41523150797996244
K01775	-0.03658194105761649	0.03658194105761595
K01776	-1.0451946676547959	1.045194667654794
K01777	0.70557584957332	-0.7055758495733193
K01778	1.3960277126774943	-1.3960277126774927
K01779	0.2715299652672807	-0.27152996526728074
K01782	-0.8872891070831816	0.88728910708318
K01783	1.7355896583686972	-1.7355896583686943
K01784	0.5179011493308742	-0.5179011493308734
K01785	-0.5241898520578167	0.5241898520578157
K01787	0.3689100761371865	-0.3689100761371862
K01788	-0.0866474216663949	0.0866474216663943
K01790	0.3904139002844171	-0.3904139002844172
K01791	1.4738697220553643	-1.473869722055362
K01792	0.9582105418680813	-0.9582105418680803
K01801	0.24647317143294434	-0.24647317143294398
K01802	0.6839770646251142	-0.6839770646251137
K01803	1.4652361319112	-1.4652361319111977
K01804	-1.5239238884589204	1.523923888458918
K01805	0.888711887082155	-0.8887118870821538
K01807	-1.8575340082262795	1.8575340082262761
K01808	0.3472045331019399	-0.3472045331019394
K01809	0.14058626129849072	-0.14058626129849075
K01810	-0.33538095149871616	0.33538095149871516
K01811	1.0719973649890162	-1.0719973649890144
K01812	1.1899585581060712	-1.1899585581060699
K01813	1.5993670204062604	-1.5993670204062587
K01814	0.7907613589605967	-0.7907613589605961
K01815	0.39430705505991065	-0.39430705505991004
K01816	-0.8859203216166948	0.8859203216166931
K01817	-0.2911857536302121	0.29118575363021093
K01818	1.273791995204851	-1.2737919952048498
K01819	-0.30063066156593726	0.3006306615659361
K01821	-1.3157905841764543	1.3157905841764521
K01823	-0.5141519895617639	0.5141519895617629
K01825	0.42516648257794976	-0.4251664825779493
K01826	-1.0013553312166523	1.0013553312166503
K01834	0.10687795192149155	-0.10687795192149162
K01835	0.17354358670318434	-0.17354358670318407
K01838	-0.7343276162877157	0.734327616287714
K01839	0.507398833064771	-0.5073988330647706
K01840	-0.8236513603711745	0.8236513603711727
K01843	-0.6345249688922654	0.634524968892264
K01844	1.086511551698388	-1.0865115516983868
K01845	-1.4576537760567947	1.457653776056792
K01846	0.6798786602893184	-0.6798786602893179
K01847	0.2060294021914177	-0.20602940219141785
K01848	-0.7625549962287608	0.7625549962287591
K01849	-1.579659613062045	1.5796596130620424
K01854	-1.3411243303030587	1.3411243303030564
K01857	-1.7505768124698957	1.7505768124698926
K01858	1.691514226518291	-1.6915142265182894
K01866	1.1508345038032637	-1.1508345038032624
K01867	0.5880858861098242	-0.5880858861098235
K01868	-1.6997126924236707	1.6997126924236676
K01869	-0.20894647624361562	0.20894647624361484
K01870	0.9460029230803086	-0.9460029230803078
K01872	0.5140156027055051	-0.5140156027055043
K01873	1.3757128947530364	-1.375712894753035
K01874	1.071452693612341	-1.0714526936123399
K01875	-1.2856098023187656	1.2856098023187637
K01876	1.0151264216779448	-1.0151264216779436
K01878	-0.9584733647799896	0.9584733647799879
K01879	0.41685623165217045	-0.4168562316521703
K01880	-0.7689802422933653	0.7689802422933636
K01881	-0.5486244922538217	0.5486244922538206
K01883	1.0053794859806722	-1.0053794859806713
K01885	0.13699350398164262	-0.1369935039816424
K01886	0.581176417142106	-0.5811764171421053
K01887	1.1422345331131676	-1.1422345331131665
K01889	-1.1794795149233568	1.1794795149233548
K01890	1.2536426165095822	-1.2536426165095809
K01892	0.9936656223399453	-0.993665622339944
K01893	1.6951085314232512	-1.695108531423249
K01894	-1.5412281277511743	1.541228127751172
K01895	-0.08818468452694457	0.0881846845269442
K01897	-1.8126343532382418	1.8126343532382383
K01902	-0.8640707078177131	0.8640707078177112
K01903	1.0001080264836033	-1.0001080264836018
K01905	1.1121532239006435	-1.1121532239006422
K01908	-0.40829867553639254	0.40829867553639165
K01910	-0.15881251306575664	0.15881251306575592
K01911	0.7674891340288872	-0.7674891340288863
K01912	-1.2079182819370629	1.2079182819370609
K01914	0.6382241120676858	-0.6382241120676853
K01915	1.3081912706769614	-1.3081912706769598
K01916	-0.3586336414176259	0.35863364141762505
K01918	1.5577669485801322	-1.5577669485801307
K01919	-1.7466544793483334	1.7466544793483303
K01920	-0.567867738725917	0.5678677387259157
K01921	-0.4219077339038582	0.42190773390385705
K01923	0.6939773106086236	-0.6939773106086228
K01924	0.25087496633182843	-0.25087496633182826
K01925	0.12728562536106156	-0.12728562536106183
K01926	-0.17794438162741863	0.17794438162741788
K01928	-0.983844079882427	0.983844079882425
K01929	-0.9003515402398207	0.9003515402398189
K01933	1.5325693169896315	-1.5325693169896295
K01934	1.227197700089686	-1.227197700089685
K01935	-0.25584518944252804	0.25584518944252765
K01937	-1.8538421921714017	1.8538421921713983
K01938	0.7141375507878629	-0.714137550787862
K01939	1.3380180395215537	-1.3380180395215524
K01940	0.6737973507114893	-0.6737973507114884
K01941	-1.2859244270956116	1.2859244270956092
K01945	1.376286755246322	-1.3762867552463205
K01950	1.416941495321866	-1.416941495321864
K01951	0.5111558281864983	-0.511155828186498
K01952	0.5798457687167639	-0.5798457687167634
K01953	0.8689213749505209	-0.8689213749505199
K01955	1.7021923656981164	-1.7021923656981142
K01956	-0.4014254428988747	0.4014254428988739
K01958	-1.4687477574492411	1.4687477574492387
K01960	0.6406069359921464	-0.6406069359921458
K01961	1.2512014832136356	-1.2512014832136342
K01962	1.109047254089183	-1.1090472540891818
K01963	-0.010808993504055075	0.010808993504054348
K01966	0.9125759446703423	-0.9125759446703411
K01972	-0.8624712159067395	0.8624712159067377
K01974	-0.713148041938775	0.7131480419387737
K01975	-0.05747784544465893	0.05747784544465813
K01989	-0.021744073666962845	0.02174407366696234
K01990	0.5134719778313048	-0.5134719778313045
K01991	1.299334688427675	-1.2993346884276735
K01992	1.5346845929505384	-1.534684592950537
K01993	1.5076750728012824	-1.507675072801281
K01995	0.26379612198784574	-0.263796121987846
K01996	1.0477245776702635	-1.0477245776702628
K01997	-0.5239925373600176	0.5239925373600166
K01998	-0.8252870718084164	0.8252870718084147
K01999	0.012749430206608108	-0.0127494302066088
K02000	-0.7644055851268066	0.7644055851268051
K02001	0.2455491674952498	-0.24554916749524966
K02002	-0.43985921213789236	0.4398592121378912
K02003	0.5343024486985535	-0.5343024486985529
K02004	0.9996466974291641	-0.9996466974291631
K02005	0.3192397858983694	-0.3192397858983694
K02006	-1.3051668064094024	1.3051668064094002
K02007	1.4835544611227673	-1.483554461122765
K02008	-0.46465224545719924	0.464652245457198
K02009	0.422441575964354	-0.42244157596435383
K02010	1.3627841574012285	-1.362784157401227
K02011	0.3538417775162873	-0.35384177751628704
K02012	0.1543408393192581	-0.15434083931925807
K02013	0.6079909761646402	-0.6079909761646397
K02014	-0.8242189320096	0.8242189320095983
K02015	-1.0192002799240993	1.0192002799240976
K02016	-2.1326307789443635	2.1326307789443604
K02017	0.5693465937518017	-0.5693465937518015
K02018	0.6922162581260007	-0.6922162581260001
K02019	0.36669672949851106	-0.36669672949851123
K02020	-1.7718771687027128	1.7718771687027097
K02024	-0.7005223360801713	0.70052233608017
K02025	0.2697817667912567	-0.26978176679125704
K02026	0.3509891525962241	-0.35098915259622376
K02027	-0.9870507342717789	0.9870507342717769
K02028	0.9561983871423598	-0.956198387142359
K02029	0.5164998929451349	-0.5164998929451343
K02030	-1.396008867287466	1.3960088672874638
K02031	-1.9253383667356372	1.9253383667356336
K02032	-2.1660937026887277	2.1660937026887237
K02033	-1.7916227029165366	1.7916227029165332
K02034	-1.225734326931232	1.22573432693123
K02035	-0.4614428306624994	0.46144283066249847
K02036	1.2288565301131988	-1.228856530113198
K02037	-0.940260523530803	0.9402605235308011
K02038	-0.853343893041364	0.8533438930413622
K02039	0.4634446340952559	-0.46344463409525544
K02040	0.8789737183003412	-0.8789737183003401
K02041	0.7919825290543094	-0.7919825290543087
K02042	-0.9490247014376197	0.9490247014376179
K02043	-1.4836658934210134	1.483665893421011
K02044	0.3231305880232346	-0.3231305880232345
K02045	-0.8406165295612604	0.8406165295612587
K02046	0.7793725051878918	-0.7793725051878911
K02047	1.4985117070145604	-1.4985117070145588
K02048	0.535546484509974	-0.5355464845099731
K02049	0.6667718564739294	-0.6667718564739292
K02050	-0.5390480079863605	0.5390480079863593
K02051	1.5475411145888216	-1.5475411145888196
K02052	0.6957573280940039	-0.6957573280940031
K02053	-1.8454951434178901	1.8454951434178868
K02054	-0.41249137882684705	0.41249137882684617
K02055	-1.8783867785224375	1.8783867785224342
K02056	-0.3345693730809214	0.3345693730809204
K02057	1.058635167220353	-1.0586351672203516
K02058	-0.5483190341955784	0.548319034195577
K02062	-1.1691430141935286	1.1691430141935264
K02063	-1.6520720864546958	1.652072086454693
K02064	-1.2044243902521223	1.2044243902521201
K02065	-1.8566331274488128	1.8566331274488097
K02066	-0.8997438433313983	0.8997438433313967
K02067	1.1946518614921389	-1.1946518614921373
K02068	-1.6106218523613443	1.6106218523613414
K02069	-1.579318906777157	1.579318906777154
K02071	-1.4741019023044104	1.4741019023044077
K02072	-1.0256992088790344	1.0256992088790327
K02073	0.5305007881729991	-0.530500788172999
K02074	-0.7314796028965153	0.7314796028965138
K02075	-0.6187325985430123	0.6187325985430112
K02077	-1.3609481633048812	1.360948163304879
K02078	1.7538623826228965	-1.7538623826228936
K02079	-0.7190508929763233	0.7190508929763217
K02080	0.7207583352299695	-0.7207583352299686
K02081	-0.30253598669183235	0.3025359866918314
K02082	0.7377488229017749	-0.7377488229017738
K02083	-1.225485878265539	1.225485878265537
K02086	-1.5489651781640694	1.5489651781640668
K02099	-1.5728875956715782	1.5728875956715753
K02100	-1.3240802542645351	1.3240802542645327
K02103	0.9065910047053877	-0.9065910047053864
K02106	-0.4317541951364386	0.4317541951364375
K02108	-0.7782172279948163	0.7782172279948149
K02109	0.3872294321592971	-0.3872294321592965
K02110	-1.7983031116376778	1.7983031116376744
K02111	0.926353420465716	-0.9263534204657146
K02112	-0.3769831592222558	0.376983159222255
K02113	0.5482532438392259	-0.5482532438392256
K02114	0.022270847261625513	-0.02227084726162595
K02115	0.7602384383283403	-0.7602384383283395
K02117	0.31638345430920445	-0.31638345430920467
K02118	1.5349725627057376	-1.5349725627057351
K02119	-0.49006669984018114	0.4900666998401799
K02120	1.6515191312882884	-1.6515191312882864
K02121	1.2362593722532877	-1.2362593722532864
K02122	0.6907550765156889	-0.6907550765156883
K02123	0.8955959735036905	-0.8955959735036894
K02124	0.15956712833887593	-0.1595671283388759
K02160	1.1782057930714793	-1.178205793071478
K02167	-0.7271661060808334	0.7271661060808318
K02168	0.28398167333393465	-0.2839816733339349
K02169	0.9820531909659703	-0.9820531909659695
K02170	0.038270389266738716	-0.0382703892667389
K02171	-0.12532133581201463	0.12532133581201396
K02172	0.6147087391952459	-0.6147087391952449
K02173	-1.0923625602908573	1.0923625602908553
K02182	1.3027149699564147	-1.3027149699564133
K02188	0.06919790098063008	-0.06919790098063021
K02189	1.1804765759609006	-1.1804765759608993
K02190	0.5064458338388307	-0.5064458338388302
K02191	-0.8645457447777086	0.8645457447777068
K02193	-1.4382667067916686	1.438266706791666
K02194	-0.986443860689455	0.9864438606894532
K02195	1.29929962982303	-1.2992996298230282
K02198	0.3710839679490944	-0.37108396794909376
K02200	1.1495511325266679	-1.149551132526666
K02203	1.1387484545594706	-1.1387484545594693
K02217	-0.03969725415991315	0.03969725415991262
K02221	-1.1792630398619388	1.1792630398619364
K02224	-0.44184652809103314	0.44184652809103225
K02226	1.1084293665555471	-1.1084293665555456
K02227	-1.0779098915943228	1.077909891594321
K02230	-0.6365250723407013	0.6365250723406999
K02231	1.0491841838250464	-1.049184183825045
K02232	0.6698483152481727	-0.6698483152481719
K02233	-1.222383259620534	1.2223832596205317
K02236	0.7026380645403011	-0.7026380645403003
K02237	-0.9709496372461768	0.9709496372461749
K02238	0.40312722618493757	-0.4031272261849377
K02240	1.0736415228272633	-1.0736415228272618
K02242	1.085444327351719	-1.0854443273517178
K02243	0.7682670931908812	-0.7682670931908805
K02244	-0.22952947530397583	0.2295294753039755
K02245	1.3893534475113694	-1.3893534475113676
K02246	0.6507079078406596	-0.6507079078406592
K02248	-0.18945454330020722	0.18945454330020695
K02255	-0.7811054499014269	0.7811054499014255
K02257	-1.7642945962748786	1.7642945962748753
K02279	1.3622736980909715	-1.3622736980909702
K02283	1.0709786536939485	-1.0709786536939472
K02291	0.6808334857775113	-0.6808334857775105
K02297	-0.36125689532192834	0.36125689532192756
K02298	-0.8882190351542618	0.8882190351542599
K02299	-0.07637297078038638	0.07637297078038627
K02302	-0.9436809720354229	0.9436809720354212
K02304	1.6979339092762074	-1.697933909276205
K02313	0.34371677736244494	-0.3437167773624446
K02314	0.9194471075219929	-0.9194471075219919
K02315	0.9177720106447389	-0.9177720106447379
K02316	0.7664699619345635	-0.7664699619345625
K02317	-2.0410341297363495	2.0410341297363455
K02334	0.6757170526276045	-0.6757170526276038
K02335	-1.3033551109163435	1.303355110916341
K02336	0.015392982043380203	-0.015392982043380417
K02337	-0.5629286342355923	0.5629286342355911
K02338	0.6463626428210401	-0.6463626428210393
K02339	-0.5003113611392521	0.5003113611392509
K02340	1.0618884028633646	-1.0618884028633633
K02341	-1.9018950453269439	1.9018950453269403
K02342	-0.3679543048766612	0.36795430487666014
K02343	0.36075763183202897	-0.3607576318320284
K02344	0.189895125179804	-0.1898951251798037
K02345	-0.7730905246345173	0.7730905246345159
K02346	-1.6015602138955272	1.6015602138955245
K02348	-0.6471997445718245	0.647199744571823
K02355	-2.037957971874898	2.037957971874895
K02356	-0.9461729364145134	0.9461729364145115
K02357	-0.9900933137898372	0.9900933137898354
K02358	-0.9285487555880485	0.9285487555880466
K02361	0.6572851328763646	-0.6572851328763644
K02362	0.27070411746108436	-0.2707041174610842
K02363	0.6077033701223328	-0.607703370122332
K02364	-1.7244442553259267	1.7244442553259232
K02371	-1.0644192592265267	1.064419259226525
K02372	1.5444089559675256	-1.544408955967524
K02377	0.2622841593640921	-0.2622841593640917
K02379	0.5748670701638509	-0.5748670701638505
K02380	0.08591668481013544	-0.08591668481013531
K02381	0.5072375556885431	-0.5072375556885429
K02386	0.7046879960860597	-0.7046879960860591
K02387	-0.21882533175555996	0.21882533175555913
K02388	0.39842226560697724	-0.3984222656069771
K02389	-0.041103386995786105	0.04110338699578557
K02390	-0.5759303318266538	0.5759303318266527
K02391	-0.5142825897356723	0.5142825897356711
K02392	1.6083141755628614	-1.6083141755628587
K02393	0.3751175085832395	-0.37511750858323945
K02394	-0.8507680603049594	0.8507680603049577
K02395	-1.6639054739131411	1.6639054739131385
K02396	-0.6345770588785516	0.6345770588785504
K02397	-0.449043123564787	0.44904312356478604
K02398	0.0007321558025085527	-0.0007321558025090253
K02400	-2.21183654816205	2.211836548162046
K02401	-0.34523477511657613	0.34523477511657535
K02404	-0.6472569118318764	0.6472569118318752
K02405	0.010373236702701802	-0.01037323670270226
K02406	-1.4144599926628958	1.4144599926628934
K02407	0.32131106731140313	-0.32131106731140285
K02408	-0.7063606052324406	0.706360605232439
K02409	0.5423528242588351	-0.5423528242588346
K02410	1.3122691437152076	-1.3122691437152059
K02411	-0.3372253968359139	0.3372253968359131
K02412	-1.1277082125304176	1.1277082125304154
K02413	0.10866263601289361	-0.10866263601289368
K02414	0.08563606243214626	-0.08563606243214614
K02416	-2.0045331023434696	2.004533102343466
K02417	0.5038989990041299	-0.5038989990041296
K02418	-1.9090062465893287	1.909006246589325
K02419	-1.1194090623405837	1.1194090623405815
K02420	0.3566921020461607	-0.3566921020461604
K02421	-0.27506950058792806	0.2750695005879274
K02422	1.5396785112037317	-1.53967851120373
K02424	-0.4862613817084856	0.48626138170848465
K02426	0.9514348834258095	-0.9514348834258085
K02427	-1.3481151005301384	1.348115100530136
K02428	-0.18103581588094902	0.18103581588094828
K02429	0.12201491760841268	-0.12201491760841274
K02430	-0.3837537393321663	0.3837537393321652
K02431	-1.4624319882503254	1.4624319882503227
K02433	-0.11572679778364162	0.11572679778364073
K02434	-0.6718252537789567	0.6718252537789553
K02435	-0.22634405683074862	0.2263440568307478
K02436	-0.004807308737980702	0.004807308737980222
K02437	-1.7670266326885888	1.7670266326885853
K02438	-1.0443908827424973	1.0443908827424955
K02439	0.145698681430861	-0.145698681430861
K02440	-0.36524068108340707	0.36524068108340624
K02441	-1.6537138698895917	1.6537138698895886
K02443	0.49443463925397685	-0.49443463925397657
K02444	0.8732447267987055	-0.8732447267987042
K02445	-1.7591945047315596	1.7591945047315563
K02446	-1.070390651185778	1.0703906511857757
K02450	-2.085306692029112	2.085306692029109
K02451	-0.5515709020938561	0.551570902093855
K02452	-0.7649358555808068	0.7649358555808055
K02453	0.3140881002583032	-0.3140881002583032
K02454	-1.1134339039618464	1.1134339039618442
K02455	-2.0041561235512044	2.004156123551201
K02456	-1.7310035043717296	1.7310035043717262
K02457	-1.3684585684065647	1.368458568406562
K02458	-1.0308091430614932	1.0308091430614912
K02459	1.122894406403411	-1.1228944064034097
K02460	-1.9404979929733392	1.9404979929733357
K02461	-1.5562313299444392	1.5562313299444366
K02462	-1.4547340969168616	1.4547340969168592
K02464	-0.4320612601440973	0.4320612601440961
K02465	-1.1138040864204826	1.1138040864204806
K02466	-0.15490087986587892	0.15490087986587844
K02467	-0.9396827484837778	0.9396827484837761
K02468	0.08609735497311839	-0.08609735497311898
K02469	-0.2571400858584231	0.2571400858584222
K02470	-2.0424295731616917	2.042429573161688
K02471	-0.80402070255763	0.8040207025576284
K02472	-0.6684798111257781	0.6684798111257766
K02473	1.1648038153683449	-1.1648038153683433
K02474	1.062848729932252	-1.0628487299322507
K02477	-1.0315236580874072	1.0315236580874054
K02478	-0.5878428829246689	0.5878428829246678
K02481	0.3074991607751262	-0.30749916077512596
K02483	-0.2889268200475357	0.28892682004753506
K02484	-0.8951897514534999	0.8951897514534982
K02485	-0.9796214561404671	0.9796214561404654
K02492	-0.7895935975540436	0.7895935975540421
K02493	-1.6640291660385975	1.6640291660385946
K02494	1.3211846276967947	-1.3211846276967933
K02495	0.021695500667029632	-0.021695500667030073
K02496	-0.06996562066223073	0.06996562066223039
K02498	0.7344038675739618	-0.7344038675739607
K02499	-1.2902987893475708	1.2902987893475684
K02500	-0.1816143837750843	0.18161438377508354
K02501	-1.0970322969297037	1.0970322969297017
K02502	-1.6434746919301089	1.643474691930106
K02503	0.8030698234626856	-0.8030698234626846
K02504	-1.2705826692710604	1.270582669271058
K02505	-0.7691423928192707	0.7691423928192692
K02506	-1.2204719334230074	1.2204719334230054
K02507	0.5010960415911353	-0.501096041591135
K02509	-1.2713053191436172	1.271305319143615
K02510	0.3937363478531749	-0.3937363478531743
K02511	-0.7657761479468784	0.7657761479468768
K02517	-0.5009234451421973	0.5009234451421963
K02518	-1.7857274060204271	1.7857274060204236
K02519	0.13397572944493094	-0.13397572944493097
K02520	-1.2612093994216376	1.2612093994216353
K02521	-1.2472007973868324	1.2472007973868302
K02523	-0.22566462770115553	0.2256646277011552
K02525	-1.7244386609528213	1.7244386609528182
K02526	-1.6603075618990768	1.660307561899074
K02527	0.18449661149516347	-0.18449661149516344
K02528	0.5684296366556887	-0.5684296366556885
K02529	-0.5302398471860275	0.5302398471860263
K02530	-0.051998127396431136	0.051998127396430345
K02531	-1.5572805480644616	1.5572805480644587
K02532	-1.8196666683410894	1.8196666683410858
K02533	-0.2985053296183167	0.2985053296183158
K02535	-1.516326584223766	1.5163265842237634
K02536	0.4107171832823615	-0.4107171832823611
K02538	-0.028446131142531004	0.028446131142530487
K02548	-1.2043936778311874	1.204393677831185
K02549	0.37017382312723474	-0.3701738231272344
K02550	1.1522319450772496	-1.1522319450772485
K02551	0.9154379730342739	-0.9154379730342729
K02552	0.7575297614137436	-0.757529761413743
K02553	-0.4699978892032313	0.4699978892032303
K02554	-1.608747920948003	1.608747920948
K02556	-0.8071212829892355	0.807121282989234
K02557	0.9250580227199752	-0.9250580227199738
K02558	-1.1357659929370705	1.1357659929370685
K02560	-0.30715970930481823	0.3071597093048175
K02562	-0.019414399736369534	0.019414399736369266
K02563	-0.90604908528584	0.9060490852858384
K02564	1.386188472705909	-1.3861884727059075
K02565	-0.7452956646022032	0.7452956646022016
K02566	0.512190061217419	-0.5121900612174182
K02567	-0.47052860146834247	0.4705286014683415
K02573	-1.4153168940618464	1.4153168940618441
K02574	-1.3312082128065104	1.331208212806508
K02575	-1.6943746029009923	1.6943746029009894
K02584	0.87459600083819	-0.874596000838189
K02585	-1.3223676141487002	1.3223676141486977
K02587	-1.5377637404152973	1.5377637404152946
K02588	-0.1524967060032093	0.15249670600320883
K02598	-0.37115088534516566	0.3711508853451646
K02600	0.13157543338483438	-0.13157543338483463
K02601	-1.3242508728734927	1.3242508728734903
K02609	-1.2340138747123608	1.2340138747123586
K02612	0.6442221912205148	-0.6442221912205138
K02613	-0.994368157826288	0.9943681578262862
K02614	0.6224774254030478	-0.6224774254030474
K02615	0.4505976784473679	-0.4505976784473674
K02616	0.5544781174116826	-0.5544781174116823
K02618	-0.007891700085020175	0.007891700085020163
K02619	1.312880094462089	-1.3128800944620875
K02621	1.303886132761374	-1.3038861327613724
K02622	0.8349456079722297	-0.8349456079722292
K02624	-1.893132703280638	1.8931327032806344
K02647	-0.2959280361332728	0.2959280361332716
K02650	0.5961769437108135	-0.5961769437108129
K02652	1.2774801228265633	-1.2774801228265618
K02653	1.6743567749060804	-1.6743567749060784
K02654	0.01235198376549763	-0.012351983765497846
K02662	0.13653004908371222	-0.13653004908371247
K02669	-1.1222562263534404	1.1222562263534381
K02679	-1.112211604151152	1.1122116041511498
K02680	-1.017782599691738	1.0177825996917362
K02682	-1.6968802544901271	1.696880254490124
K02686	-1.0104579179535922	1.01045791795359
K02687	-0.10114814059747908	0.10114814059747844
K02688	-1.1163311608355695	1.1163311608355675
K02744	0.6620633593025362	-0.6620633593025355
K02745	0.6445235953570743	-0.6445235953570735
K02746	1.6792678111323227	-1.6792678111323198
K02747	1.4795219141565772	-1.4795219141565759
K02749	1.160037167663569	-1.1600371676635677
K02750	-0.9823915685918593	0.9823915685918573
K02752	-1.1299385268919289	1.1299385268919266
K02753	-1.2097362764604886	1.2097362764604866
K02755	-1.2530861087982472	1.253086108798245
K02756	-0.6423641889479922	0.6423641889479907
K02757	-0.714835720993305	0.7148357209933036
K02759	-1.0653115192581735	1.0653115192581715
K02760	-1.5509028101094633	1.5509028101094606
K02761	0.9165799427273076	-0.9165799427273067
K02768	-0.4214001069054891	0.421400106905488
K02769	0.9697182955908022	-0.9697182955908014
K02770	-0.6120384054645169	0.6120384054645157
K02771	-0.8566466940419913	0.8566466940419896
K02773	0.8894521200718642	-0.8894521200718631
K02774	0.9569524013498059	-0.9569524013498045
K02775	0.9952232512747475	-0.9952232512747462
K02777	-1.5465292538142457	1.5465292538142432
K02778	0.19793714154105865	-0.1979371415410586
K02779	-0.24886559726056778	0.24886559726056717
K02781	-0.07726703500548106	0.07726703500548046
K02782	1.3301795354265933	-1.3301795354265913
K02783	0.10484263782015078	-0.10484263782015063
K02786	-1.7973520031397205	1.7973520031397174
K02787	-1.0667093482557997	1.0667093482557977
K02788	-0.2456293514257804	0.24562935142577957
K02790	0.1855280389576042	-0.1855280389576044
K02791	-1.8881502797719891	1.8881502797719856
K02793	-1.0471093996851368	1.0471093996851346
K02794	0.6655671089910692	-0.6655671089910681
K02795	-0.30349322777892984	0.3034932277789289
K02796	0.6138025860711417	-0.6138025860711409
K02798	-1.28312784897936	1.2831278489793578
K02799	-1.8573294124964146	1.8573294124964115
K02800	-1.1775450366038942	1.177545036603892
K02802	-0.2899755691242101	0.28997556912420963
K02803	0.45203663128267524	-0.4520366312826748
K02804	0.919248586939246	-0.9192485869392454
K02805	-1.5081544702533778	1.5081544702533747
K02806	-0.5651420381691197	0.5651420381691186
K02808	-0.9264720553413152	0.9264720553413135
K02809	-0.00015777356745996717	0.0001577735674597301
K02810	1.397008663571307	-1.3970086635713055
K02812	0.8960394884109255	-0.8960394884109244
K02813	-0.5756332467395341	0.5756332467395326
K02814	-2.243106112628608	2.243106112628604
K02815	-0.4642883943954918	0.4642883943954906
K02818	0.18814324066097038	-0.18814324066097032
K02819	-1.4625300335839073	1.4625300335839049
K02821	0.3464746312103525	-0.34647463121035216
K02822	-1.2930801803946275	1.2930801803946252
K02823	1.5238464888821686	-1.523846488882167
K02824	-1.1513578767926054	1.1513578767926032
K02825	-0.09477261115251906	0.09477261115251868
K02834	1.2778265811212564	-1.277826581121255
K02835	1.116063001572572	-1.1160630015725708
K02836	0.7053036120644488	-0.7053036120644477
K02837	0.28666461942245963	-0.28666461942245963
K02838	-0.9540827507376234	0.9540827507376214
K02839	-0.7245390027759043	0.724539002775903
K02841	1.2689580904040954	-1.2689580904040938
K02843	0.03676178720662963	-0.03676178720662981
K02844	-1.6863951431115756	1.6863951431115727
K02846	-0.900402137540811	0.9004021375408094
K02847	-0.20576331396822975	0.20576331396822897
K02848	0.8935744019870857	-0.8935744019870845
K02849	-0.23289123783307544	0.23289123783307508
K02850	1.3507102150982058	-1.350710215098204
K02851	-1.0522670963877583	1.0522670963877563
K02852	-1.624372009823104	1.624372009823101
K02853	7.020880727205811e-05	-7.020880727229484e-05
K02854	-1.1349301294904006	1.1349301294903986
K02855	-0.9226353509680454	0.9226353509680438
K02856	-0.026100312254841555	0.02610031225484128
K02858	-1.8822524160904528	1.8822524160904492
K02860	0.4422155982992479	-0.44221559829924767
K02863	-1.1067610832925183	1.106761083292516
K02864	-1.6917145579807773	1.6917145579807744
K02867	-1.2474652263222739	1.2474652263222716
K02871	0.2991584999614531	-0.29915849996145333
K02874	-0.36485930561668956	0.3648593056166887
K02876	-1.7512413039869823	1.7512413039869792
K02878	-1.352702289604653	1.3527022896046503
K02879	-0.1672087182756324	0.1672087182756317
K02881	-0.7480738510452404	0.7480738510452387
K02884	0.09519109110756917	-0.09519109110756926
K02886	-0.7103434012347808	0.7103434012347792
K02887	-1.309408469033466	1.3094084690334638
K02888	-1.0630532872268261	1.0630532872268244
K02890	-0.49058396427291895	0.4905839642729177
K02892	-1.0213978207050876	1.0213978207050853
K02895	-0.25148215675184177	0.2514821567518407
K02897	1.5726394073931529	-1.5726394073931507
K02899	-0.3667467844217762	0.36674678442177516
K02902	0.503335248921527	-0.5033352489215267
K02904	-0.6271368965145311	0.6271368965145296
K02906	-0.3181289053414496	0.3181289053414489
K02907	-1.138891255729559	1.138891255729557
K02909	-1.294020375324521	1.2940203753245185
K02911	0.216539729172319	-0.2165397291723194
K02913	-1.2826610350380392	1.282661035038037
K02914	-1.987502365033689	1.9875023650336854
K02916	0.9397818700236507	-0.9397818700236499
K02919	-1.3651084459034741	1.3651084459034715
K02926	-1.347675051872256	1.3476750518722533
K02931	-1.4253527190547683	1.4253527190547657
K02933	0.46315775591804476	-0.46315775591804426
K02935	-0.6363112955649939	0.6363112955649927
K02939	0.03076112387170387	-0.03076112387170406
K02945	0.9925819863112786	-0.9925819863112775
K02946	-1.2899437444917283	1.289943744491726
K02948	-0.7546483398275634	0.7546483398275617
K02950	-0.23656964574600817	0.23656964574600758
K02952	-0.5743336192365911	0.5743336192365899
K02954	-1.3146124228535783	1.3146124228535758
K02956	-1.3077565793002797	1.3077565793002774
K02959	-1.671919141241282	1.6719191412412786
K02961	-0.7553353989805521	0.7553353989805505
K02963	-0.1475576011737413	0.14755760117374062
K02965	-2.1811673341511253	2.1811673341511213
K02967	1.1156035744854969	-1.1156035744854957
K02968	-1.1476214062819425	1.1476214062819403
K02970	0.145246580427745	-0.14524658042774524
K02982	-0.18504433569899467	0.18504433569899414
K02986	0.18720006709760295	-0.18720006709760312
K02988	-1.12665366458875	1.126653664588748
K02990	-0.5822418478509817	0.5822418478509805
K02992	0.2862132536877675	-0.2862132536877673
K02994	-0.12532272071159048	0.12532272071159006
K02996	-1.5290639898465777	1.5290639898465752
K03040	-0.3082855872618102	0.3082855872618095
K03043	1.0978044619386005	-1.0978044619385994
K03046	0.2573225357823212	-0.25732253578232106
K03048	1.249306689548924	-1.2493066895489227
K03060	-0.14474619739073483	0.14474619739073435
K03070	0.8540753896823071	-0.8540753896823065
K03071	-0.8031334300028466	0.8031334300028452
K03072	-0.5401277135368464	0.5401277135368454
K03073	-0.728404781960796	0.7284047819607945
K03074	0.3924074770193049	-0.3924074770193048
K03075	-1.3262984948108316	1.3262984948108294
K03076	-1.0064315004552393	1.0064315004552375
K03077	-0.09598954347141654	0.09598954347141568
K03078	-0.040483119032338324	0.040483119032338026
K03079	0.2549122480762059	-0.254912248076206
K03086	-0.9764850254132499	0.9764850254132479
K03087	-0.29013824856145504	0.2901382485614543
K03088	0.8919248926583094	-0.8919248926583081
K03089	-0.513896299140471	0.51389629914047
K03090	-0.22779461221084527	0.22779461221084446
K03091	-0.9056741356336618	0.9056741356336602
K03092	0.19316113008894073	-0.19316113008894092
K03098	-0.22045425309407535	0.220454253094075
K03100	0.2772386093895836	-0.2772386093895839
K03101	-1.2619172493534856	1.2619172493534832
K03106	-0.5637728755437719	0.5637728755437708
K03110	-0.7876421600417681	0.7876421600417667
K03111	0.21975360670844613	-0.2197536067084465
K03112	0.40009637067268383	-0.4000963706726832
K03113	1.173326533958328	-1.173326533958327
K03116	-0.8190369474425987	0.8190369474425971
K03117	-1.7522093767499625	1.7522093767499596
K03118	0.28038412143710095	-0.28038412143710095
K03119	-1.5066303107864094	1.506630310786407
K03147	0.943636128239934	-0.9436361282399329
K03148	-0.09734452504529081	0.09734452504529019
K03149	-0.6979939182284879	0.6979939182284864
K03150	0.6353190033371137	-0.6353190033371134
K03151	1.2641807066711581	-1.2641807066711568
K03152	0.7158640749635095	-0.715864074963509
K03154	-0.6922610795910212	0.6922610795910199
K03168	-0.7812340313089496	0.7812340313089482
K03169	1.1074653618468802	-1.107465361846879
K03177	0.8327493531838064	-0.8327493531838055
K03179	-0.18520426895826403	0.18520426895826353
K03181	0.7684669263913474	-0.7684669263913463
K03182	-1.3421989758868533	1.3421989758868509
K03183	-1.981863150525199	1.9818631505251956
K03184	-1.717901987758164	1.7179019877581612
K03185	-1.371180531549108	1.3711805315491055
K03186	0.15961549169727132	-0.15961549169727154
K03187	0.16614910321980036	-0.1661491032198006
K03188	0.6144760956592309	-0.6144760956592307
K03189	-1.1754594695288232	1.1754594695288212
K03190	0.2851947253607325	-0.2851947253607325
K03191	-2.0688994114752464	2.0688994114752433
K03199	-0.1616706559991187	0.1616706559991182
K03205	0.8664480752765858	-0.8664480752765847
K03208	-0.169151656014234	0.1691516560142335
K03210	0.449172739707141	-0.4491727397071403
K03212	0.637590775696228	-0.6375907756962275
K03214	-0.7229457023705361	0.7229457023705345
K03215	1.1103290668504533	-1.1103290668504515
K03216	0.0675772351557657	-0.06757723515576584
K03217	0.822823701820599	-0.8228237018205978
K03218	-0.04220653601964639	0.04220653601964586
K03269	-1.1709963068079967	1.1709963068079947
K03270	1.5384571958488278	-1.5384571958488258
K03271	-0.934578666891353	0.9345786668913514
K03272	-1.1069273662837171	1.1069273662837151
K03273	0.9972210899260965	-0.9972210899260953
K03274	1.2570461647709463	-1.2570461647709448
K03275	-1.0948251749518632	1.0948251749518612
K03276	-0.5940655605763713	0.5940655605763702
K03281	-1.650470691590764	1.6504706915907614
K03282	0.03753041957919464	-0.03753041957919482
K03284	0.1990872466837795	-0.19908724668377945
K03286	0.5717561719304414	-0.5717561719304411
K03288	-0.0870885869152459	0.08708858691524554
K03289	-0.7728120823059826	0.772812082305981
K03290	0.1692370258217264	-0.16923702582172614
K03291	-2.1665731077821135	2.166573107782109
K03292	0.9733258291672504	-0.9733258291672493
K03293	0.17393394210821525	-0.17393394210821544
K03294	-0.59567610327048	0.5956761032704789
K03296	0.8561092041505233	-0.8561092041505223
K03297	-0.8550479025098533	0.8550479025098515
K03299	1.0573198212576667	-1.0573198212576653
K03300	1.2558295850456427	-1.2558295850456407
K03303	-0.4820777151372995	0.4820777151372985
K03304	-1.320224269226794	1.3202242692267918
K03305	1.5727709125880822	-1.5727709125880798
K03306	-1.0533912894758053	1.0533912894758033
K03307	0.8654843020257765	-0.8654843020257756
K03308	1.6515800921936847	-1.6515800921936832
K03310	0.4959400816089859	-0.49594008160898534
K03311	-0.15989845426013868	0.15989845426013843
K03312	-0.4391434463662154	0.4391434463662145
K03313	-1.2702647467953314	1.2702647467953292
K03314	0.08609074548893945	-0.08609074548893979
K03315	1.1327719636786098	-1.1327719636786082
K03316	-1.0986894597726624	1.0986894597726606
K03317	0.2097153016122299	-0.2097153016122298
K03319	-0.31283000156270924	0.3128300015627083
K03320	0.013425501130372448	-0.013425501130372901
K03321	0.028669964705170397	-0.028669964705170827
K03322	0.33054294253471395	-0.33054294253471367
K03324	1.1185558939230122	-1.1185558939230111
K03325	0.7334217418587793	-0.7334217418587784
K03326	-0.5153283534230707	0.5153283534230697
K03327	0.043590910644831705	-0.043590910644832115
K03328	-0.4617779976486443	0.46177799764864313
K03329	-1.1758255815428518	1.1758255815428493
K03332	0.3302754905544934	-0.3302754905544931
K03335	-2.276585756607449	2.276585756607444
K03336	1.3282899961573096	-1.328289996157308
K03337	1.4542733864160768	-1.4542733864160744
K03338	-0.2893010440035567	0.28930104400355605
K03340	-0.025101382736048762	0.025101382736048013
K03342	0.6275131664157281	-0.6275131664157273
K03346	-0.2122636057846296	0.21226360578462905
K03366	0.8710699132581022	-0.8710699132581016
K03367	0.32028784860724224	-0.3202878486072422
K03381	-0.7823867049275467	0.7823867049275453
K03382	1.0232940418921967	-1.0232940418921956
K03385	0.0838394499497684	-0.08383944994976875
K03386	-0.3535470601452973	0.3535470601452965
K03387	0.3581614394361909	-0.35816143943619083
K03394	1.120458851443175	-1.1204588514431737
K03399	-0.35049604474752044	0.35049604474751966
K03402	-0.6872909084557445	0.6872909084557431
K03404	0.4028711534651319	-0.4028711534651313
K03405	0.8730146468362917	-0.8730146468362906
K03406	-0.26983996389008835	0.2698399638900877
K03407	-2.13419903607848	2.1341990360784764
K03408	0.4248282573282253	-0.42482825732822466
K03410	1.6173319444358807	-1.6173319444358791
K03411	-1.0304034965898787	1.030403496589877
K03412	-2.044794950943668	2.044794950943664
K03413	-1.56866569530113	1.568665695301127
K03415	-2.045152102630248	2.0451521026302446
K03417	0.3517114157316984	-0.35171141573169784
K03424	-1.7914870719470695	1.7914870719470661
K03426	-0.34405167407071197	0.34405167407071097
K03427	-0.14058854765678422	0.14058854765678352
K03429	-1.6827254960909994	1.6827254960909968
K03430	-0.48938425902097926	0.48938425902097804
K03431	-0.8170937544855725	0.8170937544855709
K03435	0.3398728359142006	-0.3398728359142003
K03436	0.8991803768608221	-0.8991803768608211
K03437	-0.6191222906083339	0.6191222906083325
K03438	1.446575065201866	-1.4465750652018645
K03439	-1.0500034411853918	1.0500034411853898
K03442	1.747542704322391	-1.7475427043223892
K03444	0.5357704227301593	-0.5357704227301586
K03445	1.0850509216223543	-1.0850509216223532
K03446	-0.8213343450447068	0.8213343450447053
K03449	0.040899924326889825	-0.04089992432689
K03451	0.20482288325868228	-0.20482288325868245
K03453	0.533036046227665	-0.5330360462276645
K03455	0.8571100484386479	-0.857110048438647
K03457	-1.5818444244134287	1.581844424413426
K03458	1.4711789388244332	-1.4711789388244316
K03462	0.39721814349089685	-0.39721814349089624
K03465	0.9850642582293593	-0.9850642582293578
K03466	-0.2567103968896307	0.2567103968896299
K03468	-1.566043048830672	1.5660430488306694
K03469	-0.5442326264574227	0.5442326264574213
K03470	-1.3201095557011613	1.320109555701159
K03471	1.123673121465977	-1.1236731214659754
K03472	-0.5908028137047083	0.5908028137047069
K03473	0.9258454113641937	-0.9258454113641925
K03474	-1.4354320533668123	1.43543205336681
K03475	-1.3258033229096864	1.3258033229096837
K03476	-0.21887460959333987	0.2188746095933393
K03477	-0.7225948396710993	0.7225948396710978
K03478	-1.9811433375165324	1.9811433375165288
K03480	-1.471527611724988	1.4715276117249856
K03481	-0.784325873322264	0.7843258733222623
K03482	0.030773496970613552	-0.03077349697061398
K03483	1.4743922306201471	-1.4743922306201456
K03484	0.8517796257955322	-0.8517796257955313
K03485	-1.21546408875727	1.2154640887572679
K03486	-0.20744639976421975	0.2074463997642192
K03487	0.11830561192969496	-0.11830561192969478
K03488	-0.37142614218393094	0.37142614218393016
K03489	0.34057464961714784	-0.3405746496171478
K03490	-0.7502176566171188	0.7502176566171174
K03491	1.7329834167847014	-1.7329834167846985
K03492	-0.7170479313446985	0.7170479313446969
K03495	1.0147572317767957	-1.0147572317767948
K03496	-1.98913387605443	1.9891338760544264
K03497	0.5763520445372243	-0.576352044537224
K03498	-0.03180570395112153	0.03180570395112125
K03499	1.136544644442056	-1.1365446444420548
K03500	0.8006862791325736	-0.8006862791325727
K03501	0.4178489086752919	-0.41784890867529173
K03502	-1.523193440830185	1.5231934408301822
K03503	-1.8555655669312328	1.8555655669312296
K03517	1.2148978870084715	-1.2148978870084701
K03518	0.13474622992954374	-0.134746229929544
K03521	0.417856211252609	-0.41785621125260886
K03522	0.9826534665001743	-0.9826534665001733
K03523	0.12501699263827484	-0.1250169926382749
K03524	0.26787338013991036	-0.2678733801399104
K03525	1.215346629270836	-1.2153466292708346
K03526	1.4819639493646908	-1.481963949364689
K03527	-0.49714267569908777	0.49714267569908677
K03528	-2.111234714878992	2.1112347148789894
K03529	-0.14444490458391637	0.14444490458391593
K03530	-0.006837121264564076	0.006837121264564066
K03531	0.5955316290858793	-0.5955316290858789
K03532	-0.09905510226803706	0.09905510226803643
K03534	-0.35670699821696705	0.35670699821696605
K03535	1.1228173187625181	-1.1228173187625168
K03536	-0.8163729142779864	0.8163729142779846
K03543	0.9493535056948402	-0.9493535056948395
K03544	0.6909513084850912	-0.6909513084850906
K03545	-0.4583251903758265	0.45832519037582553
K03546	1.7225439550276682	-1.7225439550276662
K03547	1.2258585816371832	-1.2258585816371816
K03548	-1.1076154093844355	1.1076154093844335
K03549	-0.13687010663008092	0.13687010663008073
K03550	0.3408825023855426	-0.3408825023855425
K03551	-0.10837614941660809	0.10837614941660721
K03553	-0.3166974901230343	0.31669749012303355
K03554	-0.9063589296449878	0.9063589296449859
K03555	1.6283243059029353	-1.6283243059029333
K03556	-0.5103973346321674	0.5103973346321662
K03557	-1.3158858070049746	1.3158858070049722
K03558	-0.48501864233281466	0.48501864233281344
K03559	0.1016852260006073	-0.10168522600060738
K03560	-0.6298281195613676	0.6298281195613662
K03561	-1.4891300172496436	1.4891300172496407
K03562	-1.0508328597861771	1.0508328597861751
K03563	1.2591765024278885	-1.259176502427887
K03564	0.2699900696522787	-0.2699900696522785
K03565	-0.8600314056891009	0.8600314056890991
K03566	0.3940446720591648	-0.3940446720591647
K03567	0.48831891644275016	-0.4883189164427499
K03568	0.6758816555116284	-0.6758816555116274
K03569	0.32397583391942536	-0.3239758339194251
K03570	1.0874739191010911	-1.0874739191010898
K03571	-1.5280407451782976	1.528040745178295
K03572	-1.5920835934489872	1.5920835934489843
K03573	-0.2784666830580322	0.2784666830580313
K03574	-1.1243179998013915	1.1243179998013897
K03575	0.01793773755223359	-0.01793773755223404
K03576	-1.6245055568814428	1.6245055568814397
K03577	0.3336288257149278	-0.3336288257149275
K03578	-1.853463330964341	1.853463330964338
K03579	0.5751103980107268	-0.5751103980107262
K03580	-0.9315570019403631	0.9315570019403612
K03581	1.4783324744684705	-1.478332474468469
K03582	-0.1844648254793548	0.18446482547935428
K03583	-0.4323354679387919	0.43233546793879096
K03584	-1.298310332551121	1.2983103325511185
K03585	1.2408476817787493	-1.2408476817787475
K03587	-0.8384959063138996	0.838495906313898
K03588	1.556410655834867	-1.5564106558348654
K03589	0.09249598901733389	-0.09249598901733422
K03590	-0.09559463149346434	0.09559463149346395
K03591	-0.2284181906682013	0.22841819066820068
K03592	-0.9217412749847012	0.9217412749846995
K03593	1.1166073657009425	-1.1166073657009412
K03594	1.6158695471841165	-1.6158695471841145
K03595	1.058082331533152	-1.0580823315331505
K03596	-0.9268615078014603	0.9268615078014586
K03597	0.28246519301754286	-0.28246519301754264
K03598	-0.06460212482122374	0.06460212482122316
K03599	-1.693363015083082	1.6933630150830792
K03600	-0.28440136536139027	0.2844013653613898
K03601	-0.5127540502548856	0.5127540502548846
K03602	-0.8887101708579765	0.8887101708579748
K03603	-0.5392522577651591	0.5392522577651577
K03604	0.5456815420965965	-0.5456815420965964
K03605	-0.3706496510888762	0.37064965108887543
K03606	1.4032868479484975	-1.4032868479484957
K03607	-0.5565963755861022	0.5565963755861009
K03608	0.7260091727484431	-0.7260091727484426
K03609	-1.535481669001814	1.5354816690018112
K03610	1.3826604776190305	-1.382660477619029
K03611	-1.9359136499433884	1.9359136499433847
K03612	1.2104307577004854	-1.210430757700484
K03613	-1.6919876405990342	1.6919876405990313
K03614	-0.41487062275099557	0.41487062275099446
K03615	-0.04022264170590282	0.040222641705902284
K03616	-1.0035393337434453	1.0035393337434435
K03617	0.6365657051193554	-0.6365657051193546
K03618	1.459904928965049	-1.4599049289650472
K03620	0.10039298060442887	-0.10039298060442896
K03621	-0.944779663113388	0.9447796631133862
K03624	-1.7392190721473395	1.7392190721473366
K03625	-1.664405048894407	1.6644050488944042
K03628	-1.0918627759523925	1.0918627759523907
K03629	-0.826891200679006	0.8268912006790046
K03630	0.6984423318569922	-0.6984423318569913
K03631	-0.6528015896658306	0.6528015896658291
K03632	-1.5029370332211685	1.5029370332211656
K03633	-1.4186337452351696	1.4186337452351672
K03634	-1.6483841274146993	1.6483841274146964
K03635	-2.147097762650108	2.147097762650104
K03637	0.3990978005845687	-0.39909780058456806
K03638	-0.10050244855591983	0.10050244855591943
K03639	-1.5672083272694572	1.5672083272694544
K03640	-0.9432645770490219	0.94326457704902
K03641	0.4514109406987049	-0.4514109406987047
K03642	-0.8649811507102033	0.8649811507102018
K03643	-1.732767651171172	1.7327676511711692
K03644	1.606699364256193	-1.606699364256191
K03645	-0.6211333866230592	0.621133386623058
K03646	-0.885112447401247	0.8851124474012452
K03647	-1.2786090949849032	1.278609094984901
K03648	0.5480807294966912	-0.5480807294966908
K03649	-0.09736095525857147	0.09736095525857108
K03650	1.1361240032325053	-1.1361240032325042
K03651	0.24738930663620823	-0.24738930663620784
K03654	-0.26892671842438803	0.2689267184243869
K03655	-0.7756414049593497	0.7756414049593481
K03656	-1.5298695559570512	1.5298695559570483
K03657	-1.029665887973893	1.0296658879738911
K03658	0.538807584448927	-0.5388075844489266
K03660	-0.8496350991587299	0.8496350991587281
K03664	-0.46743400124420226	0.4674340012442013
K03665	1.4370028402136228	-1.4370028402136208
K03666	-0.9081320105073545	0.9081320105073528
K03667	-0.6619925025463406	0.6619925025463393
K03669	0.8730823201548652	-0.873082320154864
K03670	0.6472044003765649	-0.6472044003765643
K03671	0.827197174595942	-0.8271971745959408
K03672	0.08245133230208862	-0.08245133230208848
K03673	-2.14591771117663	2.1459177111766254
K03674	-1.6397924505782249	1.639792450578222
K03675	-0.6722094522505166	0.6722094522505152
K03683	-0.9531159154041744	0.9531159154041724
K03684	-0.8863906763323999	0.8863906763323982
K03685	0.7592762691848193	-0.7592762691848183
K03686	0.6090551011843021	-0.6090551011843016
K03687	0.15301620245290623	-0.15301620245290648
K03688	-2.1714396911935867	2.1714396911935827
K03690	-1.0866123787745086	1.0866123787745066
K03693	0.06410996820202321	-0.06410996820202335
K03694	0.6807060116080181	-0.6807060116080172
K03695	-0.23390798895596634	0.23390798895596598
K03696	0.8597103670820815	-0.8597103670820808
K03697	-0.04509613079605569	0.04509613079605515
K03698	0.015598945953226848	-0.01559894595322706
K03699	0.7741450689574504	-0.7741450689574494
K03700	1.2375734842230108	-1.2375734842230095
K03701	1.2102453793101866	-1.2102453793101853
K03702	-0.7777711001089541	0.7777711001089525
K03703	0.052543382236344145	-0.05254338223634478
K03704	-0.12844198453575625	0.1284419845357556
K03705	-1.3829188232149752	1.3829188232149727
K03706	0.10660572896100627	-0.10660572896100658
K03707	-0.0567898367991959	0.05678983679919534
K03708	-1.4426622159509657	1.4426622159509632
K03710	0.33451916910837415	-0.3345191691083741
K03711	1.0903902042389377	-1.0903902042389366
K03712	-1.1471766409643327	1.1471766409643305
K03716	0.4181660289412539	-0.41816602894125393
K03717	-1.8503248630764688	1.8503248630764655
K03718	0.5782047082628547	-0.5782047082628541
K03719	-1.6820570524742904	1.6820570524742877
K03720	-1.5285512583065268	1.5285512583065242
K03721	0.4713341447521692	-0.4713341447521687
K03722	-0.1391143761464042	0.1391143761464035
K03723	-0.3885937163214247	0.38859371632142387
K03724	-1.5313001087466658	1.5313001087466631
K03727	-0.3522223826296414	0.3522223826296404
K03732	-0.6858164177487702	0.6858164177487688
K03733	0.4922684217064425	-0.492268421706442
K03734	-0.5884753015505698	0.5884753015505685
K03735	-1.2212272536671205	1.2212272536671183
K03736	-0.6955228560771574	0.6955228560771558
K03737	1.3958927794153206	-1.3958927794153189
K03738	0.02421320922217967	-0.024213209222179868
K03739	1.0843926489712221	-1.0843926489712208
K03740	-0.14302235039065533	0.14302235039065464
K03741	1.2441113913650792	-1.2441113913650779
K03742	-0.9905712033156201	0.9905712033156181
K03743	-0.3453065053753419	0.34530650537534086
K03744	-0.3456534045081386	0.34565340450813753
K03746	0.9075325967981015	-0.9075325967981007
K03747	0.9868954483612195	-0.9868954483612183
K03748	0.5657162306660439	-0.5657162306660435
K03749	-1.142903843255263	1.1429038432552607
K03750	-1.6768216537341225	1.6768216537341196
K03752	0.5584211610154475	-0.558421161015447
K03753	0.8744650256074763	-0.8744650256074756
K03755	-0.2764745674747152	0.2764745674747148
K03756	-1.3313090310296447	1.3313090310296425
K03757	0.6737931658874399	-0.6737931658874389
K03758	-0.8586623898848561	0.8586623898848545
K03759	-1.171434146266825	1.171434146266823
K03760	-1.4135377185088047	1.413537718508802
K03761	-1.773267424217346	1.773267424217343
K03762	-2.007940278935168	2.0079402789351644
K03763	0.22877015655416683	-0.22877015655416694
K03764	1.2061910920184284	-1.2061910920184271
K03765	-0.43625274358869565	0.4362527435886945
K03767	0.7296979862352542	-0.7296979862352535
K03768	-0.04086821881871918	0.040868218818718646
K03769	-1.1003675126392556	1.1003675126392538
K03770	1.5798486408796095	-1.579848640879608
K03771	0.5037857016794538	-0.5037857016794535
K03772	0.6513748967748327	-0.6513748967748317
K03773	1.196536234117278	-1.196536234117277
K03774	-0.73346018992949	0.7334601899294886
K03775	0.9632137018186189	-0.9632137018186178
K03776	0.06390332695844403	-0.06390332695844417
K03777	-0.9355770629897364	0.9355770629897348
K03778	1.2081218679249504	-1.2081218679249495
K03779	-1.1313817254250105	1.1313817254250083
K03780	-1.462161928569992	1.4621619285699892
K03781	-0.08169749315860173	0.08169749315860113
K03782	-1.994620901786972	1.9946209017869685
K03783	1.3654815495865578	-1.365481549586556
K03784	-0.9436004498992364	0.9436004498992346
K03785	0.6839490558583653	-0.6839490558583642
K03786	-0.6428740071009729	0.6428740071009716
K03787	-0.5871988858060855	0.5871988858060841
K03788	1.276760552400487	-1.2767605524004857
K03789	1.3749752966281605	-1.3749752966281588
K03790	0.7964287262561109	-0.7964287262561105
K03796	-0.8627350782493203	0.8627350782493185
K03797	1.072104817347264	-1.0721048173472627
K03798	1.182224655337239	-1.1822246553372378
K03799	-0.7269165873454899	0.7269165873454886
K03800	-1.4335714014431802	1.4335714014431777
K03801	-0.002828521888168257	0.002828521888167779
K03802	0.1752919059294581	-0.17529190592945781
K03803	0.9284438520325226	-0.9284438520325216
K03804	-1.9661987354391695	1.966198735439166
K03805	-1.550657363874432	1.5506573638744297
K03806	0.6351246144565981	-0.6351246144565977
K03807	-0.31928255041889175	0.3192825504188908
K03808	-1.407756390373739	1.4077563903737365
K03809	0.09196455419332997	-0.09196455419333029
K03810	-0.8580409745398812	0.8580409745398796
K03811	-0.19474519957458478	0.194745199574584
K03813	-0.1085223961129009	0.1085223961129005
K03814	-0.19348540017856544	0.19348540017856466
K03815	-2.1698345715995306	2.1698345715995275
K03816	-0.8064463836618351	0.8064463836618334
K03817	-0.1244290582310269	0.12442905823102647
K03818	0.7909460658830191	-0.7909460658830182
K03819	-0.552205090715799	0.5522050907157977
K03820	-1.685500726521641	1.6855007265216377
K03823	-1.4634000338627549	1.4634000338627524
K03824	-1.665179066708265	1.6651790667082624
K03825	-0.019759929079807167	0.019759929079807136
K03826	-0.6639315071773715	0.6639315071773699
K03827	0.43327188317065	-0.43327188317064935
K03828	-0.9787475548175301	0.9787475548175283
K03829	-0.4090501406196429	0.4090501406196418
K03830	-0.5965021238941477	0.5965021238941465
K03831	0.7960556907400259	-0.7960556907400254
K03832	-0.03808567281557189	0.0380856728155716
K03833	-0.34538448568059427	0.3453844856805935
K03834	1.080832521373808	-1.0808325213738066
K03835	-1.5154136810456007	1.515413681045598
K03836	-1.7740761467593973	1.7740761467593942
K03837	-1.7460629804066132	1.7460629804066101
K03838	-0.28541922151977406	0.2854192215197734
K03839	0.4982222851914114	-0.4982222851914111
K03840	0.8029849038677677	-0.8029849038677668
K03841	-1.5728643244169247	1.5728643244169218
K03855	-0.6502013434439109	0.6502013434439097
K03856	-0.863820826702705	0.8638208267027034
K03885	0.18600377466307508	-0.18600377466307527
K03892	0.5045148043617361	-0.5045148043617356
K03893	0.7327282318923007	-0.7327282318922999
K03894	0.4327024818023909	-0.4327024818023907
K03895	1.5393673811563937	-1.5393673811563917
K03896	-1.2977233115873648	1.2977233115873625
K03897	0.24856498269324853	-0.24856498269324864
K03919	-1.8898497439573276	1.889849743957324
K03923	-1.5011204238158031	1.5011204238158002
K03924	-0.16062278402342073	0.16062278402342048
K03925	-1.0538393656562288	1.0538393656562266
K03926	-1.2574267525028642	1.257426752502862
K03929	1.2546950267308465	-1.254695026730845
K03930	-0.6022377986832335	0.6022377986832324
K03931	0.5290953400089676	-0.5290953400089669
K03969	1.6017767935746754	-1.6017767935746738
K03973	0.10198746921061808	-0.10198746921061792
K03974	0.7538986630318716	-0.7538986630318709
K03975	-1.8644811919679811	1.864481191967978
K03976	0.9026721153682319	-0.902672115368231
K03977	1.2323341511060288	-1.232334151106027
K03978	-0.011601621134965281	0.011601621134965026
K03979	1.2492662349392747	-1.2492662349392727
K03980	-1.5175752410502004	1.5175752410501973
K03981	-1.2092600119689505	1.2092600119689485
K04013	-0.8910869385684287	0.8910869385684269
K04014	0.7716521004681393	-0.7716521004681386
K04015	-1.5484999428346296	1.5484999428346264
K04016	-0.8140166152992625	0.814016615299261
K04019	0.043594486469673	-0.0435944864696734
K04020	0.5763413004531595	-0.5763413004531586
K04021	0.4627828921139935	-0.462782892113993
K04022	0.07349687142191229	-0.07349687142191241
K04023	1.583029212596863	-1.5830292125968606
K04024	-1.8560641615280347	1.8560641615280316
K04025	-1.2462123099695501	1.246212309969548
K04026	-0.29896281462784297	0.29896281462784224
K04027	0.48245809318998406	-0.4824580931899838
K04028	-0.8433486732695997	0.843348673269598
K04029	0.11466349510570631	-0.11466349510570613
K04030	-0.34732779903165345	0.34732779903165245
K04031	-1.4690243770980096	1.469024377098007
K04032	1.088445820159632	-1.0884458201596308
K04033	-1.770404920805321	1.770404920805318
K04041	-1.2260148373011355	1.2260148373011333
K04042	-0.3003299240186144	0.30032992401861347
K04043	-0.22636793239081604	0.22636793239081546
K04044	0.05921275303296258	-0.05921275303296272
K04045	1.2783649879046506	-1.2783649879046486
K04046	-1.8714860669011237	1.8714860669011206
K04047	-1.0156458070343275	1.0156458070343253
K04061	0.6304998075246548	-0.6304998075246541
K04063	-2.195970893286908	2.1959708932869035
K04064	-0.5107954883395102	0.5107954883395088
K04065	-0.4715250602427532	0.47152506024275226
K04066	0.24355289383627887	-0.24355289383627873
K04068	0.5473991321796164	-0.547399132179616
K04069	-1.5531108236575184	1.5531108236575157
K04070	0.6246285369378108	-0.6246285369378101
K04072	-2.036932091296973	2.0369320912969693
K04073	-0.43706244867866395	0.43706244867866284
K04074	0.1488402684649294	-0.14884026846492943
K04075	0.9950369866463394	-0.9950369866463381
K04077	1.298679593790868	-1.2986795937908666
K04078	0.823274598776497	-0.8232745987764962
K04079	0.8710248373906269	-0.8710248373906259
K04080	-2.078704023284237	2.078704023284233
K04081	-1.8269345085549227	1.8269345085549191
K04082	-1.4537685577992387	1.4537685577992359
K04083	1.610740566000174	-1.610740566000172
K04084	0.8544485893949229	-0.8544485893949219
K04086	0.9027540534466063	-0.9027540534466055
K04087	-1.13816754282727	1.1381675428272677
K04088	0.7485360910580096	-0.7485360910580089
K04091	-1.453095216355028	1.4530952163550253
K04092	0.31472200628719765	-0.3147220062871974
K04094	-0.2996585133714897	0.29965851337148874
K04095	1.0975237642718485	-1.0975237642718472
K04096	-1.6615053055213547	1.6615053055213518
K04103	-1.1694154726282457	1.1694154726282437
K04127	-0.5003320074013304	0.5003320074013292
K04333	0.40274212240530494	-0.4027421224053043
K04477	0.17716087352391974	-0.17716087352392018
K04485	0.8304944014895835	-0.8304944014895823
K04486	1.4187938356685645	-1.4187938356685634
K04487	-0.10419230687296442	0.10419230687296356
K04488	0.31128521657226427	-0.31128521657226427
K04516	1.139789741272353	-1.1397897412723517
K04517	-1.7600327990832958	1.7600327990832927
K04518	1.167010052281519	-1.1670100522815177
K04562	-0.16292514021333604	0.1629251402133358
K04564	-0.4236701705501602	0.42367017055015904
K04565	-1.5787269912998971	1.5787269912998942
K04567	1.0044020872882882	-1.0044020872882868
K04568	-0.7682971801551126	0.768297180155111
K04651	0.4823246831234882	-0.4823246831234879
K04652	1.099147805137552	-1.099147805137551
K04653	-0.174617025388789	0.1746170253887885
K04654	-2.050838619693498	2.050838619693495
K04655	1.1912486433320029	-1.1912486433320015
K04656	-1.2537769018721876	1.2537769018721856
K04691	-0.5378879505962606	0.5378879505962596
K04720	1.4173071559515547	-1.4173071559515524
K04744	-0.08487775830051565	0.08487775830051504
K04749	-1.9498055647596575	1.9498055647596542
K04750	-1.4108212537695075	1.4108212537695048
K04751	0.48126771777618915	-0.48126771777618865
K04753	-0.572600536149545	0.5726005361495439
K04754	-0.06329618690844036	0.06329618690844002
K04755	-0.6586576857371305	0.6586576857371291
K04758	-0.8533944580290775	0.8533944580290758
K04759	0.5147143754392335	-0.5147143754392333
K04760	-0.4220397826635042	0.4220397826635031
K04761	0.9981381798002092	-0.9981381798002085
K04762	-1.1285904169597683	1.1285904169597663
K04763	-1.4651369530246727	1.46513695302467
K04765	-0.8757375437404991	0.8757375437404972
K04767	0.306438049966501	-0.306438049966501
K04769	-0.5587703207212946	0.5587703207212935
K04770	-1.5839213914208194	1.5839213914208168
K04771	-1.694854012594378	1.694854012594375
K04772	0.06685077308771292	-0.06685077308771328
K04773	0.38974682565628954	-0.3897468256562892
K04774	-1.6153271236797653	1.6153271236797624
K04775	-1.7702549893502275	1.7702549893502242
K04781	-0.02111388375795555	0.021113883757955282
K04783	0.5417003101929186	-0.5417003101929183
K04784	-2.116884097326533	2.1168840973265293
K04785	-0.9256039622220781	0.9256039622220764
K04786	0.8622571899385891	-0.8622571899385882
K04835	-0.33703079842224015	0.3370307984222394
K04844	-1.044215208463295	1.044215208463293
K05020	1.144597434582048	-1.1445974345820467
K05245	1.0320915772264854	-1.032091577226484
K05275	-1.2772377980158294	1.277237798015827
K05297	0.3826752543574674	-0.3826752543574675
K05306	1.660785678352601	-1.6607856783525994
K05311	-1.2907457773934696	1.2907457773934672
K05337	0.8619127038458642	-0.8619127038458632
K05340	-2.179542776112798	2.179542776112794
K05341	-2.137797652106045	2.137797652106041
K05342	1.1650026635328259	-1.1650026635328246
K05343	-0.07197877756547547	0.07197877756547488
K05346	-0.3469951170527461	0.3469951170527451
K05349	-0.7430541311178392	0.7430541311178376
K05350	-2.1020519918141773	2.1020519918141733
K05351	0.7854598336250573	-0.7854598336250563
K05352	-2.0038109327656923	2.003810932765689
K05358	0.35865011311285133	-0.3586501131128512
K05362	0.37577210126280824	-0.37577210126280786
K05363	0.13454909683291505	-0.1345490968329153
K05364	-2.322585935643226	2.3225859356432217
K05365	-1.559443774295301	1.5594437742952982
K05366	-0.34120957267956364	0.34120957267956264
K05367	-0.6225511822672486	0.6225511822672473
K05368	0.28297648589809177	-0.2829764858980913
K05372	-1.4517601296665568	1.4517601296665543
K05373	0.021576986904510043	-0.02157698690451072
K05374	0.8127543461674398	-0.8127543461674392
K05396	-0.5871674241859797	0.5871674241859783
K05499	-1.8204036965261472	1.820403696526144
K05501	-1.0619760497051838	1.0619760497051818
K05515	1.7009336023389807	-1.700933602338978
K05516	-0.26083149416228074	0.26083149416228013
K05517	0.11147971157885796	-0.11147971157885778
K05520	0.0730296272246834	-0.07302962722468329
K05522	0.8602059617291586	-0.8602059617291575
K05523	0.42455930065278824	-0.4245593006527876
K05524	0.34187701903145173	-0.3418770190314517
K05526	0.8379542275498784	-0.8379542275498774
K05527	-1.2040626447473355	1.2040626447473333
K05539	1.073019193436171	-1.0730191934361704
K05540	0.22727692119695198	-0.22727692119695211
K05541	-0.7530539957641215	0.7530539957641198
K05549	-1.547444213641713	1.5474442136417104
K05550	-1.0472353799562923	1.0472353799562906
K05566	-1.2794850515822118	1.2794850515822094
K05568	0.7744595531597988	-0.7744595531597982
K05589	-0.46775473061327555	0.4677547306132744
K05590	-1.582635687020025	1.5826356870200222
K05591	-1.3094075152558478	1.3094075152558455
K05592	0.7440159423973889	-0.744015942397388
K05593	-1.2102297321335653	1.210229732133563
K05595	0.003414484498053969	-0.0034144844980544373
K05596	-1.5847900113669373	1.5847900113669344
K05601	0.4208664602700514	-0.4208664602700508
K05606	0.6601433803629437	-0.6601433803629432
K05685	0.4582555637967711	-0.4582555637967709
K05712	-0.10316613432316472	0.1031661343231641
K05774	-1.5221938300208178	1.5221938300208149
K05775	-0.9072503175417334	0.9072503175417315
K05776	-1.6018293092364837	1.601829309236481
K05777	-1.8332567059381994	1.833256705938196
K05778	0.6995912350464412	-0.6995912350464405
K05780	-0.052137330541897516	0.0521373305418972
K05781	1.4765651209531636	-1.4765651209531623
K05782	0.5609157504006757	-0.5609157504006751
K05783	0.29424616251363395	-0.294246162513634
K05784	0.01877271212110411	-0.018772712121104318
K05785	-0.7359151125134346	0.735915112513433
K05786	-1.4444391888805903	1.4444391888805879
K05787	-1.5629207040218747	1.562920704021872
K05789	-1.308258983342331	1.3082589833423288
K05790	-1.1052893907710668	1.1052893907710646
K05794	-1.4998186116705299	1.4998186116705274
K05796	-1.435708270633064	1.4357082706330613
K05798	-1.2642267068988917	1.2642267068988893
K05799	0.7432226299405525	-0.7432226299405513
K05800	0.3815416868367322	-0.38154168683673206
K05801	-0.8630687700703318	0.8630687700703302
K05802	0.8486994676072893	-0.8486994676072885
K05803	-1.094510425721819	1.0945104257218168
K05804	-0.11069467813678811	0.11069467813678724
K05805	0.820848594039442	-0.8208485940394412
K05807	1.0989131257297653	-1.0989131257297642
K05808	0.08338725788007473	-0.08338725788007507
K05810	0.3135309477314604	-0.3135309477314602
K05811	-0.7961189239910691	0.7961189239910677
K05812	0.2256417306170466	-0.2256417306170467
K05813	-1.6581094796870715	1.6581094796870686
K05814	-1.0342605864401853	1.0342605864401835
K05815	0.9890597238360791	-0.9890597238360782
K05816	-1.779972969490257	1.7799729694902542
K05818	-0.40228348421749266	0.4022834842174916
K05819	-0.27806936150327594	0.27806936150327555
K05820	-0.2361142481634197	0.23611424816341908
K05822	0.5398172834698916	-0.539817283469891
K05823	0.6751188627118881	-0.6751188627118874
K05825	0.36990285764270336	-0.36990285764270303
K05832	0.4992875469888944	-0.4992875469888938
K05833	0.8944618863994375	-0.8944618863994367
K05834	-1.5517486527577564	1.5517486527577538
K05835	-1.0279365497289135	1.0279365497289117
K05837	-0.6238419565621673	0.6238419565621662
K05838	-1.7501378201285271	1.7501378201285243
K05839	0.9234950123013781	-0.9234950123013775
K05844	-0.5953348476805247	0.5953348476805236
K05845	-1.24213911047739	1.2421391104773878
K05846	-1.828984870668951	1.828984870668948
K05847	-0.5243172150700218	0.5243172150700207
K05851	-1.9085297588316639	1.9085297588316603
K05874	-2.2890982516039267	2.2890982516039227
K05875	0.5960755185994536	-0.5960755185994534
K05876	-0.21634424574908753	0.2163442457490865
K05877	0.2039641446239051	-0.20396414462390478
K05878	-0.05992936070157341	0.059929360701573085
K05879	0.6165075020417741	-0.6165075020417733
K05880	-0.6759581076965876	0.675958107696586
K05881	-1.1883530864254586	1.1883530864254566
K05882	-0.9451033828349569	0.9451033828349549
K05887	-0.4526743824502234	0.45267438245022223
K05895	-0.15271522392226294	0.1527152239222627
K05896	-0.8674075191120072	0.8674075191120056
K05910	0.9632812436185728	-0.9632812436185715
K05916	-1.3287421689150278	1.3287421689150254
K05919	-0.5508585711611922	0.5508585711611911
K05934	0.9037144141779031	-0.903714414177902
K05936	0.9511137779222026	-0.9511137779222015
K05939	0.49651271799148006	-0.4965127179914793
K05946	-0.5951654254920168	0.5951654254920157
K05964	-0.20454181666967247	0.20454181666967167
K05966	-1.952368369594041	1.9523683695940377
K05970	0.7161347503030993	-0.7161347503030981
K05982	-1.9563444462905053	1.9563444462905015
K05984	-1.4012901161493798	1.4012901161493776
K05985	0.18882625447673232	-0.18882625447673204
K05989	1.0885738107380076	-1.0885738107380067
K05995	-1.0704613021930567	1.0704613021930547
K06001	1.5394691287852396	-1.5394691287852376
K06006	-0.29414594826128854	0.2941459482612878
K06012	0.94819714646848	-0.9481971464684787
K06015	0.5834173931817422	-0.5834173931817418
K06016	-0.013268521743650173	0.013268521743650152
K06020	-1.4496928109851273	1.4496928109851246
K06023	0.9971458520032516	-0.9971458520032501
K06024	-0.8158912406860526	0.815891240686051
K06041	0.5254042434009926	-0.525404243400992
K06042	0.8640505559894657	-0.8640505559894649
K06044	-1.6664451989451603	1.6664451989451574
K06045	0.75456865514756	-0.7545686551475591
K06048	-0.5730454745662596	0.5730454745662585
K06073	-1.6928035233541303	1.6928035233541274
K06074	-0.0158859266112443	0.0158859266112438
K06075	-0.17070069803524907	0.17070069803524882
K06076	0.7491360744276602	-0.7491360744276591
K06077	0.6325277831234529	-0.6325277831234521
K06079	-0.9679239746691156	0.9679239746691138
K06080	-2.0101897870308574	2.010189787030854
K06113	0.6332690847902769	-0.6332690847902763
K06131	-1.7993153392004078	1.7993153392004049
K06132	-1.385732000606923	1.3857320006069205
K06133	0.8088782369875298	-0.8088782369875288
K06141	-1.3706977561927711	1.3706977561927687
K06142	0.24308943778968617	-0.24308943778968603
K06143	-0.23827493706493486	0.2382749370649345
K06144	-1.7270034977031536	1.7270034977031508
K06145	-0.8401994557370306	0.8401994557370288
K06146	-1.2382681444357018	1.2382681444356998
K06147	-0.7777606561774767	0.7777606561774753
K06148	1.6006458052091732	-1.6006458052091712
K06149	0.6205466293296518	-0.6205466293296514
K06153	-1.808103493533166	1.808103493533163
K06155	-0.1803109599605249	0.18031095996052415
K06156	-1.145173737697676	1.145173737697674
K06157	-0.7209898526192958	0.7209898526192943
K06158	1.6349961233024688	-1.634996123302467
K06159	0.347643522483837	-0.34764352248383673
K06162	-1.7013857003950172	1.7013857003950146
K06163	-0.9829637337372429	0.9829637337372409
K06164	-0.5346308617037137	0.5346308617037127
K06165	-1.457205159487636	1.4572051594876336
K06166	-1.6606477645158617	1.6606477645158586
K06167	0.8731044712010004	-0.8731044712009995
K06168	1.4908255116637665	-1.4908255116637639
K06169	-0.5454502657026585	0.5454502657026573
K06173	-0.0178334666350137	0.0178334666350132
K06175	0.7415135784722818	-0.7415135784722812
K06176	-0.7439552105718604	0.7439552105718591
K06177	-0.2637292568398265	0.2637292568398259
K06178	-0.5499721772259777	0.5499721772259764
K06179	0.3250455812498699	-0.32504558124987004
K06180	0.8446335728757336	-0.8446335728757327
K06181	-0.14741316091929862	0.14741316091929815
K06182	-0.11690967993897111	0.11690967993897022
K06183	1.200892912521517	-1.200892912521515
K06185	-0.9314806421523524	0.9314806421523507
K06186	-1.7267325103780515	1.7267325103780484
K06187	-1.0926794530728596	1.0926794530728574
K06188	-0.13765644268483557	0.13765644268483487
K06189	-1.8052006154976579	1.8052006154976548
K06190	-1.1740923298114239	1.1740923298114219
K06191	0.1527358092452145	-0.15273580924521474
K06192	-0.2916769758629465	0.29167697586294583
K06193	0.23279203019690844	-0.23279203019690878
K06194	1.1640462113716628	-1.1640462113716612
K06195	-0.47176289967729973	0.4717628996772985
K06196	0.292823317286088	-0.29282331728608757
K06198	-0.2029961299650672	0.2029961299650664
K06199	-0.2802192419858453	0.28021924198584464
K06200	-2.0142289578805164	2.014228957880513
K06201	1.330088134632839	-1.3300881346328375
K06203	0.1963066398638761	-0.19630663986387578
K06204	0.7294412408837847	-0.7294412408837843
K06205	-1.0584384520946724	1.0584384520946704
K06206	-0.1407248826528947	0.14072488265289448
K06207	1.28694027204987	-1.2869402720498684
K06209	-0.19255379111186624	0.1925537911118657
K06211	-0.8710557666183402	0.8710557666183384
K06212	0.7266964972079316	-0.7266964972079312
K06213	0.9425329959623036	-0.9425329959623024
K06214	-1.5877147583994635	1.5877147583994604
K06215	1.000669816634201	-1.0006698166341996
K06217	-0.9364846730001809	0.936484673000179
K06218	0.6087723167420207	-0.6087723167420203
K06219	1.409487516884876	-1.4094875168848744
K06221	-2.135788639759512	2.1357886397595087
K06222	-0.0837450246809847	0.08374502468098433
K06223	-2.2620417198267266	2.262041719826723
K06281	0.25176682574631437	-0.2517668257463144
K06282	-0.5027862016986464	0.5027862016986454
K06283	-0.5160597401123271	0.5160597401123258
K06284	1.430105590111556	-1.4301055901115551
K06286	0.06405537971104491	-0.06405537971104482
K06287	0.8550028557933961	-0.8550028557933954
K06296	1.0093552381715392	-1.0093552381715378
K06297	0.6021579177506535	-0.6021579177506531
K06298	0.29488003906569116	-0.29488003906569116
K06306	0.1382566303005679	-0.13825663030056792
K06330	-1.570559363514484	1.570559363514481
K06333	-0.6808464725603511	0.6808464725603499
K06334	0.29985507659896227	-0.29985507659896227
K06346	-1.4867833195304783	1.4867833195304756
K06351	-0.20848821478943755	0.20848821478943674
K06373	0.8940916008365898	-0.8940916008365886
K06374	0.4617385115149566	-0.4617385115149559
K06378	-0.32708241671189053	0.32708241671188953
K06379	-1.813347228156074	1.8133472281560707
K06381	-0.3536716178348416	0.3536716178348408
K06382	1.1471213446912374	-1.147121344691236
K06383	0.5943044837738578	-0.5943044837738571
K06385	0.27130573221192084	-0.2713057322119209
K06387	0.36817939510289427	-0.36817939510289416
K06390	1.5488027629751389	-1.5488027629751366
K06392	-0.8005995218418068	0.8005995218418052
K06393	0.5055387242549629	-0.5055387242549626
K06394	0.5393022658755331	-0.5393022658755325
K06395	0.058730560561812126	-0.05873056056181227
K06396	0.0616252659558869	-0.06162526595588681
K06397	0.6083724030700584	-0.6083724030700577
K06398	0.9759820978050454	-0.9759820978050441
K06399	-0.0918979113300736	0.091897911330073
K06400	1.6464457542202597	-1.646445754220258
K06404	-0.8954919753416126	0.8954919753416108
K06405	0.2371152391847408	-0.2371152391847407
K06406	1.5849738611401365	-1.5849738611401343
K06407	0.7115370972993131	-0.7115370972993124
K06408	0.5476928193476756	-0.5476928193476747
K06409	0.09616190913721226	-0.09616190913721234
K06410	0.14412450638808524	-0.14412450638808524
K06411	0.9805253706339696	-0.9805253706339685
K06412	0.42992429421460215	-0.42992429421460177
K06415	-1.9816120902003431	1.9816120902003396
K06416	-2.0738349362385837	2.0738349362385797
K06421	1.1365111194737443	-1.1365111194737432
K06438	1.2536248034562163	-1.253624803456215
K06442	-0.8061004785023888	0.8061004785023871
K06445	-0.6402275750741738	0.6402275750741723
K06446	1.354037687550086	-1.354037687550084
K06447	-1.654821374997941	1.6548213749979384
K06518	1.5988357943839118	-1.5988357943839095
K06603	-0.601025956512822	0.6010259565128206
K06605	0.982082553890611	-0.9820825538906099
K06606	1.2175025775190553	-1.217502577519054
K06609	0.9258968579599485	-0.9258968579599475
K06610	-0.9042548066414642	0.9042548066414623
K06714	1.1182108325248945	-1.1182108325248934
K06726	0.10265400198433464	-0.10265400198433472
K06858	1.02129235664314	-1.0212923566431384
K06859	-2.057992232724392	2.057992232724388
K06861	1.0982464354945864	-1.0982464354945853
K06864	1.1756192032350608	-1.1756192032350594
K06867	-1.3319449839182333	1.331944983918231
K06871	0.39701141998596545	-0.39701141998596484
K06872	0.4124761749226214	-0.4124761749226208
K06877	1.5037298608605143	-1.503729860860512
K06878	0.09447924942345137	-0.0944792494234517
K06879	-1.9003947730993396	1.900394773099336
K06881	1.4182589232382998	-1.4182589232382987
K06885	-0.02481515970912476	0.024815159709124245
K06887	-1.624872085559407	1.6248720855594043
K06888	-0.12917266458243862	0.12917266458243795
K06889	0.6739964484547117	-0.6739964484547112
K06890	-1.7103123457558926	1.7103123457558898
K06891	-1.2819597202295476	1.2819597202295454
K06894	-0.2439700179713544	0.24397001797135356
K06895	0.01795910505017962	-0.017959105050180064
K06896	1.6762525587641115	-1.6762525587641095
K06897	0.6128376251739788	-0.6128376251739781
K06898	1.367934744287979	-1.367934744287977
K06899	-1.1428840672118166	1.1428840672118143
K06901	-0.24623431127475437	0.24623431127475376
K06902	-0.399774301674406	0.3997743016744051
K06904	-0.4992591277689659	0.49925912776896486
K06907	0.4037468282999618	-0.40374682829996117
K06908	1.024714709739601	-1.0247147097395994
K06909	-0.2416982686230966	0.24169826862309599
K06910	0.9950386106878748	-0.9950386106878737
K06911	1.537388610667191	-1.5373886106671897
K06915	1.4102817824253278	-1.4102817824253258
K06916	0.11847611489092429	-0.11847611489092458
K06917	-1.8166824393446812	1.816682439344678
K06918	-2.2113635292940157	2.2113635292940117
K06919	-0.49780507073033653	0.4978050707303353
K06920	0.3464760598664929	-0.3464760598664928
K06921	0.653365176855484	-0.6533651768554837
K06923	-0.11319039530038501	0.11319039530038459
K06925	0.38816918740515377	-0.3881691874051539
K06926	1.181514855304509	-1.1815148553045076
K06929	-0.7233273518053306	0.7233273518053293
K06934	-1.8305968271116322	1.8305968271116289
K06940	1.3887712279241502	-1.3887712279241484
K06941	0.5293107438223108	-0.5293107438223105
K06942	0.290658754320324	-0.29065875432032384
K06946	-1.101304274691266	1.1013042746912638
K06948	0.24667584543317084	-0.24667584543317045
K06949	0.7973729013846309	-0.7973729013846298
K06950	-1.4685776623972642	1.4685776623972617
K06952	1.2175734772227798	-1.2175734772227782
K06954	0.35371093792935615	-0.3537109379293558
K06956	-1.8353767401154464	1.8353767401154428
K06957	-0.3204242285221486	0.32042422852214786
K06958	0.245726434630999	-0.24572643463099908
K06959	0.8298589578248143	-0.8298589578248133
K06960	-1.4632052069326775	1.463205206932675
K06962	0.4751596935145517	-0.4751596935145512
K06966	-0.13408244968234279	0.13408244968234234
K06967	0.35318260627483944	-0.3531826062748391
K06968	0.2525879351551555	-0.25258793515515554
K06969	1.3906588672034652	-1.3906588672034639
K06970	1.1678247204652212	-1.1678247204652195
K06971	-0.2899979733611391	0.2899979733611384
K06972	-1.4720674099175703	1.472067409917568
K06973	1.7213765637710159	-1.7213765637710137
K06975	-0.8445524119478455	0.8445524119478437
K06978	-0.20707618851070214	0.2070761885107016
K06980	-0.1056883527489345	0.10568835274893362
K06987	0.4843964260448735	-0.484396426044873
K06990	-1.809762293883843	1.8097622938838398
K06993	-1.1405083912329832	1.140508391232981
K06996	1.350735551084002	-1.3507355510840005
K06997	-2.00961433632951	2.009614336329507
K06999	-1.3797371160344676	1.3797371160344654
K07000	-0.39879380604879616	0.39879380604879533
K07001	1.3840401960217699	-1.384040196021768
K07003	1.1349099440871704	-1.1349099440871693
K07005	-1.154673385380267	1.154673385380265
K07006	-0.6793004566534551	0.6793004566534537
K07007	-1.1982060287133367	1.1982060287133347
K07009	1.3426017662002765	-1.3426017662002747
K07010	-0.9134974524504462	0.9134974524504446
K07011	1.4751789013335033	-1.4751789013335015
K07012	0.5427206599895356	-0.5427206599895352
K07014	-0.5667824530626888	0.5667824530626877
K07015	0.26771235584853514	-0.267712355848535
K07017	-0.6292826767085282	0.629282676708527
K07019	0.560424074365273	-0.5604240743652725
K07023	0.6774549097436491	-0.6774549097436483
K07025	1.0664044912301014	-1.0664044912300998
K07027	0.16188092740361235	-0.16188092740361235
K07029	-0.6903607003752213	0.6903607003752198
K07030	1.2877872562866388	-1.2877872562866373
K07031	0.07119727618611381	-0.07119727618611393
K07032	0.15085547753947795	-0.15085547753947842
K07033	-0.44724368662493896	0.4472436866249378
K07034	-1.1217307009991362	1.121730700999134
K07035	1.1196940160226057	-1.1196940160226043
K07037	1.5300942024897501	-1.5300942024897488
K07038	0.20982795458079193	-0.20982795458079206
K07039	-1.558357547105143	1.5583575471051403
K07040	0.03524650418574331	-0.035246504185743724
K07042	0.46628370617555365	-0.4662837061755529
K07043	0.9114629334707511	-0.91146293347075
K07045	1.4174125661247723	-1.4174125661247712
K07046	0.06320328209189763	-0.06320328209189753
K07048	-2.106870185227548	2.1068701852275447
K07051	1.3486220826054192	-1.3486220826054172
K07052	1.0964557441187641	-1.0964557441187623
K07053	-1.231130459187478	1.2311304591874757
K07054	-1.6454564970905343	1.6454564970905312
K07056	-0.9503871974909064	0.9503871974909046
K07058	-0.08538405356921869	0.08538405356921856
K07062	-1.421616738592672	1.4216167385926695
K07067	-0.6652813083224731	0.6652813083224718
K07069	-0.9755214684429667	0.9755214684429647
K07070	-1.7851021998684131	1.78510219986841
K07071	0.9789896116694329	-0.978989611669432
K07074	-0.28215362614130557	0.2821536261413052
K07075	-0.6604359743657957	0.6604359743657944
K07078	1.0508235552073708	-1.0508235552073697
K07079	0.6860395486210772	-0.6860395486210762
K07080	0.48285067640661017	-0.48285067640660967
K07082	-1.7246414753734496	1.7246414753734465
K07084	0.7522921756537209	-0.75229217565372
K07085	0.8654463686015694	-0.8654463686015686
K07088	-0.33771168954003866	0.3377116895400379
K07089	-0.2281800693693168	0.2281800693693162
K07090	-0.39994676289680153	0.3999467628968004
K07091	0.7654349116204874	-0.7654349116204865
K07095	-1.414511593979812	1.4145115939798094
K07098	0.9300426449979137	-0.9300426449979129
K07099	-0.5814081384002837	0.5814081384002826
K07102	1.1779241294197638	-1.1779241294197624
K07104	0.15538043634362825	-0.1553804363436285
K07105	1.4093336313743845	-1.4093336313743834
K07106	0.12404092034372488	-0.12404092034372492
K07107	1.2039092179060036	-1.203909217906002
K07109	0.48300159235108825	-0.4830015923510877
K07112	0.9006678599804865	-0.9006678599804855
K07113	-1.1057504657588906	1.1057504657588884
K07114	0.28073352184210987	-0.28073352184210987
K07115	0.5253277433423218	-0.5253277433423212
K07118	1.020794419391537	-1.0207944193915361
K07119	0.9382906876038641	-0.9382906876038631
K07120	0.6271936976929423	-0.6271936976929421
K07121	-1.3298180655039158	1.3298180655039133
K07124	0.4284894633446146	-0.42848946334461463
K07126	-0.8594284217309198	0.859428421730918
K07127	-0.06251071308308484	0.06251071308308474
K07132	1.1641647896784386	-1.164164789678437
K07133	1.0982051337516148	-1.0982051337516134
K07136	-1.4380164245211227	1.43801642452112
K07137	-0.12233847760840483	0.12233847760840416
K07138	1.2564282912852462	-1.2564282912852447
K07139	-0.09442709249750791	0.09442709249750753
K07140	-1.6676882241422621	1.6676882241422595
K07141	-0.027153344493281238	0.027153344493280485
K07146	0.11270687803830631	-0.1127068780383066
K07147	-0.6956708248220642	0.6956708248220629
K07148	0.8147067386014205	-0.8147067386014196
K07149	0.4774770752932488	-0.4774770752932483
K07150	-0.08870309929341282	0.08870309929341268
K07153	-0.3579697477002987	0.35796974770029794
K07154	1.3903649198490193	-1.3903649198490178
K07156	-1.5271646594327282	1.5271646594327255
K07160	-1.5686745904664636	1.5686745904664607
K07164	0.810610962157143	-0.8106109621571422
K07165	-0.16852188352550362	0.16852188352550312
K07166	-1.4242999370333747	1.4242999370333718
K07171	-2.0527550121449654	2.052755012144962
K07172	-0.2391257166125843	0.23912571661258347
K07173	0.7848149459910604	-0.7848149459910593
K07175	0.4245372905831911	-0.4245372905831912
K07177	-2.0250031728839626	2.0250031728839586
K07180	0.3215461527854768	-0.3215461527854768
K07184	-1.9638600472089462	1.9638600472089427
K07186	-0.6985443201245128	0.6985443201245115
K07192	1.7116198132173557	-1.7116198132173528
K07213	0.045133863824563136	-0.04513386382456378
K07214	0.0016714483390410624	-0.0016714483390410598
K07216	-1.0579281112352166	1.0579281112352146
K07217	1.2337275687951204	-1.2337275687951186
K07220	0.5947266087672828	-0.5947266087672823
K07221	1.217739972013294	-1.2177399720132922
K07223	0.2925113205637723	-0.2925113205637721
K07224	-2.0578070352535502	2.057807035253547
K07225	-0.7807629927127763	0.7807629927127746
K07227	-0.7685206273449056	0.7685206273449042
K07229	0.6741598155130367	-0.6741598155130364
K07230	-1.2711587412322247	1.2711587412322223
K07232	-0.4894558802034418	0.4894558802034408
K07233	0.13438085378210823	-0.13438085378210873
K07235	-0.9840133345893735	0.9840133345893715
K07236	0.04386955276582674	-0.04386955276582691
K07237	-1.4384248512773656	1.4384248512773632
K07238	1.0277743898496168	-1.0277743898496154
K07239	0.7967002811443489	-0.7967002811443479
K07240	1.474671360061868	-1.4746713600618657
K07241	0.4846154267526806	-0.4846154267526801
K07243	-1.3227268900058267	1.3227268900058244
K07245	-0.8832918480068856	0.883291848006884
K07246	1.0382393682806366	-1.0382393682806355
K07248	0.5548208842266545	-0.5548208842266542
K07250	-1.1621512856286966	1.1621512856286946
K07251	-0.10087865092091977	0.10087865092091915
K07258	0.2942507350366381	-0.2942507350366379
K07259	-0.1306175375917031	0.13061753759170244
K07260	0.22216922136506426	-0.22216922136506462
K07261	-1.567673705462803	1.5676737054628
K07262	-1.1557768651098803	1.155776865109878
K07263	0.594813269467368	-0.5948132694673673
K07264	-2.2099492888922567	2.2099492888922527
K07265	0.5329225648572047	-0.532922564857204
K07266	0.38968791930703633	-0.3896879193070362
K07267	0.6728904040885156	-0.6728904040885151
K07269	-0.01054333267972663	0.010543332679725905
K07270	-1.2144730746886878	1.2144730746886858
K07271	0.771728210406552	-0.7717282104065515
K07272	-0.33444604998820937	0.33444604998820837
K07273	1.0733070063936208	-1.0733070063936196
K07274	-1.3093065844464993	1.309306584446497
K07275	-0.8169058702572942	0.8169058702572928
K07277	-0.3958971274989962	0.39589712749899536
K07278	0.5736490555050452	-0.5736490555050445
K07279	-1.2441611247817839	1.2441611247817814
K07282	0.7651033646561414	-0.7651033646561405
K07283	-0.5097485877261219	0.5097485877261209
K07284	0.11322600964121714	-0.11322600964121744
K07285	-0.626851109497664	0.6268511094976625
K07286	-1.6048931936968405	1.6048931936968378
K07287	-1.0170681475206758	1.017068147520674
K07289	0.09245877017431792	-0.09245877017431801
K07290	0.9797929691348456	-0.9797929691348446
K07300	-0.7597998723992944	0.7597998723992928
K07301	0.3168129305879046	-0.31681293058790433
K07304	-0.5031128940575477	0.5031128940575467
K07305	-1.6991599658763448	1.6991599658763414
K07306	-0.1908294832614818	0.19082948326148153
K07307	-0.5617947766871143	0.561794776687113
K07308	0.07317374418818634	-0.07317374418818647
K07309	1.2641404624856227	-1.264140462485621
K07310	0.6397868238572703	-0.6397868238572695
K07312	-0.8036255729349272	0.8036255729349258
K07313	-0.1870792785915355	0.18707927859153473
K07314	-1.155555466658825	1.155555466658823
K07315	1.1694187943852412	-1.1694187943852394
K07317	-1.3480494957460643	1.348049495746062
K07318	0.49243664209682314	-0.49243664209682236
K07319	-1.6259853983095924	1.6259853983095898
K07320	0.8613063256695419	-0.8613063256695411
K07321	-0.9666183241636894	0.9666183241636878
K07322	1.0555521340262035	-1.0555521340262022
K07323	0.5613763412397157	-0.5613763412397152
K07334	0.01753781394491623	-0.017537813944916443
K07335	-0.9754201226585563	0.9754201226585546
K07336	-0.871892802000048	0.8718928020000465
K07337	-0.3452641332183315	0.34526413321833077
K07340	0.8879560947728298	-0.8879560947728287
K07341	-0.6427352692857098	0.6427352692857082
K07343	0.24498707071551637	-0.24498707071551645
K07344	-1.060653586106502	1.0606535861065
K07345	-1.2835685217043675	1.2835685217043653
K07346	0.8558323950757454	-0.8558323950757446
K07347	-0.3647265905191188	0.364726590519118
K07348	-2.051713406950229	2.0517134069502254
K07349	-0.372990861921476	0.3729908619214752
K07350	0.4381673711574181	-0.4381673711574181
K07351	-0.9595601940396232	0.9595601940396213
K07357	-1.8235064427128134	1.8235064427128098
K07358	0.7948218665797031	-0.7948218665797022
K07386	0.8309246735197428	-0.8309246735197418
K07387	0.5491277059828816	-0.5491277059828807
K07391	-1.4246684407258399	1.4246684407258376
K07393	-1.3596456268561725	1.35964562685617
K07395	0.2934857745405169	-0.2934857745405167
K07397	1.513191133089167	-1.513191133089165
K07400	-0.30389843524310156	0.3038984352431004
K07402	0.4000229366917093	-0.4000229366917089
K07403	0.3155772992814829	-0.3155772992814829
K07404	1.020900484422265	-1.0209004844222638
K07405	1.2911735064746914	-1.2911735064746899
K07406	0.3423027108430665	-0.34230271084306624
K07407	0.7964547687410163	-0.7964547687410152
K07442	-0.3404151932521348	0.34041519325213404
K07443	0.48390260881976377	-0.48390260881976327
K07444	1.5357940755690234	-1.535794075569021
K07447	-0.09088728289252042	0.09088728289252004
K07448	0.03041488432688989	-0.03041488432689008
K07451	-0.05675839146259439	0.05675839146259383
K07452	0.3403319906993885	-0.34033199069938824
K07454	-2.0947084301747183	2.0947084301747148
K07455	-1.4490164193521713	1.4490164193521688
K07456	-0.920881002605217	0.9208810026052153
K07457	0.47746649065644037	-0.47746649065643965
K07458	0.393096712921181	-0.3930967129211811
K07459	0.04878900889768182	-0.04878900889768222
K07460	-0.15839925047162487	0.15839925047162415
K07461	1.447313158512053	-1.4473131585120513
K07462	1.3311562661079341	-1.3311562661079328
K07464	-1.5004896629246351	1.5004896629246325
K07467	-0.6326182939664432	0.632618293966442
K07470	-1.9976539051523061	1.9976539051523026
K07473	-1.6585204045583146	1.658520404558312
K07474	-1.6034888363630826	1.6034888363630795
K07478	-0.9934439219815687	0.9934439219815667
K07479	-1.5810912402569066	1.5810912402569035
K07480	-1.2371163496359303	1.2371163496359279
K07481	0.4956689427410089	-0.4956689427410082
K07482	-0.06700099267082163	0.06700099267082105
K07483	-0.0373921339512116	0.037392133951211305
K07484	0.5763203495986147	-0.576320349598614
K07485	0.031841869272961607	-0.03184186927296203
K07486	0.6643672096184037	-0.6643672096184029
K07487	0.7882693431467652	-0.7882693431467644
K07489	0.32088256360903866	-0.3208825636090389
K07491	0.8555765583714106	-0.8555765583714097
K07493	0.7024512823050678	-0.7024512823050669
K07494	0.10754424973837595	-0.10754424973837626
K07495	-0.957437942702076	0.9574379427020744
K07496	0.5301654065395436	-0.530165406539543
K07497	-0.7659403352036829	0.7659403352036812
K07498	-1.1402308221854132	1.1402308221854112
K07503	-0.8911028567736311	0.8911028567736292
K07506	-0.31858797399030514	0.3185879739903044
K07507	-0.15391336095331565	0.15391336095331493
K07533	1.626776504873667	-1.6267765048736647
K07552	0.6723376016683635	-0.6723376016683624
K07559	-0.04831544786938386	0.048315447869383785
K07560	0.2538055770422357	-0.25380557704223555
K07566	-1.2103912137404265	1.210391213740424
K07568	1.5475050716209837	-1.547505071620982
K07570	0.9651784972593572	-0.9651784972593563
K07571	-0.6757802768950194	0.6757802768950182
K07574	-0.7311732297122112	0.7311732297122099
K07576	-0.09531185120014397	0.09531185120014359
K07584	0.005936375601427617	-0.005936375601427845
K07586	-0.37121994872018077	0.37121994872017977
K07588	1.2727387186515435	-1.272738718651542
K07592	0.29408098229165713	-0.29408098229165713
K07636	1.211687759691987	-1.2116877596919857
K07637	-0.20898167266343548	0.20898167266343493
K07638	-0.13949156890222292	0.1394915689022227
K07639	-1.3539859286821985	1.353985928682196
K07640	0.2744877581089626	-0.2744877581089626
K07641	-1.5536875828063388	1.5536875828063361
K07642	-1.7094819605410407	1.7094819605410378
K07643	-1.6660571173319543	1.6660571173319514
K07644	-1.0429491388484229	1.0429491388484209
K07645	0.08104409478970774	-0.08104409478970762
K07646	1.2278005466198967	-1.2278005466198953
K07647	-0.6468740543402587	0.6468740543402572
K07648	-0.9882500431559098	0.988250043155908
K07649	-1.4330988213909805	1.433098821390978
K07650	0.061451663421375625	-0.061451663421376236
K07652	-1.9036277175594971	1.9036277175594933
K07654	0.9349266664427314	-0.93492666644273
K07657	0.5621739530202884	-0.5621739530202877
K07658	1.1103124698270364	-1.1103124698270352
K07659	-0.6544101909671776	0.6544101909671762
K07660	0.08108773391753019	-0.0810877339175303
K07661	-1.305955967234173	1.3059559672341707
K07662	0.3703386857483953	-0.3703386857483954
K07663	-1.31292212128628	1.3129221212862774
K07664	-1.4363332403401987	1.4363332403401963
K07665	-1.7716805954640027	1.7716805954639996
K07666	-0.03686063943681979	0.036860639436819255
K07667	1.0199620540634593	-1.0199620540634582
K07668	-0.7092939297745214	0.7092939297745199
K07670	-0.24542102081849945	0.2454210208184986
K07673	-0.1627726929261488	0.16277269292614807
K07674	0.06140892096215359	-0.06140892096215373
K07675	-1.1523495040257408	1.1523495040257388
K07676	0.8310866156782519	-0.831086615678251
K07677	1.0915261307260704	-1.0915261307260695
K07678	-0.21042503543466762	0.21042503543466706
K07679	-0.6991216910860891	0.6991216910860877
K07684	-0.03293567044644577	0.03293567044644548
K07685	-0.692003752415901	0.6920037524158994
K07686	-0.8556456119503776	0.8556456119503757
K07687	0.7033152635059832	-0.7033152635059823
K07689	-0.9446873367267681	0.9446873367267664
K07690	-0.7910005757611337	0.7910005757611323
K07699	0.4706062532723534	-0.4706062532723531
K07700	0.5743345359286111	-0.5743345359286104
K07701	-1.7619185318084376	1.7619185318084343
K07702	-1.392844577069766	1.392844577069763
K07703	-1.4656536433821115	1.4656536433821086
K07704	0.5538876718695279	-0.5538876718695273
K07705	0.6798968426763206	-0.6798968426763202
K07706	-0.052486809818532994	0.05248680981853291
K07708	-1.7036761316709828	1.7036761316709796
K07709	0.4637927513639507	-0.46379275136395004
K07710	-0.2296394597026721	0.22963945970267127
K07711	-1.193923245535481	1.1939232455354787
K07712	-1.9132197435713956	1.9132197435713922
K07713	0.08212333405661328	-0.08212333405661362
K07714	-0.5530289914183334	0.5530289914183321
K07715	0.08558181806252711	-0.0855818180625277
K07718	-0.2740971565851775	0.27409715658517686
K07720	-1.2423134164790348	1.2423134164790326
K07722	-0.7175574431766513	0.7175574431766496
K07724	0.6058649873784903	-0.6058649873784896
K07726	-0.7910275687421894	0.7910275687421877
K07727	-0.9241660375688392	0.9241660375688373
K07729	0.19838166508488628	-0.1983816650848862
K07733	0.0360798429246848	-0.03607984292468522
K07735	0.37816468103050016	-0.37816468103049955
K07736	-0.9977650018117171	0.997765001811715
K07738	-0.9392547392660264	0.9392547392660245
K07740	-0.28399834471294017	0.2839983447129395
K07741	-0.33890655337163095	0.33890655337162995
K07742	0.2947968874101287	-0.29479688741012855
K07746	0.7660498664480979	-0.7660498664480969
K07749	0.8116865190441728	-0.8116865190441719
K07751	-0.9120894942159061	0.9120894942159045
K07757	0.22415121463928106	-0.22415121463928073
K07768	1.159287514629499	-1.1592875146294972
K07770	1.075292258391812	-1.0752922583918108
K07771	0.4435147247515806	-0.44351472475158066
K07772	-0.9521503484165352	0.9521503484165333
K07773	-0.29645636198144076	0.2964563619814401
K07774	0.8041856697303675	-0.804185669730367
K07776	-0.03031379618740479	0.030313796187404506
K07778	0.4457412781858533	-0.44574127818585285
K07781	-0.723800056391346	0.7238000563913445
K07782	-0.07891011425684188	0.07891011425684154
K07783	-0.2776096616989079	0.277609661698907
K07784	-0.6219733467544482	0.6219733467544469
K07786	1.0301935492085563	-1.0301935492085554
K07787	1.6391400286938227	-1.6391400286938203
K07788	0.04857691501997466	-0.0485769150199753
K07789	-1.9884082861626482	1.9884082861626449
K07791	-1.3903870379557552	1.3903870379557526
K07792	-0.05529280906944054	0.05529280906944022
K07793	1.0216880852444972	-1.0216880852444956
K07794	-2.0557168787245215	2.0557168787245175
K07795	-1.2885191017932969	1.2885191017932944
K07796	1.1304672151346973	-1.130467215134696
K07797	0.5056154994926706	-0.5056154994926703
K07798	1.0323958234904895	-1.032395823490488
K07799	-0.0375087326113171	0.037508732611316806
K07803	0.11198155377268078	-0.11198155377268132
K07806	0.8292005660408762	-0.829200566040875
K07810	-2.295852665571767	2.295852665571763
K07811	-1.0154353532005191	1.0154353532005174
K07812	-0.9224771744277469	0.922477174427745
K07813	0.9197004373965622	-0.9197004373965614
K07814	-1.095853253306463	1.0958532533064613
K07816	-0.47218453674964933	0.47218453674964833
K07821	-1.305127408354562	1.3051274083545599
K07862	-0.634971774659395	0.6349717746593938
K07979	0.41361349444541423	-0.4136134944454136
K08092	0.7080792921619052	-0.7080792921619042
K08093	0.16972550649173804	-0.16972550649173823
K08094	-1.4025427413385176	1.402542741338515
K08137	-0.662864024496193	0.6628640244961918
K08138	0.267024408537615	-0.26702440853761483
K08153	1.6519923390493165	-1.6519923390493143
K08154	0.29621271577401487	-0.29621271577401515
K08156	-0.5704595032958576	0.5704595032958565
K08159	-1.22010482778454	1.2201048277845379
K08160	-0.7111872317917634	0.711187231791762
K08161	-0.34056422964952465	0.34056422964952365
K08162	0.6663392757484564	-0.6663392757484556
K08163	-0.8764999988556671	0.8764999988556652
K08167	-0.4832341308926509	0.48323413089264966
K08168	-1.3194076511519561	1.319407651151954
K08169	0.47231510468194055	-0.47231510468194005
K08170	-1.6125708552661513	1.6125708552661486
K08172	-0.15168186904326889	0.1516818690432684
K08173	-0.43471872107559256	0.4347187210755916
K08177	-1.3609210304863106	1.3609210304863082
K08191	0.8380694731521066	-0.8380694731521053
K08194	0.8664243017963993	-0.8664243017963985
K08195	-1.8533667555929572	1.853366755592954
K08217	1.0134678026907715	-1.0134678026907702
K08218	0.5570575182109035	-0.5570575182109033
K08219	1.2265637283297568	-1.2265637283297552
K08223	-2.2030198647758916	2.203019864775887
K08224	0.3264322325522713	-0.32643223255227144
K08225	-1.717220811339257	1.717220811339254
K08227	0.7475259290074406	-0.74752592900744
K08234	-0.04575402952262352	0.04575402952262345
K08276	-0.293377641798347	0.29337764179834636
K08279	-1.961802884141368	1.9618028841413644
K08281	-0.028531282212324895	0.02853128221232438
K08282	1.4569035531598982	-1.4569035531598964
K08289	-1.9562640026093918	1.956264002609388
K08296	-0.05334833759551985	0.05334833759551953
K08297	0.8926863465809599	-0.8926863465809589
K08298	0.030462738392913996	-0.030462738392914187
K08299	0.9813742462858437	-0.9813742462858427
K08300	-1.3379271373184543	1.337927137318452
K08301	1.2925900195789954	-1.292590019578994
K08302	-0.7779842382667063	0.7779842382667048
K08303	0.21697685103840125	-0.2169768510384016
K08304	-0.5052013045683952	0.505201304568394
K08305	-1.192109790434354	1.192109790434352
K08306	-1.3833557766021747	1.3833557766021718
K08307	1.211544371688899	-1.2115443716888974
K08308	-0.8844885290613953	0.8844885290613934
K08309	-1.9187279298527244	1.918727929852721
K08311	-1.4378424816058724	1.4378424816058692
K08312	0.8975308958134526	-0.8975308958134518
K08313	0.08083345037916889	-0.080833450379169
K08314	-0.5228348284252436	0.5228348284252423
K08316	-0.35343314437676776	0.3534331443767667
K08317	-0.43711892572967714	0.43711892572967626
K08318	-0.673926391307798	0.6739263913077965
K08319	-1.4009714253464973	1.4009714253464947
K08321	0.24231093111883348	-0.24231093111883334
K08322	-0.9355303401867703	0.9355303401867686
K08323	-1.3923525953924734	1.3923525953924707
K08324	-1.9341944606778858	1.934194460677882
K08325	-0.1191943096636232	0.11919430966362277
K08326	-1.7228874051101866	1.7228874051101832
K08344	-1.3464569256191017	1.3464569256190995
K08348	-0.5059073295134483	0.5059073295134471
K08349	-1.3249643862015545	1.3249643862015523
K08350	-1.3342470169347964	1.3342470169347942
K08351	-0.9469632780916591	0.9469632780916574
K08352	1.368534828035454	-1.368534828035452
K08353	-0.8552160586709845	0.8552160586709827
K08354	-1.942960830898369	1.9429608308983655
K08364	-0.49339671456340195	0.49339671456340073
K08368	-0.7749692053009752	0.7749692053009736
K08369	-0.5854081513801073	0.5854081513801059
K08372	-0.33628210961644006	0.3362821096164393
K08384	-0.3768870633264352	0.3768870633264341
K08475	0.2727872222505146	-0.27278722225051444
K08476	-0.47169670439523215	0.47169670439523115
K08478	-0.056579296224427186	0.05657929622442686
K08483	0.17467821088411922	-0.17467821088411897
K08484	0.01715102201912514	-0.01715102201912559
K08591	-0.9170001053279047	0.917000105327903
K08600	0.12003682421794319	-0.12003682421794323
K08602	1.1428541609826164	-1.142854160982615
K08641	0.3760012889791892	-0.37600128897918866
K08643	0.6570422003367891	-0.6570422003367885
K08659	-1.1993977171880263	1.1993977171880243
K08675	-0.1786560708122639	0.17865607081226337
K08678	1.5474888626335688	-1.5474888626335666
K08679	1.3424054866238717	-1.34240548662387
K08680	-0.2718085927477109	0.27180859274771
K08681	-0.9149281653908089	0.9149281653908072
K08682	-1.192080443798899	1.192080443798897
K08688	0.8375214102192067	-0.8375214102192058
K08722	-1.476968598883606	1.4769685988836037
K08723	-1.557211077907964	1.557211077907961
K08724	1.2094194282172255	-1.2094194282172237
K08744	-0.7201299537779875	0.720129953777986
K08884	1.396696471806768	-1.3966964718067663
K08961	-0.5872948275723998	0.5872948275723984
K08963	0.8023332506040234	-0.8023332506040225
K08964	-0.03200218761003515	0.03200218761003463
K08967	-0.09753997788245371	0.09753997788245332
K08968	0.8345272484500738	-0.8345272484500728
K08969	-1.9409523727350526	1.9409523727350495
K08970	0.6638695786673617	-0.663869578667361
K08972	0.1742223817598117	-0.1742223817598119
K08974	0.8571257457185024	-0.8571257457185014
K08978	-0.018968709073311853	0.01896870907331135
K08981	0.3785937681789975	-0.37859376817899737
K08984	-0.18593485834048457	0.18593485834048404
K08986	-0.6506890705794961	0.6506890705794947
K08989	0.6752313426745044	-0.6752313426745038
K08990	-0.08336207539676105	0.08336207539676022
K08994	-1.3346015948693728	1.3346015948693704
K08996	1.1443791673963064	-1.144379167396305
K08997	-1.9766271608128034	1.9766271608128
K08998	1.1588132323149514	-1.15881323231495
K08999	1.3864185434351173	-1.3864185434351157
K09001	-0.8662336767528399	0.8662336767528381
K09004	0.09584152871572982	-0.09584152871572992
K09007	1.4911203413491996	-1.4911203413491974
K09009	-0.3449508301495205	0.3449508301495197
K09013	-0.013875058464031956	0.013875058464031698
K09014	0.08768998029019066	-0.08768998029019077
K09015	-0.4978893466636645	0.4978893466636633
K09016	-0.5651283205292972	0.5651283205292957
K09017	0.07855111537560557	-0.07855111537560616
K09018	-1.5331654956405536	1.5331654956405512
K09019	-0.2427393119307572	0.2427393119307566
K09020	-1.0894103882885968	1.0894103882885946
K09022	-0.3370210220936375	0.3370210220936365
K09023	0.017002861733676683	-0.017002861733677366
K09117	0.8332234168018688	-0.8332234168018683
K09118	-1.136258692020992	1.13625869202099
K09121	1.5710572196006993	-1.5710572196006978
K09125	1.4892924115704973	-1.4892924115704946
K09131	-0.6456846856398964	0.6456846856398952
K09136	-1.5020419093288266	1.502041909328824
K09144	0.09155927840729661	-0.09155927840729647
K09153	0.8928207414684964	-0.8928207414684954
K09155	-0.8884528967878967	0.8884528967878951
K09157	0.5635467813434943	-0.5635467813434937
K09158	-1.5354396794382266	1.5354396794382237
K09161	-1.3239179340926999	1.3239179340926976
K09163	-0.797991064006082	0.7979910640060806
K09181	0.8027339544894501	-0.8027339544894492
K09251	1.0101850132313681	-1.010185013231367
K09384	-0.10917339279166363	0.10917339279166322
K09456	1.3462316556383136	-1.346231655638312
K09457	0.44406472347816495	-0.4440647234781645
K09458	0.882444272827332	-0.8824442728273311
K09470	1.2931779982914726	-1.293177998291471
K09471	-1.286186293348477	1.2861862933484747
K09473	-0.2331977128749792	0.23319771287497837
K09474	-1.169684649261935	1.1696846492619328
K09475	-1.8258768357595834	1.8258768357595803
K09476	-1.9160071913504155	1.9160071913504122
K09477	-0.47485557340112206	0.47485557340112083
K09578	-0.6941866238986257	0.6941866238986244
K09612	-1.1211591550174895	1.1211591550174875
K09680	1.0039736902922736	-1.0039736902922722
K09684	-0.7962318430539971	0.7962318430539954
K09685	0.7167868733676993	-0.7167868733676986
K09688	-0.46774461931031847	0.4677446193103173
K09689	0.15836842251719357	-0.1583684225171938
K09690	0.9089929953680798	-0.9089929953680786
K09691	1.2351163844686386	-1.2351163844686375
K09692	-1.9933268676903932	1.99332686769039
K09693	-0.3833048157975611	0.38330481579756026
K09697	1.6391512302265332	-1.6391512302265312
K09698	-0.7539773961762929	0.7539773961762914
K09701	-0.19971133585102094	0.19971133585102016
K09702	0.5907167902874751	-0.5907167902874749
K09703	1.3658766534336197	-1.3658766534336182
K09704	0.4322947574088729	-0.43229475740887224
K09705	-0.9417334029000952	0.9417334029000932
K09710	-1.5011033926645774	1.501103392664575
K09729	-1.7300003808242828	1.7300003808242799
K09747	-1.0310294533227136	1.0310294533227118
K09748	1.6713613677103292	-1.671361367710327
K09749	-0.1369237422796194	0.13692374227961895
K09758	1.7118084603776302	-1.7118084603776282
K09759	1.234635670258908	-1.2346356702589067
K09760	-0.2585315018721704	0.2585315018721693
K09761	-1.5485414944730997	1.5485414944730966
K09762	0.7972395230676451	-0.7972395230676443
K09765	0.8860997578588947	-0.8860997578588935
K09766	0.8526263094493233	-0.8526263094493225
K09767	-0.4472488687172796	0.4472488687172785
K09768	-0.9919187745900849	0.9919187745900832
K09769	1.2794420599686107	-1.2794420599686092
K09771	-1.9657547477932817	1.9657547477932784
K09772	-1.172507156360677	1.172507156360675
K09773	-1.445048905095587	1.4450489050955846
K09774	-1.5934047241978355	1.5934047241978324
K09775	-1.0937696899304663	1.0937696899304643
K09777	1.0238442559380476	-1.0238442559380463
K09778	1.6142835293818112	-1.6142835293818087
K09779	-1.64951765412106	1.6495176541210568
K09781	-0.47736717609261153	0.47736717609261053
K09786	-0.5861163564133458	0.5861163564133447
K09787	0.9662984663327	-0.966298466332699
K09790	-0.8675694922736307	0.867569492273629
K09793	1.4580416142044046	-1.458041614204403
K09798	-1.5057666558491292	1.5057666558491265
K09800	0.09028032677800701	-0.09028032677800711
K09802	-0.28166961372867827	0.2816696137286778
K09803	-1.0456428615987876	1.0456428615987856
K09807	-0.8029892648644182	0.8029892648644168
K09808	0.5656183627259468	-0.5656183627259462
K09809	1.6245569171852523	-1.6245569171852503
K09810	0.011016792249093686	-0.011016792249093906
K09811	-1.556597001183684	1.5565970011836814
K09812	-1.2775438096072957	1.2775438096072935
K09814	0.4902107943840719	-0.4902107943840714
K09815	-1.2101031610018544	1.2101031610018524
K09816	-0.002650236962890665	0.002650236962890424
K09817	1.546126098629047	-1.5461260986290446
K09819	0.8030478350092934	-0.8030478350092928
K09820	0.6397411726563115	-0.6397411726563106
K09823	-0.6798876429575379	0.6798876429575366
K09824	-0.3005057529916052	0.30050575299160476
K09825	1.0389114067995766	-1.0389114067995757
K09857	0.04253780998831903	-0.04253780998831967
K09861	0.9896685033488571	-0.9896685033488559
K09880	-0.2749643632262385	0.27496436322623785
K09888	-0.9820188997460225	0.9820188997460207
K09889	-1.7192086164613893	1.7192086164613862
K09891	-1.1937990641982854	1.193799064198283
K09893	-0.9202773317267571	0.9202773317267552
K09894	0.4058094176101574	-0.405809417610157
K09895	-1.3681394187231195	1.3681394187231173
K09897	-1.3467912655376253	1.3467912655376229
K09899	-0.15653409409600047	0.156534094096
K09903	-1.2551982238952362	1.255198223895234
K09906	-1.8140074708576277	1.8140074708576241
K09907	-0.4900088340041467	0.4900088340041454
K09908	1.0377538151404275	-1.0377538151404269
K09909	-1.2009075717886148	1.2009075717886126
K09910	-1.6515141791785384	1.6515141791785357
K09911	0.2635012769345731	-0.26350127693457315
K09914	-0.27338159872913703	0.27338159872913637
K09915	-0.7506904687345359	0.7506904687345343
K09920	-1.4675639330806776	1.4675639330806747
K09921	-1.1494402518811604	1.1494402518811582
K09922	1.2664712314509874	-1.266471231450986
K09923	0.6144994343010621	-0.6144994343010616
K09925	0.23055337884359425	-0.23055337884359414
K09927	-0.18722732880494383	0.1872273288049433
K09933	-1.855585165964043	1.8555851659640399
K09934	-0.7052512251538974	0.705251225153896
K09935	0.6898120852069698	-0.6898120852069692
K09936	0.3262040469698004	-0.3262040469698001
K09940	1.3529609592647909	-1.3529609592647893
K09945	0.09625809308056334	-0.0962580930805632
K09949	0.9163427014224401	-0.9163427014224389
K09951	-1.5227992837684126	1.52279928376841
K09952	1.347164253207961	-1.3471642532079593
K09954	-0.1658605928275687	0.16586059282756846
K09955	0.8521094135100417	-0.8521094135100403
K09958	-0.7278479784320252	0.7278479784320236
K09961	-0.4639835969100241	0.46398359691002317
K09962	0.3766866260033394	-0.3766866260033391
K09963	-0.5578968975042742	0.5578968975042731
K09967	0.2292830883740712	-0.22928308837407105
K09968	-0.7324020302751901	0.7324020302751887
K09969	1.0408518974317083	-1.0408518974317071
K09970	-0.6442304979972161	0.6442304979972145
K09971	-0.6084237865190236	0.6084237865190224
K09972	0.220761280409456	-0.2207612804094559
K09973	-1.625761449514564	1.625761449514561
K09974	1.0388642432489863	-1.0388642432489847
K09975	0.350718433650803	-0.35071843365080296
K09979	-1.9228095999811396	1.9228095999811363
K09988	-0.2184674199092575	0.21846741990925694
K09996	1.0818940415586302	-1.0818940415586291
K09997	-0.9349002601424545	0.9349002601424526
K09998	1.0515985932697882	-1.051598593269787
K09999	-1.5897339550252525	1.5897339550252498
K10000	-0.5357558417816429	0.5357558417816419
K10001	-1.629802878316422	1.6298028783164193
K10002	0.8415116810882719	-0.8415116810882712
K10003	-1.7475633750617403	1.7475633750617374
K10004	-1.0734224351749047	1.0734224351749029
K10005	-0.37244952518118113	0.37244952518118035
K10006	-0.7706002806696907	0.7706002806696892
K10007	-1.5444479301305292	1.5444479301305263
K10008	-2.1042273755516594	2.1042273755516563
K10009	0.0024546481528096753	-0.002454648152809908
K10010	-1.3994981242718114	1.3994981242718092
K10011	0.6466974624028791	-0.6466974624028785
K10012	0.5352954634135536	-0.5352954634135533
K10013	-0.6659879685430907	0.6659879685430895
K10014	-0.22012213905828737	0.22012213905828654
K10015	-0.16457881567200924	0.16457881567200852
K10016	-0.5892486786537532	0.5892486786537521
K10017	0.06067769598050698	-0.06067769598050689
K10026	0.7524122251100747	-0.7524122251100737
K10036	-1.915299273243654	1.915299273243651
K10037	-0.2517327820717636	0.2517327820717632
K10038	-0.023487182734933748	0.023487182734933477
K10039	0.021956713518299226	-0.02195671351829919
K10040	1.1063822421547589	-1.1063822421547576
K10041	0.4805187003103293	-0.48051870031032906
K10107	-1.0412477811348388	1.0412477811348368
K10108	0.4092309493934844	-0.40923094939348453
K10109	0.8457896594402133	-0.8457896594402124
K10110	-1.6759768434792979	1.675976843479295
K10111	-2.2545736232306153	2.254573623230612
K10112	0.5413556062737475	-0.5413556062737473
K10117	-1.6364219207680895	1.6364219207680866
K10118	-1.1916418511775828	1.1916418511775808
K10119	-0.3787450792704011	0.3787450792704
K10124	-0.7039559046655907	0.7039559046655893
K10125	-1.6773271366896287	1.6773271366896256
K10126	-2.116468731035766	2.116468731035763
K10188	1.2966318117374143	-1.2966318117374127
K10189	0.6674999735543157	-0.6674999735543151
K10190	0.7566069363536054	-0.7566069363536045
K10192	0.7034453712894202	-0.7034453712894191
K10193	0.6720484961071295	-0.6720484961071289
K10194	0.4165207262402952	-0.416520726240295
K10195	-0.8654024465457222	0.8654024465457206
K10200	-0.15442797559515709	0.15442797559515636
K10201	-0.3647201811765284	0.3647201811765273
K10202	1.4052712357581687	-1.4052712357581667
K10206	-0.5568974915346508	0.5568974915346498
K10213	-0.10951870913758179	0.10951870913758113
K10231	-1.3599649024650418	1.359964902465039
K10254	0.827029916616343	-0.8270299166163424
K10439	-0.7104555492027118	0.7104555492027103
K10440	-0.7041699780405591	0.7041699780405579
K10441	1.0647190645421414	-1.0647190645421398
K10536	1.4004149655746876	-1.400414965574686
K10537	-1.6076504598018448	1.6076504598018422
K10538	-2.038344175588945	2.0383441755889415
K10539	-0.12126985550149526	0.12126985550149484
K10540	-0.1181648620669701	0.11816486206696991
K10541	0.7566811182940071	-0.7566811182940064
K10542	0.9857961374954011	-0.9857961374954004
K10543	-2.000315604963055	2.0003156049630513
K10544	-1.284144662701462	1.2841446627014599
K10545	-1.0177284737316037	1.0177284737316017
K10546	-1.1168696876856141	1.1168696876856123
K10547	0.49996842197398583	-0.4999684219739853
K10548	0.6851122780722665	-0.6851122780722656
K10549	-1.5055644095282257	1.505564409528223
K10550	0.995359990158345	-0.995359990158344
K10551	-1.2655449893171038	1.2655449893171016
K10555	-1.0414132979610669	1.041413297961065
K10556	0.21549231164630542	-0.21549231164630533
K10557	-0.026017610264675438	0.026017610264675164
K10558	1.1719823374833167	-1.171982337483315
K10559	-0.5906755234485912	0.5906755234485898
K10560	-0.25974781986306983	0.2597478198630687
K10561	0.4431818197848391	-0.44318181978483867
K10562	-0.3056111793775757	0.30561117937757504
K10563	0.6988526475038949	-0.6988526475038938
K10670	0.9965748951206936	-0.9965748951206927
K10671	-0.4669620710135066	0.46696207101350545
K10672	0.08801084892840694	-0.08801084892840727
K10677	-0.7136871122983088	0.7136871122983075
K10678	-0.6646848804061657	0.6646848804061645
K10679	1.6118906786633433	-1.6118906786633416
K10680	-0.5786026562142614	0.57860265621426
K10708	-1.585505891487397	1.585505891487394
K10709	-0.607213754176601	0.6072137541765997
K10710	0.10685415324083808	-0.10685415324083838
K10711	-0.23044201197395298	0.23044201197395214
K10716	0.9495060348554757	-0.9495060348554748
K10748	-0.5368464381965886	0.5368464381965873
K10763	-0.9787745242328113	0.9787745242328095
K10773	1.0902266505465765	-1.0902266505465752
K10778	0.6562780429155084	-0.6562780429155078
K10793	-1.3796687558323701	1.3796687558323677
K10794	-0.5477474555466876	0.5477474555466862
K10795	0.7733748784827256	-0.7733748784827248
K10796	1.2516109616080189	-1.2516109616080175
K10797	1.458913073374847	-1.4589130733748452
K10800	0.9754205936879551	-0.9754205936879542
K10804	-0.5777620337481986	0.5777620337481975
K10805	-1.2418562736534204	1.2418562736534184
K10806	0.3701347682842651	-0.370134768284265
K10819	0.4233781736618997	-0.42337817366189956
K10823	-1.0708919489749946	1.0708919489749926
K10824	0.7162679677977863	-0.7162679677977855
K10826	-1.847994803564501	1.8479948035644977
K10831	-0.09219228686245966	0.0921922868624595
K10834	-1.186557443080686	1.1865574430806838
K10857	-1.407900253042532	1.4079002530425293
K10906	0.07637684686659489	-0.07637684686659502
K10907	-1.3729970920118932	1.3729970920118908
K10914	-0.6487208172830279	0.6487208172830267
K10939	-1.2815770146223273	1.281577014622325
K10947	0.2796540872606229	-0.27965408726062274
K10972	-1.4587326992696086	1.4587326992696061
K10973	-1.6590602593183696	1.6590602593183668
K10974	-1.201935524896537	1.2019355248965349
K10975	0.3166743248265634	-0.3166743248265634
K10979	0.2370940699831953	-0.23709406998319515
K10984	0.21712287458299342	-0.21712287458299356
K10985	-1.6627309344411032	1.6627309344411003
K10986	-0.6992472993588875	0.699247299358886
K11003	-0.8174708939734053	0.8174708939734039
K11005	-0.6541519849505059	0.6541519849505046
K11031	1.0248190428032542	-1.0248190428032529
K11041	1.307706603022757	-1.3077066030227553
K11050	-0.174900722041157	0.1749007220411565
K11051	0.24269327837338928	-0.24269327837338936
K11065	0.5939329319710986	-0.5939329319710982
K11066	-1.9537390409724835	1.9537390409724802
K11068	0.8931873725946037	-0.8931873725946027
K11069	1.06503344647947	-1.0650334464794686
K11070	0.7203729880835277	-0.720372988083527
K11071	1.2696974832866477	-1.2696974832866463
K11072	1.4704939137343889	-1.4704939137343869
K11073	-1.0820230844062348	1.0820230844062326
K11074	-1.989687419616847	1.9896874196168435
K11075	0.7962547542172005	-0.7962547542171999
K11076	0.6978571594379153	-0.6978571594379147
K11081	-1.0672126468283585	1.0672126468283567
K11082	0.30009784290058916	-0.3000978429005894
K11084	-0.7056617989051297	0.7056617989051281
K11085	-0.16530254786481263	0.16530254786481216
K11102	0.8308531478388864	-0.8308531478388858
K11103	-1.0577095705652027	1.0577095705652009
K11104	-0.14572902335693494	0.14572902335693425
K11105	-0.7435200411567054	0.7435200411567038
K11106	-0.32056941656713417	0.32056941656713345
K11139	1.2139668520580522	-1.2139668520580504
K11144	1.0233542650400584	-1.0233542650400573
K11145	1.0504335628034134	-1.0504335628034125
K11175	0.9520363959227491	-0.952036395922748
K11183	-0.7284343711555843	0.728434371155583
K11184	-0.5033703387197824	0.5033703387197812
K11189	1.056765033076659	-1.0567650330766578
K11191	-0.549421654887739	0.5494216548877379
K11192	-1.603168402447056	1.6031684024470534
K11201	-0.7197592624953772	0.7197592624953757
K11202	-0.6788621006155675	0.678862100615566
K11203	-0.025235858394348373	0.025235858394347863
K11206	-0.3711449225103584	0.37114492251035736
K11208	-0.8948218925855838	0.8948218925855822
K11209	-0.5343083438620261	0.534308343862025
K11216	-0.8716333020703266	0.8716333020703249
K11249	-0.9378000614643788	0.9378000614643768
K11250	-0.015550738596906807	0.015550738596906309
K11263	-0.6981355874043278	0.6981355874043265
K11264	1.233553302584735	-1.2335533025847334
K11358	-1.990999134528363	1.9909991345283597
K11381	1.6523891547581648	-1.652389154758163
K11382	-0.8448579188996849	0.8448579188996831
K11391	-0.25364729681835857	0.25364729681835746
K11392	-0.9398552225100683	0.9398552225100666
K11472	-0.46862643876319526	0.4686264387631943
K11473	-0.13277555296507776	0.13277555296507731
K11474	-1.5002745511543487	1.5002745511543463
K11517	-0.14286506821353726	0.14286506821353678
K11529	-0.35228595226299125	0.3522859522629902
K11531	1.369382171012643	-1.3693821710126415
K11533	-1.6039587192925084	1.6039587192925056
K11534	-0.3468032654470719	0.34680326544707113
K11535	1.1603863887036385	-1.1603863887036372
K11537	0.4536604313456747	-0.45366043134567396
K11604	-0.4948130251170308	0.4948130251170298
K11605	0.7528418189779866	-0.7528418189779859
K11606	-0.9331719686394581	0.9331719686394564
K11607	-1.0738399753449595	1.0738399753449575
K11617	-0.6526288820567688	0.6526288820567676
K11618	-0.7352365856056292	0.7352365856056279
K11636	-1.3822859256003148	1.3822859256003126
K11645	-0.3145674527841216	0.3145674527841207
K11685	0.5716642459387389	-0.5716642459387382
K11717	1.3237011621148407	-1.3237011621148391
K11719	-0.877434885689511	0.8774348856895091
K11720	0.055258224076918175	-0.05525822407691856
K11732	0.8383624620148464	-0.8383624620148454
K11733	-1.6569239736402324	1.6569239736402295
K11734	-0.110391188367111	0.1103911883671106
K11735	0.936558708298849	-0.9365587082988482
K11736	-1.6222648543946672	1.622264854394664
K11737	0.6850337313751481	-0.6850337313751476
K11738	-1.1333435699608567	1.1333435699608547
K11739	-1.314723065736316	1.3147230657363134
K11740	-0.41147451017473585	0.41147451017473496
K11741	0.30826581846708917	-0.3082658184670887
K11744	0.1475807350765096	-0.14758073507650937
K11745	-0.010094930821194352	0.0100949308211941
K11746	-0.7761459043276266	0.776145904327625
K11747	1.5516561461138658	-1.5516561461138632
K11748	0.11337723988709945	-0.11337723988709975
K11749	0.026091819284706903	-0.026091819284707336
K11750	-0.14236200817849404	0.14236200817849334
K11751	-0.930469607365729	0.9304696073657274
K11752	-0.2162793309163848	0.216279330916384
K11753	-0.6661087017803456	0.6661087017803443
K11754	0.5241147419243718	-0.5241147419243715
K11755	0.44849907567519365	-0.4484990756751934
K11811	0.009528550072673472	-0.009528550072674167
K11891	-0.6808619051833503	0.6808619051833491
K11892	-0.5212033016044333	0.5212033016044323
K11893	-0.8708433082606031	0.8708433082606012
K11894	-1.005140639546718	1.005140639546716
K11895	-0.3372845792572415	0.33728457925724076
K11896	-1.3314028668414963	1.3314028668414941
K11900	-1.7413832391836386	1.7413832391836357
K11901	-0.6689901393685193	0.6689901393685177
K11903	0.14597036893557544	-0.1459703689355757
K11904	-1.1159015385599906	1.1159015385599886
K11905	0.7624560978710023	-0.7624560978710014
K11906	-0.26193253820377443	0.2619325382037738
K11907	-0.20294075607942486	0.20294075607942408
K11910	-0.10716157705368938	0.1071615770536885
K11911	-0.9781449032806202	0.9781449032806185
K11921	0.48109955593733694	-0.4810995559373369
K11924	-0.014316721621440542	0.014316721621440284
K11925	-0.30525467805134976	0.3052546780513488
K11927	1.1066029441018552	-1.1066029441018541
K11928	-0.6503386072691845	0.6503386072691829
K11929	-0.7820678413267111	0.7820678413267095
K11930	-1.097774463750982	1.09777446375098
K11931	-2.2653148048829506	2.2653148048829466
K11932	0.035882642976421054	-0.035882642976421235
K11933	0.1348503087461089	-0.13485030874610918
K11934	-0.07654832798991144	0.0765483279899111
K11935	-1.956139196839848	1.9561391968398447
K11936	-1.2633354448001994	1.263335444800197
K11938	-0.9488633534129447	0.9488633534129428
K11939	-1.420521945380443	1.4205219453804405
K11941	-1.8704164658801286	1.8704164658801252
K11960	-0.5794648976250314	0.5794648976250302
K11961	-1.1837040702577994	1.1837040702577972
K11962	-0.65319806046975	0.6531980604697486
K11963	-1.0349051526291675	1.0349051526291655
K11991	-0.20228354669895673	0.20228354669895618
K11996	-1.729774431915316	1.729774431915313
K12056	-0.25916674116292077	0.2591667411629204
K12057	0.8747287166440421	-0.8747287166440408
K12058	-0.8425524359232783	0.8425524359232766
K12059	-1.1761912538193846	1.1761912538193826
K12060	0.4829713910318652	-0.4829713910318645
K12061	-0.4578906936263994	0.4578906936263982
K12062	-0.6154860500579385	0.6154860500579373
K12063	0.9465885818287463	-0.9465885818287455
K12064	-0.004886885460706203	0.004886885460706196
K12065	-1.0565421788183305	1.0565421788183285
K12066	-1.1668180196443345	1.166818019644332
K12067	-1.9579886051192457	1.9579886051192419
K12068	0.6078477732127777	-0.6078477732127769
K12111	0.4428436860624577	-0.4428436860624578
K12112	-1.559342114133001	1.559342114132998
K12113	-1.6970459180661677	1.6970459180661646
K12132	-1.992660989191101	1.9926609891910976
K12136	-0.5042922102802724	0.5042922102802714
K12137	1.1928611646290328	-1.1928611646290315
K12143	-0.6135745159894307	0.6135745159894295
K12147	0.40495367840875657	-0.4049536784087564
K12149	-1.732647444051425	1.7326474440514221
K12151	-0.26689051041539075	0.2668905104153901
K12251	1.025758992162743	-1.0257589921627417
K12257	0.529470856116658	-0.5294708561166577
K12262	0.25756441592098234	-0.25756441592098217
K12264	1.2079836869237706	-1.2079836869237686
K12265	-1.3598756739703932	1.3598756739703908
K12266	-1.4019979924249086	1.4019979924249062
K12267	-0.9763952900350386	0.9763952900350367
K12269	-0.4342144658805028	0.4342144658805019
K12288	-0.38012845517626104	0.38012845517626
K12289	0.609843591344926	-0.6098435913449254
K12290	-0.9554129941155565	0.9554129941155546
K12292	-0.737837365603483	0.7378373656034813
K12297	-1.0829961635082805	1.0829961635082785
K12299	0.4904308551903053	-0.490430855190305
K12308	0.39453639625647396	-0.3945363962564741
K12339	-1.1022182776900666	1.1022182776900646
K12340	0.013009004319642716	-0.013009004319643169
K12368	-1.270862551910141	1.2708625519101386
K12369	-0.9628897681655404	0.9628897681655386
K12370	-0.7920598522049653	0.7920598522049637
K12371	-0.21898032746636864	0.21898032746636784
K12372	0.6828907359582828	-0.6828907359582821
K12373	1.6490681839864063	-1.649068183986404
K12410	0.18826487218046953	-0.18826487218046994
K12452	1.3037272852141428	-1.3037272852141413
K12507	-0.29761353428812254	0.2976135342881219
K12510	0.7790256966819578	-0.7790256966819571
K12511	-0.9740675215131399	0.974067521513138
K12516	-1.3218500607883352	1.3218500607883328
K12518	0.5107840183340807	-0.5107840183340804
K12519	-1.1342847018632043	1.134284701863202
K12522	-0.10029470062516273	0.10029470062516234
K12524	-0.2933954054070167	0.29339540540701603
K12525	-0.5035040713062812	0.5035040713062802
K12527	1.0907174522014944	-1.0907174522014935
K12528	-0.24680112089605744	0.24680112089605657
K12529	0.16724304540514828	-0.1672430454051485
K12541	0.18980214676548693	-0.18980214676548735
K12542	0.2332226912911506	-0.23322269129115097
K12543	-0.6934309923458132	0.6934309923458118
K12554	-0.6992248530669269	0.6992248530669256
K12555	-0.6284674181854911	0.6284674181854899
K12556	1.1756386827363705	-1.1756386827363692
K12573	1.6038844671534744	-1.6038844671534718
K12574	-1.5110418088421962	1.5110418088421935
K12582	0.18249281850101942	-0.1824928185010196
K12660	0.011388885820068898	-0.011388885820069116
K12661	-1.13312805717434	1.133128057174338
K12678	0.16480555219670334	-0.16480555219670356
K12684	-1.9917754901303595	1.9917754901303557
K12687	-1.3955251102800952	1.3955251102800925
K12700	1.6082486049652196	-1.6082486049652172
K12823	1.1651438810641122	-1.165143881064111
K12940	-0.6233765858979597	0.6233765858979583
K12941	-0.9717399498692656	0.9717399498692636
K12942	-0.00590071073826098	0.005900710738260734
K12943	0.9843871135194031	-0.9843871135194023
K12944	0.9060577415098093	-0.9060577415098081
K12945	-0.9138717591497115	0.9138717591497096
K12952	0.5344385613475654	-0.5344385613475648
K12957	-2.297576979193176	2.2975769791931717
K12960	-0.33853359114437104	0.33853359114437004
K12961	-2.011181857318521	2.011181857318518
K12962	-1.148314503793063	1.1483145037930609
K12963	0.23304941776291696	-0.23304941776291685
K12972	-0.05286494885927173	0.05286494885927141
K12973	-1.917894377134427	1.9178943771344232
K12974	-1.4940029901832008	1.494002990183198
K12975	-1.8130874686248257	1.8130874686248228
K12981	-1.1345747843490905	1.1345747843490883
K12983	-1.1457409302758084	1.1457409302758064
K12984	-1.9127193090222685	1.912719309022265
K12985	-1.5144788813037433	1.5144788813037406
K12992	0.3495740880298919	-0.34957408802989187
K12994	-0.36793548289912575	0.367935482899125
K12995	-1.2165611656652142	1.216561165665212
K12996	0.7758809093313898	-0.7758809093313891
K12999	0.5057739032279546	-0.5057739032279545
K13004	0.2578728276380124	-0.25787282763801245
K13012	0.5108124341711491	-0.5108124341711487
K13014	-2.1052698672938805	2.105269867293877
K13015	1.0108848651881117	-1.0108848651881106
K13018	-0.7599228346510201	0.7599228346510186
K13019	0.15714317342470102	-0.15714317342470127
K13038	0.01076116962441372	-0.010761169624414178
K13043	1.5682698793669188	-1.5682698793669165
K13051	-0.09460091452184556	0.09460091452184517
K13052	0.5761335122033994	-0.5761335122033987
K13053	-0.05413816508117281	0.05413816508117249
K13059	0.6577300826441107	-0.6577300826441104
K13063	0.02322400314482617	-0.02322400314482637
K13069	0.6121640906705648	-0.6121640906705641
K13243	0.25558416140958984	-0.2555841614095901
K13244	0.038686384368443724	-0.03868638436844414
K13252	-1.0111330734246864	1.0111330734246846
K13255	-0.7370228827144747	0.7370228827144731
K13256	-0.7543141655755076	0.7543141655755059
K13280	1.2233414369315037	-1.223341436931502
K13283	-0.8070238152261876	0.807023815226186
K13288	-1.1360571485099178	1.1360571485099158
K13292	-0.6816606871460013	0.6816606871459999
K13378	0.6178197211851971	-0.6178197211851969
K13381	-0.5133876111627237	0.5133876111627227
K13408	-1.0049457819810863	1.0049457819810843
K13409	-1.7061898233039348	1.7061898233039317
K13479	1.0011894136666182	-1.001189413666617
K13491	0.2768210646088277	-0.27682106460882755
K13497	-0.28130329668580617	0.2813032966858053
K13498	0.23194713682702764	-0.23194713682702753
K13525	-0.8860970360910085	0.886097036091007
K13527	0.6892283722609628	-0.6892283722609621
K13529	0.07273090478999968	-0.0727309047899998
K13542	0.44991624064808616	-0.4499162406480857
K13566	-0.30087926667330467	0.3008792666733037
K13570	0.2494756729182944	-0.24947567291829448
K13571	0.9116503438792332	-0.9116503438792319
K13574	0.026045154440269582	-0.02604515444026978
K13620	-0.6525682782852523	0.6525682782852511
K13626	-0.4589121141704708	0.4589121141704696
K13629	-0.5029988867267351	0.5029988867267339
K13631	-1.3285066470374836	1.328506647037481
K13632	-0.8334202956751104	0.833420295675109
K13633	-1.8072797033979067	1.8072797033979033
K13634	0.2440338928792442	-0.24403389287924407
K13635	-1.9994858533941582	1.9994858533941544
K13636	-1.2772280801111844	1.277228080111182
K13637	0.0069194035424139915	-0.006919403542414217
K13638	-2.2266393538956013	2.2266393538955973
K13639	0.0058001006939375835	-0.005800100693937575
K13640	-2.0899517363202644	2.0899517363202604
K13641	-0.8708613791567448	0.8708613791567432
K13643	0.08428920196075579	-0.08428920196075614
K13652	1.4430226455820456	-1.4430226455820445
K13653	0.548115277565527	-0.5481152775655265
K13677	-0.11450524522149831	0.11450524522149791
K13678	-1.090255284419774	1.0902552844197717
K13684	-2.103676527513478	2.103676527513475
K13694	-0.07293295005409112	0.072932950054091
K13695	-2.1790850614769903	2.1790850614769868
K13727	-0.7780868507507859	0.7780868507507842
K13735	-1.280282746509901	1.2802827465098985
K13745	-0.4815908891646215	0.4815908891646203
K13747	1.7653978282679523	-1.7653978282679499
K13771	-0.1256242644912838	0.12562426449128314
K13787	-2.321309856229795	2.32130985622979
K13788	-0.9397966795560247	0.9397966795560231
K13789	1.0134420428719184	-1.013442042871917
K13794	-1.3126335075704374	1.3126335075704352
K13795	-0.2737940774588361	0.2737940774588352
K13796	-0.38753577042491066	0.38753577042490955
K13821	-1.284644551758736	1.2846445517587337
K13829	-1.1782027645633926	1.1782027645633903
K13853	-1.304248771168372	1.3042487711683697
K13874	-0.6230751570265788	0.6230751570265776
K13888	-0.9510731244787071	0.9510731244787052
K13889	0.3954185068902505	-0.3954185068902499
K13890	-0.41627749769384964	0.41627749769384875
K13891	-1.152684761380759	1.1526847613807567
K13892	-1.3951662317740903	1.395166231774088
K13893	0.742264944968312	-0.7422649449683109
K13894	1.1170051767282345	-1.1170051767282332
K13895	0.20054389696127864	-0.2005438969612788
K13896	-2.11155237177924	2.111552371779236
K13918	-0.37981934969938774	0.3798193496993867
K13919	-0.22063574735701272	0.22063574735701216
K13920	-0.12075236967389347	0.1207523696738928
K13921	0.13313693313889965	-0.13313693313889968
K13922	0.9613208228310565	-0.9613208228310555
K13926	-2.1164616279389947	2.1164616279389907
K13928	-1.527078304367946	1.5270783043679435
K13929	-0.5405584934702709	0.5405584934702697
K13930	-0.8790641717856701	0.8790641717856684
K13932	-1.3953374033769528	1.3953374033769503
K13933	-0.06313819303900153	0.06313819303900096
K13934	1.0044158251004416	-1.0044158251004407
K13935	0.42375922349017325	-0.4237592234901733
K13936	-1.518898853133735	1.5188988531337326
K13938	1.2094856501384392	-1.2094856501384377
K13940	-1.0028626787278758	1.002862678727874
K13953	0.3675964190812872	-0.3675964190812871
K13954	-1.8686702858482631	1.86867028584826
K13963	-0.3545457256732054	0.3545457256732044
K13979	0.018931982501216988	-0.018931982501217196
K13993	-0.2348359739724586	0.234835973972458
K14051	-1.8191216778099115	1.8191216778099084
K14052	-1.3263280862189848	1.3263280862189823
K14053	-1.979711560956463	1.9797115609564597
K14054	0.045040201324775826	-0.04504020132477599
K14055	-1.5955805115931083	1.5955805115931057
K14056	0.8471782078570849	-0.8471782078570839
K14058	-0.16137157877756736	0.16137157877756686
K14059	0.1603331342562887	-0.16033313425628917
K14061	-1.5740014159878972	1.5740014159878946
K14062	-1.1850031226593207	1.1850031226593187
K14063	0.808277527252189	-0.8082775272521883
K14065	-1.2184424193585215	1.2184424193585195
K14083	0.10848575688951154	-0.10848575688951137
K14087	0.9278551138993415	-0.9278551138993409
K14090	-2.1003406593096123	2.1003406593096092
K14138	-1.705540371076158	1.705540371076155
K14155	0.7456108646757673	-0.7456108646757663
K14170	-0.2565614123047482	0.2565614123047476
K14187	-1.31179645407064	1.3117964540706375
K14188	-0.5307591563240834	0.5307591563240821
K14205	0.5500305057652602	-0.5500305057652594
K14260	-2.055016839577962	2.055016839577958
K14261	-0.7864855479830762	0.7864855479830746
K14274	-0.5408576925274817	0.5408576925274805
K14287	-0.852906754272858	0.8529067542728564
K14333	-1.2288923760082697	1.2288923760082673
K14347	-0.8943506147343535	0.894350614734352
K14348	0.47224407960526293	-0.47224407960526243
K14392	-1.3894879317389037	1.3894879317389013
K14393	-1.2572662029333184	1.257266202933316
K14394	-0.54397795081156	0.543977950811559
K14414	1.5506426114450467	-1.550642611445045
K14415	-0.4893572635559297	0.4893572635559287
K14441	-1.3997737139733633	1.3997737139733608
K14445	0.041674198058695766	-0.04167419805869642
K14534	-0.9847280207871965	0.9847280207871947
K14540	-1.4138187740851524	1.41381877408515
K14587	-0.07847072591304069	0.07847072591304056
K14588	0.5210325972566644	-0.5210325972566638
K14591	0.31457301008400507	-0.31457301008400507
K14623	0.9738522059147862	-0.9738522059147854
K14652	-1.1693236908387612	1.1693236908387592
K14654	1.083329695704316	-1.0833296957043141
K14665	0.2559131954001175	-0.2559131954001173
K14682	1.2084676892885193	-1.2084676892885178
K14731	-2.013930630473733	2.01393063047373
K14742	1.6869490097577877	-1.6869490097577855
K14744	-0.49118386141371106	0.4911838614137098
K14761	0.7890663334699491	-0.7890663334699483
K14762	-1.2228296061348436	1.2228296061348414
K14977	-1.8578180177478711	1.8578180177478678
K14982	1.2187919136487935	-1.218791913648792
K15023	1.1360016629238407	-1.1360016629238394
K15024	0.10598867066895186	-0.10598867066895194
K15034	0.3784691335616112	-0.3784691335616109
K15051	1.2252685863707586	-1.2252685863707573
K15125	-0.24853056497691728	0.24853056497691667
K15255	-0.07002396377422325	0.0700239637742229
K15256	-1.1641879675925237	1.1641879675925217
K15257	-1.0213310400741538	1.021331040074152
K15268	-1.2858293058085892	1.285829305808587
K15303	1.3024111426643235	-1.3024111426643217
K15342	-1.24404614914115	1.2440461491411479
K15372	-0.2192127583551832	0.2192127583551824
K15373	-1.3165824126700465	1.316582412670044
K15396	-1.0037882440004302	1.0037882440004284
K15460	0.1277307221925986	-0.12773072219259887
K15461	0.8890945652987376	-0.8890945652987369
K15524	1.0853945408300376	-1.0853945408300365
K15532	0.527697628674155	-0.5276976286741547
K15533	-0.149158833663033	0.14915883366303231
K15534	1.3905731919465685	-1.3905731919465667
K15536	-0.6430116311603838	0.6430116311603826
K15539	-2.2079664144511346	2.2079664144511306
K15540	0.29424304801736306	-0.29424304801736284
K15545	0.5514232482748818	-0.5514232482748812
K15547	-1.038459820424855	1.0384598204248532
K15548	-0.5337624410673762	0.5337624410673749
K15549	0.5124717135699906	-0.5124717135699902
K15550	-1.692679540720363	1.69267954072036
K15551	-1.876775417046918	1.8767754170469149
K15552	-0.7168672344018456	0.7168672344018441
K15553	-0.43100901982214773	0.43100901982214657
K15554	-0.05526846045008194	0.05526846045008162
K15555	0.029305963453170082	-0.029305963453170512
K15576	-0.5519772630325964	0.5519772630325951
K15577	-0.026722843767946612	0.02672284376794657
K15578	-1.5945664788486202	1.5945664788486174
K15580	0.4934939264921082	-0.49349392649210794
K15581	-1.611621751828892	1.611621751828889
K15582	-0.8630075543538228	0.8630075543538213
K15583	1.1485160719797953	-1.148516071979794
K15584	-0.426046611772786	0.4260466117727849
K15585	0.20914521690955643	-0.20914521690955656
K15586	-1.573749810784707	1.5737498107847043
K15587	1.1537111149158652	-1.1537111149158639
K15598	-0.5864423520983875	0.5864423520983861
K15599	-0.7566306049011328	0.7566306049011313
K15600	-1.8931843892835398	1.8931843892835367
K15633	1.7170792498592387	-1.7170792498592369
K15634	-1.9923469718152875	1.9923469718152842
K15635	-0.4234571941456132	0.4234571941456121
K15640	1.6108930319452208	-1.610893031945219
K15669	0.49958842213976007	-0.49958842213975957
K15711	-2.189866058249982	2.1898660582499785
K15721	-0.8562288774178886	0.856228877417887
K15723	-1.120677349563135	1.1206773495631333
K15724	-0.8222321835917985	0.822232183591797
K15726	1.6211072741364354	-1.6211072741364332
K15727	0.006839415040213637	-0.006839415040213863
K15735	0.6968192203907366	-0.6968192203907357
K15736	-0.6047642394169851	0.604764239416984
K15737	0.16275605638013402	-0.162756056380134
K15738	1.5750951581090098	-1.5750951581090074
K15770	0.8676213649830308	-0.8676213649830297
K15771	1.004478111134289	-1.0044781111342878
K15772	-1.2645385973582024	1.2645385973582
K15773	-1.9060465872054169	1.9060465872054133
K15777	0.6263002925757584	-0.6263002925757578
K15827	-1.539139063801514	1.5391390638015112
K15828	-0.6906260793438979	0.6906260793438963
K15829	-1.6621963404854414	1.6621963404854383
K15830	-0.7877253616715757	0.787725361671574
K15831	-1.666234451329733	1.66623445132973
K15832	-1.7652093241210751	1.7652093241210722
K15833	-0.34035439142138146	0.3403543914213807
K15834	-1.6736021648854487	1.6736021648854458
K15836	-1.0825631082622515	1.0825631082622498
K15866	0.27107912889065866	-0.2710791288906587
K15915	0.5118931362799882	-0.5118931362799877
K15921	0.031551984661207795	-0.03155198466120798
K15923	-0.8849550812131625	0.8849550812131609
K15974	-1.3909602086692554	1.3909602086692525
K15975	-0.4093422899015023	0.4093422899015014
K15977	0.723057035318848	-0.7230570353188471
K15984	0.4036120081880824	-0.403612008188082
K15986	-1.1277167991687707	1.1277167991687687
K15987	0.16745038536621257	-0.16745038536621254
K16012	-0.2949778838438726	0.29497788384387186
K16013	0.46102908489695704	-0.4610290848969566
K16044	-1.0805059657605762	1.080505965760574
K16052	0.7411330214887459	-0.741133021488745
K16053	1.0648525311031183	-1.0648525311031172
K16055	1.4580576660624307	-1.458057666062429
K16066	-2.0877506189372337	2.087750618937231
K16074	-0.9645627072371651	0.9645627072371631
K16076	-0.815882939738547	0.8158829397385452
K16077	-0.7678386103942118	0.7678386103942103
K16087	1.1835369941488247	-1.1835369941488234
K16088	-0.43801125684789644	0.4380112568478955
K16089	-0.3277477662555032	0.3277477662555023
K16090	-0.46569789351543306	0.46569789351543184
K16091	0.8814081331612601	-0.8814081331612589
K16092	-1.4475574953363617	1.4475574953363592
K16135	-0.16853274354975356	0.16853274354975284
K16136	-1.2821415829502054	1.2821415829502032
K16137	-1.024336789120873	1.024336789120871
K16139	-1.1786317005765239	1.1786317005765217
K16140	-1.1455743144938613	1.1455743144938593
K16147	-1.8339979635953705	1.833997963595367
K16148	-1.405931143222037	1.4059311432220343
K16169	1.4542314094432436	-1.4542314094432414
K16203	-1.4305882664893743	1.4305882664893719
K16209	-0.10138565605308206	0.1013856560530819
K16210	-2.2589722126696	2.258972212669596
K16212	1.1117683201831259	-1.1117683201831245
K16234	-1.4133368008992973	1.413336800899295
K16235	1.4304554716523474	-1.4304554716523457
K16238	0.8887464373515399	-0.888746437351539
K16248	-0.6208334125198062	0.6208334125198051
K16263	-2.2476034694081592	2.247603469408155
K16264	-1.0028403896771483	1.0028403896771463
K16291	-1.7969135457973682	1.7969135457973653
K16301	-0.6878127137564722	0.6878127137564707
K16321	-0.7873849659652448	0.7873849659652433
K16322	-1.2592707605900395	1.259270760590037
K16324	-0.004307832710663574	0.004307832710663094
K16326	-0.3982889938797521	0.39828899387975103
K16328	0.07587027140787107	-0.07587027140787143
K16329	-0.44596204117527205	0.4459620411752709
K16345	0.3101727783887275	-0.3101727783887272
K16346	1.615079767512536	-1.6150797675125337
K16363	0.8610336533374443	-0.8610336533374434
K16370	-0.7552403384937099	0.7552403384937084
K16371	-0.07372470675472638	0.07372470675472603
K16435	1.3111912349083064	-1.3111912349083048
K16509	0.4872909909923426	-0.4872909909923418
K16511	0.7480559436810715	-0.7480559436810706
K16554	1.6230498030462592	-1.6230498030462572
K16651	-1.3007970001048461	1.3007970001048437
K16692	-1.8641977726579508	1.8641977726579473
K16693	-0.09849747211670867	0.09849747211670828
K16695	0.8098973947809879	-0.8098973947809872
K16698	-0.8492224701724767	0.8492224701724749
K16704	-0.7477008902988364	0.7477008902988347
K16711	0.013520239231233829	-0.013520239231234046
K16783	-1.1007920985118085	1.1007920985118063
K16784	-0.9543090986362976	0.954309098636296
K16785	0.6883270075362897	-0.6883270075362886
K16786	-0.15681014073500824	0.15681014073500776
K16787	-0.5736464106027503	0.5736464106027489
K16788	1.50532925720084	-1.5053292572008379
K16789	-0.8259845743095906	0.825984574309589
K16839	0.48421106445351314	-0.4842110644535126
K16840	-1.7164785847873014	1.7164785847872985
K16841	-1.1178846903784645	1.1178846903784623
K16842	-0.7763241623940468	0.7763241623940451
K16850	-0.5360570294968074	0.5360570294968063
K16868	0.6893986695501922	-0.6893986695501914
K16898	0.6368113631233813	-0.6368113631233807
K16899	-1.273433973479743	1.2734339734797406
K16905	1.4952540329743875	-1.4952540329743855
K16906	1.038361161288562	-1.038361161288561
K16907	-0.1520946335886525	0.15209463358865177
K16923	-1.505312284427125	1.505312284427122
K16924	0.26586237385648664	-0.265862373856487
K16925	-1.5480413517863907	1.5480413517863878
K16926	-0.881158541214975	0.8811585412149735
K16927	1.02637777064047	-1.0263777706404686
K16950	-0.6647942520967921	0.6647942520967909
K16951	1.1489970723342648	-1.148997072334263
K16957	0.6651801231156655	-0.6651801231156648
K16958	-0.050402714834115306	0.05040271483411476
K16959	-1.7031957971172962	1.7031957971172933
K16960	-0.3034781676478543	0.30347816764785335
K17073	-1.2073885281514738	1.2073885281514716
K17074	0.4439811560639916	-0.44398115606399136
K17076	1.2135022247561942	-1.213502224756193
K17103	0.7764038870964489	-0.7764038870964483
K17195	-2.123657623978634	2.1236576239786302
K17202	-1.8075105721422196	1.8075105721422162
K17203	-0.03265236055551383	0.03265236055551378
K17204	-0.5621060758526072	0.5621060758526061
K17213	-0.8560022311443032	0.8560022311443014
K17214	-1.2505311787536133	1.250531178753611
K17215	1.5350877698203471	-1.5350877698203444
K17235	0.17390249427377172	-0.17390249427377166
K17236	1.3749653582158314	-1.3749653582158297
K17241	-1.0229882740161054	1.0229882740161034
K17242	-1.2559426938279719	1.2559426938279696
K17243	0.9561656893780002	-0.9561656893779994
K17247	1.2000295772545533	-1.200029577254552
K17318	-1.3859816706543362	1.3859816706543335
K17319	-1.2715244823406757	1.2715244823406735
K17320	-0.4640735356967915	0.46407353569679055
K17331	0.7123206792862591	-0.7123206792862584
K17462	1.5428697954530386	-1.5428697954530362
K17463	-0.05303117497029555	0.05303117497029524
K17464	0.16799252007258578	-0.16799252007258578
K17465	-0.9322364458782733	0.9322364458782716
K17466	-0.606054930428055	0.6060549304280539
K17467	-1.0603657315525272	1.0603657315525254
K17468	-0.36843385281080593	0.36843385281080515
K17473	0.35357558141220014	-0.3535755814122001
K17624	-0.6554047041150153	0.6554047041150137
K17675	1.1969544329174941	-1.1969544329174924
K17680	0.5621624071062945	-0.5621624071062938
K17686	-0.7083527853811703	0.7083527853811691
K17713	-0.14388705010544373	0.14388705010544325
K17716	1.1563611613114404	-1.156361161311439
K17722	0.4411046452350648	-0.4411046452350644
K17723	-0.8810533529626497	0.8810533529626481
K17733	0.33966682649909774	-0.3396668264990977
K17734	0.8752628358517933	-0.8752628358517923
K17758	1.4491800845953033	-1.4491800845953011
K17759	1.3293546649416184	-1.3293546649416168
K17810	-0.9537301916884473	0.9537301916884455
K17818	-1.2890460442664826	1.2890460442664802
K17828	-0.6010322052471196	0.6010322052471185
K17836	0.48658855726424494	-0.48658855726424444
K17865	1.1899153489270584	-1.1899153489270564
K17869	-1.8147098048313053	1.8147098048313022
K17898	-0.9455107994003857	0.9455107994003839
K17938	-1.6573704785251206	1.657370478525118
K17948	1.2229719509894232	-1.2229719509894221
K17992	0.9955483466075724	-0.9955483466075711
K18011	-0.6010568832007938	0.6010568832007923
K18012	-1.2658687197766476	1.2658687197766454
K18013	1.026158666415047	-1.0261586664150457
K18014	0.770810819391103	-0.7708108193911022
K18094	1.4386868973814835	-1.4386868973814813
K18095	-0.13067676789988097	0.1306767678998803
K18104	-0.5471628601443926	0.5471628601443915
K18118	-0.30458106008812386	0.3045810600881234
K18120	0.6271230153711492	-0.6271230153711487
K18122	0.4462569197409468	-0.44625691974094656
K18138	0.9695822195170417	-0.9695822195170406
K18139	1.0916523400536953	-1.091652340053694
K18140	-1.8552559265254307	1.8552559265254278
K18141	-0.5844230523467415	0.5844230523467402
K18142	-1.267376597277672	1.2673765972776696
K18148	0.5449729955272354	-0.544972995527235
K18149	-0.24126161643244975	0.24126161643244914
K18205	-1.005456446474111	1.0054564464741091
K18214	-0.9300083483506917	0.93000834835069
K18220	-1.2109971966952529	1.2109971966952506
K18231	-1.4197426822383596	1.419742682238357
K18234	0.09703034940826881	-0.09703034940826889
K18237	1.420328193291159	-1.4203281932911578
K18324	-0.9131083804030925	0.9131083804030908
K18325	-0.3274668634113707	0.32746686341137
K18326	-0.5476435581049733	0.5476435581049722
K18330	-0.8013591151164713	0.8013591151164696
K18331	1.6572722537787636	-1.6572722537787614
K18332	0.4210253667435169	-0.42102536674351676
K18333	-2.145100991971607	2.1451009919716033
K18334	0.4310808814807187	-0.4310808814807185
K18344	0.5754692405789155	-0.575469240578915
K18346	-0.2373646396847193	0.2373646396847187
K18349	0.9156128198575056	-0.9156128198575045
K18350	-0.2010535024828478	0.201053502482847
K18369	0.9161513705611876	-0.9161513705611863
K18427	0.6333659648177902	-0.63336596481779
K18446	-1.2603336659139708	1.2603336659139683
K18471	1.2644580902981835	-1.264458090298182
K18475	0.951212886628455	-0.9512128866284536
K18478	-1.937789640081387	1.9377896400813834
K18581	1.2751913901608363	-1.2751913901608345
K18640	-0.36683850797807527	0.3668385079780742
K18650	-0.2974235555737569	0.29742355557375616
K18657	1.0728140310491052	-1.0728140310491039
K18672	0.3490825655928251	-0.3490825655928248
K18673	-1.592216551055675	1.5922165510556723
K18675	0.769329090308579	-0.7693290903085784
K18682	0.8761650547306177	-0.8761650547306165
K18691	-1.3780195971905607	1.3780195971905584
K18692	-0.22713559276455184	0.22713559276455125
K18697	-1.7513817754442604	1.7513817754442575
K18702	-1.1465643062535327	1.1465643062535305
K18704	-0.004641729027324866	0.004641729027324149
K18707	-0.7178196683312739	0.7178196683312724
K18765	-1.5632837447363426	1.56328374473634
K18778	-1.9955638403766816	1.9955638403766778
K18800	-0.7528676347653642	0.7528676347653628
K18814	0.6798805262488402	-0.6798805262488397
K18827	0.474193130142818	-0.4741931301428178
K18828	0.9090607674651037	-0.9090607674651028
K18831	-0.976701810263223	0.976701810263221
K18837	-1.423609913752285	1.4236099137522826
K18838	-1.4207900741637673	1.4207900741637645
K18850	-1.8324486991964404	1.8324486991964373
K18856	-1.0791263253095944	1.0791263253095924
K18887	1.629314315858916	-1.6293143158589143
K18888	1.423173734581262	-1.4231737345812598
K18889	1.2628562335703548	-1.2628562335703528
K18890	1.7747492096483624	-1.7747492096483601
K18895	-1.7764736252672066	1.7764736252672035
K18898	-1.0493089815218695	1.0493089815218677
K18899	-0.9173137608487658	0.9173137608487639
K18907	-1.155842672789308	1.155842672789306
K18910	0.24596071258600596	-0.24596071258600583
K18918	-0.8630292178932006	0.8630292178931988
K18922	-0.7946999525830333	0.7946999525830318
K18926	1.054366541296947	-1.0543665412969456
K18928	-1.5698174036198762	1.5698174036198733
K18929	0.28345268591376693	-0.2834526859137672
K18930	0.4168344161664519	-0.4168344161664517
K18954	-0.1344310542280666	0.13443105422806614
K18955	-1.2022437497139333	1.202243749713931
K18968	-1.2366668418657027	1.2366668418657003
K18979	-1.220998847741176	1.220998847741174
K18988	-0.7361241546828934	0.7361241546828917
K18991	-0.7302343310268096	0.730234331026808
K18997	-0.8863712900069113	0.8863712900069097
K19002	1.028163050854587	-1.0281630508545858
K19005	0.7034819296164343	-0.7034819296164336
K19048	0.7612918693673185	-0.7612918693673175
K19050	0.13619514337599628	-0.1361951433759963
K19052	1.0071908531786167	-1.0071908531786153
K19055	0.059695423583829954	-0.0596954235838301
K19068	-0.13643184001648165	0.13643184001648098
K19092	-0.8714407721726685	0.8714407721726666
K19115	-0.0249855585021582	0.024985558502157685
K19117	1.269982316594359	-1.2699823165943573
K19118	-0.6254467391953259	0.6254467391953245
K19119	-1.2228831052141083	1.2228831052141063
K19127	-0.23653455844973353	0.23653455844973292
K19128	-0.7121437620086205	0.7121437620086192
K19129	-0.006030538629496961	0.006030538629496478
K19147	-0.13060001744641686	0.1306000174464162
K19157	-1.8236412769486434	1.8236412769486405
K19158	-0.455173494187368	0.4551734941873671
K19159	-1.1547224379533503	1.1547224379533483
K19160	0.1985876350248965	-0.19858763502489643
K19162	-1.3724263788854218	1.3724263788854194
K19163	-0.20689792132141188	0.20689792132141155
K19164	-0.7654439502620316	0.7654439502620302
K19168	0.22859602435075002	-0.2285960243507499
K19221	0.4380880241447552	-0.43808802414475445
K19222	0.3734702729764043	-0.37347027297640395
K19225	1.318628117881605	-1.3186281178816035
K19226	-1.5898906445920524	1.5898906445920493
K19227	-1.1382393174285586	1.1382393174285566
K19228	-2.123032089311085	2.123032089311082
K19229	-0.6573099452963495	0.6573099452963482
K19230	-0.6122433927377572	0.612243392737756
K19234	-1.0722376810600538	1.0722376810600518
K19235	-0.023837311527574012	0.023837311527573738
K19236	0.21478520128231832	-0.2147852012823182
K19265	1.043186581327056	-1.0431865813270549
K19267	-0.8787445852963218	0.8787445852963203
K19268	0.6298406472790612	-0.6298406472790608
K19270	-1.506086964036787	1.5060869640367844
K19271	-1.6031995293395287	1.6031995293395256
K19285	-1.6262238944194842	1.6262238944194813
K19286	1.0669552523945471	-1.066955252394546
K19294	0.2651694567063143	-0.26516945670631437
K19302	-0.690585528825606	0.6905855288256046
K19303	-2.0498103711247575	2.049810371124754
K19304	0.16355418723152115	-0.16355418723152138
K19309	1.3179298201546887	-1.3179298201546872
K19310	0.6873777109785041	-0.6873777109785035
K19333	-0.9618038252901826	0.9618038252901806
K19334	0.26725336592776383	-0.26725336592776366
K19337	-1.629704786973579	1.629704786973576
K19338	0.24812974536133636	-0.24812974536133647
K19350	0.5515033176014714	-0.5515033176014713
K19353	0.188950507913604	-0.18895050791360393
K19354	-0.9421734014337049	0.942173401433703
K19405	-0.010962510630255265	0.01096251063025501
K19411	-0.8885893158454913	0.8885893158454897
K19416	-1.6813598407200727	1.68135984072007
K19421	-0.055036778490863074	0.05503677849086228
K19424	-1.0514767490288515	1.0514767490288497
K19427	0.09309734076962127	-0.09309734076962159
K19504	-0.09656731410635118	0.0965673141063508
K19505	1.0529651754994462	-1.052965175499445
K19506	1.3082458947108808	-1.3082458947108795
K19507	0.3646172777194001	-0.3646172777194003
K19508	1.4821872399446905	-1.482187239944688
K19509	-0.11698817213109321	0.11698817213109279
K19510	-1.0145890914839888	1.0145890914839868
K19545	-1.525674672453786	1.5256746724537833
K19577	-1.598919916662219	1.5989199166622163
K19585	-0.9129621407017245	0.9129621407017227
K19586	-1.0944303971641818	1.0944303971641796
K19587	-1.3525075684886234	1.3525075684886212
K19591	-1.2327087497765141	1.232708749776512
K19611	0.13045846635318045	-0.13045846635318048
K19689	-0.08315966835461515	0.08315966835461479
K19697	-0.939063149870069	0.9390631498700673
K19709	-1.3905886498812032	1.390588649881201
K19710	-0.8002485240838241	0.8002485240838224
K19745	-1.4187826445810034	1.4187826445810008
K19775	-0.41071450945708077	0.41071450945707966
K19776	-1.825213237487872	1.8252132374878687
K19784	-1.1254835106388865	1.1254835106388843
K19789	-1.714400116599106	1.714400116599103
K19802	-0.4687464967823869	0.46874649678238567
K19803	-0.15756298455439055	0.15756298455439008
K19804	-1.0531281372449952	1.0531281372449934
K19810	-0.3520369665979539	0.35203696659795286
K19824	0.03227422445297258	-0.032274224452973004
K19837	0.21542793270567856	-0.2154279327056787
K19954	-0.8939911749864201	0.8939911749864184
K19955	-0.12255044920793863	0.1225504492079382
K19956	-1.5301365077468336	1.530136507746831
K19997	0.5504395454197152	-0.5504395454197148
K20023	-0.0006310556935138456	0.0006310556935136078
K20037	-0.427087160229138	0.4270871602291371
K20038	1.2102115873788866	-1.2102115873788852
K20073	0.19203612619463536	-0.1920361261946353
K20074	0.1171007977344802	-0.11710079773448051
K20107	-1.8999160582430066	1.8999160582430035
K20108	-0.3089858524954886	0.30898585249548793
K20114	1.348812380360731	-1.3488123803607295
K20116	1.4235792144915407	-1.4235792144915385
K20117	0.04745726854246761	-0.047457268542467776
K20118	0.6055773628687826	-0.6055773628687822
K20263	0.0498090886413034	-0.04980908864130356
K20264	-1.2516625742726157	1.2516625742726133
K20265	0.9409135518227014	-0.9409135518227002
K20276	-1.055350159210448	1.055350159210446
K20342	-0.3316606529158109	0.33166065291581015
K20344	1.0956166359064452	-1.0956166359064439
K20345	0.3711876043812722	-0.3711876043812721
K20415	0.1088299446399264	-0.1088299446399267
K20429	-0.4886021810392051	0.4886021810392041
K20444	1.0679736862673939	-1.0679736862673928
K20459	-0.00016977683850349134	0.00016977683850325423
K20460	-1.9805884164829648	1.9805884164829615
K20461	1.3960576044106552	-1.3960576044106534
K20480	0.5751347519369535	-0.5751347519369526
K20487	-0.9319502402007261	0.9319502402007245
K20488	-0.1953739444734014	0.19537394447340084
K20490	0.8103511732903468	-0.8103511732903459
K20491	0.5755746455376657	-0.575574645537665
K20492	0.8171250448606762	-0.8171250448606753
K20509	0.9124303950611736	-0.9124303950611727
K20534	-0.0434375452499719	0.04343754524997136
K20541	-2.182588955180529	2.1825889551805253
K20542	0.1256253904363668	-0.12562539043636686
K20543	0.9748044036043028	-0.9748044036043018
K20609	0.5880777513985802	-0.5880777513985795
K20765	-0.7096172848076401	0.7096172848076387
K20814	1.0910171809195766	-1.0910171809195752
K20861	-0.6017563965511354	0.6017563965511342
K20862	0.7372159636198566	-0.737215963619856
K20866	0.9320171614568731	-0.9320171614568723
K20881	-0.0028161030140624534	0.0028161030140622123
K20920	-1.098446544285333	1.098446544285331
K20938	-0.4829475126585195	0.4829475126585185
K21011	-1.1806360806320262	1.180636080632024
K21012	-1.4415765738132287	1.4415765738132262
K21021	-1.7733616614768073	1.7733616614768042
K21028	-0.759100757807709	0.7591007578077076
K21029	1.3118559476848504	-1.3118559476848486
K21063	-1.309685776381219	1.3096857763812166
K21064	0.34560767835748196	-0.34560767835748146
K21065	-0.5678109553188607	0.5678109553188596
K21071	1.125717582795854	-1.1257175827958523
K21084	0.6860791828791359	-0.6860791828791354
K21085	-0.007318547350408503	0.007318547350407781
K21086	-1.067937429853024	1.067937429853022
K21087	0.03005090506873801	-0.030050905068738438
K21088	-1.3403942128921535	1.340394212892151
K21089	1.1478440167294346	-1.147844016729433
K21090	0.798100120891317	-0.7981001208913159
K21132	0.45217061865676544	-0.4521706186567647
K21298	0.7935696514893781	-0.7935696514893771
K21393	0.5629975896522876	-0.5629975896522867
K21394	0.4787552749150013	-0.47875527491500103
K21395	-1.4419347392450774	1.441934739245075
K21400	-0.7992011584539785	0.7992011584539771
K21405	1.1148015858485933	-1.1148015858485922
K21416	-0.7853189527379962	0.7853189527379948
K21417	0.07052617259293038	-0.07052617259293074
K21430	-0.15930979885556176	0.15930979885556104
K21449	-1.3924499767549412	1.3924499767549385
K21464	0.7087635014930547	-0.7087635014930541
K21465	-0.9159416815847796	0.915941681584778
K21467	1.519866728932604	-1.519866728932602
K21469	0.11993883330135342	-0.11993883330135395
K21470	-0.4323054719645792	0.432305471964578
K21471	-0.24898511796295503	0.24898511796295464
K21472	-0.8004307435991068	0.8004307435991052
K21495	-1.8640188842025083	1.8640188842025047
K21498	-0.4097734391980926	0.4097734391980918
K21511	-1.2652930702837262	1.265293070283724
K21512	0.30786852513983165	-0.30786852513983115
K21528	-1.3211863870067992	1.3211863870067968
K21557	1.379305071649747	-1.3793050716497453
K21567	-0.43823030247015055	0.4382303024701496
K21571	0.9522005240254526	-0.9522005240254514
K21572	1.4655356633145742	-1.4655356633145726
K21573	0.7433398490200295	-0.7433398490200285
K21574	1.2826239563546509	-1.2826239563546493
K21575	1.086782691317104	-1.0867826913171028
K21576	-0.2409453382585318	0.24094533825853118
K21577	0.920844685261783	-0.9208446852617823
K21578	1.2547966906768797	-1.2547966906768784
K21583	0.7015373498768456	-0.7015373498768448
K21600	-1.7245232118817204	1.7245232118817175
K21602	-0.9713431145732145	0.9713431145732125
K21613	-1.3775949720478207	1.3775949720478178
K21636	1.0181920089462033	-1.018192008946202
K21638	0.6021839320388442	-0.6021839320388438
K21645	0.4598379914273317	-0.4598379914273317
K21672	-0.9323414047575003	0.9323414047574984
K21681	0.7386001592535616	-0.7386001592535607
K21695	-0.8781930084714793	0.8781930084714774
K21698	-0.36929513677600573	0.3692951367760047
K21739	-0.6192311750987896	0.6192311750987881
K21741	0.7883039405008445	-0.7883039405008437
K21742	-0.3006727441222879	0.3006727441222874
K21746	-1.1408618066067937	1.1408618066067915
K21755	-1.8028341613115904	1.8028341613115868
K21885	0.31556274565710213	-0.31556274565710235
K21898	0.18912731810021627	-0.1891273181002162
K21901	-0.7254103866387787	0.7254103866387773
K21903	-0.8176527339836122	0.8176527339836107
K21905	-0.10833897723945685	0.10833897723945644
K21906	-1.0560608393023831	1.0560608393023811
K21907	0.05231792923320987	-0.05231792923321002
K21908	-0.7649047312010729	0.7649047312010715
K21929	1.0660792492789732	-1.0660792492789721
K21936	-0.0968045190412002	0.09680451904119958
K21948	-0.06844662639341345	0.06844662639341312
K21963	-1.9314974573491124	1.9314974573491088
K21964	-0.3485556970732565	0.3485556970732555
K21965	-0.9463758733708667	0.9463758733708648
K21966	-0.03558573350938486	0.0355857335093841
K21967	0.5433664062304339	-0.5433664062304334
K21968	0.5298681709070762	-0.5298681709070754
K21972	-1.0877989178465453	1.0877989178465433
K21973	-0.8980923780197927	0.8980923780197911
K21975	-1.6829003741133757	1.6829003741133726
K21977	1.0436971680075484	-1.043697168007547
K21990	-1.1679347130746858	1.1679347130746836
K21993	0.9173462258978411	-0.9173462258978401
K22010	-1.6942735026497366	1.6942735026497338
K22014	-1.971204607284797	1.9712046072847937
K22015	0.041452697159729504	-0.04145269715972968
K22024	1.1082595517540461	-1.108259551754045
K22041	1.4082808298293708	-1.408280829829369
K22044	-1.7971384751346648	1.7971384751346617
K22051	-0.5940781635170159	0.5940781635170148
K22104	-0.29892797982667074	0.29892797982667
K22105	0.48571345090353696	-0.48571345090353646
K22110	-1.0178071914090339	1.0178071914090319
K22111	0.24878730337708369	-0.24878730337708355
K22129	-1.4882872801803064	1.4882872801803035
K22130	0.8970524867842257	-0.897052486784225
K22131	-0.7718091101526217	0.77180911015262
K22132	1.42261440548922	-1.422614405489218
K22212	0.1887081050537073	-0.18870810505370747
K22214	1.2890228031148816	-1.28902280311488
K22226	0.30420482960847456	-0.30420482960847484
K22230	0.6011618419809414	-0.6011618419809409
K22270	-0.8062928247096777	0.806292824709676
K22278	0.2768459317711828	-0.27684593177118255
K22293	0.7344395472381995	-0.7344395472381988
K22306	-0.44607938557128873	0.44607938557128757
K22315	-1.3452307425048409	1.3452307425048384
K22349	-0.4173972752215383	0.4173972752215374
K22373	-0.9278179139058871	0.9278179139058852
K22396	0.8972279755408106	-0.8972279755408097
K22397	-1.1355350792926486	1.1355350792926464
K22405	0.9157351024482393	-0.9157351024482381
K22430	-0.1759064653812611	0.17590646538126034
K22431	0.0039232210731941965	-0.003923221073194427
K22432	-1.0286805645516646	1.0286805645516626
K22441	1.4793375637298987	-1.479337563729897
K22457	0.026269319815579523	-0.026269319815579485
K22477	0.43805453874104494	-0.4380545387410442
K00086	-1.3036881230499466	1.3036881230499444
K00209	0.9167763191096221	-0.916776319109621
K00231	-1.3728689153441915	1.3728689153441889
K00303	1.119691698653789	-1.1196916986537877
K00318	-0.10888343551033464	0.108883435510334
K00448	-0.8984612650483342	0.8984612650483325
K00520	0.6015947667255346	-0.6015947667255341
K00561	0.061294292426870116	-0.06129429242687026
K00603	1.152829658732249	-1.1528296587322477
K00689	0.37177305479352496	-0.3717730547935244
K00721	1.7562308930390875	-1.7562308930390855
K00844	0.2569557438376735	-0.25695574383767356
K00895	0.25166537130501837	-0.2516653713050182
K00897	-1.7460573701772473	1.746057370177244
K00984	-0.27340333083771967	0.27340333083771856
K01156	1.4064037799294016	-1.4064037799294002
K01218	-0.000658547715064905	0.0006585477150646671
K01235	1.1645967619857627	-1.1645967619857613
K01361	1.1974396365147453	-1.197439636514744
K01593	1.3568552084103531	-1.3568552084103513
K01761	-0.3594954517996541	0.3594954517996533
K01771	1.234177922706599	-1.2341779227065974
K01841	0.5725662759338772	-0.5725662759338768
K01856	-1.2256969860385225	1.2256969860385203
K01968	-1.1024605053463872	1.1024605053463854
K02463	-0.9089925540496555	0.9089925540496538
K02508	-0.04874864717013757	0.04874864717013702
K02611	-0.7375080522763954	0.737508052276394
K02671	0.6936453199905775	-0.6936453199905765
K03146	0.24387218341896733	-0.2438721834189672
K04561	-0.8372800196570175	0.8372800196570159
K05338	-0.7261636211291449	0.7261636211291436
K05603	-0.22337130634932786	0.2233713063493275
K05713	-0.27774092894492325	0.2777409289449226
K05714	-0.1221081429620096	0.12210814296200918
K05795	-0.18032631152237005	0.18032631152236953
K05836	-0.02703496868441842	0.027034968684417907
K05921	-1.2577014504095505	1.2577014504095483
K05988	0.959292833877972	-0.959292833877971
K06310	-0.8535390186462729	0.8535390186462711
K06320	-0.2584497302920617	0.2584497302920613
K06403	-0.7206320384817981	0.7206320384817968
K06893	-0.47241741602120557	0.4724174160212044
K06903	-2.147331018909953	2.1473310189099486
K06905	-0.09915895719237368	0.09915895719237305
K06989	0.8866105967808027	-0.8866105967808013
K06994	0.7801063873045776	-0.7801063873045769
K07016	-0.6953148568385159	0.6953148568385146
K07130	1.3873099744219213	-1.3873099744219195
K07168	0.3340454900652484	-0.33404549006524814
K07316	1.392388275466064	-1.3923882754660617
K07401	-0.5669420645838567	0.5669420645838555
K07450	-0.7692897940230615	0.7692897940230601
K07469	1.6824234527718036	-1.6824234527718016
K07492	0.4342428672059774	-0.4342428672059772
K07502	1.043608952037374	-1.0436089520373726
K07504	-0.6559344147107121	0.6559344147107108
K07505	0.2619819851740306	-0.2619819851740307
K07707	0.8617899826296511	-0.8617899826296501
K07775	-0.3850614422095572	0.3850614422095561
K08152	-0.14493237231855494	0.14493237231855446
K08357	-0.5818327333733258	0.5818327333733244
K08363	-0.24370201376568282	0.24370201376568196
K08365	-1.1154454297184604	1.1154454297184582
K08566	-0.06493970526937135	0.06493970526937101
K08676	1.197245610472706	-1.1972456104727045
K09002	0.1621238088255698	-0.16212380882557
K09011	1.769068857876764	-1.769068857876761
K09123	-0.37896166645321777	0.3789616664532167
K09459	0.18727110781897482	-0.18727110781897477
K09472	-0.0741791949302055	0.07417919493020492
K09770	1.491954916532804	-1.4919549165328019
K09797	0.8451118000113116	-0.8451118000113107
K09924	1.1884942671310181	-1.1884942671310168
K09932	-1.3891265021342378	1.3891265021342356
K10241	-1.0045450956167454	1.0045450956167437
K10747	-0.3688301730772013	0.36883017307720045
K11004	-0.6985184745740806	0.6985184745740792
K11008	0.4697632932664022	-0.4697632932664017
K11527	1.2794938579531332	-1.2794938579531319
K11690	0.2941082227429347	-0.2941082227429345
K11709	1.3529292554110788	-1.3529292554110766
K11959	-1.281486654481099	1.2814866544810968
K12070	-0.048668279819450835	0.04866827981945029
K12072	-0.04434313975454985	0.044343139754549545
K12218	-1.163130061077076	1.1631300610770738
K12240	-0.571124969150222	0.5711249691502206
K12255	-1.4085535288403324	1.40855352884033
K12268	-0.574424884834272	0.5744248848342709
K12296	0.1977245959668199	-0.1977245959668196
K12343	0.48339258045869804	-0.48339258045869754
K12472	1.3726135209167851	-1.3726135209167833
K12997	1.0289411049635135	-1.0289411049635122
K13075	0.8168283570575917	-0.8168283570575907
K13607	1.2089531126120676	-1.2089531126120663
K13668	-1.441013352162488	1.441013352162485
K13732	1.3974247530789206	-1.3974247530789192
K13818	-1.4629507172143772	1.4629507172143748
K14057	-0.8114981738404146	0.8114981738404129
K14379	1.6453947696233406	-1.6453947696233384
K15269	-1.2138317075220406	1.2138317075220382
K15531	1.2790286216919964	-1.279028621691995
K15876	1.5987702934101593	-1.5987702934101566
K15894	-0.24016729615820803	0.24016729615820717
K15922	-1.6464404860447581	1.6464404860447552
K16014	-0.5333113428075935	0.5333113428075925
K16165	-1.2420100874905071	1.2420100874905047
K16211	0.8245372435374008	-0.8245372435373999
K16213	1.4376478970921496	-1.4376478970921474
K16650	1.1865924991358578	-1.1865924991358565
K17218	1.0862931795040895	-1.0862931795040882
K17234	1.0464109576693537	-1.0464109576693528
K18197	-0.8657937732797925	0.8657937732797907
K18206	-1.1754231587769628	1.1754231587769606
K18244	-0.8678066475874519	0.8678066475874501
K18320	-0.6847022755840931	0.6847022755840918
K18445	-0.25697148170025325	0.25697148170025264
K18474	-0.9688694061408328	0.9688694061408311
K18480	0.9115433359450715	-0.9115433359450702
K18785	0.7623032757630477	-0.7623032757630469
K18829	0.4240490796010638	-0.42404907960106336
K19046	0.6701814357119525	-0.6701814357119518
K19049	0.7907951583665274	-0.7907951583665264
K19057	0.172916213702122	-0.17291621370212223
K19058	-1.4054302527749385	1.4054302527749358
K19059	1.009700527125357	-1.0097005271253556
K19075	0.6296763927789846	-0.6296763927789838
K19090	1.1236229799650959	-1.1236229799650943
K19123	0.8519660150636608	-0.8519660150636598
K19124	1.1005702189791284	-1.1005702189791273
K19125	-0.8651458318411457	0.8651458318411441
K19126	0.6342377583893509	-0.6342377583893505
K19139	1.2899352568145166	-1.2899352568145146
K19140	-0.47972238677631923	0.47972238677631823
K19165	1.4581805371470546	-1.4581805371470535
K19166	-0.06644424594009479	0.06644424594009422
K19170	0.3898261567096054	-0.3898261567096053
K19171	-0.29860878651738465	0.29860878651738393
K19180	-0.16101671505931273	0.16101671505931175
K19224	-0.25666823563992514	0.25666823563992425
K19428	0.37419068865954425	-0.37419068865954436
K19431	-0.6741820239007139	0.6741820239007125
K19540	-1.0087156815392335	1.0087156815392317
K20483	1.0187157327817402	-1.0187157327817389
K20484	1.4103615039822852	-1.4103615039822834
K20533	-0.17346924648564377	0.17346924648564327
K20885	0.3687247273131201	-0.36872472731312006
K20903	-0.20407241266276002	0.20407241266275924
K20904	0.3142146908484436	-0.3142146908484434
K21030	0.34248672984660705	-0.3424867298466065
K21350	-1.488312238027942	1.4883122380279397
K21397	0.3435416875331704	-0.3435416875331701
K21688	0.0009970226656117543	-0.0009970226656119895
K21712	-1.7544083370387604	1.754408337038757
K22103	-0.416237133251095	0.4162371332510939
K22227	1.5107808577152295	-1.5107808577152277
K22300	-0.6944241537352662	0.6944241537352647
K22330	-0.10481468190670494	0.10481468190670477
K22489	-1.202917241863835	1.2029172418638328
K00015	-0.4240297327176264	0.4240297327176255
K00274	0.439010604765165	-0.4390106047651648
K00294	0.26536220682640166	-0.26536220682640127
K00394	-0.5550541581216043	0.5550541581216032
K00395	1.1501562728234878	-1.1501562728234869
K00435	-0.24235257603379565	0.24235257603379456
K00819	1.589613172994277	-1.589613172994275
K00972	0.3755347686570823	-0.3755347686570817
K01046	-0.16370042460375858	0.16370042460375808
K01181	1.1314207329318646	-1.1314207329318633
K01322	0.5887107540578577	-0.588710754057857
K01601	0.7688060401174233	-0.7688060401174225
K02022	0.05774213329472872	-0.057742133294728874
K02136	0.6071387984334349	-0.6071387984334341
K03219	0.13888759297076628	-0.13888759297076653
K03225	0.42574762229792956	-0.4257476222979292
K03226	1.4459853684073682	-1.4459853684073665
K03228	0.17715879021007272	-0.17715879021007244
K03229	-0.013884611443722121	0.013884611443721863
K03230	1.5210822057283906	-1.5210822057283886
K03388	1.5085395413440734	-1.5085395413440723
K03389	0.26817649186031883	-0.2681764918603189
K03390	0.8290723299274511	-0.8290723299274504
K03409	0.774953421875045	-0.7749534218750443
K05305	-0.10382840298354391	0.10382840298354329
K05658	-1.6693883249970132	1.6693883249970105
K05708	1.0538760528131454	-1.0538760528131441
K05711	0.8282026007672665	-0.8282026007672657
K05817	0.1305293408485721	-0.13052934084857237
K05967	1.2949650171593505	-1.2949650171593492
K06331	0.5350662036055481	-0.5350662036055478
K07096	1.0813167269564103	-1.0813167269564088
K07353	0.859165519281557	-0.8591655192815563
K07356	1.2856551732923422	-1.2856551732923407
K07739	-1.4226192180229817	1.422619218022979
K07777	0.18322506198424568	-0.18322506198424565
K08717	0.3408285159691781	-0.34082851596917807
K09124	0.8149753136369275	-0.8149753136369264
K09128	-0.09099424491434434	0.09099424491434349
K09469	0.08203670576211755	-0.08203670576211741
K09515	0.37670599726677384	-0.37670599726677373
K09789	0.17339485752877754	-0.1733948575287775
K09939	1.5900010193884069	-1.5900010193884049
K09960	-0.2894538234969548	0.2894538234969539
K10120	-0.5817722898943057	0.5817722898943043
K10122	-1.4037990594372132	1.4037990594372107
K11177	1.516275059227768	-1.5162750592277663
K11178	-0.202226612573972	0.20222661257397148
K11332	0.16939096247410862	-0.16939096247410906
K11778	0.029165209282905363	-0.029165209282905554
K11920	0.8799212997488963	-0.8799212997488952
K12138	0.34243686704869547	-0.3424368670486952
K12139	-0.10639816730495197	0.10639816730495133
K12140	1.2692302509098077	-1.2692302509098061
K12141	0.9603819312135656	-0.9603819312135649
K12142	0.9525673478556375	-0.9525673478556362
K12146	-0.4785845978994983	0.4785845978994971
K12506	0.22182059274503843	-0.22182059274503857
K13002	1.4628484832947695	-1.4628484832947681
K13285	0.6953063598550238	-0.6953063598550229
K13287	0.5639036531020514	-0.563903653102051
K13927	0.7443896152957606	-0.74438961529576
K14048	0.947208897245155	-0.9472088972451539
K14127	1.159315001754823	-1.1593150017548217
K15212	0.6577368410051789	-0.6577368410051779
K15725	0.3508066826712555	-0.3508066826712554
K15835	0.10925304325790938	-0.10925304325790969
K16936	-0.13426384271987693	0.13426384271987601
K16937	0.36716953653029694	-0.3671695365302966
K17947	-0.9054247335381685	0.905424733538167
K18015	0.8426418123237027	-0.8426418123237017
K18221	0.39980224757331223	-0.39980224757331234
K18345	-0.26903791631535345	0.26903791631535234
K18430	-0.36057958662808937	0.3605795866280886
K18479	-0.5918745334738031	0.5918745334738019
K18530	-1.084606349297369	1.0846063492973672
K18531	-1.458098400948975	1.4580984009489724
K18589	0.5732078791776932	-0.5732078791776927
K18986	0.767233271336272	-0.7672332713362712
K19134	-0.8808725247640424	0.8808725247640407
K19155	1.0779823482593567	-1.0779823482593556
K19335	-0.1712620465880256	0.1712620465880251
K19336	0.7918005270429669	-0.7918005270429662
K19355	1.2673379541083543	-1.2673379541083527
K19429	-0.2052437586004918	0.20524375860049124
K20382	-0.06411048035782646	0.06411048035782589
K21023	0.037364152186712664	-0.03736415218671308
K21140	0.22534171383536247	-0.22534171383536258
K21364	1.5750322451570116	-1.57503224515701
K21556	1.456769188446709	-1.4567691884467073
K22074	-0.9259986369550646	0.9259986369550627
K22443	0.10366116360193035	-0.10366116360193042
K22444	-0.3062713594020285	0.30627135940202777
K22486	0.5094958411544017	-0.5094958411544012
K22488	0.3858586533321606	-0.38585865333216024
K00148	-0.3357586228961574	0.33575862289615666
K01039	0.1400367488047042	-0.14003674880470446
K01434	-0.06026649004170372	0.06026649004170316
K01473	0.13426410350931853	-0.13426410350931856
K03196	-0.9761517983894344	0.9761517983894324
K03204	-1.1505546157215356	1.1505546157215336
K06906	0.9335086273403654	-0.9335086273403643
K08256	-0.7923449497770895	0.7923449497770878
K11707	-1.6490016240941259	1.6490016240941232
K11708	-0.6598717108763829	0.6598717108763814
K11710	-0.7594598852391178	0.7594598852391165
K12203	-0.4262292684245945	0.42622926842459363
K12204	-1.0138765443717996	1.0138765443717979
K12206	0.45970199456562916	-0.4597019945656289
K12209	-0.6661825140887506	0.6661825140887491
K12211	-1.7044266035181332	1.70442660351813
K12213	-0.5909077524508228	0.5909077524508214
K12214	-0.06869220033719631	0.06869220033719596
K12217	-0.6393850080649277	0.6393850080649263
K12228	0.9975084393983604	-0.9975084393983596
K13923	-1.6899707309675014	1.689970730967498
K17816	-1.148563143769637	1.148563143769635
K19132	0.44509403914189155	-0.44509403914189083
K19299	1.0470984005962747	-1.0470984005962733
K19883	1.0445820048913175	-1.044582004891316
K02021	0.029698796459212282	-0.029698796459212945
K02651	1.4639527834546222	-1.4639527834546204
K03301	1.060058735002859	-1.0600587350028579
K04343	0.0022670592156632022	-0.0022670592156636723
K05521	-0.48551821553394187	0.48551821553394087
K08151	0.1570393815093796	-0.15703938150937985
K15505	1.050432591644631	-1.05043259164463
K15898	0.7321429852880132	-0.7321429852880127
K16515	-0.40709035263003956	0.4070903526300385
K16516	-1.8057797699332658	1.805779769933263
K18824	0.5595176104293871	-0.5595176104293867
K19793	0.9597832286896506	-0.9597832286896497
K20489	0.1266590721451907	-0.12665907214519073
K01236	0.3403820063663238	-0.34038200636632354
K03194	-0.7203414650364315	0.7203414650364302
K03195	0.6833074562245622	-0.6833074562245617
K03201	0.5874511617266541	-0.5874511617266532
K03203	0.9369623369518025	-0.9369623369518016
K06120	-0.43245004391789965	0.4324500439178985
K07128	-1.3396073950347005	1.3396073950346978
K09882	-1.373972510987825	1.373972510987822
K10242	-0.5622238116960674	0.5622238116960661
K11083	0.21517098833029885	-0.21517098833029874
K12979	-0.22910618665350568	0.2291061866535051
K15054	-1.1299170034465167	1.1299170034465145
K18146	-1.2160001594717198	1.2160001594717176
K18301	-0.4256722301454833	0.4256722301454821
K18476	0.4312409700500327	-0.43124097005003253
K19231	-0.7906209389328885	0.7906209389328869
K19273	0.13555472400129304	-0.1355547240012933
K01561	0.9087075196972334	-0.9087075196972324
K07076	0.5951429041779824	-0.595142904177982
K08222	0.07433427885195998	-0.07433427885196034
K10240	0.37357187190774027	-0.37357187190773994
K12454	1.4895363458355506	-1.489536345835549
K13990	0.03391645554802751	-0.0339164555480277
K19262	-1.0613274707640359	1.0613274707640339
K21076	0.035931207651375634	-0.03593120765137558
K21923	-0.8601865623989152	0.8601865623989134
K13403	0.1787809277149118	-0.178780927714912
K13663	0.6913914227121947	-0.6913914227121938
K10673	-0.0017905851982038057	0.0017905851982033293
K12733	0.9915751607752695	-0.9915751607752684
K14153	-0.39669280541686214	0.3966928054168613
K15924	0.2594719405301878	-0.25947194053018735
K21749	0.7040017460106245	-0.7040017460106236
K09141	0.16895972488983171	-0.16895972488983216
K12685	-0.058823498707689596	0.05882349870768927
K18698	-0.3627177740515241	0.3627177740515233
K19175	0.09213911119176664	-0.09213911119176697
K15739	0.6299248558637888	-0.6299248558637878
K12990	-0.611414875972129	0.6114148759721277
K18959	-0.414968503280121	0.41496850328012014
K22311	-0.3948297258400683	0.3948297258400675
K16323	0.5189879668384002	-0.5189879668383997
PF00004	-0.3735424402202647	0.3735424402202639
PF00005	1.2755306151193437	-1.2755306151193422
PF00006	0.6838589112320445	-0.6838589112320436
PF00009	-0.994167184697288	0.994167184697286
PF00011	1.63512419558347	-1.6351241955834672
PF00012	-0.8763253615515225	0.876325361551521
PF00015	-0.38639052155404885	0.386390521554048
PF00023	0.6812621966087417	-0.6812621966087408
PF00027	-2.2246923207489617	2.2246923207489573
PF00036	0.2163203154752559	-0.21632031547525582
PF00037	0.12284564621528736	-0.1228456462152874
PF00041	-0.1795617383390087	0.17956173833900796
PF00044	-1.8314616807178055	1.8314616807178024
PF00056	0.9334526011078698	-0.9334526011078685
PF00069	0.8682963501175184	-0.8682963501175177
PF00070	1.298203113390822	-1.2982031133908205
PF00072	1.371561483493715	-1.3715614834937135
PF00075	-1.3172868756274438	1.3172868756274416
PF00076	0.251099625813795	-0.25109962581379486
PF00078	-0.7365917651730538	0.7365917651730525
PF00079	-1.7639712590831942	1.763971259083191
PF00082	0.5425493116918424	-0.5425493116918421
PF00083	0.3612565440378863	-0.3612565440378862
PF00085	1.2413384289243612	-1.2413384289243596
PF00089	-0.9252633522300056	0.9252633522300039
PF00091	0.21177059482670532	-0.21177059482670524
PF00092	0.39530734021199443	-0.39530734021199404
PF00106	-1.6627486730612466	1.662748673061244
PF00107	-1.8034366576591032	1.8034366576590997
PF00108	-0.5374399768904906	0.5374399768904895
PF00109	0.603534597107552	-0.6035345971075513
PF00111	0.9913678299487277	-0.9913678299487264
PF00112	0.6425695787460011	-0.6425695787460004
PF00113	-1.4908824677666719	1.4908824677666692
PF00115	0.4050579100934213	-0.4050579100934211
PF00117	-1.6161641039665595	1.6161641039665569
PF00118	0.7220687919577726	-0.722068791957772
PF00119	0.18112758582035945	-0.18112758582035987
PF00120	-2.062305888471848	2.062305888471844
PF00121	-2.069859388271516	2.069859388271512
PF00122	-1.2793926919285157	1.2793926919285132
PF00126	-0.3822309916773938	0.3822309916773928
PF00128	-0.47264580132944584	0.47264580132944467
PF00132	-0.3585501748332987	0.3585501748332977
PF00133	-1.763262533816431	1.763262533816428
PF00135	0.04636691779395006	-0.046366917793950226
PF00137	1.197432287218173	-1.1974322872181717
PF00140	-0.21340904613147946	0.21340904613147887
PF00141	-1.7242500772427536	1.7242500772427507
PF00142	-0.9077902425457276	0.9077902425457257
PF00144	0.6901065111573053	-0.6901065111573046
PF00145	-2.289893599002092	2.289893599002088
PF00146	-0.4748485864623738	0.4748485864623729
PF00148	0.7171873674488229	-0.717187367448822
PF00149	-0.21975320769336207	0.219753207693361
PF00150	1.0773800586761981	-1.0773800586761968
PF00152	-0.883726146300589	0.8837261463005874
PF00154	0.6187783008428808	-0.6187783008428803
PF00155	-1.081205538583173	1.0812055385831707
PF00156	0.990388704840579	-0.9903887048405778
PF00158	-1.4074666732035614	1.4074666732035588
PF00160	0.8501782587297636	-0.8501782587297627
PF00162	0.1548717214406568	-0.15487172144065703
PF00163	-0.9185808019745622	0.9185808019745605
PF00164	-2.1625821386180113	2.1625821386180077
PF00165	0.17429268849505444	-0.17429268849505442
PF00166	-1.5286533513089142	1.5286533513089118
PF00171	-1.5483270531676594	1.5483270531676567
PF00174	-0.9891319296458636	0.9891319296458618
PF00175	-1.3546071309329644	1.3546071309329617
PF00176	0.3672881015496523	-0.367288101549652
PF00177	-0.4424272255048062	0.442427225504805
PF00180	0.6841802446827047	-0.6841802446827041
PF00181	-0.5354295185159277	0.5354295185159265
PF00182	0.33389723122608095	-0.3338972312260804
PF00183	-0.31632472594759337	0.31632472594759264
PF00185	-0.9113191966668622	0.9113191966668606
PF00186	-0.37208552742605133	0.3720855274260503
PF00188	0.7154905229735092	-0.7154905229735086
PF00189	-0.4328555183227487	0.4328555183227478
PF00194	0.1719034989414132	-0.17190349894141294
PF00196	1.1478738470764198	-1.1478738470764183
PF00198	-0.7421711427642156	0.7421711427642143
PF00199	0.05719847490431025	-0.0571984749043104
PF00202	-1.1406040523742864	1.1406040523742844
PF00203	-2.215929778100752	2.2159297781007483
PF00204	-1.2060225264286675	1.206022526428665
PF00205	-2.0900307515284955	2.090030751528492
PF00206	-0.10922812289351291	0.10922812289351204
PF00207	1.5854236855216715	-1.5854236855216697
PF00208	-1.9928999316985174	1.9928999316985139
PF00209	1.5891876028035976	-1.5891876028035954
PF00210	-0.7213507620261443	0.7213507620261427
PF00213	-1.048894951423018	1.048894951423016
PF00215	0.7746104615915677	-0.774610461591567
PF00216	0.7531413141362087	-0.7531413141362074
PF00217	-0.859119140293373	0.8591191402933714
PF00218	1.0217466662533492	-1.0217466662533476
PF00221	0.42149532007319607	-0.4214953200731959
PF00224	-1.7387359643878124	1.7387359643878095
PF00226	1.0382650346323041	-1.038265034632303
PF00230	-1.041624754247419	1.041624754247417
PF00231	-1.3292610602835229	1.3292610602835202
PF00232	-0.5123274770082116	0.5123274770082106
PF00237	-2.099334744518643	2.0993347445186394
PF00238	-1.6696221353984586	1.669622135398456
PF00239	-1.2407317653392589	1.2407317653392564
PF00245	0.29817998483857283	-0.2981799848385726
PF00246	1.1153107695448077	-1.1153107695448063
PF00248	-2.043863750160754	2.0438637501607504
PF00249	-0.2199354879847435	0.21993548798474316
PF00251	-0.9854227395647691	0.9854227395647671
PF00252	-0.02937249727648988	0.029372497276489364
PF00253	-1.0736603192002574	1.0736603192002552
PF00254	0.04495758544711319	-0.0449575854471136
PF00258	-1.0878660722050904	1.0878660722050884
PF00263	-1.4777232876358046	1.4777232876358022
PF00265	1.3806272112861866	-1.3806272112861848
PF00266	-1.8906169049324995	1.8906169049324961
PF00267	0.394290798236151	-0.3942907982361504
PF00268	0.15315839003853043	-0.15315839003853043
PF00270	0.14106424903535036	-0.1410642490353504
PF00271	0.5940188397153178	-0.5940188397153171
PF00275	-0.1168033746758232	0.11680337467582232
PF00276	-1.667798232155759	1.667798232155756
PF00278	1.3495638581040914	-1.3495638581040896
PF00282	-0.18613628339985566	0.18613628339985538
PF00285	0.8048854588667446	-0.8048854588667439
PF00288	1.2620070156043455	-1.262007015604344
PF00289	0.3729732076534089	-0.37297320765340836
PF00290	0.31437064834186124	-0.31437064834186096
PF00291	0.11361233467183005	-0.11361233467182986
PF00293	-0.23744517030625992	0.23744517030625908
PF00294	-1.5067627290970325	1.5067627290970294
PF00295	1.0831784009032468	-1.0831784009032452
PF00296	-0.7255771676841609	0.7255771676841596
PF00297	-1.5153084174844311	1.5153084174844287
PF00300	-0.20747128475467802	0.20747128475467747
PF00302	1.2143149508915903	-1.214314950891589
PF00303	-1.2056078096890845	1.2056078096890825
PF00306	-0.8222151930667865	0.822215193066785
PF00308	-0.8505984074407262	0.8505984074407247
PF00310	0.4062063549049598	-0.40620635490495943
PF00311	-0.9763345779466607	0.9763345779466588
PF00312	0.3052769121870143	-0.305276912187014
PF00313	-1.0695189312599132	1.069518931259911
PF00317	-0.16510202499645354	0.1651020249964526
PF00318	-0.5370811534452454	0.5370811534452443
PF00324	-1.2918006525896488	1.2918006525896464
PF00326	-0.7718763911608278	0.7718763911608264
PF00327	-0.7362349971308239	0.7362349971308225
PF00328	-1.0678182037737343	1.067818203773732
PF00329	1.0010071717133675	-1.0010071717133664
PF00330	0.31533742530510583	-0.3153374253051058
PF00331	1.3320764655992776	-1.332076465599276
PF00333	-0.904995306010505	0.9049953060105033
PF00334	1.1579110722946668	-1.1579110722946655
PF00338	-0.8765543406955582	0.8765543406955564
PF00342	0.3209320227585169	-0.3209320227585167
PF00343	0.18837249542947074	-0.18837249542947068
PF00344	-2.3616062515308305	2.361606251530827
PF00345	-1.9131047400935512	1.9131047400935481
PF00346	1.5911669528038979	-1.5911669528038954
PF00347	-1.5588187560043525	1.5588187560043494
PF00348	-1.7791433655857496	1.7791433655857465
PF00350	-0.8129014578674859	0.8129014578674845
PF00355	1.1910225579453306	-1.1910225579453289
PF00356	0.17872404140958312	-0.17872404140958287
PF00358	-1.437099018981992	1.4370990189819894
PF00359	0.7590029907605917	-0.7590029907605911
PF00361	-0.21382499190054377	0.21382499190054272
PF00364	0.24236652871153885	-0.24236652871153896
PF00365	1.2248406587830953	-1.2248406587830938
PF00366	-0.8751779075430404	0.8751779075430386
PF00367	0.16431913457365416	-0.16431913457365413
PF00370	1.3134655566169988	-1.313465556616997
PF00374	-1.901630643290209	1.901630643290206
PF00375	-0.40897630024219633	0.40897630024219545
PF00376	0.8904338033655804	-0.8904338033655793
PF00378	-1.4946988463020854	1.4946988463020827
PF00380	-1.3973738309883827	1.3973738309883803
PF00381	-1.5917814519724198	1.591781451972417
PF00383	-0.19515828858989018	0.1951582885898894
PF00384	-0.27082915758912995	0.2708291575891293
PF00389	0.23458308673534223	-0.2345830867353421
PF00390	-0.6034035145907217	0.6034035145907203
PF00391	-1.0174818524638405	1.0174818524638385
PF00392	-1.8029589305569151	1.8029589305569116
PF00393	-1.6296135422913371	1.6296135422913345
PF00394	-0.19945191183142194	0.19945191183142116
PF00395	1.0300144941385294	-1.0300144941385285
PF00398	-1.8409102148291085	1.840910214829105
PF00403	-0.4654805333019889	0.46548053330198774
PF00406	-1.2753686563398656	1.2753686563398634
PF00408	-1.2275522631870857	1.2275522631870834
PF00410	-0.5708244498464062	0.5708244498464048
PF00411	0.4868578982156187	-0.48685789821561815
PF00416	-1.3239782456872717	1.3239782456872695
PF00419	-0.48218216815548226	0.48218216815548104
PF00425	-1.1586800243785467	1.1586800243785444
PF00430	0.18859841903732238	-0.18859841903732236
PF00436	0.4573316911610552	-0.4573316911610547
PF00437	-1.5122236490621521	1.5122236490621495
PF00438	0.32371903767798377	-0.32371903767798393
PF00440	-1.6362762287967616	1.6362762287967585
PF00441	-0.2764199862481903	0.27641998624818964
PF00444	-0.026217314948467876	0.026217314948467362
PF00448	-0.5512429627394633	0.5512429627394622
PF00449	-0.05172745354481005	0.05172745354480926
PF00453	-0.7110329373940493	0.7110329373940479
PF00455	-1.5475394053610214	1.5475394053610187
PF00456	-1.5005845472909274	1.5005845472909245
PF00459	-0.8858244557680097	0.8858244557680078
PF00462	-1.9507473896370329	1.9507473896370293
PF00463	0.4434720465367658	-0.4434720465367656
PF00464	-1.1845613090872456	1.184561309087243
PF00465	-1.392849534715356	1.3928495347153536
PF00466	-0.46028277997698575	0.4602827799769845
PF00468	-2.0888778178629877	2.0888778178629837
PF00471	-1.0608091487136098	1.0608091487136078
PF00472	-0.6464248247573925	0.6464248247573913
PF00474	0.021087833273034002	-0.021087833273034443
PF00475	-0.4888020087798378	0.4888020087798366
PF00476	0.8635746301006166	-0.8635746301006155
PF00478	-2.133049762319393	2.1330497623193887
PF00479	-0.4388521609912879	0.43885216099128677
PF00480	-2.2647550924927122	2.2647550924927087
PF00481	1.178486650054302	-1.1784866500543008
PF00482	-1.4964632171378243	1.4964632171378216
PF00483	0.9674521933598871	-0.9674521933598863
PF00484	0.8607869508378653	-0.8607869508378643
PF00485	1.1890193958118158	-1.189019395811814
PF00486	1.0521769899175866	-1.0521769899175855
PF00488	0.8947415943669785	-0.8947415943669778
PF00490	0.5317754391085908	-0.5317754391085899
PF00491	-0.024349863717604957	0.024349863717604447
PF00494	-0.0228975427430215	0.022897542743021228
PF00496	-0.975393941541418	0.9753939415414161
PF00497	1.1287836178062645	-1.128783617806263
PF00498	0.4670217645665791	-0.4670217645665791
PF00499	1.4039751114313401	-1.4039751114313384
PF00501	-1.2487562469914002	1.248756246991398
PF00512	0.5690612375179862	-0.5690612375179855
PF00515	1.427183780457861	-1.42718378045786
PF00521	-0.3176273822349732	0.3176273822349725
PF00528	-0.7026712593332509	0.7026712593332494
PF00529	1.4666031942138547	-1.4666031942138529
PF00532	-1.5030454512557105	1.503045451255708
PF00533	1.6983494446205536	-1.6983494446205518
PF00534	0.7027199635065884	-0.7027199635065878
PF00535	0.5382374101991134	-0.5382374101991131
PF00543	-1.0857771627869068	1.0857771627869048
PF00547	-1.0851551486233548	1.0851551486233528
PF00549	-0.5615980725621325	0.5615980725621313
PF00550	0.5391950090197715	-0.5391950090197708
PF00551	-0.16451196920804215	0.16451196920804118
PF00557	1.1540100048940078	-1.1540100048940067
PF00561	-1.5218472982943103	1.5218472982943076
PF00562	1.129033353666491	-1.1290333536664894
PF00563	0.5547739999957728	-0.5547739999957727
PF00565	0.8468959926634966	-0.8468959926634954
PF00570	0.3800050405738735	-0.3800050405738732
PF00571	0.06555519247573885	-0.06555519247573875
PF00572	-0.4226869611389092	0.4226869611389083
PF00573	-2.110626388948351	2.110626388948347
PF00574	-0.9111746027319758	0.9111746027319739
PF00575	-1.6830197173305013	1.6830197173304984
PF00577	-0.2674008340247622	0.26740083402476156
PF00578	-0.2802773646681181	0.2802773646681169
PF00579	0.677066279430763	-0.6770662794307623
PF00580	0.7208059816643523	-0.7208059816643516
PF00581	-0.4322181494167941	0.4322181494167932
PF00582	-1.022868637455741	1.0228686374557392
PF00583	-1.5020729775933768	1.502072977593374
PF00584	-1.1880008604037715	1.1880008604037695
PF00585	0.13918286854262732	-0.1391828685426276
PF00586	0.879185668458533	-0.879185668458532
PF00587	0.03905452744109756	-0.03905452744109797
PF00588	-1.427011405973892	1.427011405973889
PF00589	0.6351965059247733	-0.6351965059247728
PF00590	-1.1022227855982174	1.1022227855982152
PF00591	-1.6188740481862098	1.6188740481862065
PF00593	0.9274482691823267	-0.9274482691823256
PF00595	0.02164388380291288	-0.02164388380291332
PF00596	0.529225814380873	-0.5292258143808725
PF00614	1.5296350896875204	-1.5296350896875188
PF00623	0.43235893748160803	-0.43235893748160786
PF00625	1.1084461626160051	-1.1084461626160036
PF00636	-1.534916865376387	1.5349168653763843
PF00639	-0.5527308834927867	0.5527308834927855
PF00652	0.801755848329846	-0.8017558483298453
PF00654	1.6393830682741535	-1.6393830682741513
PF00656	1.4638859316730155	-1.4638859316730133
PF00657	-0.4538453182889447	0.45384531828894353
PF00662	1.2209200830474816	-1.22092008304748
PF00664	-0.7979757427083	0.7979757427082982
PF00665	0.3745627802185549	-0.37456278021855477
PF00668	-0.8354538741251157	0.8354538741251142
PF00669	1.51683840365018	-1.516838403650178
PF00670	-0.7556536871208115	0.75565368712081
PF00672	0.6495203751451031	-0.6495203751451023
PF00673	-0.5637145127876911	0.56371451278769
PF00675	0.4635073836595866	-0.4635073836595861
PF00676	-0.10361909944984513	0.10361909944984474
PF00677	0.12896378667981262	-0.12896378667981243
PF00679	0.47928032669826726	-0.47928032669826676
PF00682	-0.5295478779682858	0.5295478779682845
PF00684	-1.2937914716903045	1.2937914716903023
PF00686	1.005016663040731	-1.0050166630407298
PF00687	0.10929798580658734	-0.10929798580658717
PF00689	-0.9105736444905549	0.910573644490553
PF00690	-0.5426621969564088	0.5426621969564076
PF00691	0.4670703017429521	-0.4670703017429516
PF00692	0.7391263177927231	-0.7391263177927222
PF00694	0.5858290528750202	-0.5858290528750195
PF00696	0.43715577902393515	-0.4371557790239347
PF00697	1.6779603991002376	-1.6779603991002356
PF00698	-1.457004380938048	1.4570043809380453
PF00699	0.27690279548905267	-0.27690279548905294
PF00700	-1.4322904166613377	1.4322904166613353
PF00701	0.5809321649811355	-0.5809321649811349
PF00702	0.5627509961001891	-0.5627509961001887
PF00703	1.7215290028297017	-1.7215290028297
PF00704	0.36028152004534675	-0.3602815200453467
PF00707	-1.1807489889724752	1.180748988972473
PF00708	-0.025050958568348013	0.025050958568347263
PF00709	0.4240478087205146	-0.4240478087205142
PF00710	0.4893219553806069	-0.48932195538060663
PF00712	-1.9770622550831982	1.9770622550831947
PF00717	-0.35745910829076666	0.3574591082907659
PF00719	-1.0194047898572607	1.0194047898572587
PF00722	1.4136900781473045	-1.413690078147303
PF00724	-0.05742362484476886	0.05742362484476853
PF00725	-1.6765518669209207	1.6765518669209178
PF00728	0.25145940744853357	-0.25145940744853346
PF00730	-0.7205108166475497	0.7205108166475482
PF00731	1.589518057850072	-1.5895180578500703
PF00733	1.0052720296768243	-1.005272029676823
PF00742	0.11538791765211764	-0.11538791765211746
PF00749	1.1083601242112378	-1.1083601242112364
PF00750	-0.4249121853718285	0.42491218537182734
PF00753	0.7330402310924892	-0.7330402310924885
PF00754	1.539861636451447	-1.539861636451445
PF00756	-0.7507826007961351	0.7507826007961338
PF00759	0.2621526309205372	-0.2621526309205373
PF00762	-0.08587526272534751	0.08587526272534737
PF00763	0.27564871786877926	-0.2756487178687791
PF00764	-0.665132041500401	0.6651320415003996
PF00766	-0.1479583040084749	0.14795830400847396
PF00768	-0.014760087942739501	0.014760087942739003
PF00771	-1.3054168406681372	1.305416840668135
PF00772	0.8507960053704249	-0.8507960053704239
PF00773	0.978800852078579	-0.978800852078578
PF00775	-0.793987077381339	0.7939870773813376
PF00781	-0.3278074925878194	0.3278074925878184
PF00793	0.4231302242542126	-0.42313022425421193
PF00795	0.8536237337334157	-0.8536237337334149
PF00800	-1.6754368226607534	1.6754368226607506
PF00805	1.0210443673389982	-1.0210443673389975
PF00809	1.0040174716817996	-1.0040174716817984
PF00813	1.3693202350843563	-1.3693202350843545
PF00814	-1.0718531977020436	1.0718531977020416
PF00815	-1.4609829155562053	1.4609829155562029
PF00817	0.9240125363059247	-0.9240125363059237
PF00821	-0.16522274178192956	0.16522274178192908
PF00825	-1.621676258856684	1.6216762588566813
PF00828	-1.9188777327160693	1.9188777327160662
PF00829	-0.8218611609658795	0.8218611609658777
PF00830	-2.0390678158278344	2.03906781582783
PF00831	-1.9841011575324992	1.9841011575324958
PF00834	1.1705223001497282	-1.1705223001497265
PF00842	-1.5634034374284158	1.5634034374284131
PF00849	-0.8190926489692888	0.8190926489692872
PF00852	1.1342155558957803	-1.1342155558957792
PF00854	0.18856033838109423	-0.1885603383810944
PF00857	-0.3760422933893399	0.37604229338933887
PF00860	-1.9142044667945355	1.9142044667945324
PF00861	-2.363342754935686	2.363342754935682
PF00871	0.43935395207016625	-0.43935395207016603
PF00872	-0.24965014653635187	0.24965014653635126
PF00873	0.845134865467012	-0.8451348654670113
PF00874	0.07413183668350597	-0.07413183668350631
PF00877	-0.169692801682409	0.16969280168240802
PF00881	-0.8778828587312201	0.8778828587312183
PF00882	-1.1712612432277465	1.1712612432277443
PF00883	0.34873799902780517	-0.34873799902780483
PF00884	0.9654328277489186	-0.9654328277489175
PF00885	0.9077015510712312	-0.90770155107123
PF00886	-1.2955150218535354	1.2955150218535332
PF00889	-0.25398656530862285	0.25398656530862224
PF00890	-0.8017063008709365	0.801706300870935
PF00891	-1.3077329625304803	1.3077329625304779
PF00892	-2.277312949328362	2.277312949328358
PF00893	-1.1311573004883213	1.131157300488319
PF00899	0.5908243150827615	-0.5908243150827608
PF00902	1.5441836263235487	-1.544183626323547
PF00903	1.482581339678587	-1.4825813396785852
PF00905	-0.4267421920689779	0.42674219206897696
PF00908	0.978310828370644	-0.9783108283706429
PF00909	-0.160099574330273	0.1600995743302725
PF00912	0.211007995492691	-0.2110079954926914
PF00916	1.4289386482134467	-1.4289386482134445
PF00919	-0.8675407250507817	0.86754072505078
PF00920	-0.9091045188363035	0.909104518836302
PF00923	0.4497514215442244	-0.4497514215442244
PF00924	-1.1078092137970756	1.1078092137970734
PF00925	1.4430201855711227	-1.4430201855711204
PF00926	0.9372668842893819	-0.9372668842893813
PF00929	-0.9436926940453758	0.9436926940453741
PF00930	1.2802759833581685	-1.280275983358167
PF00932	-0.3276509336468339	0.3276509336468332
PF00933	0.6804878791094244	-0.6804878791094239
PF00936	-0.7820854071871975	0.7820854071871961
PF00939	-1.170095744437656	1.1700957444376539
PF00941	0.9374285368176086	-0.9374285368176075
PF00950	0.2779206660439394	-0.27792066604393917
PF00953	1.2742713043393201	-1.2742713043393188
PF00958	0.7128919453059429	-0.712891945305942
PF00959	0.09303416184929773	-0.09303416184929807
PF00962	0.17603121566293456	-0.17603121566293475
PF00975	-1.6039851739976032	1.6039851739976
PF00977	-0.8831106888458311	0.8831106888458294
PF00982	0.005787983039968492	-0.00578798303996872
PF00984	1.3926313147878553	-1.392631314787854
PF00986	-1.825982910341618	1.8259829103416152
PF00988	0.7328637859515647	-0.7328637859515638
PF00989	0.3292742077734878	-0.32927420777348776
PF00990	0.7706872096486577	-0.7706872096486564
PF00994	0.7510679290859248	-0.7510679290859243
PF00999	-1.8131531063914132	1.8131531063914104
PF01000	-1.5649401874539162	1.5649401874539135
PF01008	-0.10072639437719334	0.10072639437719247
PF01011	0.7284465236689177	-0.728446523668917
PF01012	0.36176767005730465	-0.3617676700573043
PF01016	-0.797071863883399	0.7970718638833975
PF01018	0.14216666829762567	-0.14216666829762592
PF01019	0.005480741862670945	-0.005480741862671173
PF01022	-0.2179988348006493	0.21799883480064824
PF01024	0.5357601484440297	-0.5357601484440294
PF01025	0.525024412406919	-0.5250244124069187
PF01026	0.20276428457038947	-0.2027642845703896
PF01027	-1.3574698546738913	1.357469854673889
PF01029	-1.3764396485260566	1.3764396485260542
PF01032	-1.5589253228672526	1.5589253228672497
PF01035	-1.264484952962202	1.2644849529621998
PF01037	-0.3590220055281295	0.3590220055281285
PF01039	1.6576304639116684	-1.6576304639116668
PF01040	-1.083868214353472	1.08386821435347
PF01041	0.2616969841635578	-0.2616969841635574
PF01042	0.13772821275198632	-0.13772821275198635
PF01043	1.1374445567077849	-1.1374445567077838
PF01047	0.6563092177419392	-0.6563092177419387
PF01048	-0.23888688247302708	0.23888688247302622
PF01050	0.38338245938243604	-0.3833824593824357
PF01051	-1.7103155457609973	1.7103155457609944
PF01052	0.3157646671429026	-0.3157646671429021
PF01053	0.9892498774578942	-0.989249877457893
PF01055	1.3735891697663973	-1.3735891697663956
PF01058	-0.1424690134138736	0.1424690134138729
PF01061	-0.6793462064564995	0.6793462064564979
PF01063	0.4015582705808421	-0.4015582705808419
PF01066	-0.928516295335792	0.9285162953357904
PF01070	-0.2806250136486927	0.2806250136486916
PF01071	0.03869529219016506	-0.03869529219016548
PF01073	-0.8982198865491429	0.898219886549141
PF01074	-1.6969078225329035	1.6969078225329006
PF01075	-1.9844551654151896	1.9844551654151865
PF01076	0.9469588483201868	-0.9469588483201856
PF01077	0.3924021686965261	-0.392402168696526
PF01078	-1.4126868177333127	1.4126868177333103
PF01081	1.0917377768088343	-1.0917377768088328
PF01084	-0.7947102423808258	0.7947102423808241
PF01087	1.3881073458534814	-1.3881073458534792
PF01094	0.21663245343051477	-0.21663245343051443
PF01095	-0.9903923952497333	0.9903923952497315
PF01098	-0.07849137131299432	0.07849137131299395
PF01103	0.8438727987747644	-0.8438727987747636
PF01112	-1.987383812111903	1.9873838121118994
PF01113	-1.4759510178986257	1.4759510178986233
PF01116	0.07658916444344709	-0.07658916444344768
PF01118	0.7736936143099558	-0.7736936143099551
PF01119	0.4567267321943018	-0.45672673219430154
PF01120	1.1647530802541268	-1.1647530802541255
PF01121	1.219574769301851	-1.2195747693018493
PF01128	0.9048207111466253	-0.9048207111466241
PF01131	1.1580904382374155	-1.1580904382374142
PF01132	-0.8329920670313016	0.8329920670313001
PF01134	0.45439774131686156	-0.45439774131686106
PF01136	1.1722171555306486	-1.1722171555306469
PF01138	0.5751081898541585	-0.5751081898541576
PF01139	0.35694155114797754	-0.3569415511479777
PF01142	-0.4876371106096995	0.4876371106096985
PF01144	0.5266357072661504	-0.5266357072661498
PF01145	1.6071318807660495	-1.6071318807660482
PF01148	-1.7838891232348977	1.7838891232348948
PF01155	-1.6339446983088635	1.6339446983088601
PF01156	0.08880967958695703	-0.08880967958695737
PF01161	-0.34966335850744423	0.34966335850744323
PF01168	-0.13508278131022555	0.1350827813102251
PF01170	1.0551871199509342	-1.0551871199509328
PF01171	-0.6829120299470045	0.6829120299470032
PF01174	-0.6720556856817594	0.6720556856817581
PF01176	-0.4223179854877803	0.4223179854877792
PF01177	0.6498916478781678	-0.6498916478781672
PF01179	0.7641203916497575	-0.7641203916497566
PF01180	-1.540764882378562	1.5407648823785591
PF01182	-0.5456022005222262	0.5456022005222249
PF01183	-1.651609259302533	1.6516092593025304
PF01189	0.09811496214213115	-0.09811496214213147
PF01192	-2.067658607528096	2.0676586075280925
PF01193	-0.5599422475634577	0.5599422475634563
PF01195	0.8105161201166299	-0.8105161201166291
PF01196	-0.8081726367809563	0.8081726367809549
PF01197	-0.8844715157041423	0.8844715157041404
PF01202	0.06586457128221705	-0.06586457128221741
PF01204	1.095733838864444	-1.0957338388644424
PF01205	0.3220052970843866	-0.3220052970843863
PF01206	1.5006269612216003	-1.5006269612215983
PF01207	0.2481917159225754	-0.24819171592257572
PF01208	0.5325116221063853	-0.5325116221063845
PF01210	0.8155096033638318	-0.8155096033638306
PF01212	0.925103308224666	-0.9251033082246647
PF01220	-0.4835628631397939	0.4835628631397927
PF01223	0.060139821055170635	-0.06013982105517102
PF01225	-0.8745887254316145	0.8745887254316129
PF01226	-1.204105574027779	1.2041055740277768
PF01227	-0.8355841221715187	0.8355841221715172
PF01228	0.27509360131729604	-0.2750936013172959
PF01229	1.5297582217861474	-1.529758221786146
PF01232	0.40050168385256024	-0.4005016838525601
PF01235	0.3838947909157317	-0.38389479091573137
PF01238	1.5327624454527085	-1.5327624454527071
PF01243	-0.13433304031234908	0.13433304031234816
PF01244	0.7399146772386853	-0.7399146772386846
PF01245	1.0248995932414218	-1.0248995932414207
PF01250	0.366003773112599	-0.36600377311259896
PF01252	0.053522426417521377	-0.053522426417521765
PF01255	-1.6553393251525856	1.6553393251525828
PF01256	0.941867466430116	-0.941867466430115
PF01257	1.0931137746052482	-1.0931137746052468
PF01259	0.31620975309942045	-0.3162097530994202
PF01261	-0.3597233226994738	0.359723322699473
PF01262	0.14287364321837803	-0.14287364321837828
PF01263	-0.45838919924319144	0.4583891992431905
PF01264	-0.3157781744702034	0.3157781744702027
PF01266	-1.6716825670766646	1.671682567076662
PF01268	-1.1561117863210426	1.1561117863210404
PF01270	1.2905059256894964	-1.290505925689495
PF01272	-1.15963367112377	1.1596336711237678
PF01274	0.4483919690609194	-0.4483919690609189
PF01276	1.3701072104048226	-1.3701072104048206
PF01288	-1.3614618925079964	1.361461892507994
PF01289	0.11399457565882634	-0.11399457565882617
PF01292	-0.7925948670062093	0.7925948670062078
PF01293	0.45314251633916125	-0.45314251633916125
PF01295	-1.0270873018182214	1.0270873018182196
PF01297	-1.5110080200878422	1.5110080200878395
PF01300	-0.7985814296777511	0.7985814296777494
PF01301	-1.505222758309556	1.5052227583095532
PF01306	-1.466224529436037	1.4662245294360343
PF01311	-0.9337648681574122	0.9337648681574106
PF01312	-0.1164913785455019	0.11649137854550148
PF01315	-0.9343539432708795	0.9343539432708776
PF01316	-1.706080260622269	1.7060802606222656
PF01321	0.4966139704574687	-0.4966139704574684
PF01323	-0.5566727964795899	0.5566727964795886
PF01325	0.4679232577976856	-0.4679232577976851
PF01326	0.385346841475103	-0.3853468414751026
PF01327	-0.13326346166143543	0.133263461661435
PF01330	-0.44303753475124064	0.4430375347512397
PF01336	-0.06390735347030406	0.06390735347030373
PF01343	1.3047430808308798	-1.3047430808308782
PF01344	1.3067182138336317	-1.3067182138336302
PF01345	-0.2700599631221043	0.2700599631221034
PF01346	-0.11370891848498155	0.1137089184849809
PF01348	-0.30662291873175757	0.3066229187317566
PF01351	1.1497128275437913	-1.14971282754379
PF01367	-0.2505777919647458	0.25057779196474517
PF01368	-0.34920287706668746	0.3492028770666867
PF01370	0.6979395012607141	-0.6979395012607132
PF01379	0.6226897534372506	-0.6226897534372501
PF01380	-1.012413035134362	1.0124130351343599
PF01381	-1.8586722926538748	1.8586722926538717
PF01384	-0.19764629103466866	0.1976462910346681
PF01385	-1.518564088358222	1.5185640883582194
PF01391	-0.08402282885486098	0.08402282885486015
PF01396	-0.24594003708879614	0.24594003708879505
PF01406	-0.14433189416869233	0.14433189416869163
PF01408	0.7778802119426204	-0.7778802119426197
PF01409	-2.0103957098300396	2.010395709830036
PF01411	-1.1975734442995476	1.1975734442995456
PF01416	-0.7032921422190633	0.7032921422190618
PF01418	-1.1029225042365236	1.1029225042365214
PF01420	1.0938128174869914	-1.0938128174869903
PF01424	-0.4232982498254176	0.4232982498254164
PF01425	-0.8611507683544155	0.861150768354414
PF01427	0.41279426361507227	-0.4127942636150719
PF01430	-1.3520473323267312	1.352047332326729
PF01431	0.8216083632596941	-0.8216083632596933
PF01432	1.2357987735796219	-1.2357987735796205
PF01433	-1.152339439658766	1.152339439658764
PF01434	0.6476303518002431	-0.6476303518002423
PF01435	-2.1440149252236966	2.144014925223693
PF01443	0.5505517727186706	-0.5505517727186701
PF01446	-0.054308635370426225	0.054308635370425906
PF01450	-0.9397711766960541	0.9397711766960525
PF01451	-0.27513750686880406	0.27513750686880317
PF01455	-0.07132670091905327	0.07132670091905292
PF01458	-1.688247773034745	1.6882477730347418
PF01464	-1.2864569251922304	1.286456925192228
PF01467	0.17705604900438587	-0.1770560490043856
PF01470	-2.21097692083087	2.2109769208308667
PF01471	-1.0113233281302152	1.0113233281302134
PF01472	-1.7857168697633692	1.7857168697633663
PF01473	-0.7379008295737894	0.7379008295737878
PF01474	-1.5606538733624236	1.560653873362421
PF01475	-0.48235773218643874	0.4823577321864375
PF01476	0.40603842274696406	-0.4060384227469639
PF01478	0.9988381231358814	-0.9988381231358804
PF01479	0.8138340194522669	-0.8138340194522661
PF01487	0.6439609490791584	-0.6439609490791574
PF01488	0.6821473147669874	-0.6821473147669865
PF01493	-1.5958085681128014	1.5958085681127987
PF01494	-1.5462077899784186	1.5462077899784157
PF01496	0.09024431319968515	-0.09024431319968548
PF01497	-1.7086417581558928	1.70864175815589
PF01501	0.8229396563346377	-0.822939656334637
PF01502	-1.119327493307274	1.119327493307272
PF01503	0.12039795331404698	-0.1203979533140468
PF01507	0.19004799039322348	-0.19004799039322368
PF01509	-0.3995663652027128	0.399566365202712
PF01510	1.4306160838814663	-1.430616083881465
PF01512	1.6204750713739489	-1.6204750713739469
PF01513	0.5627075713177698	-0.5627075713177693
PF01514	-0.08643979181382398	0.08643979181382337
PF01515	-0.8271763477817394	0.827176347781738
PF01520	-0.0572567930008275	0.05725679300082717
PF01521	-1.069857897095697	1.0698578970956947
PF01522	0.5336423366445202	-0.5336423366445197
PF01526	-1.3441072526198783	1.344107252619876
PF01527	0.15719169713602488	-0.15719169713602535
PF01531	1.3498028667561954	-1.349802866756194
PF01544	-1.7179349010440197	1.7179349010440168
PF01545	-1.6642090386230808	1.664209038623078
PF01546	-1.9105337009699743	1.9105337009699712
PF01547	-0.26558790027933016	0.26558790027932905
PF01548	-1.3948910703470891	1.3948910703470865
PF01551	-0.2583417752838148	0.2583417752838139
PF01553	0.11856234794166662	-0.11856234794166667
PF01554	0.9775255296771117	-0.9775255296771101
PF01555	0.7289986723668619	-0.7289986723668612
PF01556	1.5223806933165542	-1.5223806933165522
PF01557	0.3877213633264404	-0.38772136332644025
PF01558	-0.5739942838276044	0.5739942838276033
PF01564	0.6229805451541538	-0.6229805451541532
PF01565	0.2865134806207536	-0.28651348062075366
PF01566	0.6651938480341545	-0.6651938480341539
PF01568	-0.8085316823983575	0.808531682398356
PF01569	-0.41499662266462933	0.4149966226646285
PF01571	-1.8430972583332896	1.8430972583332863
PF01575	0.55997517832935	-0.5599751783293494
PF01578	0.5417424643511107	-0.5417424643511104
PF01580	-0.14561385349767553	0.14561385349767508
PF01584	0.5090921870942393	-0.509092187094239
PF01588	0.5139682529353601	-0.5139682529353597
PF01590	1.1682518109455622	-1.1682518109455604
PF01592	0.2446914360093304	-0.24469143600933027
PF01593	-0.3747663905880379	0.37476639058803685
PF01594	-0.12745995797729018	0.12745995797728998
PF01595	0.028204109263627628	-0.02820410926362806
PF01596	0.7914306967771917	-0.7914306967771909
PF01597	-1.9674170685480472	1.9674170685480439
PF01609	0.3166847992926406	-0.31668479929264054
PF01610	0.5638970057013385	-0.5638970057013382
PF01612	0.7601691853815393	-0.7601691853815387
PF01613	0.31182261468992806	-0.31182261468992784
PF01614	0.10640930810404606	-0.10640930810404614
PF01618	0.254842614177128	-0.2548426141771276
PF01619	0.8326338078880444	-0.8326338078880432
PF01624	0.030885369096236407	-0.030885369096236598
PF01625	0.470556031183528	-0.4705560311835275
PF01628	-0.7145086661241351	0.7145086661241336
PF01634	0.6288619460712965	-0.6288619460712956
PF01636	1.326345007486118	-1.3263450074861165
PF01637	-0.33904519717863985	0.33904519717863907
PF01638	-0.10785574416216315	0.10785574416216274
PF01641	0.9189762233312213	-0.9189762233312199
PF01642	-1.0853980912740608	1.0853980912740586
PF01643	1.2936205534794099	-1.293620553479408
PF01645	-1.4246985555892624	1.42469855558926
PF01648	-2.179904212391724	2.17990421239172
PF01649	0.30022202689946015	-0.3002220268994597
PF01653	-0.9118766376189242	0.9118766376189226
PF01654	0.4850631547249328	-0.4850631547249323
PF01656	-0.14738734944158055	0.14738734944158033
PF01658	1.5770341974265956	-1.5770341974265936
PF01661	-1.632767855436201	1.6327678554361982
PF01663	-0.12120617682279236	0.12120617682279218
PF01668	-1.203334399406344	1.2033343994063417
PF01676	0.10405961916601716	-0.10405961916601747
PF01678	-1.0264845923743062	1.0264845923743044
PF01680	-0.9829052709804252	0.9829052709804235
PF01687	-0.5480446840346517	0.5480446840346506
PF01693	0.14308794532352823	-0.143087945323528
PF01694	0.6370515024350607	-0.6370515024350599
PF01695	0.5337842174710941	-0.5337842174710933
PF01699	1.120128309465684	-1.1201283094656826
PF01702	-0.06492625580947199	0.06492625580947166
PF01704	-1.1818113775760228	1.1818113775760208
PF01709	0.8361148688588422	-0.8361148688588418
PF01712	-1.3839591583994177	1.3839591583994149
PF01713	-1.1773908293829753	1.1773908293829733
PF01715	0.5412903527555006	-0.5412903527555002
PF01717	-1.6868702073723296	1.6868702073723267
PF01719	0.963095022855224	-0.9630950228552227
PF01725	-1.4929800741217687	1.4929800741217663
PF01726	0.21803164115017887	-0.21803164115017923
PF01728	-1.3179152623535364	1.317915262353534
PF01729	1.227769107550648	-1.2277691075506467
PF01734	1.0897874528075568	-1.0897874528075557
PF01738	-1.2615595695246065	1.2615595695246042
PF01740	0.16519092162572216	-0.16519092162572263
PF01741	0.8578892319232954	-0.8578892319232941
PF01743	-1.537026173839029	1.5370261738390263
PF01746	-1.7435950515049037	1.7435950515049004
PF01750	-1.4499417179211704	1.4499417179211678
PF01751	-1.988680714766453	1.9886807147664491
PF01757	0.16865223550656253	-0.1686522355065625
PF01758	-0.8379866592475655	0.837986659247564
PF01761	-0.5276279053071448	0.5276279053071438
PF01765	-1.2352745982816515	1.2352745982816495
PF01769	0.33684397479571615	-0.33684397479571637
PF01773	-1.3754781225648673	1.3754781225648645
PF01774	0.20380210507262314	-0.20380210507262309
PF01782	-0.547115740161376	0.5471157401613749
PF01784	-0.14237877359374929	0.14237877359374884
PF01790	-0.3633026938649878	0.363302693864987
PF01791	0.8702356222077923	-0.8702356222077909
PF01795	-1.273360739957989	1.2733607399579865
PF01797	-0.17775216620566478	0.17775216620566428
PF01799	1.0139159247021845	-1.0139159247021834
PF01807	0.11842212209071132	-0.11842212209071161
PF01808	-1.0470653858900498	1.0470653858900478
PF01810	-0.8099591403076014	0.8099591403076
PF01812	-0.9682624784725715	0.9682624784725695
PF01813	1.0294014721162692	-1.029401472116268
PF01814	-0.3196765634291685	0.3196765634291678
PF01815	-0.9602258666660124	0.9602258666660106
PF01817	-1.2420593199298542	1.2420593199298522
PF01820	-1.6147082976239509	1.6147082976239482
PF01823	0.46681356849394834	-0.4668135684939479
PF01832	0.8237575114797224	-0.8237575114797216
PF01833	-0.823105641911903	0.8231056419119015
PF01835	0.12649577654497765	-0.12649577654497746
PF01841	-2.0391012712768335	2.03910127127683
PF01842	-0.06363137229486207	0.06363137229486174
PF01850	-1.3180911949714211	1.318091194971419
PF01855	0.9889112228117626	-0.9889112228117615
PF01863	0.03821582731696894	-0.03821582731696912
PF01865	0.27202929422327626	-0.2720292942232763
PF01867	-1.0429175861999544	1.0429175861999525
PF01869	-1.3389924730173026	1.3389924730173004
PF01871	-1.437836613858987	1.4378366138589844
PF01872	-1.2501145019573403	1.250114501957338
PF01874	1.0565496423148737	-1.0565496423148721
PF01875	-2.0157909555361573	2.0157909555361537
PF01882	-0.7050090474078291	0.7050090474078278
PF01883	0.6610541278951284	-0.6610541278951279
PF01887	0.9128533637499882	-0.9128533637499872
PF01888	0.7104945467103779	-0.710494546710377
PF01890	-0.5522209022955711	0.5522209022955697
PF01891	-1.2110153879929904	1.2110153879929884
PF01895	-0.6161470392962415	0.61614703929624
PF01906	-0.5447310039673137	0.5447310039673127
PF01914	-0.5335102213302783	0.5335102213302771
PF01915	1.2644448090358913	-1.2644448090358895
PF01923	1.0594036664264381	-1.0594036664264372
PF01924	-1.514866953489508	1.5148669534895052
PF01925	-1.3523974522727238	1.3523974522727216
PF01926	-0.545207817732836	0.5452078177328347
PF01928	-1.9897987023823243	1.9897987023823207
PF01930	-1.5416310821338304	1.5416310821338277
PF01933	-1.9515891230103888	1.9515891230103855
PF01934	-1.4000314997535537	1.4000314997535508
PF01935	0.5783401586995687	-0.5783401586995685
PF01936	1.5342748889144986	-1.534274888914497
PF01938	-0.8796352296689712	0.8796352296689697
PF01939	-0.7545568188829271	0.7545568188829255
PF01943	0.5543961351931492	-0.5543961351931489
PF01944	0.524222315062357	-0.5242223150623568
PF01955	0.10005816248891942	-0.10005816248891951
PF01957	0.8928719181045995	-0.8928719181045988
PF01960	0.39493730117747705	-0.3949373011774767
PF01964	1.2062335067034795	-1.2062335067034782
PF01965	0.6245163808058488	-0.6245163808058484
PF01966	0.3229736289221209	-0.3229736289221209
PF01967	-0.046337164067202403	0.0463371640672021
PF01968	0.2103724566593537	-0.21037245665935383
PF01969	0.12133260839946797	-0.12133260839946801
PF01970	-0.37646060161415174	0.3764606016141509
PF01972	-1.397133743612925	1.3971337436129225
PF01975	-1.5384774936827952	1.5384774936827927
PF01977	-1.6478917937056752	1.647891793705672
PF01979	-0.8136862941640015	0.8136862941639997
PF01980	0.18649226510455774	-0.18649226510455794
PF01985	-1.7326659898179553	1.7326659898179524
PF01987	1.2363401122952318	-1.2363401122952304
PF01990	0.5899914418441955	-0.589991441844195
PF01992	-0.06174802950452266	0.06174802950452233
PF01996	-0.5380443620964902	0.538044362096489
PF02001	1.30706161946524	-1.3070616194652382
PF02016	0.624701768778452	-0.6247017687784515
PF02018	0.8884831400488233	-0.8884831400488227
PF02021	-1.2179367625267916	1.2179367625267894
PF02028	0.49337580521383767	-0.4933758052138374
PF02033	-1.79802462457876	1.7980246245787563
PF02036	-0.6524683868098735	0.6524683868098721
PF02040	-0.10767734268874266	0.10767734268874202
PF02055	0.7001838354385618	-0.7001838354385608
PF02056	-1.2494680468457766	1.2494680468457744
PF02057	-1.1332300905586328	1.1332300905586308
PF02065	0.2588948138710175	-0.25889481387101754
PF02073	1.1977141757429275	-1.1977141757429262
PF02074	0.6969967086607353	-0.6969967086607344
PF02075	-1.1732180694817866	1.1732180694817842
PF02080	-0.1602219312170785	0.16022193121707803
PF02082	-0.7427595376075435	0.7427595376075422
PF02086	0.07811763349121177	-0.07811763349121188
PF02091	0.9875029206021219	-0.9875029206021207
PF02092	-0.8706715012660353	0.8706715012660334
PF02096	-1.8948579438165287	1.894857943816525
PF02110	-1.0411679561305494	1.0411679561305476
PF02113	-2.034485924465331	2.0344859244653275
PF02120	-0.3059914551178287	0.30599145511782777
PF02126	-1.963225438719053	1.9632254387190498
PF02127	0.9700110947664112	-0.9700110947664103
PF02129	0.46697365855661016	-0.46697365855660994
PF02130	1.1853413051444712	-1.1853413051444692
PF02132	-0.661282745031189	0.6612827450311876
PF02133	-0.9191997001872919	0.91919970018729
PF02142	0.40438192126780864	-0.40438192126780825
PF02146	-0.7578426426246011	0.7578426426245998
PF02152	-1.6758868567485048	1.6758868567485015
PF02153	-1.3745372718134579	1.374537271813455
PF02163	1.5035519356937284	-1.5035519356937266
PF02190	0.435000478485043	-0.4350004784850426
PF02195	0.5055901405208552	-0.505590140520855
PF02203	-1.263747881932736	1.2637478819327335
PF02219	1.1887212179968438	-1.1887212179968425
PF02222	-1.003318345352463	1.003318345352461
PF02223	-0.7985265436188679	0.7985265436188664
PF02224	1.212710721407867	-1.2127107214078656
PF02230	-0.4624499201436919	0.46244992014369096
PF02233	-1.1002945918645706	1.1002945918645686
PF02245	-1.0379027142559178	1.0379027142559158
PF02254	1.2717556626132938	-1.2717556626132922
PF02255	-0.26495002284388364	0.264950022843883
PF02256	-0.3462473150487221	0.3462473150487213
PF02261	-0.8462510789011471	0.8462510789011456
PF02264	-0.4932552726725762	0.4932552726725752
PF02272	0.4190797463996911	-0.4190797463996909
PF02274	-0.5660775681561988	0.5660775681561975
PF02275	-1.4999412977103848	1.499941297710382
PF02277	-0.9240958227132505	0.9240958227132489
PF02278	-1.3884846176043084	1.3884846176043057
PF02283	-1.6153447033575221	1.6153447033575192
PF02286	-0.1820254939356278	0.18202549393562706
PF02288	0.8320458152896489	-0.8320458152896484
PF02302	1.0160867539209386	-1.0160867539209375
PF02308	-0.8558382905837593	0.8558382905837575
PF02310	-0.26994830009260357	0.26994830009260296
PF02311	-0.19392311448115584	0.19392311448115485
PF02317	0.8469776019472138	-0.846977601947213
PF02321	-1.1761448071013187	1.1761448071013167
PF02322	-0.05507132757066646	0.05507132757066614
PF02325	0.5443127924456026	-0.544312792445602
PF02335	0.053503719525868396	-0.053503719525868555
PF02347	0.45007352010035995	-0.4500735201003593
PF02348	-0.13774132614191276	0.13774132614191253
PF02350	0.6485516917863501	-0.6485516917863493
PF02353	-1.5085350228628243	1.5085350228628216
PF02355	1.4807291936025304	-1.4807291936025282
PF02357	-1.390001076480739	1.3900010764807362
PF02361	-1.1588155254977428	1.1588155254977406
PF02366	-0.7296335062077913	0.72963350620779
PF02367	0.09120421466109553	-0.09120421466109539
PF02368	0.08405445283581174	-0.08405445283581184
PF02369	-0.4368739603820534	0.43687396038205245
PF02371	0.3983073541770941	-0.39830735417709373
PF02374	0.8919048103814196	-0.8919048103814184
PF02378	-0.5990637391465217	0.5990637391465206
PF02381	-0.9912794591477262	0.9912794591477244
PF02384	0.16650383209324057	-0.1665038320932408
PF02386	0.9880566976735992	-0.9880566976735982
PF02387	0.6751890337839617	-0.6751890337839613
PF02388	0.11539531498767733	-0.11539531498767762
PF02390	-1.7180513095242715	1.7180513095242682
PF02395	-0.7847054086434344	0.784705408643433
PF02397	-0.5956760710638391	0.5956760710638379
PF02401	0.8324390862816211	-0.83243908628162
PF02403	-0.5143069799276273	0.5143069799276262
PF02405	-0.3992331213854433	0.3992331213854424
PF02410	-1.9045601629368796	1.9045601629368765
PF02413	0.21819865815849795	-0.2181986581584981
PF02415	1.3513409867468718	-1.3513409867468702
PF02417	-0.5582705310662648	0.5582705310662635
PF02421	-0.2147099672488146	0.2147099672488138
PF02423	0.10465639197209381	-0.10465639197209411
PF02424	-0.8677476012144453	0.8677476012144437
PF02436	0.9355628934411823	-0.9355628934411812
PF02441	1.048376894029074	-1.0483768940290727
PF02445	0.9570981429029622	-0.9570981429029612
PF02446	0.23625117871200768	-0.2362511787120078
PF02447	0.11752561279029536	-0.11752561279029518
PF02449	-1.636378222712055	1.6363782227120518
PF02452	-1.270537997550218	1.2705379975502156
PF02457	0.06948086824723022	-0.06948086824723083
PF02463	0.15033859909328331	-0.15033859909328356
PF02464	-0.43008107500353676	0.4300810750035356
PF02465	-1.8664709216955275	1.8664709216955244
PF02467	-1.7355345974160694	1.7355345974160659
PF02469	-0.6352506503354186	0.6352506503354174
PF02470	-0.814880900401775	0.8148809004017735
PF02472	-1.2696029067247352	1.269602906724733
PF02481	-1.4536732462405735	1.4536732462405706
PF02482	0.13462526280842602	-0.13462526280842627
PF02485	0.4005737966903836	-0.4005737966903835
PF02486	0.8308955620729611	-0.8308955620729603
PF02491	0.343324907666299	-0.3433249076662989
PF02492	-0.4744221660662517	0.4744221660662505
PF02493	0.37176409256548093	-0.3717640925654806
PF02498	-1.8124019828319504	1.8124019828319473
PF02502	-1.057629180643691	1.057629180643689
PF02503	0.5102297955487443	-0.5102297955487435
PF02504	0.6922189595987416	-0.6922189595987408
PF02508	-0.7071590981272923	0.7071590981272907
PF02511	-0.7420244830468088	0.7420244830468072
PF02514	-1.035236351736114	1.035236351736112
PF02515	-1.4865240147232304	1.4865240147232277
PF02517	-1.1133848376474453	1.1133848376474431
PF02518	1.04319031366711	-1.0431903136671086
PF02525	-1.406136280302393	1.40613628030239
PF02527	-0.8577515972357864	0.8577515972357846
PF02534	0.5193519766143455	-0.519351976614345
PF02535	1.0858182444783055	-1.0858182444783044
PF02537	-1.4246612020440592	1.4246612020440563
PF02540	0.8198886654339104	-0.8198886654339095
PF02541	-1.1405659705391085	1.1405659705391065
PF02542	0.3424522941004638	-0.3424522941004635
PF02545	-1.1969626970102702	1.1969626970102683
PF02547	0.479872397963588	-0.4798723979635877
PF02548	0.3889339510679244	-0.3889339510679243
PF02550	-0.4782140629786632	0.47821406297866226
PF02551	-1.809857886652628	1.809857886652625
PF02554	-1.2122451695704437	1.2122451695704417
PF02557	-0.8546067964006855	0.8546067964006837
PF02558	0.42437377141939814	-0.42437377141939775
PF02559	0.8960281796035904	-0.8960281796035895
PF02561	-1.5732101626889023	1.5732101626888997
PF02562	0.2261634038512279	-0.22616340385122802
PF02563	0.8847161050767937	-0.884716105076793
PF02565	0.7293485170256414	-0.7293485170256407
PF02566	-1.4678950475349573	1.4678950475349548
PF02567	0.8437311203397184	-0.8437311203397175
PF02568	-1.4499945790546123	1.4499945790546098
PF02569	-0.31076975303056004	0.3107697530305591
PF02570	0.8496137272164755	-0.8496137272164745
PF02571	1.0138626126176917	-1.0138626126176906
PF02572	-0.5955533489242262	0.5955533489242251
PF02574	-1.098006963203127	1.098006963203125
PF02576	-0.6057701139766896	0.6057701139766881
PF02577	1.1880055626909303	-1.188005562690929
PF02578	-0.844745061743768	0.8447450617437662
PF02579	-0.24986756996894147	0.24986756996894086
PF02580	1.2118889623593563	-1.2118889623593547
PF02581	1.1540068357320044	-1.154006835732003
PF02583	-1.8388723320950486	1.8388723320950455
PF02585	1.6355817515319169	-1.6355817515319149
PF02586	-0.09307870421815126	0.09307870421815087
PF02588	1.018306532368072	-1.0183065323680707
PF02589	0.3951415000674359	-0.3951415000674358
PF02590	0.9562942142525314	-0.9562942142525304
PF02592	0.10602921954106022	-0.10602921954106029
PF02595	-1.9475083356915068	1.947508335691503
PF02597	0.08580835082671949	-0.08580835082671959
PF02599	-1.1178556065100014	1.1178556065099996
PF02601	-0.2523046808262185	0.2523046808262181
PF02602	1.1216386179467854	-1.1216386179467839
PF02603	0.0871588876916209	-0.087158887691621
PF02606	0.6211892023585418	-0.6211892023585415
PF02607	-0.7233871077207304	0.7233871077207289
PF02608	1.1188272536487314	-1.11882725364873
PF02609	-0.9227186372509083	0.9227186372509066
PF02610	0.048503859163840986	-0.048503859163841145
PF02613	0.1669253028894793	-0.16692530288947952
PF02614	0.6111148821605042	-0.6111148821605036
PF02615	0.4883735412862554	-0.4883735412862548
PF02616	-1.7041900433887534	1.7041900433887505
PF02618	-0.9066365857499512	0.9066365857499493
PF02620	-2.072496031445458	2.0724960314454552
PF02622	-0.11166905726154375	0.11166905726154357
PF02624	0.990632258945267	-0.9906322589452656
PF02625	-1.6795390919757782	1.6795390919757753
PF02626	-0.5884575610046013	0.5884575610046
PF02627	1.0065156222663763	-1.0065156222663751
PF02629	-0.9827514072733559	0.9827514072733541
PF02631	0.3942644470367434	-0.39426444703674307
PF02632	-1.346147026628957	1.3461470266289548
PF02633	0.13012064420133523	-0.1301206442013355
PF02634	-2.096047151907061	2.0960471519070576
PF02635	0.8543989480881558	-0.8543989480881545
PF02636	1.317753064137528	-1.3177530641375264
PF02637	-0.08646064371395783	0.08646064371395747
PF02638	0.4452572877655569	-0.44525728776555695
PF02639	-0.7461434677988774	0.7461434677988757
PF02645	0.46283460389659187	-0.46283460389659115
PF02646	-0.6401645038323451	0.6401645038323439
PF02649	0.027477497506093393	-0.027477497506093587
PF02650	-0.2151137062839047	0.2151137062839039
PF02652	-0.24666771505657353	0.24666771505657292
PF02653	-0.897624642195636	0.8976246421956341
PF02654	-0.19929514548641863	0.1992951454864176
PF02657	1.1251112523237479	-1.125111252323746
PF02659	-0.46189563231751124	0.4618956323175101
PF02660	-0.16620133632053666	0.1662013363205357
PF02661	-1.499534574057826	1.4995345740578236
PF02664	-0.8144340478947804	0.8144340478947789
PF02665	-1.8718223125662126	1.8718223125662092
PF02666	1.390072223375051	-1.3900722233750495
PF02667	-0.8116935190957477	0.8116935190957462
PF02669	1.2922212810377869	-1.2922212810377853
PF02670	-0.8614951940406126	0.861495194040611
PF02673	0.7406955350325739	-0.7406955350325728
PF02674	0.7900033867854509	-0.7900033867854503
PF02675	-0.12335271367066203	0.12335271367066161
PF02677	1.1553372313791772	-1.1553372313791759
PF02678	1.133355589257183	-1.1333555892571816
PF02682	0.05365945145793009	-0.05365945145793024
PF02683	-0.5302482356291286	0.5302482356291275
PF02684	-0.08842178793245642	0.08842178793245628
PF02685	0.4945309534989092	-0.4945309534989087
PF02687	-1.2596217409321695	1.2596217409321673
PF02690	0.22402489091349667	-0.2240248909134968
PF02698	-0.7790594274494702	0.7790594274494688
PF02699	-0.7043261103268486	0.704326110326847
PF02702	0.8192752137802659	-0.8192752137802651
PF02705	0.5178998592117503	-0.51789985921175
PF02706	0.8722831797929359	-0.8722831797929351
PF02719	1.2536147472235335	-1.253614747223532
PF02729	-1.0760656589437458	1.0760656589437436
PF02730	0.5321607609065855	-0.5321607609065847
PF02733	0.5776501094408845	-0.5776501094408841
PF02734	-0.5620432855159151	0.562043285515914
PF02737	-1.389539587911803	1.3895395879118004
PF02738	0.310598465452562	-0.310598465452562
PF02739	-1.5755583987369859	1.5755583987369832
PF02742	1.0497919040850952	-1.049791904085094
PF02743	1.3288601658349966	-1.3288601658349948
PF02744	-1.48825678748165	1.4882567874816475
PF02746	-2.0794800585428552	2.0794800585428512
PF02749	-1.168648755115612	1.1686487551156097
PF02753	-1.161312720868188	1.1613127208681857
PF02754	-0.028239249501225885	0.028239249501225843
PF02767	-1.3924373752429826	1.3924373752429804
PF02768	0.4199612629342074	-0.41996126293420744
PF02769	-0.9048219246203784	0.9048219246203767
PF02770	-0.013126632837994081	0.013126632837993587
PF02771	0.0003473576536558987	-0.000347357653656135
PF02772	0.2189833044783151	-0.2189833044783152
PF02773	-0.33002662736880645	0.33002662736880545
PF02774	0.49544532569601807	-0.495445325696018
PF02775	1.2448014988813936	-1.2448014988813922
PF02776	-1.460689034795788	1.4606890347957853
PF02779	-0.6903090402445496	0.6903090402445483
PF02780	0.23014178810087957	-0.23014178810087946
PF02781	-1.3839254538380328	1.3839254538380303
PF02782	1.3188648113665453	-1.3188648113665442
PF02784	0.08591428705281068	-0.08591428705281103
PF02785	0.6346964983431338	-0.634696498343133
PF02786	0.18019309581880452	-0.18019309581880472
PF02787	0.7314856982176716	-0.7314856982176707
PF02798	-0.2871209960475526	0.28712099604755165
PF02800	-1.475466702266112	1.4754667022661094
PF02801	-1.6262322539963425	1.6262322539963396
PF02803	-1.6381756797292466	1.6381756797292435
PF02806	0.030863019972620507	-0.03086301997262093
PF02811	1.0571559761921203	-1.057155976192119
PF02812	-0.8234540099053264	0.8234540099053249
PF02823	1.135596907567078	-1.135596907567077
PF02824	-0.45816369587935674	0.4581636958793558
PF02826	-1.4465630774442286	1.446563077444226
PF02829	0.4594407857973688	-0.4594407857973683
PF02833	0.5287680741903493	-0.528768074190349
PF02836	0.4962683477487774	-0.4962683477487769
PF02837	-2.1518847307248627	2.151884730724859
PF02838	1.5646777474894769	-1.5646777474894742
PF02843	0.5792393397556557	-0.5792393397556548
PF02844	-0.9892248240499328	0.9892248240499308
PF02852	-0.5848058738543496	0.5848058738543485
PF02861	-0.3476445000460438	0.34764450004604275
PF02863	-1.0622110227699535	1.0622110227699515
PF02866	-0.11026678041406981	0.11026678041406965
PF02867	0.0343500869240564	-0.03435008692405682
PF02872	0.5278012577072736	-0.5278012577072729
PF02873	0.10177084776810891	-0.10177084776810899
PF02874	0.3606695588444566	-0.3606695588444565
PF02875	-1.275464197637804	1.2754641976378016
PF02878	-0.7898626535299516	0.7898626535299499
PF02879	0.7783692395271072	-0.7783692395271068
PF02880	0.348647328359523	-0.34864732835952295
PF02881	0.8010552701070771	-0.8010552701070763
PF02882	0.24681944691831262	-0.24681944691831223
PF02885	1.1512736512071968	-1.1512736512071955
PF02887	1.2092215504245398	-1.2092215504245383
PF02894	1.380663887804254	-1.3806638878042525
PF02896	-1.8624519420973282	1.862451942097325
PF02897	-1.8402866721592754	1.840286672159272
PF02899	-1.056744404080773	1.0567444040807707
PF02900	-0.6036747317431022	0.6036747317431008
PF02901	-0.3653396296601847	0.36533962966018363
PF02903	0.7678249935305935	-0.7678249935305924
PF02906	1.3523845972868185	-1.352384597286817
PF02910	0.5639345747058164	-0.5639345747058161
PF02911	1.5491870570515232	-1.5491870570515212
PF02912	-1.3858939927741145	1.385893992774112
PF02913	0.16822614887296833	-0.1682261488729683
PF02915	0.6505286099414447	-0.6505286099414442
PF02920	-0.6431173599685346	0.6431173599685334
PF02922	-1.7784727246414558	1.7784727246414522
PF02926	0.4876138850687662	-0.4876138850687657
PF02929	-0.16578967943429146	0.165789679434291
PF02934	-1.5713058725464353	1.5713058725464324
PF02938	-1.206134078276161	1.2061340782761587
PF02952	1.286935105321082	-1.2869351053210805
PF02954	-0.9419328495667763	0.9419328495667743
PF02965	0.3245640637838119	-0.3245640637838114
PF02976	-1.118526033765813	1.1185260337658112
PF02978	-0.825795897132583	0.8257958971325814
PF03006	-1.3644129454095293	1.3644129454095266
PF03008	0.16849576530791827	-0.1684957653079187
PF03009	0.03294143467973343	-0.03294143467973409
PF03022	1.2722372707415792	-1.2722372707415779
PF03023	-1.61220681418634	1.6122068141863373
PF03030	-0.27147149900891565	0.27147149900891476
PF03033	0.37071424180474954	-0.3707142418047492
PF03050	1.3857373284215113	-1.3857373284215098
PF03051	-2.0659704441396234	2.0659704441396194
PF03054	0.9803429512611086	-0.9803429512611078
PF03060	1.5247973818984766	-1.524797381898475
PF03061	-0.31790158370931554	0.3179015837093146
PF03062	0.09827427189037186	-0.09827427189037218
PF03063	1.5110012668315211	-1.5110012668315187
PF03065	1.757000862626533	-1.757000862626531
PF03067	0.19986049816159104	-0.19986049816159074
PF03069	-0.5799974350687032	0.579997435068702
PF03070	0.43610093967681013	-0.43610093967680946
PF03090	0.9509203992989693	-0.9509203992989682
PF03099	1.0181411029690157	-1.0181411029690144
PF03102	1.3068396495667014	-1.3068396495666998
PF03109	0.7586290814226798	-0.7586290814226792
PF03116	-0.24888615070774714	0.24888615070774653
PF03118	0.4047151363049706	-0.4047151363049702
PF03120	-0.38292155547718676	0.382921555477186
PF03123	0.002598412573422895	-0.002598412573423365
PF03129	0.21499182518062074	-0.21499182518062088
PF03135	0.5248896672388911	-0.5248896672388903
PF03136	-1.068624516702333	1.0686245167023312
PF03143	-1.9749384142233133	1.97493841422331
PF03144	-1.9727583752254678	1.9727583752254645
PF03147	-0.7309269991259245	0.7309269991259232
PF03150	-0.9176183746878855	0.917618374687884
PF03167	-0.14852845210822532	0.1485284521082246
PF03169	0.7119482453463134	-0.7119482453463125
PF03170	-1.8150835826095333	1.8150835826095297
PF03171	-2.0026960332428736	2.00269603324287
PF03174	0.7072690811540389	-0.7072690811540382
PF03176	1.400576444154118	-1.4005764441541162
PF03180	-1.8876557040124557	1.8876557040124524
PF03186	1.4809626977222254	-1.4809626977222234
PF03193	0.19301448279737077	-0.19301448279737118
PF03200	-0.11159116543697735	0.1115911654369767
PF03205	-1.7469303276264874	1.7469303276264845
PF03212	1.0262671832466537	-1.0262671832466528
PF03222	0.5995369485145631	-0.5995369485145626
PF03230	-1.417655261786855	1.4176552617868523
PF03235	0.49145499129753323	-0.49145499129753273
PF03237	-0.7875173407224546	0.7875173407224529
PF03239	-1.3472742826561057	1.3472742826561033
PF03241	-1.3845062081115924	1.3845062081115898
PF03253	1.7056339205849698	-1.7056339205849673
PF03255	0.8247343264434513	-0.8247343264434506
PF03264	1.2841338985724544	-1.284133898572453
PF03272	0.49613637919285064	-0.49613637919285036
PF03275	1.0321461058434567	-1.0321461058434558
PF03279	-0.4485748327955416	0.44857483279554045
PF03306	-1.367536431872042	1.3675364318720395
PF03308	-0.854154011027242	0.8541540110272404
PF03309	0.7503318613845052	-0.7503318613845043
PF03313	-0.31581958604295235	0.3158195860429514
PF03315	0.4760586408903556	-0.4760586408903551
PF03320	-1.479983291216386	1.4799832912163833
PF03321	0.7500721737721009	-0.7500721737721002
PF03323	1.000497553170694	-1.0004975531706934
PF03328	-0.01818358340020912	0.018183583400208616
PF03330	-1.08345694945367	1.083456949453668
PF03331	0.735922407224283	-0.7359224072242819
PF03349	-1.3760628680751084	1.376062868075106
PF03352	0.7150045491168058	-0.7150045491168051
PF03354	-1.072116618322848	1.072116618322846
PF03358	0.9205095609682282	-0.9205095609682277
PF03372	0.5410060689611726	-0.5410060689611723
PF03374	0.2219417822530296	-0.2219417822530295
PF03382	0.6261833988565445	-0.6261833988565441
PF03389	1.527385264161345	-1.527385264161343
PF03390	-0.7767082613316945	0.776708261331693
PF03400	-0.9716219997162847	0.971621999716283
PF03401	0.05694583212882842	-0.05694583212882881
PF03412	-1.4568206414712506	1.456820641471248
PF03413	-1.2587870473910394	1.2587870473910374
PF03414	1.2639496514891775	-1.2639496514891762
PF03415	0.7667912187535266	-0.7667912187535258
PF03417	0.0992222939602886	-0.09922229396028868
PF03418	1.4356469427893392	-1.435646942789338
PF03419	0.7384769729414458	-0.7384769729414449
PF03422	1.577581891551177	-1.5775818915511748
PF03432	0.6112406975474906	-0.6112406975474899
PF03435	1.482260523487848	-1.4822605234878463
PF03437	0.7547382355787121	-0.7547382355787109
PF03442	0.49180831108006645	-0.4918083110800662
PF03446	-0.05888795087826558	0.058887950878265254
PF03447	0.598072202944613	-0.5980722029446126
PF03448	-0.43829297325956956	0.4382929732595687
PF03449	0.20222141561082202	-0.20222141561082194
PF03450	-0.11440283934082615	0.1144028393408255
PF03453	-1.7244688222954696	1.7244688222954667
PF03458	-1.9187124535886706	1.9187124535886673
PF03460	-0.31118300209567684	0.3111830020956761
PF03461	-0.6453460751976605	0.645346075197659
PF03462	-0.5916236378075064	0.5916236378075049
PF03466	-1.7099280514692115	1.7099280514692083
PF03471	-0.7200264351167532	0.7200264351167519
PF03473	-0.7058145375432638	0.7058145375432625
PF03477	-0.43126872025144974	0.4312687202514486
PF03480	0.9435826280387679	-0.9435826280387671
PF03481	0.71656520554546	-0.7165652055454595
PF03483	1.2517889682839558	-1.2517889682839538
PF03484	-1.7232839488981702	1.7232839488981673
PF03485	-0.9391565703152387	0.939156570315237
PF03486	0.31945747007505054	-0.3194574700750505
PF03496	1.2016190050289823	-1.201619005028981
PF03502	0.3525408726708035	-0.3525408726708034
PF03544	-0.38713857298012416	0.3871385729801231
PF03547	0.938367419652549	-0.938367419652548
PF03551	-0.7843271363811235	0.7843271363811218
PF03553	1.197224600916763	-1.1972246009167617
PF03571	1.2452150574025282	-1.245215057402527
PF03572	0.662081841758002	-0.6620818417580014
PF03573	-0.6506842727572278	0.6506842727572265
PF03575	0.5239981295682625	-0.5239981295682622
PF03576	-0.0193624919164916	0.019362491916491097
PF03577	1.2439441288617596	-1.2439441288617583
PF03588	0.5181492970969129	-0.5181492970969122
PF03589	-0.39098650825143316	0.3909865082514321
PF03590	1.4708232847624514	-1.47082328476245
PF03591	0.8718391998763602	-0.8718391998763589
PF03592	-1.1993892913915245	1.1993892913915225
PF03598	-0.16392778033248337	0.1639277803324829
PF03599	-1.14444210964863	1.144442109648628
PF03600	0.8981576768689956	-0.8981576768689951
PF03601	-0.905835981779272	0.9058359817792702
PF03602	-2.0196773594239072	2.0196773594239037
PF03605	0.7223612319694186	-0.7223612319694179
PF03606	-0.8047752246003851	0.8047752246003836
PF03609	-0.011352537807516057	0.011352537807515802
PF03610	-0.7617082365923336	0.7617082365923319
PF03611	-0.8870304116855575	0.8870304116855557
PF03612	-1.6982163756375062	1.6982163756375033
PF03613	0.8761547045582078	-0.8761547045582068
PF03616	-1.3400009007742475	1.3400009007742448
PF03618	-1.2917113910254916	1.2917113910254892
PF03625	-0.2126889419019816	0.212688941901981
PF03629	1.3387951473723947	-1.338795147372393
PF03630	1.1285293947126003	-1.128529394712599
PF03631	-0.2364804564604063	0.2364804564604057
PF03632	0.8871061813080466	-0.8871061813080454
PF03636	-1.350703447679855	1.3507034476798525
PF03641	-0.8768383173095518	0.8768383173095502
PF03644	0.6985735157309059	-0.6985735157309051
PF03649	0.2937503877739739	-0.29375038777397366
PF03652	-1.343144614263279	1.3431446142632766
PF03663	-1.1899313371404416	1.1899313371404392
PF03668	0.7565211122568226	-0.7565211122568215
PF03695	-0.9288700841462431	0.9288700841462414
PF03699	-1.7030084050770578	1.7030084050770549
PF03702	-1.4092757733286707	1.4092757733286678
PF03703	0.6769196772167165	-0.6769196772167156
PF03704	0.5548189512651804	-0.5548189512651795
PF03706	-1.4732455898213126	1.47324558982131
PF03709	-1.0933123929443438	1.0933123929443416
PF03710	-0.5407217949364023	0.5407217949364009
PF03711	1.1027951801827913	-1.10279518018279
PF03714	0.7467641201761562	-0.7467641201761551
PF03717	1.404565974752897	-1.4045659747528951
PF03719	-2.1465672359672077	2.146567235967204
PF03720	0.9919465352353013	-0.9919465352353001
PF03721	1.5230594782673785	-1.5230594782673763
PF03725	0.6844362688331744	-0.6844362688331737
PF03726	0.374629119540602	-0.3746291195406019
PF03729	-0.45254588546222874	0.4525458854622278
PF03733	-1.427990417302205	1.4279904173022027
PF03734	-0.19549731031814296	0.1954973103181422
PF03737	0.9926550455351071	-0.9926550455351059
PF03738	-1.5206231008528577	1.520623100852855
PF03739	0.29582637459318484	-0.2958263745931849
PF03740	0.3458718245847417	-0.3458718245847414
PF03741	-1.4970880549005061	1.4970880549005032
PF03743	-0.4965664765449774	0.49656647654497615
PF03746	-1.086551162095997	1.0865511620959947
PF03747	-0.22878793084533725	0.2287879308453369
PF03749	0.15901332704546303	-0.159013327045463
PF03755	-1.0905867116938142	1.090586711693812
PF03764	-2.0734027599004214	2.073402759900418
PF03772	-1.9543042511781683	1.954304251178165
PF03773	0.533226025227997	-0.5332260252279963
PF03775	-0.057267758508122206	0.05726775850812188
PF03780	0.27268634190694896	-0.272686341906949
PF03781	1.3681451826566493	-1.3681451826566478
PF03786	0.13540203086196867	-0.1354020308619687
PF03788	1.5375063623546037	-1.5375063623546024
PF03793	1.0352598214375734	-1.0352598214375721
PF03796	-0.39621627501372075	0.3962162750137199
PF03797	-0.7436691733954484	0.7436691733954467
PF03806	1.2139648535837104	-1.213964853583709
PF03807	0.3814723207167371	-0.38147232071673676
PF03808	1.0650622567659525	-1.065062256765951
PF03811	-2.2003765792788537	2.2003765792788488
PF03812	-1.669320203450271	1.6693202034502679
PF03814	1.3883242589954399	-1.3883242589954385
PF03816	0.8564335212667683	-0.8564335212667675
PF03819	-1.2260870165681395	1.2260870165681372
PF03824	-1.265414186688802	1.2654141866887998
PF03825	-0.9754004949338145	0.9754004949338125
PF03830	-1.763080474766511	1.7630804747665076
PF03837	-1.1703270306017002	1.170327030601698
PF03838	0.9135935709325597	-0.9135935709325588
PF03840	-0.8082176419847381	0.8082176419847367
PF03841	-0.39891077847588424	0.39891077847588335
PF03845	0.4987540212269211	-0.4987540212269206
PF03852	-2.1667842825686154	2.1667842825686128
PF03853	-1.7319234732763913	1.731923473276388
PF03861	-1.4659702502178766	1.465970250217874
PF03862	-1.0335745758639479	1.0335745758639459
PF03864	-0.536242176039626	0.536242176039625
PF03865	-0.7164575200670671	0.7164575200670656
PF03880	1.3560541278483347	-1.3560541278483331
PF03881	0.1630986284793281	-0.16309862847932832
PF03883	0.031471768945859444	-0.03147176894585987
PF03887	-1.4071542959767707	1.4071542959767682
PF03894	-1.1027826353542995	1.1027826353542975
PF03895	0.9808374507747085	-0.9808374507747073
PF03916	1.4820374020374243	-1.4820374020374223
PF03928	-0.5848812346417676	0.5848812346417664
PF03929	0.7094604533850012	-0.7094604533850003
PF03932	0.2955219078328109	-0.2955219078328107
PF03934	-0.24361504601735648	0.24361504601735587
PF03938	1.2506681760484597	-1.2506681760484581
PF03946	-0.3182204778333269	0.3182204778333262
PF03947	1.3915809256091676	-1.391580925609166
PF03948	0.08143613460327159	-0.08143613460327194
PF03949	0.8127344306271682	-0.8127344306271674
PF03950	1.1857230065372133	-1.185723006537212
PF03951	-0.9894557940537471	0.9894557940537451
PF03952	0.06455389270546866	-0.06455389270546927
PF03956	0.177018845901556	-0.17701884590155595
PF03958	-1.9139874824785812	1.9139874824785779
PF03960	-1.4710296841465276	1.471029684146525
PF03961	0.8761958467383217	-0.8761958467383208
PF03963	-0.20104108230837017	0.2010410823083694
PF03965	1.6259936521877487	-1.625993652187747
PF03968	-0.810202602064906	0.8102026020649044
PF03969	-0.37526277561873195	0.3752627756187311
PF03972	-0.7594952191937431	0.7594952191937416
PF03976	0.2645849512293319	-0.26458495122933195
PF03977	0.5995334448757594	-0.5995334448757588
PF03979	-0.25626489554914195	0.25626489554914106
PF03989	-0.38229493928773645	0.38229493928773534
PF03990	-0.6914327250240118	0.6914327250240104
PF03992	0.3672822534174364	-0.3672822534174361
PF03993	1.2121441206534238	-1.212144120653422
PF03994	-1.5990205236422899	1.5990205236422872
PF04002	0.4764248460031157	-0.4764248460031152
PF04011	-0.11788066066654447	0.11788066066654382
PF04015	-1.048818875899108	1.0488188758991062
PF04018	1.6320771189445988	-1.632077118944597
PF04020	-1.7992234897894892	1.799223489789486
PF04023	1.289932908828591	-1.2899329088285894
PF04024	-1.5110705304228569	1.5110705304228542
PF04026	0.6410094147163353	-0.641009414716335
PF04028	1.2505184755388374	-1.2505184755388359
PF04041	1.5440091514140017	-1.5440091514139993
PF04055	0.3468106354753416	-0.3468106354753413
PF04069	-0.9778920368047513	0.9778920368047497
PF04072	1.5540525346419376	-1.5540525346419356
PF04073	-0.5776390082005379	0.5776390082005365
PF04074	0.8307369048022106	-0.8307369048022097
PF04076	-0.6697695931302307	0.6697695931302292
PF04079	-0.7766561033673318	0.7766561033673304
PF04085	-1.2977734635494913	1.2977734635494889
PF04087	1.526829451782903	-1.526829451782901
PF04095	0.8790058567329888	-0.8790058567329878
PF04101	-0.7554446353491382	0.7554446353491368
PF04107	-1.779857615157827	1.779857615157824
PF04122	-0.5556382354512156	0.5556382354512143
PF04127	1.0604162918281808	-1.0604162918281799
PF04131	0.18816668745531756	-0.18816668745531775
PF04138	1.0348633301521382	-1.0348633301521368
PF04143	0.911320226448606	-0.9113202264486049
PF04166	1.1623023265245334	-1.162302326524532
PF04168	-1.2623880480835599	1.2623880480835576
PF04170	0.464518941829248	-0.4645189418292478
PF04172	1.5230434374689124	-1.5230434374689101
PF04174	-1.5359128282722263	1.5359128282722236
PF04198	-0.8831519335799717	0.8831519335799701
PF04199	-1.7525903466200823	1.7525903466200792
PF04203	-0.8227348137523751	0.8227348137523737
PF04204	0.6879199763752464	-0.687919976375246
PF04205	1.2424656199930424	-1.2424656199930413
PF04214	-0.9344300638758796	0.9344300638758779
PF04216	0.5048218620704652	-0.5048218620704646
PF04221	-1.70889657167691	1.7088965716769067
PF04223	-1.7073868892116901	1.7073868892116868
PF04224	0.8522085121470161	-0.852208512147015
PF04228	0.2105822909089408	-0.2105822909089407
PF04229	0.04075037170259606	-0.040750371702595996
PF04230	-0.027784109991890238	0.027784109991889957
PF04233	0.20310441335615873	-0.20310441335615842
PF04234	-1.443311906928104	1.443311906928101
PF04235	-0.6901032974690021	0.6901032974690009
PF04237	1.1710222617842962	-1.171022261784295
PF04239	-1.2125944099749872	1.212594409974985
PF04245	-0.12283634433065146	0.1228363443306508
PF04257	-0.4143616433587071	0.41436164335870623
PF04260	-0.6061638546634663	0.6061638546634649
PF04261	-0.02793949681861929	0.027939496818619014
PF04262	0.6724919522969698	-0.672491952296969
PF04263	-2.255628448331048	2.2556284483310445
PF04266	-1.4164784691252477	1.4164784691252452
PF04277	0.24473572861026816	-0.24473572861026777
PF04282	0.6474268851642351	-0.6474268851642345
PF04285	-0.9101697156700315	0.9101697156700298
PF04286	0.9502548769352797	-0.9502548769352785
PF04290	-1.1927556605479792	1.1927556605479768
PF04293	1.2523926846818083	-1.252392684681807
PF04294	-1.1549027280199757	1.1549027280199737
PF04295	0.2560263925130129	-0.25602639251301273
PF04298	1.1031642458133686	-1.1031642458133673
PF04303	-0.24391199943192382	0.243911999431923
PF04313	0.30479754592019564	-0.3047975459201954
PF04317	-2.2323785249207235	2.232378524920719
PF04321	0.8633301812104116	-0.8633301812104105
PF04324	0.598499081574321	-0.5984990815743205
PF04326	-1.1994488467220197	1.1994488467220175
PF04327	0.5274578234709284	-0.5274578234709281
PF04333	0.3712593043027327	-0.3712593043027321
PF04343	-0.8097375170270207	0.8097375170270191
PF04346	-2.034142504670771	2.034142504670768
PF04348	-0.9442208157945009	0.944220815794499
PF04349	-0.8490739360018277	0.8490739360018259
PF04357	-0.28037534374097856	0.2803753437409779
PF04365	-0.831543916511071	0.8315439165110695
PF04371	0.988054166549921	-0.98805416654992
PF04375	0.6850593701988167	-0.6850593701988158
PF04378	0.9242827053925409	-0.92428270539254
PF04383	-0.7392959486303112	0.7392959486303098
PF04389	0.20477399369024568	-0.2047739936902456
PF04390	-0.400772746395423	0.4007727463954219
PF04392	0.8963406071401803	-0.896340607140179
PF04393	-0.3289092469388143	0.32890924693881335
PF04397	0.4563277936193661	-0.4563277936193659
PF04402	-1.1909681781881418	1.1909681781881396
PF04403	-1.8188889923395624	1.8188889923395593
PF04404	-1.385728423080082	1.3857284230800795
PF04408	1.3213055234170346	-1.3213055234170328
PF04412	0.07732709327054164	-0.077327093270542
PF04413	-0.05624536977216535	0.05624536977216502
PF04417	-1.329462131072748	1.3294621310727452
PF04422	0.41052395836366345	-0.410523958363663
PF04432	1.185148959618831	-1.1851489596188296
PF04439	-0.2753400431485154	0.2753400431485145
PF04443	0.2013555073508652	-0.2013555073508651
PF04450	0.36013553977914464	-0.36013553977914453
PF04452	-1.5558012492983342	1.5558012492983317
PF04453	-1.454248396497732	1.4542483964977295
PF04459	-0.23964647192254857	0.23964647192254795
PF04463	0.9302655165984779	-0.9302655165984767
PF04464	0.03746030032290798	-0.037460300322908396
PF04465	1.6166712456056038	-1.6166712456056018
PF04466	-1.7075160619771648	1.7075160619771617
PF04468	1.3284568047417133	-1.3284568047417114
PF04471	1.6725800852947625	-1.6725800852947608
PF04472	-0.91759114853091	0.9175911485309083
PF04474	-0.7486532945200622	0.7486532945200606
PF04488	0.9559225837438751	-0.955922583743874
PF04509	0.11601884465841932	-0.11601884465841962
PF04519	1.4318753069021946	-1.4318753069021923
PF04536	0.6536667087745116	-0.6536667087745108
PF04539	0.48422914244238263	-0.48422914244238213
PF04542	-0.5946853339681853	0.594685333968184
PF04545	-1.3298623424227003	1.3298623424226976
PF04551	-0.2708573578849553	0.2708573578849544
PF04552	1.2233629714141858	-1.2233629714141845
PF04560	-1.0276367258269214	1.0276367258269195
PF04561	-1.186170403728401	1.186170403728399
PF04563	0.9935358175910862	-0.9935358175910849
PF04565	-1.021949978233412	1.0219499782334103
PF04586	-1.2150246740997872	1.2150246740997852
PF04607	0.603776573493763	-0.6037765734937622
PF04613	0.9611157137523905	-0.9611157137523896
PF04616	1.622961071916748	-1.6229610719167458
PF04632	0.7453828426441895	-0.7453828426441885
PF04647	-1.772289834772242	1.7722898347722387
PF04657	0.8511796351416758	-0.8511796351416749
PF04685	-0.4162193637578132	0.4162193637578123
PF04688	1.3570996564049382	-1.3570996564049362
PF04715	0.521687435495247	-0.5216874354952464
PF04717	1.3259621260954586	-1.325962126095457
PF04738	0.592358352414855	-0.5923583524148546
PF04754	-1.8001006290996202	1.800100629099617
PF04760	-0.8341290064188107	0.8341290064188089
PF04773	1.6391263362985957	-1.6391263362985937
PF04794	-1.9955754835000346	1.9955754835000312
PF04816	0.6456874633721268	-0.645687463372126
PF04829	-1.1323628296947974	1.1323628296947954
PF04851	0.024038646362589584	-0.024038646362589785
PF04854	-0.788751063888525	0.7887510638885236
PF04860	0.7291792162793118	-0.7291792162793111
PF04865	0.5278338053091675	-0.5278338053091671
PF04879	-1.9801049637882733	1.9801049637882695
PF04892	-0.9624664494480792	0.9624664494480776
PF04898	-0.14877448250539899	0.14877448250539851
PF04909	0.5387970418367293	-0.5387970418367289
PF04914	-0.6160529940904578	0.6160529940904563
PF04917	-0.10427648446070713	0.10427648446070673
PF04932	0.35473906715749315	-0.3547390671574933
PF04952	-0.8616851851993698	0.8616851851993682
PF04960	-1.0797798401232575	1.0797798401232555
PF04961	-0.8404963341128986	0.840496334112897
PF04962	0.18438996818490394	-0.18438996818490364
PF04963	0.5728176112436453	-0.5728176112436447
PF04966	-0.6120464122900218	0.6120464122900204
PF04972	-0.16684299776810765	0.16684299776810693
PF04973	-0.5724583224950555	0.5724583224950541
PF04976	0.09912395125023367	-0.09912395125023377
PF04977	-1.901809063001996	1.9018090630019926
PF04983	-1.42363844788505	1.4236384478850475
PF04984	0.6050625318662723	-0.6050625318662719
PF04985	0.0907497737407917	-0.0907497737407918
PF04986	1.5142912410902822	-1.5142912410902805
PF04991	1.5443420043450906	-1.5443420043450888
PF04993	-1.462033709856822	1.4620337098568195
PF04996	-0.11124784771845067	0.11124784771845027
PF04997	-1.3117683941851868	1.311768394185184
PF04998	-1.2294357923151666	1.2294357923151642
PF05000	-0.020474714512041293	0.02047471451204126
PF05014	-1.6595032176321192	1.659503217632116
PF05015	-1.5226407169215406	1.5226407169215377
PF05016	-1.421417324578795	1.4214173245787927
PF05025	-1.5692693545436252	1.5692693545436223
PF05031	0.4383877957400034	-0.438387795740003
PF05035	-0.511126664905863	0.5111266649058617
PF05036	1.445620617595026	-1.4456206175950241
PF05043	-0.2139899849023175	0.2139899849023167
PF05045	-0.7860333362647589	0.7860333362647572
PF05063	1.5647572513057038	-1.5647572513057018
PF05065	-1.3000780865857524	1.3000780865857502
PF05067	0.4235452480216145	-0.4235452480216143
PF05076	0.7402419590756494	-0.7402419590756485
PF05089	1.189826663480587	-1.1898266634805854
PF05103	0.46633729922716366	-0.4663372992271632
PF05105	0.8285165967344544	-0.8285165967344538
PF05107	-1.388497098767721	1.3884970987677185
PF05116	0.284990085884433	-0.28499008588443303
PF05127	0.0637579162181075	-0.06375791621810811
PF05130	-1.9769117889798877	1.9769117889798844
PF05133	-0.48753283455027424	0.48753283455027324
PF05136	-1.4620971584475357	1.4620971584475333
PF05138	-0.42246468792374414	0.42246468792374325
PF05139	1.3895695044257252	-1.3895695044257237
PF05140	1.5254321928666403	-1.525432192866639
PF05147	-1.07119074928981	1.0711907492898078
PF05154	-0.7556338645900074	0.755633864590006
PF05157	-1.015913352873176	1.0159133528731739
PF05159	0.23619672237929745	-0.23619672237929756
PF05167	0.5244292740383704	-0.5244292740383698
PF05170	0.6392290676978606	-0.6392290676978601
PF05173	1.0788078725000716	-1.0788078725000703
PF05175	-0.8977706226619598	0.8977706226619582
PF05188	-1.3127133319819269	1.3127133319819244
PF05190	-1.0557940939415467	1.0557940939415449
PF05192	1.4459828431365276	-1.445982843136526
PF05193	0.613807723319777	-0.613807723319776
PF05195	-0.5084139669952199	0.5084139669952188
PF05198	1.3726804756346982	-1.3726804756346962
PF05201	-1.0211996344120653	1.0211996344120633
PF05221	-0.7998966241673628	0.7998966241673614
PF05222	-0.7867605319753668	0.7867605319753653
PF05229	0.6064959022118637	-0.606495902211863
PF05231	0.006546036873816681	-0.006546036873816672
PF05257	-1.891674972852118	1.8916749728521147
PF05258	-1.1288050758920378	1.1288050758920358
PF05272	1.4691297251094415	-1.4691297251094393
PF05275	-0.00889634643777906	0.00889634643777881
PF05342	1.5299259607985625	-1.5299259607985602
PF05343	0.2140258910316868	-0.21402589103168695
PF05362	-0.5510700357503894	0.5510700357503884
PF05368	-1.4355327252821186	1.435532725282116
PF05378	0.9466280013369227	-0.9466280013369216
PF05389	1.0413248627546863	-1.041324862754685
PF05402	1.524840297284146	-1.5248402972841444
PF05406	0.6164300734516134	-0.6164300734516128
PF05420	-0.9632758503740887	0.9632758503740868
PF05425	-1.5528727647449911	1.5528727647449885
PF05426	-1.254374070568049	1.2543740705680468
PF05430	-0.40048843368983367	0.40048843368983256
PF05437	1.2610291698638363	-1.261029169863835
PF05448	1.0496746627331877	-1.0496746627331863
PF05496	0.4511883996135158	-0.45118839961351515
PF05524	-0.9646121453817113	0.9646121453817096
PF05525	-0.47343441872387293	0.4734344187238717
PF05544	1.2140834069098425	-1.214083406909841
PF05547	-0.6937506782930345	0.6937506782930329
PF05569	0.751584663496174	-0.7515846634961734
PF05576	0.693428738413838	-0.6934287384138373
PF05580	0.3518645550318034	-0.35186455503180314
PF05592	1.4556333061492384	-1.4556333061492366
PF05593	1.6699933161047662	-1.669993316104764
PF05594	-0.1985039262891906	0.19850392628919006
PF05598	0.8714131794115046	-0.8714131794115034
PF05636	1.1348726407590752	-1.134872640759074
PF05638	-1.3708550917957327	1.3708550917957303
PF05649	0.1141003233284221	-0.11410032332842239
PF05651	0.3808470899098248	-0.38084708990982447
PF05656	-1.100277742013211	1.100277742013209
PF05658	0.647461293258057	-0.6474612932580565
PF05662	1.1185113168425556	-1.1185113168425538
PF05670	1.0461777845478064	-1.0461777845478053
PF05673	-0.09510213105284407	0.09510213105284344
PF05681	-0.659104862355626	0.6591048623556248
PF05683	0.26604101463761515	-0.266041014637615
PF05684	-1.2087262951734206	1.2087262951734186
PF05685	1.2411231337131186	-1.241123133713117
PF05688	-1.007570615236016	1.007570615236014
PF05689	-0.5682959911991181	0.5682959911991168
PF05690	0.6269451508112637	-0.6269451508112629
PF05691	0.6219989651589333	-0.6219989651589328
PF05697	1.591068672510562	-1.5910686725105598
PF05698	-0.9690493799841204	0.9690493799841186
PF05704	0.7599918070130572	-0.7599918070130565
PF05709	-1.7623646530281059	1.7623646530281027
PF05717	0.9477279154393067	-0.9477279154393052
PF05728	-2.026054575823635	2.026054575823631
PF05731	1.187194807494624	-1.1871948074946226
PF05737	-0.4834946198013466	0.4834946198013454
PF05738	0.13211246416711295	-0.13211246416711322
PF05746	0.48560086087772614	-0.48560086087772564
PF05762	0.9564838783104394	-0.956483878310438
PF05816	1.6439539224542983	-1.6439539224542956
PF05833	-1.3161168952489846	1.3161168952489823
PF05838	0.8667477426896661	-0.8667477426896653
PF05853	-0.1314369480019786	0.13143694800197794
PF05857	-1.49944924381748	1.4994492438174774
PF05860	-1.6599038689333978	1.659903868933395
PF05861	0.026582648564820573	-0.02658264856482077
PF05866	-0.0900158658843002	0.09001586588429959
PF05869	-1.1204257209746304	1.1204257209746287
PF05872	-1.2655487996388393	1.2655487996388368
PF05876	0.6936109131964567	-0.6936109131964564
PF05893	-0.0421829286104067	0.04218292861040593
PF05901	0.7685313626994154	-0.7685313626994145
PF05935	0.5353023930909628	-0.5353023930909623
PF05936	-1.664523827983271	1.6645238279832684
PF05943	0.23139792444448187	-0.2313979244444815
PF05947	-0.20489594937688513	0.20489594937688482
PF05949	-0.2415563370532434	0.24155633705324256
PF05954	-0.3142653079612198	0.3142653079612189
PF05958	1.4844972831418344	-1.484497283141832
PF05960	-1.534188103380072	1.5341881033800693
PF05970	0.5064948529350953	-0.5064948529350948
PF05973	0.9908577621876196	-0.9908577621876187
PF05974	-0.8792045022558203	0.8792045022558187
PF05977	1.2734960036694924	-1.273496003669491
PF05985	-0.4599114394126189	0.459911439412618
PF05987	-1.6328545941431005	1.6328545941430979
PF05991	0.9770946687865764	-0.9770946687865755
PF05992	-0.9652412720383919	0.9652412720383899
PF06004	-0.9497178234367532	0.9497178234367515
PF06007	0.5295788709950877	-0.5295788709950872
PF06013	-0.9325880321114551	0.9325880321114532
PF06026	0.34414209272895135	-0.3441420927289515
PF06032	-0.8880590563168795	0.8880590563168776
PF06039	-1.0618647169700222	1.0618647169700202
PF06048	-1.7951162130170388	1.795116213017036
PF06050	-0.10828109496814319	0.10828109496814302
PF06067	-0.21290978018124254	0.212909780181242
PF06071	0.6841675326030151	-0.6841675326030145
PF06074	1.2638580947235043	-1.2638580947235032
PF06082	-0.5886440247592153	0.5886440247592141
PF06097	-0.032575762921402025	0.032575762921401734
PF06100	-0.28126340994872123	0.28126340994872034
PF06103	-0.8275040056998357	0.8275040056998342
PF06114	0.8732597072686779	-0.8732597072686772
PF06122	-1.321710976824989	1.3217109768249868
PF06123	-0.1986817593984638	0.19868175939846328
PF06125	-0.9980113346626912	0.9980113346626894
PF06130	-0.14897782810381627	0.14897782810381557
PF06134	0.1051002517891329	-0.10510025178913322
PF06144	-0.23587459911237224	0.2358745991123714
PF06149	-1.9531567944950465	1.9531567944950432
PF06152	0.7452554806009711	-0.7452554806009702
PF06160	0.8003308637577179	-0.8003308637577167
PF06161	-1.4482491429590685	1.448249142959066
PF06165	0.18318538127987116	-0.18318538127987158
PF06166	-0.680689339758686	0.6806893397586847
PF06172	1.0519417851386887	-1.0519417851386874
PF06175	-0.8321475731167045	0.832147573116703
PF06177	0.3091440945306889	-0.3091440945306889
PF06178	-0.4587357882029313	0.4587357882029304
PF06180	-0.16429091575159763	0.16429091575159738
PF06182	0.8347380582485197	-0.8347380582485185
PF06202	1.2788480346298428	-1.2788480346298414
PF06207	0.8384282021952425	-0.8384282021952416
PF06224	-1.2902594541228323	1.29025945412283
PF06245	1.2559168837173948	-1.2559168837173933
PF06250	1.4579254372558776	-1.4579254372558759
PF06253	-1.2021358606916543	1.2021358606916523
PF06258	1.3560271617805753	-1.3560271617805735
PF06277	0.06399547753623507	-0.0639954775362352
PF06283	1.2800941286685927	-1.2800941286685912
PF06290	-0.9614031574368537	0.961403157436852
PF06293	-1.5115094452608502	1.5115094452608477
PF06315	-0.43167767469275714	0.431677674692756
PF06321	1.1968091478197116	-1.1968091478197105
PF06325	-1.0730883587791444	1.0730883587791424
PF06368	0.60486168159342	-0.6048616815934192
PF06379	0.674504006686422	-0.6745040066864214
PF06381	-0.024762637207609784	0.024762637207609274
PF06406	-1.3694975681597379	1.3694975681597354
PF06414	-0.6204012120825625	0.6204012120825613
PF06415	0.20791590749414676	-0.20791590749414668
PF06418	-1.0271993722376407	1.0271993722376387
PF06421	-0.06070339139566545	0.06070339139566536
PF06426	-0.7459717316465426	0.7459717316465412
PF06429	0.29433261165460745	-0.29433261165460745
PF06439	0.9350832782221088	-0.9350832782221078
PF06445	0.33158108202989595	-0.33158108202989545
PF06450	-1.0449420357960864	1.0449420357960844
PF06458	-0.8707161874204855	0.870716187420484
PF06463	-0.2842125411965053	0.2842125411965044
PF06470	0.6641038785235577	-0.6641038785235569
PF06476	-0.09926760800866051	0.09926760800865989
PF06500	-2.079691198398202	2.0796911983981974
PF06506	1.4205296830956693	-1.4205296830956675
PF06508	1.4309606711346745	-1.4309606711346736
PF06541	-0.5721381552115813	0.5721381552115802
PF06545	1.1353868198601607	-1.135386819860159
PF06551	-0.7824743118814788	0.7824743118814773
PF06559	0.4829394937734398	-0.4829394937734393
PF06560	0.5007241846811382	-0.5007241846811374
PF06564	0.1246288908886061	-0.12462889088860614
PF06574	-0.44390580824832876	0.44390580824832787
PF06580	0.03290824384991721	-0.032908243849917154
PF06605	-0.6673984324079603	0.6673984324079588
PF06616	-0.642827765867678	0.6428277658676768
PF06628	1.3366001898383364	-1.3366001898383348
PF06629	-1.3776896358761852	1.3776896358761828
PF06634	-0.6148328796671064	0.6148328796671052
PF06674	-1.5569096974364967	1.556909697436494
PF06675	1.1460178645917767	-1.1460178645917756
PF06686	0.023177135325786417	-0.023177135325786854
PF06689	-0.3023320190325981	0.30233201903259715
PF06695	-1.7622028915656576	1.7622028915656547
PF06717	-0.5441791622328377	0.5441791622328366
PF06723	0.27418764454457895	-0.2741876445445788
PF06725	-1.747113513023936	1.747113513023933
PF06738	-0.04100206002240161	0.041002060022401074
PF06744	0.7700266235627745	-0.7700266235627738
PF06750	0.9055083398256796	-0.9055083398256788
PF06751	-1.451454858867285	1.4514548588672826
PF06761	0.25503924215646656	-0.2550392421564666
PF06769	-0.96099284906786	0.9609928490678581
PF06779	-1.365591185982622	1.3655911859826195
PF06781	-1.7803860534868907	1.7803860534868878
PF06782	1.0505801222610698	-1.0505801222610687
PF06800	-0.36399830176218795	0.36399830176218717
PF06804	0.3195234052698149	-0.3195234052698149
PF06808	0.22475994032811797	-0.22475994032811764
PF06810	-1.667508549553721	1.667508549553718
PF06812	-1.155688264027836	1.1556882640278339
PF06824	0.6643657639011017	-0.6643657639011009
PF06826	0.6634940930047111	-0.66349409300471
PF06832	0.10055876071529381	-0.10055876071529413
PF06834	0.9054505360046263	-0.9054505360046254
PF06835	-0.6916701110656666	0.691670111065665
PF06838	-0.7838222458178317	0.7838222458178302
PF06841	1.1560852027004662	-1.156085202700465
PF06874	1.2384952127499174	-1.2384952127499158
PF06889	0.4043086338647979	-0.4043086338647977
PF06898	1.1569628053296208	-1.1569628053296195
PF06899	-1.564755837421856	1.5647558374218529
PF06908	1.5640111680376012	-1.5640111680375999
PF06912	1.2493060952665336	-1.2493060952665318
PF06917	0.02403342333831731	-0.024033423338317747
PF06925	0.12529109801620245	-0.12529109801620225
PF06940	0.6688364033568389	-0.6688364033568387
PF06947	0.18526795551216482	-0.18526795551216527
PF06949	1.1596343274560574	-1.159634327456056
PF06952	1.2075453857959875	-1.207545385795986
PF06953	-1.3560195680512364	1.3560195680512341
PF06956	0.9203522283027266	-0.9203522283027257
PF06958	-1.5653317098676707	1.565331709867668
PF06961	-0.5433698471856465	0.5433698471856454
PF06962	0.9821580043825942	-0.9821580043825928
PF06964	-0.8112279125798925	0.8112279125798909
PF06965	-1.5282623064889922	1.5282623064889895
PF06968	1.002346094660927	-1.0023460946609262
PF06969	0.6143927208593151	-0.6143927208593142
PF06970	-1.8318978150276717	1.8318978150276688
PF06986	-1.4517366465543855	1.451736646554383
PF06995	-0.30551089759305833	0.3055108975930574
PF06996	-0.13608759420485994	0.13608759420485902
PF07005	0.11402583341282221	-0.11402583341282227
PF07009	-0.15426586121817015	0.1542658612181692
PF07017	-1.5758177430470084	1.5758177430470057
PF07063	-0.22436375875289377	0.2243637587528932
PF07071	0.2901206252149948	-0.2901206252149944
PF07081	0.6988201495602497	-0.6988201495602488
PF07083	-0.7484140887429251	0.7484140887429237
PF07085	1.237555987631471	-1.2375559876314697
PF07090	-2.111863456238261	2.1118634562382574
PF07095	0.7106115603795111	-0.7106115603795106
PF07136	0.5291437465003965	-0.529143746500396
PF07148	-1.5181027599036148	1.518102759903612
PF07155	1.037513699703303	-1.0375136997033017
PF07157	0.9625501233939527	-0.9625501233939515
PF07158	-1.9376435248829322	1.937643524882929
PF07168	1.5255010468273198	-1.5255010468273185
PF07171	0.8521296647231923	-0.8521296647231911
PF07179	-1.4743555678701743	1.4743555678701719
PF07195	0.5935579174390815	-0.593557917439081
PF07221	1.051286127558655	-1.0512861275586538
PF07228	1.2827356384193478	-1.2827356384193462
PF07238	0.5314975607439155	-0.5314975607439152
PF07244	1.1011174909552242	-1.1011174909552226
PF07261	-0.18762254933597305	0.18762254933597253
PF07275	0.3984654845126814	-0.39846548451268105
PF07282	-0.6782966291164805	0.6782966291164789
PF07286	-1.286033770293361	1.2860337702933589
PF07287	-1.9520866443925515	1.9520866443925482
PF07296	0.08206455814838677	-0.08206455814838712
PF07313	0.6356194613420334	-0.6356194613420331
PF07335	1.0262529032225522	-1.026252903222551
PF07338	0.08535359600194942	-0.08535359600194951
PF07350	-0.7153507550661429	0.7153507550661412
PF07352	0.5871253105265483	-0.5871253105265476
PF07355	-0.42634236665792435	0.4263423666579232
PF07356	-0.8283281498754225	0.8283281498754207
PF07364	-0.985989185819746	0.985989185819744
PF07385	-0.051460866314217674	0.05146086631421688
PF07399	1.3105665665533277	-1.3105665665533257
PF07429	-0.03526889819286357	0.03526889819286328
PF07451	1.3146991642242414	-1.3146991642242398
PF07454	-1.1482680545942383	1.148268054594236
PF07456	-1.3046790874623007	1.3046790874622984
PF07470	-0.013962997313302413	0.013962997313302155
PF07475	0.674803345206585	-0.6748033452065842
PF07477	0.6628203011998008	-0.6628203011998003
PF07478	-1.6383888788443652	1.6383888788443626
PF07479	-0.9722253213715609	0.9722253213715589
PF07484	0.9114874117011111	-0.9114874117011104
PF07486	0.6851357032347445	-0.6851357032347439
PF07488	1.4531698682377494	-1.453169868237748
PF07494	1.6249067088117006	-1.6249067088116986
PF07495	0.5737784342928811	-0.5737784342928808
PF07497	-0.06199153181002878	0.061991531810028214
PF07501	-1.9815576087627025	1.9815576087626992
PF07503	1.5624767512943993	-1.5624767512943973
PF07505	-1.7588881391581281	1.7588881391581253
PF07508	0.8218287417225896	-0.8218287417225884
PF07510	1.1353291893870892	-1.1353291893870874
PF07516	-0.19799287977979582	0.19799287977979504
PF07517	-0.7602709697696384	0.7602709697696368
PF07521	-0.20292134245079765	0.20292134245079688
PF07523	-0.07774239587803897	0.07774239587803838
PF07532	-1.3911080556679718	1.3911080556679694
PF07538	0.14475927225697094	-0.14475927225697072
PF07553	-0.5868824899362668	0.5868824899362657
PF07554	0.36843373379847594	-0.3684337337984756
PF07555	0.845587478324398	-0.8455874783243966
PF07556	1.431364352726729	-1.431364352726727
PF07561	-0.5236259455722236	0.5236259455722224
PF07568	-1.9363995316859222	1.9363995316859186
PF07580	-1.9914885354166607	1.9914885354166574
PF07581	1.2009431470454701	-1.2009431470454683
PF07584	1.6831904027744773	-1.6831904027744746
PF07610	-0.2412330328435732	0.24123303284357211
PF07613	0.7122901075386426	-0.7122901075386415
PF07650	0.21392485975120962	-0.21392485975120976
PF07660	0.7590230738319844	-0.7590230738319834
PF07662	-1.0541326925931984	1.0541326925931962
PF07664	1.042470986436848	-1.0424709864368469
PF07669	-0.21701308992725682	0.21701308992725601
PF07670	0.2952162324496135	-0.29521623244961326
PF07676	-0.30990387185374463	0.30990387185374396
PF07681	-1.2805758510612608	1.2805758510612584
PF07685	0.9792577263261596	-0.9792577263261582
PF07687	-0.7404335441580046	0.7404335441580031
PF07690	-1.5674323046591854	1.5674323046591827
PF07691	1.6830730720348723	-1.6830730720348703
PF07693	-0.2569862322519224	0.2569862322519218
PF07694	-1.3718921178653585	1.371892117865356
PF07696	-1.2223920540282338	1.2223920540282318
PF07698	1.6592561374874872	-1.6592561374874855
PF07702	-0.7682704676053138	0.7682704676053121
PF07703	0.9107094354947272	-0.910709435494726
PF07714	0.4495470198759591	-0.4495470198759591
PF07715	0.8904572224664553	-0.8904572224664543
PF07717	0.7775791631580667	-0.7775791631580659
PF07719	1.2855272432078193	-1.2855272432078177
PF07722	0.6755759435992962	-0.6755759435992953
PF07724	1.0581451935849986	-1.0581451935849975
PF07726	-1.2853010063632253	1.285301006363223
PF07728	0.03157072072557508	-0.03157072072557575
PF07729	-1.7144484887277367	1.7144484887277338
PF07730	-1.7204468538491253	1.7204468538491224
PF07731	-0.7404274978676352	0.7404274978676338
PF07732	1.433545255397611	-1.4335452553976094
PF07733	-0.6771551000134464	0.677155100013445
PF07745	-1.476620457446284	1.4766204574462811
PF07748	-1.260690234744566	1.2606902347445637
PF07751	-0.0018149217454178673	0.001814921745417391
PF07759	1.3878535288216733	-1.3878535288216718
PF07786	-0.8774462636064623	0.8774462636064606
PF07804	0.7107154757918248	-0.710715475791824
PF07826	1.3252336146215316	-1.3252336146215302
PF07831	0.17444116130289333	-0.17444116130289378
PF07833	-0.9562729505406741	0.9562729505406723
PF07853	0.22001719290742752	-0.2200171929074272
PF07859	0.24915194701882207	-0.24915194701882193
PF07863	1.3849617691100375	-1.3849617691100358
PF07866	0.07193459488352165	-0.07193459488352201
PF07873	-1.3382305188891441	1.338230518889142
PF07881	0.014342250435962657	-0.014342250435963346
PF07882	0.16585301541727673	-0.16585301541727696
PF07883	1.1769858074884343	-1.1769858074884327
PF07884	-0.9868624910497811	0.9868624910497791
PF07885	-0.8856035970974343	0.8856035970974324
PF07892	0.976334111203044	-0.9763341112030428
PF07905	-1.3537825840325057	1.3537825840325033
PF07906	0.13771166718246156	-0.13771166718246183
PF07907	0.1311179750772242	-0.13111797507722445
PF07916	-2.2300947419384207	2.2300947419384176
PF07929	0.680969553749859	-0.6809695537498587
PF07934	-0.23364140973573103	0.23364140973573067
PF07940	0.5917473198301267	-0.5917473198301265
PF07943	1.1602875091034948	-1.1602875091034934
PF07944	0.49217418012887887	-0.4921741801288788
PF07949	0.26138627744860093	-0.26138627744860077
PF07959	0.056835156413171405	-0.05683515641317179
PF07969	0.15577319864444608	-0.1557731986444463
PF07971	-1.2940348360595317	1.2940348360595295
PF07972	1.184992583523412	-1.1849925835234114
PF07973	0.8635654280071802	-0.8635654280071792
PF07977	0.6450598315806385	-0.6450598315806375
PF07980	-0.472432298968742	0.472432298968741
PF07991	-1.9649335285418814	1.9649335285418783
PF07992	-1.3672952986454092	1.3672952986454068
PF07993	1.3402505571640502	-1.3402505571640484
PF07994	0.025522196649265458	-0.025522196649265656
PF07995	-0.14765697945436881	0.1476569794543686
PF08000	0.19903717021612746	-0.19903717021612738
PF08006	0.6795264295812699	-0.6795264295812691
PF08007	-1.6696309005167063	1.6696309005167034
PF08011	1.0000399207767978	-1.000039920776797
PF08013	-0.7786493971881437	0.7786493971881423
PF08019	0.35486466336697686	-0.35486466336697636
PF08020	-0.2706839409584172	0.2706839409584165
PF08028	0.7395252927003063	-0.7395252927003054
PF08029	0.6537900994170093	-0.6537900994170083
PF08032	-0.9388217341409646	0.9388217341409629
PF08124	1.0583992426510798	-1.0583992426510787
PF08125	-0.2931053627832413	0.2931053627832401
PF08148	-1.517335364619623	1.5173353646196206
PF08206	-0.8996734715460898	0.8996734715460879
PF08212	0.9300559965829285	-0.9300559965829274
PF08218	-0.8836003493053568	0.8836003493053551
PF08220	0.8764360581271945	-0.8764360581271938
PF08238	-0.9832584617577145	0.9832584617577125
PF08239	0.17991093110253087	-0.1799109311025306
PF08240	0.44908845524925056	-0.44908845524925034
PF08241	-0.591885898449788	0.5918858984497869
PF08242	-0.1456981341128902	0.14569813411288976
PF08244	-0.49597734661638826	0.49597734661638704
PF08245	0.5815208823156716	-0.5815208823156707
PF08264	0.5618961155841934	-0.5618961155841928
PF08267	-1.3452125206058447	1.3452125206058425
PF08275	-1.3528116870740274	1.3528116870740252
PF08279	-1.78042078010294	1.7804207801029368
PF08281	0.823480230256009	-0.8234802302560082
PF08282	1.506505002061902	-1.5065050020619002
PF08299	-0.9869855245383741	0.9869855245383723
PF08305	-1.2880084511040897	1.288008451104087
PF08306	0.8142706874602949	-0.8142706874602941
PF08308	0.3681213263221863	-0.36812132632218597
PF08323	-0.38972723031681744	0.3897272303168164
PF08328	-1.378135712982051	1.3781357129820486
PF08331	-0.3338292817652122	0.33382928176521126
PF08335	-1.1892641617119624	1.1892641617119604
PF08338	0.3239487146752825	-0.3239487146752825
PF08343	-1.0222135466784703	1.0222135466784685
PF08346	0.15450037610038955	-0.15450037610038955
PF08348	-0.1550396560250581	0.15503965602505762
PF08352	0.8483794628490763	-0.8483794628490753
PF08353	-1.256050794592841	1.2560507945928387
PF08354	0.25224601395803703	-0.2522460139580371
PF08367	-0.19565775059694496	0.19565775059694443
PF08388	0.6522016313511143	-0.6522016313511135
PF08400	0.2693389919318372	-0.2693389919318368
PF08401	0.6085035914495781	-0.6085035914495772
PF08402	0.8477492201731172	-0.8477492201731159
PF08410	0.59306592620802	-0.5930659262080193
PF08428	-0.3186574802180367	0.31865748021803597
PF08436	1.0438133728248657	-1.0438133728248644
PF08439	-0.2887730348831265	0.28877303488312556
PF08442	1.2548664504948404	-1.2548664504948384
PF08447	-0.11779797971530521	0.11779797971530478
PF08448	0.603405398418758	-0.6034053984187573
PF08450	-1.3873194516906262	1.3873194516906238
PF08455	0.8542466835270898	-0.854246683527089
PF08459	0.520476202182697	-0.5204762021826964
PF08463	1.0238178446310773	-1.0238178446310762
PF08478	0.0495431356043944	-0.04954313560439479
PF08479	-1.4210689356916153	1.4210689356916129
PF08481	1.1332703862046687	-1.1332703862046671
PF08482	0.33616483150357224	-0.3361648315035722
PF08486	1.2786963625942178	-1.2786963625942163
PF08487	1.3553881407049497	-1.3553881407049477
PF08494	-0.740173030967054	0.7401730309670527
PF08497	1.423241659245895	-1.4232416592458927
PF08501	0.31086817108559534	-0.3108681710855951
PF08502	1.25509967318594	-1.255099673185938
PF08522	-0.10367760752346128	0.10367760752346065
PF08529	-0.6271306724573638	0.6271306724573625
PF08530	0.9924637958820556	-0.9924637958820542
PF08531	1.4494209029999225	-1.4494209029999208
PF08532	0.06707799095174453	-0.06707799095174467
PF08534	0.5448512917739413	-0.5448512917739406
PF08541	1.7739249269103226	-1.7739249269103203
PF08543	-1.3098802858135488	1.3098802858135465
PF08544	1.078110981911543	-1.078110981911542
PF08545	1.4632564146865812	-1.4632564146865794
PF08546	0.09893207224935531	-0.09893207224935516
PF08659	-0.37996386545538174	0.3799638654553809
PF08665	0.7521221005438786	-0.752122100543878
PF08666	-0.7220153578606605	0.7220153578606592
PF08676	1.1948505438771597	-1.1948505438771582
PF08681	-2.204838375606874	2.20483837560687
PF08704	-2.0426738251146666	2.042673825114664
PF08706	-0.837279851245726	0.8372798512457245
PF08713	-0.5459751993870128	0.5459751993870117
PF08719	-0.060900624221993487	0.06090062422199339
PF08747	-0.7319373674611906	0.731937367461189
PF08751	-0.37175290803635713	0.3717529080363561
PF08757	-0.19836442598473078	0.19836442598473047
PF08760	0.6371191278639367	-0.6371191278639359
PF08769	-0.1813332489772872	0.18133324897728645
PF08780	-1.7446833556031842	1.7446833556031809
PF08798	-0.5977920206343685	0.5977920206343674
PF08800	1.5628421032081592	-1.5628421032081574
PF08808	1.7601272650487036	-1.7601272650487014
PF08841	-1.04166711264635	1.041667112646348
PF08842	0.8507125136374029	-0.8507125136374022
PF08843	0.7542627001500284	-0.7542627001500277
PF08849	1.141827428132148	-1.1418274281321468
PF08867	0.25668533624606993	-0.25668533624606976
PF08876	-0.23762871360791654	0.2376287136079157
PF08885	0.7766638506494272	-0.776663850649426
PF08890	1.267880904811367	-1.2678809048113655
PF08902	0.5156042196203419	-0.5156042196203413
PF08903	-0.7792708657386971	0.7792708657386956
PF08924	-0.7586942738804006	0.7586942738803989
PF08942	-1.023514221451044	1.023514221451042
PF08974	-0.6158809830068962	0.615880983006895
PF08984	-0.05552274199226167	0.05552274199226135
PF09019	-0.38967277397436006	0.38967277397435923
PF09035	0.007495192749833316	-0.007495192749834015
PF09084	-0.8056723886986481	0.8056723886986465
PF09092	-1.3500101539798706	1.3500101539798683
PF09093	-0.8044429349215034	0.804442934921502
PF09134	-1.591177681684444	1.5911776816844412
PF09142	-0.12626656527069643	0.12626656527069577
PF09148	0.3993188775947985	-0.3993188775947981
PF09160	0.5086849104200195	-0.508684910420019
PF09180	0.1687972731750508	-0.16879727317505078
PF09186	-1.6747164030891777	1.6747164030891746
PF09190	0.28203217811651493	-0.2820321781165152
PF09223	0.9191090559100177	-0.9191090559100166
PF09234	-0.9387914050246284	0.9387914050246264
PF09244	-0.2577844074204285	0.25778440742042763
PF09261	-1.4619786378894304	1.4619786378894275
PF09269	-1.5355611850683557	1.5355611850683533
PF09285	-0.650250420930405	0.6502504209304035
PF09299	-0.6838313758877123	0.6838313758877107
PF09314	-0.8275294921748788	0.8275294921748773
PF09317	0.7177181096725131	-0.7177181096725125
PF09327	-1.8907116761155196	1.8907116761155165
PF09330	-1.757341828996834	1.7573418289968312
PF09334	0.11737522626204525	-0.11737522626204554
PF09335	1.2001325612884974	-1.2001325612884959
PF09338	-1.5311715878149248	1.5311715878149221
PF09339	-1.150183510056234	1.150183510056232
PF09344	-0.40912282642124775	0.4091228264212467
PF09357	1.1953160306643942	-1.1953160306643928
PF09359	-1.157620495581763	1.157620495581761
PF09362	-0.7721214777470641	0.7721214777470624
PF09363	0.08491555143976912	-0.08491555143976946
PF09364	0.883851789676227	-0.883851789676226
PF09365	1.0718587268979436	-1.0718587268979427
PF09371	0.5551386948652849	-0.5551386948652848
PF09375	1.2897139265892041	-1.2897139265892026
PF09382	1.2851640218073368	-1.2851640218073355
PF09383	-1.2382654315827533	1.2382654315827513
PF09393	0.23135284044941282	-0.23135284044941318
PF09397	-1.8346011065386667	1.8346011065386632
PF09413	0.6383902084328645	-0.6383902084328635
PF09414	0.5346802404621642	-0.5346802404621639
PF09424	0.8018153187038077	-0.8018153187038067
PF09471	-0.9835821997907523	0.9835821997907503
PF09479	-0.09609154456096525	0.09609154456096464
PF09481	-1.0641083259292246	1.0641083259292223
PF09492	0.9921471635664312	-0.9921471635664301
PF09500	0.5510927230796139	-0.5510927230796132
PF09508	-0.49334082837661053	0.49334082837660953
PF09509	-0.22478478108524122	0.22478478108524064
PF09511	-0.21698553572604898	0.21698553572604842
PF09512	1.6237273579336131	-1.62372735793361
PF09515	-0.5636827660180532	0.5636827660180519
PF09519	-1.0570017369138789	1.057001736913877
PF09529	1.317132861529284	-1.3171328615292826
PF09546	-0.04326082600976106	0.04326082600976052
PF09547	0.09240767442208583	-0.0924076744220857
PF09551	0.8730328294291292	-0.8730328294291282
PF09565	0.9691262737038574	-0.9691262737038561
PF09586	-1.707769280684167	1.707769280684164
PF09587	0.7596706938886968	-0.7596706938886963
PF09588	1.5021353245722118	-1.5021353245722093
PF09601	-0.9063258083224044	0.9063258083224027
PF09603	-0.8271138659528459	0.8271138659528443
PF09605	0.7784357968959135	-0.7784357968959125
PF09639	0.4909533916690458	-0.4909533916690453
PF09660	-1.476839856303785	1.476839856303782
PF09661	-1.3631443301680384	1.3631443301680357
PF09669	0.23228788603762748	-0.2322878860376276
PF09674	0.6001058270918738	-0.6001058270918731
PF09681	0.37620834892483945	-0.37620834892483934
PF09684	-1.9628904549331747	1.9628904549331712
PF09693	1.3296534578178472	-1.3296534578178456
PF09704	-0.06086651381486028	0.06086651381485971
PF09709	-1.163857861566379	1.1638578615663768
PF09719	-0.26263361706584115	0.26263361706584076
PF09721	1.4111564364248832	-1.4111564364248812
PF09723	1.2073339305618251	-1.2073339305618238
PF09754	-1.7207427708729848	1.7207427708729819
PF09768	1.2144766842623462	-1.2144766842623451
PF09818	1.0461281327861538	-1.0461281327861527
PF09819	-0.2973859898049972	0.29738598980499653
PF09820	0.9956588750065785	-0.9956588750065778
PF09821	-1.9249159474576933	1.9249159474576902
PF09822	0.591014344439069	-0.5910143444390683
PF09826	1.122987183633116	-1.122987183633115
PF09827	0.4111845802594165	-0.4111845802594166
PF09848	0.6415456958721407	-0.6415456958721403
PF09861	-0.978964904840886	0.978964904840884
PF09862	1.0887623085058944	-1.088762308505893
PF09863	-0.21912049003687062	0.21912049003687006
PF09903	-1.0547160836192904	1.0547160836192886
PF09906	-0.3115234134044065	0.31152341340440576
PF09913	0.5492273150933088	-0.5492273150933081
PF09918	1.6520210196895957	-1.6520210196895935
PF09924	-1.041776090835928	1.0417760908359257
PF09949	-0.8191937586609831	0.8191937586609814
PF09950	1.328265311940559	-1.3282653119405574
PF09960	-1.499370670409113	1.4993706704091105
PF09967	1.0255983397950756	-1.0255983397950748
PF09972	-2.0418606911350587	2.041860691135055
PF09979	-0.6925452626826226	0.6925452626826213
PF09982	-0.14999749542973417	0.1499974954297337
PF09983	-0.26107903236999797	0.2610790323699973
PF09984	-0.6615621110306511	0.6615621110306497
PF09986	1.219528899833952	-1.2195288998339504
PF09989	-1.321949760331337	1.3219497603313344
PF09991	-0.37605470937481805	0.3760547093748172
PF09992	-1.0993901873649996	1.0993901873649974
PF09994	0.02397539249776895	-0.02397539249776915
PF10009	0.41753812881458235	-0.4175381288145819
PF10011	1.1687031288950083	-1.1687031288950067
PF10020	-1.6248652937619201	1.6248652937619175
PF10022	-0.35148871781381535	0.3514887178138143
PF10035	0.9560929471840993	-0.9560929471840985
PF10050	1.1746493799970528	-1.1746493799970514
PF10060	0.8000576254525089	-0.8000576254525079
PF10076	-0.05330782619085813	0.053307826190857575
PF10080	-1.917495622677839	1.9174956226778355
PF10086	-1.1223722678541455	1.1223722678541432
PF10088	0.5679735045036275	-0.567973504503627
PF10101	0.7482920285829016	-0.7482920285829009
PF10103	-1.1092231399061525	1.1092231399061503
PF10105	0.6006712129923966	-0.6006712129923958
PF10106	-1.7998242653674459	1.7998242653674428
PF10111	-0.6919211244218578	0.6919211244218563
PF10112	-0.04951261085299468	0.04951261085299413
PF10117	1.3301275595004656	-1.3301275595004638
PF10123	0.9105386528619863	-0.9105386528619854
PF10124	-1.1004015894182295	1.1004015894182273
PF10127	-0.12702335503591172	0.12702335503591153
PF10128	-1.7311695620097562	1.7311695620097534
PF10140	1.5420852908870475	-1.5420852908870453
PF10143	0.42807322405500337	-0.428073224055003
PF10145	-0.9476799481431901	0.9476799481431883
PF10150	-0.5299052115634008	0.5299052115633994
PF10282	0.8148964493099232	-0.8148964493099222
PF10298	0.6131837668714105	-0.6131837668714103
PF10369	-1.4036294751921714	1.403629475192169
PF10370	-0.586383069137182	0.5863830691371805
PF10371	1.3368986318891447	-1.3368986318891434
PF10385	-1.744877189199298	1.744877189199295
PF10387	1.4050090471252823	-1.405009047125281
PF10396	-0.922701948078086	0.9227019480780841
PF10397	-0.9338272375552973	0.9338272375552954
PF10410	-1.2979783104175038	1.2979783104175016
PF10412	-0.5756151226803605	0.5756151226803592
PF10415	0.36398425863096157	-0.36398425863096123
PF10418	-0.7864716371849707	0.7864716371849693
PF10423	-2.206835528797103	2.2068355287970984
PF10431	0.2032712198157002	-0.20327121981570037
PF10437	-1.3828507195341848	1.3828507195341824
PF10458	0.5490030085313379	-0.5490030085313375
PF10459	0.7525225383126989	-0.7525225383126984
PF10502	1.4693923402712634	-1.4693923402712619
PF10509	-0.2063346124642557	0.20633461246425513
PF10531	0.6715325274741777	-0.6715325274741769
PF10543	0.9816082672894935	-0.981608267289492
PF10566	0.8149514052332717	-0.8149514052332708
PF10588	-0.05374076076898149	0.05374076076898117
PF10589	-0.7990947021683023	0.7990947021683006
PF10592	1.2148556018405694	-1.214855601840568
PF10593	-1.2161971863899597	1.2161971863899574
PF10609	-0.2696930049240375	0.26969300492403664
PF10611	-0.6060046858929873	0.6060046858929858
PF10626	1.4898564347384666	-1.4898564347384642
PF10634	-1.811167272646622	1.8111672726466184
PF10646	0.9046882009773785	-0.9046882009773777
PF10662	0.41135003651406943	-0.41135003651406926
PF10672	1.4750005505680317	-1.4750005505680295
PF10728	1.1252318690657273	-1.1252318690657257
PF10754	1.11187741685356	-1.1118774168535581
PF10797	1.196091941299682	-1.1960919412996807
PF10825	0.6902515239879025	-0.6902515239879019
PF10844	-1.3281448485161382	1.328144848516136
PF10923	0.6589590759069055	-0.6589590759069047
PF10926	-1.0792057354449633	1.0792057354449611
PF10934	-0.32720323330448403	0.32720323330448303
PF10938	-0.8779775071050498	0.8779775071050481
PF10951	-0.6306455646698332	0.630645564669832
PF10991	0.7134455811009933	-0.713445581100993
PF10995	0.3410605086129147	-0.34106050861291437
PF10996	1.2239476154181541	-1.2239476154181528
PF11013	0.8792714590439599	-0.8792714590439586
PF11104	1.0783037337257502	-1.0783037337257484
PF11130	-0.4764709420055848	0.47647094200558365
PF11133	-1.4013725212698127	1.40137252126981
PF11175	0.5618244849108601	-0.5618244849108596
PF11187	-1.1586715606788247	1.1586715606788225
PF11188	1.0244414051052986	-1.0244414051052972
PF11193	1.4301568403111282	-1.4301568403111269
PF11195	0.1442562393076443	-0.14425623930764456
PF11228	-0.7396045526755299	0.7396045526755284
PF11230	-0.2228066286217291	0.2228066286217285
PF11238	-1.985475769083333	1.9854757690833296
PF11241	-0.5778472452303436	0.5778472452303423
PF11248	-2.121274804303995	2.121274804303992
PF11253	-1.3370516359589177	1.3370516359589155
PF11258	0.8888408948093817	-0.8888408948093802
PF11268	-0.9985907813186263	0.9985907813186243
PF11273	-1.0318182469800115	1.0318182469800097
PF11276	0.4184895049724975	-0.4184895049724973
PF11306	0.27911580404536523	-0.2791158040453653
PF11307	1.5725351409053012	-1.5725351409052986
PF11311	1.0618632644328498	-1.0618632644328483
PF11325	1.2220940897291515	-1.22209408972915
PF11361	-1.7439347269245244	1.7439347269245213
PF11368	0.4794309564167958	-0.47943095641679506
PF11377	-0.4520549534342953	0.45205495343429436
PF11392	-1.160664231443403	1.1606642314434008
PF11398	-0.4195725419947467	0.4195725419947458
PF11412	-0.2742777687116238	0.2742777687116227
PF11443	-0.38583123249195733	0.3858312324919565
PF11449	-1.51946784810749	1.5194678481074873
PF11452	-1.9656406450929975	1.965640645092994
PF11453	0.4810472209480289	-0.48104722094802815
PF11655	1.1664808864645095	-1.1664808864645082
PF11658	-1.2450904478499554	1.2450904478499532
PF11672	-0.16942871417635383	0.16942871417635333
PF11692	-1.1829773092636522	1.1829773092636502
PF11694	0.43456680502084793	-0.4345668050208475
PF11700	-1.5989238334891722	1.5989238334891696
PF11738	-0.6405930270922299	0.6405930270922284
PF11745	0.036522939160924126	-0.036522939160924306
PF11753	-0.7331010431199539	0.7331010431199525
PF11760	-0.3209861306018592	0.3209861306018585
PF11762	0.7827204658471034	-0.7827204658471026
PF11794	0.24147202843136073	-0.2414720284313606
PF11795	1.1480826224297795	-1.1480826224297782
PF11796	1.2594198792097593	-1.259419879209758
PF11799	-1.2222543453092345	1.2222543453092325
PF11806	-1.3593401702021595	1.3593401702021568
PF11818	0.8666674096417217	-0.8666674096417205
PF11838	-1.0002395128637618	1.0002395128637598
PF11842	-1.1701963857226232	1.170196385722621
PF11852	-0.37425438183581194	0.3742543818358111
PF11855	-1.6735162566242545	1.6735162566242516
PF11863	0.6790090525580065	-0.6790090525580059
PF11867	0.4191256875033192	-0.4191256875033185
PF11893	-1.3529451188139663	1.352945118813964
PF11896	-1.4149924608344036	1.4149924608344011
PF11898	0.14817611788954804	-0.14817611788954851
PF11907	0.4275657297390356	-0.42756572973903545
PF11922	0.9682751345455957	-0.9682751345455944
PF11924	-0.6994421638584625	0.6994421638584609
PF11958	0.032949906354187174	-0.03294990635418712
PF11967	0.5773397723105272	-0.5773397723105266
PF11974	-0.13087921916278525	0.1308792191627848
PF11975	-0.2679324171186114	0.26793241711861077
PF11984	0.4074725372499707	-0.40747253724997
PF11987	-0.8026949400187376	0.8026949400187362
PF11997	-1.07106837127933	1.071068371279328
PF12002	-1.8826719407355872	1.882671940735584
PF12008	-0.13870896281541922	0.13870896281541878
PF12010	0.8672824343266012	-0.8672824343266003
PF12029	-0.8512515913950087	0.8512515913950072
PF12051	1.0538814020087586	-1.0538814020087572
PF12072	1.240727481664932	-1.24072748166493
PF12083	-0.5590055932773628	0.5590055932773617
PF12089	-0.9307774261944196	0.930777426194418
PF12099	1.7142516308032911	-1.714251630803289
PF12111	-2.2578346153593998	2.2578346153593962
PF12127	-0.8514203043790934	0.8514203043790919
PF12137	-0.8167873513885261	0.8167873513885243
PF12146	-1.3050868147242713	1.305086814724269
PF12161	0.06851407367073194	-0.0685140736707323
PF12164	1.132974610756606	-1.132974610756605
PF12169	-1.2826652594430767	1.2826652594430743
PF12215	-0.08904581565763975	0.08904581565763914
PF12224	-1.9138575805138254	1.9138575805138216
PF12225	-1.2120115320920857	1.2120115320920832
PF12229	0.8890165759312767	-0.8890165759312757
PF12236	-0.6567299626206694	0.6567299626206682
PF12282	-2.0387470683172926	2.038747068317289
PF12320	0.9374689795326157	-0.9374689795326148
PF12323	1.2111919054939804	-1.211191905493979
PF12327	-0.4979068730099584	0.4979068730099574
PF12344	0.7960571277860716	-0.7960571277860705
PF12385	0.2580918734407298	-0.25809187344072987
PF12392	0.8652569330588609	-0.86525693305886
PF12395	1.251629220628965	-1.2516292206289634
PF12401	0.6211585201177583	-0.6211585201177573
PF12419	0.14541192239382308	-0.14541192239382356
PF12421	0.5248120108183144	-0.5248120108183139
PF12437	1.1973510578033226	-1.1973510578033213
PF12439	0.6673423031222897	-0.6673423031222888
PF12502	0.6568178558635189	-0.6568178558635182
PF12508	-0.754217893183125	0.7542178931831236
PF12532	-0.31081870082461116	0.31081870082461044
PF12535	-1.3215336093511454	1.3215336093511432
PF12541	1.5669856683497823	-1.5669856683497798
PF12566	-0.614398674855635	0.6143986748556339
PF12570	0.6579771842422175	-0.6579771842422173
PF12571	-0.9700861425306466	0.970086142530645
PF12627	0.17056734106637864	-0.1705673410663786
PF12631	1.5790081163320653	-1.5790081163320637
PF12641	0.9623608376583994	-0.9623608376583983
PF12642	0.5344888753005078	-0.5344888753005075
PF12643	-0.09275864425826069	0.09275864425826007
PF12645	1.6610187033711878	-1.6610187033711856
PF12648	0.7130381811914512	-0.7130381811914506
PF12654	1.6486861106947501	-1.648686110694748
PF12663	-0.1486493025945405	0.14864930259454004
PF12666	-1.1605603303383367	1.1605603303383345
PF12668	-0.7094085379701365	0.7094085379701351
PF12671	0.3997846296641984	-0.3997846296641983
PF12672	0.3636885732550392	-0.3636885732550394
PF12673	0.6946326495213123	-0.6946326495213115
PF12679	0.7546399619188144	-0.7546399619188134
PF12682	-0.23243948057990474	0.23243948057990416
PF12684	0.027450525358233644	-0.02745052535823384
PF12685	-1.0327846922083153	1.0327846922083135
PF12687	-0.3266606149385522	0.3266606149385515
PF12695	-0.10931204958361901	0.10931204958361884
PF12696	0.23764017131124604	-0.23764017131124593
PF12697	-1.7724577050326253	1.7724577050326225
PF12698	1.0260294676845232	-1.026029467684522
PF12700	0.08885267951299927	-0.08885267951299937
PF12704	1.2504515018483537	-1.2504515018483524
PF12705	-1.035214297272067	1.035214297272065
PF12706	1.1681032180527855	-1.168103218052784
PF12708	1.0494687624468868	-1.0494687624468855
PF12710	-1.8985547223938293	1.8985547223938262
PF12715	1.4093487532890965	-1.409348753289095
PF12725	1.255267435160066	-1.2552674351600643
PF12727	0.41389092291205276	-0.4138909229120524
PF12728	-1.1188917725160115	1.1188917725160092
PF12729	-1.0586321423237819	1.0586321423237801
PF12730	1.078171821518303	-1.0781718215183014
PF12733	1.3683694383523883	-1.3683694383523866
PF12741	-0.6057080565959525	0.6057080565959514
PF12750	1.0427836699386985	-1.0427836699386972
PF12759	-1.012870627860912	1.0128706278609099
PF12762	1.0108413771420375	-1.0108413771420361
PF12769	-1.7090224624050145	1.7090224624050117
PF12771	1.084846680226556	-1.0848466802265548
PF12784	-0.6019601270996087	0.6019601270996072
PF12792	1.2919449818520645	-1.2919449818520632
PF12793	-0.31438443996768806	0.3143844399676871
PF12794	0.2625047097287265	-0.2625047097287266
PF12795	-0.9146180656042604	0.9146180656042585
PF12796	0.7152482123995751	-0.7152482123995743
PF12799	1.1667976404469294	-1.166797640446928
PF12801	1.3156656174623504	-1.315665617462349
PF12802	1.6048883089589394	-1.604888308958937
PF12804	-0.49187021505486145	0.4918702150548602
PF12805	-1.9647318899253905	1.9647318899253872
PF12810	0.9952027145160929	-0.9952027145160919
PF12821	-1.2510502924485238	1.2510502924485216
PF12822	0.8702225949928244	-0.8702225949928235
PF12826	-2.0149802053514843	2.0149802053514807
PF12831	-1.204824845881988	1.2048248458819857
PF12832	-0.7754689220122523	0.7754689220122506
PF12833	0.986427337293435	-0.9864273372934337
PF12836	1.5278696082151553	-1.5278696082151528
PF12837	-0.88138193818405	0.8813819381840484
PF12838	1.3368630407645523	-1.3368630407645505
PF12840	1.3020987776985957	-1.3020987776985942
PF12844	0.5531906755740748	-0.5531906755740742
PF12846	0.5988009570548222	-0.5988009570548215
PF12848	0.9972573433707539	-0.9972573433707527
PF12849	-0.6420678517007746	0.6420678517007734
PF12850	1.0844774195271023	-1.0844774195271012
PF12888	0.711274789576077	-0.7112747895760765
PF12889	-0.5478849392225026	0.5478849392225013
PF12890	0.6420744173271988	-0.6420744173271984
PF12892	1.0862067185835045	-1.0862067185835036
PF12897	0.09251655092771718	-0.09251655092771728
PF12900	1.2213513063352481	-1.2213513063352468
PF12905	0.087280285284213	-0.08728028528421357
PF12911	-0.6068830138375488	0.6068830138375474
PF12945	0.6741765694562669	-0.6741765694562661
PF12950	0.36692065409118046	-0.36692065409118013
PF12951	-0.08543909910342366	0.0854390991034233
PF12957	0.06591881380147868	-0.06591881380147882
PF12958	-0.013818178764583298	0.013818178764582802
PF12960	-0.7452555622031732	0.7452555622031717
PF12969	-0.032300954006202746	0.0323009540062027
PF12971	1.1332518766324668	-1.1332518766324655
PF12972	0.9637502408277915	-0.9637502408277907
PF12974	-1.0160160219364074	1.0160160219364054
PF12984	0.6942291077354713	-0.6942291077354705
PF12990	1.2741626662207997	-1.274162666220798
PF12991	0.7629647971957968	-0.7629647971957958
PF12993	-1.0178122493031054	1.0178122493031037
PF12994	-0.14318475579889656	0.14318475579889586
PF12997	1.1298931682635445	-1.1298931682635431
PF13004	1.528447294534485	-1.5284472945344831
PF13006	-0.7061953690818809	0.7061953690818793
PF13007	-0.16989216574783506	0.16989216574783478
PF13018	0.32737393981474544	-0.32737393981474544
PF13023	1.1651473255594087	-1.1651473255594071
PF13026	0.958267348461098	-0.9582673484610972
PF13083	0.6695482403550513	-0.6695482403550508
PF13085	-0.3270910898215317	0.32709108982153073
PF13086	1.15106546467438	-1.1510654646743788
PF13087	0.8654815161530931	-0.8654815161530922
PF13088	-1.9696782056184092	1.9696782056184057
PF13089	-0.42405988214897883	0.42405988214897766
PF13090	0.1672883921987691	-0.1672883921987693
PF13091	1.4329730728681727	-1.4329730728681715
PF13098	0.6003522658623766	-0.6003522658623761
PF13100	1.6030212001581396	-1.6030212001581374
PF13101	-0.641230370350453	0.6412303703504516
PF13102	1.4523187522540033	-1.4523187522540015
PF13116	0.48485574664105024	-0.48485574664104947
PF13145	0.5519078747553525	-0.5519078747553517
PF13148	1.54215968819277	-1.5421596881927684
PF13149	0.9805321130847441	-0.980532113084743
PF13151	-1.1769549851290866	1.1769549851290846
PF13154	1.054460799368199	-1.0544607993681976
PF13155	0.5718197932138229	-0.5718197932138225
PF13166	1.2727056428348633	-1.272705642834862
PF13167	1.1168625230352398	-1.1168625230352385
PF13173	-2.0001761860222227	2.000176186022219
PF13174	-0.8057183683333421	0.8057183683333407
PF13175	0.8324198908576796	-0.8324198908576788
PF13177	0.7640928621491021	-0.7640928621491013
PF13180	-1.1369231724555697	1.136923172455568
PF13181	0.6101014531431485	-0.6101014531431478
PF13182	-1.1977105508261414	1.1977105508261392
PF13184	1.347918214020303	-1.347918214020301
PF13189	-0.15775068032311068	0.1577506803231102
PF13190	0.9586457341421661	-0.9586457341421648
PF13191	1.4899465874257258	-1.489946587425724
PF13192	1.287647998596018	-1.2876479985960165
PF13193	-1.0035888613941413	1.0035888613941393
PF13195	0.18789389015829036	-0.1878938901582903
PF13196	-1.436892008316719	1.4368920083167165
PF13200	-0.5411638924967633	0.5411638924967622
PF13201	-1.83636011041951	1.8363601104195066
PF13202	1.1575408577322002	-1.1575408577321988
PF13204	-0.2894628812415882	0.28946288124158753
PF13205	0.35915995731320505	-0.359159957313205
PF13207	-1.8273966687732113	1.827396668773208
PF13224	0.047026588288712534	-0.04702658828871293
PF13226	-1.3729268548949907	1.3729268548949882
PF13228	-1.58415251767133	1.5841525176713271
PF13229	1.1399356762149795	-1.1399356762149782
PF13231	0.9527643274156081	-0.9527643274156066
PF13240	-0.48344794352864195	0.48344794352864096
PF13241	0.19505011915932924	-0.19505011915932916
PF13242	0.06685849416110506	-0.06685849416110544
PF13245	0.7428570544819444	-0.7428570544819437
PF13246	0.19776454844873143	-0.19776454844873137
PF13247	-0.6902042242861685	0.6902042242861672
PF13262	-2.1006052250403484	2.100605225040345
PF13263	0.8746796964252338	-0.8746796964252329
PF13274	0.06547607312498765	-0.06547607312498778
PF13276	0.8662949714726349	-0.8662949714726338
PF13277	0.11824944821802522	-0.11824944821802527
PF13280	-1.8512990402982756	1.8512990402982723
PF13286	0.8795335465679345	-0.8795335465679333
PF13287	0.8252849107887024	-0.8252849107887016
PF13288	-1.369815086182122	1.3698150861821194
PF13289	-1.7081647023910447	1.7081647023910418
PF13290	1.6205598642202017	-1.6205598642201997
PF13291	1.1039320799285628	-1.1039320799285612
PF13292	1.4734248767151292	-1.4734248767151277
PF13296	-2.1710614449500576	2.1710614449500545
PF13302	-0.7953365948535396	0.7953365948535378
PF13303	-1.263232556221911	1.2632325562219087
PF13304	0.6134140194683825	-0.6134140194683815
PF13306	-1.4914434342103298	1.491443434210327
PF13307	1.1828318341524555	-1.1828318341524546
PF13308	-0.8459781926700399	0.8459781926700382
PF13310	1.6416800029346692	-1.6416800029346672
PF13311	0.6980606421145263	-0.6980606421145252
PF13313	1.4169376502224165	-1.4169376502224151
PF13320	1.22092981550437	-1.2209298155043682
PF13328	-0.7423378889608757	0.7423378889608743
PF13332	-0.18103639908901495	0.1810363990890142
PF13333	-1.8800725334610326	1.8800725334610293
PF13335	-1.0871513870347163	1.0871513870347143
PF13336	1.0243277178146077	-1.0243277178146064
PF13337	0.963814816027527	-0.9638148160275258
PF13340	-1.412976773462235	1.4129767734622323
PF13342	0.5610529896022473	-0.5610529896022468
PF13343	-0.2021614373299038	0.20216143732990324
PF13344	-0.9658743668273413	0.9658743668273395
PF13346	-1.2271970119796909	1.2271970119796887
PF13347	-0.3524301667360045	0.35243016673600375
PF13349	0.7722820223019379	-0.7722820223019373
PF13350	-0.7543373774734217	0.7543373774734202
PF13351	1.2245625512815426	-1.2245625512815417
PF13353	1.378261809116217	-1.3782618091162155
PF13354	-1.396243023342767	1.3962430233427647
PF13356	-1.1743478923452317	1.1743478923452295
PF13358	1.0341090231992787	-1.0341090231992773
PF13360	-1.0261962947074839	1.026196294707482
PF13361	-1.2847299458419443	1.284729945841942
PF13365	0.4677915370417144	-0.4677915370417141
PF13367	0.17074507501777858	-0.1707450750177788
PF13368	1.132289049877634	-1.1322890498776326
PF13374	0.7392302074975734	-0.7392302074975723
PF13375	0.3750584625727053	-0.375058462572705
PF13377	-1.69789148580002	1.6978914858000167
PF13378	-1.7844431509384722	1.7844431509384693
PF13379	0.41124083848138143	-0.41124083848138127
PF13382	-0.8987236556284321	0.8987236556284303
PF13384	-1.089706373127339	1.089706373127337
PF13385	-0.3027381531461004	0.3027381531460995
PF13386	-0.14263929544795223	0.14263929544795179
PF13387	1.487050142246744	-1.4870501422467424
PF13393	0.20118192255747258	-0.20118192255747228
PF13394	-1.1171454566377272	1.1171454566377252
PF13395	0.8726801121482848	-0.8726801121482838
PF13397	0.2843012046655793	-0.2843012046655791
PF13399	0.4311914947478477	-0.431191494747847
PF13401	0.0858757711595299	-0.08587577115953024
PF13402	1.4274266620317537	-1.427426662031752
PF13404	0.8891086898393098	-0.8891086898393089
PF13406	0.2291864445030069	-0.22918644450300701
PF13407	0.43955399134331913	-0.4395539913433192
PF13408	-0.5857918007777344	0.5857918007777333
PF13411	0.4643649156322258	-0.4643649156322258
PF13412	1.5602893015051185	-1.5602893015051174
PF13413	-1.1390166254287943	1.1390166254287921
PF13414	0.6045855364835458	-0.6045855364835452
PF13416	0.2755494072107003	-0.27554940721070037
PF13417	-0.4101022647149068	0.4101022647149057
PF13419	0.3645875568488683	-0.36458755684886773
PF13420	1.2755009286905747	-1.2755009286905734
PF13421	-1.684056889974838	1.6840568899748352
PF13424	0.1854821383744742	-0.18548213837447416
PF13426	1.6270551230586636	-1.6270551230586616
PF13428	0.91452202852191	-0.9145220285219089
PF13431	0.31806222294866066	-0.3180622229486606
PF13432	0.6508473748290922	-0.6508473748290916
PF13433	0.1435863873847344	-0.14358638738473442
PF13437	0.767441601896076	-0.7674416018960751
PF13438	0.5759910656093549	-0.5759910656093544
PF13439	1.4000682979223351	-1.4000682979223333
PF13440	-0.49436946530622367	0.4943694653062224
PF13442	-0.7817061483314586	0.7817061483314568
PF13443	-1.1635025440345037	1.1635025440345015
PF13444	-0.48954362330628076	0.48954362330627976
PF13448	-0.5349256048375968	0.5349256048375954
PF13449	-1.3082092244696133	1.3082092244696109
PF13450	0.7283468544054057	-0.7283468544054048
PF13454	-0.8647908522727032	0.8647908522727017
PF13458	-0.5739433734573944	0.5739433734573932
PF13460	-1.797945604521845	1.7979456045218414
PF13462	1.2945732139432597	-1.2945732139432582
PF13470	-0.01251129758921608	0.012511297589215587
PF13472	-0.9773457582265894	0.9773457582265876
PF13473	-0.3009604166413355	0.30096041664133455
PF13476	0.32755209721581713	-0.32755209721581685
PF13478	0.03141631644925153	-0.031416316449251955
PF13480	-1.4237595085526689	1.4237595085526664
PF13481	-1.293557198390959	1.2935571983909566
PF13484	-0.21540302356189908	0.21540302356189828
PF13487	-0.0998723175618898	0.09987231756188965
PF13489	0.9920238328126381	-0.9920238328126368
PF13491	1.2673933250055491	-1.267393325005548
PF13493	1.6153416893743548	-1.615341689374353
PF13495	1.5176458056175586	-1.5176458056175572
PF13497	-1.4717740331847065	1.4717740331847036
PF13500	-0.30775737972280365	0.3077573797228027
PF13502	-1.8874195120063164	1.887419512006313
PF13503	-0.35223399152960316	0.35223399152960216
PF13505	-0.6984542233214918	0.6984542233214902
PF13507	1.3882354123938998	-1.3882354123938985
PF13508	0.3866548253823191	-0.38665482538231855
PF13509	0.7189357819855342	-0.7189357819855333
PF13510	0.76477604681928	-0.7647760468192795
PF13514	-1.5919232474332703	1.5919232474332676
PF13515	-0.6314518066584801	0.6314518066584787
PF13518	-0.6383650751228591	0.6383650751228579
PF13519	0.917175110501491	-0.9171751105014901
PF13520	0.0762955353436839	-0.07629553534368379
PF13521	0.32769552239549965	-0.3276955223954994
PF13522	-2.027777873011535	2.0277778730115323
PF13523	1.2978799566998838	-1.2978799566998818
PF13524	-1.4263135240466769	1.4263135240466744
PF13525	-0.8594984867789481	0.8594984867789462
PF13526	-0.9121083763600815	0.9121083763600798
PF13527	0.4270208121171155	-0.42702081211711507
PF13528	0.23628534908651036	-0.23628534908651025
PF13529	0.3948650944065964	-0.3948650944065963
PF13530	0.04357952552247426	-0.043579525522474426
PF13531	0.05832228231879155	-0.05832228231879194
PF13533	0.4053674662001037	-0.4053674662001036
PF13535	0.754028823486041	-0.7540288234860402
PF13537	-0.8134603169873181	0.8134603169873165
PF13538	1.0426758395463602	-1.0426758395463587
PF13539	1.0709763970883366	-1.0709763970883357
PF13540	0.05315623701773024	-0.0531562370177304
PF13541	-1.4908070662341317	1.4908070662341293
PF13542	-1.1022134836471031	1.1022134836471011
PF13545	-1.302586584450021	1.3025865844500188
PF13546	-0.05320031328972379	0.05320031328972323
PF13549	-1.3382655662537435	1.338265566253741
PF13550	-1.9030146063988211	1.9030146063988178
PF13552	-0.48578082462549055	0.48578082462548955
PF13555	1.1631233364468778	-1.1631233364468767
PF13556	-1.2739284613859851	1.273928461385983
PF13558	-0.6451237954330351	0.6451237954330339
PF13560	-0.038270486397184146	0.038270486397184084
PF13561	1.4343856165165825	-1.4343856165165807
PF13566	0.7552834290564828	-0.7552834290564822
PF13567	1.382833382304957	-1.3828333823049552
PF13568	1.0929991297334543	-1.092999129733453
PF13569	0.3950345509271323	-0.39503455092713197
PF13570	1.1408849650382897	-1.1408849650382884
PF13572	-0.28421940309052296	0.2842194030905223
PF13575	-0.8320865615888015	0.8320865615887999
PF13579	1.6354333757761252	-1.6354333757761228
PF13580	-1.2184845518458052	1.2184845518458027
PF13581	0.6384805755132991	-0.6384805755132983
PF13584	0.7595345952316165	-0.7595345952316158
PF13586	0.6069974074436054	-0.6069974074436052
PF13589	0.06981860959897503	-0.06981860959897539
PF13593	-1.592473217827832	1.592473217827829
PF13595	0.9643189452855047	-0.9643189452855035
PF13596	-0.1477745258915859	0.14777452589158543
PF13597	-0.34531746544081793	0.3453174654408172
PF13599	-0.08694032793413096	0.08694032793413059
PF13602	-0.6607086388227305	0.6607086388227292
PF13603	-1.4433758321548575	1.4433758321548549
PF13604	-0.02043934775715642	0.02043934775715615
PF13605	-0.587311476298715	0.5873114762987138
PF13606	-0.35568737287921337	0.3556873728792126
PF13609	0.5560168131378211	-0.5560168131378204
PF13610	-0.22152541168926845	0.22152541168926812
PF13612	0.7371568666342789	-0.7371568666342783
PF13614	-0.10919753599051907	0.10919753599051843
PF13616	0.7004641888418586	-0.7004641888418578
PF13620	1.084652216303431	-1.0846522163034298
PF13622	-0.37409240568934254	0.37409240568934177
PF13623	-0.653397684668993	0.6533976846689915
PF13624	1.5764970641027936	-1.5764970641027922
PF13630	-0.8740515885860058	0.874051588586004
PF13632	-0.17498311839512096	0.1749831183951202
PF13635	-1.2184314947216077	1.2184314947216055
PF13637	1.137350528422311	-1.1373505284223098
PF13638	0.8843476393131902	-0.884347639313189
PF13641	-1.3674821855223829	1.3674821855223804
PF13649	-1.8965930320447004	1.8965930320446973
PF13650	0.41765904963071404	-0.4176590496307134
PF13651	-0.5154472414760481	0.5154472414760471
PF13654	-1.4901174858186874	1.4901174858186848
PF13655	1.3079966060010706	-1.307996606001069
PF13657	-1.3210809466534126	1.3210809466534101
PF13662	0.3438223836169934	-0.34382238361699363
PF13667	0.4543217348534301	-0.4543217348534294
PF13671	0.5700413157084332	-0.5700413157084326
PF13672	1.2075367954703429	-1.2075367954703418
PF13673	0.43044910109851886	-0.4304491010985184
PF13676	0.437603857978932	-0.43760385797893153
PF13677	-1.3686618430435895	1.3686618430435873
PF13679	0.8358956540560519	-0.8358956540560507
PF13683	1.4444687872307056	-1.4444687872307043
PF13684	0.3926578052373324	-0.39265780523733207
PF13685	0.4133132022035182	-0.41331320220351775
PF13687	0.40767812748551246	-0.4076781274855121
PF13692	1.3191300397755863	-1.3191300397755847
PF13700	-1.7542765162744158	1.754276516274413
PF13701	0.8116361516945058	-0.8116361516945052
PF13702	-0.5488582548684472	0.5488582548684459
PF13707	0.7873697101221093	-0.7873697101221084
PF13711	0.7183576948677662	-0.7183576948677659
PF13714	-0.9092941059808902	0.9092941059808886
PF13715	1.6573714909427648	-1.6573714909427635
PF13720	0.495272503572045	-0.4952725035720447
PF13721	-0.34201062610779376	0.34201062610779276
PF13722	0.45357043436487415	-0.45357043436487343
PF13727	-0.30885838879286076	0.3088583887928601
PF13730	0.7232307328889487	-0.7232307328889478
PF13731	-1.066034735155967	1.066034735155965
PF13735	-0.375094122454034	0.37509412245403323
PF13737	-0.3051356793196651	0.3051356793196644
PF13738	0.3005716563949217	-0.3005716563949217
PF13740	-0.08833225933363609	0.08833225933363548
PF13742	0.5891206858122177	-0.589120685812217
PF13749	-0.8916984668936265	0.891698466893625
PF13751	-0.539909212759072	0.5399092127590709
PF13768	0.8100290993073983	-0.8100290993073977
PF13777	-0.15885169900511104	0.15885169900511056
PF13780	-0.22349794400320513	0.2234979440032048
PF13782	0.32239111577825236	-0.3223911157782521
PF13784	0.17255519021875448	-0.17255519021875468
PF13786	0.16792985864063312	-0.1679298586406331
PF13791	0.4347979145352019	-0.4347979145352017
PF13793	1.2311966594764527	-1.231196659476451
PF13802	-1.682312566294423	1.6823125662944198
PF13806	-1.8434191671247622	1.843419167124759
PF13807	-0.8821493792143789	0.8821493792143773
PF13808	0.608123599856091	-0.6081235998560902
PF13811	0.24647236550700502	-0.24647236550700513
PF13817	0.4369060645759816	-0.4369060645759809
PF13828	0.3477231149137275	-0.3477231149137272
PF13829	-0.6551305380074611	0.6551305380074597
PF13834	-0.4613097259772452	0.461309725977244
PF13835	0.5743516248836952	-0.5743516248836947
PF13840	0.5347117752918652	-0.5347117752918646
PF13847	0.6571960192886094	-0.6571960192886083
PF13855	0.4374313492789386	-0.4374313492789387
PF13857	0.49032323661045263	-0.4903232366104521
PF13859	-0.5821239684505837	0.5821239684505822
PF13876	0.7328280479285757	-0.7328280479285748
PF13899	0.6974694023144947	-0.6974694023144938
PF13905	0.8853704762997988	-0.8853704762997977
PF13906	-0.26440275022826926	0.26440275022826837
PF13930	-0.21580124198735431	0.21580124198735376
PF13932	0.6903351056555831	-0.6903351056555822
PF13936	-0.017981803489228867	0.017981803489228603
PF13941	0.7694779677405419	-0.7694779677405409
PF13944	1.6541141792997902	-1.654114179299788
PF13953	-2.045975812884886	2.045975812884882
PF13954	-1.8879650170352915	1.8879650170352884
PF13958	0.3437643913404256	-0.3437643913404255
PF13964	1.0734872535370943	-1.0734872535370932
PF13975	1.7894476843999154	-1.7894476843999132
PF14014	-1.7140855539262165	1.7140855539262136
PF14018	1.2118592828111328	-1.2118592828111308
PF14019	-0.2548734958912458	0.25487349589124497
PF14022	-0.15838789537487727	0.15838789537487655
PF14029	-0.7526931999339653	0.7526931999339639
PF14031	1.2553038429870518	-1.2553038429870504
PF14052	-0.20983230898084376	0.2098323089808432
PF14053	1.4512797638336903	-1.4512797638336878
PF14057	1.6851019046900837	-1.6851019046900813
PF14058	1.339201473932067	-1.3392014739320652
PF14059	0.07397150341483673	-0.07397150341483709
PF14062	-0.2435800703163376	0.243580070316337
PF14072	0.6018528391827063	-0.6018528391827054
PF14080	-0.744152986442126	0.7441529864421247
PF14092	0.6421159898682318	-0.6421159898682314
PF14133	-1.1373221459512286	1.1373221459512264
PF14187	0.9523360116274967	-0.9523360116274955
PF14190	1.6922567626170373	-1.692256762617035
PF14191	0.5677054424851284	-0.5677054424851278
PF14193	-0.600188753870576	0.6001887538705746
PF14194	0.6712677325762744	-0.6712677325762736
PF14195	-0.30650881993155876	0.3065088199315578
PF14196	-2.234397644637451	2.2343976446374474
PF14198	0.5160211095252912	-0.5160211095252909
PF14199	-0.9314253849480608	0.9314253849480589
PF14200	0.7233391491209445	-0.7233391491209437
PF14202	-1.0452652694613456	1.0452652694613438
PF14203	-1.1329700826739424	1.1329700826739404
PF14237	1.0733426247714613	-1.0733426247714601
PF14238	1.4754498108499663	-1.475449810849965
PF14253	1.0977300520642863	-1.0977300520642852
PF14256	-1.1539225892793712	1.1539225892793692
PF14262	0.4378738288892476	-0.43787382888924714
PF14264	-0.6353173856564027	0.6353173856564015
PF14267	0.6161640461781943	-0.6161640461781939
PF14268	0.03943460117480291	-0.039434601174803324
PF14269	1.6600376319104273	-1.660037631910425
PF14270	1.2527942736943614	-1.2527942736943598
PF14274	1.3218744672921547	-1.321874467292153
PF14277	1.1964763400231941	-1.1964763400231928
PF14278	0.8317506042577246	-0.8317506042577233
PF14280	-0.7534712054764788	0.7534712054764773
PF14283	0.13768789456672356	-0.1376878945667236
PF14284	1.2872973261374292	-1.2872973261374276
PF14285	0.4958732680792155	-0.49587326807921495
PF14286	-1.7250719170932445	1.7250719170932416
PF14287	0.4624335701057832	-0.46243357010578295
PF14289	0.7767765600433537	-0.7767765600433526
PF14292	-0.16791934313703785	0.1679193431370371
PF14297	0.8762303113664748	-0.8762303113664739
PF14305	-0.9081623922032505	0.9081623922032488
PF14307	0.9561036807286852	-0.9561036807286841
PF14310	-0.2749323747067025	0.2749323747067016
PF14311	0.550907062206086	-0.5509070622060857
PF14319	0.9822031536414216	-0.9822031536414202
PF14322	0.8083965292338616	-0.8083965292338608
PF14323	1.0079431671094636	-1.0079431671094623
PF14335	-1.0595410059235753	1.0595410059235735
PF14343	0.40055361442042303	-0.40055361442042314
PF14367	-1.225399240597209	1.2253992405972067
PF14378	0.773619198455651	-0.7736191984556505
PF14386	0.25788508750281514	-0.2578850875028152
PF14387	-1.2685297162271367	1.2685297162271343
PF14390	-0.24411698910940371	0.2441169891094031
PF14391	0.8751106381233148	-0.8751106381233136
PF14393	-0.803361002942105	0.8033610029421033
PF14397	0.15389728894574956	-0.15389728894574956
PF14403	-1.3756329916259282	1.3756329916259256
PF14437	-2.1247304045755673	2.1247304045755633
PF14446	0.13637867018887023	-0.13637867018887026
PF14450	0.9806376266183863	-0.9806376266183854
PF14478	0.9310932289306786	-0.9310932289306773
PF14480	0.20599649719403293	-0.20599649719403285
PF14486	-0.38194101898913646	0.3819410189891357
PF14487	-0.5777522429888867	0.5777522429888854
PF14488	-0.5351223643507328	0.5351223643507317
PF14490	0.7021852916211446	-0.702185291621144
PF14492	-0.14863843849669903	0.14863843849669808
PF14498	0.18718503210103352	-0.18718503210103346
PF14501	0.6994738236594016	-0.699473823659401
PF14503	-1.2315974336180586	1.2315974336180564
PF14508	-0.010390380050612982	0.010390380050612729
PF14509	0.6567376478492019	-0.6567376478492011
PF14512	-1.148748111004027	1.1487481110040247
PF14520	0.40448987174883794	-0.40448987174883755
PF14522	1.4881747966290462	-1.4881747966290442
PF14524	0.19668296144566355	-0.19668296144566372
PF14526	-1.0574512951011017	1.0574512951010995
PF14527	-0.1875275282092195	0.1875275282092185
PF14532	1.0230295180797604	-1.0230295180797593
PF14535	0.28105252349346416	-0.28105252349346393
PF14559	1.0863741095967399	-1.0863741095967387
PF14561	-1.9740165045845077	1.9740165045845042
PF14572	0.5808596353198716	-0.580859635319871
PF14574	0.2241645963451006	-0.22416459634510075
PF14579	-0.2591259796442391	0.25912597964423845
PF14583	0.7548489547631597	-0.7548489547631593
PF14584	-0.8820741249763349	0.8820741249763333
PF14587	1.479932209822698	-1.4799322098226957
PF14588	1.043271598842009	-1.0432715988420078
PF14594	-2.2066981705576776	2.2066981705576736
PF14602	-1.2267129254769218	1.2267129254769196
PF14620	0.3157056406642917	-0.3157056406642919
PF14622	-0.9557975255779438	0.955797525577942
PF14657	0.7494113996029497	-0.749411399602949
PF14659	0.6570978003348468	-0.6570978003348462
PF14667	-0.8653298133329629	0.8653298133329613
PF14681	0.36165791747805426	-0.3616579174780544
PF14691	-0.4963923010396476	0.4963923010396464
PF14698	-1.2078915780036117	1.2078915780036092
PF14711	-1.1109494804595497	1.1109494804595474
PF14714	1.3455030501926089	-1.3455030501926073
PF14717	1.4895418879049773	-1.4895418879049755
PF14718	-0.40689096177588036	0.40689096177587947
PF14720	-1.1771579593401582	1.177157959340156
PF14730	1.1581596288389182	-1.1581596288389169
PF14742	-1.558977885814272	1.5589778858142693
PF14748	0.7908106722492536	-0.7908106722492526
PF14765	-1.6085020295965216	1.6085020295965187
PF14771	1.1070594846115058	-1.1070594846115045
PF14789	-1.4935829226707125	1.4935829226707098
PF14801	-0.8920736719520416	0.8920736719520399
PF14815	1.6379746169673728	-1.6379746169673712
PF14821	1.1470023736432335	-1.1470023736432322
PF14833	-0.6809030287585185	0.6809030287585173
PF14849	-1.3015747947849967	1.3015747947849943
PF14864	1.3826530117746552	-1.3826530117746534
PF14871	0.2149124442721822	-0.21491244427218212
PF14873	0.4485359471878359	-0.4485359471878352
PF14890	-0.8086137557867685	0.8086137557867671
PF14897	-1.0518280376550604	1.0518280376550586
PF14903	1.317297167362647	-1.3172971673626452
PF14905	-0.82056457399899	0.8205645739989882
PF14907	0.7223799938762568	-0.722379993876256
PF15495	1.3251481932946587	-1.3251481932946565
PF15523	1.1774047708314825	-1.177404770831481
PF15644	-0.5468101055175572	0.5468101055175562
PF15714	0.25892314415371487	-0.2589231441537149
PF15738	-0.26470956472468715	0.2647095647246865
PF15869	0.8424912893073662	-0.8424912893073655
PF15892	-0.2912521345799215	0.2912521345799206
PF15902	0.7719473992474394	-0.7719473992474389
PF15922	0.7951748575053827	-0.7951748575053821
PF15976	-0.25176224568534067	0.25176224568534006
PF15977	0.44583487806937516	-0.44583487806937494
PF15979	1.1782028047682913	-1.17820280476829
PF16073	-1.9459132800077268	1.9459132800077235
PF16079	1.3680551359451636	-1.3680551359451618
PF16113	0.6259483235732243	-0.6259483235732233
PF16116	-0.4310556069877454	0.4310556069877443
PF16124	0.5018639900923431	-0.5018639900923425
PF16125	0.20791072957010417	-0.2079107295701043
PF16126	0.3846790157081704	-0.38467901570817004
PF16127	1.1652872606809646	-1.1652872606809632
PF16130	1.4534422666391527	-1.453442266639151
PF16140	1.5251681064356026	-1.5251681064356009
PF16141	0.9301603634510798	-0.9301603634510789
PF16146	0.7570293227351594	-0.757029322735159
PF16149	1.2975271587250867	-1.2975271587250852
PF16152	0.4615124641390738	-0.4615124641390736
PF16153	1.6251785800621268	-1.6251785800621248
PF16154	-1.648126720251584	1.6481267202515812
PF16161	0.5314958654736108	-0.5314958654736102
PF16163	1.6532133133982916	-1.6532133133982891
PF16168	0.6480123173401863	-0.6480123173401857
PF16187	1.1613566166145646	-1.1613566166145632
PF16188	-0.05973713340244816	0.05973713340244783
PF16189	1.516798688576973	-1.516798688576971
PF16192	-1.4697460398563071	1.4697460398563043
PF16193	-0.17653600536605768	0.17653600536605718
PF16197	-1.9722685311559038	1.9722685311559003
PF16198	1.0043250067235738	-1.0043250067235727
PF16199	-1.4053316084434855	1.405331608443483
PF16215	0.28518530241729306	-0.28518530241729306
PF16216	-1.0056903702196056	1.0056903702196038
PF16259	0.6699335735890327	-0.6699335735890322
PF16262	-1.6305463192613026	1.6305463192612997
PF16269	0.9094454901385065	-0.9094454901385053
PF16272	-0.1398493265793098	0.13984932657930885
PF16280	0.5410521235781909	-0.5410521235781903
PF16283	1.590857714632769	-1.5908577146327665
PF16285	-0.5569351553508304	0.5569351553508293
PF16313	1.2990821468078477	-1.2990821468078464
PF16318	0.9272590673662725	-0.9272590673662712
PF16319	0.24678270673051775	-0.24678270673051786
PF16321	1.118151384482745	-1.1181513844827438
PF16325	0.8299134247948273	-0.8299134247948265
PF16326	-1.0439898319657912	1.043989831965789
PF16330	-1.2243612120802574	1.224361212080255
PF16332	0.18862709279005285	-0.1886270927900528
PF16335	1.0178095794394313	-1.0178095794394302
PF16338	0.9601709111915954	-0.9601709111915944
PF16342	-0.8076211434929838	0.8076211434929821
PF16343	-0.08376689416967525	0.08376689416967441
PF16344	1.3683315649547207	-1.368331564954719
PF16347	0.7157327921944647	-0.715732792194464
PF16353	0.12937947531787877	-0.12937947531787905
PF16355	1.021507830664905	-1.0215078306649041
PF16359	1.0164926607799303	-1.0164926607799294
PF16360	-0.3142919042027487	0.3142919042027478
PF16363	1.0458992872736224	-1.0458992872736212
PF16364	-0.47410283723860386	0.47410283723860264
PF16369	-0.8119442880236765	0.811944288023675
PF16378	1.2162593763636669	-1.2162593763636655
PF16384	0.9842410876977152	-0.9842410876977138
PF16385	0.872626531556837	-0.8726265315568359
PF16394	1.2340548378963323	-1.2340548378963307
PF16403	-1.3570079850964725	1.3570079850964698
PF16407	-0.11889341935579181	0.1188934193557914
PF16409	1.2165501149134326	-1.2165501149134312
PF16410	1.328267775303537	-1.3282677753035352
PF16411	0.40217555737050775	-0.40217555737050764
PF16449	-1.5844245789662996	1.584424578966297
PF16450	-1.1919979522814819	1.1919979522814796
PF16472	1.5856661334043831	-1.5856661334043813
PF16490	0.7182266422445056	-0.718226642244505
PF16499	-0.332912846746945	0.3329128467469442
PF16565	0.007715163690530805	-0.007715163690531504
PF16569	1.0536553466585943	-1.053655346658593
PF16576	0.9851485576877909	-0.9851485576877897
PF16586	0.8134013524730213	-0.8134013524730206
PF16592	-0.3195188708266498	0.31951887082664904
PF16595	-1.2067256115790654	1.2067256115790632
PF16653	1.544269797814823	-1.5442697978148212
PF16654	1.6368486995198213	-1.6368486995198188
PF16656	0.8619515898008547	-0.8619515898008534
PF16658	1.2100967531226134	-1.2100967531226121
PF16697	0.2155537508559544	-0.21555375085595432
PF16709	-0.6692847458916757	0.6692847458916743
PF16729	-0.3038625173559047	0.30386251735590375
PF16738	0.017170078427392054	-0.0171700784273925
PF16819	1.3650463961123522	-1.3650463961123505
PF16820	0.050815972330817194	-0.05081597233081759
PF16822	1.0216208337251087	-1.0216208337251076
PF16868	-1.0956543595836727	1.0956543595836705
PF16870	-1.3287471885098971	1.328747188509895
PF16874	1.688479407023786	-1.688479407023784
PF16875	-0.11042708294896304	0.11042708294896288
PF16886	-0.346617763859663	0.3466177638596622
PF16889	-0.22492572468459868	0.22492572468459762
PF16916	0.9953529017413698	-0.9953529017413688
PF16921	1.1752501534427955	-1.1752501534427942
PF16929	0.8531811999089226	-0.853181199908922
PF16933	-1.7584338936478625	1.7584338936478596
PF16957	-1.1454804385843194	1.1454804385843174
PF16962	-0.12430750773106342	0.12430750773106275
PF16966	-2.10508388059682	2.1050838805968164
PF16967	-0.21838466439211687	0.21838466439211632
PF16970	-0.9714659724969292	0.9714659724969275
PF16980	1.1527383379366911	-1.1527383379366898
PF16993	-1.5793562907974028	1.5793562907973997
PF17042	1.3194673798426484	-1.3194673798426468
PF17092	0.46754880271807825	-0.46754880271807775
PF17127	0.46875381391961374	-0.468753813919613
PF17128	1.0826577883117872	-1.0826577883117856
PF17131	-0.11057766003065753	0.11057766003065689
PF17132	0.33506334032743595	-0.3350633403274359
PF17136	0.26683874096427557	-0.2668387409642756
PF17137	1.6789317810889894	-1.678931781088987
PF17145	-0.2664757159604247	0.2664757159604238
PF17147	1.2472520619542597	-1.2472520619542584
PF17148	0.38388237951798776	-0.38388237951798765
PF17151	0.21618363350099054	-0.21618363350099046
PF17154	-0.9236074937403521	0.9236074937403506
PF17162	0.5477589607467918	-0.5477589607467914
PF17167	1.075827474213401	-1.0758274742134
PF17168	0.9421357020199549	-0.9421357020199542
PF17170	1.2341252655304373	-1.2341252655304356
PF17179	1.50781511708558	-1.5078151170855778
PF17189	0.8335710238334348	-0.8335710238334341
PF17191	0.7455112033612903	-0.7455112033612894
PF17202	0.775000270961651	-0.7750002709616499
PF17203	-0.018768073287954188	0.018768073287953685
PF17210	-1.3978873940091172	1.3978873940091145
PF17284	0.2170527757124029	-0.21705277571240303
PF17287	0.44767625891676543	-0.4476762589167652
PF17288	0.7809915901885942	-0.7809915901885934
PF17289	-0.2543062377238999	0.25430623772389926
PF17291	1.3880066767775234	-1.3880066767775217
PF17293	0.901728255984595	-0.9017282559845938
PF17297	-1.316659147710197	1.3166591477101945
PF17385	-1.4671431239620691	1.4671431239620665
PF17386	1.0769138803602458	-1.0769138803602443
PF17389	0.6876481083248118	-0.687648108324811
PF17390	0.44929582915273886	-0.44929582915273863
PF17425	-0.3883272174616768	0.38832721746167576
PF17451	0.9516164975335527	-0.9516164975335516
PF17479	-1.1583378722526667	1.1583378722526645
PF17482	0.45521581818128193	-0.45521581818128165
PF17651	0.7791929155047213	-0.7791929155047201
PF17657	-0.21277844007657531	0.2127784400765745
PF17676	-1.7415263262086653	1.741526326208662
PF17677	-0.14765923816786014	0.14765923816785992
PF17678	-0.44666907913422604	0.4466690791342251
PF17728	-1.4423759095303028	1.4423759095303
PF17755	-1.9338025643078978	1.933802564307894
PF17757	0.496683224779334	-0.49668322477933347
PF17758	-1.7085359137306209	1.708535913730618
PF17759	-0.34676483527229013	0.34676483527228935
PF17760	0.8243320827271482	-0.8243320827271475
PF17761	0.8261689442170295	-0.8261689442170285
PF17762	-0.9472596961687731	0.9472596961687714
PF17763	-1.151851511594221	1.1518515115942187
PF17764	-1.2579886282623107	1.2579886282623085
PF17767	0.7182237463515679	-0.7182237463515672
PF17768	1.3826682639582693	-1.3826682639582675
PF17769	-2.0777762492551695	2.0777762492551655
PF17770	-1.8170020135339782	1.8170020135339748
PF17774	-0.49896482922517377	0.49896482922517255
PF17785	1.3332424452940745	-1.3332424452940728
PF17788	0.3828871873469743	-0.3828871873469742
PF17801	0.1735934905928673	-0.17359349059286752
PF17802	-1.9096831813872186	1.909683181387215
PF17804	0.6514042295620308	-0.6514042295620303
PF17805	-0.11780125848944845	0.11780125848944756
PF17810	0.4222056099268482	-0.422205609926848
PF17815	1.3790837962139273	-1.3790837962139257
PF17820	1.102220551056527	-1.1022205510565253
PF17827	-2.155298078633678	2.1552980786336735
PF17829	1.4675509111686955	-1.4675509111686935
PF17836	0.2948456673043443	-0.2948456673043443
PF17837	1.057304804157927	-1.057304804157926
PF17839	-0.044090648199316525	0.04409064819931575
PF17844	-2.011365368387169	2.0113653683871653
PF17851	1.1177693308832894	-1.1177693308832883
PF17853	-0.5538503791049335	0.5538503791049322
PF17854	0.5827834817527189	-0.5827834817527182
PF17862	0.3008131913509576	-0.30081319135095763
PF17863	-0.6271031635250197	0.6271031635250185
PF17871	0.6224391277332915	-0.622439127733291
PF17874	-1.33431559883369	1.3343155988336879
PF17876	1.600923005333204	-1.6009230053332013
PF17892	-1.9454134007319386	1.945413400731935
PF17893	0.5156993465754174	-0.515699346575417
PF17894	-0.3419217559226692	0.3419217559226682
PF17900	-0.9255159724268397	0.9255159724268378
PF17910	0.7651840122109286	-0.7651840122109281
PF17912	-0.8555515595954063	0.8555515595954047
PF17936	0.6696870406483152	-0.6696870406483144
PF17941	-0.12061202533814427	0.12061202533814386
PF17944	-0.3113611893924499	0.3113611893924492
PF17954	1.2182854607228442	-1.218285460722843
PF17956	-1.7333199434308686	1.7333199434308655
PF17963	0.7510907404589209	-0.7510907404589204
PF17969	-1.2738316672737529	1.2738316672737504
PF17973	1.372155013530799	-1.3721550135307974
PF17974	0.2338993562904207	-0.23389935629042033
PF17989	1.2413606113969682	-1.2413606113969669
PF17995	-0.47266265686796044	0.4726626568679595
PF17996	0.8784956756423974	-0.8784956756423963
PF17998	-0.9148833633020192	0.9148833633020174
PF18013	-1.5905519844469522	1.5905519844469496
PF18019	0.09590581675632229	-0.0959058167563226
PF18025	1.2751881286219109	-1.2751881286219093
PF18072	-1.2052772445704396	1.2052772445704376
PF18073	-0.34126499874180966	0.3412649987418089
PF18074	-0.9749297099279202	0.9749297099279182
PF18075	0.29938944079206853	-0.29938944079206853
PF18080	-0.12103546490103771	0.12103546490103705
PF18082	0.3966663921922173	-0.3966663921922174
PF18090	0.7153393513337274	-0.7153393513337265
PF18094	-0.47368489006748055	0.47368489006747955
PF18096	-0.2280440453449811	0.22804404534498027
PF18106	1.2580170395259114	-1.2580170395259098
PF18120	1.799761406624318	-1.7997614066243162
PF18128	0.3193058912591175	-0.3193058912591175
PF18134	0.8741068091000661	-0.8741068091000651
PF18144	-0.8576916141537118	0.8576916141537102
PF18164	1.0783305756573685	-1.0783305756573673
PF18185	-0.29538478808938634	0.2953847880893859
PF18186	0.15856029386885032	-0.15856029386885032
PF18202	1.083272731828471	-1.0832727318284692
PF18272	-1.1432912243587925	1.1432912243587905
PF18291	1.294289651407923	-1.2942896514079212
PF18305	-1.909115803011629	1.9091158030116255
PF18306	0.72032294665898	-0.7203229466589794
PF18310	-0.5436983782507131	0.5436983782507121
PF18318	0.696821583674695	-0.6968215836746942
PF18335	0.8956610882714938	-0.8956610882714927
PF18340	-2.091818389487643	2.0918183894876394
PF18368	1.2890077185395814	-1.2890077185395794
PF18370	0.9484178595550209	-0.9484178595550194
PF18395	-0.755317616502391	0.7553176165023895
PF18427	-0.21269545631580405	0.21269545631580325
PF18435	-0.5139601129270167	0.5139601129270157
PF18451	-1.1879442077205695	1.1879442077205673
PF18470	-0.039922617878007376	0.03992261787800708
PF18525	-1.7400092327524834	1.7400092327524805
PF18537	0.8424314882696212	-0.8424314882696201
PF18541	-1.2198892998844713	1.219889299884469
PF18555	0.578749118156205	-0.5787491181562041
PF18560	1.2420840012734522	-1.2420840012734502
PF18565	0.8479699763364038	-0.8479699763364028
PF18582	1.0780491523533748	-1.0780491523533737
PF18610	0.8773837263573653	-0.8773837263573645
PF18630	-0.24214818308858244	0.2421481830885816
PF18649	-0.7420481691616915	0.74204816916169
PF18676	0.936771179197046	-0.9367711791970451
PF18693	-0.560343919029459	0.5603439190294579
PF18741	0.685646096400959	-0.685646096400958
PF18755	0.5692784383546128	-0.5692784383546119
PF18765	-0.9421018667840474	0.9421018667840455
PF18766	-1.8800493837030439	1.8800493837030403
PF18789	-0.21446534227877087	0.21446534227877032
PF18796	0.03205241781931816	-0.032052417819318585
PF18812	0.6750596028639955	-0.6750596028639947
PF18813	0.9284081561268505	-0.9284081561268495
PF18818	-0.05074442981722167	0.0507444298172216
PF18819	-0.3659041102546374	0.36590411025463637
PF18824	0.34700059498149305	-0.3470005949814932
PF18830	-0.9924956502211894	0.9924956502211874
PF18832	-1.3872001236032967	1.387200123603294
PF18840	-1.3830168410644341	1.383016841064432
PF18842	1.2744455460161297	-1.2744455460161281
PF18843	0.5796845240738326	-0.5796845240738322
PF18852	-1.2548764679082591	1.254876467908257
PF18863	0.2350107147961457	-0.23501071479614558
PF18883	-1.406321638000817	1.4063216380008143
PF18885	0.14432953431991383	-0.1443295343199136
PF18889	1.1148463983575163	-1.1148463983575152
PF18907	0.3080731158815067	-0.30807311588150643
PF18912	0.07014533087405919	-0.0701453308740591
PF18934	-0.8405688886062174	0.8405688886062158
PF18936	0.7068175588289082	-0.7068175588289075
PF18937	-0.826237585943311	0.8262375859433094
PF18939	1.3156399834712598	-1.3156399834712582
PF18940	1.2404098104711132	-1.2404098104711117
PF18941	0.50867282035223	-0.5086728203522295
PF18942	0.8229845277762389	-0.8229845277762381
PF18945	-1.043609792664696	1.0436097926646937
PF18948	-0.03631647453381448	0.03631647453381419
PF18951	-1.0010632108737636	1.0010632108737618
PF18952	-0.8576359734507012	0.8576359734506994
PF18954	0.8466951903646368	-0.8466951903646359
PF18956	1.3655658935815842	-1.3655658935815826
PF18957	-0.8778545100588165	0.877854510058815
PF18959	-2.1696911644554095	2.169691164455405
PF18960	0.08154005935569178	-0.08154005935569189
PF18975	0.3980156648283268	-0.3980156648283266
PF18976	1.0791374852396778	-1.0791374852396767
PF18978	-0.06377070782480393	0.0637707078248036
PF18980	1.0651692081540138	-1.0651692081540125
PF18982	0.7592240713832618	-0.7592240713832611
PF18983	1.098075302616967	-1.0980753026169656
PF18984	0.6401303586704687	-0.640130358670468
PF18986	-1.9237766045042228	1.923776604504219
PF18987	-0.3073487089535679	0.307348708953567
PF18989	0.39071310908420154	-0.39071310908420165
PF18991	0.616860274824704	-0.6168602748247032
PF18998	0.7346974477658198	-0.7346974477658189
PF19040	0.6761768640409309	-0.6761768640409301
PF19044	0.536496654749788	-0.5364966547497875
PF19051	0.566457592437104	-0.5664575924371037
PF19076	1.5246204082820574	-1.5246204082820562
PF19077	-0.7334013061877888	0.7334013061877871
PF19085	-0.46399432258430884	0.4639943225843076
PF19124	0.33960385422869105	-0.339603854228691
PF19127	-1.983678340472749	1.9836783404727458
PF19143	1.3677250886556964	-1.3677250886556944
PF19190	1.4917607815994998	-1.4917607815994975
PF19238	-1.7902350891879288	1.790235089187926
PF19263	1.0663869669738082	-1.0663869669738069
PF19269	0.9831505385634746	-0.9831505385634737
PF19279	-1.2257719693624554	1.2257719693624531
PF19289	0.002069728234457414	-0.0020697282344576476
PF19290	0.26352971373504014	-0.26352971373503997
PF19295	-1.246789136248768	1.246789136248766
PF19296	1.2874328666392776	-1.2874328666392763
PF19300	-1.127512069951143	1.127512069951141
PF19302	1.0193180076273776	-1.0193180076273765
PF19305	-0.18432079613950403	0.18432079613950325
PF19310	-0.9331628332114376	0.9331628332114357
PF19328	-1.3969981269348681	1.3969981269348657
PF19335	0.8120837599459279	-0.8120837599459271
PF19407	-0.49178102006417806	0.49178102006417707
PF19425	0.8949360157654239	-0.8949360157654228
PF19436	0.884342863412257	-0.8843428634122562
PF19478	0.4751842818709361	-0.4751842818709356
PF19481	0.6802215520088837	-0.6802215520088826
PF19484	-1.9856919918358584	1.9856919918358547
PF19499	1.4284744037260917	-1.4284744037260906
PF19501	1.3174659153848862	-1.3174659153848847
PF19502	-0.2563603310007996	0.25636033100079875
PF19503	-0.9907841155721641	0.9907841155721621
PF19511	0.9003551081117785	-0.9003551081117772
PF19512	1.4597950930160037	-1.4597950930160024
PF19514	1.6538709187288276	-1.6538709187288256
PF19516	-1.5335069639335812	1.5335069639335783
PF19517	-1.4459940700232696	1.4459940700232672
PF19528	0.19176586610513344	-0.19176586610513338
PF19537	1.604087883763267	-1.604087883763265
PF19538	0.17948176206764965	-0.17948176206764938
PF19546	1.3645419442928164	-1.3645419442928144
PF19552	1.2059981770648658	-1.2059981770648642
PF19553	-1.143435709726742	1.14343570972674
PF19554	0.9999401895254285	-0.9999401895254271
PF19555	0.4845036288494488	-0.4845036288494483
PF19567	1.5596399431602184	-1.5596399431602164
PF19568	1.3332418098653038	-1.3332418098653023
PF19570	1.3628805500869392	-1.3628805500869376
PF19576	0.7971952047363677	-0.7971952047363668
PF19583	-0.37512938006492186	0.3751293800649208
PF19595	1.4642917250574687	-1.4642917250574667
PF19642	1.3472597787808973	-1.3472597787808958
PF19700	0.54161177211262	-0.5416117721126195
PF19732	-0.6305577249527368	0.6305577249527353
PF19762	1.2149916568355865	-1.2149916568355852
PF19776	-0.36215649123643273	0.3621564912364317
PF19789	0.9899558805287003	-0.9899558805286991
PF19805	1.007974009248624	-1.007974009248623
PF19808	-1.0653969095900007	1.0653969095899987
PF19815	-1.0783198795305058	1.0783198795305038
PF19821	1.0925172750736336	-1.092517275073632
PF19830	-0.6045005227257773	0.6045005227257758
PF19838	1.3599727779645832	-1.3599727779645812
PF19842	-1.1969120129616364	1.1969120129616342
PF19845	-1.3217146909248243	1.3217146909248219
PF19864	-0.07223975389097914	0.07223975389097832
PF19867	0.49901062745456504	-0.4990106274545645
PF19877	0.4530296005864094	-0.4530296005864092
PF19880	0.07492093838358993	-0.07492093838359005
PF19898	0.5732321208532105	-0.5732321208532101
PF19904	0.5301424952095807	-0.53014249520958
PF19909	1.1538884020421762	-1.153888402042175
PF19924	-1.3165200325232773	1.3165200325232749
PF20016	0.01025096310477012	-0.010250963104770104
PF20030	-0.675967153121574	0.6759671531215727
PF20041	1.1369965277558296	-1.1369965277558278
PF20047	0.46225479311718626	-0.46225479311718554
PF20063	0.7927392769879824	-0.7927392769879815
PF20069	0.4666022299200299	-0.4666022299200297
PF20070	-1.8648443517690536	1.8648443517690505
PF20103	0.5582761446822458	-0.5582761446822454
PF20142	-1.6678076433902593	1.6678076433902564
PF20143	0.8587271151611866	-0.8587271151611857
PF20148	0.802810140042997	-0.8028101400429959
PF20154	-1.1058618099246427	1.1058618099246404
PF20155	0.9437637520660453	-0.9437637520660442
PF00013	1.038949088545902	-1.0389490885459005
PF00016	0.04898323846275075	-0.04898323846275115
PF00240	-0.16197388656812614	0.1619738865681259
PF00415	0.6814253570188286	-0.6814253570188277
PF00850	-0.6360623891245497	0.6360623891245483
PF01030	0.9299044767385902	-0.9299044767385893
PF01364	0.03708819022824087	-0.037088190228241294
PF01640	0.878569873089556	-0.8785698730895551
PF02156	1.2948893834936643	-1.2948893834936628
PF02305	0.617746099458542	-0.6177460994585413
PF02324	0.4007574733681823	-0.4007574733681821
PF02342	0.7254685416326749	-0.7254685416326738
PF02914	1.576067471012435	-1.5760674710124336
PF03175	-0.0243309815166942	0.024330981516693925
PF03690	0.5892031075354077	-0.589203107535407
PF03744	1.3150336197566628	-1.3150336197566612
PF03787	0.583728928839291	-0.5837289288392901
PF03885	-0.07009870726018509	0.07009870726018451
PF04555	-1.8325500228356049	1.8325500228356018
PF04556	0.31520078686145525	-0.3152007868614552
PF04740	0.01673588525882897	-0.01673588525882942
PF04796	-0.4126869548094344	0.4126869548094333
PF05108	-0.09162846732244476	0.09162846732244438
PF05125	-0.8511614281476957	0.8511614281476941
PF05352	-0.43470379574631896	0.43470379574631807
PF05686	0.29295168396674365	-0.29295168396674365
PF05693	1.5563019757524041	-1.5563019757524021
PF05713	0.9900922582936206	-0.9900922582936194
PF05766	-0.06286425621508784	0.06286425621508704
PF05840	-0.05543136016281288	0.05543136016281279
PF05894	-0.28053461670778196	0.28053461670778107
PF06603	1.7461332419995412	-1.7461332419995386
PF06778	-0.42652015770567275	0.42652015770567187
PF06941	-0.1316344935936107	0.13163449359361026
PF07075	1.4698629014226081	-1.4698629014226068
PF07396	1.4026846612858743	-1.4026846612858725
PF07550	0.9852454983808949	-0.9852454983808937
PF07632	0.6456577157440169	-0.6456577157440159
PF08310	1.588669937422601	-1.5886699374225992
PF08341	0.03552396038257557	-0.03552396038257551
PF08840	-0.08291273829634953	0.08291273829634939
PF08989	0.02414441300304647	-0.02414441300304667
PF09087	0.37228875003015494	-0.3722887500301549
PF09250	-0.49769141078060153	0.4976914107806003
PF09374	-1.6803728857413904	1.6803728857413875
PF09485	-1.6231512986172507	1.623151298617248
PF09563	-1.4973181283675876	1.4973181283675852
PF09617	1.2372803934538272	-1.237280393453826
PF09640	0.6136752332822687	-0.6136752332822678
PF09707	1.3288353774203074	-1.328835377420306
PF10021	1.1846572056403764	-1.184657205640375
PF10091	1.2078118403271796	-1.2078118403271783
PF10438	0.4049620914904306	-0.40496209149043
PF10758	-0.21007335813657893	0.21007335813657838
PF10902	1.3061279005952284	-1.3061279005952269
PF10988	0.08994149890990057	-0.08994149890990066
PF11028	1.6113818317816833	-1.611381831781681
PF11350	-0.04981743658330125	0.0498174365833007
PF11396	0.11184552588161115	-0.11184552588161122
PF11721	0.10029208667820427	-0.10029208667820436
PF11775	0.18600279091281013	-0.18600279091281008
PF11860	1.527996779597295	-1.5279967795972933
PF11888	1.558595895924558	-1.5585958959245558
PF11897	1.7228564410484033	-1.722856441048401
PF12128	1.5928198331944972	-1.5928198331944956
PF12686	0.09595526078481083	-0.09595526078481093
PF12904	1.5156728668312254	-1.5156728668312243
PF12954	1.664722204424316	-1.6647222044243144
PF12988	1.3119211955864212	-1.3119211955864194
PF12992	0.45698284150190943	-0.45698284150190893
PF13194	1.0756259101386856	-1.0756259101386845
PF13199	1.056934499582673	-1.056934499582672
PF13271	0.08855287782583125	-0.0885528778258316
PF13455	-1.0368033010437012	1.036803301043699
PF13469	1.5596531074787758	-1.5596531074787743
PF13479	0.5272004329832918	-0.5272004329832911
PF13571	0.5316536558610372	-0.5316536558610366
PF13585	1.0785880455634496	-1.0785880455634482
PF13619	-1.4903127435386132	1.4903127435386105
PF13643	-1.1927840851827796	1.1927840851827776
PF13646	0.09887738293750535	-0.09887738293750568
PF13814	-1.2610030336893772	1.261003033689375
PF13970	1.1410167551271952	-1.1410167551271941
PF14028	1.2247813675738148	-1.2247813675738133
PF14054	1.4284956989800028	-1.428495698980001
PF14055	-0.40201664083187516	0.40201664083187405
PF14060	-0.12949996418340198	0.12949996418340132
PF14063	-0.4459967151596161	0.4459967151596149
PF14082	0.7201065770203104	-0.7201065770203093
PF14093	0.8168799492163008	-0.8168799492162997
PF14121	0.0642721659699813	-0.06427216596998143
PF14123	1.4210754275858644	-1.4210754275858626
PF14125	1.454363407919407	-1.4543634079194052
PF14135	1.3313552813583964	-1.3313552813583949
PF14220	-0.021790777432865487	0.02179077743286498
PF14254	0.25347555204814726	-0.2534755520481473
PF14266	-1.2795004215820733	1.2795004215820711
PF14293	0.3214265415677898	-0.32142654156779005
PF14298	1.2817072265889518	-1.2817072265889498
PF14349	-0.11244323400227255	0.11244323400227214
PF14491	1.6917627612390953	-1.6917627612390937
PF14528	-1.5263178519424268	1.526317851942424
PF14606	1.1680208727975792	-1.1680208727975774
PF14607	0.8900671459542143	-0.8900671459542131
PF14684	0.8206513895859867	-0.8206513895859854
PF14690	1.5451589816591147	-1.5451589816591134
PF14734	-0.8836622446001273	0.8836622446001254
PF14888	-0.04692752512089148	0.04692752512089094
PF14889	-0.6664499671121678	0.6664499671121663
PF14900	0.835584861488514	-0.8355848614885132
PF15283	1.5737110838286028	-1.5737110838286008
PF15415	1.3534365477087074	-1.3534365477087056
PF15617	0.2569713007127036	-0.2569713007127034
PF16109	1.4970218194603153	-1.4970218194603135
PF16115	0.8424752796827368	-0.8424752796827361
PF16120	1.4683395467465028	-1.4683395467465008
PF16148	1.2363445765382108	-1.2363445765382095
PF16160	0.4463324837615099	-0.44633248376150947
PF16286	1.3966715855204221	-1.3966715855204206
PF16288	0.5738852762079448	-0.5738852762079442
PF16314	1.0931564247104564	-1.0931564247104557
PF16334	1.3986593476207692	-1.3986593476207678
PF16430	0.48793913394417965	-0.48793913394417915
PF16464	1.4703105119779167	-1.4703105119779152
PF16476	1.7698062048020238	-1.7698062048020218
PF16480	1.5614500612070428	-1.5614500612070419
PF16838	-0.737376299522299	0.7373762995222973
PF16925	-0.388213984156616	0.3882139841566152
PF17139	1.4795559469194361	-1.4795559469194335
PF17140	-0.6542445783745587	0.6542445783745573
PF17161	1.4620006336935178	-1.4620006336935158
PF17236	-0.1433517904240494	0.14335179042404872
PF17555	0.1684824655321648	-0.1684824655321648
PF17643	0.9484995805493921	-0.9484995805493911
PF17786	-0.4905311243767111	0.49053112437670987
PF17994	-1.6914709500937202	1.6914709500937173
PF18088	-1.101103922583102	1.1011039225830999
PF18155	-1.59510802225732	1.5951080222573168
PF18211	-0.35359903148332555	0.3535990314833248
PF18218	-0.8217097903034332	0.8217097903034314
PF18220	-0.7453901574459539	0.7453901574459523
PF18329	-0.5829396862585455	0.5829396862585441
PF18416	-0.811754181059415	0.8117541810594134
PF18491	-1.3643836452544997	1.3643836452544973
PF18655	-0.759445975299632	0.7594459752996305
PF18675	0.3758109496179981	-0.375810949617998
PF18847	0.24051184167539924	-0.2405118416753991
PF18860	1.2307559008752784	-1.2307559008752769
PF18906	0.6087504907253143	-0.6087504907253136
PF18909	-1.0997214382422773	1.0997214382422753
PF18911	1.5356577833644984	-1.5356577833644969
PF18935	1.5209204636848885	-1.520920463684887
PF18943	1.5818719918995081	-1.5818719918995063
PF18974	-0.2502158817553764	0.25021588175537557
PF18990	0.8247700209767297	-0.8247700209767288
PF19320	0.6920499336843755	-0.692049933684375
PF19498	0.21107095356473285	-0.21107095356473324
PF19506	-0.007658116111273012	0.007658116111272763
PF19529	-1.483662544182691	1.4836625441826883
PF19572	-0.7177916406747382	0.7177916406747369
PF19580	-0.08068125528772492	0.08068125528772456
PF19727	0.2922094267938753	-0.29220942679387535
PF19753	-0.3481579538075756	0.3481579538075748
PF19755	0.473580098294699	-0.4735800982946987
PF19763	0.7324557303887274	-0.7324557303887265
PF19775	1.393951639311136	-1.3939516393111344
PF19778	0.9495096083175597	-0.9495096083175585
PF19866	0.050810472165740694	-0.050810472165740854
PF19910	0.08063920035132863	-0.08063920035132875
PF20020	-0.18622339479999964	0.18622339479999933
PF00544	-1.8071792703173912	1.8071792703173881
PF00801	-0.00804098989985856	0.008040989899857836
PF02927	-0.42567240547370505	0.42567240547370416
PF03457	0.43878246050128544	-0.43878246050128544
PF03527	-0.2333792863627653	0.23337928636276448
PF04301	1.543435110074113	-1.5434351100741117
PF04411	1.3733454856397116	-1.3733454856397103
PF05183	0.03904589764014533	-0.03904589764014574
PF06452	1.5286611458937693	-1.5286611458937678
PF06537	-0.13130324575747268	0.1313032457574725
PF08269	0.05220134064156378	-0.05220134064156393
PF09028	-0.14297971044228416	0.14297971044228394
PF09491	1.0923641096133285	-1.0923641096133274
PF09517	-0.8417517456354211	0.8417517456354195
PF09556	0.021823814986890153	-0.021823814986890122
PF09561	0.7252950463687764	-0.7252950463687757
PF09823	1.4474150517066133	-1.4474150517066118
PF09925	1.2303444150513456	-1.2303444150513438
PF10119	0.29386395184187536	-0.2938639518418752
PF10131	-0.037676693880226736	0.037676693880225966
PF11283	-1.6369740290543986	1.6369740290543955
PF11551	0.7099509795557543	-0.7099509795557531
PF11589	1.0239303809517097	-1.0239303809517086
PF11751	0.28428968945158	-0.28428968945158006
PF12080	1.245082897121397	-1.2450828971213954
PF12667	1.6822732101979432	-1.6822732101979405
PF12770	0.8593053883566626	-0.8593053883566613
PF12864	1.3755888575089938	-1.375588857508992
PF12875	0.43194297725921965	-0.4319429772592192
PF12930	-0.5964150852756022	0.5964150852756009
PF12964	1.278318771128483	-1.278318771128481
PF12985	0.6312927432824955	-0.6312927432824947
PF12987	0.9572564599309052	-0.9572564599309046
PF12995	0.3944172115508113	-0.3944172115508114
PF12996	0.7876758490639847	-0.7876758490639841
PF13084	1.1689312409624864	-1.1689312409624846
PF13258	1.1451220668993527	-1.1451220668993514
PF13264	-0.15359048292863167	0.1535904829286312
PF13372	1.6636311881327412	-1.6636311881327388
PF13588	1.2667496388397477	-1.2667496388397457
PF13734	0.33242589135267503	-0.33242589135267475
PF14064	0.8074434576698204	-0.8074434576698198
PF14100	-1.9614291510157682	1.9614291510157646
PF14127	0.4563196908657386	-0.4563196908657381
PF14129	1.705351621132797	-1.7053516211327948
PF14134	1.2809889837289268	-1.2809889837289254
PF14239	-0.31437050829321833	0.3143705082932174
PF14282	0.27820613854337606	-0.27820613854337584
PF14294	1.4787213143877382	-1.478721314387736
PF14614	0.5251135672563284	-0.5251135672563283
PF14683	0.699229147426188	-0.6992291474261872
PF14848	1.6216956511162508	-1.6216956511162492
PF14902	1.094341849099923	-1.094341849099922
PF15515	1.3123762150500717	-1.3123762150500704
PF15889	1.0042567248424734	-1.0042567248424723
PF15890	1.578426941548009	-1.5784269415480063
PF16023	1.1434654168011003	-1.1434654168010991
PF16128	1.3680391550505961	-1.3680391550505946
PF16147	0.9758918648213337	-0.9758918648213327
PF16151	0.5414752280632269	-0.5414752280632263
PF16217	0.7742758384091619	-0.7742758384091616
PF16226	1.0984601297056225	-1.0984601297056213
PF16227	0.5296756459062655	-0.5296756459062654
PF16287	-0.027673018064842174	0.027673018064841893
PF16324	1.3232497279933746	-1.323249727993373
PF16352	1.2343501323828672	-1.2343501323828656
PF16370	0.09375159495414209	-0.09375159495414241
PF16371	0.5949752450343282	-0.5949752450343275
PF16372	0.9734025269694005	-0.9734025269693993
PF16373	-0.2652967418638292	0.2652967418638285
PF16375	1.3467235042670993	-1.3467235042670975
PF16389	0.881035584638627	-0.8810355846386263
PF16401	0.7763756694783545	-0.7763756694783538
PF16412	0.32748339827319356	-0.32748339827319334
PF16432	1.6081899560052508	-1.6081899560052484
PF16434	0.7952472888639308	-0.7952472888639304
PF16439	0.34203416799170155	-0.3420341679917013
PF16888	1.5308731349097564	-1.5308731349097544
PF16961	1.4663944001769695	-1.4663944001769673
PF17116	1.3811215357707243	-1.381121535770722
PF17200	1.08234498204786	-1.0823449820478588
PF17415	0.9265343858024278	-0.9265343858024266
PF17541	1.2593406447274325	-1.259340644727431
PF17642	1.4167496053755175	-1.4167496053755162
PF17753	0.6139268964766414	-0.613926896476641
PF18175	0.4170011597764556	-0.41700115977645513
PF18283	0.1976905158844416	-0.19769051588444175
PF18760	0.7334056856950806	-0.7334056856950801
PF18798	1.5329255167689417	-1.5329255167689397
PF18838	-0.2258378112472519	0.22583781124725133
PF18864	0.7948565221166822	-0.7948565221166815
PF18925	1.2847241796905629	-1.284724179690561
PF18949	-0.4460650021635356	0.44606500216353445
PF18961	0.7663020728058076	-0.7663020728058069
PF18979	1.4731328588243469	-1.473132858824345
PF19513	-0.8278893755424933	0.8278893755424916
PF19515	-1.6697367309836142	1.6697367309836113
PF19527	1.3664898501638303	-1.366489850163829
PF19543	1.5194488584141232	-1.5194488584141215
PF19557	0.253138730525074	-0.25313873052507385
PF19558	0.7669162707705559	-0.7669162707705552
PF19841	0.9731684598959541	-0.973168459895953
PF01804	-0.92059679507587	0.9205967950758683
PF04513	1.3201737999153471	-1.3201737999153458
PF05732	-1.0029094337860338	1.0029094337860318
PF06864	-0.6679862462142069	0.6679862462142057
PF07655	-1.0787972185239163	1.0787972185239143
PF13468	-1.8466011457944982	1.846601145794495
PF14236	0.2726956253522454	-0.27269562535224523
PF14336	-0.3893082986278274	0.38930829862782634
PF16263	-0.24532360979026402	0.2453236097902632
PF18821	-1.3862688955327596	1.386268895532757
PF01436	-0.9348781859199718	0.9348781859199702
PF03515	-1.1219709030412388	1.1219709030412366
PF04655	-1.0620959404117363	1.0620959404117343
PF09952	0.17840513400409064	-0.17840513400409083
PF10908	-1.0304976257434515	1.0304976257434497
PF10933	-0.05169119478542008	0.05169119478541929
PF12183	0.3914954803459364	-0.3914954803459363
PF13146	0.8632127614547355	-0.8632127614547347
PF16383	0.8266699366606369	-0.8266699366606362
PF16443	0.9279846094203968	-0.927984609420396
PF17142	0.5009252979588988	-0.5009252979588981
PF17883	0.6677955184361958	-0.6677955184361947
PF18763	1.0191525054271324	-1.0191525054271315
PF18823	1.106621423363337	-1.1066214233633356
PF18857	1.4611913454584025	-1.4611913454584011
PF18862	1.2234093897529892	-1.2234093897529874
PF19886	0.6325084604395144	-0.6325084604395134
PF11533	-1.2557723223412256	1.2557723223412234
PF14436	1.3050602646412681	-1.3050602646412661
PF18623	0.6585781424492697	-0.6585781424492692
PF00541	0.12668575135024496	-0.12668575135024523
PF00608	-0.24892902306966605	0.24892902306966497
PF00770	-1.1069500718024068	1.1069500718024048
PF01065	-0.5879360432752542	0.587936043275253
PF01310	0.19014897348564058	-0.19014897348564078
PF01686	-0.33078721651926857	0.3307872165192678
PF01691	-0.6837937136404288	0.6837937136404276
PF01696	-0.38384471898601763	0.3838447189860168
PF02236	-0.8155970451661821	0.8155970451661805
PF02438	-0.432490488047251	0.4324904880472499
PF02455	-0.5606989199476827	0.5606989199476816
PF02456	-1.2564465269309415	1.256446526930939
PF02459	-0.3417050700800083	0.3417050700800075
PF02703	-1.0999632456816224	1.0999632456816204
PF02993	0.29176712003204514	-0.2917671200320454
PF03052	-1.0349887840460854	1.0349887840460834
PF03228	-0.04592990272067417	0.04592990272067339
PF03307	-0.1906901457647061	0.19069014576470536
PF03678	-0.5774734865852625	0.5774734865852611
PF03728	-1.3511201435088251	1.3511201435088225
PF03910	-0.43170887699891286	0.43170887699891175
PF03955	-0.3936469034673762	0.39364690346737535
PF04528	0.09318487401279454	-0.09318487401279488
PF05385	-0.2441039626117099	0.24410396261170908
PF06931	-0.6648245543486251	0.6648245543486236
PF08645	-0.10796889752443067	0.10796889752443026
PF19404	1.623117683172257	-1.623117683172255
PF19614	-0.63895477074037	0.6389547707403688
PF00931	0.245833667688347	-0.24583366768834733
PF03425	1.6228077852176508	-1.6228077852176486
PF09564	1.3969726642124216	-1.39697266421242
PF18551	0.9977701224242329	-0.997770122424232
PF14743	0.047616796891831355	-0.047616796891831986
PF16467	0.3320106934290919	-0.3320106934290914
PF00940	0.16389573102705773	-0.16389573102705796
PF13946	0.35773497531157994	-0.3577349753115799
PF14449	0.9772982675533213	-0.9772982675533203
k_Bacteria.p_Actinobacteria.c_Actinomycetia.o_Actinomycetales.f_Actinomycetaceae.g_Actinomyces.s_Actinomyces.graevenitzii	-1.8334174698569699	1.8334174698569667
k_Bacteria.p_Actinobacteria.c_Actinomycetia.o_Actinomycetales.f_Actinomycetaceae.g_Actinomyces.s_Actinomyces.sp.	0.1239607447218949	-0.12396074472189518
k_Bacteria.p_Actinobacteria.c_Actinomycetia.o_Actinomycetales.f_Actinomycetaceae.g_Unclassified.Actinomycetaceae.s_Unclassified.Actinomycetaceae	-0.745851767168445	0.7458517671684437
k_Bacteria.p_Actinobacteria.c_Actinomycetia.o_Actinomycetales.f_Actinomycetaceae.g_Varibaculum.s_Unclassified.Varibaculum	1.206012158582733	-1.2060121585827321
k_Bacteria.p_Actinobacteria.c_Actinomycetia.o_Actinomycetales.f_Actinomycetaceae.g_Varibaculum.s_Varibaculum.cambriense	1.4162993692214292	-1.4162993692214274
k_Bacteria.p_Actinobacteria.c_Actinomycetia.o_Bifidobacteriales.f_Bifidobacteriaceae.g_Bifidobacterium.s_Bifidobacterium.adolescentis	0.04119904277910621	-0.041199042779106146
k_Bacteria.p_Actinobacteria.c_Actinomycetia.o_Bifidobacteriales.f_Bifidobacteriaceae.g_Bifidobacterium.s_Bifidobacterium.animalis	-0.48915562025824305	0.48915562025824205
k_Bacteria.p_Actinobacteria.c_Actinomycetia.o_Bifidobacteriales.f_Bifidobacteriaceae.g_Bifidobacterium.s_Bifidobacterium.bifidum	-1.7339872955851676	1.7339872955851647
k_Bacteria.p_Actinobacteria.c_Actinomycetia.o_Bifidobacteriales.f_Bifidobacteriaceae.g_Bifidobacterium.s_Bifidobacterium.breve	-0.8396052635944952	0.8396052635944934
k_Bacteria.p_Actinobacteria.c_Actinomycetia.o_Bifidobacteriales.f_Bifidobacteriaceae.g_Bifidobacterium.s_Bifidobacterium.catenulatum	-0.28797764427431755	0.2879776442743166
k_Bacteria.p_Actinobacteria.c_Actinomycetia.o_Bifidobacteriales.f_Bifidobacteriaceae.g_Bifidobacterium.s_Bifidobacterium.dentium	-0.22078477212886627	0.2207847721288657
k_Bacteria.p_Actinobacteria.c_Actinomycetia.o_Bifidobacteriales.f_Bifidobacteriaceae.g_Bifidobacterium.s_Bifidobacterium.longum	-1.2828026150962017	1.2828026150961993
k_Bacteria.p_Actinobacteria.c_Actinomycetia.o_Bifidobacteriales.f_Bifidobacteriaceae.g_Bifidobacterium.s_Bifidobacterium.pseudocatenulatum	0.32165561258360503	-0.32165561258360453
k_Bacteria.p_Actinobacteria.c_Actinomycetia.o_Bifidobacteriales.f_Bifidobacteriaceae.g_Bifidobacterium.s_Bifidobacterium.scardovii	0.10382002033338306	-0.10382002033338338
k_Bacteria.p_Actinobacteria.c_Actinomycetia.o_Bifidobacteriales.f_Bifidobacteriaceae.g_Bifidobacterium.s_Bifidobacterium.sp.	-1.3502545701083624	1.3502545701083597
k_Bacteria.p_Actinobacteria.c_Actinomycetia.o_Bifidobacteriales.f_Bifidobacteriaceae.g_Bifidobacterium.s_Unclassified.Bifidobacterium	-0.4415426826556443	0.44154268265564334
k_Bacteria.p_Actinobacteria.c_Actinomycetia.o_Bifidobacteriales.f_Bifidobacteriaceae.g_Gardnerella.s_Unclassified.Gardnerella	-1.496783559050944	1.496783559050941
k_Bacteria.p_Actinobacteria.c_Actinomycetia.o_Bifidobacteriales.f_Bifidobacteriaceae.g_Unclassified.Bifidobacteriaceae.s_Unclassified.Bifidobacteriaceae	-1.761643632540071	1.7616436325400682
k_Bacteria.p_Actinobacteria.c_Actinomycetia.o_Corynebacteriales.f_Corynebacteriaceae.g_Corynebacterium.s_Corynebacterium.flavescens	0.05952830452219299	-0.05952830452219337
k_Bacteria.p_Actinobacteria.c_Actinomycetia.o_Corynebacteriales.f_Corynebacteriaceae.g_Corynebacterium.s_Unclassified.Corynebacterium	-2.073560543225284	2.0735605432252813
k_Bacteria.p_Actinobacteria.c_Actinomycetia.o_Micrococcales.f_Micrococcaceae.g_Rothia.s_Rothia.mucilaginosa	-1.2546426258916157	1.2546426258916135
k_Bacteria.p_Actinobacteria.c_Actinomycetia.o_Micrococcales.f_Micrococcaceae.g_Rothia.s_Unclassified.Rothia	-2.003864811169476	2.003864811169473
k_Bacteria.p_Actinobacteria.c_Actinomycetia.o_Micrococcales.f_Unclassified.Micrococcales.g_Unclassified.Micrococcales.s_Unclassified.Micrococcales	-1.2170085047709223	1.2170085047709203
k_Bacteria.p_Actinobacteria.c_Actinomycetia.o_Propionibacteriales.f_Propionibacteriaceae.g_Propionibacterium.s_Propionibacterium.freudenreichii	0.25284589311740535	-0.2528458931174054
k_Bacteria.p_Actinobacteria.c_Actinomycetia.o_Propionibacteriales.f_Propionibacteriaceae.g_Unclassified.Propionibacteriaceae.s_Unclassified.Propionibacteriaceae	-1.6954065832906178	1.6954065832906149
k_Bacteria.p_Actinobacteria.c_Actinomycetia.o_Streptomycetales.f_Streptomycetaceae.g_Streptomyces.s_Unclassified.Streptomyces	-0.4838295849423579	0.4838295849423569
k_Bacteria.p_Actinobacteria.c_Actinomycetia.o_Unclassified.Actinomycetia.f_Unclassified.Actinomycetia.g_Unclassified.Actinomycetia.s_Unclassified.Actinomycetia	-1.9434188318506127	1.9434188318506092
k_Bacteria.p_Actinobacteria.c_Coriobacteriia.o_Coriobacteriales.f_Coriobacteriaceae.g_Collinsella.s_Collinsella.intestinalis	0.03531379558621348	-0.0353137955862139
k_Bacteria.p_Actinobacteria.c_Coriobacteriia.o_Coriobacteriales.f_Coriobacteriaceae.g_Collinsella.s_Collinsella.phocaeensis	-0.3032816268752302	0.30328162687522925
k_Bacteria.p_Actinobacteria.c_Coriobacteriia.o_Coriobacteriales.f_Coriobacteriaceae.g_Collinsella.s_Collinsella.tanakaei	-1.1769851239079678	1.1769851239079658
k_Bacteria.p_Actinobacteria.c_Coriobacteriia.o_Coriobacteriales.f_Coriobacteriaceae.g_Collinsella.s_Unclassified.Collinsella	0.9779097209201709	-0.97790972092017
k_Bacteria.p_Actinobacteria.c_Coriobacteriia.o_Coriobacteriales.f_Coriobacteriaceae.g_Unclassified.Coriobacteriaceae.s_Unclassified.Coriobacteriaceae	0.154962669152944	-0.154962669152944
k_Bacteria.p_Actinobacteria.c_Coriobacteriia.o_Coriobacteriales.f_Unclassified.Coriobacteriales.g_Unclassified.Coriobacteriales.s_Unclassified.Coriobacteriales	0.8163552761703979	-0.8163552761703973
k_Bacteria.p_Actinobacteria.c_Coriobacteriia.o_Eggerthellales.f_Eggerthellaceae.g_Adlercreutzia.s_Unclassified.Adlercreutzia	0.04465600530599161	-0.04465600530599178
k_Bacteria.p_Actinobacteria.c_Coriobacteriia.o_Eggerthellales.f_Eggerthellaceae.g_Eggerthella.s_Eggerthella.lenta	0.018962607073002416	-0.01896260707300286
k_Bacteria.p_Actinobacteria.c_Coriobacteriia.o_Eggerthellales.f_Eggerthellaceae.g_Eggerthella.s_Unclassified.Eggerthella	-0.23653758782336654	0.2365375878233657
k_Bacteria.p_Actinobacteria.c_Coriobacteriia.o_Eggerthellales.f_Eggerthellaceae.g_Gordonibacter.s_Gordonibacter.pamelaeae	1.4625382226213852	-1.462538222621383
k_Bacteria.p_Actinobacteria.c_Coriobacteriia.o_Eggerthellales.f_Eggerthellaceae.g_Unclassified.Eggerthellaceae.s_Unclassified.Eggerthellaceae	0.052715303111737	-0.05271530311173716
k_Bacteria.p_Actinobacteria.c_Coriobacteriia.o_Unclassified.Coriobacteriia.f_Unclassified.Coriobacteriia.g_Unclassified.Coriobacteriia.s_Unclassified.Coriobacteriia	1.4604981239374792	-1.4604981239374772
k_Bacteria.p_Actinobacteria.c_Unclassified.Actinobacteria.o_Unclassified.Actinobacteria.f_Unclassified.Actinobacteria.g_Unclassified.Actinobacteria.s_Unclassified.Actinobacteria	0.7267789892909339	-0.726778989290933
k_Bacteria.p_Bacteroidetes.c_Bacteroidia.o_Bacteroidales.f_Bacteroidaceae.g_Bacteroides.s_Bacteroides.caccae	0.06907450993538891	-0.0690745099353888
k_Bacteria.p_Bacteroidetes.c_Bacteroidia.o_Bacteroidales.f_Bacteroidaceae.g_Bacteroides.s_Bacteroides.faecis	1.4172803014121291	-1.4172803014121276
k_Bacteria.p_Bacteroidetes.c_Bacteroidia.o_Bacteroidales.f_Bacteroidaceae.g_Bacteroides.s_Bacteroides.fragilis	1.4821332661274331	-1.482133266127431
k_Bacteria.p_Bacteroidetes.c_Bacteroidia.o_Bacteroidales.f_Bacteroidaceae.g_Bacteroides.s_Bacteroides.stercoris	-0.0984254515406088	0.09842545154060818
k_Bacteria.p_Bacteroidetes.c_Bacteroidia.o_Bacteroidales.f_Bacteroidaceae.g_Bacteroides.s_Bacteroides.thetaiotaomicron	0.7758493119935677	-0.7758493119935668
k_Bacteria.p_Bacteroidetes.c_Bacteroidia.o_Bacteroidales.f_Bacteroidaceae.g_Bacteroides.s_Bacteroides.xylanisolvens	0.7526148078925975	-0.7526148078925964
k_Bacteria.p_Bacteroidetes.c_Bacteroidia.o_Bacteroidales.f_Bacteroidaceae.g_Bacteroides.s_Unclassified.Bacteroides	0.022136833680285864	-0.022136833680286305
k_Bacteria.p_Bacteroidetes.c_Bacteroidia.o_Bacteroidales.f_Bacteroidaceae.g_Unclassified.Bacteroidaceae.s_Unclassified.Bacteroidaceae	0.8821034363937122	-0.8821034363937114
k_Bacteria.p_Bacteroidetes.c_Bacteroidia.o_Bacteroidales.f_Prevotellaceae.g_Prevotella.s_Prevotella.copri	-0.6811296991370909	0.6811296991370893
k_Bacteria.p_Bacteroidetes.c_Bacteroidia.o_Bacteroidales.f_Prevotellaceae.g_Prevotella.s_Unclassified.Prevotella	-0.3995872240580607	0.3995872240580596
k_Bacteria.p_Bacteroidetes.c_Bacteroidia.o_Bacteroidales.f_Rikenellaceae.g_Alistipes.s_Unclassified.Alistipes	0.1739294933542421	-0.17392949335424232
k_Bacteria.p_Bacteroidetes.c_Bacteroidia.o_Bacteroidales.f_Tannerellaceae.g_Parabacteroides.s_Parabacteroides.distasonis	-0.9866330479737243	0.9866330479737225
k_Bacteria.p_Bacteroidetes.c_Bacteroidia.o_Bacteroidales.f_Tannerellaceae.g_Parabacteroides.s_Parabacteroides.merdae	-0.04743808378685057	0.04743808378685049
k_Bacteria.p_Bacteroidetes.c_Bacteroidia.o_Bacteroidales.f_Tannerellaceae.g_Parabacteroides.s_Unclassified.Parabacteroides	1.1957630026201294	-1.1957630026201278
k_Bacteria.p_Bacteroidetes.c_Bacteroidia.o_Bacteroidales.f_Unclassified.Bacteroidales.g_Unclassified.Bacteroidales.s_Unclassified.Bacteroidales	1.3129492405963183	-1.3129492405963168
k_Bacteria.p_Firmicutes.c_Bacilli.o_Bacillales.f_Bacillaceae.g_Bacillus.s_Unclassified.Bacillus	0.651888547465897	-0.6518885474658962
k_Bacteria.p_Firmicutes.c_Bacilli.o_Bacillales.f_Bacillaceae.g_Unclassified.Bacillaceae.s_Unclassified.Bacillaceae	0.5513557144352128	-0.5513557144352121
k_Bacteria.p_Firmicutes.c_Bacilli.o_Bacillales.f_Unclassified.Bacillales.g_Unclassified.Bacillales.s_Unclassified.Bacillales	-1.6520468317594557	1.6520468317594528
k_Bacteria.p_Firmicutes.c_Bacilli.o_Lactobacillales.f_Carnobacteriaceae.g_Granulicatella.s_Unclassified.Granulicatella	-0.6742593148163666	0.674259314816365
k_Bacteria.p_Firmicutes.c_Bacilli.o_Lactobacillales.f_Enterococcaceae.g_Enterococcus.s_Enterococcus.avium	0.869074536408288	-0.8690745364082869
k_Bacteria.p_Firmicutes.c_Bacilli.o_Lactobacillales.f_Enterococcaceae.g_Enterococcus.s_Enterococcus.casseliflavus	-1.724329206843434	1.7243292068434308
k_Bacteria.p_Firmicutes.c_Bacilli.o_Lactobacillales.f_Enterococcaceae.g_Enterococcus.s_Enterococcus.faecalis	0.864340344195311	-0.8643403441953101
k_Bacteria.p_Firmicutes.c_Bacilli.o_Lactobacillales.f_Enterococcaceae.g_Enterococcus.s_Enterococcus.faecium	-0.13574699268713983	0.13574699268713913
k_Bacteria.p_Firmicutes.c_Bacilli.o_Lactobacillales.f_Enterococcaceae.g_Enterococcus.s_Enterococcus.gallinarum	-1.0979813480764162	1.0979813480764142
k_Bacteria.p_Firmicutes.c_Bacilli.o_Lactobacillales.f_Enterococcaceae.g_Enterococcus.s_Enterococcus.raffinosus	0.09741310036130306	-0.09741310036130339
k_Bacteria.p_Firmicutes.c_Bacilli.o_Lactobacillales.f_Enterococcaceae.g_Enterococcus.s_Enterococcus.sp.	0.1548942623854988	-0.1548942623854988
k_Bacteria.p_Firmicutes.c_Bacilli.o_Lactobacillales.f_Enterococcaceae.g_Enterococcus.s_Unclassified.Enterococcus	-1.2778478195111802	1.277847819511178
k_Bacteria.p_Firmicutes.c_Bacilli.o_Lactobacillales.f_Lactobacillaceae.g_Lacticaseibacillus.s_Unclassified.Lacticaseibacillus	1.0408030957599474	-1.0408030957599461
k_Bacteria.p_Firmicutes.c_Bacilli.o_Lactobacillales.f_Lactobacillaceae.g_Lactobacillus.s_Lactobacillus.sp.	-0.15989205235582413	0.15989205235582318
k_Bacteria.p_Firmicutes.c_Bacilli.o_Lactobacillales.f_Lactobacillaceae.g_Lactobacillus.s_Unclassified.Lactobacillus	0.6164535090715955	-0.6164535090715948
k_Bacteria.p_Firmicutes.c_Bacilli.o_Lactobacillales.f_Streptococcaceae.g_Lactococcus.s_Lactococcus.lactis	-0.2499436837436577	0.24994368374365683
k_Bacteria.p_Firmicutes.c_Bacilli.o_Lactobacillales.f_Streptococcaceae.g_Lactococcus.s_Unclassified.Lactococcus	-1.483399323821542	1.4833993238215395
k_Bacteria.p_Firmicutes.c_Bacilli.o_Lactobacillales.f_Streptococcaceae.g_Streptococcus.s_Streptococcus.lactarius	-0.3319151455692861	0.3319151455692853
k_Bacteria.p_Firmicutes.c_Bacilli.o_Lactobacillales.f_Streptococcaceae.g_Streptococcus.s_Streptococcus.mitis	-1.1703503423181267	1.1703503423181245
k_Bacteria.p_Firmicutes.c_Bacilli.o_Lactobacillales.f_Streptococcaceae.g_Streptococcus.s_Streptococcus.parasanguinis	1.3069097886741978	-1.3069097886741958
k_Bacteria.p_Firmicutes.c_Bacilli.o_Lactobacillales.f_Streptococcaceae.g_Streptococcus.s_Streptococcus.pneumoniae	0.9111488797092642	-0.9111488797092634
k_Bacteria.p_Firmicutes.c_Bacilli.o_Lactobacillales.f_Streptococcaceae.g_Streptococcus.s_Streptococcus.salivarius	0.11789665698178899	-0.11789665698178904
k_Bacteria.p_Firmicutes.c_Bacilli.o_Lactobacillales.f_Streptococcaceae.g_Streptococcus.s_Streptococcus.sp.	-1.1726786735019772	1.172678673501975
k_Bacteria.p_Firmicutes.c_Bacilli.o_Lactobacillales.f_Streptococcaceae.g_Streptococcus.s_Streptococcus.thermophilus	1.6492030665900825	-1.6492030665900805
k_Bacteria.p_Firmicutes.c_Bacilli.o_Lactobacillales.f_Streptococcaceae.g_Streptococcus.s_Unclassified.Streptococcus	-0.9949050852367861	0.9949050852367843
k_Bacteria.p_Firmicutes.c_Bacilli.o_Lactobacillales.f_Streptococcaceae.g_Unclassified.Streptococcaceae.s_Unclassified.Streptococcaceae	0.18478768630223616	-0.1847876863022361
k_Bacteria.p_Firmicutes.c_Bacilli.o_Lactobacillales.f_Unclassified.Lactobacillales.g_Unclassified.Lactobacillales.s_Unclassified.Lactobacillales	-1.147470161904314	1.147470161904312
k_Bacteria.p_Firmicutes.c_Bacilli.o_Unclassified.Bacilli.f_Unclassified.Bacilli.g_Unclassified.Bacilli.s_Unclassified.Bacilli	-0.2550010469707721	0.2550010469707712
k_Bacteria.p_Firmicutes.c_Clostridia.o_Clostridia.bacterium..no.order.in.NCBI..f_Clostridia.bacterium..no.family.in.NCBI..g_Clostridia.bacterium..no.genus.in.NCBI..s_Clostridia.bacterium	0.31589411739485307	-0.31589411739485257
k_Bacteria.p_Firmicutes.c_Clostridia.o_Eubacteriales.f_Clostridiaceae.g_Beduini.s_Unclassified.Beduini	0.4181213416791172	-0.4181213416791168
k_Bacteria.p_Firmicutes.c_Clostridia.o_Eubacteriales.f_Clostridiaceae.g_Butyricicoccus.s_Unclassified.Butyricicoccus	1.2209065763498668	-1.2209065763498652
k_Bacteria.p_Firmicutes.c_Clostridia.o_Eubacteriales.f_Clostridiaceae.g_Clostridiaceae.bacterium..no.genus.in.NCBI..s_Clostridiaceae.bacterium	-0.2704424600339924	0.27044246003399175
k_Bacteria.p_Firmicutes.c_Clostridia.o_Eubacteriales.f_Clostridiaceae.g_Clostridium.s_Clostridium.butyricum	-1.6162639574968563	1.6162639574968531
k_Bacteria.p_Firmicutes.c_Clostridia.o_Eubacteriales.f_Clostridiaceae.g_Clostridium.s_Clostridium.carnis	0.5291563514835165	-0.529156351483516
k_Bacteria.p_Firmicutes.c_Clostridia.o_Eubacteriales.f_Clostridiaceae.g_Clostridium.s_Clostridium.paraputrificum	-0.215556520048845	0.21555652004884443
k_Bacteria.p_Firmicutes.c_Clostridia.o_Eubacteriales.f_Clostridiaceae.g_Clostridium.s_Unclassified.Clostridium	-1.3499793218923444	1.349979321892342
k_Bacteria.p_Firmicutes.c_Clostridia.o_Eubacteriales.f_Clostridiaceae.g_Clostridium.s_.Clostridium..sp.	0.7635206186806712	-0.7635206186806702
k_Bacteria.p_Firmicutes.c_Clostridia.o_Eubacteriales.f_Clostridiaceae.g_Hungatella.s_Hungatella.effluvii	0.14689611287618426	-0.1468961128761843
k_Bacteria.p_Firmicutes.c_Clostridia.o_Eubacteriales.f_Clostridiaceae.g_Hungatella.s_Hungatella.hathewayi	0.4748572865997968	-0.47485728659979654
k_Bacteria.p_Firmicutes.c_Clostridia.o_Eubacteriales.f_Clostridiaceae.g_Hungatella.s_Hungatella.sp.	0.4068002278061386	-0.40680022780613845
k_Bacteria.p_Firmicutes.c_Clostridia.o_Eubacteriales.f_Clostridiaceae.g_Hungatella.s_Unclassified.Hungatella	0.01406054735317717	-0.014060547353177622
k_Bacteria.p_Firmicutes.c_Clostridia.o_Eubacteriales.f_Clostridiaceae.g_Unclassified.Clostridiaceae.s_Unclassified.Clostridiaceae	-0.7322598543425877	0.7322598543425862
k_Bacteria.p_Firmicutes.c_Clostridia.o_Eubacteriales.f_Clostridiales.Family.XIII..Incertae.Sedis.g_Mogibacterium.s_Unclassified.Mogibacterium	-0.06970145566086962	0.06970145566086927
k_Bacteria.p_Firmicutes.c_Clostridia.o_Eubacteriales.f_Clostridiales.bacterium..no.family.in.NCBI..g_Clostridiales.bacterium..no.genus.in.NCBI..s_Clostridiales.bacterium	0.8874177776001093	-0.8874177776001085
k_Bacteria.p_Firmicutes.c_Clostridia.o_Eubacteriales.f_Eubacteriaceae.g_Eubacterium.s_Eubacterium.callanderi	0.20507274511745283	-0.205072745117453
k_Bacteria.p_Firmicutes.c_Clostridia.o_Eubacteriales.f_Eubacteriaceae.g_Eubacterium.s_Eubacterium.limosum	-0.5348448491642608	0.5348448491642595
k_Bacteria.p_Firmicutes.c_Clostridia.o_Eubacteriales.f_Eubacteriaceae.g_Eubacterium.s_Eubacterium.maltosivorans	-1.079396458336245	1.0793964583362432
k_Bacteria.p_Firmicutes.c_Clostridia.o_Eubacteriales.f_Eubacteriaceae.g_Eubacterium.s_Eubacterium.ramulus	0.5676179070770025	-0.567617907077002
k_Bacteria.p_Firmicutes.c_Clostridia.o_Eubacteriales.f_Eubacteriaceae.g_Eubacterium.s_Eubacterium.sp.	0.5718326988520777	-0.5718326988520768
k_Bacteria.p_Firmicutes.c_Clostridia.o_Eubacteriales.f_Eubacteriaceae.g_Eubacterium.s_Unclassified.Eubacterium	1.205656374542054	-1.205656374542052
k_Bacteria.p_Firmicutes.c_Clostridia.o_Eubacteriales.f_Evtepia..no.family.in.NCBI..g_Evtepia.s_Unclassified.Evtepia	-2.2143604689111975	2.2143604689111944
k_Bacteria.p_Firmicutes.c_Clostridia.o_Eubacteriales.f_Flintibacter..no.family.in.NCBI..g_Flintibacter.s_Unclassified.Flintibacter	-1.8170474712086846	1.8170474712086813
k_Bacteria.p_Firmicutes.c_Clostridia.o_Eubacteriales.f_Intestinimonas..no.family.in.NCBI..g_Intestinimonas.s_Intestinimonas.butyriciproducens	-0.5279161599291456	0.5279161599291445
k_Bacteria.p_Firmicutes.c_Clostridia.o_Eubacteriales.f_Intestinimonas..no.family.in.NCBI..g_Intestinimonas.s_Intestinimonas.timonensis	-0.8150163173979635	0.8150163173979621
k_Bacteria.p_Firmicutes.c_Clostridia.o_Eubacteriales.f_Intestinimonas..no.family.in.NCBI..g_Intestinimonas.s_Unclassified.Intestinimonas	-1.136523956826844	1.136523956826842
k_Bacteria.p_Firmicutes.c_Clostridia.o_Eubacteriales.f_Lachnospiraceae.g_Anaerobutyricum.s_Anaerobutyricum.hallii	1.29580409715215	-1.2958040971521485
k_Bacteria.p_Firmicutes.c_Clostridia.o_Eubacteriales.f_Lachnospiraceae.g_Anaerobutyricum.s_Unclassified.Anaerobutyricum	1.110839395198257	-1.1108393951982558
k_Bacteria.p_Firmicutes.c_Clostridia.o_Eubacteriales.f_Lachnospiraceae.g_Anaerostipes.s_Anaerostipes.caccae	0.5134456558882573	-0.5134456558882564
k_Bacteria.p_Firmicutes.c_Clostridia.o_Eubacteriales.f_Lachnospiraceae.g_Anaerostipes.s_Anaerostipes.hadrus	0.621221146293007	-0.6212211462930065
k_Bacteria.p_Firmicutes.c_Clostridia.o_Eubacteriales.f_Lachnospiraceae.g_Anaerostipes.s_Anaerostipes.sp.	1.1416575306149805	-1.1416575306149792
k_Bacteria.p_Firmicutes.c_Clostridia.o_Eubacteriales.f_Lachnospiraceae.g_Anaerostipes.s_Unclassified.Anaerostipes	1.6422892830923477	-1.642289283092346
k_Bacteria.p_Firmicutes.c_Clostridia.o_Eubacteriales.f_Lachnospiraceae.g_Anaerotignum.s_Anaerotignum.lactatifermentans	1.3180280822562807	-1.318028082256279
k_Bacteria.p_Firmicutes.c_Clostridia.o_Eubacteriales.f_Lachnospiraceae.g_Blautia.s_Blautia.argi	-1.1550247557136646	1.1550247557136626
k_Bacteria.p_Firmicutes.c_Clostridia.o_Eubacteriales.f_Lachnospiraceae.g_Blautia.s_Blautia.caecimuris	-0.6313793975029903	0.6313793975029891
k_Bacteria.p_Firmicutes.c_Clostridia.o_Eubacteriales.f_Lachnospiraceae.g_Blautia.s_Blautia.faecis	1.4705631982273413	-1.47056319822734
k_Bacteria.p_Firmicutes.c_Clostridia.o_Eubacteriales.f_Lachnospiraceae.g_Blautia.s_Blautia.glucerasea	0.799460898951944	-0.7994608989519429
k_Bacteria.p_Firmicutes.c_Clostridia.o_Eubacteriales.f_Lachnospiraceae.g_Blautia.s_Blautia.hansenii	1.4918357555335076	-1.4918357555335056
k_Bacteria.p_Firmicutes.c_Clostridia.o_Eubacteriales.f_Lachnospiraceae.g_Blautia.s_Blautia.luti	1.2244732130971703	-1.2244732130971683
k_Bacteria.p_Firmicutes.c_Clostridia.o_Eubacteriales.f_Lachnospiraceae.g_Blautia.s_Blautia.marasmi	-0.1658859736171515	0.16588597361715102
k_Bacteria.p_Firmicutes.c_Clostridia.o_Eubacteriales.f_Lachnospiraceae.g_Blautia.s_Blautia.obeum	1.4159794592616617	-1.41597945926166
k_Bacteria.p_Firmicutes.c_Clostridia.o_Eubacteriales.f_Lachnospiraceae.g_Blautia.s_Blautia.producta	-0.6040789239013442	0.6040789239013431
k_Bacteria.p_Firmicutes.c_Clostridia.o_Eubacteriales.f_Lachnospiraceae.g_Blautia.s_Blautia.sp.	0.00016171558104206247	-0.00016171558104206222
k_Bacteria.p_Firmicutes.c_Clostridia.o_Eubacteriales.f_Lachnospiraceae.g_Blautia.s_Blautia.wexlerae	0.8811379778896128	-0.8811379778896117
k_Bacteria.p_Firmicutes.c_Clostridia.o_Eubacteriales.f_Lachnospiraceae.g_Blautia.s_Unclassified.Blautia	0.075608326288158	-0.07560832628815836
k_Bacteria.p_Firmicutes.c_Clostridia.o_Eubacteriales.f_Lachnospiraceae.g_Coprococcus.s_Coprococcus.comes	0.13560251662619976	-0.13560251662619954
k_Bacteria.p_Firmicutes.c_Clostridia.o_Eubacteriales.f_Lachnospiraceae.g_Coprococcus.s_Coprococcus.phoceensis	0.2569754658440761	-0.25697546584407643
k_Bacteria.p_Firmicutes.c_Clostridia.o_Eubacteriales.f_Lachnospiraceae.g_Coprococcus.s_Coprococcus.sp.	0.732265224598079	-0.7322652245980781
k_Bacteria.p_Firmicutes.c_Clostridia.o_Eubacteriales.f_Lachnospiraceae.g_Coprococcus.s_Unclassified.Coprococcus	0.9748686802039742	-0.9748686802039732
k_Bacteria.p_Firmicutes.c_Clostridia.o_Eubacteriales.f_Lachnospiraceae.g_Dorea.s_Dorea.formicigenerans	1.129363094634701	-1.1293630946346997
k_Bacteria.p_Firmicutes.c_Clostridia.o_Eubacteriales.f_Lachnospiraceae.g_Dorea.s_Dorea.longicatena	1.1465253573091265	-1.1465253573091252
k_Bacteria.p_Firmicutes.c_Clostridia.o_Eubacteriales.f_Lachnospiraceae.g_Dorea.s_Dorea.sp.	1.520663367901332	-1.5206633679013304
k_Bacteria.p_Firmicutes.c_Clostridia.o_Eubacteriales.f_Lachnospiraceae.g_Dorea.s_Unclassified.Dorea	1.172779544417704	-1.1727795444177027
k_Bacteria.p_Firmicutes.c_Clostridia.o_Eubacteriales.f_Lachnospiraceae.g_Eisenbergiella.s_Eisenbergiella.massiliensis	1.1027993857117273	-1.1027993857117258
k_Bacteria.p_Firmicutes.c_Clostridia.o_Eubacteriales.f_Lachnospiraceae.g_Eisenbergiella.s_Eisenbergiella.sp.	-0.7070866513564914	0.7070866513564898
k_Bacteria.p_Firmicutes.c_Clostridia.o_Eubacteriales.f_Lachnospiraceae.g_Eisenbergiella.s_Unclassified.Eisenbergiella	-0.19220227738146303	0.19220227738146275
k_Bacteria.p_Firmicutes.c_Clostridia.o_Eubacteriales.f_Lachnospiraceae.g_Enterocloster.s_Enterocloster.aldenensis	-1.3135645177893487	1.3135645177893465
k_Bacteria.p_Firmicutes.c_Clostridia.o_Eubacteriales.f_Lachnospiraceae.g_Enterocloster.s_Enterocloster.bolteae	0.8970082059146677	-0.8970082059146666
k_Bacteria.p_Firmicutes.c_Clostridia.o_Eubacteriales.f_Lachnospiraceae.g_Enterocloster.s_Enterocloster.citroniae	0.6211324455262023	-0.6211324455262018
k_Bacteria.p_Firmicutes.c_Clostridia.o_Eubacteriales.f_Lachnospiraceae.g_Enterocloster.s_Enterocloster.clostridioformis	0.7648060447350375	-0.7648060447350368
k_Bacteria.p_Firmicutes.c_Clostridia.o_Eubacteriales.f_Lachnospiraceae.g_Enterocloster.s_Enterocloster.lavalensis	0.08216414815427904	-0.08216414815427892
k_Bacteria.p_Firmicutes.c_Clostridia.o_Eubacteriales.f_Lachnospiraceae.g_Enterocloster.s_Unclassified.Enterocloster	1.1290165093472309	-1.129016509347229
k_Bacteria.p_Firmicutes.c_Clostridia.o_Eubacteriales.f_Lachnospiraceae.g_Faecalicatena.s_Faecalicatena.fissicatena	-1.3638283935008335	1.363828393500831
k_Bacteria.p_Firmicutes.c_Clostridia.o_Eubacteriales.f_Lachnospiraceae.g_Faecalimonas.s_Faecalimonas.umbilicata	0.1388247787924832	-0.13882477879248345
k_Bacteria.p_Firmicutes.c_Clostridia.o_Eubacteriales.f_Lachnospiraceae.g_Faecalimonas.s_Unclassified.Faecalimonas	0.4176127142254731	-0.41761271422547264
k_Bacteria.p_Firmicutes.c_Clostridia.o_Eubacteriales.f_Lachnospiraceae.g_Fusicatenibacter.s_Unclassified.Fusicatenibacter	0.8697357252361143	-0.8697357252361134
k_Bacteria.p_Firmicutes.c_Clostridia.o_Eubacteriales.f_Lachnospiraceae.g_Lachnoclostridium.s_Lachnoclostridium.sp.	1.0896172312966905	-1.0896172312966894
k_Bacteria.p_Firmicutes.c_Clostridia.o_Eubacteriales.f_Lachnospiraceae.g_Lachnoclostridium.s_Unclassified.Lachnoclostridium	1.1924559111135986	-1.1924559111135973
k_Bacteria.p_Firmicutes.c_Clostridia.o_Eubacteriales.f_Lachnospiraceae.g_Lachnospira.s_Lachnospira.eligens	-1.9482690754439747	1.9482690754439715
k_Bacteria.p_Firmicutes.c_Clostridia.o_Eubacteriales.f_Lachnospiraceae.g_Lachnospiraceae.bacterium..no.genus.in.NCBI..s_Lachnospiraceae.bacterium	1.4822243380103202	-1.4822243380103184
k_Bacteria.p_Firmicutes.c_Clostridia.o_Eubacteriales.f_Lachnospiraceae.g_Mediterraneibacter.s_Mediterraneibacter.glycyrrhizinilyticus	0.4643378361491595	-0.4643378361491593
k_Bacteria.p_Firmicutes.c_Clostridia.o_Eubacteriales.f_Lachnospiraceae.g_Mediterraneibacter.s_Unclassified.Mediterraneibacter	-0.4866368503371074	0.4866368503371062
k_Bacteria.p_Firmicutes.c_Clostridia.o_Eubacteriales.f_Lachnospiraceae.g_Roseburia.s_Roseburia.faecis	1.589459436803551	-1.589459436803549
k_Bacteria.p_Firmicutes.c_Clostridia.o_Eubacteriales.f_Lachnospiraceae.g_Roseburia.s_Roseburia.hominis	0.34817920259140445	-0.3481792025914044
k_Bacteria.p_Firmicutes.c_Clostridia.o_Eubacteriales.f_Lachnospiraceae.g_Roseburia.s_Roseburia.intestinalis	0.04429077605293572	-0.04429077605293589
k_Bacteria.p_Firmicutes.c_Clostridia.o_Eubacteriales.f_Lachnospiraceae.g_Roseburia.s_Roseburia.inulinivorans	0.5006952560934448	-0.5006952560934442
k_Bacteria.p_Firmicutes.c_Clostridia.o_Eubacteriales.f_Lachnospiraceae.g_Roseburia.s_Unclassified.Roseburia	1.042143512173397	-1.0421435121733957
k_Bacteria.p_Firmicutes.c_Clostridia.o_Eubacteriales.f_Lachnospiraceae.g_Sellimonas.s_Sellimonas.intestinalis	0.8537350044624473	-0.8537350044624463
k_Bacteria.p_Firmicutes.c_Clostridia.o_Eubacteriales.f_Lachnospiraceae.g_Tyzzerella.s_Tyzzerella.nexilis	1.6843574522969653	-1.6843574522969635
k_Bacteria.p_Firmicutes.c_Clostridia.o_Eubacteriales.f_Lachnospiraceae.g_Tyzzerella.s_Unclassified.Tyzzerella	0.23172287741006378	-0.2317228774100639
k_Bacteria.p_Firmicutes.c_Clostridia.o_Eubacteriales.f_Lachnospiraceae.g_Unclassified.Lachnospiraceae.s_Unclassified.Lachnospiraceae	0.07954139827711945	-0.07954139827711956
k_Bacteria.p_Firmicutes.c_Clostridia.o_Eubacteriales.f_Lawsonibacter..no.family.in.NCBI..g_Lawsonibacter.s_Lawsonibacter.asaccharolyticus	-0.10731517693145623	0.10731517693145583
k_Bacteria.p_Firmicutes.c_Clostridia.o_Eubacteriales.f_Oscillospiraceae.g_Agathobaculum.s_Agathobaculum.desmolans	1.4073953410246491	-1.4073953410246474
k_Bacteria.p_Firmicutes.c_Clostridia.o_Eubacteriales.f_Oscillospiraceae.g_Agathobaculum.s_Unclassified.Agathobaculum	-0.7402242024493723	0.7402242024493708
k_Bacteria.p_Firmicutes.c_Clostridia.o_Eubacteriales.f_Oscillospiraceae.g_Anaeromassilibacillus.s_Unclassified.Anaeromassilibacillus	-0.4494629717469351	0.44946297174693417
k_Bacteria.p_Firmicutes.c_Clostridia.o_Eubacteriales.f_Oscillospiraceae.g_Anaerotruncus.s_Anaerotruncus.colihominis	-1.1455904445032687	1.1455904445032665
k_Bacteria.p_Firmicutes.c_Clostridia.o_Eubacteriales.f_Oscillospiraceae.g_Anaerotruncus.s_Unclassified.Anaerotruncus	0.07015060904943285	-0.07015060904943322
k_Bacteria.p_Firmicutes.c_Clostridia.o_Eubacteriales.f_Oscillospiraceae.g_Dysosmobacter.s_Dysosmobacter.sp.	1.03794417559117	-1.037944175591169
k_Bacteria.p_Firmicutes.c_Clostridia.o_Eubacteriales.f_Oscillospiraceae.g_Faecalibacterium.s_Faecalibacterium.prausnitzii	1.3379357236650082	-1.3379357236650065
k_Bacteria.p_Firmicutes.c_Clostridia.o_Eubacteriales.f_Oscillospiraceae.g_Faecalibacterium.s_Unclassified.Faecalibacterium	1.4585481334566488	-1.4585481334566477
k_Bacteria.p_Firmicutes.c_Clostridia.o_Eubacteriales.f_Oscillospiraceae.g_Flavonifractor.s_Flavonifractor.plautii	-1.6166335326420993	1.6166335326420966
k_Bacteria.p_Firmicutes.c_Clostridia.o_Eubacteriales.f_Oscillospiraceae.g_Flavonifractor.s_Flavonifractor.sp.	-0.3839438661779295	0.3839438661779287
k_Bacteria.p_Firmicutes.c_Clostridia.o_Eubacteriales.f_Oscillospiraceae.g_Flavonifractor.s_Unclassified.Flavonifractor	0.5150614922980924	-0.5150614922980921
k_Bacteria.p_Firmicutes.c_Clostridia.o_Eubacteriales.f_Oscillospiraceae.g_Hydrogeniiclostidium.s_Unclassified.Hydrogeniiclostidium	1.395725716540166	-1.3957257165401644
k_Bacteria.p_Firmicutes.c_Clostridia.o_Eubacteriales.f_Oscillospiraceae.g_Oscillibacter.s_Unclassified.Oscillibacter	0.0773351545076235	-0.07733515450762386
k_Bacteria.p_Firmicutes.c_Clostridia.o_Eubacteriales.f_Oscillospiraceae.g_Oscillospiraceae.bacterium..no.genus.in.NCBI..s_Oscillospiraceae.bacterium	-1.023694786430967	1.0236947864309651
k_Bacteria.p_Firmicutes.c_Clostridia.o_Eubacteriales.f_Oscillospiraceae.g_Pseudoflavonifractor.s_Pseudoflavonifractor.sp.	-0.46798618737195186	0.4679861873719507
k_Bacteria.p_Firmicutes.c_Clostridia.o_Eubacteriales.f_Oscillospiraceae.g_Pseudoflavonifractor.s_Unclassified.Pseudoflavonifractor	0.04525249845871001	-0.04525249845871041
k_Bacteria.p_Firmicutes.c_Clostridia.o_Eubacteriales.f_Oscillospiraceae.g_Ruminococcus.s_Ruminococcus.sp.	0.6496018285971804	-0.6496018285971796
k_Bacteria.p_Firmicutes.c_Clostridia.o_Eubacteriales.f_Oscillospiraceae.g_Ruminococcus.s_Unclassified.Ruminococcus	-1.1814836162695177	1.1814836162695155
k_Bacteria.p_Firmicutes.c_Clostridia.o_Eubacteriales.f_Oscillospiraceae.g_Ruthenibacterium.s_Ruthenibacterium.lactatiformans	-1.4732345217344411	1.4732345217344383
k_Bacteria.p_Firmicutes.c_Clostridia.o_Eubacteriales.f_Oscillospiraceae.g_Ruthenibacterium.s_Unclassified.Ruthenibacterium	-0.7020615919543829	0.7020615919543813
k_Bacteria.p_Firmicutes.c_Clostridia.o_Eubacteriales.f_Oscillospiraceae.g_Subdoligranulum.s_Subdoligranulum.variabile	1.184226097078665	-1.1842260970786638
k_Bacteria.p_Firmicutes.c_Clostridia.o_Eubacteriales.f_Oscillospiraceae.g_Unclassified.Oscillospiraceae.s_Unclassified.Oscillospiraceae	1.3443268585392727	-1.3443268585392707
k_Bacteria.p_Firmicutes.c_Clostridia.o_Eubacteriales.f_Peptostreptococcaceae.g_Clostridioides.s_Clostridioides.difficile	1.0023378676629986	-1.0023378676629973
k_Bacteria.p_Firmicutes.c_Clostridia.o_Eubacteriales.f_Peptostreptococcaceae.g_Clostridioides.s_Unclassified.Clostridioides	0.5393698420080494	-0.5393698420080488
k_Bacteria.p_Firmicutes.c_Clostridia.o_Eubacteriales.f_Peptostreptococcaceae.g_Intestinibacter.s_Intestinibacter.bartlettii	1.137083636849261	-1.1370836368492594
k_Bacteria.p_Firmicutes.c_Clostridia.o_Eubacteriales.f_Peptostreptococcaceae.g_Intestinibacter.s_Unclassified.Intestinibacter	-0.9797127497491138	0.979712749749112
k_Bacteria.p_Firmicutes.c_Clostridia.o_Eubacteriales.f_Peptostreptococcaceae.g_Romboutsia.s_Romboutsia.timonensis	-1.218629929315125	1.218629929315123
k_Bacteria.p_Firmicutes.c_Clostridia.o_Eubacteriales.f_Peptostreptococcaceae.g_Romboutsia.s_Unclassified.Romboutsia	1.2895330939196001	-1.2895330939195984
k_Bacteria.p_Firmicutes.c_Clostridia.o_Eubacteriales.f_Peptostreptococcaceae.g_Terrisporobacter.s_Unclassified.Terrisporobacter	1.3665908615288678	-1.366590861528866
k_Bacteria.p_Firmicutes.c_Clostridia.o_Eubacteriales.f_Peptostreptococcaceae.g_Unclassified.Peptostreptococcaceae.s_Unclassified.Peptostreptococcaceae	0.4162283554658577	-0.4162283554658573
k_Bacteria.p_Firmicutes.c_Clostridia.o_Eubacteriales.f_Unclassified.Eubacteriales.g_Unclassified.Eubacteriales.s_Unclassified.Eubacteriales	-0.688661226756136	0.6886612267561346
k_Bacteria.p_Firmicutes.c_Clostridia.o_Unclassified.Clostridia.f_Unclassified.Clostridia.g_Unclassified.Clostridia.s_Unclassified.Clostridia	-0.16005382848687016	0.1600538284868697
k_Bacteria.p_Firmicutes.c_Erysipelotrichia.o_Erysipelotrichales.f_Coprobacillaceae.g_Catenibacterium.s_Catenibacterium.sp.	-0.05357059625312956	0.053570596253129474
k_Bacteria.p_Firmicutes.c_Erysipelotrichia.o_Erysipelotrichales.f_Coprobacillaceae.g_Catenibacterium.s_Unclassified.Catenibacterium	-1.847292526809496	1.8472925268094929
k_Bacteria.p_Firmicutes.c_Erysipelotrichia.o_Erysipelotrichales.f_Coprobacillaceae.g_Coprobacillus.s_Coprobacillus.cateniformis	1.1824009076746356	-1.1824009076746342
k_Bacteria.p_Firmicutes.c_Erysipelotrichia.o_Erysipelotrichales.f_Coprobacillaceae.g_Coprobacillus.s_Coprobacillus.sp.	-0.042229487095748384	0.04222948709574808
k_Bacteria.p_Firmicutes.c_Erysipelotrichia.o_Erysipelotrichales.f_Coprobacillaceae.g_Coprobacillus.s_Unclassified.Coprobacillus	0.3892403807959682	-0.38924038079596757
k_Bacteria.p_Firmicutes.c_Erysipelotrichia.o_Erysipelotrichales.f_Erysipelotrichaceae.g_Erysipelatoclostridium.s_Erysipelatoclostridium.ramosum	-0.22735975527262664	0.22735975527262584
k_Bacteria.p_Firmicutes.c_Erysipelotrichia.o_Erysipelotrichales.f_Erysipelotrichaceae.g_Erysipelatoclostridium.s_Unclassified.Erysipelatoclostridium	0.1515494777284236	-0.1515494777284238
k_Bacteria.p_Firmicutes.c_Erysipelotrichia.o_Erysipelotrichales.f_Erysipelotrichaceae.g_Erysipelotrichaceae.bacterium..no.genus.in.NCBI..s_Erysipelotrichaceae.bacterium	-0.9837358504912057	0.9837358504912037
k_Bacteria.p_Firmicutes.c_Erysipelotrichia.o_Erysipelotrichales.f_Erysipelotrichaceae.g_Faecalitalea.s_Faecalitalea.cylindroides	0.7903165983796768	-0.790316598379676
k_Bacteria.p_Firmicutes.c_Erysipelotrichia.o_Erysipelotrichales.f_Erysipelotrichaceae.g_Holdemanella.s_Holdemanella.biformis	1.7787883584834343	-1.7787883584834316
k_Bacteria.p_Firmicutes.c_Erysipelotrichia.o_Erysipelotrichales.f_Erysipelotrichaceae.g_Holdemanella.s_Unclassified.Holdemanella	-1.6873746482314855	1.6873746482314826
k_Bacteria.p_Firmicutes.c_Erysipelotrichia.o_Erysipelotrichales.f_Erysipelotrichaceae.g_Holdemania.s_Holdemania.massiliensis	0.4252727943116058	-0.42527279431160536
k_Bacteria.p_Firmicutes.c_Erysipelotrichia.o_Erysipelotrichales.f_Erysipelotrichaceae.g_Holdemania.s_Unclassified.Holdemania	0.5163308232079057	-0.5163308232079054
k_Bacteria.p_Firmicutes.c_Erysipelotrichia.o_Erysipelotrichales.f_Erysipelotrichaceae.g_Massilimicrobiota.s_Massilimicrobiota.timonensis	0.867550269764685	-0.8675502697646837
k_Bacteria.p_Firmicutes.c_Erysipelotrichia.o_Erysipelotrichales.f_Erysipelotrichaceae.g_Massilimicrobiota.s_Unclassified.Massilimicrobiota	1.4860290749859737	-1.486029074985972
k_Bacteria.p_Firmicutes.c_Erysipelotrichia.o_Erysipelotrichales.f_Erysipelotrichaceae.g_Unclassified.Erysipelotrichaceae.s_Unclassified.Erysipelotrichaceae	0.6559362121987985	-0.6559362121987979
k_Bacteria.p_Firmicutes.c_Erysipelotrichia.o_Erysipelotrichales.f_Unclassified.Erysipelotrichales.g_Unclassified.Erysipelotrichales.s_Unclassified.Erysipelotrichales	1.1648306762075518	-1.164830676207551
k_Bacteria.p_Firmicutes.c_Firmicutes.bacterium..no.class.in.NCBI..o_Firmicutes.bacterium..no.order.in.NCBI..f_Firmicutes.bacterium..no.family.in.NCBI..g_Firmicutes.bacterium..no.genus.in.NCBI..s_Firmicutes.bacterium	0.4441879817531553	-0.4441879817531549
k_Bacteria.p_Firmicutes.c_Negativicutes.o_Acidaminococcales.f_Acidaminococcaceae.g_Phascolarctobacterium.s_Phascolarctobacterium.sp.	0.5738537392915938	-0.5738537392915933
k_Bacteria.p_Firmicutes.c_Negativicutes.o_Selenomonadales.f_Selenomonadaceae.g_Megamonas.s_Unclassified.Megamonas	1.7049169081530768	-1.7049169081530744
k_Bacteria.p_Firmicutes.c_Negativicutes.o_Veillonellales.f_Veillonellaceae.g_Dialister.s_Dialister.sp.	-1.5132048197164265	1.513204819716424
k_Bacteria.p_Firmicutes.c_Negativicutes.o_Veillonellales.f_Veillonellaceae.g_Megasphaera.s_Unclassified.Megasphaera	0.5082882001480644	-0.5082882001480641
k_Bacteria.p_Firmicutes.c_Negativicutes.o_Veillonellales.f_Veillonellaceae.g_Veillonella.s_Unclassified.Veillonella	0.6090517165731407	-0.60905171657314
k_Bacteria.p_Firmicutes.c_Negativicutes.o_Veillonellales.f_Veillonellaceae.g_Veillonella.s_Veillonella.parvula	-1.3311529420765629	1.3311529420765602
k_Bacteria.p_Firmicutes.c_Negativicutes.o_Veillonellales.f_Veillonellaceae.g_Veillonella.s_Veillonella.seminalis	-0.028223174688264446	0.02822317468826393
k_Bacteria.p_Firmicutes.c_Negativicutes.o_Veillonellales.f_Veillonellaceae.g_Veillonella.s_Veillonella.sp.	-1.2155722067196584	1.2155722067196562
k_Bacteria.p_Firmicutes.c_Unclassified.Firmicutes.o_Unclassified.Firmicutes.f_Unclassified.Firmicutes.g_Unclassified.Firmicutes.s_Unclassified.Firmicutes	0.48761391936513754	-0.48761391936513726
k_Bacteria.p_Proteobacteria.c_Betaproteobacteria.o_Burkholderiales.f_Sutterellaceae.g_Sutterella.s_Unclassified.Sutterella	0.787399349981933	-0.7873993499819321
k_Bacteria.p_Proteobacteria.c_Epsilonproteobacteria.o_Campylobacterales.f_Campylobacteraceae.g_Campylobacter.s_Unclassified.Campylobacter	0.691759488213021	-0.69175948821302
k_Bacteria.p_Proteobacteria.c_Gammaproteobacteria.o_Enterobacterales.f_Enterobacteriaceae.g_Citrobacter.s_Citrobacter.freundii	-0.13045091803928027	0.13045091803927983
k_Bacteria.p_Proteobacteria.c_Gammaproteobacteria.o_Enterobacterales.f_Enterobacteriaceae.g_Citrobacter.s_Unclassified.Citrobacter	-1.7684602983655815	1.7684602983655782
k_Bacteria.p_Proteobacteria.c_Gammaproteobacteria.o_Enterobacterales.f_Enterobacteriaceae.g_Enterobacter.s_Enterobacter.asburiae	-0.05725212902591184	0.05725212902591128
k_Bacteria.p_Proteobacteria.c_Gammaproteobacteria.o_Enterobacterales.f_Enterobacteriaceae.g_Enterobacter.s_Enterobacter.cloacae	-2.1440312180165404	2.144031218016537
k_Bacteria.p_Proteobacteria.c_Gammaproteobacteria.o_Enterobacterales.f_Enterobacteriaceae.g_Enterobacter.s_Enterobacter.hormaechei	0.2928624421342992	-0.292862442134299
k_Bacteria.p_Proteobacteria.c_Gammaproteobacteria.o_Enterobacterales.f_Enterobacteriaceae.g_Enterobacter.s_Enterobacter.roggenkampii	-1.539911449738612	1.539911449738609
k_Bacteria.p_Proteobacteria.c_Gammaproteobacteria.o_Enterobacterales.f_Enterobacteriaceae.g_Enterobacter.s_Unclassified.Enterobacter	-0.8284898462536634	0.8284898462536617
k_Bacteria.p_Proteobacteria.c_Gammaproteobacteria.o_Enterobacterales.f_Enterobacteriaceae.g_Escherichia.s_Escherichia.coli	-1.5076916774215214	1.507691677421519
k_Bacteria.p_Proteobacteria.c_Gammaproteobacteria.o_Enterobacterales.f_Enterobacteriaceae.g_Escherichia.s_Unclassified.Escherichia	-1.0603780163643008	1.060378016364299
k_Bacteria.p_Proteobacteria.c_Gammaproteobacteria.o_Enterobacterales.f_Enterobacteriaceae.g_Klebsiella.s_Klebsiella.grimontii	-0.3817232159901853	0.38172321599018455
k_Bacteria.p_Proteobacteria.c_Gammaproteobacteria.o_Enterobacterales.f_Enterobacteriaceae.g_Klebsiella.s_Klebsiella.michiganensis	-0.6199653015231494	0.619965301523148
k_Bacteria.p_Proteobacteria.c_Gammaproteobacteria.o_Enterobacterales.f_Enterobacteriaceae.g_Klebsiella.s_Klebsiella.oxytoca	1.2777413525725416	-1.2777413525725396
k_Bacteria.p_Proteobacteria.c_Gammaproteobacteria.o_Enterobacterales.f_Enterobacteriaceae.g_Klebsiella.s_Klebsiella.pneumoniae	-1.9315427453440408	1.9315427453440372
k_Bacteria.p_Proteobacteria.c_Gammaproteobacteria.o_Enterobacterales.f_Enterobacteriaceae.g_Klebsiella.s_Klebsiella.variicola	0.8990263675688519	-0.8990263675688506
k_Bacteria.p_Proteobacteria.c_Gammaproteobacteria.o_Enterobacterales.f_Enterobacteriaceae.g_Klebsiella.s_Unclassified.Klebsiella	-1.5588707940675735	1.5588707940675706
k_Bacteria.p_Proteobacteria.c_Gammaproteobacteria.o_Enterobacterales.f_Enterobacteriaceae.g_Salmonella.enterica..no.genus.in.NCBI..s_Salmonella.enterica	-0.573042019370105	0.5730420193701039
k_Bacteria.p_Proteobacteria.c_Gammaproteobacteria.o_Enterobacterales.f_Enterobacteriaceae.g_Shigella.s_Unclassified.Shigella	-0.6252369092990008	0.6252369092989996
k_Bacteria.p_Proteobacteria.c_Gammaproteobacteria.o_Enterobacterales.f_Enterobacteriaceae.g_Unclassified.Enterobacteriaceae.s_Unclassified.Enterobacteriaceae	0.3564491563683321	-0.356449156368332
k_Bacteria.p_Proteobacteria.c_Gammaproteobacteria.o_Enterobacterales.f_Unclassified.Enterobacterales.g_Unclassified.Enterobacterales.s_Unclassified.Enterobacterales	-0.3944810504039596	0.3944810504039585
k_Bacteria.p_Proteobacteria.c_Gammaproteobacteria.o_Pasteurellales.f_Pasteurellaceae.g_Haemophilus.s_Haemophilus.parainfluenzae	-0.060894754524560855	0.06089475452456029
k_Bacteria.p_Proteobacteria.c_Gammaproteobacteria.o_Pasteurellales.f_Pasteurellaceae.g_Haemophilus.s_Unclassified.Haemophilus	-0.1841582901252042	0.1841582901252037
k_Bacteria.p_Proteobacteria.c_Gammaproteobacteria.o_Pasteurellales.f_Pasteurellaceae.g_Unclassified.Pasteurellaceae.s_Unclassified.Pasteurellaceae	-1.6238871964423234	1.6238871964423203
k_Bacteria.p_Proteobacteria.c_Gammaproteobacteria.o_Pseudomonadales.f_Moraxellaceae.g_Acinetobacter.s_Acinetobacter.baumannii	-0.02303135158200471	0.023031351582003964
k_Bacteria.p_Proteobacteria.c_Gammaproteobacteria.o_Pseudomonadales.f_Pseudomonadaceae.g_Pseudomonas.s_Pseudomonas.aeruginosa	0.4538182995769066	-0.45381829957690617
k_Bacteria.p_Proteobacteria.c_Gammaproteobacteria.o_Unclassified.Gammaproteobacteria.f_Unclassified.Gammaproteobacteria.g_Unclassified.Gammaproteobacteria.s_Unclassified.Gammaproteobacteria	-1.7556573075673048	1.7556573075673014
k_Bacteria.p_Proteobacteria.c_Unclassified.Proteobacteria.o_Unclassified.Proteobacteria.f_Unclassified.Proteobacteria.g_Unclassified.Proteobacteria.s_Unclassified.Proteobacteria	0.5265009436297503	-0.52650094362975
k_Bacteria.p_Unclassified.Bacteria.c_Unclassified.Bacteria.o_Unclassified.Bacteria.f_Unclassified.Bacteria.g_Unclassified.Bacteria.s_Unclassified.Bacteria	1.6723248144491862	-1.6723248144491847
k_Bacteria.p_Verrucomicrobia.c_Unclassified.Verrucomicrobia.o_Unclassified.Verrucomicrobia.f_Unclassified.Verrucomicrobia.g_Unclassified.Verrucomicrobia.s_Unclassified.Verrucomicrobia	-0.6226166085359116	0.6226166085359104
k_Bacteria.p_Verrucomicrobia.c_Verrucomicrobiae.o_Verrucomicrobiales.f_Akkermansiaceae.g_Akkermansia.s_Akkermansia.muciniphila	0.53931595121713	-0.5393159512171297
k_Bacteria.p_Verrucomicrobia.c_Verrucomicrobiae.o_Verrucomicrobiales.f_Akkermansiaceae.g_Akkermansia.s_Akkermansia.sp.	-0.4703450847687368	0.4703450847687356
k_Bacteria.p_Verrucomicrobia.c_Verrucomicrobiae.o_Verrucomicrobiales.f_Akkermansiaceae.g_Akkermansia.s_Unclassified.Akkermansia	-0.22527484804701509	0.2252748480470145
k_Bacteria.p_Verrucomicrobia.c_Verrucomicrobiae.o_Verrucomicrobiales.f_Akkermansiaceae.g_Unclassified.Akkermansiaceae.s_Unclassified.Akkermansiaceae	1.5678949914872484	-1.567894991487247
k_Bacteria.p_bacterium.1xD42.87..no.phylum.in.NCBI..c_bacterium.1xD42.87..no.class.in.NCBI..o_bacterium.1xD42.87..no.order.in.NCBI..f_bacterium.1xD42.87..no.family.in.NCBI..g_bacterium.1xD42.87..no.genus.in.NCBI..s_bacterium.1xD42.87	-1.0635107791883989	1.0635107791883966
k_Eukaryota.p_Streptophyta.c_Magnoliopsida.o_Unclassified.Magnoliopsida.f_Unclassified.Magnoliopsida.g_Unclassified.Magnoliopsida.s_Unclassified.Magnoliopsida	-0.7780123844720275	0.778012384472026
k_Viruses.p_Uroviricota.c_Caudoviricetes.o_Caudovirales.f_Siphoviridae.g_Moineauvirus.s_Unclassified.Moineauvirus	0.9894402941415036	-0.9894402941415024
k_Bacteria.p_Actinobacteria.c_Actinomycetia.o_Bifidobacteriales.f_Bifidobacteriaceae.g_Bifidobacterium.s_Bifidobacterium.pseudolongum	-0.7992926480707973	0.7992926480707957
k_Bacteria.p_Actinobacteria.c_Actinomycetia.o_Propionibacteriales.f_Propionibacteriaceae.g_Propionibacterium.s_Unclassified.Propionibacterium	-0.1259323434009808	0.12593234340098014
k_Bacteria.p_Actinobacteria.c_Coriobacteriia.o_Coriobacteriales.f_Atopobiaceae.g_Atopobium.s_Atopobium.sp.	0.6129279682199004	-0.6129279682198996
k_Bacteria.p_Actinobacteria.c_Coriobacteriia.o_Coriobacteriales.f_Coriobacteriaceae.g_Collinsella.s_Collinsella.aerofaciens	-0.5456892163828698	0.5456892163828685
k_Bacteria.p_Actinobacteria.c_Coriobacteriia.o_Coriobacteriales.f_Coriobacteriaceae.g_Collinsella.s_Collinsella.sp.	-0.5025724291496069	0.5025724291496059
k_Bacteria.p_Actinobacteria.c_Coriobacteriia.o_Coriobacteriales.f_Coriobacteriaceae.g_Collinsella.s_Collinsella.stercoris	1.2027216260201539	-1.2027216260201523
k_Bacteria.p_Actinobacteria.c_Coriobacteriia.o_Eggerthellales.f_Eggerthellaceae.g_Adlercreutzia.s_Adlercreutzia.equolifaciens	0.5133672151830005	-0.5133672151830002
k_Bacteria.p_Actinobacteria.c_Coriobacteriia.o_Eggerthellales.f_Eggerthellaceae.g_Gordonibacter.s_Gordonibacter.urolithinfaciens	0.36219017189181385	-0.3621901718918135
k_Bacteria.p_Actinobacteria.c_Coriobacteriia.o_Eggerthellales.f_Eggerthellaceae.g_Gordonibacter.s_Unclassified.Gordonibacter	1.507911271045612	-1.5079112710456097
k_Bacteria.p_Actinobacteria.c_Coriobacteriia.o_Eggerthellales.f_Eggerthellaceae.g_Slackia.s_Unclassified.Slackia	0.9864730207252884	-0.9864730207252873
k_Bacteria.p_Bacteroidetes.c_Bacteroidia.o_Bacteroidales.f_Bacteroidaceae.g_Bacteroides.s_Bacteroides.sp.	0.824237389868102	-0.8242373898681011
k_Bacteria.p_Bacteroidetes.c_Bacteroidia.o_Bacteroidales.f_Bacteroidaceae.g_Bacteroides.s_Bacteroides.uniformis	0.12938823028751892	-0.12938823028751945
k_Bacteria.p_Bacteroidetes.c_Bacteroidia.o_Bacteroidales.f_Barnesiellaceae.g_Barnesiella.s_Barnesiella.intestinihominis	0.7376497180992783	-0.7376497180992776
k_Bacteria.p_Bacteroidetes.c_Bacteroidia.o_Bacteroidales.f_Phocaeicola..no.family.in.NCBI..g_Phocaeicola.s_Phocaeicola.massiliensis	0.9869302848565397	-0.9869302848565382
k_Bacteria.p_Bacteroidetes.c_Bacteroidia.o_Bacteroidales.f_Phocaeicola..no.family.in.NCBI..g_Phocaeicola.s_Phocaeicola.vulgatus	1.485668443440447	-1.4856684434404452
k_Bacteria.p_Bacteroidetes.c_Bacteroidia.o_Bacteroidales.f_Phocaeicola..no.family.in.NCBI..g_Phocaeicola.s_Unclassified.Phocaeicola	1.6426296636212172	-1.6426296636212157
k_Bacteria.p_Bacteroidetes.c_Bacteroidia.o_Bacteroidales.f_Porphyromonadaceae.g_Porphyromonas.s_Unclassified.Porphyromonas	0.22612463732379132	-0.22612463732379143
k_Bacteria.p_Bacteroidetes.c_Bacteroidia.o_Bacteroidales.f_Prevotellaceae.g_Prevotella.s_Prevotella.sp.	-1.112534006317918	1.112534006317916
k_Bacteria.p_Bacteroidetes.c_Bacteroidia.o_Bacteroidales.f_Prevotellaceae.g_Unclassified.Prevotellaceae.s_Unclassified.Prevotellaceae	1.1054710781402022	-1.1054710781402006
k_Bacteria.p_Bacteroidetes.c_Flavobacteriia.o_Flavobacteriales.f_Flavobacteriales.bacterium..no.family.in.NCBI..g_Flavobacteriales.bacterium..no.genus.in.NCBI..s_Flavobacteriales.bacterium	-0.4966330618383926	0.4966330618383916
k_Bacteria.p_Bacteroidetes.c_Unclassified.Bacteroidetes.o_Unclassified.Bacteroidetes.f_Unclassified.Bacteroidetes.g_Unclassified.Bacteroidetes.s_Unclassified.Bacteroidetes	1.3445108287312921	-1.3445108287312906
k_Bacteria.p_Firmicutes.c_Bacilli.o_Lactobacillales.f_Carnobacteriaceae.g_Granulicatella.s_Granulicatella.sp.	-1.2338379385468246	1.2338379385468226
k_Bacteria.p_Firmicutes.c_Bacilli.o_Lactobacillales.f_Enterococcaceae.g_Enterococcus.s_Enterococcus.durans	0.8026432017026693	-0.8026432017026687
k_Bacteria.p_Firmicutes.c_Bacilli.o_Lactobacillales.f_Lactobacillaceae.g_Leuconostoc.s_Unclassified.Leuconostoc	0.7735903879197512	-0.7735903879197505
k_Bacteria.p_Firmicutes.c_Bacilli.o_Lactobacillales.f_Lactobacillaceae.g_Limosilactobacillus.s_Limosilactobacillus.reuteri	1.4111952506438674	-1.4111952506438656
k_Bacteria.p_Firmicutes.c_Bacilli.o_Lactobacillales.f_Lactobacillaceae.g_Limosilactobacillus.s_Unclassified.Limosilactobacillus	0.011098712064855543	-0.011098712064856001
k_Bacteria.p_Firmicutes.c_Bacilli.o_Lactobacillales.f_Lactobacillaceae.g_Unclassified.Lactobacillaceae.s_Unclassified.Lactobacillaceae	-1.0513076769909986	1.0513076769909968
k_Bacteria.p_Firmicutes.c_Bacilli.o_Lactobacillales.f_Streptococcaceae.g_Streptococcus.s_Streptococcus.equinus	-0.025696843071266857	0.02569684307126682
k_Bacteria.p_Firmicutes.c_Bacilli.o_Lactobacillales.f_Streptococcaceae.g_Streptococcus.s_Streptococcus.gordonii	-0.1635910819231277	0.16359108192312743
k_Bacteria.p_Firmicutes.c_Clostridia.o_Eubacteriales.f_Clostridiaceae.g_Clostridium.s_Clostridium.botulinum	-1.5629262290847132	1.5629262290847101
k_Bacteria.p_Firmicutes.c_Clostridia.o_Eubacteriales.f_Clostridiaceae.g_Clostridium.s_Clostridium.neonatale	0.38315469010330966	-0.3831546901033093
k_Bacteria.p_Firmicutes.c_Clostridia.o_Eubacteriales.f_Clostridiaceae.g_Lactonifactor.s_Unclassified.Lactonifactor	1.290418255536729	-1.290418255536727
k_Bacteria.p_Firmicutes.c_Clostridia.o_Eubacteriales.f_Clostridiales.Family.XIII..Incertae.Sedis.g_Mogibacterium.s_Mogibacterium.sp.	-0.8440338296586924	0.8440338296586907
k_Bacteria.p_Firmicutes.c_Clostridia.o_Eubacteriales.f_Lachnospiraceae.g_Blautia.s_Blautia.coccoides	1.1112780564106346	-1.1112780564106333
k_Bacteria.p_Firmicutes.c_Clostridia.o_Eubacteriales.f_Lachnospiraceae.g_Blautia.s_Blautia.massiliensis	0.2243201073256929	-0.22432010732569327
k_Bacteria.p_Firmicutes.c_Clostridia.o_Eubacteriales.f_Lachnospiraceae.g_Eisenbergiella.s_Eisenbergiella.tayi	0.3563177371238013	-0.356317737123801
k_Bacteria.p_Firmicutes.c_Clostridia.o_Eubacteriales.f_Lachnospiraceae.g_Enterocloster.s_Enterocloster.asparagiformis	-0.1874697110779439	0.18746971107794316
k_Bacteria.p_Firmicutes.c_Clostridia.o_Eubacteriales.f_Lachnospiraceae.g_Faecalicatena.s_Unclassified.Faecalicatena	-0.11526894398351778	0.11526894398351713
k_Bacteria.p_Firmicutes.c_Clostridia.o_Eubacteriales.f_Lachnospiraceae.g_Fusicatenibacter.s_Fusicatenibacter.saccharivorans	0.2677603238094924	-0.2677603238094922
k_Bacteria.p_Firmicutes.c_Clostridia.o_Eubacteriales.f_Lachnospiraceae.g_Lachnoclostridium.s_Lachnoclostridium.edouardi	-0.012471665295585375	0.012471665295585119
k_Bacteria.p_Firmicutes.c_Clostridia.o_Eubacteriales.f_Lachnospiraceae.g_Lachnospira.s_Lachnospira.sp.	1.37122574423521	-1.3712257442352083
k_Bacteria.p_Firmicutes.c_Clostridia.o_Eubacteriales.f_Lachnospiraceae.g_Lachnotalea.s_Lachnotalea.sp.	0.5776125911987866	-0.5776125911987859
k_Bacteria.p_Firmicutes.c_Clostridia.o_Eubacteriales.f_Lachnospiraceae.g_Mediterraneibacter.s_Mediterraneibacter.faecis	-0.7855043038656431	0.7855043038656416
k_Bacteria.p_Firmicutes.c_Clostridia.o_Eubacteriales.f_Lachnospiraceae.g_Roseburia.s_Roseburia.sp.	0.6163406108992756	-0.6163406108992752
k_Bacteria.p_Firmicutes.c_Clostridia.o_Eubacteriales.f_Lachnospiraceae.g_.Eubacterium..rectale..no.genus.in.NCBI..s_.Eubacterium..rectale	0.9289852763189069	-0.9289852763189059
k_Bacteria.p_Firmicutes.c_Clostridia.o_Eubacteriales.f_Oscillospiraceae.g_Agathobaculum.s_Agathobaculum.sp.	1.405581995744209	-1.4055819957442073
k_Bacteria.p_Firmicutes.c_Clostridia.o_Eubacteriales.f_Oscillospiraceae.g_Anaeromassilibacillus.s_Anaeromassilibacillus.sp.	0.2355437393640968	-0.23554373936409717
k_Bacteria.p_Firmicutes.c_Clostridia.o_Eubacteriales.f_Oscillospiraceae.g_Dysosmobacter.s_Unclassified.Dysosmobacter	-1.2783798633136385	1.2783798633136363
k_Bacteria.p_Firmicutes.c_Clostridia.o_Eubacteriales.f_Oscillospiraceae.g_Faecalibacterium.s_Faecalibacterium.sp.	-1.1473661723454838	1.1473661723454815
k_Bacteria.p_Firmicutes.c_Clostridia.o_Eubacteriales.f_Oscillospiraceae.g_Massilimaliae.s_Massilimaliae.timonensis	0.6816223014399072	-0.6816223014399067
k_Bacteria.p_Firmicutes.c_Clostridia.o_Eubacteriales.f_Oscillospiraceae.g_Oscillibacter.s_Oscillibacter.sp.	-0.34654117664448636	0.3465411766444856
k_Bacteria.p_Firmicutes.c_Clostridia.o_Eubacteriales.f_Oscillospiraceae.g_Ruminococcus.s_Ruminococcus.bromii	-1.0578767800705446	1.0578767800705429
k_Bacteria.p_Firmicutes.c_Clostridia.o_Eubacteriales.f_Oscillospiraceae.g_Subdoligranulum.s_Unclassified.Subdoligranulum	-1.4129299425508288	1.4129299425508266
k_Bacteria.p_Firmicutes.c_Erysipelotrichia.o_Erysipelotrichales.f_Erysipelotrichaceae.g_Dielma.s_Dielma.fastidiosa	-0.7273985219057724	0.727398521905771
k_Bacteria.p_Firmicutes.c_Erysipelotrichia.o_Erysipelotrichales.f_Erysipelotrichaceae.g_Intestinibaculum.s_Intestinibaculum.porci	-0.8903355500976887	0.8903355500976871
k_Bacteria.p_Firmicutes.c_Erysipelotrichia.o_Erysipelotrichales.f_Erysipelotrichaceae.g_Longicatena.s_Longicatena.caecimuris	-0.15188079286925002	0.15188079286924955
k_Bacteria.p_Firmicutes.c_Erysipelotrichia.o_Erysipelotrichales.f_Erysipelotrichaceae.g_Solobacterium.s_Solobacterium.sp.	0.6252680697298078	-0.6252680697298073
k_Bacteria.p_Firmicutes.c_Negativicutes.o_Acidaminococcales.f_Acidaminococcaceae.g_Phascolarctobacterium.s_Phascolarctobacterium.faecium	-0.6758954734458356	0.6758954734458342
k_Bacteria.p_Firmicutes.c_Negativicutes.o_Acidaminococcales.f_Acidaminococcaceae.g_Phascolarctobacterium.s_Phascolarctobacterium.succinatutens	-0.9378231928496643	0.9378231928496624
k_Bacteria.p_Firmicutes.c_Negativicutes.o_Acidaminococcales.f_Acidaminococcaceae.g_Phascolarctobacterium.s_Unclassified.Phascolarctobacterium	-0.3716255794007308	0.37162557940073
k_Bacteria.p_Firmicutes.c_Negativicutes.o_Unclassified.Negativicutes.f_Unclassified.Negativicutes.g_Unclassified.Negativicutes.s_Unclassified.Negativicutes	0.9483779038020981	-0.9483779038020973
k_Bacteria.p_Firmicutes.c_Negativicutes.o_Veillonellales.f_Veillonellaceae.g_Dialister.s_Unclassified.Dialister	1.7012378254870721	-1.7012378254870697
k_Bacteria.p_Firmicutes.c_Negativicutes.o_Veillonellales.f_Veillonellaceae.g_Megasphaera.s_Megasphaera.elsdenii	0.8067293574000786	-0.8067293574000777
k_Bacteria.p_Firmicutes.c_Negativicutes.o_Veillonellales.f_Veillonellaceae.g_Megasphaera.s_Megasphaera.micronuciformis	-1.080869889463509	1.080869889463507
k_Bacteria.p_Firmicutes.c_Negativicutes.o_Veillonellales.f_Veillonellaceae.g_Megasphaera.s_Megasphaera.sp.	0.3803497389571308	-0.3803497389571305
k_Bacteria.p_Firmicutes.c_Negativicutes.o_Veillonellales.f_Veillonellaceae.g_Unclassified.Veillonellaceae.s_Unclassified.Veillonellaceae	1.2347089972055478	-1.2347089972055458
k_Bacteria.p_Firmicutes.c_Negativicutes.o_Veillonellales.f_Veillonellaceae.g_Veillonella.s_Veillonella.atypica	-1.8439594352272497	1.8439594352272468
k_Bacteria.p_Firmicutes.c_Negativicutes.o_Veillonellales.f_Veillonellaceae.g_Veillonella.s_Veillonella.ratti	-0.06036853151827907	0.0603685315182785
k_Bacteria.p_Proteobacteria.c_Deltaproteobacteria.o_Desulfovibrionales.f_Desulfovibrionaceae.g_Unclassified.Desulfovibrionaceae.s_Unclassified.Desulfovibrionaceae	0.5101105849575172	-0.5101105849575166
k_Bacteria.p_Proteobacteria.c_Gammaproteobacteria.o_Pseudomonadales.f_Moraxellaceae.g_Acinetobacter.s_Unclassified.Acinetobacter	0.13870461361016442	-0.13870461361016445
k_Bacteria.p_Proteobacteria.c_Gammaproteobacteria.o_Pseudomonadales.f_Unclassified.Pseudomonadales.g_Unclassified.Pseudomonadales.s_Unclassified.Pseudomonadales	-0.09584646590361115	0.09584646590361029
k_Viruses.p_Phixviricota.c_Malgrandaviricetes.o_Petitvirales.f_Microviridae.g_Unclassified.Microviridae.s_Unclassified.Microviridae	0.7009827793560088	-0.7009827793560081
k_Viruses.p_Uroviricota.c_Caudoviricetes.o_Caudovirales.f_Podoviridae.g_Unclassified.Podoviridae.s_Unclassified.Podoviridae	0.7096191380080814	-0.7096191380080805
k_Viruses.p_Uroviricota.c_Caudoviricetes.o_Caudovirales.f_Siphoviridae.g_Skunavirus.s_Unclassified.Skunavirus	0.24003072937631412	-0.24003072937631398
k_Viruses.p_Uroviricota.c_Caudoviricetes.o_Caudovirales.f_Siphoviridae.g_Unclassified.Siphoviridae.s_Unclassified.Siphoviridae	-0.5325087984800759	0.5325087984800746
k_Bacteria.p_Actinobacteria.c_Actinomycetia.o_Bifidobacteriales.f_Bifidobacteriaceae.g_Bifidobacterium.s_Bifidobacterium.merycicum	-0.6214102968167283	0.6214102968167271
k_Bacteria.p_Actinobacteria.c_Coriobacteriia.o_Coriobacteriales.f_Coriobacteriaceae.g_Senegalimassilia.s_Senegalimassilia.anaerobia	-0.38537806422779375	0.3853780642277929
k_Bacteria.p_Bacteroidetes.c_Bacteroidia.o_Bacteroidales.f_Bacteroidaceae.g_Bacteroides.s_Bacteroides.cellulosilyticus	0.8386395857613771	-0.8386395857613761
k_Bacteria.p_Bacteroidetes.c_Bacteroidia.o_Bacteroidales.f_Bacteroidaceae.g_Bacteroides.s_Bacteroides.finegoldii	1.2847633539044314	-1.28476335390443
k_Bacteria.p_Bacteroidetes.c_Bacteroidia.o_Bacteroidales.f_Bacteroidaceae.g_Bacteroides.s_Bacteroides.ovatus	0.15040265900252608	-0.15040265900252608
k_Bacteria.p_Bacteroidetes.c_Bacteroidia.o_Bacteroidales.f_Odoribacteraceae.g_Odoribacter.s_Odoribacter.splanchnicus	0.6720989363573964	-0.6720989363573956
k_Bacteria.p_Bacteroidetes.c_Bacteroidia.o_Bacteroidales.f_Phocaeicola..no.family.in.NCBI..g_Phocaeicola.s_Phocaeicola.dorei	-0.0711882611279836	0.07118826112798278
k_Bacteria.p_Bacteroidetes.c_Bacteroidia.o_Bacteroidales.f_Porphyromonadaceae.g_Porphyromonas.s_Porphyromonas.asaccharolytica	-1.1464745750734773	1.146474575073475
k_Bacteria.p_Bacteroidetes.c_Bacteroidia.o_Bacteroidales.f_Rikenellaceae.g_Alistipes.s_Alistipes.indistinctus	1.5395169857637947	-1.5395169857637934
k_Bacteria.p_Bacteroidetes.c_Bacteroidia.o_Bacteroidales.f_Rikenellaceae.g_Alistipes.s_Alistipes.putredinis	1.021150645789083	-1.021150645789082
k_Bacteria.p_Bacteroidetes.c_Bacteroidia.o_Bacteroidales.f_Tannerellaceae.g_Parabacteroides.s_Parabacteroides.sp.	0.5458424121393319	-0.5458424121393314
k_Bacteria.p_Bacteroidetes.c_Bacteroidia.o_Unclassified.Bacteroidia.f_Unclassified.Bacteroidia.g_Unclassified.Bacteroidia.s_Unclassified.Bacteroidia	1.0279168110277286	-1.027916811027727
k_Bacteria.p_Chlamydiae.c_Chlamydiia.o_Chlamydiales.f_Chlamydiaceae.g_Chlamydia.s_Unclassified.Chlamydia	-0.9571322019254282	0.9571322019254266
k_Bacteria.p_Firmicutes.c_Bacilli.o_Lactobacillales.f_Lactobacillaceae.g_Lacticaseibacillus.s_Lacticaseibacillus.rhamnosus	-0.2300912058106668	0.230091205810666
k_Bacteria.p_Firmicutes.c_Clostridia.o_Eubacteriales.f_Clostridiaceae.g_Butyricicoccus.s_Butyricicoccus.pullicaecorum	-0.0567205720464189	0.05672057204641858
k_Bacteria.p_Firmicutes.c_Clostridia.o_Eubacteriales.f_Clostridiaceae.g_Butyricicoccus.s_Butyricicoccus.sp.	-0.09220658103373718	0.09220658103373655
k_Bacteria.p_Firmicutes.c_Clostridia.o_Eubacteriales.f_Clostridiales.Family.XIII..Incertae.Sedis.g_Clostridiales.Family..no.genus.in.NCBI..s_Clostridiales.Family	-0.9501061338175623	0.9501061338175604
k_Bacteria.p_Firmicutes.c_Clostridia.o_Eubacteriales.f_Evtepia..no.family.in.NCBI..g_Evtepia.s_Evtepia.gabavorous	0.34267359693104743	-0.3426735969310474
k_Bacteria.p_Firmicutes.c_Clostridia.o_Eubacteriales.f_Gemmiger..no.family.in.NCBI..g_Gemmiger.s_Gemmiger.formicilis	-0.3012239768774902	0.30122397687748925
k_Bacteria.p_Firmicutes.c_Clostridia.o_Eubacteriales.f_Gemmiger..no.family.in.NCBI..g_Gemmiger.s_Unclassified.Gemmiger	0.6496043042064116	-0.649604304206411
k_Bacteria.p_Firmicutes.c_Clostridia.o_Eubacteriales.f_Lachnospiraceae.g_Anaerobutyricum.s_Anaerobutyricum.soehngenii	0.629587932014385	-0.6295879320143848
k_Bacteria.p_Firmicutes.c_Clostridia.o_Eubacteriales.f_Lachnospiraceae.g_Butyrivibrio.s_Butyrivibrio.sp.	0.7983392557661585	-0.7983392557661577
k_Bacteria.p_Firmicutes.c_Clostridia.o_Eubacteriales.f_Lachnospiraceae.g_Dorea.s_Dorea.phocaeensis	-0.9746296316183619	0.9746296316183599
k_Bacteria.p_Firmicutes.c_Clostridia.o_Eubacteriales.f_Lachnospiraceae.g_Lachnospira.s_Unclassified.Lachnospira	0.3315841262452994	-0.33158412624529915
k_Bacteria.p_Firmicutes.c_Clostridia.o_Eubacteriales.f_Lachnospiraceae.g_Lacrimispora.s_Lacrimispora.celerecrescens	1.012308993431471	-1.01230899343147
k_Bacteria.p_Firmicutes.c_Clostridia.o_Eubacteriales.f_Lachnospiraceae.g_Merdimonas.s_Merdimonas.faecis	-0.029815854504327163	0.029815854504326642
k_Bacteria.p_Firmicutes.c_Clostridia.o_Eubacteriales.f_Lawsonibacter..no.family.in.NCBI..g_Lawsonibacter.s_Unclassified.Lawsonibacter	-0.2481157190354795	0.24811571903547866
k_Bacteria.p_Firmicutes.c_Clostridia.o_Eubacteriales.f_Oscillospiraceae.g_Drancourtella.s_Drancourtella.sp.	0.769574744166341	-0.7695747441663401
k_Bacteria.p_Firmicutes.c_Clostridia.o_Eubacteriales.f_Oscillospiraceae.g_Neobittarella.s_Neobittarella.massiliensis	1.0453668729712011	-1.0453668729711998
k_Bacteria.p_Firmicutes.c_Clostridia.o_Eubacteriales.f_Oscillospiraceae.g_Phocea.s_Unclassified.Phocea	-0.8761897568275948	0.8761897568275933
k_Bacteria.p_Firmicutes.c_Clostridia.o_Eubacteriales.f_Oscillospiraceae.g_Subdoligranulum.s_Subdoligranulum.sp.	0.5985929875466843	-0.5985929875466839
k_Bacteria.p_Firmicutes.c_Erysipelotrichia.o_Erysipelotrichales.f_Erysipelotrichaceae.g_Erysipelatoclostridium.s_Erysipelatoclostridium.sp.	0.7987353848149268	-0.7987353848149259
k_Bacteria.p_Firmicutes.c_Negativicutes.o_Acidaminococcales.f_Acidaminococcaceae.g_Acidaminococcus.s_Unclassified.Acidaminococcus	-0.636259993741568	0.6362599937415666
k_Bacteria.p_Firmicutes.c_Negativicutes.o_Veillonellales.f_Veillonellaceae.g_Veillonella.s_Veillonella.dispar	-1.470032806296363	1.4700328062963606
k_Bacteria.p_Firmicutes.c_Negativicutes.o_Veillonellales.f_Veillonellaceae.g_Veillonella.s_Veillonella.tobetsuensis	-0.34734257393965684	0.34734257393965606
k_Bacteria.p_Proteobacteria.c_Alphaproteobacteria.o_Rhodospirillales.f_Azospirillaceae.g_Azospirillum.s_Unclassified.Azospirillum	1.2839138881027254	-1.283913888102724
k_Bacteria.p_Proteobacteria.c_Betaproteobacteria.o_Burkholderiales.f_Sutterellaceae.g_Parasutterella.s_Unclassified.Parasutterella	1.4036255772516217	-1.40362557725162
k_Bacteria.p_Proteobacteria.c_Betaproteobacteria.o_Burkholderiales.f_Sutterellaceae.g_Unclassified.Sutterellaceae.s_Unclassified.Sutterellaceae	0.5560597935802861	-0.556059793580286
k_Bacteria.p_Proteobacteria.c_Betaproteobacteria.o_Burkholderiales.f_Unclassified.Burkholderiales.g_Unclassified.Burkholderiales.s_Unclassified.Burkholderiales	1.098943210052254	-1.098943210052253
k_Bacteria.p_Proteobacteria.c_Gammaproteobacteria.o_Xanthomonadales.f_Xanthomonadaceae.g_Xanthomonas.s_Xanthomonas.citri	0.5553053201341157	-0.5553053201341148
k_Viruses.p_Uroviricota.c_Caudoviricetes.o_Caudovirales.f_Unclassified.Caudovirales.g_Unclassified.Caudovirales.s_Unclassified.Caudovirales	0.39436372451445406	-0.39436372451445395
k_Archaea.p_Euryarchaeota.c_Methanobacteria.o_Methanobacteriales.f_Methanobacteriaceae.g_Methanobrevibacter.s_Unclassified.Methanobrevibacter	0.7324548486519661	-0.7324548486519654
k_Bacteria.p_Actinobacteria.c_Coriobacteriia.o_Eggerthellales.f_Eggerthellaceae.g_Slackia.s_Slackia.piriformis	0.38447775161047476	-0.3844777516104744
k_Bacteria.p_Bacteroidetes.c_Bacteroidia.o_Bacteroidales.f_Prevotellaceae.g_Prevotellaceae.bacterium..no.genus.in.NCBI..s_Prevotellaceae.bacterium	0.574289660982968	-0.5742896609829677
k_Bacteria.p_Bacteroidetes.c_Flavobacteriia.o_Flavobacteriales.f_Flavobacteriaceae.g_Capnocytophaga.s_Capnocytophaga.sp.	0.03436944876973367	-0.03436944876973385
k_Bacteria.p_Firmicutes.c_Clostridia.o_Eubacteriales.f_Clostridiaceae.g_Clostridium.s_Clostridium.jeddahense	1.1372252592404586	-1.1372252592404575
k_Bacteria.p_Firmicutes.c_Clostridia.o_Eubacteriales.f_Clostridiaceae.g_Clostridium.s_Clostridium.saudiense	-0.9692358416634038	0.9692358416634022
k_Bacteria.p_Firmicutes.c_Clostridia.o_Eubacteriales.f_Clostridiaceae.g_Clostridium.s_Clostridium.ventriculi	-0.4064652870498058	0.40646528704980467
k_Bacteria.p_Firmicutes.c_Clostridia.o_Eubacteriales.f_Lachnospiraceae.g_Butyrivibrio.s_Unclassified.Butyrivibrio	0.9446421765589132	-0.9446421765589121
k_Bacteria.p_Firmicutes.c_Clostridia.o_Eubacteriales.f_Neglecta..no.family.in.NCBI..g_Neglecta.s_Neglecta.timonensis	0.9051275133551421	-0.9051275133551411
k_Bacteria.p_Firmicutes.c_Clostridia.o_Eubacteriales.f_Neglecta..no.family.in.NCBI..g_Neglecta.s_Unclassified.Neglecta	-0.17097223739481954	0.1709722373948188
k_Bacteria.p_Firmicutes.c_Clostridia.o_Eubacteriales.f_Oscillospiraceae.g_Acutalibacter.s_Unclassified.Acutalibacter	0.2582475117346436	-0.25824751173464344
k_Bacteria.p_Firmicutes.c_Clostridia.o_Eubacteriales.f_Oscillospiraceae.g_Massilimaliae.s_Unclassified.Massilimaliae	-0.606452828725221	0.6064528287252198
k_Bacteria.p_Firmicutes.c_Clostridia.o_Eubacteriales.f_Oscillospiraceae.g_Monoglobus.s_Monoglobus.pectinilyticus	0.26682510693512485	-0.2668251069351252
k_Bacteria.p_Firmicutes.c_Clostridia.o_Eubacteriales.f_Oscillospiraceae.g_Ruminiclostridium.s_Unclassified.Ruminiclostridium	0.07634365931573393	-0.07634365931573404
k_Bacteria.p_Firmicutes.c_Clostridia.o_Eubacteriales.f_Oscillospiraceae.g_Ruminococcus.s_Ruminococcus.bicirculans	-1.893636653298212	1.893636653298209
k_Bacteria.p_Firmicutes.c_Clostridia.o_Eubacteriales.f_Peptostreptococcaceae.g_Terrisporobacter.s_Terrisporobacter.glycolicus	-1.2644838114636037	1.2644838114636014
k_Bacteria.p_Firmicutes.c_Negativicutes.o_Acidaminococcales.f_Acidaminococcaceae.g_Unclassified.Acidaminococcaceae.s_Unclassified.Acidaminococcaceae	0.34228777697159446	-0.3422877769715944
k_Bacteria.p_Proteobacteria.c_Betaproteobacteria.o_Neisseriales.f_Neisseriaceae.g_Neisseria.s_Unclassified.Neisseria	-1.0841217152659794	1.0841217152659774
k_Bacteria.p_Proteobacteria.c_Gammaproteobacteria.o_Pseudomonadales.f_Pseudomonadaceae.g_Pseudomonas.s_Unclassified.Pseudomonas	0.44734470996663894	-0.44734470996663844
k_Eukaryota.p_Streptophyta.c_Magnoliopsida.o_Rosales.f_Rosaceae.g_Unclassified.Rosaceae.s_Unclassified.Rosaceae	0.8923467577833796	-0.8923467577833788
k_Bacteria.p_Bacteroidetes.c_Bacteroidia.o_Bacteroidales.f_Prevotellaceae.g_Paraprevotella.s_Unclassified.Paraprevotella	0.6470194512339522	-0.6470194512339517
k_Bacteria.p_Bacteroidetes.c_Bacteroidia.o_Bacteroidales.f_Prevotellaceae.g_Prevotella.s_Prevotella.marseillensis	1.4280383131614003	-1.428038313161398
k_Bacteria.p_Bacteroidetes.c_Bacteroidia.o_Bacteroidales.f_Rikenellaceae.g_Alistipes.s_Alistipes.finegoldii	-0.06253363662082186	0.06253363662082152
k_Bacteria.p_Bacteroidetes.c_Bacteroidia.o_Bacteroidales.f_Rikenellaceae.g_Alistipes.s_Alistipes.onderdonkii	-0.4519839974846197	0.45198399748461854
k_Bacteria.p_Chlamydiae.c_Chlamydiia.o_Chlamydiales.f_Chlamydiaceae.g_Chlamydia.s_Chlamydia.trachomatis	0.7065839480435645	-0.7065839480435638
k_Bacteria.p_Firmicutes.c_Clostridia.o_Eubacteriales.f_Clostridiaceae.g_Butyricicoccus.s_Butyricicoccus.faecihominis	0.4698897095718953	-0.4698897095718946
k_Bacteria.p_Firmicutes.c_Clostridia.o_Eubacteriales.f_Clostridiaceae.g_Clostridium.s_Clostridium.phoceensis	1.080066484383997	-1.080066484383996
k_Bacteria.p_Firmicutes.c_Clostridia.o_Eubacteriales.f_Clostridiales.Family.XIII..Incertae.Sedis.g_Unclassified.Clostridiales.Family.XIII..Incertae.Sedis.s_Unclassified.Clostridiales.Family.XIII..Incertae.Sedis	-0.43615191527461933	0.43615191527461844
k_Bacteria.p_Firmicutes.c_Clostridia.o_Eubacteriales.f_Oscillospiraceae.g_Anaerotruncus.s_Anaerotruncus.sp.	-0.05617393930805797	0.056173939308057176
k_Bacteria.p_Firmicutes.c_Erysipelotrichia.o_Erysipelotrichales.f_Coprobacillaceae.g_Unclassified.Coprobacillaceae.s_Unclassified.Coprobacillaceae	-1.0880189448599997	1.0880189448599975
k_Bacteria.p_Firmicutes.c_Erysipelotrichia.o_Erysipelotrichales.f_Erysipelotrichaceae.g_Holdemania.s_Holdemania.filiformis	0.7726668761817407	-0.77266687618174
k_Bacteria.p_Firmicutes.c_Erysipelotrichia.o_Erysipelotrichales.f_Erysipelotrichaceae.g_Holdemania.s_Holdemania.sp.	0.5791901883681153	-0.5791901883681146
k_Bacteria.p_Proteobacteria.c_Betaproteobacteria.o_Burkholderiales.f_Sutterellaceae.g_Sutterella.s_Sutterella.wadsworthensis	-0.2329837012850296	0.23298370128502902
k_Bacteria.p_Proteobacteria.c_Deltaproteobacteria.o_Desulfovibrionales.f_Desulfovibrionaceae.g_Bilophila.s_Bilophila.wadsworthia	1.186621527061317	-1.1866215270613156
k_Bacteria.p_Proteobacteria.c_Deltaproteobacteria.o_Desulfovibrionales.f_Desulfovibrionaceae.g_Bilophila.s_Unclassified.Bilophila	-0.31679579840483657	0.31679579840483585
k_Bacteria.p_Actinobacteria.c_Coriobacteriia.o_Coriobacteriales.f_Coriobacteriaceae.g_Coriobacteriaceae.bacterium..no.genus.in.NCBI..s_Coriobacteriaceae.bacterium	0.24561445323501213	-0.24561445323501246
k_Bacteria.p_Actinobacteria.c_Coriobacteriia.o_Coriobacteriales.f_Coriobacteriaceae.g_Enorma.s_Unclassified.Enorma	0.4402880299602886	-0.44028802996028815
k_Bacteria.p_Actinobacteria.c_Coriobacteriia.o_Eggerthellales.f_Eggerthellaceae.g_Slackia.s_Slackia.isoflavoniconvertens	0.4353584803079989	-0.4353584803079985
k_Bacteria.p_Bacteroidetes.c_Bacteroidia.o_Bacteroidales.f_Prevotellaceae.g_Prevotella.s_Prevotella.bivia	0.22439102778487893	-0.22439102778487907
k_Bacteria.p_Firmicutes.c_Clostridia.o_Eubacteriales.f_Christensenellaceae.g_Christensenella.s_Unclassified.Christensenella	0.9156512023865698	-0.915651202386569
k_Bacteria.p_Proteobacteria.c_Gammaproteobacteria.o_Enterobacterales.f_Yersiniaceae.g_Serratia.s_Unclassified.Serratia	0.8655797672908633	-0.8655797672908626
k_Bacteria.p_Bacteroidetes.c_Bacteroidia.o_Bacteroidales.f_Rikenellaceae.g_Alistipes.s_Alistipes.sp.	0.5138165574281601	-0.51381655742816
k_Bacteria.p_Bacteroidetes.c_Chitinophagia.o_Chitinophagales.f_Chitinophagaceae.g_Chitinophaga.s_Chitinophaga.silvisoli	1.349889511439724	-1.3498895114397225
k_Bacteria.p_Bacteroidetes.c_Chitinophagia.o_Chitinophagales.f_Chitinophagaceae.g_Chitinophaga.s_Unclassified.Chitinophaga	1.0067789624304377	-1.0067789624304366
k_Bacteria.p_Bacteroidetes.c_Flavobacteriia.o_Flavobacteriales.f_Unclassified.Flavobacteriales.g_Unclassified.Flavobacteriales.s_Unclassified.Flavobacteriales	-0.8196769357045002	0.8196769357044984
k_Bacteria.p_Firmicutes.c_Clostridia.o_Eubacteriales.f_Peptococcaceae.g_Unclassified.Peptococcaceae.s_Unclassified.Peptococcaceae	0.21071082679751885	-0.21071082679751899
k_Bacteria.p_Firmicutes.c_Negativicutes.o_Selenomonadales.f_Selenomonadaceae.g_Megamonas.s_Megamonas.funiformis	1.1604461271753497	-1.1604461271753483
k_Viruses.p_Preplasmiviricota.c_Tectiliviricetes.o_Rowavirales.f_Adenoviridae.g_Mastadenovirus.s_Unclassified.Mastadenovirus	-1.2394451232399522	1.2394451232399497
k_Viruses.p_Uroviricota.c_Caudoviricetes.o_Caudovirales.f_Podoviridae.g_CrAssphage.LMMB..no.genus.in.NCBI..s_CrAssphage.LMMB	0.050838423704142655	-0.05083842370414305
k_Viruses.p_Uroviricota.c_Caudoviricetes.o_Caudovirales.f_Podoviridae.g_CrAssphage.sp..C0531BW4..no.genus.in.NCBI..s_CrAssphage.sp..C0531BW4	1.061483509159449	-1.0614835091594474
k_Viruses.p_Uroviricota.c_Caudoviricetes.o_Caudovirales.f_Siphoviridae.g_Parabacteroides.phage.PDS1..no.genus.in.NCBI..s_Parabacteroides.phage.PDS1	1.1423018498766302	-1.142301849876629
k_Bacteria.p_Candidatus.Melainabacteria.c_Candidatus.Gastranaerophilales..no.class.in.NCBI..o_Candidatus.Gastranaerophilales.f_Candidatus.Gastranaerophilales.bacterium..no.family.in.NCBI..g_Candidatus.Gastranaerophilales.bacterium..no.genus.in.NCBI..s_Candidatus.Gastranaerophilales.bacterium	0.7774238622950078	-0.7774238622950074
k_Bacteria.p_Candidatus.Melainabacteria.c_Unclassified.Candidatus.Melainabacteria.o_Unclassified.Candidatus.Melainabacteria.f_Unclassified.Candidatus.Melainabacteria.g_Unclassified.Candidatus.Melainabacteria.s_Unclassified.Candidatus.Melainabacteria	0.7825149169636345	-0.7825149169636334
k_Bacteria.p_Firmicutes.c_Clostridia.o_Eubacteriales.f_Oscillospiraceae.g_Monoglobus.s_Unclassified.Monoglobus	-0.25624328616679676	0.25624328616679615
k_Bacteria.p_Firmicutes.c_Erysipelotrichia.o_Erysipelotrichales.f_Erysipelotrichaceae.g_Holdemanella.s_Holdemanella.sp.	-0.5868798547195917	0.5868798547195906
k_Bacteria.p_Actinobacteria.c_Actinomycetia.o_Bifidobacteriales.f_Bifidobacteriaceae.g_Bifidobacterium.s_Bifidobacterium.angulatum	0.47993052981224443	-0.47993052981224443
k_Bacteria.p_Firmicutes.c_Erysipelotrichia.o_Erysipelotrichales.f_Coprobacillaceae.g_Catenibacterium.s_Catenibacterium.mitsuokai	-0.2673755660780548	0.26737556607805435
k_Bacteria.p_Actinobacteria.c_Coriobacteriia.o_Eggerthellales.f_Eggerthellaceae.g_Gordonibacter.s_Gordonibacter.sp.	1.2924468199229684	-1.2924468199229668
k_Bacteria.p_Bacteroidetes.c_Bacteroidia.o_Bacteroidales.f_Prevotellaceae.g_Prevotella.s_Prevotella.pectinovora	-0.1916175752562974	0.19161757525629664
k_Bacteria.p_Bacteroidetes.c_Bacteroidia.o_Bacteroidales.f_Prevotellaceae.g_Prevotella.s_Prevotella.stercorea	0.816789049293195	-0.8167890492931943
k_Bacteria.p_Firmicutes.c_Clostridia.o_Eubacteriales.f_Clostridiaceae.g_Sarcina.s_Unclassified.Sarcina	-0.21033451366792036	0.2103345136679198
k_Bacteria.p_Firmicutes.c_Clostridia.o_Eubacteriales.f_Lachnospiraceae.g_Fusicatenibacter.s_Fusicatenibacter.sp.	1.6093270518311382	-1.6093270518311362
k_Bacteria.p_Firmicutes.c_Clostridia.o_Eubacteriales.f_Oscillospiraceae.g_Hydrogeniiclostidium.s_Hydrogeniiclostidium.mannosilyticum	-0.6229975258339454	0.622997525833944
k_Bacteria.p_Proteobacteria.c_Alphaproteobacteria.o_Rhodospirillales.f_Azospirillaceae.g_Azospirillum.s_Azospirillum.sp.	-0.0032285406954577858	0.003228540695457307
k_Bacteria.p_Proteobacteria.c_Betaproteobacteria.o_Burkholderiales.f_Sutterellaceae.g_Sutterella.s_Sutterella.sp.	-0.3587313420424957	0.3587313420424947
k_Bacteria.p_Bacteroidetes.c_Bacteroidia.o_Bacteroidales.f_Bacteroidaceae.g_Bacteroides.s_Bacteroides.eggerthii	-0.993482012454762	0.99348201245476
k_Bacteria.p_Bacteroidetes.c_Bacteroidia.o_Bacteroidales.f_Bacteroidaceae.g_Bacteroides.s_Bacteroides.oleiciplenus	1.0641532371284947	-1.0641532371284932
k_Bacteria.p_Firmicutes.c_Bacilli.o_Lactobacillales.f_Streptococcaceae.g_Streptococcus.s_Streptococcus.lutetiensis	-0.5989377352445766	0.5989377352445753
k_Bacteria.p_Proteobacteria.c_Deltaproteobacteria.o_Desulfovibrionales.f_Desulfovibrionaceae.g_Desulfovibrio.s_Unclassified.Desulfovibrio	0.5605804833733553	-0.560580483373355
k_Bacteria.p_Firmicutes.c_Bacilli.o_Lactobacillales.f_Lactobacillaceae.g_Leuconostoc.s_Leuconostoc.mesenteroides	-0.1777559468081715	0.177755946808171
k_Bacteria.p_Firmicutes.c_Clostridia.o_Candidatus.Metalachnospira..no.order.in.NCBI..f_Candidatus.Metalachnospira..no.family.in.NCBI..g_Candidatus.Metalachnospira.s_Candidatus.Metalachnospira.gallinarum	-1.396788425885137	1.3967884258851346
k_Bacteria.p_Firmicutes.c_Clostridia.o_Eubacteriales.f_Lachnospiraceae.g_Lacrimispora.s_Lacrimispora.saccharolytica	1.2697398173927517	-1.2697398173927499
k_Bacteria.p_Firmicutes.c_Clostridia.o_Eubacteriales.f_Peptostreptococcaceae.g_Peptacetobacter.s_Unclassified.Peptacetobacter	-0.01869758289038016	0.01869758289038013
k_Bacteria.p_Bacteroidetes.c_Bacteroidia.o_Bacteroidales.f_Barnesiellaceae.g_Barnesiella.s_Unclassified.Barnesiella	-0.18536932693905142	0.18536932693905092
k_Bacteria.p_Firmicutes.c_Bacilli.o_Lactobacillales.f_Lactobacillaceae.g_Leuconostoc.s_Leuconostoc.pseudomesenteroides	0.7474881078297894	-0.7474881078297889
k_Bacteria.p_Firmicutes.c_Clostridia.o_Eubacteriales.f_Peptostreptococcaceae.g_Criibacterium.s_Unclassified.Criibacterium	0.0879498126978938	-0.08794981269789415
k_Bacteria.p_Proteobacteria.c_Epsilonproteobacteria.o_Campylobacterales.f_Unclassified.Campylobacterales.g_Unclassified.Campylobacterales.s_Unclassified.Campylobacterales	0.7047320852329378	-0.7047320852329372
k_Bacteria.p_Bacteroidetes.c_Bacteroidia.o_Bacteroidales.f_Porphyromonadaceae.g_Porphyromonas.s_Porphyromonas.uenonis	0.07803109670271127	-0.0780310967027114
k_Bacteria.p_Firmicutes.c_Clostridia.o_Candidatus.Allochristensenella..no.order.in.NCBI..f_Candidatus.Allochristensenella..no.family.in.NCBI..g_Candidatus.Allochristensenella.s_Unclassified.Candidatus.Allochristensenella	-1.0256149466200055	1.0256149466200035
