	baseline	endpoint
COG0001	-0.599487718952354	0.5994877189523535
COG0002	-1.3925589964971075	1.392558996497106
COG0003	0.6732707270099355	-0.6732707270099353
COG0004	-0.7581131394630667	0.7581131394630661
COG0005	1.1948290720569554	-1.1948290720569548
COG0006	-1.30621667907625	1.3062166790762488
COG0007	0.5020333295282065	-0.5020333295282061
COG0008	-0.5200758801555525	0.520075880155552
COG0009	0.4779063047810662	-0.4779063047810663
COG0010	-1.6289939899635422	1.628993989963541
COG0011	0.3006275765621808	-0.30062757656218103
COG0012	-0.9703869403744768	0.9703869403744759
COG0013	0.626946023178988	-0.6269460231789875
COG0014	0.23085713716505651	-0.23085713716505682
COG0015	0.1950342925215951	-0.19503429252159496
COG0016	-0.8751242020730204	0.8751242020730199
COG0017	0.03549714485552093	-0.03549714485552114
COG0018	-0.8122807246282585	0.812280724628258
COG0019	0.18647274002533842	-0.18647274002533828
COG0020	-0.8796659401744036	0.8796659401744027
COG0021	-1.1847468574193312	1.1847468574193303
COG0022	1.2485729731055297	-1.2485729731055288
COG0024	-1.6383698141738532	1.6383698141738519
COG0025	1.6061402446140267	-1.6061402446140256
COG0026	0.3548019433522821	-0.35480194335228166
COG0027	0.7238559802881038	-0.7238559802881037
COG0028	0.8534197590791199	-0.853419759079119
COG0029	0.3275584290161349	-0.3275584290161344
COG0030	0.7272368416943142	-0.7272368416943139
COG0031	0.31159660701643854	-0.31159660701643854
COG0033	-1.0257809683190595	1.0257809683190586
COG0034	0.5976970421294032	-0.5976970421294028
COG0035	-0.9976302761736497	0.9976302761736491
COG0036	0.443974718061663	-0.44397471806166316
COG0037	-0.41248863605737435	0.41248863605737385
COG0038	0.11248592927780027	-0.11248592927780018
COG0039	1.1738819404362564	-1.1738819404362562
COG0040	1.1454137965818887	-1.1454137965818878
COG0041	-0.2838634365643136	0.28386343656431345
COG0042	1.7519790273120783	-1.7519790273120774
COG0043	0.6759790578842311	-0.6759790578842311
COG0044	0.3875021309013841	-0.3875021309013838
COG0045	0.08422210695496217	-0.08422210695496211
COG0046	0.3698017824302067	-0.3698017824302062
COG0047	0.8599662989392152	-0.8599662989392145
COG0048	-0.06005212574369234	0.06005212574369206
COG0049	-1.2432563896634703	1.2432563896634692
COG0050	-0.6530739457577645	0.6530739457577638
COG0051	0.9040406542097201	-0.9040406542097198
COG0052	1.32254923969784	-1.322549239697839
COG0053	-1.0438315368633693	1.0438315368633684
COG0054	0.25696490598954946	-0.25696490598954974
COG0055	1.4257018916772686	-1.4257018916772677
COG0056	-1.1725545506325135	1.1725545506325121
COG0057	-0.3261359923288173	0.32613599232881707
COG0058	-1.6040219882967004	1.6040219882966993
COG0059	-0.8186734935575641	0.8186734935575632
COG0060	-0.2618881675955503	0.2618881675955499
COG0061	-0.5628581335631353	0.5628581335631347
COG0062	-0.018798686746459643	0.018798686746459393
COG0063	1.2739830433187682	-1.2739830433187675
COG0064	-1.495209984586844	1.495209984586843
COG0065	-1.2604542792984552	1.2604542792984539
COG0066	1.6902319537576145	-1.6902319537576136
COG0067	-0.2794397975240193	0.2794397975240191
COG0068	-0.5555836704095215	0.5555836704095208
COG0069	-0.5479833232579596	0.5479833232579593
COG0070	-0.2664776267450967	0.26647762674509645
COG0071	1.5082378941226042	-1.5082378941226031
COG0072	1.0971431602256945	-1.0971431602256938
COG0073	-1.3811535813852638	1.3811535813852625
COG0074	0.4757040609160927	-0.47570406091609235
COG0075	0.38216484249798993	-0.3821648424979897
COG0076	-0.24425794720068933	0.2442579472006889
COG0077	0.9371309200644324	-0.9371309200644318
COG0078	-0.9829887877584811	0.9829887877584802
COG0079	-0.7376926519701784	0.7376926519701776
COG0080	0.2593344866521077	-0.25933448665210773
COG0081	0.45650336809063874	-0.4565033680906384
COG0082	0.5264566591744468	-0.5264566591744465
COG0083	1.2733447163392455	-1.2733447163392448
COG0084	0.5489492355346911	-0.548949235534691
COG0085	-0.26094936049361245	0.26094936049361206
COG0086	0.7507002737463726	-0.7507002737463723
COG0087	-0.902685535832299	0.9026855358322982
COG0088	-0.4439158572929233	0.44391585729292304
COG0089	0.6257284655993719	-0.6257284655993712
COG0090	0.51568350683974	-0.5156835068397398
COG0091	1.4663247099082908	-1.4663247099082901
COG0092	0.9703304808475328	-0.9703304808475322
COG0093	0.9710106212240783	-0.9710106212240777
COG0094	0.9525139822119518	-0.9525139822119514
COG0095	1.894159627405543	-1.8941596274055417
COG0096	0.03340228813546383	-0.03340228813546404
COG0097	-0.8799465983460348	0.8799465983460342
COG0098	0.7736985422337566	-0.7736985422337562
COG0099	-1.2682222837186827	1.2682222837186818
COG0100	0.46331568714452553	-0.463315687144525
COG0101	-0.8164535047237294	0.8164535047237286
COG0102	-0.4560513891521591	0.45605138915215876
COG0103	0.04504388488316578	-0.04504388488316599
COG0104	-0.891654386668994	0.8916543866689931
COG0105	0.19476062029576668	-0.19476062029576655
COG0106	0.2014832325229706	-0.20148323252297093
COG0107	-1.9219444341233176	1.921944434123316
COG0108	-0.4086558462240133	0.408655846224013
COG0109	-0.14969187375298648	0.14969187375298637
COG0110	-0.26721617804487474	0.2672161780448743
COG0111	1.6440311366216287	-1.644031136621628
COG0112	-1.5611649684374846	1.5611649684374835
COG0113	0.49068889767690715	-0.4906888976769068
COG0114	-0.8028211933972814	0.8028211933972806
COG0115	-1.5596566630289788	1.5596566630289774
COG0116	-0.2403877184165117	0.24038771841651127
COG0117	-0.9425084814536852	0.9425084814536845
COG0118	0.38926275940719385	-0.38926275940719335
COG0119	1.4799864191987233	-1.4799864191987224
COG0120	1.5447058355280288	-1.5447058355280274
COG0121	1.0377416727872832	-1.0377416727872826
COG0122	-0.6852277967503185	0.6852277967503178
COG0123	1.1044732504400252	-1.104473250440025
COG0124	0.6894909578719366	-0.6894909578719358
COG0125	1.853269720186559	-1.8532697201865573
COG0126	0.3829342303301294	-0.3829342303301294
COG0127	1.4070207102921342	-1.407020710292133
COG0128	-0.20061801061313958	0.2006180106131394
COG0129	-0.16700326526401324	0.16700326526401313
COG0130	0.6497980486655195	-0.6497980486655189
COG0131	-0.12186234329695951	0.12186234329695943
COG0132	1.60000855488987	-1.6000085548898693
COG0133	-0.6070533335756884	0.6070533335756879
COG0134	-0.7833986877952817	0.7833986877952811
COG0135	0.4536311768019384	-0.4536311768019381
COG0136	-0.4754310565326455	0.4754310565326449
COG0137	0.7118865410238174	-0.711886541023817
COG0138	1.4356908897422553	-1.435690889742255
COG0139	1.6196392212376098	-1.6196392212376087
COG0140	0.9053845889606864	-0.9053845889606861
COG0141	0.9242727111075417	-0.9242727111075413
COG0142	1.5616587723447883	-1.5616587723447874
COG0143	1.623664835993209	-1.6236648359932078
COG0144	-1.53250807139471	1.5325080713947088
COG0145	-1.7557838337139586	1.7557838337139575
COG0147	0.6029235639712668	-0.6029235639712666
COG0148	0.04441185373456062	-0.04441185373456083
COG0149	-0.1490627820094592	0.14906278200945908
COG0150	0.22817480073081858	-0.22817480073081844
COG0151	-0.33628098165167675	0.33628098165167625
COG0152	-1.4034808701077859	1.403480870107785
COG0153	0.1982660017065075	-0.1982660017065071
COG0154	0.3345899276393206	-0.33458992763932033
COG0155	0.8623986901660234	-0.8623986901660231
COG0156	1.0221910718571832	-1.0221910718571825
COG0157	1.5853043731332572	-1.5853043731332561
COG0158	1.4084571448669294	-1.4084571448669283
COG0159	-0.6799661621205662	0.6799661621205655
COG0160	0.035158654283354546	-0.03515865428335476
COG0161	0.0325729004593311	-0.03257290045933132
COG0162	-0.5142220872601981	0.5142220872601976
COG0163	0.4564529786925499	-0.4564529786925496
COG0164	-0.588467363344447	0.5884673633444464
COG0165	1.2247505137169425	-1.2247505137169423
COG0166	-1.011980872246901	1.0119808722469
COG0167	1.237780929644405	-1.2377809296444042
COG0168	0.7704244078290634	-0.7704244078290629
COG0169	0.318054754698408	-0.31805475469840777
COG0171	-0.8553634375263363	0.8553634375263357
COG0172	-1.8684386328965035	1.8684386328965026
COG0173	0.01306522084396833	-0.013065220843968321
COG0174	1.717573858174725	-1.7175738581747237
COG0175	-1.2927481035610975	1.2927481035610966
COG0176	1.0524274274559717	-1.0524274274559713
COG0177	1.6033364197112128	-1.6033364197112117
COG0178	0.5014625076490612	-0.5014625076490611
COG0179	1.9706786964945002	-1.9706786964944993
COG0180	0.39460735574764255	-0.3946073557476423
COG0181	-1.1660009816026025	1.1660009816026018
COG0182	0.7232207635549376	-0.7232207635549374
COG0183	0.9589035564489279	-0.9589035564489277
COG0184	-0.8684854277572548	0.868485427757254
COG0185	-0.6950149684724887	0.695014968472488
COG0186	-0.8220050592876227	0.8220050592876219
COG0187	-0.9888034417641213	0.9888034417641206
COG0188	0.20348022983572928	-0.20348022983572892
COG0189	0.7235946739725078	-0.7235946739725077
COG0190	-0.7736650184454682	0.7736650184454676
COG0191	0.8710753770987436	-0.8710753770987427
COG0192	-0.601693236636566	0.6016932366365656
COG0193	-0.762330224260896	0.7623302242608955
COG0194	-0.24940086177086904	0.24940086177086884
COG0195	1.470130627721118	-1.470130627721117
COG0196	0.4344362888840199	-0.4344362888840196
COG0197	0.202469544924244	-0.20246954492424407
COG0198	0.40130061575208864	-0.4013006157520886
COG0199	0.8154778572389915	-0.8154778572389911
COG0200	0.011521671014825425	-0.011521671014825652
COG0201	-1.0784865428995094	1.0784865428995087
COG0202	-1.278443226917207	1.278443226917206
COG0203	0.34101202087449056	-0.3410120208744908
COG0204	-0.20452184882311006	0.2045218488231099
COG0205	-0.9182184554891402	0.9182184554891396
COG0206	-1.5214695095149204	1.5214695095149193
COG0207	-1.3037320759471493	1.3037320759471482
COG0208	0.8969823979042637	-0.8969823979042633
COG0209	1.668385369412547	-1.6683853694125461
COG0210	0.8556287402029202	-0.8556287402029198
COG0211	0.3349255973408071	-0.3349255973408069
COG0212	-0.03210259704684196	0.03210259704684193
COG0213	-1.4139839922438253	1.413983992243824
COG0214	0.36793740913226125	-0.367937409132261
COG0215	-0.4806124102636616	0.4806124102636612
COG0216	-1.9279194570332037	1.9279194570332023
COG0217	1.3934450014967914	-1.3934450014967905
COG0218	-1.182162883413606	1.1821628834136046
COG0219	0.9382465149047768	-0.9382465149047762
COG0220	-1.2547945980956545	1.2547945980956534
COG0221	1.7868216600644327	-1.7868216600644313
COG0222	-0.6239231501175025	0.6239231501175019
COG0223	-1.0420350648117025	1.0420350648117014
COG0224	-0.7490615111006924	0.7490615111006917
COG0225	1.4674022011222896	-1.4674022011222885
COG0226	-0.9229582096623364	0.9229582096623355
COG0227	1.2875667103114012	-1.2875667103114004
COG0228	1.5587577026023278	-1.5587577026023267
COG0229	0.1189726043204986	-0.11897260432049851
COG0230	1.2100854786151836	-1.2100854786151827
COG0231	0.8384184001830506	-0.8384184001830498
COG0232	-0.9487285791856582	0.9487285791856576
COG0233	0.37866037269562147	-0.37866037269562164
COG0234	-1.2310279595352993	1.2310279595352986
COG0235	0.08047400320885985	-0.08047400320886003
COG0236	-1.41741826410901	1.417418264109009
COG0237	1.320532679682692	-1.320532679682691
COG0238	1.0225557116373785	-1.0225557116373778
COG0239	1.711720914092637	-1.7117209140926362
COG0240	-0.897024415958699	0.8970244159586983
COG0241	-0.7770662402844747	0.7770662402844739
COG0242	1.319896087063135	-1.3198960870631342
COG0243	0.8336235653863191	-0.8336235653863188
COG0244	-0.9892730854242319	0.9892730854242311
COG0245	1.4938689210785396	-1.4938689210785385
COG0246	1.00423220843415	-1.0042322084341495
COG0247	0.8701604536165738	-0.8701604536165731
COG0248	0.9571579171065432	-0.9571579171065423
COG0249	-0.5971325463819682	0.5971325463819678
COG0250	-0.3972955261200081	0.39729552612000785
COG0251	0.9494991266186558	-0.9494991266186551
COG0252	-0.8240558118003241	0.8240558118003235
COG0253	-0.26754353904576217	0.26754353904576195
COG0254	1.881023590588741	-1.8810235905887402
COG0255	-1.2726857117177233	1.272685711717722
COG0256	0.584347879754051	-0.5843478797540506
COG0257	1.592166014634951	-1.5921660146349499
COG0258	1.822126867655851	-1.82212686765585
COG0259	0.8149603999357479	-0.814960399935747
COG0260	-1.5866217113632641	1.586621711363263
COG0261	-0.2733891868575413	0.27338918685754116
COG0262	0.5776059463366743	-0.577605946336674
COG0263	1.3908931592344702	-1.3908931592344698
COG0264	-0.7541657149910178	0.7541657149910173
COG0265	0.7149408168248018	-0.7149408168248013
COG0266	-1.1928319320605727	1.1928319320605718
COG0267	0.57704640962442	-0.5770464096244198
COG0268	1.4462138480324827	-1.4462138480324818
COG0269	1.000019374336768	-1.0000193743367674
COG0270	-0.35449477417652075	0.35449477417652026
COG0272	-0.17028715148457538	0.17028715148457502
COG0274	-0.56223519156121	0.5622351915612094
COG0275	0.7334503191601207	-0.7334503191601199
COG0276	1.213458812137902	-1.2134588121379013
COG0277	-0.36837048049165133	0.36837048049165105
COG0279	1.8328058934924825	-1.8328058934924807
COG0280	-0.5707463389612354	0.5707463389612347
COG0281	-1.7169941495645777	1.7169941495645762
COG0282	0.3112284773081952	-0.311228477308195
COG0283	0.14199256820284903	-0.1419925682028487
COG0284	1.0032905470380744	-1.003290547038074
COG0285	-1.2041276877368299	1.204127687736829
COG0286	0.17441919901013003	-0.17441919901013014
COG0287	-0.9759094383475767	0.975909438347576
COG0288	0.20009019040819975	-0.20009019040819986
COG0289	0.653718815601704	-0.6537188156017038
COG0290	1.3989833299764411	-1.3989833299764403
COG0291	-1.0487668806086423	1.0487668806086414
COG0292	0.8819996106430128	-0.8819996106430121
COG0293	1.713459374910967	-1.7134593749109663
COG0294	-0.3128041126007979	0.31280411260079743
COG0295	-1.0071981867393036	1.0071981867393025
COG0296	1.097486959775924	-1.0974869597759231
COG0297	-0.32730923226882563	0.3273092322688254
COG0298	-0.5674556782556318	0.5674556782556311
COG0299	-1.456263690634424	1.456263690634423
COG0300	-0.52970093639987	0.5297009363998697
COG0301	-0.7705448944017399	0.7705448944017393
COG0302	0.6595816689244751	-0.6595816689244749
COG0303	-1.569210873772964	1.5692108737729626
COG0304	-0.7271431527515796	0.727143152751579
COG0305	0.2834414632372837	-0.28344146323728353
COG0306	1.342891728777575	-1.3428917287775741
COG0307	0.505806513288262	-0.5058065132882616
COG0308	1.1226076044992521	-1.1226076044992517
COG0309	-0.5049668321322163	0.5049668321322159
COG0310	-1.6758357515082682	1.6758357515082667
COG0311	0.012020438200525223	-0.01202043820052545
COG0312	1.0745897089715724	-1.0745897089715712
COG0313	1.709262142529762	-1.7092621425297612
COG0315	0.20522149686619112	-0.2052214968661912
COG0316	1.3626264543598612	-1.3626264543598607
COG0317	-0.08516901472980541	0.08516901472980512
COG0318	0.6003685863650092	-0.6003685863650089
COG0319	0.9537920120935072	-0.9537920120935063
COG0320	0.6835016215276616	-0.6835016215276616
COG0321	0.7227472365310402	-0.7227472365310399
COG0322	-0.3854414429199109	0.3854414429199106
COG0323	0.010654463333542455	-0.010654463333542448
COG0324	0.9845631738548937	-0.984563173854893
COG0325	0.4348580889552094	-0.4348580889552093
COG0326	0.6683410773840921	-0.6683410773840921
COG0327	-0.20174050894750475	0.2017405089475044
COG0328	-0.7453740131120471	0.7453740131120464
COG0329	1.6838122411812895	-1.6838122411812886
COG0330	-0.6602379801190496	0.6602379801190489
COG0331	-0.04749575716591501	0.047495757165914976
COG0332	-1.6921047312061739	1.6921047312061728
COG0333	-1.0009786405181076	1.000978640518107
COG0334	0.335360390528592	-0.335360390528592
COG0335	-0.9703395555150812	0.9703395555150806
COG0336	-0.9108476329395387	0.910847632939538
COG0337	-1.3088599117462578	1.3088599117462563
COG0338	-1.2179196698327004	1.2179196698326995
COG0339	0.13724585900255254	-0.13724585900255268
COG0340	-0.3882449553313568	0.3882449553313562
COG0341	-1.363931395139676	1.3639313951396752
COG0342	-1.0221633792482594	1.0221633792482583
COG0343	-0.24066430455402124	0.24066430455402107
COG0344	1.3716880271973837	-1.3716880271973828
COG0345	-0.8237653831527563	0.8237653831527555
COG0346	-0.3337970666390965	0.33379706663909625
COG0347	-0.16098244598233552	0.1609824459823352
COG0348	-0.44123449234483153	0.441234492344831
COG0349	-0.16665453776547087	0.16665453776547076
COG0350	-0.5031096158693859	0.5031096158693853
COG0351	1.0939186430372818	-1.0939186430372807
COG0352	-0.6790745736026235	0.6790745736026228
COG0353	-0.8290762136485946	0.8290762136485939
COG0354	0.7202934592161003	-0.7202934592160996
COG0355	-1.7567642234986574	1.756764223498656
COG0356	0.04449186796319091	-0.04449186796319088
COG0357	0.6694374361407666	-0.6694374361407661
COG0358	-1.7601178871831358	1.760117887183134
COG0359	1.144784099861868	-1.144784099861867
COG0360	1.2557247735901491	-1.2557247735901482
COG0361	-0.9813497888912924	0.9813497888912917
COG0362	1.8603918263774049	-1.860391826377404
COG0363	0.8230365526677389	-0.8230365526677385
COG0364	1.357935895829525	-1.3579358958295245
COG0365	1.8420182037392152	-1.8420182037392134
COG0366	1.320234428145461	-1.32023442814546
COG0367	0.9658945424724069	-0.9658945424724061
COG0368	-0.3511140474875442	0.35111404748754393
COG0369	-0.5160022595469728	0.5160022595469724
COG0370	-1.2617873001401583	1.2617873001401572
COG0371	1.5521992542513086	-1.5521992542513074
COG0372	0.7791611295799917	-0.7791611295799916
COG0373	-0.7048178772557021	0.7048178772557013
COG0374	1.3304672669891748	-1.330467266989174
COG0375	0.6484804635736492	-0.6484804635736484
COG0376	0.8566536739264458	-0.8566536739264456
COG0377	0.5995736517423338	-0.5995736517423331
COG0378	-0.23957193190967846	0.23957193190967807
COG0379	-0.3160450451207344	0.31604504512073417
COG0380	0.5711420232731411	-0.5711420232731412
COG0381	-0.5718452038704595	0.5718452038704588
COG0382	1.738028064689692	-1.7380280646896913
COG0383	1.5433174689405924	-1.543317468940592
COG0384	1.1249746807373289	-1.1249746807373282
COG0385	0.774881451120992	-0.7748814511209915
COG0386	1.1358127009027934	-1.1358127009027927
COG0387	0.531044157315912	-0.5310441573159118
COG0388	-0.3379522638884007	0.3379522638884002
COG0389	-0.24551167494159595	0.24551167494159554
COG0390	0.12425296592369646	-0.12425296592369638
COG0391	0.9167594363198871	-0.9167594363198867
COG0392	0.7266440517515665	-0.7266440517515658
COG0393	-0.6212790660197852	0.6212790660197848
COG0394	1.1344856335477564	-1.1344856335477556
COG0395	0.08929857931967813	-0.08929857931967831
COG0396	1.0278168158316408	-1.02781681583164
COG0397	1.6828183269449881	-1.6828183269449868
COG0398	-0.6524424926692055	0.6524424926692048
COG0399	0.6466192525606587	-0.6466192525606584
COG0400	1.008507753098699	-1.0085077530986986
COG0401	0.7802708040656516	-0.7802708040656513
COG0402	1.7587972430534131	-1.7587972430534113
COG0403	-0.9460926914448905	0.9460926914448897
COG0404	-0.11011698995853626	0.1101169899585362
COG0405	0.2283866801763334	-0.22838668017633348
COG0406	-0.1604709707945195	0.16047097079451939
COG0407	-0.13862429069920262	0.1386242906992023
COG0408	1.7535617222202309	-1.75356172222023
COG0409	0.8791188000893196	-0.879118800089319
COG0410	0.7253098141837074	-0.7253098141837067
COG0411	0.05590491524058733	-0.055904915240587286
COG0412	1.1396723759139973	-1.1396723759139968
COG0413	-0.6732528991648395	0.673252899164839
COG0414	-1.5900283653901421	1.5900283653901408
COG0415	1.493436424115124	-1.4934364241151232
COG0416	-1.5606587149294504	1.5606587149294493
COG0417	1.6446058341945933	-1.6446058341945922
COG0418	0.9737393304878601	-0.9737393304878592
COG0419	-0.5878596556343645	0.5878596556343638
COG0420	-0.41765544329637094	0.4176554432963706
COG0421	-0.8485577779276912	0.8485577779276904
COG0422	0.6717275933305564	-0.6717275933305557
COG0423	0.9297698119486523	-0.9297698119486516
COG0424	1.2248764144044504	-1.2248764144044495
COG0425	1.0436391610174023	-1.0436391610174016
COG0426	-0.6601551535611729	0.6601551535611725
COG0427	1.1195820297742565	-1.119582029774256
COG0428	-1.0701595493918163	1.0701595493918152
COG0429	0.7964773161762899	-0.7964773161762891
COG0430	0.7313586995391209	-0.7313586995391205
COG0431	-0.21741758683439222	0.21741758683439183
COG0432	-0.4618845375632978	0.46188453756329745
COG0433	0.6027161653077999	-0.6027161653077995
COG0434	-1.2594375674153397	1.2594375674153386
COG0435	-1.285496434075283	1.285496434075282
COG0436	1.2140775398122534	-1.2140775398122525
COG0437	1.3192951008620455	-1.3192951008620446
COG0438	0.48143307642637895	-0.4814330764263786
COG0439	-0.7453856082661913	0.7453856082661907
COG0440	0.43787190813060745	-0.4378719081306074
COG0441	-1.8566456333386923	1.8566456333386903
COG0442	-0.793158580679541	0.7931585806795405
COG0443	-1.2203308991338537	1.2203308991338528
COG0444	0.44243396124139306	-0.4424339612413927
COG0445	-1.166148256352189	1.1661482563521877
COG0446	1.3259453470067128	-1.3259453470067115
COG0447	0.01197295439696031	-0.0119729543969603
COG0448	0.6609633034046487	-0.6609633034046485
COG0449	-0.6843526880504919	0.6843526880504914
COG0450	1.2994589211642513	-1.2994589211642507
COG0451	0.9574615567607213	-0.9574615567607209
COG0452	-0.1765591332694492	0.17655913326944908
COG0454	0.4379625178280148	-0.43796251782801454
COG0455	-1.2081087834280115	1.2081087834280106
COG0456	-0.8821502804543797	0.8821502804543792
COG0457	0.5251580959501735	-0.525158095950173
COG0458	-0.8447892755704947	0.8447892755704938
COG0459	0.0037956409411926528	-0.00379564094119265
COG0460	-0.8982114425484343	0.8982114425484334
COG0461	-1.8383692511758163	1.838369251175814
COG0462	-1.1509657337506372	1.1509657337506365
COG0463	1.600054940716557	-1.6000549407165559
COG0464	0.3889495020180045	-0.3889495020180042
COG0465	-0.28902835396417076	0.2890283539641706
COG0466	-0.5899242604355286	0.5899242604355281
COG0468	-0.6950520095795277	0.6950520095795271
COG0469	-0.3367632080979062	0.3367632080979057
COG0470	-0.4450545067276499	0.44505450672764935
COG0471	-0.3166709443352164	0.316670944335216
COG0472	0.9583823709898055	-0.9583823709898046
COG0473	-0.12157842940576534	0.12157842940576502
COG0474	1.3693705986733669	-1.369370598673366
COG0475	-0.9878804857567108	0.98788048575671
COG0476	1.5064060661061216	-1.5064060661061205
COG0477	1.3560134600233564	-1.3560134600233558
COG0479	1.2005079611276608	-1.20050796112766
COG0480	-0.9661936432014361	0.9661936432014354
COG0481	-0.755281847543484	0.7552818475434833
COG0482	0.6698878206084018	-0.6698878206084015
COG0483	1.6404728051991406	-1.6404728051991395
COG0484	-1.1541512295034773	1.154151229503476
COG0486	-0.3136629760458636	0.31366297604586335
COG0488	-0.46756650221352153	0.4675665022135212
COG0489	0.7570054199813535	-0.7570054199813534
COG0491	-1.485651867054875	1.4856518670548737
COG0492	0.9487694161992966	-0.9487694161992959
COG0493	-1.1282153323019128	1.1282153323019117
COG0494	0.4476729276674416	-0.4476729276674415
COG0495	-0.7892293247921892	0.7892293247921883
COG0496	-0.16059425379469744	0.16059425379469733
COG0497	0.8804996456351303	-0.88049964563513
COG0498	-1.3680713739398496	1.3680713739398482
COG0499	1.8009474503843146	-1.8009474503843133
COG0500	-0.042123304738861826	0.04212330473886179
COG0501	0.22210919127021755	-0.22210919127021764
COG0502	-1.3633122405143214	1.3633122405143205
COG0503	-1.3381533391172615	1.3381533391172606
COG0504	-0.0734325714811177	0.07343257148111741
COG0505	0.7795272462666056	-0.7795272462666051
COG0506	1.4549433014711541	-1.4549433014711532
COG0507	-1.7515873824563672	1.7515873824563661
COG0508	0.08154958832892072	-0.0815495883289209
COG0509	1.7487417463458033	-1.7487417463458026
COG0510	-1.3198809795645714	1.3198809795645705
COG0511	-1.1135939358091722	1.1135939358091713
COG0512	1.594663290162596	-1.5946632901625948
COG0513	0.7412978680600226	-0.7412978680600225
COG0514	-0.577489142641154	0.5774891426411536
COG0515	0.7534490509854456	-0.7534490509854453
COG0516	0.784021519943415	-0.7840215199434144
COG0517	0.026254352350527744	-0.026254352350527962
COG0518	0.8499301674086129	-0.8499301674086126
COG0519	0.04461837758323757	-0.04461837758323754
COG0520	1.1017297857467694	-1.101729785746769
COG0521	-0.518327347963736	0.5183273479637357
COG0522	-1.570835924199319	1.570835924199318
COG0523	0.2691561435763558	-0.2691561435763561
COG0524	1.315142361796025	-1.3151423617960245
COG0525	-0.12190801083031724	0.12190801083031691
COG0526	0.1534791069272309	-0.15347910692723105
COG0527	-0.5081142682076336	0.5081142682076332
COG0528	1.5039636464254111	-1.50396364642541
COG0529	0.7836431516342434	-0.7836431516342428
COG0530	0.3407319151179374	-0.3407319151179374
COG0531	0.8787595121482789	-0.8787595121482783
COG0532	1.0871818257176267	-1.087181825717626
COG0533	0.5205795355375761	-0.5205795355375755
COG0534	-1.0417299388654278	1.0417299388654269
COG0535	-1.8622035634174874	1.8622035634174858
COG0536	-0.509808498718146	0.5098084987181457
COG0537	0.21414702087613002	-0.21414702087612988
COG0538	-1.4320180618595661	1.4320180618595648
COG0539	-1.2108086135873501	1.2108086135873488
COG0540	-0.6101257021983224	0.6101257021983217
COG0541	-1.0168603310552737	1.0168603310552728
COG0542	0.5325045139004333	-0.5325045139004334
COG0543	-0.3834626085573555	0.3834626085573552
COG0544	0.4466670028330463	-0.44666700283304595
COG0545	0.8615597539131566	-0.8615597539131559
COG0546	0.4205185302883076	-0.4205185302883073
COG0547	1.0629139652728745	-1.062913965272874
COG0548	-0.2684620453067356	0.2684620453067354
COG0549	-0.5673985132718657	0.5673985132718651
COG0550	-0.6183388212845409	0.6183388212845402
COG0551	-1.8487790537148938	1.8487790537148932
COG0552	0.00022160602255981397	-0.0002216060225600501
COG0553	0.6957326453078575	-0.6957326453078571
COG0554	-1.2846926958746538	1.284692695874653
COG0555	0.20740533763847227	-0.20740533763847213
COG0556	0.1277533716844185	-0.12775337168441864
COG0557	-0.12712854083859332	0.1271285408385932
COG0558	1.1193305992978972	-1.1193305992978968
COG0559	1.014464537285719	-1.0144645372857184
COG0560	0.8952492920392391	-0.8952492920392386
COG0561	-0.02218209521438308	0.02218209521438283
COG0562	-1.4421095197487463	1.4421095197487452
COG0563	-0.14003232805635962	0.14003232805635954
COG0564	-1.2786553439410657	1.2786553439410644
COG0565	1.8031570553422664	-1.803157055342266
COG0566	0.5945633610715839	-0.5945633610715838
COG0567	1.5454298278812493	-1.5454298278812482
COG0568	1.5610320126045782	-1.5610320126045778
COG0569	-0.7472000161033551	0.7472000161033545
COG0571	0.5212883964096762	-0.5212883964096756
COG0572	-1.4783371962177188	1.4783371962177176
COG0573	-0.578032265164357	0.5780322651643567
COG0574	-1.1115932114047624	1.1115932114047613
COG0575	1.1621228929074205	-1.1621228929074197
COG0576	0.0851347283512236	-0.08513472835122354
COG0577	1.1736996067236862	-1.173699606723686
COG0578	-0.5894164225437668	0.5894164225437664
COG0579	0.8425133414401402	-0.8425133414401397
COG0580	1.1803467911773062	-1.1803467911773056
COG0581	0.2634334123758763	-0.26343341237587614
COG0582	0.21398325630852716	-0.21398325630852724
COG0583	-0.04029625152865278	0.040296251528652516
COG0584	0.13649052709994963	-0.13649052709994977
COG0585	1.4558690728028465	-1.455869072802846
COG0586	1.4578787575527603	-1.4578787575527596
COG0587	-1.194391347762257	1.1943913477622559
COG0588	-1.0903181969917362	1.090318196991735
COG0589	0.46508203615154764	-0.46508203615154775
COG0590	-0.48032350554745085	0.4803235055474503
COG0591	0.48006549201958165	-0.4800654920195818
COG0592	1.0813783152074483	-1.0813783152074476
COG0593	-0.6068898438727873	0.6068898438727867
COG0594	1.4056285938355966	-1.4056285938355957
COG0595	1.0555079816239648	-1.0555079816239639
COG0596	0.9261859833220262	-0.9261859833220253
COG0597	1.7237965855837534	-1.7237965855837527
COG0598	-0.8464703179668073	0.8464703179668067
COG0599	-1.0892355303965224	1.0892355303965215
COG0600	-0.6453755286003467	0.6453755286003461
COG0601	0.7520628139609414	-0.7520628139609411
COG0602	-0.6810547235594646	0.6810547235594642
COG0603	-0.7152378601752237	0.7152378601752231
COG0604	1.7477670421097984	-1.747767042109797
COG0605	0.16338423468514193	-0.16338423468514182
COG0606	0.4687279349135134	-0.46872793491351333
COG0607	1.4361179467085188	-1.4361179467085181
COG0608	-1.07668958481608	1.076689584816079
COG0609	-1.0467195717503823	1.0467195717503814
COG0610	0.5048974874503199	-0.5048974874503196
COG0611	-0.6038020778868012	0.6038020778868005
COG0612	-0.21408834051307934	0.21408834051307918
COG0613	1.3100767395541866	-1.3100767395541857
COG0614	1.0050836430715306	-1.0050836430715298
COG0615	0.029989762411766936	-0.029989762411766915
COG0616	-1.836837696354038	1.836837696354037
COG0617	0.2817710487896226	-0.2817710487896226
COG0618	-0.9242740029799603	0.9242740029799597
COG0619	1.398414805329621	-1.3984148053296204
COG0620	0.10008433868450137	-0.10008433868450106
COG0621	-1.1327451741385546	1.1327451741385535
COG0622	-0.7692844235044455	0.7692844235044447
COG0623	0.05307429537272124	-0.0530742953727212
COG0624	1.258212040348938	-1.2582120403489372
COG0625	0.05819005062198192	-0.05819005062198164
COG0626	0.7200794670844393	-0.7200794670844386
COG0627	0.533336619824483	-0.5333366198244829
COG0628	-1.164343322069805	1.1643433220698038
COG0629	1.831775340590149	-1.8317753405901482
COG0630	0.49577498235277023	-0.49577498235277007
COG0631	0.5182325068837975	-0.5182325068837976
COG0632	-1.1260480239479638	1.126048023947963
COG0633	0.6305897390730589	-0.6305897390730587
COG0634	0.7947732673224877	-0.7947732673224873
COG0635	1.1862477030929808	-1.1862477030929806
COG0636	0.45164412272799975	-0.4516441227279992
COG0637	1.694643371793299	-1.694643371793298
COG0639	-0.1556923093363186	0.1556923093363185
COG0640	-0.46429646872248886	0.46429646872248853
COG0641	0.20677643179399469	-0.2067764317939948
COG0642	-1.1101788126985177	1.1101788126985168
COG0643	0.2958323684177994	-0.2958323684177994
COG0644	1.3366346080427562	-1.3366346080427551
COG0645	-0.1481630954770984	0.1481630954770983
COG0646	0.10681405865100844	-0.1068140586510086
COG0647	1.4928953036574308	-1.4928953036574295
COG0648	0.8429979073189652	-0.8429979073189646
COG0649	0.5238122599512155	-0.5238122599512149
COG0650	-0.6143337450299077	0.614333745029907
COG0651	-0.40601347322785897	0.4060134732278584
COG0652	-0.901595339530827	0.9015953395308262
COG0653	-0.1932630189486156	0.19326301894861547
COG0654	1.7052766423695793	-1.7052766423695784
COG0655	-1.4052513804358755	1.405251380435874
COG0656	1.7713347998521298	-1.771334799852129
COG0657	1.3798701310619292	-1.3798701310619286
COG0658	0.1793370280213982	-0.1793370280213983
COG0659	-0.5498012404937237	0.5498012404937233
COG0661	0.6903049608662044	-0.6903049608662041
COG0662	0.8488858452671602	-0.84888584526716
COG0663	-1.1535087914366693	1.1535087914366686
COG0664	-0.7151312947257946	0.7151312947257938
COG0665	-0.31603738276714594	0.3160373827671457
COG0666	1.4957532549551633	-1.4957532549551622
COG0667	1.2065646449906389	-1.206564644990638
COG0668	-1.5864450945222532	1.586445094522252
COG0669	-0.971902095592318	0.9719020955923172
COG0670	1.9249825473851114	-1.9249825473851097
COG0671	1.155433855774226	-1.1554338557742252
COG0672	1.4845043710766943	-1.4845043710766934
COG0673	-0.692526086364264	0.6925260863642636
COG0674	-0.36844104956136386	0.3684410495613636
COG0675	-1.4259766816301596	1.4259766816301587
COG0676	1.8610977625538678	-1.8610977625538667
COG0677	0.32172948378019234	-0.32172948378019234
COG0679	-1.4935604029736573	1.4935604029736562
COG0680	1.791413132432617	-1.7914131324326168
COG0681	-1.6899735342366817	1.6899735342366808
COG0682	-1.0821771338510924	1.0821771338510915
COG0683	0.3484371478812657	-0.3484371478812657
COG0684	-0.5672295325645011	0.5672295325645005
COG0685	-0.014149077477262606	0.014149077477262595
COG0686	-1.5059098549926682	1.505909854992667
COG0687	-1.6757541150161717	1.6757541150161703
COG0688	0.754391634216835	-0.7543916342168346
COG0689	1.2576725990661963	-1.2576725990661954
COG0691	-0.1105512316418075	0.11055123164180741
COG0692	-0.17299023268127978	0.17299023268127967
COG0693	0.5014520602788427	-0.5014520602788424
COG0695	0.30207008114816386	-0.3020700811481634
COG0696	-1.273500691138003	1.2735006911380016
COG0697	1.0300907275223667	-1.0300907275223659
COG0698	0.5173513262937701	-0.5173513262937698
COG0699	1.1439837966728081	-1.1439837966728073
COG0700	-0.5684831922580621	0.5684831922580614
COG0701	0.06602426095778197	-0.06602426095778191
COG0702	1.5074296847782	-1.507429684778199
COG0703	-1.0765913011338588	1.0765913011338577
COG0704	0.030710255233237053	-0.03071025523323703
COG0705	1.8239714732299748	-1.8239714732299739
COG0706	1.2878447351095461	-1.2878447351095452
COG0707	-0.987267140824237	0.9872671408242361
COG0708	-1.144927313765303	1.1449273137653024
COG0709	-1.4991932399540766	1.4991932399540755
COG0710	0.1909875868277961	-0.19098758682779596
COG0711	-0.9593096005936222	0.9593096005936214
COG0712	-0.3307678808445512	0.3307678808445507
COG0713	1.8024215426573509	-1.80242154265735
COG0714	1.3112592935767686	-1.3112592935767677
COG0715	0.9448810300537948	-0.9448810300537943
COG0716	-0.04644069028289661	0.046440690282896574
COG0717	1.446872048321992	-1.446872048321991
COG0718	-0.5163452094832873	0.516345209483287
COG0719	0.13718703710302435	-0.13718703710302402
COG0720	-0.9175565417737593	0.9175565417737584
COG0721	0.422218357218093	-0.4222183572180929
COG0722	1.1195002053011243	-1.1195002053011234
COG0724	-0.09805729596346685	0.09805729596346678
COG0725	-0.9663211928130261	0.9663211928130254
COG0726	1.0930962114639633	-1.0930962114639626
COG0727	-1.4315115010808908	1.4315115010808896
COG0728	0.9272928596585052	-0.9272928596585043
COG0729	-0.00026553287612547216	0.0002655328761252357
COG0730	-1.770647664707792	1.770647664707791
COG0731	-1.5528289093159253	1.5528289093159242
COG0732	-0.3784189214596037	0.3784189214596032
COG0733	1.186964259049391	-1.18696425904939
COG0735	0.14744881771579177	-0.14744881771579166
COG0736	1.774557573146431	-1.77455757314643
COG0737	1.313977210045321	-1.3139772100453204
COG0738	1.2536214988947803	-1.2536214988947794
COG0739	0.6104622353761148	-0.6104622353761143
COG0740	-0.982653720165952	0.9826537201659513
COG0741	0.09888258871416711	-0.09888258871416704
COG0742	0.376274354903774	-0.3762743549037742
COG0743	-0.2794546676863326	0.27945466768633215
COG0744	0.8141705304837555	-0.814170530483755
COG0745	-0.6482507713594285	0.6482507713594279
COG0746	1.8000229454075698	-1.800022945407569
COG0747	0.020233520166439683	-0.02023352016643967
COG0749	0.1977721493853106	-0.19777214938531068
COG0750	-1.6058882418801532	1.6058882418801517
COG0751	0.44613780685984517	-0.4461378068598453
COG0752	1.3470006757249766	-1.347000675724976
COG0753	1.0143524700889028	-1.014352470088902
COG0754	1.843389264872037	-1.8433892648720362
COG0755	0.49310604386090756	-0.49310604386090723
COG0756	-1.136936905557119	1.1369369055571181
COG0757	-0.4163731999259615	0.416373199925961
COG0758	-0.8134722464663262	0.8134722464663254
COG0759	0.11595085418995206	-0.11595085418995198
COG0760	1.2072758188997623	-1.2072758188997619
COG0761	0.0835629148595919	-0.08356291485959232
COG0762	0.9011969715584113	-0.901196971558411
COG0763	1.576424840350137	-1.576424840350136
COG0764	-0.8462908593805624	0.8462908593805616
COG0765	1.4445008591256556	-1.444500859125655
COG0766	0.4830625125618575	-0.4830625125618574
COG0767	-0.21880490917708073	0.21880490917708056
COG0768	-1.0573039338810832	1.0573039338810826
COG0769	0.784571514758692	-0.7845715147586912
COG0770	1.9299631367444081	-1.929963136744407
COG0771	-1.3677856196181932	1.367785619618192
COG0772	-0.31135410040562217	0.31135410040562195
COG0773	-0.8758192621446261	0.8758192621446252
COG0774	1.6957730887478997	-1.6957730887478988
COG0775	1.7527291439993284	-1.752729143999328
COG0776	-0.10513536325911355	0.10513536325911348
COG0777	-0.7244907118577171	0.7244907118577163
COG0778	-0.4345490436742774	0.43454904367427705
COG0779	0.23359229650714	-0.23359229650713959
COG0780	-0.7179370513955587	0.7179370513955582
COG0781	1.4013091139647857	-1.4013091139647849
COG0782	-0.7938212955758731	0.7938212955758723
COG0783	1.7500169105820758	-1.7500169105820749
COG0784	0.17275012394703892	-0.1727501239470388
COG0785	1.6472125144829797	-1.6472125144829783
COG0786	-0.613726472976469	0.6137264729764683
COG0787	0.6125065835812362	-0.6125065835812358
COG0788	-0.6158037739550808	0.61580377395508
COG0789	0.8586782023633726	-0.858678202363372
COG0790	-1.5536183392458804	1.5536183392458793
COG0791	0.07152087683110542	-0.07152087683110561
COG0792	1.3324496211015275	-1.3324496211015266
COG0793	-0.06773138634899281	0.06773138634899252
COG0794	0.4620904030560247	-0.46209040305602445
COG0795	-0.09402423213564216	0.09402423213564186
COG0796	-1.0485462566493295	1.0485462566493289
COG0797	0.1364554627514663	-0.1364554627514662
COG0798	-1.0216388184647411	1.02163881846474
COG0799	-1.2966572279583202	1.296657227958319
COG0800	1.2309866729457477	-1.2309866729457473
COG0801	0.868936121573034	-0.8689361215730335
COG0802	-0.405788781335098	0.40578878133509766
COG0803	1.0507528051087227	-1.0507528051087218
COG0804	-1.417887699459227	1.4178876994592258
COG0805	-0.19422922640336068	0.19422922640336054
COG0806	1.7844414076345487	-1.7844414076345476
COG0807	0.5878004763032378	-0.5878004763032377
COG0809	0.8186369440791401	-0.8186369440791398
COG0810	0.57184703971208	-0.5718470397120798
COG0811	0.040898338606286756	-0.0408983386062872
COG0812	-0.6660151796619127	0.6660151796619121
COG0813	0.2490980463495377	-0.24909804634953775
COG0814	1.723635081979845	-1.723635081979844
COG0815	1.0474724636470683	-1.047472463647068
COG0816	0.6315381858217765	-0.6315381858217766
COG0817	-0.6792673981418818	0.6792673981418813
COG0818	0.22774956073355596	-0.22774956073355604
COG0819	0.2600251989932468	-0.2600251989932466
COG0820	-1.9862164345007385	1.9862164345007374
COG0821	1.254393611630066	-1.2543936116300651
COG0822	-1.563492555662743	1.563492555662742
COG0823	1.6156992472086253	-1.615699247208624
COG0824	-0.18126274369986964	0.18126274369986928
COG0825	-0.6609706739196627	0.6609706739196622
COG0826	0.4812611434478147	-0.48126114344781457
COG0827	-0.6755723753008193	0.6755723753008186
COG0829	-1.1964381599698402	1.1964381599698388
COG0830	-1.162247515673345	1.162247515673344
COG0831	0.0700133459270525	-0.07001334592705245
COG0832	0.835747534527408	-0.8357475345274077
COG0833	0.7645709147851164	-0.7645709147851159
COG0834	0.2844287086227651	-0.28442870862276465
COG0835	-1.2921410100302584	1.2921410100302575
COG0836	-0.47897869293880585	0.4789786929388055
COG0837	0.2675392114090182	-0.2675392114090182
COG0838	-0.9463520249954817	0.946352024995481
COG0839	1.3389773135334722	-1.3389773135334713
COG0840	-1.4532112955364425	1.4532112955364413
COG0841	0.7642931555705381	-0.7642931555705378
COG0842	-0.8841098210022157	0.884109821002215
COG0843	1.0979348844927443	-1.0979348844927437
COG0845	-0.932387280504448	0.9323872805044471
COG0846	-1.595012300627199	1.595012300627198
COG0847	-0.33989374742843087	0.33989374742843065
COG0848	1.927062619948977	-1.9270626199489762
COG0849	-1.0980275420976282	1.0980275420976269
COG0850	-0.4996160383839922	0.4996160383839916
COG0852	0.6095789875469491	-0.6095789875469491
COG0853	-1.1380084212207031	1.1380084212207022
COG0854	-0.08168278607991339	0.08168278607991333
COG0855	1.2551949184658198	-1.2551949184658193
COG0857	-0.07153709845398794	0.07153709845398788
COG0858	1.5279518811019706	-1.5279518811019697
COG0859	0.20991557678576211	-0.2099155767857622
COG0860	-1.6206134404343906	1.6206134404343893
COG0861	1.0090309967853284	-1.0090309967853275
COG0863	0.26852115481074734	-0.2685211548107476
COG0864	0.5304187901844021	-0.5304187901844015
COG1001	-1.1079459010157715	1.1079459010157708
COG1002	-0.16561219853858575	0.16561219853858564
COG1003	0.34540997419022856	-0.34540997419022806
COG1004	0.985189014046857	-0.9851890140468564
COG1005	-0.7033315402876702	0.7033315402876698
COG1007	1.2453567096506954	-1.2453567096506946
COG1008	-0.5605540109538834	0.5605540109538829
COG1009	0.6218334439730046	-0.6218334439730041
COG1010	-0.1986148590432967	0.19861485904329632
COG1011	1.6179771809405066	-1.6179771809405055
COG1012	0.7313639878041518	-0.7313639878041513
COG1013	-1.0237170683902341	1.0237170683902332
COG1014	-0.07850144331807328	0.07850144331807322
COG1015	-1.1732534541302102	1.173253454130209
COG1018	0.624286581776536	-0.6242865817765358
COG1020	0.17107366296921672	-0.17107366296921683
COG1021	0.0868476234063559	-0.08684762340635609
COG1022	1.3732696183774378	-1.3732696183774373
COG1023	0.23690413711319117	-0.236904137113191
COG1024	0.7087792998664946	-0.7087792998664942
COG1025	-0.037794639720876995	0.03779463972087673
COG1026	-1.2198866971741729	1.219886697174172
COG1027	0.9735631472028786	-0.973563147202878
COG1028	0.21735714618863994	-0.21735714618864027
COG1030	-0.3502873261974847	0.3502873261974845
COG1032	-1.457173137947208	1.4571731379472068
COG1033	-1.6458844758383628	1.645884475838361
COG1034	-1.2508503160205968	1.250850316020596
COG1038	-0.9574178997065523	0.9574178997065517
COG1039	0.8882769739218865	-0.8882769739218859
COG1040	-0.6147908174593849	0.6147908174593842
COG1042	-0.6802327603478456	0.6802327603478449
COG1043	-0.9297347769728828	0.9297347769728819
COG1044	0.01916952581377883	-0.01916952581377905
COG1045	1.3340008515234658	-1.3340008515234654
COG1047	-0.34033138673798047	0.34033138673797997
COG1048	-0.9807380641301862	0.9807380641301853
COG1049	-0.46205841419089005	0.4620584141908895
COG1051	2.0305852506213387	-2.030585250621338
COG1052	-1.5266995944532933	1.5266995944532922
COG1053	0.9003555900450833	-0.9003555900450827
COG1054	0.44959087411958226	-0.4495908741195817
COG1055	-1.2095177416800094	1.209517741680008
COG1057	-0.17722518361169945	0.17722518361169934
COG1058	0.11499527876703326	-0.11499527876703365
COG1060	0.7008325272073179	-0.7008325272073177
COG1061	-1.193191332129174	1.193191332129173
COG1062	1.2998064879692537	-1.2998064879692528
COG1063	-0.07315457513710909	0.07315457513710903
COG1064	-0.3648210333571863	0.364821033357186
COG1066	0.23478503510058887	-0.23478503510058918
COG1067	0.9119163010992362	-0.9119163010992357
COG1069	0.6976577347878786	-0.6976577347878784
COG1070	0.7425541276709465	-0.7425541276709461
COG1071	0.3877255898113712	-0.3877255898113714
COG1072	-0.8304723883304592	0.8304723883304587
COG1073	-0.42346775632478806	0.4234677563247877
COG1074	0.14801541683690408	-0.14801541683690422
COG1075	0.35384426490351445	-0.35384426490351467
COG1076	1.0215709776839677	-1.0215709776839668
COG1077	0.4665376109707152	-0.46653761097071517
COG1078	-0.12430921449077395	0.12430921449077363
COG1079	-0.8188306753261874	0.8188306753261865
COG1080	-0.22093165901428088	0.22093165901428072
COG1082	-0.8638946907620988	0.8638946907620982
COG1083	-1.3964754320404955	1.3964754320404944
COG1085	-1.3444097762780092	1.3444097762780083
COG1086	-0.30200313799086553	0.3020031379908653
COG1087	-0.9583923823116774	0.9583923823116768
COG1088	1.291409692270808	-1.2914096922708074
COG1089	-0.5052473718917115	0.5052473718917112
COG1090	-0.1373592057149806	0.1373592057149805
COG1091	-0.9543947043042289	0.954394704304228
COG1092	-0.5692350669434345	0.5692350669434338
COG1098	-1.041408646861608	1.041408646861607
COG1099	0.623889390885967	-0.6238893908859663
COG1101	-1.509161591731641	1.50916159173164
COG1104	-1.399902329704937	1.3999023297049362
COG1105	-1.2318675090648115	1.2318675090648106
COG1106	0.10284285117250952	-0.10284285117250969
COG1108	1.0959477893981897	-1.0959477893981893
COG1109	-0.787768688082433	0.7877686880824325
COG1112	-0.8085444044934919	0.8085444044934913
COG1113	1.550730206873656	-1.5507302068736548
COG1114	1.8876056060157917	-1.8876056060157906
COG1115	-1.5144133444677927	1.5144133444677912
COG1116	1.1232858501618106	-1.12328585016181
COG1117	0.26259125749846435	-0.2625912574984642
COG1118	0.41246999193737754	-0.4124699919373775
COG1119	0.9573717451874335	-0.9573717451874331
COG1120	0.6293314677681042	-0.6293314677681034
COG1121	0.8136642638435538	-0.8136642638435533
COG1122	1.0963417160150666	-1.0963417160150661
COG1123	0.39936692223157483	-0.39936692223157433
COG1124	0.9760025451401892	-0.9760025451401884
COG1125	1.7641359769511793	-1.7641359769511777
COG1126	0.03131435565766052	-0.03131435565766049
COG1127	1.4515671690697611	-1.45156716906976
COG1129	-0.10612174208460119	0.10612174208460087
COG1131	-0.1042173276979373	0.10421732769793723
COG1132	0.3956993083345674	-0.39569930833456735
COG1133	0.394140769386757	-0.39414076938675724
COG1134	0.36809610729743863	-0.36809610729743836
COG1135	0.9795554835201936	-0.9795554835201932
COG1136	0.20079105904965736	-0.20079105904965722
COG1137	1.2471673455048256	-1.247167345504825
COG1138	1.5797548763142821	-1.579754876314281
COG1139	-0.0754936503460625	0.0754936503460622
COG1140	1.2745922292288205	-1.27459222922882
COG1142	0.974274960049487	-0.9742749600494861
COG1143	1.3212585939050594	-1.3212585939050585
COG1145	-0.05672559749115667	0.05672559749115639
COG1146	-0.6027916320932164	0.6027916320932157
COG1148	1.2045900798047486	-1.2045900798047482
COG1151	-0.8191364148313467	0.8191364148313461
COG1152	-1.442291800503962	1.442291800503961
COG1154	-1.4324886670723345	1.4324886670723334
COG1155	-0.3977697931853847	0.3977697931853844
COG1156	-1.2423415758216207	1.2423415758216199
COG1157	0.03973320002784707	-0.03973320002784751
COG1158	0.666645503093979	-0.6666455030939785
COG1159	-1.4370731584105163	1.4370731584105154
COG1160	0.4581447483542529	-0.4581447483542528
COG1161	0.44729365587971287	-0.4472936558797128
COG1162	0.739826101708411	-0.7398261017084107
COG1164	-0.8579341292114022	0.8579341292114013
COG1165	0.9320345765891143	-0.9320345765891134
COG1166	0.6371197729402749	-0.6371197729402747
COG1167	-0.812569456923585	0.8125694569235844
COG1168	-0.7840495159571935	0.784049515957193
COG1169	-0.49987425106574734	0.49987425106574696
COG1171	0.9823700553277867	-0.9823700553277862
COG1172	0.271242592835833	-0.27124259283583285
COG1173	-0.85540301134057	0.8554030113405693
COG1174	-0.48626945299083896	0.48626945299083835
COG1175	-0.488976318501352	0.4889763185013514
COG1176	-0.3384446022276804	0.3384446022276799
COG1177	1.5485947741436246	-1.5485947741436235
COG1178	-1.1156992649798776	1.1156992649798767
COG1179	-0.6337130075971495	0.6337130075971489
COG1180	1.7371458221750589	-1.7371458221750578
COG1181	-0.6869073642138005	0.6869073642137998
COG1182	0.788113658464158	-0.7881136584641575
COG1183	-0.6330323649020169	0.6330323649020164
COG1185	-0.6612495263193122	0.6612495263193116
COG1186	0.6803173813832833	-0.680317381383283
COG1187	0.7078906949822854	-0.7078906949822849
COG1188	-0.15160416271809485	0.15160416271809474
COG1189	0.05002805166337828	-0.050028051663378245
COG1190	1.2903952331384272	-1.2903952331384267
COG1191	0.07782924366383417	-0.07782924366383412
COG1192	-1.1635896068417015	1.1635896068417004
COG1193	-1.5740295053556423	1.5740295053556412
COG1194	-1.2025410997385477	1.2025410997385468
COG1195	1.1408538611086974	-1.1408538611086967
COG1196	-0.3861347015454703	0.38613470154547
COG1197	-1.3378889092515713	1.33788890925157
COG1198	-1.0495008914112183	1.0495008914112176
COG1199	1.151604229707349	-1.1516042297073483
COG1200	1.7511006839253334	-1.7511006839253325
COG1201	1.4136304133020587	-1.4136304133020576
COG1203	-1.1073683069937592	1.107368306993758
COG1204	-0.6004046770070003	0.6004046770069998
COG1205	1.2035752062305203	-1.2035752062305194
COG1206	-1.5072934911909053	1.5072934911909042
COG1207	1.3729403011813566	-1.3729403011813557
COG1208	-0.5413352651080239	0.5413352651080234
COG1209	1.3568991935359969	-1.356899193535996
COG1210	0.3589231436321275	-0.3589231436321275
COG1211	-0.5702915894556552	0.5702915894556548
COG1212	1.505032697961452	-1.505032697961451
COG1213	1.1942714574851907	-1.1942714574851905
COG1214	-0.7826263053597088	0.7826263053597082
COG1215	1.361796786838504	-1.361796786838503
COG1216	0.12455016977738904	-0.1245501697773892
COG1217	-1.2356010556493255	1.2356010556493244
COG1218	-0.5354855035918119	0.5354855035918112
COG1219	-0.9163461961021789	0.916346196102178
COG1220	-0.06125454211652938	0.0612545421165291
COG1221	0.7002711700191947	-0.7002711700191947
COG1225	-0.8141434575863549	0.8141434575863543
COG1226	0.7684619130751231	-0.768461913075123
COG1227	-0.786862186816137	0.7868621868161362
COG1228	-0.2784682608739691	0.27846826087396864
COG1230	1.5049320502073948	-1.504932050207394
COG1232	0.5321438464049312	-0.5321438464049311
COG1233	-0.7755122827389194	0.7755122827389186
COG1234	-1.3064397150761564	1.3064397150761555
COG1235	-1.3966592404145741	1.3966592404145732
COG1236	-0.5108713721468497	0.5108713721468494
COG1237	-0.82714570618216	0.8271457061821594
COG1238	-0.6140430496180579	0.6140430496180574
COG1239	0.17097350945522116	-0.17097350945522127
COG1240	1.6952819974447102	-1.6952819974447089
COG1242	-1.3380902303260336	1.3380902303260327
COG1243	0.3562593183648083	-0.3562593183648078
COG1246	-0.4619416954510174	0.46194169545101704
COG1247	1.1872895422006042	-1.1872895422006038
COG1249	1.5598530889004665	-1.5598530889004654
COG1250	0.9566050207653779	-0.9566050207653772
COG1251	1.7245643320114576	-1.724564332011457
COG1252	-0.26398431781081705	0.2639843178108166
COG1253	-1.4668086037111283	1.4668086037111268
COG1254	1.4457696489741594	-1.4457696489741583
COG1256	0.8247165228534336	-0.8247165228534332
COG1257	-0.7972411931205494	0.7972411931205489
COG1259	-0.9187547124779806	0.9187547124779797
COG1260	1.0118321597597257	-1.011832159759725
COG1262	-0.2923354245802148	0.29233542458021433
COG1263	1.3495262524956886	-1.3495262524956877
COG1264	-1.5478947634550775	1.5478947634550762
COG1266	0.5945712177839879	-0.5945712177839875
COG1267	0.32733761407280537	-0.3273376140728056
COG1268	-0.8855202366418748	0.8855202366418741
COG1269	-1.1399428509355272	1.139942850935526
COG1270	0.09668640574577694	-0.09668640574577687
COG1271	1.6586766035098774	-1.6586766035098763
COG1272	-0.28983652926067227	0.2898365292606721
COG1274	-0.7542689201308539	0.7542689201308533
COG1275	0.3816304565950021	-0.3816304565950016
COG1276	-0.6876171050235482	0.6876171050235477
COG1277	-1.9734633677108377	1.9734633677108362
COG1278	-0.4491889705873621	0.44918897058736157
COG1279	0.20559744635413754	-0.2055974463541374
COG1280	-0.3733883490729517	0.37338834907295143
COG1281	-1.8677934092350799	1.8677934092350779
COG1282	0.12087123577487045	-0.1208712357748706
COG1283	-1.0165567820659127	1.0165567820659118
COG1284	-1.20726889878904	1.2072688987890388
COG1285	1.0929745291909816	-1.0929745291909811
COG1286	-0.08191801533860246	0.0819180153386024
COG1288	-1.7342709339090023	1.7342709339090012
COG1289	1.8309449488463219	-1.8309449488463205
COG1291	1.6399317081927842	-1.639931708192783
COG1292	1.427609262791815	-1.4276092627918147
COG1293	0.5379967001805873	-0.537996700180587
COG1294	0.7976433431025279	-0.7976433431025276
COG1295	-0.6214209387365769	0.6214209387365764
COG1296	-0.6232953390235133	0.6232953390235126
COG1297	0.6961431500310057	-0.6961431500310055
COG1298	-0.25166989778246557	0.2516698977824654
COG1299	-1.433608377112055	1.4336083771120538
COG1300	0.5900368257988243	-0.5900368257988242
COG1301	0.6656779510087583	-0.6656779510087575
COG1302	-1.4690299980410864	1.4690299980410855
COG1304	-1.151437291872599	1.1514372918725981
COG1305	-0.2557832982292227	0.2557832982292223
COG1306	-0.7717669111070976	0.7717669111070968
COG1307	-0.22500050526942078	0.22500050526942061
COG1309	0.7485874854273533	-0.748587485427353
COG1310	-1.609557502221867	1.6095575022218656
COG1312	-0.757684375164121	0.7576843751641205
COG1313	-1.1548964625800768	1.1548964625800757
COG1315	-0.5372091053619227	0.5372091053619221
COG1316	0.9663504658231485	-0.9663504658231475
COG1319	-0.11603194746150627	0.11603194746150595
COG1321	-0.6971848306658408	0.6971848306658404
COG1322	0.23541679922520437	-0.23541679922520467
COG1323	-1.6634783737983718	1.6634783737983705
COG1327	-0.390473544212277	0.3904735442122765
COG1328	-0.033992100894577965	0.033992100894577944
COG1329	0.8687647082872383	-0.8687647082872378
COG1330	1.3229933972083876	-1.3229933972083867
COG1331	-0.6412954339699973	0.6412954339699969
COG1332	-1.4879123634899387	1.4879123634899376
COG1334	-1.5395126195092985	1.539512619509297
COG1335	0.7467379155516326	-0.7467379155516324
COG1338	-0.5054513261087326	0.505451326108732
COG1342	-0.5377123295031055	0.5377123295031049
COG1343	-1.135247182421821	1.1352471824218202
COG1344	1.6734303319485166	-1.6734303319485153
COG1345	0.8383810056343479	-0.8383810056343475
COG1346	-1.5233000799216894	1.523300079921688
COG1347	-0.30946953604372796	0.3094695360437275
COG1348	-0.03475693704632661	0.03475693704632635
COG1349	1.0782200506856292	-1.0782200506856283
COG1350	-1.0089270862908577	1.008927086290857
COG1351	-0.08262753174830823	0.08262753174830793
COG1353	-0.8900747124809533	0.8900747124809526
COG1354	-0.03501640162020058	0.03501640162020056
COG1355	0.5828972972173574	-0.582897297217357
COG1357	1.1807518413481488	-1.1807518413481481
COG1358	-1.4942836127053998	1.4942836127053987
COG1359	0.08484898213636792	-0.0848489821363681
COG1360	0.5424317530671067	-0.5424317530671063
COG1362	0.2777390218991725	-0.27773902189917254
COG1363	-0.04251580972652219	0.04251580972652216
COG1364	1.166438224200582	-1.1664382242005813
COG1366	-1.7246025515583456	1.7246025515583443
COG1368	0.4488510009798144	-0.4488510009798141
COG1373	1.0141947237463547	-1.014194723746354
COG1376	1.5618642714023512	-1.56186427140235
COG1377	-1.0328924543571703	1.0328924543571694
COG1378	-1.1431304604289279	1.143130460428927
COG1379	-1.703472515572947	1.703472515572945
COG1380	-0.8489186472488458	0.848918647248845
COG1381	0.6219539446929073	-0.6219539446929069
COG1385	0.499340374654105	-0.4993403746541049
COG1386	-0.31457386291314626	0.3145738629131458
COG1387	-1.2510677815728204	1.2510677815728195
COG1388	0.22657112521425965	-0.22657112521425926
COG1391	-0.6181252885798844	0.6181252885798837
COG1392	1.226325203766062	-1.2263252037660615
COG1393	1.4523842873972697	-1.4523842873972685
COG1394	0.5573472692404163	-0.5573472692404159
COG1396	0.668181651576982	-0.6681816515769817
COG1397	-0.057874870150922665	0.05787487015092239
COG1399	1.2996171460603916	-1.2996171460603905
COG1401	-1.0568679558419314	1.0568679558419307
COG1402	-0.5348324446995327	0.5348324446995324
COG1403	-1.3580138758003393	1.3580138758003384
COG1404	-1.1825801374003615	1.1825801374003602
COG1408	-1.251790378670959	1.2517903786709579
COG1409	-0.4815969893283684	0.48159698932836786
COG1410	-1.5925562077351398	1.5925562077351387
COG1414	0.8278971110184751	-0.8278971110184742
COG1418	-1.7370468120949814	1.7370468120949805
COG1419	-0.32820447088835697	0.32820447088835675
COG1420	0.3660973441794538	-0.3660973441794537
COG1424	0.5462428448139883	-0.5462428448139884
COG1426	-1.283098725115668	1.283098725115667
COG1428	1.366030484543708	-1.366030484543707
COG1429	0.029332243281056124	-0.029332243281056103
COG1432	-1.4362791566802957	1.4362791566802948
COG1434	-0.9906245447904704	0.9906245447904695
COG1435	-0.35934317292045354	0.35934317292045326
COG1436	0.29021391286092385	-0.2902139128609239
COG1438	0.5593461661759342	-0.5593461661759336
COG1440	1.4280507969757217	-1.4280507969757208
COG1441	0.9133938571246077	-0.9133938571246069
COG1442	1.1252419976541124	-1.1252419976541117
COG1444	1.694381860637423	-1.6943818606374224
COG1445	-0.2021372673699343	0.20213726736993393
COG1446	-0.8719428699101223	0.8719428699101216
COG1447	0.9759423082062081	-0.9759423082062079
COG1448	-0.3774208418630153	0.3774208418630148
COG1449	0.5433873357657578	-0.5433873357657576
COG1450	1.7144832539377015	-1.7144832539377004
COG1451	-0.1905167482515107	0.19051674825151055
COG1452	0.16506005796206807	-0.16506005796206819
COG1453	-0.3708285715186326	0.37082857151863236
COG1454	-1.9091641534372135	1.9091641534372117
COG1455	0.19153366605035918	-0.1915336660503593
COG1456	-1.9371086510575068	1.937108651057506
COG1457	1.4929322443015673	-1.4929322443015665
COG1459	1.5883503893741129	-1.5883503893741118
COG1461	0.8817014110524019	-0.8817014110524014
COG1463	1.3095250838044623	-1.3095250838044619
COG1464	1.9696891231436153	-1.969689123143614
COG1466	-0.2617104043190575	0.26171040431905707
COG1468	-0.62712618806622	0.6271261880662193
COG1469	-0.812320925784787	0.8123209257847864
COG1470	-1.2955882983494016	1.2955882983494007
COG1472	-0.43865459930577044	0.43865459930577017
COG1473	0.7807989063400849	-0.7807989063400841
COG1475	-1.57383707048468	1.573837070484679
COG1476	-1.2267095523860356	1.2267095523860347
COG1477	-1.408340626147445	1.4083406261474438
COG1479	-0.08389384826644937	0.08389384826644906
COG1480	1.19705193791039	-1.1970519379103899
COG1481	0.005004112430755083	-0.005004112430755316
COG1482	-0.6122303550078132	0.6122303550078125
COG1484	-0.21302089527130808	0.2130208952713077
COG1485	1.793572775616139	-1.7935727756161381
COG1486	1.7585008376326117	-1.7585008376326103
COG1487	1.0814048489591024	-1.081404848959102
COG1488	-0.19359351939482836	0.19359351939482797
COG1489	-0.4033071487018478	0.40330714870184725
COG1490	1.2411521896713105	-1.2411521896713096
COG1492	-1.824419009594994	1.8244190095949924
COG1493	-0.28232825385637966	0.2823282538563792
COG1494	1.7322562495228027	-1.7322562495228016
COG1495	0.917257883631252	-0.9172578836312517
COG1496	1.075432605124547	-1.0754326051245464
COG1501	-0.3144737263395251	0.31447372633952486
COG1502	-0.7518321584691593	0.7518321584691585
COG1505	-0.45126642176928683	0.4512664217692863
COG1506	-0.3277465372752164	0.3277465372752162
COG1507	-0.8978323813978235	0.8978323813978227
COG1508	0.8428198821021192	-0.8428198821021186
COG1509	-0.11903853705966477	0.11903853705966469
COG1511	1.351341570165624	-1.3513415701656233
COG1512	-1.3641379874071913	1.3641379874071904
COG1515	1.8974682491925312	-1.8974682491925303
COG1516	-0.3273592031956325	0.3273592031956323
COG1518	0.6956763329835909	-0.6956763329835908
COG1519	-0.8436729203537019	0.843672920353701
COG1520	1.4770424056884288	-1.4770424056884277
COG1521	-0.5991645070880103	0.5991645070880096
COG1522	0.15611947252117264	-0.15611947252117253
COG1523	-0.7472805010590398	0.7472805010590392
COG1524	0.5989078652136668	-0.5989078652136663
COG1525	-1.0877581220658743	1.0877581220658732
COG1526	-1.0144205905260495	1.0144205905260488
COG1527	-1.3645868252748605	1.3645868252748594
COG1528	0.8638583320370927	-0.8638583320370921
COG1529	-1.141394371234861	1.1413943712348602
COG1530	0.8799067246595196	-0.8799067246595189
COG1533	1.5467697755160104	-1.5467697755160095
COG1534	-0.8223767474964024	0.8223767474964019
COG1536	-1.3580832939020862	1.3580832939020853
COG1538	-0.011760339528394764	0.011760339528394519
COG1539	0.13801892513834527	-0.1380189251383454
COG1540	-1.4677668061021305	1.4677668061021294
COG1541	-0.46805131098275626	0.46805131098275593
COG1544	1.6796088442132857	-1.6796088442132842
COG1546	0.5773580121674478	-0.5773580121674479
COG1553	0.32045493201818886	-0.32045493201818886
COG1554	0.23539415722851467	-0.23539415722851476
COG1555	0.4011989105314707	-0.40119891053147044
COG1556	-0.7224795659881373	0.7224795659881368
COG1558	-0.9213058594210226	0.9213058594210217
COG1559	-0.9093614650665395	0.9093614650665389
COG1560	-0.4502605519403807	0.4502605519403804
COG1561	0.5554909831751619	-0.5554909831751612
COG1562	0.27294588360760086	-0.27294588360760114
COG1564	-1.5761193827214577	1.5761193827214561
COG1565	0.5754410031918709	-0.5754410031918709
COG1566	1.354891490322327	-1.3548914903223264
COG1567	-1.3043127302893023	1.3043127302893014
COG1570	0.4381823064950365	-0.43818230649503614
COG1573	-1.0106005235008135	1.0106005235008126
COG1574	0.6784253052118784	-0.6784253052118777
COG1575	2.101870913671147	-2.1018709136711458
COG1576	1.535841125167498	-1.5358411251674975
COG1577	0.24626600886038513	-0.24626600886038474
COG1584	1.5473436054659073	-1.5473436054659062
COG1585	0.18243228757057267	-0.18243228757057256
COG1586	-0.3700828148456075	0.370082814845607
COG1587	-0.5457409612861724	0.5457409612861718
COG1589	0.9566994595484895	-0.956699459548489
COG1592	0.8891167353990179	-0.8891167353990176
COG1593	0.5588634080728123	-0.5588634080728117
COG1595	-1.4936780569063806	1.4936780569063794
COG1596	0.46309758765018894	-0.4630975876501884
COG1597	0.7860645702603685	-0.7860645702603679
COG1598	0.6462593895690292	-0.646259389569029
COG1600	1.4761578210461501	-1.476157821046149
COG1605	1.8622512020870305	-1.86225120208703
COG1606	0.5351929540244786	-0.5351929540244788
COG1607	-1.152634973495266	1.152634973495265
COG1609	0.3319063632869877	-0.3319063632869877
COG1610	0.18678807999524832	-0.18678807999524819
COG1611	0.42010217853957393	-0.4201021785395739
COG1613	-0.9808663716370333	0.9808663716370326
COG1614	0.4770408730323797	-0.4770408730323798
COG1615	-0.21245571752382883	0.21245571752382866
COG1619	1.3192863375123638	-1.319286337512363
COG1620	0.7753668995443161	-0.7753668995443159
COG1621	0.022523104446752474	-0.022523104446752457
COG1622	1.566547613344721	-1.56654761334472
COG1623	0.322191458056388	-0.32219145805638777
COG1624	-1.0072745150017153	1.0072745150017144
COG1625	-0.5006753701797205	0.50067537017972
COG1626	1.6513901525451657	-1.651390152545165
COG1629	1.051925450559703	-1.0519254505597027
COG1633	0.6973984261359996	-0.6973984261359993
COG1635	0.441674991978707	-0.44167499197870647
COG1636	-0.5367563129147034	0.5367563129147029
COG1637	0.15876678426420998	-0.15876678426420987
COG1638	-1.0092005475554053	1.0092005475554044
COG1640	-0.6230538431900056	0.6230538431900049
COG1641	-0.9802854084833863	0.9802854084833856
COG1643	1.35551267818336	-1.3555126781833595
COG1648	-1.6921608071576182	1.6921608071576175
COG1649	-0.928810949338254	0.9288109493382531
COG1651	1.5401354464981416	-1.5401354464981407
COG1652	-0.041059985698684694	0.04105998569868443
COG1653	-1.404833704679218	1.404833704679217
COG1654	-1.3956652150797473	1.3956652150797462
COG1655	0.15526403130858288	-0.155264031308583
COG1658	-1.5209927725822958	1.5209927725822947
COG1660	1.0363032565630692	-1.036303256563068
COG1661	0.5140478774756186	-0.5140478774756185
COG1662	0.4241590059839057	-0.4241590059839056
COG1663	0.31256892906889777	-0.3125689290688978
COG1664	-0.08300126847753055	0.08300126847753024
COG1666	0.6091846399666304	-0.60918463996663
COG1668	-0.2199638408064547	0.2199638408064543
COG1669	-0.4841712380929604	0.4841712380929601
COG1670	1.291241686974888	-1.2912416869748873
COG1671	-0.23748578601084633	0.23748578601084594
COG1672	1.00210542491234	-1.0021054249123396
COG1674	-1.1568445948553046	1.1568445948553037
COG1678	1.612786459920137	-1.612786459920136
COG1679	-0.6567959239023792	0.6567959239023787
COG1680	-0.9375047873827577	0.9375047873827568
COG1682	0.8375578750552064	-0.8375578750552058
COG1683	0.18610335696434718	-0.18610335696434707
COG1684	-0.41118239958678615	0.4111823995867856
COG1686	-1.8111877337969846	1.8111877337969828
COG1687	0.4332342227089782	-0.43323422270897816
COG1690	-1.0433959131947745	1.0433959131947736
COG1691	-0.718795236472189	0.7187952364721882
COG1692	-1.3576005778809792	1.3576005778809779
COG1694	0.26517239191721087	-0.2651723919172109
COG1695	0.8717257553211882	-0.8717257553211875
COG1696	-1.968219162325631	1.968219162325629
COG1699	0.18718089296301077	-0.18718089296301063
COG1700	-1.3201291437351486	1.3201291437351474
COG1702	0.25876608463473777	-0.2587660846347374
COG1703	0.8501308051351483	-0.8501308051351477
COG1704	0.09270118243867637	-0.09270118243867653
COG1705	1.0533528948322899	-1.053352894832289
COG1706	1.209362693626067	-1.2093626936260662
COG1708	-1.1879063219354304	1.187906321935429
COG1712	0.36156059133736046	-0.3615605913373607
COG1713	-0.6814431167305786	0.6814431167305778
COG1714	-1.6067741524132055	1.6067741524132044
COG1715	1.602611508983275	-1.6026115089832742
COG1716	0.20852521649851494	-0.20852521649851477
COG1720	-1.1429151462532798	1.142915146253279
COG1721	1.2695153426714323	-1.2695153426714316
COG1722	-0.5405482125972704	0.54054821259727
COG1725	0.10684773990216304	-0.1068477399021632
COG1726	-0.22306890351745023	0.22306890351745007
COG1728	-1.6181925096452228	1.6181925096452214
COG1729	1.6540492977167118	-1.6540492977167112
COG1732	-0.7130529718161536	0.713052971816153
COG1733	0.5530928783258751	-0.5530928783258748
COG1734	1.4158089419080777	-1.415808941908077
COG1735	1.7841792651010586	-1.7841792651010575
COG1737	0.0616923725623059	-0.06169237256230609
COG1738	1.9319442259691864	-1.9319442259691848
COG1739	-0.5389028141519309	0.5389028141519302
COG1740	0.1672227977539148	-0.1672227977539147
COG1741	-1.3163894541805572	1.3163894541805563
COG1742	1.3161769495348556	-1.3161769495348552
COG1743	-0.395176011505058	0.3951760115050577
COG1744	-0.17250854869886784	0.17250854869886773
COG1748	0.3508307177392756	-0.3508307177392756
COG1749	0.4710676423523705	-0.47106764235237014
COG1752	-0.25092003689867753	0.25092003689867737
COG1754	-0.7069485041172417	0.706948504117241
COG1755	-0.10839168032455532	0.10839168032455523
COG1757	-1.7899442282152787	1.7899442282152764
COG1758	0.5659091392960042	-0.565909139296004
COG1760	1.3509980004176236	-1.350998000417623
COG1762	-1.3729607845318414	1.3729607845318403
COG1763	-0.05759899960190551	0.05759899960190547
COG1765	-0.5436544762016866	0.5436544762016859
COG1766	-0.4107326675281677	0.41073266752816723
COG1767	-1.1083461422630825	1.1083461422630814
COG1768	-0.3238024359243975	0.3238024359243973
COG1770	0.1811982492445863	-0.18119824924458616
COG1773	0.7138411828875442	-0.7138411828875437
COG1774	-1.4387669551361093	1.4387669551361084
COG1775	-1.6024851270783234	1.6024851270783222
COG1776	-0.6560104044419505	0.6560104044419498
COG1778	-0.19112036900435095	0.1911203690043508
COG1780	-0.8770860993038977	0.877086099303897
COG1781	0.012420795644308704	-0.012420795644308931
COG1783	1.5946761112780643	-1.5946761112780634
COG1785	-1.1683148485494874	1.1683148485494865
COG1788	1.5642566316484765	-1.5642566316484754
COG1791	0.9070143895087125	-0.907014389508712
COG1792	-0.21882591345081231	0.21882591345081193
COG1793	-1.128241368699725	1.128241368699724
COG1794	1.5568037230894924	-1.5568037230894918
COG1797	-0.07235705519566739	0.07235705519566733
COG1799	1.362731197690185	-1.362731197690184
COG1801	1.852203444628959	-1.8522034446289581
COG1802	0.5242984764389059	-0.5242984764389056
COG1803	-1.4463254797613436	1.4463254797613425
COG1804	0.7970370662655535	-0.7970370662655529
COG1805	-0.4550138304882105	0.45501383048821015
COG1806	0.4041559822631136	-0.40415598226311333
COG1807	0.2906540487966652	-0.29065404879666495
COG1808	-0.08561299685009402	0.08561299685009373
COG1811	1.0619348028502695	-1.061934802850269
COG1814	-0.8826305519596277	0.8826305519596271
COG1815	0.3668234000297361	-0.3668234000297361
COG1816	-0.853086782710656	0.8530867827106553
COG1819	0.5443087926614455	-0.5443087926614456
COG1820	0.34564701063832587	-0.3456470106383261
COG1823	0.6482401696474954	-0.6482401696474952
COG1825	-0.26616686890939906	0.2661668689093989
COG1826	0.3409253327461255	-0.3409253327461255
COG1827	0.40567471045316317	-0.4056747104531629
COG1830	0.6452824916464159	-0.6452824916464155
COG1834	0.9248802610697647	-0.9248802610697641
COG1835	1.2763064954598944	-1.2763064954598935
COG1837	-0.7456645732849725	0.7456645732849717
COG1838	-1.030259015233296	1.030259015233295
COG1840	1.2393037566277973	-1.2393037566277965
COG1841	-0.31943352581721673	0.3194335258172163
COG1842	1.385788466744879	-1.3857884667448779
COG1843	-1.23597397629282	1.235973976292819
COG1845	1.220144167922886	-1.220144167922885
COG1846	-0.9960994546056248	0.9960994546056239
COG1847	1.0748934404872696	-1.074893440487269
COG1850	0.9440875555041026	-0.9440875555041017
COG1852	-0.09660027220518302	0.09660027220518295
COG1853	-0.7482478391369424	0.7482478391369418
COG1854	0.7983386389521708	-0.79833863895217
COG1857	-1.3013389873752792	1.3013389873752783
COG1858	1.2247018371060119	-1.2247018371060112
COG1859	-0.4454114742258363	0.445411474225836
COG1862	0.25560646362955564	-0.2556064636295559
COG1864	-1.2599278843582515	1.2599278843582506
COG1865	0.6358621704120535	-0.6358621704120528
COG1866	-1.0461453480707388	1.046145348070738
COG1868	-0.5998584998109528	0.5998584998109524
COG1869	0.66412553807801	-0.6641255380780096
COG1871	-1.4673082338876648	1.467308233887664
COG1872	0.8155971698737918	-0.8155971698737913
COG1874	-0.44367330739385563	0.4436733073938551
COG1875	0.08182218092022149	-0.08182218092022144
COG1876	-0.8704114983486128	0.8704114983486122
COG1877	1.4163072950514795	-1.4163072950514786
COG1878	0.16578636628247898	-0.16578636628247886
COG1879	-1.0202936978490944	1.0202936978490935
COG1881	1.2863888478203471	-1.2863888478203462
COG1882	-1.4433527158032977	1.4433527158032966
COG1883	-0.5868846028173088	0.5868846028173081
COG1884	0.7604969100405133	-0.7604969100405128
COG1886	0.18068398056355062	-0.18068398056355098
COG1887	-1.6970698347290403	1.6970698347290392
COG1893	1.4929037969036527	-1.4929037969036523
COG1894	-0.868025516371196	0.8680255163711952
COG1896	1.3734688757728655	-1.3734688757728648
COG1897	0.7398408769044503	-0.7398408769044501
COG1898	-1.3454066523891577	1.3454066523891568
COG1902	-0.15328318434565913	0.1532831843456588
COG1903	-0.44915905486567925	0.4491590548656787
COG1904	-0.47661505851060704	0.4766150585106064
COG1905	-1.6519760674830128	1.6519760674830113
COG1906	1.1105614108245974	-1.110561410824597
COG1907	-0.5457749252899489	0.5457749252899482
COG1910	-0.8624852951612565	0.8624852951612559
COG1912	1.5956966107465502	-1.5956966107465491
COG1914	0.5662544123896113	-0.5662544123896109
COG1915	-0.2849066807497113	0.2849066807497111
COG1917	1.6568143383219371	-1.6568143383219363
COG1918	0.8874159717660466	-0.8874159717660464
COG1921	1.2433064784429502	-1.2433064784429497
COG1922	-1.3712800988724847	1.3712800988724838
COG1923	1.1720727563396098	-1.172072756339609
COG1924	0.1751796283537536	-0.1751796283537535
COG1925	-0.7549921117066298	0.7549921117066293
COG1928	-0.3698022153845179	0.3698022153845174
COG1929	-0.8922610603477303	0.8922610603477295
COG1930	-1.4371063353368727	1.4371063353368718
COG1932	-0.24331318402326435	0.24331318402326418
COG1934	1.281890401787522	-1.281890401787521
COG1937	-0.4694213517801343	0.4694213517801337
COG1939	-1.7444358329562955	1.744435832956294
COG1940	1.221976521373677	-1.2219765213736766
COG1943	-0.504914233851271	0.5049142338512707
COG1944	0.4167984477449279	-0.41679844774492786
COG1946	-0.10566325459988822	0.10566325459988814
COG1947	-1.2073370541393778	1.2073370541393769
COG1949	-0.19877525476846628	0.19877525476846614
COG1951	-0.26921995147919964	0.2692199514791994
COG1953	1.4098513430508097	-1.4098513430508088
COG1954	0.8007211065756618	-0.8007211065756614
COG1956	0.37191728432343973	-0.37191728432343973
COG1957	1.739870400848623	-1.7398704008486217
COG1959	-0.47121291915417746	0.47121291915417685
COG1960	1.0684506168574692	-1.0684506168574688
COG1961	-0.4181541340784276	0.41815413407842733
COG1963	0.39315614210064637	-0.3931561421006461
COG1964	-1.7161058983558872	1.716105898355886
COG1966	-0.24105630635143183	0.2410563063514314
COG1968	-0.22289936553151168	0.22289936553151152
COG1969	0.6518163357723209	-0.6518163357723207
COG1970	1.2356674260548746	-1.2356674260548741
COG1971	-0.5895760517885883	0.589576051788588
COG1972	0.5569758834672003	-0.5569758834672004
COG1974	1.085613942398074	-1.0856139423980735
COG1975	-0.28041411792433696	0.2804141179243365
COG1979	0.11207366461942053	-0.1120736646194207
COG1982	1.3275180254395467	-1.3275180254395462
COG1984	0.29316494317139946	-0.29316494317139924
COG1985	-1.2391797777077185	1.2391797777077174
COG1988	1.2534090119383074	-1.253409011938307
COG1989	-0.11090255121437934	0.11090255121437902
COG1994	-1.3223703251340608	1.3223703251340595
COG1995	0.5127447873831925	-0.5127447873831922
COG2000	-1.9369985440488706	1.9369985440488695
COG2001	1.6849512538840343	-1.6849512538840334
COG2002	0.4759945911040583	-0.47599459110405823
COG2003	1.0399131482909927	-1.039913148290992
COG2005	1.0760264562320998	-1.0760264562320996
COG2006	-1.5145855231298087	1.514585523129807
COG2008	-0.8979390092847583	0.8979390092847577
COG2009	1.3527695990233628	-1.352769599023362
COG2010	-0.7120108405680116	0.7120108405680108
COG2011	-0.05301403437761345	0.053014034377613414
COG2013	-0.264198223506272	0.2641982235062716
COG2015	1.3743826416234834	-1.3743826416234826
COG2017	0.9387925597284286	-0.9387925597284281
COG2020	0.2823670632899344	-0.28236706328993466
COG2021	-0.7139171351496922	0.7139171351496915
COG2022	-0.24947470471132632	0.24947470471132616
COG2025	-1.4906463749680432	1.490646374968042
COG2026	1.2132766657054674	-1.2132766657054666
COG2027	-0.5704337354359523	0.570433735435952
COG2030	1.4710001972029931	-1.4710001972029922
COG2031	1.6535897103842399	-1.653589710384239
COG2032	-1.6878865774181608	1.6878865774181602
COG2033	-1.012830611501221	1.0128306115012202
COG2035	-0.4397054204900949	0.4397054204900946
COG2038	0.8874736314665059	-0.8874736314665053
COG2039	-0.7221452077550735	0.7221452077550727
COG2040	1.1679130690185755	-1.167913069018575
COG2041	0.5469376821309968	-0.5469376821309964
COG2045	1.627085824780543	-1.6270858247805424
COG2048	0.6959542706811106	-0.6959542706811105
COG2049	0.24147463718675136	-0.2414746371867512
COG2050	1.1321877899072659	-1.1321877899072652
COG2055	-1.0500893034595158	1.050089303459515
COG2056	-1.662903098180313	1.662903098180312
COG2057	1.6277391306597966	-1.6277391306597953
COG2059	-1.441997326111633	1.4419973261116321
COG2060	-0.31307633070682495	0.3130763307068245
COG2062	-0.1287241690476066	0.12872416904760628
COG2065	-0.26634602249971145	0.266346022499711
COG2066	-1.8730425211034445	1.8730425211034427
COG2067	1.4153871093453583	-1.4153871093453574
COG2068	-1.071957502207171	1.0719575022071703
COG2069	-0.9894874513339094	0.9894874513339084
COG2070	-1.551069935588555	1.551069935588554
COG2071	-0.6982785063273313	0.6982785063273308
COG2073	-0.8595156733520944	0.8595156733520938
COG2076	1.4816356418043057	-1.481635641804305
COG2077	0.005344346526622617	-0.005344346526622849
COG2078	-0.5560437965747405	0.55604379657474
COG2079	1.4766146354162757	-1.4766146354162748
COG2080	-0.8472970387488492	0.8472970387488484
COG2081	0.6570384091588078	-0.6570384091588076
COG2082	-0.12087361319946231	0.120873613199462
COG2084	0.4446964980215264	-0.44469649802152655
COG2086	1.0417227033101633	-1.0417227033101626
COG2087	-0.4287247867518121	0.4287247867518115
COG2088	-1.5220709016564913	1.5220709016564902
COG2089	-0.7022412207431113	0.7022412207431108
COG2091	-0.19897054433425004	0.19897054433424968
COG2094	-0.3140858325949342	0.3140858325949338
COG2095	1.007760907792137	-1.0077609077921366
COG2096	0.5450909376254816	-0.5450909376254812
COG2099	-0.5684920977090893	0.5684920977090887
COG2103	1.1311272519876885	-1.1311272519876876
COG2105	1.225645280832084	-1.2256452808320832
COG2109	-0.016785201736964402	0.01678520173696439
COG2110	0.31439406734358943	-0.31439406734358943
COG2111	-0.5277809166271905	0.5277809166271898
COG2113	-1.064260579305342	1.064260579305341
COG2115	0.7816220493314623	-0.7816220493314617
COG2116	0.8911432048629043	-0.8911432048629037
COG2120	1.0064893711522194	-1.006489371152219
COG2121	0.5733111541955107	-0.5733111541955107
COG2127	-1.0246911669741656	1.0246911669741647
COG2128	0.42111567375012143	-0.4211156737501214
COG2130	1.266005533137519	-1.2660055331375184
COG2131	-0.8121856264770699	0.8121856264770694
COG2132	0.37756302019696186	-0.37756302019696203
COG2133	1.874831880532703	-1.8748318805327022
COG2134	1.4356030143739333	-1.4356030143739327
COG2135	0.0404450380305284	-0.04044503803052814
COG2137	0.557854320116219	-0.5578543201162186
COG2140	0.5184099258898273	-0.5184099258898268
COG2141	1.316784877878289	-1.316784877878288
COG2142	1.7940472207380915	-1.794047220738091
COG2145	0.1804021541348398	-0.1804021541348399
COG2146	0.9393522043620872	-0.9393522043620868
COG2148	-1.6117959076413757	1.6117959076413744
COG2151	-0.0499737974298402	0.04997379742983993
COG2152	-0.8562392916987654	0.8562392916987649
COG2153	0.6040509548482856	-0.604050954848285
COG2156	1.2690605557563848	-1.2690605557563839
COG2159	-0.12317766925852058	0.1231776692585205
COG2160	1.3537112154446564	-1.353711215444656
COG2162	1.1196137803237662	-1.1196137803237656
COG2165	0.782618924062945	-0.7826189240629444
COG2166	0.8833181682437149	-0.8833181682437142
COG2169	-0.116308066651013	0.11630806665101291
COG2170	-0.08893081906739964	0.08893081906739957
COG2171	0.03453683564884882	-0.034536835648849025
COG2172	0.08152580138659243	-0.08152580138659236
COG2173	-0.06393832213595052	0.06393832213595046
COG2175	0.5692027979503141	-0.5692027979503139
COG2176	-1.6717680596579134	1.6717680596579123
COG2177	-0.1149505174928888	0.11495051749288848
COG2179	0.5837538841090686	-0.5837538841090684
COG2180	0.5595990156752368	-0.5595990156752364
COG2181	1.4574579123809424	-1.4574579123809412
COG2182	-1.0660893879364193	1.0660893879364186
COG2183	-0.5564785755903884	0.5564785755903879
COG2184	0.9543103334253741	-0.9543103334253734
COG2185	0.9103893019018778	-0.9103893019018772
COG2186	0.5656530862095924	-0.565653086209592
COG2188	-1.0011426624367528	1.001142662436752
COG2189	-0.33452930463191166	0.33452930463191144
COG2190	-0.8761808277824179	0.8761808277824173
COG2192	-0.5527688313895532	0.5527688313895527
COG2193	1.1338336830648121	-1.1338336830648115
COG2194	1.9938764084433322	-1.9938764084433307
COG2195	-0.45363065752071585	0.4536306575207153
COG2197	0.32907930070928404	-0.32907930070928404
COG2198	0.6293589589628034	-0.6293589589628029
COG2199	-0.8426314671671912	0.8426314671671906
COG2200	0.9941525132021515	-0.994152513202151
COG2201	0.21097579236641503	-0.2109757923664149
COG2202	0.8255465281876976	-0.8255465281876972
COG2204	-0.31070705210793953	0.31070705210793903
COG2205	0.5732276174574948	-0.5732276174574947
COG2206	-0.8327114358978216	0.8327114358978209
COG2207	-0.6216793699663704	0.62167936996637
COG2208	0.3611283230652865	-0.36112832306528625
COG2209	-0.9368988583270406	0.9368988583270399
COG2210	-1.028665662981338	1.028665662981337
COG2211	-1.101483757551163	1.101483757551162
COG2213	-1.3540616214687937	1.3540616214687926
COG2214	-1.3115032238500621	1.3115032238500612
COG2215	2.0933099953992382	-2.093309995399237
COG2216	-1.7497435434953057	1.7497435434953041
COG2217	-0.3086329389531528	0.3086329389531523
COG2220	-0.552175917332574	0.5521759173325733
COG2221	-1.2655927003527365	1.2655927003527354
COG2222	0.8353816088941216	-0.8353816088941213
COG2223	1.8299950282122655	-1.8299950282122643
COG2224	1.3705533617723238	-1.3705533617723233
COG2225	1.279814464027229	-1.2798144640272282
COG2226	-0.05730634065760821	0.05730634065760817
COG2227	0.26343225865728304	-0.2634322586572828
COG2230	-0.09988946364880769	0.09988946364880762
COG2231	0.3870351293119823	-0.38703512931198225
COG2233	0.4231660593825219	-0.42316605938252183
COG2234	-1.3386584559404786	1.3386584559404777
COG2235	-0.512791451704718	0.5127914517047173
COG2239	-1.4909574398026186	1.4909574398026175
COG2240	0.27285358384432123	-0.2728535838443208
COG2241	-0.06946851606079885	0.06946851606079879
COG2242	-0.6189642240777693	0.6189642240777686
COG2243	-0.12096805707717626	0.12096805707717617
COG2244	0.8269328236128137	-0.8269328236128134
COG2246	-1.3437622916067147	1.3437622916067131
COG2247	0.2536935550830576	-0.25369355508305735
COG2249	1.8102181333633636	-1.8102181333633625
COG2252	1.057959458179302	-1.0579594581793013
COG2255	0.828291074484651	-0.8282910744846507
COG2256	0.15814391242256687	-0.15814391242256676
COG2257	0.3296379906471762	-0.32963799064717597
COG2258	-0.8751371780931523	0.8751371780931516
COG2259	0.9590599580706771	-0.9590599580706765
COG2261	1.4228266692866294	-1.422826669286629
COG2262	0.70147492746542	-0.7014749274654197
COG2264	-1.1108117630612226	1.1108117630612215
COG2265	0.09382172559601423	-0.0938217255960144
COG2267	0.7831197691297315	-0.7831197691297311
COG2268	1.6700001224213317	-1.6700001224213303
COG2269	1.4884678519140104	-1.4884678519140093
COG2270	1.088924289874216	-1.0889242898742153
COG2271	0.6659929543583665	-0.665992954358366
COG2272	0.015815949413418306	-0.015815949413418295
COG2273	-0.9551862949393853	0.9551862949393845
COG2274	1.0408677097296846	-1.040867709729684
COG2301	0.7709669848609761	-0.7709669848609758
COG2302	-1.5645564689811151	1.5645564689811136
COG2303	0.7558274326011246	-0.7558274326011243
COG2304	1.2033066344320489	-1.2033066344320482
COG2307	-0.3147374432074959	0.3147374432074957
COG2308	-0.040667522677803776	0.04066752267780375
COG2309	0.42439488760204724	-0.4243948876020472
COG2310	-0.4198487030410665	0.4198487030410662
COG2311	-0.8098359822557127	0.809835982255712
COG2312	-1.0820912669022076	1.082091266902207
COG2313	0.8596657376306907	-0.85966573763069
COG2315	-0.788074530028322	0.7880745300283212
COG2316	-1.0234438424731678	1.023443842473167
COG2317	1.1262746626821913	-1.1262746626821907
COG2319	-0.4115020330732003	0.4115020330731998
COG2320	1.3914671252923112	-1.3914671252923103
COG2321	0.9573909739703347	-0.9573909739703338
COG2323	-0.45688363302615287	0.4568836330261523
COG2326	-0.6995927873443174	0.6995927873443166
COG2327	-0.5837653363850567	0.5837653363850562
COG2331	-0.6138554999246209	0.6138554999246204
COG2333	-1.118107894757231	1.1181078947572296
COG2334	0.9311746355352906	-0.9311746355352899
COG2336	1.2481759050253394	-1.2481759050253387
COG2337	-1.2605089226073587	1.2605089226073578
COG2339	-0.5443706498649471	0.5443706498649467
COG2340	1.1313127567641996	-1.1313127567641987
COG2344	-1.378907311805109	1.3789073118051076
COG2348	1.2728530422377764	-1.2728530422377755
COG2350	1.5540309178176963	-1.5540309178176952
COG2351	0.40891772304741236	-0.4089177230474123
COG2352	-1.3127852203099921	1.3127852203099908
COG2354	2.011877321016263	-2.011877321016261
COG2355	-1.4502828590199333	1.4502828590199317
COG2356	0.8712345771651218	-0.8712345771651211
COG2357	-1.5262345630037006	1.5262345630036995
COG2358	-1.4524524614730485	1.4524524614730472
COG2360	-0.031186682294332812	0.03118668229433255
COG2361	-0.9618602438121201	0.9618602438121191
COG2362	-1.7507171838034694	1.7507171838034679
COG2364	-0.5921174417118277	0.592117441711827
COG2365	0.12357183331660722	-0.12357183331660736
COG2366	-0.004941684622177605	0.004941684622177601
COG2367	0.8324078415605046	-0.8324078415605043
COG2368	0.06403730737846333	-0.06403730737846329
COG2369	-1.4139979151384088	1.4139979151384072
COG2372	0.549719552883502	-0.5497195528835014
COG2373	-0.22576052472447267	0.22576052472447228
COG2374	-0.8222463992594122	0.8222463992594116
COG2375	1.3849356015361798	-1.3849356015361791
COG2376	-0.333283977826323	0.3332839778263228
COG2377	-0.16013208545221808	0.16013208545221772
COG2378	-1.3414118982451475	1.3414118982451464
COG2379	-0.43227469745606384	0.4322746974560635
COG2382	-1.602784760090069	1.6027847600900678
COG2384	0.4355380519253214	-0.43553805192532136
COG2385	-1.4293308075566564	1.4293308075566553
COG2386	1.3624817527380788	-1.3624817527380777
COG2388	-1.2924054002310104	1.2924054002310092
COG2390	1.4120911357897075	-1.4120911357897068
COG2391	-0.7146420571205739	0.7146420571205735
COG2405	-1.2724099797853299	1.272409979785329
COG2407	-1.5575217644893689	1.5575217644893677
COG2414	-1.0263375950201943	1.0263375950201936
COG2421	-0.1549231428488918	0.1549231428488917
COG2423	-0.8715985843984648	0.871598584398464
COG2425	-0.6073233784808063	0.6073233784808059
COG2426	-0.6044400655152395	0.6044400655152391
COG2431	0.030205801133260254	-0.03020580113326047
COG2440	1.078673475152727	-1.0786734751527263
COG2452	0.10567376345284575	-0.10567376345284568
COG2461	0.909072627019284	-0.9090726270192836
COG2501	-1.1518650746316526	1.1518650746316519
COG2502	-0.39196220325696807	0.3919622032569675
COG2503	-0.8802233753681835	0.880223375368183
COG2508	-0.6966248156552316	0.6966248156552309
COG2509	0.5685708726440547	-0.568570872644054
COG2510	0.18181915459329492	-0.18181915459329456
COG2513	1.2445934053502166	-1.2445934053502161
COG2514	-0.2832468213151503	0.28324682131515005
COG2515	1.2790487556949577	-1.279048755694957
COG2518	1.3514760573775733	-1.3514760573775724
COG2519	-0.14228026664081211	0.14228026664081175
COG2602	-0.9107893248261193	0.9107893248261184
COG2603	1.0412632117531757	-1.0412632117531748
COG2605	0.3917971724792964	-0.39179717247929613
COG2606	-0.546883221232859	0.5468832212328585
COG2607	-0.8830656606713762	0.8830656606713753
COG2609	1.6256325688604856	-1.625632568860485
COG2610	-0.2815523036217587	0.2815523036217585
COG2703	-0.8511461245374654	0.8511461245374646
COG2704	0.5466835049020328	-0.5466835049020324
COG2706	0.28342172473354066	-0.28342172473354066
COG2710	-1.4904605171175906	1.4904605171175893
COG2715	-1.448990181274732	1.448990181274731
COG2716	1.9299003521519753	-1.9299003521519746
COG2717	0.07871121118904827	-0.07871121118904821
COG2718	-0.29392947399253505	0.29392947399253483
COG2719	1.7640190524984656	-1.764019052498464
COG2720	-0.8080711144438273	0.8080711144438267
COG2721	-1.4550947955959346	1.4550947955959332
COG2723	0.5219620311056419	-0.5219620311056414
COG2730	0.8122101770047114	-0.8122101770047111
COG2731	-0.8210886323783874	0.8210886323783866
COG2733	0.8006726740092692	-0.8006726740092691
COG2738	1.5830362927560027	-1.5830362927560018
COG2739	-0.001997814491711575	0.0019978144917115735
COG2740	0.235123638731618	-0.2351236387316176
COG2746	-0.9612275549182231	0.9612275549182222
COG2755	-1.3268719270420792	1.3268719270420781
COG2759	-0.8043239536470692	0.8043239536470687
COG2764	-0.4577143001008333	0.45771430010083275
COG2766	1.780460581620545	-1.7804605816205445
COG2768	0.297468468857331	-0.297468468857331
COG2770	0.08586869199410878	-0.08586869199410896
COG2771	0.8614537252565557	-0.8614537252565553
COG2801	1.55692002918741	-1.5569200291874088
COG2804	1.7967426883070594	-1.7967426883070587
COG2805	1.0926341050909367	-1.0926341050909363
COG2807	1.7972402543193404	-1.7972402543193398
COG2812	0.2864119575523433	-0.28641195755234305
COG2813	0.1622610687179066	-0.16226106871790624
COG2814	0.5569718123636976	-0.556971812363697
COG2815	-1.1641329038870125	1.1641329038870114
COG2816	-0.42389727807007743	0.42389727807007715
COG2818	1.3814973902882548	-1.3814973902882541
COG2819	-1.3341979756782645	1.3341979756782636
COG2820	-1.6791816665920931	1.6791816665920918
COG2821	1.715382837651913	-1.7153828376519118
COG2822	1.470336774930015	-1.470336774930014
COG2823	-0.5021335671378281	0.5021335671378274
COG2824	-0.5182525421449944	0.5182525421449938
COG2826	-0.19393952068220946	0.19393952068220935
COG2827	-0.5323348853809804	0.5323348853809797
COG2828	0.25245574214103383	-0.2524557421410339
COG2829	1.4653894921519428	-1.465389492151942
COG2830	-0.6733395199426985	0.6733395199426977
COG2831	-1.5381323330685686	1.5381323330685672
COG2832	-1.0415118256252767	1.0415118256252758
COG2837	0.023723873549477133	-0.023723873549477352
COG2840	1.1854846547015492	-1.185484654701549
COG2842	-0.15343912097789061	0.15343912097789025
COG2843	-1.2583718106183128	1.258371810618312
COG2844	1.8446719205754976	-1.8446719205754958
COG2846	0.054174726762514204	-0.0541747267625144
COG2848	-0.0774161722215194	0.07741617222151935
COG2850	0.8344258454871402	-0.8344258454871395
COG2851	0.4074875127328663	-0.40748751273286576
COG2853	-1.2393217414809268	1.2393217414809254
COG2854	1.5113194438149624	-1.5113194438149613
COG2855	0.7161570280852648	-0.7161570280852645
COG2856	-0.12942628696424946	0.12942628696424938
COG2859	0.18583491543795125	-0.1858349154379511
COG2860	-0.419907716706393	0.41990771670639243
COG2861	1.172939940941151	-1.17293994094115
COG2862	0.9400837906855879	-0.9400837906855877
COG2864	1.64674081554593	-1.646740815545929
COG2865	-1.181736487521699	1.181736487521698
COG2866	1.3648066276755795	-1.3648066276755788
COG2867	0.9621498263099775	-0.9621498263099768
COG2868	0.46525609305610777	-0.4652560930561072
COG2869	-1.7478667053967925	1.7478667053967902
COG2870	1.1212790566426742	-1.1212790566426734
COG2871	-0.1868668443532623	0.18686684435326192
COG2872	-1.0302656724146837	1.0302656724146826
COG2873	-0.4927861351737951	0.4927861351737945
COG2875	-0.3208966142678839	0.3208966142678834
COG2876	-1.0974172666471573	1.097417266647156
COG2877	1.6953675952020208	-1.6953675952020197
COG2878	-1.4952415683102813	1.4952415683102804
COG2879	1.9908389157728523	-1.9908389157728514
COG2884	-0.5684872424631664	0.5684872424631658
COG2885	1.5155874901196864	-1.5155874901196853
COG2887	-0.7617709528032237	0.7617709528032232
COG2890	-0.3189316592166427	0.31893165921664224
COG2891	0.9044383981131521	-0.9044383981131515
COG2893	0.6483926032481327	-0.6483926032481325
COG2894	-0.7379866986106323	0.7379866986106317
COG2895	-1.9001794921776491	1.9001794921776476
COG2896	-0.4565801662041282	0.4565801662041279
COG2897	-0.40024305127201854	0.40024305127201826
COG2898	1.7031467634978443	-1.703146763497843
COG2907	1.0508441300029623	-1.0508441300029618
COG2908	1.4112690765475169	-1.4112690765475162
COG2909	-1.4676173108384196	1.4676173108384187
COG2910	1.7444415653667145	-1.7444415653667138
COG2911	0.034237182813269186	-0.03423718281326916
COG2912	1.2753708608690169	-1.2753708608690162
COG2915	0.7214750767118829	-0.7214750767118826
COG2916	1.2500145551654156	-1.2500145551654152
COG2918	0.035482451207508564	-0.03548245120750878
COG2922	1.6577674322134481	-1.6577674322134475
COG2923	-0.2743721680920939	0.27437216809209375
COG2925	0.866559817666066	-0.8665598176660657
COG2929	0.8287230442464113	-0.8287230442464105
COG2931	0.7794761114283446	-0.7794761114283443
COG2932	-0.3505317419700831	0.3505317419700828
COG2933	1.6246042258212445	-1.6246042258212434
COG2936	-1.5486904243524249	1.5486904243524238
COG2937	1.2273709244540676	-1.2273709244540667
COG2939	-0.8373658574755816	0.8373658574755809
COG2942	-0.07535481453806563	0.07535481453806533
COG2943	1.1125916916465926	-1.1125916916465917
COG2944	1.6832644190557489	-1.6832644190557482
COG2946	-0.1307361990114194	0.1307361990114193
COG2948	-1.3166045883865334	1.3166045883865325
COG2949	0.8101512585671182	-0.8101512585671177
COG2951	1.0661544488183778	-1.0661544488183767
COG2954	-1.9321115140692113	1.93211151406921
COG2956	1.4121713652402204	-1.4121713652402192
COG2957	-1.3051671677611019	1.305167167761101
COG2959	1.5533751410452943	-1.5533751410452934
COG2961	-0.5030357327870453	0.5030357327870447
COG2962	1.1330354887262535	-1.1330354887262528
COG2963	0.114671238062123	-0.11467123806212315
COG2964	1.8472180137185963	-1.8472180137185952
COG2966	-0.9486260585301269	0.9486260585301263
COG2968	0.2009751227969197	-0.20097512279691954
COG2969	-0.3486282248296299	0.3486282248296297
COG2972	-1.4444532058896045	1.4444532058896034
COG2974	0.9927680930468163	-0.9927680930468161
COG2976	1.9167373957354934	-1.9167373957354918
COG2977	0.6129771284952327	-0.6129771284952324
COG2978	-1.226631963295026	1.226631963295025
COG2979	0.3022669928830004	-0.30226699288300046
COG2980	1.712379911986605	-1.7123799119866039
COG2981	0.7485939175984688	-0.7485939175984683
COG2982	-0.5744006275633979	0.5744006275633975
COG2984	-1.430213760994029	1.4302137609940282
COG2985	0.6163971403784118	-0.6163971403784115
COG2986	1.3060729360271555	-1.3060729360271548
COG2987	-1.2983940751652001	1.2983940751651992
COG2988	1.3187557966892727	-1.318755796689272
COG2989	0.40966697094606547	-0.4096669709460654
COG2990	1.2424143797414777	-1.2424143797414773
COG2992	1.8508354590975815	-1.8508354590975804
COG2995	0.5133856859437045	-0.5133856859437038
COG2996	-0.9449610394076329	0.9449610394076322
COG2999	0.21265156974624672	-0.21265156974624655
COG3001	1.857210403307637	-1.8572104033076364
COG3004	1.2782119312647133	-1.2782119312647129
COG3005	1.1476102314028014	-1.1476102314028007
COG3006	-0.5959808090876015	0.5959808090876011
COG3007	-1.7272409803855062	1.7272409803855053
COG3008	0.9822848834706411	-0.9822848834706407
COG3009	0.6034144645480637	-0.6034144645480634
COG3010	0.7467214220824651	-0.7467214220824645
COG3013	2.0295597042410223	-2.029559704241022
COG3015	1.4943815942777474	-1.4943815942777467
COG3016	-0.2776732111654086	0.27767321116540816
COG3017	1.8864682441703804	-1.8864682441703784
COG3019	1.9792952348668915	-1.9792952348668906
COG3021	1.301062326537676	-1.301062326537675
COG3022	-0.08325096242578174	0.08325096242578169
COG3023	0.34997343922727814	-0.34997343922727764
COG3025	1.7325826403607403	-1.7325826403607396
COG3026	0.4259818745772984	-0.42598187457729814
COG3027	1.5723406911788664	-1.5723406911788655
COG3028	1.818088631644812	-1.8180886316448106
COG3029	1.0157044269674242	-1.0157044269674234
COG3031	1.712948351116451	-1.7129483511164498
COG3033	0.4455915328671061	-0.44559153286710557
COG3034	1.3152021404744598	-1.3152021404744592
COG3037	0.6741130313087361	-0.6741130313087355
COG3038	0.6025220320563909	-0.6025220320563905
COG3039	-0.37485605293577634	0.3748560529357761
COG3040	0.0757263573142518	-0.07572635731425198
COG3041	0.2569051514485623	-0.25690515144856213
COG3044	-0.22210134694152425	0.22210134694152386
COG3045	0.4338985804296864	-0.43389858042968604
COG3047	1.2532542042690464	-1.2532542042690458
COG3048	0.3359310020666061	-0.3359310020666061
COG3049	-0.08388475666211166	0.08388475666211159
COG3050	0.518089517622335	-0.5180895176223347
COG3051	1.3867526255209537	-1.3867526255209528
COG3052	-0.8230896086463749	0.8230896086463743
COG3053	1.925521968988358	-1.925521968988357
COG3054	1.594402099426495	-1.5944020994264942
COG3055	-0.4771839094717348	0.47718390947173445
COG3056	1.5462103948666854	-1.5462103948666845
COG3057	1.2814046814187083	-1.2814046814187077
COG3058	1.3490223742603518	-1.349022374260351
COG3059	1.2183385946679826	-1.2183385946679817
COG3060	0.7418651017849079	-0.7418651017849078
COG3061	1.5407914601474169	-1.540791460147416
COG3064	1.7538307116455012	-1.7538307116454996
COG3065	0.5068687968260132	-0.5068687968260129
COG3066	1.561143809588041	-1.5611438095880399
COG3067	1.7436428591906874	-1.7436428591906865
COG3068	1.033976164347793	-1.0339761643477923
COG3069	0.4770214844840242	-0.47702148448402387
COG3070	-1.2562369117562375	1.2562369117562362
COG3071	1.5943977616816536	-1.5943977616816525
COG3072	0.2936646918099722	-0.29366469180997196
COG3073	1.3570593733571232	-1.3570593733571228
COG3075	0.7866288696526416	-0.7866288696526412
COG3076	0.6074352336271722	-0.6074352336271716
COG3077	0.8628610685541744	-0.8628610685541739
COG3079	1.6272324788481076	-1.6272324788481067
COG3081	1.4398508442716993	-1.4398508442716984
COG3083	0.09454931863974246	-0.09454931863974263
COG3085	0.7415613946725456	-0.7415613946725448
COG3086	1.8592398428186376	-1.8592398428186372
COG3087	1.4623229006619407	-1.46232290066194
COG3090	1.380745068613026	-1.380745068613025
COG3096	0.7899344442063742	-0.7899344442063734
COG3101	-0.04061660395827478	0.040616603958274516
COG3103	0.8352079605963324	-0.8352079605963321
COG3104	0.7880246942448625	-0.788024694244862
COG3105	1.9283731006559264	-1.9283731006559255
COG3106	-0.20871486747110607	0.20871486747110568
COG3107	0.5464065620126354	-0.5464065620126355
COG3109	-0.8394370241853577	0.8394370241853569
COG3111	1.0260676674456517	-1.0260676674456513
COG3112	1.2872633678986865	-1.2872633678986856
COG3115	0.3163776737010375	-0.31637767370103725
COG3117	1.7907933131627292	-1.790793313162728
COG3118	2.0111510535429344	-2.0111510535429336
COG3119	-1.3430666293398201	1.3430666293398192
COG3121	1.4596600270347058	-1.4596600270347049
COG3126	1.8002001971841035	-1.800200197184102
COG3127	1.0009209469947593	-1.0009209469947584
COG3129	0.2718422637641466	-0.27184226376414644
COG3131	1.4822281165602431	-1.4822281165602424
COG3132	0.7503575155420105	-0.7503575155420097
COG3135	1.7641637572399718	-1.7641637572399702
COG3137	1.471998313939767	-1.471998313939766
COG3138	1.5094164916198882	-1.5094164916198876
COG3142	-0.9442699050183125	0.9442699050183119
COG3145	1.535545528532251	-1.53554552853225
COG3147	1.7942146528412433	-1.7942146528412426
COG3148	1.1276974148795926	-1.127697414879592
COG3149	0.8642738689431451	-0.8642738689431442
COG3150	1.0797474295648624	-1.0797474295648617
COG3151	1.73839225183209	-1.7383922518320887
COG3152	1.3302560323004713	-1.3302560323004704
COG3153	0.2314864851761555	-0.23148648517615555
COG3154	1.1317113631382278	-1.1317113631382272
COG3155	1.391460043412853	-1.391460043412852
COG3156	1.5237849589944923	-1.5237849589944912
COG3157	1.7670315801784466	-1.7670315801784457
COG3158	1.193223711649285	-1.193223711649284
COG3159	1.6832616221730445	-1.6832616221730434
COG3160	1.2796856043029394	-1.2796856043029388
COG3161	1.047458875508606	-1.0474588755086054
COG3164	1.1402895786342826	-1.1402895786342817
COG3165	0.4559904021919492	-0.45599040219194914
COG3166	1.7332111950610274	-1.7332111950610263
COG3169	-1.54847629693231	1.548476296932309
COG3172	1.5037475544837493	-1.5037475544837486
COG3174	0.40590554561648245	-0.4059055456164824
COG3176	-0.3218393605722312	0.3218393605722307
COG3177	0.5522564622753818	-0.5522564622753812
COG3178	-1.4725760504666907	1.4725760504666892
COG3180	0.4248246240417529	-0.42482462404175286
COG3181	-0.573883440204028	0.5738834402040274
COG3182	0.3799973793877465	-0.37999737938774625
COG3185	0.6637258168334913	-0.6637258168334906
COG3187	1.0462554295541076	-1.0462554295541067
COG3188	0.674248561140394	-0.6742485611403939
COG3189	1.205171017194161	-1.20517101719416
COG3191	-1.2989479369684929	1.298947936968492
COG3192	-1.5780892351632025	1.5780892351632014
COG3193	-1.2545669519499716	1.2545669519499707
COG3194	0.0983035313917639	-0.0983035313917636
COG3196	0.8867164580220791	-0.8867164580220787
COG3201	0.8267703168345044	-0.8267703168345041
COG3202	-0.11885991614158678	0.1188599161415867
COG3203	-0.9634294326071852	0.9634294326071845
COG3204	1.7571705164917792	-1.7571705164917775
COG3206	1.352582296863803	-1.3525822968638024
COG3208	0.20039476219194383	-0.20039476219194347
COG3209	-1.0339103727824879	1.0339103727824868
COG3210	1.3890215475426027	-1.3890215475426018
COG3212	1.5286451463872837	-1.5286451463872825
COG3214	1.3350386622132244	-1.3350386622132238
COG3221	0.5002182658790661	-0.500218265879066
COG3223	0.32994738307451055	-0.3299473830745101
COG3224	0.8615269810189152	-0.8615269810189143
COG3225	-1.7422571448726205	1.7422571448726192
COG3226	-0.7087636707832202	0.7087636707832197
COG3227	0.9493337541144962	-0.9493337541144952
COG3228	0.1941593487367152	-0.1941593487367153
COG3231	0.35669149720427623	-0.356691497204276
COG3232	1.1714360573057976	-1.1714360573057967
COG3236	0.37237572242918326	-0.372375722429183
COG3238	0.014138984360310478	-0.014138984360310705
COG3239	1.3110418631157643	-1.3110418631157639
COG3240	-0.11401461878193196	0.11401461878193188
COG3246	-0.034574662071566536	0.03457466207156651
COG3247	1.6773448250741783	-1.6773448250741771
COG3248	0.5184762596891308	-0.5184762596891307
COG3250	-0.37351827681934846	0.37351827681934796
COG3253	-0.1993894097171329	0.1993894097171325
COG3254	0.8569119049890032	-0.8569119049890026
COG3256	-1.1664751578744363	1.1664751578744357
COG3257	0.5244041781024121	-0.5244041781024118
COG3260	1.648486079857907	-1.6484860798579062
COG3261	0.9514555928964941	-0.9514555928964936
COG3262	0.4648959114048065	-0.46489591140480596
COG3263	0.5297606385359511	-0.5297606385359512
COG3264	1.4019218214432756	-1.4019218214432745
COG3265	-0.5244517416667286	0.5244517416667281
COG3266	1.6278580488258902	-1.6278580488258891
COG3267	0.4913089479374665	-0.4913089479374664
COG3270	-0.7123489545408451	0.7123489545408446
COG3274	-1.4877478784805453	1.4877478784805445
COG3275	0.494895122200336	-0.4948951222003359
COG3276	-1.161842787983133	1.161842787983132
COG3279	-1.3006337852786651	1.300633785278664
COG3280	0.9260223237064523	-0.9260223237064519
COG3283	0.9974228443422554	-0.9974228443422547
COG3284	1.2739930657208733	-1.2739930657208727
COG3288	0.9852620634367647	-0.9852620634367643
COG3290	0.3426285176708302	-0.3426285176708299
COG3291	0.45645342544028494	-0.45645342544028483
COG3292	-0.6528603134881321	0.6528603134881317
COG3293	-0.29105569366997885	0.2910556936699787
COG3297	1.3080548376565098	-1.3080548376565087
COG3299	-1.0267159814976021	1.0267159814976012
COG3301	0.5343097272500683	-0.534309727250068
COG3302	0.9140078218634694	-0.9140078218634685
COG3303	0.9628577823999644	-0.9628577823999638
COG3304	0.7736982645566165	-0.7736982645566164
COG3307	-0.34187724809665665	0.3418772480966564
COG3311	1.6741372797814746	-1.6741372797814738
COG3314	-1.1440715842341944	1.1440715842341935
COG3315	-0.729207729016249	0.7292077290162484
COG3316	0.901394694030181	-0.9013946940301804
COG3317	0.3289268562125229	-0.32892685621252266
COG3318	1.5122177898519447	-1.5122177898519438
COG3319	-0.23642547102322578	0.23642547102322561
COG3321	1.1566733032279302	-1.1566733032279293
COG3323	1.4528436230579334	-1.4528436230579327
COG3325	-0.8812241343587784	0.8812241343587778
COG3326	-0.2859870050269336	0.28598700502693336
COG3327	1.994048930561002	-1.994048930561001
COG3328	-0.29863991836702297	0.29863991836702275
COG3331	0.19162622554636186	-0.19162622554636172
COG3333	0.491436895847824	-0.4914368958478237
COG3335	-1.6498968766284494	1.6498968766284476
COG3338	-0.6060616429527589	0.6060616429527582
COG3339	0.9866923756368554	-0.9866923756368552
COG3340	-1.1470913632368052	1.1470913632368045
COG3341	-0.6721696420470926	0.6721696420470922
COG3344	-0.5496014995913922	0.5496014995913917
COG3345	-1.0103331869808787	1.0103331869808776
COG3347	-1.1132054941995841	1.1132054941995835
COG3350	1.4076520178843996	-1.4076520178843988
COG3359	-0.9831706660996636	0.9831706660996626
COG3376	1.0340792295043635	-1.0340792295043628
COG3378	-1.5399637716702745	1.5399637716702732
COG3381	1.0723380588016165	-1.0723380588016158
COG3382	0.3773347575470939	-0.3773347575470936
COG3383	-0.5988416475562195	0.5988416475562188
COG3384	1.7070942058318481	-1.7070942058318475
COG3385	1.1859733378327475	-1.1859733378327468
COG3386	-1.1985921078857673	1.1985921078857664
COG3387	-1.6132240785248204	1.6132240785248189
COG3391	1.516654678787603	-1.5166546787876019
COG3392	0.9306569056462071	-0.9306569056462061
COG3394	0.6749396147242999	-0.6749396147242996
COG3395	0.4587817394059026	-0.4587817394059025
COG3396	1.1850663168973221	-1.1850663168973212
COG3397	0.5476983342329717	-0.5476983342329717
COG3401	-1.6286113109797764	1.628611310979775
COG3404	0.30510353227450954	-0.30510353227450976
COG3405	-0.19345940391917268	0.19345940391917255
COG3407	0.7447052353859926	-0.7447052353859924
COG3408	0.13260255241215285	-0.132602552412153
COG3409	-0.19421826551173704	0.1942182655117369
COG3410	0.7705088458150255	-0.7705088458150252
COG3411	-0.5573942543643619	0.5573942543643613
COG3412	0.8421540551947714	-0.842154055194771
COG3414	0.46370302747599984	-0.4637030274759995
COG3416	1.1131128738493097	-1.1131128738493092
COG3419	-0.5907100806369443	0.5907100806369439
COG3421	0.41302927797125644	-0.4130292779712566
COG3423	1.7227863934706573	-1.7227863934706564
COG3425	-0.35867358885103817	0.3586735888510377
COG3426	-0.018367549671733634	0.018367549671733624
COG3429	-0.7830340325283177	0.7830340325283172
COG3433	1.6391045467389422	-1.6391045467389411
COG3434	-0.6208980159505794	0.6208980159505789
COG3435	0.3775314186714599	-0.3775314186714594
COG3436	-0.6182125546724987	0.6182125546724982
COG3437	0.3836124540962454	-0.38361245409624534
COG3439	0.7053905609757843	-0.705390560975784
COG3440	0.5462421271308012	-0.5462421271308011
COG3442	0.9119822298803985	-0.911982229880398
COG3443	-1.2237591530400191	1.2237591530400178
COG3444	-0.2051846591459172	0.20518465914591705
COG3447	1.8354621555493331	-1.8354621555493322
COG3448	1.449702503546308	-1.449702503546307
COG3449	0.07631529039143639	-0.07631529039143634
COG3451	-0.4663227559595806	0.4663227559595803
COG3454	2.0459649994331093	-2.045964999433108
COG3455	1.1980973043450465	-1.1980973043450462
COG3456	1.6713315798184416	-1.6713315798184407
COG3457	0.6200672109645409	-0.6200672109645404
COG3458	0.7260102045108673	-0.7260102045108667
COG3459	-1.1470374147672293	1.1470374147672284
COG3464	-1.8584670826016452	1.8584670826016438
COG3467	-0.31859888050166973	0.3185988805016693
COG3468	1.0898831024572042	-1.0898831024572035
COG3470	0.7296949972373478	-0.7296949972373474
COG3472	-0.01026980676914261	0.010269806769142603
COG3475	-1.2639267811730024	1.2639267811730015
COG3477	0.5963732130164227	-0.5963732130164224
COG3479	-0.8766236989505576	0.8766236989505569
COG3480	0.3135485229986041	-0.31354852299860364
COG3481	-0.5960300768136066	0.5960300768136062
COG3484	0.794104175266441	-0.7941041752664406
COG3485	1.7268780608203318	-1.7268780608203307
COG3486	0.9694844663440054	-0.9694844663440048
COG3488	1.3748704323746315	-1.3748704323746308
COG3491	0.9510925382758613	-0.9510925382758606
COG3493	-0.7521418083479975	0.7521418083479969
COG3494	0.18563655802305848	-0.18563655802305834
COG3496	0.6405403377532638	-0.6405403377532636
COG3497	0.24650677023275064	-0.24650677023275072
COG3498	1.3325477580652094	-1.3325477580652085
COG3500	0.6188797949198936	-0.618879794919893
COG3501	1.2283939543853837	-1.2283939543853828
COG3505	-1.5291141462933184	1.5291141462933173
COG3506	0.8605502265335239	-0.8605502265335232
COG3507	1.14704535359204	-1.1470453535920393
COG3509	1.0185742964776314	-1.0185742964776308
COG3512	-1.0538589592163903	1.0538589592163894
COG3513	-1.2774585088834172	1.2774585088834163
COG3515	0.1744347977240554	-0.1744347977240553
COG3517	0.5142957717621814	-0.5142957717621813
COG3518	0.6675476269460365	-0.6675476269460361
COG3519	0.9009090478724551	-0.9009090478724542
COG3520	1.834158749208864	-1.834158749208863
COG3521	0.785172537200182	-0.7851725372001812
COG3522	2.0089952463520087	-2.0089952463520078
COG3523	1.5169813643183407	-1.5169813643183396
COG3524	0.9603213240136019	-0.9603213240136013
COG3525	1.5909264294975416	-1.5909264294975405
COG3527	0.2870118672941059	-0.28701186729410594
COG3528	-0.20659785334151784	0.2065978533415177
COG3529	1.8918235256370608	-1.89182352563706
COG3530	1.4530859379272365	-1.453085937927236
COG3533	-1.1227985194443721	1.1227985194443713
COG3534	0.27960639105532403	-0.2796063910553241
COG3535	-0.4393069051833013	0.43930690518330096
COG3537	0.8418072696566035	-0.8418072696566029
COG3538	-1.7796420952403376	1.779642095240336
COG3539	1.6394739498037112	-1.6394739498037105
COG3541	-1.0317136211618458	1.0317136211618447
COG3542	0.49188064653493285	-0.49188064653493274
COG3543	-0.2965556885831675	0.29655568858316705
COG3546	0.9019392056704291	-0.9019392056704284
COG3547	-1.3305822617538121	1.3305822617538108
COG3549	-0.22914004039559768	0.22914004039559752
COG3550	-0.25334989824089615	0.2533498982408957
COG3558	0.942423784321507	-0.9424237843215063
COG3560	0.6494499304858665	-0.6494499304858663
COG3561	1.3932561058733162	-1.3932561058733153
COG3562	0.9497737914678998	-0.949773791467899
COG3563	1.8371226812685582	-1.8371226812685566
COG3566	1.146904933173142	-1.1469049331731416
COG3567	1.0694306078692204	-1.0694306078692197
COG3568	-0.37274912242296676	0.37274912242296626
COG3570	-0.9978209821327516	0.9978209821327507
COG3572	0.9596310496486402	-0.9596310496486398
COG3576	1.8164659560601535	-1.8164659560601528
COG3579	1.2895658780252737	-1.2895658780252728
COG3580	0.9485914668670142	-0.948591466867014
COG3581	0.5926642769326069	-0.5926642769326065
COG3583	-1.4089829388189208	1.4089829388189195
COG3584	-0.9478409464584278	0.9478409464584271
COG3586	-0.2655322180678131	0.2655322180678127
COG3587	0.7338448677870955	-0.7338448677870951
COG3589	-1.2707026458736264	1.2707026458736255
COG3590	-0.6702921722076389	0.6702921722076384
COG3591	0.7739669683634326	-0.7739669683634325
COG3593	0.7727546408210445	-0.772754640821044
COG3594	-1.2131011363186344	1.2131011363186333
COG3596	1.3923343226385263	-1.3923343226385252
COG3598	-1.26256569261045	1.2625656926104492
COG3599	0.15087923187117305	-0.15087923187117294
COG3600	1.3764877649584812	-1.3764877649584804
COG3601	-0.01293321057137499	0.01293321057137498
COG3604	1.2341709215102827	-1.2341709215102825
COG3605	1.8036149126485475	-1.8036149126485466
COG3608	-1.1115971832503726	1.111597183250372
COG3610	0.8026954817521097	-0.8026954817521094
COG3611	1.6934954270470568	-1.693495427047056
COG3615	1.007525339651775	-1.0075253396517743
COG3616	-0.2506791718721025	0.2506791718721021
COG3617	-0.623764493553315	0.6237644935533145
COG3618	0.6660922383632677	-0.6660922383632673
COG3619	-0.5103552879602453	0.510355287960245
COG3622	0.8418798493772423	-0.8418798493772417
COG3623	0.21053784021462474	-0.21053784021462438
COG3624	1.4093751077490677	-1.409375107749067
COG3625	1.7784519951851827	-1.7784519951851816
COG3626	1.71077198944019	-1.7107719894401894
COG3627	1.00970436532856	-1.0097043653285596
COG3629	0.6288901094328149	-0.6288901094328142
COG3633	-1.245057866197003	1.2450578661970018
COG3634	0.20271265775043207	-0.20271265775043193
COG3635	-0.8759533677572757	0.8759533677572748
COG3636	-0.8888176911011528	0.8888176911011523
COG3637	-0.13408747337055882	0.13408747337055874
COG3638	0.5763166366085283	-0.5763166366085278
COG3639	-0.3257885781203897	0.32578857812038947
COG3640	-0.5858614282559637	0.585861428255963
COG3641	-1.5493386949467802	1.549338694946779
COG3643	-0.5526835197499397	0.5526835197499391
COG3645	-1.4376148857439364	1.4376148857439353
COG3646	-0.01874420034969026	0.01874420034969001
COG3647	1.4407563340939447	-1.4407563340939435
COG3649	0.563966737666536	-0.5639667376665359
COG3653	-0.5813480374597149	0.5813480374597142
COG3655	0.274886321615385	-0.27488632161538457
COG3659	0.649965949065273	-0.6499659490652726
COG3661	-1.1063618842114575	1.1063618842114564
COG3662	0.5897201425910746	-0.5897201425910744
COG3663	-0.6299350892060495	0.6299350892060488
COG3664	0.18277386425407857	-0.18277386425407846
COG3666	0.6582208740831145	-0.6582208740831142
COG3667	1.3230280510674364	-1.3230280510674355
COG3669	-0.5403002755959629	0.5403002755959624
COG3677	1.2629995255210897	-1.262999525521089
COG3678	1.450068140014919	-1.4500681400149178
COG3679	-0.7271881578888129	0.7271881578888124
COG3680	-1.604620281495241	1.60462028149524
COG3681	1.4485600906768268	-1.4485600906768261
COG3682	-1.9780673440346028	1.9780673440346017
COG3683	0.5769710143246445	-0.5769710143246443
COG3684	0.7966734078829353	-0.796673407882935
COG3685	1.766806192288131	-1.7668061922881309
COG3688	0.9842746049167352	-0.9842746049167348
COG3689	1.2855856437929205	-1.28558564379292
COG3691	-0.2432452087322944	0.243245208732294
COG3693	-0.6559274825648248	0.6559274825648241
COG3695	0.27469800599375105	-0.27469800599375105
COG3696	0.3250240414133367	-0.32502404141333646
COG3698	1.3984260292393202	-1.3984260292393191
COG3700	-0.04663298732607406	0.04663298732607379
COG3705	0.7151117117923251	-0.7151117117923247
COG3706	0.6181174104384413	-0.618117410438441
COG3707	1.8037625669775792	-1.803762566977578
COG3708	-0.41220811665319457	0.4122081166531943
COG3709	1.4664668754554169	-1.4664668754554164
COG3710	1.2750355306956036	-1.2750355306956027
COG3711	1.933321652086539	-1.9333216520865373
COG3712	-1.2428269335575646	1.2428269335575635
COG3713	1.0544473263939786	-1.0544473263939775
COG3714	0.9636925875892212	-0.9636925875892204
COG3715	0.2976465951757439	-0.29764659517574343
COG3716	-0.5633612511128022	0.5633612511128016
COG3717	-0.7680912256385617	0.7680912256385609
COG3718	-1.6263654367773557	1.626365436777354
COG3719	0.5000674624618872	-0.5000674624618868
COG3720	2.0439602822577814	-2.04396028225778
COG3722	0.3756164273824339	-0.37561642738243384
COG3723	1.3326858720082035	-1.3326858720082027
COG3724	0.7935721568276335	-0.7935721568276329
COG3725	0.829942103711829	-0.8299421037118285
COG3726	0.6184186380320537	-0.6184186380320532
COG3727	1.739793951424184	-1.7397939514241831
COG3728	-1.4453295691513393	1.4453295691513384
COG3730	1.287442970521083	-1.2874429705210826
COG3731	0.7312736420681009	-0.7312736420681005
COG3732	-0.6452860300733825	0.645286030073382
COG3733	1.5298520503247894	-1.5298520503247888
COG3734	-0.017231390798922542	0.01723139079892253
COG3735	-1.4982040116574504	1.4982040116574495
COG3738	-1.0492682849757236	1.0492682849757224
COG3740	0.20023360319628342	-0.20023360319628328
COG3746	-1.142834280363322	1.1428342803633211
COG3747	-1.0624015689938746	1.0624015689938735
COG3754	0.37566327847396636	-0.3756632784739661
COG3757	0.09020101710953965	-0.0902010171095396
COG3760	-0.7629769945645377	0.7629769945645372
COG3764	0.7820920855082563	-0.7820920855082557
COG3765	0.9821986360403492	-0.9821986360403486
COG3768	1.4599406516517217	-1.4599406516517213
COG3770	1.219077427729764	-1.2190774277297636
COG3772	1.9715405448762169	-1.9715405448762158
COG3773	-1.3638701772913417	1.3638701772913409
COG3774	0.10455889397484856	-0.10455889397484873
COG3775	-0.4229355683498975	0.42293556834989715
COG3778	0.9872289184578337	-0.987228918457833
COG3781	0.37692137344046456	-0.3769213734404648
COG3787	1.9645458183004778	-1.9645458183004765
COG3797	-0.5186443206108932	0.5186443206108926
COG3799	-0.2733840418279285	0.27338404182792814
COG3804	0.1414877954692235	-0.1414877954692236
COG3808	1.9932273078650709	-1.993227307865069
COG3817	-0.45836528259869197	0.4583652825986914
COG3819	-1.3544469115509448	1.3544469115509439
COG3822	-1.5901462907902033	1.590146290790202
COG3824	0.9191092864204562	-0.9191092864204559
COG3829	1.2234709738074157	-1.223470973807415
COG3830	0.11667790669080454	-0.11667790669080469
COG3833	-1.0100425341807773	1.0100425341807762
COG3835	-1.1244976071756465	1.1244976071756454
COG3836	1.0506979659209834	-1.0506979659209827
COG3837	0.21610117302133372	-0.2161011730213333
COG3839	-0.2927151135500713	0.29271511355007085
COG3840	0.6116455978340524	-0.6116455978340519
COG3842	-0.5882075563158908	0.5882075563158904
COG3843	-1.7922280626655307	1.792228062665529
COG3845	-1.526262297460086	1.5262622974600846
COG3848	-0.2447609787030869	0.24476097870308675
COG3852	0.401587063377234	-0.4015870633772337
COG3853	-0.6378658479754848	0.6378658479754842
COG3854	-1.8942734081277286	1.8942734081277273
COG3855	-1.5482851482619253	1.5482851482619238
COG3856	0.9940338742909098	-0.9940338742909096
COG3857	1.1196303332507207	-1.1196303332507205
COG3858	-1.913232205747018	1.9132322057470164
COG3859	-1.5658574188625785	1.5658574188625773
COG3862	-0.37383395075660975	0.37383395075660947
COG3864	0.14460656575722877	-0.14460656575722913
COG3866	-0.02972398000636362	0.029723980006363362
COG3867	-1.440211524007445	1.4402115240074436
COG3869	0.6554561922491478	-0.655456192249147
COG3870	-0.12571551668010045	0.12571551668010036
COG3871	-0.48739839882404273	0.4873983988240422
COG3872	-0.5249179132813828	0.5249179132813822
COG3875	-1.3165810625241767	1.3165810625241756
COG3876	-0.9344547742241673	0.9344547742241667
COG3878	-1.4196403432807765	1.4196403432807754
COG3879	1.0509193108549393	-1.0509193108549384
COG3880	1.3982373383002775	-1.3982373383002764
COG3882	-1.5823826316729255	1.5823826316729241
COG3884	-0.9675356828347005	0.9675356828346998
COG3886	0.46495352212316343	-0.4649535221231631
COG3887	-0.8770284399854867	0.8770284399854862
COG3892	1.1773972217415631	-1.1773972217415625
COG3894	-1.8016692814539066	1.8016692814539055
COG3896	0.15282117084247698	-0.1528211708424771
COG3899	-1.2990735011471808	1.29907350114718
COG3910	0.6753445560631866	-0.6753445560631859
COG3919	-0.36699917177553426	0.36699917177553404
COG3920	0.016445565057059214	-0.016445565057059203
COG3921	0.47035401271266347	-0.47035401271266364
COG3926	0.870576139233695	-0.8705761392336941
COG3933	0.3543220341308655	-0.35432203413086527
COG3934	-0.9363018797121748	0.9363018797121742
COG3935	-1.5000901154218624	1.5000901154218613
COG3938	-0.7285061307012384	0.7285061307012379
COG3940	-0.025101686705991604	0.02510168670599135
COG3941	0.001959286799842485	-0.00195928679984272
COG3942	0.41616185061774275	-0.4161618506177427
COG3943	0.7342205572176198	-0.7342205572176195
COG3944	0.5430634787047629	-0.543063478704763
COG3947	-0.9533456654252055	0.9533456654252048
COG3948	1.339987331033995	-1.3399873310339938
COG3949	-1.4435921398907279	1.4435921398907268
COG3950	-0.1763875766629674	0.17638757666296725
COG3952	0.31060235546660897	-0.31060235546660875
COG3953	0.7768456602513085	-0.776845660251308
COG3954	2.0002764003803675	-2.000276400380366
COG3956	-1.3117876696809554	1.3117876696809545
COG3957	1.815883371684663	-1.8158833716846616
COG3958	-1.8137975214583835	1.813797521458382
COG3959	-0.7485696349336496	0.7485696349336491
COG3960	0.5254634664495895	-0.5254634664495896
COG3961	0.5349863253320886	-0.5349863253320882
COG3962	-1.7968081997534682	1.7968081997534668
COG3964	1.932086325960642	-1.9320863259606411
COG3965	-1.0550321242594087	1.0550321242594078
COG3966	-1.337179256194239	1.3371792561942382
COG3968	0.014817396036717332	-0.014817396036717558
COG3969	1.1953747417612988	-1.1953747417612983
COG3971	0.20385759951593055	-0.20385759951593063
COG3972	-1.3095365986397614	1.30953659863976
COG3973	-0.1797300501116877	0.17973005011168758
COG3976	-0.017131633720910523	0.017131633720910273
COG3977	1.1820272578317506	-1.18202725783175
COG3979	0.9853515650109989	-0.9853515650109981
COG3980	-1.5394954917886439	1.5394954917886428
COG3981	1.090248000932048	-1.0902480009320479
COG4085	1.0250784450289634	-1.0250784450289632
COG4086	-1.3144371969677604	1.3144371969677593
COG4091	-0.42441013440157427	0.4244101344015737
COG4096	0.5516870509391764	-0.5516870509391759
COG4097	-0.18755601274897693	0.1875560127489768
COG4098	-0.7160075199453451	0.7160075199453445
COG4099	0.34925276631672153	-0.34925276631672153
COG4100	-1.2993425068596551	1.2993425068596542
COG4105	1.1496247751410522	-1.1496247751410515
COG4106	0.7470306137897724	-0.7470306137897719
COG4107	0.5966690190402163	-0.5966690190402164
COG4108	0.06045952945644588	-0.0604595294564456
COG4109	-0.25086614044806266	0.2508661404480625
COG4112	0.9146395941675056	-0.914639594167505
COG4114	1.6267061061675259	-1.6267061061675248
COG4115	0.49387322970109887	-0.493873229701099
COG4117	1.3093170329279664	-1.3093170329279658
COG4120	-1.3740167731114237	1.3740167731114226
COG4121	0.6967692087593425	-0.6967692087593425
COG4122	1.057684888401466	-1.0576848884014654
COG4123	-1.0422395699460285	1.0422395699460276
COG4124	-1.5213744928375301	1.521374492837529
COG4125	-0.18693405979005606	0.18693405979005592
COG4126	0.5553455503559772	-0.5553455503559769
COG4127	-1.5933761353253921	1.593376135325391
COG4129	-1.2159768439635488	1.2159768439635477
COG4130	0.6980883823110193	-0.6980883823110189
COG4132	-0.4058612767497761	0.40586127674977585
COG4134	1.9664161397806057	-1.9664161397806046
COG4135	1.0110641661184694	-1.0110641661184687
COG4137	-0.062472544021216624	0.062472544021216575
COG4138	-0.8776167441718384	0.8776167441718378
COG4139	-0.16681685625540643	0.1668168562554063
COG4143	0.28309499102061825	-0.2830949910206183
COG4145	1.182447697009991	-1.1824476970099904
COG4146	0.5616008687108377	-0.5616008687108374
COG4147	1.1106442974933723	-1.110644297493372
COG4148	0.8122244716938973	-0.812224471693897
COG4149	1.4374560457815548	-1.4374560457815542
COG4150	1.268244618486685	-1.2682446184866845
COG4152	0.7036074069689345	-0.703607406968934
COG4154	1.2339835996241215	-1.2339835996241209
COG4158	0.04058325742302602	-0.04058325742302623
COG4160	1.0430157774043676	-1.043015777404367
COG4166	0.12751994584080412	-0.127519945840804
COG4168	-0.43401544439821393	0.4340154443982134
COG4171	1.4579927876506256	-1.457992787650625
COG4172	-0.35661570071860615	0.3566157007186059
COG4174	1.60035400873343	-1.600354008733429
COG4175	-0.3119412942847148	0.31194129428471457
COG4176	0.1217088347394597	-0.12170883473945986
COG4177	1.5510311472478664	-1.5510311472478655
COG4178	0.628212467696814	-0.6282124676968138
COG4181	0.5317552645028762	-0.5317552645028759
COG4185	0.4223426274119238	-0.42234262741192347
COG4186	0.5416841986794976	-0.5416841986794972
COG4189	-0.2595911506708027	0.2595911506708025
COG4191	1.643233890904864	-1.643233890904863
COG4192	1.0546880266842187	-1.054688026684218
COG4193	1.3404038394251965	-1.3404038394251956
COG4194	0.41224010163997843	-0.4122401016399781
COG4198	-1.6412220094601078	1.6412220094601067
COG4199	-0.6272837293753237	0.6272837293753233
COG4200	-1.1083810560523317	1.1083810560523304
COG4206	-0.6598140588979627	0.659814058897962
COG4208	-0.8349571964408475	0.834957196440847
COG4209	-1.5399797995215143	1.5399797995215132
COG4211	-1.0947711079811127	1.0947711079811118
COG4213	1.23972811169149	-1.239728111691489
COG4214	-1.67370451108099	1.6737045110809892
COG4215	1.3063089855946517	-1.306308985594651
COG4219	-0.5253793932678403	0.5253793932678398
COG4221	0.2664732586105959	-0.2664732586105955
COG4222	1.2029952319585453	-1.2029952319585444
COG4225	0.4671151467755155	-0.4671151467755149
COG4226	-0.1541426853183636	0.15414268531836323
COG4227	0.2543865695086925	-0.2543865695086923
COG4228	1.0511252433276843	-1.0511252433276836
COG4229	0.8614792423227097	-0.8614792423227093
COG4230	1.1489188563140649	-1.1489188563140644
COG4231	0.1404320027871988	-0.14043200278719872
COG4232	1.59075353415446	-1.5907535341544592
COG4233	0.6186658597007038	-0.6186658597007033
COG4235	0.9328228659899751	-0.9328228659899742
COG4239	1.8254874509069268	-1.825487450906925
COG4241	-0.38394677717675696	0.3839467771767567
COG4243	0.055243224674790876	-0.05524322467479108
COG4245	-0.8629026370344931	0.8629026370344925
COG4248	-0.18459105258932143	0.1845910525893213
COG4249	0.2951693092144792	-0.29516930921447876
COG4253	1.7019849404686795	-1.7019849404686784
COG4258	0.6521747210100377	-0.6521747210100373
COG4260	-1.6201828551632842	1.620182855163283
COG4261	0.2045558681864682	-0.20455586818646831
COG4262	-0.45335764989900795	0.4533576498990074
COG4264	-0.18279420022920945	0.1827942002292093
COG4267	-1.8619254133897805	1.861925413389779
COG4268	-1.226328308000604	1.226328308000603
COG4269	1.3534475311842074	-1.353447531184207
COG4277	-0.798362238196173	0.7983622381961725
COG4279	0.5913989146481596	-0.591398914648159
COG4283	0.8741194072642472	-0.8741194072642466
COG4284	1.4539851161651367	-1.4539851161651356
COG4286	-0.46357440525735266	0.46357440525735233
COG4289	1.6728068041316009	-1.6728068041316
COG4295	-0.2718582316004293	0.2718582316004291
COG4299	-1.6349740661064074	1.6349740661064058
COG4302	-0.07975501998816004	0.07975501998815974
COG4303	-0.6173734120031387	0.6173734120031382
COG4320	-0.4665538857358299	0.46655388573582957
COG4325	0.6974000747746729	-0.6974000747746728
COG4332	1.628501575303251	-1.62850157530325
COG4335	-0.6343057745765617	0.6343057745765612
COG4336	-0.3982818712374835	0.3982818712374832
COG4354	-0.7388732490835842	0.7388732490835836
COG4372	-0.5650032837334699	0.5650032837334692
COG4373	1.8606754265482164	-1.8606754265482148
COG4377	-1.1279727612050232	1.1279727612050223
COG4379	0.7095700460817327	-0.7095700460817322
COG4381	0.8275655618405023	-0.827565561840502
COG4383	-1.0913113689014777	1.0913113689014768
COG4384	1.0941310743164285	-1.0941310743164276
COG4385	1.5639928569245973	-1.5639928569245967
COG4386	1.3480881273610872	-1.348088127361086
COG4393	0.2838009996938508	-0.2838009996938511
COG4397	-1.0508546535120833	1.0508546535120822
COG4403	-0.09643822722250671	0.09643822722250664
COG4405	0.9905065309965255	-0.9905065309965253
COG4409	0.22271664269304936	-0.2227166426930492
COG4412	-1.0405551666618067	1.0405551666618058
COG4413	0.23112673885736237	-0.23112673885736199
COG4420	-0.23688387101583847	0.2368838710158383
COG4422	0.7720123025531268	-0.7720123025531263
COG4430	0.805262770949956	-0.8052627709499557
COG4443	-0.07049299158585122	0.07049299158585093
COG4445	0.8922198528399989	-0.8922198528399983
COG4452	-0.28694101007892214	0.2869410100789219
COG4453	0.4972880073601656	-0.49728800736016526
COG4463	-0.8948621334810972	0.8948621334810964
COG4464	-0.8454491440910854	0.8454491440910846
COG4465	-1.3730085553243214	1.37300855532432
COG4468	-0.2503018914607427	0.25030189146074233
COG4469	-1.4765552428147204	1.476555242814719
COG4470	-1.3093851164142345	1.3093851164142332
COG4472	-1.804182681042775	1.8041826810427732
COG4473	0.09271942202099402	-0.0927194220209942
COG4475	-1.2203924579006025	1.2203924579006014
COG4477	-0.8857761924762328	0.885776192476232
COG4481	-1.4460019849804266	1.4460019849804255
COG4485	-1.6366992454911045	1.6366992454911031
COG4487	0.20291127038267984	-0.2029112703826797
COG4492	-1.3180152135470125	1.3180152135470116
COG4496	-1.6298945749852352	1.629894574985234
COG4502	-1.1175701392259225	1.1175701392259216
COG4506	-0.30440819900392396	0.30440819900392374
COG4509	-0.18816301932801371	0.18816301932801358
COG4512	-1.5638016305152278	1.5638016305152267
COG4521	1.7128475334445428	-1.7128475334445417
COG4529	-0.14985197003219927	0.14985197003219894
COG4531	1.6464569130597206	-1.64645691305972
COG4533	0.967668104519929	-0.9676681045199288
COG4535	0.7878780095889647	-0.7878780095889644
COG4536	1.0299355009066826	-1.0299355009066822
COG4540	0.8183497374598818	-0.8183497374598815
COG4542	1.9661875072473791	-1.9661875072473778
COG4548	-1.5173468087590634	1.517346808759062
COG4552	0.8157741354897945	-0.8157741354897939
COG4555	0.5675593427425363	-0.5675593427425358
COG4558	0.14200508363273331	-0.14200508363273368
COG4559	0.8622103811045382	-0.8622103811045375
COG4565	1.4288201616989347	-1.4288201616989338
COG4567	0.514298277507906	-0.5142982775079057
COG4569	-0.6512659495498956	0.6512659495498949
COG4570	0.29567487913844465	-0.29567487913844465
COG4571	1.6730279476052612	-1.67302794760526
COG4573	1.6416918407749372	-1.641691840774936
COG4575	0.6404632206093048	-0.6404632206093044
COG4576	-0.319273026604734	0.31927302660473356
COG4577	0.011044959068211409	-0.011044959068211638
COG4579	1.4381740428175107	-1.4381740428175096
COG4580	0.08014710991289734	-0.08014710991289704
COG4581	0.9881604817233715	-0.9881604817233705
COG4582	-0.7449152207769224	0.7449152207769218
COG4584	-0.27109529338752747	0.2710952933875273
COG4585	1.0967099298503866	-1.0967099298503864
COG4586	-0.18618779325674054	0.1861877932567404
COG4587	-0.8611217258994022	0.8611217258994013
COG4589	-0.08477256342118611	0.08477256342118605
COG4590	0.21240709666512292	-0.212407096665123
COG4591	0.8151036000878308	-0.8151036000878304
COG4592	0.8736595003118616	-0.8736595003118607
COG4597	1.5533000534467725	-1.5533000534467714
COG4598	0.44291653501795375	-0.4429165350179532
COG4603	-0.4572957349290972	0.45729573492909664
COG4604	0.8368219170450856	-0.8368219170450852
COG4605	-1.2545414563316826	1.2545414563316817
COG4606	0.5352255422714425	-0.5352255422714424
COG4607	-0.4881742082929623	0.48817420829296193
COG4608	-0.015513341095483251	0.01551334109548324
COG4615	1.720365164022779	-1.720365164022778
COG4619	0.6523036325120266	-0.6523036325120259
COG4623	-1.7543618806968932	1.754361880696892
COG4624	-1.1875351364074491	1.1875351364074485
COG4626	-0.6329823172630133	0.6329823172630129
COG4632	-1.1874353967791493	1.187435396779148
COG4635	1.763803229345614	-1.7638032293456132
COG4636	-0.3291397661769556	0.3291397661769554
COG4637	-0.8569427851493835	0.8569427851493827
COG4638	0.8984649359151714	-0.8984649359151707
COG4639	0.7693334013351749	-0.7693334013351741
COG4640	-0.515259329453368	0.5152593294533675
COG4641	-1.9474410567638885	1.9474410567638871
COG4643	1.7507868234609179	-1.7507868234609165
COG4644	1.0003600820566578	-1.0003600820566572
COG4646	-0.5147915387190658	0.5147915387190652
COG4650	1.1269073715545013	-1.126907371554501
COG4651	-0.4562686304626262	0.45626863046262567
COG4653	0.17654725332290674	-0.1765472533229066
COG4656	-1.0965608688337427	1.096560868833742
COG4657	-0.3962808579411021	0.39628085794110185
COG4658	-1.5299337127952108	1.5299337127952095
COG4659	0.3878017683491653	-0.387801768349165
COG4660	0.1543931877125386	-0.15439318771253874
COG4666	-1.0185024550601942	1.0185024550601935
COG4667	0.8930647325833708	-0.8930647325833704
COG4668	0.6691238051320078	-0.6691238051320074
COG4670	1.2507790711762792	-1.2507790711762783
COG4674	0.14679651552355782	-0.14679651552355774
COG4675	0.04727428912400923	-0.04727428912400897
COG4677	-1.8022963084107386	1.8022963084107373
COG4679	1.2448573453904719	-1.2448573453904714
COG4681	0.8454068981931376	-0.8454068981931369
COG4682	0.848389424325542	-0.8483894243255417
COG4683	0.9945015232654685	-0.9945015232654683
COG4684	-0.3531090824991617	0.35310908249916145
COG4685	1.992524198783593	-1.9925241987835913
COG4687	-1.2356137578478585	1.2356137578478579
COG4688	1.2610697276568759	-1.2610697276568754
COG4690	-0.7890456716630616	0.789045671663061
COG4692	1.2413683495368735	-1.2413683495368728
COG4693	-1.2421780730606296	1.2421780730606284
COG4695	-1.152450393594669	1.1524503935946682
COG4708	-1.335185343933628	1.3351853439336268
COG4713	-0.6373654328349216	0.637365432834921
COG4716	-1.2139109601330584	1.2139109601330573
COG4717	1.1937822289734317	-1.1937822289734308
COG4720	-1.0796977381376223	1.0796977381376216
COG4721	-0.3432507521880263	0.34325075218802603
COG4723	1.6141187150249248	-1.614118715024924
COG4724	-0.017927057189842083	0.01792705718984207
COG4725	-0.4865783580334095	0.48657835803340893
COG4728	-1.4889391788903494	1.4889391788903483
COG4732	-1.0793295837858545	1.0793295837858534
COG4733	1.6628627431152945	-1.6628627431152931
COG4735	1.2600992875414694	-1.2600992875414685
COG4739	-0.8280822767730673	0.8280822767730667
COG4744	1.278227040503546	-1.2782270405035452
COG4747	-0.44340484259286367	0.44340484259286317
COG4748	-0.4323025835592109	0.4323025835592106
COG4750	-1.5215367538683182	1.5215367538683167
COG4753	-1.0488906247541478	1.048890624754147
COG4763	1.5361348460963893	-1.5361348460963884
COG4766	0.7917141731064353	-0.7917141731064348
COG4767	0.8063892750362701	-0.8063892750362693
COG4769	0.0845748048018643	-0.08457480480186425
COG4770	-0.34443393786386295	0.34443393786386245
COG4771	0.36483892172847754	-0.36483892172847726
COG4772	1.487678828862575	-1.487678828862574
COG4773	0.7922722369343383	-0.7922722369343376
COG4774	-0.07480777037236415	0.07480777037236386
COG4775	0.3236908306951202	-0.3236908306951202
COG4776	1.1015855135803865	-1.1015855135803856
COG4778	0.9176588919462914	-0.9176588919462909
COG4779	1.7155853083629746	-1.715585308362974
COG4783	0.9387273735336396	-0.9387273735336393
COG4785	0.8268551794794473	-0.8268551794794466
COG4786	-1.511708344326167	1.5117083443261656
COG4795	1.508362714248919	-1.508362714248918
COG4796	0.6816923309096823	-0.6816923309096823
COG4797	1.4136460045444859	-1.413646004544485
COG4799	1.4653084143724546	-1.4653084143724537
COG4804	-0.04782366347458741	0.04782366347458714
COG4805	0.33452069511718807	-0.33452069511718807
COG4806	-0.6852358756057099	0.6852358756057092
COG4808	0.35483976616954077	-0.354839766169541
COG4810	-0.6920216263091967	0.6920216263091963
COG4811	-0.9892325791676073	0.9892325791676065
COG4812	1.4024130519436657	-1.4024130519436648
COG4814	-0.6156178411976148	0.6156178411976143
COG4816	1.191159854221911	-1.1911598542219106
COG4819	0.7923250439092733	-0.7923250439092729
COG4820	0.07446114990103478	-0.07446114990103449
COG4821	1.2965725184035843	-1.296572518403584
COG4822	0.8957962608674568	-0.8957962608674563
COG4823	-0.8400718591220341	0.8400718591220334
COG4824	-0.13332155982138985	0.13332155982138974
COG4826	-0.40804669619263995	0.4080466961926394
COG4832	-0.021201209504759427	0.021201209504759174
COG4833	0.8455365044569985	-0.8455365044569981
COG4834	0.23307684508829993	-0.23307684508829976
COG4842	1.3426375325095026	-1.3426375325095021
COG4845	-0.16833441153958187	0.1683344115395815
COG4849	0.16793656146446495	-0.16793656146446462
COG4850	1.2955382801441577	-1.2955382801441568
COG4856	0.4360235520423977	-0.4360235520423976
COG4857	-0.5780318372359946	0.5780318372359939
COG4862	0.4248749394682811	-0.42487493946828053
COG4864	-0.4080997516875047	0.4080997516875044
COG4865	-1.7345733479410137	1.7345733479410126
COG4866	-1.3132691557763359	1.313269155776335
COG4868	-1.5172670930672645	1.517267093067263
COG4869	-0.21700164159282603	0.21700164159282562
COG4870	-0.9327394537868376	0.9327394537868368
COG4874	-1.1451822230386892	1.1451822230386883
COG4878	1.6125337936667703	-1.6125337936667692
COG4880	-1.7235007550597274	1.723500755059726
COG4886	0.6428976118219976	-0.6428976118219976
COG4887	-0.274393851296145	0.2743938512961446
COG4889	0.22257903502935594	-0.22257903502935603
COG4894	-1.5120579886204415	1.51205798862044
COG4905	1.306380621944724	-1.3063806219447236
COG4907	0.3066852114479364	-0.3066852114479367
COG4909	-0.9405481260049685	0.9405481260049676
COG4910	0.11940574901638187	-0.11940574901638203
COG4912	-1.3980372709616913	1.3980372709616902
COG4913	-0.26918724771640024	0.2691872477164
COG4917	-0.5708778514539299	0.5708778514539292
COG4922	1.0363791220340992	-1.0363791220340985
COG4924	-0.3418893187562575	0.34188931875625705
COG4926	-0.6684559956481134	0.6684559956481129
COG4927	1.279340348281176	-1.279340348281175
COG4928	-1.7731415902496666	1.7731415902496652
COG4930	-0.9853410541965957	0.9853410541965947
COG4932	-0.5208777757348821	0.5208777757348818
COG4933	0.6269387573690739	-0.6269387573690735
COG4936	0.11160126031438064	-0.11160126031438056
COG4938	-1.0000308871602421	1.0000308871602412
COG4942	-0.5191029167059883	0.5191029167059878
COG4943	1.794929327263833	-1.7949293272638311
COG4946	0.18067325540535725	-0.18067325540535736
COG4947	0.05505071116997598	-0.05505071116997641
COG4948	-0.5816504357038645	0.5816504357038639
COG4951	0.2846081557033634	-0.2846081557033634
COG4953	1.3869458415181897	-1.386945841518189
COG4956	-1.0960068599949901	1.0960068599949893
COG4962	0.025310135831901774	-0.025310135831901757
COG4964	-0.9946522959104206	0.9946522959104197
COG4969	1.1459594439365992	-1.1459594439365985
COG4972	-0.5862443276164256	0.586244327616425
COG4973	0.5364713365640253	-0.5364713365640255
COG4974	1.256025092555573	-1.256025092555572
COG4975	0.8269442752183415	-0.8269442752183409
COG4977	0.22850024532773802	-0.22850024532773786
COG4978	-0.7787217959765838	0.7787217959765832
COG4981	0.583809325924149	-0.5838093259241486
COG4982	1.4230947475110403	-1.4230947475110396
COG4983	-1.0975650696848622	1.0975650696848616
COG4985	1.5209411215507098	-1.5209411215507087
COG4986	0.8719800654736597	-0.8719800654736592
COG4987	1.5914676818297802	-1.5914676818297795
COG4988	1.1598846555613151	-1.1598846555613143
COG4989	0.2773818557500703	-0.27738185575007035
COG4990	0.3919638664894496	-0.39196386648944953
COG4992	1.6162445579035367	-1.616244557903536
COG4993	1.9052946463758538	-1.9052946463758524
COG4999	1.6978351640341984	-1.6978351640341973
COG5000	1.0151771446069366	-1.015177144606936
COG5001	0.23630461838917682	-0.23630461838917666
COG5002	1.4556671161238044	-1.4556671161238035
COG5006	-0.0050652801158187835	0.005065280115818543
COG5009	-0.8505409856862809	0.8505409856862801
COG5011	-1.6599093847126265	1.6599093847126254
COG5012	-0.6800843654421637	0.6800843654421631
COG5013	0.6038954904353152	-0.6038954904353152
COG5015	-1.631023886145175	1.6310238861451738
COG5016	0.0014195818573366171	-0.0014195818573368524
COG5026	-0.7692605960196653	0.7692605960196646
COG5039	-0.0921724414750687	0.09217244147506863
COG5263	-0.9081636990710672	0.9081636990710665
COG5266	1.2051107318334262	-1.2051107318334258
COG5267	-0.34626782571091286	0.3462678257109126
COG5276	1.3102389899641813	-1.3102389899641802
COG5279	-0.22849510335110162	0.22849510335110146
COG5280	-0.7468395104117618	0.7468395104117612
COG5281	1.2997200934212767	-1.2997200934212758
COG5282	0.9333140470212035	-0.9333140470212028
COG5283	-0.5551642019129407	0.55516420191294
COG5285	0.24308052623542917	-0.24308052623542922
COG5295	-1.0660107366603662	1.066010736660365
COG5301	0.6027640464840639	-0.6027640464840635
COG5324	1.5380358379888464	-1.5380358379888457
COG5339	1.495297081758262	-1.495297081758261
COG5340	0.35601060104194043	-0.35601060104194016
COG5341	-1.4542138038340808	1.4542138038340795
COG5361	-1.0366636800164646	1.0366636800164637
COG5368	-0.9340871832352181	0.9340871832352174
COG5373	-0.34975084938310136	0.34975084938310114
COG5377	-1.7725218514884298	1.7725218514884284
COG5383	1.7306360904762053	-1.7306360904762041
COG5405	1.3604555177471447	-1.3604555177471442
COG5412	-1.8797018884076266	1.8797018884076253
COG5426	-1.1077444587236172	1.1077444587236165
COG5427	0.6627843576408804	-0.6627843576408798
COG5430	1.2153064368213593	-1.2153064368213584
COG5433	-1.0395238055072267	1.0395238055072256
COG5434	-0.8328585019682074	0.8328585019682068
COG5437	-1.598956822416461	1.5989568224164596
COG5438	-1.5433926964579694	1.543392696457968
COG5441	0.5507452081380917	-0.5507452081380917
COG5445	1.4247471580792228	-1.4247471580792217
COG5449	-0.6955488307199881	0.6955488307199874
COG5463	-0.3545047291097398	0.35450472910973935
COG5464	1.4903709216437793	-1.4903709216437782
COG5476	-1.0643036820101368	1.0643036820101357
COG5484	-0.9640968351511209	0.96409683515112
COG5492	0.7781170877551203	-0.7781170877551202
COG5495	-1.2881232348425327	1.2881232348425316
COG5496	-1.413652816015118	1.413652816015117
COG5499	0.3673310920848058	-0.3673310920848053
COG5504	-1.53576212346953	1.5357621234695287
COG5505	-0.14820818055190918	0.1482081805519091
COG5511	-0.12424040791077094	0.12424040791077062
COG5512	0.7124971268884077	-0.7124971268884077
COG5518	1.1844620876913186	-1.1844620876913183
COG5519	-0.3590180131328479	0.3590180131328477
COG5520	-0.07843382845915285	0.0784338284591528
COG5522	0.7271308680801405	-0.7271308680801405
COG5523	-1.3313130456721014	1.3313130456721003
COG5525	1.445610247547621	-1.44561024754762
COG5527	-0.9181633229765593	0.9181633229765584
COG5529	0.2960894603103646	-0.29608946031036487
COG5532	0.11453245116923769	-0.1145324511692376
COG5545	0.8949755852189284	-0.894975585218928
COG5553	0.4903191174399435	-0.49031911743994316
COG5557	-0.08028565124032189	0.0802856512403216
COG5564	-0.6039918010089687	0.6039918010089683
COG5571	1.4822714001211563	-1.4822714001211557
COG5577	-1.1178823631184154	1.1178823631184147
COG5579	-1.8324309297752357	1.8324309297752341
COG5585	1.3187719902803434	-1.3187719902803423
COG5587	-0.008241171720373346	0.008241171720373103
COG5598	-0.9589777322672244	0.9589777322672237
COG5618	-0.5335437448793328	0.5335437448793324
COG5620	-1.3871843162163593	1.3871843162163584
COG5632	-0.37978628523104313	0.37978628523104263
COG5635	0.04671081097610894	-0.04671081097610915
COG5645	1.6769816570667773	-1.6769816570667762
COG5652	-0.8903772354980329	0.8903772354980323
COG5658	0.17622437991457493	-0.17622437991457482
ENOG410XNME	0.7332093555613548	-0.733209355561354
ENOG410XNMH	-0.41924024548137584	0.41924024548137556
ENOG410XNMK	0.07076889327666261	-0.0707688932766628
ENOG410XNMP	-1.1804628236421766	1.180462823642176
ENOG410XNMQ	0.05113600983392654	-0.051136009833926736
ENOG410XNMX	-0.10967783208311481	0.10967783208311473
ENOG410XNN3	0.6210374548235734	-0.6210374548235732
ENOG410XNN9	-0.27214036199741737	0.27214036199741715
ENOG410XNNB	1.795871068413057	-1.7958710684130559
ENOG410XNNF	1.8304251978120465	-1.8304251978120456
ENOG410XNNK	-0.9713168461491268	0.9713168461491261
ENOG410XNNM	-0.5603226327644957	0.5603226327644953
ENOG410XNNT	-0.6318082826677793	0.6318082826677789
ENOG410XNNV	1.631868167410489	-1.6318681674104878
ENOG410XNNX	0.02856842291748611	-0.02856842291748633
ENOG410XNP4	0.09258863286150443	-0.09258863286150483
ENOG410XNP9	-0.34619647635691186	0.3461964763569114
ENOG410XNPF	-1.0556639825683192	1.0556639825683185
ENOG410XNPK	-1.8160903674433129	1.8160903674433122
ENOG410XNPQ	-1.128804163141464	1.1288041631414634
ENOG410XNPT	0.008914920878935596	-0.008914920878935827
ENOG410XNPU	-0.5013596879725611	0.5013596879725606
ENOG410XNPZ	1.2065311984914766	-1.206531198491476
ENOG410XNQ2	-0.024877197399787658	0.024877197399787637
ENOG410XNQ6	0.5103365015680373	-0.5103365015680372
ENOG410XNQA	0.9681885492549495	-0.9681885492549488
ENOG410XNQB	-0.685639766629167	0.6856397666291665
ENOG410XNQF	0.35578969134338845	-0.3557896913433882
ENOG410XNQI	-0.052895622836574493	0.05289562283657445
ENOG410XNQK	0.4028865030624049	-0.40288650306240487
ENOG410XNQT	-0.0758789613487906	0.07587896134879031
ENOG410XNR2	-0.5278158654702104	0.5278158654702098
ENOG410XNR3	0.2528608367009671	-0.25286083670096665
ENOG410XNR6	0.8620586265103801	-0.8620586265103798
ENOG410XNRI	-0.8107903633224388	0.8107903633224381
ENOG410XNRQ	0.5554864670602857	-0.5554864670602856
ENOG410XNRW	1.014924228587533	-1.0149242285875326
ENOG410XNS5	0.12937545385598703	-0.12937545385598717
ENOG410XNSE	0.6510044402863425	-0.6510044402863421
ENOG410XNSI	-1.5345132012143694	1.534513201214368
ENOG410XNSZ	-0.619836513813023	0.6198365138130225
ENOG410XNT3	-1.4640555782331703	1.464055578233169
ENOG410XNTB	0.5899539941258152	-0.589953994125815
ENOG410XNTH	0.43916129529225706	-0.43916129529225656
ENOG410XNTK	-1.3413875928887653	1.341387592888764
ENOG410XNTV	-0.2931971842628119	0.29319718426281166
ENOG410XNTZ	-0.07003107168422952	0.07003107168422948
ENOG410XNUC	-1.1424152840753712	1.1424152840753699
ENOG410XNUH	-1.0870967393722455	1.0870967393722444
ENOG410XNUJ	-0.31990007730576525	0.31990007730576503
ENOG410XNUN	1.7287567455263344	-1.7287567455263337
ENOG410XNV1	-0.028792811604805117	0.02879281160480486
ENOG410XNVA	-0.40649115884301623	0.4064911588430159
ENOG410XNVB	0.42298211130957497	-0.4229821113095744
ENOG410XNVC	0.4544904272642716	-0.45449042726427125
ENOG410XNVE	-0.028303153461869256	0.028303153461869235
ENOG410XNVK	0.9214721947184777	-0.9214721947184771
ENOG410XNVM	0.5163645619386187	-0.5163645619386186
ENOG410XNVN	-0.6370236372436648	0.6370236372436644
ENOG410XNVP	-0.6455085285303505	0.6455085285303498
ENOG410XNVS	-0.5247659127711701	0.5247659127711695
ENOG410XNVW	-0.6557701320157383	0.6557701320157376
ENOG410XNW1	-1.0996925200167118	1.099692520016711
ENOG410XNW5	0.8781600398130357	-0.8781600398130351
ENOG410XNW6	-0.8630325981615129	0.863032598161512
ENOG410XNWD	-1.5874226413314696	1.5874226413314685
ENOG410XNWE	0.8787641319681994	-0.8787641319681992
ENOG410XNWS	-1.1442947383881774	1.1442947383881763
ENOG410XNWU	0.3381035668863687	-0.3381035668863687
ENOG410XNWW	0.8389533553340347	-0.8389533553340344
ENOG410XNX2	0.6214140126904367	-0.6214140126904365
ENOG410XNX3	0.34625573992302566	-0.34625573992302544
ENOG410XNXE	-1.593708862386209	1.593708862386208
ENOG410XNXF	0.43325869777135234	-0.43325869777135206
ENOG410XNXG	0.7169904106510472	-0.7169904106510468
ENOG410XNXZ	-1.2520869900240288	1.2520869900240275
ENOG410XNYD	-0.8105663619553758	0.8105663619553751
ENOG410XNYE	-1.4310191204670952	1.4310191204670943
ENOG410XNYS	-1.6441622535493507	1.6441622535493496
ENOG410XNYU	2.1075037223552306	-2.1075037223552293
ENOG410XNYY	-1.0057630695088882	1.0057630695088873
ENOG410XNZB	1.1431863407433542	-1.1431863407433538
ENOG410XNZD	0.20897495266918695	-0.20897495266918728
ENOG410XNZF	1.54947555832001	-1.5494755583200093
ENOG410XNZG	-0.11371168772877584	0.11371168772877552
ENOG410XNZJ	0.7109941172849823	-0.710994117284982
ENOG410XNZQ	-0.3106187237838056	0.3106187237838052
ENOG410XNZR	-1.1252388007835892	1.1252388007835883
ENOG410XNZT	1.1621036957593178	-1.162103695759317
ENOG410XNZW	-0.7682492707869417	0.7682492707869409
ENOG410XNZX	-1.694004919651876	1.694004919651875
ENOG410XP02	1.4666282190838127	-1.4666282190838118
ENOG410XP0R	0.8201666273205735	-0.8201666273205731
ENOG410XP1B	0.21128527722027277	-0.21128527722027285
ENOG410XP1K	-0.12840416441883643	0.12840416441883634
ENOG410XP27	-0.14670690848179738	0.14670690848179702
ENOG410XP28	0.1085236254914542	-0.10852362549145436
ENOG410XP2B	1.4579525574326642	-1.4579525574326635
ENOG410XP2F	0.3558227666364329	-0.35582276663643264
ENOG410XP2G	0.5267886280059061	-0.5267886280059055
ENOG410XP2I	0.6740087962251846	-0.6740087962251842
ENOG410XP2N	-0.885313036652113	0.8853130366521125
ENOG410XP2U	1.1918956596381194	-1.1918956596381185
ENOG410XP2Y	0.8039333166655274	-0.8039333166655267
ENOG410XP33	-0.40391892104060995	0.40391892104060967
ENOG410XP36	2.039687662017233	-2.039687662017231
ENOG410XP3B	-1.1916953094117777	1.191695309411777
ENOG410XP3G	1.1462586156225303	-1.1462586156225298
ENOG410XP3K	0.03269483227891825	-0.03269483227891823
ENOG410XP3M	0.37738636924011865	-0.3773863692401186
ENOG410XP3Q	-1.2502331819441177	1.2502331819441164
ENOG410XP3R	1.6995917831194283	-1.6995917831194272
ENOG410XP3U	-1.8709839010418932	1.8709839010418916
ENOG410XP44	-0.7462842351112413	0.7462842351112405
ENOG410XP48	-1.4039006121349538	1.4039006121349524
ENOG410XP49	-0.144182997934524	0.1441829979345239
ENOG410XP4A	-0.07686788545454083	0.07686788545454078
ENOG410XP4R	-0.08990208046121696	0.0899020804612169
ENOG410XP53	0.38049458326088836	-0.3804945832608881
ENOG410XP54	0.07208875053642709	-0.07208875053642728
ENOG410XP56	-1.76660944350451	1.7666094435045079
ENOG410XP57	-0.8919584785739781	0.8919584785739775
ENOG410XP59	-1.4676932124764464	1.4676932124764452
ENOG410XP5M	-1.1706103220153732	1.1706103220153725
ENOG410XP5N	-1.5548321700537941	1.5548321700537928
ENOG410XP5P	-0.6365786475908856	0.6365786475908849
ENOG410XP5S	-0.7091961484357461	0.7091961484357453
ENOG410XP5Y	-0.11451686361931651	0.11451686361931643
ENOG410XP61	-0.43455361589165326	0.4345536158916527
ENOG410XP63	1.3702645857428983	-1.3702645857428974
ENOG410XP6B	-1.3068773640707916	1.3068773640707905
ENOG410XP6M	-1.2568465624890461	1.2568465624890452
ENOG410XP6N	-1.5011286169468219	1.5011286169468208
ENOG410XP70	0.5266945608203405	-0.5266945608203404
ENOG410XP71	-1.2251183625602617	1.2251183625602604
ENOG410XP72	-0.9373638044240054	0.9373638044240045
ENOG410XP7C	1.3160206640021466	-1.3160206640021461
ENOG410XP7H	0.46255495994091217	-0.46255495994091184
ENOG410XP7I	0.5897987518103053	-0.5897987518103053
ENOG410XP7P	0.39945613664475965	-0.3994561366447596
ENOG410XP7Y	-1.7452492637969972	1.7452492637969959
ENOG410XP82	-0.48467046310775513	0.4846704631077548
ENOG410XP86	1.1472417118170242	-1.1472417118170233
ENOG410XP8A	0.5473273938193488	-0.5473273938193484
ENOG410XP8I	0.9503711473739662	-0.9503711473739658
ENOG410XP8J	1.4968207706596968	-1.4968207706596957
ENOG410XP8N	-0.6387557058657113	0.6387557058657106
ENOG410XP94	-0.8241012914868905	0.8241012914868898
ENOG410XP95	0.8143411844660435	-0.8143411844660428
ENOG410XP9D	-1.6863829069955343	1.6863829069955325
ENOG410XP9H	-0.08675556530797447	0.0867555653079744
ENOG410XP9Q	1.2455988948639816	-1.245598894863981
ENOG410XPA1	-0.26904842531869816	0.269048425318698
ENOG410XPA5	0.38199563593192704	-0.38199563593192676
ENOG410XPA7	0.9151471751244079	-0.915147175124407
ENOG410XPA8	-1.2435797534630428	1.2435797534630415
ENOG410XPA9	-0.5478706104428237	0.5478706104428233
ENOG410XPAA	0.5788787487588725	-0.578878748758872
ENOG410XPAH	0.5500134069650612	-0.5500134069650607
ENOG410XPAI	0.9078680794504921	-0.9078680794504914
ENOG410XPAU	-0.9253667440615526	0.925366744061552
ENOG410XPAW	1.282484723269516	-1.2824847232695151
ENOG410XPAZ	1.1149605149970014	-1.114960514997001
ENOG410XPB1	-1.4668803482617416	1.4668803482617403
ENOG410XPB6	-1.0734355884625884	1.073435588462587
ENOG410XPB7	-1.7079186762923868	1.707918676292385
ENOG410XPBG	-0.03472761604143253	0.03472761604143227
ENOG410XPBJ	-0.7471156224247103	0.7471156224247097
ENOG410XPBQ	-0.17810129733686741	0.17810129733686705
ENOG410XPBR	-1.4702734230494419	1.4702734230494408
ENOG410XPBS	0.15108695864779678	-0.15108695864779714
ENOG410XPBV	-0.4591574539971101	0.4591574539971098
ENOG410XPC1	-1.1802283889401042	1.1802283889401028
ENOG410XPC7	1.015471914793692	-1.0154719147936913
ENOG410XPCD	0.5934839202353648	-0.5934839202353644
ENOG410XPCF	0.455367700472778	-0.4553677004727777
ENOG410XPCH	-1.332961184817714	1.3329611848177128
ENOG410XPCY	1.1066805878500523	-1.1066805878500514
ENOG410XPD4	-1.5378384195400505	1.5378384195400496
ENOG410XPD5	1.0892929309310486	-1.0892929309310482
ENOG410XPD8	1.5352374670501607	-1.5352374670501603
ENOG410XPDK	-1.5136159433227288	1.5136159433227272
ENOG410XPDP	-0.23785259614928553	0.23785259614928536
ENOG410XPDR	0.8514274491460401	-0.8514274491460395
ENOG410XPDS	1.2570869610514068	-1.2570869610514064
ENOG410XPDT	-1.3428271998817134	1.3428271998817125
ENOG410XPE4	0.6088450753985164	-0.6088450753985162
ENOG410XPE8	-1.8200874068588118	1.8200874068588109
ENOG410XPE9	0.5530943257844866	-0.5530943257844864
ENOG410XPEC	-0.08779573082757323	0.08779573082757293
ENOG410XPEF	0.46093644156904884	-0.4609364415690487
ENOG410XPF0	0.3062998697416607	-0.3062998697416607
ENOG410XPF1	1.1524707200472695	-1.1524707200472686
ENOG410XPF3	-0.8685375973592028	0.8685375973592022
ENOG410XPF8	-1.0591475038929008	1.0591475038929001
ENOG410XPFA	0.15040088467584556	-0.15040088467584548
ENOG410XPFR	-0.7932547130813076	0.7932547130813068
ENOG410XPFY	-0.29256000991543896	0.2925600099154385
ENOG410XPFZ	1.524987262234511	-1.52498726223451
ENOG410XPG7	-0.4345573875958549	0.43455738759585455
ENOG410XPGG	-0.20240003299459403	0.20240003299459364
ENOG410XPGH	-1.5180297757228451	1.5180297757228438
ENOG410XPGK	1.8352374734285826	-1.835237473428582
ENOG410XPGN	0.06019478019099667	-0.060194780190996625
ENOG410XPGQ	0.6292033502949972	-0.6292033502949965
ENOG410XPGV	0.5653533818064632	-0.565353381806463
ENOG410XPGY	-1.8552386459566506	1.8552386459566488
ENOG410XPHB	-0.9469595616693441	0.9469595616693435
ENOG410XPHE	0.7836165239485087	-0.7836165239485081
ENOG410XPHF	1.7746737697766706	-1.7746737697766697
ENOG410XPHJ	-1.0290618170628376	1.0290618170628367
ENOG410XPHK	-0.2747211535743561	0.27472115357435595
ENOG410XPHQ	-0.8349497025133474	0.8349497025133468
ENOG410XPHU	1.3914163670993869	-1.3914163670993862
ENOG410XPIA	0.5760149629044244	-0.5760149629044243
ENOG410XPIG	0.15392658087093616	-0.15392658087093605
ENOG410XPIV	0.3746699798602293	-0.3746699798602293
ENOG410XPIZ	0.05416562512906474	-0.05416562512906517
ENOG410XPJ6	0.15795234887209225	-0.1579523488720924
ENOG410XPJ8	0.3061853926074796	-0.3061853926074794
ENOG410XPJF	0.26620347242567743	-0.26620347242567727
ENOG410XPJG	-0.41708584480333083	0.4170858448033305
ENOG410XPJN	-1.329745557588728	1.329745557588727
ENOG410XPJV	0.023177552456652505	-0.023177552456652487
ENOG410XPJW	-0.5565200534285419	0.5565200534285416
ENOG410XPK1	0.08290123135070408	-0.08290123135070426
ENOG410XPK3	0.32819629754718027	-0.3281962975471798
ENOG410XPK9	-1.2918950924790922	1.2918950924790913
ENOG410XPKA	-1.2688076854460446	1.2688076854460437
ENOG410XPKD	1.0438208712255534	-1.043820871225553
ENOG410XPKJ	0.0770626303585456	-0.07706263035854602
ENOG410XPKX	0.3483600604569543	-0.348360060456954
ENOG410XPM4	-1.435839069731276	1.4358390697312746
ENOG410XPM6	-1.7556914182088297	1.7556914182088286
ENOG410XPM9	1.7164145044694006	-1.7164145044693995
ENOG410XPMU	-1.1108181037928324	1.1108181037928317
ENOG410XPMV	-0.8012770739072067	0.8012770739072061
ENOG410XPMX	0.017978607530064097	-0.017978607530064084
ENOG410XPN4	-0.3427403130854804	0.3427403130854799
ENOG410XPNA	-1.2891282067813357	1.2891282067813346
ENOG410XPNG	1.0686195842774742	-1.0686195842774737
ENOG410XPNI	-0.3233873793832517	0.3233873793832514
ENOG410XPNN	0.4210639622622287	-0.42106396226222814
ENOG410XPNQ	0.3865498059238706	-0.3865498059238708
ENOG410XPNV	-0.37510067032300437	0.3751006703230041
ENOG410XPP0	1.7724687997470048	-1.7724687997470043
ENOG410XPPG	-1.0125038697468176	1.012503869746817
ENOG410XPPI	0.2822343830525447	-0.282234383052545
ENOG410XPPS	0.18025019840384907	-0.18025019840384918
ENOG410XPPT	-1.7450736131701534	1.7450736131701512
ENOG410XPPY	-0.43429714869728403	0.4342971486972835
ENOG410XPQ5	-0.4548755652886395	0.45487556528863915
ENOG410XPQW	0.8525719571410537	-0.8525719571410528
ENOG410XPR1	-1.8251627867931164	1.8251627867931155
ENOG410XPR3	-1.3829494959694708	1.38294949596947
ENOG410XPR5	0.8100528804978115	-0.810052880497811
ENOG410XPR9	-1.1553348914563588	1.1553348914563575
ENOG410XPRM	-0.8305630082572543	0.8305630082572536
ENOG410XPRN	0.7400113244619075	-0.7400113244619074
ENOG410XPRS	-0.2737835558027293	0.27378355580272884
ENOG410XPRU	-0.5451173366077354	0.5451173366077349
ENOG410XPRV	0.1682629302696069	-0.168262930269607
ENOG410XPRZ	0.03407579268429273	-0.034075792684292935
ENOG410XPS1	-0.38665159085780126	0.386651590857801
ENOG410XPS7	0.9353508163929585	-0.935350816392958
ENOG410XPSF	0.7760432142420522	-0.7760432142420517
ENOG410XPSK	0.4713141026470837	-0.4713141026470833
ENOG410XPSN	-0.9902938016855432	0.9902938016855425
ENOG410XPSU	-0.360913376016023	0.36091337601602275
ENOG410XPT3	0.15811010116161417	-0.1581101011616143
ENOG410XPT6	-0.48715993385736356	0.487159933857363
ENOG410XPT8	0.0059551957057291174	-0.005955195705729113
ENOG410XPT9	0.900325582561456	-0.9003255825614551
ENOG410XPTB	0.7831234384134584	-0.7831234384134581
ENOG410XPTC	1.128195418880414	-1.128195418880413
ENOG410XPTE	0.7116957028458721	-0.7116957028458719
ENOG410XPTK	-0.9966739196403802	0.9966739196403794
ENOG410XPTV	-0.07391074076240291	0.07391074076240287
ENOG410XPU0	0.4400410081867419	-0.4400410081867418
ENOG410XPU6	0.07182207900347166	-0.07182207900347184
ENOG410XPUA	-0.6826256716191852	0.6826256716191844
ENOG410XPUE	-0.5985086024892029	0.5985086024892025
ENOG410XPUG	0.8005960101142604	-0.8005960101142601
ENOG410XPUH	0.7758304957413428	-0.7758304957413422
ENOG410XPUJ	1.0468890617674949	-1.0468890617674944
ENOG410XPUQ	2.025911506873192	-2.0259115068731908
ENOG410XPUT	-1.8134186878361191	1.8134186878361174
ENOG410XPUU	-1.0000997350205727	1.0000997350205718
ENOG410XPUX	0.31812539686004343	-0.31812539686004343
ENOG410XPUZ	1.0453877525930628	-1.0453877525930622
ENOG410XPV5	-1.147324307289359	1.1473243072893584
ENOG410XPW2	1.0042052422701429	-1.0042052422701422
ENOG410XPW8	0.5253427594762576	-0.5253427594762572
ENOG410XPWC	1.5917691065396422	-1.5917691065396413
ENOG410XPWD	0.19859621611271486	-0.19859621611271472
ENOG410XPWQ	0.22164958315988062	-0.2216495831598807
ENOG410XPWS	0.6607212475972437	-0.6607212475972435
ENOG410XPWT	-0.6907367427173888	0.6907367427173883
ENOG410XPWZ	-0.9389820267339892	0.9389820267339886
ENOG410XPX2	-1.0139071573355256	1.0139071573355247
ENOG410XPXA	-1.2772827798855397	1.2772827798855386
ENOG410XPXC	0.4661876518307888	-0.4661876518307887
ENOG410XPXG	-1.100926385309317	1.1009263853093156
ENOG410XPXH	0.3659743423062635	-0.36597434230626347
ENOG410XPXV	-0.33397638270416147	0.3339763827041612
ENOG410XPY1	-0.2629791737976379	0.2629791737976375
ENOG410XPY2	0.13753245054341326	-0.13753245054341318
ENOG410XPY5	0.013704760314635403	-0.013704760314635394
ENOG410XPYJ	-1.6084852625951465	1.6084852625951451
ENOG410XPYP	1.3006794095068703	-1.3006794095068697
ENOG410XPYR	-1.7371757653881543	1.737175765388153
ENOG410XPYS	1.4287619841785806	-1.4287619841785797
ENOG410XPYV	0.3463924400791842	-0.34639244007918396
ENOG410XPYX	-0.6490607268428267	0.6490607268428262
ENOG410XPYZ	0.1978621525235703	-0.19786215252357017
ENOG410XPZB	0.5620050128422146	-0.5620050128422143
ENOG410XPZP	-1.1410699241682205	1.1410699241682196
ENOG410XPZR	0.8386307006608175	-0.8386307006608169
ENOG410XPZX	-0.8509460373883498	0.8509460373883491
ENOG410XQ03	1.1349658021819258	-1.1349658021819253
ENOG410XQ05	-0.5014798534965437	0.5014798534965433
ENOG410XQ0E	0.34470852680950664	-0.34470852680950664
ENOG410XQ0N	-1.3806300856343277	1.3806300856343263
ENOG410XQ17	1.4198959954784434	-1.4198959954784425
ENOG410XQ1F	-1.0520046782967896	1.0520046782967887
ENOG410XQ1G	1.1767933216405164	-1.1767933216405155
ENOG410XQ1K	-1.621794483536371	1.6217944835363698
ENOG410XQ1X	-0.7390389844145829	0.7390389844145822
ENOG410XQ20	-0.4371578143795164	0.43715781437951584
ENOG410XQ21	0.9941944695228032	-0.9941944695228027
ENOG410XQ2C	0.9909062287495939	-0.9909062287495932
ENOG410XQ2F	-1.3646685680631414	1.3646685680631403
ENOG410XQ2Q	0.6897516031518934	-0.6897516031518929
ENOG410XQ2S	-0.46941387365239123	0.4694138736523909
ENOG410XQ2T	-0.676970833592211	0.6769708335922104
ENOG410XQ2W	-0.19796055744206095	0.19796055744206056
ENOG410XQ39	-1.6750912126664033	1.675091212666402
ENOG410XQ3B	1.0915836923367996	-1.0915836923367987
ENOG410XQ3U	-0.19785536723948619	0.19785536723948582
ENOG410XQ43	-1.3367657533253814	1.3367657533253803
ENOG410XQ4C	1.3440763386221577	-1.3440763386221573
ENOG410XQ4M	-1.8776434462241725	1.877643446224171
ENOG410XQ4N	-0.8527151080960199	0.8527151080960191
ENOG410XQ4Q	-0.43684029166449057	0.43684029166449007
ENOG410XQ4R	-0.09078090616329229	0.09078090616329222
ENOG410XQ4S	0.670624275182939	-0.6706242751829384
ENOG410XQ4U	-0.26160829487415344	0.26160829487415327
ENOG410XQ4W	0.45378346062655445	-0.4537834606265541
ENOG410XQ4X	-1.6414567382381091	1.6414567382381078
ENOG410XQ51	-1.8216832034385848	1.8216832034385828
ENOG410XQ57	1.354663058568827	-1.3546630585688264
ENOG410XQ58	0.19570826394595284	-0.19570826394595295
ENOG410XQ5H	-1.748664015979943	1.748664015979941
ENOG410XQ5I	0.24918190552964728	-0.24918190552964734
ENOG410XQ5J	-0.43078107043391095	0.4307810704339107
ENOG410XQ5Q	0.6171509336962369	-0.6171509336962364
ENOG410XQ5V	0.31322366824875697	-0.31322366824875647
ENOG410XQ63	-0.9439330493315077	0.943933049331507
ENOG410XQ6D	1.6091000217488127	-1.6091000217488118
ENOG410XQ6F	0.8957354338493222	-0.8957354338493213
ENOG410XQ6Z	0.9007895292117039	-0.9007895292117037
ENOG410XQ7E	0.19383532516166857	-0.19383532516166843
ENOG410XQ7F	0.6395982901814838	-0.6395982901814832
ENOG410XQ7R	-1.016404099504235	1.016404099504234
ENOG410XQ7Y	-0.7706842609111363	0.7706842609111355
ENOG410XQ84	-1.3278641837148881	1.3278641837148872
ENOG410XQ88	-1.5924117408893879	1.5924117408893868
ENOG410XQ8A	0.6018434223388373	-0.6018434223388368
ENOG410XQ8K	-1.070358548292892	1.070358548292891
ENOG410XQ8P	0.5730638753679907	-0.5730638753679903
ENOG410XQ8S	-1.3185841671447458	1.3185841671447447
ENOG410XQ93	1.4522361887634883	-1.4522361887634871
ENOG410XQ98	-0.9100228270206119	0.9100228270206112
ENOG410XQ9B	-0.7878878398910554	0.7878878398910546
ENOG410XQ9D	-0.4215533037145376	0.4215533037145371
ENOG410XQ9F	-0.19176555621989327	0.19176555621989314
ENOG410XQ9I	-0.44892597854455124	0.4489259785445509
ENOG410XQ9J	1.2433625670224497	-1.2433625670224489
ENOG410XQ9K	-0.44374825756981967	0.4437482575698194
ENOG410XQ9Q	-0.4946484289000384	0.49464842890003785
ENOG410XQ9V	-0.3526897070353807	0.3526897070353802
ENOG410XQA5	-0.8291202195871926	0.8291202195871917
ENOG410XQAT	-0.04083052372056809	0.040830523720568064
ENOG410XQAX	-0.6853392754095986	0.6853392754095982
ENOG410XQB1	-1.4201982724024076	1.4201982724024065
ENOG410XQBA	0.6338417827048173	-0.6338417827048168
ENOG410XQBH	-1.366402896698585	1.366402896698584
ENOG410XQBJ	-1.5432670248914808	1.5432670248914797
ENOG410XQBQ	-1.4774442582460459	1.477444258246045
ENOG410XQBS	-0.36569074561896414	0.36569074561896364
ENOG410XQBW	-0.8884853403041958	0.8884853403041949
ENOG410XQC5	-0.7386637329480975	0.738663732948097
ENOG410XQCC	-0.9394567578393789	0.939456757839378
ENOG410XQCP	-0.49464334745810423	0.4946433474581039
ENOG410XQCX	-1.6198657409725787	1.6198657409725772
ENOG410XQD0	1.125819635614108	-1.125819635614107
ENOG410XQD1	-1.6819637880917742	1.6819637880917735
ENOG410XQD4	-0.17974106128842784	0.1797410612884277
ENOG410XQD7	0.6011563832903798	-0.6011563832903797
ENOG410XQDB	-0.8346602095173983	0.8346602095173975
ENOG410XQDJ	-0.48268286377164793	0.4826828637716473
ENOG410XQDU	-0.24125484654296012	0.24125484654295973
ENOG410XQE0	1.4549911611686759	-1.4549911611686754
ENOG410XQE2	-1.75434524252562	1.7543452425256187
ENOG410XQE6	1.3714463301545632	-1.3714463301545623
ENOG410XQE9	0.3443596104764463	-0.34435961047644587
ENOG410XQEA	-0.9856869185359011	0.9856869185359002
ENOG410XQEC	-1.407816768119612	1.407816768119611
ENOG410XQED	0.8620382962091797	-0.862038296209179
ENOG410XQEH	-0.4429526111722498	0.44295261117224954
ENOG410XQEK	1.1451160255950248	-1.1451160255950241
ENOG410XQEM	0.8251195884867002	-0.8251195884867001
ENOG410XQEV	-0.10505941960834929	0.10505941960834922
ENOG410XQF5	1.9787277699675851	-1.9787277699675843
ENOG410XQF9	1.589596488301363	-1.5895964883013618
ENOG410XQFC	-0.19603005202491247	0.1960300520249121
ENOG410XQFG	-0.3961375570307436	0.39613755703074305
ENOG410XQFW	-0.7828636669616873	0.7828636669616865
ENOG410XQG1	0.06320264191831687	-0.06320264191831705
ENOG410XQG7	1.9880919526134404	-1.9880919526134389
ENOG410XQGC	0.06583553025781749	-0.06583553025781791
ENOG410XQGH	0.17472786042280258	-0.17472786042280247
ENOG410XQGX	0.3055352505784976	-0.3055352505784974
ENOG410XQH2	-1.1818232454707016	1.1818232454707003
ENOG410XQH6	-0.8709698511053866	0.8709698511053857
ENOG410XQH8	-1.0671590489336127	1.067159048933612
ENOG410XQHH	0.42803140755743696	-0.4280314075574366
ENOG410XQHQ	-0.9839818276140648	0.9839818276140639
ENOG410XQHT	0.6569430459394713	-0.6569430459394706
ENOG410XQHZ	-0.04791995832164093	0.04791995832164066
ENOG410XQI3	-0.8492139246962983	0.8492139246962976
ENOG410XQI4	-0.6665470617885515	0.666547061788551
ENOG410XQI8	0.3504913822017335	-0.3504913822017335
ENOG410XQIJ	-1.8421996879483178	1.8421996879483162
ENOG410XQIS	0.2710314050733349	-0.2710314050733347
ENOG410XQJQ	-1.5465420911868217	1.5465420911868206
ENOG410XQJV	-1.5347739588630211	1.53477395886302
ENOG410XQK0	-0.612284365056009	0.6122843650560084
ENOG410XQK3	0.679062850086079	-0.6790628500860788
ENOG410XQK7	0.4899231832101847	-0.4899231832101846
ENOG410XQKC	1.4764275050144808	-1.4764275050144797
ENOG410XQKS	-1.6333722164780786	1.6333722164780775
ENOG410XQKZ	0.7391094657458914	-0.7391094657458911
ENOG410XQM1	0.007494186655421687	-0.007494186655421919
ENOG410XQM3	1.1516313772415614	-1.1516313772415605
ENOG410XQMH	0.03154768422996109	-0.031547684229961306
ENOG410XQMS	0.6183043719379316	-0.6183043719379316
ENOG410XQMY	0.7963801659652903	-0.79638016596529
ENOG410XQN2	-0.5355678926937883	0.5355678926937878
ENOG410XQN3	-0.9595927562719254	0.9595927562719248
ENOG410XQN7	-0.9954459339643692	0.9954459339643683
ENOG410XQNE	0.48864600427579813	-0.4886460042757978
ENOG410XQNF	-0.9536115232709844	0.9536115232709835
ENOG410XQNQ	-0.6468290965482172	0.6468290965482165
ENOG410XQNW	-0.6871376213987082	0.6871376213987077
ENOG410XQNY	1.3474786261931355	-1.3474786261931346
ENOG410XQP2	-0.03792824451285902	0.03792824451285899
ENOG410XQP6	0.6160161376196687	-0.6160161376196682
ENOG410XQPI	-0.26115578997126476	0.2611557899712643
ENOG410XQPN	0.3984157144663778	-0.3984157144663775
ENOG410XQPP	-0.13664006355747182	0.1366400635574715
ENOG410XQPQ	-0.26865280877218595	0.2686528087721857
ENOG410XQPS	0.19057123176194035	-0.19057123176194068
ENOG410XQPU	1.8288167378602256	-1.828816737860225
ENOG410XQPV	0.9742865008204667	-0.9742865008204661
ENOG410XQQ4	-0.008400625505690557	0.00840062550569055
ENOG410XQQ7	-0.9804203224851443	0.9804203224851437
ENOG410XQQI	-0.5558716941696142	0.5558716941696137
ENOG410XQQP	-1.0861882211976186	1.0861882211976177
ENOG410XQRC	-0.8113283029387245	0.8113283029387237
ENOG410XQRE	0.6507092219266905	-0.6507092219266902
ENOG410XQRJ	-0.9708752961661813	0.9708752961661804
ENOG410XQRQ	-0.13280531261562545	0.13280531261562512
ENOG410XQRS	-0.991057285579075	0.9910572855790742
ENOG410XQRU	0.9874910390894394	-0.9874910390894389
ENOG410XQRW	1.7764003296577129	-1.7764003296577116
ENOG410XQS8	0.4578219484228721	-0.45782194842287177
ENOG410XQSA	-0.6969656957109025	0.6969656957109021
ENOG410XQSG	-0.9804347762673423	0.9804347762673414
ENOG410XQSJ	-0.5461323469147307	0.5461323469147303
ENOG410XQSR	0.36350347356772866	-0.36350347356772866
ENOG410XQST	-0.20955857710794498	0.2095585771079446
ENOG410XQSV	-1.6521130525293701	1.6521130525293688
ENOG410XQSZ	-0.33653711282105814	0.33653711282105764
ENOG410XQT1	-0.03543248701938639	0.03543248701938612
ENOG410XQTC	-0.2670842335425937	0.26708423354259353
ENOG410XQTD	0.19596349016610112	-0.19596349016610123
ENOG410XQTE	-1.1500551400687022	1.1500551400687014
ENOG410XQTH	-1.6213868682825623	1.6213868682825612
ENOG410XQTW	-0.9848663973433385	0.9848663973433375
ENOG410XQTX	-0.896348154747453	0.8963481547474524
ENOG410XQUC	1.0552560499852872	-1.055256049985287
ENOG410XQUD	0.6749242753521685	-0.6749242753521683
ENOG410XQUK	0.6217829035087588	-0.6217829035087583
ENOG410XQUR	1.3543548943626078	-1.3543548943626071
ENOG410XQV2	1.3377772140017672	-1.3377772140017663
ENOG410XQVA	0.5908531822986104	-0.5908531822986103
ENOG410XQVC	-0.814839700510566	0.8148397005105654
ENOG410XQVK	0.5101720440502915	-0.5101720440502914
ENOG410XQVS	-0.5387673431403617	0.5387673431403613
ENOG410XQVW	0.34322361107874183	-0.34322361107874155
ENOG410XQW5	1.491538236276902	-1.4915382362769012
ENOG410XQWF	-1.642254114202361	1.6422541142023594
ENOG410XQWR	1.2891757541975473	-1.2891757541975464
ENOG410XQWS	1.447005107870275	-1.447005107870274
ENOG410XQWW	1.2895060703638233	-1.2895060703638224
ENOG410XQWY	-0.9094683280065785	0.9094683280065778
ENOG410XQXB	-1.3075356708778165	1.3075356708778156
ENOG410XQXG	-1.1330489613660462	1.1330489613660453
ENOG410XQXV	-0.4066296300504564	0.4066296300504561
ENOG410XQXY	0.6697501590151653	-0.6697501590151645
ENOG410XQYE	1.243221156270853	-1.2432211562708526
ENOG410XQYG	-1.238654679047507	1.2386546790475061
ENOG410XQYI	0.15431865948509485	-0.15431865948509474
ENOG410XQYJ	-0.06141727321394003	0.06141727321393975
ENOG410XQYP	0.5820643698875395	-0.5820643698875391
ENOG410XQYQ	-0.11112530615686998	0.11112530615686966
ENOG410XQYT	0.9977578794648375	-0.9977578794648373
ENOG410XQZA	0.61884345203758	-0.6188434520375793
ENOG410XQZT	-1.5582038438873669	1.5582038438873658
ENOG410XQZU	1.3340667105307773	-1.3340667105307764
ENOG410XR0I	-0.43678162097119977	0.4367816209711995
ENOG410XR0J	-0.048547585366397264	0.04854758536639723
ENOG410XR13	0.6631949683966808	-0.6631949683966801
ENOG410XR1B	-0.7913802683806451	0.7913802683806443
ENOG410XR1I	0.958635511532483	-0.9586355115324826
ENOG410XR1R	0.3028388553916625	-0.3028388553916623
ENOG410XR1U	0.28010315165927563	-0.2801031516592757
ENOG410XR1Y	-0.7052473009388568	0.7052473009388562
ENOG410XR25	0.6316579241029007	-0.6316579241029002
ENOG410XR2G	0.4022135925638804	-0.40221359256388056
ENOG410XR2K	-1.744507471434705	1.744507471434704
ENOG410XR2M	-0.7375685585575235	0.7375685585575227
ENOG410XR3B	0.5986646564098397	-0.5986646564098393
ENOG410XR3C	1.0273921053809665	-1.0273921053809656
ENOG410XR3E	-0.055376096581735285	0.05537609658173525
ENOG410XR3F	0.7600295013889784	-0.7600295013889778
ENOG410XR3H	0.8275105459492382	-0.8275105459492377
ENOG410XR3R	0.7739619082199473	-0.7739619082199469
ENOG410XR4R	1.3339365291264376	-1.3339365291264365
ENOG410XR4Y	-0.6076261063329782	0.6076261063329775
ENOG410XR51	-0.05241695622172029	0.05241695622172001
ENOG410XR53	-0.036363058335671994	0.036363058335671966
ENOG410XR59	1.1236462500669049	-1.123646250066904
ENOG410XR5C	-0.516214329937272	0.5162143299372715
ENOG410XR5J	-0.856096080712812	0.8560960807128112
ENOG410XR5M	-0.1437320046627084	0.14373200466270808
ENOG410XR5T	-1.890599776692242	1.8905997766922409
ENOG410XR5V	-0.9929043318211277	0.9929043318211269
ENOG410XR65	-0.8927265395451282	0.8927265395451273
ENOG410XR66	0.06765272122882436	-0.06765272122882432
ENOG410XR6Q	-0.5565337198784959	0.5565337198784954
ENOG410XR6V	-0.3397669832559703	0.3397669832559699
ENOG410XR78	-1.2515581820587007	1.2515581820586998
ENOG410XR7J	0.5983534112555062	-0.598353411255506
ENOG410XR7P	-0.8219574089321849	0.8219574089321844
ENOG410XR7Q	-0.5751094200182912	0.5751094200182909
ENOG410XR7W	-1.4041914353411535	1.4041914353411522
ENOG410XR82	-0.16901188329280842	0.1690118832928083
ENOG410XR85	1.1168876288612362	-1.116887628861236
ENOG410XR8K	1.0188942958028318	-1.0188942958028309
ENOG410XR99	-1.3176709913024915	1.3176709913024904
ENOG410XR9D	1.0790297881675337	-1.079029788167533
ENOG410XR9S	-1.3130970636302042	1.313097063630203
ENOG410XR9X	-1.553495182933385	1.5534951829333838
ENOG410XRA0	0.050962796093616	-0.0509627960936162
ENOG410XRA8	1.494841153869141	-1.49484115386914
ENOG410XRAD	1.5870117261536654	-1.587011726153665
ENOG410XRAH	-1.1666928753337968	1.166692875333796
ENOG410XRAN	-0.042374318003898605	0.04237431800389858
ENOG410XRAT	-0.6489178969703815	0.6489178969703808
ENOG410XRAY	0.3756551942122169	-0.3756551942122166
ENOG410XRBE	0.5742368183763257	-0.5742368183763258
ENOG410XRBF	-0.273457698904321	0.2734576989043208
ENOG410XRBM	-0.8693288479275694	0.8693288479275686
ENOG410XRBU	-1.4189433683215633	1.4189433683215622
ENOG410XRBV	1.233203179076826	-1.2332031790768256
ENOG410XRC2	0.8972339279646875	-0.8972339279646868
ENOG410XRC7	-1.8235302672710545	1.8235302672710538
ENOG410XRCB	-1.4187350257155842	1.418735025715583
ENOG410XRCM	0.48149082378736735	-0.4814908237873668
ENOG410XRCN	0.3794964269654498	-0.37949642696544955
ENOG410XRCP	-0.932018595224432	0.9320185952244313
ENOG410XRCT	-0.3587356580442547	0.3587356580442545
ENOG410XRCV	0.7086388456869686	-0.7086388456869681
ENOG410XRD0	0.20091563421021078	-0.20091563421021064
ENOG410XRD1	-1.6562341011221104	1.6562341011221093
ENOG410XRD8	-1.607763196857389	1.6077631968573878
ENOG410XRDA	-1.3720687048786027	1.3720687048786018
ENOG410XRDB	0.3476422325239876	-0.3476422325239876
ENOG410XRDH	0.965069912908145	-0.9650699129081444
ENOG410XRDJ	1.3822278616595196	-1.3822278616595185
ENOG410XRDV	0.7043027174389397	-0.7043027174389392
ENOG410XRDW	-0.7523003758472926	0.7523003758472918
ENOG410XREF	-0.07050856184428778	0.07050856184428772
ENOG410XREI	0.5100715539279222	-0.5100715539279218
ENOG410XRFF	0.4455536342506734	-0.44555363425067285
ENOG410XRFJ	-1.1089735500107416	1.1089735500107405
ENOG410XRFP	-0.3726103576492577	0.37261035764925743
ENOG410XRFS	0.3023113858046915	-0.302311385804691
ENOG410XRFV	0.6639064700438926	-0.6639064700438926
ENOG410XRFX	-1.2305351245348612	1.2305351245348601
ENOG410XRFZ	1.6891816659194607	-1.6891816659194594
ENOG410XRGA	-1.2442403253243146	1.2442403253243137
ENOG410XRGD	-1.2960787142227235	1.2960787142227224
ENOG410XRGF	0.3270121037853646	-0.3270121037853646
ENOG410XRGH	-1.0388731581903352	1.0388731581903343
ENOG410XRGM	-1.7522663862165204	1.7522663862165184
ENOG410XRH6	-0.3135063247612101	0.3135063247612099
ENOG410XRHD	-0.28714249631138966	0.28714249631138944
ENOG410XRHT	0.16665958167652944	-0.16665958167652956
ENOG410XRHX	1.2180397852206328	-1.218039785220632
ENOG410XRI8	-0.3843374580902232	0.38433745809022263
ENOG410XRI9	-1.5279458329259303	1.5279458329259292
ENOG410XRIG	1.6676693869442178	-1.6676693869442167
ENOG410XRIM	0.8145866204866044	-0.8145866204866037
ENOG410XRIS	-0.5263734731050494	0.5263734731050489
ENOG410XRJ1	1.7212333991105724	-1.7212333991105715
ENOG410XRJ8	1.1103340478853378	-1.1103340478853372
ENOG410XRJG	0.5887706734260105	-0.5887706734260103
ENOG410XRJW	-1.2234820529776804	1.2234820529776793
ENOG410XRK1	-1.1100931930885511	1.1100931930885505
ENOG410XRK4	-1.6313762747232463	1.631376274723245
ENOG410XRK5	-1.610582911914173	1.6105829119141715
ENOG410XRK7	-0.9735070695968226	0.9735070695968217
ENOG410XRK8	0.826300912179685	-0.8263009121796847
ENOG410XRKI	-1.0765562234448427	1.0765562234448418
ENOG410XRKQ	0.23460512004642983	-0.23460512004642967
ENOG410XRKR	-0.11185642611512119	0.1118564261151211
ENOG410XRKS	-1.1363927600459616	1.1363927600459607
ENOG410XRKV	2.1088629548093527	-2.1088629548093514
ENOG410XRKW	-1.3800261514752143	1.3800261514752135
ENOG410XRKX	-0.06381591991825909	0.0638159199182588
ENOG410XRM2	0.6592533625109461	-0.6592533625109458
ENOG410XRMF	1.7205945932175322	-1.7205945932175313
ENOG410XRMQ	-0.16656060280950485	0.16656060280950472
ENOG410XRMV	1.36191731221064	-1.3619173122106396
ENOG410XRMZ	-0.8103513826871886	0.8103513826871881
ENOG410XRN1	-0.6438049291702397	0.643804929170239
ENOG410XRNA	-1.004359646239397	1.0043596462393962
ENOG410XRNC	0.04369960745638782	-0.043699607456387554
ENOG410XRNH	0.7847790170887659	-0.7847790170887651
ENOG410XRNM	0.48935895882015124	-0.48935895882015135
ENOG410XRNU	-1.4453110465249244	1.4453110465249235
ENOG410XRP0	-0.9079407928155784	0.9079407928155777
ENOG410XRP1	-0.4712354111229848	0.47123541112298417
ENOG410XRP2	-0.6620176625966298	0.6620176625966292
ENOG410XRP4	-0.706800458509267	0.7068004585092665
ENOG410XRPD	0.974461101365899	-0.9744611013658986
ENOG410XRPE	0.020986044956726853	-0.020986044956727075
ENOG410XRPG	-0.5451435690257065	0.5451435690257062
ENOG410XRPN	0.4155760276154445	-0.41557602761544393
ENOG410XRPP	-1.0394804510145483	1.0394804510145474
ENOG410XRQ3	0.14353729003828172	-0.1435372900382816
ENOG410XRQ4	1.1620627694436512	-1.162062769443651
ENOG410XRQC	0.9201208471135873	-0.9201208471135867
ENOG410XRQD	-1.3726011296144744	1.3726011296144733
ENOG410XRQU	0.5513173762887487	-0.5513173762887483
ENOG410XRQY	-0.11582701593257054	0.11582701593257046
ENOG410XRR3	0.3425580852136219	-0.34255808521362163
ENOG410XRRH	1.3591004441497412	-1.3591004441497403
ENOG410XRRN	1.6015889616319063	-1.6015889616319057
ENOG410XRRP	0.08552572043643779	-0.08552572043643795
ENOG410XRRR	-0.09570685906785997	0.09570685906785967
ENOG410XRRU	0.6707584099656883	-0.6707584099656877
ENOG410XRS1	0.5272017803110665	-0.5272017803110663
ENOG410XRS4	0.19100189926105016	-0.19100189926105002
ENOG410XRS7	-0.08852138198960006	0.08852138198959977
ENOG410XRSA	1.0761171289740403	-1.0761171289740397
ENOG410XRSE	-1.8777386689205462	1.877738668920544
ENOG410XRSI	-1.2583938402433024	1.258393840243301
ENOG410XRSK	-0.39825676598384846	0.3982567659838482
ENOG410XRSS	0.45422396183407415	-0.4542239618340741
ENOG410XRSZ	-1.5568537120340846	1.5568537120340833
ENOG410XRT1	-0.3546551789181296	0.3546551789181291
ENOG410XRT7	0.04013463897789815	-0.04013463897789836
ENOG410XRTM	1.687037316759411	-1.6870373167594102
ENOG410XRTR	0.19220368090038392	-0.19220368090038403
ENOG410XRU0	0.6460173645628547	-0.6460173645628545
ENOG410XRUF	-0.2567518070517554	0.2567518070517552
ENOG410XRUN	0.6152572339932992	-0.615257233993299
ENOG410XRV0	1.3201426669951224	-1.3201426669951215
ENOG410XRV2	-0.6893164507221983	0.6893164507221978
ENOG410XRV3	0.773176887168625	-0.7731768871686244
ENOG410XRV6	-0.6111294055979948	0.6111294055979943
ENOG410XRV8	-1.5876943190035153	1.5876943190035142
ENOG410XRVN	-1.8560097159770426	1.856009715977041
ENOG410XRVP	-1.8733137097780708	1.873313709778069
ENOG410XRW2	1.5694428502761801	-1.569442850276179
ENOG410XRWQ	-0.8199077178877339	0.8199077178877332
ENOG410XRWU	0.9253317613687713	-0.925331761368771
ENOG410XRWZ	0.2794474144614464	-0.27944741446144644
ENOG410XRX3	-1.1815826455850351	1.1815826455850342
ENOG410XRX8	0.5161282252732222	-0.5161282252732219
ENOG410XRXZ	-1.0707306245240455	1.0707306245240444
ENOG410XRY5	-1.3434366164530827	1.3434366164530815
ENOG410XRYB	0.4782000209054006	-0.47820002090540026
ENOG410XRYC	1.3614242228536024	-1.3614242228536015
ENOG410XRYI	0.15013423413434984	-0.15013423413434973
ENOG410XRZB	0.4682554516825166	-0.46825545168251625
ENOG410XRZU	-0.029732614128224796	0.02973261412822454
ENOG410XS0E	-1.3474677773572763	1.3474677773572752
ENOG410XS0I	-1.1975625760683895	1.1975625760683886
ENOG410XS0Q	-0.3354870855670334	0.3354870855670329
ENOG410XS0Z	1.8468892646348973	-1.8468892646348967
ENOG410XS18	0.7456956531091418	-0.745695653109141
ENOG410XS1A	-0.28784517280835376	0.28784517280835353
ENOG410XS1K	-1.2312798323558298	1.231279832355829
ENOG410XS1S	0.7794926326786443	-0.779492632678644
ENOG410XS1T	1.0417689499447709	-1.04176894994477
ENOG410XS1X	0.9920606029450747	-0.9920606029450743
ENOG410XS21	-0.4206987040319058	0.42069870403190524
ENOG410XS27	0.9531586210004079	-0.9531586210004075
ENOG410XS2C	1.8232219278698394	-1.8232219278698383
ENOG410XS2E	-1.7104654051918444	1.7104654051918426
ENOG410XS38	-0.8588274889421214	0.8588274889421207
ENOG410XS3B	-0.4601159068915051	0.4601159068915048
ENOG410XS3E	-0.6787053819965676	0.6787053819965668
ENOG410XS3N	-1.0459579197376474	1.0459579197376467
ENOG410XS3S	0.3218683146264464	-0.3218683146264461
ENOG410XS3W	-0.4601961950774987	0.46019619507749837
ENOG410XS3Y	-0.6028249515566441	0.6028249515566434
ENOG410XS43	1.9190401495554283	-1.9190401495554275
ENOG410XS4I	-1.6628725197703018	1.6628725197703003
ENOG410XS4R	0.9387602975034394	-0.9387602975034389
ENOG410XS53	0.6586941169236529	-0.6586941169236524
ENOG410XS58	1.3146888108089456	-1.3146888108089445
ENOG410XS5E	-0.7472481734055607	0.7472481734055602
ENOG410XS5H	-0.6887865448446258	0.6887865448446253
ENOG410XS5X	-0.7756417880191917	0.7756417880191911
ENOG410XS66	-0.20374314790605796	0.20374314790605758
ENOG410XS6G	1.7023112532037001	-1.7023112532036995
ENOG410XS6P	-0.7518141168639464	0.7518141168639458
ENOG410XS71	0.08069067140332836	-0.0806906714033283
ENOG410XS79	-0.8284552786903907	0.8284552786903902
ENOG410XS7C	-0.5559547974875381	0.5559547974875374
ENOG410XS7F	0.9049252309406556	-0.9049252309406547
ENOG410XS7M	-0.8604472852802365	0.860447285280236
ENOG410XS87	-0.24968954720607336	0.24968954720607295
ENOG410XS8C	-1.0674413063050445	1.0674413063050436
ENOG410XS8M	0.5433891364720977	-0.5433891364720972
ENOG410XS8S	-0.2954249577730385	0.29542495777303807
ENOG410XS8T	-0.8163084151527936	0.8163084151527928
ENOG410XS98	-0.6157219056585455	0.615721905658545
ENOG410XS9K	1.5149004179935248	-1.5149004179935237
ENOG410XSAD	-0.2575481838251095	0.25754818382510936
ENOG410XSAF	-1.5658597230600484	1.5658597230600473
ENOG410XSAQ	0.0663781846739289	-0.06637818467392886
ENOG410XSBE	1.3216184472912236	-1.3216184472912227
ENOG410XSBJ	1.9682492038119923	-1.9682492038119916
ENOG410XSBZ	-0.5305429721058557	0.5305429721058553
ENOG410XSC1	-0.5890301939755858	0.5890301939755851
ENOG410XSC7	-1.2584469961457605	1.2584469961457596
ENOG410XSCE	0.4185764809654517	-0.41857648096545164
ENOG410XSCI	0.4628631329614533	-0.462863132961453
ENOG410XSCT	-0.7528220233788704	0.7528220233788696
ENOG410XSCV	0.15850559974636738	-0.15850559974636752
ENOG410XSCX	-1.4838977477097919	1.4838977477097908
ENOG410XSCY	-0.5912731551865357	0.5912731551865352
ENOG410XSD0	0.014135133500588665	-0.014135133500588893
ENOG410XSD4	-1.8440220600705512	1.8440220600705497
ENOG410XSDB	-0.3336232558096687	0.33362325580966845
ENOG410XSDI	-0.10578810632334676	0.10578810632334668
ENOG410XSDP	-1.6492093874187101	1.6492093874187088
ENOG410XSDQ	-0.6377427429444358	0.6377427429444353
ENOG410XSDW	1.6604616064179627	-1.6604616064179618
ENOG410XSEG	-1.0847766844991942	1.0847766844991933
ENOG410XSEI	-1.867382558037221	1.8673825580372192
ENOG410XSEP	-1.568772103793331	1.56877210379333
ENOG410XSET	-0.33225166389278327	0.33225166389278304
ENOG410XSF7	1.6574078022202792	-1.657407802220278
ENOG410XSF8	-0.7949024908763463	0.7949024908763455
ENOG410XSFE	0.2984002134987733	-0.2984002134987733
ENOG410XSFI	0.6933073994078237	-0.6933073994078233
ENOG410XSFR	-0.7245075827693688	0.7245075827693683
ENOG410XSFU	-0.29641378104517613	0.2964137810451757
ENOG410XSG5	-0.8750094367368276	0.8750094367368269
ENOG410XSG7	-1.6895861155663496	1.6895861155663483
ENOG410XSGG	-0.11888039534777955	0.11888039534777947
ENOG410XSGP	-0.6846169566656118	0.6846169566656114
ENOG410XSGQ	-1.1047521856554294	1.104752185655428
ENOG410XSGY	0.38247444217566673	-0.38247444217566623
ENOG410XSHB	-0.9078254739903333	0.9078254739903326
ENOG410XSHC	-1.5044638975953983	1.504463897595397
ENOG410XSHT	0.33047863286466833	-0.3304786328646681
ENOG410XSHU	-0.9948588607433062	0.9948588607433055
ENOG410XSHZ	0.44115990833120783	-0.4411599083312078
ENOG410XSI9	-0.23568746574250715	0.23568746574250676
ENOG410XSID	-0.3284992428136171	0.3284992428136168
ENOG410XSIM	-0.5755657275845353	0.5755657275845348
ENOG410XSIN	-0.4558515607094813	0.45585156070948096
ENOG410XSIT	0.250166549375036	-0.25016654937503585
ENOG410XSJ8	-1.0431217858985058	1.0431217858985047
ENOG410XSJE	-0.4114358332623361	0.41143583326233557
ENOG410XSJU	-0.02297545896562176	0.022975458965621743
ENOG410XSK2	1.786558093239157	-1.7865580932391565
ENOG410XSK3	1.7039351856360847	-1.7039351856360836
ENOG410XSK4	-1.0918420494873509	1.09184204948735
ENOG410XSK7	-0.5481999074620224	0.5481999074620219
ENOG410XSK8	-1.0730323682150222	1.0730323682150216
ENOG410XSKF	-0.124667641277499	0.12466764127749892
ENOG410XSKS	-0.7416118450515564	0.7416118450515556
ENOG410XSKU	-0.806651104211855	0.8066511042118544
ENOG410XSKW	-0.9038593597099212	0.9038593597099203
ENOG410XSKX	1.3352249079423972	-1.3352249079423963
ENOG410XSMF	-1.0580637453112955	1.0580637453112944
ENOG410XSMM	0.006348470450554266	-0.006348470450554262
ENOG410XSMW	-0.4454968689269408	0.44549686892694024
ENOG410XSN7	1.0012517015425693	-1.0012517015425686
ENOG410XSND	1.0689629874863609	-1.0689629874863602
ENOG410XSNI	0.7181461782876293	-0.7181461782876293
ENOG410XSNN	0.3659002379030548	-0.36590023790305476
ENOG410XSNQ	0.6245604987326071	-0.6245604987326068
ENOG410XSNZ	-0.12047780625627252	0.12047780625627244
ENOG410XSP4	-0.25802621877702014	0.2580262187770197
ENOG410XSP9	0.5691916634211731	-0.5691916634211724
ENOG410XSPA	-1.2256691787850635	1.2256691787850624
ENOG410XSPG	1.8262082727167528	-1.826208272716751
ENOG410XSPJ	0.8995038551813336	-0.8995038551813329
ENOG410XSPZ	0.9219623344922302	-0.92196233449223
ENOG410XSQ0	-0.4382188798040418	0.4382188798040415
ENOG410XSQ6	-0.9294569026972536	0.9294569026972527
ENOG410XSQB	-0.04939956574064473	0.0493995657406447
ENOG410XSQF	1.0376082015626458	-1.037608201562645
ENOG410XSQH	0.9452726099580141	-0.9452726099580132
ENOG410XSQM	1.2791976345419993	-1.2791976345419984
ENOG410XSQN	-0.4648699829206019	0.46486998292060155
ENOG410XSRK	0.053511580992493514	-0.053511580992493236
ENOG410XSRM	-0.5950841301418073	0.5950841301418068
ENOG410XSRY	-0.7289640220861792	0.7289640220861784
ENOG410XSSD	0.8777478878395035	-0.8777478878395032
ENOG410XSSF	1.3358263568647137	-1.3358263568647126
ENOG410XSSS	0.11158830228380665	-0.11158830228380656
ENOG410XST3	-0.052162829919476565	0.05216282991947653
ENOG410XST8	1.283034795018691	-1.2830347950186902
ENOG410XSTJ	0.6365159922214547	-0.6365159922214545
ENOG410XSTW	-1.421289083895095	1.4212890838950933
ENOG410XSU0	1.374882320785806	-1.374882320785805
ENOG410XSU2	-0.6728966592843485	0.672896659284348
ENOG410XSUA	-0.2314247204287116	0.23142472042871118
ENOG410XSUN	0.27821368303337835	-0.2782136830333782
ENOG410XSUS	1.8506599439450784	-1.850659943945078
ENOG410XSV4	-1.3046092302302388	1.3046092302302377
ENOG410XSV5	-1.4014212141535125	1.4014212141535114
ENOG410XSVA	0.27306582693157144	-0.2730658269315715
ENOG410XSVF	1.2184352021110987	-1.2184352021110978
ENOG410XSVH	0.7220978420070133	-0.7220978420070128
ENOG410XSVM	-0.9848059854952762	0.9848059854952753
ENOG410XSVW	0.1026374401559348	-0.1026374401559352
ENOG410XSWR	2.0327997567209675	-2.0327997567209666
ENOG410XSWU	-0.3599245797612359	0.3599245797612356
ENOG410XSX2	0.1370944845012462	-0.13709448450124634
ENOG410XSXG	-1.8103909817808945	1.8103909817808925
ENOG410XSXN	0.6860841124488968	-0.6860841124488962
ENOG410XSYQ	0.843810682999582	-0.8438106829995812
ENOG410XSYT	-1.2131219128867177	1.2131219128867166
ENOG410XSZ8	-0.9839496407023534	0.9839496407023525
ENOG410XSZ9	-1.6309476684633588	1.6309476684633577
ENOG410XSZC	-0.1302244248130285	0.13022442481302843
ENOG410XSZJ	-0.5278481181739149	0.5278481181739142
ENOG410XSZM	-1.2154510092895614	1.2154510092895605
ENOG410XT00	-0.398509763257005	0.3985097632570047
ENOG410XT02	1.290322909820986	-1.2903229098209854
ENOG410XT0B	-1.3810759864033397	1.3810759864033382
ENOG410XT0J	-1.8259991554082462	1.8259991554082449
ENOG410XT0N	-1.8248646723548758	1.824864672354874
ENOG410XT0S	-0.47896050597444473	0.4789605059744444
ENOG410XT14	-1.5804592398589468	1.5804592398589452
ENOG410XT1B	-0.48897422393915063	0.48897422393915024
ENOG410XT1M	0.03525772372902877	-0.03525772372902899
ENOG410XT1T	0.8685178349092961	-0.8685178349092955
ENOG410XT21	0.6578714647801281	-0.6578714647801277
ENOG410XT26	0.9579004531994566	-0.9579004531994559
ENOG410XT2E	-1.0093977216622023	1.0093977216622017
ENOG410XT2G	-1.875633816976969	1.8756338169769684
ENOG410XT2N	-0.434196735567751	0.4341967355677505
ENOG410XT2P	-1.9371866914389382	1.9371866914389364
ENOG410XT2W	-0.018478755980799316	0.018478755980799066
ENOG410XT32	0.5837019113940991	-0.5837019113940991
ENOG410XT3D	0.6107493463639231	-0.6107493463639226
ENOG410XT3G	0.2332555112994235	-0.23325551129942335
ENOG410XT3I	0.8642931856738043	-0.8642931856738036
ENOG410XT3J	-0.2446425209182044	0.24464252091820424
ENOG410XT3K	-0.2917042647120117	0.2917042647120115
ENOG410XT3Q	1.8601587135630875	-1.8601587135630864
ENOG410XT3T	0.12173295761555197	-0.12173295761555188
ENOG410XT3V	0.4025363745228805	-0.4025363745228802
ENOG410XT3W	-0.32282858000994175	0.3228285800099415
ENOG410XT41	0.24466645209472818	-0.24466645209472823
ENOG410XT46	0.239831241720355	-0.23983124172035505
ENOG410XT4D	-0.42991576005789156	0.429915760057891
ENOG410XT4G	-1.3958265689544427	1.3958265689544413
ENOG410XT4P	-1.206409811588753	1.2064098115887518
ENOG410XT4Y	-1.1744526962559827	1.1744526962559816
ENOG410XT55	-1.192397081441306	1.192397081441305
ENOG410XT59	-1.2380301066404396	1.2380301066404384
ENOG410XT5H	0.7739022593417796	-0.7739022593417794
ENOG410XT5M	0.18530665258147247	-0.18530665258147258
ENOG410XT5W	1.0106644650935521	-1.0106644650935515
ENOG410XT60	0.3070320644890077	-0.3070320644890075
ENOG410XT63	0.22545042030291054	-0.22545042030291063
ENOG410XT66	-0.2995196171813679	0.29951961718136766
ENOG410XT7Q	-1.9490323935675655	1.949032393567564
ENOG410XT7T	0.4747876018871961	-0.47478760188719604
ENOG410XT7W	0.13230340534252874	-0.13230340534252863
ENOG410XT83	-0.5215036809831476	0.5215036809831473
ENOG410XT85	0.9157386717044432	-0.9157386717044429
ENOG410XT8A	1.4651895120652687	-1.465189512065268
ENOG410XT8Q	1.519077519943894	-1.5190775199438928
ENOG410XT8S	1.014229926542955	-1.0142299265429542
ENOG410XT98	0.9205128588185393	-0.9205128588185388
ENOG410XT9F	1.3830563242121434	-1.3830563242121423
ENOG410XT9M	-0.39697910883104637	0.3969791088310461
ENOG410XT9P	1.6870621283226417	-1.6870621283226406
ENOG410XT9Q	-0.48708253620462655	0.4870825362046262
ENOG410XT9Z	-0.7424904122033545	0.742490412203354
ENOG410XTAD	0.21302506067602622	-0.2130250606760263
ENOG410XTAF	0.8440782016313585	-0.8440782016313582
ENOG410XTAM	0.32483243471548423	-0.324832434715484
ENOG410XTB1	0.2065883434326993	-0.2065883434326994
ENOG410XTC8	0.7266014746460532	-0.7266014746460528
ENOG410XTCH	-0.5636526261317405	0.56365262613174
ENOG410XTD7	-0.3443550142971877	0.3443550142971872
ENOG410XTD8	-0.5658301168616521	0.5658301168616516
ENOG410XTDI	-0.8272031927058464	0.8272031927058455
ENOG410XTDY	0.4389567986066923	-0.43895679860669223
ENOG410XTE0	-0.7194900212502602	0.7194900212502597
ENOG410XTE1	1.7475120237811688	-1.7475120237811679
ENOG410XTE8	1.6528207839780558	-1.6528207839780547
ENOG410XTE9	1.389829537341865	-1.3898295373418645
ENOG410XTEI	-0.7093203917715479	0.7093203917715472
ENOG410XTEU	-1.0464233836661496	1.046423383666149
ENOG410XTEX	-0.3330074034520905	0.33300740345209
ENOG410XTFC	-0.5961305592866952	0.5961305592866946
ENOG410XTFW	0.6794185364726015	-0.6794185364726011
ENOG410XTGU	-1.2510340366640014	1.251034036664
ENOG410XTH0	-0.010693422873202022	0.010693422873202013
ENOG410XTHE	1.058243432229856	-1.0582434322298553
ENOG410XTHF	-1.5646592257657101	1.5646592257657088
ENOG410XTHI	0.195441175491315	-0.19544117549131534
ENOG410XTI1	-0.7048418151062694	0.7048418151062686
ENOG410XTI6	-1.2929593493046307	1.2929593493046299
ENOG410XTIC	1.8913506896876855	-1.8913506896876844
ENOG410XTIR	0.33792141960515	-0.3379214196051502
ENOG410XTIS	-0.34341364476746045	0.3434136447674602
ENOG410XTJ6	-0.9459659522473831	0.9459659522473822
ENOG410XTJ7	-1.3337263415893739	1.3337263415893728
ENOG410XTJD	-0.24965567564984315	0.24965567564984298
ENOG410XTJH	-1.1809887687912484	1.1809887687912475
ENOG410XTK8	-0.19206328756685376	0.19206328756685362
ENOG410XTKQ	-1.0389213590182595	1.0389213590182587
ENOG410XTKS	-1.3101016562655818	1.310101656265581
ENOG410XTM1	-1.545398531911347	1.545398531911346
ENOG410XTMC	0.21637984508098995	-0.21637984508099004
ENOG410XTMS	0.8796072950934156	-0.879607295093415
ENOG410XTNF	0.6539303274990239	-0.6539303274990237
ENOG410XTPT	-0.9151245623725068	0.9151245623725062
ENOG410XTVV	0.4385049334305794	-0.4385049334305791
ENOG410XTW4	0.9871184459404595	-0.9871184459404588
ENOG410XTWD	1.0981007350554175	-1.0981007350554168
ENOG410XTWY	-0.4664025941254172	0.4664025941254166
ENOG410XTX8	-1.3392659492857548	1.3392659492857537
ENOG410XTYU	-0.3514934412125666	0.35149344121256615
ENOG410XU1U	-0.6133166875080814	0.6133166875080807
ENOG410XU52	-1.735844370810556	1.7358443708105542
ENOG410XU7P	-1.117749198781278	1.1177491987812767
ENOG410XU8G	0.6798516944811875	-0.6798516944811875
ENOG410XU9J	-1.4926508956561	1.4926508956560987
ENOG410XUAX	-0.4687315288332459	0.4687315288332453
ENOG410XUAZ	1.2569751296497134	-1.256975129649713
ENOG410XUB6	0.07693383334916754	-0.07693383334916795
ENOG410XUBJ	-0.027086600739207402	0.02708660073920715
ENOG410XUBN	-1.1305369731230235	1.1305369731230228
ENOG410XUC3	-0.7352414550121132	0.7352414550121128
ENOG410XUCI	-0.6786745166581759	0.6786745166581754
ENOG410XUCQ	0.7311261659350697	-0.7311261659350692
ENOG410XUCS	0.45018953728904476	-0.45018953728904443
ENOG410XUCW	-0.14416526787692302	0.1441652678769229
ENOG410XUD3	1.3286296947459684	-1.3286296947459675
ENOG410XUDT	0.5629207618267957	-0.5629207618267955
ENOG410XUDZ	-1.154231650199639	1.1542316501996381
ENOG410XUEN	0.5329465501403726	-0.5329465501403725
ENOG410XUEY	1.7624501644176669	-1.762450164417666
ENOG410XUF0	0.6216856755915249	-0.6216856755915242
ENOG410XUF9	-0.1965206745154765	0.1965206745154761
ENOG410XUFC	-0.46569864509582193	0.4656986450958216
ENOG410XUFW	-0.20527116108234078	0.20527116108234064
ENOG410XUFZ	0.3010065564308486	-0.30100655643084884
ENOG410XUGE	-0.6975409840815167	0.6975409840815161
ENOG410XUGJ	0.39356213326832795	-0.3935621332683277
ENOG410XUI8	-1.6774266875244586	1.6774266875244577
ENOG410XUII	0.4247265537242283	-0.42472655372422774
ENOG410XUIX	-0.43310180623682965	0.4331018062368293
ENOG410XUJM	0.5153181576826825	-0.5153181576826822
ENOG410XUMV	-1.7494280970788634	1.7494280970788616
ENOG410XUMX	-0.07169198053584956	0.07169198053584927
ENOG410XUN7	1.2453859973723915	-1.2453859973723906
ENOG410XUN9	0.11399971027228605	-0.11399971027228598
ENOG410XUNB	0.4827960251503388	-0.4827960251503385
ENOG410XUNF	-1.09266162269315	1.0926616226931487
ENOG410XUQ1	-1.6128080457002767	1.6128080457002756
ENOG410XUQG	-0.7704998527795307	0.7704998527795303
ENOG410XUQX	0.33791067786837387	-0.33791067786837364
ENOG410XUSB	-0.8621432040193334	0.8621432040193326
ENOG410XUST	0.26139482378229756	-0.2613948237822976
ENOG410XUSY	-0.6564912729213594	0.6564912729213587
ENOG410XUT4	-0.8684393464124224	0.8684393464124215
ENOG410XUTM	-1.9513027755788686	1.951302775578867
ENOG410XUTQ	-0.056320316500442134	0.05632031650044209
ENOG410XUTU	-0.6714895129960283	0.6714895129960279
ENOG410XUTY	-1.2937154626920746	1.2937154626920737
ENOG410XUTZ	1.4628816969084488	-1.4628816969084484
ENOG410XUV1	0.6246693273062698	-0.6246693273062693
ENOG410XUV4	0.42405346716139	-0.4240534671613899
ENOG410XUVJ	-0.3076624245825093	0.3076624245825091
ENOG410XUVW	0.3544458733619873	-0.354445873361987
ENOG410XUWD	-1.3988792260224419	1.3988792260224407
ENOG410XUWV	1.1198455041152782	-1.1198455041152775
ENOG410XUX9	1.0885732861441175	-1.088573286144117
ENOG410XUXE	0.2002267604673643	-0.2002267604673644
ENOG410XUXP	-0.24605555773924198	0.2460555577392418
ENOG410XUY1	0.8483601389876332	-0.8483601389876325
ENOG410XUYD	-1.1040414564473278	1.104041456447327
ENOG410XUYN	-1.143730002203426	1.1437300022034247
ENOG410XUYW	-0.7883741867196167	0.7883741867196161
ENOG410XUYX	1.11702040801178	-1.117020408011779
ENOG410XUZ1	-1.7707799471665897	1.770779947166588
ENOG410XV06	-1.044463547956008	1.0444635479560072
ENOG410XV13	1.1650986484478656	-1.1650986484478654
ENOG410XV1E	-0.13220656548415718	0.13220656548415707
ENOG410XV1P	-0.27735959280813394	0.27735959280813377
ENOG410XV1Q	-0.019367144659371657	0.019367144659371643
ENOG410XV1U	-1.080713840112833	1.0807138401128318
ENOG410XV1V	0.6059586476857168	-0.605958647685717
ENOG410XV2J	-0.07418440941607934	0.07418440941607929
ENOG410XV35	1.2435584558236283	-1.2435584558236275
ENOG410XV3S	-0.6742219531739826	0.6742219531739821
ENOG410XV4V	0.828857559912819	-0.8288575599128186
ENOG410XV5R	-0.654649514651919	0.6546495146519182
ENOG410XV5S	0.4921832831640395	-0.49218328316403914
ENOG410XV63	-0.07272589855550854	0.07272589855550826
ENOG410XV65	-0.939022195079799	0.9390221950797981
ENOG410XV6C	0.7473315412275657	-0.7473315412275657
ENOG410XV6Q	-0.38403751841146305	0.38403751841146255
ENOG410XV6R	1.0850781541721772	-1.0850781541721768
ENOG410XV6S	-0.5047440234869854	0.5047440234869848
ENOG410XV7P	-1.0120548452261442	1.0120548452261433
ENOG410XV8W	0.7284022901751342	-0.7284022901751337
ENOG410XV92	-0.023021882116825338	0.02302188211682532
ENOG410XV97	0.5119482418344555	-0.5119482418344554
ENOG410XV98	0.4424799246916322	-0.44247992469163216
ENOG410XV9Q	1.3376863436960644	-1.3376863436960633
ENOG410XV9T	0.26572274093504755	-0.2657227409350471
ENOG410XVAX	0.6256237456591947	-0.6256237456591944
ENOG410XVBQ	-0.6734716500664378	0.6734716500664374
ENOG410XVBT	-1.2704756339481469	1.2704756339481458
ENOG410XVCE	-0.9312327208710919	0.9312327208710912
ENOG410XVCG	0.2977337489726067	-0.2977337489726067
ENOG410XVCQ	-0.13017425551755674	0.13017425551755665
ENOG410XVE6	-0.09621548307990035	0.09621548307990029
ENOG410XVET	0.3867462548128697	-0.3867462548128697
ENOG410XVEX	0.41174486443563696	-0.4117448644356366
ENOG410XVFQ	-1.4947188292744058	1.4947188292744045
ENOG410XVG9	-0.4182446782141299	0.41824467821412964
ENOG410XVGB	0.9880372132713744	-0.988037213271374
ENOG410XVGY	1.2661337130756816	-1.2661337130756807
ENOG410XVH5	0.4834589102149241	-0.48345891021492426
ENOG410XVH9	-0.6247993693992369	0.6247993693992361
ENOG410XVI4	0.07109498477726663	-0.07109498477726657
ENOG410XVIV	-1.5225512888107169	1.5225512888107158
ENOG410XVMR	-1.1203117816605883	1.1203117816605874
ENOG410XVP9	-1.777854535985386	1.7778545359853848
ENOG410XVPQ	-0.2316016896806576	0.2316016896806572
ENOG410XVQ2	-0.4013288034840629	0.4013288034840624
ENOG410XVQR	0.7576292254255604	-0.75762922542556
ENOG410XVR0	-1.3407129397258644	1.3407129397258635
ENOG410XVRQ	0.9688556241908172	-0.9688556241908167
ENOG410XVSQ	1.519707609007489	-1.519707609007488
ENOG410XVU3	-0.2859218008700469	0.2859218008700465
ENOG410XVXM	-1.7260275264554235	1.7260275264554221
ENOG410XVY3	-0.5732683497553284	0.5732683497553279
ENOG410XVYH	-0.48215666320347855	0.4821566632034782
ENOG410XVYV	1.3279169890407678	-1.327916989040767
ENOG410XVZ9	-0.20097582833737324	0.20097582833737285
ENOG410XVZB	0.5277563249426267	-0.5277563249426265
ENOG410XW00	0.36575803820990116	-0.36575803820990116
ENOG410XW02	-0.04792329595776622	0.04792329595776595
ENOG410XW1B	-0.4295694613210106	0.42956946132101026
ENOG410XW1D	-1.6953203398969465	1.6953203398969448
ENOG410XW1S	0.7190514730825807	-0.7190514730825802
ENOG410XW26	0.46967442381087243	-0.4696744238108721
ENOG410XW2M	-1.6973449719823206	1.6973449719823188
ENOG410XW3C	-1.2959430415991415	1.2959430415991406
ENOG410XW3I	0.3344678803016793	-0.3344678803016788
ENOG410XW3J	-1.4709060870674378	1.4709060870674366
ENOG410XW3R	-1.523927413083922	1.5239274130839209
ENOG410XW4I	-0.9310865359316575	0.9310865359316568
ENOG410XW5Q	0.5465845343658089	-0.5465845343658086
ENOG410XW5U	-0.32040674336103586	0.32040674336103536
ENOG410XW6Y	0.2834449019564704	-0.28344490195647043
ENOG410XW8N	-0.989979956213598	0.9899799562135971
ENOG410XW9I	0.6652115004680419	-0.6652115004680417
ENOG410XWA5	0.9862382671329827	-0.986238267132982
ENOG410XWCG	-0.10008878596557175	0.10008878596557143
ENOG410XWCQ	-0.007936593927804025	0.007936593927803782
ENOG410XWD1	0.40064048527841667	-0.4006404852784166
ENOG410XWDI	0.45881606975571904	-0.458816069755719
ENOG410XWE4	-1.65844355045933	1.658443550459329
ENOG410XWEM	-1.7836116112916087	1.7836116112916074
ENOG410XWEP	0.640444834073899	-0.6404448340738983
ENOG410XWG4	0.12847631008985363	-0.12847631008985377
ENOG410XWHE	-0.4483839076004244	0.44838390760042385
ENOG410XWHS	-0.9669659070518806	0.9669659070518796
ENOG410XWI1	-1.6173416579565345	1.6173416579565332
ENOG410XWID	0.2513885060047196	-0.2513885060047194
ENOG410XWJU	-0.11662212555303635	0.11662212555303603
ENOG410XWJY	0.21204384319603395	-0.21204384319603356
ENOG410XWKU	1.629686596450541	-1.62968659645054
ENOG410XWM3	-0.46035544132732586	0.4603554413273253
ENOG410XWNB	-1.6038109354894303	1.6038109354894292
ENOG410XWND	-0.6373186657797056	0.637318665779705
ENOG410XWQG	-0.28847499813335237	0.28847499813335215
ENOG410XWQI	-1.2703832008902474	1.2703832008902463
ENOG410XWRI	1.6420598675413907	-1.6420598675413896
ENOG410XWRP	-1.2742508018390388	1.2742508018390375
ENOG410XWRS	-1.4543853090123333	1.4543853090123322
ENOG410XWRZ	-0.9112269742987775	0.9112269742987766
ENOG410XWS1	-0.07154319821792732	0.07154319821792728
ENOG410XWSH	0.29415843166497646	-0.2941584316649767
ENOG410XWU8	0.349694499126238	-0.349694499126238
ENOG410XWUM	-1.0907001739813216	1.0907001739813202
ENOG410XWUY	-0.06359998365757417	0.06359998365757413
ENOG410XWV3	-0.41726207016292893	0.4172620701629284
ENOG410XWVU	-0.6763192348999199	0.6763192348999192
ENOG410XWX0	-0.5761729703306248	0.5761729703306241
ENOG410XWX7	1.362065756891862	-1.362065756891861
ENOG410XWX8	0.08329740176028498	-0.08329740176028516
ENOG410XWY9	1.2621687244022883	-1.2621687244022877
ENOG410XWYF	1.7962293483745142	-1.7962293483745126
ENOG410XWYN	-0.24279052247323937	0.2427905224732392
ENOG410XWZA	-0.4158572314816479	0.4158572314816473
ENOG410XWZC	0.7797122960546604	-0.7797122960546596
ENOG410XX01	-0.49349924823729746	0.4934992482372969
ENOG410XX1B	0.9779305221313408	-0.9779305221313404
ENOG410XX45	-0.7675354485476755	0.7675354485476747
ENOG410XX4B	-1.462958013996616	1.4629580139966152
ENOG410XX5C	0.7422072667320239	-0.7422072667320231
ENOG410XX68	-1.579173953340403	1.579173953340402
ENOG410XX6B	-0.7876251741376409	0.78762517413764
ENOG410XX6K	-1.0129221037550475	1.0129221037550467
ENOG410XX6Q	-0.1201580639598474	0.12015806395984709
ENOG410XX6V	-1.638201541230262	1.6382015412302604
ENOG410XX9J	1.3543919946694882	-1.3543919946694878
ENOG410XXBN	-1.7433429723239977	1.743342972323996
ENOG410XXEH	0.42617301321110074	-0.4261730132111007
ENOG410XXEN	0.3927496450399527	-0.39274964503995263
ENOG410XXFZ	-1.4749776852433565	1.4749776852433556
ENOG410XXGI	0.7252825839940331	-0.7252825839940328
ENOG410XXHT	1.0097207663850776	-1.0097207663850771
ENOG410XXHW	-0.933486868850178	0.9334868688501771
ENOG410XXIR	-0.8287499570013207	0.82874995700132
ENOG410XXIU	-0.07150077421064145	0.07150077421064141
ENOG410XXJC	0.009577184988462188	-0.009577184988462419
ENOG410XXJV	1.3134290231061	-1.3134290231060997
ENOG410XXK0	1.8149988372553412	-1.8149988372553403
ENOG410XXK3	-0.6764225766936164	0.6764225766936157
ENOG410XXK5	1.5843945884425001	-1.584394588442499
ENOG410XXKJ	0.45649874974173976	-0.4564987497417397
ENOG410XXMB	-0.24666381296410558	0.24666381296410517
ENOG410XXQW	-0.03984298524101114	0.039842985241010875
ENOG410XXS0	-1.6902097805492078	1.6902097805492065
ENOG410XXTQ	-0.5893050533121574	0.589305053312157
ENOG410XXTX	-1.5287462655836515	1.5287462655836503
ENOG410XXUQ	-1.1044325951844935	1.1044325951844929
ENOG410XXVB	1.4743553435312118	-1.4743553435312113
ENOG410XXX4	-1.7066990935181705	1.706699093518169
ENOG410XXX8	0.3154531919379016	-0.3154531919379014
ENOG410XXX9	-0.7255692244841485	0.7255692244841477
ENOG410XXXE	-0.3461007484283644	0.3461007484283639
ENOG410XXXP	-1.3431831406505181	1.3431831406505168
ENOG410XXY3	-0.7302705471696377	0.7302705471696371
ENOG410XXYA	0.4819171151124389	-0.4819171151124383
ENOG410XXZT	1.2578327392964375	-1.2578327392964366
ENOG410XY17	-1.4292880337471334	1.4292880337471323
ENOG410XY19	-0.37322793092503603	0.37322793092503553
ENOG410XY1F	-0.43841082968000644	0.4384108296800059
ENOG410XY1N	-0.5162654724238341	0.5162654724238338
ENOG410XY1R	0.7823092259945263	-0.782309225994526
ENOG410XY2D	0.7982041736207166	-0.798204173620716
ENOG410XY33	0.8494584639747049	-0.8494584639747044
ENOG410XY3A	-1.484352120462275	1.4843521204622734
ENOG410XY3F	-0.8260080799532774	0.8260080799532769
ENOG410XY3Z	0.3985357501711847	-0.39853575017118464
ENOG410XY5S	0.48075154675604015	-0.4807515467560398
ENOG410XY61	-0.6418752460128098	0.6418752460128093
ENOG410XY68	-0.718243383712585	0.7182433837125844
ENOG410XY7J	-1.7755182238023817	1.77551822380238
ENOG410XY7K	1.269493276431527	-1.2694932764315263
ENOG410XY7V	0.16668845701917334	-0.166688457019173
ENOG410XY8M	-0.8493929248019774	0.8493929248019766
ENOG410XY8U	0.11202885721334889	-0.11202885721334929
ENOG410XY95	-0.5727358866195286	0.5727358866195279
ENOG410XY9G	-1.3579344805793692	1.3579344805793678
ENOG410XY9M	-0.4875363301804236	0.48753633018042325
ENOG410XYB5	-1.445773369508626	1.4457733695086246
ENOG410XYCG	0.009246184158270469	-0.009246184158270462
ENOG410XYD5	-0.5124208426998758	0.5124208426998754
ENOG410XYEE	-0.8944099462718483	0.8944099462718474
ENOG410XYEZ	-0.13601087354569624	0.13601087354569616
ENOG410XYF2	-0.21321352464175305	0.21321352464175267
ENOG410XYH3	-1.601584706348362	1.6015847063483606
ENOG410XYIX	-0.28859599122879914	0.288595991228799
ENOG410XYKK	-0.4560692693007495	0.4560692693007492
ENOG410XYN2	1.183543950266499	-1.1835439502664982
ENOG410XYNB	-0.3220246645422632	0.322024664542263
ENOG410XYNV	1.0439724685011924	-1.043972468501192
ENOG410XYP6	1.3605272822942702	-1.3605272822942693
ENOG410XYPB	0.6394150610833446	-0.6394150610833439
ENOG410XYSH	-1.704295886865715	1.7042958868657143
ENOG410XYV4	-1.5359340698725699	1.5359340698725688
ENOG410XYVK	-0.2533455931797027	0.25334559317970223
ENOG410XYX0	1.4843711548309693	-1.4843711548309682
ENOG410XYXW	-0.061661568508257915	0.06166156850825787
ENOG410XYZ9	-1.2300443461827524	1.2300443461827517
ENOG410XYZS	0.4012509702771146	-0.40125097027711476
ENOG410XYZZ	-0.41640015968305716	0.4164001596830569
ENOG410XZ09	-1.0486408466309753	1.0486408466309747
ENOG410XZ0P	1.086371947058854	-1.0863719470588529
ENOG410XZ1C	-1.5501447550537937	1.5501447550537923
ENOG410XZ29	1.137118430478938	-1.137118430478937
ENOG410XZ3T	-0.24298019999152098	0.24298019999152082
ENOG410XZ3W	-0.5161182361048632	0.5161182361048625
ENOG410XZ44	-1.5378869224785332	1.537886922478532
ENOG410XZ45	-0.7321466912321399	0.7321466912321395
ENOG410XZ4Z	-0.4520352326414775	0.45203523264147716
ENOG410XZ5W	-0.9630561390539617	0.963056139053961
ENOG410XZ74	-0.7668906921055146	0.7668906921055141
ENOG410XZ8R	-0.7216129110928374	0.7216129110928369
ENOG410XZ8Y	-1.0099057081500296	1.0099057081500287
ENOG410XZ91	-0.9611641710130681	0.9611641710130671
ENOG410XZ98	0.4315450186579405	-0.4315450186579399
ENOG410XZ9N	-1.4538466390868943	1.4538466390868932
ENOG410XZBD	-0.6446253414998349	0.6446253414998344
ENOG410XZC6	0.4584353787338748	-0.4584353787338745
ENOG410XZC7	0.482496955817992	-0.4824969558179917
ENOG410XZF7	-0.16732199832932515	0.1673219983293248
ENOG410XZGY	-1.2889111770662804	1.2889111770662796
ENOG410XZI0	0.2275704590489967	-0.227570459048997
ENOG410XZIB	-1.239210140483341	1.23921014048334
ENOG410XZJD	-0.7749043620776158	0.7749043620776153
ENOG410XZM9	0.5971675400451031	-0.5971675400451028
ENOG410XZP0	0.16735488628065026	-0.16735488628065015
ENOG410XZR5	0.3290244831198589	-0.3290244831198591
ENOG410XZS0	-1.5096181697531654	1.5096181697531643
ENOG410XZT0	-0.007400866242910362	0.007400866242910357
ENOG410XZTD	-0.023730211169675445	0.023730211169675428
ENOG410XZUM	-1.1970810253538138	1.1970810253538129
ENOG410XZUT	-1.023727243971964	1.0237272439719631
ENOG410XZUX	-0.988985722869339	0.988985722869338
ENOG410XZVK	-1.6368773615230299	1.6368773615230285
ENOG410XZXD	0.6063169379995913	-0.6063169379995906
ENOG410XZXZ	-1.2147754380181797	1.214775438018179
ENOG410XZY9	0.584322444396556	-0.5843224443965557
ENOG410Y00H	-0.13348740771008916	0.13348740771008885
ENOG410Y00Q	0.008081484257439764	-0.008081484257439757
ENOG410Y00R	0.842616033072708	-0.8426160330727076
ENOG410Y015	-0.6683406273487801	0.6683406273487795
ENOG410Y01S	0.7145260189461341	-0.7145260189461338
ENOG410Y01V	-1.9426197861022616	1.9426197861022605
ENOG410Y02D	-1.393490836569946	1.3934908365699452
ENOG410Y037	-1.6895466593945414	1.6895466593945396
ENOG410Y052	-1.0255054454708505	1.0255054454708499
ENOG410Y056	-0.590825814130483	0.5908258141304823
ENOG410Y061	-1.4693417248576712	1.4693417248576697
ENOG410Y065	-0.8276477784519108	0.8276477784519101
ENOG410Y077	-0.3042123336981764	0.3042123336981762
ENOG410Y07X	-0.6550610436121742	0.6550610436121738
ENOG410Y080	-0.4573942847821788	0.45739428478217825
ENOG410Y085	-1.2357929121499986	1.2357929121499978
ENOG410Y09H	0.947082602571306	-0.9470826025713054
ENOG410Y09Q	1.200397247614765	-1.2003972476147646
ENOG410Y0B5	-1.1950035028057804	1.1950035028057795
ENOG410Y0F8	-0.12225131215836067	0.12225131215836035
ENOG410Y0FB	0.6922606807837192	-0.6922606807837192
ENOG410Y0GE	0.8353550845379146	-0.8353550845379139
ENOG410Y0I2	0.8925744604206051	-0.8925744604206047
ENOG410Y0IZ	-0.07449168027633418	0.0744916802763339
ENOG410Y0J0	0.7236448246498912	-0.7236448246498906
ENOG410Y0KE	1.625103709262381	-1.62510370926238
ENOG410Y0M7	-0.8363850170428226	0.836385017042822
ENOG410Y0NA	0.42475928692862447	-0.4247592869286244
ENOG410Y0QZ	1.2880199289769816	-1.2880199289769807
ENOG410Y0TG	-0.15259816875441973	0.15259816875441937
ENOG410Y0TP	0.3715829561889057	-0.3715829561889054
ENOG410Y0U6	0.43415750237759676	-0.4341575023775964
ENOG410Y0UR	0.9307541340797701	-0.9307541340797696
ENOG410Y0VY	0.3532679211744203	-0.3532679211744205
ENOG410Y0X2	-1.3389094807779207	1.3389094807779198
ENOG410Y0YW	-1.391143118069513	1.3911431180695122
ENOG410Y12H	-0.9105967143745273	0.9105967143745264
ENOG410Y12I	0.7560138176302292	-0.7560138176302287
ENOG410Y12S	-0.29347577066779856	0.2934757706677981
ENOG410Y14K	0.8651161374004708	-0.8651161374004702
ENOG410Y16Y	-1.461389526082792	1.4613895260827912
ENOG410Y18H	-0.6275630062755685	0.6275630062755678
ENOG410Y18N	-0.22223307746017862	0.22223307746017845
ENOG410Y18U	0.8547622244879497	-0.8547622244879494
ENOG410Y19R	-0.7847613204364722	0.7847613204364716
ENOG410Y19Z	-0.09524214759682552	0.09524214759682545
ENOG410Y1AW	-0.6926892888750855	0.6926892888750847
ENOG410Y1BD	-0.5147214025453264	0.5147214025453261
ENOG410Y1BX	-0.0028239324358772053	0.002823932435877203
ENOG410Y1DB	-0.21983828099842234	0.21983828099842195
ENOG410Y1E4	0.41872409184592774	-0.4187240918459279
ENOG410Y1FH	-1.073927794413495	1.073927794413494
ENOG410Y1GY	-1.2196169417059193	1.2196169417059182
ENOG410Y1H4	0.06883346502210162	-0.06883346502210157
ENOG410Y1HH	0.2576363512746408	-0.25763635127464085
ENOG410Y1JH	-0.14049601868261163	0.1404960186826113
ENOG410Y1KT	-0.6083575048441563	0.6083575048441556
ENOG410Y1MA	-0.06061603827370592	0.060616038273705646
ENOG410Y1MD	-1.106161643211251	1.10616164321125
ENOG410Y1MR	0.2999956161170327	-0.29999561611703246
ENOG410Y1NG	0.8896054766890225	-0.8896054766890217
ENOG410Y1QQ	-0.7998749080265918	0.7998749080265912
ENOG410Y1RD	0.3721939462339218	-0.37219394623392177
ENOG410Y1SQ	-1.2716386219544344	1.2716386219544333
ENOG410Y1UE	-0.2288041366097157	0.22880413660971555
ENOG410Y1UZ	-0.2396206666114129	0.2396206666114125
ENOG410Y1VW	-0.47179019787815746	0.4717901978781569
ENOG410Y1WM	0.12592070136616626	-0.12592070136616618
ENOG410Y1XP	-1.4308364879449222	1.4308364879449207
ENOG410Y1YB	-0.30850804783264946	0.308508047832649
ENOG410Y1YY	-1.123566684468293	1.1235666844682919
ENOG410Y20W	1.098330837982975	-1.0983308379829744
ENOG410Y252	-1.013703048002902	1.0137030480029012
ENOG410Y25P	-1.0431081118303236	1.0431081118303227
ENOG410Y26I	-0.03438223415910219	0.03438223415910217
ENOG410Y2DY	0.12254876062793062	-0.12254876062793077
ENOG410Y2EA	-0.3956468316430724	0.3956468316430721
ENOG410Y2F5	-1.5531283486646985	1.5531283486646974
ENOG410Y2FJ	-0.2876113575573624	0.28761135755736195
ENOG410Y2GD	-0.31229280492366723	0.3122928049236668
ENOG410Y2ID	-0.767479192718497	0.7674791927184964
ENOG410Y2IM	-0.5944311019074584	0.5944311019074581
ENOG410Y2JB	-0.247562047178083	0.2475620471780828
ENOG410Y2JJ	0.5899399187146157	-0.5899399187146153
ENOG410Y2NR	-1.3822613022502226	1.3822613022502215
ENOG410Y2QG	-1.4304229500054368	1.430422950005436
ENOG410Y2SR	1.1885353187064702	-1.1885353187064696
ENOG410Y2VC	-0.27338983430440006	0.27338983430439967
ENOG410Y2VY	-0.8576856897972093	0.8576856897972087
ENOG410Y2W2	-1.3875870652910969	1.387587065291096
ENOG410Y2XH	-0.24000825187701666	0.24000825187701627
ENOG410Y2XW	1.0734027825310593	-1.0734027825310588
ENOG410Y2Y3	-1.0974946685262235	1.0974946685262226
ENOG410Y2YQ	1.0656076575423752	-1.0656076575423747
ENOG410Y2ZR	1.0215961099701936	-1.0215961099701931
ENOG410Y30I	-0.18030519384872254	0.1803051938487224
ENOG410Y30J	1.3230830346630136	-1.3230830346630131
ENOG410Y311	0.4593922816045148	-0.4593922816045147
ENOG410Y315	-0.9331911942197556	0.9331911942197547
ENOG410Y31C	0.3506770303306766	-0.3506770303306766
ENOG410Y32P	1.7588338545480233	-1.7588338545480222
ENOG410Y33J	-0.24257751465320448	0.2425775146532043
ENOG410Y34J	-0.8063098713850737	0.8063098713850732
ENOG410Y37D	1.1888768014405284	-1.1888768014405278
ENOG410Y3AD	-0.26924045557989085	0.2692404555798906
ENOG410Y3AE	-0.022302828055873584	0.02230282805587357
ENOG410Y3AH	-1.2165453411766578	1.216545341176657
ENOG410Y3C5	-1.2632551076510585	1.2632551076510576
ENOG410Y3CA	-1.9025386282595147	1.9025386282595138
ENOG410Y3CU	-0.5899389371052646	0.5899389371052639
ENOG410Y3E1	2.018099856182968	-2.0180998561829666
ENOG410Y3HN	-1.0053441031401307	1.0053441031401298
ENOG410Y3II	0.3555972381374185	-0.3555972381374185
ENOG410Y3IK	-1.0141901613034492	1.0141901613034485
ENOG410Y3IT	0.8072630614941153	-0.807263061494115
ENOG410Y3J8	1.1668461399166263	-1.1668461399166261
ENOG410Y3JR	-0.007752285431658218	0.007752285431657976
ENOG410Y3KM	-1.857907930747707	1.8579079307477058
ENOG410Y3MC	0.04307482338766402	-0.04307482338766398
ENOG410Y3MI	-1.6545912265652827	1.6545912265652811
ENOG410Y3QX	-0.13382726903234335	0.13382726903234304
ENOG410Y3RG	0.44988017782977635	-0.4498801778297758
ENOG410Y3RI	-0.5896866976833388	0.5896866976833384
ENOG410Y3S9	-0.210232743654225	0.21023274365422462
ENOG410Y3SX	0.6330424262446379	-0.6330424262446377
ENOG410Y3UX	-1.4753464172924684	1.4753464172924673
ENOG410Y3V4	0.4608396457735552	-0.46083964577355535
ENOG410Y3XW	0.042952094496514555	-0.04295209449651499
ENOG410Y3YF	-0.4798945587880345	0.4798945587880339
ENOG410Y40Z	0.778508632954663	-0.7785086329546627
ENOG410Y41G	-0.2142849242623907	0.21428492426239032
ENOG410Y422	-1.7037136412303133	1.7037136412303127
ENOG410Y441	-0.7083943305543747	0.708394330554374
ENOG410Y44U	0.0016851339669621223	-0.0016851339669623573
ENOG410Y44W	0.0015226990501296196	-0.0015226990501298547
ENOG410Y44Z	-0.6996916156067366	0.6996916156067361
ENOG410Y46N	0.9773404436399203	-0.9773404436399197
ENOG410Y47H	-1.4650086257287105	1.4650086257287092
ENOG410Y47Q	0.15815541474934658	-0.1581554147493467
ENOG410Y47S	-0.6213673999549092	0.6213673999549088
ENOG410Y48A	-1.9023277139562005	1.9023277139561987
ENOG410Y48Z	0.2872321427455372	-0.28723214274553677
ENOG410Y49J	1.0220237681019608	-1.0220237681019602
ENOG410Y4AA	1.2158177973759197	-1.2158177973759188
ENOG410Y4AB	-0.3512205860291821	0.3512205860291818
ENOG410Y4CB	-0.45720737070480916	0.4572073707048086
ENOG410Y4CW	1.4924748716809344	-1.4924748716809333
ENOG410Y4D6	0.07101108842642327	-0.07101108842642322
ENOG410Y4E2	0.1370603030710069	-0.13706030307100728
ENOG410Y4FC	0.3270126187644451	-0.3270126187644451
ENOG410Y4GZ	1.7706192379360122	-1.7706192379360117
ENOG410Y4H9	-1.1264221558709835	1.1264221558709824
ENOG410Y4I7	-0.8967491476407303	0.8967491476407297
ENOG410Y4ID	0.9774809178179352	-0.9774809178179344
ENOG410Y4JT	0.008534507550600593	-0.008534507550600586
ENOG410Y4M2	-1.7275597255976598	1.7275597255976585
ENOG410Y4NF	-0.5384912177751153	0.5384912177751148
ENOG410Y4NK	-0.9729556914847071	0.9729556914847064
ENOG410Y4RG	-0.9086242163902409	0.9086242163902403
ENOG410Y4S2	-0.92090275816897	0.9209027581689694
ENOG410Y4SM	0.09382535989555961	-0.09382535989556001
ENOG410Y4SU	0.001190208780914592	-0.0011902087809145911
ENOG410Y4TD	0.03669902516551522	-0.036699025165515195
ENOG410Y4TR	-1.3209036399147644	1.3209036399147633
ENOG410Y4TW	1.2287039588592938	-1.2287039588592932
ENOG410Y4V2	0.07966471308725202	-0.07966471308725173
ENOG410Y4V7	-0.6743391196355555	0.6743391196355548
ENOG410Y4VD	0.9801897452891901	-0.9801897452891897
ENOG410Y4VX	0.5426478522588809	-0.5426478522588805
ENOG410Y4VZ	-0.629914765527303	0.6299147655273025
ENOG410Y4W7	1.2338695011326122	-1.2338695011326113
ENOG410Y4XD	-0.8179272825834563	0.8179272825834557
ENOG410Y4YN	-0.08406726611044922	0.08406726611044917
ENOG410Y50B	-0.1732535508494865	0.17325355084948613
ENOG410Y57B	0.3087504786436436	-0.30875047864364336
ENOG410Y57R	-0.06753362353632826	0.0675336235363282
ENOG410Y57Z	0.6016859113655807	-0.60168591136558
ENOG410Y58E	0.021818958983793546	-0.021818958983793765
ENOG410Y59Y	0.19249692105081503	-0.19249692105081515
ENOG410Y5B4	-1.3118628846522047	1.3118628846522036
ENOG410Y5BR	-0.10447629823458039	0.10447629823458007
ENOG410Y5DI	0.19915743128605612	-0.19915743128605598
ENOG410Y5GI	-0.26024683045197966	0.26024683045197944
ENOG410Y5N3	-1.4607659614386486	1.4607659614386472
ENOG410Y5P6	0.48217643456413656	-0.4821764345641362
ENOG410Y5Q5	-1.6379949495811972	1.6379949495811958
ENOG410Y5R4	0.8799919144373037	-0.8799919144373032
ENOG410Y5RX	-0.7682100072048639	0.7682100072048633
ENOG410Y5SN	-1.0849451714567186	1.0849451714567178
ENOG410Y5T5	-1.356066188189572	1.3560661881895706
ENOG410Y5TW	0.6193528654955259	-0.6193528654955257
ENOG410Y5V7	-1.4482289007490186	1.4482289007490177
ENOG410Y5VR	-0.42894285339859706	0.4289428533985968
ENOG410Y5WY	-0.17577721420907122	0.1757772142090711
ENOG410Y5X3	-0.5950623570063456	0.5950623570063451
ENOG410Y5Y8	-0.18516034990361901	0.18516034990361865
ENOG410Y5ZF	-0.9998701286814614	0.9998701286814607
ENOG410Y5ZK	-0.7952246676571731	0.7952246676571724
ENOG410Y60R	-1.6000730413353046	1.6000730413353028
ENOG410Y61A	-1.2463186796652048	1.246318679665204
ENOG410Y61B	-0.9221527869567092	0.9221527869567085
ENOG410Y63T	-1.6115481225558999	1.6115481225558983
ENOG410Y65M	-1.0189667399714535	1.0189667399714526
ENOG410Y65N	-1.0214471323067487	1.021447132306748
ENOG410Y698	0.7799662414501377	-0.7799662414501369
ENOG410Y69H	0.48961004219072196	-0.4896100421907214
ENOG410Y6BE	-0.7750337099892703	0.7750337099892696
ENOG410Y6DH	-0.5215773342435944	0.5215773342435941
ENOG410Y6DZ	0.6780270581914185	-0.6780270581914185
ENOG410Y6G5	0.2635846265847627	-0.2635846265847625
ENOG410Y6HR	-0.4975615516375607	0.49756155163756016
ENOG410Y6JS	-0.3133558465527106	0.31335584655271015
ENOG410Y6KN	0.5066514181788867	-0.5066514181788866
ENOG410Y6KY	-0.833771208451033	0.8337712084510321
ENOG410Y6N4	-1.625594580242145	1.6255945802421436
ENOG410Y6PP	-0.9589075605902356	0.9589075605902349
ENOG410Y6PV	0.7929395697896099	-0.7929395697896091
ENOG410Y6RZ	-1.2780676584751873	1.278067658475186
ENOG410Y6SJ	0.28917577876923034	-0.2891757787692306
ENOG410Y6T0	-1.035898922608007	1.0358989226080062
ENOG410Y6T3	0.28611252322522	-0.2861125232252201
ENOG410Y6UB	0.28178409806494925	-0.28178409806494903
ENOG410Y6VM	0.3664280437034856	-0.3664280437034851
ENOG410Y6W0	-1.1041545540079567	1.1041545540079556
ENOG410Y6W3	-0.9994075870937971	0.9994075870937964
ENOG410Y6WN	-0.16721344709092012	0.16721344709092
ENOG410Y6X8	-0.4330762539242022	0.4330762539242019
ENOG410Y70M	-1.4907127027412836	1.4907127027412825
ENOG410Y714	0.17170359750929093	-0.17170359750929082
ENOG410Y71B	-1.0144073537931675	1.0144073537931666
ENOG410Y722	-0.41095160488027105	0.41095160488027055
ENOG410Y736	-1.6253836051950312	1.6253836051950297
ENOG410Y73Q	0.08747983691026766	-0.08747983691026735
ENOG410Y744	-0.8462803907495333	0.8462803907495328
ENOG410Y74B	-0.034373780348530225	0.034373780348530204
ENOG410Y74G	0.0455001983004721	-0.045500198300472305
ENOG410Y74R	0.07183184508767627	-0.07183184508767622
ENOG410Y74T	-0.6826739666770565	0.682673966677056
ENOG410Y775	-1.1251312819812462	1.1251312819812453
ENOG410Y77C	1.1067909943280831	-1.1067909943280825
ENOG410Y7AI	0.6905583327340238	-0.690558332734023
ENOG410Y7CB	1.0389374514208158	-1.0389374514208154
ENOG410Y7H9	-1.5803762562371872	1.5803762562371861
ENOG410Y7HA	-1.6070395821791328	1.6070395821791317
ENOG410Y7HB	0.1748004851967579	-0.17480048519675753
ENOG410Y7HR	0.1051919949128795	-0.10519199491287967
ENOG410Y7J2	0.15025748735154168	-0.15025748735154132
ENOG410Y7MF	0.41208618278950243	-0.4120861827895024
ENOG410Y7NJ	-0.7322126653166124	0.7322126653166117
ENOG410Y7NW	-0.23812327385026988	0.2381232738502697
ENOG410Y7PK	0.8522253024222141	-0.8522253024222134
ENOG410Y7RU	-0.5579904318833367	0.5579904318833361
ENOG410Y7SB	-0.16878179244154712	0.168781792441547
ENOG410Y7U8	0.0018872237936441746	-0.0018872237936441733
ENOG410Y7U9	-1.036417371808197	1.036417371808196
ENOG410Y7UF	0.8079545123104777	-0.8079545123104771
ENOG410Y7UJ	-1.7134891052507735	1.713489105250772
ENOG410Y7W1	0.34150103330013193	-0.34150103330013193
ENOG410Y80I	-1.9428716007784594	1.9428716007784586
ENOG410Y81N	1.179214347070441	-1.1792143470704406
ENOG410Y82Q	-1.7021409879004517	1.7021409879004497
ENOG410Y83C	-1.5471875857793553	1.5471875857793538
ENOG410Y83P	-0.049965120838008005	0.04996512083800797
ENOG410Y85C	-0.19583177180812436	0.19583177180812422
ENOG410Y87T	-1.237143106669345	1.237143106669344
ENOG410Y881	-0.8378973660490392	0.8378973660490385
ENOG410Y8AE	0.24834139567531016	-0.24834139567531022
ENOG410Y8AI	-1.109274474501671	1.1092744745016698
ENOG410Y8BB	1.9248769325445643	-1.9248769325445638
ENOG410Y8E8	-0.7013725801839467	0.7013725801839459
ENOG410Y8F2	-0.6046299087460245	0.6046299087460241
ENOG410Y8FG	-0.16291462114002153	0.16291462114002142
ENOG410Y8FN	-1.1053618461146952	1.1053618461146946
ENOG410Y8GF	-1.1577960411125987	1.1577960411125978
ENOG410Y8IJ	0.7705223459793791	-0.7705223459793785
ENOG410Y8IR	-1.5809930224651758	1.5809930224651745
ENOG410Y8K0	-0.7608189519988582	0.7608189519988574
ENOG410Y8K6	-1.1111088303799364	1.1111088303799355
ENOG410Y8MK	1.116931913903924	-1.1169319139039238
ENOG410Y8MT	-0.3666340603011786	0.3666340603011781
ENOG410Y8NU	-0.8923808369997801	0.8923808369997795
ENOG410Y8R0	-0.9498584044194947	0.9498584044194938
ENOG410Y8U6	-0.2841664563229165	0.28416645632291626
ENOG410Y8W0	-0.9898895191909647	0.9898895191909638
ENOG410Y8WS	-1.069504376490507	1.0695043764905057
ENOG410Y8XY	0.5530163261525816	-0.5530163261525813
ENOG410Y8YV	-1.4743791010499223	1.4743791010499214
ENOG410Y8YW	0.7081636312712638	-0.7081636312712632
ENOG410Y909	0.23471248177385812	-0.23471248177385842
ENOG410Y90I	-0.5894450964667806	0.5894450964667801
ENOG410Y90V	1.033796825914315	-1.0337968259143147
ENOG410Y91P	1.049455888760017	-1.0494558887600163
ENOG410Y91S	0.3071522302396885	-0.30715223023968835
ENOG410Y921	1.8107136379669797	-1.8107136379669784
ENOG410Y926	-0.5207404988482921	0.5207404988482918
ENOG410Y935	1.1110128622264661	-1.111012862226466
ENOG410Y93R	-1.0395157081430266	1.039515708143026
ENOG410Y94C	-0.2852036748318129	0.2852036748318127
ENOG410Y954	-0.7231473024663855	0.7231473024663849
ENOG410Y968	-0.7223764065682201	0.7223764065682193
ENOG410Y96E	-1.1600896734860537	1.1600896734860529
ENOG410Y96N	0.23467761164860074	-0.23467761164860104
ENOG410Y96R	-1.7954925485459126	1.7954925485459106
ENOG410Y96Y	-1.0679425843876327	1.0679425843876318
ENOG410Y97H	-1.0899727613689647	1.0899727613689638
ENOG410Y97T	-0.760959315869751	0.7609593158697502
ENOG410Y99D	-0.7094410159173539	0.7094410159173532
ENOG410Y99K	-0.5884416948816005	0.5884416948815998
ENOG410Y99P	0.817573738240512	-0.8175737382405117
ENOG410Y9B6	-1.7759396273975996	1.7759396273975983
ENOG410Y9BH	-0.8316405282441582	0.8316405282441577
ENOG410Y9CE	-0.38558986209393825	0.385589862093938
ENOG410Y9CX	-0.2743012102627127	0.2743012102627125
ENOG410Y9CY	-0.8783363343737857	0.8783363343737848
ENOG410Y9DH	-0.3533946946799953	0.35339469467999507
ENOG410Y9DN	-0.9976710659792497	0.997671065979249
ENOG410Y9EQ	-1.8225465970328665	1.8225465970328651
ENOG410Y9EU	0.8671030743303108	-0.8671030743303103
ENOG410Y9EZ	0.45420413034470536	-0.454204130344705
ENOG410Y9G0	-1.8013993901302796	1.8013993901302776
ENOG410Y9GF	0.9125209416422002	-0.9125209416421995
ENOG410Y9GZ	0.5267875694186261	-0.5267875694186257
ENOG410Y9HG	-0.7577030168684237	0.7577030168684229
ENOG410Y9I9	0.9039548435242198	-0.9039548435242193
ENOG410Y9IM	-0.029398003171720224	0.029398003171719967
ENOG410Y9IT	-0.9127866440292497	0.912786644029249
ENOG410Y9J2	-1.2034842370950396	1.2034842370950387
ENOG410Y9J8	0.4116828029031078	-0.41168280290310727
ENOG410Y9JJ	0.7329158233076231	-0.7329158233076225
ENOG410Y9K3	-1.3223283968479185	1.3223283968479176
ENOG410Y9KI	-0.8166680480028184	0.8166680480028179
ENOG410Y9KP	0.13769655754460955	-0.13769655754460994
ENOG410Y9MC	-1.825581646995672	1.825581646995671
ENOG410Y9P0	-1.4375155831204653	1.4375155831204642
ENOG410Y9P6	-0.45198240809718826	0.4519824080971877
ENOG410Y9PG	0.802062145309125	-0.8020621453091247
ENOG410Y9RA	-1.1017110280019	1.101711028001899
ENOG410Y9RX	-0.759494465398377	0.7594944653983764
ENOG410Y9SW	-0.4828094654736145	0.48280946547361386
ENOG410Y9TM	-1.0361033878525445	1.0361033878525439
ENOG410Y9TN	-0.72543361613118	0.7254336161311793
ENOG410Y9TS	-0.29058092861730866	0.29058092861730844
ENOG410Y9UF	-1.8532680610470622	1.8532680610470602
ENOG410Y9V7	-0.4196605929705968	0.41966059297059655
ENOG410Y9VJ	1.5488527977684368	-1.548852797768436
ENOG410Y9VZ	-0.8509044867785116	0.8509044867785107
ENOG410Y9W1	-0.3626763920263441	0.36267639202634383
ENOG410Y9XA	-1.6727282709052713	1.67272827090527
ENOG410Y9XN	-0.6425531331747638	0.6425531331747634
ENOG410Y9Y0	-0.8338842241067448	0.8338842241067442
ENOG410Y9YJ	0.6011392159169737	-0.6011392159169735
ENOG410Y9YN	-1.8831036093154323	1.8831036093154307
ENOG410Y9YV	-0.43989814467460986	0.4398981446746095
ENOG410Y9ZI	1.8223857726591155	-1.8223857726591142
ENOG410Y9ZP	-1.1487927980971828	1.148792798097182
ENOG410YA1K	1.6640383256481976	-1.6640383256481965
ENOG410YA26	-0.5501722467973381	0.5501722467973377
ENOG410YA2N	-0.3076815925096615	0.30768159250966104
ENOG410YA2Z	-1.0319414927984287	1.0319414927984276
ENOG410YA33	-0.7253838168524196	0.7253838168524188
ENOG410YA44	0.17721959764964554	-0.1772195976496454
ENOG410YA4G	-0.996245705229389	0.9962457052293882
ENOG410YA56	0.5418388686192959	-0.5418388686192953
ENOG410YA5P	0.5308199212142805	-0.53081992121428
ENOG410YA6E	-0.6401847505712107	0.64018475057121
ENOG410YA6Q	0.737831450479039	-0.7378314504790388
ENOG410YA70	0.26939186296253226	-0.2693918629625318
ENOG410YA83	-0.0369278733393933	0.036927873339393034
ENOG410YA87	-1.6187665218439329	1.6187665218439318
ENOG410YA89	0.3261083863223755	-0.3261083863223755
ENOG410YA9M	0.5087392222174718	-0.5087392222174717
ENOG410YA9Z	-0.6393312833248428	0.6393312833248423
ENOG410YAA3	-1.275349578903387	1.2753495789033857
ENOG410YAB1	-0.02155979060872538	0.021559790608725364
ENOG410YABC	-1.2110298087106124	1.211029808710611
ENOG410YABJ	0.3932622517613178	-0.39326225176131774
ENOG410YACP	0.23018477347721247	-0.23018477347721206
ENOG410YACX	0.8222392409053728	-0.8222392409053723
ENOG410YAD4	-0.8425558558895464	0.8425558558895456
ENOG410YAD8	0.06424319435328887	-0.06424319435328883
ENOG410YADM	-0.9782354706696338	0.9782354706696329
ENOG410YAE9	-1.4086646748184826	1.4086646748184815
ENOG410YAEF	-0.9263846926812943	0.9263846926812934
ENOG410YAF1	-1.9072325267260102	1.9072325267260082
ENOG410YAFB	-1.3570565060404964	1.3570565060404953
ENOG410YAFU	-1.8167191689628772	1.8167191689628757
ENOG410YAGR	0.055568400954757825	-0.05556840095475826
ENOG410YAGY	-0.4719530466735898	0.47195304667358945
ENOG410YAI5	-1.1392044821933063	1.1392044821933054
ENOG410YAI8	-0.3642748869676627	0.3642748869676622
ENOG410YAIR	-0.7054456601172469	0.7054456601172464
ENOG410YAIS	1.1014684135287471	-1.101468413528747
ENOG410YAJ1	-0.7668100498891639	0.7668100498891631
ENOG410YAJ5	0.9046188274357433	-0.904618827435743
ENOG410YAN2	-1.597172183014495	1.5971721830144938
ENOG410YANC	-1.7065216565609758	1.7065216565609747
ENOG410YAP4	0.996236696862734	-0.9962366968627338
ENOG410YAQA	-0.12091615315066354	0.12091615315066345
ENOG410YAQZ	-1.1217854864177885	1.1217854864177874
ENOG410YAR1	-1.7790491462766265	1.7790491462766251
ENOG410YARE	-1.399872818281119	1.399872818281118
ENOG410YARU	-0.9050173646001406	0.9050173646001397
ENOG410YARX	-0.2506911944548845	0.2506911944548841
ENOG410YAS5	0.4823536685430675	-0.48235366854306694
ENOG410YASD	-0.7947540597845387	0.7947540597845382
ENOG410YAT8	0.7657965660563868	-0.7657965660563862
ENOG410YATZ	1.3714248647330927	-1.3714248647330918
ENOG410YAU0	-1.196165890053225	1.1961658900532242
ENOG410YAUK	-0.7036327259227739	0.7036327259227735
ENOG410YAUT	-0.21420417427905447	0.21420417427905433
ENOG410YAVK	-1.311076144128118	1.3110761441281171
ENOG410YAVZ	-0.8281106237244689	0.8281106237244681
ENOG410YAY4	-1.632831792910714	1.6328317929107126
ENOG410YAYF	-0.42803666233159227	0.42803666233159193
ENOG410YAYG	0.7218315838204563	-0.7218315838204563
ENOG410YAYK	-0.23561252862046675	0.23561252862046658
ENOG410YAYV	-0.5282591145745252	0.5282591145745247
ENOG410YB0P	-1.4482848114519324	1.4482848114519316
ENOG410YB0Q	-1.4695260479894028	1.4695260479894012
ENOG410YB1Q	0.7311787895460701	-0.7311787895460697
ENOG410YB26	-1.0939804646125075	1.0939804646125064
ENOG410YB2E	0.020484001208656843	-0.02048400120865683
ENOG410YB49	-1.558315879747069	1.558315879747068
ENOG410YB56	1.305210068760345	-1.305210068760344
ENOG410YB63	-0.9597384749546	0.9597384749545993
ENOG410YB68	-0.7751173939716179	0.7751173939716174
ENOG410YB6W	-1.4105854750968816	1.4105854750968805
ENOG410YB8E	-0.41824514952045266	0.41824514952045216
ENOG410YB8J	-0.5544270223624895	0.5544270223624889
ENOG410YB9V	1.1660336737644545	-1.1660336737644543
ENOG410YBCD	-1.3951119634157063	1.3951119634157054
ENOG410YBD7	-1.4714739845060985	1.4714739845060973
ENOG410YBDJ	-1.410913231229665	1.4109132312296642
ENOG410YBE3	-0.435839687574705	0.4358396875747044
ENOG410YBE7	1.3191725011556557	-1.3191725011556548
ENOG410YBF1	1.4943427337832549	-1.4943427337832542
ENOG410YBF7	1.7235700473320061	-1.723570047332005
ENOG410YBFJ	0.6016856329021264	-0.601685632902126
ENOG410YBFN	0.36344196741292434	-0.36344196741292406
ENOG410YBH3	0.2949395725849371	-0.29493957258493686
ENOG410YBJ6	1.6917452333820775	-1.6917452333820766
ENOG410YBJF	1.4260922754321033	-1.4260922754321022
ENOG410YBKA	0.10273749314431824	-0.10273749314431817
ENOG410YBKF	-1.3970131916154689	1.3970131916154676
ENOG410YBKS	0.6694676836166231	-0.6694676836166229
ENOG410YBMA	-0.5708426390239998	0.5708426390239991
ENOG410YBMI	-0.9786931552373969	0.9786931552373962
ENOG410YBMR	-0.18944911333824893	0.18944911333824857
ENOG410YBND	-0.43647015939911366	0.4364701593991133
ENOG410YBPP	1.3245730869937775	-1.3245730869937768
ENOG410YBQA	-1.0148533767977488	1.0148533767977481
ENOG410YBQR	0.5450467941621081	-0.5450467941621077
ENOG410YBQW	-0.2949364461562507	0.2949364461562505
ENOG410YBRJ	-0.35444774841273885	0.35444774841273835
ENOG410YBRQ	-0.13741034833030344	0.13741034833030333
ENOG410YBRR	-0.3806607259076828	0.3806607259076825
ENOG410YBRS	0.024380545644282266	-0.02438054564428225
ENOG410YBTD	1.0555641425089752	-1.0555641425089746
ENOG410YBTJ	-0.8205988094835373	0.8205988094835365
ENOG410YBU9	-1.3506266551545774	1.3506266551545765
ENOG410YBXC	-2.0013487480204555	2.0013487480204537
ENOG410YBY0	-1.6209162419063314	1.62091624190633
ENOG410YBY2	-0.5326540868730134	0.532654086873013
ENOG410YBY3	-1.2987780730549634	1.2987780730549625
ENOG410YBYI	0.8346212625459709	-0.8346212625459702
ENOG410YBZF	-1.2385212210826584	1.2385212210826575
ENOG410YC05	-0.3571305257545249	0.3571305257545245
ENOG410YC06	-1.496140091486331	1.4961400914863299
ENOG410YC0Y	0.8425517188460292	-0.8425517188460285
ENOG410YC2V	0.4311225756364634	-0.4311225756364631
ENOG410YC2W	-1.1587164559433498	1.1587164559433485
ENOG410YC2X	-0.30428755639464805	0.30428755639464783
ENOG410YC3V	-0.195814094080593	0.19581409408059286
ENOG410YC46	0.2094147737912857	-0.20941477379128554
ENOG410YC4S	-0.23520551307838575	0.23520551307838536
ENOG410YC51	-0.7233200069342639	0.7233200069342635
ENOG410YC5T	0.4046434756677367	-0.4046434756677364
ENOG410YC5X	-1.2931791604659295	1.2931791604659286
ENOG410YC5Y	-1.5120886345817728	1.5120886345817717
ENOG410YC6B	-0.5558507666046162	0.5558507666046159
ENOG410YC6S	-0.2873682671412755	0.28736826714127506
ENOG410YC7V	-0.5636950182741503	0.5636950182741498
ENOG410YC8I	0.690977172453167	-0.690977172453167
ENOG410YC9E	-0.44937081629259606	0.4493708162925955
ENOG410YCAG	-0.27261986741374844	0.2726198674137483
ENOG410YCB3	-1.054081456939103	1.0540814569391022
ENOG410YCB7	0.5345127138265173	-0.5345127138265167
ENOG410YCB9	1.1076199957322546	-1.1076199957322537
ENOG410YCBF	-1.1038982968040483	1.1038982968040474
ENOG410YCBW	0.7676402396603308	-0.7676402396603302
ENOG410YCC6	-1.1099962335664666	1.1099962335664657
ENOG410YCCC	-0.7434236201149925	0.743423620114992
ENOG410YCCZ	-0.6999744328453701	0.6999744328453693
ENOG410YCET	-1.8494123240661915	1.84941232406619
ENOG410YCFW	-0.5131860450366209	0.5131860450366206
ENOG410YCGG	0.44600037681972604	-0.4460003768197257
ENOG410YCIZ	-0.7710633905463607	0.7710633905463603
ENOG410YCJF	-1.1009964919326345	1.1009964919326338
ENOG410YCM3	-0.3744197007048994	0.3744197007048991
ENOG410YCMS	0.015322430370567616	-0.015322430370567842
ENOG410YCNG	0.8199999984671569	-0.8199999984671568
ENOG410YCNS	0.5708945415459655	-0.5708945415459654
ENOG410YCQ8	1.7838648953666563	-1.783864895366655
ENOG410YCRD	1.200190328846596	-1.2001903288465952
ENOG410YCSD	0.0037165328487595724	-0.00371653284875957
ENOG410YCTM	-0.8093012495136372	0.8093012495136366
ENOG410YCUM	1.365025565692919	-1.365025565692918
ENOG410YCVH	-1.3314225144956848	1.331422514495684
ENOG410YCVN	0.5121928899667864	-0.5121928899667858
ENOG410YCVR	-0.6344189491808816	0.6344189491808812
ENOG410YCW7	1.0736642137179124	-1.0736642137179113
ENOG410YCWB	-1.5602804286495218	1.5602804286495204
ENOG410YCWT	-0.08020347522962488	0.08020347522962483
ENOG410YCXJ	-0.9623862048423861	0.9623862048423854
ENOG410YCXR	-0.2311188150097164	0.23111881500971598
ENOG410YCYE	-0.6910196150372419	0.6910196150372412
ENOG410YCZF	-0.7257814481775077	0.7257814481775071
ENOG410YCZT	-0.24665114633180227	0.24665114633180185
ENOG410YD01	-1.1427786713661667	1.1427786713661658
ENOG410YD0D	0.9916778417964047	-0.9916778417964042
ENOG410YD0X	-1.4721634256650962	1.4721634256650946
ENOG410YD2N	-1.0682910077899783	1.0682910077899772
ENOG410YD37	-0.546554372106465	0.5465543721064646
ENOG410YD3Q	-0.6099564036284825	0.6099564036284818
ENOG410YD3Z	-0.17118843077422732	0.17118843077422718
ENOG410YD4B	-0.8645351627857703	0.8645351627857694
ENOG410YD4V	-0.7843294970399947	0.7843294970399939
ENOG410YD57	0.009594592384556646	-0.009594592384556639
ENOG410YD62	-0.743978850671998	0.7439788506719974
ENOG410YD7D	-0.623670354647703	0.6236703546477026
ENOG410YD8B	-0.27657047913031585	0.2765704791303157
ENOG410YD8C	-1.1079735004420175	1.1079735004420164
ENOG410YD8K	-1.3880089409842815	1.3880089409842804
ENOG410YD8U	0.8596596533730682	-0.8596596533730678
ENOG410YD8Y	-1.5384730969774338	1.5384730969774327
ENOG410YD95	-1.0956135889169651	1.095613588916964
ENOG410YDAR	-1.5116055657474692	1.5116055657474683
ENOG410YDB3	-0.6204298612781554	0.6204298612781546
ENOG410YDBB	1.42386581510237	-1.4238658151023689
ENOG410YDBQ	-1.3787583149465144	1.3787583149465132
ENOG410YDCP	-0.6347521093438746	0.6347521093438739
ENOG410YDF2	-0.9764152321178088	0.9764152321178081
ENOG410YDFB	-0.2678279531653286	0.26782795316532837
ENOG410YDGG	0.39402197000607975	-0.39402197000607947
ENOG410YDHJ	0.19138441152340885	-0.19138441152340896
ENOG410YDIC	-1.4825439172161343	1.4825439172161328
ENOG410YDIQ	-0.6595298879283839	0.6595298879283832
ENOG410YDKG	0.36130430256803553	-0.3613043025680355
ENOG410YDM2	0.25897789465204163	-0.2589778946520412
ENOG410YDMQ	-1.5227734032205573	1.5227734032205562
ENOG410YDN3	-0.9160108488604036	0.9160108488604027
ENOG410YDPZ	-0.8890942656177389	0.889094265617738
ENOG410YDQJ	-1.1001139972217326	1.1001139972217318
ENOG410YDRB	-1.0492647102649162	1.0492647102649153
ENOG410YDSF	-1.1064239143179324	1.1064239143179315
ENOG410YDTM	-0.34002258640027944	0.3400225864002792
ENOG410YDTR	-0.9355149752605645	0.9355149752605636
ENOG410YDTT	-0.029841457102234462	0.02984145710223444
ENOG410YDU4	-0.09114843439585003	0.09114843439584996
ENOG410YDVK	-0.899460858950392	0.8994608589503913
ENOG410YDWC	-0.16339731668866483	0.1633973166886645
ENOG410YDXY	-1.8611952901922173	1.8611952901922155
ENOG410YDY0	-0.9800107882596605	0.9800107882596598
ENOG410YDYP	-1.2433194623740078	1.243319462374007
ENOG410YE0P	1.0047490814047235	-1.0047490814047233
ENOG410YE18	-0.45452634872161035	0.4545263487216098
ENOG410YE3A	0.4507073899188951	-0.45070738991889503
ENOG410YE3I	1.140291626105768	-1.1402916261057672
ENOG410YE6B	-0.34523578908707625	0.3452357890870758
ENOG410YE84	-0.14034112161620083	0.1403411216162005
ENOG410YE91	0.08947062576397355	-0.08947062576397373
ENOG410YE97	-1.2262477544666899	1.2262477544666888
ENOG410YE9Q	-1.721945657178744	1.7219456571787422
ENOG410YEA5	-0.07962059527058137	0.07962059527058131
ENOG410YEAQ	1.7401184863163435	-1.7401184863163421
ENOG410YEAS	-0.9237033524126647	0.923703352412664
ENOG410YEB8	-0.5864967163190069	0.5864967163190065
ENOG410YEBG	1.0405478182071872	-1.0405478182071863
ENOG410YEBJ	-0.06069371076723973	0.060693710767239444
ENOG410YECS	-1.6589851002525693	1.658985100252568
ENOG410YECY	1.2380032688881901	-1.2380032688881892
ENOG410YEEH	-1.429271353735995	1.4292713537359938
ENOG410YEET	1.0306209731662497	-1.0306209731662492
ENOG410YEF4	0.324253026149682	-0.32425302614968177
ENOG410YEG3	-0.35830165479165255	0.35830165479165227
ENOG410YEG8	-0.9958959366750337	0.995895936675033
ENOG410YEGB	-1.0973979874014357	1.097397987401435
ENOG410YEGC	-0.9702689637099647	0.9702689637099637
ENOG410YEGH	0.04830242591236454	-0.04830242591236474
ENOG410YEI3	0.11755104982011337	-0.11755104982011376
ENOG410YEJ0	0.10581512072097089	-0.10581512072097059
ENOG410YEK0	-0.8790107415059029	0.8790107415059022
ENOG410YEKU	-0.9767512095741703	0.9767512095741694
ENOG410YENY	-1.0065351220340102	1.0065351220340095
ENOG410YEPB	1.0652646442239588	-1.0652646442239582
ENOG410YESU	0.31993221238158476	-0.31993221238158454
ENOG410YEUD	-0.8224917032298639	0.8224917032298631
ENOG410YEV5	-1.424792964397652	1.424792964397651
ENOG410YEW2	1.2724059657148517	-1.272405965714851
ENOG410YEWF	0.67614968172269	-0.6761496817226893
ENOG410YEWP	-1.489146770200774	1.4891467702007728
ENOG410YEWS	-0.7949989549392922	0.7949989549392916
ENOG410YEXF	-0.7510955201551508	0.7510955201551502
ENOG410YEY3	-0.3334366409255532	0.33343664092555275
ENOG410YEZ1	0.10770270654561222	-0.10770270654561215
ENOG410YEZQ	-0.15229148882483562	0.15229148882483529
ENOG410YF02	-1.3439198890198885	1.3439198890198876
ENOG410YF0Y	-0.6938833355665885	0.6938833355665879
ENOG410YF1S	-0.4339708617527823	0.43397086175278177
ENOG410YF1T	-0.6936629592633206	0.6936629592633198
ENOG410YF2K	-0.47611857946079567	0.47611857946079533
ENOG410YF30	0.5624847150073512	-0.5624847150073508
ENOG410YF4U	0.38841182666570495	-0.3884118266657047
ENOG410YF69	1.3094364376198349	-1.309436437619834
ENOG410YF6D	1.1937338172986358	-1.1937338172986351
ENOG410YF6U	-0.0918648272186746	0.09186482721867431
ENOG410YF7B	-0.9265181482288392	0.9265181482288383
ENOG410YF7C	-1.6957668848591578	1.6957668848591565
ENOG410YF7G	0.4203613034249488	-0.42036130342494854
ENOG410YF83	-1.7612587497037187	1.7612587497037173
ENOG410YF8B	-0.3949003652795796	0.39490036527957934
ENOG410YF8F	-1.1197777863139422	1.1197777863139415
ENOG410YF90	1.2702225872112243	-1.2702225872112234
ENOG410YF9W	-1.7894900665335907	1.7894900665335887
ENOG410YFA2	-0.8906994389123868	0.8906994389123861
ENOG410YFA8	-1.379169922674377	1.3791699226743759
ENOG410YFAH	0.0633599781876982	-0.0633599781876984
ENOG410YFAI	-1.3649443455313346	1.3649443455313337
ENOG410YFAW	-1.1809478592823093	1.1809478592823084
ENOG410YFB8	-1.264273837481994	1.264273837481993
ENOG410YFBF	0.07222267816927777	-0.07222267816927819
ENOG410YFDR	-0.4081998781980515	0.4081998781980509
ENOG410YFF0	0.8360570911801819	-0.8360570911801812
ENOG410YFFI	1.4602975333142343	-1.4602975333142332
ENOG410YFH5	-0.5852661203287504	0.5852661203287499
ENOG410YFHM	-0.48099849904896885	0.4809984990489685
ENOG410YFI1	-0.020393513035780554	0.0203935130357803
ENOG410YFI4	0.5999811465032424	-0.5999811465032422
ENOG410YFIY	0.1856444720287163	-0.18564447202871642
ENOG410YFJQ	-0.9101303559495356	0.910130355949535
ENOG410YFKX	0.555028581852454	-0.5550285818524533
ENOG410YFPN	1.0209060183227339	-1.0209060183227332
ENOG410YFQ9	1.170042877530645	-1.1700428775306446
ENOG410YFQB	1.4353421571411522	-1.4353421571411515
ENOG410YFRD	-0.562475791254738	0.5624757912547376
ENOG410YFS2	-1.120261267947529	1.1202612679475281
ENOG410YFS4	-0.08692667784612271	0.08692667784612265
ENOG410YFSH	-0.48314426465781396	0.48314426465781335
ENOG410YFSW	-0.6811296774053172	0.6811296774053167
ENOG410YFW1	-0.30997809037006285	0.30997809037006263
ENOG410YFW8	-0.643666979042129	0.6436669790421283
ENOG410YFWE	-1.0158730273932015	1.0158730273932008
ENOG410YFWP	-0.06579874897140553	0.06579874897140525
ENOG410YFX1	-1.9990752285601339	1.9990752285601323
ENOG410YFYJ	-0.9713842646983678	0.9713842646983671
ENOG410YFZR	-0.25383250282078335	0.25383250282078296
ENOG410YG02	-0.25388778983399385	0.2538877898339936
ENOG410YG0G	0.6560102479894142	-0.6560102479894138
ENOG410YG7B	0.9011087605510794	-0.9011087605510789
ENOG410YGA1	-1.242265905958181	1.2422659059581802
ENOG410YGA3	-1.9745919026832877	1.9745919026832863
ENOG410YGAE	0.6691456076643701	-0.6691456076643701
ENOG410YGAP	-1.0111392092762768	1.011139209276276
ENOG410YGAS	0.8849487529335164	-0.8849487529335155
ENOG410YGBE	-0.9939498526259862	0.9939498526259856
ENOG410YGBQ	-0.4855185842611615	0.4855185842611611
ENOG410YGC5	-0.8612791957459964	0.8612791957459959
ENOG410YGEM	-0.2305131492849202	0.23051314928492003
ENOG410YGFD	0.20228102437143108	-0.20228102437143095
ENOG410YGI2	-0.7230069105752395	0.7230069105752387
ENOG410YGIG	-0.580300518740831	0.5803005187408303
ENOG410YGIN	-1.231501067345456	1.2315010673454552
ENOG410YGJ0	0.5192435888405301	-0.51924358884053
ENOG410YGJN	0.3297047368812125	-0.3297047368812125
ENOG410YGN1	-0.05028930078751	0.050289300787509726
ENOG410YGPB	-0.7798055741086102	0.7798055741086096
ENOG410YGSK	0.04912917822218851	-0.04912917822218824
ENOG410YGT9	-0.8300475717319085	0.8300475717319078
ENOG410YGUE	-0.019001915613375258	0.019001915613375244
ENOG410YGUG	-0.7355157914425666	0.7355157914425658
ENOG410YGV4	0.5221741529227995	-0.5221741529227993
ENOG410YGV7	-0.2045567762715725	0.20455677627157212
ENOG410YGXI	-0.6945600651319259	0.6945600651319254
ENOG410YGXM	0.15131645784279807	-0.15131645784279796
ENOG410YGXY	-0.5516423385868482	0.5516423385868476
ENOG410YGYK	-0.9409193859636583	0.9409193859636577
ENOG410YH0R	0.8767227686344845	-0.8767227686344843
ENOG410YH0U	0.40289114437680984	-0.4028911443768098
ENOG410YH15	-0.7156056145677633	0.7156056145677627
ENOG410YH1K	-0.6686452139275381	0.6686452139275373
ENOG410YH4C	0.39702807196581996	-0.3970280719658197
ENOG410YH5F	-0.8303225102504754	0.8303225102504747
ENOG410YH79	0.18905895940139422	-0.18905895940139458
ENOG410YH8W	1.5014454827319168	-1.5014454827319157
ENOG410YH96	0.5100825025919764	-0.5100825025919761
ENOG410YH9E	-0.08583806098775383	0.08583806098775354
ENOG410YHC9	-1.4121701359286953	1.412170135928694
ENOG410YHCG	-0.10628212788542425	0.10628212788542395
ENOG410YHCP	-1.6487027973008976	1.6487027973008965
ENOG410YHCY	-0.3251148046491759	0.32511480464917547
ENOG410YHEH	0.14344665580111707	-0.14344665580111743
ENOG410YHEK	-1.5044093304959487	1.5044093304959476
ENOG410YHEN	0.025370183547618958	-0.02537018354761894
ENOG410YHHT	-1.3753678409477854	1.375367840947784
ENOG410YHJ4	-0.8463681741619679	0.8463681741619672
ENOG410YHJ9	0.41490984017896615	-0.41490984017896587
ENOG410YHNP	-0.4722704914296077	0.47227049142960736
ENOG410YHNR	-1.2027234911670308	1.20272349116703
ENOG410YHNX	1.4044420447723345	-1.4044420447723336
ENOG410YHP1	-0.9254330736340579	0.9254330736340572
ENOG410YHPJ	-0.5535496063580994	0.553549606358099
ENOG410YHRH	0.7736965506176023	-0.7736965506176018
ENOG410YHV8	-0.11200030571745274	0.11200030571745268
ENOG410YHWN	-0.3178018460712472	0.3178018460712467
ENOG410YHXM	-0.6359712982638783	0.6359712982638777
ENOG410YHXN	-0.08218226411706743	0.08218226411706737
ENOG410YHXQ	1.6980086815272266	-1.6980086815272255
ENOG410YI0P	1.2091261390590913	-1.2091261390590906
ENOG410YI10	-1.414641371538404	1.4146413715384032
ENOG410YI22	-0.8904955782104612	0.8904955782104605
ENOG410YI2M	0.2319619713331453	-0.23196197133314514
ENOG410YI5I	-0.06622934614640513	0.06622934614640509
ENOG410YI72	0.40993656529733485	-0.4099365652973346
ENOG410YI7C	-1.3135578255120488	1.313557825512048
ENOG410YI7H	-1.8826650824239268	1.8826650824239257
ENOG410YI8N	1.319005359103239	-1.3190053591032385
ENOG410YI97	-0.18500287532557452	0.18500287532557438
ENOG410YI9F	-0.7408642344183504	0.7408642344183498
ENOG410YIBA	0.23065448235077043	-0.23065448235077005
ENOG410YICK	1.2761904378014204	-1.2761904378014195
ENOG410YID6	0.5507548532401392	-0.5507548532401391
ENOG410YIF1	1.5063507112526526	-1.5063507112526517
ENOG410YIFJ	-0.9059449550718753	0.9059449550718744
ENOG410YIFQ	-0.2616841922883576	0.2616841922883572
ENOG410YIHG	-0.6578366683269045	0.657836668326904
ENOG410YIHP	-0.21046707882609295	0.21046707882609256
ENOG410YIHX	-1.6875100420204543	1.6875100420204527
ENOG410YIHY	-0.0130484058875293	0.013048405887529056
ENOG410YII6	0.8144373625364051	-0.8144373625364048
ENOG410YIIJ	-1.0530353539156896	1.0530353539156887
ENOG410YIJR	-1.5349044193250656	1.5349044193250645
ENOG410YIMK	-0.8361052216391792	0.8361052216391787
ENOG410YIPA	0.17202925876785424	-0.1720292587678546
ENOG410YIPF	-0.27117917922394874	0.2711791792239483
ENOG410YIQ3	-1.3989130406315946	1.398913040631593
ENOG410YIQE	-1.251137921107038	1.251137921107037
ENOG410YITK	-0.9113907008198612	0.9113907008198606
ENOG410YIUE	-1.0623320799073908	1.0623320799073899
ENOG410YIUP	0.005351521350053392	-0.005351521350053388
ENOG410YIUW	-0.7293704659884944	0.7293704659884936
ENOG410YIWC	-1.0514548510572177	1.0514548510572168
ENOG410YIX7	-0.6397535256833835	0.6397535256833827
ENOG410YIXT	-1.4756895359675355	1.4756895359675344
ENOG410YIY1	-0.7835508433429438	0.7835508433429432
ENOG410YIY4	-0.7037565744089431	0.7037565744089423
ENOG410YIZ7	0.19805396755747642	-0.1980539675574765
ENOG410YIZV	-1.7984081251852218	1.79840812518522
ENOG410YJ0X	-0.5796835109855967	0.5796835109855963
ENOG410YJ27	0.3244059877229224	-0.3244059877229222
ENOG410YJ36	-1.3167012179914892	1.316701217991488
ENOG410YJ3G	0.11848443482405836	-0.11848443482405852
ENOG410YJ4K	1.672510347527084	-1.672510347527083
ENOG410YJ58	0.6252724768241645	-0.6252724768241643
ENOG410YJ5R	-0.03538479709642842	0.035384797096428396
ENOG410YJ6W	-0.19687375291745415	0.19687375291745376
ENOG410YJ72	-0.07486749081149881	0.07486749081149875
ENOG410YJ7Q	0.9376097064008418	-0.9376097064008414
ENOG410YJ8Z	1.242733512521943	-1.2427335125219428
ENOG410YJAQ	0.4884811278076501	-0.48848112780764996
ENOG410YJAY	-0.5910965185923143	0.5910965185923137
ENOG410YJC2	-1.077742258322345	1.0777422583223442
ENOG410YJED	0.9198182511908001	-0.9198182511907994
ENOG410YJGU	-0.1042836678146392	0.10428366781463913
ENOG410YJJC	-0.6159923320068	0.6159923320067994
ENOG410YJK6	0.21545857805134846	-0.2154585780513483
ENOG410YJKP	1.2863468849894408	-1.28634688498944
ENOG410YJMH	-1.9069255338240756	1.9069255338240743
ENOG410YJNK	-0.7784352222146556	0.7784352222146548
ENOG410YJNW	-0.1936773561036222	0.19367735610362205
ENOG410YJPW	0.4276130793081397	-0.42761307930813963
ENOG410YJQP	-0.3759540446673942	0.3759540446673937
ENOG410YJTX	0.29934155740907636	-0.29934155740907614
ENOG410YJW3	-1.6909011980462407	1.6909011980462392
ENOG410YJXD	0.5329296489176871	-0.532929648917687
ENOG410YJZH	-0.030484457036947226	0.03048445703694697
ENOG410YJZK	1.541689119667571	-1.5416891196675704
ENOG410YK05	-0.4711983798524479	0.47119837985244756
ENOG410YK1B	-1.076417779192916	1.0764177791929148
ENOG410YK30	1.6757965016995837	-1.6757965016995824
ENOG410YK3M	-0.13849601167140624	0.1384960116714059
ENOG410YK47	-0.6306924458427029	0.6306924458427022
ENOG410YK57	-0.19121962082618682	0.19121962082618646
ENOG410YK6C	-1.118599085696033	1.1185990856960322
ENOG410YK7B	-0.20038334743353453	0.2003833474335344
ENOG410YK7G	0.4712921524350954	-0.4712921524350951
ENOG410YK82	-0.03401033633778833	0.034010336337788064
ENOG410YK8C	1.6738642659457514	-1.6738642659457506
ENOG410YK8K	-1.2330768453611667	1.233076845361166
ENOG410YKA8	-1.096329612433039	1.0963296124330382
ENOG410YKBK	-1.2720148575853547	1.2720148575853536
ENOG410YKD8	0.23341692766231653	-0.23341692766231636
ENOG410YKE0	-0.29546067386220703	0.2954606738622068
ENOG410YKIR	-0.5141624043563375	0.514162404356337
ENOG410YKJM	-0.39078591095244775	0.39078591095244725
ENOG410YKJV	-0.8105283961986451	0.8105283961986444
ENOG410YKJW	-0.7727955133894119	0.7727955133894111
ENOG410YKSV	0.5121130628908427	-0.5121130628908426
ENOG410YKUT	-0.32438858313628743	0.3243885831362872
ENOG410YKUY	-0.5930337578645433	0.5930337578645428
ENOG410YKVF	-0.46189632579028433	0.4618963257902838
ENOG410YKVS	0.12367980605211704	-0.12367980605211695
ENOG410YKXI	-0.6495495305553518	0.6495495305553511
ENOG410YM1X	0.37737098707304	-0.37737098707304
ENOG410YM3G	-1.7252148075867433	1.7252148075867413
ENOG410YM4C	-1.4319780827870154	1.431978082787014
ENOG410YM68	-1.2413252019488537	1.2413252019488525
ENOG410YM6M	0.04010551648428607	-0.04010551648428581
ENOG410YMA7	1.4731789252497962	-1.473178925249795
ENOG410YMAD	1.3451618057668426	-1.3451618057668415
ENOG410YMAE	-0.10212641535341747	0.1021264153534174
ENOG410YMAW	-0.5137644346482754	0.5137644346482748
ENOG410YMB2	1.2352867026851837	-1.2352867026851828
ENOG410YMBB	-1.2031494246728553	1.2031494246728545
ENOG410YMCE	1.3505877881588484	-1.350587788158848
ENOG410YMEQ	-0.3656065018164465	0.365606501816446
ENOG410YMGN	0.0872400151720313	-0.087240015172031
ENOG410YMJM	0.44188896247501364	-0.4418889624750136
ENOG410YMMR	0.3241306666406864	-0.3241306666406862
ENOG410YMPY	-0.6093426710937742	0.6093426710937735
ENOG410YMQ5	0.14680492662649805	-0.14680492662649816
ENOG410YMQ7	-1.2737206974723254	1.2737206974723243
ENOG410YMSV	1.5196923653254106	-1.5196923653254095
ENOG410YMSZ	1.018822118207194	-1.018822118207193
ENOG410YMT5	-1.3807116598465954	1.3807116598465945
ENOG410YMTX	1.5818426537323655	-1.5818426537323644
ENOG410YMVU	0.4953393164459156	-0.4953393164459155
ENOG410YMZ8	-1.0414462412945606	1.0414462412945598
ENOG410YMZA	-1.5087978203642307	1.5087978203642294
ENOG410YMZM	1.6559862601847557	-1.655986260184755
ENOG410YN3H	-0.5465072356462595	0.5465072356462588
ENOG410YN3N	0.11507506735676333	-0.1150750673567635
ENOG410YN4C	1.3336079809812684	-1.3336079809812675
ENOG410YN5U	-0.352989814302098	0.35298981430209775
ENOG410YN8Y	1.0382334193954026	-1.038233419395402
ENOG410YN8Z	0.8900936239694636	-0.8900936239694631
ENOG410YNB4	0.2809292769156104	-0.28092927691561026
ENOG410YNEA	1.2216962186717597	-1.2216962186717593
ENOG410YNFS	-0.7654955298646445	0.7654955298646438
ENOG410YNGB	-1.5999879358162221	1.599987935816221
ENOG410YNH5	1.1700181167367532	-1.170018116736753
ENOG410YNH9	-0.14680152834224727	0.1468015283422469
ENOG410YNI0	-0.635236231880808	0.6352362318808074
ENOG410YNJZ	-0.40424022612587107	0.4042402261258708
ENOG410YNKY	1.6314887525847253	-1.6314887525847241
ENOG410YNMS	-0.09658145473635366	0.09658145473635359
ENOG410YNNP	-0.9796997574034639	0.9796997574034633
ENOG410YNPF	-0.26796793567933136	0.2679679356793312
ENOG410YNQF	-0.7822189010583028	0.7822189010583023
ENOG410YNRA	-0.19214848196182455	0.19214848196182444
ENOG410YNW0	-1.0231808834899303	1.0231808834899292
ENOG410YNY1	-1.4125489828604914	1.4125489828604902
ENOG410YNZ3	0.07588911179037197	-0.07588911179037215
ENOG410YP0J	0.3083684919516611	-0.3083684919516606
ENOG410YP0W	-0.7762022349461806	0.77620223494618
ENOG410YP1K	-1.6133295723137566	1.6133295723137553
ENOG410YP1Q	-0.06836858640175943	0.06836858640175913
ENOG410YP2K	-0.7345963645595378	0.7345963645595374
ENOG410YP36	-0.8466379463071134	0.8466379463071129
ENOG410YP4K	-0.5847203779444945	0.584720377944494
ENOG410YP8I	-0.6754926486437945	0.6754926486437941
ENOG410YP98	-0.00759084049459569	0.0075908404945954485
ENOG410YP9M	-0.6822742917872351	0.6822742917872346
ENOG410YPAE	-0.3856812492370325	0.385681249237032
ENOG410YPAF	1.6059968093523833	-1.6059968093523826
ENOG410YPBM	-0.07110404959030305	0.07110404959030277
ENOG410YPC8	0.8867272441335566	-0.8867272441335561
ENOG410YPEJ	0.6041391803273622	-0.604139180327362
ENOG410YPG6	-0.6969765440737451	0.6969765440737444
ENOG410YPHM	0.7399775239558841	-0.7399775239558836
ENOG410YPIJ	-0.49492063235991646	0.4949206323599161
ENOG410YPMI	0.1521560609420249	-0.15215606094202505
ENOG410YPQ3	-0.7876444467338991	0.7876444467338983
ENOG410YPQE	0.13313128828336113	-0.13313128828336127
ENOG410YPQK	-1.0433129835011636	1.0433129835011627
ENOG410YPRW	0.26007232621316284	-0.2600723262131627
ENOG410YPVN	0.7747032703789166	-0.7747032703789163
ENOG410YPW2	0.7740068599261083	-0.7740068599261081
ENOG410YPXC	0.17376936994022488	-0.173769369940225
ENOG410YPZ3	0.8420346340214362	-0.8420346340214356
ENOG410YPZX	0.5036276140326487	-0.5036276140326486
ENOG410YQ0S	-1.5905864316663973	1.590586431666396
ENOG410YQ1G	-0.6609687447688292	0.6609687447688287
ENOG410YQ2I	-0.7196172686940217	0.719617268694021
ENOG410YQ2P	-0.07843695079721376	0.0784369507972137
ENOG410YQ2R	1.1517239537816881	-1.151723953781688
ENOG410YQ31	-0.07188060335946794	0.0718806033594679
ENOG410YQ52	1.6256950781505128	-1.625695078150512
ENOG410YQBC	-0.4014377386288191	0.40143773862881854
ENOG410YQCD	-0.5941954881078761	0.5941954881078757
ENOG410YQEP	-1.4882088772329636	1.4882088772329627
ENOG410YQF3	-1.5418828556332476	1.5418828556332465
ENOG410YQFE	-0.9799270330800698	0.9799270330800691
ENOG410YQFJ	-0.2899703404314668	0.28997034043146636
ENOG410YQI4	0.7653658543048056	-0.7653658543048054
ENOG410YQIC	0.11365889816597202	-0.11365889816597194
ENOG410YQK2	-1.463306658082335	1.463306658082334
ENOG410YQKC	0.5064130560142044	-0.5064130560142043
ENOG410YQNJ	0.8525905054230491	-0.8525905054230485
ENOG410YQP8	-1.3820264948154697	1.3820264948154688
ENOG410YQRP	-1.0237534225160099	1.0237534225160092
ENOG410YQS9	-0.5063832896288029	0.5063832896288024
ENOG410YQTT	-0.026551850951334135	0.026551850951334117
ENOG410YQUG	0.7794798359621218	-0.7794798359621216
ENOG410YQWC	-1.045913454952754	1.0459134549527533
ENOG410YQWJ	0.03679546398571997	-0.036795463985719944
ENOG410YQWW	-0.1347574440665971	0.134757444066597
ENOG410YQXT	-0.9267063861412952	0.9267063861412943
ENOG410YR38	0.027664973629184453	-0.027664973629184672
ENOG410YR3P	-0.7298369767384764	0.7298369767384757
ENOG410YR7R	-1.2152556382150488	1.2152556382150477
ENOG410YR80	-0.23632136226608122	0.2363213622660808
ENOG410YR8A	-0.9998030289942788	0.999803028994278
ENOG410YR94	0.6647875596462115	-0.664787559646211
ENOG410YRA6	-1.6852421991198863	1.685242199119885
ENOG410YRAB	1.1235824073402403	-1.1235824073402394
ENOG410YRAH	0.5482472183946716	-0.5482472183946714
ENOG410YRAS	1.8552918186826792	-1.8552918186826786
ENOG410YRAX	-1.1194785650306263	1.1194785650306254
ENOG410YRD4	-0.6418474873698369	0.6418474873698364
ENOG410YREY	-1.1804718771210427	1.180471877121042
ENOG410YRGK	-1.813655434936713	1.8136554349367113
ENOG410YRHR	-0.42766660343462287	0.4276666034346226
ENOG410YRIH	-1.1952957592167273	1.195295759216726
ENOG410YRJC	-0.612663544440126	0.6126635444401254
ENOG410YRPW	0.10291731719374435	-0.10291731719374428
ENOG410YRQ2	-1.0400580691472332	1.040058069147232
ENOG410YRV1	-1.5581866212846756	1.5581866212846744
ENOG410YRWU	-1.220284773114605	1.2202847731146038
ENOG410YS2G	0.9303703742843298	-0.9303703742843291
ENOG410YS5K	-1.0138554630820524	1.0138554630820513
ENOG410YS88	-1.3241664387874725	1.3241664387874712
ENOG410YS9X	1.2629200224679067	-1.2629200224679062
ENOG410YSBZ	-0.5717355328409078	0.5717355328409075
ENOG410YSDZ	0.03451421658629398	-0.034514216586294194
ENOG410YSG6	-0.08816822107180283	0.08816822107180254
ENOG410YSGI	-1.0825024518339514	1.0825024518339503
ENOG410YSH0	-1.3751858002962603	1.3751858002962594
ENOG410YSHF	-1.675954480204791	1.6759544802047892
ENOG410YSIM	-0.43785334702006135	0.437853347020061
ENOG410YSJJ	0.7363263974009129	-0.7363263974009125
ENOG410YSK0	0.11522234002757129	-0.11522234002757144
ENOG410YSKJ	-0.211863185775512	0.21186318577551186
ENOG410YSQC	0.34809198622453613	-0.34809198622453585
ENOG410YSTJ	1.4839323954466095	-1.483932395446609
ENOG410YSVN	0.261992870310989	-0.26199287031098883
ENOG410YSVQ	-0.10461465467541954	0.10461465467541924
ENOG410YT0J	-1.5411310027862872	1.5411310027862861
ENOG410YT0K	0.15094397406415436	-0.1509439740641545
ENOG410YT1V	-0.6799010050088375	0.679901005008837
ENOG410YT47	-0.6752037023946655	0.6752037023946648
ENOG410YT74	1.0976453555544348	-1.097645355554434
ENOG410YT7D	-0.25108778480251837	0.2510877848025179
ENOG410YT9M	-0.7904665174529403	0.7904665174529395
ENOG410YT9X	0.7923150848042433	-0.792315084804243
ENOG410YTAG	-0.7705875784400327	0.7705875784400319
ENOG410YTAN	0.7966717721533549	-0.7966717721533548
ENOG410YTB7	-1.4404794927720346	1.440479492772033
ENOG410YTCU	-1.2697453133347483	1.2697453133347474
ENOG410YTFQ	-1.0171957017540003	1.0171957017539992
ENOG410YTH4	-0.4317293865737294	0.43172938657372883
ENOG410YTHE	0.3199677599297562	-0.3199677599297557
ENOG410YTK8	-1.2126597885413375	1.2126597885413366
ENOG410YTMJ	-0.8835511992572358	0.8835511992572352
ENOG410YTR8	0.8461979149695608	-0.8461979149695601
ENOG410YTTA	-1.8330669312450538	1.8330669312450525
ENOG410YTWT	0.5658915691441782	-0.565891569144178
ENOG410YU1D	0.3221728969051157	-0.3221728969051157
ENOG410YU1Z	0.4862943059099083	-0.48629430590990796
ENOG410YU4S	-0.5240207296320466	0.5240207296320462
ENOG410YU6C	1.5392126858233992	-1.539212685823398
ENOG410YU6X	-1.417554689689415	1.4175546896894138
ENOG410YU90	-1.7382122061309302	1.738212206130929
ENOG410YUBD	-0.11536765140874182	0.11536765140874174
ENOG410YUBX	0.11712210670214049	-0.11712210670214064
ENOG410YUCE	1.3668128932405497	-1.366812893240549
ENOG410YUCG	0.10721483716679615	-0.1072148371667963
ENOG410YUE3	0.7095883524278782	-0.7095883524278777
ENOG410YUED	-1.146463524193961	1.14646352419396
ENOG410YUF4	-1.6528756810288294	1.6528756810288283
ENOG410YUG3	0.6602717180351131	-0.6602717180351126
ENOG410YUH9	1.8607348244030817	-1.8607348244030806
ENOG410YUMD	-1.4026086057959801	1.4026086057959792
ENOG410YUU6	1.2790863682445686	-1.2790863682445681
ENOG410YUUC	-1.1364396221607858	1.1364396221607849
ENOG410YUXZ	0.812095990018547	-0.8120959900185462
ENOG410YUYC	-0.21966519650398084	0.21966519650398045
ENOG410YV3D	1.1585730344393232	-1.1585730344393224
ENOG410YV3U	-0.959382193721344	0.9593821937213431
ENOG410YV46	-0.057442756703399184	0.05744275670339914
ENOG410YV5X	0.7256363144393513	-0.7256363144393513
ENOG410YV6W	-1.3610858555253247	1.3610858555253234
ENOG410YVAF	-0.46014931825702504	0.46014931825702476
ENOG410YVDY	-1.1693040903522924	1.1693040903522915
ENOG410YVEC	-1.2210372160172183	1.2210372160172174
ENOG410YVF8	-1.4687129680995499	1.468712968099549
ENOG410YVFE	0.7602944363653618	-0.7602944363653614
ENOG410YVH4	-0.832226069417372	0.8322260694173711
ENOG410YVIP	-0.06470430703965017	0.06470430703964988
ENOG410YVM8	-0.6140343423608601	0.6140343423608596
ENOG410YVPT	1.0309241331679313	-1.0309241331679309
ENOG410YVPX	-0.24245743286988636	0.24245743286988594
ENOG410YVRX	-0.7366766566112083	0.7366766566112078
ENOG410YVWG	0.0346805407661125	-0.034680540766112475
ENOG410YVWS	-1.1087259490529577	1.108725949052957
ENOG410YW14	0.6379027855477586	-0.6379027855477581
ENOG410YW3C	-0.2094103116693995	0.20941031166939936
ENOG410YW8U	0.6373478963612326	-0.6373478963612321
ENOG410YW9Z	0.20014255526308883	-0.2001425552630887
ENOG410YWAR	0.5135276604165964	-0.5135276604165961
ENOG410YWBI	-0.7182436000702708	0.7182436000702702
ENOG410YWBS	1.108687203891121	-1.1086872038911204
ENOG410YWC4	-0.10182351985371654	0.10182351985371624
ENOG410YWDA	-1.3295468611533656	1.3295468611533647
ENOG410YWDD	0.2708993383686218	-0.2708993383686216
ENOG410YWEG	-0.5814734764158535	0.5814734764158528
ENOG410YWJ4	-1.79123877254646	1.7912387725464585
ENOG410YWNZ	0.9306328913614823	-0.9306328913614816
ENOG410YWSW	-0.707151625630429	0.7071516256304283
ENOG410YWUA	0.5710578202977485	-0.571057820297748
ENOG410YWUE	-0.31700551573320457	0.31700551573320435
ENOG410YWW6	0.5743489489486251	-0.5743489489486246
ENOG410YX06	-1.5881829199095894	1.5881829199095878
ENOG410YX5C	-0.7367108039992307	0.7367108039992302
ENOG410YX6Y	-1.1054939492203708	1.10549394922037
ENOG410YX8I	-1.4796153544237205	1.479615354423719
ENOG410YX99	-0.19474330324358388	0.19474330324358352
ENOG410YXB6	-0.028679959681712372	0.02867995968171235
ENOG410YXBI	-1.6935838814966955	1.6935838814966937
ENOG410YXCA	0.5848728481386385	-0.5848728481386382
ENOG410YXDJ	-0.44525216719793487	0.4452521671979343
ENOG410YXFD	0.5473832733078603	-0.5473832733078599
ENOG410YXI9	-0.9826446077036385	0.9826446077036377
ENOG410YXKT	-0.6154971529281532	0.6154971529281525
ENOG410YXP9	-0.6114668417334707	0.61146684173347
ENOG410YXSE	1.4150306075602657	-1.4150306075602648
ENOG410YXTA	-1.253644928091517	1.2536449280915156
ENOG410YXTV	-0.7988911912633083	0.7988911912633075
ENOG410YXV5	-0.8053939084404416	0.805393908440441
ENOG410YXW0	-0.8835156309033086	0.8835156309033081
ENOG410YXW2	-0.00011729185229327225	0.00011729185229327217
ENOG410YXYD	-0.566314460636233	0.5663144606362324
ENOG410YY0N	1.2821880576371187	-1.282188057637118
ENOG410YY2Z	-0.8873174319647303	0.8873174319647295
ENOG410YYBW	-1.9365054969868243	1.9365054969868223
ENOG410YYF9	-1.8318347023314707	1.8318347023314692
ENOG410YYGA	-0.5650114210737903	0.5650114210737899
ENOG410YYHZ	0.7177583623654622	-0.7177583623654616
ENOG410YYJU	-1.1421193552747877	1.1421193552747868
ENOG410YYNW	0.9884875876985755	-0.9884875876985746
ENOG410YYQS	-0.3435506342040212	0.34355063420402093
ENOG410YYRY	-1.163707634813309	1.1637076348133084
ENOG410YYX0	0.885280136868464	-0.8852801368684634
ENOG410YYXB	-0.7683233806427036	0.768323380642703
ENOG410YYXN	0.6675295109743629	-0.6675295109743624
ENOG410YZ8S	-0.8806782697327105	0.8806782697327099
ENOG410YZC6	0.25644879368834056	-0.2564487936883404
ENOG410YZFA	0.05896125158589661	-0.0589612515858968
ENOG410YZJM	-1.3323476480911385	1.3323476480911374
ENOG410YZK5	-1.0721514513115302	1.0721514513115291
ENOG410YZKT	1.331171208146013	-1.3311712081460125
ENOG410YZPH	-0.5884311132936586	0.5884311132936582
ENOG410Z01M	0.3782359825237642	-0.37823598252376395
ENOG410Z02K	-0.8918986562425972	0.8918986562425966
ENOG410Z03M	0.9911366013721681	-0.9911366013721679
ENOG410Z07R	-0.6062059365050835	0.606205936505083
ENOG410Z08J	-0.30876677268728797	0.30876677268728747
ENOG410Z0C5	-1.6533231588150952	1.6533231588150938
ENOG410Z0D2	-0.798727618532859	0.7987276185328585
ENOG410Z0EK	0.4467890101066858	-0.4467890101066855
ENOG410Z0GR	0.27479167316247605	-0.2747916731624761
ENOG410Z0IW	-0.9043836731832292	0.9043836731832285
ENOG410Z0IY	-0.638970947942139	0.6389709479421384
ENOG410Z0RI	1.402725778413096	-1.4027257784130949
ENOG410Z0UM	-1.1665790565627294	1.1665790565627285
ENOG410Z0ZE	-1.109938215080181	1.10993821508018
ENOG410Z104	0.37180633175903477	-0.37180633175903477
ENOG410Z131	1.1053695951642328	-1.1053695951642322
ENOG410Z17U	-0.6788234826783442	0.6788234826783437
ENOG410Z1K5	0.6096417536752546	-0.6096417536752544
ENOG410Z1KF	0.3147604570451464	-0.31476045704514644
ENOG410Z1MP	-1.701595988077323	1.7015959880773217
ENOG410Z1QN	1.173399076491085	-1.1733990764910849
ENOG410Z1RP	0.2838277506715089	-0.28382775067150917
ENOG410Z1W6	0.36188932800130563	-0.3618893280013054
ENOG410Z1WC	-1.5621095248102912	1.5621095248102899
ENOG410Z217	-0.3397576688618649	0.33975766886186465
ENOG410Z24N	-1.22198622905329	1.2219862290532886
ENOG410Z261	-1.5955435553432527	1.5955435553432513
ENOG410Z27T	0.7571535123433042	-0.7571535123433041
ENOG410Z295	-0.9653815731116627	0.9653815731116617
ENOG410Z2AQ	-0.8021352673184747	0.8021352673184738
ENOG410Z2E7	-0.6383625934175828	0.6383625934175824
ENOG410Z2G6	-0.960055588532251	0.9600555885322504
ENOG410Z2I8	0.048350661256363184	-0.04835066125636315
ENOG410Z2J1	0.7314841894290633	-0.7314841894290626
ENOG410Z2K9	0.45612313302708474	-0.45612313302708446
ENOG410Z2ND	-0.2872845050159404	0.28728450501593994
ENOG410Z2NQ	1.0426424891156116	-1.0426424891156112
ENOG410Z2RR	0.11024528918413398	-0.1102452891841339
ENOG410Z2RW	-0.9500815928415118	0.950081592841511
ENOG410Z2UD	-0.5682815474053738	0.5682815474053732
ENOG410Z2UP	-1.0680594282690503	1.0680594282690494
ENOG410Z2UZ	-1.5387880908057838	1.5387880908057823
ENOG410Z2WJ	1.1874798947282306	-1.18747989472823
ENOG410Z32R	0.5660457904458532	-0.566045790445853
ENOG410Z330	-0.7141576707281215	0.7141576707281208
ENOG410Z34Z	-0.7158970887865239	0.7158970887865234
ENOG410Z36F	-1.1964889454380367	1.1964889454380359
ENOG410Z36U	-0.14107088659311245	0.14107088659311237
ENOG410Z38T	0.7458225454676436	-0.7458225454676434
ENOG410Z39D	0.18658724401607482	-0.18658724401607446
ENOG410Z39P	-0.06531905539837853	0.06531905539837825
ENOG410Z39T	0.040990443192819824	-0.040990443192819796
ENOG410Z3DP	0.3867394387449597	-0.3867394387449599
ENOG410Z3IR	0.1284417645622355	-0.1284417645622354
ENOG410Z3JA	-0.6035418425650656	0.6035418425650649
ENOG410Z3SG	-0.850481670688559	0.8504816706885583
ENOG410Z3UP	-1.167077275203179	1.1670772752031784
ENOG410Z3WW	-1.2099570473096033	1.2099570473096022
ENOG410Z3XN	-0.40820557702121674	0.4082055770212162
ENOG410Z3XZ	0.27154309068722915	-0.2715430906872289
ENOG410Z3Y8	-0.28596609502886494	0.2859660950288647
ENOG410Z3YF	-0.5752071224662865	0.575207122466286
ENOG410Z41R	-1.3641755064607939	1.3641755064607923
ENOG410Z42R	-0.29584858838201317	0.29584858838201294
ENOG410Z430	-1.3176218696808706	1.3176218696808697
ENOG410Z447	-0.997249397758095	0.9972493977580942
ENOG410Z46E	-1.2469421286164817	1.2469421286164808
ENOG410Z470	-0.34370503829050136	0.34370503829050086
ENOG410Z472	0.11976416183620009	-0.11976416183620024
ENOG410Z47E	0.21470432865141834	-0.21470432865141842
ENOG410Z4FA	-0.6829253098779533	0.6829253098779529
ENOG410Z4FU	-1.0268946334623539	1.026894633462353
ENOG410Z4H2	0.6595811451403907	-0.6595811451403902
ENOG410Z4SK	-0.0908851297798844	0.09088512977988433
ENOG410Z4VE	-0.985150285271078	0.9851502852710773
ENOG410Z4VQ	-0.3846976046383035	0.3846976046383032
ENOG410Z4XY	-0.9386671306103217	0.938667130610321
ENOG410Z4Y8	1.2995247800748402	-1.2995247800748393
ENOG410Z50M	1.003977522168283	-1.0039775221682825
ENOG410Z51W	-0.23322367957111695	0.23322367957111678
ENOG410Z568	-0.8738543156771569	0.873854315677156
ENOG410Z56P	0.6205457981572068	-0.6205457981572066
ENOG410Z588	-1.128202740387963	1.1282027403879622
ENOG410Z5C5	-0.41690554127586843	0.41690554127586793
ENOG410Z5EU	0.6042868188963954	-0.6042868188963949
ENOG410Z5FE	0.5923762493214773	-0.5923762493214766
ENOG410Z5IJ	-0.1565643046053303	0.15656430460532997
ENOG410Z5N2	-1.2375021835385507	1.2375021835385496
ENOG410Z5N9	1.360159938273969	-1.3601599382739682
ENOG410Z5P3	-0.178005677391005	0.1780056773910049
ENOG410Z5R7	-0.07781845967528922	0.07781845967528893
ENOG410Z5RD	0.41920673654503615	-0.4192067365450359
ENOG410Z5SJ	1.882910505709076	-1.8829105057090743
ENOG410Z62C	-1.2385121286582315	1.2385121286582306
ENOG410Z67X	0.853712103985099	-0.8537121039850982
ENOG410Z6AU	-1.536898989223096	1.5368989892230944
ENOG410Z6C5	-0.45391574107455357	0.45391574107455324
ENOG410Z6D7	-1.06659070539999	1.066590705399989
ENOG410Z6F6	-1.6530403432402327	1.6530403432402314
ENOG410Z6GU	0.2430232388301728	-0.2430232388301726
ENOG410Z6IM	-1.5353735009601959	1.5353735009601945
ENOG410Z6IX	0.18184215601847403	-0.18184215601847414
ENOG410Z6JP	-1.0859447627811658	1.0859447627811651
ENOG410Z6JU	-1.2589711857968562	1.2589711857968553
ENOG410Z6QR	-0.9508853281844554	0.9508853281844545
ENOG410Z6RU	0.9480124964504012	-0.9480124964504008
ENOG410Z6UB	-0.4658142271129333	0.46581422711293297
ENOG410Z6ZU	0.8149215057283967	-0.8149215057283964
ENOG410Z71M	0.5049357798836367	-0.5049357798836366
ENOG410Z72X	-0.6279212312631	0.6279212312630995
ENOG410Z75S	1.3399695138802974	-1.3399695138802963
ENOG410Z78F	-0.5026408564906499	0.5026408564906494
ENOG410Z78K	0.04933934799426506	-0.04933934799426526
ENOG410Z79W	-1.682378550580848	1.6823785505808464
ENOG410Z7CF	-0.7941305767037978	0.7941305767037973
ENOG410Z7CV	-1.6363494985720186	1.6363494985720173
ENOG410Z7MK	-0.16334896274051422	0.1633489627405141
ENOG410Z7PY	1.1309022981651484	-1.1309022981651478
ENOG410Z7S1	0.10027722433247142	-0.10027722433247134
ENOG410Z7X3	-0.23173606720296952	0.23173606720296935
ENOG410Z83I	-0.1951246820993943	0.19512468209939393
ENOG410Z83N	-0.0036639340691059837	0.0036639340691057448
ENOG410Z89S	-0.28350357570818757	0.2835035757081874
ENOG410Z8B0	0.376639435139114	-0.3766394351391135
ENOG410Z8B4	-0.531282110877111	0.5312821108771103
ENOG410Z8BV	-0.0333845311704757	0.03338453117047544
ENOG410Z8C3	0.24111369097491642	-0.24111369097491647
ENOG410Z8ID	-0.6240728020635289	0.6240728020635284
ENOG410Z8K8	-1.091287287126634	1.091287287126633
ENOG410Z8NA	-1.0663989107878886	1.066398910787888
ENOG410Z8VE	1.5219951903821523	-1.5219951903821511
ENOG410Z92N	0.6502919539451321	-0.6502919539451316
ENOG410Z937	0.28816876440768946	-0.288168764407689
ENOG410Z93W	0.9870887622142314	-0.9870887622142307
ENOG410Z952	1.1113594412001668	-1.111359441200166
ENOG410Z97P	-0.29316785567689324	0.2931678556768931
ENOG410Z994	0.002677580375135982	-0.00267758037513598
ENOG410Z9BD	-1.2395244627268445	1.2395244627268434
ENOG410Z9EY	-0.5548555727836695	0.554855572783669
ENOG410Z9IK	0.33871512460651026	-0.33871512460651026
ENOG410Z9M6	0.5862525813752497	-0.5862525813752495
ENOG410Z9R2	-0.595182828820445	0.5951828288204444
ENOG410Z9WD	1.0382388983581639	-1.0382388983581632
ENOG410Z9WF	-0.9741705119031573	0.9741705119031565
ENOG410Z9Z8	-1.5043420616163827	1.5043420616163812
ENOG410ZA1A	-1.1859225991997535	1.1859225991997522
ENOG410ZA2Q	-0.7592505685036423	0.7592505685036415
ENOG410ZA63	-1.3873502898459282	1.3873502898459271
ENOG410ZAAE	0.8216113433681741	-0.8216113433681733
ENOG410ZADN	-0.4207393603657067	0.42073936036570614
ENOG410ZAEE	1.2940500874017642	-1.2940500874017633
ENOG410ZAFM	-0.12731288042449196	0.12731288042449163
ENOG410ZAHY	0.5771052290767312	-0.5771052290767313
ENOG410ZATI	0.3380876111401434	-0.3380876111401432
ENOG410ZAVF	0.6609244233876239	-0.6609244233876237
ENOG410ZAVW	-1.2667588220836528	1.2667588220836519
ENOG410ZAYP	0.8348551568079358	-0.8348551568079351
ENOG410ZB0D	0.3902171695374799	-0.39021716953747965
ENOG410ZB0Z	-1.0357677182196563	1.0357677182196554
ENOG410ZB17	1.0977013773519135	-1.0977013773519126
ENOG410ZB20	-0.5572667527771412	0.5572667527771408
ENOG410ZB44	0.7743958690311903	-0.7743958690311897
ENOG410ZBEN	-0.923475661375226	0.9234756613752251
ENOG410ZBJR	-1.0652328530700128	1.0652328530700117
ENOG410ZBKA	-0.028184245982659447	0.028184245982659426
ENOG410ZBPX	0.24795042888472685	-0.24795042888472643
ENOG410ZBQS	0.7090489673129681	-0.7090489673129677
ENOG410ZBRU	-1.5160559322309766	1.5160559322309757
ENOG410ZBVD	0.6916962226311452	-0.6916962226311447
ENOG410ZBWM	-1.515685878469804	1.5156858784698028
ENOG410ZBY4	-0.08765563142486668	0.08765563142486661
ENOG410ZC02	-0.12510283883532136	0.12510283883532106
ENOG410ZC4E	0.46415373671889815	-0.46415373671889804
ENOG410ZC5F	-0.9906794297801436	0.9906794297801429
ENOG410ZC8P	-1.5085903790589295	1.508590379058928
ENOG410ZC98	-0.7980235274405735	0.7980235274405727
ENOG410ZCCT	-1.4988304153663883	1.4988304153663872
ENOG410ZCG0	1.8102037847127082	-1.8102037847127073
ENOG410ZCPC	0.8265000840145403	-0.8265000840145397
ENOG410ZCPU	-1.3965966636336529	1.3965966636336518
ENOG410ZCV3	-0.3432626195316942	0.3432626195316937
ENOG410ZCXG	-0.42666092010747575	0.42666092010747547
ENOG410ZCYK	-1.4819314920857314	1.48193149208573
ENOG410ZCYP	0.7130840344464416	-0.7130840344464409
ENOG410ZCZ7	1.3073301606576748	-1.307330160657674
ENOG410ZD2Z	0.006143995679349635	-0.0061439956793496306
ENOG410ZD45	0.2943202801571627	-0.294320280157163
ENOG410ZD6H	-0.9924906035220417	0.9924906035220407
ENOG410ZD8T	-1.806560402329716	1.8065604023297142
ENOG410ZD92	-1.3620897569193087	1.3620897569193078
ENOG410ZDA4	0.5164785034432079	-0.5164785034432073
ENOG410ZDAN	-1.1069590265729998	1.1069590265729992
ENOG410ZDE6	0.46256966624344825	-0.4625696662434477
ENOG410ZDER	-0.7413812631171651	0.7413812631171645
ENOG410ZDI4	-1.0779253335931103	1.0779253335931096
ENOG410ZDMF	0.8746923230654009	-0.8746923230654002
ENOG410ZDMZ	0.973494970101793	-0.9734949701017928
ENOG410ZDRF	1.4640124462256838	-1.4640124462256827
ENOG410ZDY6	0.7348005751480269	-0.7348005751480264
ENOG410ZE8N	-0.42180310938263893	0.42180310938263843
ENOG410ZE9J	-0.42960097738626823	0.4296009773862677
ENOG410ZEB6	-0.19969755874841125	0.19969755874841086
ENOG410ZEGC	0.35819071930888435	-0.35819071930888435
ENOG410ZEIQ	1.069271330514296	-1.0692713305142956
ENOG410ZEJ4	-1.2097802366424288	1.209780236642428
ENOG410ZEMC	0.09095397262275173	-0.09095397262275168
ENOG410ZETB	1.324665840897607	-1.3246658408976066
ENOG410ZEYT	-1.5381844357291616	1.5381844357291607
ENOG410ZF0V	0.6126874968313304	-0.61268749683133
ENOG410ZF12	-0.5979079989558147	0.5979079989558143
ENOG410ZF8H	0.3862209309990115	-0.3862209309990112
ENOG410ZFED	-1.2139806638941308	1.2139806638941302
ENOG410ZFFM	-0.41829238016745507	0.41829238016745457
ENOG410ZFN1	-1.2712343435890034	1.2712343435890026
ENOG410ZFR9	1.1924985998426905	-1.1924985998426898
ENOG410ZFU2	-1.325072021240662	1.325072021240661
ENOG410ZFU4	-0.8505295154995147	0.850529515499514
ENOG410ZFWF	-0.9360222219232383	0.9360222219232376
ENOG410ZFY9	1.9576084893416121	-1.9576084893416108
ENOG410ZG22	1.3784036505079622	-1.378403650507961
ENOG410ZG3Z	-0.5336719345973663	0.533671934597366
ENOG410ZG6A	-0.13845713211155056	0.13845713211155047
ENOG410ZG9V	-1.781262885898606	1.7812628858986044
ENOG410ZGBE	-0.4272660090305225	0.4272660090305219
ENOG410ZGC3	1.2889755341047269	-1.2889755341047258
ENOG410ZGCT	-0.722319042277451	0.7223190422774505
ENOG410ZGGZ	-1.5865535597465539	1.5865535597465528
ENOG410ZGJ0	0.9111555927113083	-0.9111555927113076
ENOG410ZGJH	0.1423640731032551	-0.142364073103255
ENOG410ZGK6	-0.353104540675005	0.3531045406750048
ENOG410ZGNB	0.5285277663504734	-0.5285277663504727
ENOG410ZGR7	-1.7061335907919875	1.7061335907919868
ENOG410ZGRA	0.9299534334514137	-0.9299534334514128
ENOG410ZGSC	-0.09389467349191964	0.09389467349191934
ENOG410ZGTQ	-0.2665254857401822	0.2665254857401818
ENOG410ZGVC	-0.5002493710899969	0.5002493710899966
ENOG410ZH12	0.18607595747158004	-0.18607595747158015
ENOG410ZH1H	1.6938852001455917	-1.6938852001455906
ENOG410ZH41	-1.1877649632666591	1.187764963266658
ENOG410ZH7W	-1.175192232963535	1.1751922329635343
ENOG410ZHCN	-0.1526526794562748	0.15265267945627473
ENOG410ZHID	0.22914041406694702	-0.2291404140669471
ENOG410ZHKD	-1.2938661984745707	1.2938661984745699
ENOG410ZHQ3	-0.8343745760092143	0.8343745760092135
ENOG410ZHQ7	1.1282110143354378	-1.1282110143354374
ENOG410ZHQG	-1.7763819307719688	1.7763819307719673
ENOG410ZHQR	-0.11170872717492909	0.11170872717492879
ENOG410ZHR8	-0.5776100291208055	0.5776100291208051
ENOG410ZHSA	0.7956872368149919	-0.7956872368149913
ENOG410ZHSB	0.8885862777980968	-0.8885862777980962
ENOG410ZHVH	0.05213053401632183	-0.05213053401632227
ENOG410ZHW9	0.053887274473191284	-0.053887274473191006
ENOG410ZI0N	-0.13285794632236497	0.1328579463223649
ENOG410ZI19	-1.23486935521085	1.2348693552108492
ENOG410ZI1R	0.20158029535382274	-0.2015802953538226
ENOG410ZI1U	-0.29062981748888445	0.290629817488884
ENOG410ZI3Q	0.08098281868769422	-0.0809828186876944
ENOG410ZI7G	0.5042315313912397	-0.5042315313912393
ENOG410ZI89	-0.7868073502016061	0.7868073502016055
ENOG410ZIA8	0.33114102919752025	-0.3311410291975205
ENOG410ZIAB	0.49865955254814104	-0.49865955254814043
ENOG410ZIAQ	-1.0101428143159787	1.010142814315978
ENOG410ZICD	1.1562418692802865	-1.1562418692802858
ENOG410ZIF1	-0.5750362288087739	0.5750362288087735
ENOG410ZIFY	1.3575108397944975	-1.357510839794497
ENOG410ZIG5	0.5012095970664548	-0.5012095970664543
ENOG410ZIJN	-0.35722936840923464	0.35722936840923436
ENOG410ZIMQ	1.65179690037904	-1.651796900379039
ENOG410ZIMZ	0.9041978540900826	-0.9041978540900821
ENOG410ZIN8	-0.26794502579509794	0.2679450257950975
ENOG410ZINF	0.8407048210785272	-0.8407048210785271
ENOG410ZINS	0.08052996545359528	-0.08052996545359546
ENOG410ZIQ4	-1.4043002715799349	1.4043002715799335
ENOG410ZIQS	-0.26873943385849264	0.2687394338584922
ENOG410ZIT2	-0.5823422716093651	0.5823422716093645
ENOG410ZIUZ	0.10329241465498618	-0.10329241465498633
ENOG410ZJ1R	0.8358375512116524	-0.8358375512116515
ENOG410ZJ35	-0.9073317375347814	0.9073317375347805
ENOG410ZJ5G	-1.3188388533077213	1.3188388533077204
ENOG410ZJ65	-1.1048557865622877	1.1048557865622868
ENOG410ZJ6A	0.27647895955583535	-0.2764789595558356
ENOG410ZJ6R	1.0692200048256553	-1.0692200048256548
ENOG410ZJ6Y	-1.1778022209769012	1.1778022209769003
ENOG410ZJ88	1.7812800287158808	-1.78128002871588
ENOG410ZJ9F	0.7466824869057843	-0.7466824869057842
ENOG410ZJ9Y	-0.3633000857808553	0.3633000857808551
ENOG410ZJAS	-0.15500371817873138	0.15500371817873101
ENOG410ZJC4	-1.1046796410556359	1.1046796410556352
ENOG410ZJCP	-0.9552736500558301	0.9552736500558292
ENOG410ZJDC	-0.17593997694555713	0.17593997694555677
ENOG410ZJH1	-0.9416746483765542	0.9416746483765536
ENOG410ZJHZ	-1.3560201397351532	1.356020139735152
ENOG410ZJJS	-0.23352549255567323	0.23352549255567281
ENOG410ZJK0	-0.10776378046326728	0.1077637804632672
ENOG410ZJK4	0.617305245001613	-0.6173052450016123
ENOG410ZJKU	-0.5992125980548424	0.5992125980548417
ENOG410ZJM7	-1.662794251567706	1.662794251567705
ENOG410ZJMC	-0.5396552884821915	0.5396552884821909
ENOG410ZJMP	-1.3240188617355824	1.3240188617355813
ENOG410ZJMR	0.6459136849224281	-0.6459136849224276
ENOG410ZJMV	0.2536111079368463	-0.25361110793684666
ENOG410ZJN8	0.35636621952561476	-0.35636621952561454
ENOG410ZJNA	-0.08381483059451521	0.08381483059451514
ENOG410ZJP4	-0.8415496025416612	0.8415496025416606
ENOG410ZJPA	0.8276334306413763	-0.8276334306413758
ENOG410ZJPZ	-0.8116867336709653	0.8116867336709644
ENOG410ZJQ0	-0.8570198571641735	0.857019857164173
ENOG410ZJQ8	-1.2311441277011728	1.2311441277011719
ENOG410ZJQZ	1.5129315106301318	-1.5129315106301306
ENOG410ZJR9	-1.3177157460755584	1.317715746075557
ENOG410ZJRR	0.3707128778536599	-0.3707128778536594
ENOG410ZJU9	-0.13230131681498958	0.13230131681498924
ENOG410ZJV1	-0.4319859920140689	0.43198599201406834
ENOG410ZJVD	0.40004634971396785	-0.4000463497139673
ENOG410ZJWK	-1.6534197297961981	1.653419729796197
ENOG410ZJXJ	-1.6059637137973828	1.6059637137973815
ENOG410ZJY7	0.9617003685721462	-0.9617003685721458
ENOG410ZJYB	-0.9062879705774202	0.9062879705774193
ENOG410ZJZS	0.8515595542859998	-0.8515595542859995
ENOG410ZK0W	-1.2556456125659756	1.2556456125659747
ENOG410ZK4G	0.6219307604929943	-0.6219307604929939
ENOG410ZK57	-0.7853023814815409	0.7853023814815403
ENOG410ZK5A	1.786221467263228	-1.7862214672632273
ENOG410ZK5M	1.0838837415478855	-1.083883741547885
ENOG410ZK6H	1.69469544976973	-1.6946954497697289
ENOG410ZK6J	-1.152046645974455	1.1520466459744543
ENOG410ZK7Z	-0.7349297987414284	0.7349297987414276
ENOG410ZK8S	-1.3442446640297716	1.3442446640297707
ENOG410ZK9X	-1.4551990845118117	1.4551990845118103
ENOG410ZKC2	-0.2330687740294632	0.23306877402946302
ENOG410ZKDB	-0.5514587442036375	0.5514587442036372
ENOG410ZKE8	-0.991994440215612	0.9919944402156111
ENOG410ZKEA	-1.5206014264534848	1.5206014264534833
ENOG410ZKES	0.4460920892887799	-0.44609208928877964
ENOG410ZKFF	0.15740638631757486	-0.15740638631757523
ENOG410ZKFY	-0.2917344648226459	0.2917344648226457
ENOG410ZKG3	-0.27233332819670697	0.2723333281967066
ENOG410ZKHE	-1.2310685720235706	1.2310685720235692
ENOG410ZKHX	-0.7474927800388687	0.7474927800388679
ENOG410ZKJY	-0.1927180709780943	0.19271807097809393
ENOG410ZKM4	0.03514490308608122	-0.035144903086081196
ENOG410ZKMW	0.08201940287236409	-0.0820194028723638
ENOG410ZKNE	0.18319117559466488	-0.18319117559466525
ENOG410ZKQ7	-0.6200488056864627	0.6200488056864623
ENOG410ZKR2	-0.921901440163006	0.9219014401630053
ENOG410ZKS3	1.1769600433068683	-1.1769600433068677
ENOG410ZKW2	-1.1508893902249573	1.150889390224956
ENOG410ZKX3	1.0973387675047843	-1.0973387675047834
ENOG410ZKYZ	1.0132343442679026	-1.013234344267902
ENOG410ZM02	-0.22959088702268188	0.2295908870226817
ENOG410ZM1E	-1.722103920521423	1.7221039205214217
ENOG410ZM3M	-1.2602827863989738	1.2602827863989725
ENOG410ZM4J	-0.15160047473104746	0.15160047473104735
ENOG410ZMBA	-0.7053008091576193	0.7053008091576187
ENOG410ZMF3	0.6587458973915751	-0.6587458973915743
ENOG410ZMFH	0.8422057483090357	-0.8422057483090352
ENOG410ZMFR	0.3016521960963489	-0.30165219609634875
ENOG410ZMG7	-0.09620780765077347	0.09620780765077341
ENOG410ZMHB	-1.3501342582238276	1.350134258223826
ENOG410ZMJ6	-0.17471049245471312	0.17471049245471298
ENOG410ZMS9	-0.07558710252472901	0.07558710252472872
ENOG410ZMSK	-0.3658965854611066	0.3658965854611063
ENOG410ZMVI	0.16556782827381347	-0.16556782827381336
ENOG410ZMWE	1.0655807512442996	-1.0655807512442992
ENOG410ZMWT	-1.0808208121630962	1.0808208121630951
ENOG410ZMXZ	-0.013439857970672675	0.013439857970672667
ENOG410ZMYB	-0.5544418418967481	0.5544418418967474
ENOG410ZN2B	-1.3871833738872117	1.3871833738872108
ENOG410ZN4P	-0.6163253620841289	0.6163253620841282
ENOG410ZN54	0.2957594982301294	-0.2957594982301292
ENOG410ZN5Y	-1.1147610083711461	1.1147610083711452
ENOG410ZN8Y	-1.4732254369811586	1.4732254369811573
ENOG410ZNBK	1.6999588436458677	-1.6999588436458664
ENOG410ZNCA	-1.394245254218394	1.3942452542183932
ENOG410ZNCQ	0.5364202375190776	-0.5364202375190775
ENOG410ZNDB	-0.7230916518804491	0.7230916518804487
ENOG410ZNH8	0.2144984741446832	-0.21449847414468354
ENOG410ZNJB	-0.8017164867861546	0.8017164867861538
ENOG410ZNKJ	0.690588087595472	-0.6905880875954714
ENOG410ZNMA	-0.490465393343724	0.4904653933437237
ENOG410ZNS9	0.27088150159173063	-0.2708815015917307
ENOG410ZNUM	1.3437864180542056	-1.3437864180542045
ENOG410ZNUV	-0.9056524254930842	0.9056524254930836
ENOG410ZNV1	0.9232960218066355	-0.9232960218066351
ENOG410ZNVS	-1.8180434905269498	1.8180434905269485
ENOG410ZNX6	0.1252649015695724	-0.12526490156957207
ENOG410ZNXF	-0.49606133136101316	0.4960613313610126
ENOG410ZNXQ	0.8830012060750453	-0.883001206075045
ENOG410ZNXT	-1.3700809378161132	1.370080937816112
ENOG410ZP37	0.02569740546861299	-0.02569740546861297
ENOG410ZP7K	0.8143345586798076	-0.8143345586798073
ENOG410ZP81	-0.9983212578226471	0.9983212578226461
ENOG410ZP8N	0.8261936746841636	-0.8261936746841627
ENOG410ZPA9	1.002294654682167	-1.0022946546821663
ENOG410ZPAJ	0.9788014354685303	-0.9788014354685293
ENOG410ZPH1	-1.4432799689280316	1.4432799689280307
ENOG410ZPHH	-1.551837322598563	1.551837322598562
ENOG410ZPI7	1.2861895025639691	-1.2861895025639685
ENOG410ZPJF	-1.2608843863602572	1.2608843863602563
ENOG410ZPM6	-0.4659301176017088	0.46593011760170827
ENOG410ZPNJ	-0.38632019235122705	0.3863201923512268
ENOG410ZPQX	0.7664165748821923	-0.7664165748821917
ENOG410ZPQY	-1.1667306581750052	1.1667306581750043
ENOG410ZPTT	1.0574130842977432	-1.0574130842977427
ENOG410ZPV3	1.520962684647335	-1.5209626846473339
ENOG410ZPYN	-0.08221584544087868	0.08221584544087839
ENOG410ZQ0F	1.1630807192049226	-1.1630807192049222
ENOG410ZQ17	0.5940119698505341	-0.5940119698505336
ENOG410ZQ2Q	-1.1967131439912577	1.1967131439912568
ENOG410ZQ3X	-0.29247801591115313	0.2924780159111527
ENOG410ZQ44	-0.7245815652174304	0.7245815652174297
ENOG410ZQ4V	0.39474876859321323	-0.39474876859321295
ENOG410ZQ51	-2.011821158692117	2.011821158692115
ENOG410ZQ81	-1.0227911289088503	1.0227911289088494
ENOG410ZQ9H	0.15948490798796897	-0.15948490798796933
ENOG410ZQ9R	0.032207611417958706	-0.03220761141795892
ENOG410ZQCG	0.06926923970861519	-0.06926923970861515
ENOG410ZQDJ	0.21157750621773114	-0.21157750621773122
ENOG410ZQEH	0.16486973841740168	-0.16486973841740157
ENOG410ZQEY	-0.9249762059087744	0.9249762059087735
ENOG410ZQFA	-1.1131632276576742	1.1131632276576733
ENOG410ZQJ3	0.8048705946192347	-0.804870594619234
ENOG410ZQP3	-1.7681945602524571	1.7681945602524556
ENOG410ZQPZ	0.1894894437830019	-0.18948944378300198
ENOG410ZQTG	-1.501151430152658	1.5011514301526567
ENOG410ZQZW	-1.2009055490738731	1.200905549073872
ENOG410ZR0N	-0.8091834621574288	0.809183462157428
ENOG410ZR1Q	-0.3036131037759405	0.30361310377594003
ENOG410ZR3I	0.7219627401408489	-0.7219627401408484
ENOG410ZR3Q	-1.2318429970499385	1.2318429970499374
ENOG410ZR5A	0.14597930810211193	-0.14597930810211207
ENOG410ZR5K	0.6476050690322382	-0.6476050690322378
ENOG410ZR5Z	-1.3163329171642395	1.3163329171642382
ENOG410ZR6H	1.0650530430141372	-1.0650530430141365
ENOG410ZR6W	-0.6163978165899742	0.6163978165899737
ENOG410ZR7H	0.026934596492181044	-0.026934596492181027
ENOG410ZR84	1.1935153857612066	-1.1935153857612057
ENOG410ZRB7	0.26194712276677007	-0.26194712276676985
ENOG410ZRD3	-0.8705148981548946	0.8705148981548939
ENOG410ZRE2	-0.5971760780980019	0.5971760780980013
ENOG410ZRET	0.24118995973742238	-0.24118995973742222
ENOG410ZRG1	-0.28076950981168897	0.2807695098116888
ENOG410ZRJG	-1.1778842493638726	1.1778842493638717
ENOG410ZRM0	0.59247671288627	-0.5924767128862701
ENOG410ZRQY	-0.644118443752687	0.6441184437526866
ENOG410ZRT2	-0.8020118517551764	0.8020118517551759
ENOG410ZRT8	-0.6658109550538054	0.6658109550538047
ENOG410ZRYP	1.0922097200721403	-1.0922097200721397
ENOG410ZRZQ	0.480959977815017	-0.48095997781501715
ENOG410ZS3T	0.08122489939222106	-0.08122489939222148
ENOG410ZS3Y	0.24679675333593512	-0.24679675333593518
ENOG410ZS6C	0.4994998912600765	-0.4994998912600764
ENOG410ZS7B	0.3050201947294121	-0.3050201947294121
ENOG410ZS81	-0.008101783749038801	0.008101783749038558
ENOG410ZS87	1.486153322361947	-1.486153322361946
ENOG410ZSAC	-1.37213885741162	1.372138857411619
ENOG410ZSAE	1.74836250961105	-1.748362509611049
ENOG410ZSDZ	-0.40631005818170085	0.40631005818170035
ENOG410ZSE7	1.5268502742698276	-1.5268502742698264
ENOG410ZSED	-0.642558188028235	0.6425581880282344
ENOG410ZSEH	-0.6439907281344582	0.6439907281344576
ENOG410ZSFZ	0.14527821721351847	-0.14527821721351858
ENOG410ZSQZ	-0.21996400245193384	0.2199640024519337
ENOG410ZSR7	-0.3643402356262008	0.36434023562620055
ENOG410ZSSQ	-0.5168938826218666	0.5168938826218663
ENOG410ZSSS	-1.6413318227059415	1.64133182270594
ENOG410ZSUS	-0.6991754075201159	0.6991754075201154
ENOG410ZSYZ	-0.2837807855830551	0.28378078558305486
ENOG410ZT0A	0.2638515907053613	-0.26385159070536135
ENOG410ZT1Z	-0.007981732133914773	0.00798173213391453
ENOG410ZT2K	-0.9323286161746126	0.9323286161746119
ENOG410ZT2S	1.8006568926912652	-1.8006568926912638
ENOG410ZT3S	0.5978433870386012	-0.597843387038601
ENOG410ZT4I	-0.8273590307297513	0.8273590307297506
ENOG410ZT6D	-0.5937145040450647	0.5937145040450642
ENOG410ZT7X	0.7506994891936011	-0.750699489193601
ENOG410ZT8D	-0.0676873263198856	0.0676873263198853
ENOG410ZT8Q	-1.0958246844079393	1.0958246844079385
ENOG410ZT94	-0.7494659357438487	0.7494659357438479
ENOG410ZT9V	-0.9350445477643075	0.9350445477643068
ENOG410ZTD8	-1.6871801390590144	1.6871801390590133
ENOG410ZTDK	-1.6307510168129362	1.630751016812935
ENOG410ZTFV	0.22508572562569967	-0.2250857256256995
ENOG410ZTGR	-0.6633778408140895	0.6633778408140888
ENOG410ZTH0	0.2789273690425867	-0.27892736904258647
ENOG410ZTHG	-1.7564525021227682	1.756452502122767
ENOG410ZTIN	-1.501183280742076	1.501183280742075
ENOG410ZTJW	0.12414007108822112	-0.1241400710882215
ENOG410ZTN9	-0.7467930482215077	0.7467930482215069
ENOG410ZTQ8	1.1110868896216142	-1.111086889621614
ENOG410ZTS5	-1.0344765871491508	1.03447658714915
ENOG410ZTSQ	-0.3709676504807182	0.370967650480718
ENOG410ZTTH	-1.8506904670341964	1.8506904670341948
ENOG410ZTY6	-0.336575946503736	0.3365759465037358
ENOG410ZTYU	0.8699872095635756	-0.869987209563575
ENOG410ZU2X	-0.6142641859297041	0.6142641859297037
ENOG410ZU50	1.0709214188463774	-1.0709214188463765
ENOG410ZU5G	-1.388270649887681	1.3882706498876798
ENOG410ZU8E	0.6645241642646366	-0.6645241642646363
ENOG410ZU9D	-0.5892517197825548	0.5892517197825544
ENOG410ZU9X	-0.3313267180463813	0.3313267180463811
ENOG410ZUAG	-0.40360994537698636	0.40360994537698586
ENOG410ZUAJ	-0.07150220444920663	0.07150220444920657
ENOG410ZUBG	0.2436658068961802	-0.24366580689618028
ENOG410ZUD8	-0.022791554077266123	0.022791554077266105
ENOG410ZUFB	0.2877164863830841	-0.28771648638308417
ENOG410ZUG6	0.26201409737728826	-0.26201409737728804
ENOG410ZUGA	-0.4373830716175029	0.43738307161750256
ENOG410ZUGE	-1.5663203489757251	1.5663203489757238
ENOG410ZUI7	1.4398408620181944	-1.439840862018194
ENOG410ZUK1	0.7833232643268213	-0.7833232643268208
ENOG410ZUKH	-0.5515232130322111	0.5515232130322107
ENOG410ZUN9	0.3003477677991953	-0.30034776779919514
ENOG410ZUPW	-0.24141267291255777	0.2414126729125576
ENOG410ZURF	1.6519043704760523	-1.6519043704760514
ENOG410ZUS1	0.09335413286531599	-0.09335413286531594
ENOG410ZUV1	1.5810892531599257	-1.5810892531599248
ENOG410ZUW0	0.8409263393879787	-0.8409263393879783
ENOG410ZUYT	1.5531888504168019	-1.5531888504168008
ENOG410ZV25	0.14729908484417162	-0.14729908484417176
ENOG410ZV35	-0.8705461811805539	0.8705461811805533
ENOG410ZV3K	-0.551894548018894	0.5518945480188937
ENOG410ZV69	0.6467010691807765	-0.6467010691807763
ENOG410ZV6H	-1.4023884228949506	1.4023884228949497
ENOG410ZV8C	0.4125619042370057	-0.41256190423700567
ENOG410ZV99	1.7301734423806792	-1.730173442380678
ENOG410ZVB7	-1.6312486580283172	1.6312486580283159
ENOG410ZVB9	-1.1965843873848916	1.1965843873848903
ENOG410ZVBK	-1.134654845797223	1.134654845797222
ENOG410ZVBZ	0.2489974093020566	-0.24899740930205666
ENOG410ZVC6	-0.14697474386463158	0.14697474386463125
ENOG410ZVC8	0.30952718552346603	-0.3095271855234656
ENOG410ZVCD	0.8315197151276791	-0.831519715127679
ENOG410ZVCF	-1.4814821846835453	1.4814821846835442
ENOG410ZVCH	1.4501195557529034	-1.4501195557529027
ENOG410ZVCR	0.8711961141915656	-0.8711961141915655
ENOG410ZVCU	1.389379933623832	-1.3893799336238308
ENOG410ZVD1	-0.7782314027608227	0.7782314027608221
ENOG410ZVD2	1.6345909947496073	-1.634590994749606
ENOG410ZVD3	-0.5663953798747431	0.5663953798747425
ENOG410ZVDG	0.8346904800899322	-0.8346904800899319
ENOG410ZVDK	1.5745391839244418	-1.574539183924441
ENOG410ZVDW	-0.23158015346002375	0.2315801534600236
ENOG410ZVDY	-0.12731912475265555	0.12731912475265547
ENOG410ZVE2	0.34826428963919265	-0.34826428963919287
ENOG410ZVE6	1.6920877943547128	-1.6920877943547121
ENOG410ZVE8	-0.4520072779874124	0.45200727798741186
ENOG410ZVEJ	-0.616377180693958	0.6163771806939573
ENOG410ZVEQ	-0.12064443431080835	0.12064443431080803
ENOG410ZVEU	-0.8317741239982301	0.8317741239982294
ENOG410ZVEY	-0.14717524058465473	0.1471752405846544
ENOG410ZVF4	-1.8804691909662459	1.880469190966244
ENOG410ZVF6	-0.09195667020132692	0.09195667020132661
ENOG410ZVFE	-0.6714805660144436	0.671480566014443
ENOG410ZVFH	-0.53930888447777	0.5393088844777694
ENOG410ZVFJ	1.1694305447515885	-1.1694305447515876
ENOG410ZVFU	0.666526879813593	-0.6665268798135928
ENOG410ZVG0	-0.8397447020753309	0.8397447020753301
ENOG410ZVG1	-0.3471642010487494	0.3471642010487489
ENOG410ZVG5	-0.16895767337048406	0.16895767337048395
ENOG410ZVGB	1.056582399839553	-1.0565823998395518
ENOG410ZVGS	-0.31426864172786123	0.31426864172786073
ENOG410ZVGZ	-1.0918443206477357	1.0918443206477348
ENOG410ZVH0	0.4734758123251199	-0.47347581232511987
ENOG410ZVHC	1.5040764842943048	-1.5040764842943042
ENOG410ZVHG	-0.07869306153224297	0.07869306153224291
ENOG410ZVHH	-1.1781065495688956	1.1781065495688943
ENOG410ZVHJ	-0.22664404987058248	0.2266440498705821
ENOG410ZVHQ	-1.5933280131269785	1.593328013126977
ENOG410ZVHW	-0.9066636729962868	0.9066636729962861
ENOG410ZVI2	-0.5791017901440749	0.5791017901440745
ENOG410ZVIC	-1.128843529717965	1.128843529717964
ENOG410ZVID	-1.2471918366934847	1.2471918366934838
ENOG410ZVJ1	-0.9975193483331509	0.9975193483331499
ENOG410ZVJ2	-0.7280991779525432	0.7280991779525428
ENOG410ZVJD	-1.576169985535898	1.5761699855358966
ENOG410ZVJF	-1.7497573861324074	1.7497573861324063
ENOG410ZVJH	-0.2997019417864845	0.29970194178648435
ENOG410ZVJU	-0.04186898929898022	0.04186898929898018
ENOG410ZVJX	-0.7889269930395785	0.7889269930395777
ENOG410ZVJY	0.54443498391054	-0.5444349839105397
ENOG410ZVK6	-0.8292388646886042	0.8292388646886034
ENOG410ZVKR	0.18648959739256682	-0.18648959739256668
ENOG410ZVM5	1.6292964119052606	-1.62929641190526
ENOG410ZVMD	-0.03981335832216155	0.03981335832216152
ENOG410ZVME	-0.7745564063053879	0.7745564063053874
ENOG410ZVMN	1.5809792138587273	-1.5809792138587262
ENOG410ZVMV	-1.9075360779053203	1.9075360779053183
ENOG410ZVMW	-0.22935181044983385	0.22935181044983344
ENOG410ZVN9	-1.2885549068164621	1.2885549068164612
ENOG410ZVNC	-0.40935734790613154	0.409357347906131
ENOG410ZVNJ	0.16088938529184146	-0.1608893852918411
ENOG410ZVNV	-0.743768233393788	0.7437682333937872
ENOG410ZVNW	-0.14354122271540096	0.14354122271540085
ENOG410ZVNY	0.37002665600191614	-0.3700266560019161
ENOG410ZVP5	-0.16246576232518967	0.1624657623251893
ENOG410ZVP8	-0.021542552460057728	0.021542552460057474
ENOG410ZVP9	-0.8047992937803046	0.8047992937803037
ENOG410ZVPG	0.8401857781648103	-0.84018577816481
ENOG410ZVPQ	0.5042293328761193	-0.5042293328761192
ENOG410ZVPT	-1.4113739330741248	1.4113739330741235
ENOG410ZVPY	0.5251536140002988	-0.5251536140002981
ENOG410ZVQE	-1.1375272795657312	1.1375272795657303
ENOG410ZVQG	1.529507902964788	-1.529507902964787
ENOG410ZVQI	-1.2671465311848529	1.267146531184852
ENOG410ZVQW	1.259673937347542	-1.2596739373475416
ENOG410ZVQY	0.5080665460810257	-0.5080665460810252
ENOG410ZVQZ	-0.08000136723258719	0.0800013672325869
ENOG410ZVRD	-0.4202894951471725	0.4202894951471722
ENOG410ZVRR	-0.7275607300103021	0.7275607300103016
ENOG410ZVRS	0.06117936018301594	-0.06117936018301613
ENOG410ZVS6	-0.45817489421334545	0.4581748942133451
ENOG410ZVS8	0.5544360938502174	-0.554436093850217
ENOG410ZVSH	-0.7909189791548076	0.7909189791548067
ENOG410ZVSK	-0.5836113117164761	0.5836113117164756
ENOG410ZVSP	1.2151968345213302	-1.21519683452133
ENOG410ZVSQ	-0.1359573493317917	0.13595734933179163
ENOG410ZVSS	-1.8794097979619335	1.879409797961932
ENOG410ZVT4	1.557015511512101	-1.5570155115121005
ENOG410ZVTR	0.4099697022635752	-0.40996970226357515
ENOG410ZVU0	-0.42010080814406026	0.4201008081440597
ENOG410ZVU1	-0.4565592624319282	0.45655926243192785
ENOG410ZVU3	0.0367036582735524	-0.03670365827355261
ENOG410ZVW5	0.24494733512358657	-0.24494733512358616
ENOG410ZVWB	1.3105956091477915	-1.3105956091477904
ENOG410ZVWK	0.5217166113966464	-0.521716611396646
ENOG410ZVWQ	-0.49121665906612183	0.4912166590661213
ENOG410ZVWS	-1.3069284841320783	1.3069284841320774
ENOG410ZVWT	-0.32378985516559144	0.32378985516559117
ENOG410ZVWW	1.7585130900890251	-1.758513090089025
ENOG410ZVXC	-1.3293340024119502	1.3293340024119489
ENOG410ZVXI	-0.8842646167787195	0.8842646167787189
ENOG410ZVY1	1.3985200740925692	-1.398520074092568
ENOG410ZVY8	-1.9169880527743952	1.9169880527743932
ENOG410ZVYC	-0.16699063767543085	0.16699063767543074
ENOG410ZVYR	-0.517600647602723	0.5176006476027224
ENOG410ZVZG	-0.28147967645683897	0.28147967645683875
ENOG410ZW04	0.5559900747649906	-0.5559900747649902
ENOG410ZW0D	0.8174184879260675	-0.8174184879260674
ENOG410ZW1B	-1.0052385199522975	1.0052385199522968
ENOG410ZW1G	-0.22642549309943777	0.2264254930994376
ENOG410ZW1V	0.7245020931057881	-0.7245020931057875
ENOG410ZW2I	-1.7743760988861983	1.7743760988861972
ENOG410ZW2X	-1.5814837606577032	1.581483760657702
ENOG410ZW3P	0.28675517567941367	-0.28675517567941344
ENOG410ZW3S	-0.0024950767210661666	0.002495076721066165
ENOG410ZW4A	0.46994595402590156	-0.46994595402590095
ENOG410ZW50	-0.41263978459325373	0.4126397845932534
ENOG410ZW51	0.02104219905422938	-0.0210421990542296
ENOG410ZW55	-0.3552243199745835	0.3552243199745832
ENOG410ZW5S	1.8194713843721158	-1.8194713843721149
ENOG410ZW5X	-0.6109659486180968	0.6109659486180962
ENOG410ZW61	-0.42179516288201424	0.4217951628820139
ENOG410ZW69	0.7885639471104048	-0.788563947110404
ENOG410ZW6I	-1.6251529077632119	1.6251529077632105
ENOG410ZW6X	0.8153981818241363	-0.8153981818241359
ENOG410ZW77	-0.6612914559161294	0.6612914559161287
ENOG410ZW8V	-0.5684706809728715	0.5684706809728708
ENOG410ZW99	-1.7274967310241014	1.7274967310240998
ENOG410ZW9J	-1.3525088920195796	1.3525088920195787
ENOG410ZW9Z	-0.8800631173819583	0.8800631173819576
ENOG410ZWAN	0.10935837795497301	-0.10935837795497318
ENOG410ZWAU	-0.38356118420236546	0.38356118420236496
ENOG410ZWAW	-1.0262456006370426	1.026245600637042
ENOG410ZWBC	-1.3652225050663955	1.3652225050663944
ENOG410ZWBR	0.5131397582427816	-0.5131397582427812
ENOG410ZWBT	1.064589518247298	-1.0645895182472973
ENOG410ZWCY	-0.357683437126612	0.3576834371266115
ENOG410ZWDI	0.4984005176099226	-0.4984005176099222
ENOG410ZWDR	-1.1502031459879076	1.1502031459879067
ENOG410ZWE1	-0.2474032021159402	0.24740320211593977
ENOG410ZWE3	0.4218864842301199	-0.42188648423012004
ENOG410ZWE8	-1.231189807700459	1.2311898077004577
ENOG410ZWE9	-0.3401428953883042	0.3401428953883037
ENOG410ZWEQ	1.1661735304387144	-1.1661735304387142
ENOG410ZWES	0.43001625911073205	-0.43001625911073177
ENOG410ZWF2	-0.2357902309592227	0.23579023095922227
ENOG410ZWFF	0.13029123071418452	-0.13029123071418466
ENOG410ZWFH	0.21478613936151478	-0.21478613936151486
ENOG410ZWFP	0.8437597043448504	-0.8437597043448498
ENOG410ZWGS	-1.4423376632604568	1.4423376632604554
ENOG410ZWGT	-0.4167109319973214	0.4167109319973211
ENOG410ZWGX	1.0561190297677832	-1.0561190297677827
ENOG410ZWH8	-0.6682131273274561	0.6682131273274553
ENOG410ZWHD	0.3957643430442675	-0.3957643430442675
ENOG410ZWHF	-1.33402287131363	1.3340228713136286
ENOG410ZWIF	-0.9070880219877681	0.9070880219877672
ENOG410ZWIM	-0.3777067794056644	0.3777067794056639
ENOG410ZWIY	-0.8705118161787873	0.8705118161787866
ENOG410ZWJJ	-0.0456956134710732	0.04569561347107293
ENOG410ZWKB	-0.44787396837044313	0.44787396837044285
ENOG410ZWKI	0.769071985259014	-0.7690719852590134
ENOG410ZWKT	1.21664234630354	-1.2166423463035398
ENOG410ZWMP	-0.8005735424596361	0.8005735424596355
ENOG410ZWMR	0.6577622894147345	-0.657762289414734
ENOG410ZWMY	-0.6628878695027733	0.6628878695027727
ENOG410ZWN6	-0.23139985146209893	0.23139985146209877
ENOG410ZWP3	0.20915313832176755	-0.20915313832176738
ENOG410ZWQ1	0.10583402578584464	-0.10583402578584455
ENOG410ZWQM	-0.8144346419668185	0.8144346419668179
ENOG410ZWQU	-1.0727235513837459	1.0727235513837448
ENOG410ZWQW	0.0678128700569529	-0.06781287005695284
ENOG410ZWQZ	-0.3900474940566655	0.390047494056665
ENOG410ZWRY	0.09766756633234057	-0.09766756633234097
ENOG410ZWSP	0.20243570827360094	-0.20243570827360105
ENOG410ZWT5	-1.175135940239967	1.1751359402399661
ENOG410ZWTD	-1.1277912031106485	1.1277912031106474
ENOG410ZWTG	-0.01120572071759487	0.011205720717594863
ENOG410ZWTQ	-0.9432270718953212	0.9432270718953204
ENOG410ZWU1	-1.5601245790692853	1.5601245790692841
ENOG410ZWWG	-1.7041508974167956	1.704150897416794
ENOG410ZWX5	-0.9702788417562785	0.9702788417562777
ENOG410ZWX9	-0.3890125948508587	0.38901259485085843
ENOG410ZWYN	0.4535677608717189	-0.4535677608717186
ENOG410ZWZA	-0.9239587162285268	0.9239587162285258
ENOG410ZX1W	-0.687447608392728	0.6874476083927273
ENOG410ZX29	-0.0599619275902156	0.05996192759021532
ENOG410ZX2M	-0.9598277641753014	0.9598277641753007
ENOG410ZX2Q	-1.1872385085187103	1.1872385085187094
ENOG410ZX3G	-1.2193984759729712	1.21939847597297
ENOG410ZX41	-0.8742927304552807	0.87429273045528
ENOG410ZX4G	-0.6665892221831218	0.6665892221831213
ENOG410ZX7G	0.08518099348736553	-0.08518099348736524
ENOG410ZX82	0.8922151723362327	-0.8922151723362318
ENOG410ZX8X	0.1349119632266423	-0.13491196322664245
ENOG410ZX96	-0.25014487060640933	0.25014487060640916
ENOG410ZX9B	0.8120722411871582	-0.8120722411871575
ENOG410ZX9D	-0.6315556667257582	0.6315556667257576
ENOG410ZX9Y	-0.23928353599039665	0.23928353599039623
ENOG410ZXAN	-1.624141588157538	1.624141588157537
ENOG410ZXB1	-1.3613062722887344	1.3613062722887332
ENOG410ZXB3	-0.7062219690487029	0.7062219690487022
ENOG410ZXBC	1.6236402794186229	-1.6236402794186218
ENOG410ZXCB	0.20617719249894834	-0.20617719249894795
ENOG410ZXDQ	-0.07918654622959352	0.07918654622959323
ENOG410ZXEA	-1.3666129924326658	1.3666129924326644
ENOG410ZXF2	-1.8108336099793731	1.8108336099793718
ENOG410ZXFD	-0.5729191832134923	0.5729191832134919
ENOG410ZXGW	-1.7148874271126056	1.714887427112604
ENOG410ZXHK	-1.1325446878018441	1.1325446878018433
ENOG410ZXHU	-1.4521473778429745	1.4521473778429737
ENOG410ZXJ6	-0.5951858862455919	0.5951858862455914
ENOG410ZXJB	-0.9477532580331247	0.947753258033124
ENOG410ZXJN	0.7306329188545458	-0.7306329188545456
ENOG410ZXJU	-1.1501827411076844	1.1501827411076835
ENOG410ZXK1	-1.805265267128227	1.8052652671282257
ENOG410ZXKC	-0.8252260310136306	0.8252260310136297
ENOG410ZXM0	1.143303957928316	-1.1433039579283155
ENOG410ZXMP	-1.064614374680354	1.0646143746803531
ENOG410ZXPF	-0.10405415933906598	0.10405415933906567
ENOG410ZXQV	1.080892005982203	-1.0808920059822025
ENOG410ZXQY	-1.8201308309006534	1.8201308309006519
ENOG410ZXRZ	0.7282648005783262	-0.7282648005783257
ENOG410ZXSY	-1.0971457780524725	1.0971457780524718
ENOG410ZXTD	-0.986956247267647	0.9869562472676462
ENOG410ZXU3	-0.7203857714426262	0.7203857714426254
ENOG410ZXUR	-0.5918928791162973	0.591892879116297
ENOG410ZXVM	-1.0196208439534988	1.0196208439534982
ENOG410ZXW8	-0.7470027188050523	0.7470027188050518
ENOG410ZXXH	-0.40028719166830423	0.40028719166830373
ENOG410ZXYQ	-0.9130111847287963	0.9130111847287956
ENOG410ZXZ4	-1.589743219165396	1.5897432191653944
ENOG410ZY0U	-1.4644885635142049	1.4644885635142038
ENOG410ZY36	0.4400281499369052	-0.44002814993690487
ENOG410ZY5G	0.6581192760578137	-0.6581192760578135
ENOG410ZY5K	-1.331758206077002	1.3317582060770008
ENOG410ZY5P	1.178253583721553	-1.1782535837215524
ENOG410ZY7A	-0.7301485971768342	0.7301485971768334
ENOG410ZY90	-1.7833746043273537	1.783374604327352
ENOG410ZY9E	0.3211932406745493	-0.3211932406745491
ENOG410ZYCH	-0.0016553694703088288	0.0016553694703085914
ENOG410ZYD5	0.19689429808042547	-0.1968942980804251
ENOG410ZYD6	0.4732556751590959	-0.47325567515909533
ENOG410ZYD9	0.31288354602601776	-0.31288354602601753
ENOG410ZYDZ	0.6358876261986837	-0.6358876261986832
ENOG410ZYJP	1.6049687033073756	-1.604968703307375
ENOG410ZYKS	-0.6729865696278342	0.6729865696278335
ENOG410ZYMS	-0.8524150914176455	0.8524150914176447
ENOG410ZYNB	0.7411392918390429	-0.7411392918390424
ENOG410ZYP5	1.3693685790450114	-1.3693685790450103
ENOG410ZYQ7	1.0193648443517394	-1.0193648443517391
ENOG410ZYR5	-0.9922265225637378	0.992226522563737
ENOG410ZYRK	0.1542272859667851	-0.15422728596678476
ENOG410ZYT0	-0.7599577999389984	0.7599577999389976
ENOG410ZYTH	-0.4321545563083974	0.43215455630839683
ENOG410ZYUF	0.02521096849334773	-0.025210968493347714
ENOG410ZYUU	0.5068374133097692	-0.5068374133097691
ENOG410ZYVG	1.4918881309279435	-1.4918881309279426
ENOG410ZYVS	-1.1091905625687637	1.1091905625687624
ENOG410ZYVX	-0.6974964184549984	0.697496418454998
ENOG410ZZ0X	-0.870550036207531	0.8705500362075301
ENOG410ZZ1T	-0.3372654447415719	0.3372654447415716
ENOG410ZZ25	0.6870984483043744	-0.6870984483043739
ENOG410ZZ3B	0.7924044641836199	-0.7924044641836193
ENOG410ZZ3F	-1.0749375527220042	1.0749375527220033
ENOG410ZZ4C	1.7933088619818534	-1.7933088619818522
ENOG410ZZ52	-0.2013619067659909	0.2013619067659905
ENOG410ZZ6Q	-1.4488150461855391	1.448815046185538
ENOG410ZZ6S	0.17825750349951194	-0.17825750349951205
ENOG410ZZ7B	0.22880805601841336	-0.2288080560184132
ENOG410ZZ7W	-1.1222576472346248	1.122257647234624
ENOG410ZZBB	0.362873710875105	-0.3628737108751048
ENOG410ZZBZ	-1.5267881491397746	1.5267881491397735
ENOG410ZZC5	-0.8066095712605882	0.8066095712605874
ENOG410ZZD0	-1.434808282146342	1.4348082821463408
ENOG410ZZDC	-1.501681614342716	1.5016816143427145
ENOG410ZZE8	-0.8239802682675841	0.8239802682675832
ENOG410ZZGV	-0.5457852383009852	0.5457852383009848
ENOG410ZZGZ	-0.24666954545058095	0.24666954545058078
ENOG410ZZHJ	0.33914970261424765	-0.33914970261424765
ENOG410ZZIS	-0.9791815578004222	0.9791815578004213
ENOG410ZZJF	-0.2025400964181411	0.20254009641814097
ENOG410ZZJU	-0.1596072351709062	0.15960723517090605
ENOG410ZZKR	-1.1391429062278364	1.1391429062278355
ENOG410ZZMV	-1.0963548372536724	1.0963548372536713
ENOG410ZZR9	-0.6083639127589662	0.6083639127589655
ENOG410ZZRH	-0.18555824903649198	0.18555824903649185
ENOG410ZZRT	-0.7123608229590855	0.7123608229590848
ENOG410ZZUB	1.7995328471954606	-1.7995328471954595
ENOG410ZZUN	-0.2135411457395482	0.21354114573954802
ENOG410ZZV4	0.20375053471043436	-0.20375053471043422
ENOG410ZZVD	0.6111060272400943	-0.6111060272400942
ENOG410ZZWY	-1.370027827461016	1.3700278274610147
ENOG410ZZXB	-0.2971138893265216	0.29711388932652116
ENOG410ZZXU	1.1239749033022384	-1.1239749033022375
ENOG410ZZY0	-0.8909847768631737	0.8909847768631731
ENOG410ZZY5	-1.5731017742755522	1.5731017742755509
ENOG410ZZY6	-0.18580158722944556	0.18580158722944545
ENOG410ZZYF	0.5746109234700746	-0.5746109234700747
ENOG410ZZYY	-0.3147085371704243	0.3147085371704238
ENOG410ZZZ9	-1.3792299062641908	1.37922990626419
ENOG4110001	0.8486152134369994	-0.8486152134369989
ENOG411000B	0.905997083700306	-0.9059970837003056
ENOG411000T	0.9457532533495125	-0.9457532533495117
ENOG411000U	0.1431553519173045	-0.14315535191730486
ENOG411001J	-1.1801579611699533	1.1801579611699526
ENOG411002M	1.7174942386953065	-1.7174942386953056
ENOG411002P	0.2737984661564428	-0.2737984661564426
ENOG411002Y	-1.9312802499153405	1.9312802499153383
ENOG411004G	0.7158517309630573	-0.7158517309630568
ENOG411004P	0.5132276055494044	-0.5132276055494043
ENOG411004W	-0.7260306164646119	0.7260306164646113
ENOG411005D	-1.0954184658666006	1.0954184658666
ENOG411005S	0.22887101135499593	-0.228871011354996
ENOG411006M	-0.8696404599572448	0.8696404599572443
ENOG411007C	-0.4318971244367533	0.43189712443675304
ENOG411007H	-0.3092802301431361	0.3092802301431359
ENOG4110080	0.10055853741899745	-0.10055853741899715
ENOG4110088	0.6050855200486037	-0.6050855200486033
ENOG411008E	0.596556240084248	-0.5965562400842476
ENOG411009W	-0.140631213415063	0.14063121341506266
ENOG41100B0	1.7300317702218182	-1.7300317702218173
ENOG41100BD	0.11756838201526425	-0.11756838201526393
ENOG41100C5	-0.8961730533272985	0.8961730533272978
ENOG41100CF	0.09220325346144564	-0.09220325346144559
ENOG41100DU	-0.23654059245755885	0.23654059245755846
ENOG41100EM	-1.4333161222542108	1.4333161222542095
ENOG41100ES	-0.10911201454802069	0.10911201454802062
ENOG41100FH	-1.2901125043628359	1.290112504362835
ENOG41100IV	0.940757130082635	-0.9407571300826343
ENOG41100K7	0.8134652006606102	-0.8134652006606095
ENOG41100M6	0.6532497463501823	-0.6532497463501818
ENOG41100MA	0.9916974739630728	-0.9916974739630722
ENOG41100NK	-1.0202937757574995	1.0202937757574988
ENOG41100PD	1.0213395177401243	-1.0213395177401237
ENOG41100PS	0.7251352870552397	-0.7251352870552393
ENOG41100QN	-1.1625968216740643	1.1625968216740636
ENOG41100QY	-1.7872001381459974	1.7872001381459959
ENOG41100UJ	-0.45472524512204454	0.4547252451220442
ENOG41100UY	-1.4147525309035367	1.4147525309035356
ENOG41100V7	-1.555996296399031	1.5559962963990297
ENOG41100W0	-0.5897413659312031	0.5897413659312024
ENOG411011S	0.34932774398010014	-0.34932774398010036
ENOG411011U	-1.0914914562559102	1.0914914562559095
ENOG411012J	-1.0241420608133591	1.024142060813358
ENOG4110145	-1.4661929221301164	1.4661929221301155
ENOG411015J	-0.6924875970216672	0.6924875970216666
ENOG411015R	-0.20541904421734322	0.20541904421734308
ENOG4110187	-0.19395972363580835	0.1939597236358082
ENOG4110189	-1.5710426056247613	1.5710426056247602
ENOG411019K	-0.4191327392240149	0.4191327392240146
ENOG41101BA	0.09291685435211021	-0.0929168543521099
ENOG41101CE	0.19712388421777763	-0.1971238842177775
ENOG41101FB	-0.8767320116634735	0.8767320116634729
ENOG41101GZ	0.21910584897083588	-0.21910584897083574
ENOG41101HG	0.17102297401194871	-0.17102297401194835
ENOG41101HV	-0.57252422314703	0.5725242231470294
ENOG41101IJ	-0.24054224173843305	0.2405422417384329
ENOG41101IZ	-0.43839497060257276	0.43839497060257226
ENOG41101JG	-1.9281050989110553	1.928105098911054
ENOG41101U4	-1.481891898875507	1.4818918988755054
ENOG41101U7	-1.9545400658810046	1.9545400658810037
ENOG41101VY	-0.8074533110216494	0.8074533110216486
ENOG41101W1	0.6508551610433835	-0.6508551610433835
ENOG41101WE	-0.9082547940612385	0.9082547940612379
ENOG41101Y3	0.021093845687254528	-0.02109384568725451
ENOG41101YT	1.0593878095722888	-1.0593878095722884
ENOG41101ZB	-0.18686317526869917	0.18686317526869903
ENOG411020B	-0.8043147001874029	0.8043147001874023
ENOG4110219	-0.5151945489625415	0.515194548962541
ENOG411021X	0.059747751965588985	-0.05974775196558917
ENOG411024B	0.000728360358791005	-0.0007283603587910044
ENOG411027S	-0.8848247038715314	0.8848247038715306
ENOG411027Z	1.1996084378230465	-1.1996084378230458
ENOG4110288	-0.046646949981144784	0.04664694998114451
ENOG411028W	-1.2357701258607365	1.2357701258607354
ENOG411029V	-0.6274024853141658	0.6274024853141653
ENOG41102A3	0.18821958443621223	-0.1882195844362121
ENOG41102CA	-0.5231151456402976	0.5231151456402972
ENOG41102CJ	-1.5812491253459988	1.5812491253459977
ENOG41102GP	1.5832397691095543	-1.5832397691095537
ENOG41102I4	1.0635538576722172	-1.0635538576722166
ENOG41102NG	-0.5452882188231136	0.545288218823113
ENOG41102NI	-1.5701653668809092	1.570165366880908
ENOG41102QB	0.01574251466501113	-0.015742514665011354
ENOG41102SE	0.802869863122102	-0.8028698631221014
ENOG41102U3	0.05342231236582544	-0.05342231236582587
ENOG41102WG	0.4498337367352441	-0.4498337367352436
ENOG41102XJ	-0.2585277795184864	0.258527779518486
ENOG4110302	0.8979065678818448	-0.8979065678818441
ENOG411032J	-0.0873364720091665	0.0873364720091662
ENOG4110335	-1.3075509714282847	1.3075509714282836
ENOG4110348	-0.21111674989108434	0.2111167498910842
ENOG411034D	-1.2118238762652807	1.2118238762652795
ENOG411037S	-0.4101532428970556	0.4101532428970553
ENOG411039E	-0.658479511322326	0.6584795113223254
ENOG41103AJ	0.5426103396606925	-0.5426103396606922
ENOG41103AX	1.329975511171095	-1.3299755111710945
ENOG41103B0	0.5135508289533656	-0.5135508289533655
ENOG41103MM	0.0056208450827057695	-0.005620845082705766
ENOG41103RQ	-0.1785540167666311	0.17855401676663074
ENOG41103XH	-1.7763358657773727	1.7763358657773707
ENOG41103Y5	-0.5539125355256804	0.5539125355256801
ENOG41104JX	0.8871847013395702	-0.8871847013395693
ENOG41104RH	-0.6493475339001138	0.6493475339001133
ENOG41104UK	-0.20611232587160522	0.20611232587160483
ENOG41104XX	-0.6442921913987749	0.6442921913987742
ENOG4110504	-1.3534605980260357	1.3534605980260346
ENOG41105G9	1.0350709182193703	-1.0350709182193696
ENOG41105P2	-1.2560460855315505	1.2560460855315494
ENOG41105S6	-0.6840241531407845	0.684024153140784
ENOG41105VJ	-0.35330808967151106	0.3533080896715108
ENOG41105XQ	-1.2399972264032697	1.2399972264032686
ENOG41105ZK	1.9415937039634363	-1.941593703963436
ENOG41106EH	-0.07160407461916818	0.07160407461916812
ENOG41106SB	-1.0564871272373062	1.056487127237305
ENOG41106VG	-1.1065823304086393	1.1065823304086384
ENOG411072U	0.155609513188403	-0.15560951318840263
ENOG41107HC	-1.0638899177117556	1.0638899177117545
ENOG41107YC	0.4762195673969407	-0.4762195673969404
ENOG4110816	-1.0494781060067737	1.0494781060067726
ENOG41108DP	0.04029667003474426	-0.04029667003474471
ENOG41108K1	-0.725565978264782	0.7255659782647812
ENOG41108WW	-0.9043551851352705	0.9043551851352698
ENOG41109CF	-1.6192506920232268	1.6192506920232252
ENOG41109IH	-0.7746141252228436	0.774614125222843
ENOG41109YT	-1.4984402070901341	1.498440207090133
ENOG4110A1H	-1.5768558163676387	1.5768558163676374
ENOG4110AED	-0.05500045614774868	0.05500045614774841
ENOG4110AY7	-1.3386819577830442	1.3386819577830433
ENOG4110B0F	0.5796655614765712	-0.5796655614765708
ENOG4110B36	-0.855044000724534	0.8550440007245333
ENOG4110B6A	-0.03962562320728695	0.03962562320728692
ENOG4110BBF	1.7949475519048	-1.7949475519047993
ENOG4110BJG	-0.18829656459767016	0.18829656459767002
ENOG4110BMM	-0.7904462979109604	0.7904462979109599
ENOG4110BQE	-1.1467148806361658	1.1467148806361651
ENOG4110BWW	-0.7848935057874981	0.7848935057874975
ENOG4110C99	0.38354407346115504	-0.38354407346115477
ENOG4110CVX	0.7200315807741046	-0.7200315807741043
ENOG4110DEK	-0.9210366779990885	0.9210366779990876
ENOG4110DHN	-1.3145692559231277	1.3145692559231266
ENOG4110DP8	-0.364079375367723	0.3640793753677228
ENOG4110DZH	1.6819696048297061	-1.6819696048297053
ENOG4110E68	-0.13964561836094586	0.13964561836094574
ENOG4110EAV	-1.1528700035109305	1.1528700035109294
ENOG4110F72	1.0513074851092024	-1.0513074851092015
ENOG4110F95	-0.4025362780540348	0.40253627805403425
ENOG4110FB9	0.959219611371551	-0.9592196113715503
ENOG4110G9P	-0.843816115642532	0.8438161156425312
ENOG4110GG4	1.483029878211963	-1.4830298782119626
ENOG4110GJF	-1.4823899142200554	1.4823899142200543
ENOG4110GRU	0.8623042592141917	-0.8623042592141914
ENOG4110GT4	0.32942472095654984	-0.32942472095654984
ENOG4110GX4	-1.0011648469555066	1.001164846955506
ENOG4110H5Q	-1.181639919805963	1.1816399198059622
ENOG4110HET	-1.2952948765721655	1.2952948765721646
ENOG4110HN9	1.5582326250516991	-1.5582326250516982
ENOG4110HXD	-1.0617861558708106	1.0617861558708097
ENOG4110I8X	-0.5560486262100476	0.5560486262100472
ENOG4110IQD	-1.0427119745183575	1.0427119745183566
ENOG4110J45	-0.5726126265917355	0.5726126265917351
ENOG4110JED	0.19126241460507895	-0.1912624146050788
ENOG4110KBG	-1.0084896025915853	1.0084896025915846
ENOG4110MCC	0.14606460752170436	-0.1460646075217045
ENOG4110MHC	-1.0337473697688169	1.0337473697688158
ENOG4110MHZ	-0.7960481444195215	0.796048144419521
ENOG4110MQC	1.1435051147121766	-1.1435051147121762
ENOG4110MXI	-0.9212987131928962	0.9212987131928954
ENOG4110N8N	1.7011576992027346	-1.701157699202734
ENOG4110NBR	0.4142150857252149	-0.4142150857252151
ENOG4110NSM	-0.5950295083698004	0.5950295083697997
ENOG4110NU4	0.06386047305982927	-0.06386047305982946
ENOG4110P1F	-1.0739072257267674	1.0739072257267666
ENOG4110P6K	-0.11237493444333854	0.11237493444333846
ENOG4110P7J	1.1933190820430906	-1.1933190820430897
ENOG4110PFG	-0.49317824119357545	0.49317824119357484
ENOG4110PHZ	0.02121788965833938	-0.021217889658339366
ENOG4110QAQ	1.9808253322295941	-1.9808253322295921
ENOG4110QSB	0.197350542196734	-0.19735054219673362
ENOG4110QUF	-1.0110305318102915	1.0110305318102906
ENOG4110QZN	-1.1450589764313195	1.1450589764313186
ENOG4110R7K	0.04981842849838944	-0.04981842849838964
ENOG4110SIQ	-0.793920979100142	0.7939209791001415
ENOG4110SVC	-0.1934486226102792	0.19344862261027881
ENOG4110TGQ	-1.3738718607808114	1.3738718607808105
ENOG4110TII	0.8508578617151842	-0.8508578617151841
ENOG4110TKN	-0.6341408088019216	0.6341408088019211
ENOG4110UAG	-1.174628459746167	1.1746284597461658
ENOG4110UJY	-1.0243310078508323	1.0243310078508316
ENOG4110V7D	-1.0724129191688092	1.072412919168808
ENOG4110VJC	1.1423739661487993	-1.1423739661487986
ENOG4110WB0	0.5418425245601334	-0.5418425245601333
ENOG4110WDH	-0.3011342318268856	0.30113423182688537
ENOG4110WG0	-0.9661509102281668	0.9661509102281661
ENOG4110WKJ	-0.8565798485573491	0.8565798485573486
ENOG4110WM6	-1.2654336449116943	1.2654336449116934
ENOG4110WT0	-0.9687630428739504	0.9687630428739498
ENOG4110WUJ	1.099288259500647	-1.0992882595006463
ENOG4110X8Q	-0.7578252015774579	0.7578252015774574
ENOG4110XAM	-0.8677507872852849	0.8677507872852842
ENOG4110XIN	0.25232088890083276	-0.25232088890083254
ENOG4110XMY	-0.8904030063534716	0.8904030063534709
ENOG4110Y31	-1.804194596978808	1.8041945969788062
ENOG4110YS4	-0.9807006214240286	0.9807006214240277
ENOG4110YX1	-1.1326187152041978	1.132618715204197
ENOG4110Z4K	-1.5139151734186953	1.5139151734186942
ENOG4110Z57	1.2508971861931388	-1.2508971861931382
ENOG4110Z7N	-0.24478734652821713	0.24478734652821696
ENOG4110ZRH	-0.34829525626657754	0.3482952562665773
ENOG4110ZT3	-1.133739597532501	1.1337395975325002
ENOG41110K5	-0.21149402300544062	0.21149402300544046
ENOG41110S8	-0.021829622071780578	0.021829622071780328
ENOG41110TH	-1.1170426624263319	1.1170426624263312
ENOG411119B	-0.8788860230903407	0.8788860230903398
ENOG41111JX	-0.1830222032888259	0.18302220328882576
ENOG4111228	-0.5510198010193156	0.5510198010193152
ENOG41112BD	-1.5901274016638438	1.5901274016638425
ENOG41112GZ	-1.4342048554065703	1.434204855406569
ENOG41112I7	0.5016057551679227	-0.5016057551679226
ENOG41112II	0.9238557439210099	-0.923855743921009
ENOG41112QY	0.23831698083425487	-0.23831698083425518
ENOG411135P	-0.39670435652530345	0.39670435652530295
ENOG411138E	-1.0349470403664423	1.0349470403664411
ENOG41113IS	1.2630250599090265	-1.2630250599090256
ENOG41113RB	2.001499078393096	-2.001499078393094
ENOG411141G	1.6691059676876356	-1.6691059676876343
ENOG4111454	-0.5152315898268136	0.5152315898268132
ENOG41114EC	-1.455063166286864	1.455063166286863
ENOG41114H6	0.33106906330373054	-0.33106906330373054
ENOG41114JZ	-1.4649296794867401	1.464929679486739
ENOG41114KY	0.2575559160611275	-0.2575559160611273
ENOG41114SZ	-1.6463809192477161	1.6463809192477143
ENOG41115XM	0.38520468663430224	-0.38520468663430196
ENOG4111604	0.06534787016359349	-0.06534787016359367
ENOG411162A	1.7716913472854394	-1.7716913472854379
ENOG411173M	-0.6630541564331652	0.6630541564331648
ENOG411177X	-1.4270333002315978	1.427033300231597
ENOG41117DG	0.35665945002856125	-0.35665945002856075
ENOG41117TR	-0.20659532070330097	0.20659532070330083
ENOG411181B	0.9807905991444115	-0.9807905991444108
ENOG41118GD	-0.945673664275595	0.9456736642755943
ENOG41118QN	-1.3446215037768328	1.3446215037768319
ENOG41118T4	0.6705833431077605	-0.6705833431077602
ENOG411192P	0.20052301849999793	-0.20052301849999826
ENOG411194K	-1.7791012126341275	1.7791012126341252
ENOG41119MM	0.4206832241931645	-0.4206832241931642
ENOG4111A91	-0.6306779876834002	0.6306779876833994
ENOG4111APV	1.4798799392652742	-1.479879939265273
ENOG4111AV1	-0.39154362911035046	0.3915436291103499
ENOG4111AZ4	-1.567434648561903	1.5674346485619015
ENOG4111D1K	-0.5381453185379176	0.5381453185379172
ENOG4111DCE	0.8243067876748199	-0.8243067876748194
ENOG4111DDB	-0.9858795335824683	0.9858795335824676
ENOG4111DRN	1.653060236077432	-1.653060236077431
ENOG4111DS9	-0.19162884377676176	0.19162884377676137
ENOG4111E53	1.0626261176268215	-1.0626261176268212
ENOG4111EAB	0.5399488456602619	-0.5399488456602615
ENOG4111EE9	-0.14037554843038014	0.1403755484303798
ENOG4111EEW	-1.5983240451672265	1.598324045167225
ENOG4111EFS	-1.1287126490374904	1.1287126490374897
ENOG4111EUJ	-0.7546570986021747	0.7546570986021739
ENOG4111EY6	-1.7405425437510313	1.7405425437510302
ENOG4111EYA	0.3643337468976559	-0.36433374689765563
ENOG4111EYG	-1.813727646089914	1.8137276460899128
ENOG4111EZ3	-0.39167156719457386	0.39167156719457336
ENOG4111EZS	-0.40724495196931687	0.4072449519693166
ENOG4111EZZ	-1.6611659959571572	1.6611659959571556
ENOG4111F0B	0.5400611356756176	-0.5400611356756173
ENOG4111F11	-0.1470286494990918	0.14702864949909147
ENOG4111F1K	0.025782104144612315	-0.025782104144612298
ENOG4111F1Q	-0.5740339869407052	0.5740339869407047
ENOG4111F33	-0.9335155015764361	0.9335155015764353
ENOG4111F3K	0.2480360344801118	-0.24803603448011186
ENOG4111F5B	-1.5210764453830785	1.5210764453830774
ENOG4111F5I	-0.9072927699903762	0.9072927699903756
ENOG4111F6F	-1.4643131508618117	1.4643131508618108
ENOG4111F7A	-0.7254038135794549	0.7254038135794544
ENOG4111F7E	1.3448999548439555	-1.3448999548439549
ENOG4111F7I	0.5640130335019897	-0.5640130335019892
ENOG4111F7P	-1.1035082511202012	1.1035082511202006
ENOG4111F81	-0.6091855819919594	0.6091855819919589
ENOG4111F8N	-0.08763991569867445	0.08763991569867438
ENOG4111F8R	-1.249089926092946	1.2490899260929451
ENOG4111F8X	-1.6929372929634328	1.6929372929634314
ENOG4111F91	-0.2294583726120087	0.2294583726120083
ENOG4111FB1	-0.22867063810707233	0.22867063810707194
ENOG4111FB8	0.16863751385525957	-0.16863751385525994
ENOG4111FCG	-0.4758552763848595	0.4758552763848592
ENOG4111FDW	0.28097797904986693	-0.2809779790498672
ENOG4111FE2	-1.7244638525248606	1.724463852524859
ENOG4111FE4	-1.8627752348797149	1.8627752348797133
ENOG4111FE5	-1.1734375513508406	1.1734375513508395
ENOG4111FF5	1.0692789744946758	-1.0692789744946753
ENOG4111FFG	-0.7869207338073545	0.7869207338073537
ENOG4111FGF	-1.1966245341448685	1.1966245341448671
ENOG4111FGK	-0.6875144226654962	0.6875144226654958
ENOG4111FGU	-1.1578749360936584	1.1578749360936575
ENOG4111FGY	-0.9664774394925674	0.9664774394925667
ENOG4111FH6	-0.7435835227011114	0.7435835227011106
ENOG4111FHM	-1.405030021937713	1.4050300219377119
ENOG4111FHR	-1.3618586194529425	1.3618586194529412
ENOG4111FHT	0.8473909622693656	-0.8473909622693651
ENOG4111FI4	0.18139226646737394	-0.18139226646737405
ENOG4111FIB	0.6186746775367462	-0.618674677536746
ENOG4111FII	0.07535771484102802	-0.0753577148410282
ENOG4111FIR	0.8862230077264975	-0.8862230077264971
ENOG4111FJC	1.4694182298735914	-1.4694182298735905
ENOG4111FJD	-1.1047591968390815	1.1047591968390806
ENOG4111FJG	0.15729378258875404	-0.15729378258875393
ENOG4111FJH	1.6265460534541454	-1.6265460534541443
ENOG4111FJJ	1.0139123626370155	-1.013912362637015
ENOG4111FJK	-1.7537525555863618	1.7537525555863605
ENOG4111FJM	0.1388571787236694	-0.1388571787236695
ENOG4111FK0	0.05386725554130752	-0.05386725554130772
ENOG4111FK3	-0.22101398657239074	0.22101398657239035
ENOG4111FKR	0.3161834336149169	-0.3161834336149164
ENOG4111FMN	0.5879961611200605	-0.5879961611200606
ENOG4111FMS	1.609698745638181	-1.60969874563818
ENOG4111FN8	0.9928610643181114	-0.9928610643181104
ENOG4111FNX	-0.6604940533692841	0.6604940533692835
ENOG4111FP3	-0.303612605863605	0.3036126058636048
ENOG4111FP4	-0.9753855566063943	0.9753855566063936
ENOG4111FPD	-1.0360372328029097	1.0360372328029088
ENOG4111FPK	-1.2561277474224382	1.2561277474224368
ENOG4111FPT	-0.021823518751159496	0.021823518751159482
ENOG4111FPU	-1.4635691708742642	1.4635691708742629
ENOG4111FPX	0.1767153048243076	-0.1767153048243075
ENOG4111FQE	-0.5105061707210476	0.5105061707210472
ENOG4111FQP	0.023239693345298514	-0.023239693345298497
ENOG4111FR3	-0.4186421299763694	0.41864212997636885
ENOG4111FR4	-0.8657910384413379	0.8657910384413373
ENOG4111FRH	1.46351249051707	-1.463512490517069
ENOG4111FRV	-0.7951666405229821	0.7951666405229816
ENOG4111FRY	-1.357736879339132	1.357736879339131
ENOG4111FS1	0.12498096963183332	-0.124980969631833
ENOG4111FS5	-0.7087586915220215	0.7087586915220208
ENOG4111FSC	0.3862580591737909	-0.38625805917379064
ENOG4111FSH	0.2856892386550162	-0.285689238655016
ENOG4111FSU	-1.7808302127622948	1.7808302127622928
ENOG4111FT5	-1.3342498870830823	1.3342498870830815
ENOG4111FTA	1.6117817986858822	-1.6117817986858816
ENOG4111FTJ	0.010172541999740638	-0.01017254199974063
ENOG4111FTN	0.21118625777610472	-0.2111862577761048
ENOG4111FTP	-1.0474493526659836	1.0474493526659825
ENOG4111FTQ	-0.730326438014756	0.7303264380147553
ENOG4111FTW	-0.3732590160262614	0.3732590160262611
ENOG4111FU6	-1.4626111856286224	1.4626111856286208
ENOG4111FUM	-1.3669910759403976	1.3669910759403967
ENOG4111FUN	-1.8411196625627484	1.8411196625627473
ENOG4111FV1	0.2920989451330352	-0.2920989451330352
ENOG4111FV3	-1.4255896275681754	1.4255896275681745
ENOG4111FVC	-1.4764888541239278	1.4764888541239267
ENOG4111FVN	-1.913166915018163	1.9131669150181614
ENOG4111FVX	-1.4829467735870279	1.4829467735870265
ENOG4111FVZ	-1.7125558175866422	1.7125558175866409
ENOG4111FW1	-0.5605003332260453	0.560500333226045
ENOG4111FW9	-0.8955996290671455	0.895599629067145
ENOG4111FXN	-0.1767361899758452	0.17673618997584506
ENOG4111FXP	-1.4766702420979303	1.4766702420979292
ENOG4111FY8	0.11127577453614126	-0.11127577453614118
ENOG4111FYK	-1.620539431394606	1.6205394313946047
ENOG4111FYQ	0.9505316449653272	-0.9505316449653263
ENOG4111FZQ	-1.7635458430145243	1.763545843014523
ENOG4111FZS	0.3360051744528649	-0.33600517445286465
ENOG4111FZU	-0.13414692565014524	0.1341469256501449
ENOG4111G02	-1.4283256212610929	1.4283256212610917
ENOG4111G0A	-1.122114443121967	1.1221144431219663
ENOG4111G10	0.4742297541634196	-0.4742297541634197
ENOG4111G16	0.015390777358583515	-0.015390777358583504
ENOG4111G17	0.5502136188599771	-0.5502136188599768
ENOG4111G18	0.5312912078751814	-0.5312912078751812
ENOG4111G1C	-0.7359863368179609	0.7359863368179601
ENOG4111G1G	1.3073851526560991	-1.3073851526560982
ENOG4111G1H	0.6358099286245188	-0.6358099286245184
ENOG4111G1Y	0.11903209633418471	-0.11903209633418439
ENOG4111G27	0.7720989210575053	-0.7720989210575048
ENOG4111G2M	0.6826348304507527	-0.6826348304507522
ENOG4111G31	1.272451777869546	-1.2724517778695457
ENOG4111G3C	-0.028265055420213393	0.02826505542021314
ENOG4111G3H	-1.019937348018195	1.0199373480181941
ENOG4111G3V	0.5386498453817404	-0.5386498453817402
ENOG4111G3Y	-1.268858333653944	1.268858333653943
ENOG4111G45	-0.6124436999988295	0.6124436999988289
ENOG4111G4N	-0.3420145472047769	0.3420145472047764
ENOG4111G4S	-0.45439727555010684	0.4543972755501065
ENOG4111G4U	0.8172739666453895	-0.8172739666453892
ENOG4111G4W	1.489156515223715	-1.489156515223714
ENOG4111G4Y	-1.5552773563909605	1.5552773563909594
ENOG4111G5S	0.4907391792362232	-0.49073917923622307
ENOG4111G5T	-1.9068923726512452	1.9068923726512437
ENOG4111G61	-0.41877379721446956	0.4187737972144693
ENOG4111G6R	-1.6285047651736875	1.6285047651736864
ENOG4111G6S	-0.4834340512314209	0.4834340512314206
ENOG4111G7C	0.1451534144280514	-0.1451534144280513
ENOG4111G83	-1.499982932721381	1.4999829327213796
ENOG4111G8A	-0.8078364044236633	0.8078364044236626
ENOG4111G92	-0.4867068758438034	0.48670687584380307
ENOG4111G9A	-0.4426013786612497	0.4426013786612494
ENOG4111G9H	-1.7409605472088818	1.7409605472088803
ENOG4111GA6	0.9598897035537559	-0.9598897035537555
ENOG4111GA9	-0.8921998296431779	0.8921998296431771
ENOG4111GAC	-1.449065871470502	1.449065871470501
ENOG4111GAY	0.7192796269737315	-0.7192796269737312
ENOG4111GB5	0.34601368147095285	-0.3460136814709526
ENOG4111GBT	0.36170767797893616	-0.36170767797893616
ENOG4111GBW	-1.8716212654251718	1.87162126542517
ENOG4111GBX	-1.4409667781802713	1.4409667781802702
ENOG4111GC9	-1.4380877790470565	1.4380877790470554
ENOG4111GCX	0.7944001245037092	-0.7944001245037087
ENOG4111GD2	1.9677061913681826	-1.9677061913681815
ENOG4111GD4	-0.07305009688611454	0.07305009688611448
ENOG4111GDS	0.7275180308298103	-0.7275180308298099
ENOG4111GE1	0.15231231391780956	-0.15231231391780922
ENOG4111GE3	-1.595571679559872	1.5955716795598704
ENOG4111GEP	0.39451567721698455	-0.3945156772169845
ENOG4111GFD	-0.8525390508616026	0.8525390508616021
ENOG4111GFI	-1.6146855853196376	1.614685585319636
ENOG4111GG0	-0.4255279350270847	0.42552793502708436
ENOG4111GG1	0.5399204224870295	-0.5399204224870293
ENOG4111GGS	-0.2172342175155984	0.21723421751559802
ENOG4111GGU	-0.5656658703261889	0.5656658703261882
ENOG4111GH9	0.7041518001821581	-0.7041518001821578
ENOG4111GHH	-1.5089327343783463	1.5089327343783452
ENOG4111GIF	-0.4237136172165271	0.42371361721652656
ENOG4111GII	0.10552744924847288	-0.10552744924847281
ENOG4111GIZ	-1.346147902443902	1.3461479024439007
ENOG4111GJ1	-0.7034127096466632	0.7034127096466627
ENOG4111GJ3	-0.8997096689274203	0.8997096689274197
ENOG4111GJG	-0.1922866081872648	0.19228660818726467
ENOG4111GJN	-1.5536570467454385	1.5536570467454374
ENOG4111GJX	-1.6981516524134304	1.6981516524134292
ENOG4111GKT	-0.7573371961538454	0.7573371961538449
ENOG4111GM9	0.9173736864420003	-0.9173736864419997
ENOG4111GMI	0.3285876864006422	-0.3285876864006424
ENOG4111GMQ	-0.9667554290550855	0.9667554290550848
ENOG4111GMZ	1.1436374587234666	-1.1436374587234657
ENOG4111GND	-0.695207085603188	0.6952070856031874
ENOG4111GNT	-1.4635749147004251	1.4635749147004242
ENOG4111GPI	0.9916636388655332	-0.991663638865533
ENOG4111GPR	-0.024696454381057546	0.024696454381057293
ENOG4111GPX	0.08246174418573318	-0.08246174418573313
ENOG4111GQ4	0.3133036001937493	-0.3133036001937493
ENOG4111GQ5	-0.03487402988081614	0.034874029880816115
ENOG4111GQF	-1.3888899357100466	1.3888899357100455
ENOG4111GQY	0.46417808796527416	-0.4641780879652738
ENOG4111GRU	-0.9742141638655627	0.9742141638655617
ENOG4111GS3	1.2529743121321408	-1.2529743121321404
ENOG4111GSI	-0.2954985086843338	0.2954985086843336
ENOG4111GTX	0.34863756932706	-0.3486375693270598
ENOG4111GTZ	0.455762697461573	-0.45576269746157294
ENOG4111GU7	-0.2728232250306819	0.2728232250306815
ENOG4111GUC	-0.46589986331946553	0.465899863319465
ENOG4111GUV	-1.1065795231854672	1.1065795231854665
ENOG4111GV6	0.5968428481102034	-0.5968428481102027
ENOG4111GVD	0.7018416441456731	-0.7018416441456726
ENOG4111GVE	1.268064962028357	-1.2680649620283562
ENOG4111GVH	-1.9507655533657557	1.950765553365754
ENOG4111GVS	-1.7291309352577064	1.7291309352577051
ENOG4111GVU	-1.0924618921603082	1.0924618921603073
ENOG4111GVV	-0.19120559229624956	0.1912055922962492
ENOG4111GW7	-0.01850931560957329	0.018509315609573276
ENOG4111GW9	0.0007896341116638324	-0.0007896341116640682
ENOG4111GWB	0.6754986248980106	-0.6754986248980104
ENOG4111GWY	0.1960427343051978	-0.19604273430519767
ENOG4111GXT	-0.6431241573020962	0.6431241573020957
ENOG4111GY0	-0.07299664547496926	0.07299664547496897
ENOG4111GYJ	0.16309605885441783	-0.16309605885441797
ENOG4111GYN	-1.199392232296139	1.199392232296138
ENOG4111GYS	-0.29031566504357154	0.29031566504357137
ENOG4111GZ2	-1.5878731478456594	1.5878731478456578
ENOG4111H00	-1.5744599516468176	1.5744599516468165
ENOG4111H02	1.480598004976608	-1.480598004976607
ENOG4111H0I	-0.16402673201584886	0.1640267320158485
ENOG4111H11	-0.7972402160060013	0.7972402160060005
ENOG4111H1A	-0.5516203495067069	0.5516203495067066
ENOG4111H1F	-1.844549075150856	1.8445490751508542
ENOG4111H1Q	-1.0166383947693993	1.0166383947693987
ENOG4111H1V	-0.8503045265124702	0.8503045265124697
ENOG4111H27	0.7614902556356189	-0.7614902556356183
ENOG4111H2E	-0.8630001524250192	0.8630001524250184
ENOG4111H2F	0.11912281849746952	-0.11912281849746942
ENOG4111H2G	0.03604504104470271	-0.03604504104470268
ENOG4111H2K	-0.36164840222610695	0.3616484022261067
ENOG4111H2T	1.535132118403732	-1.5351321184037316
ENOG4111H33	1.3510456453741722	-1.3510456453741708
ENOG4111H3B	1.7578949732386413	-1.7578949732386404
ENOG4111H3W	-0.5622057120217538	0.5622057120217532
ENOG4111H43	-1.6855884770056	1.6855884770055982
ENOG4111H48	-1.3702519484074405	1.3702519484074396
ENOG4111H4F	-0.16731290543620544	0.1673129054362051
ENOG4111H4R	0.4007405812551971	-0.40074058125519685
ENOG4111H4X	0.10614425573546578	-0.10614425573546571
ENOG4111H52	1.5668996020783457	-1.5668996020783446
ENOG4111H5B	1.289671052982233	-1.2896710529822326
ENOG4111H5G	-0.03213523890422149	0.03213523890422123
ENOG4111H5S	-1.5910510594620069	1.5910510594620053
ENOG4111H5W	0.5644425958130146	-0.5644425958130146
ENOG4111H63	0.005487812387659904	-0.005487812387659901
ENOG4111H69	-0.8163105810261322	0.8163105810261314
ENOG4111H6B	-0.7404308518980781	0.7404308518980776
ENOG4111H6E	-0.6934922109915905	0.69349221099159
ENOG4111H6F	-1.290773807484015	1.290773807484014
ENOG4111H7A	-1.0772372140051822	1.0772372140051814
ENOG4111H7I	0.6465788516463674	-0.6465788516463672
ENOG4111H7K	1.583522684590268	-1.5835226845902668
ENOG4111H7M	-1.323391989648231	1.32339198964823
ENOG4111H7S	1.4017630962242376	-1.4017630962242364
ENOG4111H83	-0.6751217231007485	0.6751217231007478
ENOG4111H8C	-0.2018114758077953	0.20181147580779515
ENOG4111H8F	0.24564693850238503	-0.24564693850238534
ENOG4111H93	0.037507065990954165	-0.03750706599095414
ENOG4111H9C	-0.859268749192154	0.8592687491921532
ENOG4111HA8	1.1504406933826201	-1.1504406933826195
ENOG4111HAD	-1.3373703347603136	1.3373703347603125
ENOG4111HAN	-1.3329729017426601	1.3329729017426593
ENOG4111HAW	-0.1335361935063268	0.13353619350632673
ENOG4111HB2	-0.5255491337305269	0.5255491337305266
ENOG4111HC7	-1.4383224725757369	1.4383224725757358
ENOG4111HCS	-1.014837769750903	1.0148377697509021
ENOG4111HE2	0.36380743071145455	-0.36380743071145405
ENOG4111HEJ	-1.5216105995272822	1.5216105995272806
ENOG4111HEP	1.2117256792642075	-1.211725679264207
ENOG4111HER	0.9681215641041262	-0.9681215641041258
ENOG4111HF4	1.4400740566126038	-1.440074056612603
ENOG4111HFM	1.6291367421110703	-1.6291367421110696
ENOG4111HFP	0.9062172302481541	-0.9062172302481535
ENOG4111HGD	-1.5282138498290747	1.5282138498290734
ENOG4111HGP	0.6763608912789846	-0.6763608912789841
ENOG4111HH3	-1.0152466976608432	1.015246697660842
ENOG4111HH7	-0.0795769482925461	0.07957694829254605
ENOG4111HHM	-1.7054953916359106	1.7054953916359095
ENOG4111HIF	0.06965267817785419	-0.06965267817785414
ENOG4111HIQ	-1.4906286346994755	1.4906286346994742
ENOG4111HJ6	0.8862494715782743	-0.8862494715782736
ENOG4111HJM	1.6040800596919245	-1.6040800596919234
ENOG4111HK2	-1.1394833970327718	1.139483397032771
ENOG4111HK3	-0.9950522957933567	0.9950522957933557
ENOG4111HK7	-1.147981774805938	1.147981774805937
ENOG4111HKV	-0.9389823534108819	0.9389823534108812
ENOG4111HM9	-0.38911889105652175	0.3891188910565215
ENOG4111HN2	0.7508859496142151	-0.7508859496142147
ENOG4111HN5	0.827409593368235	-0.8274095933682342
ENOG4111HNE	-1.0771852721718618	1.0771852721718609
ENOG4111HP7	-0.06317367873473874	0.0631736787347387
ENOG4111HPB	-0.5491752401800757	0.5491752401800754
ENOG4111HPT	1.1935307485457982	-1.1935307485457973
ENOG4111HPY	-0.42428144512177834	0.42428144512177784
ENOG4111HPZ	-1.5267136317602517	1.5267136317602505
ENOG4111HQ1	0.00927285926700998	-0.009272859267010209
ENOG4111HQ9	-0.06420620675153611	0.06420620675153607
ENOG4111HQM	-1.6028815331025754	1.602881533102574
ENOG4111HR3	-0.8593805304444357	0.8593805304444349
ENOG4111HR5	0.6320604201594501	-0.6320604201594496
ENOG4111HRE	-0.7696943884365441	0.7696943884365434
ENOG4111HRW	-0.5989448568024274	0.5989448568024269
ENOG4111HS0	0.9008268467716313	-0.9008268467716309
ENOG4111HT5	-1.442756623257972	1.442756623257971
ENOG4111HTB	1.7671826276744311	-1.76718262767443
ENOG4111HU9	0.9092425645281095	-0.9092425645281086
ENOG4111HUD	0.27599508410844503	-0.2759950841084448
ENOG4111HVH	-0.8744551928138918	0.8744551928138913
ENOG4111HVI	-0.5171113242419846	0.5171113242419842
ENOG4111HWF	-1.2107116741967432	1.2107116741967423
ENOG4111HWZ	0.31564443942151876	-0.3156444394215183
ENOG4111HX2	-1.374980122587562	1.374980122587561
ENOG4111HX4	0.9915627188037991	-0.9915627188037984
ENOG4111HX8	-1.3556730012986842	1.3556730012986828
ENOG4111HYA	-0.8917108633707496	0.8917108633707489
ENOG4111HYH	-0.2669856860057013	0.26698568600570083
ENOG4111HYX	-1.189243337586054	1.189243337586053
ENOG4111HZH	0.12007637824789673	-0.12007637824789688
ENOG4111HZS	1.4900647741478303	-1.4900647741478297
ENOG4111HZY	0.6861515414688665	-0.6861515414688663
ENOG4111I00	1.3995982582755997	-1.3995982582755986
ENOG4111I08	0.6504417765881024	-0.6504417765881022
ENOG4111I09	-1.0853513911761927	1.0853513911761918
ENOG4111I0A	1.46662425543454	-1.466624255434539
ENOG4111I0E	-0.8975725360059137	0.8975725360059128
ENOG4111I0X	-1.674392678267953	1.6743926782679517
ENOG4111I17	0.12805333864944635	-0.12805333864944649
ENOG4111I1P	1.341325380910974	-1.341325380910973
ENOG4111I2C	-0.1496119474720755	0.14961194747207543
ENOG4111I2P	1.3189928813938876	-1.3189928813938867
ENOG4111I2U	-1.1644298535114912	1.1644298535114899
ENOG4111I30	-0.13937798149274813	0.13937798149274805
ENOG4111I31	1.076551372996352	-1.0765513729963514
ENOG4111I3U	0.2254771940253695	-0.2254771940253696
ENOG4111I4B	-0.668805258223607	0.6688052582236066
ENOG4111I4C	-1.510519269144823	1.510519269144822
ENOG4111I4Y	-0.052499422553488495	0.052499422553488224
ENOG4111I5I	1.2692756403040448	-1.269275640304044
ENOG4111I5W	-0.2703000282437918	0.2703000282437916
ENOG4111I5Z	0.15510322029545048	-0.1551032202954506
ENOG4111I6A	0.21354753427606435	-0.21354753427606443
ENOG4111I84	-1.7755253365590966	1.7755253365590953
ENOG4111I86	-1.5589988371510952	1.5589988371510937
ENOG4111I8A	0.8133021573257746	-0.8133021573257743
ENOG4111I8C	-0.1675502480326921	0.16755024803269175
ENOG4111I91	-1.5897129166428214	1.58971291664282
ENOG4111I99	-0.535926080755261	0.5359260807552604
ENOG4111I9U	-0.5985872891504092	0.5985872891504085
ENOG4111I9X	1.0724271375744037	-1.0724271375744032
ENOG4111IA1	-0.344037759439455	0.34403775943945475
ENOG4111IA6	1.429383694093256	-1.4293836940932556
ENOG4111IAA	-0.8979798754831096	0.8979798754831089
ENOG4111IAR	-1.5135141560072913	1.5135141560072902
ENOG4111IB2	0.3582724235223702	-0.3582724235223702
ENOG4111IB3	-0.6216812351636464	0.6216812351636459
ENOG4111IB5	-2.024811162189379	2.0248111621893776
ENOG4111IB6	-1.40256643561239	1.4025664356123888
ENOG4111IB8	-0.6158235231366458	0.6158235231366451
ENOG4111IBF	-1.2034288262086204	1.2034288262086195
ENOG4111IBG	1.0216952624443782	-1.0216952624443778
ENOG4111IBH	0.034720235753769396	-0.03472023575376961
ENOG4111IBJ	-0.8236306691961198	0.8236306691961193
ENOG4111ICB	0.3625152961190461	-0.3625152961190458
ENOG4111ICS	-0.5184386373065334	0.5184386373065328
ENOG4111ICU	-0.39687776487441634	0.39687776487441584
ENOG4111ICX	1.4500567137864206	-1.45005671378642
ENOG4111IDI	-0.4201863032198184	0.4201863032198181
ENOG4111IDM	-1.2007307415068205	1.2007307415068196
ENOG4111IEF	-1.2846251496270173	1.2846251496270162
ENOG4111IEG	1.4616318113785094	-1.4616318113785087
ENOG4111IEY	-0.15421685266573085	0.15421685266573074
ENOG4111IFC	1.0961173479844164	-1.0961173479844157
ENOG4111IFW	0.4333073209967415	-0.43330732099674124
ENOG4111IGF	-1.6064013171809395	1.6064013171809384
ENOG4111IGG	-1.5945561553284038	1.5945561553284022
ENOG4111IGP	-0.9452962444788204	0.9452962444788194
ENOG4111IHQ	0.3436081608897809	-0.3436081608897809
ENOG4111IHW	-1.1942240744588053	1.1942240744588042
ENOG4111II9	-0.046510657573746	0.04651065757374573
ENOG4111IIE	-1.0824013729169808	1.0824013729169797
ENOG4111IIQ	0.2180436669476497	-0.2180436669476498
ENOG4111IJ4	0.08878675705788006	-0.08878675705788047
ENOG4111IJU	-1.0225937101378422	1.0225937101378413
ENOG4111IJY	0.6606053038036326	-0.6606053038036326
ENOG4111IK7	0.2695672067346582	-0.26956720673465806
ENOG4111IKE	1.515002202577265	-1.5150022025772638
ENOG4111IKU	1.5603265270077866	-1.5603265270077855
ENOG4111IKW	1.2072923621431804	-1.2072923621431795
ENOG4111IKZ	-1.1963496524558	1.1963496524557993
ENOG4111IM0	-0.6635654298373016	0.6635654298373009
ENOG4111IM7	0.5239431052969	-0.5239431052968997
ENOG4111IME	0.0668583442547248	-0.0668583442547245
ENOG4111IN2	-0.48763890833475615	0.4876389083347558
ENOG4111IN8	1.1677812701080912	-1.167781270108091
ENOG4111INE	-0.9070290693047373	0.9070290693047366
ENOG4111INQ	-0.10065937911799616	0.10065937911799609
ENOG4111IP0	1.2417905206057265	-1.2417905206057258
ENOG4111IP3	-0.6424790155359451	0.6424790155359446
ENOG4111IP4	-0.6886681106623248	0.6886681106623243
ENOG4111IP5	-1.3539211201021137	1.3539211201021126
ENOG4111IPB	0.8315422922941688	-0.8315422922941684
ENOG4111IR8	1.486616439475472	-1.4866164394754708
ENOG4111IRN	-0.7866097635075816	0.7866097635075808
ENOG4111IRS	-0.8176306416937003	0.8176306416936997
ENOG4111IRT	-1.3252385993373226	1.3252385993373212
ENOG4111IS1	-0.3805993679680839	0.38059936796808364
ENOG4111ISA	-0.16286525598445595	0.16286525598445584
ENOG4111ISF	-1.7440933238694076	1.7440933238694065
ENOG4111ISI	-0.8976065097034199	0.8976065097034192
ENOG4111ISM	-0.2554219147111358	0.2554219147111354
ENOG4111ISZ	-1.258522891853239	1.2585228918532376
ENOG4111IT9	-1.8377729698681209	1.8377729698681193
ENOG4111ITI	-0.9340859369875171	0.9340859369875162
ENOG4111ITU	0.7534326050416191	-0.7534326050416188
ENOG4111ITZ	0.37335395809305716	-0.3733539580930571
ENOG4111IU3	0.5711518567676982	-0.571151856767698
ENOG4111IU5	1.7449711524628144	-1.7449711524628129
ENOG4111IU6	-1.4913766283256567	1.4913766283256558
ENOG4111IUQ	-1.0399900398047897	1.0399900398047885
ENOG4111IV5	1.4943738584809865	-1.4943738584809856
ENOG4111IV9	-0.7438011656312707	0.7438011656312702
ENOG4111IVE	-1.192293352836841	1.19229335283684
ENOG4111IVF	-1.0675916217411445	1.0675916217411436
ENOG4111IVG	-1.6241127446473094	1.6241127446473083
ENOG4111IW4	-0.6610336553955594	0.6610336553955587
ENOG4111IW5	-1.2982831915692872	1.298283191569286
ENOG4111IWS	0.7570396137472427	-0.7570396137472425
ENOG4111IWU	0.520710930579905	-0.5207109305799047
ENOG4111IX6	-1.4495400432083072	1.449540043208306
ENOG4111IXV	-1.5408085185104776	1.5408085185104765
ENOG4111IYF	0.36027494483733397	-0.36027494483733374
ENOG4111IYN	-0.25549174719735956	0.25549174719735934
ENOG4111IYW	0.4747788420383182	-0.4747788420383181
ENOG4111IZ8	1.2809376938994856	-1.2809376938994852
ENOG4111IZA	-0.9597776126610479	0.9597776126610472
ENOG4111IZK	-1.1466789884716946	1.1466789884716935
ENOG4111IZM	-0.4029134468646386	0.4029134468646381
ENOG4111IZQ	0.1444323122762124	-0.14443231227621228
ENOG4111IZY	0.3462280963814664	-0.3462280963814662
ENOG4111J02	-0.3409177326181873	0.34091773261818703
ENOG4111J09	-0.5484383683679673	0.5484383683679669
ENOG4111J0I	-1.6002663334188336	1.6002663334188323
ENOG4111J0Q	-0.5844138365024822	0.5844138365024818
ENOG4111J0S	0.794374054848536	-0.7943740548485357
ENOG4111J12	-1.499634984083457	1.499634984083456
ENOG4111J14	0.9357758648098254	-0.935775864809825
ENOG4111J1J	1.4538063332121574	-1.4538063332121567
ENOG4111J1K	-0.9240875821376011	0.9240875821376006
ENOG4111J1Q	-0.4230378699789939	0.4230378699789936
ENOG4111J26	-1.657683678841153	1.6576836788411518
ENOG4111J2E	0.04314401714047218	-0.043144017140472155
ENOG4111J2V	-1.7412242333277215	1.7412242333277201
ENOG4111J32	-0.9326592782871522	0.9326592782871516
ENOG4111J3A	-0.33523258223463953	0.3352325822346391
ENOG4111J3F	-0.7117641076538288	0.711764107653828
ENOG4111J3Q	-0.20439401296076914	0.20439401296076876
ENOG4111J47	-0.08912157001186069	0.08912157001186038
ENOG4111J4C	-1.941017786388463	1.9410177863884621
ENOG4111J4F	0.03803530743361781	-0.03803530743361826
ENOG4111J59	-0.5905013846791647	0.590501384679164
ENOG4111J5Q	-0.6642235793243755	0.664223579324375
ENOG4111J5S	2.0240141313888147	-2.024014131388814
ENOG4111J6J	-2.003845082432448	2.0038450824324463
ENOG4111J72	-1.24470473286014	1.244704732860139
ENOG4111J85	-0.9647618956274644	0.9647618956274635
ENOG4111J8D	-1.5306632961037518	1.5306632961037505
ENOG4111J8H	-1.25989863958386	1.259898639583859
ENOG4111J8I	-1.6345162417665346	1.6345162417665335
ENOG4111J8J	1.476797286158251	-1.47679728615825
ENOG4111J8P	-1.2800643865892023	1.2800643865892014
ENOG4111J8W	-0.8999884898878439	0.8999884898878432
ENOG4111J97	-0.37188533460253476	0.3718853346025345
ENOG4111J9E	-0.634924533506023	0.6349245335060223
ENOG4111J9Q	-1.3556835029246252	1.355683502924624
ENOG4111J9Z	-0.23184713910492732	0.23184713910492716
ENOG4111JA0	-0.5329247860070926	0.5329247860070921
ENOG4111JA1	0.528985537540434	-0.5289855375404341
ENOG4111JA9	0.040806947988632415	-0.04080694798863239
ENOG4111JAF	0.5127961281288089	-0.5127961281288086
ENOG4111JB6	-1.219761188934807	1.2197611889348061
ENOG4111JC0	-0.6575311931981569	0.6575311931981564
ENOG4111JCB	-0.32255280908126704	0.3225528090812666
ENOG4111JCE	-1.936981952474671	1.9369819524746694
ENOG4111JCU	-0.009801248982414912	0.009801248982414905
ENOG4111JDD	0.7285734272434418	-0.7285734272434417
ENOG4111JDN	-0.5570121858049165	0.5570121858049161
ENOG4111JE9	-0.4517305212719811	0.4517305212719805
ENOG4111JEF	-0.6321107133926107	0.6321107133926099
ENOG4111JEI	-0.41424403385439307	0.41424403385439273
ENOG4111JEX	-1.0111151909026848	1.0111151909026839
ENOG4111JF2	0.6702805502969005	-0.6702805502969001
ENOG4111JF4	-0.35053620758726484	0.3505362075872646
ENOG4111JF9	0.005957351776726993	-0.005957351776726989
ENOG4111JFQ	0.1943880868120005	-0.19438808681200015
ENOG4111JFU	1.2241225315608804	-1.22412253156088
ENOG4111JG6	-1.1253065238907354	1.1253065238907343
ENOG4111JG7	1.2904588793494514	-1.2904588793494505
ENOG4111JGF	1.2457407903041589	-1.2457407903041584
ENOG4111JH1	1.5327860114859808	-1.53278601148598
ENOG4111JHF	0.26298401755749157	-0.2629840175574916
ENOG4111JHT	-0.33643067577576474	0.3364306757757645
ENOG4111JHW	-1.6897067565993935	1.6897067565993926
ENOG4111JJ0	-1.2380253780002355	1.2380253780002344
ENOG4111JJ1	0.7624315747617748	-0.7624315747617746
ENOG4111JJC	-0.40086832149652657	0.4008683214965263
ENOG4111JJK	-0.09624968198302376	0.09624968198302346
ENOG4111JK3	-0.990492725174885	0.990492725174884
ENOG4111JKB	-0.40093553353373407	0.4009355335337335
ENOG4111JKF	-1.3259976273179597	1.3259976273179586
ENOG4111JKG	-0.039689161556320025	0.03968916155632
ENOG4111JM7	-1.0754339984074215	1.0754339984074206
ENOG4111JMR	-0.5483620776481377	0.5483620776481373
ENOG4111JMY	0.4103893410375907	-0.41038934103759045
ENOG4111JMZ	0.10797193152391603	-0.1079719315239162
ENOG4111JN4	-1.6891424020215728	1.6891424020215708
ENOG4111JNB	-0.7445856050803602	0.7445856050803594
ENOG4111JP3	0.4785975577544656	-0.4785975577544655
ENOG4111JP6	-0.678056280860378	0.6780562808603775
ENOG4111JP8	0.8955719862150651	-0.8955719862150644
ENOG4111JPB	1.8814090809203983	-1.8814090809203974
ENOG4111JQD	0.45449379001902435	-0.454493790019024
ENOG4111JQJ	0.9140734089379998	-0.9140734089379992
ENOG4111JQW	-1.1037239958495697	1.1037239958495686
ENOG4111JRE	-0.5553976591986726	0.555397659198672
ENOG4111JRQ	0.5921873756358379	-0.5921873756358372
ENOG4111JRX	-0.9653461114569457	0.965346111456945
ENOG4111JS7	1.1741867825537269	-1.1741867825537262
ENOG4111JSF	-1.1375020270811973	1.1375020270811964
ENOG4111JSY	1.1241438993164412	-1.1241438993164408
ENOG4111JTA	-0.20384883914384483	0.20384883914384444
ENOG4111JTP	1.817505709993873	-1.817505709993872
ENOG4111JUF	-1.8839870432018486	1.8839870432018468
ENOG4111JV8	-0.8607027663493397	0.860702766349339
ENOG4111JVQ	0.11314998917477216	-0.11314998917477256
ENOG4111JVW	1.1123374547649605	-1.1123374547649598
ENOG4111JW6	1.188231057440992	-1.1882310574409916
ENOG4111JWE	-1.5005383268104038	1.5005383268104024
ENOG4111JX7	-1.6457826323417994	1.645782632341798
ENOG4111JXM	-0.4328274434472356	0.43282744344723534
ENOG4111JXQ	0.7227539195068866	-0.7227539195068862
ENOG4111JXV	1.3583537463519992	-1.3583537463519986
ENOG4111JY3	-1.2714186720705727	1.2714186720705718
ENOG4111JYJ	-0.8985879364801721	0.8985879364801714
ENOG4111JYM	-0.5545481628082147	0.5545481628082144
ENOG4111JYN	-0.6824483427580064	0.6824483427580059
ENOG4111JZ3	-1.4141279897547534	1.4141279897547525
ENOG4111JZP	-1.1176595454442577	1.117659545444257
ENOG4111JZU	0.8601408324957511	-0.8601408324957502
ENOG4111JZY	0.7979399465369607	-0.7979399465369601
ENOG4111K03	-1.3507095825061703	1.3507095825061692
ENOG4111K10	0.8994903363299132	-0.8994903363299128
ENOG4111K11	0.4643963623784759	-0.4643963623784756
ENOG4111K16	-0.1594788099956086	0.15947880999560823
ENOG4111K1E	-0.13229925099050738	0.13229925099050704
ENOG4111K1F	-0.9786817453301672	0.9786817453301662
ENOG4111K1X	-0.6376148185833296	0.6376148185833288
ENOG4111K2Z	-0.5522978214781042	0.5522978214781039
ENOG4111K3A	-1.531838420565908	1.5318384205659064
ENOG4111K3U	-0.9059640706353731	0.9059640706353724
ENOG4111K4P	-1.1335637511162775	1.1335637511162764
ENOG4111K5D	-0.029419862216273903	0.029419862216273646
ENOG4111K5F	-0.6336537117876712	0.6336537117876704
ENOG4111K60	-1.3967148870055948	1.3967148870055939
ENOG4111K68	-1.6994923132280155	1.6994923132280138
ENOG4111K71	-0.5533839920218874	0.5533839920218867
ENOG4111K7N	-0.40993920534784545	0.40993920534784495
ENOG4111K7U	1.068163544051458	-1.068163544051457
ENOG4111K9G	0.49065085521438473	-0.49065085521438484
ENOG4111KAC	-0.476884172162429	0.47688417216242845
ENOG4111KAX	-1.6593455203794312	1.6593455203794298
ENOG4111KB4	-1.4687600974559634	1.4687600974559618
ENOG4111KB5	0.49583504646112186	-0.495835046461122
ENOG4111KBA	0.3267792180763535	-0.3267792180763533
ENOG4111KBS	0.1619668056115118	-0.1619668056115117
ENOG4111KBU	-0.34392202924714865	0.3439220292471482
ENOG4111KC4	-1.28188839043109	1.2818883904310887
ENOG4111KCB	-0.12812688835679162	0.12812688835679154
ENOG4111KCZ	-0.7215135887606009	0.7215135887606005
ENOG4111KEC	-0.9548177701353432	0.9548177701353423
ENOG4111KET	0.02685613928965815	-0.02685613928965813
ENOG4111KFQ	-1.5542584528301453	1.5542584528301442
ENOG4111KFV	-1.3547329711704783	1.354732971170477
ENOG4111KHV	-1.068631624671223	1.068631624671222
ENOG4111KI8	-1.8699258894443465	1.8699258894443456
ENOG4111KIA	0.2394342844787458	-0.23943428447874587
ENOG4111KIH	-1.1123807883234238	1.1123807883234231
ENOG4111KII	1.3815049902458028	-1.3815049902458016
ENOG4111KIY	0.8249736907071268	-0.824973690707126
ENOG4111KK4	0.76909537444996	-0.7690953744499595
ENOG4111KKM	-0.08684051023510717	0.08684051023510711
ENOG4111KKP	-0.24613358308064237	0.24613358308064198
ENOG4111KMZ	-1.062333280193196	1.0623332801931948
ENOG4111KN3	-0.22643945524558642	0.22643945524558604
ENOG4111KN5	-0.20226455846839358	0.20226455846839322
ENOG4111KN8	-0.34137667048732917	0.34137667048732867
ENOG4111KNJ	-1.3104002675673343	1.3104002675673332
ENOG4111KPG	-0.20390530497719167	0.2039053049771915
ENOG4111KPU	-1.0618449128575722	1.0618449128575715
ENOG4111KPX	-0.910903925160756	0.9109039251607551
ENOG4111KQ1	0.7794747486248766	-0.7794747486248761
ENOG4111KQ4	-0.9169424537916593	0.9169424537916586
ENOG4111KQG	1.1853153270172752	-1.1853153270172745
ENOG4111KQP	-0.7775292305229232	0.7775292305229224
ENOG4111KQS	-0.4782588751740658	0.4782588751740652
ENOG4111KR4	-1.265826007071863	1.265826007071862
ENOG4111KRI	-1.5966961707548046	1.5966961707548033
ENOG4111KRN	-0.8261808550893064	0.8261808550893058
ENOG4111KST	0.5259870493723484	-0.5259870493723485
ENOG4111KT7	-1.612478764457787	1.6124787644577858
ENOG4111KTA	1.5099448908711366	-1.5099448908711355
ENOG4111KUD	-1.701510397634863	1.7015103976348613
ENOG4111KUS	-0.20958901941171623	0.20958901941171584
ENOG4111KUX	-0.7103145575960781	0.7103145575960775
ENOG4111KVS	-0.8557017274807699	0.8557017274807691
ENOG4111KW9	-0.023697300754376868	0.02369730075437685
ENOG4111KWQ	-0.11360680644128086	0.11360680644128054
ENOG4111KX6	1.4447341714819142	-1.4447341714819129
ENOG4111KX8	-0.4882868354279986	0.48828683542799806
ENOG4111KXQ	-0.644511888536944	0.6445118885369432
ENOG4111KXW	1.7386895893496894	-1.7386895893496885
ENOG4111KYU	0.8521773123833714	-0.8521773123833709
ENOG4111KZG	0.9252477578908156	-0.9252477578908153
ENOG4111KZH	0.3970573660744736	-0.39705736607447334
ENOG4111M0T	0.7929321468522509	-0.7929321468522506
ENOG4111M0W	0.5015363081863595	-0.5015363081863593
ENOG4111M1B	1.0686877123650245	-1.0686877123650236
ENOG4111M1F	0.008643958044867513	-0.008643958044867742
ENOG4111M1G	1.1372272307953963	-1.1372272307953961
ENOG4111M1V	-0.06892223000305962	0.06892223000305957
ENOG4111M2K	-0.09364987524616677	0.0936498752461667
ENOG4111M2M	-0.16055657256264125	0.16055657256264114
ENOG4111M2Z	-0.03606197292508364	0.036061972925083376
ENOG4111M32	0.16828594910128677	-0.16828594910128714
ENOG4111M39	1.6827153258316878	-1.6827153258316867
ENOG4111M3K	0.8099072660625339	-0.8099072660625332
ENOG4111M3U	-0.7106278625841076	0.710627862584107
ENOG4111M48	1.3935895525517956	-1.3935895525517947
ENOG4111M4A	1.0157381829729755	-1.0157381829729748
ENOG4111M4J	-0.09444662875187562	0.09444662875187532
ENOG4111M4M	0.29979449432267874	-0.2997944943226785
ENOG4111M5N	-1.68549176137347	1.6854917613734686
ENOG4111M64	0.0986249991586145	-0.09862499915861443
ENOG4111M65	1.0193290871720009	-1.019329087172
ENOG4111M92	-1.635492786454543	1.6354927864545412
ENOG4111M9Y	0.022230743044214605	-0.022230743044214824
ENOG4111MA7	-0.3564903897453171	0.3564903897453168
ENOG4111MAD	0.05236068669417235	-0.052360686694172306
ENOG4111MAU	1.0027921534871476	-1.0027921534871473
ENOG4111MBA	-1.1280731878680987	1.1280731878680978
ENOG4111MBG	-1.4270610915668451	1.427061091566844
ENOG4111MBI	-0.12152579441413781	0.12152579441413773
ENOG4111MCJ	-1.5423925635431137	1.5423925635431126
ENOG4111MCV	1.2150002715810302	-1.2150002715810293
ENOG4111MD1	0.029247508308756814	-0.02924750830875703
ENOG4111MD3	-0.8416439304059627	0.8416439304059621
ENOG4111MDB	1.476872664810157	-1.4768726648101564
ENOG4111MDE	-0.25264347061364456	0.2526434706136441
ENOG4111MEE	1.2801864610495486	-1.280186461049548
ENOG4111MF4	-1.300746987946729	1.3007469879467282
ENOG4111MG2	1.295116689236832	-1.295116689236831
ENOG4111MGD	0.8741629241195616	-0.8741629241195612
ENOG4111MHG	-1.1546497392364186	1.154649739236418
ENOG4111MJI	-1.4864525588457962	1.486452558845795
ENOG4111MJJ	0.07448417153627727	-0.07448417153627745
ENOG4111MJM	0.0688579687742212	-0.06885796877422115
ENOG4111MJP	0.2693837935951943	-0.2693837935951944
ENOG4111MK0	-1.1027524192452556	1.1027524192452547
ENOG4111MKU	-1.2288893051068939	1.228889305106893
ENOG4111MM6	1.4877139181256884	-1.4877139181256878
ENOG4111MME	-0.23661420166887046	0.23661420166887004
ENOG4111MMW	-1.2621567450493363	1.2621567450493352
ENOG4111MN7	0.8463675796886931	-0.846367579688693
ENOG4111MNA	-1.1309468213607226	1.1309468213607217
ENOG4111MNI	-0.9694307084358004	0.9694307084357997
ENOG4111MNS	-0.46258271093821585	0.4625827109382153
ENOG4111MP2	1.783393516337071	-1.7833935163370698
ENOG4111MP4	-0.7883644207337505	0.7883644207337499
ENOG4111MPH	0.6173161346643801	-0.6173161346643798
ENOG4111MQE	-1.033616395335149	1.033616395335148
ENOG4111MQQ	0.7086213293202009	-0.7086213293202002
ENOG4111MR3	0.5801618402679374	-0.5801618402679372
ENOG4111MRX	-0.08633669214288062	0.08633669214288031
ENOG4111MSB	-0.3946485829203385	0.394648582920338
ENOG4111MSD	-1.3792994583106792	1.379299458310678
ENOG4111MSE	-0.1754315072909295	0.17543150729092938
ENOG4111MSQ	-1.352526190600197	1.3525261906001957
ENOG4111MT2	-0.31726069499993875	0.3172606949999383
ENOG4111MTA	-1.2615763172670855	1.2615763172670846
ENOG4111MTK	0.8633328353275753	-0.863332835327575
ENOG4111MTW	0.17975372822517602	-0.17975372822517635
ENOG4111MU4	-0.2837340388631102	0.28373403886310977
ENOG4111MUY	1.9407595774669182	-1.940759577466917
ENOG4111MV5	-0.006742525380347655	0.00674252538034765
ENOG4111MW5	-0.7337809146704067	0.733780914670406
ENOG4111MX3	-1.0020053958085013	1.0020053958085007
ENOG4111MX4	-1.2399242247340085	1.2399242247340077
ENOG4111MXV	0.5771836878422576	-0.5771836878422569
ENOG4111MXZ	-1.2141606886409426	1.2141606886409415
ENOG4111MY0	0.6965719392372157	-0.6965719392372152
ENOG4111MY9	-0.02651443954981278	0.026514439549812762
ENOG4111N1J	-0.399672107376009	0.3996721073760085
ENOG4111N1T	1.0683544145655928	-1.068354414565592
ENOG4111N2I	0.8979610615491411	-0.8979610615491403
ENOG4111N38	0.21207880109815863	-0.21207880109815846
ENOG4111N3J	-0.29194003859192796	0.2919400385919275
ENOG4111N3T	1.131873498884628	-1.1318734988846275
ENOG4111N49	-1.4004266265128988	1.4004266265128977
ENOG4111N4J	-1.9908026616206724	1.9908026616206709
ENOG4111N51	-0.13004021210725938	0.13004021210725905
ENOG4111N5F	0.5198420904039044	-0.5198420904039043
ENOG4111N5G	-0.7506679757097457	0.7506679757097451
ENOG4111N5J	-0.15533335020796424	0.15533335020796413
ENOG4111N5P	1.0766889695057957	-1.0766889695057948
ENOG4111N5Z	-0.8412101909108883	0.8412101909108877
ENOG4111N65	1.8663611153804474	-1.8663611153804467
ENOG4111N6E	1.4740694360880453	-1.4740694360880444
ENOG4111N6F	0.4404921857013215	-0.4404921857013214
ENOG4111N6Y	-0.6746087542591934	0.6746087542591929
ENOG4111N74	1.1694406160724249	-1.169440616072424
ENOG4111N77	0.1970647155909964	-0.19706471559099625
ENOG4111N7Z	0.08179587089465118	-0.08179587089465136
ENOG4111N8E	-1.3081081807699384	1.308108180769937
ENOG4111N8X	0.2060225739782046	-0.20602257397820467
ENOG4111N9C	-0.7214104397891763	0.7214104397891759
ENOG4111N9P	-1.3228904993257147	1.3228904993257136
ENOG4111N9R	-0.023449228004693453	0.023449228004693436
ENOG4111NAR	-1.3821160628793898	1.3821160628793883
ENOG4111NAW	1.274274165445995	-1.2742741654459946
ENOG4111NBJ	0.8863456541826054	-0.8863456541826048
ENOG4111NCC	-0.16380852448056804	0.16380852448056793
ENOG4111NCF	-0.9739860937663032	0.9739860937663022
ENOG4111NCI	0.6815249396740822	-0.6815249396740815
ENOG4111NCS	-0.4717054415997743	0.47170544159977396
ENOG4111NCU	-0.6643023214064867	0.6643023214064863
ENOG4111NDK	0.5095903362876933	-0.5095903362876932
ENOG4111NDW	-0.7386498401493773	0.7386498401493767
ENOG4111NDY	-0.6548181637054435	0.6548181637054429
ENOG4111NE3	0.972895133833721	-0.9728951338337201
ENOG4111NE4	-0.6030548074078582	0.6030548074078576
ENOG4111NEB	-1.6534106262721988	1.6534106262721975
ENOG4111NEG	-0.34523956631627845	0.34523956631627795
ENOG4111NEM	0.858192650025148	-0.8581926500251471
ENOG4111NEX	-0.018618651267296223	0.01861865126729621
ENOG4111NF7	-0.9989414933602242	0.9989414933602234
ENOG4111NFI	0.2615270899074731	-0.2615270899074729
ENOG4111NFV	0.17706738715328862	-0.17706738715328874
ENOG4111NGN	-1.5999941206468584	1.599994120646857
ENOG4111NGP	-1.675686316602103	1.6756863166021019
ENOG4111NHW	1.2970282211418862	-1.2970282211418853
ENOG4111NHY	-1.1678808246705132	1.1678808246705126
ENOG4111NI7	-0.510923410503636	0.5109234105036355
ENOG4111NIG	0.7822468169313441	-0.7822468169313433
ENOG4111NJ6	-1.5341439488279935	1.5341439488279927
ENOG4111NK7	-0.5482287179387844	0.548228717938784
ENOG4111NKI	-0.9544363940957057	0.9544363940957048
ENOG4111NKW	1.3699708054096045	-1.3699708054096036
ENOG4111NKX	-1.1439893756977795	1.1439893756977786
ENOG4111NM0	-1.5977406772673672	1.597740677267366
ENOG4111NM2	-0.0354169504990513	0.035416950499051275
ENOG4111NM3	1.3260856220386612	-1.3260856220386603
ENOG4111NMM	0.4660771175850764	-0.46607711758507653
ENOG4111NND	1.1439824536375072	-1.1439824536375067
ENOG4111NNW	-0.2572807849947829	0.2572807849947825
ENOG4111NPN	-0.07212425620087708	0.07212425620087703
ENOG4111NQ9	0.48318182840441726	-0.48318182840441715
ENOG4111NQG	-1.3059255346489462	1.3059255346489447
ENOG4111NSJ	-0.8095832232309838	0.8095832232309832
ENOG4111NSM	1.9545278093195302	-1.9545278093195295
ENOG4111NTE	-1.7373962100613078	1.737396210061306
ENOG4111NTW	-1.1893680827909094	1.1893680827909086
ENOG4111NUB	-0.604503966590363	0.6045039665903625
ENOG4111NUM	-0.679302794418658	0.6793027944186574
ENOG4111NUU	-1.874075418540587	1.8740754185405861
ENOG4111NV7	0.49813993345562235	-0.4981399334556222
ENOG4111NVG	-1.6845709496649972	1.6845709496649954
ENOG4111NVN	-0.028833521571248508	0.028833521571248487
ENOG4111NW5	-2.0033811724465562	2.0033811724465544
ENOG4111NX4	-0.011928352796952469	0.01192835279695246
ENOG4111NXC	0.2174431485980821	-0.21744314859808217
ENOG4111NXY	-0.6059904238918932	0.6059904238918928
ENOG4111NXZ	0.5616416500509473	-0.5616416500509469
ENOG4111NY9	-1.1513829205415238	1.151382920541523
ENOG4111NYN	-0.9732690634100731	0.9732690634100722
ENOG4111NYT	1.6095358325911597	-1.6095358325911586
ENOG4111NYY	-0.19814491887936628	0.19814491887936614
ENOG4111NZ6	0.213665646248544	-0.2136656462485443
ENOG4111NZ7	0.2975253689439983	-0.2975253689439983
ENOG4111NZA	-0.6946967916282089	0.6946967916282083
ENOG4111NZF	1.1394288044626244	-1.1394288044626237
ENOG4111P0I	-0.3745359810112859	0.3745359810112854
ENOG4111P10	-0.7367826308656165	0.7367826308656159
ENOG4111P1U	-0.8564671045462051	0.8564671045462042
ENOG4111P27	-0.08857061952930631	0.08857061952930624
ENOG4111P2A	-0.9932308810165098	0.993230881016509
ENOG4111P35	-0.9002523823172474	0.9002523823172467
ENOG4111P36	0.2959973702745225	-0.29599737027452205
ENOG4111P3D	-1.7766568144425425	1.7766568144425416
ENOG4111P3M	-1.1040174589906273	1.1040174589906262
ENOG4111P3Q	0.4441196760237124	-0.44411967602371205
ENOG4111P3R	-0.10297586936583963	0.10297586936583933
ENOG4111P40	0.25634478165946306	-0.25634478165946334
ENOG4111P4D	0.29466102219340945	-0.294661022193409
ENOG4111P4Z	-0.15410065674638923	0.1541006567463889
ENOG4111P5G	0.8713188406376877	-0.8713188406376874
ENOG4111P5M	-0.38397587591893684	0.38397587591893656
ENOG4111P6H	-1.6489643743157059	1.6489643743157048
ENOG4111P6R	0.830467475231122	-0.8304674752311214
ENOG4111P6W	-1.7148796205427486	1.7148796205427472
ENOG4111P72	-0.01827450074316212	0.01827450074316187
ENOG4111P7W	0.45804191934022803	-0.4580419193402277
ENOG4111P8K	-0.6002082090834073	0.6002082090834069
ENOG4111P8N	-0.18094084358757395	0.18094084358757384
ENOG4111P8P	0.08961110960808778	-0.08961110960808795
ENOG4111P9X	1.451296508663411	-1.4512965086634102
ENOG4111PAN	-0.27106792077538705	0.27106792077538683
ENOG4111PAT	-0.8653753738263334	0.8653753738263329
ENOG4111PBC	0.17823341208268406	-0.17823341208268395
ENOG4111PBP	0.7365664484721163	-0.736566448472116
ENOG4111PBT	-0.21086470930772538	0.21086470930772525
ENOG4111PBW	-1.064466281570863	1.0644662815708623
ENOG4111PC7	0.5094994468254822	-0.5094994468254821
ENOG4111PC8	0.7247086836219969	-0.7247086836219967
ENOG4111PCU	-0.8507586529040116	0.8507586529040111
ENOG4111PCV	-0.4414062337973138	0.44140623379731353
ENOG4111PCY	0.47876440124632247	-0.47876440124632214
ENOG4111PDN	1.3207201341381525	-1.3207201341381516
ENOG4111PE9	-0.3371679304865533	0.33716793048655286
ENOG4111PER	-0.0014579204301886862	0.0014579204301884488
ENOG4111PF0	0.48713686816633095	-0.4871368681663306
ENOG4111PFT	-1.530916817806943	1.5309168178069414
ENOG4111PFY	-0.7090246073073765	0.7090246073073758
ENOG4111PG4	-0.3297261981536767	0.32972619815367626
ENOG4111PGF	-1.592401664520305	1.5924016645203039
ENOG4111PGP	-1.2025736889588214	1.2025736889588206
ENOG4111PGV	-1.485492935512588	1.4854929355125872
ENOG4111PHP	-1.5151404445925323	1.5151404445925312
ENOG4111PHS	-1.23514264310974	1.2351426431097392
ENOG4111PIZ	0.3201230637274545	-0.32012306372745425
ENOG4111PJN	-0.6892557050579399	0.6892557050579391
ENOG4111PK8	-1.3450844992309254	1.3450844992309245
ENOG4111PKH	-1.3137147512207072	1.3137147512207064
ENOG4111PKS	0.7247481426383695	-0.7247481426383695
ENOG4111PM0	0.14798149340723277	-0.1479814934072329
ENOG4111PMH	-0.3408217576720227	0.3408217576720223
ENOG4111PN7	1.3295287226555923	-1.3295287226555914
ENOG4111PQG	1.2402081119261195	-1.2402081119261186
ENOG4111PQH	0.2372561188488111	-0.23725611884881118
ENOG4111PR2	1.6692165843072584	-1.6692165843072577
ENOG4111PS2	-1.506426891217151	1.50642689121715
ENOG4111PS8	-0.6850923384737411	0.6850923384737406
ENOG4111PSY	-1.747873606675043	1.7478736066750422
ENOG4111PT3	-0.9578845794186496	0.9578845794186489
ENOG4111PTC	-0.7788677913805202	0.7788677913805194
ENOG4111PTJ	-0.3376262167160287	0.33762621671602844
ENOG4111PTK	-0.864075539324068	0.8640755393240674
ENOG4111PTS	1.1401002340136561	-1.1401002340136557
ENOG4111PTW	-0.027041921138894295	0.027041921138894278
ENOG4111PTZ	0.9886088035870269	-0.9886088035870264
ENOG4111PU7	-1.0405250152326284	1.0405250152326275
ENOG4111PUJ	1.5986035065032973	-1.5986035065032966
ENOG4111PUW	-1.4092794702422895	1.4092794702422884
ENOG4111PV2	-0.9041339221471806	0.9041339221471799
ENOG4111PW0	0.7177143035223134	-0.7177143035223129
ENOG4111PXB	0.5910436580934564	-0.5910436580934563
ENOG4111PXI	-1.0696965919188786	1.0696965919188777
ENOG4111PZ3	-0.7901409522187522	0.7901409522187515
ENOG4111PZ8	-1.5325004163597442	1.5325004163597429
ENOG4111PZB	-1.4456143984482783	1.4456143984482772
ENOG4111PZR	-0.38764807636235893	0.38764807636235843
ENOG4111Q0J	-0.25139407139968917	0.25139407139968895
ENOG4111Q0K	0.6686369750310952	-0.6686369750310946
ENOG4111Q0R	-1.1229575929238966	1.122957592923896
ENOG4111Q11	-0.8330128070473332	0.8330128070473324
ENOG4111Q1R	-0.251072848036537	0.25107284803653657
ENOG4111Q21	0.7872370797111693	-0.7872370797111687
ENOG4111Q2M	-0.7398620424523955	0.739862042452395
ENOG4111Q2P	1.3539230650903107	-1.3539230650903096
ENOG4111Q38	-0.13190420727308402	0.1319042072730837
ENOG4111Q3E	0.5114509843982484	-0.5114509843982481
ENOG4111Q3F	1.5348769993463154	-1.5348769993463143
ENOG4111Q41	-0.938556860913181	0.9385568609131804
ENOG4111Q4I	-0.5514682617817545	0.5514682617817541
ENOG4111Q4N	-1.061065014832969	1.061065014832968
ENOG4111Q4W	-1.466409072726519	1.4664090727265175
ENOG4111Q58	1.4676306593128379	-1.4676306593128372
ENOG4111Q5N	1.2598433622382517	-1.2598433622382508
ENOG4111Q5V	0.02505403984368704	-0.02505403984368726
ENOG4111Q8K	-1.6728381183810201	1.6728381183810181
ENOG4111Q8R	1.614495233827696	-1.6144952338276952
ENOG4111Q8X	1.7506071906929894	-1.7506071906929888
ENOG4111Q95	1.523700219746724	-1.5237002197467233
ENOG4111Q97	-0.15455059316527392	0.1545505931652736
ENOG4111Q99	-0.8670770441878038	0.867077044187803
ENOG4111Q9V	-0.29586126383904693	0.2958612638390465
ENOG4111QAP	-1.6330664982655294	1.6330664982655279
ENOG4111QB7	-1.0056510934527156	1.005651093452715
ENOG4111QBF	0.8975042273574895	-0.8975042273574888
ENOG4111QC0	0.8744207690417859	-0.8744207690417855
ENOG4111QCF	-0.14359063584206547	0.14359063584206513
ENOG4111QD0	-0.047196538583807277	0.047196538583807006
ENOG4111QDA	1.2142082844376783	-1.2142082844376774
ENOG4111QDN	-1.534291913199943	1.5342919131999417
ENOG4111QE4	-0.628172093404524	0.6281720934045235
ENOG4111QED	1.1653008256169377	-1.1653008256169368
ENOG4111QEZ	-0.5720436454935607	0.5720436454935603
ENOG4111QGN	-1.3991839424793944	1.3991839424793928
ENOG4111QH7	0.8394729430164577	-0.8394729430164569
ENOG4111QI3	0.11763523796036958	-0.11763523796036973
ENOG4111QIE	-1.6690712507356187	1.6690712507356174
ENOG4111QIR	0.9533471059760578	-0.9533471059760573
ENOG4111QK2	-1.2867920879677395	1.2867920879677386
ENOG4111QKP	-1.236327607999206	1.2363276079992052
ENOG4111QKZ	0.8654153613645825	-0.8654153613645819
ENOG4111QM8	-0.656671940590954	0.6566719405909534
ENOG4111QMH	0.2054913159739549	-0.2054913159739545
ENOG4111QMM	-0.20956202879196237	0.20956202879196198
ENOG4111QN6	0.21346491497410605	-0.21346491497410638
ENOG4111QNG	0.826979048449733	-0.8269790484497324
ENOG4111QNK	0.8430090672200632	-0.8430090672200631
ENOG4111QPB	-0.11579770220404274	0.11579770220404242
ENOG4111QPQ	1.1530213271621512	-1.1530213271621506
ENOG4111QPY	-0.9037143947083921	0.9037143947083912
ENOG4111QQI	0.3967933356495946	-0.3967933356495941
ENOG4111QRJ	-1.019409387136816	1.019409387136815
ENOG4111QRM	-0.7721064384085115	0.7721064384085107
ENOG4111QS8	-0.9270591574308708	0.9270591574308699
ENOG4111QSB	-0.526406481649688	0.5264064816496873
ENOG4111QSP	0.295639615173625	-0.2956396151736251
ENOG4111QSQ	0.5889789074096672	-0.5889789074096665
ENOG4111QTY	0.9036008223127134	-0.9036008223127133
ENOG4111QVA	-1.6540883226570264	1.654088322657025
ENOG4111QVE	-0.9296647598917578	0.9296647598917569
ENOG4111QVH	-1.7879396952233173	1.7879396952233153
ENOG4111QVU	-0.9997478297614335	0.9997478297614328
ENOG4111QVW	-0.07464893028044899	0.0746489302804487
ENOG4111QVX	-0.9929027775947936	0.9929027775947928
ENOG4111QW4	-0.5192864501471546	0.5192864501471539
ENOG4111QWX	1.141094737788352	-1.1410947377883516
ENOG4111QWZ	-0.16386835444258432	0.16386835444258396
ENOG4111QXE	-0.6869464223614765	0.6869464223614757
ENOG4111QY1	-0.08214405706739757	0.08214405706739727
ENOG4111QZ3	-1.1128249274035873	1.1128249274035864
ENOG4111QZM	0.8271625787837276	-0.827162578783727
ENOG4111R0C	-0.34437837314247893	0.3443783731424785
ENOG4111R0M	-0.4085884213593722	0.40858842135937185
ENOG4111R0N	1.783986795584227	-1.7839867955842263
ENOG4111R0Z	1.219468416502344	-1.219468416502343
ENOG4111R12	1.0788954069733536	-1.078895406973353
ENOG4111R14	-0.9212518135323776	0.9212518135323771
ENOG4111R32	-1.0759736588982152	1.0759736588982145
ENOG4111R3C	-1.3661515722351918	1.366151572235191
ENOG4111R45	-0.9494576711927563	0.9494576711927554
ENOG4111R48	-1.1030086103134726	1.103008610313472
ENOG4111R49	-1.575668698819869	1.5756686988198678
ENOG4111R4E	-1.146303027993627	1.1463030279936262
ENOG4111R4Y	0.06406711690598234	-0.06406711690598253
ENOG4111R54	1.501270809006437	-1.501270809006436
ENOG4111R59	-1.0161962999753251	1.0161962999753245
ENOG4111R5D	1.2860704964232896	-1.2860704964232887
ENOG4111R5R	1.575707136731706	-1.575707136731705
ENOG4111R75	-1.867321910412913	1.8673219104129113
ENOG4111R7X	-0.8219559311047849	0.8219559311047844
ENOG4111R8F	0.9362778070409731	-0.9362778070409724
ENOG4111R8J	-0.9965378414775183	0.9965378414775173
ENOG4111R8U	-1.3891900022686343	1.3891900022686332
ENOG4111R9E	-0.1942189238026638	0.19421892380266342
ENOG4111R9W	-1.6062931016125763	1.606293101612575
ENOG4111R9X	-0.2346103454201725	0.23461034542017234
ENOG4111RAU	-1.518597713954408	1.5185977139544067
ENOG4111RAV	-0.35419369951523844	0.35419369951523794
ENOG4111RAW	-0.9334213548124569	0.933421354812456
ENOG4111RAY	-0.9113732343645544	0.9113732343645539
ENOG4111RBN	0.7422317572565275	-0.7422317572565271
ENOG4111RBZ	0.3041956995542874	-0.3041956995542874
ENOG4111RC3	0.9614533715813355	-0.9614533715813348
ENOG4111RCW	-0.2208490830318082	0.22084908303180803
ENOG4111RE7	-0.07198516019981613	0.07198516019981609
ENOG4111RED	-1.4732680094623143	1.473268009462313
ENOG4111REP	-0.7787962923035047	0.7787962923035041
ENOG4111RES	-0.5424279186163866	0.5424279186163861
ENOG4111RF9	-0.14371300434115228	0.14371300434115192
ENOG4111RG5	1.2478267695550382	-1.2478267695550374
ENOG4111RG9	-0.6869535118281935	0.686953511828193
ENOG4111RGQ	-0.5930296750201088	0.5930296750201085
ENOG4111RJG	0.6715152539352185	-0.6715152539352179
ENOG4111RK4	-0.8096153921212746	0.8096153921212738
ENOG4111RK5	0.9497836120368739	-0.9497836120368732
ENOG4111RMG	-0.8850514859505179	0.885051485950517
ENOG4111RN5	-0.7861791660700368	0.7861791660700362
ENOG4111RNE	0.1054550368811722	-0.10545503688117189
ENOG4111RNG	-1.62191687791274	1.6219168779127384
ENOG4111RP5	0.8175424525788968	-0.8175424525788967
ENOG4111RP8	-1.3975934137729713	1.3975934137729698
ENOG4111RPE	-1.0274974116028799	1.027497411602879
ENOG4111RPR	0.48221965148993956	-0.48221965148993967
ENOG4111RQG	-0.25616816469909254	0.2561681646990923
ENOG4111RR2	-0.3364039482457209	0.33640394824572045
ENOG4111RRS	-1.1970084539872723	1.1970084539872716
ENOG4111RTE	-1.626287685243379	1.6262876852433776
ENOG4111RTK	-0.9829954110851193	0.9829954110851185
ENOG4111RTN	0.4380679351309629	-0.43806793513096237
ENOG4111RU6	-1.1615006787432263	1.1615006787432254
ENOG4111RUK	-0.6791693642037735	0.6791693642037728
ENOG4111RUQ	-1.5005863105747	1.5005863105746988
ENOG4111RVG	0.3756483434926033	-0.3756483434926035
ENOG4111RVU	-1.4269957656949799	1.4269957656949783
ENOG4111RWT	-1.88474014761012	1.8847401476101184
ENOG4111RX2	0.1386028812284137	-0.13860288122841358
ENOG4111RX8	0.8014454137875058	-0.8014454137875051
ENOG4111RXE	-0.5336593547536091	0.5336593547536085
ENOG4111RXV	1.214489723889039	-1.2144897238890386
ENOG4111RXW	-0.04236006622436132	0.04236006622436106
ENOG4111RZ5	-1.5741617623237099	1.5741617623237087
ENOG4111RZM	0.8719694991931115	-0.8719694991931107
ENOG4111S03	-1.0251806546142581	1.0251806546142572
ENOG4111S06	-1.0396670669270756	1.0396670669270747
ENOG4111S0C	-0.02935473311333911	0.02935473311333909
ENOG4111S0N	0.07842475810163205	-0.07842475810163176
ENOG4111S0X	0.5699663617384306	-0.5699663617384305
ENOG4111S28	1.1749969057051108	-1.1749969057051102
ENOG4111S2E	0.853787380205915	-0.8537873802059147
ENOG4111S42	-0.2744760422906646	0.27447604229066436
ENOG4111S4G	-1.0430427686389108	1.0430427686389099
ENOG4111S4M	-0.6679279785990776	0.667927978599077
ENOG4111S5U	-0.1651910206416879	0.16519102064168756
ENOG4111S5Y	-0.3237700240960194	0.3237700240960192
ENOG4111S67	0.015664577063531658	-0.015664577063531648
ENOG4111S7I	-0.09560129350692535	0.09560129350692505
ENOG4111S7S	-0.7381849457236479	0.7381849457236473
ENOG4111S80	-0.5693436774285542	0.5693436774285537
ENOG4111S85	1.364579541923371	-1.3645795419233704
ENOG4111S8V	-0.015170915387037399	0.01517091538703715
ENOG4111S9B	-0.15808545832459614	0.158085458324596
ENOG4111SA5	-1.3258717919883345	1.3258717919883334
ENOG4111SAV	-0.06926112836532633	0.06926112836532627
ENOG4111SD7	-0.6002665992827464	0.600266599282746
ENOG4111SDT	0.4456697393489536	-0.44566973934895376
ENOG4111SE1	-0.6594735737959447	0.6594735737959443
ENOG4111SF2	0.36867211463939437	-0.3686721146393943
ENOG4111SF8	0.5380866454373314	-0.5380866454373311
ENOG4111SFQ	0.05022301260517237	-0.05022301260517233
ENOG4111SFV	-0.8703864863636729	0.8703864863636721
ENOG4111SGM	-0.7489809006409153	0.7489809006409147
ENOG4111SHJ	-0.7365371845491457	0.736537184549145
ENOG4111SHR	0.7834193744267587	-0.7834193744267579
ENOG4111SHZ	0.752773371917127	-0.7527733719171267
ENOG4111SI6	-1.0041862924949927	1.004186292494992
ENOG4111SIF	-0.8068631770267779	0.8068631770267773
ENOG4111SIP	-0.342148813906224	0.3421488139062237
ENOG4111SIY	-1.4949390606837343	1.4949390606837327
ENOG4111SIZ	0.20911994364115277	-0.20911994364115286
ENOG4111SJ2	0.18727068159212765	-0.18727068159212773
ENOG4111SJH	-0.7371265171666372	0.7371265171666365
ENOG4111SJQ	-0.9183809134912128	0.9183809134912119
ENOG4111SJR	-0.9330492606159979	0.9330492606159972
ENOG4111SJZ	-1.1601279467263754	1.1601279467263745
ENOG4111SNC	-0.042276483765929275	0.04227648376592901
ENOG4111SNX	-1.273005657590655	1.2730056575906539
ENOG4111SP3	-0.09852841352532375	0.09852841352532368
ENOG4111SPS	-1.6131088126521584	1.613108812652157
ENOG4111SQV	0.021385629617661488	-0.02138562961766171
ENOG4111SQY	0.020155641530613295	-0.020155641530613517
ENOG4111SRH	-1.456330711474147	1.456330711474146
ENOG4111SS3	-1.098831412678385	1.0988314126783838
ENOG4111ST7	-1.0760592127079551	1.0760592127079542
ENOG4111STI	-0.06683340271695137	0.06683340271695133
ENOG4111STN	-1.2771049207102385	1.2771049207102372
ENOG4111SU2	0.8519382473586925	-0.8519382473586918
ENOG4111SU9	0.5820811675346221	-0.5820811675346217
ENOG4111SUH	-1.8493826826312714	1.8493826826312705
ENOG4111SUK	-1.1263937096976968	1.126393709697696
ENOG4111SVA	0.21875174234123745	-0.21875174234123754
ENOG4111SWE	0.7244709380243834	-0.7244709380243832
ENOG4111SX6	-0.009164447800488676	0.00916444780048867
ENOG4111SXP	-0.13202334801875157	0.13202334801875126
ENOG4111SZ8	1.2571131186450561	-1.257113118645056
ENOG4111SZB	-1.6556330137129296	1.6556330137129285
ENOG4111SZV	-1.7322582705858853	1.7322582705858833
ENOG4111T16	0.1820062975760899	-0.1820062975760898
ENOG4111T25	-0.46980379140939316	0.4698037914093926
ENOG4111T3F	1.0105718159365658	-1.0105718159365655
ENOG4111T3U	0.006161693318122963	-0.006161693318122959
ENOG4111T45	1.0545648298035781	-1.0545648298035772
ENOG4111T4T	0.05903022706559907	-0.05903022706559903
ENOG4111T54	-1.7566034742295344	1.7566034742295331
ENOG4111T5H	-1.6233551381896518	1.62335513818965
ENOG4111T5V	-0.1255733165602338	0.12557331656023346
ENOG4111T81	-1.7080275512260275	1.7080275512260257
ENOG4111T85	0.18363532358938287	-0.18363532358938298
ENOG4111T8F	-0.35150438500549924	0.35150438500549874
ENOG4111TA0	-1.542526713948057	1.5425267139480558
ENOG4111TA2	0.8263134583698883	-0.8263134583698878
ENOG4111TA5	1.0689778829858525	-1.0689778829858518
ENOG4111TB4	-1.529646197632677	1.5296461976326754
ENOG4111TBD	0.9677887358059599	-0.9677887358059595
ENOG4111TCK	0.8940028119959832	-0.8940028119959823
ENOG4111TEE	-0.9411244231221412	0.9411244231221403
ENOG4111TF2	0.06731174011085789	-0.06731174011085807
ENOG4111TF3	0.5170813097949906	-0.5170813097949902
ENOG4111TF8	-0.11841273762270822	0.1184127376227079
ENOG4111THK	-1.0416909390697815	1.0416909390697804
ENOG4111THP	1.2078362770104094	-1.2078362770104085
ENOG4111THY	0.4799646714188533	-0.47996467141885324
ENOG4111TI2	-0.7038301695627206	0.7038301695627199
ENOG4111TJX	0.11462355969932687	-0.11462355969932679
ENOG4111TM1	-1.3888048112679183	1.3888048112679172
ENOG4111TMT	0.9478089125594946	-0.9478089125594944
ENOG4111TNS	-1.8657663413323546	1.8657663413323526
ENOG4111TP8	-0.813103712744998	0.8131037127449973
ENOG4111TPB	-0.638608684094218	0.6386086840942176
ENOG4111TPH	-1.4343322541426435	1.4343322541426422
ENOG4111TPP	0.6727041397423883	-0.6727041397423879
ENOG4111TPU	-0.5333117959644291	0.5333117959644288
ENOG4111TPW	-0.1322768704041633	0.13227687040416322
ENOG4111TQ2	-1.890400286789229	1.8904002867892276
ENOG4111TQC	-1.106159000225256	1.1061590002252548
ENOG4111TQP	-1.7188995029106495	1.7188995029106482
ENOG4111TR3	-0.5675245304320581	0.5675245304320574
ENOG4111TR8	-1.6327962342397766	1.6327962342397755
ENOG4111TRN	-0.6629675172596191	0.6629675172596186
ENOG4111TT5	-0.29836031049075457	0.2983603104907541
ENOG4111TT6	-0.49737577057070675	0.49737577057070614
ENOG4111TU1	-0.6254980597126361	0.6254980597126354
ENOG4111TU2	-1.5160883647212482	1.516088364721247
ENOG4111TUC	-0.21374044761076516	0.21374044761076477
ENOG4111TV5	0.2754614498924927	-0.27546144989249277
ENOG4111TV7	0.6210515200260572	-0.6210515200260568
ENOG4111TVE	0.15169428237416865	-0.15169428237416857
ENOG4111TVG	-0.5963823484862233	0.5963823484862226
ENOG4111TVJ	-0.029374121572867746	0.029374121572867725
ENOG4111TVT	0.5004446791946303	-0.50044467919463
ENOG4111TW4	1.0390480718164896	-1.039048071816489
ENOG4111TWF	-1.7005588972686372	1.7005588972686358
ENOG4111TYD	0.020413954602161333	-0.02041395460216132
ENOG4111TZE	-0.9419494206525029	0.941949420652502
ENOG4111TZK	-1.204285294029031	1.20428529402903
ENOG4111TZS	0.23290302848733072	-0.23290302848733055
ENOG4111TZY	-1.3449524558745514	1.3449524558745498
ENOG4111U0C	-0.22386607254302093	0.2238660725430208
ENOG4111U0Q	-0.9411504063738236	0.9411504063738227
ENOG4111U0V	-1.8545965727719151	1.8545965727719138
ENOG4111U0Y	1.2725180126204423	-1.2725180126204414
ENOG4111U16	-0.35569926195264495	0.35569926195264473
ENOG4111U17	0.11192997172467258	-0.11192997172467296
ENOG4111U1N	-1.121407200168201	1.1214072001681998
ENOG4111U22	-0.6215293938398311	0.6215293938398306
ENOG4111U2D	-0.23166291932904398	0.23166291932904381
ENOG4111U31	1.1233305516231895	-1.1233305516231888
ENOG4111U3E	0.17854215414004165	-0.178542154140042
ENOG4111U3N	-0.24091192568791314	0.24091192568791275
ENOG4111U4V	1.0478797257690784	-1.0478797257690782
ENOG4111U4X	0.32620272394933636	-0.32620272394933614
ENOG4111U4Y	1.1027426872597297	-1.1027426872597292
ENOG4111U4Z	1.3140776578110431	-1.3140776578110427
ENOG4111U6H	1.2303691435664232	-1.2303691435664224
ENOG4111U6K	-0.03536355722603618	0.035363557226035916
ENOG4111U73	0.9192928215629067	-0.919292821562906
ENOG4111U74	-0.19956522256985093	0.1995652225698508
ENOG4111U7C	-1.4273929981372262	1.4273929981372246
ENOG4111U7F	0.3887693880979016	-0.3887693880979016
ENOG4111U81	-0.0983384215876094	0.09833842158760933
ENOG4111U85	-1.5016876658889102	1.5016876658889091
ENOG4111U8E	0.3296067432212574	-0.3296067432212574
ENOG4111U8H	1.0737567548355862	-1.0737567548355855
ENOG4111U9I	1.3987587365924417	-1.398758736592441
ENOG4111U9Q	-0.9433203640054517	0.9433203640054508
ENOG4111U9Y	0.28547509892984785	-0.2854750989298479
ENOG4111UAD	-1.027050143390158	1.0270501433901573
ENOG4111UAG	-0.43034692405094443	0.43034692405094416
ENOG4111UB9	-0.673481529681671	0.6734815296816702
ENOG4111UBA	-0.14348334873492694	0.14348334873492685
ENOG4111UBE	-0.8088834107792632	0.8088834107792626
ENOG4111UC1	-0.3896036065135182	0.38960360651351794
ENOG4111UC5	0.19459844368721407	-0.19459844368721393
ENOG4111UDA	-1.5199235925270271	1.519923592527026
ENOG4111UDF	-1.486606562484036	1.486606562484035
ENOG4111UDY	1.4515162073545356	-1.4515162073545347
ENOG4111UE5	-1.3225570364174233	1.322557036417422
ENOG4111UEA	0.2280911499954972	-0.2280911499954973
ENOG4111UEH	-1.4734266145051649	1.473426614505164
ENOG4111UEJ	-1.4547713344295516	1.4547713344295505
ENOG4111UEU	-0.07599280633178218	0.07599280633178213
ENOG4111UF3	0.6849372403318348	-0.6849372403318343
ENOG4111UFC	-0.9468032366265459	0.946803236626545
ENOG4111UGW	-1.441202301903223	1.4412023019032216
ENOG4111UID	0.2763887125699235	-0.27638871256992376
ENOG4111UIG	1.059949794884623	-1.0599497948846224
ENOG4111UIN	-1.5820641547045315	1.5820641547045302
ENOG4111UIX	-0.6116799011227326	0.611679901122732
ENOG4111UJ1	-0.11776029274111534	0.11776029274111526
ENOG4111UJE	0.07020525628660877	-0.07020525628660895
ENOG4111UN1	-1.5419143189041324	1.5419143189041313
ENOG4111UNT	0.3372354968388693	-0.33723549683886905
ENOG4111UPA	0.5853805303117252	-0.5853805303117253
ENOG4111UPR	-0.47660637145422163	0.47660637145422124
ENOG4111UPV	0.3411428019185999	-0.34114280191859947
ENOG4111UPZ	0.66764328016773	-0.66764328016773
ENOG4111UQ3	0.3498148621414511	-0.34981486214145063
ENOG4111UQ8	-0.6941283601135833	0.6941283601135827
ENOG4111UQG	-1.3980540556576795	1.3980540556576782
ENOG4111UR2	-1.4363828625696589	1.4363828625696577
ENOG4111UR5	-0.8064965473852698	0.8064965473852692
ENOG4111URC	-0.9232792052671438	0.9232792052671431
ENOG4111URS	-0.8507676419527851	0.8507676419527845
ENOG4111URT	-0.11112527323906823	0.11112527323906791
ENOG4111URW	-0.8390425258089853	0.8390425258089848
ENOG4111US1	-1.599549070372318	1.5995490703723168
ENOG4111UTK	-1.2910921339373176	1.2910921339373163
ENOG4111UTU	-1.3789342632930415	1.3789342632930406
ENOG4111UTW	1.3019561070351362	-1.3019561070351353
ENOG4111UTX	-0.7504449416345121	0.7504449416345114
ENOG4111UW1	1.3604330866428984	-1.3604330866428977
ENOG4111UWB	-0.09500863930420662	0.09500863930420655
ENOG4111UWD	0.6835750844937019	-0.6835750844937014
ENOG4111UWQ	0.033370579998502486	-0.03337057999850246
ENOG4111UWZ	0.23519325540399788	-0.23519325540399771
ENOG4111UX1	-1.1601356274164483	1.1601356274164474
ENOG4111UXA	0.48585465003701905	-0.4858546500370187
ENOG4111UXB	0.6582712342506191	-0.6582712342506186
ENOG4111UXR	1.7792653125150717	-1.7792653125150697
ENOG4111UXX	-0.5642574016615064	0.5642574016615057
ENOG4111UY6	-1.6473042826195357	1.6473042826195339
ENOG4111UYB	-0.1282085138918945	0.12820851389189417
ENOG4111UYD	0.6316024730007129	-0.6316024730007125
ENOG4111UYM	1.7933910868293639	-1.793391086829363
ENOG4111UYR	0.3378003849410989	-0.33780038494109865
ENOG4111UYV	-1.162862777696384	1.162862777696383
ENOG4111UZG	0.27343998364280975	-0.2734399836428098
ENOG4111V0N	-0.021767266537484127	0.021767266537484113
ENOG4111V0R	-1.0817317620143583	1.0817317620143576
ENOG4111V1K	-0.5536220213156854	0.553622021315685
ENOG4111V3E	0.5053944169132226	-0.5053944169132223
ENOG4111V4C	-0.4979011202095271	0.49790112020952676
ENOG4111V4N	-0.916141867416548	0.9161418674165474
ENOG4111V51	-0.5492403104250512	0.5492403104250507
ENOG4111V59	-0.4211461378459747	0.42114613784597416
ENOG4111V68	0.049338925264943684	-0.04933892526494341
ENOG4111V6N	1.771498088869925	-1.771498088869924
ENOG4111V6P	-0.7213568231796536	0.7213568231796531
ENOG4111V6R	-1.4309206709150786	1.430920670915077
ENOG4111V8D	0.8580812251477117	-0.8580812251477113
ENOG4111V9E	0.19228080139604353	-0.19228080139604362
ENOG4111VAE	-0.713246090280129	0.7132460902801284
ENOG4111VAV	-1.5442217514695862	1.544221751469585
ENOG4111VAZ	0.6129168939299632	-0.612916893929963
ENOG4111VB3	-0.7013644644789174	0.7013644644789166
ENOG4111VB8	0.3420692417423922	-0.3420692417423922
ENOG4111VB9	-1.3992046700836984	1.3992046700836973
ENOG4111VBB	-1.80746831665804	1.807468316658038
ENOG4111VC8	-0.0980481729377589	0.09804817293775883
ENOG4111VCA	-0.6949612717890381	0.6949612717890373
ENOG4111VCI	-0.21710190002235016	0.21710190002235
ENOG4111VCR	-0.5134990282721399	0.5134990282721394
ENOG4111VDB	0.17180586987264887	-0.17180586987264898
ENOG4111VDF	-0.8851527583219558	0.885152758321955
ENOG4111VDI	-0.025045918150844563	0.025045918150844546
ENOG4111VDK	-0.011508485445400415	0.01150848544540017
ENOG4111VE3	0.25553537985786856	-0.2555353798578686
ENOG4111VEY	1.259306610692901	-1.2593066106929
ENOG4111VF0	-0.7960010014384864	0.7960010014384858
ENOG4111VF3	-0.2968472272708415	0.29684722727084106
ENOG4111VF8	-0.18474445460418426	0.18474445460418412
ENOG4111VFN	0.3327685540035331	-0.33276855400353333
ENOG4111VGM	1.3252602195028225	-1.3252602195028218
ENOG4111VGN	-0.1844292393164476	0.18442923931644722
ENOG4111VH8	-1.3728968087277893	1.3728968087277877
ENOG4111VHI	-1.1269974437834136	1.1269974437834123
ENOG4111VHR	1.525362816476866	-1.525362816476865
ENOG4111VI5	-0.26739491070385096	0.2673949107038508
ENOG4111VIT	-0.19777809848157984	0.1977780984815797
ENOG4111VJV	-0.6033288356118216	0.6033288356118212
ENOG4111VJW	0.7387900460619964	-0.7387900460619956
ENOG4111VN3	-1.7277487159272062	1.7277487159272051
ENOG4111VN8	-0.4205724499459789	0.42057244994597864
ENOG4111VNP	-1.0864875197696315	1.0864875197696306
ENOG4111VPR	1.726271808739959	-1.7262718087399582
ENOG4111VPT	-1.6899703556049868	1.6899703556049854
ENOG4111VQ2	-1.8513508769461344	1.8513508769461327
ENOG4111VQX	1.6514495058291998	-1.6514495058291985
ENOG4111VRS	-0.28081721178061436	0.2808172117806142
ENOG4111VSN	-0.11751504038746373	0.11751504038746365
ENOG4111VSQ	-0.0023752961420503665	0.0023752961420501284
ENOG4111VT6	-0.27635989701335717	0.27635989701335695
ENOG4111VTK	-1.0508146950443304	1.0508146950443298
ENOG4111VUA	-0.8429069219654396	0.8429069219654388
ENOG4111VUW	-1.5952382053602445	1.595238205360243
ENOG4111VVM	-1.2145155736096784	1.2145155736096773
ENOG4111VW1	1.9172166560833805	-1.9172166560833797
ENOG4111VWJ	-0.6902261463309474	0.6902261463309467
ENOG4111VWS	1.037119567098708	-1.0371195670987072
ENOG4111VWX	1.578805589499734	-1.5788055894997328
ENOG4111VXK	0.8158492500267769	-0.8158492500267766
ENOG4111VXM	0.6037211758989521	-0.6037211758989519
ENOG4111VYM	-1.0072630024569187	1.0072630024569178
ENOG4111VYR	0.4287722023776233	-0.42877220237762326
ENOG4111VZ8	-1.221336263746656	1.2213362637466547
ENOG4111VZN	-0.5954842096024392	0.5954842096024388
ENOG4111W0A	-1.151443853202493	1.1514438532024922
ENOG4111W0B	-0.580572257781089	0.5805722577810883
ENOG4111W16	1.5791888583244156	-1.5791888583244145
ENOG4111W1A	0.7375067887863057	-0.7375067887863057
ENOG4111W1E	-1.2044438241868411	1.2044438241868398
ENOG4111W1V	-0.12984040024559992	0.1298404002455998
ENOG4111W24	-0.36999990724267884	0.36999990724267834
ENOG4111W2S	-0.3289332764560941	0.3289332764560939
ENOG4111W4E	-0.42472653689958934	0.424726536899589
ENOG4111W6Z	-1.336507140762464	1.3365071407624627
ENOG4111W74	-0.6389144736973048	0.6389144736973044
ENOG4111W7E	-0.8042967535948445	0.8042967535948438
ENOG4111W7K	-0.2547786628768912	0.25477866287689077
ENOG4111W94	1.263622437790158	-1.263622437790157
ENOG4111W9B	0.0055029335197871124	-0.005502933519787345
ENOG4111W9D	0.03897144651887561	-0.03897144651887558
ENOG4111WA6	0.1987899439993332	-0.19878994399933306
ENOG4111WB3	-1.879827756790564	1.8798277567905621
ENOG4111WBC	0.8399279364948685	-0.8399279364948676
ENOG4111WBG	-1.9500495149385246	1.9500495149385233
ENOG4111WCM	-0.1812343392155555	0.18123433921555537
ENOG4111WCW	0.8087016846440992	-0.8087016846440984
ENOG4111WCX	0.7698689738449958	-0.7698689738449952
ENOG4111WD0	0.5933340801012158	-0.5933340801012157
ENOG4111WDD	1.2941877156188768	-1.2941877156188764
ENOG4111WDG	-1.7210674486953623	1.7210674486953612
ENOG4111WE9	1.161582705059927	-1.1615827050599261
ENOG4111WEC	-0.23113214724582148	0.23113214724582107
ENOG4111WEQ	-1.4225790614871152	1.4225790614871139
ENOG4111WFU	-0.2181686885028638	0.21816868850286364
ENOG4111WH3	-0.2920622997158569	0.2920622997158567
ENOG4111WHE	1.707247582302298	-1.7072475823022972
ENOG4111WHU	-1.3851429441601326	1.385142944160131
ENOG4111WKA	-1.8373114085018754	1.8373114085018738
ENOG4111WKC	-0.4437954377961945	0.4437954377961942
ENOG4111WM5	0.6709415623640104	-0.6709415623640101
ENOG4111WMW	-0.4696062460197467	0.4696062460197464
ENOG4111WN1	-0.6551304792703286	0.655130479270328
ENOG4111WN5	-0.5731819976209326	0.5731819976209322
ENOG4111WNI	-0.8370676020199004	0.8370676020198998
ENOG4111WNU	-1.4185956373114177	1.4185956373114166
ENOG4111WP6	-0.22410190619253098	0.2241019061925306
ENOG4111WPM	1.1734122085206768	-1.173412208520676
ENOG4111WPT	0.43716585245604617	-0.43716585245604583
ENOG4111WQI	0.8566220586517866	-0.8566220586517865
ENOG4111WR2	0.825235175531445	-0.8252351755314442
ENOG4111WRA	1.2451326600120602	-1.2451326600120594
ENOG4111WS7	-1.3290496333106496	1.329049633310648
ENOG4111WSV	0.04243612973423966	-0.04243612973423939
ENOG4111WSW	1.059914112725388	-1.0599141127253873
ENOG4111WT0	-0.01967836299612267	0.019678362996122654
ENOG4111WVZ	-0.4354833433159608	0.43548334331596045
ENOG4111WWI	0.6996166833330695	-0.6996166833330689
ENOG4111WWY	-0.7540141797514676	0.7540141797514668
ENOG4111WXB	-1.018641631784449	1.018641631784448
ENOG4111WXQ	1.017349120002456	-1.0173491200024558
ENOG4111WYU	-0.5242619162525401	0.5242619162525397
ENOG4111WZB	0.14398345671630833	-0.143983456716308
ENOG4111WZY	1.5865888294487092	-1.586588829448708
ENOG4111X0V	-0.6873258538915307	0.6873258538915302
ENOG4111X18	0.6264493011926494	-0.6264493011926492
ENOG4111X1G	-0.03420616436838849	0.03420616436838823
ENOG4111X1K	-1.2541496697077883	1.254149669707787
ENOG4111X1U	-0.04378978968035755	0.04378978968035752
ENOG4111X1V	-1.4090351183444878	1.4090351183444867
ENOG4111X32	0.6954150315698134	-0.6954150315698132
ENOG4111X3H	-0.5412535334113634	0.541253533411363
ENOG4111X46	0.2861272264689027	-0.28612722646890276
ENOG4111X4R	0.08396923528976148	-0.08396923528976166
ENOG4111X4U	-1.8136958493511133	1.813695849351112
ENOG4111X4V	-1.5024043976365185	1.502404397636517
ENOG4111X4W	-1.2951325185707219	1.2951325185707208
ENOG4111X5A	-1.0129690893624848	1.0129690893624836
ENOG4111X6B	1.3142840509068072	-1.3142840509068061
ENOG4111X78	-0.11180720113209822	0.11180720113209813
ENOG4111X7D	-1.4516455622470679	1.4516455622470668
ENOG4111X7Q	-1.2924444664950743	1.2924444664950734
ENOG4111X82	-0.7873190917261395	0.7873190917261389
ENOG4111X8I	-0.9488647213215472	0.9488647213215465
ENOG4111X8M	-0.44364825644660805	0.4436482564466077
ENOG4111X93	0.0024545252101536175	-0.002454525210153852
ENOG4111X94	1.0737954693743377	-1.0737954693743368
ENOG4111X9I	1.0340124396715098	-1.0340124396715087
ENOG4111X9N	-1.5005749290264754	1.5005749290264745
ENOG4111X9P	0.8343156796123453	-0.8343156796123448
ENOG4111XA1	-1.1788246159650195	1.1788246159650186
ENOG4111XAM	0.2223990135279871	-0.22239901352798672
ENOG4111XB6	-0.4078076139148945	0.40780761391489423
ENOG4111XBZ	-1.128603978596498	1.1286039785964972
ENOG4111XD0	1.2785156259090045	-1.2785156259090036
ENOG4111XD5	0.7685106902543181	-0.7685106902543177
ENOG4111XE1	-1.3976351153621633	1.3976351153621618
ENOG4111XEB	-1.5891548428351379	1.5891548428351363
ENOG4111XEK	-1.046267920888029	1.0462679208880283
ENOG4111XFE	-0.9012020269459011	0.9012020269459005
ENOG4111XG8	-0.2640174797366173	0.2640174797366171
ENOG4111XGE	0.9908713312066882	-0.9908713312066878
ENOG4111XHA	0.44448485514567243	-0.4444848551456726
ENOG4111XHD	-0.9177483890198992	0.9177483890198985
ENOG4111XHJ	0.6024936170897272	-0.6024936170897269
ENOG4111XHQ	-0.5557417520178682	0.5557417520178678
ENOG4111XIQ	-0.993119712941387	0.9931197129413862
ENOG4111XIY	0.6570394680878713	-0.6570394680878711
ENOG4111XK0	-0.8785816797281203	0.8785816797281196
ENOG4111XKH	0.6145750670874395	-0.614575067087439
ENOG4111XKI	1.2100128398197032	-1.2100128398197025
ENOG4111XM2	-0.9518742968155226	0.9518742968155217
ENOG4111XM6	1.0214168653312805	-1.0214168653312798
ENOG4111XMM	-1.6914326814375258	1.6914326814375247
ENOG4111XN8	0.5839056369705394	-0.583905636970539
ENOG4111XP3	-0.05306393547369075	0.05306393547369072
ENOG4111XQA	-0.1343805882350048	0.1343805882350047
ENOG4111XQJ	1.3518014614531462	-1.3518014614531453
ENOG4111XRY	-0.5559385044182847	0.5559385044182843
ENOG4111XST	-0.7997283740831702	0.7997283740831697
ENOG4111XT6	0.28248963893696843	-0.2824896389369682
ENOG4111XTI	-1.514896234651768	1.514896234651767
ENOG4111XTW	-0.9136906529887612	0.9136906529887603
ENOG4111XU3	-1.1294674517489292	1.1294674517489283
ENOG4111XUI	-0.31370425296664617	0.31370425296664595
ENOG4111XUP	-1.0086138873837316	1.0086138873837307
ENOG4111XUR	0.5478607144127008	-0.5478607144127008
ENOG4111XV5	1.4588238440189272	-1.4588238440189263
ENOG4111XVQ	-0.6370981665577565	0.6370981665577561
ENOG4111XWA	0.3308584981789896	-0.3308584981789896
ENOG4111XX8	0.39074538730128605	-0.3907453873012858
ENOG4111XXW	1.3830723179298734	-1.3830723179298725
ENOG4111XY5	-1.3326973946694234	1.3326973946694218
ENOG4111XY8	0.18419330090652797	-0.18419330090652808
ENOG4111XYH	1.1641626774057743	-1.1641626774057738
ENOG4111XYI	-0.36249143099263986	0.3624914309926396
ENOG4111XYX	-1.0104038560611228	1.0104038560611222
ENOG4111XZ2	1.4314183699581071	-1.431418369958106
ENOG4111XZR	-0.5951666103911479	0.5951666103911476
ENOG4111XZX	-1.45053242772767	1.4505324277276692
ENOG4111Y09	-0.18477461317946717	0.18477461317946703
ENOG4111Y1C	1.2905223276185966	-1.290522327618596
ENOG4111Y1J	-0.1027586770427125	0.10275867704271219
ENOG4111Y1Q	1.6508273494610477	-1.6508273494610468
ENOG4111Y2V	-0.7373056492377392	0.7373056492377388
ENOG4111Y2Y	-0.19809873423590574	0.19809873423590535
ENOG4111Y3Y	1.3287411204401107	-1.3287411204401098
ENOG4111Y46	-1.2828994900902895	1.2828994900902886
ENOG4111Y4A	-0.10839563017693933	0.10839563017693925
ENOG4111Y5F	-1.2922034933717748	1.2922034933717732
ENOG4111Y5X	-0.5760283369891704	0.57602833698917
ENOG4111Y7C	-0.7056470146685623	0.7056470146685615
ENOG4111Y80	-0.3200284663653471	0.3200284663653469
ENOG4111Y8E	-1.4578679186512327	1.457867918651231
ENOG4111Y98	-0.3193877074319446	0.3193877074319441
ENOG4111Y9M	0.14328351816129348	-0.14328351816129362
ENOG4111Y9T	-0.047324265690194295	0.04732426569019427
ENOG4111Y9W	-1.4562138668185098	1.456213866818509
ENOG4111YA8	-0.9369925510074976	0.9369925510074969
ENOG4111YAV	-0.6528748542479409	0.6528748542479405
ENOG4111YAY	1.2250473375856108	-1.22504733758561
ENOG4111YB4	0.6654803400761516	-0.6654803400761512
ENOG4111YBH	0.1739179894223035	-0.1739179894223036
ENOG4111YBI	-0.3449355853402961	0.3449355853402956
ENOG4111YBT	-0.2751317384478275	0.2751317384478271
ENOG4111YCG	0.812240408868877	-0.8122404088688767
ENOG4111YCR	-0.15162474284912453	0.1516247428491242
ENOG4111YCW	-1.6768230447404384	1.6768230447404369
ENOG4111YD2	1.456788863629467	-1.456788863629466
ENOG4111YD9	1.0816799864903393	-1.0816799864903388
ENOG4111YFP	-1.6571817993629194	1.6571817993629177
ENOG4111YGG	1.7950653146087936	-1.795065314608793
ENOG4111YHK	0.5730573468932866	-0.5730573468932865
ENOG4111YIU	1.1905138593706943	-1.190513859370694
ENOG4111YIZ	-1.0689371443229325	1.0689371443229319
ENOG4111YJ7	-0.2005026181871554	0.200502618187155
ENOG4111YJG	-1.2705397257871025	1.2705397257871014
ENOG4111YKD	0.3400535872475997	-0.3400535872475995
ENOG4111YKN	-0.1829458559334083	0.18294585593340795
ENOG4111YNF	-0.02558542776934207	0.025585427769342053
ENOG4111YP9	-0.6432252739790101	0.6432252739790094
ENOG4111YQF	-0.7464589532952601	0.7464589532952594
ENOG4111YT4	-1.189228003187222	1.1892280031872209
ENOG4111YTD	0.4497491888937863	-0.44974918889378596
ENOG4111YTP	1.9957076922572614	-1.9957076922572605
ENOG4111YTX	0.6093161194976205	-0.6093161194976201
ENOG4111YW1	0.5843010261526755	-0.5843010261526754
ENOG4111YW5	-0.18518122232582068	0.18518122232582054
ENOG4111YW7	1.1096511916144627	-1.109651191614462
ENOG4111YWK	-1.5548605924606773	1.554860592460676
ENOG4111YWU	-0.5327962442984298	0.5327962442984294
ENOG4111YX5	0.33136869288992943	-0.33136869288992965
ENOG4111YX6	0.03413822422867844	-0.03413822422867841
ENOG4111YYX	1.433657500272785	-1.4336575002727838
ENOG4111YZT	-0.49092260621774747	0.49092260621774686
ENOG4111YZU	-0.5035461778615812	0.5035461778615808
ENOG4111Z00	-1.366464611858048	1.3664646118580466
ENOG4111Z0C	-0.4457638471490955	0.445763847149095
ENOG4111Z1K	-1.5554204049170066	1.5554204049170055
ENOG4111Z1T	1.1070825427625155	-1.1070825427625146
ENOG4111Z2Q	-0.6104493868282621	0.6104493868282614
ENOG4111Z3G	-0.18544335362723852	0.18544335362723816
ENOG4111Z3N	-1.0602587404471664	1.0602587404471655
ENOG4111Z54	-0.40811155131447635	0.4081115513144758
ENOG4111Z5U	-1.164091984065816	1.164091984065815
ENOG4111Z5W	-1.6792290564050416	1.6792290564050403
ENOG4111Z5Z	1.5925930326300692	-1.5925930326300681
ENOG4111Z66	-0.5671229380203756	0.567122938020375
ENOG4111Z8S	-0.03340224241406955	0.03340224241406953
ENOG4111Z9C	0.5480854462919948	-0.5480854462919945
ENOG4111Z9D	-0.7779553377427842	0.7779553377427834
ENOG4111Z9Q	-1.168260757439368	1.1682607574393666
ENOG4111ZBD	-0.5223407986291968	0.5223407986291965
ENOG4111ZBZ	0.2833959633107555	-0.2833959633107553
ENOG4111ZC3	-0.9974745401863855	0.9974745401863846
ENOG4111ZCE	1.3548877223402431	-1.3548877223402427
ENOG4111ZCV	-0.20399978275280667	0.20399978275280653
ENOG4111ZD2	1.5075190098350661	-1.5075190098350657
ENOG4111ZD8	-0.37197920301905063	0.37197920301905035
ENOG4111ZDW	0.2702066693125741	-0.27020666931257364
ENOG4111ZET	-0.8116927483008708	0.8116927483008702
ENOG4111ZFE	-1.3916210135956193	1.3916210135956177
ENOG4111ZFQ	-1.7785410704889266	1.7785410704889257
ENOG4111ZGW	0.02286364876916629	-0.022863648769166276
ENOG4111ZH5	-0.26449363981768714	0.264493639817687
ENOG4111ZHE	-0.403647639379245	0.40364763937924475
ENOG4111ZHP	0.05833820490708412	-0.05833820490708408
ENOG4111ZJC	1.7167334397286607	-1.7167334397286593
ENOG4111ZJM	0.6064039015592279	-0.6064039015592272
ENOG4111ZMA	0.6424159768457585	-0.6424159768457582
ENOG4111ZMN	-1.098535162722878	1.0985351627228772
ENOG4111ZNI	1.226889065319545	-1.2268890653195443
ENOG4111ZNZ	0.6106267095587257	-0.610626709558725
ENOG4111ZPZ	-0.2803657849993149	0.2803657849993147
ENOG4111ZQ2	-0.895603561717062	0.8956035617170613
ENOG4111ZQ7	1.1023865339400631	-1.102386533940063
ENOG4111ZQM	0.9923719800174375	-0.9923719800174373
ENOG4111ZQX	-0.41633856731707025	0.4163385673170697
ENOG4111ZU2	-0.5563461661725505	0.5563461661725502
ENOG4111ZU6	-0.2356694504539359	0.2356694504539355
ENOG4111ZVK	1.0054687951510237	-1.005468795151023
ENOG4111ZVU	0.9857693712791861	-0.9857693712791856
ENOG4111ZWU	-1.1257248243381264	1.1257248243381253
ENOG4111ZYQ	-0.44957741971716514	0.44957741971716486
ENOG4111ZZI	-1.4079599491113595	1.4079599491113581
ENOG411200D	-0.8850697598864404	0.8850697598864399
ENOG411200E	0.9503825406951648	-0.9503825406951641
ENOG411200G	-0.31508118230637294	0.3150811823063727
ENOG411201V	-0.5504028300668199	0.5504028300668192
ENOG4112026	-0.5958727660129641	0.5958727660129636
ENOG411203M	0.9844506792565949	-0.9844506792565944
ENOG411204B	-0.7206944948875069	0.7206944948875064
ENOG411204F	-1.0440262578174222	1.044026257817421
ENOG4112069	-1.3578217356027504	1.3578217356027495
ENOG4112074	1.3192958883834376	-1.3192958883834367
ENOG411208F	-1.806825940638668	1.8068259406386669
ENOG411208V	-0.7277421245668255	0.7277421245668251
ENOG41120AE	1.0055944334950169	-1.0055944334950164
ENOG41120BI	0.6266318370407485	-0.6266318370407479
ENOG41120BJ	-0.28616743125420874	0.2861674312542083
ENOG41120BR	1.1114084081828548	-1.1114084081828541
ENOG41120C4	-1.510146827121982	1.510146827121981
ENOG41120CJ	-0.4209836480587638	0.42098364805876354
ENOG41120CQ	0.11989563931216274	-0.11989563931216264
ENOG41120CV	-0.8784078852267253	0.8784078852267244
ENOG41120DB	-1.642411270236922	1.642411270236921
ENOG41120DG	0.5751896238356765	-0.5751896238356766
ENOG41120F2	0.3158374244970941	-0.3158374244970942
ENOG41120G2	1.0651559251298512	-1.0651559251298506
ENOG41120GH	0.8491526845981375	-0.849152684598137
ENOG41120H7	0.36050357996078214	-0.3605035799607821
ENOG41120IY	-0.6004520538768704	0.60045205387687
ENOG41120K9	-0.148460860709886	0.14846086070988568
ENOG41120M0	-0.3330709286279836	0.3330709286279831
ENOG41120Q3	-1.0604584602137939	1.0604584602137932
ENOG41120QD	-1.4983726646854278	1.4983726646854267
ENOG41120S9	0.31437917928128645	-0.3143791792812865
ENOG41120UV	-0.8859554802666948	0.8859554802666941
ENOG41120VS	-1.842611113167024	1.842611113167022
ENOG41120VY	-0.05054477520954353	0.05054477520954325
ENOG41120W9	-0.49431969833903394	0.4943196983390336
ENOG41120WW	-0.7336420120640276	0.7336420120640268
ENOG41120WX	-0.9713550654773392	0.9713550654773383
ENOG41120X1	0.5210957507502499	-0.5210957507502494
ENOG41120XT	-0.8148974763436083	0.8148974763436075
ENOG41120XU	-0.5607313944043628	0.5607313944043624
ENOG411211D	-0.9080173667865604	0.9080173667865595
ENOG411211N	2.0167961428330496	-2.016796142833049
ENOG4112145	-0.8764327672271951	0.8764327672271945
ENOG411214T	-1.0739739284934657	1.0739739284934646
ENOG411215K	1.0212053981105553	-1.0212053981105549
ENOG411215N	0.8299322521138792	-0.8299322521138789
ENOG411215V	-0.07045506688980666	0.07045506688980636
ENOG4112177	-1.4614536107726823	1.4614536107726808
ENOG411217B	-1.100628180311241	1.1006281803112399
ENOG411217S	-1.3109525287242967	1.3109525287242958
ENOG411218B	0.1987349242344562	-0.19873492423445607
ENOG411218C	-0.9069973017096583	0.9069973017096574
ENOG411218E	-0.013549336951212573	0.013549336951212564
ENOG4112192	-1.1888778062428704	1.1888778062428695
ENOG41121A6	-0.35076601785959644	0.35076601785959594
ENOG41121A9	-0.4892218720649934	0.48922187206499307
ENOG41121AN	0.11822413155699171	-0.11822413155699187
ENOG41121DF	0.033682403438316355	-0.03368240343831656
ENOG41121DX	1.4003527984914792	-1.4003527984914783
ENOG41121F2	-0.5996939983982564	0.5996939983982558
ENOG41121FI	-1.2163680043310547	1.2163680043310534
ENOG41121GG	-0.15492778648464764	0.1549277864846473
ENOG41121HZ	-1.1693402200367558	1.1693402200367549
ENOG41121IR	-1.0456908602577155	1.0456908602577148
ENOG41121IT	1.5216364094540518	-1.5216364094540513
ENOG41121K2	1.8322681755397394	-1.8322681755397388
ENOG41121KC	-0.7316947376115374	0.7316947376115368
ENOG41121KM	0.5867835439829835	-0.5867835439829828
ENOG41121MF	-0.3607203090498288	0.3607203090498283
ENOG41121MG	-1.1841686945466223	1.1841686945466214
ENOG41121ND	-0.6023730402811613	0.6023730402811609
ENOG41121NJ	0.20516011799857892	-0.20516011799857878
ENOG41121NM	-1.1780776893115474	1.1780776893115465
ENOG41121PC	-0.5455634709467604	0.5455634709467599
ENOG41121PF	-0.1282311234463922	0.12823112344639187
ENOG41121PH	-1.045390818894359	1.0453908188943581
ENOG41121PI	-1.0108979923078731	1.0108979923078725
ENOG41121PX	1.1404636643650718	-1.1404636643650714
ENOG41121QJ	-0.601699110698061	0.6016991106980606
ENOG41121QM	-1.164945271616601	1.1649452716166
ENOG41121QQ	-0.06653199407109552	0.06653199407109547
ENOG41121RG	-0.9211761435884771	0.9211761435884764
ENOG41121RH	0.741683140509162	-0.7416831405091617
ENOG41121S9	-1.7163075343519592	1.7163075343519576
ENOG41121SA	0.014471412988473651	-0.014471412988473879
ENOG41121TI	-0.7821356898627454	0.7821356898627448
ENOG41121U6	0.8351181349736534	-0.8351181349736531
ENOG41121VB	-0.6120120121833703	0.6120120121833696
ENOG41121W5	1.1877200313892817	-1.1877200313892808
ENOG41121W9	1.4958365475695858	-1.4958365475695854
ENOG41121WE	1.628653835534678	-1.6286538355346774
ENOG41121WF	-0.19488405283998883	0.1948840528399887
ENOG41121WJ	-1.3515154209158398	1.3515154209158387
ENOG41121WR	-0.748655510741046	0.7486555107410454
ENOG41121WS	-0.0989268077384204	0.09892680773842033
ENOG41121XC	-0.7688745423841051	0.7688745423841044
ENOG41121XF	-0.032746656906632296	0.03274665690663227
ENOG41121XN	-0.25402082506683116	0.254020825066831
ENOG41121ZM	-1.170067065316245	1.170067065316244
ENOG411220G	-0.2421651358038692	0.24216513580386878
ENOG411220U	-0.42728911752120186	0.4272891175212015
ENOG411220Z	-0.7705194102261528	0.7705194102261522
ENOG4112212	1.6149250334506045	-1.6149250334506033
ENOG4112218	-1.0279327470679565	1.0279327470679558
ENOG411221R	-1.2644133745976276	1.2644133745976265
ENOG411221V	-0.5611430861044396	0.5611430861044391
ENOG4112221	-0.32109388465216093	0.3210938846521605
ENOG4112222	0.8035193261175626	-0.8035193261175623
ENOG411222S	0.8836667059946949	-0.8836667059946942
ENOG4112231	-0.40953181162939534	0.40953181162939484
ENOG4112242	-2.033315141865043	2.033315141865041
ENOG4112247	-0.3527737678203102	0.3527737678203097
ENOG411224P	-0.6184897654445832	0.6184897654445828
ENOG4112250	-1.0815666039176013	1.0815666039176006
ENOG411225A	0.6301114509205675	-0.6301114509205671
ENOG411225D	0.3476412758868579	-0.3476412758868574
ENOG411225J	-0.6140242340208785	0.6140242340208778
ENOG411225U	-0.6872116467111964	0.687211646711196
ENOG411225V	-0.4696183324658887	0.46961833246588813
ENOG4112264	0.40420900247447467	-0.4042090024744749
ENOG411226D	-0.8742722692223727	0.874272269222372
ENOG411226F	-1.4455381797366489	1.445538179736648
ENOG411226W	-0.39565331261424036	0.39565331261423986
ENOG4112273	-1.1942529239893853	1.1942529239893842
ENOG411227G	1.3745278518992141	-1.3745278518992134
ENOG411227X	0.40931326470673535	-0.40931326470673507
ENOG411228A	-1.6846981944650221	1.6846981944650208
ENOG411229C	-0.6843984886683099	0.6843984886683093
ENOG411229U	-1.1878899452098164	1.1878899452098153
ENOG41122AH	1.499609793849838	-1.4996097938498374
ENOG41122AM	-1.0434074352436058	1.043407435243605
ENOG41122AR	1.3923037257400348	-1.3923037257400344
ENOG41122B5	-1.223602482101129	1.2236024821011282
ENOG41122B8	0.8747750009110056	-0.8747750009110047
ENOG41122BB	0.978647633058556	-0.9786476330585552
ENOG41122CF	-0.10523198059956451	0.10523198059956419
ENOG41122D8	-1.858084122258254	1.858084122258253
ENOG41122DJ	0.0466132169397265	-0.04661321693972646
ENOG41122EC	0.12273455466387485	-0.122734554663875
ENOG41122EN	-0.9402870307172027	0.940287030717202
ENOG41122FG	0.8262910994014033	-0.8262910994014027
ENOG41122GJ	-0.9274684850100325	0.9274684850100319
ENOG41122H2	-0.660498875874064	0.6604988758740634
ENOG41122HI	-1.7582977366708024	1.758297736670801
ENOG41122HP	-0.8537590673794075	0.8537590673794069
ENOG41122IS	-0.058599673163281026	0.058599673163280984
ENOG41122J9	-0.5192223933093659	0.5192223933093655
ENOG41122JK	-0.9352049164382703	0.9352049164382696
ENOG41122M6	-0.895147733008961	0.8951477330089601
ENOG41122M9	1.3392007294352934	-1.3392007294352928
ENOG41122MK	0.9898386810273898	-0.9898386810273894
ENOG41122N2	-1.234525842622878	1.2345258426228771
ENOG41122N7	-1.1580548821462342	1.1580548821462333
ENOG41122NB	-0.999173206314214	0.9991732063142132
ENOG41122NK	-1.4658889291185069	1.465888929118506
ENOG41122P4	0.44335682510788416	-0.4433568251078838
ENOG41122PE	-0.054676833683795105	0.05467683368379483
ENOG41122QZ	-0.8285169832477103	0.8285169832477097
ENOG41122RP	-0.49700319336035337	0.49700319336035303
ENOG41122RQ	-0.8587364212098542	0.8587364212098536
ENOG41122TR	-0.7378396993847998	0.7378396993847992
ENOG41122TU	0.16057163552458026	-0.1605716355245804
ENOG41122U9	-0.9666954195524441	0.9666954195524432
ENOG41122UV	-1.065282020392583	1.065282020392582
ENOG41122UX	-0.9783555860690747	0.978355586069074
ENOG41122VM	-0.822608251163683	0.8226082511636824
ENOG41122VX	-0.6576656654787232	0.6576656654787227
ENOG41122W4	-0.8768088977509654	0.8768088977509648
ENOG41122WR	-1.5109518726656261	1.510951872665625
ENOG41122Z1	-0.9917572115566847	0.9917572115566841
ENOG41122ZK	-0.8266698730058896	0.8266698730058888
ENOG4112303	0.6187910323287904	-0.61879103232879
ENOG411230M	-1.6424457741003768	1.6424457741003757
ENOG411230S	-0.037629994692147006	0.03762999469214674
ENOG4112315	-0.44015580593983933	0.4401558059398388
ENOG411231I	1.5967115584807687	-1.5967115584807676
ENOG411231N	-0.918715351941512	0.9187153519415113
ENOG4112340	-0.5961463397475346	0.596146339747534
ENOG4112345	0.6182749691569425	-0.618274969156942
ENOG411234I	-1.8376871540383388	1.8376871540383373
ENOG411234P	-0.6711236041797947	0.6711236041797942
ENOG411237Q	-1.7852497120947641	1.7852497120947624
ENOG411238I	1.1064121129561106	-1.1064121129561098
ENOG411239B	-1.5628779819913674	1.5628779819913663
ENOG411239D	0.408600535339216	-0.4086005353392159
ENOG411239P	-0.006300688112809	0.0063006881128087585
ENOG41123B5	-0.8835142152661405	0.8835142152661399
ENOG41123DH	-1.1942512617184253	1.1942512617184242
ENOG41123DX	-0.9074919776627238	0.9074919776627232
ENOG41123EH	0.320425546039436	-0.32042554603943557
ENOG41123F0	0.4342160021512135	-0.4342160021512132
ENOG41123FY	-0.40713709789699587	0.40713709789699554
ENOG41123G5	-0.12491787201390528	0.12491787201390495
ENOG41123HQ	-1.577687124133017	1.577687124133016
ENOG41123I1	-1.5312301508072113	1.5312301508072101
ENOG41123I3	-0.69212112894487	0.6921211289448693
ENOG41123I9	0.3196837152645345	-0.31968371526453426
ENOG41123IF	-0.6845053186750821	0.6845053186750817
ENOG41123IR	-0.8352090172141442	0.8352090172141436
ENOG41123KQ	-0.19045721341762048	0.19045721341762012
ENOG41123KX	0.3750785813008673	-0.3750785813008668
ENOG41123MJ	0.752519338782843	-0.7525193387828427
ENOG41123N0	-0.0428697364347018	0.04286973643470177
ENOG41123N6	1.1398669285882348	-1.1398669285882341
ENOG41123Q6	-1.226484665934568	1.2264846659345672
ENOG41123QB	0.2252981358367704	-0.2252981358367705
ENOG41123QH	-1.7191534484747206	1.719153448474719
ENOG41123QK	-1.0859402844714776	1.0859402844714767
ENOG41123QU	-0.10734137822616377	0.10734137822616346
ENOG41123RM	0.20763905181192152	-0.20763905181192163
ENOG41123RQ	-1.388377880892684	1.3883778808926828
ENOG41123SV	-1.0913653804707282	1.0913653804707275
ENOG41123SZ	0.3516901422580019	-0.3516901422580018
ENOG41123TF	-1.4381425939339254	1.438142593933924
ENOG41123U1	1.525428676526836	-1.525428676526835
ENOG41123UM	-1.1899171852156591	1.1899171852156583
ENOG41123UW	0.5956380633541329	-0.5956380633541323
ENOG41123V7	-0.050226640394541694	0.05022664039454166
ENOG41123VX	0.5480326383423235	-0.5480326383423233
ENOG41123WW	0.36161961079489774	-0.36161961079489746
ENOG41123X9	-1.4991884340924324	1.4991884340924315
ENOG41123XA	-0.5978405473549021	0.5978405473549018
ENOG41123XH	-0.7890569038914708	0.78905690389147
ENOG41123Y1	-0.3964458290179202	0.3964458290179199
ENOG41123YZ	1.5081839476497414	-1.5081839476497403
ENOG41123ZG	-1.1667544368186813	1.16675443681868
ENOG4112405	1.237768744919254	-1.2377687449192534
ENOG411240D	0.023523765790590862	-0.023523765790590845
ENOG411240F	-0.9502002090518642	0.9502002090518632
ENOG411241A	-0.4012496996444317	0.4012496996444314
ENOG411241E	0.579701877296861	-0.5797018772968605
ENOG411241G	-0.734658296591605	0.7346582965916042
ENOG411241Q	0.22192769010458188	-0.22192769010458172
ENOG4112444	-1.6735533695588274	1.6735533695588256
ENOG4112451	-0.09909844924631162	0.09909844924631131
ENOG411245B	0.7391381096818759	-0.7391381096818755
ENOG411245Y	-1.0470527461862964	1.0470527461862957
ENOG411246S	0.4269971526534112	-0.4269971526534109
ENOG411247A	0.15778009505332544	-0.1577800950533251
ENOG411247I	2.113255237128888	-2.1132552371288873
ENOG4112493	-0.8747220815992717	0.8747220815992708
ENOG411249J	-0.9552831600881652	0.9552831600881643
ENOG41124AI	-1.4813058726999868	1.4813058726999853
ENOG41124AT	0.6659289060619602	-0.6659289060619598
ENOG41124BE	-0.8029024112260816	0.8029024112260809
ENOG41124C9	-0.8718589731668347	0.8718589731668341
ENOG41124DC	-0.22629828517917863	0.22629828517917822
ENOG41124E1	-0.07767672027038508	0.07767672027038502
ENOG41124FR	-1.5560334710833694	1.556033471083368
ENOG41124FW	-1.1456012709665613	1.1456012709665604
ENOG41124G7	-0.3098718428303629	0.3098718428303627
ENOG41124H4	-0.9384678810571256	0.938467881057125
ENOG41124HD	0.6417251764813787	-0.6417251764813783
ENOG41124HM	-1.243804526781286	1.2438045267812852
ENOG41124K8	-0.5314433911492954	0.531443391149295
ENOG41124MH	0.32679898694679566	-0.32679898694679566
ENOG41124N5	0.9398763263387138	-0.9398763263387133
ENOG41124NI	-1.0288924586237898	1.028892458623789
ENOG41124NK	-0.7509374071205906	0.7509374071205901
ENOG41124PE	-1.8911827152276712	1.8911827152276697
ENOG41124PH	-0.6265099316411719	0.6265099316411714
ENOG41124PX	-0.36826786855323457	0.36826786855323407
ENOG41124Q5	-1.3955510081165106	1.3955510081165095
ENOG41124QH	-0.6600746260630189	0.6600746260630185
ENOG41124R2	0.8281930005491376	-0.8281930005491369
ENOG41124SB	-1.1769931424545703	1.1769931424545692
ENOG41124SH	0.45787752785827807	-0.4578775278582778
ENOG41124TY	-0.8897230589860505	0.8897230589860496
ENOG41124UB	0.9816908716039344	-0.981690871603934
ENOG41124UP	-1.7983382791994846	1.798338279199483
ENOG41124W3	-0.6406190294843969	0.6406190294843962
ENOG41124WQ	0.5719631456790153	-0.5719631456790151
ENOG41124XH	0.8609185598349521	-0.8609185598349518
ENOG41124YU	-0.5193357965149406	0.51933579651494
ENOG41124ZB	0.5852184625220677	-0.5852184625220678
ENOG411250X	-1.0559026487939247	1.0559026487939238
ENOG4112518	0.23333628806236772	-0.2333362880623678
ENOG411251H	-0.22943681518912423	0.2294368151891241
ENOG4112522	-1.0329573558978176	1.032957355897817
ENOG411252D	0.08317994991337141	-0.08317994991337159
ENOG4112546	0.8664695040713771	-0.8664695040713765
ENOG411254Y	-0.17526204772669296	0.17526204772669285
ENOG411257G	0.2317645075182652	-0.23176450751826502
ENOG411257V	-0.5417047062042253	0.5417047062042246
ENOG4112582	-0.5808482256125757	0.580848225612575
ENOG411258W	-0.9002587478777943	0.9002587478777936
ENOG411259G	0.10872581137141873	-0.10872581137141912
ENOG411259P	1.5066858769674747	-1.5066858769674736
ENOG411259U	0.037419566865233254	-0.03741956686523346
ENOG411259X	-1.2550939365239164	1.2550939365239155
ENOG41125AB	0.41990884253332483	-0.41990884253332456
ENOG41125AW	-0.07312166773907948	0.07312166773907942
ENOG41125BE	0.8298329262864227	-0.8298329262864226
ENOG41125BR	0.029769250515503956	-0.02976925051550417
ENOG41125CR	-0.8230037709853328	0.823003770985332
ENOG41125D5	0.23007147768588238	-0.23007147768588243
ENOG41125D6	-0.6657701001657517	0.6657701001657512
ENOG41125DJ	1.5894139771912166	-1.5894139771912157
ENOG41125EB	-0.2023598775460754	0.20235987754607526
ENOG41125F4	-0.8576449917664104	0.8576449917664097
ENOG41125FH	-0.0016241891033451545	0.0016241891033451532
ENOG41125G7	-1.3569381814969912	1.3569381814969896
ENOG41125GB	-1.5921482467991133	1.5921482467991117
ENOG41125HN	-1.4472173546877558	1.4472173546877547
ENOG41125HS	-0.028435413355274563	0.028435413355274306
ENOG41125HU	0.28171165073548254	-0.2817116507354821
ENOG41125I4	0.11108572253850478	-0.1110857225385047
ENOG41125I6	-0.25360586643095123	0.25360586643095084
ENOG41125IJ	-1.0613282477194266	1.0613282477194257
ENOG41125J2	-1.1379085219668659	1.1379085219668652
ENOG41125JR	1.8091773470739354	-1.8091773470739343
ENOG41125JT	-1.1578465850202901	1.1578465850202888
ENOG41125JZ	0.23055816370225263	-0.2305581637022522
ENOG41125K2	-0.6644223834480484	0.6644223834480479
ENOG41125KS	1.4391930039693728	-1.4391930039693723
ENOG41125MV	-0.016479517931266875	0.01647951793126686
ENOG41125N3	-0.031204705047168085	0.031204705047168064
ENOG41125P7	-1.210094785619218	1.2100947856192168
ENOG41125PX	-0.15425630900033874	0.1542563090003384
ENOG41125QE	-0.7848310554896804	0.7848310554896795
ENOG41125RC	-0.750731084160577	0.7507310841605762
ENOG41125RF	-1.1742226811502048	1.174222681150204
ENOG41125RI	0.21575097165253562	-0.21575097165253593
ENOG41125RN	-0.7217793832601205	0.72177938326012
ENOG41125RT	1.3551282793534596	-1.3551282793534587
ENOG41125RW	-1.6760535865025779	1.6760535865025772
ENOG41125TW	1.2680447194366946	-1.2680447194366944
ENOG41125V3	-1.3507072391234558	1.3507072391234543
ENOG41125V9	-0.7349110325256065	0.7349110325256057
ENOG41125VV	-1.585439920054899	1.5854399200548976
ENOG41125WH	-0.4869907790347643	0.48699077903476395
ENOG41125WJ	-0.13719694223514325	0.13719694223514314
ENOG41125X6	-1.2755689641092116	1.2755689641092107
ENOG41125XB	-0.6144835487880592	0.6144835487880586
ENOG41125XC	-1.6451753639101274	1.645175363910126
ENOG41125XW	0.19282438837153723	-0.1928243883715371
ENOG41125Y1	-0.6075750461675992	0.6075750461675987
ENOG41125YY	-1.074933882272913	1.074933882272912
ENOG4112602	-1.354911929650993	1.354911929650992
ENOG4112608	1.3556079933940177	-1.3556079933940166
ENOG4112616	-1.2342417225052593	1.2342417225052578
ENOG411261E	1.7157392055921707	-1.7157392055921703
ENOG411261G	-1.3926698342051813	1.39266983420518
ENOG411263W	-0.24829717184924832	0.2482971718492479
ENOG411263Z	0.3604618335305635	-0.360461833530563
ENOG411265D	-0.8005860415279002	0.8005860415278996
ENOG411266S	-0.22584602529811626	0.2258460252981161
ENOG4112672	-1.3434641778529648	1.3434641778529637
ENOG4112676	-1.3812309847407156	1.3812309847407147
ENOG411267M	0.7386284327840816	-0.7386284327840811
ENOG41126CM	0.3556040056846711	-0.3556040056846709
ENOG41126DB	1.6900554825806917	-1.690055482580691
ENOG41126DH	0.561626808713862	-0.5616268087138616
ENOG41126E4	-1.5894524762690987	1.5894524762690974
ENOG41126EI	-1.2927703260528758	1.292770326052875
ENOG41126EM	-0.413573556759196	0.4135735567591957
ENOG41126FF	-0.6208695907245293	0.6208695907245289
ENOG41126GD	-1.7097957365088556	1.709795736508854
ENOG41126GF	0.4827469759716994	-0.4827469759716995
ENOG41126IB	-1.6598988042994012	1.6598988042994
ENOG41126IJ	-1.3300459115898295	1.3300459115898287
ENOG41126IX	-0.9264401517697207	0.9264401517697198
ENOG41126JQ	-0.6219648066340283	0.6219648066340279
ENOG41126KP	-0.2683284300298585	0.26832843002985834
ENOG41126Q7	-0.43497756665139875	0.43497756665139825
ENOG41126QI	-0.3582349726750621	0.3582349726750618
ENOG41126R7	-0.011438792981443019	0.011438792981442774
ENOG41126RH	-1.5156189671538498	1.5156189671538487
ENOG41126RN	-1.6602053837312605	1.6602053837312591
ENOG41126S5	1.4603796764384753	-1.4603796764384742
ENOG41126TB	-1.0560162301948495	1.0560162301948488
ENOG41126TF	1.612494376013372	-1.6124943760133708
ENOG41126VT	-0.6164262620641787	0.616426262064178
ENOG41126X9	-0.034344328178555074	0.03434432817855505
ENOG41126XG	-0.47253910359531365	0.4725391035953131
ENOG41126XN	-0.9612969367715886	0.9612969367715877
ENOG41126YZ	0.1691836005808665	-0.16918360058086637
ENOG41126ZB	-0.05107500335129618	0.05107500335129591
ENOG41126ZD	-1.525226968779772	1.5252269687797704
ENOG4112703	-0.5450559346012605	0.5450559346012598
ENOG4112704	-0.7416388440097361	0.7416388440097356
ENOG4112717	-1.1923788009897338	1.192378800989733
ENOG411271A	0.011295952166204777	-0.01129595216620477
ENOG411271G	-0.6216184930571059	0.6216184930571053
ENOG411272B	0.019708734169153887	-0.01970873416915411
ENOG411274N	-0.5379966219881633	0.5379966219881629
ENOG411275W	-0.670642733300679	0.6706427333006783
ENOG411278K	-0.027446125126493772	0.027446125126493755
ENOG41127AN	-0.06703991215636307	0.06703991215636301
ENOG41127B8	-0.2385820992922957	0.23858209929229554
ENOG41127BF	-0.14860338318024402	0.1486033831802439
ENOG41127CF	0.8177002243482692	-0.8177002243482686
ENOG41127DC	-1.4151129092740133	1.4151129092740118
ENOG41127EG	-1.2683115818067456	1.2683115818067447
ENOG41127FW	0.1791589251593863	-0.17915892515938592
ENOG41127G0	-0.3473366392754601	0.3473366392754599
ENOG41127G1	1.2922636845448467	-1.2922636845448459
ENOG41127H1	0.28273565133814205	-0.2827356513381423
ENOG41127IP	0.08941045085441998	-0.08941045085442015
ENOG41127IU	1.5024934632441065	-1.5024934632441056
ENOG41127JR	-0.4400395657740173	0.44003956577401676
ENOG41127MM	-0.11857401363371778	0.11857401363371746
ENOG41127P0	-0.5126776638029797	0.5126776638029791
ENOG41127P9	2.08440086747204	-2.0844008674720382
ENOG41127PX	-0.9269092077126365	0.9269092077126359
ENOG41127Q2	0.8697709607923794	-0.8697709607923793
ENOG41127QI	-1.1138261379934626	1.1138261379934618
ENOG41127QJ	-0.34695827412916586	0.34695827412916536
ENOG41127R7	0.2626384619249576	-0.26263846192495766
ENOG41127R8	-0.5239159000356374	0.5239159000356369
ENOG41127RZ	-0.34563077712308304	0.3456307771230828
ENOG41127S9	0.2348402069820035	-0.23484020698200309
ENOG41127TK	-1.449259182366064	1.449259182366063
ENOG41127TN	0.7336923651247372	-0.7336923651247371
ENOG41127W8	-1.5176404226229847	1.5176404226229836
ENOG41127X0	1.9599993572492858	-1.9599993572492849
ENOG41127XA	-0.3024383495921782	0.30243834959217775
ENOG41127XM	0.9553471416278526	-0.9553471416278525
ENOG41127XR	-0.9790949696606351	0.9790949696606345
ENOG41127ZD	-1.2499413805541846	1.2499413805541832
ENOG411280K	0.17691701327457682	-0.1769170132745767
ENOG4112823	1.378119330118599	-1.378119330118598
ENOG411284Y	-1.0090515125166173	1.0090515125166166
ENOG4112857	-0.41320301694701284	0.41320301694701256
ENOG411288G	-1.244061438869688	1.2440614388696867
ENOG411289F	1.5123019481456563	-1.5123019481456557
ENOG41128AR	1.2675735046603556	-1.2675735046603551
ENOG41128BD	-0.47234101863874983	0.4723410186387493
ENOG41128BI	0.851879133386575	-0.8518791333865745
ENOG41128C2	0.3692725279473466	-0.36927252794734683
ENOG41128C9	-1.0935729840659012	1.0935729840659
ENOG41128D5	-0.0607589779483765	0.06075897794837646
ENOG41128DD	-0.053516001892144505	0.05351600189214447
ENOG41128F3	-0.09997395597223346	0.09997395597223316
ENOG41128FT	-0.7156749828473046	0.7156749828473038
ENOG41128G1	-0.29419974684890005	0.2941997468488996
ENOG41128GQ	0.23980781183460875	-0.2398078118346088
ENOG41128I7	0.8088289694045673	-0.8088289694045669
ENOG41128IS	-0.4716833148778234	0.47168331487782306
ENOG41128KA	-0.6535840351036825	0.6535840351036818
ENOG41128KE	-0.6386371186265836	0.6386371186265831
ENOG41128KU	-0.29463924615683385	0.2946392461568334
ENOG41128KW	-0.1984775316909998	0.1984775316909994
ENOG41128MG	-0.30456071632331405	0.30456071632331383
ENOG41128NQ	0.4058238687277339	-0.40582386872773385
ENOG41128P6	-1.4661951875273593	1.4661951875273584
ENOG41128PQ	-0.4717216775334079	0.47172167753340755
ENOG41128PW	-0.0158029523855919	0.01580295238559165
ENOG41128QS	0.07946047246471058	-0.07946047246471052
ENOG41128TJ	-0.1695547162855256	0.1695547162855255
ENOG41128UQ	-0.5671195764678969	0.5671195764678966
ENOG41128VE	-0.4340500781260593	0.434050078126059
ENOG41128VG	1.1412737356077283	-1.1412737356077274
ENOG41128VI	-0.5045775953538562	0.5045775953538556
ENOG41128VT	1.0736255925302038	-1.0736255925302036
ENOG41128XF	-0.5123899241870252	0.5123899241870249
ENOG41128XR	1.1385061488324426	-1.1385061488324417
ENOG41128YM	-0.3497785805008362	0.3497785805008357
ENOG411291H	-0.03479413838396807	0.03479413838396805
ENOG4112923	-1.209338592280303	1.2093385922803017
ENOG411292Y	-1.0280650771996203	1.0280650771996194
ENOG4112936	-0.8774173893557691	0.8774173893557684
ENOG411293P	-0.6999057203414135	0.6999057203414127
ENOG411296F	0.06013651366791109	-0.060136513667911284
ENOG411296X	-1.2871258868214728	1.2871258868214719
ENOG411297B	-1.4924002950556514	1.49240029505565
ENOG411297U	-0.07196116338435002	0.07196116338434996
ENOG4112983	-0.5653107452765219	0.5653107452765215
ENOG4112986	-0.781554434895102	0.7815544348951015
ENOG411298D	-1.3449515641870846	1.3449515641870837
ENOG411298I	1.7779718702158878	-1.777971870215887
ENOG41129AF	-0.27493676102495823	0.2749367610249578
ENOG41129AH	0.5949444195170517	-0.5949444195170515
ENOG41129BN	-0.4194724212965673	0.419472421296567
ENOG41129DW	-0.02504445735326899	0.025044457353268972
ENOG41129FA	0.26789861637465584	-0.2678986163746559
ENOG41129GG	-0.5099945682749216	0.5099945682749213
ENOG41129IE	0.7500443818444472	-0.750044381844447
ENOG41129IY	0.49050997605340074	-0.4905099760534002
ENOG41129JG	-0.6073642921564992	0.6073642921564986
ENOG41129K2	0.35827378387478276	-0.3582737838747825
ENOG41129P8	-1.0206095958377794	1.0206095958377785
ENOG41129PP	-0.11913908933645329	0.1191390893364532
ENOG41129QP	-0.6437361847759363	0.6437361847759355
ENOG41129R3	-0.911061319999927	0.9110613199999261
ENOG41129SD	-1.8968066843581408	1.8968066843581397
ENOG41129TA	-0.1201247242556979	0.12012472425569758
ENOG41129TD	-0.733221754227008	0.7332217542270072
ENOG41129UH	0.35842523317233754	-0.35842523317233704
ENOG41129Y0	-1.2517983009704952	1.2517983009704943
ENOG4112A0K	-1.2727543258262164	1.272754325826215
ENOG4112A1I	0.27406192192887197	-0.27406192192887174
ENOG4112A2A	-1.280239952216441	1.28023995221644
ENOG4112A2V	0.3511604891637898	-0.3511604891637895
ENOG4112A4I	0.3116868006342207	-0.311686800634221
ENOG4112A5C	1.158527759088772	-1.1585277590887715
ENOG4112A6V	0.3571433522990243	-0.3571433522990242
ENOG4112A7R	0.12450773466404005	-0.1245077346640402
ENOG4112A8K	0.4169083492859372	-0.4169083492859371
ENOG4112ACK	1.7989125466261222	-1.7989125466261207
ENOG4112AER	-1.0403921605249662	1.0403921605249653
ENOG4112AFU	-1.5883758422545153	1.5883758422545142
ENOG4112AGB	1.0576179354829134	-1.0576179354829125
ENOG4112AGM	-1.8610713924912812	1.8610713924912798
ENOG4112AGZ	0.3202979043619699	-0.3202979043619697
ENOG4112AHB	-0.5226117561016451	0.5226117561016445
ENOG4112AI9	-1.4077407605179506	1.407740760517949
ENOG4112AIA	0.92633990088929	-0.9263399008892893
ENOG4112AIV	0.17601384850819218	-0.1760138485081923
ENOG4112AJC	0.9879573772597452	-0.9879573772597444
ENOG4112AMX	0.0740246147383284	-0.07402461473832858
ENOG4112AN7	-0.9435911255179411	0.9435911255179402
ENOG4112AP8	0.03851618251487984	-0.03851618251488005
ENOG4112AQE	-0.6672573185332051	0.6672573185332044
ENOG4112ARF	-1.1913014103348232	1.1913014103348223
ENOG4112AS9	-0.4332945742989765	0.43329457429897617
ENOG4112AT0	0.17190991983058282	-0.17190991983058318
ENOG4112AT2	0.6528509496048359	-0.6528509496048359
ENOG4112ATZ	-0.18840457275954792	0.18840457275954756
ENOG4112AUQ	-1.549369787947015	1.5493697879470139
ENOG4112AUV	-0.548139551215419	0.5481395512154184
ENOG4112AVU	1.708576485622414	-1.7085764856224126
ENOG4112AWE	-1.1276525501390706	1.1276525501390697
ENOG4112AYN	-1.2489485624214887	1.2489485624214878
ENOG4112AYX	0.9840199039715742	-0.9840199039715736
ENOG4112B21	-0.16324631969768863	0.16324631969768827
ENOG4112B23	-1.4681114584064392	1.468111458406438
ENOG4112B3D	-0.409929518894962	0.40992951889496143
ENOG4112B3T	-0.68816612222109	0.6881661222210895
ENOG4112B40	-0.6480710643783609	0.6480710643783605
ENOG4112B6B	1.063262405554922	-1.0632624055549214
ENOG4112B7G	0.24988277554735944	-0.2498827755473595
ENOG4112B7S	-0.23679094449713825	0.23679094449713808
ENOG4112B85	-0.6260765345108864	0.6260765345108857
ENOG4112B8F	0.6455875210308764	-0.6455875210308759
ENOG4112BAR	0.58368070219912	-0.5836807021991198
ENOG4112BBM	-0.20869212660523503	0.2086921266052349
ENOG4112BDA	1.2819226680266926	-1.2819226680266917
ENOG4112BED	-0.7219788368204206	0.7219788368204201
ENOG4112BFC	-1.2098320346827136	1.209832034682713
ENOG4112BFI	-0.8784099891621946	0.8784099891621937
ENOG4112BGB	1.323115219614283	-1.3231152196142821
ENOG4112BGH	-0.8200581880486308	0.8200581880486301
ENOG4112BGZ	0.5953149954345787	-0.5953149954345784
ENOG4112BJ0	-1.2365750191290141	1.2365750191290132
ENOG4112BM4	0.5255954270560885	-0.525595427056088
ENOG4112BMZ	-0.8021946618152352	0.8021946618152345
ENOG4112BNG	-0.15484994655238302	0.1548499465523829
ENOG4112BP6	-1.4234924228340473	1.4234924228340464
ENOG4112BPV	-0.9442456591981487	0.9442456591981478
ENOG4112BQQ	0.5712479003471316	-0.5712479003471311
ENOG4112BR0	0.6207358243827316	-0.6207358243827309
ENOG4112BRK	-0.7950589459583522	0.7950589459583515
ENOG4112BT2	0.06706193945469457	-0.067061939454695
ENOG4112BVS	1.0272971840393867	-1.0272971840393856
ENOG4112BX3	-1.234416027491057	1.2344160274910558
ENOG4112BX4	-0.808837329483638	0.8088373294836371
ENOG4112BYG	-0.04753152570252711	0.04753152570252708
ENOG4112BYK	-1.38888767494174	1.388887674941739
ENOG4112BYU	0.3840610421661456	-0.3840610421661456
ENOG4112C08	1.0973928183657142	-1.0973928183657136
ENOG4112C0Y	-0.9543275968134523	0.9543275968134514
ENOG4112C7Q	-0.6292861338098911	0.6292861338098904
ENOG4112C7V	-0.46379220608498506	0.4637922060849847
ENOG4112C8X	0.6356763946513828	-0.6356763946513828
ENOG4112C9F	0.2413264015964274	-0.24132640159642746
ENOG4112C9W	-1.2956965597361467	1.2956965597361456
ENOG4112CAA	0.9142361125963137	-0.9142361125963128
ENOG4112CCT	1.005889308822636	-1.0058893088226353
ENOG4112CDS	-1.3957271033082992	1.3957271033082983
ENOG4112CG8	-0.37122694601553213	0.37122694601553186
ENOG4112CHY	1.2164935102957248	-1.2164935102957242
ENOG4112CHZ	-1.3605326510640272	1.360532651064026
ENOG4112CIK	0.39780255846533963	-0.39780255846533935
ENOG4112CIP	-0.02923538972902444	0.029235389729024182
ENOG4112CJA	-1.78349262727247	1.7834926272724683
ENOG4112CMJ	0.9768076077707724	-0.9768076077707717
ENOG4112CMR	-1.9067547307434585	1.9067547307434571
ENOG4112CNW	0.7330526229406652	-0.7330526229406646
ENOG4112CPX	-1.7537545366510574	1.7537545366510556
ENOG4112CQ9	-0.022666157963592386	0.022666157963592132
ENOG4112CQB	-0.3343601697695137	0.3343601697695132
ENOG4112CWU	-1.4750505625195474	1.4750505625195462
ENOG4112CXG	0.5169822429559731	-0.5169822429559727
ENOG4112D1P	-0.8010638058110258	0.8010638058110252
ENOG4112D2I	0.500119242900297	-0.5001192429002969
ENOG4112D3M	0.7888407233911021	-0.7888407233911016
ENOG4112D3X	-0.5602026953511257	0.560202695351125
ENOG4112D63	-0.5548159357389076	0.5548159357389073
ENOG4112D68	-0.6682373101618291	0.6682373101618284
ENOG4112D6A	-0.7560994788431309	0.7560994788431303
ENOG4112D73	0.5041404762844068	-0.504140476284407
ENOG4112D7I	-0.05963896932308863	0.05963896932308859
ENOG4112D91	1.0755484610153334	-1.0755484610153327
ENOG4112D9A	0.08201479936462899	-0.08201479936462894
ENOG4112DBA	-0.25174240676582654	0.2517424067658261
ENOG4112DBJ	-1.4835650062085655	1.4835650062085644
ENOG4112DCR	1.3459302679185725	-1.3459302679185716
k_Archaea.p_Euryarchaeota.c_Methanobacteria.o_Methanobacteriales.f_Methanobacteriaceae.g_Methanobrevibacter.s_Unclassified.Methanobrevibacter	-1.2847090811764015	1.2847090811764006
k_Bacteria.p_Actinobacteria.c_Actinomycetia.o_Actinomycetales.f_Actinomycetaceae.g_Actinomyces.s_Actinomyces.graevenitzii	-1.0808976085673296	1.0808976085673287
k_Bacteria.p_Actinobacteria.c_Actinomycetia.o_Actinomycetales.f_Actinomycetaceae.g_Actinomyces.s_Actinomyces.sp.	-0.35820133552365757	0.3582013355236573
k_Bacteria.p_Actinobacteria.c_Actinomycetia.o_Actinomycetales.f_Actinomycetaceae.g_Unclassified.Actinomycetaceae.s_Unclassified.Actinomycetaceae	0.9916864936757714	-0.9916864936757706
k_Bacteria.p_Actinobacteria.c_Actinomycetia.o_Actinomycetales.f_Actinomycetaceae.g_Varibaculum.s_Unclassified.Varibaculum	1.8753187854606586	-1.875318785460658
k_Bacteria.p_Actinobacteria.c_Actinomycetia.o_Actinomycetales.f_Actinomycetaceae.g_Varibaculum.s_Varibaculum.cambriense	0.5821015432973913	-0.582101543297391
k_Bacteria.p_Actinobacteria.c_Actinomycetia.o_Bifidobacteriales.f_Bifidobacteriaceae.g_Bifidobacterium.s_Bifidobacterium.adolescentis	-0.0010839187448676547	0.0010839187448676538
k_Bacteria.p_Actinobacteria.c_Actinomycetia.o_Bifidobacteriales.f_Bifidobacteriaceae.g_Bifidobacterium.s_Bifidobacterium.angulatum	-0.26822005093952084	0.26822005093952045
k_Bacteria.p_Actinobacteria.c_Actinomycetia.o_Bifidobacteriales.f_Bifidobacteriaceae.g_Bifidobacterium.s_Bifidobacterium.animalis	0.4695223633633052	-0.4695223633633049
k_Bacteria.p_Actinobacteria.c_Actinomycetia.o_Bifidobacteriales.f_Bifidobacteriaceae.g_Bifidobacterium.s_Bifidobacterium.bifidum	-0.8668756664523024	0.8668756664523019
k_Bacteria.p_Actinobacteria.c_Actinomycetia.o_Bifidobacteriales.f_Bifidobacteriaceae.g_Bifidobacterium.s_Bifidobacterium.breve	1.1601293781398352	-1.1601293781398345
k_Bacteria.p_Actinobacteria.c_Actinomycetia.o_Bifidobacteriales.f_Bifidobacteriaceae.g_Bifidobacterium.s_Bifidobacterium.catenulatum	-0.42206026368842203	0.4220602636884217
k_Bacteria.p_Actinobacteria.c_Actinomycetia.o_Bifidobacteriales.f_Bifidobacteriaceae.g_Bifidobacterium.s_Bifidobacterium.dentium	-1.943781310813741	1.9437813108137392
k_Bacteria.p_Actinobacteria.c_Actinomycetia.o_Bifidobacteriales.f_Bifidobacteriaceae.g_Bifidobacterium.s_Bifidobacterium.longum	0.2763876608748117	-0.27638766087481154
k_Bacteria.p_Actinobacteria.c_Actinomycetia.o_Bifidobacteriales.f_Bifidobacteriaceae.g_Bifidobacterium.s_Bifidobacterium.merycicum	-0.8650996010454168	0.865099601045416
k_Bacteria.p_Actinobacteria.c_Actinomycetia.o_Bifidobacteriales.f_Bifidobacteriaceae.g_Bifidobacterium.s_Bifidobacterium.pseudocatenulatum	0.44140510094417545	-0.4414051009441752
k_Bacteria.p_Actinobacteria.c_Actinomycetia.o_Bifidobacteriales.f_Bifidobacteriaceae.g_Bifidobacterium.s_Bifidobacterium.pseudolongum	0.9637993809036394	-0.9637993809036387
k_Bacteria.p_Actinobacteria.c_Actinomycetia.o_Bifidobacteriales.f_Bifidobacteriaceae.g_Bifidobacterium.s_Bifidobacterium.scardovii	0.11142315994857954	-0.1114231599485797
k_Bacteria.p_Actinobacteria.c_Actinomycetia.o_Bifidobacteriales.f_Bifidobacteriaceae.g_Bifidobacterium.s_Bifidobacterium.sp.	0.7335002984588495	-0.7335002984588492
k_Bacteria.p_Actinobacteria.c_Actinomycetia.o_Bifidobacteriales.f_Bifidobacteriaceae.g_Bifidobacterium.s_Unclassified.Bifidobacterium	1.2067441563664587	-1.2067441563664578
k_Bacteria.p_Actinobacteria.c_Actinomycetia.o_Bifidobacteriales.f_Bifidobacteriaceae.g_Gardnerella.s_Unclassified.Gardnerella	0.9114825507534792	-0.9114825507534788
k_Bacteria.p_Actinobacteria.c_Actinomycetia.o_Bifidobacteriales.f_Bifidobacteriaceae.g_Unclassified.Bifidobacteriaceae.s_Unclassified.Bifidobacteriaceae	1.819736952725112	-1.8197369527251113
k_Bacteria.p_Actinobacteria.c_Actinomycetia.o_Corynebacteriales.f_Corynebacteriaceae.g_Corynebacterium.s_Corynebacterium.flavescens	0.9151774225356403	-0.9151774225356396
k_Bacteria.p_Actinobacteria.c_Actinomycetia.o_Corynebacteriales.f_Corynebacteriaceae.g_Corynebacterium.s_Unclassified.Corynebacterium	1.119636412275717	-1.119636412275716
k_Bacteria.p_Actinobacteria.c_Actinomycetia.o_Micrococcales.f_Micrococcaceae.g_Rothia.s_Rothia.mucilaginosa	0.9760519020395733	-0.9760519020395726
k_Bacteria.p_Actinobacteria.c_Actinomycetia.o_Micrococcales.f_Micrococcaceae.g_Rothia.s_Unclassified.Rothia	0.3199330919640183	-0.31993309196401787
k_Bacteria.p_Actinobacteria.c_Actinomycetia.o_Micrococcales.f_Unclassified.Micrococcales.g_Unclassified.Micrococcales.s_Unclassified.Micrococcales	1.3506587066742057	-1.3506587066742048
k_Bacteria.p_Actinobacteria.c_Actinomycetia.o_Propionibacteriales.f_Propionibacteriaceae.g_Propionibacterium.s_Propionibacterium.freudenreichii	0.6413943700613378	-0.6413943700613371
k_Bacteria.p_Actinobacteria.c_Actinomycetia.o_Propionibacteriales.f_Propionibacteriaceae.g_Propionibacterium.s_Unclassified.Propionibacterium	-0.1472779899732515	0.14727798997325142
k_Bacteria.p_Actinobacteria.c_Actinomycetia.o_Propionibacteriales.f_Propionibacteriaceae.g_Unclassified.Propionibacteriaceae.s_Unclassified.Propionibacteriaceae	-0.6162550208682347	0.6162550208682339
k_Bacteria.p_Actinobacteria.c_Actinomycetia.o_Streptomycetales.f_Streptomycetaceae.g_Streptomyces.s_Unclassified.Streptomyces	-1.3665000491601778	1.3665000491601769
k_Bacteria.p_Actinobacteria.c_Actinomycetia.o_Unclassified.Actinomycetia.f_Unclassified.Actinomycetia.g_Unclassified.Actinomycetia.s_Unclassified.Actinomycetia	1.1794820888864455	-1.1794820888864448
k_Bacteria.p_Actinobacteria.c_Coriobacteriia.o_Coriobacteriales.f_Atopobiaceae.g_Atopobium.s_Atopobium.sp.	0.9375543658827021	-0.9375543658827017
k_Bacteria.p_Actinobacteria.c_Coriobacteriia.o_Coriobacteriales.f_Coriobacteriaceae.g_Collinsella.s_Collinsella.aerofaciens	-0.9920523209125983	0.9920523209125973
k_Bacteria.p_Actinobacteria.c_Coriobacteriia.o_Coriobacteriales.f_Coriobacteriaceae.g_Collinsella.s_Collinsella.intestinalis	-0.6349496784043881	0.6349496784043874
k_Bacteria.p_Actinobacteria.c_Coriobacteriia.o_Coriobacteriales.f_Coriobacteriaceae.g_Collinsella.s_Collinsella.phocaeensis	0.01466202093356013	-0.01466202093356012
k_Bacteria.p_Actinobacteria.c_Coriobacteriia.o_Coriobacteriales.f_Coriobacteriaceae.g_Collinsella.s_Collinsella.sp.	-0.05792380994525215	0.05792380994525187
k_Bacteria.p_Actinobacteria.c_Coriobacteriia.o_Coriobacteriales.f_Coriobacteriaceae.g_Collinsella.s_Collinsella.stercoris	-0.8881581619879133	0.8881581619879126
k_Bacteria.p_Actinobacteria.c_Coriobacteriia.o_Coriobacteriales.f_Coriobacteriaceae.g_Collinsella.s_Collinsella.tanakaei	1.7994107898210603	-1.7994107898210598
k_Bacteria.p_Actinobacteria.c_Coriobacteriia.o_Coriobacteriales.f_Coriobacteriaceae.g_Collinsella.s_Unclassified.Collinsella	1.0955131880552686	-1.095513188055268
k_Bacteria.p_Actinobacteria.c_Coriobacteriia.o_Coriobacteriales.f_Coriobacteriaceae.g_Coriobacteriaceae.bacterium..no.genus.in.NCBI..s_Coriobacteriaceae.bacterium	-0.9874608415097769	0.9874608415097759
k_Bacteria.p_Actinobacteria.c_Coriobacteriia.o_Coriobacteriales.f_Coriobacteriaceae.g_Enorma.s_Unclassified.Enorma	-0.968762790104915	0.9687627901049143
k_Bacteria.p_Actinobacteria.c_Coriobacteriia.o_Coriobacteriales.f_Coriobacteriaceae.g_Senegalimassilia.s_Senegalimassilia.anaerobia	-0.5385934232166153	0.538593423216615
k_Bacteria.p_Actinobacteria.c_Coriobacteriia.o_Coriobacteriales.f_Coriobacteriaceae.g_Unclassified.Coriobacteriaceae.s_Unclassified.Coriobacteriaceae	-1.4098201818683884	1.409820181868387
k_Bacteria.p_Actinobacteria.c_Coriobacteriia.o_Coriobacteriales.f_Unclassified.Coriobacteriales.g_Unclassified.Coriobacteriales.s_Unclassified.Coriobacteriales	-0.488475775840233	0.4884757758402324
k_Bacteria.p_Actinobacteria.c_Coriobacteriia.o_Eggerthellales.f_Eggerthellaceae.g_Adlercreutzia.s_Adlercreutzia.equolifaciens	0.599077819068408	-0.5990778190684075
k_Bacteria.p_Actinobacteria.c_Coriobacteriia.o_Eggerthellales.f_Eggerthellaceae.g_Adlercreutzia.s_Unclassified.Adlercreutzia	0.6011802697729488	-0.6011802697729487
k_Bacteria.p_Actinobacteria.c_Coriobacteriia.o_Eggerthellales.f_Eggerthellaceae.g_Eggerthella.s_Eggerthella.lenta	-1.4613947804344503	1.4613947804344491
k_Bacteria.p_Actinobacteria.c_Coriobacteriia.o_Eggerthellales.f_Eggerthellaceae.g_Eggerthella.s_Unclassified.Eggerthella	-1.0578820535432567	1.0578820535432558
k_Bacteria.p_Actinobacteria.c_Coriobacteriia.o_Eggerthellales.f_Eggerthellaceae.g_Gordonibacter.s_Gordonibacter.pamelaeae	-1.2928539716125944	1.2928539716125935
k_Bacteria.p_Actinobacteria.c_Coriobacteriia.o_Eggerthellales.f_Eggerthellaceae.g_Gordonibacter.s_Gordonibacter.sp.	-0.9607027910592667	0.960702791059266
k_Bacteria.p_Actinobacteria.c_Coriobacteriia.o_Eggerthellales.f_Eggerthellaceae.g_Gordonibacter.s_Gordonibacter.urolithinfaciens	-0.7132927496054456	0.7132927496054451
k_Bacteria.p_Actinobacteria.c_Coriobacteriia.o_Eggerthellales.f_Eggerthellaceae.g_Gordonibacter.s_Unclassified.Gordonibacter	-0.0009250494513187136	0.0009250494513187129
k_Bacteria.p_Actinobacteria.c_Coriobacteriia.o_Eggerthellales.f_Eggerthellaceae.g_Slackia.s_Slackia.isoflavoniconvertens	-0.911288175185574	0.9112881751855734
k_Bacteria.p_Actinobacteria.c_Coriobacteriia.o_Eggerthellales.f_Eggerthellaceae.g_Slackia.s_Slackia.piriformis	-0.4999239736548294	0.49992397365482905
k_Bacteria.p_Actinobacteria.c_Coriobacteriia.o_Eggerthellales.f_Eggerthellaceae.g_Slackia.s_Unclassified.Slackia	-1.3659315688219316	1.3659315688219307
k_Bacteria.p_Actinobacteria.c_Coriobacteriia.o_Eggerthellales.f_Eggerthellaceae.g_Unclassified.Eggerthellaceae.s_Unclassified.Eggerthellaceae	-0.43883235412845173	0.4388323541284514
k_Bacteria.p_Actinobacteria.c_Coriobacteriia.o_Unclassified.Coriobacteriia.f_Unclassified.Coriobacteriia.g_Unclassified.Coriobacteriia.s_Unclassified.Coriobacteriia	1.5824669861141565	-1.5824669861141558
k_Bacteria.p_Actinobacteria.c_Unclassified.Actinobacteria.o_Unclassified.Actinobacteria.f_Unclassified.Actinobacteria.g_Unclassified.Actinobacteria.s_Unclassified.Actinobacteria	-0.06374572129895145	0.06374572129895116
k_Bacteria.p_bacterium.1xD42.87..no.phylum.in.NCBI..c_bacterium.1xD42.87..no.class.in.NCBI..o_bacterium.1xD42.87..no.order.in.NCBI..f_bacterium.1xD42.87..no.family.in.NCBI..g_bacterium.1xD42.87..no.genus.in.NCBI..s_bacterium.1xD42.87	-0.21646119020004428	0.21646119020004415
k_Bacteria.p_Bacteroidetes.c_Bacteroidia.o_Bacteroidales.f_Bacteroidaceae.g_Bacteroides.s_Bacteroides.caccae	-0.00859449659184087	0.008594496591840863
k_Bacteria.p_Bacteroidetes.c_Bacteroidia.o_Bacteroidales.f_Bacteroidaceae.g_Bacteroides.s_Bacteroides.cellulosilyticus	-1.3027953090170228	1.3027953090170217
k_Bacteria.p_Bacteroidetes.c_Bacteroidia.o_Bacteroidales.f_Bacteroidaceae.g_Bacteroides.s_Bacteroides.eggerthii	-0.08703223133052479	0.08703223133052472
k_Bacteria.p_Bacteroidetes.c_Bacteroidia.o_Bacteroidales.f_Bacteroidaceae.g_Bacteroides.s_Bacteroides.faecis	-0.5606566435955643	0.5606566435955637
k_Bacteria.p_Bacteroidetes.c_Bacteroidia.o_Bacteroidales.f_Bacteroidaceae.g_Bacteroides.s_Bacteroides.finegoldii	-0.13371747391968838	0.1337174739196883
k_Bacteria.p_Bacteroidetes.c_Bacteroidia.o_Bacteroidales.f_Bacteroidaceae.g_Bacteroides.s_Bacteroides.fragilis	-0.319414685668432	0.3194146856684318
k_Bacteria.p_Bacteroidetes.c_Bacteroidia.o_Bacteroidales.f_Bacteroidaceae.g_Bacteroides.s_Bacteroides.oleiciplenus	-1.1488627218259697	1.1488627218259688
k_Bacteria.p_Bacteroidetes.c_Bacteroidia.o_Bacteroidales.f_Bacteroidaceae.g_Bacteroides.s_Bacteroides.ovatus	-1.2573037109704834	1.257303710970482
k_Bacteria.p_Bacteroidetes.c_Bacteroidia.o_Bacteroidales.f_Bacteroidaceae.g_Bacteroides.s_Bacteroides.sp.	0.6075070959781248	-0.6075070959781246
k_Bacteria.p_Bacteroidetes.c_Bacteroidia.o_Bacteroidales.f_Bacteroidaceae.g_Bacteroides.s_Bacteroides.stercoris	0.23001051239637346	-0.23001051239637355
k_Bacteria.p_Bacteroidetes.c_Bacteroidia.o_Bacteroidales.f_Bacteroidaceae.g_Bacteroides.s_Bacteroides.thetaiotaomicron	-0.9129114360595587	0.912911436059558
k_Bacteria.p_Bacteroidetes.c_Bacteroidia.o_Bacteroidales.f_Bacteroidaceae.g_Bacteroides.s_Bacteroides.uniformis	-0.9063882032079545	0.9063882032079539
k_Bacteria.p_Bacteroidetes.c_Bacteroidia.o_Bacteroidales.f_Bacteroidaceae.g_Bacteroides.s_Bacteroides.xylanisolvens	-1.259482301512168	1.259482301512167
k_Bacteria.p_Bacteroidetes.c_Bacteroidia.o_Bacteroidales.f_Bacteroidaceae.g_Bacteroides.s_Unclassified.Bacteroides	-0.5738227655048591	0.5738227655048588
k_Bacteria.p_Bacteroidetes.c_Bacteroidia.o_Bacteroidales.f_Bacteroidaceae.g_Unclassified.Bacteroidaceae.s_Unclassified.Bacteroidaceae	-0.5949118966598964	0.594911896659896
k_Bacteria.p_Bacteroidetes.c_Bacteroidia.o_Bacteroidales.f_Barnesiellaceae.g_Barnesiella.s_Barnesiella.intestinihominis	1.0296714475272877	-1.0296714475272872
k_Bacteria.p_Bacteroidetes.c_Bacteroidia.o_Bacteroidales.f_Barnesiellaceae.g_Barnesiella.s_Unclassified.Barnesiella	0.8724459627741571	-0.8724459627741565
k_Bacteria.p_Bacteroidetes.c_Bacteroidia.o_Bacteroidales.f_Odoribacteraceae.g_Odoribacter.s_Odoribacter.splanchnicus	-1.1720791721652803	1.1720791721652797
k_Bacteria.p_Bacteroidetes.c_Bacteroidia.o_Bacteroidales.f_Phocaeicola..no.family.in.NCBI..g_Phocaeicola.s_Phocaeicola.dorei	-0.00908249973815973	0.009082499738159723
k_Bacteria.p_Bacteroidetes.c_Bacteroidia.o_Bacteroidales.f_Phocaeicola..no.family.in.NCBI..g_Phocaeicola.s_Phocaeicola.massiliensis	0.09249888893701877	-0.0924988889370187
k_Bacteria.p_Bacteroidetes.c_Bacteroidia.o_Bacteroidales.f_Phocaeicola..no.family.in.NCBI..g_Phocaeicola.s_Phocaeicola.vulgatus	0.5315163029568623	-0.5315163029568619
k_Bacteria.p_Bacteroidetes.c_Bacteroidia.o_Bacteroidales.f_Phocaeicola..no.family.in.NCBI..g_Phocaeicola.s_Unclassified.Phocaeicola	-1.5149652442061097	1.5149652442061086
k_Bacteria.p_Bacteroidetes.c_Bacteroidia.o_Bacteroidales.f_Porphyromonadaceae.g_Porphyromonas.s_Porphyromonas.asaccharolytica	-0.2187058028904945	0.2187058028904941
k_Bacteria.p_Bacteroidetes.c_Bacteroidia.o_Bacteroidales.f_Porphyromonadaceae.g_Porphyromonas.s_Porphyromonas.uenonis	-1.0934965393781304	1.0934965393781297
k_Bacteria.p_Bacteroidetes.c_Bacteroidia.o_Bacteroidales.f_Porphyromonadaceae.g_Porphyromonas.s_Unclassified.Porphyromonas	-0.8307847806917155	0.8307847806917146
k_Bacteria.p_Bacteroidetes.c_Bacteroidia.o_Bacteroidales.f_Prevotellaceae.g_Paraprevotella.s_Unclassified.Paraprevotella	-0.4752186803816155	0.4752186803816152
k_Bacteria.p_Bacteroidetes.c_Bacteroidia.o_Bacteroidales.f_Prevotellaceae.g_Prevotella.s_Prevotella.bivia	0.35926418383072567	-0.3592641838307254
k_Bacteria.p_Bacteroidetes.c_Bacteroidia.o_Bacteroidales.f_Prevotellaceae.g_Prevotella.s_Prevotella.copri	-0.1504309890506202	0.15043098905061986
k_Bacteria.p_Bacteroidetes.c_Bacteroidia.o_Bacteroidales.f_Prevotellaceae.g_Prevotella.s_Prevotella.marseillensis	-1.2034658185493528	1.2034658185493519
k_Bacteria.p_Bacteroidetes.c_Bacteroidia.o_Bacteroidales.f_Prevotellaceae.g_Prevotella.s_Prevotella.pectinovora	-0.2579327222335883	0.25793272223358815
k_Bacteria.p_Bacteroidetes.c_Bacteroidia.o_Bacteroidales.f_Prevotellaceae.g_Prevotella.s_Prevotella.sp.	-0.000660631185110198	0.0006606311851099612
k_Bacteria.p_Bacteroidetes.c_Bacteroidia.o_Bacteroidales.f_Prevotellaceae.g_Prevotella.s_Prevotella.stercorea	0.5954494797973029	-0.5954494797973022
k_Bacteria.p_Bacteroidetes.c_Bacteroidia.o_Bacteroidales.f_Prevotellaceae.g_Prevotella.s_Unclassified.Prevotella	-0.07498887043369447	0.07498887043369441
k_Bacteria.p_Bacteroidetes.c_Bacteroidia.o_Bacteroidales.f_Prevotellaceae.g_Prevotellaceae.bacterium..no.genus.in.NCBI..s_Prevotellaceae.bacterium	-0.32886613352282207	0.3288661335228216
k_Bacteria.p_Bacteroidetes.c_Bacteroidia.o_Bacteroidales.f_Prevotellaceae.g_Unclassified.Prevotellaceae.s_Unclassified.Prevotellaceae	-1.5854149777276323	1.5854149777276307
k_Bacteria.p_Bacteroidetes.c_Bacteroidia.o_Bacteroidales.f_Rikenellaceae.g_Alistipes.s_Alistipes.finegoldii	-1.2679032403560044	1.2679032403560035
k_Bacteria.p_Bacteroidetes.c_Bacteroidia.o_Bacteroidales.f_Rikenellaceae.g_Alistipes.s_Alistipes.indistinctus	0.05883266666965063	-0.05883266666965106
k_Bacteria.p_Bacteroidetes.c_Bacteroidia.o_Bacteroidales.f_Rikenellaceae.g_Alistipes.s_Alistipes.onderdonkii	-0.732525651363676	0.7325256513636754
k_Bacteria.p_Bacteroidetes.c_Bacteroidia.o_Bacteroidales.f_Rikenellaceae.g_Alistipes.s_Alistipes.putredinis	0.026125422098068552	-0.02612542209806877
k_Bacteria.p_Bacteroidetes.c_Bacteroidia.o_Bacteroidales.f_Rikenellaceae.g_Alistipes.s_Alistipes.sp.	-1.7702664149580876	1.770266414958087
k_Bacteria.p_Bacteroidetes.c_Bacteroidia.o_Bacteroidales.f_Rikenellaceae.g_Alistipes.s_Unclassified.Alistipes	0.08609144483387915	-0.0860914448338791
k_Bacteria.p_Bacteroidetes.c_Bacteroidia.o_Bacteroidales.f_Tannerellaceae.g_Parabacteroides.s_Parabacteroides.distasonis	-0.06439695479736444	0.0643969547973644
k_Bacteria.p_Bacteroidetes.c_Bacteroidia.o_Bacteroidales.f_Tannerellaceae.g_Parabacteroides.s_Parabacteroides.merdae	0.5220289816788457	-0.5220289816788456
k_Bacteria.p_Bacteroidetes.c_Bacteroidia.o_Bacteroidales.f_Tannerellaceae.g_Parabacteroides.s_Parabacteroides.sp.	0.41947670097063094	-0.4194767009706304
k_Bacteria.p_Bacteroidetes.c_Bacteroidia.o_Bacteroidales.f_Tannerellaceae.g_Parabacteroides.s_Unclassified.Parabacteroides	0.17687290572329775	-0.17687290572329786
k_Bacteria.p_Bacteroidetes.c_Bacteroidia.o_Bacteroidales.f_Unclassified.Bacteroidales.g_Unclassified.Bacteroidales.s_Unclassified.Bacteroidales	-0.15815729938075238	0.15815729938075226
k_Bacteria.p_Bacteroidetes.c_Bacteroidia.o_Unclassified.Bacteroidia.f_Unclassified.Bacteroidia.g_Unclassified.Bacteroidia.s_Unclassified.Bacteroidia	-1.8135169198397916	1.8135169198397902
k_Bacteria.p_Bacteroidetes.c_Chitinophagia.o_Chitinophagales.f_Chitinophagaceae.g_Chitinophaga.s_Chitinophaga.silvisoli	-0.9960348560736361	0.9960348560736352
k_Bacteria.p_Bacteroidetes.c_Chitinophagia.o_Chitinophagales.f_Chitinophagaceae.g_Chitinophaga.s_Unclassified.Chitinophaga	-1.1319948171489973	1.1319948171489962
k_Bacteria.p_Bacteroidetes.c_Flavobacteriia.o_Flavobacteriales.f_Flavobacteriaceae.g_Capnocytophaga.s_Capnocytophaga.sp.	0.1873730159648108	-0.18737301596481087
k_Bacteria.p_Bacteroidetes.c_Flavobacteriia.o_Flavobacteriales.f_Flavobacteriales.bacterium..no.family.in.NCBI..g_Flavobacteriales.bacterium..no.genus.in.NCBI..s_Flavobacteriales.bacterium	0.8166799395453758	-0.8166799395453754
k_Bacteria.p_Bacteroidetes.c_Flavobacteriia.o_Flavobacteriales.f_Unclassified.Flavobacteriales.g_Unclassified.Flavobacteriales.s_Unclassified.Flavobacteriales	-1.4312731779290795	1.4312731779290784
k_Bacteria.p_Bacteroidetes.c_Unclassified.Bacteroidetes.o_Unclassified.Bacteroidetes.f_Unclassified.Bacteroidetes.g_Unclassified.Bacteroidetes.s_Unclassified.Bacteroidetes	-0.5453633009505254	0.545363300950525
k_Bacteria.p_Candidatus.Melainabacteria.c_Candidatus.Gastranaerophilales..no.class.in.NCBI..o_Candidatus.Gastranaerophilales.f_Candidatus.Gastranaerophilales.bacterium..no.family.in.NCBI..g_Candidatus.Gastranaerophilales.bacterium..no.genus.in.NCBI..s_Candidatus.Gastranaerophilales.bacterium	-0.9608083584252723	0.9608083584252716
k_Bacteria.p_Candidatus.Melainabacteria.c_Unclassified.Candidatus.Melainabacteria.o_Unclassified.Candidatus.Melainabacteria.f_Unclassified.Candidatus.Melainabacteria.g_Unclassified.Candidatus.Melainabacteria.s_Unclassified.Candidatus.Melainabacteria	-0.8947943526825318	0.8947943526825313
k_Bacteria.p_Chlamydiae.c_Chlamydiia.o_Chlamydiales.f_Chlamydiaceae.g_Chlamydia.s_Chlamydia.trachomatis	-0.6118648244360785	0.611864824436078
k_Bacteria.p_Chlamydiae.c_Chlamydiia.o_Chlamydiales.f_Chlamydiaceae.g_Chlamydia.s_Unclassified.Chlamydia	-1.1952777348335524	1.195277734833551
k_Bacteria.p_Firmicutes.c_Bacilli.o_Bacillales.f_Bacillaceae.g_Bacillus.s_Unclassified.Bacillus	1.6353666042138815	-1.6353666042138808
k_Bacteria.p_Firmicutes.c_Bacilli.o_Bacillales.f_Bacillaceae.g_Unclassified.Bacillaceae.s_Unclassified.Bacillaceae	-0.7130817336496043	0.7130817336496037
k_Bacteria.p_Firmicutes.c_Bacilli.o_Bacillales.f_Unclassified.Bacillales.g_Unclassified.Bacillales.s_Unclassified.Bacillales	0.06405259847427656	-0.06405259847427651
k_Bacteria.p_Firmicutes.c_Bacilli.o_Lactobacillales.f_Carnobacteriaceae.g_Granulicatella.s_Granulicatella.sp.	0.6016905184746011	-0.6016905184746009
k_Bacteria.p_Firmicutes.c_Bacilli.o_Lactobacillales.f_Carnobacteriaceae.g_Granulicatella.s_Unclassified.Granulicatella	-0.8560342831820066	0.8560342831820059
k_Bacteria.p_Firmicutes.c_Bacilli.o_Lactobacillales.f_Enterococcaceae.g_Enterococcus.s_Enterococcus.avium	-0.35696549300326025	0.35696549300325997
k_Bacteria.p_Firmicutes.c_Bacilli.o_Lactobacillales.f_Enterococcaceae.g_Enterococcus.s_Enterococcus.casseliflavus	1.0161651501421973	-1.0161651501421964
k_Bacteria.p_Firmicutes.c_Bacilli.o_Lactobacillales.f_Enterococcaceae.g_Enterococcus.s_Enterococcus.durans	1.1204936103435117	-1.1204936103435108
k_Bacteria.p_Firmicutes.c_Bacilli.o_Lactobacillales.f_Enterococcaceae.g_Enterococcus.s_Enterococcus.faecalis	1.045463163550029	-1.0454631635500282
k_Bacteria.p_Firmicutes.c_Bacilli.o_Lactobacillales.f_Enterococcaceae.g_Enterococcus.s_Enterococcus.faecium	-0.3793924208844001	0.3793924208843999
k_Bacteria.p_Firmicutes.c_Bacilli.o_Lactobacillales.f_Enterococcaceae.g_Enterococcus.s_Enterococcus.gallinarum	1.3601734426650416	-1.360173442665041
k_Bacteria.p_Firmicutes.c_Bacilli.o_Lactobacillales.f_Enterococcaceae.g_Enterococcus.s_Enterococcus.raffinosus	0.3522344066720143	-0.3522344066720143
k_Bacteria.p_Firmicutes.c_Bacilli.o_Lactobacillales.f_Enterococcaceae.g_Enterococcus.s_Enterococcus.sp.	1.2152608212139762	-1.2152608212139753
k_Bacteria.p_Firmicutes.c_Bacilli.o_Lactobacillales.f_Enterococcaceae.g_Enterococcus.s_Unclassified.Enterococcus	-0.7833793536271548	0.783379353627154
k_Bacteria.p_Firmicutes.c_Bacilli.o_Lactobacillales.f_Lactobacillaceae.g_Lacticaseibacillus.s_Lacticaseibacillus.rhamnosus	-1.0806248609962448	1.0806248609962437
k_Bacteria.p_Firmicutes.c_Bacilli.o_Lactobacillales.f_Lactobacillaceae.g_Lacticaseibacillus.s_Unclassified.Lacticaseibacillus	1.320964904801018	-1.320964904801017
k_Bacteria.p_Firmicutes.c_Bacilli.o_Lactobacillales.f_Lactobacillaceae.g_Lactobacillus.s_Lactobacillus.sp.	-1.2824894632146813	1.2824894632146802
k_Bacteria.p_Firmicutes.c_Bacilli.o_Lactobacillales.f_Lactobacillaceae.g_Lactobacillus.s_Unclassified.Lactobacillus	-0.7114586723127061	0.7114586723127055
k_Bacteria.p_Firmicutes.c_Bacilli.o_Lactobacillales.f_Lactobacillaceae.g_Leuconostoc.s_Leuconostoc.mesenteroides	0.23094758127860104	-0.23094758127860113
k_Bacteria.p_Firmicutes.c_Bacilli.o_Lactobacillales.f_Lactobacillaceae.g_Leuconostoc.s_Leuconostoc.pseudomesenteroides	-0.751540665932022	0.7515406659320214
k_Bacteria.p_Firmicutes.c_Bacilli.o_Lactobacillales.f_Lactobacillaceae.g_Leuconostoc.s_Unclassified.Leuconostoc	-0.5304596977953794	0.5304596977953787
k_Bacteria.p_Firmicutes.c_Bacilli.o_Lactobacillales.f_Lactobacillaceae.g_Limosilactobacillus.s_Limosilactobacillus.reuteri	-0.9734942184485729	0.9734942184485722
k_Bacteria.p_Firmicutes.c_Bacilli.o_Lactobacillales.f_Lactobacillaceae.g_Limosilactobacillus.s_Unclassified.Limosilactobacillus	1.1459578683943654	-1.1459578683943645
k_Bacteria.p_Firmicutes.c_Bacilli.o_Lactobacillales.f_Lactobacillaceae.g_Unclassified.Lactobacillaceae.s_Unclassified.Lactobacillaceae	0.7286966872555897	-0.7286966872555896
k_Bacteria.p_Firmicutes.c_Bacilli.o_Lactobacillales.f_Streptococcaceae.g_Lactococcus.s_Lactococcus.lactis	1.0774095753487036	-1.0774095753487027
k_Bacteria.p_Firmicutes.c_Bacilli.o_Lactobacillales.f_Streptococcaceae.g_Lactococcus.s_Unclassified.Lactococcus	-0.39960939701777315	0.39960939701777265
k_Bacteria.p_Firmicutes.c_Bacilli.o_Lactobacillales.f_Streptococcaceae.g_Streptococcus.s_Streptococcus.equinus	0.002588136565492773	-0.002588136565492771
k_Bacteria.p_Firmicutes.c_Bacilli.o_Lactobacillales.f_Streptococcaceae.g_Streptococcus.s_Streptococcus.gordonii	0.2569836903983768	-0.25698369039837643
k_Bacteria.p_Firmicutes.c_Bacilli.o_Lactobacillales.f_Streptococcaceae.g_Streptococcus.s_Streptococcus.lactarius	0.912434806153801	-0.9124348061538005
k_Bacteria.p_Firmicutes.c_Bacilli.o_Lactobacillales.f_Streptococcaceae.g_Streptococcus.s_Streptococcus.lutetiensis	0.7318299942462334	-0.731829994246233
k_Bacteria.p_Firmicutes.c_Bacilli.o_Lactobacillales.f_Streptococcaceae.g_Streptococcus.s_Streptococcus.mitis	0.029590127178146963	-0.029590127178146942
k_Bacteria.p_Firmicutes.c_Bacilli.o_Lactobacillales.f_Streptococcaceae.g_Streptococcus.s_Streptococcus.parasanguinis	-0.38363388285788375	0.38363388285788347
k_Bacteria.p_Firmicutes.c_Bacilli.o_Lactobacillales.f_Streptococcaceae.g_Streptococcus.s_Streptococcus.pneumoniae	-0.2800545777383268	0.2800545777383266
k_Bacteria.p_Firmicutes.c_Bacilli.o_Lactobacillales.f_Streptococcaceae.g_Streptococcus.s_Streptococcus.salivarius	0.8900768141324998	-0.8900768141324992
k_Bacteria.p_Firmicutes.c_Bacilli.o_Lactobacillales.f_Streptococcaceae.g_Streptococcus.s_Streptococcus.sp.	-0.18112946500316565	0.1811294650031655
k_Bacteria.p_Firmicutes.c_Bacilli.o_Lactobacillales.f_Streptococcaceae.g_Streptococcus.s_Streptococcus.thermophilus	-0.7158990402890951	0.7158990402890946
k_Bacteria.p_Firmicutes.c_Bacilli.o_Lactobacillales.f_Streptococcaceae.g_Streptococcus.s_Unclassified.Streptococcus	-0.5547886276154868	0.5547886276154863
k_Bacteria.p_Firmicutes.c_Bacilli.o_Lactobacillales.f_Streptococcaceae.g_Unclassified.Streptococcaceae.s_Unclassified.Streptococcaceae	-0.7466232820557505	0.74662328205575
k_Bacteria.p_Firmicutes.c_Bacilli.o_Lactobacillales.f_Unclassified.Lactobacillales.g_Unclassified.Lactobacillales.s_Unclassified.Lactobacillales	0.7138280052333192	-0.7138280052333188
k_Bacteria.p_Firmicutes.c_Bacilli.o_Unclassified.Bacilli.f_Unclassified.Bacilli.g_Unclassified.Bacilli.s_Unclassified.Bacilli	-0.20300789152549395	0.2030078915254938
k_Bacteria.p_Firmicutes.c_Clostridia.o_Candidatus.Allochristensenella..no.order.in.NCBI..f_Candidatus.Allochristensenella..no.family.in.NCBI..g_Candidatus.Allochristensenella.s_Unclassified.Candidatus.Allochristensenella	-0.810006981270197	0.8100069812701964
k_Bacteria.p_Firmicutes.c_Clostridia.o_Candidatus.Metalachnospira..no.order.in.NCBI..f_Candidatus.Metalachnospira..no.family.in.NCBI..g_Candidatus.Metalachnospira.s_Candidatus.Metalachnospira.gallinarum	-0.8703764226114631	0.8703764226114625
k_Bacteria.p_Firmicutes.c_Clostridia.o_Clostridia.bacterium..no.order.in.NCBI..f_Clostridia.bacterium..no.family.in.NCBI..g_Clostridia.bacterium..no.genus.in.NCBI..s_Clostridia.bacterium	-0.5264815282019272	0.5264815282019268
k_Bacteria.p_Firmicutes.c_Clostridia.o_Eubacteriales.f_Christensenellaceae.g_Christensenella.s_Unclassified.Christensenella	0.004893119363717764	-0.00489311936371776
k_Bacteria.p_Firmicutes.c_Clostridia.o_Eubacteriales.f_Clostridiaceae.g_Beduini.s_Unclassified.Beduini	-1.3060550683922987	1.3060550683922973
k_Bacteria.p_Firmicutes.c_Clostridia.o_Eubacteriales.f_Clostridiaceae.g_Butyricicoccus.s_Butyricicoccus.faecihominis	-0.6306076070807952	0.6306076070807948
k_Bacteria.p_Firmicutes.c_Clostridia.o_Eubacteriales.f_Clostridiaceae.g_Butyricicoccus.s_Butyricicoccus.pullicaecorum	0.15375866317287096	-0.15375866317287062
k_Bacteria.p_Firmicutes.c_Clostridia.o_Eubacteriales.f_Clostridiaceae.g_Butyricicoccus.s_Butyricicoccus.sp.	-1.2192178898843091	1.2192178898843082
k_Bacteria.p_Firmicutes.c_Clostridia.o_Eubacteriales.f_Clostridiaceae.g_Butyricicoccus.s_Unclassified.Butyricicoccus	-1.5867030232565658	1.5867030232565644
k_Bacteria.p_Firmicutes.c_Clostridia.o_Eubacteriales.f_Clostridiaceae.g_Clostridiaceae.bacterium..no.genus.in.NCBI..s_Clostridiaceae.bacterium	1.5067398605672833	-1.5067398605672822
k_Bacteria.p_Firmicutes.c_Clostridia.o_Eubacteriales.f_Clostridiaceae.g_Clostridium.s_.Clostridium..sp.	-1.4338787094532734	1.4338787094532726
k_Bacteria.p_Firmicutes.c_Clostridia.o_Eubacteriales.f_Clostridiaceae.g_Clostridium.s_Clostridium.botulinum	-0.42242786490968254	0.422427864909682
k_Bacteria.p_Firmicutes.c_Clostridia.o_Eubacteriales.f_Clostridiaceae.g_Clostridium.s_Clostridium.butyricum	0.2547502671007465	-0.25475026710074605
k_Bacteria.p_Firmicutes.c_Clostridia.o_Eubacteriales.f_Clostridiaceae.g_Clostridium.s_Clostridium.carnis	0.21154286391156973	-0.21154286391156957
k_Bacteria.p_Firmicutes.c_Clostridia.o_Eubacteriales.f_Clostridiaceae.g_Clostridium.s_Clostridium.jeddahense	0.20996585713112154	-0.20996585713112162
k_Bacteria.p_Firmicutes.c_Clostridia.o_Eubacteriales.f_Clostridiaceae.g_Clostridium.s_Clostridium.neonatale	-0.07147542718673404	0.07147542718673376
k_Bacteria.p_Firmicutes.c_Clostridia.o_Eubacteriales.f_Clostridiaceae.g_Clostridium.s_Clostridium.paraputrificum	-0.4968611659692275	0.4968611659692272
k_Bacteria.p_Firmicutes.c_Clostridia.o_Eubacteriales.f_Clostridiaceae.g_Clostridium.s_Clostridium.phoceensis	-1.2299765577049355	1.2299765577049346
k_Bacteria.p_Firmicutes.c_Clostridia.o_Eubacteriales.f_Clostridiaceae.g_Clostridium.s_Clostridium.saudiense	-0.9682107380957148	0.9682107380957138
k_Bacteria.p_Firmicutes.c_Clostridia.o_Eubacteriales.f_Clostridiaceae.g_Clostridium.s_Clostridium.ventriculi	-1.1955852185035953	1.1955852185035942
k_Bacteria.p_Firmicutes.c_Clostridia.o_Eubacteriales.f_Clostridiaceae.g_Clostridium.s_Unclassified.Clostridium	-1.7543973240625748	1.7543973240625736
k_Bacteria.p_Firmicutes.c_Clostridia.o_Eubacteriales.f_Clostridiaceae.g_Hungatella.s_Hungatella.effluvii	-0.0376047172280989	0.03760471722809863
k_Bacteria.p_Firmicutes.c_Clostridia.o_Eubacteriales.f_Clostridiaceae.g_Hungatella.s_Hungatella.hathewayi	-1.3144086039520497	1.3144086039520486
k_Bacteria.p_Firmicutes.c_Clostridia.o_Eubacteriales.f_Clostridiaceae.g_Hungatella.s_Hungatella.sp.	0.4867761366252403	-0.48677613662524016
k_Bacteria.p_Firmicutes.c_Clostridia.o_Eubacteriales.f_Clostridiaceae.g_Hungatella.s_Unclassified.Hungatella	-0.37656804065046395	0.3765680406504637
k_Bacteria.p_Firmicutes.c_Clostridia.o_Eubacteriales.f_Clostridiaceae.g_Lactonifactor.s_Unclassified.Lactonifactor	-1.6769359941531565	1.676935994153155
k_Bacteria.p_Firmicutes.c_Clostridia.o_Eubacteriales.f_Clostridiaceae.g_Sarcina.s_Unclassified.Sarcina	-0.5613028570710518	0.5613028570710511
k_Bacteria.p_Firmicutes.c_Clostridia.o_Eubacteriales.f_Clostridiaceae.g_Unclassified.Clostridiaceae.s_Unclassified.Clostridiaceae	-0.08898910742066157	0.08898910742066128
k_Bacteria.p_Firmicutes.c_Clostridia.o_Eubacteriales.f_Clostridiales.bacterium..no.family.in.NCBI..g_Clostridiales.bacterium..no.genus.in.NCBI..s_Clostridiales.bacterium	0.5700093077663225	-0.5700093077663223
k_Bacteria.p_Firmicutes.c_Clostridia.o_Eubacteriales.f_Clostridiales.Family.XIII..Incertae.Sedis.g_Clostridiales.Family..no.genus.in.NCBI..s_Clostridiales.Family	-0.33861007671080035	0.3386100767107999
k_Bacteria.p_Firmicutes.c_Clostridia.o_Eubacteriales.f_Clostridiales.Family.XIII..Incertae.Sedis.g_Mogibacterium.s_Mogibacterium.sp.	-0.8561695566173494	0.8561695566173485
k_Bacteria.p_Firmicutes.c_Clostridia.o_Eubacteriales.f_Clostridiales.Family.XIII..Incertae.Sedis.g_Mogibacterium.s_Unclassified.Mogibacterium	-1.0702801413670981	1.0702801413670975
k_Bacteria.p_Firmicutes.c_Clostridia.o_Eubacteriales.f_Clostridiales.Family.XIII..Incertae.Sedis.g_Unclassified.Clostridiales.Family.XIII..Incertae.Sedis.s_Unclassified.Clostridiales.Family.XIII..Incertae.Sedis	-1.8664843319919575	1.866484331991956
k_Bacteria.p_Firmicutes.c_Clostridia.o_Eubacteriales.f_Eubacteriaceae.g_Eubacterium.s_Eubacterium.callanderi	-1.1577373847786412	1.1577373847786405
k_Bacteria.p_Firmicutes.c_Clostridia.o_Eubacteriales.f_Eubacteriaceae.g_Eubacterium.s_Eubacterium.limosum	-0.0007195947871831027	0.0007195947871831023
k_Bacteria.p_Firmicutes.c_Clostridia.o_Eubacteriales.f_Eubacteriaceae.g_Eubacterium.s_Eubacterium.maltosivorans	-1.172253690139868	1.1722536901398668
k_Bacteria.p_Firmicutes.c_Clostridia.o_Eubacteriales.f_Eubacteriaceae.g_Eubacterium.s_Eubacterium.ramulus	-1.4212127079533192	1.4212127079533177
k_Bacteria.p_Firmicutes.c_Clostridia.o_Eubacteriales.f_Eubacteriaceae.g_Eubacterium.s_Eubacterium.sp.	-0.6124386846638934	0.612438684663893
k_Bacteria.p_Firmicutes.c_Clostridia.o_Eubacteriales.f_Eubacteriaceae.g_Eubacterium.s_Unclassified.Eubacterium	-0.44357731029590275	0.4435773102959022
k_Bacteria.p_Firmicutes.c_Clostridia.o_Eubacteriales.f_Evtepia..no.family.in.NCBI..g_Evtepia.s_Evtepia.gabavorous	-1.3525227114933829	1.352522711493382
k_Bacteria.p_Firmicutes.c_Clostridia.o_Eubacteriales.f_Evtepia..no.family.in.NCBI..g_Evtepia.s_Unclassified.Evtepia	-0.8565802995991371	0.8565802995991364
k_Bacteria.p_Firmicutes.c_Clostridia.o_Eubacteriales.f_Flintibacter..no.family.in.NCBI..g_Flintibacter.s_Unclassified.Flintibacter	-1.4320483801378991	1.432048380137898
k_Bacteria.p_Firmicutes.c_Clostridia.o_Eubacteriales.f_Gemmiger..no.family.in.NCBI..g_Gemmiger.s_Gemmiger.formicilis	-1.6896795675240002	1.6896795675239986
k_Bacteria.p_Firmicutes.c_Clostridia.o_Eubacteriales.f_Gemmiger..no.family.in.NCBI..g_Gemmiger.s_Unclassified.Gemmiger	-0.27955139516464267	0.2795513951646422
k_Bacteria.p_Firmicutes.c_Clostridia.o_Eubacteriales.f_Intestinimonas..no.family.in.NCBI..g_Intestinimonas.s_Intestinimonas.butyriciproducens	-0.8156417318240976	0.8156417318240968
k_Bacteria.p_Firmicutes.c_Clostridia.o_Eubacteriales.f_Intestinimonas..no.family.in.NCBI..g_Intestinimonas.s_Intestinimonas.timonensis	-0.9586239894239006	0.9586239894238999
k_Bacteria.p_Firmicutes.c_Clostridia.o_Eubacteriales.f_Intestinimonas..no.family.in.NCBI..g_Intestinimonas.s_Unclassified.Intestinimonas	0.3770154620791712	-0.37701546207917114
k_Bacteria.p_Firmicutes.c_Clostridia.o_Eubacteriales.f_Lachnospiraceae.g_.Eubacterium..rectale..no.genus.in.NCBI..s_.Eubacterium..rectale	-0.4117069115109928	0.41170691151099253
k_Bacteria.p_Firmicutes.c_Clostridia.o_Eubacteriales.f_Lachnospiraceae.g_Anaerobutyricum.s_Anaerobutyricum.hallii	-1.714125593969637	1.7141255939696352
k_Bacteria.p_Firmicutes.c_Clostridia.o_Eubacteriales.f_Lachnospiraceae.g_Anaerobutyricum.s_Anaerobutyricum.soehngenii	-1.266094910315071	1.2660949103150696
k_Bacteria.p_Firmicutes.c_Clostridia.o_Eubacteriales.f_Lachnospiraceae.g_Anaerobutyricum.s_Unclassified.Anaerobutyricum	0.8793490740498249	-0.8793490740498243
k_Bacteria.p_Firmicutes.c_Clostridia.o_Eubacteriales.f_Lachnospiraceae.g_Anaerostipes.s_Anaerostipes.caccae	-0.6208631780010689	0.6208631780010685
k_Bacteria.p_Firmicutes.c_Clostridia.o_Eubacteriales.f_Lachnospiraceae.g_Anaerostipes.s_Anaerostipes.hadrus	-1.8973858044270078	1.897385804427006
k_Bacteria.p_Firmicutes.c_Clostridia.o_Eubacteriales.f_Lachnospiraceae.g_Anaerostipes.s_Anaerostipes.sp.	1.1123325059668898	-1.1123325059668894
k_Bacteria.p_Firmicutes.c_Clostridia.o_Eubacteriales.f_Lachnospiraceae.g_Anaerostipes.s_Unclassified.Anaerostipes	-0.5784356766852694	0.578435676685269
k_Bacteria.p_Firmicutes.c_Clostridia.o_Eubacteriales.f_Lachnospiraceae.g_Anaerotignum.s_Anaerotignum.lactatifermentans	-0.5115438266919023	0.5115438266919018
k_Bacteria.p_Firmicutes.c_Clostridia.o_Eubacteriales.f_Lachnospiraceae.g_Blautia.s_Blautia.argi	-0.6953985059511464	0.6953985059511456
k_Bacteria.p_Firmicutes.c_Clostridia.o_Eubacteriales.f_Lachnospiraceae.g_Blautia.s_Blautia.caecimuris	-1.4471796272308484	1.4471796272308468
k_Bacteria.p_Firmicutes.c_Clostridia.o_Eubacteriales.f_Lachnospiraceae.g_Blautia.s_Blautia.coccoides	0.7495501175652938	-0.7495501175652933
k_Bacteria.p_Firmicutes.c_Clostridia.o_Eubacteriales.f_Lachnospiraceae.g_Blautia.s_Blautia.faecis	0.15124912664252105	-0.15124912664252096
k_Bacteria.p_Firmicutes.c_Clostridia.o_Eubacteriales.f_Lachnospiraceae.g_Blautia.s_Blautia.glucerasea	-1.5171237843819727	1.5171237843819714
k_Bacteria.p_Firmicutes.c_Clostridia.o_Eubacteriales.f_Lachnospiraceae.g_Blautia.s_Blautia.hansenii	-1.9799098863376228	1.9799098863376219
k_Bacteria.p_Firmicutes.c_Clostridia.o_Eubacteriales.f_Lachnospiraceae.g_Blautia.s_Blautia.luti	-1.328521244536159	1.3285212445361578
k_Bacteria.p_Firmicutes.c_Clostridia.o_Eubacteriales.f_Lachnospiraceae.g_Blautia.s_Blautia.marasmi	0.8604519406922803	-0.8604519406922796
k_Bacteria.p_Firmicutes.c_Clostridia.o_Eubacteriales.f_Lachnospiraceae.g_Blautia.s_Blautia.massiliensis	-1.801307566404572	1.8013075664045701
k_Bacteria.p_Firmicutes.c_Clostridia.o_Eubacteriales.f_Lachnospiraceae.g_Blautia.s_Blautia.obeum	-1.1649583361614504	1.1649583361614493
k_Bacteria.p_Firmicutes.c_Clostridia.o_Eubacteriales.f_Lachnospiraceae.g_Blautia.s_Blautia.producta	-1.157056346350459	1.1570563463504582
k_Bacteria.p_Firmicutes.c_Clostridia.o_Eubacteriales.f_Lachnospiraceae.g_Blautia.s_Blautia.sp.	-0.9516534375602917	0.9516534375602911
k_Bacteria.p_Firmicutes.c_Clostridia.o_Eubacteriales.f_Lachnospiraceae.g_Blautia.s_Blautia.wexlerae	-1.0549361792977072	1.0549361792977066
k_Bacteria.p_Firmicutes.c_Clostridia.o_Eubacteriales.f_Lachnospiraceae.g_Blautia.s_Unclassified.Blautia	-0.7274760297031837	0.7274760297031831
k_Bacteria.p_Firmicutes.c_Clostridia.o_Eubacteriales.f_Lachnospiraceae.g_Butyrivibrio.s_Butyrivibrio.sp.	0.19753879854204262	-0.19753879854204248
k_Bacteria.p_Firmicutes.c_Clostridia.o_Eubacteriales.f_Lachnospiraceae.g_Butyrivibrio.s_Unclassified.Butyrivibrio	-1.7908162889405812	1.7908162889405803
k_Bacteria.p_Firmicutes.c_Clostridia.o_Eubacteriales.f_Lachnospiraceae.g_Coprococcus.s_Coprococcus.comes	-0.9288208258323669	0.9288208258323662
k_Bacteria.p_Firmicutes.c_Clostridia.o_Eubacteriales.f_Lachnospiraceae.g_Coprococcus.s_Coprococcus.phoceensis	-0.3205308508376995	0.320530850837699
k_Bacteria.p_Firmicutes.c_Clostridia.o_Eubacteriales.f_Lachnospiraceae.g_Coprococcus.s_Coprococcus.sp.	-0.8831502978379816	0.883150297837981
k_Bacteria.p_Firmicutes.c_Clostridia.o_Eubacteriales.f_Lachnospiraceae.g_Coprococcus.s_Unclassified.Coprococcus	0.5676202458737895	-0.5676202458737892
k_Bacteria.p_Firmicutes.c_Clostridia.o_Eubacteriales.f_Lachnospiraceae.g_Dorea.s_Dorea.formicigenerans	0.5366735922382334	-0.5366735922382327
k_Bacteria.p_Firmicutes.c_Clostridia.o_Eubacteriales.f_Lachnospiraceae.g_Dorea.s_Dorea.longicatena	0.015635367413368968	-0.015635367413368958
k_Bacteria.p_Firmicutes.c_Clostridia.o_Eubacteriales.f_Lachnospiraceae.g_Dorea.s_Dorea.phocaeensis	-0.5473651934104639	0.5473651934104633
k_Bacteria.p_Firmicutes.c_Clostridia.o_Eubacteriales.f_Lachnospiraceae.g_Dorea.s_Dorea.sp.	-1.5579212814898262	1.5579212814898251
k_Bacteria.p_Firmicutes.c_Clostridia.o_Eubacteriales.f_Lachnospiraceae.g_Dorea.s_Unclassified.Dorea	-1.1330000667011606	1.1330000667011595
k_Bacteria.p_Firmicutes.c_Clostridia.o_Eubacteriales.f_Lachnospiraceae.g_Eisenbergiella.s_Eisenbergiella.massiliensis	0.5453784915605888	-0.5453784915605886
k_Bacteria.p_Firmicutes.c_Clostridia.o_Eubacteriales.f_Lachnospiraceae.g_Eisenbergiella.s_Eisenbergiella.sp.	0.03721351697157362	-0.0372135169715736
k_Bacteria.p_Firmicutes.c_Clostridia.o_Eubacteriales.f_Lachnospiraceae.g_Eisenbergiella.s_Eisenbergiella.tayi	0.4722153163770289	-0.4722153163770288
k_Bacteria.p_Firmicutes.c_Clostridia.o_Eubacteriales.f_Lachnospiraceae.g_Eisenbergiella.s_Unclassified.Eisenbergiella	-0.42856121850380136	0.4285612185038008
k_Bacteria.p_Firmicutes.c_Clostridia.o_Eubacteriales.f_Lachnospiraceae.g_Enterocloster.s_Enterocloster.aldenensis	-0.4465737482591992	0.44657374825919893
k_Bacteria.p_Firmicutes.c_Clostridia.o_Eubacteriales.f_Lachnospiraceae.g_Enterocloster.s_Enterocloster.asparagiformis	0.062041170977703994	-0.062041170977703945
k_Bacteria.p_Firmicutes.c_Clostridia.o_Eubacteriales.f_Lachnospiraceae.g_Enterocloster.s_Enterocloster.bolteae	-0.49181148944845565	0.49181148944845526
k_Bacteria.p_Firmicutes.c_Clostridia.o_Eubacteriales.f_Lachnospiraceae.g_Enterocloster.s_Enterocloster.citroniae	-0.8288837351123955	0.828883735112395
k_Bacteria.p_Firmicutes.c_Clostridia.o_Eubacteriales.f_Lachnospiraceae.g_Enterocloster.s_Enterocloster.clostridioformis	-1.2016121861513633	1.2016121861513624
k_Bacteria.p_Firmicutes.c_Clostridia.o_Eubacteriales.f_Lachnospiraceae.g_Enterocloster.s_Enterocloster.lavalensis	0.690984951292526	-0.6909849512925255
k_Bacteria.p_Firmicutes.c_Clostridia.o_Eubacteriales.f_Lachnospiraceae.g_Enterocloster.s_Unclassified.Enterocloster	-1.0110627517835862	1.0110627517835853
k_Bacteria.p_Firmicutes.c_Clostridia.o_Eubacteriales.f_Lachnospiraceae.g_Faecalicatena.s_Faecalicatena.fissicatena	-0.996993404692592	0.9969934046925911
k_Bacteria.p_Firmicutes.c_Clostridia.o_Eubacteriales.f_Lachnospiraceae.g_Faecalicatena.s_Unclassified.Faecalicatena	-0.6947153038062626	0.6947153038062621
k_Bacteria.p_Firmicutes.c_Clostridia.o_Eubacteriales.f_Lachnospiraceae.g_Faecalimonas.s_Faecalimonas.umbilicata	1.2211712811643651	-1.2211712811643642
k_Bacteria.p_Firmicutes.c_Clostridia.o_Eubacteriales.f_Lachnospiraceae.g_Faecalimonas.s_Unclassified.Faecalimonas	0.6091272658481854	-0.6091272658481854
k_Bacteria.p_Firmicutes.c_Clostridia.o_Eubacteriales.f_Lachnospiraceae.g_Fusicatenibacter.s_Fusicatenibacter.saccharivorans	-1.7363076019221413	1.7363076019221397
k_Bacteria.p_Firmicutes.c_Clostridia.o_Eubacteriales.f_Lachnospiraceae.g_Fusicatenibacter.s_Fusicatenibacter.sp.	-0.8281271876836714	0.8281271876836709
k_Bacteria.p_Firmicutes.c_Clostridia.o_Eubacteriales.f_Lachnospiraceae.g_Fusicatenibacter.s_Unclassified.Fusicatenibacter	-1.1970765118321631	1.1970765118321622
k_Bacteria.p_Firmicutes.c_Clostridia.o_Eubacteriales.f_Lachnospiraceae.g_Lachnoclostridium.s_Lachnoclostridium.edouardi	-1.6328423460587198	1.6328423460587187
k_Bacteria.p_Firmicutes.c_Clostridia.o_Eubacteriales.f_Lachnospiraceae.g_Lachnoclostridium.s_Lachnoclostridium.sp.	-1.4778632354434866	1.4778632354434855
k_Bacteria.p_Firmicutes.c_Clostridia.o_Eubacteriales.f_Lachnospiraceae.g_Lachnoclostridium.s_Unclassified.Lachnoclostridium	-0.8400585443862438	0.8400585443862433
k_Bacteria.p_Firmicutes.c_Clostridia.o_Eubacteriales.f_Lachnospiraceae.g_Lachnospira.s_Lachnospira.eligens	-0.6841514462944055	0.6841514462944049
k_Bacteria.p_Firmicutes.c_Clostridia.o_Eubacteriales.f_Lachnospiraceae.g_Lachnospira.s_Lachnospira.sp.	-0.5361406122955029	0.5361406122955024
k_Bacteria.p_Firmicutes.c_Clostridia.o_Eubacteriales.f_Lachnospiraceae.g_Lachnospira.s_Unclassified.Lachnospira	-0.40471997203978977	0.4047199720397895
k_Bacteria.p_Firmicutes.c_Clostridia.o_Eubacteriales.f_Lachnospiraceae.g_Lachnospiraceae.bacterium..no.genus.in.NCBI..s_Lachnospiraceae.bacterium	1.2323996400609802	-1.2323996400609798
k_Bacteria.p_Firmicutes.c_Clostridia.o_Eubacteriales.f_Lachnospiraceae.g_Lachnotalea.s_Lachnotalea.sp.	-1.1165612112873584	1.116561211287357
k_Bacteria.p_Firmicutes.c_Clostridia.o_Eubacteriales.f_Lachnospiraceae.g_Lacrimispora.s_Lacrimispora.celerecrescens	-1.1224816931590818	1.122481693159081
k_Bacteria.p_Firmicutes.c_Clostridia.o_Eubacteriales.f_Lachnospiraceae.g_Lacrimispora.s_Lacrimispora.saccharolytica	-0.4876375395671992	0.48763753956719885
k_Bacteria.p_Firmicutes.c_Clostridia.o_Eubacteriales.f_Lachnospiraceae.g_Mediterraneibacter.s_Mediterraneibacter.faecis	-1.5495801337162982	1.5495801337162964
k_Bacteria.p_Firmicutes.c_Clostridia.o_Eubacteriales.f_Lachnospiraceae.g_Mediterraneibacter.s_Mediterraneibacter.glycyrrhizinilyticus	-0.41434065646543233	0.414340656465432
k_Bacteria.p_Firmicutes.c_Clostridia.o_Eubacteriales.f_Lachnospiraceae.g_Mediterraneibacter.s_Unclassified.Mediterraneibacter	-1.2646401266880154	1.2646401266880145
k_Bacteria.p_Firmicutes.c_Clostridia.o_Eubacteriales.f_Lachnospiraceae.g_Merdimonas.s_Merdimonas.faecis	-0.01023897360261142	0.010238973602611412
k_Bacteria.p_Firmicutes.c_Clostridia.o_Eubacteriales.f_Lachnospiraceae.g_Roseburia.s_Roseburia.faecis	-0.7370000629096495	0.7370000629096489
k_Bacteria.p_Firmicutes.c_Clostridia.o_Eubacteriales.f_Lachnospiraceae.g_Roseburia.s_Roseburia.hominis	-1.0414922705658638	1.0414922705658631
k_Bacteria.p_Firmicutes.c_Clostridia.o_Eubacteriales.f_Lachnospiraceae.g_Roseburia.s_Roseburia.intestinalis	-0.4430736163157622	0.44307361631576186
k_Bacteria.p_Firmicutes.c_Clostridia.o_Eubacteriales.f_Lachnospiraceae.g_Roseburia.s_Roseburia.inulinivorans	-1.8287508297618118	1.8287508297618102
k_Bacteria.p_Firmicutes.c_Clostridia.o_Eubacteriales.f_Lachnospiraceae.g_Roseburia.s_Roseburia.sp.	-1.664954898468083	1.6649548984680815
k_Bacteria.p_Firmicutes.c_Clostridia.o_Eubacteriales.f_Lachnospiraceae.g_Roseburia.s_Unclassified.Roseburia	-1.8703602846339775	1.8703602846339757
k_Bacteria.p_Firmicutes.c_Clostridia.o_Eubacteriales.f_Lachnospiraceae.g_Sellimonas.s_Sellimonas.intestinalis	-0.8571567768519456	0.8571567768519447
k_Bacteria.p_Firmicutes.c_Clostridia.o_Eubacteriales.f_Lachnospiraceae.g_Tyzzerella.s_Tyzzerella.nexilis	0.5143394674980432	-0.5143394674980429
k_Bacteria.p_Firmicutes.c_Clostridia.o_Eubacteriales.f_Lachnospiraceae.g_Tyzzerella.s_Unclassified.Tyzzerella	-0.6704591898914756	0.6704591898914751
k_Bacteria.p_Firmicutes.c_Clostridia.o_Eubacteriales.f_Lachnospiraceae.g_Unclassified.Lachnospiraceae.s_Unclassified.Lachnospiraceae	-1.3460782894135654	1.3460782894135646
k_Bacteria.p_Firmicutes.c_Clostridia.o_Eubacteriales.f_Lawsonibacter..no.family.in.NCBI..g_Lawsonibacter.s_Lawsonibacter.asaccharolyticus	-1.0243145261544662	1.0243145261544653
k_Bacteria.p_Firmicutes.c_Clostridia.o_Eubacteriales.f_Lawsonibacter..no.family.in.NCBI..g_Lawsonibacter.s_Unclassified.Lawsonibacter	-1.7008144692610845	1.7008144692610827
k_Bacteria.p_Firmicutes.c_Clostridia.o_Eubacteriales.f_Neglecta..no.family.in.NCBI..g_Neglecta.s_Neglecta.timonensis	-1.7239946416008867	1.7239946416008853
k_Bacteria.p_Firmicutes.c_Clostridia.o_Eubacteriales.f_Neglecta..no.family.in.NCBI..g_Neglecta.s_Unclassified.Neglecta	1.0678660079724203	-1.0678660079724192
k_Bacteria.p_Firmicutes.c_Clostridia.o_Eubacteriales.f_Oscillospiraceae.g_Acutalibacter.s_Unclassified.Acutalibacter	-1.0289455244766634	1.0289455244766625
k_Bacteria.p_Firmicutes.c_Clostridia.o_Eubacteriales.f_Oscillospiraceae.g_Agathobaculum.s_Agathobaculum.desmolans	-1.1594820225367908	1.1594820225367897
k_Bacteria.p_Firmicutes.c_Clostridia.o_Eubacteriales.f_Oscillospiraceae.g_Agathobaculum.s_Agathobaculum.sp.	0.23295486938530358	-0.23295486938530363
k_Bacteria.p_Firmicutes.c_Clostridia.o_Eubacteriales.f_Oscillospiraceae.g_Agathobaculum.s_Unclassified.Agathobaculum	-1.6134571886387312	1.61345718863873
k_Bacteria.p_Firmicutes.c_Clostridia.o_Eubacteriales.f_Oscillospiraceae.g_Anaeromassilibacillus.s_Anaeromassilibacillus.sp.	-0.4383890728968505	0.4383890728968499
k_Bacteria.p_Firmicutes.c_Clostridia.o_Eubacteriales.f_Oscillospiraceae.g_Anaeromassilibacillus.s_Unclassified.Anaeromassilibacillus	-0.9399995645133419	0.9399995645133412
k_Bacteria.p_Firmicutes.c_Clostridia.o_Eubacteriales.f_Oscillospiraceae.g_Anaerotruncus.s_Anaerotruncus.colihominis	0.5771066701187753	-0.5771066701187749
k_Bacteria.p_Firmicutes.c_Clostridia.o_Eubacteriales.f_Oscillospiraceae.g_Anaerotruncus.s_Anaerotruncus.sp.	-1.2539619196386371	1.2539619196386362
k_Bacteria.p_Firmicutes.c_Clostridia.o_Eubacteriales.f_Oscillospiraceae.g_Anaerotruncus.s_Unclassified.Anaerotruncus	0.06794236579416481	-0.06794236579416499
k_Bacteria.p_Firmicutes.c_Clostridia.o_Eubacteriales.f_Oscillospiraceae.g_Drancourtella.s_Drancourtella.sp.	0.2607140103070228	-0.26071401030702285
k_Bacteria.p_Firmicutes.c_Clostridia.o_Eubacteriales.f_Oscillospiraceae.g_Dysosmobacter.s_Dysosmobacter.sp.	-1.902697942124296	1.9026979421242944
k_Bacteria.p_Firmicutes.c_Clostridia.o_Eubacteriales.f_Oscillospiraceae.g_Dysosmobacter.s_Unclassified.Dysosmobacter	-0.4424614906891973	0.442461490689197
k_Bacteria.p_Firmicutes.c_Clostridia.o_Eubacteriales.f_Oscillospiraceae.g_Faecalibacterium.s_Faecalibacterium.prausnitzii	0.0749205062616426	-0.07492050626164255
k_Bacteria.p_Firmicutes.c_Clostridia.o_Eubacteriales.f_Oscillospiraceae.g_Faecalibacterium.s_Faecalibacterium.sp.	-1.4934604387974066	1.4934604387974058
k_Bacteria.p_Firmicutes.c_Clostridia.o_Eubacteriales.f_Oscillospiraceae.g_Faecalibacterium.s_Unclassified.Faecalibacterium	-0.951902779567577	0.9519027795675763
k_Bacteria.p_Firmicutes.c_Clostridia.o_Eubacteriales.f_Oscillospiraceae.g_Flavonifractor.s_Flavonifractor.plautii	0.8468648523743848	-0.8468648523743845
k_Bacteria.p_Firmicutes.c_Clostridia.o_Eubacteriales.f_Oscillospiraceae.g_Flavonifractor.s_Flavonifractor.sp.	0.364698502084427	-0.3646985020844272
k_Bacteria.p_Firmicutes.c_Clostridia.o_Eubacteriales.f_Oscillospiraceae.g_Flavonifractor.s_Unclassified.Flavonifractor	0.521239760124082	-0.5212397601240817
k_Bacteria.p_Firmicutes.c_Clostridia.o_Eubacteriales.f_Oscillospiraceae.g_Hydrogeniiclostidium.s_Hydrogeniiclostidium.mannosilyticum	-1.318135330792843	1.3181353307928418
k_Bacteria.p_Firmicutes.c_Clostridia.o_Eubacteriales.f_Oscillospiraceae.g_Hydrogeniiclostidium.s_Unclassified.Hydrogeniiclostidium	-1.7242635952252667	1.7242635952252654
k_Bacteria.p_Firmicutes.c_Clostridia.o_Eubacteriales.f_Oscillospiraceae.g_Massilimaliae.s_Massilimaliae.timonensis	-1.7413622959659814	1.74136229596598
k_Bacteria.p_Firmicutes.c_Clostridia.o_Eubacteriales.f_Oscillospiraceae.g_Massilimaliae.s_Unclassified.Massilimaliae	-0.7116549043828234	0.711654904382823
k_Bacteria.p_Firmicutes.c_Clostridia.o_Eubacteriales.f_Oscillospiraceae.g_Monoglobus.s_Monoglobus.pectinilyticus	-1.3818752909702492	1.3818752909702479
k_Bacteria.p_Firmicutes.c_Clostridia.o_Eubacteriales.f_Oscillospiraceae.g_Monoglobus.s_Unclassified.Monoglobus	-0.12657303968530895	0.12657303968530864
k_Bacteria.p_Firmicutes.c_Clostridia.o_Eubacteriales.f_Oscillospiraceae.g_Neobittarella.s_Neobittarella.massiliensis	-1.9313249512786168	1.9313249512786157
k_Bacteria.p_Firmicutes.c_Clostridia.o_Eubacteriales.f_Oscillospiraceae.g_Oscillibacter.s_Oscillibacter.sp.	0.5421376202756714	-0.5421376202756709
k_Bacteria.p_Firmicutes.c_Clostridia.o_Eubacteriales.f_Oscillospiraceae.g_Oscillibacter.s_Unclassified.Oscillibacter	0.2896718595757315	-0.28967185957573127
k_Bacteria.p_Firmicutes.c_Clostridia.o_Eubacteriales.f_Oscillospiraceae.g_Oscillospiraceae.bacterium..no.genus.in.NCBI..s_Oscillospiraceae.bacterium	-0.4540735505252267	0.45407355052522635
k_Bacteria.p_Firmicutes.c_Clostridia.o_Eubacteriales.f_Oscillospiraceae.g_Phocea.s_Unclassified.Phocea	-1.9320860017017911	1.9320860017017896
k_Bacteria.p_Firmicutes.c_Clostridia.o_Eubacteriales.f_Oscillospiraceae.g_Pseudoflavonifractor.s_Pseudoflavonifractor.sp.	-1.507634143286382	1.5076341432863807
k_Bacteria.p_Firmicutes.c_Clostridia.o_Eubacteriales.f_Oscillospiraceae.g_Pseudoflavonifractor.s_Unclassified.Pseudoflavonifractor	0.1477562287731235	-0.1477562287731234
k_Bacteria.p_Firmicutes.c_Clostridia.o_Eubacteriales.f_Oscillospiraceae.g_Ruminiclostridium.s_Unclassified.Ruminiclostridium	-0.4441227001079253	0.444122700107925
k_Bacteria.p_Firmicutes.c_Clostridia.o_Eubacteriales.f_Oscillospiraceae.g_Ruminococcus.s_Ruminococcus.bicirculans	0.09445055889840982	-0.09445055889840975
k_Bacteria.p_Firmicutes.c_Clostridia.o_Eubacteriales.f_Oscillospiraceae.g_Ruminococcus.s_Ruminococcus.bromii	-1.2714454035510194	1.2714454035510185
k_Bacteria.p_Firmicutes.c_Clostridia.o_Eubacteriales.f_Oscillospiraceae.g_Ruminococcus.s_Ruminococcus.sp.	0.13832005511349105	-0.13832005511349094
k_Bacteria.p_Firmicutes.c_Clostridia.o_Eubacteriales.f_Oscillospiraceae.g_Ruminococcus.s_Unclassified.Ruminococcus	0.38604024978561097	-0.38604024978561047
k_Bacteria.p_Firmicutes.c_Clostridia.o_Eubacteriales.f_Oscillospiraceae.g_Ruthenibacterium.s_Ruthenibacterium.lactatiformans	0.9713223228189406	-0.9713223228189404
k_Bacteria.p_Firmicutes.c_Clostridia.o_Eubacteriales.f_Oscillospiraceae.g_Ruthenibacterium.s_Unclassified.Ruthenibacterium	-0.1541390374863984	0.1541390374863983
k_Bacteria.p_Firmicutes.c_Clostridia.o_Eubacteriales.f_Oscillospiraceae.g_Subdoligranulum.s_Subdoligranulum.sp.	-0.5037361176379453	0.5037361176379448
k_Bacteria.p_Firmicutes.c_Clostridia.o_Eubacteriales.f_Oscillospiraceae.g_Subdoligranulum.s_Subdoligranulum.variabile	-0.18141359603496818	0.18141359603496807
k_Bacteria.p_Firmicutes.c_Clostridia.o_Eubacteriales.f_Oscillospiraceae.g_Subdoligranulum.s_Unclassified.Subdoligranulum	-1.681367699782667	1.6813676997826654
k_Bacteria.p_Firmicutes.c_Clostridia.o_Eubacteriales.f_Oscillospiraceae.g_Unclassified.Oscillospiraceae.s_Unclassified.Oscillospiraceae	-1.277079648409675	1.277079648409674
k_Bacteria.p_Firmicutes.c_Clostridia.o_Eubacteriales.f_Peptococcaceae.g_Unclassified.Peptococcaceae.s_Unclassified.Peptococcaceae	-0.7158794800261985	0.715879480026198
k_Bacteria.p_Firmicutes.c_Clostridia.o_Eubacteriales.f_Peptostreptococcaceae.g_Clostridioides.s_Clostridioides.difficile	1.1075435410934218	-1.1075435410934213
k_Bacteria.p_Firmicutes.c_Clostridia.o_Eubacteriales.f_Peptostreptococcaceae.g_Clostridioides.s_Unclassified.Clostridioides	-1.976377926925909	1.9763779269259072
k_Bacteria.p_Firmicutes.c_Clostridia.o_Eubacteriales.f_Peptostreptococcaceae.g_Criibacterium.s_Unclassified.Criibacterium	0.08640356969491371	-0.08640356969491365
k_Bacteria.p_Firmicutes.c_Clostridia.o_Eubacteriales.f_Peptostreptococcaceae.g_Intestinibacter.s_Intestinibacter.bartlettii	-1.3760686149076014	1.3760686149076
k_Bacteria.p_Firmicutes.c_Clostridia.o_Eubacteriales.f_Peptostreptococcaceae.g_Intestinibacter.s_Unclassified.Intestinibacter	-0.7888566943257997	0.788856694325799
k_Bacteria.p_Firmicutes.c_Clostridia.o_Eubacteriales.f_Peptostreptococcaceae.g_Peptacetobacter.s_Unclassified.Peptacetobacter	-0.9056515434198102	0.9056515434198094
k_Bacteria.p_Firmicutes.c_Clostridia.o_Eubacteriales.f_Peptostreptococcaceae.g_Romboutsia.s_Romboutsia.timonensis	-1.6941743496708324	1.6941743496708312
k_Bacteria.p_Firmicutes.c_Clostridia.o_Eubacteriales.f_Peptostreptococcaceae.g_Romboutsia.s_Unclassified.Romboutsia	-0.16133857282575814	0.1613385728257578
k_Bacteria.p_Firmicutes.c_Clostridia.o_Eubacteriales.f_Peptostreptococcaceae.g_Terrisporobacter.s_Terrisporobacter.glycolicus	-0.22001823054685515	0.22001823054685476
k_Bacteria.p_Firmicutes.c_Clostridia.o_Eubacteriales.f_Peptostreptococcaceae.g_Terrisporobacter.s_Unclassified.Terrisporobacter	-0.4168719138861391	0.4168719138861388
k_Bacteria.p_Firmicutes.c_Clostridia.o_Eubacteriales.f_Peptostreptococcaceae.g_Unclassified.Peptostreptococcaceae.s_Unclassified.Peptostreptococcaceae	-0.7549039372633551	0.7549039372633546
k_Bacteria.p_Firmicutes.c_Clostridia.o_Eubacteriales.f_Unclassified.Eubacteriales.g_Unclassified.Eubacteriales.s_Unclassified.Eubacteriales	0.659541010534745	-0.6595410105347448
k_Bacteria.p_Firmicutes.c_Clostridia.o_Unclassified.Clostridia.f_Unclassified.Clostridia.g_Unclassified.Clostridia.s_Unclassified.Clostridia	-0.015315323929127907	0.015315323929127897
k_Bacteria.p_Firmicutes.c_Erysipelotrichia.o_Erysipelotrichales.f_Coprobacillaceae.g_Catenibacterium.s_Catenibacterium.mitsuokai	0.3490751559118687	-0.3490751559118687
k_Bacteria.p_Firmicutes.c_Erysipelotrichia.o_Erysipelotrichales.f_Coprobacillaceae.g_Catenibacterium.s_Catenibacterium.sp.	-0.16230534638459956	0.1623053463845992
k_Bacteria.p_Firmicutes.c_Erysipelotrichia.o_Erysipelotrichales.f_Coprobacillaceae.g_Catenibacterium.s_Unclassified.Catenibacterium	-1.6018094828877558	1.6018094828877545
k_Bacteria.p_Firmicutes.c_Erysipelotrichia.o_Erysipelotrichales.f_Coprobacillaceae.g_Coprobacillus.s_Coprobacillus.cateniformis	-1.4180069745672004	1.418006974567199
k_Bacteria.p_Firmicutes.c_Erysipelotrichia.o_Erysipelotrichales.f_Coprobacillaceae.g_Coprobacillus.s_Coprobacillus.sp.	-1.412742523054494	1.412742523054493
k_Bacteria.p_Firmicutes.c_Erysipelotrichia.o_Erysipelotrichales.f_Coprobacillaceae.g_Coprobacillus.s_Unclassified.Coprobacillus	0.004674992944742283	-0.004674992944742279
k_Bacteria.p_Firmicutes.c_Erysipelotrichia.o_Erysipelotrichales.f_Coprobacillaceae.g_Unclassified.Coprobacillaceae.s_Unclassified.Coprobacillaceae	0.8592402605519317	-0.8592402605519316
k_Bacteria.p_Firmicutes.c_Erysipelotrichia.o_Erysipelotrichales.f_Erysipelotrichaceae.g_Dielma.s_Dielma.fastidiosa	-0.984160008019455	0.9841600080194544
k_Bacteria.p_Firmicutes.c_Erysipelotrichia.o_Erysipelotrichales.f_Erysipelotrichaceae.g_Erysipelatoclostridium.s_Erysipelatoclostridium.ramosum	-1.1248751619999173	1.1248751619999164
k_Bacteria.p_Firmicutes.c_Erysipelotrichia.o_Erysipelotrichales.f_Erysipelotrichaceae.g_Erysipelatoclostridium.s_Erysipelatoclostridium.sp.	-1.2727930241167695	1.2727930241167682
k_Bacteria.p_Firmicutes.c_Erysipelotrichia.o_Erysipelotrichales.f_Erysipelotrichaceae.g_Erysipelatoclostridium.s_Unclassified.Erysipelatoclostridium	0.005408242103014165	-0.005408242103014397
k_Bacteria.p_Firmicutes.c_Erysipelotrichia.o_Erysipelotrichales.f_Erysipelotrichaceae.g_Erysipelotrichaceae.bacterium..no.genus.in.NCBI..s_Erysipelotrichaceae.bacterium	-0.5058171281609624	0.5058171281609619
k_Bacteria.p_Firmicutes.c_Erysipelotrichia.o_Erysipelotrichales.f_Erysipelotrichaceae.g_Faecalitalea.s_Faecalitalea.cylindroides	-0.3057328316682602	0.30573283166826
k_Bacteria.p_Firmicutes.c_Erysipelotrichia.o_Erysipelotrichales.f_Erysipelotrichaceae.g_Holdemanella.s_Holdemanella.biformis	-1.6356279168021903	1.6356279168021892
k_Bacteria.p_Firmicutes.c_Erysipelotrichia.o_Erysipelotrichales.f_Erysipelotrichaceae.g_Holdemanella.s_Holdemanella.sp.	-0.04134919240033839	0.04134919240033836
k_Bacteria.p_Firmicutes.c_Erysipelotrichia.o_Erysipelotrichales.f_Erysipelotrichaceae.g_Holdemanella.s_Unclassified.Holdemanella	-0.5365063471653109	0.5365063471653104
k_Bacteria.p_Firmicutes.c_Erysipelotrichia.o_Erysipelotrichales.f_Erysipelotrichaceae.g_Holdemania.s_Holdemania.filiformis	-1.2236446517502584	1.223644651750257
k_Bacteria.p_Firmicutes.c_Erysipelotrichia.o_Erysipelotrichales.f_Erysipelotrichaceae.g_Holdemania.s_Holdemania.massiliensis	-1.3178787967316477	1.3178787967316468
k_Bacteria.p_Firmicutes.c_Erysipelotrichia.o_Erysipelotrichales.f_Erysipelotrichaceae.g_Holdemania.s_Holdemania.sp.	-1.1754233134896155	1.1754233134896144
k_Bacteria.p_Firmicutes.c_Erysipelotrichia.o_Erysipelotrichales.f_Erysipelotrichaceae.g_Holdemania.s_Unclassified.Holdemania	-0.5490782343230936	0.5490782343230929
k_Bacteria.p_Firmicutes.c_Erysipelotrichia.o_Erysipelotrichales.f_Erysipelotrichaceae.g_Intestinibaculum.s_Intestinibaculum.porci	-0.11155320880803735	0.11155320880803726
k_Bacteria.p_Firmicutes.c_Erysipelotrichia.o_Erysipelotrichales.f_Erysipelotrichaceae.g_Longicatena.s_Longicatena.caecimuris	1.0619343856007997	-1.0619343856007992
k_Bacteria.p_Firmicutes.c_Erysipelotrichia.o_Erysipelotrichales.f_Erysipelotrichaceae.g_Massilimicrobiota.s_Massilimicrobiota.timonensis	0.8654915126320146	-0.8654915126320143
k_Bacteria.p_Firmicutes.c_Erysipelotrichia.o_Erysipelotrichales.f_Erysipelotrichaceae.g_Massilimicrobiota.s_Unclassified.Massilimicrobiota	-1.8417698694147449	1.8417698694147429
k_Bacteria.p_Firmicutes.c_Erysipelotrichia.o_Erysipelotrichales.f_Erysipelotrichaceae.g_Solobacterium.s_Solobacterium.sp.	-0.1783109450756288	0.17831094507562845
k_Bacteria.p_Firmicutes.c_Erysipelotrichia.o_Erysipelotrichales.f_Erysipelotrichaceae.g_Unclassified.Erysipelotrichaceae.s_Unclassified.Erysipelotrichaceae	-1.4102893514067154	1.4102893514067143
k_Bacteria.p_Firmicutes.c_Erysipelotrichia.o_Erysipelotrichales.f_Unclassified.Erysipelotrichales.g_Unclassified.Erysipelotrichales.s_Unclassified.Erysipelotrichales	0.8326834921433646	-0.8326834921433642
k_Bacteria.p_Firmicutes.c_Firmicutes.bacterium..no.class.in.NCBI..o_Firmicutes.bacterium..no.order.in.NCBI..f_Firmicutes.bacterium..no.family.in.NCBI..g_Firmicutes.bacterium..no.genus.in.NCBI..s_Firmicutes.bacterium	1.8386861997859556	-1.838686199785955
k_Bacteria.p_Firmicutes.c_Negativicutes.o_Acidaminococcales.f_Acidaminococcaceae.g_Acidaminococcus.s_Unclassified.Acidaminococcus	-0.7197831078150696	0.7197831078150688
k_Bacteria.p_Firmicutes.c_Negativicutes.o_Acidaminococcales.f_Acidaminococcaceae.g_Phascolarctobacterium.s_Phascolarctobacterium.faecium	-0.33927690604923455	0.3392769060492343
k_Bacteria.p_Firmicutes.c_Negativicutes.o_Acidaminococcales.f_Acidaminococcaceae.g_Phascolarctobacterium.s_Phascolarctobacterium.sp.	0.8315272633235704	-0.8315272633235701
k_Bacteria.p_Firmicutes.c_Negativicutes.o_Acidaminococcales.f_Acidaminococcaceae.g_Phascolarctobacterium.s_Phascolarctobacterium.succinatutens	0.9103662419286467	-0.9103662419286458
k_Bacteria.p_Firmicutes.c_Negativicutes.o_Acidaminococcales.f_Acidaminococcaceae.g_Phascolarctobacterium.s_Unclassified.Phascolarctobacterium	-0.7262084275319003	0.7262084275318997
k_Bacteria.p_Firmicutes.c_Negativicutes.o_Acidaminococcales.f_Acidaminococcaceae.g_Unclassified.Acidaminococcaceae.s_Unclassified.Acidaminococcaceae	0.2484218915941823	-0.2484218915941826
k_Bacteria.p_Firmicutes.c_Negativicutes.o_Selenomonadales.f_Selenomonadaceae.g_Megamonas.s_Megamonas.funiformis	-0.5975914938194158	0.5975914938194153
k_Bacteria.p_Firmicutes.c_Negativicutes.o_Selenomonadales.f_Selenomonadaceae.g_Megamonas.s_Unclassified.Megamonas	-0.7063535869608772	0.7063535869608765
k_Bacteria.p_Firmicutes.c_Negativicutes.o_Unclassified.Negativicutes.f_Unclassified.Negativicutes.g_Unclassified.Negativicutes.s_Unclassified.Negativicutes	0.3395157464890617	-0.3395157464890617
k_Bacteria.p_Firmicutes.c_Negativicutes.o_Veillonellales.f_Veillonellaceae.g_Dialister.s_Dialister.sp.	-0.38194424238493657	0.3819442423849363
k_Bacteria.p_Firmicutes.c_Negativicutes.o_Veillonellales.f_Veillonellaceae.g_Dialister.s_Unclassified.Dialister	-1.2534560768478336	1.2534560768478327
k_Bacteria.p_Firmicutes.c_Negativicutes.o_Veillonellales.f_Veillonellaceae.g_Megasphaera.s_Megasphaera.elsdenii	-0.38930076535032554	0.38930076535032504
k_Bacteria.p_Firmicutes.c_Negativicutes.o_Veillonellales.f_Veillonellaceae.g_Megasphaera.s_Megasphaera.micronuciformis	0.2937482529373251	-0.2937482529373251
k_Bacteria.p_Firmicutes.c_Negativicutes.o_Veillonellales.f_Veillonellaceae.g_Megasphaera.s_Megasphaera.sp.	-1.0047153429994424	1.0047153429994413
k_Bacteria.p_Firmicutes.c_Negativicutes.o_Veillonellales.f_Veillonellaceae.g_Megasphaera.s_Unclassified.Megasphaera	0.41898577074756693	-0.41898577074756665
k_Bacteria.p_Firmicutes.c_Negativicutes.o_Veillonellales.f_Veillonellaceae.g_Unclassified.Veillonellaceae.s_Unclassified.Veillonellaceae	-0.6610333577175566	0.6610333577175559
k_Bacteria.p_Firmicutes.c_Negativicutes.o_Veillonellales.f_Veillonellaceae.g_Veillonella.s_Unclassified.Veillonella	0.7740894257198058	-0.7740894257198052
k_Bacteria.p_Firmicutes.c_Negativicutes.o_Veillonellales.f_Veillonellaceae.g_Veillonella.s_Veillonella.atypica	-0.3329417963208249	0.3329417963208244
k_Bacteria.p_Firmicutes.c_Negativicutes.o_Veillonellales.f_Veillonellaceae.g_Veillonella.s_Veillonella.dispar	0.3895855168382219	-0.3895855168382216
k_Bacteria.p_Firmicutes.c_Negativicutes.o_Veillonellales.f_Veillonellaceae.g_Veillonella.s_Veillonella.parvula	0.9133972480006457	-0.913397248000645
k_Bacteria.p_Firmicutes.c_Negativicutes.o_Veillonellales.f_Veillonellaceae.g_Veillonella.s_Veillonella.ratti	-0.33232885192768247	0.3323288519276822
k_Bacteria.p_Firmicutes.c_Negativicutes.o_Veillonellales.f_Veillonellaceae.g_Veillonella.s_Veillonella.seminalis	0.9293036022147827	-0.929303602214782
k_Bacteria.p_Firmicutes.c_Negativicutes.o_Veillonellales.f_Veillonellaceae.g_Veillonella.s_Veillonella.sp.	-0.8433144743719636	0.8433144743719629
k_Bacteria.p_Firmicutes.c_Negativicutes.o_Veillonellales.f_Veillonellaceae.g_Veillonella.s_Veillonella.tobetsuensis	-0.24884739399189623	0.24884739399189604
k_Bacteria.p_Firmicutes.c_Unclassified.Firmicutes.o_Unclassified.Firmicutes.f_Unclassified.Firmicutes.g_Unclassified.Firmicutes.s_Unclassified.Firmicutes	0.7814065034200391	-0.7814065034200384
k_Bacteria.p_Proteobacteria.c_Alphaproteobacteria.o_Rhodospirillales.f_Azospirillaceae.g_Azospirillum.s_Azospirillum.sp.	-1.161030164851408	1.161030164851407
k_Bacteria.p_Proteobacteria.c_Alphaproteobacteria.o_Rhodospirillales.f_Azospirillaceae.g_Azospirillum.s_Unclassified.Azospirillum	-1.0029578183495131	1.0029578183495123
k_Bacteria.p_Proteobacteria.c_Betaproteobacteria.o_Burkholderiales.f_Sutterellaceae.g_Parasutterella.s_Unclassified.Parasutterella	-1.146415915942207	1.146415915942206
k_Bacteria.p_Proteobacteria.c_Betaproteobacteria.o_Burkholderiales.f_Sutterellaceae.g_Sutterella.s_Sutterella.sp.	-0.08555137848617166	0.0855513784861716
k_Bacteria.p_Proteobacteria.c_Betaproteobacteria.o_Burkholderiales.f_Sutterellaceae.g_Sutterella.s_Sutterella.wadsworthensis	1.1536201676037257	-1.1536201676037252
k_Bacteria.p_Proteobacteria.c_Betaproteobacteria.o_Burkholderiales.f_Sutterellaceae.g_Sutterella.s_Unclassified.Sutterella	-1.1230995221519007	1.1230995221519
k_Bacteria.p_Proteobacteria.c_Betaproteobacteria.o_Burkholderiales.f_Sutterellaceae.g_Unclassified.Sutterellaceae.s_Unclassified.Sutterellaceae	-1.692281042219614	1.6922810422196124
k_Bacteria.p_Proteobacteria.c_Betaproteobacteria.o_Burkholderiales.f_Unclassified.Burkholderiales.g_Unclassified.Burkholderiales.s_Unclassified.Burkholderiales	-1.3644205392878508	1.3644205392878497
k_Bacteria.p_Proteobacteria.c_Betaproteobacteria.o_Neisseriales.f_Neisseriaceae.g_Neisseria.s_Unclassified.Neisseria	-1.2763007194014637	1.2763007194014628
k_Bacteria.p_Proteobacteria.c_Deltaproteobacteria.o_Desulfovibrionales.f_Desulfovibrionaceae.g_Bilophila.s_Bilophila.wadsworthia	-0.939933830669251	0.9399338306692503
k_Bacteria.p_Proteobacteria.c_Deltaproteobacteria.o_Desulfovibrionales.f_Desulfovibrionaceae.g_Bilophila.s_Unclassified.Bilophila	-0.2724748378856986	0.27247483788569843
k_Bacteria.p_Proteobacteria.c_Deltaproteobacteria.o_Desulfovibrionales.f_Desulfovibrionaceae.g_Desulfovibrio.s_Unclassified.Desulfovibrio	-0.7660864956092311	0.7660864956092306
k_Bacteria.p_Proteobacteria.c_Deltaproteobacteria.o_Desulfovibrionales.f_Desulfovibrionaceae.g_Unclassified.Desulfovibrionaceae.s_Unclassified.Desulfovibrionaceae	-0.5994497848192862	0.5994497848192858
k_Bacteria.p_Proteobacteria.c_Epsilonproteobacteria.o_Campylobacterales.f_Campylobacteraceae.g_Campylobacter.s_Unclassified.Campylobacter	-0.21482190637425272	0.21482190637425258
k_Bacteria.p_Proteobacteria.c_Epsilonproteobacteria.o_Campylobacterales.f_Unclassified.Campylobacterales.g_Unclassified.Campylobacterales.s_Unclassified.Campylobacterales	-0.01764118898933543	0.017641188989335182
k_Bacteria.p_Proteobacteria.c_Gammaproteobacteria.o_Enterobacterales.f_Enterobacteriaceae.g_Citrobacter.s_Citrobacter.freundii	0.8970332359048735	-0.8970332359048729
k_Bacteria.p_Proteobacteria.c_Gammaproteobacteria.o_Enterobacterales.f_Enterobacteriaceae.g_Citrobacter.s_Unclassified.Citrobacter	1.5844528557666024	-1.5844528557666013
k_Bacteria.p_Proteobacteria.c_Gammaproteobacteria.o_Enterobacterales.f_Enterobacteriaceae.g_Enterobacter.s_Enterobacter.asburiae	0.6450766144879886	-0.6450766144879884
k_Bacteria.p_Proteobacteria.c_Gammaproteobacteria.o_Enterobacterales.f_Enterobacteriaceae.g_Enterobacter.s_Enterobacter.cloacae	0.6127420999444163	-0.6127420999444156
k_Bacteria.p_Proteobacteria.c_Gammaproteobacteria.o_Enterobacterales.f_Enterobacteriaceae.g_Enterobacter.s_Enterobacter.hormaechei	-1.200113140549164	1.2001131405491632
k_Bacteria.p_Proteobacteria.c_Gammaproteobacteria.o_Enterobacterales.f_Enterobacteriaceae.g_Enterobacter.s_Enterobacter.roggenkampii	-0.5882365760245137	0.5882365760245131
k_Bacteria.p_Proteobacteria.c_Gammaproteobacteria.o_Enterobacterales.f_Enterobacteriaceae.g_Enterobacter.s_Unclassified.Enterobacter	0.29306273258672055	-0.29306273258672033
k_Bacteria.p_Proteobacteria.c_Gammaproteobacteria.o_Enterobacterales.f_Enterobacteriaceae.g_Escherichia.s_Escherichia.coli	0.30348494438868123	-0.30348494438868123
k_Bacteria.p_Proteobacteria.c_Gammaproteobacteria.o_Enterobacterales.f_Enterobacteriaceae.g_Escherichia.s_Unclassified.Escherichia	1.8592918967603274	-1.8592918967603267
k_Bacteria.p_Proteobacteria.c_Gammaproteobacteria.o_Enterobacterales.f_Enterobacteriaceae.g_Klebsiella.s_Klebsiella.grimontii	1.4441228403072228	-1.4441228403072222
k_Bacteria.p_Proteobacteria.c_Gammaproteobacteria.o_Enterobacterales.f_Enterobacteriaceae.g_Klebsiella.s_Klebsiella.michiganensis	0.768650710197086	-0.768650710197086
k_Bacteria.p_Proteobacteria.c_Gammaproteobacteria.o_Enterobacterales.f_Enterobacteriaceae.g_Klebsiella.s_Klebsiella.oxytoca	1.833174805561101	-1.8331748055611008
k_Bacteria.p_Proteobacteria.c_Gammaproteobacteria.o_Enterobacterales.f_Enterobacteriaceae.g_Klebsiella.s_Klebsiella.pneumoniae	0.3785276866557039	-0.3785276866557034
k_Bacteria.p_Proteobacteria.c_Gammaproteobacteria.o_Enterobacterales.f_Enterobacteriaceae.g_Klebsiella.s_Klebsiella.variicola	1.1767298400377026	-1.1767298400377024
k_Bacteria.p_Proteobacteria.c_Gammaproteobacteria.o_Enterobacterales.f_Enterobacteriaceae.g_Klebsiella.s_Unclassified.Klebsiella	1.6990443783447224	-1.6990443783447218
k_Bacteria.p_Proteobacteria.c_Gammaproteobacteria.o_Enterobacterales.f_Enterobacteriaceae.g_Salmonella.enterica..no.genus.in.NCBI..s_Salmonella.enterica	1.372183889282999	-1.3721838892829978
k_Bacteria.p_Proteobacteria.c_Gammaproteobacteria.o_Enterobacterales.f_Enterobacteriaceae.g_Shigella.s_Unclassified.Shigella	1.764850532757721	-1.76485053275772
k_Bacteria.p_Proteobacteria.c_Gammaproteobacteria.o_Enterobacterales.f_Enterobacteriaceae.g_Unclassified.Enterobacteriaceae.s_Unclassified.Enterobacteriaceae	1.0025646492576463	-1.0025646492576452
k_Bacteria.p_Proteobacteria.c_Gammaproteobacteria.o_Enterobacterales.f_Unclassified.Enterobacterales.g_Unclassified.Enterobacterales.s_Unclassified.Enterobacterales	1.5239068114304444	-1.5239068114304435
k_Bacteria.p_Proteobacteria.c_Gammaproteobacteria.o_Enterobacterales.f_Yersiniaceae.g_Serratia.s_Unclassified.Serratia	0.5045359706508341	-0.504535970650834
k_Bacteria.p_Proteobacteria.c_Gammaproteobacteria.o_Pasteurellales.f_Pasteurellaceae.g_Haemophilus.s_Haemophilus.parainfluenzae	1.5633887309569272	-1.5633887309569265
k_Bacteria.p_Proteobacteria.c_Gammaproteobacteria.o_Pasteurellales.f_Pasteurellaceae.g_Haemophilus.s_Unclassified.Haemophilus	0.7900545011620366	-0.790054501162036
k_Bacteria.p_Proteobacteria.c_Gammaproteobacteria.o_Pasteurellales.f_Pasteurellaceae.g_Unclassified.Pasteurellaceae.s_Unclassified.Pasteurellaceae	0.821617394529921	-0.8216173945299207
k_Bacteria.p_Proteobacteria.c_Gammaproteobacteria.o_Pseudomonadales.f_Moraxellaceae.g_Acinetobacter.s_Acinetobacter.baumannii	1.0615294827692745	-1.0615294827692738
k_Bacteria.p_Proteobacteria.c_Gammaproteobacteria.o_Pseudomonadales.f_Moraxellaceae.g_Acinetobacter.s_Unclassified.Acinetobacter	-0.699685004169518	0.6996850041695172
k_Bacteria.p_Proteobacteria.c_Gammaproteobacteria.o_Pseudomonadales.f_Pseudomonadaceae.g_Pseudomonas.s_Pseudomonas.aeruginosa	0.3394669783685939	-0.3394669783685939
k_Bacteria.p_Proteobacteria.c_Gammaproteobacteria.o_Pseudomonadales.f_Pseudomonadaceae.g_Pseudomonas.s_Unclassified.Pseudomonas	-0.45731278783067564	0.4573127878306753
k_Bacteria.p_Proteobacteria.c_Gammaproteobacteria.o_Pseudomonadales.f_Unclassified.Pseudomonadales.g_Unclassified.Pseudomonadales.s_Unclassified.Pseudomonadales	0.15649170605052806	-0.15649170605052795
k_Bacteria.p_Proteobacteria.c_Gammaproteobacteria.o_Unclassified.Gammaproteobacteria.f_Unclassified.Gammaproteobacteria.g_Unclassified.Gammaproteobacteria.s_Unclassified.Gammaproteobacteria	1.737334976370101	-1.7373349763701
k_Bacteria.p_Proteobacteria.c_Gammaproteobacteria.o_Xanthomonadales.f_Xanthomonadaceae.g_Xanthomonas.s_Xanthomonas.citri	-0.8520931326468633	0.8520931326468627
k_Bacteria.p_Proteobacteria.c_Unclassified.Proteobacteria.o_Unclassified.Proteobacteria.f_Unclassified.Proteobacteria.g_Unclassified.Proteobacteria.s_Unclassified.Proteobacteria	0.9026985859176542	-0.9026985859176537
k_Bacteria.p_Unclassified.Bacteria.c_Unclassified.Bacteria.o_Unclassified.Bacteria.f_Unclassified.Bacteria.g_Unclassified.Bacteria.s_Unclassified.Bacteria	-0.9958925017001129	0.9958925017001122
k_Bacteria.p_Verrucomicrobia.c_Unclassified.Verrucomicrobia.o_Unclassified.Verrucomicrobia.f_Unclassified.Verrucomicrobia.g_Unclassified.Verrucomicrobia.s_Unclassified.Verrucomicrobia	-0.7427489767758042	0.7427489767758034
k_Bacteria.p_Verrucomicrobia.c_Verrucomicrobiae.o_Verrucomicrobiales.f_Akkermansiaceae.g_Akkermansia.s_Akkermansia.muciniphila	-0.2677934562684366	0.2677934562684364
k_Bacteria.p_Verrucomicrobia.c_Verrucomicrobiae.o_Verrucomicrobiales.f_Akkermansiaceae.g_Akkermansia.s_Akkermansia.sp.	-0.6951623622675968	0.6951623622675961
k_Bacteria.p_Verrucomicrobia.c_Verrucomicrobiae.o_Verrucomicrobiales.f_Akkermansiaceae.g_Akkermansia.s_Unclassified.Akkermansia	-1.1032872107289844	1.1032872107289835
k_Bacteria.p_Verrucomicrobia.c_Verrucomicrobiae.o_Verrucomicrobiales.f_Akkermansiaceae.g_Unclassified.Akkermansiaceae.s_Unclassified.Akkermansiaceae	0.04081194203298654	-0.04081194203298651
k_Eukaryota.p_Streptophyta.c_Magnoliopsida.o_Rosales.f_Rosaceae.g_Unclassified.Rosaceae.s_Unclassified.Rosaceae	0.5402894187221409	-0.5402894187221408
k_Eukaryota.p_Streptophyta.c_Magnoliopsida.o_Unclassified.Magnoliopsida.f_Unclassified.Magnoliopsida.g_Unclassified.Magnoliopsida.s_Unclassified.Magnoliopsida	1.2266858003328402	-1.2266858003328394
k_Viruses.p_Phixviricota.c_Malgrandaviricetes.o_Petitvirales.f_Microviridae.g_Unclassified.Microviridae.s_Unclassified.Microviridae	0.28165945159600375	-0.28165945159600403
k_Viruses.p_Preplasmiviricota.c_Tectiliviricetes.o_Rowavirales.f_Adenoviridae.g_Mastadenovirus.s_Unclassified.Mastadenovirus	-0.8048270297589039	0.8048270297589031
k_Viruses.p_Uroviricota.c_Caudoviricetes.o_Caudovirales.f_Podoviridae.g_CrAssphage.LMMB..no.genus.in.NCBI..s_CrAssphage.LMMB	-0.23803927306439013	0.2380392730643897
k_Viruses.p_Uroviricota.c_Caudoviricetes.o_Caudovirales.f_Podoviridae.g_CrAssphage.sp..C0531BW4..no.genus.in.NCBI..s_CrAssphage.sp..C0531BW4	0.08158323738784605	-0.08158323738784623
k_Viruses.p_Uroviricota.c_Caudoviricetes.o_Caudovirales.f_Podoviridae.g_Unclassified.Podoviridae.s_Unclassified.Podoviridae	-1.8697112872985997	1.8697112872985984
k_Viruses.p_Uroviricota.c_Caudoviricetes.o_Caudovirales.f_Siphoviridae.g_Moineauvirus.s_Unclassified.Moineauvirus	-0.3708621614566469	0.3708621614566464
k_Viruses.p_Uroviricota.c_Caudoviricetes.o_Caudovirales.f_Siphoviridae.g_Parabacteroides.phage.PDS1..no.genus.in.NCBI..s_Parabacteroides.phage.PDS1	0.23932935496152477	-0.2393293549615246
k_Viruses.p_Uroviricota.c_Caudoviricetes.o_Caudovirales.f_Siphoviridae.g_Skunavirus.s_Unclassified.Skunavirus	0.6090809479760124	-0.6090809479760118
k_Viruses.p_Uroviricota.c_Caudoviricetes.o_Caudovirales.f_Siphoviridae.g_Unclassified.Siphoviridae.s_Unclassified.Siphoviridae	1.2718571354471075	-1.2718571354471067
k_Viruses.p_Uroviricota.c_Caudoviricetes.o_Caudovirales.f_Unclassified.Caudovirales.g_Unclassified.Caudovirales.s_Unclassified.Caudovirales	0.7833075010320328	-0.7833075010320321
K00001	0.8360656367894103	-0.8360656367894101
K00002	-0.02320304507136828	0.023203045071368028
K00003	-0.9556299077928025	0.9556299077928017
K00005	0.5585806935435423	-0.5585806935435423
K00007	0.12304985415628358	-0.12304985415628349
K00008	-0.8473819997349149	0.847381999734914
K00009	0.4943631261992068	-0.4943631261992067
K00010	0.39122406093244344	-0.39122406093244316
K00012	-0.938804610329968	0.9388046103299671
K00013	-0.5984763923671674	0.598476392367167
K00014	0.43246845279617707	-0.4324684527961768
K00015	1.0934738192136608	-1.0934738192136602
K00016	-0.631070352946263	0.6310703529462626
K00018	-0.8228747732286177	0.8228747732286169
K00020	0.4935494905260884	-0.49354949052608804
K00024	0.03935593745117159	-0.039355937451171795
K00027	-0.5582999447420874	0.5582999447420869
K00029	0.8509249336586495	-0.8509249336586493
K00030	0.24072983899427955	-0.2407298389942796
K00031	1.5114834167686784	-1.5114834167686775
K00033	0.25393053431779145	-0.2539305343177913
K00036	-0.6859242551588641	0.6859242551588635
K00039	1.5958278224235007	-1.5958278224234994
K00040	-0.3312302775025675	0.3312302775025673
K00041	0.5970096120736197	-0.5970096120736195
K00042	0.2401359480733407	-0.2401359480733408
K00045	-0.717945447915576	0.7179454479155752
K00046	-0.9634694572788213	0.9634694572788206
K00048	-0.24429302327500071	0.24429302327500055
K00052	-1.173860676037891	1.1738606760378902
K00053	0.9906658093564772	-0.9906658093564762
K00054	-0.8960875696589329	0.896087569658932
K00055	-0.8124211963522404	0.8124211963522395
K00057	0.3775485582662377	-0.37754855826623746
K00058	0.5167060350941459	-0.516706035094146
K00059	-0.37231701967264935	0.3723170196726491
K00060	1.014833681230802	-1.0148336812308014
K00065	0.47275981337820727	-0.47275981337820694
K00067	0.6542926445804962	-0.6542926445804962
K00068	0.8400446111941995	-0.8400446111941992
K00073	1.0494662180349474	-1.049466218034947
K00074	0.30420425902067355	-0.30420425902067333
K00075	1.4478133271690035	-1.4478133271690026
K00076	0.2384978222282821	-0.23849782222828217
K00077	-1.040978571560606	1.040978571560605
K00086	1.3941558981180489	-1.394155898118048
K00087	0.015406263237757943	-0.015406263237758169
K00088	-1.0454529941753732	1.045452994175372
K00090	1.9357759083442472	-1.935775908344246
K00094	0.5723225411987477	-0.5723225411987474
K00096	-1.2423952954620325	1.2423952954620314
K00097	-0.26768103087691636	0.2676810308769162
K00098	0.49377600323577325	-0.49377600323577314
K00099	-1.245624661116594	1.245624661116593
K00100	-0.15518701044102484	0.15518701044102473
K00101	2.051448842881063	-2.051448842881062
K00104	0.26803159941313315	-0.2680315994131332
K00105	0.24425448217988396	-0.2442544821798838
K00108	1.4793405377687983	-1.4793405377687974
K00111	0.6583891346522328	-0.6583891346522328
K00112	-1.1504614388072205	1.1504614388072192
K00113	1.7309487914775303	-1.7309487914775294
K00116	1.039303593690799	-1.0393035936907984
K00117	1.77363513915236	-1.7736351391523582
K00121	1.7642638923202598	-1.764263892320259
K00123	0.030349604760674782	-0.030349604760674997
K00124	0.9409673476336251	-0.9409673476336247
K00127	1.7045700018043803	-1.7045700018043795
K00128	-0.993514751153826	0.9935147511538253
K00130	-0.3012961799071703	0.30129617990717006
K00131	-0.40850519256831885	0.4085051925683186
K00132	-0.7739326023513013	0.7739326023513006
K00133	-0.5682849262789667	0.5682849262789661
K00134	-0.2488069798938466	0.24880697989384642
K00135	-0.7382874609370981	0.7382874609370973
K00137	1.225410319403979	-1.225410319403978
K00138	0.9900604967531407	-0.9900604967531402
K00140	-0.4324054011223709	0.43240540112237036
K00141	1.235449346513787	-1.2354493465137861
K00145	0.06645030153086652	-0.06645030153086671
K00146	1.450396544413995	-1.4503965444139943
K00147	1.0983606853451409	-1.0983606853451404
K00148	0.154337604980277	-0.15433760498027665
K00151	1.1322895719215307	-1.13228957192153
K00156	1.0883225188616112	-1.0883225188616104
K00158	-0.16908832795813555	0.16908832795813541
K00161	-1.2865722846705367	1.2865722846705359
K00162	0.2961571430407942	-0.29615714304079377
K00163	0.8520631896604746	-0.8520631896604739
K00164	0.20034618817142744	-0.20034618817142752
K00169	-1.6931866310667698	1.693186631066768
K00170	-1.8801333285876578	1.8801333285876562
K00172	-1.1254648585734808	1.1254648585734797
K00174	0.08449306565923859	-0.08449306565923877
K00175	-1.506783686882048	1.5067836868820468
K00176	-1.0558275589752966	1.0558275589752957
K00177	-1.3773715189572875	1.3773715189572866
K00179	-1.4217035890012033	1.4217035890012024
K00180	-1.6997553820966012	1.6997553820966005
K00183	-0.9201711049644286	0.9201711049644279
K00184	0.4399345242759979	-0.43993452427599755
K00185	0.8175015298520957	-0.8175015298520951
K00194	-1.6427689762681055	1.6427689762681041
K00196	0.738194005340985	-0.7381940053409847
K00197	-0.828204396809912	0.8282043968099112
K00198	1.0589147195918232	-1.0589147195918225
K00208	0.8736004884366882	-0.8736004884366878
K00209	-0.9639096551794836	0.9639096551794827
K00210	-0.3729862600866093	0.37298626008660907
K00215	0.7821470888731847	-0.7821470888731844
K00216	1.574528646470152	-1.574528646470151
K00219	0.4022995247707744	-0.40229952477077435
K00226	0.3967925288219584	-0.39679252882195815
K00228	0.025343521064026216	-0.0253435210640262
K00230	1.478447666781831	-1.4784476667818298
K00231	-0.7398133873297659	0.7398133873297651
K00239	0.1839482896955037	-0.1839482896955038
K00240	0.3272617669589536	-0.3272617669589536
K00241	0.8826853070465613	-0.8826853070465606
K00242	1.3875984853567085	-1.3875984853567074
K00243	-0.31953526819201783	0.3195352681920176
K00244	1.2039492841261852	-1.2039492841261843
K00245	-0.11644594001537159	0.11644594001537151
K00246	1.3693534759712993	-1.3693534759712986
K00247	1.3753419855331641	-1.3753419855331634
K00248	-0.738253344035665	0.7382533440356642
K00254	0.10980805286610686	-0.10980805286610701
K00259	-0.23815802257053414	0.23815802257053398
K00260	0.7012560573313129	-0.7012560573313124
K00261	0.00722082137856811	-0.0072208213785681045
K00262	0.9301259282944808	-0.9301259282944802
K00265	-0.13470265467023537	0.1347026546702353
K00266	1.2715902465743014	-1.2715902465743005
K00274	-0.49500924721744866	0.4950092472174483
K00275	-1.3787572126912349	1.378757212691234
K00276	0.27170387052428924	-0.271703870524289
K00278	-0.21455418080098115	0.21455418080098076
K00281	-0.42400320212195475	0.4240032021219544
K00282	-1.2224337035113788	1.222433703511378
K00283	-1.3326167151768329	1.3326167151768313
K00284	1.2233620787342947	-1.2233620787342943
K00285	1.6260704663501908	-1.6260704663501901
K00286	-0.8347283382374517	0.8347283382374512
K00287	0.37269345927261643	-0.3726934592726164
K00290	0.12728873013831696	-0.12728873013831712
K00294	-0.6205511185807285	0.6205511185807281
K00297	0.28286937108658056	-0.28286937108658017
K00299	1.7812069713640046	-1.7812069713640035
K00302	-0.6834161653669846	0.6834161653669841
K00303	-1.5069461916564517	1.5069461916564502
K00313	1.3036338590574945	-1.3036338590574934
K00318	0.008778181674944763	-0.008778181674944758
K00322	1.6611088292009724	-1.6611088292009712
K00324	-0.14360170468703998	0.1436017046870399
K00325	-0.09070906964246596	0.09070906964246565
K00330	-0.001986586685139124	0.0019865866851391223
K00331	-0.5641297621207981	0.5641297621207975
K00332	-0.7672149056321661	0.7672149056321653
K00333	0.38604469952970605	-0.38604469952970577
K00334	-0.6752593945608871	0.6752593945608866
K00335	1.5984955487189363	-1.5984955487189352
K00336	0.5476918111143615	-0.547691811114361
K00337	0.553756506495672	-0.553756506495672
K00338	1.421337935331095	-1.4213379353310944
K00339	0.45185400423070904	-0.4518540042307089
K00340	-0.3702219426826431	0.3702219426826428
K00341	0.9095968452202939	-0.9095968452202933
K00342	0.9600809997174069	-0.9600809997174062
K00343	-0.02084213825451863	0.020842138254518378
K00344	0.39939880886463114	-0.39939880886463064
K00346	-0.2235194030382415	0.22351940303824133
K00347	0.029565697206758775	-0.029565697206758754
K00348	-0.6250561410263678	0.6250561410263673
K00349	-0.8959778516423232	0.8959778516423226
K00350	0.5882097163913879	-0.5882097163913876
K00351	-0.38492326298958224	0.38492326298958196
K00354	0.5962131466474652	-0.5962131466474645
K00355	-0.8331024769943467	0.8331024769943461
K00362	1.6416964602016728	-1.6416964602016717
K00363	1.8279260031552707	-1.8279260031552695
K00364	0.04568735766636785	-0.04568735766636758
K00366	0.6225912942598073	-0.6225912942598071
K00370	1.879139330387057	-1.8791393303870554
K00371	0.9549712993026284	-0.9549712993026279
K00372	-0.4877104602380242	0.48771046023802367
K00373	1.762689340358172	-1.7626893403581707
K00374	0.1597939093820921	-0.15979390938209198
K00375	0.6838111161468181	-0.6838111161468177
K00380	1.6897825120006424	-1.6897825120006411
K00381	1.6170242215891688	-1.6170242215891677
K00382	1.202195646936938	-1.2021956469369373
K00383	-0.4911611410719082	0.49116114107190767
K00384	1.7790460265592807	-1.779046026559279
K00385	-0.27055853607946506	0.2705585360794647
K00389	1.6877638894134983	-1.687763889413497
K00390	1.351329546193143	-1.3513295461931418
K00394	1.046116029947966	-1.0461160299479655
K00395	0.46801343560945013	-0.4680134356094503
K00425	1.266758664830438	-1.2667586648304372
K00426	1.525442381233347	-1.525442381233346
K00427	0.3379193825422988	-0.3379193825422986
K00428	-1.0518839010229881	1.051883901022987
K00432	0.13867954987154685	-0.138679549871547
K00433	-1.5465026080621742	1.546502608062173
K00435	1.5903653373262983	-1.5903653373262971
K00448	0.14826563438506113	-0.1482656343850615
K00449	1.0504359686449498	-1.0504359686449494
K00450	-1.0330421735866906	1.0330421735866897
K00455	1.007141778062302	-1.0071417780623015
K00457	1.3129078581388238	-1.312907858138823
K00459	0.5841998037072418	-0.5841998037072414
K00481	1.1523525501018144	-1.1523525501018137
K00483	0.7300572118565849	-0.7300572118565841
K00484	-0.2413688099899526	0.2413688099899522
K00520	-1.1807402565295542	1.180740256529553
K00525	1.2664026527307815	-1.2664026527307806
K00526	0.7835375449124329	-0.7835375449124325
K00528	1.091280994418159	-1.0912809944181578
K00529	-0.5259648279577919	0.5259648279577912
K00533	-1.0771332344741187	1.077133234474118
K00537	0.09676688280091769	-0.09676688280091811
K00547	-0.9079893109614805	0.9079893109614798
K00548	0.5222471123690197	-0.5222471123690193
K00549	-1.1813944853453546	1.1813944853453537
K00554	-0.8346069797590597	0.8346069797590588
K00556	0.15156700739826637	-0.15156700739826626
K00557	0.3425202964023952	-0.3425202964023952
K00558	-1.6740233481482174	1.6740233481482159
K00560	-0.2790440506843841	0.27904405068438387
K00561	0.061156215276542816	-0.06115621527654301
K00563	-0.12401180113532163	0.12401180113532131
K00564	-0.06329295817999517	0.06329295817999489
K00566	0.1689212673937153	-0.16892126739371519
K00567	0.10275022596822336	-0.1027502259682233
K00568	1.4843979040522406	-1.4843979040522401
K00571	0.7775537289345108	-0.7775537289345102
K00573	1.809222798194483	-1.8092227981944826
K00574	1.2469849568768874	-1.2469849568768865
K00575	-0.32924076490014803	0.32924076490014753
K00590	-0.28794353862001826	0.2879435386200178
K00595	0.18624086594994632	-0.18624086594994596
K00598	0.36261497915506674	-0.36261497915506646
K00600	-1.6775967905106248	1.677596790510623
K00602	-0.8741870753724633	0.8741870753724627
K00603	-0.346366716382388	0.34636671638238753
K00604	0.8499687649613754	-0.8499687649613753
K00605	0.18124540574660367	-0.18124540574660378
K00606	-0.9562607026939502	0.9562607026939492
K00609	-1.2824626291675338	1.2824626291675327
K00610	-0.9663995176640291	0.9663995176640282
K00611	1.0479605308702915	-1.0479605308702913
K00613	-1.2353438307151139	1.235343830715113
K00615	-0.7406329108361116	0.7406329108361108
K00616	1.2073108194417117	-1.2073108194417108
K00620	-1.2891291980170392	1.2891291980170378
K00625	-0.3838981112344388	0.3838981112344383
K00626	-0.6049161351077706	0.6049161351077703
K00627	1.80416495208061	-1.8041649520806085
K00631	0.604533367240154	-0.6045333672401534
K00632	1.5410702267394922	-1.5410702267394916
K00633	0.7191869936829688	-0.7191869936829687
K00634	-0.979815346690734	0.979815346690733
K00638	-0.5605895831319949	0.5605895831319944
K00639	0.46359586930035407	-0.4635958693003542
K00640	-0.7662383493595375	0.7662383493595369
K00641	1.5006571657759589	-1.500657165775958
K00645	-1.2736812685345136	1.2736812685345125
K00647	0.11089089174099766	-0.11089089174099781
K00648	1.5444003566556397	-1.5444003566556386
K00651	0.35101885542261285	-0.3510188554226126
K00652	0.2815577427136627	-0.28155774271366246
K00655	1.116164955836724	-1.116164955836723
K00656	-1.049704258784678	1.0497042587846772
K00657	-1.0121928662445643	1.0121928662445632
K00658	0.7681491540660166	-0.768149154066016
K00661	0.44811789458306733	-0.4481178945830673
K00662	0.004825795651324067	-0.004825795651324063
K00666	-1.1289570168193568	1.1289570168193561
K00673	1.536212795463753	-1.5362127954637523
K00674	0.6090230716423652	-0.6090230716423648
K00675	1.3010440085825183	-1.3010440085825172
K00677	-0.4397513433907519	0.43975134339075134
K00681	0.9107592768550116	-0.9107592768550112
K00684	-0.07358936456087133	0.07358936456087103
K00687	-0.7829128945722844	0.7829128945722839
K00688	-0.37123802077919166	0.37123802077919116
K00689	0.050173311105765506	-0.050173311105765464
K00690	-0.08732621054245668	0.08732621054245637
K00691	-1.1074681628223308	1.10746816282233
K00694	0.21554097897713528	-0.21554097897713537
K00697	1.2951508713557451	-1.2951508713557442
K00700	-0.38607995507072596	0.38607995507072573
K00702	0.014830057729130298	-0.014830057729130526
K00703	-1.3744796786137372	1.3744796786137359
K00705	0.6877231982820079	-0.6877231982820079
K00712	-0.5431375997565315	0.5431375997565312
K00721	1.1500872255676868	-1.1500872255676862
K00728	-0.2201053654282464	0.22010536542824602
K00748	1.4902498124648316	-1.490249812464831
K00756	-1.0077954460213516	1.007795446021351
K00757	-0.7914330265627976	0.791433026562797
K00758	1.0323841533926272	-1.0323841533926263
K00759	-0.5453667904357654	0.5453667904357651
K00760	-0.9768894005404769	0.9768894005404762
K00761	0.15057174474424148	-0.1505717447442416
K00762	-0.8309417134627045	0.8309417134627038
K00763	0.5474513855679966	-0.5474513855679963
K00764	-1.723008442828303	1.7230084428283017
K00765	-0.38760356673062846	0.38760356673062796
K00766	-1.3909453956744202	1.3909453956744193
K00767	-1.8921940038102192	1.8921940038102176
K00768	-0.006565001782420607	0.006565001782420601
K00769	1.1938822233275663	-1.1938822233275659
K00772	0.36475203500285674	-0.3647520350028567
K00773	-0.5428119942341305	0.5428119942341301
K00782	-0.1690778308142522	0.16907783081425207
K00783	0.2864980651718496	-0.28649806517184945
K00784	-1.8199331860624448	1.8199331860624428
K00786	0.796226495622826	-0.7962264956228253
K00788	-0.5435320692855719	0.5435320692855712
K00789	-0.25179514556970917	0.2517951455697087
K00790	-1.1966811010101195	1.1966811010101182
K00791	-0.9580779774325513	0.9580779774325506
K00793	1.3121028471585512	-1.3121028471585503
K00794	-0.13129452980299744	0.1312945298029971
K00795	0.4957274005639643	-0.4957274005639642
K00796	0.4918384221018761	-0.4918384221018757
K00797	-1.2647228346338595	1.2647228346338586
K00798	0.38372121591358316	-0.3837212159135831
K00799	1.5420801981975891	-1.542080198197588
K00800	1.7194269741715305	-1.7194269741715298
K00801	-0.48190001301177154	0.4819000130117712
K00803	-0.012558005675665338	0.01255800567566533
K00805	-0.5946347755871308	0.5946347755871305
K00806	-1.068507313797777	1.068507313797776
K00812	-1.151162722271889	1.151162722271888
K00813	0.6984896391396507	-0.6984896391396501
K00817	1.065369727794579	-1.0653697277945784
K00819	-0.8774634739718269	0.877463473971826
K00820	-1.662053166626747	1.662053166626746
K00821	0.05641272322261765	-0.05641272322261761
K00823	-0.4633857808920871	0.46338578089208654
K00824	-0.5504982472508282	0.5504982472508275
K00826	-1.2627204612040765	1.2627204612040757
K00831	1.0316591457371187	-1.0316591457371183
K00832	1.547903049506455	-1.5479030495064539
K00833	-0.16654806029379285	0.16654806029379274
K00835	1.2030349471018866	-1.2030349471018857
K00836	-0.045215737822765285	0.045215737822765015
K00839	1.710249366974547	-1.7102493669745462
K00840	0.2985059118617466	-0.29850591186174613
K00841	-1.3835151675522601	1.3835151675522592
K00844	0.4842920158878754	-0.4842920158878753
K00845	-0.27510104094249743	0.27510104094249704
K00847	-0.5927176877230557	0.5927176877230552
K00848	-1.0573619893035662	1.0573619893035653
K00849	-0.6294534820155199	0.6294534820155194
K00850	0.1509696939687516	-0.15096969396875148
K00851	1.346640464790256	-1.3466404647902552
K00852	-0.4690649311868218	0.46906493118682124
K00853	1.3905811666993277	-1.3905811666993269
K00854	0.996724058499876	-0.9967240584998756
K00855	0.9083385510641605	-0.9083385510641603
K00857	1.227438152357706	-1.2274381523577051
K00858	0.06471129289180234	-0.06471129289180252
K00859	-1.2266075762917406	1.2266075762917397
K00860	-1.8140503027109691	1.8140503027109678
K00863	0.22811920072546993	-0.22811920072546954
K00864	-1.3731381193398429	1.3731381193398413
K00865	1.37166017221322	-1.3716601722132191
K00867	-1.1204696042084616	1.120469604208461
K00868	0.28772994957920683	-0.28772994957920706
K00869	0.28220879570423046	-0.2822087957042303
K00872	0.8415581255624905	-0.8415581255624902
K00873	0.605874285673917	-0.6058742856739169
K00874	-0.29455878220022863	0.2945587822002282
K00875	-0.7427518994559442	0.7427518994559437
K00876	-0.6138319008173964	0.6138319008173959
K00878	0.8548383462741704	-0.8548383462741703
K00879	0.39316133357735067	-0.3931613335773506
K00880	-0.1392706958824759	0.13927069588247581
K00881	1.3744401803729427	-1.374440180372942
K00882	0.4189960165475952	-0.41899601654759516
K00883	1.3913439530600562	-1.3913439530600553
K00884	0.07281133886637733	-0.07281133886637704
K00885	0.0008809492092808223	-0.0008809492092810579
K00886	1.0948883721201705	-1.0948883721201694
K00891	0.04848924827324426	-0.04848924827324446
K00892	1.4421454938955558	-1.442145493895555
K00895	-1.605948981956782	1.6059489819567807
K00897	-0.5770369573887014	0.5770369573887011
K00899	-0.8164583140001201	0.8164583140001194
K00901	-0.6529984506631845	0.6529984506631841
K00906	0.14055271981051642	-0.14055271981051656
K00912	0.2377779906261126	-0.23777799062611218
K00917	0.22949825646504188	-0.22949825646504218
K00919	-0.8668324412171196	0.8668324412171187
K00925	-1.6040023567011332	1.6040023567011317
K00926	-0.9508210844915576	0.9508210844915569
K00927	-1.2245379255622353	1.2245379255622344
K00928	-1.2548224308068512	1.2548224308068499
K00929	-0.7248517489229028	0.7248517489229023
K00930	1.043985634186038	-1.0439856341860374
K00931	-1.4879683213686783	1.487968321368677
K00932	1.010607238189768	-1.0106072381897673
K00936	0.11143966971807696	-0.11143966971807712
K00937	0.5363845880374024	-0.5363845880374024
K00938	0.19135514996636657	-0.1913551499663662
K00939	-1.0802232553352553	1.0802232553352544
K00940	-1.4239385874495625	1.423938587449561
K00941	0.711572779528042	-0.7115727795280418
K00942	-0.45427066586729575	0.4542706658672954
K00943	-0.948780794452624	0.9487807944526231
K00945	-1.996356432830223	1.996356432830222
K00946	0.5655859299517457	-0.5655859299517454
K00948	-0.2645472475168868	0.26454724751688663
K00949	-0.7516021924946156	0.751602192494615
K00950	0.32129076109237686	-0.3212907610923769
K00951	-0.46466816878092	0.46466816878091965
K00954	-1.6542356327907017	1.6542356327907004
K00955	0.31000571072572297	-0.31000571072572297
K00956	-0.5622627883699656	0.5622627883699649
K00957	-1.9908377961097026	1.9908377961097017
K00962	-1.0839615882003792	1.083961588200378
K00963	1.0120654698573261	-1.0120654698573257
K00965	0.5901291490296158	-0.5901291490296156
K00966	0.018182447639310297	-0.018182447639310283
K00968	-0.1876080691744382	0.18760806917443806
K00969	0.7674180571015609	-0.7674180571015605
K00970	1.9878136460359508	-1.9878136460359488
K00971	-1.2607681379870137	1.2607681379870126
K00972	-1.093247813295855	1.093247813295854
K00973	-0.3576524596060999	0.3576524596060995
K00974	-1.69232754264198	1.692327542641979
K00975	-0.9199072515051129	0.919907251505112
K00978	-0.02286478445571566	0.02286478445571564
K00979	-0.7613404113290798	0.761340411329079
K00980	-0.6500140085305947	0.6500140085305942
K00981	0.3145393602327781	-0.3145393602327781
K00982	-0.9113990664984409	0.9113990664984403
K00983	0.39567300532719135	-0.3956730053271913
K00984	0.7090784414838178	-0.7090784414838173
K00986	1.0012707379471681	-1.001270737947168
K00989	1.9837683453286425	-1.9837683453286414
K00990	0.9979555744493007	-0.9979555744492997
K00991	-0.5650289526631669	0.5650289526631664
K00995	0.021784255396957927	-0.02178425539695815
K00996	-0.6435952378937709	0.6435952378937704
K00997	-0.9360061494560744	0.9360061494560737
K00998	1.1946325307751766	-1.194632530775176
K01000	-1.5650472687340082	1.5650472687340067
K01002	1.1982030096042198	-1.1982030096042189
K01006	-0.2558752532488607	0.2558752532488605
K01007	1.239562606765172	-1.2395626067651715
K01008	-1.876944131910303	1.8769441319103017
K01011	1.50712863257332	-1.5071286325733189
K01012	-1.739168534174404	1.739168534174403
K01023	1.3153766990343616	-1.315376699034361
K01026	-1.6955838803197363	1.6955838803197352
K01031	1.178485256676886	-1.178485256676885
K01032	1.5796583783484484	-1.5796583783484477
K01034	-0.22827632855358962	0.22827632855358945
K01035	1.1779619609209717	-1.1779619609209708
K01039	-1.4012794382677503	1.401279438267749
K01042	0.6877502519825083	-0.6877502519825083
K01046	-1.579217871872749	1.5792178718727479
K01048	1.9156251459163958	-1.9156251459163944
K01051	-0.19086640118088874	0.19086640118088863
K01053	-0.8792041313972314	0.8792041313972309
K01055	1.683524043007621	-1.68352404300762
K01056	-0.28207456015809823	0.2820745601580978
K01057	-0.0844677286422667	0.08446772864226665
K01058	2.0824683364840615	-2.0824683364840606
K01060	0.7245183178831435	-0.7245183178831429
K01061	0.5497481826780902	-0.5497481826780899
K01066	1.6725775745292641	-1.672577574529263
K01069	1.2524886582244046	-1.2524886582244037
K01070	0.20533943947121946	-0.20533943947121933
K01071	0.3787358368579979	-0.37873583685799783
K01077	1.487395288204703	-1.4873952882047023
K01079	0.7264657010175963	-0.7264657010175956
K01081	-0.04166590169859671	0.041665901698596686
K01082	-0.8419578825410771	0.8419578825410765
K01085	1.8946977615332732	-1.8946977615332725
K01087	0.9564008861379422	-0.9564008861379415
K01089	-1.1700599557089548	1.1700599557089542
K01091	0.330796628665891	-0.330796628665891
K01092	0.8290804568463922	-0.8290804568463919
K01093	1.8619114657200908	-1.8619114657200897
K01095	1.6217407791214038	-1.621740779121403
K01096	-0.7453401399491676	0.745340139949167
K01101	1.1197009778588518	-1.1197009778588511
K01104	1.0250446246161458	-1.0250446246161449
K01114	-1.102396636188913	1.1023966361889121
K01118	1.3367734770783117	-1.3367734770783106
K01119	0.5088741828530261	-0.5088741828530258
K01126	0.9135987613025176	-0.9135987613025167
K01129	-0.8482289564402864	0.8482289564402855
K01130	-1.0297385763694202	1.0297385763694196
K01133	0.07620787902025168	-0.07620787902025163
K01138	-0.8956532822080066	0.895653282208006
K01139	1.2068470930866408	-1.20684709308664
K01141	-0.06891321616204675	0.0689132161620467
K01142	-0.6736374282358478	0.6736374282358472
K01143	0.7813879037096908	-0.7813879037096902
K01144	-0.042218196025235764	0.04221819602523574
K01146	1.3926059626287253	-1.3926059626287248
K01147	1.2591158582090851	-1.2591158582090844
K01150	-0.5732880558323986	0.5732880558323983
K01151	-0.19003618140417483	0.19003618140417444
K01153	0.24213143531103387	-0.2421314353110337
K01154	-0.7411028512336452	0.7411028512336447
K01155	-0.22781276134577852	0.22781276134577813
K01156	-0.0438538470069089	0.04385384700690863
K01159	-0.1064801633977721	0.10648016339777203
K01160	1.3059173310059062	-1.3059173310059053
K01163	-1.7982858383024227	1.798285838302421
K01169	1.472956288736318	-1.4729562887363168
K01173	-0.734879055033621	0.7348790550336203
K01174	-0.19718042650647816	0.19718042650647802
K01175	1.120689768281655	-1.1206897682816543
K01176	-0.04795675511978205	0.047956755119782014
K01179	0.7584232518510126	-0.7584232518510122
K01181	-1.4273047806590904	1.4273047806590895
K01182	-1.0310489682651338	1.0310489682651331
K01183	-1.2153172236064258	1.2153172236064245
K01185	1.7664238496868612	-1.7664238496868605
K01186	0.25871354849963635	-0.2587135484996364
K01187	0.4088577280684465	-0.4088577280684462
K01190	-1.0547106007694564	1.0547106007694558
K01191	0.9833349395769357	-0.9833349395769353
K01192	-1.518424844747894	1.5184248447478927
K01193	0.8367459455011081	-0.8367459455011075
K01194	0.29189856173637985	-0.2918985617363794
K01195	-0.4389785295792146	0.4389785295792143
K01197	1.9150482946167064	-1.9150482946167051
K01198	-0.6095969063772098	0.6095969063772091
K01200	0.6012485797517362	-0.6012485797517362
K01201	-0.3073015979295098	0.30730159792950956
K01205	-0.39058903714943183	0.39058903714943133
K01206	0.19830252807652884	-0.19830252807652848
K01207	1.7973459762789301	-1.7973459762789292
K01208	-1.170716329826229	1.1707163298262282
K01209	-1.773286193238606	1.7732861932386044
K01210	-0.14068806537781836	0.14068806537781825
K01214	0.2905550725988268	-0.29055507259882707
K01215	0.1063924555438587	-0.10639245554385864
K01218	0.21852750969451606	-0.2185275096945159
K01220	1.6618374461739736	-1.6618374461739724
K01222	1.4243960396181077	-1.4243960396181066
K01223	0.02920274540041639	-0.029202745400416605
K01224	0.26003152956006936	-0.2600315295600694
K01226	-0.9061897939619314	0.9061897939619306
K01232	1.0633303454963179	-1.0633303454963172
K01235	0.13778852340194284	-0.1377885234019425
K01236	0.5068188633016723	-0.5068188633016719
K01239	-0.6858637782688235	0.685863778268823
K01241	1.1045667621425668	-1.1045667621425663
K01243	-0.4528216459015457	0.45282164590154544
K01246	0.8774283285943169	-0.8774283285943167
K01247	-0.33458110835212745	0.3345811083521272
K01250	1.0614910516697902	-1.0614910516697893
K01251	0.05351813424152648	-0.05351813424152644
K01252	1.7162229047683917	-1.7162229047683908
K01255	-1.6320577051544547	1.6320577051544534
K01256	0.07016696403618966	-0.0701669640361896
K01258	-1.5105509657557012	1.5105509657557001
K01259	1.5343992940135316	-1.5343992940135311
K01261	-1.0979776857460202	1.0979776857460195
K01262	0.33125083535982114	-0.3312508353598209
K01265	-1.7349610908630533	1.7349610908630515
K01266	0.6010909872614215	-0.6010909872614212
K01267	0.19317194839244284	-0.19317194839244295
K01270	0.658276279947355	-0.658276279947355
K01271	0.7638662922771229	-0.7638662922771221
K01273	-0.9233215773344297	0.9233215773344288
K01277	0.7376096428453555	-0.737609642845355
K01278	0.7331665830269214	-0.7331665830269208
K01281	1.1640463581044447	-1.1640463581044442
K01284	0.31496119003419465	-0.3149611900341942
K01286	-0.16839544351325492	0.16839544351325458
K01297	-0.42106850426572406	0.42106850426572356
K01299	1.2356884456633987	-1.2356884456633983
K01304	-0.650047700306268	0.6500477003062674
K01305	0.5158309310407317	-0.5158309310407316
K01322	-0.88481049439601	0.8848104943960093
K01338	-1.30735766757882	1.307357667578819
K01354	0.5408394420314513	-0.5408394420314508
K01355	0.9162628650303549	-0.9162628650303545
K01356	0.23715581759491314	-0.2371558175949132
K01358	0.07158938572922557	-0.07158938572922528
K01361	0.7224842414231718	-0.7224842414231718
K01372	-1.1379149226171528	1.1379149226171519
K01407	1.2908428728275845	-1.290842872827584
K01409	-1.5847170975987355	1.5847170975987341
K01414	1.2076272482740105	-1.2076272482740102
K01419	1.9462197137399022	-1.9462197137399009
K01420	0.13448007887748997	-0.1344800788774901
K01421	0.8855538167210995	-0.8855538167210989
K01424	-1.055377378811065	1.0553773788110643
K01425	1.3816753609636707	-1.3816753609636696
K01426	0.4052237449165296	-0.40522374491652935
K01428	-0.09678522553559551	0.09678522553559521
K01429	-0.7663858764267935	0.7663858764267929
K01430	-1.222798588153726	1.2227985881537253
K01433	1.217798205496378	-1.2177982054963776
K01434	1.2598210867254276	-1.2598210867254267
K01436	-0.6102550283763757	0.610255028376375
K01438	0.23194239804742492	-0.23194239804742475
K01439	-0.1428658396623591	0.142865839662359
K01442	-0.4939302681247098	0.49393026812470947
K01443	-1.2140192185122418	1.2140192185122405
K01444	-1.2358660529128298	1.235866052912829
K01447	-0.2062722639109052	0.20627226391090506
K01448	1.1491661149535881	-1.1491661149535872
K01449	-0.47530399975348425	0.4753039997534839
K01451	1.1213042820389323	-1.1213042820389314
K01457	-1.6165576881650994	1.6165576881650983
K01460	0.6493658881947464	-0.6493658881947462
K01462	-0.7214458429626948	0.721445842962694
K01464	-0.4322360258903932	0.43223602589039267
K01465	-0.8116045048726109	0.8116045048726104
K01466	1.7354642552124537	-1.735464255212453
K01467	1.7681118025016354	-1.768111802501634
K01468	-0.697034446213355	0.6970344462133544
K01470	-0.31550280638470857	0.3155028063847081
K01473	-0.41771687599975216	0.4177168759997519
K01476	-1.2069852982750253	1.2069852982750242
K01478	1.4941762478492107	-1.4941762478492098
K01479	1.3661821943603978	-1.366182194360397
K01480	0.18564660075540848	-0.18564660075540812
K01482	0.5690720475332622	-0.5690720475332617
K01483	1.4112259985796307	-1.4112259985796296
K01484	1.3242554214707773	-1.3242554214707762
K01485	1.0769874743745294	-1.0769874743745287
K01486	0.3952812192218969	-0.39528121922189663
K01487	0.5002591147302201	-0.5002591147302198
K01488	1.33268485117785	-1.3326848511778493
K01489	-0.8738566641910694	0.8738566641910689
K01491	-0.294888963268488	0.2948889632684878
K01493	-0.9765827398417174	0.9765827398417165
K01494	-0.6256642508254884	0.6256642508254879
K01495	0.5322732177325202	-0.5322732177325198
K01496	1.0566963174148356	-1.0566963174148352
K01497	1.0488139855122816	-1.048813985512281
K01501	-1.5375611652940053	1.5375611652940042
K01507	0.8767557238868109	-0.8767557238868106
K01512	0.23162903278564023	-0.23162903278564007
K01515	-0.7524493864847129	0.7524493864847122
K01520	0.7834654689575948	-0.7834654689575945
K01521	1.3042731096025477	-1.3042731096025468
K01523	1.8984909851292453	-1.8984909851292442
K01524	1.4415807041889308	-1.44158070418893
K01525	0.5945407848409596	-0.5945407848409592
K01531	-0.32189981910132726	0.3218998191013268
K01533	-1.3090790812287842	1.3090790812287834
K01534	-0.13876332692537266	0.13876332692537255
K01537	-0.7325998705638067	0.7325998705638062
K01539	1.683576475990735	-1.6835764759907337
K01546	-0.5019689596956886	0.501968959695688
K01547	0.13675025224816317	-0.1367502522481631
K01548	1.492165035791736	-1.4921650357917349
K01551	0.9824945367889049	-0.9824945367889044
K01560	-1.5777033461013645	1.5777033461013634
K01561	0.26450461732592356	-0.26450461732592384
K01567	0.2097605287106628	-0.20976052871066267
K01571	-0.6636164601608863	0.6636164601608857
K01572	-1.9590979636277805	1.959097963627778
K01575	0.4911208612688316	-0.4911208612688315
K01577	-0.5666967592630726	0.5666967592630722
K01579	-1.2354437288302245	1.2354437288302231
K01580	1.075993820611392	-1.0759938206113908
K01581	1.2178500501368885	-1.2178500501368879
K01582	0.5476800411276876	-0.5476800411276875
K01584	0.5836779415070187	-0.583677941507018
K01585	0.507397037874155	-0.5073970378741547
K01586	-0.6016727171444141	0.6016727171444136
K01588	-0.3364077614789221	0.3364077614789219
K01589	-1.48387872838935	1.4838787283893489
K01590	-1.032955148656	1.0329551486559994
K01591	1.0431398584187712	-1.0431398584187708
K01593	-1.06445904571569	1.064459045715689
K01595	0.00801448623689057	-0.008014486236890564
K01596	-0.8979306262519785	0.8979306262519778
K01597	0.8945547415139466	-0.8945547415139458
K01598	0.9282911667746764	-0.9282911667746755
K01599	0.8345276733028274	-0.8345276733028273
K01601	-1.2269667173841592	1.2269667173841583
K01607	0.1530950742375562	-0.15309507423755633
K01608	1.4795271992922032	-1.479527199292202
K01609	-0.8440472075412696	0.844047207541269
K01610	-0.6357650365828041	0.6357650365828035
K01611	1.9776822848440525	-1.9776822848440516
K01612	1.7941063571447025	-1.7941063571447007
K01613	-1.3243852295762193	1.3243852295762182
K01615	0.21756232653773291	-0.217562326537733
K01619	-0.9493782872263343	0.9493782872263334
K01620	-0.5109241436821359	0.5109241436821356
K01621	1.0761564879449117	-1.0761564879449108
K01623	-0.6914295423593096	0.691429542359309
K01624	-0.9524313627347362	0.9524313627347352
K01625	-0.12166407888792725	0.12166407888792717
K01626	0.5358899382955418	-0.5358899382955415
K01627	0.5754817611111307	-0.5754817611111307
K01628	0.027277618604303104	-0.027277618604303083
K01629	-1.606466329277756	1.6064663292777546
K01630	1.3949945857867707	-1.39499458578677
K01631	1.344287159963122	-1.3442871599631214
K01633	-0.8191905679376168	0.8191905679376161
K01635	-0.7307677551852283	0.7307677551852277
K01637	2.0294113663340188	-2.0294113663340174
K01638	1.2207666340214505	-1.22076663402145
K01639	-1.8149096923078605	1.8149096923078591
K01640	0.5933654577219882	-0.5933654577219881
K01641	-0.78903163063962	0.7890316306396192
K01643	-0.10918109382214097	0.10918109382214065
K01644	0.6862779230210085	-0.6862779230210082
K01646	-1.0122450072493347	1.0122450072493339
K01647	-0.43277572040508666	0.4327757204050861
K01649	0.5946077067444449	-0.5946077067444444
K01652	1.1846997995378876	-1.1846997995378872
K01653	-1.0322040316392478	1.0322040316392467
K01654	0.33333023519420624	-0.33333023519420624
K01657	0.7079755954724196	-0.7079755954724188
K01658	-0.763620559798299	0.7636205597982986
K01659	1.759489348337958	-1.759489348337957
K01661	0.011966076758666832	-0.011966076758666823
K01662	-0.8224479646429986	0.8224479646429977
K01664	0.7787544587488906	-0.77875445874889
K01665	-0.48787230463607384	0.4878723046360735
K01666	-1.9661235250104157	1.9661235250104139
K01667	1.120105397880317	-1.1201053978803164
K01669	0.775335925307755	-0.7753359253077544
K01671	1.7433874725604965	-1.7433874725604954
K01673	0.6341831254513489	-0.6341831254513485
K01674	-1.1745377550366727	1.174537755036672
K01676	-0.10246887059167162	0.10246887059167131
K01677	-0.814264118201937	0.8142641182019364
K01678	-0.3632914792798935	0.3632914792798933
K01679	1.152753307409704	-1.1527533074097036
K01681	0.09647119243875062	-0.09647119243875078
K01682	0.7274939391851643	-0.7274939391851639
K01684	-0.8740176986309544	0.8740176986309538
K01685	0.18799835654594885	-0.18799835654594893
K01686	-0.046654267010351066	0.046654267010350796
K01687	-0.7694837514187342	0.7694837514187334
K01689	0.8639729187004405	-0.8639729187004401
K01690	0.7371498387759924	-0.7371498387759916
K01693	-0.531968091337563	0.5319680913375623
K01695	-1.6350073954949613	1.6350073954949598
K01696	0.47066237325652405	-0.4706623732565237
K01697	1.130231270222958	-1.1302312702229576
K01698	-1.5813815302604735	1.581381530260472
K01699	0.8456189279067242	-0.8456189279067237
K01703	0.4415667747759339	-0.44156677477593365
K01704	0.498417478016012	-0.49841747801601166
K01706	-0.1993669405680258	0.19936694056802545
K01708	-0.3245166719138084	0.3245166719138079
K01709	0.5116322584390486	-0.511632258439048
K01710	-0.48103803579437426	0.48103803579437393
K01711	0.3568407243341396	-0.3568407243341396
K01712	-1.285260568045168	1.285260568045167
K01713	0.5156695673379794	-0.515669567337979
K01714	0.06126967029024876	-0.061269670290248955
K01715	-1.5109995590066965	1.5109995590066954
K01716	1.197274200697426	-1.1972742006974255
K01719	-1.0291862023648275	1.0291862023648266
K01720	1.711753059477859	-1.7117530594778578
K01727	-0.7510179941535515	0.7510179941535507
K01728	0.6476981073145189	-0.6476981073145185
K01730	1.0149026809851311	-1.014902680985131
K01731	1.296020697529379	-1.2960206975293787
K01733	-0.20965306601640105	0.20965306601640069
K01734	-0.2760154932182295	0.27601549321822905
K01735	-0.8602967303568231	0.8602967303568224
K01736	0.6088336862077649	-0.6088336862077647
K01737	-0.16447633961788527	0.16447633961788516
K01738	-1.64286512510281	1.6428651251028086
K01739	-1.282089251304227	1.2820892513042257
K01740	-0.1526158089196661	0.152615808919666
K01744	0.2077926484257699	-0.20779264842576972
K01745	0.39120294116682636	-0.39120294116682586
K01749	1.4919911239311565	-1.4919911239311556
K01750	0.26846519965838483	-0.2684651996583849
K01751	-0.0015767237168693349	0.0015767237168690974
K01752	-0.7864384478252782	0.7864384478252774
K01753	-0.4247412649382424	0.4247412649382418
K01754	-1.3061628712152744	1.3061628712152735
K01755	1.1770488465142732	-1.1770488465142723
K01756	-0.1221820590008473	0.12218205900084722
K01758	1.642312101928031	-1.6423121019280302
K01759	0.6305457048804209	-0.6305457048804205
K01760	0.9596797974411562	-0.9596797974411555
K01761	-0.3903354257199452	0.3903354257199449
K01766	0.5888992409409387	-0.5888992409409383
K01768	-0.2887354039086924	0.2887354039086922
K01770	0.3343985384183629	-0.3343985384183629
K01771	-0.3004869629249905	0.3004869629249903
K01772	0.04461820042050906	-0.04461820042050903
K01775	-0.47110888379363336	0.47110888379363275
K01776	-0.2094738323779505	0.20947383237795036
K01777	-0.37403681381124415	0.37403681381124365
K01778	-0.38114860863241723	0.38114860863241695
K01779	1.698164048253662	-1.698164048253661
K01782	0.8202297730066099	-0.8202297730066094
K01783	-0.8541091498057035	0.8541091498057027
K01784	1.1525032182018362	-1.1525032182018358
K01785	-1.1378622036553587	1.1378622036553576
K01787	-0.1710557645516471	0.17105576455164673
K01788	-0.3735259565114773	0.373525956511477
K01790	0.08022005334784903	-0.08022005334784921
K01791	-1.328871334525596	1.3288713345255951
K01792	1.3463358767354359	-1.346335876735435
K01801	0.47863970782109544	-0.4786397078210954
K01802	-0.25667129872086414	0.25667129872086397
K01803	0.47469115781668253	-0.47469115781668264
K01804	0.4264419405656953	-0.42644194056569523
K01805	1.5874343419936594	-1.5874343419936585
K01807	-0.8389529659278308	0.83895296592783
K01808	-0.8310276112613275	0.8310276112613267
K01809	-0.6850488824253957	0.6850488824253953
K01810	-1.9730244880158467	1.973024488015845
K01811	-0.48667766472388413	0.4866776647238835
K01812	-0.5697340626588481	0.5697340626588476
K01813	-0.24164281083478928	0.24164281083478886
K01814	-1.0744088945363335	1.0744088945363328
K01815	-1.3841660883072617	1.3841660883072608
K01816	0.8599297180714773	-0.8599297180714769
K01817	1.058205900717149	-1.0582059007171483
K01818	0.13966927309586546	-0.1396692730958656
K01819	-1.425952276069802	1.4259522760698007
K01821	0.5357965964068282	-0.5357965964068281
K01823	0.8282214381015245	-0.8282214381015237
K01825	1.4314482179814452	-1.4314482179814447
K01826	1.7820810958975777	-1.7820810958975764
K01834	0.4659489316123877	-0.4659489316123876
K01835	-1.3977876861137735	1.3977876861137726
K01838	0.9137838194580836	-0.9137838194580832
K01839	0.8690841566869595	-0.8690841566869587
K01840	-0.09921360423111072	0.09921360423111066
K01841	-1.0657980075563689	1.0657980075563676
K01843	-1.395509935812915	1.395509935812914
K01844	-0.205765103365378	0.20576510336537765
K01845	0.5997475173886775	-0.5997475173886773
K01846	0.35825094993108453	-0.35825094993108453
K01847	0.147242259114338	-0.14724225911433814
K01848	-0.34488992032757687	0.3448899203275766
K01849	0.021458164526732233	-0.021458164526732455
K01854	-1.0478884129185468	1.047888412918546
K01856	1.1052294177902466	-1.1052294177902462
K01857	1.910346302302673	-1.9103463023026712
K01858	0.4752281159979551	-0.4752281159979548
K01866	-0.5283826622762815	0.5283826622762811
K01867	-0.35016531598596334	0.3501653159859631
K01868	-1.22398954786607	1.2239895478660692
K01869	-1.4494074273119055	1.4494074273119044
K01870	-0.8285933499205674	0.8285933499205665
K01872	0.7872210761603995	-0.7872210761603992
K01873	-1.2820202949297306	1.2820202949297295
K01874	-0.005073979586408367	0.005073979586408128
K01875	-1.444783383799719	1.444783383799718
K01876	-0.7366982042569421	0.7366982042569413
K01878	-0.584852784803554	0.5848527848035533
K01879	1.3874776967545697	-1.387477696754569
K01880	0.8141729069406354	-0.8141729069406347
K01881	-1.5740539728209657	1.5740539728209642
K01883	-1.6652133185067077	1.6652133185067062
K01885	2.0245039177403994	-2.024503917740398
K01886	-1.4211340349521009	1.4211340349521
K01887	-1.2894912692691443	1.2894912692691434
K01889	-1.3862625527226164	1.3862625527226153
K01890	-0.6194098499820269	0.6194098499820262
K01892	-0.5857966377348732	0.5857966377348728
K01893	-0.7629704249613606	0.7629704249613601
K01894	1.4871337814517618	-1.4871337814517607
K01895	1.0417320005593418	-1.041732000559341
K01897	-0.21992703271087793	0.21992703271087755
K01902	1.1908684070352271	-1.1908684070352262
K01903	1.798620565459596	-1.7986205654595946
K01905	-1.6217751121819357	1.6217751121819344
K01908	1.6949826575859357	-1.6949826575859344
K01910	-1.3060792925906672	1.3060792925906664
K01911	1.46046951925458	-1.4604695192545791
K01912	-1.3571563691062947	1.3571563691062936
K01914	-0.7878887956843653	0.7878887956843648
K01915	-1.028435412589736	1.028435412589735
K01916	1.6307412767796383	-1.6307412767796372
K01918	-1.2094166731084297	1.2094166731084286
K01919	2.056120924144037	-2.056120924144035
K01920	0.4392365602374302	-0.43923656023743035
K01921	1.0356766183379678	-1.0356766183379675
K01923	-0.5375941436464667	0.5375941436464661
K01924	0.1540706781704489	-0.15407067817044853
K01925	0.9328537176588626	-0.9328537176588622
K01926	-1.4252434303540003	1.4252434303539991
K01928	-0.588056134494942	0.5880561344949417
K01929	0.6029994299643819	-0.6029994299643817
K01933	-1.0304611900891278	1.0304611900891272
K01934	0.3418985066757922	-0.34189850667579197
K01935	0.8672531740228424	-0.8672531740228423
K01937	0.4802128147237277	-0.48021281472372757
K01938	0.5674384837813875	-0.5674384837813871
K01939	-0.8883301364387034	0.8883301364387027
K01940	-1.968096049105947	1.9680960491059447
K01941	-1.5436488765657397	1.5436488765657386
K01945	0.3645279205197881	-0.36452792051978783
K01950	-1.6552272459735298	1.6552272459735287
K01951	-1.9178533485542788	1.9178533485542772
K01952	-0.8437704139178238	0.843770413917823
K01953	-0.1594477175571692	0.15944771755716908
K01955	-1.4696991685343705	1.469699168534369
K01956	-0.6827351485666533	0.6827351485666528
K01958	-0.22612011919149524	0.2261201191914951
K01960	-1.5311508313334565	1.5311508313334554
K01961	-1.0047049935878103	1.0047049935878096
K01962	1.201169181526154	-1.2011691815261538
K01963	-1.0158499532867842	1.0158499532867835
K01966	0.6305171257369283	-0.6305171257369279
K01968	0.44793386874393143	-0.4479338687439311
K01972	0.7831606095359044	-0.783160609535904
K01974	1.790070842719309	-1.7900708427193077
K01975	-0.08139503065813831	0.08139503065813826
K01989	1.606982091435537	-1.6069820914355362
K01990	-0.34753025702437834	0.3475302570243781
K01991	-0.07945657033359087	0.07945657033359058
K01992	-0.5452885759182153	0.5452885759182147
K01993	-0.22364646605897157	0.22364646605897118
K01995	0.605373826769639	-0.6053738267696388
K01996	-0.4690246710831208	0.46902467108312024
K01997	1.8361274523203879	-1.8361274523203868
K01998	1.4211908230348533	-1.4211908230348522
K01999	1.3159672580564306	-1.3159672580564294
K02000	-0.47344589536714005	0.4734458953671395
K02001	0.4932487661140849	-0.493248766114085
K02002	1.4892665923016088	-1.489266592301608
K02003	-0.4426596501361668	0.4426596501361665
K02004	-1.5009124720203475	1.5009124720203464
K02005	-0.748171284132219	0.7481712841322185
K02006	0.34219488627815886	-0.3421948862781584
K02007	-1.6792036628235376	1.6792036628235365
K02008	0.8611091070930896	-0.861109107093089
K02009	1.3691942855774506	-1.3691942855774497
K02010	-1.7117629762802167	1.7117629762802156
K02011	-0.91865996388173	0.9186599638817291
K02012	-0.6255462834461423	0.6255462834461416
K02013	-0.20230694767899723	0.20230694767899687
K02014	1.0524998651499413	-1.0524998651499402
K02015	-0.7389772352733514	0.7389772352733506
K02016	-0.6077890317657918	0.6077890317657911
K02017	1.0776957298365146	-1.077695729836514
K02018	-0.6984235240416684	0.6984235240416679
K02019	1.7562812038238091	-1.756281203823808
K02020	-0.15942233953048343	0.15942233953048307
K02021	-1.2092413150194414	1.2092413150194405
K02022	-0.4783914415085893	0.47839144150858876
K02024	0.4642468464415672	-0.4642468464415669
K02025	-1.0041035421137856	1.0041035421137845
K02026	0.016269403012788373	-0.016269403012788362
K02027	-0.30963468963562385	0.30963468963562363
K02028	1.4788438505243333	-1.4788438505243322
K02029	-0.7093875123670524	0.7093875123670519
K02030	-0.9690462059673272	0.9690462059673265
K02031	0.5428878608842426	-0.5428878608842419
K02032	1.172757635216653	-1.1727576352166527
K02033	1.5401228389119357	-1.5401228389119348
K02034	-0.20609644710040895	0.2060964471004088
K02035	1.2955780632742717	-1.2955780632742708
K02036	0.0260722214206613	-0.026072221420661283
K02037	-1.2167792368355501	1.2167792368355492
K02038	-0.5973043670508946	0.597304367050894
K02039	1.2759777652943904	-1.27597776529439
K02040	-0.7176479285330526	0.717647928533052
K02041	-0.3571574592484352	0.357157459248435
K02042	0.20561944280520078	-0.20561944280520061
K02043	1.655294607545686	-1.655294607545685
K02044	1.5455528078702836	-1.5455528078702825
K02045	-1.002092650567754	1.0020926505677532
K02046	0.2764424635415951	-0.27644246354159463
K02047	0.8111871891675702	-0.8111871891675702
K02048	0.7339592169287037	-0.7339592169287034
K02049	-0.7366356461872805	0.7366356461872801
K02050	0.2163838775861834	-0.21638387758618371
K02051	-1.3550907107460055	1.3550907107460046
K02052	-1.2044555747650505	1.2044555747650496
K02053	0.7700408117529497	-0.7700408117529494
K02054	1.8615800071645288	-1.8615800071645277
K02055	1.1018216628250146	-1.1018216628250137
K02056	0.4098476407678497	-0.40984764076784963
K02057	0.3307205033016906	-0.3307205033016909
K02058	1.2559673824363078	-1.255967382436307
K02062	1.1373972576487859	-1.1373972576487854
K02063	1.0872978273034455	-1.0872978273034448
K02064	-0.143229741645473	0.1432297416454729
K02065	-0.067892462119416	0.06789246211941573
K02066	1.0091781577394319	-1.0091781577394314
K02067	1.6932661927401895	-1.6932661927401884
K02068	1.1832158917188327	-1.1832158917188318
K02069	1.0511775438580961	-1.0511775438580955
K02071	-0.805177651166554	0.8051776511665533
K02072	-0.7786569657395724	0.7786569657395717
K02073	1.1417092634041448	-1.1417092634041441
K02074	0.7137984136217451	-0.7137984136217446
K02075	0.695789390314136	-0.6957893903141358
K02077	1.5907726044401738	-1.590772604440173
K02078	-0.8226785092619969	0.822678509261996
K02079	-0.12485069469141558	0.12485069469141524
K02080	1.2619907515360436	-1.261990751536043
K02081	1.4691065021517942	-1.4691065021517935
K02082	-1.1311080865637673	1.1311080865637666
K02083	1.071707334414414	-1.071707334414413
K02086	-1.4635203700763342	1.4635203700763328
K02099	1.6809188536192197	-1.6809188536192188
K02100	-0.03754926540521191	0.03754926540521188
K02103	-0.6810511451685115	0.6810511451685111
K02106	0.857625430673393	-0.8576254306733928
K02108	-0.39975681163848403	0.39975681163848376
K02109	0.2625326663679378	-0.26253266636793765
K02110	0.1497096113511457	-0.14970961135114583
K02111	-1.5742912805642413	1.5742912805642397
K02112	-0.4003445369447618	0.40034453694476124
K02113	1.1159454150629602	-1.1159454150629593
K02114	-0.30747590279697445	0.307475902796974
K02115	-1.179833477083415	1.1798334770834138
K02117	-1.8496126567763922	1.8496126567763913
K02118	-1.0256156543295853	1.0256156543295847
K02119	-1.586498809476286	1.5864988094762846
K02120	-0.45263636835750914	0.4526363683575088
K02121	-1.525620184814916	1.5256201848149147
K02122	-1.1854814536499991	1.1854814536499978
K02123	-0.27105808116571634	0.2710580811657161
K02124	-1.3588573423945292	1.3588573423945283
K02136	-1.2508330282161495	1.2508330282161486
K02160	-1.4880598727531822	1.4880598727531809
K02167	1.698299717147084	-1.698299717147083
K02168	1.8406974958827027	-1.8406974958827018
K02169	-0.07406075568384696	0.0740607556838469
K02170	0.5071821323995848	-0.5071821323995844
K02171	-0.17819532990176973	0.17819532990176937
K02172	-0.7587831573938999	0.7587831573938993
K02173	-0.7839934201998539	0.7839934201998533
K02182	1.8751352928738207	-1.8751352928738199
K02188	-1.3920473031594407	1.3920473031594396
K02189	0.3422089713492922	-0.3422089713492924
K02190	-1.5537832498282078	1.5537832498282065
K02191	-0.5773708134288046	0.5773708134288039
K02193	0.37289214846474944	-0.37289214846474916
K02194	1.7010806992285334	-1.7010806992285323
K02195	0.8068209408921027	-0.8068209408921023
K02198	0.7802959432258928	-0.7802959432258922
K02200	1.2905542773915872	-1.2905542773915863
K02203	-1.0717062738882848	1.071706273888284
K02217	-0.7970268515326392	0.7970268515326384
K02221	1.2555787356863317	-1.2555787356863308
K02224	-0.6141564736163865	0.614156473616386
K02226	-0.8531141419680676	0.8531141419680668
K02227	-1.1625634406875311	1.1625634406875298
K02230	-0.6446887438533665	0.644688743853366
K02231	-1.4932663291304449	1.4932663291304435
K02232	-0.4815543543894415	0.48155435438944094
K02233	1.3900591494924655	-1.3900591494924643
K02236	-1.3357629216287719	1.3357629216287707
K02237	0.03632288067410485	-0.03632288067410482
K02238	0.08726139589913921	-0.0872613958991394
K02240	0.3174238393726017	-0.3174238393726015
K02242	0.7711119644102555	-0.7711119644102553
K02243	0.14620441481886748	-0.14620441481886762
K02244	-0.2958402876130275	0.29584028761302705
K02245	1.4713864676167976	-1.4713864676167967
K02246	-0.059711093494334413	0.05971109349433437
K02248	1.0762212712895691	-1.0762212712895687
K02255	1.432850769070375	-1.432850769070374
K02257	0.684274205656066	-0.6842742056560656
K02279	-1.4632643689184675	1.4632643689184661
K02283	-0.7625552513992928	0.7625552513992923
K02291	1.7022395065732496	-1.702239506573249
K02297	0.8097706645106219	-0.8097706645106215
K02298	0.8636849104359394	-0.8636849104359389
K02299	1.0332938178155517	-1.0332938178155509
K02302	0.8820092967501061	-0.8820092967501058
K02304	-0.26041088426479925	0.2604108842647991
K02313	-0.9363454859336345	0.9363454859336339
K02314	0.5699435920640309	-0.5699435920640306
K02315	-1.8545707932112632	1.8545707932112623
K02316	-0.02230516031659388	0.022305160316593627
K02317	1.6000216680851422	-1.6000216680851413
K02334	-1.4196354949482008	1.4196354949482
K02335	1.1664917172159668	-1.1664917172159657
K02336	1.9015870520309064	-1.9015870520309046
K02337	-0.03641653763686807	0.03641653763686805
K02338	-0.39738268878904864	0.39738268878904837
K02339	1.2274765018219933	-1.2274765018219929
K02340	-0.7166693580374226	0.7166693580374222
K02341	-0.004549401397844486	0.004549401397844246
K02342	-1.7291460358096586	1.7291460358096573
K02343	-1.230067731631773	1.230067731631772
K02344	0.5401255359386296	-0.5401255359386294
K02345	1.5617348188229339	-1.5617348188229327
K02346	0.38149990979509224	-0.38149990979509196
K02348	-0.20203789933373673	0.2020378993337366
K02355	-1.444952149646542	1.4449521496465412
K02356	1.2996999202519754	-1.2996999202519746
K02357	-0.8056405990018755	0.8056405990018749
K02358	-0.863280730464854	0.8632807304648532
K02361	1.389552005333725	-1.3895520053337245
K02362	0.6597748306204265	-0.6597748306204263
K02363	1.7892857361174295	-1.7892857361174286
K02364	0.6934959443425719	-0.6934959443425714
K02371	-1.4349034054412797	1.4349034054412784
K02372	-1.2952446462877973	1.295244646287796
K02377	-1.4092825568129945	1.4092825568129934
K02379	-0.868736244225481	0.8687362442254801
K02380	1.7492201289467249	-1.7492201289467237
K02381	-0.22871194032439582	0.22871194032439565
K02386	1.4804093313264695	-1.4804093313264686
K02387	-1.535042757061599	1.5350427570615974
K02388	1.085086511432476	-1.0850865114324753
K02389	-0.6125155393834486	0.6125155393834478
K02390	1.2187605427458394	-1.2187605427458386
K02391	1.1102297067233433	-1.110229706723343
K02392	-1.045940894849674	1.045940894849673
K02393	1.7302040305969644	-1.7302040305969635
K02394	1.3862378603327217	-1.386237860332721
K02395	0.6023469063739517	-0.6023469063739513
K02396	-1.058124171450822	1.058124171450821
K02397	-0.10644735999487019	0.10644735999486989
K02398	1.0582325110510464	-1.0582325110510458
K02400	-0.7961497900673558	0.7961497900673552
K02401	-1.3086658406282388	1.3086658406282377
K02404	-1.9829429955655724	1.98294299556557
K02405	-0.6557043370021346	0.6557043370021339
K02406	-0.7146189792706478	0.7146189792706473
K02407	-0.5098563192819295	0.5098563192819292
K02408	-0.27277531589998694	0.27277531589998677
K02409	-0.47060910112932464	0.4706091011293241
K02410	0.5591753905968625	-0.5591753905968624
K02411	-0.7098560121822886	0.7098560121822878
K02412	-1.4272067488646916	1.4272067488646902
K02413	-0.3264877136189423	0.32648771361894185
K02414	1.3700237001121172	-1.3700237001121165
K02416	1.0605904547457623	-1.0605904547457616
K02417	-1.1789324817658995	1.1789324817658986
K02418	-0.5978163120446299	0.5978163120446293
K02419	0.12937282570555686	-0.12937282570555678
K02420	-1.3659801807551095	1.3659801807551084
K02421	-0.14465345399288346	0.14465345399288337
K02422	1.1878707724107131	-1.1878707724107123
K02424	-0.220210634426092	0.22021063442609187
K02426	0.4452671492536699	-0.44526714925366934
K02427	-0.557867670086178	0.5578676700861777
K02428	-0.058836430049778794	0.05883643004977875
K02429	-0.07399604563474214	0.07399604563474187
K02430	0.6621397208926645	-0.662139720892664
K02431	1.3648426052662688	-1.3648426052662679
K02433	-0.31427380598755456	0.31427380598755433
K02434	-1.1326441260935691	1.1326441260935685
K02435	1.2031725125624777	-1.2031725125624768
K02436	0.2254994672791104	-0.22549946727911047
K02437	1.950684489332136	-1.9506844893321351
K02438	1.2563976900314493	-1.2563976900314486
K02439	1.5524123323007357	-1.5524123323007348
K02440	0.7629174241689882	-0.762917424168988
K02441	1.2784625261950422	-1.2784625261950415
K02443	1.1223189183424558	-1.122318918342455
K02444	-0.34456968663420484	0.34456968663420434
K02445	0.9686171401346424	-0.9686171401346416
K02446	0.1319694442777177	-0.13196944427771784
K02450	1.3132754536510651	-1.3132754536510642
K02451	1.6282791839786994	-1.6282791839786988
K02452	0.2993631534905999	-0.29936315349059944
K02453	1.94914197860686	-1.949141978606859
K02454	0.5870993093473802	-0.5870993093473795
K02455	0.12769569592430458	-0.1276956959243045
K02456	-1.3050603822772018	1.3050603822772007
K02457	1.2652688971521375	-1.2652688971521366
K02458	1.7903737366906678	-1.7903737366906674
K02459	0.9193572171555108	-0.9193572171555103
K02460	1.4318623999207936	-1.4318623999207927
K02461	1.1534022109002304	-1.15340221090023
K02462	0.24076099634621148	-0.24076099634621154
K02463	0.7805333725444279	-0.7805333725444273
K02464	1.1639011502916121	-1.1639011502916112
K02465	1.41176781724505	-1.4117678172450494
K02466	0.9105582442502382	-0.9105582442502376
K02467	1.4543159705328934	-1.454315970532893
K02468	1.9294476263102511	-1.9294476263102496
K02469	-0.6499248877464532	0.6499248877464525
K02470	-0.4761262086012412	0.4761262086012409
K02471	-1.2223194197711837	1.2223194197711829
K02472	0.5853012295029447	-0.5853012295029445
K02473	-0.46252577096666464	0.4625257709666641
K02474	-0.31643808130246265	0.3164380813024624
K02477	-0.9039571069409001	0.9039571069408993
K02478	1.4583689297279903	-1.4583689297279896
K02481	-0.45175839260429645	0.4517583926042959
K02483	1.8140843142130834	-1.8140843142130827
K02484	1.5603246393232142	-1.560324639323213
K02485	1.2283869434356411	-1.2283869434356407
K02492	-0.7050517026321547	0.7050517026321541
K02493	0.6183724048337368	-0.6183724048337361
K02494	0.8153141813239839	-0.815314181323983
K02495	1.0516485286448491	-1.051648528644849
K02496	0.6828976762792696	-0.682897676279269
K02498	1.7684029033411126	-1.768402903341111
K02499	-1.0327438610637354	1.0327438610637345
K02500	-0.2857315379364307	0.28573153793643047
K02501	-0.6764922672140721	0.6764922672140713
K02502	-1.608558852922275	1.6085588529222736
K02503	-0.26581921617253684	0.2658192161725367
K02504	1.6564856807714148	-1.6564856807714137
K02505	1.9047571813378177	-1.9047571813378166
K02506	0.4844203137988955	-0.48442031379889516
K02507	1.7653256258263803	-1.7653256258263792
K02508	-0.15144634077534536	0.15144634077534525
K02509	0.4766853584875415	-0.4766853584875417
K02510	1.0728400071763626	-1.0728400071763622
K02511	0.5967107493271214	-0.596710749327121
K02517	0.38867631867422847	-0.3886763186742284
K02518	-1.0477108130498916	1.0477108130498909
K02519	1.1140733518765544	-1.1140733518765535
K02520	-1.0626497165500481	1.0626497165500475
K02521	0.66959803791371	-0.6695980379137098
K02523	-1.3695306438806762	1.3695306438806751
K02525	0.5475760817256402	-0.5475760817256398
K02526	0.24937814152646975	-0.2493781415264696
K02527	-0.016584173142037566	0.016584173142037553
K02528	-1.6917609279379222	1.6917609279379207
K02529	1.333611443552754	-1.333611443552753
K02530	-1.5673971060113576	1.5673971060113565
K02531	-0.7197977785337981	0.7197977785337976
K02532	-0.34111863326441805	0.3411186332644176
K02533	1.6653578689376582	-1.6653578689376571
K02535	1.3533396333235266	-1.353339633323526
K02536	1.3716639256574417	-1.3716639256574406
K02538	-1.5882746123039546	1.5882746123039535
K02548	1.2980479613146314	-1.298047961314631
K02549	0.195358598468968	-0.19535859846896764
K02550	0.7576889397530052	-0.7576889397530049
K02551	-0.34768405561510995	0.34768405561510973
K02552	1.3051264812838594	-1.3051264812838588
K02553	0.9288447205383423	-0.9288447205383417
K02554	0.46928356426186196	-0.46928356426186163
K02556	-0.2878712410034296	0.2878712410034294
K02557	-1.4704883241798765	1.4704883241798754
K02558	0.8777484121420214	-0.8777484121420208
K02560	1.0441399712693042	-1.0441399712693036
K02562	1.0753996979575657	-1.075399697957565
K02563	-0.15737146070942548	0.15737146070942515
K02564	0.5697544005208321	-0.5697544005208315
K02565	0.9706180986864467	-0.970618098686446
K02566	0.07228047941297419	-0.07228047941297391
K02567	1.2080555100434125	-1.2080555100434118
K02573	-0.2000905896829236	0.20009058968292345
K02574	0.20804833105600296	-0.20804833105600282
K02575	0.7460270241424646	-0.746027024142464
K02584	-0.5236274665346389	0.5236274665346385
K02585	-0.8233003019592581	0.8233003019592575
K02587	-0.8435936909036936	0.843593690903693
K02588	-0.04807462548687788	0.048074625486877846
K02598	0.06922793048571607	-0.06922793048571625
K02600	-1.2956193161201393	1.2956193161201384
K02601	-0.5768471212860793	0.576847121286079
K02609	-0.06670321171011355	0.0667032117101135
K02611	0.3463061530335062	-0.3463061530335064
K02612	1.9290665907666524	-1.929066590766651
K02613	1.9574216112501672	-1.9574216112501666
K02614	0.15759922946764496	-0.15759922946764485
K02615	1.7783114966423927	-1.7783114966423916
K02616	1.0534579166344775	-1.0534579166344766
K02618	1.6772557831624026	-1.6772557831624015
K02619	-0.22050107501563992	0.22050107501563976
K02621	-1.1482498254479676	1.148249825447967
K02622	-1.2931061124440093	1.2931061124440082
K02624	1.0453910273709204	-1.0453910273709202
K02647	1.0841151212085853	-1.0841151212085847
K02650	-0.45414537979900815	0.4541453797990078
K02651	0.22883995663057596	-0.2288399566305758
K02652	0.10248921137432333	-0.10248921137432326
K02653	0.7317286261920217	-0.731728626192021
K02654	0.3700358097455383	-0.3700358097455383
K02662	1.0699606042194778	-1.0699606042194771
K02669	-0.3739431793572825	0.373943179357282
K02671	0.3568319264223866	-0.3568319264223863
K02679	1.9498663353220527	-1.949866335322051
K02680	-0.14492868985435686	0.14492868985435678
K02682	1.5613248889843732	-1.5613248889843725
K02686	0.4093710155438073	-0.409371015543807
K02687	-1.4590946003864145	1.4590946003864131
K02688	0.7507993231281819	-0.7507993231281815
K02744	-0.5913827813451007	0.5913827813451
K02745	-0.3983183574676538	0.3983183574676535
K02746	0.7128164976445358	-0.7128164976445356
K02747	-1.1462351186769961	1.1462351186769952
K02749	-1.349332187714984	1.349332187714983
K02750	-0.9977242582109799	0.9977242582109789
K02752	0.8851940493028371	-0.8851940493028362
K02753	-0.978852797726795	0.9788527977267943
K02755	1.2186509889582582	-1.2186509889582577
K02756	-0.8741241428200524	0.8741241428200518
K02757	0.11614499356268801	-0.1161449935626884
K02759	-0.7525998506999917	0.7525998506999909
K02760	-0.2644574385912798	0.2644574385912794
K02761	1.1907696820728377	-1.1907696820728368
K02768	-1.7702456021876247	1.7702456021876238
K02769	0.18797709106558155	-0.18797709106558166
K02770	0.0019331295192386655	-0.0019331295192389006
K02771	-1.3612174912766382	1.3612174912766373
K02773	1.5140191015504745	-1.5140191015504731
K02774	1.6295005279313746	-1.629500527931374
K02775	1.8530186138797158	-1.8530186138797153
K02777	0.4162070298067311	-0.4162070298067308
K02778	1.5290646133379067	-1.5290646133379053
K02779	1.5963926747455142	-1.596392674745513
K02781	-0.7088184521156581	0.7088184521156573
K02782	0.4434556223019862	-0.44345562230198565
K02783	0.966475835726806	-0.9664758357268051
K02786	-0.028720369261362465	0.02872036926136221
K02787	-0.015895501455063115	0.0158955014550631
K02788	-1.4949122892321955	1.4949122892321944
K02790	-0.6379585172398797	0.6379585172398793
K02791	1.2083883098329276	-1.2083883098329267
K02793	-0.6220025665259442	0.6220025665259438
K02794	-1.307605940312597	1.3076059403125957
K02795	0.464291831555107	-0.46429183155510645
K02796	0.5993335691350058	-0.5993335691350056
K02798	1.533152464086159	-1.5331524640861578
K02799	0.9734009984970947	-0.9734009984970943
K02800	0.8848597986953031	-0.8848597986953025
K02802	1.3115793846533923	-1.3115793846533919
K02803	-0.49091583665687577	0.4909158366568754
K02804	-0.9636060976325014	0.9636060976325005
K02805	-0.5786484123958083	0.5786484123958077
K02806	-0.03140921180539154	0.03140921180539152
K02808	0.5833340252971008	-0.5833340252971003
K02809	-1.0457967978646203	1.0457967978646194
K02810	-0.7067846973210844	0.7067846973210836
K02812	0.5047119782745696	-0.5047119782745692
K02813	1.7271806787340467	-1.7271806787340456
K02814	-0.4547133943347789	0.45471339433477836
K02815	0.7185161240781726	-0.7185161240781721
K02818	-0.1546381075529333	0.15463810755293297
K02819	0.340421399611929	-0.34042139961192924
K02821	0.90552061804656	-0.9055206180465595
K02822	1.0709055074685672	-1.0709055074685665
K02823	-1.59142493604897	1.5914249360489687
K02824	-1.4410243632820827	1.4410243632820818
K02825	1.3576288347509753	-1.3576288347509744
K02834	0.0750881045740619	-0.07508810457406208
K02835	-0.9313415835203652	0.9313415835203646
K02836	0.9483134810704459	-0.9483134810704452
K02837	-1.0512561954116106	1.0512561954116098
K02838	-0.6774917260743609	0.6774917260743604
K02839	0.9242332394081457	-0.9242332394081448
K02841	0.06372014444244498	-0.06372014444244517
K02843	1.3137827114093654	-1.3137827114093648
K02844	1.4594830483424777	-1.4594830483424768
K02846	1.2171949078282942	-1.2171949078282933
K02847	1.7706035481449591	-1.7706035481449578
K02848	-0.27195781599134167	0.2719578159913415
K02849	0.999727947832035	-0.9997279478320343
K02850	1.5943582603279938	-1.5943582603279927
K02851	-0.489595829912723	0.4895958299127224
K02852	0.15046692522708321	-0.15046692522708335
K02853	1.7519608563075726	-1.7519608563075715
K02854	1.5686742081092833	-1.5686742081092824
K02855	0.19583448673127785	-0.19583448673127818
K02856	0.48150939365682727	-0.48150939365682716
K02858	-0.08535699290873092	0.08535699290873086
K02860	-0.46149527842799953	0.461495278427999
K02863	-0.1652878019507215	0.16528780195072118
K02864	1.0470593691034515	-1.0470593691034507
K02867	0.8482788135600935	-0.8482788135600932
K02871	-0.5314552645416378	0.5314552645416374
K02874	1.7614862819273496	-1.761486281927348
K02876	-1.4850334605156323	1.4850334605156312
K02878	-1.1921034670358484	1.1921034670358475
K02879	-0.8503386878627999	0.8503386878627993
K02881	-0.7758724172334028	0.7758724172334023
K02884	1.1277551132030634	-1.1277551132030628
K02886	-1.326923692285335	1.3269236922853334
K02887	-0.751211491211221	0.7512114912112202
K02888	-0.6382462387788128	0.6382462387788124
K02890	-1.2064889435583372	1.206488943558336
K02892	-0.21573370118949034	0.21573370118948995
K02895	0.6221983959596775	-0.6221983959596771
K02897	-1.165162169144174	1.1651621691441731
K02899	-0.939900048185443	0.9399000481854421
K02902	1.4386441733011734	-1.4386441733011726
K02904	-1.2246578755447879	1.224657875544787
K02906	0.6160840431721591	-0.6160840431721591
K02907	-0.41320525352544335	0.4132052535254428
K02909	0.11499653503270835	-0.11499653503270826
K02911	0.6530802371428988	-0.6530802371428985
K02913	-0.23176029321274624	0.23176029321274585
K02914	0.20452225850920175	-0.20452225850920183
K02916	0.060343624379275713	-0.06034362437927567
K02919	-0.8120157510206659	0.8120157510206654
K02926	0.7062247730735588	-0.7062247730735584
K02931	-0.9045985038427912	0.9045985038427906
K02933	0.15792140460595697	-0.15792140460595733
K02935	-0.10828406900917084	0.10828406900917076
K02939	1.122031138271115	-1.1220311382711143
K02945	-0.7629395724528826	0.7629395724528818
K02946	0.4437494426029832	-0.44374944260298316
K02948	-1.594135236100023	1.5941352361000218
K02950	-0.45974309580781825	0.45974309580781797
K02952	0.5386260189516808	-0.5386260189516806
K02954	0.7139557211930977	-0.713955721193097
K02956	-1.4346363853985402	1.4346363853985387
K02959	-0.5193287860742528	0.5193287860742525
K02961	-0.4063164574683095	0.40631645746830924
K02963	-1.1965632793798076	1.1965632793798069
K02965	-1.2222411834440032	1.2222411834440021
K02967	0.2884979891467931	-0.28849798914679287
K02968	-0.3664032143496716	0.3664032143496713
K02970	-0.23733051765399754	0.23733051765399713
K02982	-0.25208988389769676	0.2520898838976966
K02986	-1.8452955012279557	1.8452955012279544
K02988	0.899447738173602	-0.8994477381736019
K02990	0.9648936825720678	-0.9648936825720671
K02992	-0.10550217859942612	0.10550217859942604
K02994	-0.003420918886863609	0.0034209188868636066
K02996	-0.11803833027583491	0.11803833027583459
K03040	-0.8803417949118052	0.8803417949118045
K03043	-0.21687075234293135	0.21687075234293118
K03046	0.3180140925109847	-0.3180140925109848
K03048	-1.0536971383339289	1.053697138333928
K03060	-1.430817364530359	1.430817364530358
K03070	-1.86567458999854	1.8656745899985392
K03071	1.8345211991640098	-1.8345211991640087
K03072	1.3696737101262135	-1.3696737101262126
K03073	-0.9297301088793078	0.9297301088793072
K03074	0.4654857720782723	-0.46548577207827246
K03075	-1.1293576829842202	1.1293576829842193
K03076	-0.19897454408882476	0.19897454408882462
K03077	0.31108554055170073	-0.31108554055170073
K03078	-1.0348328424133653	1.0348328424133642
K03079	0.5172782271959895	-0.5172782271959893
K03086	-1.118872666103305	1.118872666103304
K03087	0.9539489072256899	-0.9539489072256897
K03088	-0.33115932005302623	0.331159320053026
K03089	-0.3435585155485389	0.3435585155485384
K03090	0.1971292943840876	-0.19712929438408772
K03091	0.6668338103257696	-0.6668338103257694
K03092	-0.5095309502223673	0.5095309502223669
K03098	0.8310479200247958	-0.8310479200247952
K03100	-0.8434835905656842	0.8434835905656836
K03101	0.5248868168746246	-0.5248868168746241
K03106	1.3632979274842913	-1.363297927484291
K03110	-0.9196607745385862	0.9196607745385855
K03111	0.37140908306108905	-0.3714090830610888
K03112	1.0568994969555001	-1.0568994969554995
K03113	0.9894582389219001	-0.9894582389218994
K03116	0.6182217565449504	-0.6182217565449499
K03117	-0.21928104286641792	0.21928104286641775
K03118	0.9311212655440051	-0.9311212655440047
K03119	-0.14035881354200994	0.1403588135420096
K03146	-0.9618026109049278	0.961802610904927
K03147	-0.8311385297400661	0.8311385297400654
K03148	-0.688232116733713	0.6882321167337124
K03149	0.9996714218754598	-0.9996714218754593
K03150	-0.9294122902506596	0.9294122902506587
K03151	-1.3236643854832304	1.3236643854832295
K03152	-1.5962990347707362	1.5962990347707346
K03154	0.1610888525772751	-0.1610888525772752
K03168	-0.9266511911820932	0.9266511911820923
K03169	-1.8653434122897048	1.8653434122897037
K03177	-0.24626245450669784	0.24626245450669743
K03179	1.8682107264715926	-1.8682107264715908
K03181	1.8105851745812893	-1.8105851745812878
K03182	-1.3976796358580617	1.3976796358580605
K03183	-0.3741728211503388	0.3741728211503383
K03184	1.3773691623053386	-1.3773691623053381
K03185	1.0093599446812118	-1.0093599446812114
K03186	-0.908335722860635	0.9083357228606341
K03187	-1.1728003516724628	1.1728003516724619
K03188	0.8994950127726764	-0.8994950127726757
K03189	-1.4347347440121454	1.4347347440121443
K03190	1.3742721636851942	-1.3742721636851936
K03191	-0.45157638818029694	0.4515763881802964
K03194	1.274688148061116	-1.2746881480611154
K03195	-0.29954131733839146	0.29954131733839123
K03196	-0.048071765462915715	0.048071765462915445
K03199	-1.1443700763428357	1.1443700763428348
K03201	0.8420016159304682	-0.842001615930468
K03203	0.19185237546458372	-0.1918523754645838
K03204	1.7473594858820343	-1.7473594858820336
K03205	-0.9846953792511917	0.9846953792511908
K03208	1.735359782553439	-1.7353597825534381
K03210	-0.6980292889492588	0.6980292889492583
K03212	1.861906091941371	-1.8619060919413697
K03214	0.31406887395222516	-0.31406887395222494
K03215	-1.5734076736334768	1.5734076736334754
K03216	1.587502716272278	-1.5875027162722772
K03217	-0.3148564064291102	0.3148564064291097
K03218	-0.8703904367887251	0.8703904367887244
K03219	-0.9837742970335835	0.9837742970335829
K03225	1.3841382633735686	-1.3841382633735677
K03226	0.6862071957192538	-0.6862071957192536
K03228	1.5059783866825371	-1.5059783866825367
K03229	-0.05528815967577345	0.05528815967577318
K03230	-0.047795440483328476	0.04779544048332845
K03269	0.684148809230267	-0.6841488092302664
K03270	1.0059025299872655	-1.005902529987265
K03271	0.6626828847038124	-0.662682884703812
K03272	1.4250346513156598	-1.4250346513156587
K03273	1.8559319770334088	-1.8559319770334082
K03274	-0.21629641313743755	0.21629641313743717
K03275	1.7908303394806602	-1.790830339480659
K03276	0.6732588967534632	-0.6732588967534625
K03281	1.6805300571247543	-1.680530057124753
K03282	-0.4218066174594282	0.4218066174594279
K03284	-0.22345698057739463	0.22345698057739447
K03286	-0.008323952976065039	0.008323952976064796
K03288	1.8184715219684853	-1.818471521968484
K03289	1.4335878112764138	-1.4335878112764127
K03290	1.5552455686517563	-1.5552455686517552
K03291	2.0574910390297143	-2.0574910390297125
K03292	-0.807471425398259	0.8074714253982582
K03293	1.28907915797305	-1.2890791579730492
K03294	0.1679688590218073	-0.16796885902180742
K03296	0.7236183217597429	-0.7236183217597424
K03297	1.0136450760372964	-1.013645076037296
K03299	-0.7751468527345188	0.7751468527345182
K03300	0.17306207682880945	-0.17306207682880978
K03301	-0.03936195681703701	0.03936195681703698
K03303	1.184570781098405	-1.184570781098404
K03304	-0.7731683670429412	0.7731683670429407
K03305	0.6054948734755183	-0.6054948734755179
K03306	-0.28330447832757377	0.28330447832757355
K03307	0.387404318885428	-0.3874043188854282
K03308	-0.5657565938484789	0.5657565938484782
K03310	-1.6027827954524776	1.6027827954524765
K03311	1.292570418668577	-1.2925704186685765
K03312	-1.2780406305579346	1.2780406305579337
K03313	0.2803377298577672	-0.2803377298577668
K03314	-0.5032441925618981	0.5032441925618976
K03315	1.0092730642450956	-1.009273064245095
K03316	1.366212810494367	-1.3662128104943663
K03317	-0.3356315000346595	0.335631500034659
K03319	0.2189649904789094	-0.21896499047890927
K03320	0.9994458759168737	-0.9994458759168732
K03321	-0.8187538972489041	0.8187538972489036
K03322	-0.32425745766364855	0.3242574576636483
K03324	-1.4364303239462268	1.436430323946226
K03325	1.2406851523113298	-1.2406851523113294
K03326	-0.023626140381663906	0.02362614038166389
K03327	0.6500603383559472	-0.6500603383559468
K03328	-0.4094992425375754	0.40949924253757486
K03329	0.07183203953674824	-0.07183203953674842
K03332	0.17462365019474968	-0.17462365019474957
K03335	-0.17586922249576842	0.17586922249576806
K03336	-1.5128492633845452	1.5128492633845438
K03337	-1.6361631747385732	1.6361631747385719
K03338	-1.282947466378819	1.282947466378818
K03340	-0.9477866175792982	0.9477866175792973
K03342	1.1689547585214584	-1.1689547585214577
K03346	0.30859754540522877	-0.30859754540522855
K03366	1.6257280053541987	-1.625728005354198
K03367	0.5018126934646165	-0.5018126934646164
K03381	0.522358426330033	-0.5223584263300328
K03382	-1.5815124807730923	1.581512480773091
K03385	1.5059940321278626	-1.5059940321278622
K03386	1.2871922054565526	-1.2871922054565519
K03387	0.41775050587825624	-0.41775050587825613
K03388	-0.6007640310391409	0.6007640310391404
K03389	-0.32655962355802853	0.3265596235580283
K03390	-1.679615919643516	1.6796159196435143
K03394	-0.4026229971348629	0.4026229971348624
K03399	0.9272050402151872	-0.9272050402151866
K03402	1.2971308425711303	-1.2971308425711294
K03404	0.7010164028680241	-0.7010164028680237
K03405	-0.2670202290520543	0.26702022905205414
K03406	-1.070798639099556	1.0707986390995554
K03407	0.097280028648769	-0.09728002864876917
K03408	-0.7400719530964333	0.7400719530964326
K03409	-1.4118374954341575	1.4118374954341564
K03410	0.8997704487392827	-0.8997704487392818
K03411	-1.0777090308518813	1.0777090308518804
K03412	-0.13997284376703348	0.1399728437670334
K03413	-0.6898510181514802	0.6898510181514796
K03415	0.023251573052407288	-0.02325157305240727
K03417	1.2007831181129986	-1.2007831181129982
K03424	0.8770055849952654	-0.8770055849952648
K03426	0.15224685163096469	-0.15224685163096432
K03427	1.4647596513208283	-1.4647596513208272
K03429	-0.7015169794088665	0.7015169794088659
K03430	0.12871500176512315	-0.12871500176512304
K03431	-1.3969184708512241	1.396918470851223
K03435	1.783833973518387	-1.783833973518386
K03436	-0.8113471086604492	0.8113471086604485
K03437	1.4003187984745686	-1.400318798474568
K03438	-0.20159095628460594	0.2015909562846058
K03439	-0.8872535025971338	0.8872535025971329
K03442	-0.4506146502606552	0.4506146502606549
K03444	1.13819837266487	-1.1381983726648697
K03445	-0.5125742716710133	0.5125742716710129
K03446	1.7491313900868215	-1.74913139008682
K03449	1.3132751652428627	-1.3132751652428623
K03451	-0.775416419436198	0.7754164194361972
K03453	-0.7717115546529285	0.7717115546529277
K03455	0.09830874644742497	-0.09830874644742514
K03457	-0.7092820559049073	0.7092820559049067
K03458	-0.3200992882960097	0.32009928829600925
K03462	-0.15443203601029903	0.1544320360102987
K03465	-0.7390032120091279	0.7390032120091272
K03466	-0.581505578675458	0.5815055786754576
K03468	1.9302835326665229	-1.9302835326665218
K03469	0.7906820166844395	-0.7906820166844392
K03470	-0.828542037380163	0.8285420373801622
K03471	0.17769118625441915	-0.1776911862544188
K03472	1.9271575771806349	-1.927157577180633
K03473	-0.6686574085147405	0.6686574085147398
K03474	1.2831330278463131	-1.2831330278463122
K03475	0.6954435345064574	-0.6954435345064569
K03476	-0.679546720624399	0.6795467206243986
K03477	1.0297516901929085	-1.0297516901929078
K03478	1.795019254041809	-1.7950192540418086
K03480	1.4947536303951938	-1.4947536303951932
K03481	0.19189767955513537	-0.19189767955513523
K03482	1.6295222469445205	-1.6295222469445199
K03483	0.2632840494863638	-0.2632840494863641
K03484	-0.19946428829828283	0.19946428829828244
K03485	0.4247274758485135	-0.42472747584851345
K03486	-0.611914351035698	0.6119143510356976
K03487	1.423650324875377	-1.4236503248753758
K03488	1.5660319420836473	-1.5660319420836462
K03489	0.8771228833473556	-0.8771228833473547
K03490	0.11563881217340168	-0.11563881217340206
K03491	1.5355682953233272	-1.535568295323326
K03492	-1.129668462748486	1.1296684627484854
K03495	-1.6214154896727637	1.6214154896727622
K03496	-0.8449938255450482	0.8449938255450473
K03497	-1.6733163283745403	1.673316328374539
K03498	-1.845725411484023	1.8457254114840211
K03499	-0.6285358964454592	0.6285358964454587
K03500	0.861304631418626	-0.8613046314186253
K03501	0.40773759143013455	-0.40773759143013427
K03502	0.6185346259256627	-0.6185346259256622
K03503	1.8923541538158544	-1.892354153815853
K03517	-1.0097988518911665	1.0097988518911658
K03518	0.7198229221863629	-0.7198229221863626
K03521	-0.8184535008998355	0.8184535008998349
K03522	-0.7458709058723949	0.7458709058723944
K03523	0.9250664977669784	-0.9250664977669774
K03524	-0.20936739090812614	0.209367390908126
K03525	0.7883774447613204	-0.7883774447613201
K03526	-1.240187822289186	1.2401878222891851
K03527	1.3665223735511285	-1.3665223735511276
K03528	1.5405049044608563	-1.5405049044608552
K03529	-0.4049487383785983	0.404948738378598
K03530	1.4467482172495223	-1.4467482172495214
K03531	-0.8352682083614784	0.8352682083614776
K03532	0.6850418195970722	-0.685041819597072
K03534	-0.46849550116208727	0.46849550116208666
K03535	1.356615395122006	-1.3566153951220052
K03536	0.8116970973403229	-0.8116970973403222
K03543	1.3230012832190912	-1.3230012832190907
K03544	-1.5992233247068086	1.5992233247068075
K03545	-1.2134288071262729	1.2134288071262715
K03546	-0.43165650944260164	0.4316565094426013
K03547	0.3745502091442522	-0.37455020914425213
K03548	1.4743943114498697	-1.4743943114498685
K03549	0.08681074813130304	-0.08681074813130299
K03550	1.123849584752292	-1.1238495847522916
K03551	0.009508700419842676	-0.00950870041984267
K03553	-0.7774369864092155	0.777436986409215
K03554	-0.938868907825039	0.9388689078250381
K03555	-1.4581169357082997	1.4581169357082984
K03556	1.342307598375494	-1.342307598375493
K03557	0.5278430228979168	-0.5278430228979165
K03558	0.5918537154695332	-0.5918537154695326
K03559	1.377869697863721	-1.3778696978637202
K03560	-0.12162239552996247	0.12162239552996237
K03561	-0.2579468986355586	0.2579468986355584
K03562	0.6256808388904458	-0.6256808388904451
K03563	0.76418961696192	-0.7641896169619197
K03564	0.9219212023148153	-0.9219212023148144
K03565	0.14276658358760183	-0.14276658358760172
K03566	-0.06981384597203784	0.06981384597203778
K03567	1.9371754952659275	-1.9371754952659266
K03568	0.4231929853946215	-0.42319298539462147
K03569	-0.2232456207182944	0.223245620718294
K03570	1.7344326734579647	-1.734432673457964
K03571	1.0523545133078043	-1.052354513307804
K03572	-0.56057071668691	0.5605707166869095
K03573	1.4659628591669316	-1.4659628591669307
K03574	0.028084322826311257	-0.02808432282631124
K03575	1.2106177213641063	-1.2106177213641054
K03576	1.2887836052333117	-1.2887836052333108
K03577	1.227235470712503	-1.2272354707125022
K03578	0.43801316367089427	-0.43801316367089393
K03579	1.5734918504629725	-1.5734918504629716
K03580	0.7394723502799726	-0.7394723502799718
K03581	0.6897807731612897	-0.6897807731612889
K03582	0.7159689852848315	-0.7159689852848308
K03583	1.396462818057292	-1.3964628180572909
K03584	-1.3574947700281708	1.3574947700281699
K03585	0.6453582393948682	-0.6453582393948682
K03587	0.5183030450958744	-0.5183030450958743
K03588	1.1702134411219316	-1.1702134411219314
K03589	1.2846949646187817	-1.2846949646187813
K03590	-1.5936329365417012	1.5936329365417001
K03591	0.6878948247946763	-0.6878948247946758
K03592	1.373133463377946	-1.373133463377945
K03593	0.24655655186463235	-0.24655655186463218
K03594	0.6163742625718012	-0.616374262571801
K03595	-0.8866090498203383	0.8866090498203377
K03596	1.0734407934338541	-1.0734407934338535
K03597	1.2925765429741993	-1.2925765429741989
K03598	1.7523048462794133	-1.7523048462794117
K03599	1.82388137869408	-1.8238813786940786
K03600	0.2572258188480661	-0.25722581884806617
K03601	-1.1205812722980328	1.120581272298032
K03602	0.030527949359653594	-0.030527949359653573
K03603	1.0604381358070984	-1.0604381358070982
K03604	-1.3539464317929724	1.353946431792971
K03605	0.11372936830994614	-0.11372936830994605
K03606	-1.1841048795971862	1.1841048795971854
K03607	0.09123536960709733	-0.09123536960709726
K03608	1.8338261541275964	-1.8338261541275949
K03609	-1.3813874422314771	1.381387442231476
K03610	-0.8584765534246204	0.8584765534246198
K03611	0.6868146362840121	-0.6868146362840116
K03612	-0.680488218085379	0.6804882180853782
K03613	0.5050603252548674	-0.5050603252548673
K03614	-1.631939187647817	1.6319391876478158
K03615	-1.3103366996502959	1.310336699650295
K03616	-1.4297090917253403	1.4297090917253394
K03617	-1.0113616859497017	1.0113616859497008
K03618	1.8314686213856393	-1.8314686213856384
K03620	0.6322071042261339	-0.6322071042261335
K03621	0.8551175496749853	-0.8551175496749849
K03624	-1.7499273873419379	1.7499273873419368
K03625	-0.9970790539883094	0.9970790539883088
K03628	0.5649498910940666	-0.5649498910940662
K03629	-0.22214300862043468	0.2221430086204345
K03630	1.311515797770511	-1.31151579777051
K03631	0.7675624672387927	-0.7675624672387924
K03632	1.123158257440264	-1.1231582574402634
K03633	-0.17364993446069776	0.17364993446069765
K03634	0.52097664617486	-0.5209766461748597
K03635	1.7558584999614035	-1.7558584999614029
K03637	-1.7795058935502632	1.7795058935502626
K03638	1.8830341554211345	-1.8830341554211332
K03639	-0.8283143464165873	0.8283143464165866
K03640	1.4704391660803406	-1.4704391660803395
K03641	1.4066010073744208	-1.4066010073744202
K03642	0.728035283937131	-0.7280352839371307
K03643	1.3696795247913303	-1.3696795247913294
K03644	1.1069766465290272	-1.1069766465290265
K03645	1.4858081056591188	-1.485808105659118
K03646	1.1618227872102802	-1.1618227872102795
K03647	0.30943745607415996	-0.30943745607415973
K03648	-0.28990604044140034	0.2899060404414001
K03649	1.7193571246279484	-1.7193571246279478
K03650	-0.7034579242109084	0.7034579242109077
K03651	1.3671816406029238	-1.3671816406029231
K03654	1.9561986442755717	-1.9561986442755706
K03655	0.10102654922992362	-0.10102654922992355
K03656	1.2579347548536428	-1.257934754853642
K03657	0.6798497054021616	-0.6798497054021614
K03658	0.7497806103605464	-0.7497806103605461
K03660	-0.9486974351949625	0.9486974351949619
K03664	-1.3937070714367965	1.3937070714367952
K03665	1.7828345991882524	-1.7828345991882508
K03666	0.3562557661577837	-0.3562557661577835
K03667	-0.2387234429111309	0.23872344291113073
K03669	1.5473506461946758	-1.547350646194675
K03670	0.7842058604203058	-0.7842058604203055
K03671	-1.2810333015202535	1.2810333015202524
K03672	-0.1345765091445604	0.13457650914456032
K03673	1.89593235528218	-1.8959323552821794
K03674	1.4230352909512909	-1.4230352909512902
K03675	0.17678454627106127	-0.17678454627106138
K03683	0.9744595611830978	-0.9744595611830974
K03684	-1.4936245675992659	1.4936245675992648
K03685	-0.8475593168793579	0.847559316879357
K03686	-1.5176259312300395	1.517625931230038
K03687	-1.1087665039145764	1.1087665039145755
K03688	-0.44209298349948123	0.4420929834994809
K03690	1.7498332688829	-1.7498332688828997
K03693	0.04648591239792022	-0.04648591239791995
K03694	-0.3852850730815284	0.3852850730815279
K03695	-1.0660281813522083	1.0660281813522072
K03696	-0.36139457318267043	0.36139457318266993
K03697	1.0615126001312936	-1.061512600131293
K03698	-1.2921400933758014	1.2921400933758005
K03699	-0.867397030741681	0.8673970307416804
K03700	-0.8476710593023621	0.8476710593023614
K03701	-0.1924816238049905	0.19248162380499037
K03702	0.664702771661894	-0.664702771661894
K03703	-1.6839902422232902	1.6839902422232886
K03704	1.5438835186309672	-1.543883518630966
K03705	1.7770441440987899	-1.7770441440987887
K03706	-1.234415888189428	1.234415888189427
K03707	-0.4574165789614601	0.4574165789614598
K03708	-0.9910160334146455	0.9910160334146448
K03710	0.14136882230508177	-0.14136882230508144
K03711	-0.4125979761992268	0.4125979761992265
K03712	1.858173950423565	-1.8581739504235637
K03716	-0.5651516442192547	0.5651516442192543
K03717	1.7613204138159522	-1.7613204138159513
K03718	1.029122869522456	-1.0291228695224548
K03719	0.763653990956683	-0.7636539909566827
K03720	1.835470585175786	-1.8354705851757844
K03721	1.6905762452390485	-1.6905762452390474
K03722	-0.5591235072643782	0.5591235072643777
K03723	-0.8289609027694339	0.8289609027694331
K03724	-0.15277528424964146	0.15277528424964135
K03727	1.4268749303543633	-1.4268749303543629
K03732	1.7382611296592543	-1.7382611296592534
K03733	0.6876163405822407	-0.6876163405822405
K03734	1.7377352181993249	-1.737735218199324
K03735	-0.10633904625594695	0.10633904625594665
K03736	1.2654652630152323	-1.2654652630152317
K03737	-0.5848515830213918	0.5848515830213912
K03738	-0.6973051553390068	0.6973051553390062
K03739	0.6701001313072441	-0.6701001313072439
K03740	-0.44882592764769247	0.4488259276476919
K03741	-1.2213609716114469	1.2213609716114455
K03742	-1.1010098976868563	1.1010098976868556
K03743	-0.12124549515374675	0.12124549515374665
K03744	1.50377378709645	-1.503773787096449
K03746	1.8737842502078756	-1.8737842502078745
K03747	-0.022283852526320782	0.02228385252632053
K03748	1.401369817292489	-1.4013698172924882
K03749	0.8180294376605965	-0.8180294376605959
K03750	-0.41322666733603314	0.41322666733603286
K03752	1.69568140936939	-1.6956814093693888
K03753	0.3328565216343977	-0.3328565216343977
K03755	0.2865337939769857	-0.2865337939769857
K03756	-0.17031295517876585	0.17031295517876574
K03757	0.7134545338135028	-0.7134545338135023
K03758	-0.30163153947428906	0.30163153947428883
K03759	1.9065631584212084	-1.9065631584212077
K03760	-0.38932346733042295	0.38932346733042267
K03761	1.4203955678527735	-1.420395567852773
K03762	0.8177073008811284	-0.8177073008811281
K03763	-1.1456050993515488	1.145605099351548
K03764	-0.792085318743857	0.7920853187438565
K03765	1.81988899169868	-1.8198889916986791
K03767	0.041412606513707456	-0.04141260651370766
K03768	0.8268878596289263	-0.8268878596289257
K03769	-0.16455181499918567	0.16455181499918556
K03770	-0.7947550579644316	0.7947550579644309
K03771	-1.2193294191713235	1.2193294191713222
K03772	1.350172452286374	-1.350172452286373
K03773	0.13793973961203576	-0.13793973961203543
K03774	0.21630555670798016	-0.21630555670798024
K03775	1.50716434153139	-1.507164341531389
K03776	2.021587108451663	-2.0215871084516617
K03777	1.5253692382003692	-1.525369238200368
K03778	-1.364799910723801	1.3647999107238
K03779	-0.5121468381668367	0.5121468381668364
K03780	-1.6313705639739184	1.6313705639739173
K03781	-0.5810735971676044	0.581073597167604
K03782	1.3825035243900357	-1.3825035243900348
K03783	-1.2988967000870242	1.2988967000870233
K03784	-1.379435961337865	1.3794359613378642
K03785	0.6403152327747107	-0.6403152327747103
K03786	1.3738790609911873	-1.3738790609911866
K03787	1.2507532422806849	-1.250753242280684
K03788	0.42471597958933144	-0.4247159795893314
K03789	0.8235696273621149	-0.8235696273621146
K03790	0.1917494003640142	-0.19174940036401428
K03796	1.6560426681402645	-1.6560426681402638
K03797	-0.428000128805895	0.4280001288058945
K03798	-1.6249978918119166	1.6249978918119152
K03799	-0.39755641632015676	0.39755641632015626
K03800	1.4864998178722286	-1.4864998178722275
K03801	-0.6425385448761021	0.6425385448761014
K03802	-1.3170988735637195	1.317098873563718
K03803	-0.17280375938479542	0.17280375938479509
K03804	1.2255583107934884	-1.225558310793488
K03805	1.3909459761839202	-1.3909459761839191
K03806	0.47231867457943866	-0.4723186745794383
K03807	-0.5659881972989482	0.5659881972989479
K03808	1.9683100425480102	-1.9683100425480091
K03809	0.9758197671497394	-0.9758197671497387
K03810	0.8828842383822402	-0.8828842383822398
K03811	0.7697400480251062	-0.7697400480251056
K03813	-0.3977548911106922	0.3977548911106919
K03814	-1.3208151607761611	1.3208151607761602
K03815	1.1949580124125427	-1.1949580124125418
K03816	0.13260795724925928	-0.13260795724925942
K03817	0.8110918013826333	-0.8110918013826327
K03818	-1.4069950551675345	1.4069950551675332
K03819	0.9765400364297114	-0.9765400364297105
K03820	-0.6313675898364766	0.6313675898364761
K03823	0.25156396533059583	-0.25156396533059594
K03824	1.2767787657885021	-1.2767787657885012
K03825	1.499499362884227	-1.4994993628842264
K03826	1.5929917985866153	-1.5929917985866144
K03827	-0.8042231279680142	0.8042231279680134
K03828	1.261855535963929	-1.261855535963928
K03829	1.7052279341651633	-1.7052279341651622
K03830	-0.1145747502192836	0.11457475021928328
K03831	1.0616091098934644	-1.0616091098934637
K03832	-1.4929267847127976	1.4929267847127963
K03833	1.4371099645782992	-1.4371099645782985
K03834	1.6496030795321477	-1.649603079532147
K03835	1.2696182688316222	-1.2696182688316218
K03836	1.3986495422387144	-1.3986495422387135
K03837	1.3567602034000608	-1.3567602034000599
K03838	0.548145662455133	-0.5481456624551329
K03839	-1.5122735861385055	1.5122735861385042
K03840	1.543323640867177	-1.543323640867176
K03841	0.629474057105597	-0.6294740571055966
K03855	0.06515382301251402	-0.06515382301251421
K03856	-1.1942639462265898	1.1942639462265885
K03885	1.0960301599364797	-1.0960301599364788
K03892	-0.748045482160781	0.7480454821607803
K03893	0.9282175386241315	-0.9282175386241306
K03894	-0.8796208340299536	0.8796208340299531
K03895	-0.22194399499702666	0.2219439949970265
K03896	0.26275667949694986	-0.2627566794969499
K03897	0.6107771566118289	-0.6107771566118286
K03919	1.8282838481516974	-1.8282838481516963
K03923	1.833294468863295	-1.833294468863294
K03924	0.5497745533571499	-0.5497745533571496
K03925	-1.0417113289546582	1.0417113289546576
K03926	1.482117469325024	-1.4821174693250232
K03929	0.27552383183838774	-0.2755238318383873
K03930	-0.49216623253011244	0.49216623253011205
K03931	-0.14587556429701992	0.1458755642970196
K03969	1.284461201645757	-1.2844612016457566
K03973	0.8406416261407953	-0.8406416261407946
K03974	2.122634538401073	-2.1226345384010723
K03975	-0.30081386607077826	0.30081386607077776
K03976	1.1519829916179167	-1.1519829916179163
K03977	-0.6575611944121572	0.6575611944121568
K03978	0.5097878518355159	-0.5097878518355158
K03979	-1.4844960749993228	1.4844960749993217
K03980	1.392533164471833	-1.3925331644718326
K03981	1.5008069498282237	-1.500806949828223
K04013	-0.14250606525072257	0.1425060652507222
K04014	0.4953512645727643	-0.4953512645727644
K04015	2.0376752390518007	-2.0376752390518
K04016	2.0335876269214666	-2.0335876269214657
K04019	0.557110984375673	-0.5571109843756725
K04020	-0.003748418624008618	0.003748418624008379
K04021	0.22434696346177405	-0.22434696346177388
K04022	0.6666755298580612	-0.6666755298580607
K04023	-1.0953387007391424	1.0953387007391415
K04024	1.335044885515157	-1.3350448855151562
K04025	1.3672344537402588	-1.3672344537402579
K04026	-0.9545908185286271	0.9545908185286265
K04027	-0.36012694518368477	0.3601269451836845
K04028	-0.05749103437862304	0.057491034378623
K04029	-0.8830049548976441	0.8830049548976434
K04030	1.7266825758595021	-1.7266825758595008
K04031	-0.34655655910819777	0.34655655910819727
K04032	1.5704940778439112	-1.5704940778439103
K04033	1.7653634100659767	-1.765363410065975
K04041	-1.8033740372437836	1.8033740372437823
K04042	0.7274162728862706	-0.7274162728862706
K04043	-1.4917021768149321	1.4917021768149308
K04044	0.35889706029039375	-0.358897060290394
K04045	-0.6767152334292814	0.676715233429281
K04046	1.4351305772770377	-1.435130577277037
K04047	1.8396940504063566	-1.8396940504063555
K04061	-0.17611805923334156	0.17611805923334142
K04063	1.883004258502285	-1.8830042585022837
K04064	1.7760190337301718	-1.7760190337301702
K04065	1.8476890116172433	-1.8476890116172422
K04066	-0.6532163557448152	0.6532163557448147
K04068	-0.7809044456977091	0.7809044456977086
K04069	-0.7632716691998669	0.7632716691998661
K04070	-1.3297778967370388	1.329777896737038
K04072	0.7465349319530766	-0.7465349319530763
K04073	0.37485558740842734	-0.37485558740842734
K04074	-1.7067769397035402	1.7067769397035393
K04075	0.9750115858864419	-0.9750115858864413
K04077	-1.217217975871469	1.2172179758714676
K04078	0.995734050656803	-0.9957340506568023
K04079	-1.7899510291537433	1.789951029153742
K04080	1.8319060990820268	-1.8319060990820257
K04081	1.1155048515295634	-1.115504851529563
K04082	-0.7988492731828761	0.7988492731828756
K04083	-1.752984738256377	1.7529847382563752
K04084	0.8431355488611442	-0.8431355488611437
K04086	-0.7563307487315211	0.7563307487315203
K04087	0.5348740856461611	-0.534874085646161
K04088	0.905149523092133	-0.9051495230921326
K04091	1.7636540615952585	-1.7636540615952578
K04092	0.2118992886892893	-0.21189928868928962
K04094	-0.5294813516151715	0.529481351615171
K04095	-0.6748283357222681	0.6748283357222676
K04096	1.3570677584235649	-1.3570677584235644
K04103	0.171058329144458	-0.17105832914445787
K04127	1.3942319473075147	-1.3942319473075135
K04333	0.7335429041589288	-0.7335429041589285
K04343	-0.1187326758318134	0.11873267583181309
K04477	1.0245684395731083	-1.0245684395731074
K04485	0.7562352663152765	-0.7562352663152764
K04486	-0.5406196055076512	0.5406196055076509
K04487	-0.35928625319779534	0.35928625319779506
K04488	0.3602382882432637	-0.3602382882432637
K04516	-1.0326708549021295	1.0326708549021286
K04517	-1.4631678239552888	1.4631678239552874
K04518	-1.5392826913820767	1.5392826913820759
K04561	0.1315428702670195	-0.13154287026701939
K04562	-1.2375608650144394	1.2375608650144385
K04564	-0.04529803941008556	0.04529803941008529
K04565	0.32156099748382055	-0.3215609974838203
K04567	-0.8764554471844158	0.8764554471844153
K04568	0.7469212394622955	-0.7469212394622952
K04651	1.350326839950856	-1.3503268399508552
K04652	0.14647056508122464	-0.14647056508122452
K04653	-1.6129212301493578	1.612921230149356
K04654	0.4890666516535793	-0.489066651653579
K04655	0.7769255432464712	-0.7769255432464709
K04656	0.8189266066298204	-0.8189266066298198
K04691	0.4933333886560692	-0.49333338865606885
K04720	-0.18327762304252082	0.18327762304252046
K04744	-0.045610044939998665	0.04561004493999863
K04749	-0.5621893007639108	0.5621893007639102
K04750	0.487886463297088	-0.4878864632970881
K04751	1.2086993838209474	-1.208699383820947
K04753	0.5024923064829238	-0.5024923064829234
K04754	0.44164888304142025	-0.44164888304141997
K04755	-0.5153687590648801	0.5153687590648798
K04758	1.0608834326991676	-1.0608834326991672
K04759	-1.2989126550145431	1.298912655014542
K04760	1.5488748592879455	-1.5488748592879447
K04761	0.1996853425438224	-0.19968534254382223
K04762	-0.2723773219719938	0.2723773219719934
K04763	0.9777587371036764	-0.9777587371036757
K04765	-0.2189192051714482	0.21891920517144806
K04767	-1.3304762697642356	1.330476269764234
K04769	-0.8892809104966871	0.8892809104966864
K04770	1.0675402623926011	-1.0675402623926005
K04771	-1.2640851938897761	1.2640851938897752
K04772	1.6998395021588235	-1.6998395021588222
K04773	-0.1549414439465921	0.15494144394659176
K04774	2.0141239411756398	-2.014123941175639
K04775	1.573019000021375	-1.5730190000213742
K04781	2.1153845024657856	-2.115384502465784
K04783	1.0988856816677464	-1.0988856816677457
K04784	-0.39796177430693785	0.3979617743069376
K04785	1.159882032215034	-1.1598820322150338
K04786	1.4478950605429175	-1.4478950605429166
K04835	-1.1322486513404562	1.1322486513404555
K04844	-0.37758892227003577	0.37758892227003527
K05020	-0.22888815506244856	0.22888815506244817
K05245	1.5902820534673825	-1.5902820534673812
K05275	1.0440369605781914	-1.0440369605781907
K05297	-1.2197694843917615	1.2197694843917604
K05305	0.8418235746138557	-0.8418235746138554
K05306	-0.3133719954884691	0.31337199548846867
K05311	1.033112766432447	-1.0331127664324469
K05337	-1.3385212126252028	1.338521212625202
K05338	-0.15835409244218468	0.15835409244218435
K05340	-0.08910000692513562	0.08910000692513531
K05341	-1.3366735058698735	1.3366735058698727
K05342	-0.9877835626390622	0.9877835626390613
K05343	0.2942745967317148	-0.29427459673171436
K05346	-0.9259064394364881	0.9259064394364872
K05349	0.22976618326113904	-0.22976618326113887
K05350	-0.15139979037887505	0.15139979037887472
K05351	1.3148979830717054	-1.3148979830717047
K05352	-1.0605180786849489	1.060518078684948
K05358	1.5553415841865048	-1.5553415841865041
K05362	1.4041206936527026	-1.4041206936527018
K05363	1.0906458341564276	-1.0906458341564267
K05364	-0.08060361331143401	0.08060361331143395
K05365	1.5908541052406842	-1.5908541052406835
K05366	-1.239287929075748	1.239287929075747
K05367	1.4381120343207208	-1.43811203432072
K05368	1.1443739399534394	-1.1443739399534385
K05372	0.466170933704148	-0.4661709337041477
K05373	1.114074080826812	-1.114074080826811
K05374	1.6904081750484272	-1.6904081750484266
K05396	1.4006506725373384	-1.4006506725373373
K05499	0.9922441102230328	-0.9922441102230324
K05501	1.7921881173126928	-1.7921881173126915
K05515	1.0073187310878837	-1.007318731087883
K05516	-1.4095098407174111	1.4095098407174098
K05517	1.3715315208787666	-1.3715315208787657
K05520	1.175706985122342	-1.1757069851223414
K05521	1.1168103230257809	-1.1168103230257806
K05522	0.43294145787116883	-0.4329414578711688
K05523	-1.0966361385995944	1.0966361385995937
K05524	1.1045625695463477	-1.1045625695463468
K05526	1.359559839945062	-1.3595598399450615
K05527	1.2008188642599016	-1.2008188642599014
K05539	0.9527667971975942	-0.9527667971975935
K05540	0.07014378313150944	-0.07014378313150962
K05541	0.8686159971386939	-0.8686159971386936
K05549	1.083148251939558	-1.0831482519395574
K05550	1.1984687328245762	-1.1984687328245758
K05566	-0.8078945873115289	0.8078945873115281
K05568	-1.4575372271018168	1.4575372271018154
K05589	0.23558940342639248	-0.23558940342639254
K05590	0.6128373512136045	-0.6128373512136043
K05591	1.6704262095709674	-1.6704262095709665
K05592	-0.725525257943664	0.7255252579436632
K05593	-1.8168578537979945	1.816857853797993
K05595	-0.5563713809947216	0.5563713809947213
K05596	-1.1176493191452912	1.1176493191452903
K05601	-1.5598224425999967	1.5598224425999954
K05603	0.2234019260046405	-0.22340192600464082
K05606	-0.4239010419086085	0.4239010419086082
K05658	0.5218247111617286	-0.5218247111617282
K05685	1.2781871161447587	-1.2781871161447582
K05708	0.2026803363934251	-0.20268033639342495
K05711	0.8765451620087952	-0.8765451620087947
K05712	0.8334939730248353	-0.833493973024835
K05713	0.45888893898590993	-0.4588889389859099
K05714	-0.059019367200083196	0.05901936720008292
K05774	0.8341235965288156	-0.8341235965288152
K05775	1.4330263274218091	-1.433026327421808
K05776	1.1370883322990297	-1.1370883322990293
K05777	1.9799311357840732	-1.9799311357840725
K05778	1.3160372844969717	-1.316037284496971
K05780	1.33533376132683	-1.3353337613268288
K05781	0.7882069240834465	-0.788206924083446
K05782	-0.3998552859414495	0.399855285941449
K05783	-0.3873941068973632	0.3873941068973629
K05784	0.6548065987446336	-0.6548065987446336
K05785	0.8666308762652314	-0.866630876265231
K05786	1.5566667719072416	-1.5566667719072405
K05787	1.220868885965311	-1.22086888596531
K05789	1.550394207531355	-1.5503942075313542
K05790	1.9110317245398845	-1.9110317245398836
K05794	0.9070533230115602	-0.9070533230115595
K05795	-1.2977391303028027	1.2977391303028019
K05796	1.0193578599466562	-1.0193578599466557
K05798	1.1752207389503309	-1.1752207389503302
K05799	-1.0466469425928455	1.0466469425928446
K05800	0.9552399242277374	-0.955239924227737
K05801	1.3108646912420947	-1.3108646912420943
K05802	-0.19080895081133994	0.1908089508113398
K05803	2.042673449896584	-2.0426734498965833
K05804	0.4057789240906556	-0.4057789240906555
K05805	0.6358042448673733	-0.6358042448673731
K05807	0.6022693820672018	-0.6022693820672014
K05808	-0.3375591198068018	0.3375591198068016
K05810	0.34058178086816326	-0.34058178086816304
K05811	1.314469649968762	-1.3144696499687611
K05812	2.020339014781113	-2.0203390147811113
K05813	0.6462438756488299	-0.6462438756488295
K05814	-0.08216228236474583	0.08216228236474554
K05815	-0.772471040511143	0.7724710405111425
K05816	1.3629079265536632	-1.3629079265536623
K05817	-0.15191236850404283	0.1519123685040425
K05818	1.2674941280710679	-1.267494128071067
K05819	1.3402637585454165	-1.3402637585454154
K05820	0.09044974636341079	-0.09044974636341073
K05822	0.5482808447687962	-0.5482808447687956
K05823	-0.21322965713004546	0.21322965713004532
K05825	-1.423915788015202	1.4239157880152011
K05832	-1.2126994082464813	1.2126994082464804
K05833	-1.5056249299488578	1.5056249299488562
K05834	1.2066732510955829	-1.206673251095582
K05835	1.256841649214017	-1.2568416492140166
K05836	0.3156564689929397	-0.3156564689929397
K05837	-1.0040711480580176	1.0040711480580167
K05838	1.8916599884488754	-1.8916599884488747
K05839	-0.2854236759006632	0.28542367590066275
K05844	1.284548236081812	-1.284548236081811
K05845	-0.5931582259591578	0.5931582259591571
K05846	-0.17003884432180216	0.1700388443218018
K05847	0.21642105236838846	-0.21642105236838854
K05851	1.0304377903536148	-1.0304377903536144
K05874	1.1375076117465535	-1.1375076117465526
K05875	1.7624411963552342	-1.7624411963552336
K05876	0.5821844531616317	-0.582184453161631
K05877	-0.31703888902604815	0.31703888902604793
K05878	-0.6579823699620156	0.6579823699620152
K05879	-0.9492617067752386	0.9492617067752379
K05880	1.7697010682436762	-1.7697010682436745
K05881	0.6542834116408779	-0.6542834116408774
K05882	1.3848572032741666	-1.3848572032741662
K05887	1.658453532167947	-1.6584535321679463
K05895	1.6943780917574274	-1.6943780917574267
K05896	-1.0868519674606056	1.0868519674606048
K05910	1.476041899446618	-1.4760418994466176
K05916	1.254503584425695	-1.2545035844256944
K05919	0.0489322873860268	-0.04893228738602653
K05921	1.2705757537627522	-1.2705757537627516
K05934	-1.2646980806666248	1.264698080666624
K05936	-1.215971647991771	1.21597164799177
K05939	0.03812733875359567	-0.03812733875359588
K05946	-1.3488827545891542	1.3488827545891533
K05964	0.5838787064961899	-0.5838787064961896
K05966	0.8680108085884272	-0.8680108085884266
K05967	-1.7334518386403168	1.7334518386403155
K05970	0.22742118476615755	-0.22742118476615739
K05982	1.3873932059102718	-1.3873932059102707
K05984	1.8296644396926498	-1.8296644396926485
K05985	-0.3536545013968449	0.3536545013968447
K05988	0.004934799106301715	-0.004934799106301947
K05989	0.6166448566974287	-0.6166448566974283
K05995	-0.8471031638366489	0.8471031638366481
K06001	0.6853663316157882	-0.6853663316157879
K06006	1.1984120810963648	-1.198412081096364
K06012	-0.8204910010774856	0.8204910010774851
K06015	-0.8317349674541863	0.8317349674541856
K06016	-0.750154276361656	0.7501542763616552
K06020	1.8357163518386608	-1.835716351838659
K06023	-1.4471594783823247	1.4471594783823238
K06024	0.002117007638316602	-0.0021170076383168366
K06041	-0.6594795576248861	0.6594795576248855
K06042	0.1027309205549167	-0.1027309205549164
K06044	1.415807526840497	-1.415807526840496
K06045	0.3197621043486413	-0.31976210434864105
K06048	1.0098765097650038	-1.0098765097650033
K06073	1.4409620067797246	-1.4409620067797235
K06074	-0.011001224932379065	0.011001224932379056
K06075	1.1001694200891274	-1.1001694200891265
K06076	-1.110872766818226	1.1108727668182254
K06077	-0.701691700573995	0.7016917005739942
K06079	1.077184134692409	-1.0771841346924078
K06080	0.5316407710065306	-0.5316407710065304
K06113	1.148398863707606	-1.1483988637076052
K06120	-0.05365269503289638	0.05365269503289611
K06131	-1.8259645534850524	1.825964553485051
K06132	-0.01851660731616069	0.01851660731616044
K06133	1.1215499656121324	-1.1215499656121322
K06141	0.404975567023452	-0.40497556702345167
K06142	1.3977769390613821	-1.3977769390613812
K06143	0.6467837176223811	-0.6467837176223804
K06144	0.07008817126786021	-0.07008817126786039
K06145	1.4591059057262685	-1.4591059057262676
K06146	1.7104896844412243	-1.7104896844412232
K06147	-0.38162241204817704	0.38162241204817654
K06148	-1.3042468798416558	1.3042468798416547
K06149	1.9613431834761264	-1.9613431834761252
K06153	0.5682284026128387	-0.5682284026128382
K06155	-0.024861918242434625	0.02486191824243437
K06156	2.0328209627872904	-2.0328209627872895
K06157	1.9706153675543205	-1.9706153675543194
K06158	-0.13643954250098478	0.1364395425009847
K06159	1.809273013067047	-1.8092730130670458
K06162	1.690225721678876	-1.690225721678875
K06163	0.144120393551825	-0.14412039355182488
K06164	1.7874942516462304	-1.78749425164623
K06165	1.8053392613757526	-1.805339261375752
K06166	1.2342379854337855	-1.2342379854337846
K06167	-1.2574285134404317	1.2574285134404308
K06168	-0.1906446301472736	0.19064463014727345
K06169	1.0362566447686565	-1.0362566447686559
K06173	-0.6744492030613167	0.6744492030613163
K06175	0.0329753627165298	-0.03297536271653002
K06176	2.077778537531545	-2.0777785375315436
K06177	0.49058070808811605	-0.4905807080881157
K06178	0.8607733574731484	-0.8607733574731478
K06179	0.32675576257239697	-0.32675576257239697
K06180	-1.08035224954335	1.080352249543349
K06181	1.8117648195110576	-1.8117648195110565
K06182	0.4272515555852005	-0.42725155558520045
K06183	0.6341155871606824	-0.6341155871606823
K06185	-1.5240431119327331	1.5240431119327318
K06186	0.986667935220982	-0.9866679352209812
K06187	-0.9493980041987029	0.9493980041987019
K06188	0.9794139046408123	-0.9794139046408115
K06189	1.82511868757976	-1.8251186875797587
K06190	0.4022923774830162	-0.40229237748301594
K06191	-1.2616461225271725	1.2616461225271716
K06192	1.6814130104932636	-1.681413010493263
K06193	-0.8487864450624334	0.8487864450624328
K06194	0.7095827810141668	-0.7095827810141664
K06195	0.46164104101679165	-0.4616410410167913
K06196	-0.3119217460063145	0.3119217460063143
K06198	0.8755253227253043	-0.8755253227253041
K06199	0.28009381669492955	-0.28009381669492983
K06200	-1.1173437703905718	1.117343770390571
K06201	0.48234717263652804	-0.48234717263652793
K06203	-0.9654705831779015	0.9654705831779005
K06204	0.41937275720049494	-0.41937275720049444
K06205	1.6675497758657143	-1.6675497758657132
K06206	-0.044894416590009756	0.04489441659000973
K06207	-0.3525740554410444	0.35257405544104414
K06209	0.11904284997059017	-0.11904284997058985
K06211	1.8346384331948182	-1.8346384331948171
K06212	0.26565476719851683	-0.26565476719851666
K06213	-1.1769149923204676	1.1769149923204665
K06214	-1.0863476417580844	1.0863476417580835
K06215	0.3969854175204074	-0.3969854175204074
K06217	-0.9946532350173147	0.9946532350173138
K06218	-0.8232730319694272	0.8232730319694267
K06219	0.14684669352942828	-0.14684669352942842
K06221	-0.6496576589881012	0.6496576589881008
K06222	0.6650662929361288	-0.6650662929361282
K06223	0.8628536496791678	-0.8628536496791673
K06281	0.5871222299239733	-0.587122229923973
K06282	-0.008285458611922368	0.00828545861192236
K06283	-0.06928984239055218	0.0692898423905519
K06284	0.204050270532279	-0.20405027053227864
K06286	-0.5438952276670074	0.543895227667007
K06287	1.3076235505627618	-1.3076235505627614
K06296	0.5855033486432993	-0.5855033486432991
K06297	-1.5852903161059946	1.5852903161059932
K06298	-0.08374706537298482	0.08374706537298476
K06306	-1.0316562413682797	1.031656241368279
K06310	-1.543647785921419	1.543647785921418
K06320	-0.5957967814901324	0.5957967814901319
K06330	-1.0913247068729721	1.091324706872971
K06331	-1.3459351627004579	1.3459351627004563
K06333	-1.8520192981949368	1.8520192981949353
K06334	-0.2671762834058396	0.26717628340583915
K06346	-0.5671636620858954	0.567163662085895
K06351	-1.0631169218261045	1.0631169218261038
K06373	-1.2493837565213999	1.2493837565213988
K06374	0.1830850244959531	-0.1830850244959532
K06378	-1.0414436594445267	1.0414436594445258
K06379	-0.33671239999487096	0.3367123999948707
K06381	-1.726915121097647	1.7269151210976457
K06382	-1.2232525838355133	1.2232525838355124
K06383	-1.071464539028258	1.0714645390282571
K06385	-0.7547148675989154	0.7547148675989146
K06387	0.3462356841119893	-0.3462356841119891
K06390	-1.5774026843835751	1.5774026843835736
K06392	-0.19427554764100685	0.19427554764100674
K06393	-0.9508961443980495	0.9508961443980485
K06394	0.03710081388249283	-0.037100813882492804
K06395	-1.7020015002726498	1.702001500272648
K06396	-0.5398450051325506	0.5398450051325501
K06397	1.3979046628474923	-1.3979046628474916
K06398	-1.5069370650016036	1.5069370650016023
K06399	-0.389476576479008	0.3894765764790075
K06400	-1.7167892521568624	1.7167892521568606
K06403	-1.7370399889855208	1.7370399889855188
K06404	-1.418960975677012	1.418960975677011
K06405	-0.6819102648402108	0.6819102648402102
K06406	-0.8092830952198717	0.8092830952198712
K06407	-1.0550187795429473	1.0550187795429462
K06408	-1.253493447951192	1.2534934479511912
K06409	-1.2463496465366646	1.2463496465366635
K06410	-0.04244820942085582	0.04244820942085556
K06411	-0.8092270573588344	0.8092270573588338
K06412	-0.9791160351918624	0.9791160351918614
K06415	-0.015062905372166953	0.015062905372166705
K06416	-1.1894405936119854	1.1894405936119845
K06421	-0.3436044353800041	0.3436044353800036
K06438	-0.015188669892438304	0.015188669892438058
K06442	1.4878248557177882	-1.4878248557177876
K06445	-1.1325408670985626	1.1325408670985617
K06446	-0.0021030252163294475	0.00210302521632921
K06447	1.677154331631094	-1.6771543316310933
K06518	-1.2449468849542413	1.2449468849542404
K06603	-1.3801239250461557	1.3801239250461548
K06605	-0.3271217398299617	0.3271217398299614
K06606	-0.5484806372084272	0.5484806372084267
K06609	1.3055294035009826	-1.3055294035009817
K06610	-0.6073190584451167	0.607319058445116
K06714	-1.8358733357225012	1.8358733357224999
K06726	-1.0921783318290121	1.0921783318290113
K06858	1.8470666402819813	-1.84706664028198
K06859	-1.0627417126606378	1.0627417126606367
K06861	0.5359287216555587	-0.5359287216555583
K06864	-1.510319275131233	1.510319275131232
K06867	1.6147399230037196	-1.614739923003719
K06871	-1.2459366831388938	1.245936683138893
K06872	0.2793620310067208	-0.2793620310067211
K06877	-0.5668689750907485	0.5668689750907479
K06878	1.053038389487321	-1.0530383894873205
K06879	0.5793855125672581	-0.5793855125672582
K06881	-1.502469996905169	1.5024699969051676
K06885	-1.5597466123706583	1.559746612370657
K06887	1.7879715668387477	-1.7879715668387466
K06888	-0.7290144904410649	0.7290144904410641
K06889	-0.5125473281227273	0.5125473281227266
K06890	0.9465727660919732	-0.9465727660919725
K06891	0.6682235910041587	-0.6682235910041587
K06893	-0.6911884804724435	0.6911884804724431
K06894	1.3589183433511882	-1.3589183433511873
K06895	0.3481663383985684	-0.3481663383985679
K06896	-1.172381318924842	1.1723813189248409
K06897	0.057712362201639854	-0.05771236220164029
K06898	-0.9376233993302293	0.9376233993302283
K06899	1.9952772266171253	-1.995277226617124
K06901	0.20205355893398189	-0.202053558933982
K06902	-0.9606167827706353	0.9606167827706344
K06903	0.358076431464565	-0.3580764314645648
K06904	0.32105137695715763	-0.32105137695715735
K06905	1.7522102827734578	-1.752210282773457
K06906	1.7345486377677686	-1.7345486377677677
K06907	0.5521722706434643	-0.5521722706434639
K06908	1.2169960028661666	-1.2169960028661662
K06909	-0.22716341789828545	0.22716341789828504
K06910	0.7898384402370975	-0.7898384402370967
K06911	0.3233204932417539	-0.32332049324175394
K06915	-0.2971961726068515	0.2971961726068513
K06916	2.029516368468361	-2.029516368468359
K06917	1.5051582371304768	-1.505158237130476
K06918	1.5453389686366228	-1.5453389686366221
K06919	1.5846092284230315	-1.5846092284230304
K06920	-0.5213590790243197	0.5213590790243191
K06921	-0.6534981808352837	0.653498180835283
K06923	-0.19500973987704254	0.1950097398770424
K06925	-0.4337823892590677	0.43378238925906737
K06926	-1.3762871135330192	1.3762871135330184
K06929	0.4482645618110505	-0.4482645618110502
K06934	-0.5695636461417999	0.5695636461417996
K06940	0.23206156121939484	-0.23206156121939445
K06941	-0.027263119615977317	0.0272631196159773
K06942	-0.7539851863481988	0.753985186348198
K06946	1.7186568290548296	-1.7186568290548287
K06948	0.6753231205503251	-0.6753231205503248
K06949	-0.9658062491656579	0.9658062491656573
K06950	1.1501467159758005	-1.1501467159757996
K06952	-0.4698484607307289	0.46984846073072856
K06954	0.0008554690670260016	-0.0008554690670262373
K06956	1.9014135509858514	-1.9014135509858499
K06957	1.665912589947516	-1.6659125899475147
K06958	0.8019843947085006	-0.8019843947085005
K06959	-0.9531251941289979	0.9531251941289972
K06960	-0.4872464821314005	0.48724648213139987
K06962	0.2829081197443576	-0.28290811974435764
K06966	1.6650172400223846	-1.665017240022384
K06967	-0.03734191723910667	0.037341917239106646
K06968	0.3473399103351152	-0.3473399103351149
K06969	-1.6794277215421394	1.6794277215421376
K06970	1.2547592913167114	-1.2547592913167103
K06971	-1.2339867953263095	1.2339867953263082
K06972	-0.4576042360784137	0.45760423607841316
K06973	-0.02704935866305976	0.027049358663059738
K06975	0.318602014513225	-0.31860201451322456
K06978	1.241711319388284	-1.2417113193882832
K06980	1.656550917904907	-1.656550917904906
K06987	0.5016767901227368	-0.5016767901227367
K06989	0.47733485347659904	-0.4773348534765992
K06990	1.641043305266259	-1.6410433052662579
K06993	-0.5574219452181027	0.5574219452181021
K06994	0.21172525386966864	-0.21172525386966828
K06996	0.2609779325448912	-0.260977932544891
K06997	0.8921257757674554	-0.8921257757674548
K06999	0.7658692575384817	-0.7658692575384809
K07000	1.0236797288856232	-1.0236797288856223
K07001	-0.925589288919725	0.9255892889197245
K07003	-0.36323087102475266	0.3632308710247524
K07005	1.2890131460754382	-1.2890131460754373
K07006	0.5845509093757336	-0.5845509093757333
K07007	0.9528931373060766	-0.9528931373060762
K07009	0.9162399704811055	-0.9162399704811048
K07010	-0.2810159828521824	0.2810159828521822
K07011	1.204967882450782	-1.204967882450781
K07012	-1.3001392924673782	1.3001392924673774
K07014	1.2328043229927614	-1.2328043229927605
K07015	-0.9636237009764144	0.9636237009764137
K07016	-1.7693609931211185	1.7693609931211167
K07017	0.5025745667639344	-0.5025745667639343
K07019	-0.27964907230533254	0.27964907230533237
K07023	0.6448899767420971	-0.6448899767420971
K07025	0.596664437117062	-0.5966644371170615
K07027	-0.11149133829661977	0.11149133829661945
K07029	-0.45680663719298825	0.4568066371929877
K07030	-1.239838368516581	1.2398383685165801
K07031	-0.22436333121535876	0.22436333121535837
K07032	1.2080607605624814	-1.208060760562481
K07033	0.7956471517105305	-0.7956471517105296
K07034	1.20852523155389	-1.2085252315538895
K07035	-1.6479432197069153	1.647943219706914
K07037	0.4881431270985473	-0.48814312709854696
K07038	-0.29687812379714057	0.2968781237971401
K07039	-0.3781385625726029	0.37813856257260264
K07040	1.5477053007589539	-1.547705300758953
K07042	-0.5025928022669106	0.50259280226691
K07043	0.8497664784184341	-0.8497664784184336
K07045	-0.6666721566362019	0.6666721566362013
K07046	0.7775613493059295	-0.7775613493059291
K07048	0.8021013933508964	-0.802101393350896
K07051	1.548875212693856	-1.5488752126938554
K07052	-0.14535109537305033	0.14535109537305022
K07053	1.5554999029743937	-1.5554999029743926
K07054	0.24988823716267114	-0.24988823716267097
K07056	0.6973996688136246	-0.6973996688136243
K07058	-1.170159550517833	1.170159550517832
K07062	0.5237612833756012	-0.5237612833756006
K07067	-0.9863006639105982	0.9863006639105975
K07069	0.8061383484661102	-0.8061383484661098
K07070	1.0502518139617347	-1.050251813961734
K07071	1.9100380530394685	-1.9100380530394672
K07074	0.8492243910449039	-0.8492243910449035
K07075	-0.4524622705878227	0.45246227058782235
K07076	-0.711226577295636	0.7112265772956354
K07078	-1.1245378237824046	1.1245378237824037
K07079	0.3293764733469768	-0.32937647334697656
K07080	-1.5109631442166467	1.5109631442166453
K07082	0.35176105184629763	-0.3517610518462974
K07084	-1.6088841869541926	1.6088841869541912
K07085	0.04366871805600297	-0.043668718056003177
K07088	1.031083284713135	-1.0310832847131342
K07089	1.8609879587026918	-1.8609879587026916
K07090	0.8537332870096039	-0.8537332870096038
K07091	0.8951460478345328	-0.8951460478345324
K07095	0.6032629654034495	-0.6032629654034495
K07096	-2.052141946847404	2.0521419468474025
K07098	-0.4080917389355407	0.4080917389355402
K07099	0.29338150463554546	-0.293381504635545
K07102	-0.2222991449560756	0.22229914495607522
K07104	-0.13897500718549757	0.1389750071854975
K07105	-0.4527241198234745	0.4527241198234739
K07106	-1.1184763794245993	1.1184763794245984
K07107	-1.106933888352811	1.10693388835281
K07109	1.9706357727250536	-1.9706357727250519
K07112	-0.9005386409923529	0.900538640992352
K07113	0.5276689884135787	-0.5276689884135786
K07114	1.579851702754631	-1.57985170275463
K07115	1.0336797324671265	-1.0336797324671256
K07118	-0.7957175795707263	0.7957175795707258
K07119	1.0292635160438173	-1.029263516043817
K07120	0.10959788901274561	-0.10959788901274577
K07121	0.49928397575734756	-0.4992839757573472
K07124	-0.5272866988647873	0.5272866988647869
K07126	-0.49195770142115564	0.491957701421155
K07127	1.603681090850379	-1.6036810908503778
K07128	0.7494995484411822	-0.7494995484411818
K07130	-1.6494389067369146	1.6494389067369133
K07132	-0.7505643601020151	0.7505643601020145
K07133	-1.4379697495878736	1.4379697495878725
K07136	1.7030717036290206	-1.7030717036290197
K07137	-1.1923129981832952	1.1923129981832943
K07138	1.4636909841022436	-1.4636909841022432
K07139	0.7100896321833037	-0.7100896321833031
K07140	1.3481573789856058	-1.348157378985605
K07141	0.3387919105461227	-0.33879191054612245
K07146	0.13137877962412053	-0.1313787796241202
K07147	1.9279118895359266	-1.9279118895359262
K07148	1.1231821603820316	-1.123182160382031
K07149	-1.03205025963076	1.0320502596307588
K07150	-1.4557082178025238	1.455708217802523
K07153	-0.3115487117108802	0.31154871171088
K07154	0.6341945782380428	-0.6341945782380424
K07156	1.8103237303863688	-1.810323730386368
K07160	-1.319589444001735	1.3195894440017342
K07164	-0.33764691725081497	0.33764691725081447
K07165	1.7203421590258725	-1.7203421590258714
K07166	-1.3914350317617132	1.3914350317617123
K07168	1.480351034316233	-1.4803510343162325
K07171	0.07910514470885505	-0.07910514470885523
K07172	-1.0533635324017743	1.0533635324017732
K07173	-0.899352980121314	0.8993529801213132
K07175	0.5480675749564194	-0.5480675749564193
K07177	-1.5550452770356997	1.5550452770356984
K07180	0.783798639860019	-0.7837986398600182
K07184	1.9577770600627422	-1.9577770600627413
K07186	-1.5708917253407257	1.5708917253407246
K07192	0.19149438488462903	-0.19149438488462867
K07213	1.2794754119782354	-1.2794754119782348
K07214	1.7295266384948274	-1.7295266384948262
K07216	-0.003747254999539864	0.0037472549995398612
K07217	-0.7184647231995097	0.7184647231995092
K07220	0.18365031194564466	-0.18365031194564477
K07221	-0.5811255258986595	0.5811255258986588
K07223	0.8050759272464648	-0.8050759272464645
K07224	-0.18865939073338156	0.1886593907333812
K07225	1.295991126780985	-1.2959911267809838
K07227	1.4479822296746763	-1.4479822296746758
K07229	1.8633750418496984	-1.8633750418496975
K07230	1.1816370382361112	-1.1816370382361108
K07232	0.9328538805058106	-0.93285388050581
K07233	0.8215905310624824	-0.821590531062482
K07235	1.9264345006461263	-1.926434500646125
K07236	1.0029097391099397	-1.002909739109939
K07237	0.16486307763308705	-0.1648630776330869
K07238	-0.983485972970413	0.983485972970412
K07239	-1.286165916997842	1.286165916997841
K07240	-0.515122087880101	0.5151220878801005
K07241	1.729326347478768	-1.7293263474787666
K07243	-0.36936720364366427	0.36936720364366404
K07245	1.7539167338846147	-1.7539167338846136
K07246	1.2580635967351426	-1.2580635967351417
K07248	0.9462033657115665	-0.9462033657115656
K07250	0.9075609415677725	-0.9075609415677718
K07251	0.4847881104790944	-0.48478811047909454
K07258	0.754270367247317	-0.754270367247317
K07259	0.5456943519103087	-0.5456943519103084
K07260	-0.17216431446473204	0.17216431446473168
K07261	0.9264496005253597	-0.9264496005253595
K07262	0.42443626399686607	-0.424436263996866
K07263	-0.25742218386345084	0.2574221838634506
K07264	1.002028955638284	-1.0020289556382833
K07265	-0.49749594729598245	0.4974959472959821
K07266	1.3733209250503433	-1.3733209250503429
K07267	0.7248755232096488	-0.7248755232096482
K07269	0.6685284425473483	-0.6685284425473481
K07270	-1.021364522534587	1.0213645225345864
K07271	0.19721980445249643	-0.1972198044524963
K07272	1.2782820555768812	-1.27828205557688
K07273	-0.2886994781251763	0.2886994781251759
K07274	1.6437254233201481	-1.643725423320147
K07275	1.7797294362452658	-1.779729436245265
K07277	-1.2477880879558028	1.2477880879558017
K07278	-0.7566560993069854	0.7566560993069846
K07279	1.8355907100583169	-1.8355907100583164
K07282	1.863082758535691	-1.8630827585356902
K07283	0.6090130275883019	-0.6090130275883012
K07284	-0.4451358351322968	0.44513583513229654
K07285	0.7276645401144675	-0.7276645401144672
K07286	1.823850526786237	-1.823850526786236
K07287	1.669431297068967	-1.6694312970689662
K07289	1.2323787106142496	-1.2323787106142494
K07290	1.1936600939505717	-1.1936600939505708
K07300	-0.9408805072234079	0.9408805072234072
K07301	-0.855646624435316	0.8556466244353155
K07304	0.6300989888355493	-0.6300989888355488
K07305	0.11736598843582824	-0.11736598843582839
K07306	0.11946626965194534	-0.11946626965194526
K07307	-0.05269910264826239	0.05269910264826235
K07308	1.895333483107671	-1.89533348310767
K07309	0.07060341988331963	-0.07060341988331933
K07310	0.7759124738675729	-0.7759124738675723
K07312	0.13986264505198992	-0.1398626450519896
K07313	1.4595665666723368	-1.4595665666723359
K07314	1.3078673744817917	-1.3078673744817908
K07315	0.8881521133925407	-0.8881521133925403
K07316	0.730386176365438	-0.7303861763654377
K07317	-0.3688393068913556	0.3688393068913553
K07318	-1.628840446755189	1.6288404467551874
K07319	0.032206027550921966	-0.032206027550922174
K07320	0.9405408130677245	-0.9405408130677239
K07321	-0.723314397477826	0.7233143974778252
K07322	0.6942210078922635	-0.6942210078922632
K07323	-1.3563709153023502	1.356370915302349
K07334	-0.8687153607169774	0.8687153607169769
K07335	0.7796171405281388	-0.7796171405281385
K07336	0.4697380359299193	-0.46973803592991875
K07337	2.0032480370433796	-2.0032480370433774
K07340	1.2573522891763476	-1.2573522891763471
K07341	0.5769737220643633	-0.5769737220643634
K07343	-0.10700978633220991	0.1070097863322096
K07344	1.7588589772241872	-1.7588589772241863
K07345	0.6979820165459183	-0.6979820165459178
K07346	1.4546289697604324	-1.4546289697604313
K07347	1.5880808949689678	-1.5880808949689669
K07348	0.039110383631661146	-0.03911038363166112
K07349	1.026126080234464	-1.0261260802344636
K07350	0.9834231046797907	-0.9834231046797902
K07351	1.8503734738431055	-1.8503734738431046
K07353	1.2947546146284337	-1.2947546146284332
K07356	0.2390002126989347	-0.239000212698935
K07357	-0.04149110019969625	0.04149110019969622
K07358	0.7781620526267511	-0.7781620526267511
K07386	0.9879602798213951	-0.9879602798213947
K07387	0.5787326034807251	-0.5787326034807249
K07391	-0.4529291076264118	0.45292910762641125
K07393	0.14550250992382227	-0.14550250992382216
K07395	0.9622723287485321	-0.9622723287485314
K07397	0.216287494411917	-0.21628749441191686
K07400	0.03573046567698986	-0.03573046567698984
K07401	0.12173982832766711	-0.12173982832766701
K07402	-1.1985710496910589	1.1985710496910578
K07403	-0.5653467726788572	0.5653467726788566
K07404	-1.2039465998380912	1.2039465998380903
K07405	0.23215444600935586	-0.2321544460093557
K07406	-1.2368860483241497	1.2368860483241488
K07407	-1.2431279989831143	1.2431279989831134
K07442	1.4453182982447004	-1.4453182982446997
K07443	-0.6651971407112138	0.6651971407112134
K07444	-1.711260699084225	1.7112606990842232
K07447	-0.9267407845236477	0.926740784523647
K07448	1.3961341201111295	-1.3961341201111286
K07450	-0.8319034390792178	0.8319034390792173
K07451	0.6367594205451297	-0.6367594205451296
K07452	0.08777643133654787	-0.0877764313365478
K07454	1.2941763945598725	-1.2941763945598719
K07455	0.7989829020535931	-0.7989829020535928
K07456	-1.1250832444999392	1.1250832444999384
K07457	-0.7467397019703498	0.746739701970349
K07458	1.842106656242384	-1.8421066562423825
K07459	1.0915130465716623	-1.0915130465716616
K07460	-1.2769467248746758	1.2769467248746746
K07461	0.8411400240615471	-0.8411400240615465
K07462	-0.0015578739194550574	0.00155787391945482
K07464	1.1248867743033926	-1.1248867743033921
K07467	0.7067626863945696	-0.7067626863945691
K07469	-1.039327446496931	1.0393274464969302
K07470	0.8423786419554108	-0.8423786419554102
K07473	0.0915717208386563	-0.09157172083865671
K07474	-1.1734895081774759	1.1734895081774748
K07478	-0.5374516794602237	0.5374516794602233
K07479	-0.5400980707364934	0.540098070736493
K07480	1.8478284659533348	-1.847828465953333
K07481	-0.5163300131661285	0.516330013166128
K07482	1.200769231290965	-1.2007692312909641
K07483	1.395615164939516	-1.3956151649395154
K07484	0.20575121927547355	-0.2057512192754734
K07485	1.5394642953033228	-1.539464295303322
K07486	0.44300495929490247	-0.44300495929490236
K07487	1.2879055351880218	-1.2879055351880213
K07489	1.4310310657692524	-1.4310310657692515
K07491	0.9186657150768629	-0.9186657150768622
K07492	-0.24357352300675056	0.2435735230067504
K07493	0.48745146802606243	-0.4874514680260621
K07494	-0.23274065160075674	0.2327406516007566
K07495	0.8254369750510411	-0.8254369750510404
K07496	-0.3587268112397237	0.3587268112397235
K07497	-0.24083426345399858	0.24083426345399817
K07498	1.4890574981707894	-1.4890574981707883
K07502	-1.4488741971720853	1.448874197172084
K07503	1.18593817088543	-1.185938170885429
K07504	-0.5325688566787485	0.5325688566787482
K07505	-0.45090071518004216	0.4509007151800418
K07506	0.03238653697714296	-0.032386536977143165
K07507	-0.20683230554076468	0.2068323055407643
K07533	-1.6376886147971126	1.637688614797111
K07552	-0.9527637981164566	0.9527637981164557
K07559	-0.5228565427478911	0.5228565427478907
K07560	0.3202350662760368	-0.3202350662760366
K07566	0.8010980274790145	-0.8010980274790139
K07568	-0.28857935760845416	0.288579357608454
K07570	0.5217478265903663	-0.5217478265903658
K07571	0.5159157325867519	-0.5159157325867515
K07574	0.7452856407275154	-0.7452856407275152
K07576	-1.5754457843711276	1.5754457843711263
K07584	-1.228027133602418	1.2280271336024169
K07586	0.7927495510959267	-0.7927495510959262
K07588	0.20059355876635557	-0.20059355876635543
K07592	1.1269099279275985	-1.1269099279275983
K07636	0.8889143000662251	-0.8889143000662244
K07637	1.3506658933981746	-1.3506658933981737
K07638	1.9350617649097792	-1.9350617649097779
K07639	1.8168033851128869	-1.816803385112886
K07640	0.7072933987009885	-0.7072933987009881
K07641	2.011257410396811	-2.0112574103968095
K07642	1.4548609801540902	-1.4548609801540895
K07643	1.3792894090668628	-1.3792894090668617
K07644	2.0400120150277137	-2.0400120150277123
K07645	0.7170578486611765	-0.7170578486611761
K07646	-1.2234979799004544	1.2234979799004533
K07647	0.3630336444706142	-0.3630336444706139
K07648	1.4990015834361465	-1.499001583436146
K07649	0.7020503112223854	-0.7020503112223853
K07650	0.555975461198402	-0.5559754611984016
K07652	0.4030893910751432	-0.40308939107514313
K07654	1.2044485889191978	-1.204448588919197
K07657	1.5747256569988635	-1.5747256569988624
K07658	-1.8480040524013601	1.8480040524013586
K07659	1.101328985895644	-1.1013289858956432
K07660	1.8046901845043366	-1.8046901845043348
K07661	-0.3858429349212068	0.38584293492120625
K07662	1.5702800093891038	-1.5702800093891025
K07663	0.9055350815374341	-0.9055350815374339
K07664	1.490256218322051	-1.49025621832205
K07665	1.674666368470731	-1.6746663684707304
K07666	1.7657736981020626	-1.765773698102062
K07667	-1.6855513629575019	1.6855513629575003
K07668	-0.2779093416431678	0.27790934164316733
K07670	-0.5302649198543995	0.5302649198543988
K07673	1.2828365350169095	-1.2828365350169086
K07674	1.7560194538217664	-1.7560194538217653
K07675	0.6396750938238962	-0.6396750938238958
K07676	0.942776348987805	-0.9427763489878044
K07677	0.10498423853274712	-0.10498423853274728
K07678	0.7362237892612244	-0.736223789261224
K07679	0.2715748078901921	-0.27157480789019217
K07684	1.044990129708681	-1.04499012970868
K07685	1.2627392539460462	-1.2627392539460456
K07686	1.0177999013109158	-1.0177999013109154
K07687	1.9337341287046443	-1.9337341287046432
K07689	1.5214812680682832	-1.5214812680682823
K07690	1.9543429718397556	-1.9543429718397545
K07699	-1.1213851226462954	1.1213851226462945
K07700	1.6310461491346826	-1.6310461491346817
K07701	0.04059134603685123	-0.0405913460368512
K07702	0.8627770107472131	-0.8627770107472122
K07703	1.9543129022278618	-1.9543129022278605
K07704	-0.6672998787076411	0.6672998787076405
K07705	1.053374747376083	-1.0533747473760822
K07706	0.5331842942805679	-0.5331842942805675
K07707	-0.4415098734535727	0.4415098734535721
K07708	1.4123286827829622	-1.412328682782961
K07709	-0.3417767885298371	0.3417767885298367
K07710	1.1198537051017565	-1.1198537051017556
K07711	1.1825633443118742	-1.1825633443118733
K07712	1.683488908183721	-1.6834889081837197
K07713	-0.555307614986496	0.5553076149864956
K07714	0.7408838924634261	-0.7408838924634261
K07715	1.9989778873494806	-1.9989778873494795
K07718	-1.130077804928118	1.1300778049281173
K07720	-1.7810406583432412	1.7810406583432397
K07722	-0.1461493206429316	0.14614932064293126
K07724	0.582017097363528	-0.5820170973635278
K07726	-0.4062264033070978	0.40622640330709753
K07727	0.7361679368782434	-0.7361679368782431
K07729	-0.9641202794938152	0.9641202794938143
K07733	1.494185243966618	-1.494185243966617
K07735	0.8305899581052942	-0.8305899581052935
K07736	-0.39776425961392303	0.39776425961392253
K07738	0.27067720140434176	-0.2706772014043418
K07739	-0.6263640149354611	0.6263640149354605
K07740	0.4907849904315794	-0.4907849904315793
K07741	-1.4958088930446765	1.4958088930446751
K07742	-0.9067469754654409	0.9067469754654404
K07746	1.4063644423050576	-1.4063644423050563
K07749	0.2949267321419018	-0.29492673214190135
K07751	1.3582805813930776	-1.3582805813930772
K07757	1.0709402505358507	-1.0709402505358503
K07768	0.39985664410233684	-0.39985664410233657
K07770	0.799670385641385	-0.799670385641385
K07771	-0.7549020864416621	0.7549020864416613
K07772	1.8177609353134805	-1.8177609353134796
K07773	0.352882273821373	-0.3528822738213725
K07774	-0.21529906820970862	0.21529906820970848
K07775	-1.358584166654388	1.3585841666543872
K07776	0.4831293281340071	-0.4831293281340072
K07777	-0.012099888128642598	0.01209988812864259
K07778	1.5740872640800263	-1.5740872640800252
K07781	1.5907155120602134	-1.5907155120602126
K07782	1.247203789392738	-1.2472037893927375
K07783	-0.43262016702230244	0.43262016702230216
K07784	0.6463376915417545	-0.6463376915417542
K07786	1.3212697044035144	-1.3212697044035135
K07787	-0.22156923622645291	0.22156923622645253
K07788	1.8857359443342956	-1.8857359443342947
K07789	1.1720072397231558	-1.172007239723155
K07791	1.613179427452792	-1.6131794274527909
K07792	1.9388966693695573	-1.938896669369556
K07793	-0.4850307672633782	0.48503076726337785
K07794	-1.4909063301919585	1.4909063301919572
K07795	1.6949435553935193	-1.6949435553935186
K07796	1.6833626819777459	-1.683362681977745
K07797	0.4356279714951932	-0.43562797149519294
K07798	-0.6745102247377196	0.6745102247377192
K07799	0.7269996466908576	-0.726999646690857
K07803	1.5945376275333139	-1.594537627533313
K07806	1.0427031504386712	-1.0427031504386706
K07810	1.0891053655945047	-1.0891053655945038
K07811	1.7337890576607793	-1.7337890576607782
K07812	0.48564274049981704	-0.4856427404998169
K07813	-1.0422938708827179	1.042293870882717
K07814	1.5460107253710096	-1.5460107253710085
K07816	0.374724976875872	-0.3747249768758715
K07821	0.533162281699492	-0.5331622816994918
K07862	-0.11142753996087981	0.11142753996087973
K07979	0.10636292518176578	-0.10636292518176595
K08092	-0.17772316908159408	0.17772316908159394
K08093	-0.9051219382942471	0.9051219382942466
K08094	0.13621020355485108	-0.13621020355485097
K08137	0.9858918657344707	-0.9858918657344703
K08138	-0.29641466770563946	0.2964146677056393
K08151	0.2282777906142281	-0.22827779061422795
K08152	0.9620082050223573	-0.9620082050223568
K08153	-0.04346694286122605	0.04346694286122579
K08154	0.061252236496603704	-0.06125223649660366
K08156	0.10045491425657137	-0.10045491425657153
K08159	1.1343663200748628	-1.1343663200748626
K08160	0.261716141213137	-0.26171614121313685
K08161	0.2794174168635479	-0.27941741686354765
K08162	0.8068023382818311	-0.8068023382818308
K08163	2.0949823995846626	-2.0949823995846617
K08167	0.6539701142764436	-0.6539701142764429
K08168	-1.1913087542325662	1.1913087542325653
K08169	-1.2510668907443812	1.2510668907443803
K08170	0.3193705396793732	-0.3193705396793732
K08172	-0.3762357435870913	0.376235743587091
K08173	1.4255087747726203	-1.4255087747726196
K08177	1.8809553162891206	-1.88095531628912
K08191	-0.5664756628765971	0.5664756628765967
K08194	1.399478870621096	-1.3994788706210952
K08195	1.0521451368793122	-1.0521451368793115
K08217	1.3796076692777064	-1.3796076692777057
K08218	-0.6493580726996054	0.649358072699605
K08219	1.2644712652110444	-1.2644712652110437
K08222	-1.6436915544509878	1.6436915544509862
K08223	1.0044912496448637	-1.004491249644863
K08224	1.6615697529144082	-1.6615697529144073
K08225	0.9468762105512286	-0.946876210551228
K08227	-0.1772172559379909	0.17721725593799076
K08234	-0.4369914608684548	0.43699146086845453
K08256	1.2294256015939156	-1.229425601593915
K08276	-0.7242676613455704	0.72426766134557
K08279	1.4679693281361155	-1.4679693281361144
K08281	0.5692191825189556	-0.5692191825189558
K08282	-1.287971356067157	1.2879713560671557
K08289	1.9153938241617579	-1.9153938241617565
K08296	0.06720308812179838	-0.0672030881217981
K08297	0.3405454934308938	-0.3405454934308933
K08298	-0.6414509961925237	0.6414509961925232
K08299	0.5814943836569457	-0.5814943836569455
K08300	-0.09353386927967715	0.09353386927967708
K08301	-0.8954561648456086	0.8954561648456081
K08302	-0.2368250001028041	0.23682500010280394
K08303	1.6344299917086733	-1.6344299917086722
K08304	1.565115056672868	-1.565115056672867
K08305	1.9571875247915553	-1.9571875247915538
K08306	0.36423488005750787	-0.36423488005750765
K08307	-0.9536078104363811	0.9536078104363804
K08308	0.42000387840456355	-0.42000387840456344
K08309	1.1685645629179353	-1.1685645629179344
K08311	1.5746400711921378	-1.5746400711921371
K08312	0.9925368343782606	-0.9925368343782598
K08313	-0.5975403552325752	0.5975403552325745
K08314	1.6496882192359394	-1.6496882192359383
K08316	0.7169714379565422	-0.7169714379565422
K08317	1.0090613298040632	-1.0090613298040625
K08318	1.2079091794979795	-1.2079091794979786
K08319	1.7414830045483727	-1.741483004548372
K08321	-0.957142001315607	0.9571420013156061
K08322	0.8313097247227419	-0.8313097247227418
K08323	0.8421371317994344	-0.8421371317994338
K08324	-0.20414143768509388	0.2041414376850935
K08325	0.6731525369999488	-0.673152536999948
K08326	0.459817230304253	-0.4598172303042524
K08344	0.1911426142602273	-0.19114261426022694
K08348	1.629009622843401	-1.6290096228434003
K08349	1.0276999661112451	-1.0276999661112445
K08350	0.4430593834144497	-0.4430593834144494
K08351	1.0873211904603004	-1.0873211904602997
K08352	-0.31944381715532105	0.31944381715532083
K08353	0.419675908450455	-0.41967590845045494
K08354	1.9828810315065672	-1.982881031506566
K08357	0.43763679458122223	-0.4376367945812221
K08363	0.5671041629632897	-0.5671041629632894
K08364	1.3767630858774764	-1.3767630858774758
K08365	-1.0057802103103413	1.0057802103103404
K08368	1.3020488058912936	-1.3020488058912927
K08369	0.6259362814737719	-0.6259362814737717
K08372	-1.1305850549814451	1.1305850549814442
K08384	0.5782447511182908	-0.5782447511182908
K08475	1.9287027715605256	-1.928702771560525
K08476	1.2178256047622784	-1.217825604762278
K08478	0.9938678133333577	-0.9938678133333569
K08483	-0.6117811311486777	0.611781131148677
K08484	1.8862494805492007	-1.886249480549199
K08566	0.19059451872611974	-0.19059451872611963
K08591	0.05314748766455039	-0.05314748766455059
K08600	-1.666714344804699	1.666714344804698
K08602	-0.9775057843608611	0.9775057843608602
K08641	-0.9101242696986704	0.9101242696986698
K08643	0.12311454726114386	-0.12311454726114401
K08659	-0.8399082847476875	0.8399082847476868
K08675	-0.10823739663089865	0.10823739663089833
K08676	-0.7230306360092906	0.7230306360092902
K08678	1.226565617992879	-1.226565617992878
K08679	0.2929555407367387	-0.29295554073673846
K08680	0.25682246914327633	-0.2568224691432764
K08681	0.1594428048067294	-0.15944280480672954
K08682	1.3805359708010154	-1.3805359708010145
K08688	0.8495591942489865	-0.8495591942489862
K08717	-0.6201997423861128	0.6201997423861121
K08722	0.6416960124356669	-0.6416960124356667
K08723	1.5676843151323132	-1.567684315132312
K08724	0.1860426780818169	-0.186042678081817
K08744	1.8694165221212262	-1.869416522121225
K08884	-0.710235242922301	0.7102352429223002
K08961	-1.7290476298460105	1.7290476298460098
K08963	-0.7382668520903567	0.7382668520903559
K08964	1.5557488871173617	-1.5557488871173606
K08967	0.9669185360482386	-0.966918536048238
K08968	0.22912703046179447	-0.2291270304617943
K08969	-0.16855385716997512	0.168553857169975
K08970	-0.06827322663243504	0.06827322663243476
K08972	0.9283852434215037	-0.9283852434215031
K08974	-0.8383015086022141	0.8383015086022132
K08978	-0.8776166881437732	0.8776166881437726
K08981	0.0760810047536068	-0.07608100475360674
K08984	2.0574673639760257	-2.057467363976025
K08986	1.38876361039935	-1.388763610399349
K08989	0.6860204986141805	-0.6860204986141798
K08990	-0.4333720908591	0.4333720908590997
K08994	1.144310173735314	-1.1443101737353132
K08996	-0.39344289679612166	0.3934428967961214
K08997	1.9090534123388088	-1.9090534123388083
K08998	-0.5305791547582057	0.5305791547582053
K08999	-0.6177151388310488	0.6177151388310481
K09001	-1.1336272267454268	1.133627226745426
K09002	-1.2016731020710583	1.2016731020710574
K09004	-0.9878517512836933	0.9878517512836924
K09007	-0.778089491551878	0.7780894915518772
K09009	1.408021754167824	-1.4080217541678235
K09011	-0.4162148037653298	0.41621480376532954
K09013	1.6478088868500416	-1.647808886850041
K09014	-0.4210668783921699	0.4210668783921696
K09015	0.8254735790732034	-0.8254735790732031
K09016	1.9699375613391232	-1.9699375613391215
K09017	1.573104632552117	-1.5731046325521156
K09018	1.4578357977734957	-1.4578357977734946
K09019	1.038312707437014	-1.0383127074370135
K09020	-1.7234403725830623	1.7234403725830607
K09022	-1.390420389964353	1.3904203899643517
K09023	1.5300847194889888	-1.5300847194889877
K09117	1.3865312801057124	-1.3865312801057117
K09118	1.026236714360489	-1.0262367143604885
K09121	-1.968776037918338	1.9687760379183357
K09123	-1.2065211185963804	1.2065211185963793
K09124	-0.42795364757555865	0.4279536475755581
K09125	-1.4905325580070354	1.4905325580070343
K09128	-1.263649503244911	1.2636495032449102
K09131	1.082956151042022	-1.0829561510420216
K09136	-0.03656754887071907	0.03656754887071881
K09141	-1.0406046165249776	1.0406046165249767
K09144	0.8599932781880043	-0.8599932781880036
K09153	-0.0443720042786675	0.044372004278667235
K09155	-0.5185384180628254	0.5185384180628251
K09157	0.41086049281568493	-0.4108604928156849
K09158	1.7306609198789344	-1.7306609198789333
K09161	0.9071869821805235	-0.907186982180523
K09163	-0.5506784646437771	0.5506784646437766
K09181	1.5205718008225009	-1.5205718008225
K09251	0.5604536598768673	-0.5604536598768669
K09384	-1.5439149227534248	1.5439149227534237
K09456	1.181954893089496	-1.1819548930894954
K09457	-0.7861608969642642	0.7861608969642634
K09458	-1.814279831330312	1.8142798313303108
K09459	-0.5634159915302761	0.5634159915302754
K09469	-0.6413392859498325	0.6413392859498319
K09470	0.6849926744587578	-0.684992674458757
K09471	1.10247277421413	-1.1024727742141291
K09472	0.47810812760933213	-0.47810812760933175
K09473	-0.5741091670346719	0.5741091670346714
K09474	-1.008518801546772	1.0085188015467714
K09475	0.4386459164350263	-0.43864591643502576
K09476	1.8761079894835144	-1.8761079894835138
K09477	0.24251503721975776	-0.2425150372197578
K09515	-0.5367696018879201	0.5367696018879194
K09578	-0.0033305909150754182	0.0033305909150754156
K09612	1.5009872295690034	-1.5009872295690023
K09680	-0.5420540739137512	0.5420540739137508
K09684	0.7170937528217471	-0.717093752821747
K09685	0.6302924542201467	-0.630292454220146
K09688	1.675248251472855	-1.6752482514728544
K09689	-0.6320382249627762	0.6320382249627757
K09690	1.04166758426257	-1.0416675842625691
K09691	-0.877032237143539	0.8770322371435384
K09692	0.9522047157020934	-0.9522047157020924
K09693	-0.03674815650222047	0.03674815650222021
K09697	0.6275775342802659	-0.6275775342802659
K09698	-0.8861854970988123	0.8861854970988117
K09701	1.426107707302283	-1.426107707302282
K09702	-1.1951896592397808	1.1951896592397795
K09703	0.4427778308187005	-0.4427778308187004
K09704	0.6549519677897018	-0.6549519677897016
K09705	-0.817888468241159	0.8178884682411585
K09710	-0.595699072723366	0.5956990727233656
K09729	0.03170996170557375	-0.03170996170557396
K09747	-1.8084880559272083	1.8084880559272074
K09748	-1.4892870485700518	1.4892870485700507
K09749	-0.5762396333595544	0.576239633359554
K09758	-1.2327623893410513	1.2327623893410504
K09759	-0.45646654701070155	0.4564665470107013
K09760	-0.0973359902914499	0.09733599029144983
K09761	1.1873255240204736	-1.1873255240204734
K09762	-0.5756800436520353	0.575680043652035
K09765	-0.35031034532780264	0.35031034532780236
K09766	-1.5164392610589508	1.5164392610589499
K09767	1.230045720124088	-1.230045720124087
K09768	-1.3397072193015263	1.3397072193015251
K09769	0.02155310666009024	-0.021553106660090457
K09770	-1.588579345422341	1.5885793454223391
K09771	1.7056866821714876	-1.7056866821714862
K09772	-0.3595906398594833	0.35959063985948303
K09773	0.8758039146061436	-0.8758039146061429
K09774	-0.38758766698277897	0.3875876669827787
K09775	-1.2688807985444217	1.2688807985444204
K09777	-1.020632572487429	1.0206325724874281
K09778	-1.2482487458322002	1.2482487458321994
K09779	-0.18949264864958182	0.18949264864958143
K09781	0.5587487816034965	-0.5587487816034964
K09786	0.7448251332968965	-0.744825133296896
K09787	-0.8369456886405146	0.836945688640514
K09789	0.02054369451983185	-0.02054369451983183
K09790	1.6057986807585347	-1.605798680758534
K09793	-0.16921310530260975	0.16921310530260963
K09797	-0.08906018980347448	0.08906018980347442
K09798	0.8644227956806086	-0.8644227956806081
K09800	1.7213289147068191	-1.721328914706818
K09802	1.0351117494237474	-1.0351117494237467
K09803	1.2489965470660864	-1.2489965470660855
K09807	0.07443595656578228	-0.07443595656578246
K09808	-0.11714920698598304	0.11714920698598272
K09809	0.9186945996476598	-0.9186945996476595
K09810	1.2765267553842299	-1.276526755384229
K09811	-1.2129196158181754	1.2129196158181745
K09812	-0.7317483522371889	0.7317483522371885
K09814	-0.3598946539871289	0.3598946539871284
K09815	0.7606484002589181	-0.7606484002589173
K09816	-0.34699238210732153	0.3469923821073213
K09817	-1.1185830944987842	1.1185830944987831
K09819	0.7279441803432303	-0.7279441803432299
K09820	0.11398351262838731	-0.11398351262838723
K09823	0.24255412862899722	-0.2425541286289968
K09824	1.5904210773442025	-1.5904210773442014
K09825	-0.9924666256074657	0.992466625607465
K09857	1.9405977106710892	-1.9405977106710872
K09861	0.6328927599872146	-0.6328927599872144
K09880	-0.2900742601930017	0.29007426019300125
K09882	-0.04421897331373357	0.04421897331373354
K09888	-1.7132860875040217	1.7132860875040206
K09889	2.0172947202192533	-2.0172947202192524
K09891	1.515810421230316	-1.515810421230315
K09893	1.5565230512738462	-1.5565230512738455
K09894	-0.2719116846394552	0.27191168463945503
K09895	0.2647013961883704	-0.26470139618836996
K09897	0.23400297476510418	-0.23400297476510426
K09899	0.263474128045835	-0.2634741280458348
K09903	0.22796335665088438	-0.2279633566508842
K09906	0.6388044784920845	-0.638804478492084
K09907	1.0703567933818892	-1.0703567933818885
K09908	1.5299138282787679	-1.5299138282787668
K09909	0.5157313628486037	-0.5157313628486035
K09910	-0.2801523445699717	0.28015234456997123
K09911	1.2414644212089139	-1.241464421208913
K09914	0.9930996951552865	-0.9930996951552861
K09915	1.4738016007543577	-1.473801600754357
K09920	1.2326811068328427	-1.232681106832842
K09921	1.1784115985788097	-1.1784115985788088
K09922	0.16402707384200224	-0.16402707384200213
K09923	0.902732465270254	-0.9027324652702536
K09924	0.1115255548190599	-0.11152555481906007
K09925	0.5882229846817663	-0.5882229846817656
K09927	1.2340102468574652	-1.2340102468574643
K09932	0.7438231106126447	-0.7438231106126444
K09933	-0.1280746967106587	0.12807469671065838
K09934	-0.3792828455498338	0.3792828455498333
K09935	-1.912070569978392	1.9120705699783895
K09936	-0.696094883152246	0.6960948831522454
K09939	-0.9386953746449818	0.9386953746449809
K09940	0.685481714180247	-0.6854817141802463
K09945	-0.080723628567931	0.08072362856793094
K09949	1.3402971297192496	-1.3402971297192487
K09951	-0.29514729525298267	0.2951472952529825
K09952	0.3313284078377998	-0.3313284078377998
K09954	1.165555892167097	-1.1655558921670963
K09955	1.0595483808899124	-1.0595483808899115
K09958	0.9360188905362627	-0.9360188905362621
K09960	-0.7271867776037539	0.7271867776037534
K09961	1.1918107158575144	-1.191810715857514
K09962	-0.9969267335876573	0.9969267335876565
K09963	0.2678303319050143	-0.2678303319050144
K09967	-1.407639176085087	1.4076391760850862
K09968	1.0250135004565097	-1.0250135004565093
K09969	1.8791160984054414	-1.8791160984054405
K09970	0.8678922025237572	-0.8678922025237565
K09971	1.8294854627145494	-1.8294854627145485
K09972	1.1992551200564032	-1.1992551200564028
K09973	-0.10359335911075301	0.10359335911075293
K09974	0.2843944391277263	-0.28439443912772605
K09975	1.5306535398192609	-1.5306535398192598
K09979	0.8338260197327593	-0.8338260197327587
K09988	-1.42780666259199	1.427806662591989
K09996	0.003977375043830827	-0.003977375043830824
K09997	-0.49625302699309015	0.4962530269930896
K09998	1.6233345640169377	-1.6233345640169368
K09999	0.7395013823782098	-0.7395013823782095
K10000	1.740630216849221	-1.7406302168492198
K10001	1.7100193869126514	-1.7100193869126503
K10002	0.7715374402785873	-0.7715374402785864
K10003	0.7457215473759712	-0.7457215473759704
K10004	1.4207163282436213	-1.4207163282436206
K10005	0.28039280609621986	-0.28039280609621964
K10006	0.7918700502188112	-0.7918700502188109
K10007	1.1579008623497666	-1.1579008623497662
K10008	0.0577551490526629	-0.05775514905266262
K10009	-0.26509003743572607	0.2650900374357259
K10010	-0.13005036712454976	0.13005036712454968
K10011	-0.550927255014538	0.5509272550145375
K10012	1.611159753239008	-1.611159753239007
K10013	0.24222651251685157	-0.24222651251685118
K10014	0.9065498191861473	-0.9065498191861467
K10015	2.0106406838656037	-2.010640683865603
K10016	1.404548855703869	-1.4045488557038681
K10017	1.449210716909582	-1.4492107169095811
K10026	-0.2200961391789097	0.2200961391789093
K10036	1.4520204002974886	-1.4520204002974877
K10037	1.035832915600319	-1.0358329156003185
K10038	1.3598001189840812	-1.3598001189840803
K10039	0.7078406393685853	-0.707840639368585
K10040	-0.0943154686730976	0.09431546867309755
K10041	-0.8365828445981489	0.8365828445981484
K10107	0.899386168167252	-0.8993861681672514
K10108	1.5554550942619843	-1.5554550942619836
K10109	-0.054867677252853006	0.05486767725285273
K10110	1.3836356573844537	-1.3836356573844526
K10111	0.195098664611146	-0.19509866461114586
K10112	-0.1859848990871385	0.1859848990871381
K10117	0.5793980791523928	-0.5793980791523924
K10118	-1.7329952466902099	1.732995246690209
K10119	-0.22071496035103336	0.22071496035103322
K10120	0.4243510714925321	-0.4243510714925318
K10122	-1.3723244638715952	1.3723244638715943
K10124	0.4390025378853207	-0.43900253788532084
K10125	0.42406407785801464	-0.4240640778580148
K10126	1.543849684144935	-1.5438496841449343
K10188	-0.7938309266158303	0.7938309266158295
K10189	-1.1039753942182422	1.1039753942182409
K10190	-1.326984471249628	1.326984471249627
K10192	1.2610579180647814	-1.261057918064781
K10193	0.014371370024648245	-0.01437137002464847
K10194	-0.8310094465332551	0.8310094465332544
K10195	1.5746773905861855	-1.5746773905861844
K10200	-0.292449577287719	0.29244957728771875
K10201	-0.6209071879189147	0.6209071879189141
K10202	-1.3808458440929852	1.3808458440929843
K10206	-1.1841871678619575	1.1841871678619564
K10213	1.0170305259990082	-1.0170305259990076
K10231	-0.17407437518643137	0.17407437518643123
K10240	-0.2493131909751348	0.2493131909751346
K10241	0.4696548854193177	-0.4696548854193171
K10242	-1.3026551696389113	1.3026551696389104
K10254	-0.9992956199531854	0.9992956199531844
K10439	0.15619339505735774	-0.15619339505735788
K10440	-1.0863676608136514	1.0863676608136505
K10441	-1.3887936917400825	1.3887936917400812
K10536	-0.22625209966819157	0.2262520996681914
K10537	0.6864272277315838	-0.6864272277315838
K10538	0.8947521704168149	-0.894752170416814
K10539	1.249643847815217	-1.2496438478152165
K10540	-1.0652640292523985	1.0652640292523976
K10541	-1.437874226809135	1.4378742268091338
K10542	-1.017713694022448	1.0177136940224472
K10543	1.1364873476717523	-1.1364873476717514
K10544	0.607722427920828	-0.6077224279208275
K10545	1.4744342203051153	-1.4744342203051142
K10546	-1.341364340798734	1.341364340798733
K10547	0.4183319912788505	-0.4183319912788502
K10548	-1.35969092977011	1.3596909297701085
K10549	1.8716802476978343	-1.8716802476978336
K10550	0.5867240557826067	-0.5867240557826064
K10551	0.4112906953675759	-0.4112906953675754
K10555	1.0222670921965848	-1.0222670921965842
K10556	0.95656945294697	-0.9565694529469698
K10557	-1.4522650287821781	1.452265028782177
K10558	0.12853313051818271	-0.12853313051818263
K10559	0.34628763666526075	-0.34628763666526075
K10560	1.6825682638264696	-1.6825682638264685
K10561	0.7370900682077393	-0.7370900682077387
K10562	0.12424294230390395	-0.12424294230390386
K10563	-0.50253029248322	0.5025302924832197
K10670	-0.9143856883325969	0.9143856883325963
K10671	-1.8015780350491206	1.8015780350491186
K10672	-1.7350185500174438	1.735018550017442
K10673	0.3732605576172294	-0.3732605576172292
K10677	-0.8722036771108447	0.8722036771108439
K10678	1.0427649628452715	-1.042764962845271
K10679	2.079592794722173	-2.079592794722172
K10680	0.0419816146285777	-0.04198161462857766
K10708	-1.3635362036348722	1.3635362036348713
K10709	0.353863279375182	-0.353863279375182
K10710	-0.18992717241969276	0.1899271724196924
K10711	-0.5753827367131656	0.5753827367131652
K10716	0.5659994507370725	-0.5659994507370724
K10747	-0.2142312240313408	0.21423122403134062
K10748	1.7754838142858103	-1.7754838142858094
K10763	0.566557873393343	-0.5665578733933425
K10773	0.9847087717728185	-0.984708771772818
K10778	0.7557730085895024	-0.7557730085895018
K10793	0.5641837475375812	-0.5641837475375809
K10794	-0.27143741402579175	0.2714374140257913
K10795	-0.26875216568858573	0.2687521656885853
K10796	-1.4205313074465284	1.4205313074465273
K10797	-0.19047157066411158	0.19047157066411144
K10800	0.6770055368053688	-0.6770055368053688
K10804	1.4692743162890423	-1.4692743162890416
K10805	0.158462324407075	-0.1584623244070751
K10806	1.4812321796576178	-1.4812321796576167
K10819	-0.30178302667189216	0.30178302667189194
K10823	-1.0196781380251474	1.0196781380251467
K10824	0.5902152136861447	-0.5902152136861446
K10826	1.6767933311911007	-1.6767933311910996
K10831	1.9367916959369957	-1.936791695936995
K10834	0.28043492368156386	-0.2804349236815637
K10857	0.988815816946867	-0.9888158169468666
K10906	1.5462714208939738	-1.5462714208939732
K10907	0.39804715061570395	-0.3980471506157039
K10914	0.825792538347369	-0.8257925383473687
K10939	0.5902770117351721	-0.5902770117351719
K10947	-1.788599522174612	1.7885995221746098
K10972	1.8776839706603647	-1.8776839706603639
K10973	0.001785285988274833	-0.0017852859882748317
K10974	0.24788305804371558	-0.24788305804371566
K10975	1.2622202832275795	-1.2622202832275786
K10979	1.42811109082828	-1.4281110908282793
K10984	0.6754455894875289	-0.6754455894875284
K10985	-0.4209050643297597	0.42090506432975916
K10986	-0.22105780138522346	0.22105780138522332
K11003	0.9752022825101758	-0.9752022825101756
K11004	0.1623413390327814	-0.16234133903278172
K11005	0.34510974079014295	-0.34510974079014245
K11008	0.20127747883093866	-0.201277478830939
K11031	-1.4004762810977616	1.4004762810977607
K11041	-0.2847152623044973	0.28471526230449684
K11050	-0.8915542384344713	0.8915542384344705
K11051	-0.929577499580995	0.9295774995809941
K11065	0.4932246138200282	-0.4932246138200281
K11066	1.124347923362745	-1.124347923362744
K11068	0.8865555345771962	-0.8865555345771957
K11069	-1.3582658281453477	1.3582658281453466
K11070	-1.2065294300918208	1.20652943009182
K11071	0.30546232508481735	-0.30546232508481735
K11072	-1.626381602790633	1.6263816027906315
K11073	-0.2748018380484483	0.27480183804844815
K11074	1.272974315120698	-1.272974315120697
K11075	1.9271025810902713	-1.92710258109027
K11076	0.7443587148469982	-0.7443587148469982
K11081	1.5683107805572607	-1.56831078055726
K11082	1.1685950169667394	-1.1685950169667387
K11083	1.5751841182642414	-1.5751841182642403
K11084	0.12977133272196176	-0.1297713327219619
K11085	0.1863277134327658	-0.1863277134327659
K11102	0.6616719890187718	-0.6616719890187713
K11103	0.44583650086899185	-0.4458365008689918
K11104	-1.5023172869989525	1.5023172869989514
K11105	-0.5073540946052729	0.5073540946052726
K11106	2.0044190058103233	-2.004419005810322
K11139	0.7023212714713188	-0.7023212714713186
K11144	1.4456026364747814	-1.445602636474781
K11145	-1.3271707707537175	1.3271707707537166
K11175	-0.7793010430018436	0.7793010430018428
K11177	-0.9811209851174381	0.9811209851174372
K11178	0.7470854360586845	-0.7470854360586843
K11183	1.0668012011281005	-1.0668012011281
K11184	-1.365731788904114	1.365731788904113
K11189	0.2984041661890599	-0.29840416618905996
K11191	2.119038657250771	-2.11903865725077
K11192	1.0121831841613194	-1.012183184161319
K11201	1.5647329476866314	-1.5647329476866307
K11202	0.4410534075991505	-0.44105340759915046
K11203	1.6455837927411356	-1.6455837927411345
K11206	0.03476710484271046	-0.034767104842710665
K11208	0.980334863946904	-0.9803348639469035
K11209	0.3484243145852873	-0.34842431458528705
K11216	0.1708655205632482	-0.17086552056324805
K11249	1.2220767770705645	-1.2220767770705636
K11250	1.673615463468747	-1.6736154634687463
K11263	0.5311793287715768	-0.5311793287715765
K11264	0.6421432060494885	-0.642143206049488
K11332	-0.297205249213934	0.29720524921393354
K11358	-1.0728930794907434	1.0728930794907425
K11381	-1.2450174088927135	1.2450174088927124
K11382	1.6133018276056303	-1.6133018276056292
K11391	1.3575491142364149	-1.3575491142364142
K11392	-0.48503822980974565	0.48503822980974504
K11472	1.8222156604097148	-1.8222156604097144
K11473	0.8798551624043244	-0.8798551624043237
K11474	0.3938264286099134	-0.39382642860991335
K11517	-0.42005488562902527	0.4200548856290247
K11527	0.6654554996013522	-0.6654554996013522
K11529	-0.3576555659668524	0.3576555659668519
K11531	0.9359366509791807	-0.9359366509791802
K11533	-0.9979362133383246	0.9979362133383238
K11534	-0.838702516393769	0.8387025163937685
K11535	0.8153454754524162	-0.8153454754524153
K11537	0.34798083668206276	-0.3479808366820623
K11604	1.8340434870509617	-1.834043487050961
K11605	1.881766184545663	-1.8817661845456617
K11606	1.330471042147673	-1.3304710421476726
K11607	1.6673629219559907	-1.6673629219559898
K11617	1.0267668236542828	-1.026766823654282
K11618	1.5680165496482132	-1.5680165496482128
K11636	0.693733670530609	-0.6937336705306087
K11645	1.8772857989628586	-1.8772857989628573
K11685	0.4016988162364527	-0.40169881623645265
K11690	-0.9227367762678524	0.9227367762678516
K11707	0.5902989999572995	-0.5902989999572994
K11708	-0.46132974169120705	0.4613297416912065
K11709	1.1696616784854776	-1.169661678485477
K11710	0.2366306942306481	-0.23663069423064767
K11717	0.6247568798480967	-0.6247568798480967
K11719	0.823795733553427	-0.8237957335534268
K11720	0.7349956122674087	-0.7349956122674083
K11732	0.505069455819617	-0.5050694558196167
K11733	0.05446717139167802	-0.05446717139167822
K11734	1.519313767048462	-1.5193137670484613
K11735	-0.3165368011600323	0.3165368011600321
K11736	1.669839809708385	-1.6698398097083837
K11737	-0.10700523549435434	0.10700523549435402
K11738	-0.5074258866385091	0.5074258866385084
K11739	1.4479310505046972	-1.447931050504696
K11740	1.4956100294295265	-1.4956100294295254
K11741	-1.4793927637707927	1.4793927637707913
K11744	-0.3723988048784089	0.3723988048784084
K11745	0.5476497546992383	-0.5476497546992378
K11746	1.3310103640473616	-1.3310103640473607
K11747	0.6816877895641236	-0.6816877895641231
K11748	0.8622220568184311	-0.862222056818431
K11749	0.2713113227406282	-0.271311322740628
K11750	1.5139829744746203	-1.513982974474619
K11751	-0.04066794042211486	0.04066794042211483
K11752	-0.33529795411134394	0.3352979541113437
K11753	-0.28733532574451986	0.2873353257445195
K11754	-0.5734170809347579	0.5734170809347575
K11755	0.3962110695751565	-0.3962110695751567
K11778	-1.3054980280760546	1.3054980280760538
K11811	0.3760673460436896	-0.3760673460436896
K11891	1.88241046130998	-1.882410461309979
K11892	1.600959153643325	-1.600959153643324
K11893	-1.2196753867689738	1.2196753867689727
K11894	1.0365808333703013	-1.0365808333703004
K11895	2.0392072564704997	-2.0392072564704984
K11896	0.17303343214093816	-0.17303343214093828
K11900	1.5153742061983444	-1.5153742061983437
K11901	1.1550718751240607	-1.1550718751240605
K11903	1.686740520012685	-1.6867405200126844
K11904	0.9240352138304178	-0.9240352138304174
K11905	0.05501490361458577	-0.05501490361458597
K11906	0.7394699716737898	-0.7394699716737896
K11907	1.2201280960390273	-1.2201280960390268
K11910	-1.1565338789739898	1.1565338789739892
K11911	0.8837681295493928	-0.8837681295493919
K11920	0.026214559573286958	-0.02621455957328694
K11921	1.6028719615624714	-1.6028719615624702
K11924	0.2887032380149119	-0.28870323801491166
K11925	1.5793218703898553	-1.5793218703898544
K11927	1.0011838200620897	-1.001183820062089
K11928	-0.31124300126462956	0.31124300126462934
K11929	1.0542019634590485	-1.0542019634590478
K11930	1.3577310955018966	-1.3577310955018962
K11931	0.856043284078958	-0.8560432840789574
K11932	0.10200630239240248	-0.10200630239240265
K11933	0.12978197590214924	-0.1297819759021489
K11934	-1.0272125589924355	1.0272125589924346
K11935	1.6308120835613134	-1.6308120835613122
K11936	0.42987587876020733	-0.42987587876020705
K11938	1.6019681001249868	-1.6019681001249857
K11939	-0.09807497428691911	0.0980749742869188
K11941	1.5168319824597745	-1.5168319824597736
K11959	0.7231603163248848	-0.7231603163248845
K11960	-0.8559489249022685	0.8559489249022676
K11961	1.1513958466656684	-1.1513958466656677
K11962	0.9352418836757488	-0.9352418836757481
K11963	1.118919806962031	-1.1189198069620299
K11991	0.5237021828346262	-0.5237021828346261
K11996	-1.0666240275330152	1.0666240275330146
K12056	1.4425954124485592	-1.442595412448558
K12057	-1.088438384597084	1.0884383845970833
K12058	1.0326189765342408	-1.0326189765342404
K12059	-0.10508559433174167	0.10508559433174136
K12060	-0.5787536966725076	0.5787536966725072
K12061	1.4729459145971382	-1.4729459145971375
K12062	0.8949671986869621	-0.8949671986869614
K12063	1.432801652780349	-1.4328016527803484
K12064	1.7352165444212322	-1.735216544421231
K12065	0.3890099428804426	-0.3890099428804421
K12066	0.4813239063217343	-0.48132390632173416
K12067	-0.11339129874833195	0.11339129874833188
K12068	1.9667600388445146	-1.9667600388445141
K12070	0.5326808540621626	-0.532680854062162
K12072	0.6675232692480485	-0.667523269248048
K12111	-0.13197257436430207	0.131972574364302
K12112	0.5056323134955822	-0.5056323134955819
K12113	1.470915228159991	-1.4709152281599904
K12132	-1.3915677338237102	1.391567733823709
K12136	1.2891469816411012	-1.2891469816411003
K12137	0.7727028862712845	-0.7727028862712843
K12138	-0.6009843138882185	0.600984313888218
K12139	0.3188919067367758	-0.3188919067367756
K12140	-0.3777770283954633	0.377777028395463
K12141	0.00396734826377015	-0.003967348263770383
K12142	1.2626723500672863	-1.2626723500672852
K12143	-1.1915137439226953	1.1915137439226944
K12146	-0.10693623090218568	0.10693623090218536
K12147	1.0487743731186885	-1.0487743731186874
K12149	1.0651991709717576	-1.065199170971757
K12151	1.788862408537447	-1.7888624085374458
K12203	0.6190733997947551	-0.6190733997947548
K12204	0.5786848056831015	-0.5786848056831009
K12206	0.18813282911227203	-0.1881328291122719
K12209	1.4236631724683373	-1.4236631724683362
K12211	1.0894071048362748	-1.0894071048362743
K12213	0.008860810875547291	-0.00886081087554752
K12214	-0.9967433704246893	0.9967433704246884
K12217	0.09619255306356841	-0.09619255306356835
K12218	1.0757289422865148	-1.0757289422865142
K12228	0.9446316986212534	-0.9446316986212531
K12240	-0.4560911418754604	0.45609114187546007
K12251	0.9793586468598537	-0.979358646859853
K12255	0.9283694380651379	-0.9283694380651373
K12257	-0.7442056956148658	0.744205695614865
K12262	1.4687372297045727	-1.4687372297045715
K12264	0.9525212429615426	-0.952521242961542
K12265	1.205809936481751	-1.20580993648175
K12266	1.5063868819684592	-1.506386881968458
K12267	0.7871449887937356	-0.7871449887937348
K12268	0.6500982806602086	-0.6500982806602084
K12269	0.9184998765722177	-0.9184998765722168
K12288	0.8974526906032769	-0.897452690603276
K12289	0.7618414966366179	-0.7618414966366176
K12290	1.7391993831269923	-1.7391993831269912
K12292	1.1374453228497394	-1.1374453228497388
K12296	0.087362766200945	-0.08736276620094495
K12297	0.9378145115595508	-0.9378145115595503
K12299	1.3996749344427024	-1.3996749344427013
K12308	1.3511062150086928	-1.351106215008692
K12339	1.6730268113170401	-1.6730268113170392
K12340	0.8795534851305318	-0.8795534851305312
K12343	-0.7835802758518299	0.7835802758518291
K12368	1.505808813176414	-1.5058088131764131
K12369	-0.22132818882690647	0.22132818882690633
K12370	1.6792779206497703	-1.679277920649769
K12371	0.1795670300136817	-0.17956703001368135
K12372	0.48589504252396526	-0.48589504252396515
K12373	0.41450638774082543	-0.4145063877408251
K12410	-0.02786434193446345	0.02786434193446343
K12452	-1.0365335564440785	1.0365335564440776
K12454	0.0580768259236697	-0.058076825923669896
K12472	0.3921087830103598	-0.3921087830103595
K12506	0.30684055285027856	-0.3068405528502781
K12507	0.23997119377488238	-0.23997119377488244
K12510	0.22046702538598725	-0.2204670253859871
K12511	-1.3218483515913617	1.3218483515913608
K12516	1.896155537694279	-1.8961555376942778
K12518	1.3668169083136819	-1.366816908313681
K12519	1.3177223708776937	-1.3177223708776928
K12522	1.3435459368818172	-1.3435459368818161
K12524	-0.41345936289756047	0.41345936289755997
K12525	0.8279426947001944	-0.827942694700194
K12527	0.2473331628675422	-0.2473331628675425
K12528	0.043200205530017306	-0.04320020553001728
K12529	1.834173591528482	-1.834173591528481
K12541	0.7997992945945867	-0.7997992945945863
K12542	-0.9087113012065161	0.9087113012065154
K12543	0.31892440843332825	-0.31892440843332803
K12554	0.5507409809484961	-0.5507409809484962
K12555	-0.04951258693505202	0.049512586935051985
K12556	-0.30237557886979066	0.30237557886979044
K12573	-1.255741319679762	1.255741319679761
K12574	-1.3151630356680037	1.3151630356680029
K12582	1.6474206499724173	-1.6474206499724162
K12660	0.9990351380117987	-0.999035138011798
K12661	1.965775905542128	-1.9657759055421262
K12678	1.2252428872852785	-1.225242887285278
K12684	1.207073013935128	-1.2070730139351273
K12685	-0.9152394493026175	0.9152394493026166
K12687	0.37787570832758527	-0.37787570832758505
K12700	0.9218049854853193	-0.9218049854853189
K12733	-1.5424866066725516	1.5424866066725502
K12823	-1.0825781323289816	1.082578132328981
K12940	-0.07519344329185565	0.07519344329185536
K12941	-0.4792988210911995	0.4792988210911989
K12942	0.7980204768901304	-0.7980204768901299
K12943	0.5356141263992357	-0.5356141263992356
K12944	1.7984134086699812	-1.7984134086699795
K12945	1.81742361148427	-1.817423611484269
K12952	1.07167161808987	-1.0716716180898695
K12957	0.4339226252972395	-0.4339226252972394
K12960	-0.9325893708373323	0.9325893708373314
K12961	1.5558613072939007	-1.5558613072938996
K12962	1.3066778439620916	-1.3066778439620912
K12963	1.4641565102463174	-1.4641565102463165
K12972	1.5118396345663496	-1.5118396345663483
K12973	1.5196530361609282	-1.519653036160927
K12974	0.40285701637565363	-0.40285701637565335
K12975	1.474695553629338	-1.4746955536293371
K12979	1.4070392878373292	-1.4070392878373288
K12981	1.5199260072870797	-1.5199260072870786
K12983	0.8131553983426907	-0.8131553983426903
K12984	-0.39605437937825244	0.39605437937825216
K12985	1.4501537856326792	-1.450153785632678
K12990	-1.4168122203775284	1.4168122203775275
K12992	0.18714384417164084	-0.1871438441716407
K12994	1.512322504382412	-1.5123225043824111
K12995	0.051469587171025254	-0.051469587171025455
K12996	-1.2310295055842042	1.231029505584203
K12997	-1.183766741825167	1.1837667418251656
K12999	-0.40479368565123275	0.40479368565123247
K13002	-0.15167629671736702	0.1516762967173669
K13004	-0.08465664560093805	0.08465664560093798
K13012	-1.5895332844100005	1.5895332844099992
K13014	0.832008667032977	-0.8320086670329766
K13015	-0.3542583447746272	0.3542583447746267
K13018	-0.07244655019913565	0.07244655019913536
K13019	0.3775440550612527	-0.37754405506125294
K13038	0.2216285383733903	-0.22162853837339014
K13043	-1.1990130212889887	1.1990130212889878
K13051	0.527926092114796	-0.5279260921147955
K13052	-1.6270539614833341	1.6270539614833328
K13053	1.3667241101050092	-1.3667241101050087
K13059	0.777041439529814	-0.7770414395298134
K13063	0.7738041493874812	-0.7738041493874809
K13069	0.6246592207671107	-0.6246592207671104
K13075	-0.8517862023559392	0.8517862023559385
K13243	1.2773069282361025	-1.277306928236102
K13244	1.312586182623361	-1.31258618262336
K13252	2.0187533416837864	-2.0187533416837846
K13255	1.3169613500216868	-1.3169613500216857
K13256	1.1126308979267985	-1.1126308979267983
K13280	-0.35259120660992405	0.3525912066099238
K13283	1.5543452462110738	-1.5543452462110734
K13285	-1.0934337072620446	1.0934337072620437
K13287	0.1797539158635709	-0.17975391586357078
K13288	0.9448160543976128	-0.9448160543976122
K13292	0.2949648737264202	-0.29496487372642
K13378	-0.46523937165524537	0.4652393716552448
K13381	0.9370403216090752	-0.9370403216090746
K13403	-0.7985872331370939	0.7985872331370931
K13408	1.085311450003181	-1.0853114500031806
K13409	0.9165936676429028	-0.9165936676429022
K13479	1.1671532904651967	-1.1671532904651962
K13491	-0.6075890310522324	0.6075890310522317
K13497	1.0831232203706775	-1.0831232203706769
K13498	1.8246389347645449	-1.824638934764544
K13525	1.2493444846880057	-1.249344484688005
K13527	0.1760884004874391	-0.17608840048743946
K13529	0.6638177734779991	-0.6638177734779988
K13542	-0.4398988082806645	0.4398988082806642
K13566	1.029641007928457	-1.0296410079284566
K13570	0.9345804310861311	-0.9345804310861304
K13571	0.5953426433709691	-0.5953426433709688
K13574	1.3383455900704668	-1.338345590070466
K13607	-0.7295717817997818	0.7295717817997812
K13620	1.2474697614822734	-1.2474697614822725
K13626	-0.7339219802436221	0.7339219802436215
K13629	1.0666885444786511	-1.0666885444786502
K13631	1.9116090957220349	-1.911609095722034
K13632	1.3133833568798645	-1.3133833568798636
K13633	1.394255009587968	-1.3942550095879669
K13634	1.9279838825289384	-1.9279838825289375
K13635	1.7274202327686794	-1.7274202327686783
K13636	1.9353596145516654	-1.9353596145516645
K13637	0.8287317597159289	-0.8287317597159288
K13638	1.669972879710189	-1.669972879710188
K13639	-0.7776264577999787	0.7776264577999782
K13640	-0.07899009741436515	0.07899009741436486
K13641	1.5657303416081698	-1.5657303416081687
K13643	0.713281900930524	-0.713281900930524
K13652	1.1378908426658485	-1.1378908426658476
K13653	-0.09626724295135834	0.09626724295135804
K13663	-0.7772632592749233	0.7772632592749228
K13668	-1.2278519679192668	1.2278519679192654
K13677	-0.07067080530484257	0.07067080530484228
K13678	-0.7918615609777478	0.7918615609777471
K13684	1.950922482264528	-1.9509224822645268
K13694	-0.14204435374690233	0.14204435374690225
K13695	1.7569141882579493	-1.7569141882579482
K13727	-0.9315488960277142	0.9315488960277135
K13732	-0.20351300874955	0.20351300874954986
K13735	0.9998255322245884	-0.9998255322245879
K13745	1.3898415695826258	-1.389841569582625
K13747	-1.4317730734843976	1.4317730734843965
K13771	1.001688600487542	-1.0016886004875412
K13787	-0.5679647290558706	0.5679647290558699
K13788	-0.7426023203841923	0.7426023203841915
K13789	0.30997558996240915	-0.3099755899624087
K13794	1.1923073396172559	-1.192307339617255
K13795	1.4472888118125724	-1.447288811812572
K13796	0.8389371372164485	-0.8389371372164481
K13818	-0.7873025390376877	0.7873025390376871
K13821	0.3051412139161799	-0.30514121391617965
K13829	0.1809880385943558	-0.1809880385943557
K13853	-0.9403661659425665	0.9403661659425658
K13874	0.5249876441293191	-0.5249876441293186
K13888	2.0313712913298683	-2.0313712913298665
K13889	0.06708131837027032	-0.06708131837027026
K13890	0.8536167686746982	-0.8536167686746977
K13891	1.3310278272941287	-1.3310278272941274
K13892	1.7465829197881042	-1.746582919788103
K13893	1.0150601089615272	-1.0150601089615263
K13894	0.6813102781443025	-0.681310278144302
K13895	0.4504218075320464	-0.4504218075320466
K13896	0.8634137390159146	-0.8634137390159142
K13918	1.325942113861005	-1.3259421138610046
K13919	-0.3094831428734094	0.30948314287340895
K13920	0.7182787732748929	-0.7182787732748923
K13921	0.4009596528797618	-0.40095965287976204
K13922	1.561684637209845	-1.5616846372098439
K13923	1.2717664737921504	-1.2717664737921495
K13926	0.22631655453799243	-0.22631655453799226
K13927	-0.27595198397099746	0.275951983970997
K13928	1.8641935961360265	-1.8641935961360252
K13929	-1.71479531476167	1.7147953147616686
K13930	0.2141712862592004	-0.2141712862592007
K13932	-0.3641463575982232	0.3641463575982227
K13933	1.0503805667260715	-1.0503805667260708
K13934	0.3100371961474121	-0.3100371961474119
K13935	0.9526294360729465	-0.9526294360729456
K13936	1.7526791949047733	-1.7526791949047724
K13938	1.488123774257686	-1.4881237742576847
K13940	0.30273310237669476	-0.30273310237669454
K13953	0.5415739152024369	-0.5415739152024368
K13954	-1.9420323183062698	1.942032318306268
K13963	0.9016475179138669	-0.9016475179138665
K13979	0.9440791735612425	-0.9440791735612415
K13990	-1.3244888865174034	1.3244888865174025
K13993	0.10752398889724943	-0.10752398889724912
K14048	-0.10846932609755762	0.10846932609755755
K14051	1.27601788036335	-1.276017880363349
K14052	1.7481959080556528	-1.7481959080556515
K14053	1.3028107244283862	-1.302810724428385
K14054	0.8362263480372111	-0.8362263480372107
K14055	-0.056620915652970866	0.056620915652970824
K14056	0.9043199594262016	-0.9043199594262009
K14057	1.5253231296274832	-1.5253231296274825
K14058	0.4804498808539746	-0.4804498808539742
K14059	1.752325550891671	-1.7523255508916695
K14061	0.8269428097189458	-0.8269428097189457
K14062	0.8733014359888766	-0.8733014359888758
K14063	0.5631093456677986	-0.5631093456677981
K14065	2.0399927332800973	-2.039992733280096
K14083	-1.509699529114152	1.5096995291141508
K14087	-0.6159812562670618	0.6159812562670614
K14090	0.20985978143457054	-0.20985978143457015
K14127	-1.6190104116863893	1.6190104116863877
K14138	-0.8122366777973343	0.8122366777973338
K14153	-0.5857004513720308	0.5857004513720303
K14155	0.7045240105717107	-0.70452401057171
K14170	-0.6869454007613455	0.6869454007613447
K14187	1.5887092297989436	-1.5887092297989425
K14188	0.3059258048449501	-0.3059258048449501
K14205	0.3537838441483192	-0.35378384414831915
K14260	1.0771227352959742	-1.0771227352959738
K14261	0.9258779642543172	-0.9258779642543168
K14274	0.6947348966241086	-0.6947348966241078
K14287	0.7705957493061958	-0.7705957493061955
K14333	1.2679101245610445	-1.267910124561044
K14347	-0.0639211917575513	0.06392119175755126
K14348	0.6782785008366884	-0.6782785008366884
K14379	-0.8071525617003035	0.8071525617003029
K14392	1.0643771506472994	-1.0643771506472988
K14393	0.8592695801808897	-0.8592695801808896
K14394	-0.7907429208037063	0.7907429208037058
K14414	1.0522397069318337	-1.0522397069318332
K14415	1.3927688428021783	-1.3927688428021774
K14441	-1.5020903215886754	1.5020903215886743
K14445	1.5308039233756754	-1.5308039233756747
K14534	0.774998538829992	-0.7749985388299917
K14540	-1.643807248002476	1.6438072480024748
K14587	1.8005168976113701	-1.8005168976113692
K14588	1.3119110521191	-1.311911052119099
K14591	-0.07242381701444205	0.07242381701444175
K14623	-0.016202715112482387	0.016202715112482377
K14652	-1.506078823288724	1.506078823288723
K14654	-1.380786469940813	1.380786469940812
K14665	1.6991597784362231	-1.699159778436222
K14682	-0.6035217607697221	0.6035217607697214
K14731	0.644767746545718	-0.6447677465457176
K14742	-1.379904895987031	1.37990489598703
K14744	1.0347401914062686	-1.0347401914062675
K14761	-1.2497841830214644	1.249784183021463
K14762	1.9183585586607566	-1.9183585586607557
K14977	0.24096975446575328	-0.2409697544657531
K14982	0.9087907537137289	-0.908790753713728
K15023	-0.7533391991525177	0.7533391991525171
K15024	-1.5389513342799537	1.5389513342799523
K15034	0.3078692953227246	-0.3078692953227244
K15051	0.09181908165621688	-0.09181908165621705
K15054	0.5797391290164835	-0.5797391290164828
K15125	0.3503560146287918	-0.3503560146287915
K15212	-1.0619533182836367	1.0619533182836358
K15255	0.11340060695422237	-0.11340060695422229
K15256	1.8726534225195146	-1.8726534225195133
K15257	0.27660527673887925	-0.27660527673887886
K15268	1.7909445591005064	-1.7909445591005058
K15269	-0.2548078655984939	0.2548078655984937
K15303	0.4283161828378482	-0.4283161828378477
K15342	-1.3055987612857785	1.3055987612857771
K15372	-1.1883802642279366	1.1883802642279357
K15373	1.0422236274974614	-1.042223627497461
K15396	1.1838984523598797	-1.1838984523598794
K15460	-1.5918371805206168	1.5918371805206155
K15461	1.2732552423520906	-1.2732552423520898
K15505	-0.0462457627006313	0.04624576270063103
K15524	1.30955018281256	-1.309550182812559
K15531	-0.15886887238211436	0.15886887238211403
K15532	-1.582986152097578	1.5829861520975768
K15533	0.17521427920062	-0.17521427920062013
K15534	-1.3255041914766377	1.3255041914766368
K15536	1.4399949178898541	-1.439994917889853
K15539	1.48586100968833	-1.4858610096883293
K15540	1.836268766086651	-1.8362687660866501
K15545	1.564802199601066	-1.564802199601065
K15547	1.628228360201885	-1.6282283602018837
K15548	1.692284049456828	-1.6922840494568268
K15549	0.5757090102578802	-0.5757090102578801
K15550	0.4034377254349525	-0.40343772543495243
K15551	1.2854507798486425	-1.2854507798486416
K15552	0.8504899760499753	-0.850489976049975
K15553	-0.4551656358907764	0.45516563589077585
K15554	0.9801829450649197	-0.9801829450649194
K15555	-0.12836075755088794	0.12836075755088786
K15576	1.348623483657985	-1.348623483657984
K15577	-0.05564137930368438	0.0556413793036841
K15578	0.002697836696298094	-0.0026978366962983284
K15580	-0.6393073963125973	0.6393073963125968
K15581	0.7427255057114566	-0.742725505711456
K15582	-0.31796804600067785	0.31796804600067763
K15583	-0.1149501204648925	0.11495012046489242
K15584	1.4836719331982218	-1.4836719331982207
K15585	1.1458470641134044	-1.1458470641134035
K15586	0.9121284990049028	-0.9121284990049021
K15587	0.8270510919620804	-0.8270510919620799
K15598	1.5258392770113949	-1.525839277011394
K15599	-0.3409009792367894	0.34090097923678914
K15600	-0.6501530981460337	0.6501530981460331
K15633	-1.4690591681359533	1.4690591681359522
K15634	0.7043582141761148	-0.7043582141761148
K15635	-0.46270251624206976	0.46270251624206915
K15640	-1.0472629655083732	1.0472629655083723
K15669	-0.7914478554651269	0.7914478554651261
K15711	-0.35311510357935244	0.3531151035793522
K15721	1.2172911271396711	-1.2172911271396707
K15723	1.9555190558102824	-1.9555190558102815
K15724	0.9868504668010822	-0.9868504668010815
K15725	-0.9493701335969553	0.9493701335969544
K15726	0.6567175172341916	-0.6567175172341911
K15727	-1.3681434136538593	1.3681434136538584
K15735	1.9992115165182267	-1.9992115165182254
K15736	0.6581222208480372	-0.658122220848037
K15737	1.7341655290631088	-1.7341655290631082
K15738	-0.22092022903763833	0.22092022903763794
K15739	-1.3460018486289682	1.346001848628967
K15770	-0.9656127691098851	0.9656127691098845
K15771	0.383108095354636	-0.3831080953546358
K15772	-0.3689985205928996	0.36899852059289934
K15773	-0.7375785508185048	0.737578550818504
K15777	1.8597952776435063	-1.8597952776435043
K15827	1.1848030636021987	-1.184803063602198
K15828	2.0128399155943666	-2.012839915594366
K15829	1.071014546762706	-1.0710145467627055
K15830	0.9281408314282542	-0.9281408314282535
K15831	1.4640374011397532	-1.4640374011397528
K15832	1.4185498843307491	-1.4185498843307482
K15833	0.6888756107686203	-0.6888756107686198
K15834	1.575635677604547	-1.575635677604546
K15835	0.42491784134113214	-0.4249178413411316
K15836	-0.12415162099921027	0.12415162099921019
K15866	1.0455909855329466	-1.0455909855329457
K15876	1.4221101424489153	-1.4221101424489142
K15894	-1.6637213525190047	1.6637213525190035
K15898	-1.5614947195580806	1.561494719558079
K15915	-1.6697796387798292	1.6697796387798285
K15921	-1.4883157132804212	1.48831571328042
K15922	-0.6276397671928294	0.6276397671928288
K15923	-0.8088856793515257	0.8088856793515251
K15924	-0.6126222524914013	0.6126222524914007
K15974	0.2099192418525577	-0.2099192418525573
K15975	1.2301545606263389	-1.230154560626338
K15977	0.9685584137899771	-0.9685584137899769
K15984	-1.5077760926862438	1.5077760926862422
K15986	-1.4275777372986	1.427577737298599
K15987	-0.10084392318051989	0.10084392318051982
K16012	1.3005264682788715	-1.3005264682788706
K16013	1.6507516645211	-1.6507516645210991
K16014	-1.2167639012031382	1.2167639012031373
K16044	1.8329231094388612	-1.8329231094388603
K16052	0.8538259735150656	-0.8538259735150653
K16053	1.6023531945272627	-1.6023531945272615
K16055	-1.033443391805274	1.033443391805273
K16066	1.9641550487745842	-1.9641550487745834
K16074	1.7047916540665287	-1.7047916540665276
K16076	0.8207270953027918	-0.8207270953027912
K16077	0.48985730587386905	-0.48985730587386844
K16087	1.668917414885824	-1.668917414885823
K16088	1.2353718300109717	-1.2353718300109708
K16089	1.6939946180404752	-1.6939946180404744
K16090	0.810847952178022	-0.8108479521780214
K16091	0.5749915743198186	-0.5749915743198184
K16092	1.996678662321297	-1.9966786623212962
K16135	1.0189838959899131	-1.0189838959899127
K16136	1.4037435474475464	-1.4037435474475455
K16137	1.6470008944842522	-1.6470008944842516
K16139	1.5690724207656639	-1.5690724207656628
K16140	1.0353495688562169	-1.0353495688562158
K16147	0.7891179477967193	-0.789117947796719
K16148	-0.1387798261821829	0.13877982618218257
K16165	-0.5783543782745358	0.5783543782745354
K16169	-1.11692786547041	1.116927865470409
K16203	-0.889228958168738	0.8892289581687374
K16209	-1.3386116977158444	1.3386116977158433
K16210	1.2220542654666873	-1.2220542654666864
K16211	-0.33604719829271845	0.33604719829271823
K16212	-1.591416975763337	1.5914169757633359
K16213	-0.4003181875344295	0.400318187534429
K16234	0.5263141248779172	-0.5263141248779168
K16235	1.3719551899711073	-1.3719551899711062
K16238	-1.1365640597912696	1.1365640597912683
K16248	1.75538463733686	-1.7553846373368593
K16263	1.2218513071091321	-1.2218513071091313
K16264	0.9858366739116968	-0.9858366739116964
K16291	1.9515493008437053	-1.9515493008437037
K16301	1.4230543619518548	-1.4230543619518536
K16321	1.4346314226203396	-1.434631422620339
K16322	0.031361514193577134	-0.03136151419357735
K16323	-1.5559362182511092	1.555936218251108
K16324	0.7138377163714807	-0.7138377163714805
K16326	0.6522475760354511	-0.6522475760354507
K16328	0.9119971799139408	-0.9119971799139404
K16329	-1.157131214520419	1.157131214520418
K16345	0.003008589408745506	-0.0030085894087457403
K16346	0.12224703892833357	-0.12224703892833348
K16363	-0.8571747645123794	0.8571747645123787
K16370	1.4191797498708971	-1.4191797498708962
K16371	0.7316934781376686	-0.7316934781376685
K16435	-0.06949416581417149	0.06949416581417121
K16509	-0.7593242445018683	0.7593242445018678
K16511	1.1713249237957613	-1.1713249237957604
K16515	0.08890467821173716	-0.08890467821173709
K16516	1.490559577419854	-1.4905595774198528
K16554	-1.495397793514326	1.4953977935143248
K16650	-1.4205899580848413	1.4205899580848402
K16651	-0.3547996521805738	0.3547996521805733
K16692	1.3730367644262096	-1.373036764426209
K16693	0.9401183781322136	-0.9401183781322131
K16695	0.39898714307218625	-0.3989871430721864
K16698	-1.3863446978276535	1.3863446978276524
K16704	0.8696087737874252	-0.8696087737874245
K16711	0.570849121402664	-0.5708491214026633
K16783	-0.04877833053913252	0.04877833053913248
K16784	1.456526865719467	-1.4565268657194659
K16785	1.0204377283744683	-1.0204377283744674
K16786	-0.45489641651600515	0.4548964165160046
K16787	0.11209470150297801	-0.1120947015029784
K16788	0.690187393466274	-0.690187393466274
K16789	-1.5970547256906615	1.5970547256906602
K16839	1.8715721752244348	-1.8715721752244334
K16840	0.7213317324508366	-0.721331732450836
K16841	1.1381070565165647	-1.1381070565165639
K16842	0.0910129253586326	-0.091012925358633
K16850	0.25296162821738905	-0.25296162821738866
K16868	1.6240497264494325	-1.6240497264494314
K16898	1.0215921138629478	-1.0215921138629473
K16899	-1.405633379976317	1.4056333799763159
K16905	-0.6370647894849292	0.6370647894849285
K16906	-1.0246051675240069	1.024605167524006
K16907	0.7440065865162303	-0.7440065865162301
K16923	-0.16298755596540326	0.1629875559654029
K16924	-0.2680771711699516	0.2680771711699512
K16925	0.6465742188229784	-0.6465742188229779
K16926	-0.28594732818986657	0.2859473281898664
K16927	-1.2729998930742614	1.2729998930742603
K16936	-0.07601139095184256	0.07601139095184227
K16937	-0.17038707411259918	0.17038707411259882
K16950	-1.648911509066149	1.648911509066148
K16951	-1.3386403876480595	1.3386403876480584
K16957	0.09196608590562329	-0.09196608590562345
K16958	0.4424173378032074	-0.4424173378032071
K16959	1.5797108402106455	-1.5797108402106446
K16960	0.6737425993563768	-0.6737425993563764
K17073	-0.2190302758476874	0.21903027584768722
K17074	-0.9640216816664302	0.9640216816664293
K17076	0.25117097147945383	-0.25117097147945394
K17103	-0.04960251111808817	0.04960251111808814
K17195	0.8228162487263305	-0.8228162487263304
K17202	-0.34511016504640185	0.3451101650464016
K17203	0.506355744598614	-0.5063557445986139
K17204	0.5713100522696186	-0.5713100522696182
K17213	-1.3143620399829414	1.3143620399829403
K17214	0.30954081981618703	-0.30954081981618703
K17215	-0.8471122853500554	0.8471122853500549
K17218	-0.03023003426563331	0.030230034265633053
K17234	-0.6240837072143606	0.6240837072143599
K17235	-0.2960384257031217	0.2960384257031215
K17236	-0.6285244975971581	0.6285244975971577
K17241	-1.0009280609077755	1.0009280609077749
K17242	-1.2946013837169381	1.2946013837169372
K17243	0.23558318813448353	-0.23558318813448337
K17247	-0.7947331552394851	0.7947331552394845
K17318	0.8899875886709897	-0.8899875886709894
K17319	-1.1021851348323182	1.1021851348323175
K17320	0.17744940028294842	-0.17744940028294878
K17331	-0.16750282963436378	0.16750282963436364
K17462	-0.26842156089168223	0.2684215608916818
K17463	0.9443780636392479	-0.9443780636392475
K17464	0.16783799352498163	-0.16783799352498197
K17465	-0.8644530704902633	0.8644530704902624
K17466	0.38109873481113155	-0.38109873481113127
K17467	1.5394298192440214	-1.5394298192440203
K17468	0.8019227096828443	-0.8019227096828435
K17473	0.09136217639926851	-0.09136217639926844
K17624	1.1524713797574055	-1.152471379757405
K17675	-1.3897453519845746	1.3897453519845733
K17680	-0.32841977029079833	0.32841977029079805
K17686	0.8985591418061853	-0.8985591418061849
K17713	1.6387416868103908	-1.6387416868103901
K17716	-1.2348732695389117	1.2348732695389109
K17722	0.5939920852056635	-0.5939920852056633
K17723	-0.9089613613929094	0.9089613613929088
K17733	0.4825636268502839	-0.4825636268502836
K17734	0.5750240993730947	-0.5750240993730946
K17758	-0.3051493563002398	0.3051493563002396
K17759	0.9519871361346025	-0.9519871361346021
K17810	1.0456628553616607	-1.04566285536166
K17816	-0.16021875331152732	0.1602187533115272
K17818	-0.5904013838690162	0.5904013838690155
K17828	-0.8617828534576993	0.8617828534576985
K17836	1.0045501391494582	-1.0045501391494578
K17865	-0.3251769268656391	0.32517692686563865
K17869	1.0650449950803127	-1.065044995080312
K17898	-0.4960716822492661	0.4960716822492658
K17938	2.0098423876082263	-2.009842387608225
K17947	0.3759138236212955	-0.3759138236212953
K17948	0.41419480708565964	-0.41419480708565937
K17992	-1.0868156812964176	1.0868156812964167
K18011	0.9038734495987659	-0.9038734495987653
K18012	0.2865487263891148	-0.2865487263891149
K18013	0.3713278111882573	-0.3713278111882568
K18014	-1.6662840633417124	1.6662840633417109
K18015	0.5561875507242164	-0.5561875507242166
K18094	-0.244085082018876	0.24408508201887583
K18095	1.0152591204326549	-1.0152591204326542
K18104	-0.007640548425679706	0.007640548425679701
K18118	-0.08502328595418235	0.08502328595418228
K18120	-0.7180372113748854	0.7180372113748849
K18122	0.415135956091779	-0.41513595609177845
K18138	1.5496352988120938	-1.5496352988120927
K18139	0.7951464603127177	-0.7951464603127172
K18140	1.6348636296543708	-1.6348636296543697
K18141	1.5286156805646427	-1.5286156805646416
K18142	1.4201128400583851	-1.4201128400583845
K18146	0.26622468662440635	-0.2662246866244064
K18148	1.398082428192758	-1.398082428192757
K18149	-0.9106419910929209	0.9106419910929202
K18197	-1.2719355407020454	1.2719355407020445
K18205	0.4602456708176954	-0.4602456708176951
K18206	-1.2800135379672537	1.2800135379672526
K18214	0.15492964617745134	-0.15492964617745125
K18220	0.24529057702818272	-0.2452905770281828
K18221	-0.1297298040914402	0.12972980409143986
K18231	-0.8891668083384998	0.8891668083384993
K18234	-1.1247779146923427	1.124777914692342
K18237	-0.514341674260878	0.5143416742608776
K18244	-0.33312372735655704	0.33312372735655654
K18301	-0.025937741331507048	0.02593774133150703
K18320	-0.5550156631238218	0.5550156631238214
K18324	1.8831363226210256	-1.8831363226210243
K18325	1.8470757240659867	-1.8470757240659854
K18326	-0.9826777519291355	0.9826777519291346
K18330	-1.2832596125347093	1.283259612534708
K18331	0.21230596565760995	-0.21230596565761026
K18332	-1.279321270147428	1.279321270147427
K18333	0.1915443274135448	-0.19154432741354466
K18334	-0.006435102727694635	0.006435102727694394
K18344	-1.2351333320830356	1.2351333320830344
K18345	1.1479124911040923	-1.1479124911040919
K18346	1.1665327177128593	-1.1665327177128586
K18349	-0.6521885048911036	0.6521885048911029
K18350	-1.5637153930196352	1.5637153930196337
K18369	-0.21818336856919882	0.21818336856919843
K18427	0.9175112555007289	-0.9175112555007282
K18430	0.04810644579239077	-0.04810644579239097
K18445	-1.3758018904984493	1.3758018904984484
K18446	1.8972748802391872	-1.8972748802391866
K18471	-0.2603091740791726	0.2603091740791722
K18474	-0.4230838762435174	0.4230838762435169
K18475	-1.7274715759357895	1.7274715759357884
K18476	0.4377530072856602	-0.43775300728566013
K18478	0.8309303722568308	-0.8309303722568304
K18479	-0.1960541842142715	0.19605418421427137
K18480	0.8134639280866359	-0.8134639280866354
K18530	0.006900938435079964	-0.006900938435080195
K18531	0.5774497956426748	-0.5774497956426746
K18581	-0.5339331928557477	0.5339331928557473
K18589	-0.001134117217547166	0.001134117217546929
K18640	-0.3349921027253921	0.3349921027253916
K18650	0.6037987104439282	-0.6037987104439277
K18657	0.829961818620924	-0.8299618186209239
K18672	-0.8448756747587579	0.8448756747587571
K18673	1.7786134113122802	-1.7786134113122793
K18675	-0.7263235614690267	0.7263235614690261
K18682	-1.2906264588370138	1.2906264588370129
K18691	0.5519929585365185	-0.5519929585365183
K18692	0.5047068370094997	-0.5047068370094996
K18697	1.3808430535344551	-1.3808430535344545
K18698	0.9749428402201349	-0.9749428402201341
K18702	1.3998847979534932	-1.3998847979534923
K18704	0.1926573648756059	-0.19265736487560575
K18707	-0.9366207358727984	0.9366207358727977
K18765	1.8696751967057803	-1.8696751967057796
K18778	0.9373883209863826	-0.9373883209863817
K18785	1.0810214730410113	-1.0810214730410106
K18800	0.6089438204574623	-0.6089438204574621
K18814	-1.4500711948828204	1.4500711948828195
K18824	0.675436173842931	-0.6754361738429302
K18827	-0.0822520365102368	0.08225203651023674
K18828	0.4573429083676212	-0.4573429083676209
K18829	1.652279791868612	-1.6522797918686112
K18831	0.37126611208342997	-0.3712661120834297
K18837	1.6098968438970305	-1.6098968438970294
K18838	1.043564490648257	-1.0435644906482564
K18850	0.7487233945549746	-0.7487233945549743
K18856	0.9979966714588102	-0.9979966714588098
K18887	-1.3929539798437316	1.3929539798437307
K18888	1.1529859991289222	-1.1529859991289217
K18889	-0.33016128769966413	0.33016128769966363
K18890	1.73753780873445	-1.7375378087344486
K18895	1.0080929243153753	-1.0080929243153742
K18898	0.046110473655789457	-0.0461104736557899
K18899	1.764093115135417	-1.7640931151354158
K18907	0.7915940319623112	-0.7915940319623106
K18910	-1.0967541115076003	1.0967541115075992
K18918	1.036451362812595	-1.0364513628125946
K18922	-0.18115697847520565	0.1811569784752053
K18926	-1.681681719922452	1.6816817199224507
K18928	1.3719091580867162	-1.3719091580867155
K18929	1.5179300180737911	-1.5179300180737905
K18930	-0.26181543175525523	0.2618154317552548
K18954	1.0262077996539776	-1.0262077996539773
K18955	-0.8346652048230812	0.8346652048230805
K18959	0.6941842071475267	-0.6941842071475265
K18968	0.284116838004556	-0.2841168380045558
K18979	-1.335416402832728	1.3354164028327271
K18986	-0.03796459788572802	0.037964597885727765
K18988	1.381166709854943	-1.381166709854942
K18991	1.016539405087753	-1.016539405087752
K18997	0.11649929183420828	-0.11649929183420843
K19002	0.6045097203647037	-0.6045097203647033
K19005	-0.39952327215158007	0.39952327215157957
K19046	-0.8340531879313263	0.8340531879313254
K19048	0.6883915646689847	-0.6883915646689842
K19049	1.1795282646989358	-1.1795282646989356
K19050	0.13587747157962438	-0.13587747157962451
K19052	0.16762988868963352	-0.16762988868963363
K19055	-1.8922033279493644	1.8922033279493626
K19057	1.4896491671215562	-1.4896491671215555
K19058	0.6078425908066757	-0.6078425908066757
K19059	1.0233284721578044	-1.0233284721578035
K19068	-1.0782786833289664	1.0782786833289657
K19075	-0.0003876055821103335	0.0003876055821100969
K19090	-0.13711958846190328	0.1371195884619032
K19092	0.3976329394619769	-0.39763293946197686
K19115	-0.020464252825144903	0.020464252825144885
K19117	0.5898994266920418	-0.5898994266920414
K19118	-0.5168359801076653	0.516835980107665
K19119	-1.64295150659467	1.6429515065946685
K19123	1.5363009349339318	-1.5363009349339312
K19124	-0.8362255293909426	0.8362255293909417
K19125	-1.2440549548277589	1.244054954827758
K19126	-0.2691455494499071	0.26914554944990665
K19127	0.10645879227979509	-0.10645879227979547
K19128	0.8631658604308096	-0.8631658604308087
K19129	-0.44828309125084304	0.4482830912508425
K19132	-0.4189097518304148	0.4189097518304145
K19134	0.673713540398008	-0.6737135403980076
K19139	-0.6608574569651626	0.6608574569651622
K19140	-0.9450812596452968	0.9450812596452958
K19147	0.5941465872290571	-0.594146587229057
K19155	0.17114740967887185	-0.17114740967887196
K19157	0.3320437254403062	-0.33204372544030597
K19158	1.455748548368198	-1.4557485483681976
K19159	0.6684913941723758	-0.6684913941723758
K19160	-0.1526371652185768	0.15263716521857645
K19162	1.3416430012149463	-1.3416430012149452
K19163	0.4494366751892596	-0.4494366751892593
K19164	0.849220960094311	-0.8492209600943105
K19165	-1.6795826875354585	1.6795826875354578
K19166	1.468132653115141	-1.4681326531151402
K19168	1.1666722712690898	-1.166672271269089
K19170	-0.9204413943296464	0.9204413943296458
K19171	-0.38175119722280626	0.381751197222806
K19175	-0.9460096648716851	0.9460096648716841
K19180	-0.9749380942714829	0.9749380942714823
K19221	1.3719036709254442	-1.3719036709254433
K19222	1.6223878240759457	-1.622387824075945
K19224	-0.1682854957492617	0.16828549574926133
K19225	1.6704099859577837	-1.6704099859577823
K19226	1.9269267179189307	-1.9269267179189289
K19227	1.7283714774349934	-1.7283714774349925
K19228	1.3216121637518559	-1.3216121637518552
K19229	0.7676498459794568	-0.7676498459794565
K19230	1.3866955348548013	-1.3866955348548005
K19231	0.7220941997125191	-0.7220941997125186
K19234	1.1570501359665666	-1.1570501359665657
K19235	0.5548985778486175	-0.5548985778486171
K19236	0.8021843367109056	-0.8021843367109055
K19262	-0.9249961327497438	0.9249961327497429
K19265	-0.654749286426166	0.6547492864261654
K19267	0.2802034486937479	-0.2802034486937477
K19268	0.8121697819795664	-0.812169781979566
K19270	1.620541531362746	-1.6205415313627454
K19271	-1.4915275816058802	1.4915275816058788
K19273	-0.5353119069211651	0.5353119069211647
K19285	-1.733953042415113	1.733953042415112
K19286	-0.7234871918257753	0.7234871918257748
K19294	-1.6000649527044701	1.6000649527044688
K19299	-0.3043124610477187	0.3043124610477185
K19302	-0.6536398562748793	0.6536398562748786
K19303	1.5327660829242693	-1.5327660829242684
K19304	0.22325396310100953	-0.22325396310100937
K19309	-0.12162807297926043	0.12162807297926034
K19310	-1.7875227684559107	1.7875227684559092
K19333	-1.243109241522195	1.2431092415221938
K19334	1.4753754973332966	-1.4753754973332955
K19335	1.4382191934472532	-1.4382191934472524
K19336	1.6705742918495101	-1.670574291849509
K19337	0.4537570212409064	-0.45375702124090633
K19338	0.21784290531980688	-0.21784290531980674
K19350	-0.14422548330002952	0.1442254833000294
K19353	1.685474646773817	-1.6854746467738162
K19354	1.8923036819256684	-1.8923036819256676
K19355	-0.5432226832486536	0.5432226832486531
K19405	0.33655822232314825	-0.336558222323148
K19411	-0.34953643927363404	0.3495364392736336
K19416	1.1040448767374809	-1.1040448767374802
K19421	-1.2866986696045726	1.2866986696045715
K19424	-0.5112663614391234	0.5112663614391229
K19427	-1.3950019866591916	1.3950019866591905
K19428	-0.27331156422755315	0.27331156422755293
K19429	-0.4722253539955037	0.47222535399550336
K19431	-0.49374709851906784	0.4937470985190675
K19504	-0.5499369971881548	0.5499369971881544
K19505	-1.2845733727908937	1.2845733727908928
K19506	0.1216839202927433	-0.12168392029274322
K19507	-0.060661194710833914	0.06066119471083387
K19508	-1.379872230962697	1.3798722309626956
K19509	-1.0405065038094603	1.0405065038094596
K19510	0.03059968915332208	-0.03059968915332206
K19540	1.2905493974085216	-1.2905493974085211
K19545	-0.3649838128800316	0.3649838128800311
K19577	0.6020446607278002	-0.6020446607277995
K19585	-0.0020304854078235274	0.002030485407823526
K19586	0.9596297133143473	-0.9596297133143467
K19587	-1.0333220058952817	1.0333220058952806
K19591	1.7554144767507849	-1.7554144767507838
K19611	-0.20771079164782666	0.2077107916478265
K19689	0.12585496036902688	-0.12585496036902727
K19697	1.5496616177586278	-1.5496616177586267
K19709	0.009048315726392326	-0.009048315726392319
K19710	1.3210892144712745	-1.321089214471274
K19745	1.8268474182474224	-1.826847418247421
K19775	1.4300214461444503	-1.4300214461444494
K19776	1.1323167818738957	-1.132316781873895
K19784	0.4996632232503459	-0.4996632232503458
K19789	0.3715639138478538	-0.3715639138478533
K19793	1.0698921413355635	-1.0698921413355627
K19802	-0.9066807798495554	0.9066807798495548
K19803	0.452639666824369	-0.45263966682436874
K19804	1.1964180023955706	-1.1964180023955704
K19810	1.739993679199786	-1.7399936791997854
K19824	0.7954324305778393	-0.795432430577839
K19837	0.9877679046844896	-0.9877679046844892
K19883	-1.0083822968951064	1.0083822968951053
K19954	-1.547774253302763	1.5477742533027619
K19955	-1.3828028652136066	1.382802865213605
K19956	1.5875334050248886	-1.5875334050248875
K19997	-1.1882307390894473	1.1882307390894464
K20023	0.03911155777408323	-0.039111557774083205
K20037	-0.9410099402252287	0.941009940225228
K20038	1.9733213236781337	-1.9733213236781324
K20073	-0.6140849975513185	0.6140849975513181
K20074	1.1027512540181215	-1.1027512540181206
K20107	0.8811718485822604	-0.8811718485822599
K20108	-1.0811895321265548	1.0811895321265537
K20114	1.3050893865373066	-1.3050893865373057
K20116	-0.2974403593221303	0.2974403593221301
K20117	-1.4324610310525667	1.4324610310525654
K20118	-1.5581597455824434	1.5581597455824423
K20263	0.054135773219980705	-0.05413577321998067
K20264	0.5228750891180735	-0.5228750891180731
K20265	-0.4180357588513445	0.4180357588513439
K20276	1.6230678554865863	-1.6230678554865852
K20342	-1.358463870435632	1.358463870435631
K20344	1.1196137611087735	-1.119613761108773
K20345	0.49946221006534336	-0.4994622100653432
K20382	1.2822131735750637	-1.2822131735750628
K20415	-0.716784432589534	0.7167844325895334
K20429	-0.03393159498121556	0.0339315949812153
K20444	-1.0764669212980118	1.0764669212980111
K20459	-0.1780445714968854	0.17804457149688527
K20460	-0.7375990033360473	0.7375990033360468
K20461	-1.1908611146056352	1.1908611146056343
K20480	-0.009400245514256198	0.009400245514256193
K20483	-0.5089300386002994	0.508930038600299
K20484	-0.36647023536815343	0.36647023536815293
K20487	-1.451236515579733	1.4512365155797318
K20488	-1.686604472667751	1.6866044726677494
K20489	-0.4981559060781381	0.49815590607813753
K20490	-1.6911282008992836	1.6911282008992823
K20491	-0.9309940525061422	0.9309940525061415
K20492	-1.58759114532471	1.5875911453247087
K20509	-0.4216811396045787	0.4216811396045782
K20533	-0.027806111857011522	0.02780611185701127
K20534	-0.39422271012092974	0.39422271012092946
K20541	1.4868613149399361	-1.4868613149399352
K20542	1.452345133788895	-1.4523451337888942
K20543	1.7011570720698335	-1.7011570720698321
K20609	0.7323626856316089	-0.7323626856316083
K20765	0.4421607239972267	-0.44216072399722667
K20814	0.4750096882285413	-0.47500968822854117
K20861	-0.0006374474262142298	0.000637447426213993
K20862	0.8770422045248095	-0.8770422045248086
K20866	0.460932495470946	-0.4609324954709459
K20881	0.09455455428526718	-0.09455455428526711
K20885	-0.5599615326353443	0.559961532635344
K20903	-0.8387594732925239	0.838759473292523
K20904	-0.7586668246108285	0.7586668246108277
K20920	0.6409175956981625	-0.6409175956981623
K20938	1.406366551392467	-1.4063665513924664
K21011	-0.5049566344479823	0.504956634447982
K21012	-0.1014509815358728	0.10145098153587273
K21021	2.040034613892261	-2.04003461389226
K21023	0.5730361601911386	-0.5730361601911381
K21028	1.841005963045627	-1.8410059630456257
K21029	-1.3269141975869974	1.3269141975869962
K21030	-1.2390173955273902	1.239017395527389
K21063	-1.395254472278491	1.39525447227849
K21064	0.7100569800276262	-0.7100569800276257
K21065	0.13502893305498875	-0.13502893305498864
K21071	-0.9119511001640346	0.9119511001640337
K21076	0.034845608219686394	-0.034845608219686366
K21084	0.7484926243174422	-0.7484926243174417
K21085	0.5083212389017866	-0.5083212389017862
K21086	2.1188102346883695	-2.118810234688368
K21087	-0.6930812765594808	0.6930812765594804
K21088	1.022084560561999	-1.0220845605619984
K21089	2.0878792085252678	-2.0878792085252664
K21090	0.7801743715777348	-0.7801743715777343
K21132	1.299010702557396	-1.2990107025573956
K21140	-1.059383359716927	1.0593833597169262
K21298	1.150332078155358	-1.1503320781553572
K21350	-0.6264570570648055	0.6264570570648048
K21364	-0.9491414268485832	0.9491414268485823
K21393	1.6463030612533445	-1.6463030612533436
K21394	1.2640991263165429	-1.2640991263165422
K21395	1.5585297428729261	-1.5585297428729252
K21397	0.4491281628388016	-0.4491281628388013
K21400	1.7855017268181417	-1.78550172681814
K21405	0.8938054224554502	-0.8938054224554496
K21416	-0.12941193894582265	0.12941193894582256
K21417	0.1839858616922022	-0.18398586169220232
K21430	1.9856176440154745	-1.9856176440154731
K21449	0.800071563201464	-0.8000715632014639
K21464	-0.40500330922432204	0.40500330922432176
K21465	0.15491407892740575	-0.15491407892740588
K21467	-0.2393650627448811	0.2393650627448809
K21469	-0.037348372783201036	0.03734837278320101
K21470	1.6386109641609166	-1.6386109641609155
K21471	0.7141659776358262	-0.7141659776358259
K21472	-0.7789567092005979	0.7789567092005973
K21495	0.1007036176197043	-0.10070361761970399
K21498	-0.24752942346583295	0.2475294234658328
K21511	1.8406632416332838	-1.8406632416332829
K21512	1.1657049898833107	-1.1657049898833098
K21528	-0.001387669446715314	0.0013876694467150768
K21556	-1.1140640484593898	1.1140640484593891
K21557	-1.1119213783310016	1.1119213783310005
K21567	0.361391027678918	-0.3613910276789178
K21571	-0.9695554791103088	0.9695554791103079
K21572	0.8636020983597342	-0.8636020983597334
K21573	-1.6084239719189326	1.6084239719189313
K21574	0.6843490423270574	-0.6843490423270572
K21575	0.7676009601298621	-0.7676009601298616
K21576	-1.5478786929219401	1.5478786929219388
K21577	-0.4970565811537729	0.49705658115377255
K21578	-0.6517947921623425	0.6517947921623417
K21583	-0.38121886821528406	0.38121886821528356
K21600	-0.6879054032338665	0.6879054032338658
K21602	1.6050148661299142	-1.605014866129913
K21613	-1.0299899022874441	1.0299899022874432
K21636	-1.0994542101933444	1.0994542101933438
K21638	-0.9188356894286165	0.9188356894286156
K21645	1.1320878090595783	-1.1320878090595778
K21672	-0.057291072547234465	0.057291072547234194
K21681	1.1904095405221287	-1.1904095405221284
K21688	0.8999309988337525	-0.8999309988337518
K21695	1.1028644451540421	-1.1028644451540417
K21698	1.4176825879625483	-1.4176825879625472
K21712	-0.23629449107781558	0.23629449107781542
K21739	1.6129554607760799	-1.612955460776079
K21741	-0.7415462802755647	0.7415462802755639
K21742	0.7426095008728846	-0.7426095008728842
K21746	0.7115487463958471	-0.7115487463958463
K21749	0.32764028846541704	-0.32764028846541654
K21755	-0.16998849115080025	0.16998849115080014
K21885	-0.5430500377346547	0.5430500377346543
K21898	-1.6412095458358757	1.6412095458358744
K21901	1.1618392850826045	-1.1618392850826038
K21903	-1.3610507702438461	1.3610507702438452
K21905	0.5548426238973857	-0.5548426238973854
K21906	1.5497242325266858	-1.549724232526685
K21907	1.2054423840741495	-1.2054423840741486
K21908	1.6019802346473535	-1.6019802346473528
K21923	-0.9442554197955144	0.9442554197955135
K21929	-0.21580089060644037	0.21580089060644023
K21936	-0.14479878766867402	0.14479878766867368
K21948	1.2012542669198307	-1.20125426691983
K21963	-0.8894564988110798	0.8894564988110789
K21964	1.1302932492431794	-1.1302932492431785
K21965	1.5689299209490415	-1.5689299209490404
K21966	0.4312566239260552	-0.43125662392605535
K21967	1.7456093128278056	-1.7456093128278043
K21968	1.0498077547627782	-1.0498077547627775
K21972	1.580305419330728	-1.5803054193307269
K21973	1.9714617326282786	-1.9714617326282773
K21975	1.9037968572610846	-1.903796857261084
K21977	-0.3053060804320953	0.3053060804320948
K21990	-0.23533454845277374	0.23533454845277332
K21993	-1.1634101892574857	1.1634101892574849
K22010	0.6698119606140341	-0.6698119606140337
K22014	0.96857891214221	-0.9685789121422094
K22015	-1.2253681617050252	1.2253681617050245
K22024	-1.5364307799773123	1.536430779977311
K22041	0.2968542285608769	-0.2968542285608767
K22044	-0.6898028462397009	0.6898028462397002
K22051	1.8598300782345856	-1.8598300782345847
K22074	0.6718297702927263	-0.6718297702927256
K22103	-1.5176202592099173	1.5176202592099162
K22104	0.6634351709992458	-0.6634351709992451
K22105	0.22170179824261005	-0.22170179824261038
K22110	1.197812252876191	-1.19781225287619
K22111	1.902940266097439	-1.9029402660974375
K22129	-0.561592663231502	0.5615926632315014
K22130	1.4345175305260003	-1.4345175305259998
K22131	1.5528470036697015	-1.5528470036697006
K22132	-0.4408908052078117	0.4408908052078114
K22212	-0.254154186671681	0.2541541866716808
K22214	1.1405360870707613	-1.1405360870707608
K22226	0.2225934345784453	-0.2225934345784456
K22227	-1.376189431556075	1.3761894315560737
K22230	0.873926701456332	-0.8739267014563313
K22270	0.10767603516162993	-0.10767603516163032
K22278	0.13771874182758556	-0.1377187418275857
K22293	1.48944119621189	-1.489441196211889
K22300	1.4329939955301352	-1.432993995530134
K22306	1.2727122002447984	-1.272712200244798
K22311	-0.25665088107027995	0.2566508810702798
K22315	0.38058503063881904	-0.38058503063881927
K22330	1.0136108300098354	-1.0136108300098348
K22349	0.5398505566083927	-0.5398505566083924
K22373	-1.1899581738733913	1.1899581738733904
K22396	0.010093652875306754	-0.010093652875306983
K22397	-0.2442616852843931	0.24426168528439268
K22405	-1.5910158114859252	1.591015811485924
K22430	0.5592727769843218	-0.5592727769843219
K22431	0.5513782007964505	-0.5513782007964501
K22432	-1.0276110555928852	1.0276110555928846
K22441	0.9169713249018348	-0.9169713249018341
K22443	1.9096134368118685	-1.9096134368118676
K22444	1.5365193495899692	-1.536519349589968
K22457	0.25173563317152603	-0.25173563317152586
K22477	-0.8362425913378909	0.83624259133789
K22486	-0.69106255582189	0.6910625558218896
K22488	0.011937684024774785	-0.011937684024774776
K22489	1.4675450463637205	-1.4675450463637194
