	dairy	meat
N_AQ.1	0.2521718431690135	-0.2521718431690139
N_AQ.10	-1.5052927082577938	1.5052927082577934
N_AQ.100	-0.3990268754653754	0.3990268754653752
N_AQ.1000	-1.6324173299383085	1.632417329938308
N_AQ.1001	1.8090572324578782	-1.8090572324578786
N_AQ.1002	0.6312352214367949	-0.6312352214367951
N_AQ.1003	0.21557028016400892	-0.21557028016400914
N_AQ.1004	-0.9859521804513284	0.9859521804513282
N_AQ.1005	-1.062928226661267	1.0629282266612665
N_AQ.1006	-0.9500549309541613	0.9500549309541607
N_AQ.1007	0.5202231255305375	-0.520223125530538
N_AQ.1008	-1.525184447049013	1.5251844470490128
N_AQ.1009	-1.0622690047247065	1.0622690047247063
N_AQ.101	0.6309741547400294	-0.6309741547400298
N_AQ.1010	-0.6186758302584504	0.61867583025845
N_AQ.1011	0.12204971528768763	-0.12204971528768785
N_AQ.1012	-0.2695616692883123	0.2695616692883119
N_AQ.1013	1.292098837286675	-1.2920988372866757
N_AQ.1014	1.4763483492957015	-1.4763483492957017
N_AQ.1015	0.41840761472328886	-0.4184076147232891
N_AQ.1016	-1.5952387467531408	1.5952387467531404
N_AQ.1017	1.1575885455820825	-1.1575885455820831
N_AQ.1018	1.2597314464789426	-1.2597314464789429
N_AQ.1019	-1.5121254097425212	1.5121254097425214
N_AQ.102	-0.25054015254965084	0.2505401525496504
N_AQ.1020	-1.0175746724186	1.0175746724185994
N_AQ.1021	0.013848218145058157	-0.013848218145058605
N_AQ.1022	-1.182315226956498	1.1823152269564974
N_AQ.1023	0.02959008369126448	-0.029590083691264927
N_AQ.1024	-0.6502882854221356	0.6502882854221353
N_AQ.1025	-0.36400974088808125	0.364009740888081
N_AQ.1026	0.139548493135211	-0.13954849313521145
N_AQ.1027	0.8977070216248505	-0.8977070216248507
N_AQ.1028	-0.1885146403173236	0.18851464031732315
N_AQ.1029	-0.13065889229252264	0.1306588922925222
N_AQ.103	0.848172239081562	-0.8481722390815623
N_AQ.1030	1.557789489602655	-1.5577894896026552
N_AQ.1031	0.20363529619815315	-0.2036352961981536
N_AQ.1032	-1.0759283564043884	1.075928356404388
N_AQ.1033	-0.6212155020023635	0.6212155020023633
N_AQ.1034	1.6427424075970865	-1.6427424075970867
N_AQ.1035	-1.3397962397120675	1.339796239712067
N_AQ.1036	1.1300729088813461	-1.1300729088813466
N_AQ.1037	-1.2351473032157319	1.2351473032157314
N_AQ.1038	-0.3835971093842782	0.38359710938427777
N_AQ.1039	-0.5091377287331338	0.5091377287331336
N_AQ.104	-0.8158866424453216	0.815886642445321
N_AQ.1040	1.1062230910497748	-1.1062230910497752
N_AQ.1041	0.8485778693393862	-0.8485778693393864
N_AQ.1043	-0.13798156507929576	0.13798156507929532
N_AQ.1044	1.0754842497587593	-1.0754842497587596
N_AQ.1045	0.07637900772211298	-0.0763790077221132
N_AQ.1046	0.0965723995221213	-0.09657239952212152
N_AQ.1047	2.0781508000330775	-2.078150800033078
N_AQ.1048	-1.3168229636219513	1.3168229636219508
N_AQ.1049	1.324747123073165	-1.3247471230731651
N_AQ.105	-0.6308451224965391	0.6308451224965389
N_AQ.1050	1.6080627643463838	-1.6080627643463843
N_AQ.1051	-1.359868394021917	1.359868394021917
N_AQ.1052	-0.22383243705298403	0.2238324370529838
N_AQ.1053	-1.462859556067766	1.4628595560677657
N_AQ.1054	-0.09981209358348793	0.09981209358348771
N_AQ.1055	-1.5803171364916413	1.5803171364916406
N_AQ.1056	1.915645681515046	-1.9156456815150464
N_AQ.1057	-1.2469942096802522	1.246994209680252
N_AQ.1058	0.3982928962153203	-0.39829289621532055
N_AQ.1059	1.0772877235842182	-1.0772877235842186
N_AQ.106	-1.659216426387279	1.6592164263872793
N_AQ.1060	-0.40471394860831095	0.4047139486083105
N_AQ.1062	2.0602318142079845	-2.060231814207985
N_AQ.1063	0.8056274459354057	-0.8056274459354057
N_AQ.1064	0.5807326701002211	-0.5807326701002213
N_AQ.1065	0.1895759380177086	-0.18957593801770883
N_AQ.1066	-1.6284069530500584	1.628406953050058
N_AQ.1067	1.059413501812082	-1.0594135018120825
N_AQ.1068	1.5399333638073118	-1.5399333638073123
N_AQ.1069	-0.6931798471433674	0.693179847143367
N_AQ.107	0.6650915033429532	-0.6650915033429534
N_AQ.1070	-0.473959973543704	0.4739599735437038
N_AQ.1071	0.6633195172827598	-0.6633195172827602
N_AQ.1072	1.4971946933167264	-1.4971946933167266
N_AQ.1073	1.6595829928807824	-1.6595829928807828
N_AQ.1074	1.8397068904716192	-1.8397068904716194
N_AQ.1075	-1.048878009789156	1.0488780097891557
N_AQ.1076	-0.7941490009807483	0.7941490009807477
N_AQ.1077	1.5072085277819312	-1.5072085277819316
N_AQ.1078	1.047443977832455	-1.047443977832455
N_AQ.1079	-1.5194359411280844	1.5194359411280836
N_AQ.108	-1.1020558356894288	1.1020558356894283
N_AQ.1080	-0.1051968197930293	0.10519681979302908
N_AQ.1081	-0.1194073266799178	0.11940732667991757
N_AQ.1082	0.6779017457877429	-0.6779017457877431
N_AQ.1083	0.26464357198837324	-0.2646435719883737
N_AQ.1084	0.6013146478315992	-0.6013146478315998
N_AQ.1085	-0.8922399985343261	0.8922399985343258
N_AQ.1086	0.6263412946771777	-0.6263412946771777
N_AQ.1087	-0.2959840816659704	0.29598408166596996
N_AQ.1088	-1.1212285230853998	1.1212285230853993
N_AQ.1089	0.9785162557914422	-0.9785162557914424
N_AQ.109	0.006842573480186256	-0.006842573480186479
N_AQ.1090	-1.1083231091277337	1.1083231091277335
N_AQ.1091	-1.2982965381348976	1.2982965381348972
N_AQ.1092	1.8585744150345487	-1.858574415034549
N_AQ.1093	-0.4317337333870213	0.4317337333870211
N_AQ.1094	1.5645292534954405	-1.5645292534954407
N_AQ.1095	-0.5050045969847591	0.5050045969847589
N_AQ.1096	1.2434912487348166	-1.2434912487348166
N_AQ.1097	0.1553020757713819	-0.15530207577138233
N_AQ.1098	0.27711964159387653	-0.27711964159387675
N_AQ.1099	-0.0780883113617801	0.07808831136177988
N_AQ.11	-0.31946550503654847	0.31946550503654825
N_AQ.110	-0.8456796327718428	0.8456796327718423
N_AQ.1100	0.4713909550009027	-0.47139095500090317
N_AQ.1101	1.5002119189788143	-1.5002119189788146
N_AQ.1103	-1.4938620538516263	1.4938620538516263
N_AQ.1104	-0.7824795971108942	0.782479597110894
N_AQ.1105	-1.51057551360028	1.5105755136002796
N_AQ.1106	1.5372928502448173	-1.5372928502448175
N_AQ.1108	-0.2121734936773059	0.21217349367730567
N_AQ.1109	-0.6689439140517318	0.6689439140517316
N_AQ.111	-0.7957698347447099	0.7957698347447096
N_AQ.1110	-1.4697896859534092	1.469789685953409
N_AQ.1111	-0.778267416802091	0.7782674168020907
N_AQ.1112	0.2074002013478501	-0.20740020134785053
N_AQ.1113	0.4707744142702527	-0.4707744142702527
N_AQ.1114	1.3594466718428966	-1.359446671842897
N_AQ.1115	-0.6376913115695849	0.6376913115695845
N_AQ.1116	0.07115056126139932	-0.07115056126139954
N_AQ.1117	1.4133301064679533	-1.4133301064679535
N_AQ.1118	-0.7149454445187321	0.7149454445187315
N_AQ.1119	-0.47416996809391154	0.4741699680939113
N_AQ.112	0.6097623210986522	-0.6097623210986525
N_AQ.1120	-0.10905059405422932	0.1090505940542291
N_AQ.1121	1.2134143063265048	-1.213414306326505
N_AQ.1122	-1.4725759543746673	1.4725759543746668
N_AQ.1123	-0.20432420566318316	0.20432420566318293
N_AQ.1124	0.6012295176025731	-0.6012295176025736
N_AQ.1125	0.5776280213874163	-0.5776280213874168
N_AQ.1126	1.7909577323506214	-1.7909577323506216
N_AQ.1127	-1.5441576297418491	1.5441576297418487
N_AQ.1128	-0.7752550486868807	0.7752550486868804
N_AQ.1129	0.12011457949298947	-0.12011457949298969
N_AQ.113	1.621923483662349	-1.6219234836623493
N_AQ.1130	1.065275015619092	-1.0652750156190924
N_AQ.1132	-0.9047009021899904	0.90470090218999
N_AQ.1133	1.24901988135286	-1.2490198813528601
N_AQ.1134	-1.4279972640500298	1.4279972640500294
N_AQ.1135	0.8553867753046466	-0.8553867753046468
N_AQ.1136	0.890146151079552	-0.8901461510795526
N_AQ.1137	-1.1993862642625241	1.1993862642625237
N_AQ.1138	1.566518204121799	-1.5665182041217998
N_AQ.1139	-0.9964340687503169	0.9964340687503167
N_AQ.114	1.8375476422633443	-1.837547642263345
N_AQ.1140	-0.2580061884644433	0.25800618846444306
N_AQ.1141	0.6193477640292274	-0.6193477640292276
N_AQ.1142	0.882409477028607	-0.882409477028607
N_AQ.1143	-1.0161426673930118	1.0161426673930116
N_AQ.1144	0.9091174689699321	-0.9091174689699325
N_AQ.1145	-0.795078550660263	0.7950785506602628
N_AQ.1146	-0.15264727542830192	0.1526472754283017
N_AQ.1147	-1.247616459661855	1.2476164596618549
N_AQ.1148	-0.5064329876549147	0.5064329876549145
N_AQ.1149	0.4437320160199366	-0.4437320160199366
N_AQ.115	-0.7269137846761254	0.7269137846761249
N_AQ.1150	-0.12066394833126164	0.12066394833126141
N_AQ.1151	-1.2100084823736177	1.2100084823736172
N_AQ.1152	1.7175311294240108	-1.7175311294240114
N_AQ.1153	-1.1021224273093364	1.102122427309336
N_AQ.1155	0.035497731514564146	-0.03549773151456437
N_AQ.1156	1.696104317050104	-1.6961043170501047
N_AQ.1157	-0.37906675116345173	0.3790667511634513
N_AQ.1159	0.3599577874151111	-0.35995778741511153
N_AQ.116	0.018635849193293762	-0.01863584919329421
N_AQ.1160	0.022925826519749712	-0.022925826519749934
N_AQ.1161	-0.6722623934530966	0.6722623934530961
N_AQ.1162	1.181561230063158	-1.1815612300631582
N_AQ.1163	-0.9033909995846613	0.9033909995846608
N_AQ.1164	0.9731992510237658	-0.973199251023766
N_AQ.1165	-0.5465154520551895	0.5465154520551893
N_AQ.1166	2.0597316866050934	-2.059731686605094
N_AQ.1167	0.9363586257477361	-0.9363586257477368
N_AQ.1168	1.2471210852606118	-1.2471210852606125
N_AQ.1169	-1.1310368996010056	1.1310368996010052
N_AQ.117	1.8337162970097578	-1.833716297009758
N_AQ.1170	1.7117196079007388	-1.7117196079007393
N_AQ.1171	0.666884696574878	-0.666884696574878
N_AQ.1172	1.801787113268138	-1.8017871132681387
N_AQ.1173	-0.901659682680701	0.9016596826807007
N_AQ.1174	1.6506295635269816	-1.6506295635269823
N_AQ.1175	-0.41774042982995163	0.4177404298299514
N_AQ.1176	-0.23335984237552101	0.2333598423755208
N_AQ.1177	1.219659193283097	-1.2196591932830974
N_AQ.1178	-0.7695910805542201	0.7695910805542197
N_AQ.1179	-0.7084112981561878	0.7084112981561874
N_AQ.118	0.012509849019885977	-0.012509849019886424
N_AQ.1180	1.8361020123901877	-1.8361020123901879
N_AQ.1181	1.7096314774484982	-1.7096314774484984
N_AQ.1182	0.3729651109385553	-0.3729651109385553
N_AQ.1183	1.5531589988903332	-1.5531589988903334
N_AQ.1184	0.6069236158127743	-0.6069236158127745
N_AQ.1185	-0.2755393509804005	0.2755393509804003
N_AQ.1186	0.4357340413056242	-0.43573404130562443
N_AQ.1187	1.0605919402987851	-1.0605919402987856
N_AQ.1188	-1.4331205535596148	1.4331205535596139
N_AQ.1189	0.5777427148964044	-0.5777427148964046
N_AQ.119	-1.2744474851430538	1.2744474851430534
N_AQ.1190	1.734682282732413	-1.7346822827324135
N_AQ.1191	-0.5485824316495846	0.5485824316495844
N_AQ.1192	-1.5713047580435393	1.5713047580435393
N_AQ.1193	1.0119408643650383	-1.011940864365039
N_AQ.1194	-1.071440816014532	1.0714408160145314
N_AQ.1195	-0.24926605835660887	0.24926605835660842
N_AQ.1196	-1.0495199886007058	1.0495199886007054
N_AQ.1197	0.6015413422461762	-0.601541342246177
N_AQ.1198	-1.3189497832051138	1.3189497832051134
N_AQ.1199	1.6147580761060156	-1.6147580761060158
N_AQ.12	1.5746564375218732	-1.5746564375218735
N_AQ.120	-0.5580755140633156	0.5580755140633151
N_AQ.1200	-1.201954366653942	1.2019543666539416
N_AQ.1201	-1.0585698294568198	1.0585698294568193
N_AQ.1202	0.7320201553957305	-0.732020155395731
N_AQ.1203	-0.9733969804157866	0.9733969804157862
N_AQ.1204	-0.230128109867775	0.23012810986777477
N_AQ.1205	-1.0390823379752985	1.039082337975298
N_AQ.1206	0.4657094006528669	-0.46570940065286737
N_AQ.1207	1.1031163477329515	-1.1031163477329515
N_AQ.1208	0.6787004884773893	-0.6787004884773893
N_AQ.1209	0.9322546924054351	-0.9322546924054356
N_AQ.121	1.4332348103432224	-1.4332348103432226
N_AQ.1210	-0.4017806774953414	0.4017806774953412
N_AQ.1211	-0.7728386009185292	0.7728386009185289
N_AQ.1212	-0.03226403481742157	0.03226403481742135
N_AQ.1213	0.5069542509367004	-0.5069542509367009
N_AQ.1214	1.0832729305608713	-1.0832729305608717
N_AQ.1215	-1.06072355159372	1.0607235515937194
N_AQ.1216	0.2099019963727479	-0.20990199637274812
N_AQ.1217	-0.7647196363197861	0.7647196363197856
N_AQ.1218	-0.5659079757561805	0.56590797575618
N_AQ.1219	-0.15915740063887432	0.1591574006388741
N_AQ.122	0.30574399877355385	-0.3057439987735543
N_AQ.1220	-0.8762962942838428	0.8762962942838425
N_AQ.1221	0.548993448475721	-0.5489934484757214
N_AQ.1222	-0.4803153917712988	0.48031539177129856
N_AQ.1223	0.5944240778556817	-0.594424077855682
N_AQ.1224	-0.4354080008329599	0.43540800083295944
N_AQ.1225	-1.59310073088495	1.59310073088495
N_AQ.1226	1.677435899211916	-1.6774358992119167
N_AQ.1227	-0.6634389699401758	0.6634389699401756
N_AQ.1228	1.2586031903904735	-1.2586031903904735
N_AQ.1229	0.5783382518996824	-0.578338251899683
N_AQ.123	-0.268135026766806	0.2681350267668058
N_AQ.1230	-0.9932240965374323	0.9932240965374318
N_AQ.1231	0.06827101211965629	-0.06827101211965651
N_AQ.1232	1.1820247969917421	-1.1820247969917428
N_AQ.1233	0.768996182866673	-0.7689961828666737
N_AQ.1234	1.6539246084034305	-1.653924608403431
N_AQ.1235	-0.3024091777991989	0.3024091777991987
N_AQ.1236	0.002617430675851458	-0.0026174306758516815
N_AQ.1237	1.6050428286931604	-1.605042828693161
N_AQ.1238	-0.9655162425799947	0.9655162425799942
N_AQ.1239	-0.9947258277317516	0.9947258277317513
N_AQ.124	-0.5737290098708333	0.5737290098708331
N_AQ.1240	-0.46038709663840366	0.46038709663840344
N_AQ.1241	-1.0584043664458525	1.058404366445852
N_AQ.1242	0.22454136926257384	-0.2245413692625743
N_AQ.1243	-1.0748949844076856	1.0748949844076852
N_AQ.1244	-1.0477854453351394	1.047785445335139
N_AQ.1245	0.5895600081879664	-0.5895600081879664
N_AQ.1246	-0.6949228473770903	0.6949228473770898
N_AQ.1247	-0.7021582724735489	0.7021582724735487
N_AQ.1248	-0.4077339527578084	0.40773395275780816
N_AQ.1249	-1.1071198650562648	1.1071198650562644
N_AQ.125	0.0379788773318875	-0.03797887733188773
N_AQ.1250	-1.645991627126483	1.6459916271264825
N_AQ.1251	1.3826772399960547	-1.3826772399960552
N_AQ.1252	1.449103566143282	-1.4491035661432823
N_AQ.1253	1.5399154896236091	-1.5399154896236094
N_AQ.1254	-0.1682013017730132	0.16820130177301298
N_AQ.1255	0.7400615347599229	-0.7400615347599231
N_AQ.1256	-0.6544731072383758	0.6544731072383754
N_AQ.1257	1.2947421584213215	-1.2947421584213217
N_AQ.1258	1.4831179400894459	-1.483117940089446
N_AQ.1259	-1.2437550146515297	1.2437550146515293
N_AQ.126	-0.1366528870294533	0.13665288702945308
N_AQ.1260	-1.4779800243208085	1.4779800243208085
N_AQ.1261	-0.833108539755032	0.8331085397550314
N_AQ.1262	1.8884154839810983	-1.8884154839810985
N_AQ.1263	0.30695079678909803	-0.3069507967890985
N_AQ.1264	-0.7864036222181481	0.7864036222181479
N_AQ.1265	0.8450193371047632	-0.8450193371047636
N_AQ.1266	-0.20996539263012198	0.20996539263012176
N_AQ.1267	-0.536037106283889	0.5360371062838886
N_AQ.1268	0.9550956107165761	-0.9550956107165766
N_AQ.1269	-0.30767682520987055	0.3076768252098701
N_AQ.127	-0.5867126263329147	0.5867126263329142
N_AQ.1270	0.5467151899526822	-0.5467151899526824
N_AQ.1271	0.8838399324748555	-0.8838399324748559
N_AQ.1272	0.09785311885428032	-0.09785311885428054
N_AQ.1273	1.0522233267283783	-1.052223326728379
N_AQ.1274	-0.6333807080147538	0.6333807080147533
N_AQ.1275	-1.3211042277614895	1.321104227761489
N_AQ.1276	1.495092050810215	-1.4950920508102152
N_AQ.1277	1.3432757576570553	-1.3432757576570555
N_AQ.1278	-0.9089989798842116	0.9089989798842114
N_AQ.1279	-0.5977660872707697	0.5977660872707695
N_AQ.128	-1.526086922476142	1.5260869224761422
N_AQ.1280	0.28003488692463796	-0.2800348869246384
N_AQ.1282	1.721808158652255	-1.7218081586522553
N_AQ.1283	0.5496039505464737	-0.5496039505464743
N_AQ.1284	-0.315506417426237	0.31550641742623675
N_AQ.1285	-0.5970660535316874	0.597066053531687
N_AQ.1286	-1.24992796688292	1.2499279668829195
N_AQ.1287	1.866371580222391	-1.8663715802223912
N_AQ.1288	0.87350669958315	-0.87350669958315
N_AQ.1289	0.5366864456802726	-0.536686445680273
N_AQ.129	0.22284032121958272	-0.22284032121958294
N_AQ.1290	-0.20387958549902863	0.2038795854990284
N_AQ.1291	-0.4344927816510004	0.43449278165099997
N_AQ.1292	-0.2729347745232033	0.2729347745232031
N_AQ.1293	-1.4542676866050563	1.454267686605056
N_AQ.1294	1.0666813263069326	-1.0666813263069332
N_AQ.1295	-0.46594709954258645	0.46594709954258623
N_AQ.1296	-1.3697846392669146	1.3697846392669142
N_AQ.1297	0.8561499132308715	-0.856149913230872
N_AQ.1298	-0.23265479815599563	0.23265479815599518
N_AQ.1299	-0.4403526966740469	0.4403526966740467
N_AQ.13	0.40928456914868816	-0.4092845691486884
N_AQ.130	-1.1856636800349376	1.1856636800349372
N_AQ.1300	1.1311974152662294	-1.1311974152662296
N_AQ.1301	0.005817402552982649	-0.005817402552983096
N_AQ.1302	0.41382999947671595	-0.4138299994767164
N_AQ.1303	-0.8317334639748998	0.8317334639748996
N_AQ.1304	0.49755394886826404	-0.4975539488682645
N_AQ.1305	1.491381780512562	-1.4913817805125622
N_AQ.1306	-0.736426289754409	0.7364262897544088
N_AQ.1307	1.7849903637912274	-1.7849903637912279
N_AQ.1308	1.1559660399406773	-1.1559660399406775
N_AQ.1309	-1.5121224242221503	1.51212242422215
N_AQ.131	-1.3750788683992168	1.3750788683992161
N_AQ.1310	0.6437671058362096	-0.6437671058362096
N_AQ.1311	1.9895660581654577	-1.989566058165458
N_AQ.1312	-1.0665223071490666	1.0665223071490662
N_AQ.1313	-1.2336031785434205	1.23360317854342
N_AQ.1314	-1.2673416369835246	1.267341636983524
N_AQ.1315	-1.0985962494430277	1.0985962494430273
N_AQ.1316	2.2484760418678515	-2.2484760418678515
N_AQ.1317	1.9571741687978075	-1.957174168797808
N_AQ.1318	-0.1754597732816383	0.1754597732816381
N_AQ.1319	0.5000264918534133	-0.5000264918534139
N_AQ.132	1.0491606209285145	-1.0491606209285147
N_AQ.1321	-0.5690089269629443	0.569008926962944
N_AQ.1322	2.079632282489629	-2.0796322824896296
N_AQ.1323	0.8981123833919595	-0.8981123833919598
N_AQ.1324	-1.0316743916273612	1.0316743916273607
N_AQ.1325	0.3908536176264922	-0.39085361762649284
N_AQ.1326	0.6302590230320434	-0.6302590230320434
N_AQ.1327	-0.8197717908235149	0.8197717908235147
N_AQ.1328	-1.1862329685720943	1.1862329685720938
N_AQ.1329	-0.46966200928661905	0.46966200928661883
N_AQ.133	-0.07757734887555844	0.07757734887555821
N_AQ.1330	0.26466208505587613	-0.26466208505587635
N_AQ.1331	-0.961875303968272	0.9618753039682718
N_AQ.1332	-1.364736715793572	1.364736715793572
N_AQ.1333	-0.07646442658214227	0.07646442658214182
N_AQ.1334	0.878184156014132	-0.8781841560141325
N_AQ.1335	-0.09026088112222536	0.09026088112222491
N_AQ.1337	0.8411854504194899	-0.8411854504194901
N_AQ.1338	-0.01720203102774748	0.017202031027747255
N_AQ.1339	-0.3488099928642541	0.3488099928642537
N_AQ.134	0.8944849439409843	-0.8944849439409845
N_AQ.1340	-0.45305771446418036	0.4530577144641799
N_AQ.1341	-0.5583987060814327	0.5583987060814323
N_AQ.1342	-1.333537790883101	1.3335377908831003
N_AQ.1343	0.4119568767897997	-0.4119568767897997
N_AQ.1344	-1.4505442802983641	1.4505442802983637
N_AQ.1345	0.632531217309623	-0.6325312173096233
N_AQ.1346	1.3459989568426676	-1.3459989568426682
N_AQ.1347	0.11575022542451374	-0.11575022542451398
N_AQ.1348	-0.9903582542189866	0.9903582542189864
N_AQ.1349	-0.78699275639879	0.7869927563987896
N_AQ.135	-0.548939096596842	0.5489390965968418
N_AQ.1350	1.84683975428915	-1.8468397542891504
N_AQ.1351	-0.7574958480017858	0.7574958480017856
N_AQ.1352	-0.6392446099112364	0.639244609911236
N_AQ.1353	-0.09008416993948745	0.09008416993948701
N_AQ.1354	-0.6786072700742479	0.6786072700742475
N_AQ.1355	0.2716270317103671	-0.27162703171036734
N_AQ.1356	-1.1555636342082543	1.1555636342082538
N_AQ.1357	-1.5259871361403572	1.5259871361403565
N_AQ.1358	-1.470887833288191	1.470887833288191
N_AQ.1359	-0.5514354821500086	0.5514354821500084
N_AQ.136	-0.8199767465582786	0.819976746558278
N_AQ.1360	-1.1573321853164686	1.1573321853164682
N_AQ.1361	-0.33719283723297444	0.3371928372329742
N_AQ.1362	-0.11510141715055296	0.11510141715055273
N_AQ.1363	-0.19690888061299425	0.19690888061299403
N_AQ.1364	2.0708123439353763	-2.0708123439353767
N_AQ.1365	1.8236287568387948	-1.823628756838795
N_AQ.1366	0.5303764480549428	-0.530376448054943
N_AQ.1367	-0.6356680228411764	0.6356680228411762
N_AQ.1368	1.1709878761600314	-1.1709878761600314
N_AQ.1369	0.800437225468193	-0.8004372254681936
N_AQ.137	-0.0032843224073806757	0.0032843224073804524
N_AQ.1370	-1.6226213905255409	1.6226213905255407
N_AQ.1371	-0.11291269078429354	0.11291269078429332
N_AQ.1372	-0.7096264903530373	0.709626490353037
N_AQ.1373	0.593787784071638	-0.5937877840716385
N_AQ.1374	0.22348590827721074	-0.22348590827721096
N_AQ.1375	-0.28968201336300037	0.28968201336300015
N_AQ.1376	-1.5746722997600566	1.5746722997600568
N_AQ.1377	1.4916895549678493	-1.4916895549678497
N_AQ.1378	1.2417825070832988	-1.2417825070832988
N_AQ.1379	-0.4441070456023616	0.44410704560236114
N_AQ.138	-0.3435214549475819	0.34352145494758146
N_AQ.1380	1.0528541961554763	-1.0528541961554765
N_AQ.1382	-0.7171408265553983	0.7171408265553979
N_AQ.1383	-1.6567263079092707	1.6567263079092702
N_AQ.1384	1.870481832529233	-1.8704818325292336
N_AQ.1385	1.5258324304566637	-1.525832430456664
N_AQ.1386	0.648711727841942	-0.648711727841942
N_AQ.1387	-0.3195944834199202	0.31959448341992
N_AQ.1388	-0.4564105690755251	0.45641056907552463
N_AQ.1389	-1.261325402180153	1.2613254021801525
N_AQ.139	2.0579244370241607	-2.0579244370241616
N_AQ.1390	-0.9683584849821654	0.968358484982165
N_AQ.1391	-0.5887063520773139	0.5887063520773135
N_AQ.1392	-1.4529389828004902	1.4529389828004897
N_AQ.1393	1.0222475096848078	-1.022247509684808
N_AQ.1394	1.8765585738159842	-1.8765585738159845
N_AQ.1395	-0.9937949974767264	0.9937949974767258
N_AQ.1397	-0.9924127991271156	0.9924127991271152
N_AQ.1398	0.26465130748809873	-0.26465130748809895
N_AQ.1399	-0.02585301428160893	0.02585301428160871
N_AQ.14	-1.2582947719619244	1.258294771961924
N_AQ.140	-0.7371937469731347	0.7371937469731344
N_AQ.1400	-1.057799163182799	1.0577991631827985
N_AQ.1401	-0.9892934889351879	0.9892934889351875
N_AQ.1402	0.965388563455056	-0.965388563455056
N_AQ.1403	1.2757993912039587	-1.275799391203959
N_AQ.1404	0.2703292779527612	-0.2703292779527614
N_AQ.1405	1.2522870040870775	-1.2522870040870777
N_AQ.1406	0.04724404877125933	-0.04724404877125955
N_AQ.1407	0.41785827879785836	-0.41785827879785836
N_AQ.1408	1.476296439889618	-1.4762964398896186
N_AQ.141	0.7910820427588444	-0.7910820427588446
N_AQ.1411	0.32690725241659646	-0.3269072524165967
N_AQ.1412	-1.50110547830208	1.5011054783020796
N_AQ.1413	0.24040512051511065	-0.2404051205151111
N_AQ.1414	0.2619464128838411	-0.2619464128838415
N_AQ.1415	-0.6681797351576987	0.6681797351576985
N_AQ.1416	0.3759741430708834	-0.3759741430708836
N_AQ.1417	0.37254124388686116	-0.37254124388686116
N_AQ.1418	0.2817493427182309	-0.2817493427182313
N_AQ.1419	-0.2606583967523328	0.2606583967523324
N_AQ.142	-1.239689150363903	1.2396891503639025
N_AQ.1420	-0.5073064056178296	0.5073064056178294
N_AQ.1421	1.046179294840723	-1.0461792948407234
N_AQ.1422	0.8159160997635111	-0.8159160997635115
N_AQ.1423	-1.3702648993477933	1.3702648993477928
N_AQ.1424	-1.6159547931586646	1.6159547931586635
N_AQ.1425	-0.6948830189903448	0.6948830189903442
N_AQ.1426	-1.6238589405700414	1.6238589405700414
N_AQ.1427	0.5990057315652084	-0.5990057315652086
N_AQ.1428	0.2009240981940833	-0.20092409819408352
N_AQ.1429	0.8901369606605407	-0.8901369606605409
N_AQ.143	1.4551976634179884	-1.455197663417989
N_AQ.1430	-1.0114414171754165	1.011441417175416
N_AQ.1431	1.0061167035016179	-1.0061167035016185
N_AQ.1432	-0.9661190087766639	0.9661190087766633
N_AQ.1433	0.8680511456169498	-0.8680511456169501
N_AQ.1434	1.262779954731702	-1.262779954731702
N_AQ.1435	1.422895057328458	-1.4228950573284582
N_AQ.1437	-0.9695940246446805	0.9695940246446799
N_AQ.1438	1.2568314739710555	-1.2568314739710558
N_AQ.1439	-0.38033299408998034	0.3803329940899801
N_AQ.144	1.7237798564452693	-1.72377985644527
N_AQ.1440	1.6070421485856419	-1.6070421485856423
N_AQ.1441	-0.4654065829191847	0.46540658291918424
N_AQ.1442	-1.2892883794983	1.2892883794982999
N_AQ.1443	0.6561951384516889	-0.6561951384516891
N_AQ.1444	0.30106418397894136	-0.3010641839789418
N_AQ.1445	-0.8877069733292189	0.8877069733292187
N_AQ.1446	2.1980776974600293	-2.198077697460029
N_AQ.1447	1.2748978282549381	-1.2748978282549384
N_AQ.1448	-1.2555482449599027	1.2555482449599025
N_AQ.1449	-0.5072430922697231	0.5072430922697226
N_AQ.145	-1.0243819781780557	1.0243819781780552
N_AQ.1450	-0.8848775137301298	0.8848775137301295
N_AQ.1451	-0.030844102005635567	0.03084410200563512
N_AQ.1452	-1.112967912680062	1.1129679126800616
N_AQ.1453	-1.2096402706242848	1.2096402706242844
N_AQ.1454	-1.4140325398771738	1.4140325398771734
N_AQ.1455	-0.5745491025314681	0.5745491025314678
N_AQ.1456	-1.5531230710809436	1.5531230710809432
N_AQ.1457	-0.24353846646735092	0.24353846646735047
N_AQ.1458	-0.5531786110166462	0.553178611016646
N_AQ.1459	0.21924565295861387	-0.2192456529586143
N_AQ.146	-0.05778971648247517	0.05778971648247495
N_AQ.1460	-1.0548509839319342	1.054850983931934
N_AQ.1461	1.710280586467798	-1.7102805864677981
N_AQ.1462	1.9375546086850282	-1.9375546086850282
N_AQ.1463	-1.3202198899360809	1.3202198899360809
N_AQ.1464	-0.5760699858378364	0.576069985837836
N_AQ.1465	1.4619206519459456	-1.4619206519459458
N_AQ.1466	-0.06911716240004485	0.06911716240004463
N_AQ.1467	0.7243334629033705	-0.724333462903371
N_AQ.1468	-1.132017452504328	1.1320174525043276
N_AQ.147	-0.03544538350830339	0.035445383508302945
N_AQ.1470	-0.06372681260336965	0.0637268126033692
N_AQ.1471	1.1763459954561313	-1.1763459954561317
N_AQ.1472	-0.8335196020892702	0.8335196020892698
N_AQ.1473	-1.3496927975528175	1.349692797552817
N_AQ.1474	-0.8530090860917728	0.8530090860917726
N_AQ.1475	0.8523785308821573	-0.8523785308821578
N_AQ.1477	0.0996680643262829	-0.09966806432628313
N_AQ.1478	-0.1747842447932741	0.17478424479327365
N_AQ.1479	-1.0693733245534935	1.069373324553493
N_AQ.148	-1.642225415201794	1.6422254152017943
N_AQ.1481	-0.8749850718636581	0.8749850718636578
N_AQ.1482	0.8362038245326768	-0.8362038245326773
N_AQ.1483	0.3316887044168579	-0.3316887044168583
N_AQ.1484	0.3521061766269785	-0.35210617662697874
N_AQ.1485	-1.589815857506679	1.589815857506678
N_AQ.1486	1.3062025450454011	-1.3062025450454016
N_AQ.1487	0.8480504594481245	-0.8480504594481247
N_AQ.1488	0.766702295493597	-0.766702295493597
N_AQ.1489	0.8693857139516459	-0.8693857139516465
N_AQ.1490	0.2006665741704198	-0.20066657417042003
N_AQ.1492	0.9489604198306489	-0.9489604198306494
N_AQ.1493	-0.29889193493937843	0.2988919349393782
N_AQ.1494	0.16549677678117192	-0.16549677678117236
N_AQ.1495	0.18399815731966015	-0.18399815731966038
N_AQ.1496	-0.9856566851808058	0.9856566851808054
N_AQ.1497	0.2682439168198406	-0.26824391681984083
N_AQ.1498	-1.4208399687981692	1.4208399687981683
N_AQ.1499	-0.8068286416293088	0.8068286416293082
N_AQ.15	-0.9765761184878546	0.9765761184878542
N_AQ.150	-0.4310163300787223	0.43101633007872187
N_AQ.1500	0.3082539579772524	-0.30825395797725286
N_AQ.1501	0.6114404436028841	-0.6114404436028847
N_AQ.1502	0.9234063263991559	-0.9234063263991561
N_AQ.1503	0.05395370755258309	-0.05395370755258354
N_AQ.1504	-0.6998234645685776	0.6998234645685772
N_AQ.1505	0.5662769366175026	-0.5662769366175028
N_AQ.1506	1.235582133703416	-1.235582133703416
N_AQ.1507	-1.549239094006157	1.5492390940061558
N_AQ.1508	0.7515188159521489	-0.7515188159521491
N_AQ.1509	-0.7150787182072084	0.7150787182072078
N_AQ.151	-0.9959356488389854	0.995935648838985
N_AQ.1510	-0.941708411500979	0.9417084115009787
N_AQ.1511	-1.3991808967290742	1.3991808967290738
N_AQ.1512	1.5947148576945822	-1.5947148576945824
N_AQ.1513	0.3224400374008548	-0.3224400374008555
N_AQ.1514	-0.7322423793367017	0.7322423793367014
N_AQ.1515	-0.1158149941369305	0.11581499413693004
N_AQ.1516	-1.200704671953545	1.2007046719535446
N_AQ.1517	-1.478879405315654	1.478879405315653
N_AQ.1518	-0.9501300321792041	0.9501300321792038
N_AQ.1519	-1.358219437577929	1.3582194375779293
N_AQ.152	0.8751549521460492	-0.8751549521460494
N_AQ.1520	-1.170295963481803	1.1702959634818026
N_AQ.1521	-1.097230299078384	1.0972302990783835
N_AQ.1523	-0.5112464420899201	0.5112464420899197
N_AQ.1524	1.30530741894647	-1.3053074189464704
N_AQ.1525	-1.2213514274366142	1.2213514274366137
N_AQ.1526	1.4640904491454005	-1.4640904491454012
N_AQ.1527	0.5826536966709559	-0.5826536966709561
N_AQ.1528	-1.6312877766191711	1.6312877766191705
N_AQ.1529	1.099018776553699	-1.0990187765536994
N_AQ.153	-0.1888181479918256	0.18881814799182517
N_AQ.1530	1.196048970399286	-1.196048970399286
N_AQ.1531	-1.0497040157885023	1.0497040157885018
N_AQ.1532	-0.3918444192996723	0.39184441929967184
N_AQ.1533	-0.47279587411976803	0.47279587411976776
N_AQ.1534	-1.6144907134812454	1.6144907134812454
N_AQ.1535	-1.0472964665426623	1.0472964665426618
N_AQ.1536	-1.377626923335385	1.3776269233353846
N_AQ.1537	1.7198274236381421	-1.7198274236381426
N_AQ.1538	0.38202068912462955	-0.38202068912463
N_AQ.1539	-0.6942929078053317	0.6942929078053313
N_AQ.154	1.728233108958091	-1.7282331089580916
N_AQ.1540	-1.1441047667180677	1.1441047667180675
N_AQ.1541	-0.6843355102725105	0.68433551027251
N_AQ.1542	-1.2242922285118873	1.224292228511887
N_AQ.1543	-1.4518221964397884	1.4518221964397873
N_AQ.1544	-1.0889437568170282	1.0889437568170277
N_AQ.1545	-1.0049186054837551	1.0049186054837547
N_AQ.1546	-0.9523008778862754	0.9523008778862752
N_AQ.1547	1.7760109527079213	-1.7760109527079215
N_AQ.1548	-0.5269282417500984	0.526928241750098
N_AQ.1549	0.9099610266091549	-0.9099610266091553
N_AQ.155	1.2421063864489055	-1.2421063864489057
N_AQ.1550	2.061807968649744	-2.0618079686497444
N_AQ.1551	-0.26572467506040875	0.26572467506040853
N_AQ.1552	0.32565474578726594	-0.3256547457872664
N_AQ.1553	-0.3006070318965875	0.3006070318965873
N_AQ.1554	-1.1882489642716816	1.1882489642716811
N_AQ.1555	1.3936411728430893	-1.3936411728430895
N_AQ.1556	-0.19342278392361137	0.19342278392361115
N_AQ.156	1.7877868653166087	-1.7877868653166091
N_AQ.157	1.3816633878601894	-1.38166338786019
N_AQ.158	-1.6116610294890248	1.6116610294890241
N_AQ.159	-1.075280854632198	1.0752808546321975
N_AQ.16	-1.1880199929972604	1.18801999299726
N_AQ.160	0.5143326584392232	-0.5143326584392232
N_AQ.161	-0.008796540720221452	0.00879654072022123
N_AQ.163	-0.8490793481057689	0.8490793481057684
N_AQ.164	0.7444082941464418	-0.744408294146442
N_AQ.165	-0.6473263123619167	0.6473263123619165
N_AQ.167	2.2704677352328573	-2.2704677352328577
N_AQ.168	-0.3734951234661382	0.3734951234661378
N_AQ.169	0.9579615223711904	-0.9579615223711904
N_AQ.17	-0.9931048172885935	0.9931048172885929
N_AQ.170	-0.3918766829966719	0.39187668299667167
N_AQ.171	-0.0765307366433743	0.07653073664337408
N_AQ.172	0.2776407837917594	-0.2776407837917596
N_AQ.173	-0.6863356545534087	0.6863356545534085
N_AQ.174	-1.6300910036897422	1.6300910036897418
N_AQ.175	-0.7516872933081439	0.7516872933081433
N_AQ.176	-0.663723799738754	0.6637237997387535
N_AQ.177	-1.0592272500900333	1.0592272500900328
N_AQ.178	0.8894369123633421	-0.8894369123633421
N_AQ.179	0.4265808611585014	-0.42658086115850186
N_AQ.180	1.6746269451895817	-1.674626945189582
N_AQ.181	0.28564001444608117	-0.2856400144460814
N_AQ.182	-1.298827798248805	1.2988277982488046
N_AQ.183	-0.7742887938601589	0.7742887938601585
N_AQ.184	0.13840561214947653	-0.13840561214947675
N_AQ.185	-1.1880027828548663	1.188002782854866
N_AQ.186	-1.1941950553942533	1.1941950553942529
N_AQ.187	1.557109383694588	-1.5571093836945886
N_AQ.188	0.05690028490290907	-0.05690028490290952
N_AQ.189	1.396920473791164	-1.3969204737911647
N_AQ.19	1.4572357815575867	-1.4572357815575874
N_AQ.190	-0.11397353283603859	0.11397353283603814
N_AQ.191	-0.45104903071872066	0.45104903071872043
N_AQ.193	-1.2812417681197517	1.2812417681197512
N_AQ.194	-0.899695514042628	0.8996955140426277
N_AQ.195	-0.21410099628194607	0.21410099628194582
N_AQ.196	-0.8231880756596168	0.8231880756596163
N_AQ.197	0.3990078599292634	-0.39900785992926385
N_AQ.198	-0.08537297960078989	0.08537297960078945
N_AQ.199	1.5825618919545505	-1.5825618919545508
N_AQ.2	-0.126429305809422	0.12642930580942177
N_AQ.20	-1.2232072065696566	1.2232072065696562
N_AQ.200	-1.2365187985124881	1.236518798512488
N_AQ.201	-0.8127776222007435	0.8127776222007431
N_AQ.202	-0.5489874789817077	0.5489874789817075
N_AQ.203	-0.7907788394391794	0.7907788394391789
N_AQ.204	-0.26560357365926063	0.2656035736592604
N_AQ.205	-0.26469636337057595	0.2646963633705755
N_AQ.206	0.886386700183222	-0.8863867001832222
N_AQ.207	0.7245634260200032	-0.7245634260200039
N_AQ.208	-0.5021049390631688	0.5021049390631686
N_AQ.209	-0.1407427720018903	0.1407427720018901
N_AQ.21	-0.48630565083982336	0.4863056508398229
N_AQ.210	0.2013653926317037	-0.20136539263170392
N_AQ.211	0.762493024010512	-0.7624930240105122
N_AQ.212	0.41179950514959507	-0.4117995051495953
N_AQ.213	1.9601990934803613	-1.9601990934803615
N_AQ.214	1.8439910001457482	-1.8439910001457485
N_AQ.215	1.6711819088543436	-1.6711819088543436
N_AQ.216	1.3913463560483799	-1.3913463560483803
N_AQ.217	-0.7358700276133029	0.7358700276133026
N_AQ.218	1.5575897431736776	-1.5575897431736778
N_AQ.219	1.6254179065297745	-1.6254179065297751
N_AQ.22	1.4042427809126354	-1.4042427809126363
N_AQ.220	1.1442390336399644	-1.1442390336399646
N_AQ.221	0.2419007515876719	-0.24190075158767213
N_AQ.222	-1.2959870115098124	1.295987011509812
N_AQ.223	-0.8790617796427772	0.879061779642777
N_AQ.224	-0.1055478872414413	0.10554788724144086
N_AQ.225	-1.1040831762270074	1.104083176227007
N_AQ.226	-0.750045312702119	0.7500453127021186
N_AQ.227	-0.9669171474818741	0.9669171474818739
N_AQ.229	0.5398084972442224	-0.5398084972442229
N_AQ.23	-0.9959773660505863	0.9959773660505858
N_AQ.230	-0.6527455158282924	0.652745515828292
N_AQ.231	0.3149948496752689	-0.31499484967526914
N_AQ.232	1.6762819040437895	-1.67628190404379
N_AQ.233	2.15954798866969	-2.15954798866969
N_AQ.234	-1.6253614192741972	1.625361419274197
N_AQ.235	-0.9792698421088549	0.9792698421088544
N_AQ.236	1.4861164407333418	-1.486116440733342
N_AQ.237	-0.5414412809272799	0.5414412809272797
N_AQ.238	-0.3256111102380823	0.3256111102380821
N_AQ.239	-1.1099674053690183	1.109967405369018
N_AQ.24	1.154017815999303	-1.1540178159993033
N_AQ.240	-0.38177793628124623	0.381777936281246
N_AQ.241	1.8609762193879853	-1.8609762193879855
N_AQ.242	-0.447338215775038	0.4473382157750378
N_AQ.243	-0.9756811847655346	0.9756811847655343
N_AQ.244	-0.24150669968530608	0.24150669968530586
N_AQ.245	-0.9926030730153403	0.9926030730153398
N_AQ.246	1.3317021154798767	-1.3317021154798772
N_AQ.247	0.43339783511321944	-0.43339783511321966
N_AQ.248	-0.9232991199792993	0.9232991199792988
N_AQ.249	0.5384371283096719	-0.5384371283096719
N_AQ.25	1.165067656998473	-1.165067656998473
N_AQ.250	1.3654309759169738	-1.365430975916974
N_AQ.251	-0.9341895402498871	0.9341895402498867
N_AQ.252	-0.23988867161494976	0.2398886716149493
N_AQ.253	-1.1315921861116893	1.131592186111689
N_AQ.254	-1.5568268896845443	1.556826889684544
N_AQ.255	-0.6058924772180463	0.6058924772180458
N_AQ.256	-0.7115269269769476	0.7115269269769473
N_AQ.257	1.6791324331149942	-1.6791324331149944
N_AQ.258	-0.9512820695366022	0.951282069536602
N_AQ.259	1.7937271308440776	-1.7937271308440783
N_AQ.26	-0.016902060237910785	0.01690206023791034
N_AQ.260	-0.9021125957577166	0.9021125957577161
N_AQ.261	0.05393635466137282	-0.05393635466137327
N_AQ.262	0.976059319214488	-0.9760593192144882
N_AQ.263	1.72818289534378	-1.7281828953437806
N_AQ.264	0.8799123031880991	-0.8799123031880995
N_AQ.265	0.6893078091906544	-0.6893078091906548
N_AQ.266	0.5809673013778894	-0.5809673013778897
N_AQ.267	-1.5996506486948794	1.5996506486948792
N_AQ.268	0.7932692396298041	-0.7932692396298043
N_AQ.269	0.9189446739060353	-0.9189446739060355
N_AQ.27	1.54487121022923	-1.5448712102292301
N_AQ.270	1.4229364554367998	-1.4229364554368
N_AQ.271	-0.9214526420293129	0.9214526420293125
N_AQ.272	-0.6755556949610341	0.6755556949610338
N_AQ.273	-0.7009897731547979	0.7009897731547974
N_AQ.274	-0.8485234957844878	0.8485234957844876
N_AQ.275	-1.0501511558019019	1.0501511558019017
N_AQ.276	-1.1649207513946114	1.164920751394611
N_AQ.277	-0.4930615765978763	0.4930615765978761
N_AQ.278	1.4169127096986225	-1.416912709698623
N_AQ.279	0.7591543059466276	-0.7591543059466282
N_AQ.28	-0.036446486598207616	0.036446486598207394
N_AQ.280	-1.2672560707590914	1.267256070759091
N_AQ.281	-1.4633715765596393	1.463371576559639
N_AQ.282	-0.9415503084514767	0.9415503084514761
N_AQ.283	1.4597574614516482	-1.4597574614516489
N_AQ.284	-1.4274062889576167	1.4274062889576158
N_AQ.285	-0.22700168270415444	0.227001682704154
N_AQ.286	0.8264755864988383	-0.8264755864988383
N_AQ.287	-1.3347297855817704	1.33472978558177
N_AQ.288	0.7147080703740866	-0.7147080703740866
N_AQ.289	-0.322871321237918	0.3228713212379178
N_AQ.29	-0.1584359952999467	0.15843599529994623
N_AQ.290	-0.050075913341080115	0.05007591334107989
N_AQ.291	-0.5689201752951273	0.568920175295127
N_AQ.292	0.34655137394680374	-0.3465513739468042
N_AQ.293	-1.222655534155712	1.2226555341557113
N_AQ.294	0.9679811932042995	-0.9679811932042998
N_AQ.295	1.3283922200174785	-1.3283922200174791
N_AQ.296	-0.7394872609760335	0.739487260976033
N_AQ.297	0.9297357262918959	-0.9297357262918964
N_AQ.298	-1.2675151731712222	1.2675151731712218
N_AQ.299	0.5381062417623707	-0.5381062417623711
N_AQ.3	-0.5746754589782661	0.5746754589782659
N_AQ.30	-1.3174508789717057	1.3174508789717052
N_AQ.300	2.0479613352679404	-2.047961335267941
N_AQ.301	-1.3443666906929461	1.3443666906929457
N_AQ.302	-1.3900990756282117	1.3900990756282117
N_AQ.303	-0.9861776042983775	0.9861776042983772
N_AQ.304	-0.8701616241334373	0.8701616241334368
N_AQ.305	-0.75606215092544	0.7560621509254395
N_AQ.306	1.3602673228607705	-1.3602673228607711
N_AQ.307	1.7967697355676586	-1.7967697355676593
N_AQ.308	1.6607141533669965	-1.6607141533669967
N_AQ.309	-0.717417068475183	0.7174170684751826
N_AQ.31	-0.4184529640959949	0.4184529640959947
N_AQ.310	-1.5217739566223072	1.5217739566223065
N_AQ.311	-0.6473054769253608	0.6473054769253603
N_AQ.312	-0.9060479701044633	0.9060479701044628
N_AQ.313	0.48170089622568746	-0.4817008962256877
N_AQ.314	-1.4680332990758167	1.4680332990758163
N_AQ.315	0.5103650578951917	-0.5103650578951917
N_AQ.316	1.0158906275501838	-1.0158906275501842
N_AQ.317	-0.622053894526097	0.6220538945260968
N_AQ.318	0.7020040938160176	-0.7020040938160178
N_AQ.319	1.1205380065564325	-1.1205380065564325
N_AQ.32	1.8420449461619213	-1.8420449461619217
N_AQ.320	-0.2510750772343519	0.2510750772343517
N_AQ.321	-0.825104321823354	0.8251043218233536
N_AQ.322	1.0421820902941026	-1.0421820902941026
N_AQ.323	1.1580566853897445	-1.158056685389745
N_AQ.324	-1.5398244825545995	1.5398244825545997
N_AQ.325	-1.2152191540403314	1.2152191540403312
N_AQ.326	-1.0515858421881772	1.051585842188177
N_AQ.327	-0.3052886173069539	0.30528861730695367
N_AQ.328	-1.3124586794324147	1.3124586794324138
N_AQ.329	1.523934297734092	-1.5239342977340924
N_AQ.33	1.853809551533343	-1.8538095515333437
N_AQ.330	-0.3433039371039346	0.34330393710393414
N_AQ.331	0.38536858194125784	-0.38536858194125806
N_AQ.332	-0.5204447495869473	0.5204447495869469
N_AQ.333	0.11380379836773682	-0.11380379836773705
N_AQ.334	1.7645140744725465	-1.7645140744725472
N_AQ.335	-0.8878388512898948	0.8878388512898943
N_AQ.336	0.7180736032413488	-0.7180736032413491
N_AQ.337	-0.2553773617826863	0.25537736178268583
N_AQ.338	0.7457930613751311	-0.7457930613751313
N_AQ.339	-1.0015917768292293	1.001591776829229
N_AQ.34	-1.3848042496835369	1.384804249683536
N_AQ.340	0.5094571619795991	-0.5094571619795993
N_AQ.341	1.595794259220759	-1.5957942592207595
N_AQ.342	1.232448965794482	-1.2324489657944824
N_AQ.343	-0.4454188049191539	0.4454188049191535
N_AQ.344	-1.0085594245503398	1.0085594245503395
N_AQ.345	0.8997461633002551	-0.8997461633002556
N_AQ.346	-0.8389891177765774	0.8389891177765769
N_AQ.347	0.6614721909373065	-0.6614721909373069
N_AQ.348	-1.3080755918515026	1.3080755918515021
N_AQ.349	1.1797160036587484	-1.179716003658749
N_AQ.35	1.3283116408904554	-1.3283116408904556
N_AQ.350	-0.9201992786848279	0.9201992786848274
N_AQ.351	-0.4830898608346626	0.4830898608346624
N_AQ.352	0.5284363268131872	-0.5284363268131872
N_AQ.353	-0.23535318246940512	0.23535318246940468
N_AQ.354	2.179153685425997	-2.179153685425997
N_AQ.355	1.5329198328457612	-1.5329198328457616
N_AQ.356	-1.1410750952150184	1.1410750952150182
N_AQ.357	-0.09131751464730875	0.0913175146473083
N_AQ.358	-1.4905831229154387	1.4905831229154387
N_AQ.359	0.918293382941888	-0.9182933829418882
N_AQ.36	-1.4727983509965716	1.4727983509965707
N_AQ.360	-1.4565122010215596	1.456512201021559
N_AQ.361	-0.18282590522685765	0.1828259052268572
N_AQ.362	-0.03300312223228931	0.03300312223228909
N_AQ.363	-0.23641014885472922	0.23641014885472877
N_AQ.364	-1.274668705802489	1.2746687058024886
N_AQ.365	1.913040214677608	-1.9130402146776082
N_AQ.366	-1.3452930670103678	1.3452930670103678
N_AQ.367	-0.9508033848772356	0.9508033848772354
N_AQ.368	-0.8756805858873788	0.8756805858873786
N_AQ.369	-0.42437254051255074	0.4243725405125503
N_AQ.37	-0.08008071334154337	0.08008071334154293
N_AQ.370	-1.1457421347488626	1.1457421347488623
N_AQ.371	1.1924972701829226	-1.1924972701829228
N_AQ.372	0.07592160908068696	-0.07592160908068718
N_AQ.373	0.13730029867866012	-0.13730029867866034
N_AQ.374	-1.448675355421424	1.4486753554214231
N_AQ.375	-0.6897955314654838	0.6897955314654833
N_AQ.376	1.7818273000588667	-1.781827300058867
N_AQ.377	-0.3901176016383033	0.39011760163830306
N_AQ.378	-1.020669073187585	1.0206690731875845
N_AQ.379	1.1428760866373562	-1.1428760866373566
N_AQ.38	0.6166611000933087	-0.6166611000933091
N_AQ.380	-0.2080318910151458	0.20803189101514535
N_AQ.381	1.3794264953062807	-1.3794264953062814
N_AQ.382	-1.2112780391975524	1.2112780391975522
N_AQ.383	-0.9663004540728196	0.9663004540728191
N_AQ.384	1.1377455305016797	-1.13774553050168
N_AQ.385	-0.28769191035034203	0.2876919103503418
N_AQ.386	-1.4684746676669613	1.4684746676669609
N_AQ.387	0.09048379978285725	-0.0904837997828577
N_AQ.388	0.6286230578270129	-0.6286230578270131
N_AQ.389	-1.1711203342142702	1.1711203342142698
N_AQ.39	-1.0095588350992224	1.009558835099222
N_AQ.390	0.7169496173295824	-0.7169496173295828
N_AQ.391	-1.0776719478867598	1.0776719478867594
N_AQ.392	0.5065828577630973	-0.506582857763098
N_AQ.393	-0.8246931761363624	0.8246931761363622
N_AQ.394	0.6044586080708361	-0.6044586080708365
N_AQ.395	0.10422247687744157	-0.10422247687744202
N_AQ.396	0.3806698051014566	-0.3806698051014566
N_AQ.397	-0.4998056635597925	0.4998056635597923
N_AQ.398	-1.392860220468326	1.392860220468326
N_AQ.399	-0.012027650392602977	0.012027650392602531
N_AQ.4	-1.0391120592423264	1.039112059242326
N_AQ.40	1.453916745174457	-1.4539167451744577
N_AQ.400	-0.618614252125086	0.6186142521250856
N_AQ.401	0.4566217094049458	-0.456621709404946
N_AQ.402	0.19257879335011244	-0.1925787933501127
N_AQ.403	-1.1245757769881803	1.12457577698818
N_AQ.404	0.8318384518312948	-0.8318384518312952
N_AQ.405	0.8622003460558734	-0.8622003460558734
N_AQ.406	0.11224646956483897	-0.11224646956483919
N_AQ.408	0.16471236556638752	-0.16471236556638796
N_AQ.409	1.8854140445427037	-1.8854140445427041
N_AQ.41	-0.5545918638656409	0.5545918638656406
N_AQ.410	1.2173537960927092	-1.2173537960927097
N_AQ.411	-1.3145768211876356	1.3145768211876352
N_AQ.412	1.6916593248762504	-1.6916593248762506
N_AQ.413	-0.44731864025088536	0.44731864025088514
N_AQ.414	-1.516577471883969	1.5165774718839682
N_AQ.415	1.4099784929813295	-1.4099784929813297
N_AQ.416	0.22719163791920707	-0.22719163791920752
N_AQ.417	1.18613244718176	-1.1861324471817607
N_AQ.418	-0.6632738983526948	0.6632738983526943
N_AQ.419	-0.8857219479721958	0.8857219479721953
N_AQ.42	-0.22318350160303796	0.22318350160303774
N_AQ.420	1.4961269691840127	-1.496126969184013
N_AQ.421	0.6150378957347583	-0.6150378957347585
N_AQ.422	-1.0142354826910673	1.014235482691067
N_AQ.423	0.6178363498348836	-0.617836349834884
N_AQ.424	1.4439909064851997	-1.4439909064852003
N_AQ.425	0.4550309543270297	-0.45503095432703017
N_AQ.426	-1.172619404555203	1.1726194045552027
N_AQ.427	0.806639222791853	-0.8066392227918534
N_AQ.428	0.4362886797856456	-0.4362886797856463
N_AQ.429	0.014767512979071539	-0.014767512979071987
N_AQ.43	-0.6776605103926504	0.67766051039265
N_AQ.430	2.021220617428502	-2.0212206174285026
N_AQ.431	-0.9144419642235476	0.9144419642235472
N_AQ.432	-0.4071952970226916	0.40719529702269114
N_AQ.433	1.1284789198413325	-1.1284789198413325
N_AQ.434	-1.3434486497105418	1.3434486497105413
N_AQ.435	0.35081268220013606	-0.3508126822001363
N_AQ.436	-1.4137996327043356	1.4137996327043354
N_AQ.437	-1.391586890588365	1.3915868905883646
N_AQ.438	-0.3003141748081097	0.30031417480810924
N_AQ.439	2.155401815401253	-2.1554018154012526
N_AQ.44	-0.9900054984917775	0.990005498491777
N_AQ.440	-0.1569806150483111	0.15698061504831087
N_AQ.441	0.11253246803784293	-0.11253246803784316
N_AQ.442	-0.2453246969945286	0.24532469699452839
N_AQ.443	1.1563202147264253	-1.1563202147264255
N_AQ.444	-0.8903848944817088	0.8903848944817083
N_AQ.445	1.3141069388842737	-1.3141069388842739
N_AQ.446	1.033409118237272	-1.0334091182372724
N_AQ.447	-1.1915531772080732	1.1915531772080727
N_AQ.448	-0.9759592253381183	0.9759592253381179
N_AQ.449	0.33406772180104327	-0.33406772180104394
N_AQ.45	-0.6251715561842383	0.6251715561842378
N_AQ.450	-0.6721041450913738	0.6721041450913734
N_AQ.451	-1.408030992081078	1.4080309920810776
N_AQ.452	1.3880782075942792	-1.38807820759428
N_AQ.453	1.2072605992257284	-1.2072605992257286
N_AQ.454	-0.7962325448486867	0.7962325448486863
N_AQ.455	0.10557398905159815	-0.10557398905159837
N_AQ.456	-0.9036752262570639	0.9036752262570633
N_AQ.457	1.0678862653366599	-1.06788626533666
N_AQ.458	0.3338017330778346	-0.3338017330778353
N_AQ.459	0.46764669408232806	-0.4676466940823283
N_AQ.46	1.8411241139076389	-1.841124113907639
N_AQ.460	-1.263032772178979	1.2630327721789785
N_AQ.461	1.442111813756336	-1.4421118137563365
N_AQ.462	0.26976059836519234	-0.26976059836519256
N_AQ.463	-1.4539253293213532	1.4539253293213534
N_AQ.464	1.394126525261371	-1.3941265252613713
N_AQ.465	-0.23187688655944447	0.23187688655944425
N_AQ.466	-0.44011724561303234	0.4401172456130319
N_AQ.467	0.8563246764949084	-0.8563246764949086
N_AQ.468	-1.4612620217593781	1.461262021759378
N_AQ.469	-1.5839564097194554	1.5839564097194552
N_AQ.47	1.0398078916192273	-1.0398078916192275
N_AQ.470	0.7119472304163059	-0.7119472304163061
N_AQ.471	-0.05133549286387944	0.05133549286387899
N_AQ.472	-0.605157885598017	0.6051578855980168
N_AQ.473	-0.6388247717172261	0.6388247717172256
N_AQ.474	-0.7636660254271034	0.7636660254271029
N_AQ.475	0.8404935924297833	-0.8404935924297839
N_AQ.476	-0.8174877593216837	0.8174877593216833
N_AQ.477	-0.10570473798510664	0.10570473798510642
N_AQ.478	0.2645014016918434	-0.26450140169184383
N_AQ.479	-1.6223031688872303	1.6223031688872303
N_AQ.48	-0.6966066945043963	0.6966066945043958
N_AQ.480	-0.10516701530976731	0.10516701530976709
N_AQ.481	1.6190569523344018	-1.6190569523344025
N_AQ.482	-0.15361357879137236	0.1536135787913719
N_AQ.483	0.32023995838663144	-0.32023995838663166
N_AQ.484	0.8958375856614081	-0.8958375856614086
N_AQ.485	-0.171853836362143	0.17185383636214255
N_AQ.486	-0.7723754712608227	0.7723754712608223
N_AQ.487	0.8347298846755999	-0.8347298846756004
N_AQ.488	-1.5409090271928938	1.540909027192893
N_AQ.489	-0.8452963691862643	0.8452963691862638
N_AQ.49	-0.8151140234326059	0.8151140234326055
N_AQ.490	1.8108446967157266	-1.8108446967157268
N_AQ.491	0.467462513970037	-0.46746251397003746
N_AQ.492	-0.04139694660867981	0.04139694660867937
N_AQ.493	1.8606382139506692	-1.8606382139506694
N_AQ.494	-0.7373557483318631	0.7373557483318629
N_AQ.495	1.1695767036890075	-1.169576703689008
N_AQ.496	0.575642129899333	-0.5756421298993333
N_AQ.497	-1.4037316865205074	1.4037316865205072
N_AQ.498	0.1250066818720652	-0.12500668187206565
N_AQ.499	-0.5277604335257795	0.5277604335257793
N_AQ.5	-0.5199241892564136	0.5199241892564134
N_AQ.50	1.20546481461403	-1.205464814614031
N_AQ.500	-0.30211568566039404	0.3021156856603938
N_AQ.501	0.8026420495935845	-0.8026420495935848
N_AQ.502	-0.47980161759959794	0.4798016175995975
N_AQ.503	-0.28652092968573867	0.28652092968573845
N_AQ.504	-0.09790767048677056	0.09790767048677033
N_AQ.505	1.6544784804437955	-1.6544784804437958
N_AQ.506	-0.5065191174112577	0.5065191174112572
N_AQ.507	-0.06950078949023869	0.06950078949023847
N_AQ.508	1.7165939932908216	-1.7165939932908219
N_AQ.509	0.44494938016701785	-0.44494938016701785
N_AQ.51	0.8238726179888344	-0.8238726179888346
N_AQ.510	-0.8166654901063375	0.816665490106337
N_AQ.511	0.756776229959056	-0.756776229959056
N_AQ.512	-0.32038331220929767	0.3203833122092972
N_AQ.513	0.29752391847243126	-0.2975239184724317
N_AQ.514	0.5062572770257292	-0.5062572770257292
N_AQ.515	1.180904460063924	-1.1809044600639245
N_AQ.516	1.847464260164768	-1.8474642601647686
N_AQ.517	-0.7750729606860151	0.7750729606860148
N_AQ.518	-1.3594764627245464	1.3594764627245466
N_AQ.519	-0.17744817372394142	0.17744817372394098
N_AQ.52	-1.5871073701551366	1.5871073701551361
N_AQ.520	0.24721546944313544	-0.24721546944313566
N_AQ.521	-1.5549806222999116	1.5549806222999112
N_AQ.522	0.24328206913789133	-0.24328206913789177
N_AQ.523	-0.6257614228919337	0.6257614228919333
N_AQ.524	0.47538015117337473	-0.47538015117337495
N_AQ.525	0.7078163386160867	-0.7078163386160872
N_AQ.526	-0.7049692026316269	0.7049692026316265
N_AQ.527	1.0442601039389532	-1.0442601039389539
N_AQ.528	2.1101516071312854	-2.1101516071312854
N_AQ.529	1.5391978107284952	-1.5391978107284954
N_AQ.53	0.012798090877828365	-0.012798090877828587
N_AQ.530	-1.4069217472907045	1.4069217472907043
N_AQ.531	-1.0263062921122024	1.0263062921122021
N_AQ.532	0.0875777807251387	-0.08757778072513893
N_AQ.533	-1.5088026500766751	1.5088026500766747
N_AQ.534	-0.08978696704664069	0.08978696704664046
N_AQ.535	-0.2558278557736927	0.2558278557736925
N_AQ.536	0.8188413927910189	-0.8188413927910195
N_AQ.537	0.5321478903900912	-0.5321478903900919
N_AQ.538	-1.3217851645000076	1.3217851645000072
N_AQ.539	0.3235103931388373	-0.3235103931388377
N_AQ.54	-1.0353755341703432	1.035375534170343
N_AQ.540	0.7857667513248311	-0.7857667513248313
N_AQ.541	0.07090452647647663	-0.07090452647647708
N_AQ.542	1.9896620870906874	-1.9896620870906885
N_AQ.543	0.44668064832346405	-0.4466806483234645
N_AQ.544	-0.8497739075898982	0.8497739075898977
N_AQ.545	-1.1374265879523082	1.1374265879523078
N_AQ.547	0.25312942729239213	-0.2531294272923926
N_AQ.548	-1.3419731202619516	1.3419731202619511
N_AQ.549	1.574932677248666	-1.5749326772486663
N_AQ.55	-1.4376500979738331	1.437650097973833
N_AQ.550	0.5615544136881867	-0.5615544136881869
N_AQ.551	-1.527389328359503	1.5273893283595026
N_AQ.552	-0.0437597688088661	0.04375976880886587
N_AQ.553	1.1800642747594707	-1.1800642747594716
N_AQ.554	1.0970759849577616	-1.0970759849577618
N_AQ.555	0.40851762452002893	-0.4085176245200296
N_AQ.556	-0.6965916450425235	0.6965916450425231
N_AQ.557	-0.8555999628074301	0.8555999628074299
N_AQ.558	1.6836964471201468	-1.6836964471201472
N_AQ.559	0.008845423520433694	-0.008845423520433918
N_AQ.56	1.5925317352606123	-1.5925317352606125
N_AQ.560	-0.5018006314981848	0.5018006314981845
N_AQ.561	-0.850912418801112	0.8509124188011117
N_AQ.562	-0.3530368065025626	0.35303680650256236
N_AQ.563	1.106450054984851	-1.1064500549848517
N_AQ.564	-0.6155217924697167	0.6155217924697165
N_AQ.565	0.04610565494768216	-0.04610565494768238
N_AQ.566	1.5854519790162802	-1.5854519790162804
N_AQ.567	0.376439871163097	-0.37643987116309746
N_AQ.568	0.49098271169338353	-0.490982711693384
N_AQ.569	1.4980509653481662	-1.4980509653481664
N_AQ.57	-0.851071095219399	0.8510710952193984
N_AQ.570	0.4466382266987675	-0.44663822669876774
N_AQ.571	-1.4920894991964573	1.4920894991964568
N_AQ.572	0.9724017345225295	-0.9724017345225295
N_AQ.573	0.6796754712423217	-0.6796754712423224
N_AQ.574	-0.7470408276148476	0.7470408276148471
N_AQ.575	2.0598416611056654	-2.059841661105666
N_AQ.576	-0.4911714556262379	0.49117145562623743
N_AQ.577	-1.0132124065079458	1.0132124065079453
N_AQ.578	-1.3543023653459596	1.3543023653459594
N_AQ.579	0.7267963383829863	-0.7267963383829867
N_AQ.58	-1.1634090349922808	1.1634090349922805
N_AQ.580	-1.32306642876647	1.3230664287664693
N_AQ.581	0.07469739144712985	-0.07469739144713029
N_AQ.582	-0.7915424257393394	0.791542425739339
N_AQ.583	0.29482446039119586	-0.2948244603911961
N_AQ.584	0.6069400787644019	-0.6069400787644024
N_AQ.585	-0.6381691550429092	0.6381691550429089
N_AQ.586	1.4944417621748145	-1.4944417621748152
N_AQ.587	-0.6870403567413829	0.6870403567413826
N_AQ.588	-0.012868746958018583	0.012868746958018136
N_AQ.589	-0.031910884357433986	0.031910884357433535
N_AQ.59	0.0713280388710138	-0.07132803887101424
N_AQ.590	1.1141998857630888	-1.1141998857630888
N_AQ.591	-1.135097638193904	1.1350976381939037
N_AQ.592	0.7740346119978117	-0.7740346119978119
N_AQ.593	-1.5334258416035451	1.5334258416035451
N_AQ.594	-1.2101867595872404	1.21018675958724
N_AQ.595	0.40675310564117306	-0.40675310564117306
N_AQ.596	1.170608808085503	-1.1706088080855035
N_AQ.597	-1.0385699349059314	1.038569934905931
N_AQ.598	-0.8874214865434866	0.8874214865434862
N_AQ.599	-0.4783554284134061	0.47835542841340567
N_AQ.6	1.3399991992258171	-1.3399991992258176
N_AQ.60	-0.8520669890947705	0.8520669890947703
N_AQ.600	0.5243498057679815	-0.5243498057679815
N_AQ.601	0.3542477079525725	-0.35424770795257315
N_AQ.602	0.4658909730704459	-0.46589097307044636
N_AQ.603	0.04251275241883924	-0.042512752418839464
N_AQ.604	-1.197550628611965	1.1975506286119646
N_AQ.605	0.02696277531853307	-0.026962775318533517
N_AQ.606	-0.08084349576014191	0.08084349576014169
N_AQ.607	0.5779781371075112	-0.5779781371075114
N_AQ.608	-0.4312134475367417	0.43121344753674123
N_AQ.609	-0.8360366042290956	0.8360366042290954
N_AQ.61	0.6347207771790869	-0.6347207771790876
N_AQ.610	-0.18989810161693702	0.18989810161693657
N_AQ.611	-1.1024301982565436	1.1024301982565432
N_AQ.612	-0.011327065995959283	0.011327065995959059
N_AQ.613	-1.311373684795264	1.3113736847952635
N_AQ.614	1.8915764931501486	-1.891576493150149
N_AQ.615	0.8173927862041981	-0.8173927862041983
N_AQ.616	-1.6340748098423084	1.6340748098423077
N_AQ.617	-1.1846172777469355	1.1846172777469353
N_AQ.618	0.10033526989675356	-0.10033526989675401
N_AQ.619	0.7776202882636312	-0.7776202882636316
N_AQ.62	-0.4965441561821611	0.49654415618216063
N_AQ.620	-0.03691318339118207	0.03691318339118162
N_AQ.621	-0.3264080366261907	0.3264080366261905
N_AQ.622	-0.45952664648097014	0.4595266464809699
N_AQ.623	-0.7898511714888251	0.7898511714888247
N_AQ.624	1.1404932196594295	-1.1404932196594302
N_AQ.625	0.6007443214111285	-0.600744321411129
N_AQ.626	0.35120295225857395	-0.3512029522585742
N_AQ.627	-0.5313889323865443	0.531388932386544
N_AQ.628	0.43749611374265995	-0.4374961137426604
N_AQ.629	1.6632520397608703	-1.663252039760871
N_AQ.63	-0.30849774341820246	0.30849774341820224
N_AQ.630	-1.132891504002479	1.1328915040024787
N_AQ.631	2.119828597372117	-2.119828597372117
N_AQ.632	0.34880983453651165	-0.3488098345365121
N_AQ.633	-1.1672106489196068	1.1672106489196064
N_AQ.634	-0.7804849985851486	0.7804849985851483
N_AQ.635	1.4976360449142285	-1.497636044914229
N_AQ.636	-0.40438247711963426	0.40438247711963404
N_AQ.637	0.20751811967562206	-0.20751811967562253
N_AQ.638	-1.5982463002956764	1.5982463002956762
N_AQ.639	1.8443549253074956	-1.8443549253074958
N_AQ.64	-0.9372478442486365	0.9372478442486363
N_AQ.640	1.2289355668339665	-1.2289355668339668
N_AQ.641	0.11507975620202429	-0.11507975620202451
N_AQ.642	1.8129470440914306	-1.8129470440914308
N_AQ.643	-0.20676959253178218	0.20676959253178173
N_AQ.644	-0.2518848363288101	0.25188483632880987
N_AQ.645	-0.17825642334743108	0.17825642334743086
N_AQ.646	0.08009054261158506	-0.0800905426115855
N_AQ.647	1.6756225780489498	-1.67562257804895
N_AQ.648	2.1011355743103626	-2.101135574310364
N_AQ.649	0.28425784279686844	-0.2842578427968687
N_AQ.650	-0.03070740092218372	0.030707400922183273
N_AQ.651	-1.0641393145618734	1.0641393145618732
N_AQ.652	1.2324436482781467	-1.2324436482781471
N_AQ.653	1.7769251219530473	-1.776925121953048
N_AQ.654	-0.2680854530979468	0.26808545309794635
N_AQ.655	-1.325999274128986	1.3259992741289852
N_AQ.656	-0.978459913916167	0.9784599139161665
N_AQ.657	1.5627213659069545	-1.562721365906955
N_AQ.658	-0.6240302278334012	0.624030227833401
N_AQ.659	1.2827813685622234	-1.2827813685622234
N_AQ.66	0.36833101342546465	-0.36833101342546487
N_AQ.660	-0.45798895459795347	0.457988954597953
N_AQ.661	-1.433472835048797	1.4334728350487962
N_AQ.662	-1.6411677485667777	1.641167748566777
N_AQ.663	-0.30141232826047804	0.3014123282604776
N_AQ.664	1.6764992307277662	-1.6764992307277664
N_AQ.665	-0.028059077079611014	0.028059077079610792
N_AQ.666	-1.333382158141583	1.3333821581415826
N_AQ.667	-0.9228510202624032	0.9228510202624027
N_AQ.668	-0.2975756920142648	0.2975756920142646
N_AQ.669	0.22620268761267223	-0.22620268761267268
N_AQ.67	-0.6528561842160658	0.6528561842160656
N_AQ.670	-0.06360937884653717	0.06360937884653695
N_AQ.671	0.2243346591450833	-0.22433465914508352
N_AQ.672	-1.4795377684636395	1.479537768463639
N_AQ.673	0.8562602313821529	-0.8562602313821533
N_AQ.674	-0.41546998652575357	0.4154699865257531
N_AQ.675	-0.4435286998866089	0.4435286998866087
N_AQ.676	0.47345183663257134	-0.47345183663257157
N_AQ.677	1.7748815144556724	-1.7748815144556727
N_AQ.678	-1.1478593860006896	1.1478593860006892
N_AQ.679	0.2948733285356512	-0.2948733285356514
N_AQ.68	-0.9658241706647908	0.9658241706647904
N_AQ.680	1.5103916511922455	-1.510391651192246
N_AQ.681	0.2697160991442036	-0.269716099144204
N_AQ.682	0.02779190260962836	-0.02779190260962858
N_AQ.683	1.1394681718546817	-1.139468171854682
N_AQ.684	1.0690424575868533	-1.0690424575868536
N_AQ.685	1.0778954876668736	-1.0778954876668738
N_AQ.686	-1.3565240701780756	1.3565240701780752
N_AQ.687	-0.9698940337399378	0.9698940337399372
N_AQ.688	-1.3655757602983543	1.3655757602983538
N_AQ.689	1.3326438936239058	-1.332643893623906
N_AQ.69	2.0982363211640402	-2.0982363211640407
N_AQ.690	-0.9457375554121354	0.9457375554121348
N_AQ.691	1.8308084223683003	-1.8308084223683008
N_AQ.692	0.55270302619594	-0.55270302619594
N_AQ.693	0.6939003340189914	-0.6939003340189919
N_AQ.694	-0.30092322148794964	0.3009232214879494
N_AQ.695	1.122187985589859	-1.1221879855898593
N_AQ.696	-1.0861455129054496	1.0861455129054491
N_AQ.697	-0.12206700903581409	0.12206700903581387
N_AQ.698	-0.3992835932360738	0.3992835932360734
N_AQ.699	-0.5403291653522914	0.5403291653522911
N_AQ.7	-1.4389928527448634	1.4389928527448632
N_AQ.70	-1.4529985836573593	1.4529985836573593
N_AQ.700	0.6234787198251337	-0.6234787198251339
N_AQ.701	0.6877077398590207	-0.6877077398590211
N_AQ.702	-1.4043732843572667	1.4043732843572667
N_AQ.703	-0.8202046943178334	0.8202046943178329
N_AQ.704	-0.9414095011812432	0.941409501181243
N_AQ.705	0.6283407254868262	-0.6283407254868266
N_AQ.706	-0.18181410688634703	0.1818141068863468
N_AQ.707	-1.1885507974854583	1.188550797485458
N_AQ.708	-1.5351076045140284	1.535107604514028
N_AQ.709	-0.03202450261073364	0.03202450261073342
N_AQ.71	-0.9477525235683917	0.9477525235683915
N_AQ.710	0.542419833488231	-0.5424198334882312
N_AQ.711	-1.2376906055574155	1.2376906055574153
N_AQ.712	1.350929410186671	-1.3509294101866713
N_AQ.713	-1.304058548936544	1.3040585489365435
N_AQ.714	-0.6390046096865899	0.6390046096865897
N_AQ.715	-1.1552595100725527	1.1552595100725522
N_AQ.716	-1.2365862005257253	1.2365862005257249
N_AQ.717	0.35604612589700796	-0.35604612589700796
N_AQ.718	1.0577383659710693	-1.0577383659710695
N_AQ.719	-1.0819579523522003	1.0819579523521998
N_AQ.72	0.9080609627549191	-0.9080609627549191
N_AQ.720	-0.9103647298862463	0.9103647298862457
N_AQ.721	-0.11920359423125698	0.11920359423125676
N_AQ.722	-1.3664327201656783	1.3664327201656785
N_AQ.723	-1.301594294547364	1.301594294547363
N_AQ.724	1.1874600586683484	-1.1874600586683486
N_AQ.725	1.085188513821699	-1.0851885138216995
N_AQ.726	-1.3330316769970565	1.3330316769970565
N_AQ.727	-0.3641941041300169	0.3641941041300167
N_AQ.728	0.9625350582699891	-0.9625350582699891
N_AQ.729	-0.8497635791909466	0.8497635791909461
N_AQ.73	0.373193550650867	-0.37319355065086723
N_AQ.730	2.0808568652363437	-2.080856865236344
N_AQ.731	-0.4710367614652111	0.4710367614652107
N_AQ.732	-0.18151399509358254	0.1815139950935821
N_AQ.733	-1.526343394794438	1.5263433947944376
N_AQ.734	-0.9765248961596045	0.9765248961596041
N_AQ.735	0.8929159188602296	-0.89291591886023
N_AQ.736	-1.2556484919612085	1.255648491961208
N_AQ.737	-1.3662566212976193	1.3662566212976188
N_AQ.738	0.31049305005351685	-0.3104930500535173
N_AQ.739	1.9296910311818687	-1.9296910311818694
N_AQ.74	-1.5998919469508228	1.5998919469508224
N_AQ.740	1.2536649690718733	-1.2536649690718733
N_AQ.741	-0.7567202797456184	0.7567202797456182
N_AQ.742	1.1036221083501736	-1.1036221083501738
N_AQ.744	-0.8612239084328034	0.8612239084328028
N_AQ.745	-0.0012761721717821665	0.0012761721717819432
N_AQ.746	1.0514450704247194	-1.0514450704247194
N_AQ.747	-0.766218098872322	0.7662180988723216
N_AQ.748	0.76581487921119	-0.7658148792111902
N_AQ.749	-0.8325496979073137	0.8325496979073134
N_AQ.75	-0.1497710241734286	0.14977102417342816
N_AQ.750	1.1747919487623089	-1.1747919487623089
N_AQ.751	-0.9847905374726862	0.984790537472686
N_AQ.752	-1.3774014973927744	1.3774014973927737
N_AQ.753	-0.611046548612909	0.6110465486129087
N_AQ.754	0.10779318049364388	-0.10779318049364432
N_AQ.755	0.6114613427554367	-0.611461342755437
N_AQ.756	-1.1614682454859164	1.161468245485916
N_AQ.757	0.9972191714543723	-0.9972191714543728
N_AQ.758	-1.2798076660246007	1.2798076660246005
N_AQ.759	1.499812224641328	-1.4998122246413284
N_AQ.76	1.9691076294858676	-1.9691076294858678
N_AQ.760	-0.6773750388916872	0.6773750388916869
N_AQ.761	1.5049882402179884	-1.5049882402179886
N_AQ.762	-0.6630156457312175	0.6630156457312171
N_AQ.763	-1.4217377728615792	1.4217377728615788
N_AQ.764	-0.47660846333099405	0.4766084633309938
N_AQ.765	0.6346540676990668	-0.6346540676990671
N_AQ.766	0.9926914450296372	-0.9926914450296375
N_AQ.767	-1.2598150145918052	1.259815014591805
N_AQ.768	-0.8134409478045328	0.8134409478045324
N_AQ.769	0.4890331663195055	-0.48903316631950594
N_AQ.77	-1.2826946958003151	1.2826946958003145
N_AQ.770	-1.0687262471758454	1.068726247175845
N_AQ.771	0.22475203000310265	-0.22475203000310287
N_AQ.772	0.4160815286078767	-0.4160815286078767
N_AQ.773	2.158723008414939	-2.15872300841494
N_AQ.774	-1.0821439908176533	1.082143990817653
N_AQ.775	0.44311048093830885	-0.4431104809383093
N_AQ.776	-0.765038157881671	0.7650381578816707
N_AQ.777	0.5731104893310204	-0.5731104893310208
N_AQ.778	-0.8703683192764344	0.8703683192764341
N_AQ.779	0.22091455343751829	-0.22091455343751873
N_AQ.78	-0.4259364161983254	0.4259364161983252
N_AQ.780	1.1324871768398357	-1.1324871768398361
N_AQ.781	-1.1064950415327675	1.106495041532767
N_AQ.782	-0.24925589307754523	0.24925589307754478
N_AQ.783	0.14055662964549942	-0.14055662964549964
N_AQ.784	-0.06345456773609259	0.06345456773609215
N_AQ.785	-0.06284677984315436	0.06284677984315414
N_AQ.786	-1.2231305385814923	1.2231305385814921
N_AQ.787	-0.3404746027196704	0.34047460271967017
N_AQ.788	-0.5419991195349279	0.5419991195349274
N_AQ.789	-0.12898384202674323	0.128983842026743
N_AQ.79	-0.9302390602211167	0.9302390602211161
N_AQ.790	-1.252080175334553	1.2520801753345525
N_AQ.791	1.6055125100376635	-1.6055125100376642
N_AQ.792	-0.5941267069265614	0.594126706926561
N_AQ.793	1.5605884641228691	-1.5605884641228693
N_AQ.794	1.6186081545089026	-1.6186081545089028
N_AQ.795	0.5190237742346354	-0.5190237742346359
N_AQ.796	-0.17634862298869483	0.1763486229886946
N_AQ.797	-1.0829751111329495	1.082975111132949
N_AQ.798	0.07819716865054631	-0.07819716865054653
N_AQ.799	0.5517590278883338	-0.5517590278883342
N_AQ.8	0.38529102185000025	-0.38529102185000047
N_AQ.80	0.16901050239212687	-0.1690105023921271
N_AQ.800	-0.7656665311118148	0.7656665311118145
N_AQ.801	-0.08001589439770919	0.08001589439770897
N_AQ.802	-1.0397316000456491	1.0397316000456487
N_AQ.803	1.7627510430796383	-1.7627510430796387
N_AQ.804	-1.0341246420756518	1.0341246420756516
N_AQ.805	-0.6823690730672501	0.6823690730672497
N_AQ.806	0.19600821226430049	-0.19600821226430096
N_AQ.807	-1.0542738352401375	1.054273835240137
N_AQ.808	-0.43463541562275837	0.43463541562275815
N_AQ.809	1.762450864060803	-1.7624508640608034
N_AQ.81	-0.028525162771253325	0.028525162771253103
N_AQ.810	1.132950819153816	-1.1329508191538162
N_AQ.811	0.2131621292672203	-0.21316212926722075
N_AQ.812	-1.3929077857081602	1.3929077857081598
N_AQ.813	-0.8435514191618864	0.8435514191618859
N_AQ.814	0.48097640968822497	-0.4809764096882252
N_AQ.815	-1.1085550197779326	1.1085550197779321
N_AQ.816	1.1844193142294845	-1.184419314229485
N_AQ.817	-0.7806371886102225	0.7806371886102221
N_AQ.818	-0.4750893915977286	0.4750893915977284
N_AQ.819	-0.10021415457837946	0.10021415457837923
N_AQ.82	0.004292535472301102	-0.004292535472301549
N_AQ.820	-1.2064997607682932	1.206499760768293
N_AQ.821	1.7552380843590505	-1.7552380843590512
N_AQ.822	-1.4473715146158228	1.4473715146158228
N_AQ.823	-0.46452008874537165	0.46452008874537143
N_AQ.824	-0.6132379772775187	0.6132379772775185
N_AQ.825	-0.8427862327759116	0.8427862327759112
N_AQ.826	-0.29582080535194727	0.29582080535194705
N_AQ.827	-1.0877757608531022	1.0877757608531018
N_AQ.828	-0.6417020954748458	0.6417020954748456
N_AQ.829	0.17994462909301082	-0.17994462909301126
N_AQ.83	0.39545412181633416	-0.39545412181633416
N_AQ.830	-1.4056118003544398	1.4056118003544396
N_AQ.831	-0.420174408789689	0.42017440878968876
N_AQ.832	-1.1672092925974307	1.1672092925974302
N_AQ.833	-0.6390267114853463	0.6390267114853461
N_AQ.834	-0.37082794119736245	0.37082794119736223
N_AQ.835	1.3008595244593555	-1.3008595244593562
N_AQ.836	2.03257346731313	-2.032573467313131
N_AQ.837	0.4121421506767726	-0.41214215067677307
N_AQ.838	-0.3044068038412532	0.30440680384125296
N_AQ.839	-0.4968176544613099	0.49681765446130965
N_AQ.84	-0.5960650844087284	0.596065084408728
N_AQ.840	-1.1507137472309552	1.1507137472309548
N_AQ.841	-0.32731762995885916	0.32731762995885894
N_AQ.842	1.3009138297576022	-1.3009138297576022
N_AQ.843	0.4854407066124928	-0.485440706612493
N_AQ.844	-0.6739513636029798	0.6739513636029796
N_AQ.845	-1.0911036973929897	1.0911036973929895
N_AQ.846	0.7770120807862738	-0.7770120807862743
N_AQ.847	-1.3747235765966892	1.374723576596689
N_AQ.848	0.07568207551526421	-0.07568207551526465
N_AQ.849	-0.1376421133259318	0.13764211332593135
N_AQ.85	-0.48380126690847375	0.4838012669084733
N_AQ.850	1.9910650894176243	-1.9910650894176245
N_AQ.851	1.1374056864205992	-1.1374056864205995
N_AQ.852	-0.13778386338186022	0.13778386338185977
N_AQ.853	-1.1222257745839668	1.1222257745839663
N_AQ.854	-0.5536612118425465	0.5536612118425462
N_AQ.855	1.2371644812130735	-1.2371644812130738
N_AQ.856	-0.12822320812565813	0.12822320812565768
N_AQ.857	0.9490090028810907	-0.9490090028810909
N_AQ.858	-0.8861605662481169	0.8861605662481163
N_AQ.859	1.348954891841336	-1.3489548918413363
N_AQ.86	-1.0838548427419363	1.083854842741936
N_AQ.860	0.533515694512064	-0.5335156945120643
N_AQ.861	-0.6133170838277061	0.6133170838277059
N_AQ.862	0.599960496879198	-0.5999604968791986
N_AQ.863	-0.07023678765017805	0.0702367876501776
N_AQ.864	0.6325927847237568	-0.6325927847237575
N_AQ.865	0.606938609168229	-0.6069386091682292
N_AQ.866	1.312076684302539	-1.312076684302539
N_AQ.867	1.8162935746548619	-1.8162935746548623
N_AQ.868	1.9125792635693522	-1.9125792635693528
N_AQ.869	-0.6933618848751318	0.6933618848751314
N_AQ.87	1.001830527592999	-1.0018305275929995
N_AQ.870	0.07701751922934252	-0.07701751922934275
N_AQ.871	1.1217136054967725	-1.1217136054967727
N_AQ.872	-0.30057107087402585	0.3005710708740256
N_AQ.873	0.3482012086333134	-0.34820120863331383
N_AQ.874	-1.134812157577425	1.1348121575774246
N_AQ.875	1.41100808597074	-1.4110080859707403
N_AQ.876	0.9013094304052024	-0.9013094304052024
N_AQ.877	0.44279675247718286	-0.4427967524771831
N_AQ.878	-0.5333184540754854	0.533318454075485
N_AQ.879	0.8322634089440853	-0.8322634089440858
N_AQ.88	-1.3890214150768703	1.38902141507687
N_AQ.880	0.6481057234210981	-0.6481057234210983
N_AQ.881	-0.11456946328586258	0.11456946328586236
N_AQ.882	1.3233445594157827	-1.3233445594157829
N_AQ.883	2.0541936807301266	-2.0541936807301266
N_AQ.884	-1.0563172674777128	1.0563172674777126
N_AQ.885	0.8713129336057864	-0.8713129336057867
N_AQ.886	2.1587058029726522	-2.158705802972653
N_AQ.887	1.3525458018617464	-1.3525458018617467
N_AQ.888	-1.488601381255752	1.4886013812557517
N_AQ.889	2.0954603384205512	-2.0954603384205517
N_AQ.89	0.252628344071624	-0.25262834407162443
N_AQ.890	-1.515063909532483	1.5150639095324823
N_AQ.891	0.6137858969149275	-0.6137858969149281
N_AQ.892	0.25862300703401947	-0.2586230070340199
N_AQ.893	0.9767362807877402	-0.9767362807877402
N_AQ.894	0.49833434187019243	-0.4983343418701929
N_AQ.895	-0.24548831711391478	0.24548831711391456
N_AQ.896	1.8411672116102982	-1.8411672116102984
N_AQ.897	-1.0809094590982258	1.0809094590982253
N_AQ.898	0.3733302467346828	-0.37333024673468324
N_AQ.899	1.0670287991745606	-1.0670287991745608
N_AQ.9	-1.5010625021764354	1.5010625021764354
N_AQ.90	1.5072528745630032	-1.5072528745630034
N_AQ.900	-0.03150294559268581	0.031502945592685586
N_AQ.901	-1.5366540941246536	1.5366540941246534
N_AQ.902	0.10375000877379603	-0.10375000877379648
N_AQ.903	-0.4779978336551259	0.47799783365512544
N_AQ.904	-1.411599660270123	1.4115996602701228
N_AQ.905	1.6677076763511465	-1.6677076763511465
N_AQ.906	-1.2265224224725313	1.2265224224725308
N_AQ.907	-1.0769768645849755	1.0769768645849753
N_AQ.908	-0.88883762037739	0.8888376203773898
N_AQ.909	-0.6037867197347762	0.6037867197347759
N_AQ.91	-1.1902304370284762	1.1902304370284758
N_AQ.910	1.121908078269631	-1.1219080782696313
N_AQ.911	0.4605922168775283	-0.46059221687752855
N_AQ.912	0.5159272320396371	-0.5159272320396378
N_AQ.913	-0.9155204532664502	0.9155204532664498
N_AQ.914	-1.190933701787765	1.1909337017877646
N_AQ.915	-1.5433373299966398	1.5433373299966393
N_AQ.916	0.5081513140446501	-0.5081513140446507
N_AQ.917	-0.4790639628956109	0.47906396289561065
N_AQ.918	-0.28130992476358885	0.2813099247635884
N_AQ.919	0.23388941203662167	-0.2338894120366219
N_AQ.92	-0.5641691070311445	0.5641691070311443
N_AQ.920	-1.3132133748760655	1.3132133748760653
N_AQ.921	-1.4012422179309367	1.4012422179309363
N_AQ.922	0.5214456290389381	-0.5214456290389388
N_AQ.923	0.870276924037827	-0.8702769240378272
N_AQ.924	0.19540215669487634	-0.1954021566948768
N_AQ.925	-0.13661361150683693	0.1366136115068367
N_AQ.926	1.319416794077883	-1.319416794077883
N_AQ.927	1.0342800131377918	-1.0342800131377923
N_AQ.928	-0.6793433262154356	0.6793433262154354
N_AQ.929	0.7515598356733535	-0.7515598356733539
N_AQ.93	0.27656887731004376	-0.2765688773100442
N_AQ.930	-0.7104847457098957	0.7104847457098953
N_AQ.931	-1.1710116147731198	1.1710116147731193
N_AQ.932	-1.3208859990453872	1.3208859990453867
N_AQ.933	-1.0352594740241796	1.0352594740241794
N_AQ.934	-0.4451089178491132	0.445108917849113
N_AQ.935	0.910619433764581	-0.9106194337645814
N_AQ.936	-1.3891226406562076	1.3891226406562074
N_AQ.937	-0.7910452223088198	0.7910452223088196
N_AQ.938	-0.9327355161556152	0.9327355161556149
N_AQ.939	-0.38965922235191636	0.38965922235191613
N_AQ.94	-0.5209995458080072	0.5209995458080068
N_AQ.940	-1.136014863397376	1.1360148633973755
N_AQ.941	0.884718493312238	-0.8847184933122382
N_AQ.942	-0.39507871972314784	0.3950787197231476
N_AQ.943	-0.48752078552617406	0.4875207855261736
N_AQ.944	1.0028109591451686	-1.0028109591451686
N_AQ.945	1.1659335042763912	-1.1659335042763914
N_AQ.946	-0.1540319405615753	0.15403194056157485
N_AQ.947	-0.7968123119392081	0.7968123119392077
N_AQ.948	-0.6588978163296632	0.6588978163296629
N_AQ.949	-0.8046669410585594	0.8046669410585592
N_AQ.950	1.8030144928932639	-1.803014492893264
N_AQ.952	0.6019233315047814	-0.601923331504782
N_AQ.953	-1.2708090445382059	1.2708090445382054
N_AQ.954	2.0476893237599554	-2.0476893237599554
N_AQ.955	0.9482761054454086	-0.9482761054454091
N_AQ.956	-0.25382360528186837	0.2538236052818679
N_AQ.957	0.542583614691972	-0.5425836146919725
N_AQ.958	-1.3391646073124537	1.3391646073124535
N_AQ.959	-1.4542980172250932	1.4542980172250928
N_AQ.96	-1.4310790902965345	1.4310790902965338
N_AQ.960	-0.6080016522353929	0.6080016522353925
N_AQ.961	-0.07798091092514849	0.07798091092514804
N_AQ.962	0.5189788890939164	-0.5189788890939169
N_AQ.963	0.6464744832255666	-0.646474483225567
N_AQ.964	-0.24477046886259005	0.2447704688625898
N_AQ.965	-1.6658632873697572	1.665863287369757
N_AQ.966	0.3191369189964909	-0.3191369189964913
N_AQ.967	1.549454638990747	-1.5494546389907478
N_AQ.968	0.8996025322675318	-0.8996025322675323
N_AQ.969	-0.18801089480441976	0.1880108948044193
N_AQ.97	0.2595297071771282	-0.2595297071771284
N_AQ.970	-0.25977426228921663	0.2597742622892162
N_AQ.971	0.30987975354434477	-0.309879753544345
N_AQ.972	-0.10016078123221105	0.1001607812322106
N_AQ.973	0.8331471665335666	-0.8331471665335668
N_AQ.974	1.3905755915497096	-1.3905755915497098
N_AQ.975	-0.5322827492550111	0.5322827492550106
N_AQ.976	-0.9781647255015166	0.9781647255015163
N_AQ.977	1.018916636063401	-1.0189166360634014
N_AQ.978	-0.7817270506143237	0.7817270506143235
N_AQ.979	-1.1740945412157164	1.174094541215716
N_AQ.98	-0.9422568984172754	0.9422568984172751
N_AQ.980	-0.6941108519228507	0.6941108519228502
N_AQ.981	1.0681682784726243	-1.0681682784726245
N_AQ.982	-0.4043764127961728	0.40437641279617237
N_AQ.983	0.3032738304498035	-0.303273830449804
N_AQ.984	0.04740210952172632	-0.04740210952172654
N_AQ.985	0.3187722480578345	-0.31877224805783494
N_AQ.986	0.516843169194359	-0.5168431691943595
N_AQ.987	1.5162318561329453	-1.5162318561329458
N_AQ.988	0.5864685424737793	-0.5864685424737796
N_AQ.989	0.7856887019225541	-0.7856887019225546
N_AQ.99	1.144758690746975	-1.144758690746975
N_AQ.990	-1.1494549705697015	1.149454970569701
N_AQ.991	1.5811741403170103	-1.5811741403170105
N_AQ.992	-0.4181489842472997	0.41814898424729946
N_AQ.993	-1.0580600422945443	1.0580600422945439
N_AQ.994	1.5580248931903644	-1.5580248931903646
N_AQ.995	1.343777473112775	-1.3437774731127752
N_AQ.996	0.2370596030793479	-0.23705960307934812
N_AQ.997	0.7799537136627338	-0.7799537136627342
N_AQ.998	-0.923761663421151	0.9237616634211505
N_AQ.999	1.0038358304084725	-1.0038358304084725
N_LP.1	-1.2899913446289508	1.2899913446289504
N_LP.10	-1.462054246564312	1.4620542465643118
N_LP.100	0.9729800508573024	-0.9729800508573031
N_LP.1000	-0.7833126365860412	0.7833126365860408
N_LP.1001	0.015467439959335073	-0.01546743995933552
N_LP.1002	0.8856092027360993	-0.8856092027360996
N_LP.1003	-0.05236755707217206	0.05236755707217183
N_LP.1004	0.31860908558765483	-0.31860908558765483
N_LP.1005	0.682716902336877	-0.6827169023368774
N_LP.1006	0.6034206093410093	-0.6034206093410097
N_LP.1008	0.30006506465565647	-0.3000650646556569
N_LP.1009	-0.9546338355913853	0.9546338355913849
N_LP.101	-0.4802990127332715	0.4802990127332713
N_LP.1010	-0.17837691783843482	0.1783769178384346
N_LP.1011	0.3471309856753049	-0.34713098567530515
N_LP.1012	1.4581811985132809	-1.458181198513281
N_LP.1013	-0.10129398170105117	0.10129398170105094
N_LP.1014	-0.6509273470916574	0.6509273470916572
N_LP.1015	0.8560701007674867	-0.8560701007674871
N_LP.1016	1.7273898236116199	-1.72738982361162
N_LP.1017	0.7979303769218388	-0.797930376921839
N_LP.1018	-1.3573292078305874	1.3573292078305874
N_LP.1019	1.4633151698232034	-1.4633151698232036
N_LP.102	0.9153005550894941	-0.9153005550894944
N_LP.1020	1.3836117709589255	-1.3836117709589257
N_LP.1021	-0.8408549460048088	0.8408549460048086
N_LP.1022	-0.7934473041855935	0.7934473041855931
N_LP.1023	-0.8572379094151888	0.8572379094151883
N_LP.1024	0.7103353246870698	-0.7103353246870703
N_LP.1025	1.3921519093482975	-1.3921519093482981
N_LP.1026	0.21794923612564734	-0.2179492361256478
N_LP.1027	1.4194291524962181	-1.4194291524962186
N_LP.1028	1.493790529604443	-1.4937905296044431
N_LP.1029	0.2812042652126759	-0.28120426521267633
N_LP.103	-1.5826735023897032	1.582673502389703
N_LP.1030	0.9848798749434569	-0.9848798749434569
N_LP.1031	-0.41362948929258486	0.41362948929258464
N_LP.1032	-1.0027428593738286	1.0027428593738281
N_LP.1033	-0.8433265487441052	0.8433265487441046
N_LP.1034	-1.4150041945171599	1.4150041945171594
N_LP.1035	-0.05148252405281261	0.05148252405281239
N_LP.1036	0.7970715215996372	-0.7970715215996372
N_LP.1038	1.8183818718901528	-1.818381871890153
N_LP.1039	-0.5299307257488683	0.5299307257488681
N_LP.104	-1.0831138541569854	1.0831138541569851
N_LP.1040	0.5705885690607135	-0.570588569060714
N_LP.1041	-1.343229951265741	1.3432299512657406
N_LP.1042	0.7103678006785317	-0.7103678006785321
N_LP.1043	-0.5465173424580331	0.5465173424580325
N_LP.1044	1.5756488732583305	-1.575648873258331
N_LP.1046	-0.40580715407576723	0.405807154075767
N_LP.1047	-0.685874130832747	0.6858741308327465
N_LP.1048	0.5334455672773014	-0.5334455672773016
N_LP.1049	0.8953134777039948	-0.895313477703995
N_LP.105	-1.1325553170503508	1.1325553170503504
N_LP.1050	0.0953970674183252	-0.09539706741832542
N_LP.1051	0.19685115744558848	-0.1968511574455887
N_LP.1052	0.7932843805796954	-0.7932843805796959
N_LP.1053	-0.5600852166459729	0.5600852166459724
N_LP.1054	-0.9135992561190749	0.9135992561190747
N_LP.1055	-1.2001079979290523	1.200107997929052
N_LP.1056	1.2937885368910873	-1.2937885368910877
N_LP.1057	-0.8355215246403163	0.835521524640316
N_LP.1058	0.43440520976912644	-0.43440520976912667
N_LP.1059	1.8196856716837306	-1.8196856716837309
N_LP.106	-0.8528918173865054	0.8528918173865052
N_LP.1060	-0.3089370801332779	0.3089370801332774
N_LP.1061	-0.3078261771868775	0.30782617718687727
N_LP.1062	0.7874727114661427	-0.7874727114661434
N_LP.1063	-0.0068513219093034395	0.006851321909302993
N_LP.1064	0.14683165681062152	-0.14683165681062196
N_LP.1065	0.24009380284950554	-0.240093802849506
N_LP.1066	-1.426884217191629	1.4268842171916287
N_LP.1067	0.7295439532714894	-0.72954395327149
N_LP.1068	0.12590512812150037	-0.12590512812150081
N_LP.1069	-0.7810535768357817	0.7810535768357814
N_LP.107	1.2443863875001362	-1.2443863875001362
N_LP.1070	1.837603905304676	-1.8376039053046764
N_LP.1071	-1.3312766559169986	1.3312766559169982
N_LP.1072	-0.6882212156641974	0.6882212156641971
N_LP.1073	1.2426646306829465	-1.2426646306829467
N_LP.1074	0.44666285403462697	-0.4466628540346272
N_LP.1075	0.1584080508392593	-0.15840805083925974
N_LP.1076	0.00827506768739015	-0.008275067687390598
N_LP.1077	0.2184559455197599	-0.21845594551976033
N_LP.1078	-1.3327086513616904	1.3327086513616895
N_LP.1079	0.8340977683580016	-0.8340977683580021
N_LP.108	-0.9740444472297464	0.9740444472297459
N_LP.1080	0.24165473258145131	-0.24165473258145176
N_LP.1081	1.8812765962120988	-1.881276596212099
N_LP.1082	0.761773682264403	-0.7617736822644035
N_LP.1083	-1.3339117808865553	1.333911780886555
N_LP.1084	-0.08995800893065299	0.08995800893065255
N_LP.1085	-1.3026918479333993	1.3026918479333984
N_LP.1086	0.7152176291756427	-0.7152176291756431
N_LP.1087	-0.1765045298952856	0.17650452989528514
N_LP.1088	-0.09923464962249486	0.0992346496224944
N_LP.1089	1.4940331570786571	-1.4940331570786574
N_LP.109	-0.41996462863607814	0.4199646286360777
N_LP.1090	-0.4982313981964596	0.4982313981964594
N_LP.1091	1.4285376743904283	-1.4285376743904286
N_LP.1092	1.867213988408082	-1.8672139884080827
N_LP.1093	-0.15046030242022734	0.1504603024202269
N_LP.1094	-0.20065449527937498	0.20065449527937454
N_LP.1095	1.554906484321944	-1.5549064843219444
N_LP.1096	-0.3033493204682153	0.30334932046821506
N_LP.1097	-0.7812963435265481	0.7812963435265475
N_LP.1098	-0.07411087782640685	0.07411087782640663
N_LP.1099	-0.5775034706660268	0.5775034706660264
N_LP.11	0.34234385994849387	-0.3423438599484943
N_LP.110	-1.1803455772660194	1.180345577266019
N_LP.1100	-0.090571628474749	0.09057162847474878
N_LP.1101	0.4739412635592615	-0.47394126355926197
N_LP.1102	0.2717235892747554	-0.2717235892747558
N_LP.1103	1.2737926957734644	-1.2737926957734649
N_LP.1104	0.515792914672901	-0.5157929146729014
N_LP.1105	-1.2762227379321198	1.2762227379321196
N_LP.1106	-0.5477632718704605	0.5477632718704603
N_LP.1107	1.48225643258476	-1.4822564325847603
N_LP.1108	-0.5432283272703415	0.5432283272703413
N_LP.1109	-1.4597788739371325	1.4597788739371325
N_LP.111	0.49321387671999145	-0.4932138767199917
N_LP.1110	-0.04547974877665775	0.04547974877665753
N_LP.1111	1.5109899810587155	-1.5109899810587162
N_LP.1112	-0.3525154888444007	0.35251548884440026
N_LP.1113	1.6918572484723409	-1.6918572484723413
N_LP.1114	0.8997230198647185	-0.8997230198647189
N_LP.1115	-0.698105617536074	0.6981056175360736
N_LP.1116	1.4853727376782078	-1.485372737678208
N_LP.1117	-0.1792493289904243	0.1792493289904241
N_LP.1118	-0.9320564594449005	0.9320564594449001
N_LP.1119	1.8595151594618637	-1.859515159461864
N_LP.112	-1.4782587246425523	1.478258724642552
N_LP.1120	0.03262740389493259	-0.03262740389493304
N_LP.1121	-1.3007849926318695	1.3007849926318693
N_LP.1122	-0.9412576599111054	0.9412576599111051
N_LP.1123	-1.279675046635082	1.2796750466350815
N_LP.1125	-1.3957873987211227	1.3957873987211227
N_LP.1126	0.5496573672864656	-0.5496573672864661
N_LP.1127	-0.7831077275303033	0.7831077275303028
N_LP.1128	0.15565931959988896	-0.1556593195998894
N_LP.1129	0.6690176434444081	-0.6690176434444085
N_LP.113	0.9966013143207352	-0.9966013143207356
N_LP.1130	1.2969275994970995	-1.2969275994971001
N_LP.1131	-0.3730651436872495	0.3730651436872491
N_LP.1132	-1.4589642156892995	1.458964215689299
N_LP.1133	1.789714321703848	-1.7897143217038485
N_LP.1135	-0.1877349968053275	0.18773499680532726
N_LP.1136	-0.8959299949718313	0.895929994971831
N_LP.1137	-1.5446311295341024	1.5446311295341022
N_LP.1139	1.364013447234941	-1.3640134472349412
N_LP.114	-0.3502110524399996	0.35021105243999917
N_LP.1140	0.262864331354837	-0.2628643313548372
N_LP.1141	0.16717545755435684	-0.16717545755435706
N_LP.1142	1.2109292029766983	-1.2109292029766987
N_LP.1143	1.9414629511774728	-1.9414629511774735
N_LP.1144	-1.048127420686094	1.0481274206860938
N_LP.1145	-1.2263338957919547	1.2263338957919545
N_LP.1146	1.5061694415457212	-1.5061694415457216
N_LP.1147	-0.034516086520672264	0.03451608652067182
N_LP.1148	-0.9892607821458853	0.9892607821458851
N_LP.1149	-1.5566871435114844	1.556687143511484
N_LP.115	0.1627356873273851	-0.16273568732738533
N_LP.1150	0.18886887010960446	-0.1888688701096049
N_LP.1151	-0.6012861553345054	0.6012861553345051
N_LP.1152	0.3058065481591757	-0.3058065481591759
N_LP.1153	-0.3904190747585473	0.3904190747585471
N_LP.1154	1.3793648148347932	-1.3793648148347937
N_LP.1155	-0.22297283759035608	0.22297283759035585
N_LP.1156	0.15032573228845025	-0.15032573228845048
N_LP.1157	0.8165433542386109	-0.8165433542386114
N_LP.1158	1.8480079984118396	-1.8480079984118398
N_LP.1159	-0.7729809077373542	0.7729809077373538
N_LP.116	0.13953822168107335	-0.13953822168107358
N_LP.1160	-1.0993032705977481	1.0993032705977477
N_LP.1161	-0.5269953743057113	0.5269953743057111
N_LP.1162	-0.30143404578860006	0.30143404578859984
N_LP.1163	1.3251259797782369	-1.3251259797782373
N_LP.1164	1.2158807956256101	-1.2158807956256108
N_LP.1165	0.4568714541531626	-0.45687145415316305
N_LP.1166	-1.214415180319222	1.2144151803192216
N_LP.1167	1.390968799533849	-1.3909687995338493
N_LP.1168	0.6918730858842356	-0.6918730858842358
N_LP.1169	-0.466614370317278	0.46661437031727754
N_LP.117	1.1468423420462972	-1.1468423420462979
N_LP.1170	1.834029781903426	-1.8340297819034266
N_LP.1171	-1.0027177755294683	1.002717775529468
N_LP.1172	0.24934379049006347	-0.2493437904900637
N_LP.1173	1.1512274649564755	-1.151227464956476
N_LP.1174	-0.37732926172261827	0.3773292617226178
N_LP.1175	1.2350800382635598	-1.23508003826356
N_LP.1176	-0.7462315159954616	0.7462315159954613
N_LP.1177	1.609650492391515	-1.6096504923915151
N_LP.1178	0.32451962503136694	-0.32451962503136716
N_LP.1179	-0.5973047659928463	0.5973047659928459
N_LP.118	-1.4512443105748947	1.4512443105748944
N_LP.1180	0.9491714765017569	-0.9491714765017574
N_LP.1181	-0.499286655086798	0.49928665508679776
N_LP.1182	-1.1196373813859537	1.1196373813859533
N_LP.1183	-0.5207784998480092	0.5207784998480087
N_LP.1184	0.15661851296175117	-0.1566185129617516
N_LP.1185	-0.7224071286752627	0.7224071286752621
N_LP.1186	-0.8514668040030069	0.8514668040030064
N_LP.1187	-0.9664919602046136	0.966491960204613
N_LP.1188	-0.857893706173373	0.8578937061733727
N_LP.1189	0.036469563357914556	-0.03646956335791478
N_LP.119	-0.21675830739306595	0.2167583073930655
N_LP.1190	-0.4401056997732079	0.4401056997732077
N_LP.1191	1.5552820812010055	-1.5552820812010058
N_LP.1192	1.1052788923962125	-1.105278892396213
N_LP.1194	-0.17418462880005633	0.1741846288000561
N_LP.1195	-0.17208027766607686	0.17208027766607642
N_LP.1196	0.8603912920062714	-0.8603912920062721
N_LP.1197	-0.7518133991558856	0.7518133991558854
N_LP.1198	0.36096682922219353	-0.36096682922219375
N_LP.1199	0.6574163185565638	-0.6574163185565638
N_LP.12	1.6692728651677524	-1.669272865167753
N_LP.120	-0.7239259759349396	0.7239259759349392
N_LP.1201	0.05566190569588757	-0.05566190569588779
N_LP.1202	0.5552530640611854	-0.555253064061186
N_LP.1203	0.2470129773287475	-0.24701297732874772
N_LP.1204	0.5882288352396778	-0.5882288352396781
N_LP.1205	1.5370254999955262	-1.5370254999955268
N_LP.1206	0.25310763820109533	-0.25310763820109555
N_LP.1207	-0.6397750975669145	0.6397750975669141
N_LP.1208	-0.5249965755532955	0.524996575553295
N_LP.1209	0.33104116301623954	-0.33104116301623954
N_LP.121	-0.9926032644882476	0.9926032644882472
N_LP.1210	-1.4184483320736512	1.4184483320736507
N_LP.1211	1.3875784169988286	-1.387578416998829
N_LP.1212	0.5613543748211113	-0.5613543748211117
N_LP.1213	1.6292725939360615	-1.6292725939360617
N_LP.1214	1.2295130117171218	-1.2295130117171222
N_LP.1215	-0.20386912013015945	0.20386912013015923
N_LP.1216	-1.4552134253459823	1.4552134253459819
N_LP.1217	-1.0813933776736433	1.081393377673643
N_LP.1218	-0.7031928268354898	0.7031928268354894
N_LP.1219	-1.6092206822669026	1.6092206822669017
N_LP.122	2.1724771304081023	-2.1724771304081028
N_LP.1220	0.5729591239643832	-0.5729591239643836
N_LP.1221	-0.022476911453970776	0.022476911453970554
N_LP.1222	0.530855287237493	-0.530855287237493
N_LP.1223	0.004063107285224481	-0.004063107285224927
N_LP.1224	-0.017724104048526375	0.017724104048526153
N_LP.1225	0.8614249464178935	-0.8614249464178937
N_LP.1226	-1.0867749764174186	1.0867749764174184
N_LP.1227	-0.8154313798375488	0.8154313798375485
N_LP.1228	0.5217027914056758	-0.5217027914056762
N_LP.1229	0.47531582087790764	-0.47531582087790786
N_LP.123	0.35885361228497537	-0.3588536122849758
N_LP.1230	0.01614079013788956	-0.016140790137890007
N_LP.1231	0.6871317030687163	-0.6871317030687167
N_LP.1232	-0.8449732489034762	0.8449732489034759
N_LP.1233	-1.3600240050538783	1.3600240050538779
N_LP.1234	-1.0335434181408982	1.0335434181408978
N_LP.1235	0.5287743346549203	-0.528774334654921
N_LP.1236	1.5140817841889287	-1.514081784188929
N_LP.1237	0.276596445289976	-0.27659644528997623
N_LP.1238	0.07829704846561346	-0.07829704846561392
N_LP.1239	-0.22520354161652514	0.2252035416165247
N_LP.124	-1.093439958271656	1.0934399582716559
N_LP.1240	0.6488703425945213	-0.6488703425945217
N_LP.1242	0.4295899036662493	-0.4295899036662495
N_LP.1243	-0.7494578549308958	0.7494578549308952
N_LP.1244	1.8637494828483652	-1.8637494828483656
N_LP.1245	0.7509343671799934	-0.7509343671799934
N_LP.1246	1.0789362921661987	-1.0789362921661994
N_LP.1247	-0.3775089432592669	0.3775089432592667
N_LP.1248	0.09043319866673503	-0.09043319866673526
N_LP.1249	-1.1833697188221768	1.1833697188221766
N_LP.125	-0.3808460135925511	0.38084601359255066
N_LP.1250	-0.9764460442685463	0.9764460442685461
N_LP.1251	1.174497659895263	-1.1744976598952634
N_LP.1252	0.4227526529772527	-0.4227526529772529
N_LP.1253	0.016144897804323412	-0.016144897804323637
N_LP.1254	-1.2111860888242882	1.211186088824288
N_LP.1255	0.06917430838452898	-0.06917430838452943
N_LP.1256	-1.421281545922649	1.4212815459226487
N_LP.1257	1.4088554758966374	-1.4088554758966376
N_LP.1258	-0.2586037838040346	0.25860378380403437
N_LP.1259	-0.6367644664074807	0.6367644664074805
N_LP.126	0.26302235267929314	-0.26302235267929336
N_LP.1260	-0.14821676781347895	0.1482167678134785
N_LP.1261	-0.3959907015686528	0.39599070156865257
N_LP.1262	0.5510359013798278	-0.551035901379828
N_LP.1263	1.6352917568757726	-1.6352917568757728
N_LP.1264	-0.6325470756169496	0.6325470756169491
N_LP.1266	-1.4421284934468497	1.442128493446849
N_LP.1267	-0.19298780066345375	0.1929878006634533
N_LP.1268	-1.2879471364935222	1.2879471364935218
N_LP.1269	-1.3191214585263076	1.3191214585263078
N_LP.127	1.143888542278123	-1.1438885422781233
N_LP.1270	1.5129856262384915	-1.512985626238492
N_LP.1271	0.40707098836642797	-0.4070709883664282
N_LP.1272	0.24879491616203334	-0.24879491616203356
N_LP.1273	-0.35405854708299683	0.3540585470829966
N_LP.1274	-0.01055272978948482	0.010552729789484374
N_LP.1275	0.5465858506504955	-0.5465858506504955
N_LP.1276	0.7814949451615925	-0.7814949451615929
N_LP.1277	-0.830553166168638	0.8305531661686374
N_LP.1278	-1.1408124994675513	1.1408124994675508
N_LP.1279	0.4377929623180322	-0.43779296231803266
N_LP.128	0.5182174860706312	-0.5182174860706317
N_LP.1280	1.5695969717316278	-1.5695969717316283
N_LP.1281	2.002219129559873	-2.0022191295598737
N_LP.1282	1.593051047239539	-1.5930510472395396
N_LP.1283	0.9809567380081773	-0.9809567380081775
N_LP.1284	0.002932580788954187	-0.0029325807889546336
N_LP.1285	1.0552441199094096	-1.0552441199094096
N_LP.1287	0.6667346417605189	-0.6667346417605196
N_LP.1288	-0.2788065426587435	0.2788065426587433
N_LP.1289	-1.100401384849683	1.1004013848496825
N_LP.1290	1.9605630672963321	-1.9605630672963326
N_LP.1291	1.124193196263874	-1.1241931962638747
N_LP.1292	0.25149161744641085	-0.2514916174464111
N_LP.1293	0.7190660289418712	-0.7190660289418717
N_LP.1294	0.11527150926171971	-0.11527150926171993
N_LP.1295	0.3636965678445995	-0.3636965678445995
N_LP.1296	-0.18578391417491252	0.1857839141749123
N_LP.1297	1.4916411088297052	-1.4916411088297055
N_LP.1298	1.4508040619647904	-1.4508040619647906
N_LP.1299	-0.8351062162570101	0.8351062162570096
N_LP.13	1.6692565257071286	-1.6692565257071292
N_LP.130	0.20798498036261387	-0.2079849803626143
N_LP.1300	0.20098320897234653	-0.20098320897234698
N_LP.1301	-0.6206073540894435	0.620607354089443
N_LP.1302	-0.3724422477970903	0.37244224779709006
N_LP.1303	0.5362803789936647	-0.5362803789936651
N_LP.1304	0.26066527002074064	-0.2606652700207411
N_LP.1305	-0.9078713923853888	0.9078713923853884
N_LP.1306	1.5770301941758087	-1.577030194175809
N_LP.1307	0.9650357250520103	-0.9650357250520105
N_LP.1308	0.943291875416659	-0.9432918754166593
N_LP.1309	1.1951491662648879	-1.1951491662648883
N_LP.131	-0.5994976307869302	0.59949763078693
N_LP.1310	1.015190418055675	-1.0151904180556754
N_LP.1311	0.553580518798895	-0.5535805187988952
N_LP.1312	0.6942732729685533	-0.6942732729685536
N_LP.1313	0.8399515099452342	-0.8399515099452346
N_LP.1314	0.5986715394488944	-0.5986715394488946
N_LP.1315	-0.8658964013524892	0.865896401352489
N_LP.1316	-1.2660181917587396	1.2660181917587392
N_LP.1317	-1.544852662156598	1.5448526621565977
N_LP.1318	0.45757020488344646	-0.4575702048834469
N_LP.1319	0.5850864453061961	-0.5850864453061966
N_LP.132	-0.33246007603924105	0.3324600760392406
N_LP.1320	-0.9968387601097458	0.9968387601097455
N_LP.1321	1.2879906403090282	-1.2879906403090284
N_LP.1322	-1.369105357072626	1.3691053570726255
N_LP.1323	-0.10884383845920366	0.10884383845920344
N_LP.1324	-0.5372081555350343	0.5372081555350341
N_LP.1325	1.5722138050660215	-1.5722138050660217
N_LP.1326	-1.40873771070827	1.4087377107082701
N_LP.1327	1.092651088298983	-1.0926510882989835
N_LP.1328	1.576788276908848	-1.5767882769088486
N_LP.1329	1.2956437567272694	-1.2956437567272696
N_LP.133	0.030324756137562223	-0.03032475613756267
N_LP.1330	-0.3542009174603162	0.35420091746031573
N_LP.1331	0.5814639403049472	-0.5814639403049476
N_LP.1332	0.026158021280227494	-0.026158021280227938
N_LP.1333	0.026098625635189655	-0.026098625635189877
N_LP.1334	-1.5234960648016411	1.5234960648016407
N_LP.1335	-0.6539965081126039	0.6539965081126037
N_LP.1336	0.9024857462063147	-0.9024857462063152
N_LP.1337	-1.1095360015268747	1.1095360015268743
N_LP.1338	0.32718767907048535	-0.32718767907048607
N_LP.1339	1.378159951495045	-1.3781599514950453
N_LP.134	-1.3742994423084176	1.3742994423084167
N_LP.1340	-0.48411208916068044	0.4841120891606802
N_LP.1341	0.8601534575616298	-0.8601534575616298
N_LP.1342	-1.2165341120987545	1.216534112098754
N_LP.1343	-1.3943171464055213	1.3943171464055204
N_LP.1344	-0.11914535906836818	0.11914535906836796
N_LP.1345	0.30002717031868525	-0.3000271703186857
N_LP.1346	0.4877212659027646	-0.48772126590276504
N_LP.1347	-1.5706673326268492	1.5706673326268488
N_LP.1348	1.2445339819924623	-1.2445339819924623
N_LP.1349	0.7499089498404878	-0.7499089498404881
N_LP.135	-1.1811211468403748	1.1811211468403746
N_LP.1350	1.171597018061602	-1.171597018061602
N_LP.1351	1.0720666466984141	-1.0720666466984143
N_LP.1352	0.3314711615582952	-0.3314711615582954
N_LP.1353	-0.40518888837596345	0.405188888375963
N_LP.1354	-0.14683495589015524	0.1468349558901548
N_LP.1355	-0.9435924415197784	0.9435924415197778
N_LP.1356	-1.336262846500225	1.3362628465002249
N_LP.1357	-0.7330619406227288	0.7330619406227286
N_LP.1358	0.1841590115999355	-0.18415901159993595
N_LP.1359	1.067217247975673	-1.0672172479756732
N_LP.136	-1.0479379007777663	1.0479379007777658
N_LP.1360	0.8948387610253588	-0.8948387610253592
N_LP.1361	1.2209555368537988	-1.2209555368537992
N_LP.1362	-1.0108238869005757	1.0108238869005755
N_LP.1363	0.5259399110833721	-0.5259399110833726
N_LP.1364	-0.847874425890774	0.8478744258907738
N_LP.1365	-1.1182117582049709	1.1182117582049704
N_LP.1366	-0.7643629346987805	0.7643629346987802
N_LP.1367	-1.5243968008867919	1.5243968008867919
N_LP.1368	-0.7219555973818771	0.7219555973818768
N_LP.1369	0.25024432466868946	-0.2502443246686897
N_LP.137	0.4696555911083283	-0.4696555911083283
N_LP.1370	-0.8840670140091148	0.8840670140091144
N_LP.1371	-0.8494056413901601	0.8494056413901596
N_LP.1372	-0.769389960446347	0.7693899604463468
N_LP.1373	1.841087834051316	-1.8410878340513164
N_LP.1374	-0.4050379283005805	0.40503792830058005
N_LP.1375	1.7370794231374174	-1.7370794231374176
N_LP.1376	0.07976897044528924	-0.07976897044528969
N_LP.1377	-1.3004920604448744	1.3004920604448742
N_LP.1378	0.4749738846492459	-0.47497388464924634
N_LP.1379	0.9690009487983913	-0.9690009487983913
N_LP.138	-0.3092194865977502	0.30921948659775
N_LP.1380	0.5582391400587811	-0.5582391400587815
N_LP.1381	-1.1569200833603095	1.156920083360309
N_LP.1382	0.5580569123590451	-0.5580569123590458
N_LP.1383	-0.9034506942287215	0.9034506942287213
N_LP.1384	-0.45135221581603396	0.45135221581603374
N_LP.1385	-0.8119671479658798	0.8119671479658792
N_LP.1386	0.5654933643339958	-0.5654933643339962
N_LP.1387	1.63861233547521	-1.6386123354752102
N_LP.1388	-0.9375278809150045	0.9375278809150043
N_LP.1389	0.9365706373056888	-0.936570637305689
N_LP.139	-1.1473126541710479	1.1473126541710477
N_LP.1390	-0.604687147214446	0.6046871472144456
N_LP.1391	-1.4479370282628572	1.4479370282628572
N_LP.1392	0.7455264780158823	-0.7455264780158823
N_LP.1393	-1.3608687059718543	1.3608687059718538
N_LP.1394	0.2378705343093124	-0.23787053430931288
N_LP.1395	0.9751929478405301	-0.9751929478405305
N_LP.1396	0.1728145344396836	-0.17281453443968406
N_LP.1397	-0.839997492343106	0.8399974923431056
N_LP.1398	-0.3364194611983396	0.33641946119833915
N_LP.1399	-0.9790468057669993	0.9790468057669989
N_LP.14	-0.32043221275342704	0.3204322127534266
N_LP.140	-1.3419675047472848	1.341967504747284
N_LP.1400	0.13409391509472512	-0.13409391509472557
N_LP.1401	-0.5772322287965587	0.5772322287965584
N_LP.1402	-0.25348385042688876	0.25348385042688854
N_LP.1403	-1.4085748767411292	1.4085748767411292
N_LP.1404	-0.30340496872945383	0.3034049687294534
N_LP.1405	-0.6520544989543692	0.652054498954369
N_LP.1406	0.019146438050871135	-0.01914643805087136
N_LP.1407	-0.40116865676967944	0.4011686567696792
N_LP.1408	1.3648509015832109	-1.3648509015832113
N_LP.1409	0.5583329138288997	-0.5583329138289004
N_LP.141	-0.8311144069631354	0.8311144069631352
N_LP.1410	-0.9493411467260932	0.9493411467260928
N_LP.1411	-0.20449645041260242	0.2044964504126022
N_LP.1412	-0.8673195086514177	0.8673195086514173
N_LP.1413	-0.9133472344019584	0.9133472344019581
N_LP.1415	1.2283373307556427	-1.2283373307556429
N_LP.1416	-0.6751222977973507	0.6751222977973504
N_LP.1417	-0.5564117950613524	0.5564117950613522
N_LP.1418	0.8369582700927163	-0.8369582700927167
N_LP.1419	0.6438670149529553	-0.643867014952956
N_LP.142	-0.08365565977549505	0.08365565977549483
N_LP.1420	1.2700490637081105	-1.2700490637081108
N_LP.1421	1.915206260448305	-1.9152062604483056
N_LP.1422	0.7203965758926155	-0.7203965758926155
N_LP.1423	-1.360405381840035	1.3604053818400341
N_LP.1424	-1.408439728035242	1.408439728035242
N_LP.1425	-0.9077985863015476	0.9077985863015473
N_LP.1426	0.46107853034550783	-0.46107853034550805
N_LP.1427	-1.1021084756455704	1.10210847564557
N_LP.1428	1.9789250780049699	-1.97892507800497
N_LP.1429	-1.6138594438145972	1.6138594438145972
N_LP.143	1.1432451785115172	-1.1432451785115179
N_LP.1430	1.080247540730114	-1.0802475407301142
N_LP.1431	-0.3999823037862197	0.39998230378621946
N_LP.1432	1.3091542052605745	-1.309154205260575
N_LP.1433	0.06506757946410428	-0.0650675794641045
N_LP.1434	-1.44490116315596	1.4449011631559592
N_LP.1435	1.9611809508212772	-1.9611809508212772
N_LP.1436	0.44188041433506087	-0.4418804143350613
N_LP.1437	0.10130766469788402	-0.10130766469788424
N_LP.1438	1.3426668610963755	-1.3426668610963757
N_LP.1439	1.724278894394879	-1.7242788943948792
N_LP.144	-0.6134846317041684	0.613484631704168
N_LP.1440	-0.06388248284364198	0.06388248284364176
N_LP.1441	-0.053416229062721546	0.053416229062721324
N_LP.1442	-1.3273446898892751	1.3273446898892747
N_LP.1443	-0.375086990017806	0.37508699001780577
N_LP.1444	-0.7871246150310126	0.7871246150310123
N_LP.1445	1.175443249356223	-1.1754432493562235
N_LP.1446	1.5970268466872544	-1.5970268466872546
N_LP.1447	-0.10062453506537868	0.10062453506537823
N_LP.1448	0.41947724448212376	-0.4194772444821242
N_LP.1449	-0.32790591834727556	0.3279059183472751
N_LP.145	0.21716114286459431	-0.21716114286459476
N_LP.1451	0.3334537374335544	-0.33345373743355483
N_LP.1452	-0.7687313938298191	0.7687313938298187
N_LP.1453	1.0749633560850427	-1.0749633560850431
N_LP.1454	0.7008978971601318	-0.7008978971601326
N_LP.1455	0.14559223672465493	-0.14559223672465538
N_LP.1456	-0.1831559459562632	0.18315594595626275
N_LP.1457	-0.6676387473889057	0.6676387473889053
N_LP.1458	-0.3099914221308138	0.3099914221308134
N_LP.1459	1.4996431525300575	-1.4996431525300578
N_LP.146	1.655893721095385	-1.6558937210953852
N_LP.1460	0.03447697867026069	-0.03447697867026114
N_LP.1461	-1.250103418432193	1.2501034184321926
N_LP.1462	-0.3454106662357769	0.34541066623577643
N_LP.1463	1.6096367119658208	-1.609636711965821
N_LP.1464	0.4249244148309352	-0.4249244148309354
N_LP.1465	-1.1130228510617444	1.113022851061744
N_LP.1466	0.017764721698880766	-0.01776472169888099
N_LP.1467	-0.9795073340988443	0.9795073340988438
N_LP.1468	-0.10957946023550937	0.10957946023550892
N_LP.1469	-1.2066349383437096	1.2066349383437094
N_LP.147	0.8784138290831386	-0.8784138290831386
N_LP.1470	-0.6707782523626299	0.6707782523626297
N_LP.1471	0.9312567733445061	-0.9312567733445067
N_LP.1472	-0.9814470288936634	0.981447028893663
N_LP.1473	-1.4068660969783515	1.406866096978351
N_LP.1474	-1.1657601060866225	1.1657601060866223
N_LP.1475	1.2283826879720525	-1.2283826879720527
N_LP.1476	-0.12358848655973353	0.12358848655973309
N_LP.1477	-1.034336229185445	1.0343362291854445
N_LP.1478	0.9359241450224045	-0.935924145022405
N_LP.1479	1.4041340627853476	-1.4041340627853482
N_LP.148	-1.2661980685192962	1.2661980685192957
N_LP.1480	-0.10544873015656282	0.1054487301565626
N_LP.1481	-0.02261543217658987	0.022615432176589647
N_LP.1482	0.7134070551166368	-0.7134070551166375
N_LP.1483	-0.8964015006779077	0.8964015006779075
N_LP.1484	0.5577040684806679	-0.5577040684806683
N_LP.1485	1.4994520942331682	-1.4994520942331684
N_LP.1486	0.21190185179178186	-0.2119018517917823
N_LP.1487	-0.4530245848315834	0.453024584831583
N_LP.1488	-0.11633878312159185	0.11633878312159163
N_LP.149	-1.1216550671205918	1.1216550671205916
N_LP.1490	-0.7758480263686577	0.7758480263686572
N_LP.1491	0.4819893567769746	-0.4819893567769753
N_LP.1492	-1.195022712357769	1.1950227123577686
N_LP.1493	0.6539036472872808	-0.653903647287281
N_LP.1494	-1.306004402513458	1.3060044025134583
N_LP.1495	-0.4457207893111986	0.44572078931119835
N_LP.1496	-0.5599632602255643	0.5599632602255639
N_LP.1497	-0.9389074786159357	0.9389074786159352
N_LP.1498	1.071639942118451	-1.0716399421184517
N_LP.1499	-0.8200486502823303	0.8200486502823301
N_LP.15	-0.6862890166681874	0.686289016668187
N_LP.150	1.8389180809377046	-1.838918080937705
N_LP.1500	-0.24848228059563882	0.24848228059563837
N_LP.1501	1.1493050843642199	-1.1493050843642203
N_LP.1502	-0.5972345124752056	0.5972345124752052
N_LP.1503	-1.4567214955072758	1.4567214955072754
N_LP.1504	-0.8789256682790911	0.8789256682790909
N_LP.1505	-0.5585381303821922	0.558538130382192
N_LP.1506	-0.38963937400974097	0.38963937400974075
N_LP.1507	-1.565201987425906	1.5652019874259055
N_LP.1508	-1.5672636796604689	1.5672636796604684
N_LP.1509	-0.23717170825670833	0.2371717082567081
N_LP.151	-0.5603348527272214	0.5603348527272212
N_LP.1510	0.5812915290915983	-0.5812915290915985
N_LP.1511	-0.25190074003862095	0.2519007400386205
N_LP.1512	0.2187248886245141	-0.21872488862451456
N_LP.1513	-1.0989776325636391	1.0989776325636387
N_LP.1514	1.0279036772261059	-1.027903677226106
N_LP.1515	-0.9833146577374591	0.9833146577374586
N_LP.1516	-1.2200466995145915	1.220046699514591
N_LP.1517	-0.8781190331695155	0.8781190331695151
N_LP.1518	0.2720097480130124	-0.27200974801301286
N_LP.1519	2.0725729645337436	-2.0725729645337445
N_LP.152	0.20438584123952716	-0.20438584123952738
N_LP.1520	-0.6809290113778781	0.6809290113778778
N_LP.1521	-0.3925706251972532	0.392570625197253
N_LP.1522	1.56479592637865	-1.5647959263786502
N_LP.1523	0.7347075937090477	-0.7347075937090479
N_LP.1524	0.6695906386258708	-0.6695906386258712
N_LP.1525	0.04563755846604714	-0.04563755846604736
N_LP.1526	1.0171577592508438	-1.017157759250844
N_LP.1527	-0.511631128701423	0.5116311287014228
N_LP.1528	1.8114956489993945	-1.8114956489993952
N_LP.1529	-0.697551234911966	0.6975512349119657
N_LP.153	-1.4264882222088227	1.4264882222088222
N_LP.1530	1.8664974316922986	-1.8664974316922986
N_LP.1531	-0.4602337706711042	0.46023377067110377
N_LP.1532	1.9301209778349622	-1.930120977834963
N_LP.1533	-0.8453852584640126	0.8453852584640121
N_LP.1534	-0.44302773529040473	0.4430277352904045
N_LP.1535	-0.5013196064826211	0.5013196064826209
N_LP.1536	0.13692560568547757	-0.1369256056854778
N_LP.1537	1.6069878650627423	-1.6069878650627425
N_LP.1538	-0.3496078458275535	0.3496078458275533
N_LP.1539	-0.7897926752938543	0.7897926752938539
N_LP.154	-0.8481499991858954	0.8481499991858952
N_LP.1540	-0.8568622044294625	0.856862204429462
N_LP.1541	1.1220552390331335	-1.122055239033134
N_LP.1542	1.7287351652496388	-1.7287351652496392
N_LP.1543	0.16285611940268635	-0.16285611940268657
N_LP.1544	-0.6667556540773061	0.6667556540773059
N_LP.1545	1.7688438399975035	-1.7688438399975037
N_LP.1546	-1.251647337524558	1.2516473375245576
N_LP.1547	0.6283659748382134	-0.6283659748382141
N_LP.1548	-0.16094717154459204	0.1609471715445916
N_LP.1549	-0.907626650052416	0.9076266500524156
N_LP.155	-1.3876872102439	1.3876872102438995
N_LP.1550	0.9338600212385662	-0.9338600212385666
N_LP.1551	0.7021495117287876	-0.702149511728788
N_LP.1552	-1.1366609218413446	1.1366609218413444
N_LP.1553	-0.602907007572021	0.6029070075720205
N_LP.1554	-0.806056449177098	0.8060564491770975
N_LP.1555	-1.1659004059347249	1.1659004059347247
N_LP.1556	1.5121428077950663	-1.5121428077950667
N_LP.1557	1.0944322887589624	-1.0944322887589626
N_LP.1558	0.9013796335690214	-0.9013796335690216
N_LP.1559	0.030325444951851202	-0.030325444951851428
N_LP.156	-0.9273141968441969	0.9273141968441967
N_LP.1560	0.4634985307851733	-0.46349853078517395
N_LP.1561	-0.020611114036221588	0.020611114036221366
N_LP.1562	1.2974814956465812	-1.2974814956465817
N_LP.1563	1.261864603130932	-1.2618646031309324
N_LP.1564	-1.1570772187736234	1.1570772187736231
N_LP.1565	0.8850461113736785	-0.885046111373679
N_LP.1566	0.30514795503181896	-0.3051479550318192
N_LP.1567	0.4483467883921925	-0.44834678839219294
N_LP.1568	-1.590296464018767	1.5902964640187662
N_LP.1569	-0.7157910757942514	0.715791075794251
N_LP.157	-0.6059457335698208	0.6059457335698204
N_LP.1570	-1.5467526226450883	1.546752622645088
N_LP.1571	-0.01966627540282129	0.019666275402820843
N_LP.1572	-0.8626350550562206	0.8626350550562202
N_LP.1573	1.2437473153967475	-1.243747315396748
N_LP.1574	0.17097186073213147	-0.1709718607321317
N_LP.1575	-0.049171416224383646	0.0491714162243832
N_LP.1576	1.4049169147732363	-1.404916914773237
N_LP.1577	1.825776228735451	-1.8257762287354515
N_LP.1578	-0.06739310184933539	0.06739310184933517
N_LP.1579	0.18591085246088057	-0.1859108524608808
N_LP.158	-0.20464042078894204	0.20464042078894182
N_LP.1580	0.3178663974001166	-0.3178663974001168
N_LP.1581	1.694203274619933	-1.6942032746199336
N_LP.1582	-0.8175052601484566	0.8175052601484564
N_LP.1583	-0.11056002402762853	0.11056002402762831
N_LP.1584	1.000522720943282	-1.0005227209432823
N_LP.1585	1.6514292030270212	-1.6514292030270215
N_LP.1586	0.9003715151807887	-0.9003715151807892
N_LP.1587	-1.1442580255869925	1.144258025586992
N_LP.1588	0.8928240999969004	-0.8928240999969008
N_LP.1589	-0.6704856194924844	0.6704856194924842
N_LP.159	-1.3864554743073556	1.3864554743073554
N_LP.1590	0.8928567289427205	-0.8928567289427207
N_LP.1591	0.09463915857351242	-0.09463915857351286
N_LP.1592	-1.3429599052842076	1.3429599052842072
N_LP.1593	-0.6816759074497031	0.6816759074497029
N_LP.1594	1.3568725590541224	-1.356872559054123
N_LP.1595	-1.0409137916332645	1.040913791633264
N_LP.1596	-1.0461904469803531	1.0461904469803527
N_LP.1597	1.2004483028935657	-1.200448302893566
N_LP.1598	-0.8424065388436995	0.8424065388436992
N_LP.1599	1.1836366735305675	-1.1836366735305677
N_LP.16	-0.4512508562989628	0.45125085629896255
N_LP.160	-1.3345841763003718	1.3345841763003714
N_LP.1600	-0.33173824138732805	0.3317382413873276
N_LP.1601	-0.5503531020125431	0.5503531020125428
N_LP.1602	-0.8769079971441864	0.8769079971441861
N_LP.1603	-0.7297838493376818	0.7297838493376814
N_LP.1604	0.26970217950365494	-0.2697021795036554
N_LP.1605	-0.4015594679916641	0.40155946799166364
N_LP.1606	0.0580393675047082	-0.05803936750470842
N_LP.1607	-0.44599645691367734	0.4459964569136771
N_LP.1608	2.1802972141294914	-2.1802972141294923
N_LP.1609	-0.908443417320673	0.9084434173206726
N_LP.161	-0.06883427090640042	0.06883427090639997
N_LP.1610	-0.7261937729263348	0.7261937729263344
N_LP.1611	0.21589588222942552	-0.21589588222942574
N_LP.1612	1.5541317903198557	-1.554131790319856
N_LP.1613	-0.4730656363323302	0.47306563633232995
N_LP.1614	-1.3411761875491257	1.3411761875491255
N_LP.1615	-0.3123974204404915	0.3123974204404913
N_LP.1616	-0.6482403196399364	0.6482403196399362
N_LP.1617	1.151947602379115	-1.151947602379115
N_LP.1618	-1.021124210129606	1.0211242101296056
N_LP.1619	-1.1615868116171106	1.1615868116171102
N_LP.162	-0.760606644565876	0.7606066445658756
N_LP.1620	-0.5922056964300065	0.5922056964300061
N_LP.1621	-1.2164551853298728	1.2164551853298724
N_LP.1622	0.018930701134442236	-0.01893070113444246
N_LP.1623	-1.0845137896648886	1.0845137896648882
N_LP.1624	0.2815141672493166	-0.2815141672493168
N_LP.1625	1.3824577783193919	-1.3824577783193925
N_LP.1626	-0.9295699941332152	0.9295699941332148
N_LP.1627	-1.416330639705067	1.4163306397050666
N_LP.1628	1.055591961946675	-1.0555919619466752
N_LP.1629	1.7129757478520935	-1.7129757478520942
N_LP.163	1.3330918178272058	-1.333091817827206
N_LP.1630	0.9791881164747609	-0.9791881164747609
N_LP.1631	-0.5650355443330012	0.5650355443330007
N_LP.1632	0.7600777464879258	-0.7600777464879263
N_LP.1633	-0.3947365252174239	0.3947365252174235
N_LP.1634	0.712691260082043	-0.7126912600820434
N_LP.1635	-1.336772798129518	1.3367727981295177
N_LP.1636	-0.8867476162199432	0.8867476162199429
N_LP.1637	-0.5376326271934272	0.537632627193427
N_LP.1638	1.2288761766716594	-1.2288761766716596
N_LP.1639	0.46169011389944603	-0.46169011389944625
N_LP.164	0.24068964109115784	-0.24068964109115829
N_LP.1640	-0.7192580426105899	0.7192580426105897
N_LP.1641	-1.0974572845642596	1.0974572845642592
N_LP.1642	-0.6569909390500017	0.6569909390500013
N_LP.1643	0.3477179288252225	-0.34771792882522295
N_LP.1644	1.5072655058197668	-1.507265505819767
N_LP.1645	0.8007056012932547	-0.8007056012932547
N_LP.1646	0.18634129785622183	-0.18634129785622205
N_LP.1647	-0.5396603974884744	0.5396603974884742
N_LP.1648	-1.5026867273658189	1.5026867273658184
N_LP.1649	-0.44433534275003705	0.4443353427500366
N_LP.165	0.7758474460348074	-0.7758474460348076
N_LP.1650	0.2015953270857507	-0.20159532708575092
N_LP.1651	-0.6466493062773104	0.64664930627731
N_LP.1652	-0.8720531561822569	0.8720531561822564
N_LP.1653	1.3781313878728676	-1.3781313878728683
N_LP.1654	-0.18588946124646105	0.18588946124646083
N_LP.1655	0.005278494797396388	-0.005278494797396835
N_LP.1656	-1.2751493502143372	1.2751493502143365
N_LP.1657	-0.5240003328572185	0.5240003328572183
N_LP.1658	-1.3081524301260656	1.3081524301260656
N_LP.1659	1.5881833310833129	-1.5881833310833136
N_LP.166	-0.6958909764156838	0.6958909764156834
N_LP.1660	0.7162889463000549	-0.7162889463000554
N_LP.1661	2.225568984795564	-2.2255689847955646
N_LP.1662	1.947969431383119	-1.9479694313831193
N_LP.1663	0.8609865901861775	-0.8609865901861777
N_LP.1664	-0.6470283228211835	0.6470283228211833
N_LP.1665	0.5986935264908517	-0.598693526490852
N_LP.1666	-0.2205178576419611	0.22051785764196088
N_LP.1667	0.9506058387730874	-0.9506058387730876
N_LP.1668	-0.7207798944418585	0.7207798944418582
N_LP.1669	0.07717185313148195	-0.07717185313148217
N_LP.167	-0.9767857396612999	0.9767857396612994
N_LP.1670	-1.4806968032851093	1.4806968032851089
N_LP.1671	0.9318886457964483	-0.9318886457964487
N_LP.1672	0.6808868965396893	-0.6808868965396893
N_LP.1673	-1.5814912863253496	1.5814912863253499
N_LP.1674	1.6885916459625625	-1.6885916459625627
N_LP.1675	-0.5091099170309819	0.5091099170309814
N_LP.1676	1.8854656458933043	-1.8854656458933046
N_LP.1677	0.248039794035083	-0.24803979403508322
N_LP.1678	-1.54574696711116	1.5457469671111592
N_LP.1679	0.206304942638486	-0.20630494263848645
N_LP.168	-1.297955818102818	1.2979558181028175
N_LP.1680	-0.211338984248291	0.21133898424829078
N_LP.1681	-0.4976107498291807	0.49761074982918047
N_LP.1682	1.6852305613659675	-1.685230561365968
N_LP.1683	0.39776401876513523	-0.39776401876513545
N_LP.1684	-0.14833231492625068	0.14833231492625046
N_LP.1685	0.1452341972732852	-0.14523419727328543
N_LP.1686	1.5980984611139377	-1.598098461113938
N_LP.1687	0.678697371870004	-0.6786973718700045
N_LP.1688	-0.3684032792291707	0.3684032792291705
N_LP.1689	0.12697456863250461	-0.12697456863250484
N_LP.169	-0.8869921042388594	0.886992104238859
N_LP.1690	-0.09551448387136367	0.09551448387136345
N_LP.1691	1.0970732144815343	-1.097073214481535
N_LP.1692	1.3766435113762239	-1.376643511376224
N_LP.1693	-0.2601110981472956	0.2601110981472954
N_LP.1694	-0.3638441131982561	0.36384411319825566
N_LP.1695	1.2948707850185301	-1.2948707850185308
N_LP.1696	-0.04094580230302029	0.040945802303020064
N_LP.1697	0.7417232099409425	-0.741723209940943
N_LP.1698	1.711648486610371	-1.7116484866103716
N_LP.1699	-0.29268334030616533	0.2926833403061651
N_LP.17	0.790672597937637	-0.790672597937637
N_LP.170	0.3853980846615505	-0.38539808466155095
N_LP.1700	-0.14294550138862833	0.14294550138862788
N_LP.1701	2.0816285783707222	-2.0816285783707222
N_LP.1702	1.2551616863566706	-1.255161686356671
N_LP.1703	-0.3637913875665218	0.36379138756652135
N_LP.1704	-1.261773389695075	1.2617733896950745
N_LP.1705	1.240592491402192	-1.240592491402192
N_LP.1706	-0.17338008828143156	0.17338008828143134
N_LP.1707	0.9013172248169127	-0.9013172248169131
N_LP.1708	1.5778784949652407	-1.577878494965241
N_LP.1709	-1.2490964852200592	1.2490964852200588
N_LP.171	0.7470895124908301	-0.7470895124908303
N_LP.1710	0.8369268685189467	-0.8369268685189472
N_LP.1711	-0.5825670722510282	0.582567072251028
N_LP.1712	1.2970538018069977	-1.297053801806998
N_LP.1713	1.2012574805321257	-1.2012574805321259
N_LP.1714	1.3331547562649586	-1.3331547562649593
N_LP.1715	-0.09513236260534846	0.095132362605348
N_LP.1716	-0.6739562303278024	0.6739562303278019
N_LP.1717	-1.210141128133265	1.2101411281332646
N_LP.1718	2.067696628266008	-2.0676966282660083
N_LP.1719	-0.9479754420026272	0.9479754420026267
N_LP.172	-0.07028092642413211	0.07028092642413189
N_LP.1720	0.4979923138160791	-0.49799231381607933
N_LP.1721	1.7638526502169887	-1.763852650216989
N_LP.1722	0.12193448839685503	-0.12193448839685547
N_LP.1723	0.2662608573937147	-0.2662608573937149
N_LP.1724	-0.3346140490223253	0.33461404902232506
N_LP.1725	-1.4808650894069115	1.4808650894069115
N_LP.1726	-0.9357623266847825	0.9357623266847821
N_LP.1727	0.7369275256886259	-0.7369275256886261
N_LP.1728	-1.3775899334270274	1.377589933427027
N_LP.1729	-1.414476904866132	1.4144769048661314
N_LP.173	0.10972441831015363	-0.10972441831015407
N_LP.1730	-0.9256272062986838	0.9256272062986836
N_LP.1731	0.9477713537690904	-0.9477713537690906
N_LP.1732	0.7636535400006539	-0.7636535400006541
N_LP.1733	-0.48326604882129487	0.48326604882129465
N_LP.1734	-0.3141326425337301	0.31413264253372986
N_LP.1735	-1.0184549726748322	1.0184549726748318
N_LP.1736	1.3539862510722764	-1.353986251072277
N_LP.1737	0.07729674365316408	-0.07729674365316454
N_LP.1738	0.6664623441522278	-0.6664623441522285
N_LP.1739	-0.13978326791791154	0.13978326791791132
N_LP.174	-1.1914772810703524	1.191477281070352
N_LP.1740	-0.973037083482607	0.9730370834826064
N_LP.1741	1.6094106652002886	-1.6094106652002889
N_LP.1742	-1.2096007166999985	1.2096007166999982
N_LP.1743	0.1509566307172598	-0.15095663071726023
N_LP.1744	-0.3903150543016492	0.390315054301649
N_LP.1745	-0.542626554279573	0.5426265542795727
N_LP.1746	0.5209416648945224	-0.5209416648945226
N_LP.1747	-0.3677137115071379	0.36771371150713766
N_LP.1748	-0.7342279919250705	0.7342279919250702
N_LP.1749	0.141653624768163	-0.14165362476816323
N_LP.175	-0.5218009771209856	0.5218009771209854
N_LP.1750	1.5167614313637083	-1.5167614313637086
N_LP.1751	-1.142011228679997	1.1420112286799966
N_LP.1752	0.22849479990045984	-0.2284947999004603
N_LP.1753	-1.0845137727042395	1.084513772704239
N_LP.1754	0.215531167040957	-0.21553116704095723
N_LP.1755	-1.2320141003365215	1.232014100336521
N_LP.1756	-0.7971937530051252	0.797193753005125
N_LP.1757	-0.6693184931348954	0.669318493134895
N_LP.1758	-1.1365571943362658	1.1365571943362653
N_LP.1759	0.5781608106421111	-0.5781608106421116
N_LP.176	0.3714559702821462	-0.37145597028214644
N_LP.1760	-0.2981968217528653	0.2981968217528651
N_LP.1761	-0.8445491824714815	0.8445491824714811
N_LP.1762	0.18132950314385182	-0.18132950314385204
N_LP.1763	-1.1046840592754066	1.1046840592754064
N_LP.1764	-1.0895142357768506	1.0895142357768501
N_LP.1765	0.6383114110874145	-0.6383114110874147
N_LP.1766	-0.5658288860549353	0.5658288860549351
N_LP.1767	0.18974363899046076	-0.18974363899046098
N_LP.1768	1.358459716545136	-1.3584597165451366
N_LP.1769	-0.9337974719078923	0.9337974719078921
N_LP.177	0.6496102660759551	-0.6496102660759557
N_LP.1770	-0.4785290098763636	0.4785290098763634
N_LP.1771	2.119878490801166	-2.1198784908011667
N_LP.1772	1.7758808659212302	-1.7758808659212306
N_LP.1773	-0.1663711405196555	0.1663711405196553
N_LP.1774	0.46613823504313107	-0.4661382350431313
N_LP.1775	0.702421776633884	-0.702421776633884
N_LP.1776	0.10064643022876092	-0.10064643022876114
N_LP.1777	-0.7827404380744385	0.7827404380744383
N_LP.1778	0.2777169904576483	-0.27771699045764875
N_LP.1779	0.5040439678362242	-0.5040439678362246
N_LP.178	0.25156512638515005	-0.2515651263851503
N_LP.1780	-1.4983249008843254	1.4983249008843245
N_LP.1781	-0.18355119541387882	0.1835511954138786
N_LP.1782	-0.9560377144367272	0.9560377144367268
N_LP.1783	0.7192278495158569	-0.7192278495158574
N_LP.1784	0.38315103152353336	-0.3831510315235338
N_LP.1785	-1.0567965569441173	1.0567965569441171
N_LP.1786	-0.35401786023704085	0.3540178602370406
N_LP.1787	-1.556857703147784	1.5568577031477833
N_LP.1788	-0.4169671547119265	0.4169671547119261
N_LP.1789	-1.3866603058240587	1.386660305824059
N_LP.179	0.6484494992038362	-0.6484494992038364
N_LP.1790	-0.011416842209686879	0.011416842209686655
N_LP.1791	-0.1275516588574313	0.12755165885743086
N_LP.1792	1.0480098352167564	-1.0480098352167568
N_LP.1793	-0.9472262651326243	0.9472262651326241
N_LP.1794	1.538553271360637	-1.5385532713606376
N_LP.1795	-0.8796213667545946	0.8796213667545941
N_LP.1796	0.34159998207635517	-0.3415999820763556
N_LP.1797	-1.5277765740849816	1.5277765740849811
N_LP.1798	0.04793222745289639	-0.04793222745289661
N_LP.1799	1.0247960670625351	-1.0247960670625358
N_LP.18	1.5992177290729068	-1.5992177290729073
N_LP.180	-1.3434265884819108	1.3434265884819099
N_LP.1800	-0.25835562581343524	0.2583556258134348
N_LP.1801	1.2044153395842296	-1.2044153395842299
N_LP.1802	-0.26063321643366044	0.26063321643366
N_LP.1803	-1.5618615537238463	1.5618615537238456
N_LP.1804	-0.5708663773072452	0.5708663773072448
N_LP.1805	1.1121764166272776	-1.1121764166272778
N_LP.1806	1.5842244772167289	-1.584224477216729
N_LP.1807	0.8886296891130583	-0.8886296891130587
N_LP.1808	1.616484806318527	-1.6164848063185273
N_LP.1809	1.5596345638989484	-1.5596345638989486
N_LP.181	-0.5332243898439571	0.5332243898439569
N_LP.1810	-1.4738339519871184	1.4738339519871178
N_LP.1811	1.1563031361018603	-1.1563031361018608
N_LP.1812	-1.410367565518702	1.4103675655187016
N_LP.1813	-0.7104881029059463	0.7104881029059461
N_LP.1814	-0.9788800125718717	0.9788800125718712
N_LP.1815	0.03928927302934517	-0.039289273029345394
N_LP.1816	-0.0819694424432251	0.08196944244322486
N_LP.1817	0.6526151663395512	-0.6526151663395514
N_LP.1818	1.2417234361925686	-1.241723436192569
N_LP.1819	0.413497945357672	-0.4134979453576724
N_LP.182	1.5783245628633555	-1.5783245628633558
N_LP.1820	-1.1782124941538177	1.1782124941538172
N_LP.1821	0.04570381004828649	-0.045703810048286934
N_LP.1822	-0.5619556985989762	0.5619556985989758
N_LP.1823	0.714446044023869	-0.7144460440238695
N_LP.1824	0.9781830115672064	-0.9781830115672064
N_LP.1825	-1.3759502550499385	1.3759502550499385
N_LP.1826	-1.5388243295359476	1.5388243295359472
N_LP.1827	1.4633460360598585	-1.4633460360598587
N_LP.1828	-0.4562080774839428	0.4562080774839424
N_LP.1829	-1.5146998370341298	1.5146998370341294
N_LP.183	0.3409226459157207	-0.3409226459157207
N_LP.1830	1.5418453154251677	-1.541845315425168
N_LP.1831	-0.24329266979316208	0.24329266979316164
N_LP.1832	-0.14590084023472838	0.14590084023472816
N_LP.1833	0.39083842806547947	-0.3908384280654799
N_LP.1834	-1.2534641781224787	1.2534641781224782
N_LP.1835	-1.5081224357461893	1.5081224357461884
N_LP.1836	-1.2355816139890639	1.2355816139890634
N_LP.1837	-0.25077752287993615	0.2507775228799359
N_LP.1838	-0.4424024766119008	0.44240247661190035
N_LP.1839	-0.7079995359153345	0.7079995359153339
N_LP.184	-1.5677958909494984	1.567795890949498
N_LP.1840	-0.2312041505359835	0.23120415053598306
N_LP.1841	0.0725720654803062	-0.07257206548030665
N_LP.1842	0.6749294581784919	-0.6749294581784919
N_LP.1843	-1.3244363515423427	1.3244363515423423
N_LP.1844	-0.9905784474707969	0.9905784474707965
N_LP.1845	-0.3131999767682896	0.31319997676828915
N_LP.1846	-1.0164853153144522	1.016485315314452
N_LP.1847	-0.11135971349003528	0.11135971349003483
N_LP.1848	0.9478554167260378	-0.9478554167260378
N_LP.1849	-0.8048488088644934	0.804848808864493
N_LP.185	0.6885785356199942	-0.6885785356199944
N_LP.1850	-1.2772656624224572	1.2772656624224568
N_LP.1851	0.15376988607776526	-0.15376988607776548
N_LP.1852	-0.426522179507657	0.42652217950765675
N_LP.1853	-0.9017112908639173	0.9017112908639171
N_LP.1854	-0.006890132417519023	0.0068901324175188
N_LP.1855	-1.1465160242553443	1.146516024255344
N_LP.1856	-0.26284212381897865	0.2628421238189784
N_LP.1857	1.651829179683846	-1.6518291796838467
N_LP.1858	-0.40164374774651435	0.4016437477465141
N_LP.1859	-0.2758590721451788	0.27585907214517835
N_LP.186	1.3779661058961465	-1.3779661058961472
N_LP.1860	-0.9505891142528083	0.9505891142528078
N_LP.1861	1.6344676546067558	-1.6344676546067562
N_LP.1862	-0.02167717794637997	0.021677177946379748
N_LP.1863	-0.5526060386877981	0.5526060386877979
N_LP.1864	0.8486264476603386	-0.8486264476603388
N_LP.1865	0.31963930710785055	-0.31963930710785077
N_LP.1866	-0.5742431901341082	0.574243190134108
N_LP.1867	0.4567647980172972	-0.4567647980172974
N_LP.1868	-0.055771894857580495	0.05577189485758027
N_LP.1869	1.1838330279364802	-1.1838330279364806
N_LP.187	-1.450883002737744	1.450883002737744
N_LP.1870	0.30206881487370735	-0.30206881487370757
N_LP.1871	-0.44421983133110193	0.4442198313311015
N_LP.1872	0.4445957239127957	-0.44459572391279595
N_LP.1873	-0.1000516264988742	0.10005162649887396
N_LP.1874	1.7538246646023765	-1.7538246646023767
N_LP.1875	-1.017072192719796	1.0170721927197957
N_LP.1876	-0.659790017321769	0.6597900173217688
N_LP.1877	-0.033062187831740114	0.033062187831739885
N_LP.1878	-0.4289677907746483	0.4289677907746481
N_LP.1879	1.1926753666495962	-1.1926753666495966
N_LP.188	0.8627945183388908	-0.8627945183388914
N_LP.1880	0.718743721953912	-0.718743721953912
N_LP.1881	0.43106630163266024	-0.4310663016326607
N_LP.1882	0.6756749136001345	-0.675674913600135
N_LP.1883	0.2535698588879407	-0.25356985888794115
N_LP.1884	-0.8901874118091541	0.8901874118091536
N_LP.1885	-0.5606821457370762	0.560682145737076
N_LP.1886	0.7318867282831586	-0.7318867282831588
N_LP.1887	1.873291670986583	-1.8732916709865834
N_LP.1888	0.8136378331150511	-0.8136378331150516
N_LP.1889	1.7850026442531561	-1.7850026442531566
N_LP.189	-1.6113435576419948	1.6113435576419948
N_LP.1890	0.35213927913214604	-0.35213927913214604
N_LP.1891	-0.3548274661412754	0.3548274661412752
N_LP.1892	0.24581038617429873	-0.24581038617429896
N_LP.1893	-1.0274778990272089	1.0274778990272087
N_LP.1894	0.3291133138781213	-0.32911331387812154
N_LP.1895	0.9823758990123109	-0.9823758990123114
N_LP.1896	1.5786601221547758	-1.5786601221547762
N_LP.1897	-0.15596638925490253	0.15596638925490208
N_LP.1898	-0.1283243884366922	0.12832438843669197
N_LP.1899	1.7293201892543075	-1.7293201892543082
N_LP.19	1.5021003864725975	-1.5021003864725977
N_LP.190	0.294448082482759	-0.2944480824827592
N_LP.1900	1.0698358722288015	-1.0698358722288015
N_LP.1901	-0.9049461133774971	0.9049461133774966
N_LP.1902	-1.1965247141240096	1.1965247141240092
N_LP.1903	0.8870082403996442	-0.8870082403996442
N_LP.1904	-1.479469789278748	1.479469789278748
N_LP.1905	1.093469090857773	-1.093469090857773
N_LP.1906	-0.8651104645864971	0.8651104645864968
N_LP.1907	1.8378811094952945	-1.8378811094952952
N_LP.1908	-0.49108830985288093	0.4910883098528807
N_LP.1909	-0.8076737992943916	0.8076737992943911
N_LP.191	0.3955534690862405	-0.3955534690862407
N_LP.1910	-1.2043566306109512	1.204356630610951
N_LP.1911	0.3925912526497904	-0.39259125264979083
N_LP.1912	1.9988061586985795	-1.9988061586985801
N_LP.1913	-0.7883649899050389	0.7883649899050386
N_LP.1914	-0.32173208627522615	0.3217320862752259
N_LP.1915	-0.9099353586606684	0.9099353586606681
N_LP.1916	-0.16110787556959924	0.1611078755695988
N_LP.1917	1.0454964256910104	-1.0454964256910109
N_LP.1918	0.40555996751516143	-0.4055599675151619
N_LP.1919	-1.033285372685116	1.0332853726851157
N_LP.192	-0.08389390677033362	0.08389390677033318
N_LP.1920	-0.2893284784938013	0.28932847849380106
N_LP.1921	-0.924193065073924	0.9241930650739235
N_LP.1922	-1.3852272939227952	1.3852272939227948
N_LP.1923	0.004840205446078071	-0.004840205446078518
N_LP.1924	0.0205876567669082	-0.02058765676690842
N_LP.1925	1.593709954835334	-1.5937099548353346
N_LP.1926	-1.5483363679288717	1.5483363679288713
N_LP.1927	-0.10848126338610281	0.10848126338610235
N_LP.1928	0.915862443042213	-0.9158624430422132
N_LP.1929	-1.234614401463699	1.2346144014636986
N_LP.193	-1.2219834655687205	1.22198346556872
N_LP.1930	-0.5019617801113005	0.5019617801113003
N_LP.1931	-1.1767221044474756	1.1767221044474752
N_LP.1932	-1.3582441456687069	1.358244145668706
N_LP.1933	-0.12144587588909364	0.1214458758890932
N_LP.1934	-0.11849217204761985	0.11849217204761962
N_LP.1935	-0.7423822100904076	0.7423822100904071
N_LP.1936	-1.0896193490530208	1.0896193490530204
N_LP.1937	-1.2874702138745988	1.2874702138745984
N_LP.1938	0.1896490320002309	-0.18964903200023134
N_LP.1939	0.043183946500720084	-0.043183946500720306
N_LP.194	1.0371043988076107	-1.0371043988076112
N_LP.1940	0.37812629854598995	-0.3781262985459904
N_LP.1941	-1.431984946663546	1.431984946663546
N_LP.1942	-1.296071172009981	1.2960711720099805
N_LP.1943	1.3339525984913456	-1.3339525984913463
N_LP.1944	-1.3896783528632441	1.3896783528632437
N_LP.1945	1.4159444855839283	-1.415944485583929
N_LP.1946	-1.210079881561929	1.2100798815619285
N_LP.1947	-0.3099808207094259	0.3099808207094257
N_LP.1948	1.0201897770846327	-1.0201897770846329
N_LP.1949	0.8842986906294273	-0.8842986906294276
N_LP.195	0.33326930200374105	-0.3332693020037413
N_LP.1950	-1.4381813383945843	1.4381813383945836
N_LP.1951	-0.3545343371008435	0.35453433710084303
N_LP.1952	0.9369860856373627	-0.9369860856373627
N_LP.1953	-0.5501648022370922	0.5501648022370917
N_LP.1954	-1.2133426588046876	1.2133426588046872
N_LP.1955	-1.0118288714427568	1.0118288714427564
N_LP.1956	-0.795290879194824	0.7952908791948238
N_LP.1957	1.2551244425005845	-1.2551244425005847
N_LP.1958	-0.4228916884583707	0.4228916884583703
N_LP.1959	1.859176990150659	-1.8591769901506592
N_LP.196	-0.2594294350147266	0.2594294350147264
N_LP.1960	-0.1858537192193863	0.18585371921938584
N_LP.1961	-0.9989331439003242	0.9989331439003236
N_LP.1962	0.3967355365072931	-0.3967355365072933
N_LP.1963	-0.4538754870978865	0.4538754870978863
N_LP.1964	-0.7504988980733682	0.7504988980733677
N_LP.1965	-0.9852981378756295	0.985298137875629
N_LP.1966	0.27116587864699454	-0.27116587864699476
N_LP.1967	0.34423967178653914	-0.3442396717865396
N_LP.1968	-1.2281884093244264	1.2281884093244262
N_LP.1969	-0.7493836576583698	0.7493836576583696
N_LP.197	1.290502639429974	-1.2905026394299741
N_LP.1970	0.13995940129304343	-0.13995940129304368
N_LP.1971	2.1578395925556624	-2.1578395925556624
N_LP.1972	-1.3941022934907386	1.3941022934907377
N_LP.1973	-0.3281721353462901	0.32817213534628986
N_LP.1974	1.6367184727088346	-1.6367184727088349
N_LP.1975	1.913541432083048	-1.9135414320830482
N_LP.1976	1.657295786473391	-1.6572957864733915
N_LP.1977	0.5200894494840281	-0.5200894494840286
N_LP.1978	0.4738231381220793	-0.47382313812207977
N_LP.1979	-1.5468695416651643	1.5468695416651634
N_LP.198	0.0873864316272079	-0.08738643162720812
N_LP.1980	0.13772652662001442	-0.13772652662001464
N_LP.1981	0.7200327080538863	-0.7200327080538865
N_LP.1982	-0.8452012475551388	0.8452012475551383
N_LP.1983	-0.4362145735395758	0.4362145735395754
N_LP.1984	0.17815559051200258	-0.1781555905120028
N_LP.1985	1.7516434374496495	-1.7516434374496497
N_LP.1986	-0.9636802267094281	0.9636802267094278
N_LP.1987	0.38058612846040335	-0.3805861284604038
N_LP.1988	-0.4274966924638879	0.42749669246388744
N_LP.1989	0.26470725943179135	-0.2647072594317916
N_LP.199	1.1355703216176662	-1.135570321617667
N_LP.1990	-0.6829218916259807	0.6829218916259805
N_LP.1991	0.33593135241062305	-0.33593135241062305
N_LP.1992	-0.2798918724036356	0.2798918724036354
N_LP.1993	-0.501124647098183	0.5011246470981828
N_LP.1994	0.37305686264004007	-0.3730568626400403
N_LP.1995	0.23090078047420026	-0.2309007804742007
N_LP.1996	-1.392430706129241	1.3924307061292405
N_LP.1997	-1.2104585326726	1.2104585326725998
N_LP.1998	-1.3141379004159368	1.314137900415936
N_LP.1999	1.4106007498623894	-1.4106007498623898
N_LP.2	-1.5094226868617502	1.5094226868617502
N_LP.20	-0.10892916317052863	0.10892916317052818
N_LP.200	1.820924857281498	-1.8209248572814984
N_LP.2000	-0.49820200968286765	0.49820200968286743
N_LP.2001	-1.3838495337636427	1.3838495337636423
N_LP.2002	0.6730258343714123	-0.6730258343714127
N_LP.2003	-0.9690593534726549	0.9690593534726545
N_LP.2004	0.15905625676458576	-0.1590562567645862
N_LP.2005	-1.5587206935419629	1.5587206935419626
N_LP.2006	0.2958142134384792	-0.29581421343847963
N_LP.2007	0.3020996118002943	-0.30209961180029454
N_LP.2008	1.6488922224103393	-1.6488922224103395
N_LP.2009	0.871427073198558	-0.8714270731985585
N_LP.201	0.13668560657265155	-0.13668560657265177
N_LP.2010	-0.27530153931862594	0.2753015393186255
N_LP.2011	-1.0634090891400771	1.0634090891400767
N_LP.2012	0.2053009637112378	-0.20530096371123827
N_LP.2013	1.7269552614972237	-1.7269552614972243
N_LP.2014	0.5570049830974718	-0.5570049830974723
N_LP.2015	-0.2651401821818192	0.26514018218181895
N_LP.2016	-0.945813541466745	0.9458135414667448
N_LP.2017	1.3355803676445528	-1.3355803676445535
N_LP.2018	-0.6343649683578281	0.6343649683578279
N_LP.2019	1.6321726125358302	-1.6321726125358302
N_LP.202	1.2521993071016382	-1.2521993071016382
N_LP.2020	-0.3469989362152584	0.3469989362152582
N_LP.2021	-0.6468791460578215	0.646879146057821
N_LP.2022	0.7686656330946714	-0.7686656330946716
N_LP.2023	-1.4300427612577702	1.4300427612577697
N_LP.2024	-0.6771533568883327	0.6771533568883322
N_LP.2025	-0.6298842207211965	0.6298842207211961
N_LP.2026	-0.9665786064087616	0.9665786064087611
N_LP.2027	-1.5500430028238812	1.550043002823881
N_LP.2028	-1.0133403846989373	1.0133403846989368
N_LP.2029	-1.584141566136602	1.5841415661366018
N_LP.203	1.535336616098643	-1.5353366160986437
N_LP.2030	-0.5566852152127021	0.5566852152127016
N_LP.2031	-1.1314945513436945	1.131494551343694
N_LP.2032	1.206443626305512	-1.2064436263055125
N_LP.2033	-0.6079904079726988	0.6079904079726985
N_LP.2034	-0.5736924931811721	0.5736924931811719
N_LP.2035	-0.8641771255876421	0.8641771255876417
N_LP.2036	0.34380724112012223	-0.34380724112012295
N_LP.2037	-0.21542891768969466	0.21542891768969422
N_LP.2038	0.7579981150215876	-0.7579981150215876
N_LP.2039	-0.5220131166006284	0.522013116600628
N_LP.204	-0.2811689579179162	0.28116895791791574
N_LP.2040	-0.1636155624487157	0.16361556244871547
N_LP.2041	-1.2866160658383345	1.286616065838334
N_LP.2042	0.4955344872116901	-0.4955344872116903
N_LP.2043	-1.2618666335758073	1.2618666335758069
N_LP.2044	0.8065248254064149	-0.8065248254064151
N_LP.2045	1.4074064083225024	-1.4074064083225029
N_LP.2046	1.212418659885803	-1.2124186598858036
N_LP.2047	-0.6646376817502586	0.6646376817502584
N_LP.2048	1.1622427281886283	-1.1622427281886285
N_LP.2049	-0.022902386207383135	0.022902386207382688
N_LP.205	1.7762072836005103	-1.7762072836005105
N_LP.2050	0.5749177762306918	-0.5749177762306923
N_LP.2051	0.8961465017702653	-0.8961465017702661
N_LP.2052	-0.9081052701780808	0.9081052701780806
N_LP.2053	0.9490293255240889	-0.9490293255240896
N_LP.2054	-0.4893113897277754	0.48931138972777494
N_LP.2055	0.4046638742309106	-0.40466387423091127
N_LP.2056	-0.3218572381448203	0.3218572381448201
N_LP.2057	-0.9457186489763225	0.9457186489763223
N_LP.2058	-0.9366299498164459	0.9366299498164454
N_LP.2059	-1.0494046837872086	1.0494046837872084
N_LP.206	-0.5547903104765487	0.5547903104765483
N_LP.2060	0.9551725686820693	-0.9551725686820698
N_LP.2061	-0.5081304456501039	0.5081304456501035
N_LP.2062	1.4701411283183248	-1.4701411283183248
N_LP.2063	0.31979803915001503	-0.31979803915001526
N_LP.2064	-0.27399899953327916	0.27399899953327894
N_LP.2065	-1.2677090521630774	1.2677090521630772
N_LP.2066	0.21552266054569397	-0.2155226605456944
N_LP.2067	0.2756410804934117	-0.2756410804934121
N_LP.2068	0.6635940508555436	-0.663594050855544
N_LP.2069	-1.0144603652203688	1.0144603652203683
N_LP.207	1.8573651011977037	-1.8573651011977041
N_LP.2070	1.6640804777873703	-1.6640804777873706
N_LP.2071	1.2597607265085107	-1.2597607265085111
N_LP.2072	-1.297308884039062	1.2973088840390614
N_LP.2073	1.2756188451227974	-1.2756188451227979
N_LP.2074	-0.8377852130077991	0.8377852130077987
N_LP.2075	0.9630197956681632	-0.9630197956681636
N_LP.2076	-0.48165379058494484	0.4816537905849446
N_LP.2077	0.6902950129315999	-0.6902950129316003
N_LP.2078	0.4849801880296245	-0.48498018802962517
N_LP.2079	-1.014169796304821	1.0141697963048206
N_LP.208	-1.1510487841457164	1.151048784145716
N_LP.2080	-0.2028730448641935	0.20287304486419303
N_LP.2081	1.6603662653586062	-1.6603662653586064
N_LP.2082	-0.8271669967452477	0.8271669967452475
N_LP.2083	-0.35992092997830616	0.3599209299783057
N_LP.2084	-1.1933819601097762	1.193381960109776
N_LP.2085	0.3193315997832753	-0.31933159978327574
N_LP.2086	-0.6910780121386549	0.6910780121386545
N_LP.2087	-0.35931587739166065	0.35931587739166043
N_LP.2088	-1.2823742965955869	1.2823742965955867
N_LP.2089	0.24970845748561754	-0.24970845748561799
N_LP.209	1.1681308502903849	-1.1681308502903855
N_LP.2091	0.7717766704443102	-0.7717766704443106
N_LP.2092	-0.007955908591395985	0.00795590859139554
N_LP.2093	1.9176059505825378	-1.9176059505825378
N_LP.2094	-1.0460732199869383	1.0460732199869378
N_LP.2095	1.6086186409778318	-1.608618640977832
N_LP.2096	1.6742181087230084	-1.6742181087230086
N_LP.2097	1.6704227768922786	-1.6704227768922792
N_LP.2098	0.8269374766585292	-0.8269374766585297
N_LP.2099	1.8910412551407325	-1.8910412551407327
N_LP.21	-0.6508759278388064	0.6508759278388062
N_LP.210	-1.2379878905918067	1.2379878905918063
N_LP.2100	0.04514262066782962	-0.04514262066782984
N_LP.2101	2.0353214603011023	-2.0353214603011023
N_LP.2102	0.6693274324171958	-0.6693274324171963
N_LP.2103	0.5977028756581968	-0.597702875658197
N_LP.2104	1.3202629606139191	-1.3202629606139193
N_LP.2105	-0.061255986990214915	0.06125598699021447
N_LP.2106	-0.5814279223414706	0.5814279223414703
N_LP.2107	0.32289791790592404	-0.3228979179059245
N_LP.2108	-0.348347999803438	0.3483479998034378
N_LP.2109	1.8223518946187707	-1.822351894618771
N_LP.211	-1.268554791322233	1.2685547913222326
N_LP.2110	0.39196239302138647	-0.39196239302138647
N_LP.2111	-0.43661165869051044	0.4366116586905102
N_LP.2112	1.288563955499533	-1.288563955499533
N_LP.2113	-1.3472768149726606	1.3472768149726602
N_LP.2114	1.2184971588157556	-1.218497158815756
N_LP.2115	0.4720542714515541	-0.4720542714515543
N_LP.2116	-1.3869136993400297	1.3869136993400293
N_LP.2117	-0.11400915976830912	0.1140091597683089
N_LP.2118	-1.0034773090835278	1.0034773090835276
N_LP.2119	1.0134599673185476	-1.0134599673185478
N_LP.212	-1.0065597466569964	1.006559746656996
N_LP.2120	-0.6374253193629351	0.6374253193629349
N_LP.2121	-1.2839180298291886	1.2839180298291881
N_LP.2122	0.45078147586505213	-0.45078147586505235
N_LP.2123	-1.2895074160983508	1.2895074160983504
N_LP.2124	-0.46869045613429006	0.46869045613428983
N_LP.2125	-0.8172493513204171	0.8172493513204167
N_LP.2126	-0.6429289453003851	0.6429289453003847
N_LP.2127	-0.6681658298284215	0.6681658298284213
N_LP.2128	0.5931955203345364	-0.5931955203345366
N_LP.2129	0.7266485943128448	-0.7266485943128452
N_LP.213	-1.4014154263929364	1.401415426392936
N_LP.2130	0.7667941445087084	-0.7667941445087086
N_LP.2131	1.4049980469352232	-1.4049980469352235
N_LP.2132	-0.9521354747425038	0.9521354747425036
N_LP.2133	-0.4709907802483238	0.4709907802483236
N_LP.2134	0.1253746098092233	-0.12537460980922352
N_LP.2135	-0.8861888387214735	0.886188838721473
N_LP.2136	2.035706111983547	-2.0357061119835476
N_LP.2137	-0.1032759916920493	0.10327599169204908
N_LP.2138	-0.427601716044202	0.4276017160442018
N_LP.2139	1.6267715178168694	-1.6267715178168696
N_LP.214	1.9296762039436064	-1.9296762039436075
N_LP.2140	2.192406586434272	-2.1924065864342723
N_LP.2141	1.9214439392289202	-1.9214439392289204
N_LP.2142	1.6594018097574461	-1.6594018097574463
N_LP.2143	-1.4751755127663109	1.4751755127663102
N_LP.2144	0.031305418144800264	-0.03130541814480071
N_LP.2145	-1.113270599074087	1.1132705990740865
N_LP.2146	1.2310015349507943	-1.2310015349507948
N_LP.2147	-0.7726324000704344	0.772632400070434
N_LP.2148	1.838330832849281	-1.8383308328492811
N_LP.2149	-1.1593728921770623	1.1593728921770619
N_LP.215	-0.6156620296741474	0.6156620296741472
N_LP.2150	1.6503099311352911	-1.6503099311352916
N_LP.2151	0.19043354599261145	-0.1904335459926119
N_LP.2152	-0.52954969654239	0.5295496965423898
N_LP.2153	1.5850823250621524	-1.585082325062153
N_LP.2154	-0.7989574498509193	0.7989574498509191
N_LP.2155	0.8661835361208966	-0.8661835361208973
N_LP.2156	0.5785270690669532	-0.5785270690669538
N_LP.2157	0.9881829773780813	-0.9881829773780813
N_LP.2158	0.8894585240557387	-0.8894585240557389
N_LP.2159	-0.5723190427924182	0.572319042792418
N_LP.216	1.3454694732652	-1.3454694732652002
N_LP.2160	-0.8108082959726648	0.8108082959726644
N_LP.2161	-1.3767036699362867	1.3767036699362862
N_LP.2162	-1.3037481394992334	1.3037481394992332
N_LP.2163	1.7206862083842482	-1.720686208384249
N_LP.2164	-0.871855316885641	0.8718553168856407
N_LP.2165	-1.3760068218434045	1.3760068218434036
N_LP.2166	-0.6821172805326152	0.6821172805326148
N_LP.2167	-1.0771883600967318	1.0771883600967314
N_LP.2168	0.9270840631415579	-0.9270840631415583
N_LP.2169	0.012266334317790452	-0.012266334317790898
N_LP.217	-0.38793209099597675	0.38793209099597653
N_LP.2170	0.43316123460114525	-0.43316123460114575
N_LP.2171	-1.486083651349679	1.486083651349678
N_LP.2172	-0.1515241197776906	0.15152411977769037
N_LP.2173	-0.8075105179989545	0.8075105179989541
N_LP.2174	-1.4410618817888932	1.4410618817888927
N_LP.2175	-0.2610464139106659	0.2610464139106657
N_LP.2176	-1.2649551578263472	1.2649551578263467
N_LP.2177	0.4769927019413693	-0.4769927019413697
N_LP.2178	-1.5397954996265308	1.53979549962653
N_LP.2179	1.4033156394592345	-1.4033156394592348
N_LP.218	-0.18851942026932247	0.18851942026932203
N_LP.2180	-0.33169230901963753	0.33169230901963725
N_LP.2181	-1.2830453998724412	1.2830453998724407
N_LP.2182	-0.3692790975763901	0.36927909757638966
N_LP.2183	-0.03280146568930921	0.03280146568930898
N_LP.2184	1.0450061524297878	-1.0450061524297882
N_LP.2185	-0.9955565192710302	0.99555651927103
N_LP.2186	1.268229880207228	-1.2682298802072287
N_LP.2187	1.1750240324034509	-1.1750240324034513
N_LP.2188	-1.3056371545521082	1.3056371545521077
N_LP.2189	1.6530421527081074	-1.653042152708108
N_LP.219	-0.12463310094817659	0.12463310094817637
N_LP.2190	-0.891152716536801	0.8911527165368005
N_LP.2191	-0.7521219628949614	0.7521219628949608
N_LP.2192	0.6650654149870824	-0.6650654149870826
N_LP.2193	-0.907793843543774	0.9077938435437738
N_LP.2194	1.7437429106147375	-1.7437429106147382
N_LP.2195	0.506171782079341	-0.5061717820793412
N_LP.2196	1.426535765124952	-1.4265357651249524
N_LP.2197	-1.1461378975047452	1.1461378975047447
N_LP.2198	1.557176995634054	-1.5571769956340544
N_LP.2199	-1.1445879909073031	1.1445879909073027
N_LP.22	0.7603551376404025	-0.7603551376404027
N_LP.220	0.27489135102186124	-0.2748913510218617
N_LP.2200	-1.0157941791765452	1.0157941791765448
N_LP.2201	-0.10103221057289317	0.10103221057289273
N_LP.2202	-0.6303256156807029	0.6303256156807024
N_LP.2203	-0.8355544581589468	0.8355544581589464
N_LP.2204	-1.6127375274252052	1.6127375274252047
N_LP.2205	0.2179477507968186	-0.21794775079681905
N_LP.2206	-0.7452893468640887	0.7452893468640882
N_LP.2207	-0.7848922878129704	0.7848922878129702
N_LP.2208	0.8981892103379511	-0.8981892103379513
N_LP.2209	-0.6618749492535708	0.6618749492535704
N_LP.221	-0.08416277448705312	0.0841627744870529
N_LP.2210	-0.0243591626229771	0.024359162622976875
N_LP.2211	0.022138900382219783	-0.02213890038222001
N_LP.2212	-0.4881671171788513	0.4881671171788511
N_LP.2213	-0.8889883230356891	0.8889883230356886
N_LP.2214	-0.4059819815412503	0.4059819815412501
N_LP.2215	1.2534651078558843	-1.2534651078558845
N_LP.2216	0.4835926331279155	-0.4835926331279157
N_LP.2217	-0.16298907409116387	0.16298907409116342
N_LP.2218	0.6027085202336037	-0.6027085202336041
N_LP.2219	-1.0307925437740368	1.0307925437740366
N_LP.222	1.533513202554034	-1.5335132025540343
N_LP.2220	-1.0945152740107627	1.0945152740107622
N_LP.2221	0.02653482473192991	-0.026534824731930137
N_LP.2222	0.22929595105213418	-0.22929595105213466
N_LP.2223	-0.1501178822043116	0.15011788220431116
N_LP.2224	-0.5614889587367181	0.5614889587367177
N_LP.2225	-1.0792495240302504	1.0792495240302502
N_LP.2226	0.049148085733873435	-0.04914808573387388
N_LP.2227	0.9042036437136628	-0.904203643713663
N_LP.2228	-0.8758828662494921	0.8758828662494919
N_LP.2229	1.2486948188610572	-1.2486948188610578
N_LP.223	-1.2066583713090984	1.206658371309098
N_LP.2230	-0.8027254669238295	0.8027254669238293
N_LP.2231	0.7135914019255423	-0.7135914019255427
N_LP.2232	0.5176663347382958	-0.517666334738296
N_LP.2233	0.720579679643019	-0.720579679643019
N_LP.2234	1.7214959021169995	-1.7214959021169998
N_LP.2235	-1.0314419856718808	1.0314419856718804
N_LP.2236	0.43852753244282944	-0.4385275324428299
N_LP.2237	-0.7621783424463044	0.762178342446304
N_LP.2238	0.6580619953351139	-0.6580619953351143
N_LP.2239	0.9439495639755519	-0.9439495639755523
N_LP.224	0.7255013940434141	-0.7255013940434143
N_LP.2240	-1.5889974810252248	1.5889974810252245
N_LP.2241	-0.9244183827693465	0.9244183827693461
N_LP.2242	-1.0667467712743968	1.0667467712743965
N_LP.2243	0.3344107066665771	-0.3344107066665775
N_LP.2244	-1.2800935534971543	1.280093553497154
N_LP.2245	-0.4521159916452493	0.45211599164524885
N_LP.2246	0.9626066966989102	-0.9626066966989104
N_LP.2247	1.135156022336523	-1.1351560223365234
N_LP.2248	-1.435198968380617	1.4351989683806166
N_LP.2249	0.8914094945149579	-0.8914094945149581
N_LP.225	0.7633578455847266	-0.7633578455847269
N_LP.2250	1.8149943750644741	-1.8149943750644744
N_LP.2251	-1.3092814996031714	1.309281499603171
N_LP.2252	-1.3329942141877682	1.3329942141877675
N_LP.2253	-0.35812221410886397	0.35812221410886375
N_LP.2254	0.547759662097571	-0.5477596620975712
N_LP.2255	-0.18033184002981126	0.18033184002981104
N_LP.2256	1.173360764135311	-1.1733607641353112
N_LP.2257	-1.3806141496030682	1.3806141496030677
N_LP.2258	0.9055775594314341	-0.9055775594314341
N_LP.2259	1.343602543127458	-1.3436025431274583
N_LP.226	-1.3934038202046437	1.393403820204643
N_LP.2260	-0.5007742878469755	0.5007742878469751
N_LP.2261	0.34849317075178904	-0.3484931707517895
N_LP.2262	1.917837962384489	-1.9178379623844894
N_LP.2263	-0.9289794388918055	0.928979438891805
N_LP.2264	1.6523122495580003	-1.6523122495580005
N_LP.2265	-1.1357348325515964	1.135734832551596
N_LP.2266	-0.8497390804209475	0.8497390804209471
N_LP.2267	0.7146997588090817	-0.7146997588090819
N_LP.2268	0.29721976907693975	-0.2972197690769402
N_LP.2269	-1.472475425623162	1.4724754256231611
N_LP.227	1.3694678882066098	-1.3694678882066103
N_LP.2270	-0.41418108303970574	0.4141810830397055
N_LP.2271	0.49148507459019825	-0.4914850745901987
N_LP.2272	-0.7121863672760638	0.7121863672760633
N_LP.2273	-0.2398498759082103	0.23984987590821008
N_LP.2274	1.3034877735798798	-1.30348777357988
N_LP.2275	0.5193782360518476	-0.5193782360518479
N_LP.2276	-0.089314923717712	0.08931492371771178
N_LP.2277	-0.0024085529961695453	0.0024085529961690986
N_LP.2278	0.8135982504533642	-0.8135982504533644
N_LP.2279	-0.9155913364578203	0.9155913364578199
N_LP.228	-0.8854253924497839	0.8854253924497836
N_LP.2280	-1.3640970286535163	1.3640970286535163
N_LP.2281	0.6069481134890816	-0.6069481134890818
N_LP.2282	-0.15192156018491756	0.15192156018491712
N_LP.2283	0.5251860470539472	-0.5251860470539474
N_LP.2284	-1.121964836647294	1.1219648366472936
N_LP.2285	-0.6708998085838547	0.6708998085838545
N_LP.2286	-0.6095822928557982	0.609582292855798
N_LP.2287	0.12656789766510285	-0.1265678976651033
N_LP.2288	0.8326962103589972	-0.8326962103589972
N_LP.2289	-1.4792087570459131	1.4792087570459127
N_LP.229	-1.3412935727372193	1.3412935727372188
N_LP.2290	1.6555421519796283	-1.6555421519796287
N_LP.2291	-1.0041156200784638	1.0041156200784631
N_LP.2292	0.8721627366139032	-0.8721627366139039
N_LP.2293	-1.2562701608326379	1.2562701608326374
N_LP.2294	1.8325584561715658	-1.832558456171566
N_LP.2295	-1.4892488308243392	1.4892488308243383
N_LP.2296	0.061015028410630334	-0.061015028410630785
N_LP.2297	0.3649015339166222	-0.3649015339166222
N_LP.2298	-0.8663148728363831	0.8663148728363828
N_LP.2299	-0.8645068106017306	0.8645068106017302
N_LP.23	-0.06404518317158558	0.06404518317158536
N_LP.230	-0.26193205795595226	0.2619320579559518
N_LP.2300	-1.4153160228345032	1.415316022834503
N_LP.2301	-1.433220933169831	1.4332209331698305
N_LP.2302	-1.0292395123792895	1.029239512379289
N_LP.2303	1.3804968276689922	-1.3804968276689924
N_LP.2304	-0.9134328443088627	0.9134328443088622
N_LP.2305	-0.1723011469729088	0.17230114697290858
N_LP.2306	-0.8679974516701389	0.8679974516701385
N_LP.2307	-0.4184170077921144	0.41841700779211416
N_LP.2308	0.3982854254673884	-0.3982854254673888
N_LP.2309	-1.4363608113685709	1.4363608113685704
N_LP.231	-1.1664223296200207	1.1664223296200202
N_LP.2310	0.20160784374306998	-0.20160784374307042
N_LP.2311	-0.9168016381027093	0.9168016381027089
N_LP.2312	0.08776997596080527	-0.08776997596080571
N_LP.2313	-1.5478096129062904	1.5478096129062895
N_LP.2314	0.3200628381060137	-0.3200628381060144
N_LP.2315	-1.1308493101902055	1.130849310190205
N_LP.2316	-1.5155038210933849	1.5155038210933844
N_LP.2317	-0.00937551096931125	0.009375510969310804
N_LP.2318	1.3143044674663582	-1.3143044674663584
N_LP.2319	-0.8799694870701653	0.8799694870701651
N_LP.232	-0.13937317187641066	0.13937317187641043
N_LP.2320	-1.1321586643236714	1.132158664323671
N_LP.2321	-1.3797838197871743	1.3797838197871746
N_LP.2322	2.1960211012425046	-2.196021101242505
N_LP.2323	1.0624799652658647	-1.0624799652658647
N_LP.2324	-1.1973054888496584	1.1973054888496582
N_LP.2325	-0.7557132659675867	0.7557132659675864
N_LP.2326	0.134184624543694	-0.13418462454369445
N_LP.2327	0.2961247697431326	-0.29612476974313284
N_LP.2328	-0.15056307484991033	0.1505630748499101
N_LP.2329	-1.3177612540766146	1.3177612540766148
N_LP.233	-0.6954517868620151	0.6954517868620146
N_LP.2330	-1.469592869193163	1.469592869193163
N_LP.2331	-0.7029388018670343	0.7029388018670338
N_LP.2332	0.28666758356008026	-0.2866675835600805
N_LP.2333	-1.329247200556882	1.3292472005568823
N_LP.2334	-1.3461446274573836	1.3461446274573832
N_LP.2335	0.8972736027296969	-0.8972736027296974
N_LP.2336	-1.4667336243444362	1.4667336243444364
N_LP.2337	-1.4049611753005922	1.4049611753005917
N_LP.2338	-1.2284063742187528	1.2284063742187523
N_LP.2339	0.07353600759113302	-0.07353600759113348
N_LP.234	-1.1987446390992929	1.1987446390992926
N_LP.2340	0.907042832242184	-0.9070428322421842
N_LP.2341	-0.8522731855356337	0.8522731855356332
N_LP.2342	1.79991484309777	-1.7999148430977707
N_LP.2343	1.1531833451712337	-1.1531833451712339
N_LP.2344	-0.21680835201854465	0.21680835201854443
N_LP.2345	1.6219014705541368	-1.6219014705541375
N_LP.2346	0.044353156751348044	-0.04435315675134849
N_LP.2347	-0.2169393513319063	0.21693935133190587
N_LP.2348	-0.5991850575279752	0.599185057527975
N_LP.2349	-1.2723742829721003	1.2723742829720999
N_LP.235	-0.27274146769224267	0.2727414676922422
N_LP.2350	-1.4584669259122807	1.4584669259122804
N_LP.2351	0.6311851833098202	-0.6311851833098204
N_LP.2352	1.277778019449637	-1.2777780194496375
N_LP.2353	-0.22040841694894073	0.2204084169489405
N_LP.2354	-1.5092654742780045	1.5092654742780045
N_LP.2355	1.3759770791788153	-1.3759770791788155
N_LP.2356	-0.834410652076525	0.8344106520765245
N_LP.2357	-1.0928491636730324	1.092849163673032
N_LP.2358	-1.3015474000807485	1.3015474000807485
N_LP.2359	0.14336645931389466	-0.1433664593138951
N_LP.236	0.5082986254448268	-0.5082986254448271
N_LP.2360	-0.1460638196049525	0.14606381960495227
N_LP.2361	-1.4047675090510088	1.4047675090510088
N_LP.2362	-1.4734537753041366	1.4734537753041357
N_LP.2363	-0.9660567330309331	0.9660567330309328
N_LP.2364	-0.43163545710416723	0.4316354571041668
N_LP.2365	-0.5074003226393149	0.5074003226393147
N_LP.2366	1.4038621233445645	-1.4038621233445652
N_LP.2367	0.07266877756899376	-0.07266877756899398
N_LP.2368	0.8152031837371336	-0.8152031837371339
N_LP.2369	-0.32618874855595287	0.3261887485559524
N_LP.237	0.9835406194316437	-0.9835406194316442
N_LP.2370	0.7870271803489113	-0.7870271803489115
N_LP.2371	-1.1521191449166763	1.152119144916676
