	baseline	endpoint
N_AQ.1	0.5122742041129892	-0.5122742041129893
N_AQ.10	1.5518791112223556	-1.551879111222356
N_AQ.100	-0.1734990787102191	0.17349907871021927
N_AQ.1000	1.1768161021639993	-1.176816102163999
N_AQ.1001	1.0074939009808261	-1.007493900980826
N_AQ.1002	0.941219795737291	-0.9412197957372904
N_AQ.1003	-0.29484077951330795	0.29484077951330806
N_AQ.1004	1.5379568936806884	-1.5379568936806887
N_AQ.1005	-1.7548966929522305	1.75489669295223
N_AQ.1006	1.0755790527042652	-1.075579052704265
N_AQ.1007	-1.5613098033107304	1.5613098033107304
N_AQ.1008	-1.676924709403134	1.676924709403134
N_AQ.1009	0.7304945100474948	-0.7304945100474947
N_AQ.101	1.4044217989172623	-1.4044217989172625
N_AQ.1010	-1.3222656023786776	1.3222656023786774
N_AQ.1011	0.9270649356300246	-0.9270649356300246
N_AQ.1012	-0.16044152195865052	0.1604415219586505
N_AQ.1013	-0.8858029973760164	0.8858029973760164
N_AQ.1014	1.263335275941566	-1.2633352759415655
N_AQ.1015	-0.5308030027878818	0.530803002787882
N_AQ.1016	0.45982565375744816	-0.45982565375744827
N_AQ.1017	1.3354814986320673	-1.3354814986320667
N_AQ.1018	-0.1276962220440478	0.12769622204404796
N_AQ.1019	1.4633616145882593	-1.4633616145882586
N_AQ.102	0.6809595625515682	-0.6809595625515679
N_AQ.1020	-0.02702327592390218	0.027023275923902374
N_AQ.1021	-1.6809990850148206	1.6809990850148209
N_AQ.1022	-1.6700477139743282	1.6700477139743277
N_AQ.1023	-0.6868735588728033	0.6868735588728032
N_AQ.1024	-0.2346557496796501	0.23465574967965006
N_AQ.1025	0.4268596776722642	-0.4268596776722637
N_AQ.1026	-0.5249743970219997	0.5249743970219998
N_AQ.1027	-1.4559404195183008	1.4559404195183006
N_AQ.1028	1.489702329818214	-1.4897023298182135
N_AQ.1029	-1.2210299201435262	1.2210299201435257
N_AQ.103	1.4453594097768134	-1.4453594097768128
N_AQ.1030	0.9844686186742356	-0.9844686186742354
N_AQ.1031	-1.3958517783059123	1.3958517783059121
N_AQ.1032	-1.6584188162189677	1.6584188162189673
N_AQ.1033	-0.1967648323454708	0.19676483234547074
N_AQ.1034	-0.30164359158006554	0.30164359158006565
N_AQ.1035	1.1570772028592984	-1.1570772028592982
N_AQ.1036	-0.9790278786382299	0.9790278786382299
N_AQ.1037	0.5916542366559028	-0.5916542366559027
N_AQ.1038	0.7709829237277153	-0.7709829237277149
N_AQ.1039	-1.5196603724403903	1.5196603724403899
N_AQ.104	-1.1080616117777122	1.1080616117777118
N_AQ.1040	0.5889983251150442	-0.5889983251150441
N_AQ.1041	0.3670747693059681	-0.36707476930596805
N_AQ.1043	-0.850090648900267	0.850090648900267
N_AQ.1044	-1.7133016588614078	1.713301658861407
N_AQ.1045	0.9400549378444175	-0.9400549378444173
N_AQ.1046	0.02377269004221484	-0.023772690042214634
N_AQ.1047	0.493303534997512	-0.49330353499751206
N_AQ.1048	-1.2816498419241356	1.2816498419241356
N_AQ.1049	0.15316492722912303	-0.15316492722912278
N_AQ.105	1.5366025517492965	-1.5366025517492965
N_AQ.1050	-1.5248482456098855	1.5248482456098857
N_AQ.1051	-0.0831272591155721	0.08312725911557209
N_AQ.1052	0.013303527000087105	-0.0133035270000873
N_AQ.1053	0.3905698438119198	-0.3905698438119195
N_AQ.1054	1.2645191557064834	-1.2645191557064828
N_AQ.1055	-0.10729106896152141	0.10729106896152159
N_AQ.1056	-0.8169603242181357	0.8169603242181356
N_AQ.1057	-0.4052065638433055	0.40520656384330545
N_AQ.1058	-1.3521708447023977	1.3521708447023975
N_AQ.1059	0.8261783389846923	-0.8261783389846922
N_AQ.106	1.561012583264525	-1.561012583264525
N_AQ.1060	-0.21729971445625312	0.2172997144562533
N_AQ.1062	0.6205860397584284	-0.6205860397584281
N_AQ.1063	-1.0498165330694584	1.0498165330694584
N_AQ.1064	0.18500925572473212	-0.1850092557247321
N_AQ.1065	0.06135323712014948	-0.06135323712014927
N_AQ.1066	-0.8880220705283614	0.8880220705283614
N_AQ.1067	-1.6221936486191115	1.6221936486191109
N_AQ.1068	-0.6063024303374064	0.6063024303374065
N_AQ.1069	1.6364838645712327	-1.6364838645712327
N_AQ.107	-1.6014271169572596	1.6014271169572594
N_AQ.1070	-1.577366502001678	1.5773665020016774
N_AQ.1071	-0.3360564798388639	0.33605647983886383
N_AQ.1072	0.4569312848919984	-0.45693128489199797
N_AQ.1073	1.2515177859577336	-1.2515177859577333
N_AQ.1074	-1.3781466607386301	1.3781466607386297
N_AQ.1075	-0.08864046292318593	0.08864046292318592
N_AQ.1076	-0.6153453689289575	0.6153453689289574
N_AQ.1077	0.14484970841931288	-0.14484970841931286
N_AQ.1078	1.6928173852863353	-1.6928173852863344
N_AQ.1079	-1.5496520444290878	1.5496520444290873
N_AQ.108	0.7773984932420988	-0.7773984932420984
N_AQ.1080	1.6489016961729257	-1.6489016961729255
N_AQ.1081	1.2343786186073562	-1.234378618607356
N_AQ.1082	-1.2564426355314073	1.2564426355314071
N_AQ.1083	0.4868044189906	-0.4868044189905995
N_AQ.1084	-0.6662242065807827	0.6662242065807826
N_AQ.1085	1.1660486381701793	-1.1660486381701791
N_AQ.1086	0.029065675192433214	-0.029065675192432815
N_AQ.1087	-0.11196022725336496	0.11196022725336495
N_AQ.1088	-0.20728917617811587	0.207289176178116
N_AQ.1089	-1.1464080024804943	1.1464080024804943
N_AQ.109	-0.6751164120398653	0.6751164120398653
N_AQ.1090	0.11724261293550671	-0.11724261293550688
N_AQ.1091	-0.1529189498368872	0.15291894983688736
N_AQ.1092	-0.22291968558231032	0.22291968558231046
N_AQ.1093	-1.2700160932642852	1.270016093264285
N_AQ.1094	1.1704869097998392	-1.170486909799839
N_AQ.1095	0.4322997260751028	-0.4322997260751027
N_AQ.1096	-0.27596277178618434	0.2759627717861845
N_AQ.1097	1.0040815651021386	-1.0040815651021386
N_AQ.1098	0.8085780637904434	-0.8085780637904434
N_AQ.1099	1.5404570611636406	-1.5404570611636401
N_AQ.11	-1.541406535557269	1.5414065355572686
N_AQ.110	1.4406681521411524	-1.440668152141152
N_AQ.1100	1.4878958039227146	-1.4878958039227141
N_AQ.1101	0.9028277898525474	-0.902827789852547
N_AQ.1103	1.6566768757918313	-1.6566768757918309
N_AQ.1104	-0.9681384941835871	0.9681384941835871
N_AQ.1105	1.1640245964158114	-1.1640245964158111
N_AQ.1106	1.3711392778728508	-1.3711392778728508
N_AQ.1108	-0.3389549726352595	0.33895497263525937
N_AQ.1109	0.0798939376561847	-0.0798939376561845
N_AQ.111	-0.6541536185835165	0.6541536185835166
N_AQ.1110	-1.555296257894121	1.5552962578941212
N_AQ.1111	0.0032079492565539017	-0.003207949256554098
N_AQ.1112	-0.2932908422448489	0.2932908422448488
N_AQ.1113	1.6263577572905992	-1.6263577572905985
N_AQ.1114	1.2456226361727347	-1.2456226361727345
N_AQ.1115	-0.010533443113676872	0.010533443113677066
N_AQ.1116	-1.0550957630626285	1.0550957630626285
N_AQ.1117	0.10892362138230796	-0.10892362138230814
N_AQ.1118	0.9451197269867948	-0.9451197269867946
N_AQ.1119	-0.7542869319892269	0.7542869319892269
N_AQ.112	-1.0526890145327117	1.0526890145327115
N_AQ.1120	-1.2825468864652223	1.2825468864652223
N_AQ.1121	1.5251303271956533	-1.5251303271956533
N_AQ.1122	0.25504004616230036	-0.2550400461623001
N_AQ.1123	0.6438524924439799	-0.6438524924439796
N_AQ.1124	-1.3168288201425262	1.316828820142526
N_AQ.1125	-0.20338798083920043	0.2033879808392006
N_AQ.1126	0.03353234919726998	-0.033532349197269974
N_AQ.1127	1.5731296910777801	-1.5731296910777797
N_AQ.1128	0.17858527627343493	-0.1785852762734349
N_AQ.1129	0.16305523612455414	-0.16305523612455392
N_AQ.113	0.26555664647348926	-0.265556646473489
N_AQ.1130	-0.6314524447015166	0.6314524447015166
N_AQ.1132	1.266648417166748	-1.2666484171667478
N_AQ.1133	-1.0439131491338538	1.0439131491338538
N_AQ.1134	-1.4616882015699895	1.461688201569989
N_AQ.1135	-0.7164972361935926	0.7164972361935927
N_AQ.1136	-0.3166364199743256	0.31663641997432557
N_AQ.1137	0.10755928942196893	-0.1075592894219689
N_AQ.1138	1.3359279791945986	-1.335927979194598
N_AQ.1139	0.466681246195005	-0.4666812461950049
N_AQ.114	0.27777653402832353	-0.2777765340283231
N_AQ.1140	-0.06166809101516718	0.06166809101516756
N_AQ.1141	-1.7213274950253004	1.7213274950252997
N_AQ.1142	-0.7810365301658351	0.7810365301658349
N_AQ.1143	-1.444216308868429	1.4442163088684286
N_AQ.1144	1.2406626617799472	-1.2406626617799468
N_AQ.1145	-1.0359345533556068	1.0359345533556068
N_AQ.1146	-0.9343882982054011	0.9343882982054009
N_AQ.1147	1.6590558056233338	-1.6590558056233335
N_AQ.1148	-0.22329880223293644	0.22329880223293658
N_AQ.1149	-0.6389630105237548	0.6389630105237549
N_AQ.115	-0.28295105101466494	0.28295105101466506
N_AQ.1150	-1.4206050840311464	1.4206050840311462
N_AQ.1151	0.5844888087586906	-0.5844888087586904
N_AQ.1152	-1.236293585497384	1.236293585497384
N_AQ.1153	-1.4732087234630296	1.4732087234630296
N_AQ.1155	-1.3945366611876617	1.3945366611876617
N_AQ.1156	0.7429155812582411	-0.7429155812582411
N_AQ.1157	1.0468492488259895	-1.0468492488259895
N_AQ.1159	1.195714926759306	-1.1957149267593057
N_AQ.116	-0.08197261261451558	0.08197261261451556
N_AQ.1160	1.3147093863637718	-1.3147093863637713
N_AQ.1161	0.8453034583834781	-0.8453034583834781
N_AQ.1162	-1.4549741912287675	1.4549741912287673
N_AQ.1163	-0.5944301814729408	0.5944301814729407
N_AQ.1164	-0.4025157820565855	0.40251578205658545
N_AQ.1165	0.11254866800051072	-0.1125486680005105
N_AQ.1166	-0.024481319090053872	0.024481319090054063
N_AQ.1167	0.20882475519478705	-0.20882475519478663
N_AQ.1168	-1.4885915770084368	1.4885915770084364
N_AQ.1169	-1.7659367673575692	1.7659367673575694
N_AQ.117	0.26391648021670744	-0.2639164802167074
N_AQ.1170	0.39665233796009797	-0.3966523379600977
N_AQ.1171	1.039651283900761	-1.0396512839007608
N_AQ.1172	1.4354859638408433	-1.4354859638408433
N_AQ.1173	1.5583849148422746	-1.5583849148422737
N_AQ.1174	-0.7284140320075563	0.7284140320075562
N_AQ.1175	1.5127818650326448	-1.5127818650326446
N_AQ.1176	0.3788792115957736	-0.37887921159577354
N_AQ.1177	-1.8118280436831853	1.811828043683184
N_AQ.1178	0.6023299156456364	-0.6023299156456363
N_AQ.1179	1.370208598284954	-1.3702085982849543
N_AQ.118	-0.04860221415423422	0.04860221415423441
N_AQ.1180	-0.2773157034376059	0.27731570343760603
N_AQ.1181	-0.293223243244639	0.29322324324463894
N_AQ.1182	-0.4815988918637104	0.4815988918637103
N_AQ.1183	-0.8416844201314082	0.8416844201314081
N_AQ.1184	1.238414654406758	-1.2384146544067576
N_AQ.1185	-0.11670143072350357	0.11670143072350374
N_AQ.1186	-0.9590615136284153	0.9590615136284149
N_AQ.1187	1.6604302777087818	-1.660430277708782
N_AQ.1188	0.9449669125747158	-0.9449669125747157
N_AQ.1189	-0.6600394382485524	0.6600394382485523
N_AQ.119	-0.07417865178010431	0.0741786517801045
N_AQ.1190	-1.2370794835111587	1.2370794835111583
N_AQ.1191	0.6833181897821037	-0.6833181897821036
N_AQ.1192	1.682663971058513	-1.6826639710585123
N_AQ.1193	0.6074492375707278	-0.6074492375707279
N_AQ.1194	1.1518220005322861	-1.1518220005322861
N_AQ.1195	-0.8749801525999046	0.8749801525999044
N_AQ.1196	0.49799844368728213	-0.497998443687282
N_AQ.1197	-0.4344060045830501	0.43440600458305023
N_AQ.1198	0.6105357822597635	-0.6105357822597631
N_AQ.1199	1.0641224197366899	-1.0641224197366896
N_AQ.12	-0.8046897406352069	0.8046897406352069
N_AQ.120	-0.37428980544946966	0.3742898054494698
N_AQ.1200	-0.6838038170422789	0.683803817042279
N_AQ.1201	-0.45731552375346435	0.45731552375346446
N_AQ.1202	0.10427001732530362	-0.10427001732530361
N_AQ.1203	0.4423671388018772	-0.44236713880187717
N_AQ.1204	-0.42549015937909024	0.42549015937909035
N_AQ.1205	0.5433939046511644	-0.5433939046511643
N_AQ.1206	-0.44258834036407485	0.44258834036407496
N_AQ.1207	-1.5305047738120159	1.5305047738120159
N_AQ.1208	-1.1744078644821678	1.1744078644821676
N_AQ.1209	0.3778543895177883	-0.37785438951778827
N_AQ.121	-1.2621942455897919	1.2621942455897919
N_AQ.1210	0.3569271330373024	-0.35692713303730234
N_AQ.1211	1.566667678270378	-1.566667678270378
N_AQ.1212	-1.400401440389231	1.4004014403892306
N_AQ.1213	1.3755767322168029	-1.3755767322168027
N_AQ.1214	-0.7200578077138415	0.7200578077138415
N_AQ.1215	-0.32202715852262465	0.32202715852262476
N_AQ.1216	-0.9814741292502944	0.9814741292502941
N_AQ.1217	-1.4115823704606543	1.411582370460654
N_AQ.1218	0.3141068437423808	-0.31410684374238035
N_AQ.1219	-0.19590950104853833	0.1959095010485385
N_AQ.122	-1.535539694646174	1.5355396946461735
N_AQ.1220	-0.7276177746130862	0.7276177746130862
N_AQ.1221	0.39820455848509767	-0.3982045584850978
N_AQ.1222	-1.6046024284641687	1.6046024284641682
N_AQ.1223	1.4602418218340345	-1.4602418218340345
N_AQ.1224	-1.5283472114253258	1.5283472114253256
N_AQ.1225	0.6104773297569468	-0.6104773297569462
N_AQ.1226	1.0367982431502483	-1.0367982431502476
N_AQ.1227	-1.685752399272842	1.6857523992728423
N_AQ.1228	-0.7931701292906246	0.7931701292906245
N_AQ.1229	-1.3716744021003275	1.3716744021003275
N_AQ.123	-1.494864747611197	1.4948647476111967
N_AQ.1230	0.6560725047611257	-0.6560725047611251
N_AQ.1231	0.8323532130904819	-0.8323532130904817
N_AQ.1232	-1.3078386665183157	1.3078386665183153
N_AQ.1233	-1.40789381879919	1.4078938187991896
N_AQ.1234	0.23534654747942677	-0.23534654747942632
N_AQ.1235	-1.655515582163946	1.6555155821639456
N_AQ.1236	0.6181164117403461	-0.6181164117403459
N_AQ.1237	0.6487724173159106	-0.6487724173159105
N_AQ.1238	-1.5508822203186607	1.5508822203186603
N_AQ.1239	1.1987589946468316	-1.198758994646831
N_AQ.124	0.4463049319857112	-0.4463049319857111
N_AQ.1240	0.41518942230476574	-0.41518942230476547
N_AQ.1241	0.6604143819244049	-0.6604143819244046
N_AQ.1242	1.041545106411162	-1.0415451064111618
N_AQ.1243	-1.2797118052084615	1.2797118052084615
N_AQ.1244	0.5706503844938238	-0.5706503844938234
N_AQ.1245	-0.3843197954103294	0.3843197954103293
N_AQ.1246	0.6948327226745833	-0.6948327226745827
N_AQ.1247	1.468894245453939	-1.4688942454539384
N_AQ.1248	-1.1986702796981494	1.1986702796981494
N_AQ.1249	-0.27332389051195727	0.2733238905119572
N_AQ.125	-1.4754423390240259	1.4754423390240257
N_AQ.1250	-0.7726416998509749	0.7726416998509748
N_AQ.1251	-0.7595944864935399	0.7595944864935398
N_AQ.1252	0.48015791403500746	-0.4801579140350074
N_AQ.1253	0.9004352649377851	-0.9004352649377849
N_AQ.1254	0.9545467703859526	-0.9545467703859521
N_AQ.1255	-0.8199841618887742	0.819984161888774
N_AQ.1256	0.014846014148766268	-0.014846014148766067
N_AQ.1257	0.42773041694579556	-0.42773041694579506
N_AQ.1258	-1.1869011348433118	1.1869011348433118
N_AQ.1259	-0.23370206363583537	0.23370206363583554
N_AQ.126	-1.6848474650709342	1.684847465070934
N_AQ.1260	0.48061638930574874	-0.48061638930574846
N_AQ.1261	-1.2586790307770148	1.2586790307770146
N_AQ.1262	0.4609807685516965	-0.4609807685516964
N_AQ.1263	-1.518854980413234	1.5188549804132334
N_AQ.1264	-1.0327932689877986	1.0327932689877986
N_AQ.1265	-0.8949472347606529	0.8949472347606529
N_AQ.1266	-1.474956763538293	1.4749567635382927
N_AQ.1267	-0.6098659581191312	0.6098659581191312
N_AQ.1268	1.1288474747042236	-1.1288474747042234
N_AQ.1269	-0.6318510325272845	0.6318510325272846
N_AQ.127	0.2943299282729554	-0.2943299282729551
N_AQ.1270	1.1496169381184163	-1.149616938118416
N_AQ.1271	0.35475168312445243	-0.3547516831244524
N_AQ.1272	0.17365235625671283	-0.173652356256713
N_AQ.1273	1.6507158530419532	-1.6507158530419528
N_AQ.1274	-1.809898058494486	1.809898058494486
N_AQ.1275	-1.759497158251443	1.7594971582514425
N_AQ.1276	1.1108029240212238	-1.1108029240212234
N_AQ.1277	-0.9948318616032222	0.994831861603222
N_AQ.1278	1.2991683554053202	-1.2991683554053202
N_AQ.1279	1.4023227836462049	-1.4023227836462044
N_AQ.128	1.4287339555434335	-1.4287339555434333
N_AQ.1280	-1.545149888959729	1.5451498889597293
N_AQ.1282	1.0118107464956783	-1.011810746495678
N_AQ.1283	-0.4530816555678654	0.4530816555678653
N_AQ.1284	1.5392678784685911	-1.5392678784685907
N_AQ.1285	0.4414791336290865	-0.44147913362908603
N_AQ.1286	-1.5734350231143486	1.5734350231143477
N_AQ.1287	0.6322068798500694	-0.6322068798500691
N_AQ.1288	-0.7640799894082583	0.7640799894082583
N_AQ.1289	0.07496555088055015	-0.07496555088055014
N_AQ.129	0.3078871322613574	-0.3078871322613571
N_AQ.1290	-0.37944692336538133	0.37944692336538144
N_AQ.1291	-0.35129322713872285	0.3512932271387228
N_AQ.1292	-0.014302826115575219	0.014302826115575413
N_AQ.1293	1.0314992345215312	-1.0314992345215306
N_AQ.1294	0.03868808640404414	-0.038688086404043934
N_AQ.1295	-0.10038775701927834	0.1003877570192785
N_AQ.1296	1.2884044813420235	-1.2884044813420232
N_AQ.1297	-1.1262082414140462	1.1262082414140462
N_AQ.1298	0.9807225878594991	-0.9807225878594988
N_AQ.1299	-1.1349730425587765	1.1349730425587763
N_AQ.13	-1.1219742804013555	1.1219742804013555
N_AQ.130	-0.8880791579779072	0.888079157977907
N_AQ.1300	-0.4281490386093754	0.42814903860937553
N_AQ.1301	-1.7727900974490778	1.7727900974490778
N_AQ.1302	-0.7667673540835017	0.7667673540835016
N_AQ.1303	-0.8114300096098889	0.8114300096098888
N_AQ.1304	0.1336900963688716	-0.1336900963688714
N_AQ.1305	1.2036229100836342	-1.203622910083634
N_AQ.1306	0.6153881976260369	-0.6153881976260366
N_AQ.1307	1.4698852936543487	-1.4698852936543483
N_AQ.1308	-0.12477635065944176	0.12477635065944173
N_AQ.1309	0.42827318835391087	-0.428273188353911
N_AQ.131	1.4362381763078844	-1.436238176307884
N_AQ.1310	1.2314728894800135	-1.231472889480013
N_AQ.1311	-0.5560773216990591	0.5560773216990592
N_AQ.1312	-0.48299724277521633	0.48299724277521644
N_AQ.1313	-0.26046344060933196	0.2604634406093319
N_AQ.1314	0.2677733601534523	-0.2677733601534521
N_AQ.1315	0.189914740924498	-0.18991474092449775
N_AQ.1316	-0.23227880616877816	0.23227880616877813
N_AQ.1317	-0.6194154794231044	0.6194154794231043
N_AQ.1318	1.0332741262894178	-1.0332741262894178
N_AQ.1319	-0.7055526579516183	0.7055526579516184
N_AQ.132	0.2613405601795116	-0.26134056017951157
N_AQ.1321	1.2662589152556427	-1.2662589152556425
N_AQ.1322	-1.6649562238287474	1.6649562238287476
N_AQ.1323	-1.6258214041584202	1.62582140415842
N_AQ.1324	-1.1496040435952677	1.1496040435952677
N_AQ.1325	-0.18205268458033785	0.18205268458033802
N_AQ.1326	0.27892564112126866	-0.2789256411212684
N_AQ.1327	-0.1102565483622885	0.11025654836228867
N_AQ.1328	0.4610573035848179	-0.4610573035848178
N_AQ.1329	0.5191244994213553	-0.5191244994213554
N_AQ.133	1.2036318624794708	-1.2036318624794704
N_AQ.1330	-0.13925317023950345	0.13925317023950362
N_AQ.1331	1.2547073108608005	-1.2547073108608002
N_AQ.1332	0.8785295205142355	-0.8785295205142353
N_AQ.1333	0.6963223650994761	-0.6963223650994755
N_AQ.1334	1.4211487146825919	-1.4211487146825916
N_AQ.1335	0.8923280668289737	-0.8923280668289731
N_AQ.1337	-1.2583981507181372	1.2583981507181372
N_AQ.1338	-1.0282620614052294	1.0282620614052294
N_AQ.1339	-0.6831026716336562	0.6831026716336562
N_AQ.134	0.6535503664442976	-0.6535503664442973
N_AQ.1340	-0.619992859495262	0.6199928594952618
N_AQ.1341	0.3669748353812696	-0.3669748353812694
N_AQ.1342	0.10913954200026087	-0.10913954200026045
N_AQ.1343	0.4092737311596916	-0.40927373115969173
N_AQ.1344	1.1337802373613535	-1.1337802373613532
N_AQ.1345	1.5793055064650607	-1.5793055064650605
N_AQ.1346	1.1675106110448472	-1.167510611044847
N_AQ.1347	-1.2630699227255846	1.2630699227255844
N_AQ.1348	-1.2188382656359857	1.2188382656359855
N_AQ.1349	1.4453104739658378	-1.4453104739658378
N_AQ.135	-0.2607246195359242	0.26072461953592413
N_AQ.1350	1.5640074226090974	-1.5640074226090968
N_AQ.1351	1.0041809308913026	-1.0041809308913023
N_AQ.1352	0.6601449657498385	-0.6601449657498384
N_AQ.1353	-0.19610164515225012	0.1961016451522501
N_AQ.1354	-1.2124392380677758	1.2124392380677755
N_AQ.1355	-1.1512064623024856	1.1512064623024856
N_AQ.1356	0.15163532353525827	-0.15163532353525785
N_AQ.1357	0.636455314060878	-0.6364553140608775
N_AQ.1358	0.2479994240307853	-0.24799942403078526
N_AQ.1359	-0.35742984261588956	0.35742984261588967
N_AQ.136	0.3586253754175529	-0.3586253754175526
N_AQ.1360	-0.24098683776533644	0.2409868377653364
N_AQ.1361	-0.574622697285464	0.5746226972854639
N_AQ.1362	0.45496097647720257	-0.4549609764772027
N_AQ.1363	-0.7869909593242514	0.7869909593242516
N_AQ.1364	0.1508297617474501	-0.1508297617474499
N_AQ.1365	1.1834823727609902	-1.18348237276099
N_AQ.1366	-0.3192132554932204	0.3192132554932203
N_AQ.1367	1.4757169114487483	-1.4757169114487483
N_AQ.1368	1.5266508797591625	-1.5266508797591627
N_AQ.1369	-1.3330239686035197	1.3330239686035197
N_AQ.137	0.9074760688496037	-0.9074760688496036
N_AQ.1370	-0.09682854016532667	0.09682854016532665
N_AQ.1371	-0.04282213483910088	0.04282213483910086
N_AQ.1372	1.1014067087805348	-1.1014067087805346
N_AQ.1373	0.6144339941093678	-0.6144339941093675
N_AQ.1374	-0.7223655442002914	0.7223655442002914
N_AQ.1375	-0.8681367776703885	0.8681367776703883
N_AQ.1376	1.6776770473569784	-1.6776770473569782
N_AQ.1377	-0.33679186919534415	0.33679186919534426
N_AQ.1378	0.40613094879954414	-0.4061309487995441
N_AQ.1379	-0.055512062126309006	0.05551206212630919
N_AQ.138	-0.05851501827791792	0.058515018277917906
N_AQ.1380	0.23355640156904978	-0.23355640156904972
N_AQ.1382	0.2903924198007865	-0.29039241980078606
N_AQ.1383	1.0272418687705447	-1.0272418687705445
N_AQ.1384	-0.06505573264654028	0.06505573264654067
N_AQ.1385	1.2701680431243476	-1.2701680431243474
N_AQ.1386	0.006809678761173352	-0.006809678761172956
N_AQ.1387	0.04551960071324856	-0.045519600713248155
N_AQ.1388	-1.5132399918130077	1.5132399918130073
N_AQ.1389	-0.700189788639516	0.7001897886395161
N_AQ.139	-0.017338495873680086	0.017338495873680276
N_AQ.1390	0.7530940505931718	-0.7530940505931715
N_AQ.1391	1.65694933707655	-1.6569493370765496
N_AQ.1392	1.4002144661342657	-1.4002144661342657
N_AQ.1393	0.8292692463459337	-0.8292692463459332
N_AQ.1394	-0.9444478758810999	0.9444478758810999
N_AQ.1395	0.059859338539772024	-0.059859338539771816
N_AQ.1397	-0.20358507567320439	0.20358507567320436
N_AQ.1398	1.3328505662513412	-1.3328505662513406
N_AQ.1399	1.0761002588330573	-1.076100258833057
N_AQ.14	1.1078644396044113	-1.1078644396044106
N_AQ.140	0.7814126894187766	-0.7814126894187761
N_AQ.1400	0.5931905693983884	-0.5931905693983883
N_AQ.1401	-1.1164004097088498	1.1164004097088494
N_AQ.1402	-0.7096620172922591	0.709662017292259
N_AQ.1403	-0.18410400507675506	0.1841040050767552
N_AQ.1404	0.8506011112779588	-0.8506011112779583
N_AQ.1405	-1.2248169542293137	1.2248169542293137
N_AQ.1406	0.8216747687664676	-0.8216747687664671
N_AQ.1407	1.6092439616165728	-1.6092439616165723
N_AQ.1408	-0.39099368146200086	0.3909936814620008
N_AQ.141	0.09558847382903747	-0.09558847382903707
N_AQ.1411	1.5278679173420262	-1.527867917342026
N_AQ.1412	-0.6237480453371965	0.6237480453371966
N_AQ.1413	0.8389713192795801	-0.8389713192795799
N_AQ.1414	0.41247276516693654	-0.41247276516693604
N_AQ.1415	-0.7265432973218634	0.7265432973218632
N_AQ.1416	0.9502131006943209	-0.9502131006943206
N_AQ.1417	-0.5542561763212388	0.5542561763212389
N_AQ.1418	-0.670842992110165	0.6708429921101651
N_AQ.1419	0.6524504328019606	-0.6524504328019605
N_AQ.142	1.417171986370666	-1.417171986370666
N_AQ.1420	0.9660877198318194	-0.9660877198318193
N_AQ.1421	-0.5762425902221334	0.5762425902221333
N_AQ.1422	1.682030168732719	-1.6820301687327193
N_AQ.1423	-0.8393459572066789	0.8393459572066787
N_AQ.1424	-1.4019828690527727	1.4019828690527725
N_AQ.1425	-1.002952879945501	1.002952879945501
N_AQ.1426	1.3877702750266585	-1.3877702750266576
N_AQ.1427	0.4109241575072544	-0.41092415750725414
N_AQ.1428	1.3888689475652143	-1.3888689475652143
N_AQ.1429	1.208184878010607	-1.2081848780106068
N_AQ.143	-0.5257182739073194	0.5257182739073193
N_AQ.1430	-0.3356792055618975	0.3356792055618977
N_AQ.1431	0.6440942497804402	-0.6440942497804398
N_AQ.1432	-1.0419464134791305	1.0419464134791305
N_AQ.1433	0.7736916857333619	-0.7736916857333619
N_AQ.1434	0.8800360993684402	-0.8800360993684397
N_AQ.1435	0.17807385589539598	-0.17807385589539615
N_AQ.1437	-1.3836207673538088	1.3836207673538086
N_AQ.1438	-1.3627625406953707	1.3627625406953707
N_AQ.1439	0.8370349145611057	-0.8370349145611052
N_AQ.144	1.66788052701629	-1.66788052701629
N_AQ.1440	-1.1643847043669437	1.1643847043669435
N_AQ.1441	0.4358424184707217	-0.4358424184707214
N_AQ.1442	-0.46362531908911103	0.46362531908911114
N_AQ.1443	0.4621067664105253	-0.46210676641052517
N_AQ.1444	0.8773437153911915	-0.8773437153911912
N_AQ.1445	-0.6576654255197508	0.6576654255197507
N_AQ.1446	-0.6990436886663879	0.6990436886663877
N_AQ.1447	1.157675086585704	-1.1576750865857035
N_AQ.1448	-1.3767606135478245	1.3767606135478243
N_AQ.1449	0.421547179279288	-0.4215471792792877
N_AQ.145	0.8887837521001393	-0.888783752100139
N_AQ.1450	1.5065406749293593	-1.5065406749293595
N_AQ.1451	-0.26727057519996045	0.26727057519996056
N_AQ.1452	0.8867549022981369	-0.8867549022981366
N_AQ.1453	-1.6244120063797267	1.6244120063797267
N_AQ.1454	1.1189668770976253	-1.1189668770976253
N_AQ.1455	-1.6404828404930676	1.6404828404930671
N_AQ.1456	0.5098042362079565	-0.509804236207956
N_AQ.1457	-0.8888365445028753	0.8888365445028753
N_AQ.1458	1.1915704906343847	-1.1915704906343842
N_AQ.1459	-1.3123861084892061	1.312386108489206
N_AQ.146	-0.4454944863191315	0.4454944863191314
N_AQ.1460	0.9377346603122902	-0.93773466031229
N_AQ.1461	-1.4249036046978318	1.4249036046978316
N_AQ.1462	0.6448310903672294	-0.6448310903672291
N_AQ.1463	-0.09641476555455428	0.09641476555455426
N_AQ.1464	0.3383648458331336	-0.33836484583313337
N_AQ.1465	1.215765682681716	-1.2157656826817158
N_AQ.1466	-1.444293889454297	1.444293889454297
N_AQ.1467	-1.1573586594651764	1.1573586594651761
N_AQ.1468	1.1329465229318039	-1.1329465229318036
N_AQ.147	-0.2598125242380436	0.25981252423804374
N_AQ.1470	1.4538605246875185	-1.4538605246875183
N_AQ.1471	0.3707566034232738	-0.37075660342327377
N_AQ.1472	-0.828668482603057	0.8286684826030568
N_AQ.1473	-1.0932592905153213	1.0932592905153213
N_AQ.1474	0.8780340820850477	-0.8780340820850474
N_AQ.1475	0.26960413299049424	-0.2696041329904942
N_AQ.1477	-1.2452685187891313	1.2452685187891308
N_AQ.1478	0.8533740099940036	-0.8533740099940034
N_AQ.1479	-0.07136052968382912	0.07136052968382911
N_AQ.148	1.0282430156299605	-1.0282430156299602
N_AQ.1481	-0.18219065437941578	0.18219065437941573
N_AQ.1482	-0.14071858627757022	0.1407185862775702
N_AQ.1483	-0.6453898575310901	0.64538985753109
N_AQ.1484	1.4122532617349715	-1.4122532617349703
N_AQ.1485	-1.55377065273276	1.5537706527327597
N_AQ.1486	-0.5134071765759096	0.5134071765759095
N_AQ.1487	-1.7317222914372883	1.7317222914372887
N_AQ.1488	-0.2303702407185579	0.23037024071855786
N_AQ.1489	-0.596981424129088	0.5969814241290881
N_AQ.1490	-0.6103969719596161	0.610396971959616
N_AQ.1492	-0.3322120426957993	0.33221204269579924
N_AQ.1493	-1.3425717223596134	1.342571722359613
N_AQ.1494	-1.079774381611321	1.0797743816113206
N_AQ.1495	1.194129090363018	-1.194129090363018
N_AQ.1496	-0.4565038329779965	0.4565038329779966
N_AQ.1497	-0.5213697018123357	0.5213697018123358
N_AQ.1498	0.47711944400610834	-0.47711944400610806
N_AQ.1499	0.2495532447080008	-0.24955324470800075
N_AQ.15	-0.3455203394258672	0.3455203394258673
N_AQ.150	1.1883693747558257	-1.1883693747558255
N_AQ.1500	-0.2315017148546589	0.23150171485465904
N_AQ.1501	1.4682448505951096	-1.4682448505951096
N_AQ.1502	0.5595869300720673	-0.559586930072067
N_AQ.1503	-0.40064232505685293	0.40064232505685304
N_AQ.1504	-0.336158009516108	0.33615800951610797
N_AQ.1505	0.2111776629652197	-0.21117766296521948
N_AQ.1506	-0.8864485507660724	0.8864485507660724
N_AQ.1507	0.8882543637351284	-0.8882543637351284
N_AQ.1508	-0.3355768808884083	0.33557688088840826
N_AQ.1509	0.6776931400874703	-0.6776931400874704
N_AQ.151	1.0176043276806157	-1.017604327680615
N_AQ.1510	1.3071103516723366	-1.307110351672336
N_AQ.1511	0.864334974862371	-0.8643349748623705
N_AQ.1512	1.328442598675878	-1.3284425986758777
N_AQ.1513	1.4256923730064268	-1.4256923730064264
N_AQ.1514	0.07180949511915831	-0.0718094951191583
N_AQ.1515	-0.9399140752383764	0.9399140752383764
N_AQ.1516	-1.3875730441034801	1.38757304410348
N_AQ.1517	0.9607809158537223	-0.960780915853722
N_AQ.1518	1.0757634679845152	-1.075763467984515
N_AQ.1519	-1.589225229860971	1.5892252298609706
N_AQ.152	-1.523508544820197	1.523508544820197
N_AQ.1520	-0.7703662637606707	0.7703662637606709
N_AQ.1521	-1.4515327018230517	1.4515327018230515
N_AQ.1523	-1.0401101746079524	1.040110174607952
N_AQ.1524	0.961805926026972	-0.9618059260269719
N_AQ.1525	-1.0141074090988664	1.014107409098866
N_AQ.1526	-1.0642718092345684	1.0642718092345684
N_AQ.1527	-1.4663040006463064	1.4663040006463062
N_AQ.1528	0.4637559999811599	-0.4637559999811596
N_AQ.1529	0.30743701636920323	-0.30743701636920295
N_AQ.153	-1.0099107657532176	1.0099107657532171
N_AQ.1530	-0.6385629884391762	0.6385629884391761
N_AQ.1531	-0.6320688010508891	0.6320688010508891
N_AQ.1532	0.018520911236987944	-0.018520911236987743
N_AQ.1533	-0.39896900721012796	0.3989690072101279
N_AQ.1534	-1.704983299104545	1.7049832991045448
N_AQ.1535	-0.6147170905443025	0.6147170905443023
N_AQ.1536	1.3325089755616082	-1.332508975561608
N_AQ.1537	0.7331327956234003	-0.7331327956233997
N_AQ.1538	-0.2796141305325971	0.27961413053259726
N_AQ.1539	0.15584847226868917	-0.15584847226868914
N_AQ.154	0.003388392285798899	-0.003388392285798701
N_AQ.1540	0.33351463420878585	-0.3335146342087854
N_AQ.1541	-1.0918059624067349	1.0918059624067349
N_AQ.1542	1.3259835825834512	-1.325983582583451
N_AQ.1543	-1.426799653592468	1.4267996535924679
N_AQ.1544	-0.7406979519156205	0.7406979519156205
N_AQ.1545	-0.21078304021746547	0.2107830402174656
N_AQ.1546	1.5944205797692603	-1.5944205797692594
N_AQ.1547	1.0694241741542883	-1.0694241741542876
N_AQ.1548	0.4278296807002971	-0.4278296807002968
N_AQ.1549	0.6525021757209323	-0.6525021757209322
N_AQ.155	1.5594509619540113	-1.5594509619540111
N_AQ.1550	1.6281213481884913	-1.6281213481884913
N_AQ.1551	0.09157016802162349	-0.09157016802162346
N_AQ.1552	-0.4773057651372075	0.4773057651372074
N_AQ.1553	-1.0081292268484106	1.0081292268484106
N_AQ.1554	-0.005189630783375875	0.005189630783376071
N_AQ.1555	-0.4369556847908392	0.4369556847908393
N_AQ.1556	-0.2352559813575403	0.23525598135754025
N_AQ.156	-0.506627685081441	0.5066276850814408
N_AQ.157	-1.4760026133309485	1.4760026133309483
N_AQ.158	0.2936442272028025	-0.29364422720280203
N_AQ.159	1.1644404539437494	-1.1644404539437494
N_AQ.16	-0.2484992918047286	0.24849929180472877
N_AQ.160	0.6578885247675115	-0.6578885247675111
N_AQ.161	0.8872411269600019	-0.8872411269600018
N_AQ.163	0.1924980093333981	-0.19249800933339828
N_AQ.164	-1.8242623158216975	1.8242623158216973
N_AQ.165	-0.5646968021923395	0.5646968021923394
N_AQ.167	-1.3204459413395664	1.3204459413395662
N_AQ.168	0.014178557981823861	-0.014178557981823662
N_AQ.169	-0.3630896012706825	0.36308960127068246
N_AQ.17	1.1897871598539924	-1.1897871598539917
N_AQ.170	-1.3486324798292955	1.3486324798292952
N_AQ.171	-0.4798750759752584	0.47987507597525847
N_AQ.172	-0.40972937986188485	0.409729379861885
N_AQ.173	1.0254124182875954	-1.0254124182875952
N_AQ.174	-0.039601789557083426	0.039601789557083614
N_AQ.175	-0.5326114993695892	0.5326114993695891
N_AQ.176	0.23172006601597336	-0.23172006601597311
N_AQ.177	0.1918330501998675	-0.19183305019986746
N_AQ.178	-0.20033012278952844	0.20033012278952841
N_AQ.179	0.9568546566732012	-0.9568546566732011
N_AQ.180	-0.6042557122464041	0.6042557122464042
N_AQ.181	1.1405107562633379	-1.1405107562633376
N_AQ.182	1.5529617638537772	-1.5529617638537767
N_AQ.183	-0.6623549785684028	0.6623549785684026
N_AQ.184	1.2678127427739496	-1.2678127427739496
N_AQ.185	0.769958882081085	-0.7699588820810847
N_AQ.186	-1.0412468619796855	1.0412468619796855
N_AQ.187	-0.6327325937755144	0.6327325937755144
N_AQ.188	0.10207935447463616	-0.10207935447463576
N_AQ.189	1.6021622966265983	-1.602162296626598
N_AQ.19	1.2838952709768343	-1.2838952709768339
N_AQ.190	-1.5189017040038089	1.5189017040038084
N_AQ.191	1.3467940328496268	-1.3467940328496266
N_AQ.193	0.955363067773814	-0.9553630677738137
N_AQ.194	-0.7427556819448987	0.7427556819448987
N_AQ.195	0.5305943854477922	-0.5305943854477918
N_AQ.196	0.015656925308182783	-0.01565692530818278
N_AQ.197	-1.0012084374267243	1.0012084374267243
N_AQ.198	0.9084716211734827	-0.9084716211734825
N_AQ.199	-1.5561134367956786	1.5561134367956788
N_AQ.2	1.1040465665568513	-1.1040465665568506
N_AQ.20	1.424031072613316	-1.4240310726133159
N_AQ.200	1.040246621866838	-1.0402466218668376
N_AQ.201	-1.6622731317152095	1.6622731317152093
N_AQ.202	-0.8657146304382916	0.8657146304382913
N_AQ.203	-0.11826173466759907	0.11826173466759904
N_AQ.204	1.0741347639076473	-1.074134763907647
N_AQ.205	-0.7315004734885083	0.7315004734885081
N_AQ.206	0.37649263721270043	-0.37649263721269993
N_AQ.207	-0.5526291519333874	0.5526291519333875
N_AQ.208	-1.7401157807751277	1.740115780775127
N_AQ.209	-0.6976568901885749	0.697656890188575
N_AQ.21	1.6350510469723296	-1.6350510469723292
N_AQ.210	-1.296791375242973	1.296791375242973
N_AQ.211	0.1328653191572596	-0.13286531915725938
N_AQ.212	-0.4179774418693062	0.4179774418693063
N_AQ.213	0.5942518993797968	-0.5942518993797965
N_AQ.214	0.6605390324674331	-0.6605390324674327
N_AQ.215	-1.7552824917686694	1.7552824917686687
N_AQ.216	-1.3744512720787694	1.3744512720787692
N_AQ.217	0.3152696505345864	-0.31526965053458633
N_AQ.218	-0.9009646577024728	0.9009646577024728
N_AQ.219	-1.2749346502248307	1.2749346502248307
N_AQ.22	-0.22538139175281138	0.22538139175281155
N_AQ.220	1.3023946630427505	-1.3023946630427505
N_AQ.221	0.9425580961438345	-0.942558096143834
N_AQ.222	-1.460540799750392	1.460540799750392
N_AQ.223	-1.519647322773206	1.5196473227732057
N_AQ.224	0.0661497217052523	-0.06614972170525228
N_AQ.225	0.0178500170714827	-0.0178500170714825
N_AQ.226	-1.6599980033440522	1.6599980033440525
N_AQ.227	-0.8859978972725348	0.8859978972725345
N_AQ.229	-1.5897400280129346	1.5897400280129346
N_AQ.23	0.2104513141850995	-0.21045131418509944
N_AQ.230	0.31955538152104396	-0.3195553815210439
N_AQ.231	-0.7836543570462274	0.7836543570462272
N_AQ.232	-1.448555495250815	1.448555495250815
N_AQ.233	0.6186113339068368	-0.6186113339068366
N_AQ.234	1.3614409657758408	-1.3614409657758404
N_AQ.235	0.6353945930375978	-0.6353945930375978
N_AQ.236	-0.9463030657765061	0.9463030657765059
N_AQ.237	1.2006719431745168	-1.2006719431745165
N_AQ.238	-1.4195349716704573	1.4195349716704568
N_AQ.239	0.9994790579439559	-0.9994790579439556
N_AQ.24	-0.7792278846735123	0.7792278846735123
N_AQ.240	1.4897839064763991	-1.4897839064763987
N_AQ.241	0.6716072663937562	-0.6716072663937561
N_AQ.242	1.0599019808605517	-1.0599019808605514
N_AQ.243	1.0273170509380136	-1.0273170509380134
N_AQ.244	0.5083919688434883	-0.5083919688434878
N_AQ.245	-1.3061831288994468	1.3061831288994468
N_AQ.246	-0.4384596198384086	0.4384596198384085
N_AQ.247	0.5619997155691651	-0.5619997155691647
N_AQ.248	0.15287123618165077	-0.15287123618165074
N_AQ.249	0.6979009879839398	-0.6979009879839395
N_AQ.25	-1.1438903022369644	1.1438903022369642
N_AQ.250	-0.9675930166037612	0.9675930166037608
N_AQ.251	1.104403137017823	-1.1044031370178222
N_AQ.252	0.19779684802434944	-0.1977968480243492
N_AQ.253	1.3582974002332282	-1.3582974002332278
N_AQ.254	0.49905468788021495	-0.4990546878802149
N_AQ.255	0.13533631427592843	-0.1353363142759284
N_AQ.256	1.2631095737169973	-1.263109573716997
N_AQ.257	0.11650745994590624	-0.11650745994590582
N_AQ.258	0.31938458422404276	-0.3193845842240425
N_AQ.259	1.0247005456593548	-1.0247005456593545
N_AQ.26	0.02681357721770308	-0.026813577217703072
N_AQ.260	1.373884611424604	-1.3738846114246035
N_AQ.261	0.14539551740619436	-0.14539551740619394
N_AQ.262	1.2155367961791494	-1.2155367961791488
N_AQ.263	-1.051238748721045	1.051238748721045
N_AQ.264	1.0097873065755072	-1.009787306575507
N_AQ.265	0.6542165311363193	-0.654216531136319
N_AQ.266	-1.2077068333515957	1.2077068333515952
N_AQ.267	-0.23402246006387425	0.2340224600638744
N_AQ.268	-0.46518884863123555	0.46518884863123544
N_AQ.269	0.08147997372296928	-0.08147997372296946
N_AQ.27	-1.539524928247402	1.5395249282474015
N_AQ.270	-0.6235530637241606	0.6235530637241605
N_AQ.271	0.22410504334446196	-0.22410504334446152
N_AQ.272	0.9898186004662729	-0.9898186004662727
N_AQ.273	-1.2662126912137162	1.2662126912137162
N_AQ.274	-0.4366048377154472	0.43660483771544734
N_AQ.275	-0.20313236841483648	0.20313236841483645
N_AQ.276	1.5147254469965332	-1.5147254469965326
N_AQ.277	1.2281797413421511	-1.228179741342151
N_AQ.278	0.8827658140601682	-0.8827658140601679
N_AQ.279	-0.8594389530545098	0.8594389530545098
N_AQ.28	-0.4306977836588339	0.430697783658834
N_AQ.280	1.5737812733265788	-1.5737812733265781
N_AQ.281	-1.1936304491894891	1.193630449189489
N_AQ.282	-0.254087895472738	0.2540878954727382
N_AQ.283	1.345156642405531	-1.3451566424055303
N_AQ.284	0.8692870908021372	-0.8692870908021368
N_AQ.285	-0.846346771048637	0.8463467710486371
N_AQ.286	1.1365387946464849	-1.1365387946464847
N_AQ.287	-0.00047738549313924335	0.00047738549313924324
N_AQ.288	-0.724741607584572	0.7247416075845718
N_AQ.289	1.4301669510021755	-1.4301669510021748
N_AQ.29	1.4841647956754422	-1.4841647956754418
N_AQ.290	-1.648576122984621	1.6485761229846205
N_AQ.291	0.5427992210242925	-0.5427992210242923
N_AQ.292	-1.014188099331512	1.014188099331512
N_AQ.293	-0.6443350285008145	0.6443350285008146
N_AQ.294	1.3578725119754433	-1.357872511975443
N_AQ.295	1.044841269225997	-1.0448412692259965
N_AQ.296	-0.2825567966062327	0.28255679660623284
N_AQ.297	-0.8511496468252784	0.8511496468252784
N_AQ.298	1.0977809141813115	-1.0977809141813113
N_AQ.299	1.107098233481702	-1.1070982334817019
N_AQ.3	-1.6705870933828064	1.670587093382806
N_AQ.30	-0.3997921780411176	0.39979217804111755
N_AQ.300	0.07813550387041977	-0.07813550387041955
N_AQ.301	0.9731776464484575	-0.9731776464484574
N_AQ.302	-0.5030577555665583	0.5030577555665582
N_AQ.303	-0.9546867977112656	0.9546867977112654
N_AQ.304	1.2444200787684223	-1.2444200787684219
N_AQ.305	0.9370755153783085	-0.9370755153783084
N_AQ.306	0.24814285372481945	-0.2481428537248194
N_AQ.307	-1.4844359704772616	1.4844359704772614
N_AQ.308	0.2382884476790741	-0.23828844767907403
N_AQ.309	0.810315611894618	-0.8103156118946176
N_AQ.31	1.4232182543251373	-1.4232182543251373
N_AQ.310	0.19118872976256784	-0.1911887297625676
N_AQ.311	0.3254272298861631	-0.32542722988616324
N_AQ.312	-0.08919328068210275	0.08919328068210293
N_AQ.313	-1.4495978576595916	1.4495978576595911
N_AQ.314	1.0835584956188287	-1.0835584956188284
N_AQ.315	0.3297428074946579	-0.32974280749465784
N_AQ.316	-0.29571511451287585	0.29571511451287597
N_AQ.317	0.16892244611387983	-0.1689224461138796
N_AQ.318	1.6193825357698668	-1.6193825357698661
N_AQ.319	1.20270544922698	-1.2027054492269798
N_AQ.32	1.5383198869364483	-1.5383198869364485
N_AQ.320	-0.2212828142315412	0.22128281423154136
N_AQ.321	0.3537635211515745	-0.3537635211515744
N_AQ.322	-1.7831351370509638	1.7831351370509634
N_AQ.323	0.4444026216230587	-0.4444026216230588
N_AQ.324	-1.322731021953008	1.3227310219530077
N_AQ.325	-1.0066943594433506	1.0066943594433506
N_AQ.326	0.5025429715055104	-0.5025429715055101
N_AQ.327	-0.8061913268687783	0.8061913268687783
N_AQ.328	-0.16860066452554862	0.16860066452554856
N_AQ.329	-0.4887752783330303	0.48877527833303036
N_AQ.33	-1.3597742731639029	1.3597742731639024
N_AQ.330	-0.29800647861031887	0.29800647861031904
N_AQ.331	1.2089196251619136	-1.2089196251619134
N_AQ.332	0.24172330700521313	-0.24172330700521327
N_AQ.333	-0.002714350216327087	0.0027143502163272837
N_AQ.334	0.3904120780643148	-0.39041207806431455
N_AQ.335	-0.41880255335930094	0.41880255335930083
N_AQ.336	1.3854469583837599	-1.3854469583837594
N_AQ.337	-0.7252993434712665	0.7252993434712666
N_AQ.338	0.8784869032723633	-0.8784869032723631
N_AQ.339	1.2666139657911326	-1.2666139657911324
N_AQ.34	-0.7961756744682613	0.7961756744682612
N_AQ.340	-0.10012172016247933	0.10012172016247951
N_AQ.341	-1.0234871513254815	1.0234871513254815
N_AQ.342	-0.579117193888764	0.5791171938887639
N_AQ.343	1.0693002060257881	-1.069300206025788
N_AQ.344	1.2662959207086038	-1.2662959207086035
N_AQ.345	0.32215714237816967	-0.3221571423781692
N_AQ.346	1.1923374658718948	-1.1923374658718946
N_AQ.347	-1.1540019724008224	1.1540019724008221
N_AQ.348	-0.38548739788935066	0.3854873978893508
N_AQ.349	0.6405186884565165	-0.6405186884565162
N_AQ.35	0.2912757428041028	-0.29127574280410273
N_AQ.350	1.3576357560508419	-1.357635756050841
N_AQ.351	1.302748579172536	-1.3027485791725357
N_AQ.352	1.4965531949388269	-1.4965531949388262
N_AQ.353	0.8961028378082793	-0.896102837808279
N_AQ.354	0.8435075565197874	-0.8435075565197873
N_AQ.355	-0.1659120872198812	0.16591208721988118
N_AQ.356	-0.9623014365735503	0.9623014365735503
N_AQ.357	-0.7820552900709351	0.7820552900709352
N_AQ.358	-1.3882955289570642	1.3882955289570638
N_AQ.359	-0.616834183566933	0.616834183566933
N_AQ.36	-0.6970461042204524	0.6970461042204524
N_AQ.360	0.2613303352048253	-0.26133033520482507
N_AQ.361	0.6290800412098301	-0.6290800412098297
N_AQ.362	1.1984916260536702	-1.19849162605367
N_AQ.363	-0.49907812909354154	0.4990781290935415
N_AQ.364	1.3042563307176913	-1.304256330717691
N_AQ.365	-0.48347479386410197	0.4834747938641021
N_AQ.366	0.19288342393834973	-0.1928834239383499
N_AQ.367	-0.3554664815178672	0.3554664815178673
N_AQ.368	-1.270182727535443	1.2701827275354427
N_AQ.369	1.3277435781452165	-1.3277435781452163
N_AQ.37	-0.7685806750748744	0.7685806750748745
N_AQ.370	0.8292235518370088	-0.8292235518370087
N_AQ.371	-0.3124866305448581	0.31248663054485804
N_AQ.372	-1.0613905354560218	1.0613905354560218
N_AQ.373	-1.5909045235223054	1.5909045235223047
N_AQ.374	-0.5082548053298696	0.5082548053298697
N_AQ.375	0.8763225234311137	-0.8763225234311137
N_AQ.376	-1.264520578337896	1.2645205783378959
N_AQ.377	0.3904762763542665	-0.39047627635426624
N_AQ.378	0.7087745095185153	-0.7087745095185152
N_AQ.379	0.30306287168537155	-0.3030628716853711
N_AQ.38	-1.474744125369928	1.474744125369928
N_AQ.380	-0.4071169362926837	0.4071169362926836
N_AQ.381	0.2607976313187643	-0.26079763131876427
N_AQ.382	-1.1005730665504534	1.1005730665504532
N_AQ.383	-1.619350657938827	1.6193506579388275
N_AQ.384	1.0040106234546495	-1.0040106234546489
N_AQ.385	1.352771181884153	-1.3527711818841528
N_AQ.386	-0.10290759033220635	0.10290759033220634
N_AQ.387	0.8702633256248962	-0.8702633256248962
N_AQ.388	-0.07729974409462093	0.0772997440946211
N_AQ.389	-0.14868240633536994	0.14868240633536992
N_AQ.39	-0.9221546075763118	0.9221546075763117
N_AQ.390	-1.0451146584513251	1.0451146584513251
N_AQ.391	1.3233305326209053	-1.323330532620905
N_AQ.392	0.6158773296234439	-0.6158773296234438
N_AQ.393	0.25904344199698137	-0.2590434419969811
N_AQ.394	0.9574604165168944	-0.9574604165168943
N_AQ.395	-1.294219639143317	1.294219639143317
N_AQ.396	-0.22343030641263473	0.2234303064126349
N_AQ.397	-1.2538080271333485	1.253808027133348
N_AQ.398	-0.28033063304433015	0.2803306330443301
N_AQ.399	1.4776574104002416	-1.477657410400241
N_AQ.4	0.00023078912211525401	-0.00023078912211505682
N_AQ.40	-1.1643365595723012	1.164336559572301
N_AQ.400	-1.0860687218981964	1.086068721898196
N_AQ.401	-1.5723172131581482	1.5723172131581482
N_AQ.402	-0.30250208189581396	0.3025020818958139
N_AQ.403	-0.14600578713341278	0.14600578713341295
N_AQ.404	0.6283058508473104	-0.6283058508473098
N_AQ.405	-0.4480141648935744	0.4480141648935743
N_AQ.406	1.4575835986004249	-1.457583598600425
N_AQ.408	0.8668973555060725	-0.8668973555060719
N_AQ.409	1.5775606193697616	-1.5775606193697618
N_AQ.41	1.36538795217638	-1.3653879521763796
N_AQ.410	-0.8536780157821415	0.8536780157821413
N_AQ.411	-0.11515963746964178	0.11515963746964195
N_AQ.412	-0.08879474985334525	0.08879474985334543
N_AQ.413	1.1233493152652871	-1.1233493152652865
N_AQ.414	-1.6011971510543876	1.6011971510543872
N_AQ.415	-1.3057723663363319	1.3057723663363319
N_AQ.416	-0.12572407051107615	0.12572407051107615
N_AQ.417	-0.26620321982711076	0.26620321982711087
N_AQ.418	0.9636113106167823	-0.9636113106167821
N_AQ.419	-0.9380624301025746	0.9380624301025744
N_AQ.42	0.433904923063801	-0.43390492306380096
N_AQ.420	-0.822389764999264	0.8223897649992641
N_AQ.421	-0.747700776390014	0.747700776390014
N_AQ.422	0.9936218790338565	-0.993621879033856
N_AQ.423	-0.33461213994098815	0.3346121399409881
N_AQ.424	0.5905050818691107	-0.5905050818691105
N_AQ.425	-0.9124460082753806	0.9124460082753804
N_AQ.426	-0.24647227443281128	0.24647227443281122
N_AQ.427	-0.000563197536541563	0.0005631975365413657
N_AQ.428	-1.4186857876289576	1.4186857876289574
N_AQ.429	-0.5445705826259585	0.5445705826259586
N_AQ.43	-0.8933551587309422	0.8933551587309422
N_AQ.430	0.5322242452521704	-0.5322242452521704
N_AQ.431	0.4030096749600055	-0.4030096749600054
N_AQ.432	-1.64241178524572	1.6424117852457194
N_AQ.433	-0.5328700656506745	0.5328700656506744
N_AQ.434	1.594504007004509	-1.5945040070045085
N_AQ.435	0.9856347539676062	-0.9856347539676057
N_AQ.436	0.7642816443001155	-0.7642816443001154
N_AQ.437	-1.3260670603914042	1.3260670603914038
N_AQ.438	-1.6700306707652677	1.670030670765268
N_AQ.439	0.6602804935730592	-0.6602804935730588
N_AQ.44	1.0678724247171707	-1.0678724247171705
N_AQ.440	1.6644394858493885	-1.664439485849388
N_AQ.441	0.3969031501549482	-0.3969031501549477
N_AQ.442	-0.19035334876086663	0.1903533487608668
N_AQ.443	-0.25234055238990133	0.2523405523899015
N_AQ.444	0.5939468126758254	-0.5939468126758253
N_AQ.445	1.3718219764751274	-1.3718219764751274
N_AQ.446	-1.1500862140335646	1.1500862140335644
N_AQ.447	-0.08693066730195666	0.08693066730195684
N_AQ.448	1.2709720624492185	-1.270972062449218
N_AQ.449	-0.6044340972553495	0.6044340972553496
N_AQ.45	-1.1533153691806526	1.1533153691806521
N_AQ.450	0.48190663108152937	-0.4819066310815291
N_AQ.451	0.5458741268867298	-0.5458741268867295
N_AQ.452	-1.6092962614762922	1.609296261476292
N_AQ.453	-1.5545982148493624	1.5545982148493624
N_AQ.454	-0.24608026985532053	0.24608026985532067
N_AQ.455	1.2354647592599786	-1.2354647592599781
N_AQ.456	-0.27868090561182013	0.2786809056118201
N_AQ.457	-1.5164243947296858	1.5164243947296854
N_AQ.458	-0.036303445066670735	0.03630344506667072
N_AQ.459	1.2634333291624955	-1.2634333291624953
N_AQ.46	-1.276202855235513	1.2762028552355127
N_AQ.460	-0.13636030460122958	0.13636030460122975
N_AQ.461	-0.10209233184858169	0.10209233184858185
N_AQ.462	0.3829077881526893	-0.3829077881526892
N_AQ.463	1.16056067528497	-1.1605606752849698
N_AQ.464	-1.4305525998754218	1.4305525998754214
N_AQ.465	-1.0981728562380335	1.0981728562380335
N_AQ.466	0.16344090782881002	-0.1634409078288098
N_AQ.467	0.9646289104209094	-0.9646289104209094
N_AQ.468	1.2615799497598414	-1.2615799497598412
N_AQ.469	-1.6713749719664288	1.671374971966428
N_AQ.47	-1.6629732177066352	1.6629732177066345
N_AQ.470	-1.0887711796838602	1.08877117968386
N_AQ.471	1.3136739786825764	-1.3136739786825762
N_AQ.472	-1.439283179848846	1.4392831798488457
N_AQ.473	-0.9346661885252863	0.9346661885252863
N_AQ.474	-1.3017211161935647	1.3017211161935647
N_AQ.475	-0.5082923848022051	0.508292384802205
N_AQ.476	-1.7471920814638413	1.7471920814638406
N_AQ.477	-1.6345782802675037	1.634578280267503
N_AQ.478	-0.02295693836048489	0.022956938360485086
N_AQ.479	1.3146342190012417	-1.3146342190012414
N_AQ.48	-1.2863937354093908	1.2863937354093904
N_AQ.480	1.1095739365793265	-1.1095739365793262
N_AQ.481	0.8141724015824039	-0.8141724015824033
N_AQ.482	1.0762560417648928	-1.0762560417648925
N_AQ.483	-0.8214738617217054	0.8214738617217056
N_AQ.484	-1.3700845945105014	1.370084594510501
N_AQ.485	-0.5322633937937815	0.5322633937937816
N_AQ.486	0.5470615627267696	-0.5470615627267695
N_AQ.487	-0.32466675848507776	0.3246667584850777
N_AQ.488	-1.0376722222191972	1.0376722222191972
N_AQ.489	-0.21069258620154088	0.21069258620154102
N_AQ.49	0.5708789457762232	-0.5708789457762227
N_AQ.490	-0.24950456590139816	0.2495045659013983
N_AQ.491	-1.1954248264335416	1.1954248264335414
N_AQ.492	0.3990097997472708	-0.3990097997472705
N_AQ.493	0.3997700638391338	-0.3997700638391334
N_AQ.494	-1.6825991304184151	1.6825991304184142
N_AQ.495	0.19986266244069192	-0.19986266244069187
N_AQ.496	0.38850849351313843	-0.388508493513138
N_AQ.497	1.4692273460690894	-1.4692273460690888
N_AQ.498	0.6000501275153675	-0.6000501275153669
N_AQ.499	1.0466790102003585	-1.046679010200358
N_AQ.5	-1.0368878914691761	1.0368878914691757
N_AQ.50	-1.2165830416992032	1.2165830416992032
N_AQ.500	1.3322023512190984	-1.3322023512190981
N_AQ.501	1.1858326903335914	-1.185832690333591
N_AQ.502	-0.31695290749476096	0.3169529074947611
N_AQ.503	0.39297206383912414	-0.39297206383912386
N_AQ.504	-1.780625553693707	1.7806255536937061
N_AQ.505	1.309536072342503	-1.3095360723425025
N_AQ.506	0.6493824447691617	-0.6493824447691614
N_AQ.507	0.48397623507737597	-0.4839762350773761
N_AQ.508	-1.3800539145447643	1.3800539145447637
N_AQ.509	-0.412799321403173	0.4127993214031731
N_AQ.51	1.4267323497768067	-1.4267323497768063
N_AQ.510	1.4457641459295993	-1.4457641459295993
N_AQ.511	-1.204925298425804	1.204925298425804
N_AQ.512	1.4247342227109203	-1.4247342227109199
N_AQ.513	1.536861211375941	-1.536861211375941
N_AQ.514	0.8336153273751348	-0.8336153273751346
N_AQ.515	-0.8934258541569813	0.8934258541569811
N_AQ.516	-0.9929437426343612	0.9929437426343609
N_AQ.517	-0.2422370010621819	0.24223700106218188
N_AQ.518	0.644831298072638	-0.6448312980726378
N_AQ.519	-0.4491501536354073	0.4491501536354074
N_AQ.52	-0.8292942919916495	0.8292942919916495
N_AQ.520	0.5751474417370964	-0.5751474417370963
N_AQ.521	-0.6083045273891597	0.6083045273891599
N_AQ.522	0.5209040158351099	-0.5209040158351095
N_AQ.523	-1.621664514259026	1.6216645142590262
N_AQ.524	-1.715867381414206	1.7158673814142054
N_AQ.525	-0.6679228458466513	0.6679228458466513
N_AQ.526	-0.6119736921898292	0.6119736921898291
N_AQ.527	1.0863701785322495	-1.0863701785322493
N_AQ.528	-0.7442095403078882	0.7442095403078883
N_AQ.529	-0.8880702529095875	0.8880702529095873
N_AQ.53	1.110135113214851	-1.1101351132148507
N_AQ.530	0.0060586600432887844	-0.006058660043288389
N_AQ.531	1.4105781475110128	-1.4105781475110126
N_AQ.532	0.859230369053808	-0.859230369053808
N_AQ.533	-1.1505457931309468	1.1505457931309468
N_AQ.534	1.6742443152907889	-1.6742443152907882
N_AQ.535	0.9544337651206172	-0.9544337651206171
N_AQ.536	0.8297917749905774	-0.8297917749905773
N_AQ.537	-0.44436634960463584	0.44436634960463595
N_AQ.538	-1.693899966248868	1.6938999662488683
N_AQ.539	0.9245631971928646	-0.9245631971928644
N_AQ.54	1.260920788734133	-1.2609207887341325
N_AQ.540	0.7570124939183763	-0.757012493918376
N_AQ.541	0.7141498241830516	-0.7141498241830514
N_AQ.542	-0.6208974627363094	0.6208974627363093
N_AQ.543	1.6581484191109297	-1.6581484191109297
N_AQ.544	-0.3642250216697255	0.3642250216697256
N_AQ.545	0.4341771386467063	-0.43417713864670643
N_AQ.547	0.8431602338991436	-0.8431602338991436
N_AQ.548	1.6711531536110393	-1.671153153611039
N_AQ.549	1.43538305998296	-1.4353830599829598
N_AQ.55	0.753240356609808	-0.7532403566098077
N_AQ.550	-0.4412090491822217	0.4412090491822218
N_AQ.551	0.9630415578284502	-0.9630415578284502
N_AQ.552	-0.21426453495263761	0.21426453495263778
N_AQ.553	-1.0953579050984168	1.0953579050984168
N_AQ.554	1.2037248988907137	-1.2037248988907132
N_AQ.555	1.332615498065666	-1.3326154980656655
N_AQ.556	1.660422801961311	-1.6604228019613105
N_AQ.557	0.39860092616320214	-0.39860092616320186
N_AQ.558	-1.232458824746797	1.232458824746797
N_AQ.559	1.0679730241081564	-1.067973024108156
N_AQ.56	-1.1388776680948998	1.1388776680948995
N_AQ.560	0.9566123667433005	-0.9566123667433
N_AQ.561	0.9413126234744899	-0.9413126234744892
N_AQ.562	-1.405982681922332	1.4059826819223316
N_AQ.563	1.558499900563341	-1.5584999005633409
N_AQ.564	-0.19616942748419677	0.1961694274841969
N_AQ.565	1.1279798380611432	-1.127979838061143
N_AQ.566	-1.5114431154052972	1.5114431154052967
N_AQ.567	0.7765435474155358	-0.7765435474155357
N_AQ.568	-0.6362459755856095	0.6362459755856094
N_AQ.569	-1.2348571736610292	1.2348571736610292
N_AQ.57	-1.5562385775527048	1.5562385775527046
N_AQ.570	1.090951757047805	-1.0909517570478047
N_AQ.571	1.302486377380011	-1.3024863773800108
N_AQ.572	0.8840485339459309	-0.8840485339459303
N_AQ.573	0.553814096028278	-0.5538140960282775
N_AQ.574	0.9844196481094033	-0.9844196481094031
N_AQ.575	1.0436003197912123	-1.043600319791212
N_AQ.576	-0.24548008948737252	0.2454800894873725
N_AQ.577	1.6472996250011134	-1.647299625001113
N_AQ.578	-0.8093126551000251	0.8093126551000251
N_AQ.579	0.873839064237692	-0.8738390642376916
N_AQ.58	-1.781524259251371	1.7815242592513705
N_AQ.580	-1.5433390115387038	1.5433390115387036
N_AQ.581	-1.424094753893269	1.4240947538932685
N_AQ.582	1.1810727736331783	-1.1810727736331779
N_AQ.583	1.2326173472659825	-1.2326173472659818
N_AQ.584	-0.3582315844420204	0.3582315844420205
N_AQ.585	-0.8826647407665078	0.8826647407665076
N_AQ.586	1.6789842019175991	-1.678984201917599
N_AQ.587	0.5609957541804874	-0.5609957541804873
N_AQ.588	-0.34277949247752104	0.342779492477521
N_AQ.589	1.4104849645713624	-1.410484964571362
N_AQ.59	0.3987035659633091	-0.398703565963309
N_AQ.590	1.242188168732377	-1.2421881687323766
N_AQ.591	1.234226876199443	-1.2342268761994428
N_AQ.592	-0.2580786743270734	0.2580786743270733
N_AQ.593	0.5884084233086806	-0.5884084233086806
N_AQ.594	0.7046269588753705	-0.70462695887537
N_AQ.595	-0.3614996099664585	0.36149960996645863
N_AQ.596	-1.6215205870739828	1.6215205870739824
N_AQ.597	1.4486651408777205	-1.4486651408777198
N_AQ.598	0.6976725394389526	-0.6976725394389524
N_AQ.599	1.4741209942756988	-1.4741209942756979
N_AQ.6	-1.5246413637302516	1.5246413637302512
N_AQ.60	-1.023659695550991	1.0236596955509905
N_AQ.600	-1.3140885733010768	1.3140885733010765
N_AQ.601	0.42908954850778064	-0.4290895485077805
N_AQ.602	-0.004180568494535324	0.00418056849453552
N_AQ.603	-0.5251841270998167	0.5251841270998165
N_AQ.604	-1.2482818787845902	1.2482818787845902
N_AQ.605	1.5929316108654745	-1.592931610865474
N_AQ.606	0.25785209995207836	-0.2578520999520781
N_AQ.607	1.2747541093667283	-1.274754109366728
N_AQ.608	-1.0489496295050782	1.048949629505078
N_AQ.609	-1.4449472900999698	1.4449472900999698
N_AQ.61	-1.3208990437537695	1.3208990437537695
N_AQ.610	1.2204933290848263	-1.220493329084826
N_AQ.611	1.5907661323711353	-1.5907661323711353
N_AQ.612	0.38755342761110884	-0.3875534276111088
N_AQ.613	1.6245440839185672	-1.6245440839185665
N_AQ.614	-0.7765326561992367	0.7765326561992367
N_AQ.615	-0.5872661714325529	0.5872661714325528
N_AQ.616	0.5739309615017996	-0.5739309615017997
N_AQ.617	-0.6147595719170609	0.6147595719170608
N_AQ.618	-0.6407032146773142	0.6407032146773142
N_AQ.619	0.7846814607314179	-0.7846814607314178
N_AQ.62	0.8794070452369676	-0.8794070452369674
N_AQ.620	0.13333229951166375	-0.13333229951166373
N_AQ.621	-0.5161123031669932	0.5161123031669933
N_AQ.622	0.06235955636395842	-0.06235955636395841
N_AQ.623	-1.2924343912021927	1.2924343912021923
N_AQ.624	0.26850280052661823	-0.26850280052661835
N_AQ.625	-1.2800573574812046	1.2800573574812044
N_AQ.626	1.391187686281495	-1.3911876862814951
N_AQ.627	0.19114963072457428	-0.19114963072457425
N_AQ.628	-0.16179942816230455	0.16179942816230472
N_AQ.629	-0.32080542891748604	0.320805428917486
N_AQ.63	-0.31365432850282715	0.3136543285028271
N_AQ.630	-0.6935926612812148	0.6935926612812146
N_AQ.631	1.5837792849937486	-1.583779284993748
N_AQ.632	1.3271872689396937	-1.3271872689396935
N_AQ.633	-0.46032722913858076	0.46032722913858065
N_AQ.634	0.49243862592413884	-0.49243862592413873
N_AQ.635	-1.7261534346758545	1.7261534346758542
N_AQ.636	-0.6912906488305236	0.6912906488305234
N_AQ.637	0.28148077623877205	-0.28148077623877155
N_AQ.638	0.5888409522714853	-0.5888409522714849
N_AQ.639	0.8646056109023561	-0.8646056109023559
N_AQ.64	1.0153120946507077	-1.0153120946507075
N_AQ.640	-0.5184066957425908	0.5184066957425909
N_AQ.641	-0.937356159136906	0.9373561591369061
N_AQ.642	0.7920382363619209	-0.7920382363619207
N_AQ.643	0.813547130403816	-0.8135471304038159
N_AQ.644	-0.07981262125952496	0.07981262125952494
N_AQ.645	-1.740915126552642	1.7409151265526415
N_AQ.646	1.594220874856965	-1.5942208748569642
N_AQ.647	0.27889917778531376	-0.2788991777853137
N_AQ.648	-0.5675649388520824	0.5675649388520824
N_AQ.649	0.24847385583176926	-0.248473855831769
N_AQ.650	-1.1163362481526522	1.1163362481526522
N_AQ.651	-0.312883050212695	0.3128830502126952
N_AQ.652	-0.9804707927103921	0.9804707927103921
N_AQ.653	0.16266487981108044	-0.1626648798110806
N_AQ.654	-1.4494559990731362	1.4494559990731357
N_AQ.655	0.3032718626320876	-0.3032718626320874
N_AQ.656	1.2966358015792971	-1.2966358015792967
N_AQ.657	1.1007838599319544	-1.1007838599319542
N_AQ.658	-0.4485932661165603	0.4485932661165604
N_AQ.659	-0.9514759162301154	0.9514759162301154
N_AQ.66	-1.3361887991282695	1.3361887991282695
N_AQ.660	-0.9790812820317645	0.979081282031764
N_AQ.661	-1.06603411087048	1.06603411087048
N_AQ.662	1.3355014420334816	-1.3355014420334816
N_AQ.663	-1.7524770024881005	1.7524770024880996
N_AQ.664	1.1728172001671007	-1.1728172001671004
N_AQ.665	0.01775854249777687	-0.017758542497776867
N_AQ.666	-1.5385413895800564	1.5385413895800557
N_AQ.667	0.2859781580084135	-0.2859781580084132
N_AQ.668	-0.2489693611953926	0.24896936119539254
N_AQ.669	0.7665528636185495	-0.7665528636185489
N_AQ.67	0.7372117999943701	-0.73721179999437
N_AQ.670	1.008811966249263	-1.0088119662492627
N_AQ.671	-0.8740218772902147	0.8740218772902149
N_AQ.672	-1.3363717652823421	1.336371765282342
N_AQ.673	1.0560420992519262	-1.0560420992519257
N_AQ.674	-1.5592521808739588	1.5592521808739586
N_AQ.675	1.3313797255928757	-1.3313797255928757
N_AQ.676	-1.6267334985416482	1.6267334985416477
N_AQ.677	-0.7956703004404416	0.7956703004404414
N_AQ.678	-1.6082863688723101	1.6082863688723104
N_AQ.679	1.0367442641387214	-1.0367442641387212
N_AQ.68	-0.5985415676721026	0.5985415676721025
N_AQ.680	-0.5135248670455115	0.5135248670455116
N_AQ.681	0.03026779847888157	-0.030267798478881565
N_AQ.682	-0.2903331544945567	0.29033315449455666
N_AQ.683	1.1247872307374145	-1.1247872307374143
N_AQ.684	0.5853174094324229	-0.5853174094324228
N_AQ.685	0.26849694479220787	-0.26849694479220804
N_AQ.686	1.4693649160055455	-1.4693649160055455
N_AQ.687	-1.1508858635669041	1.1508858635669041
N_AQ.688	1.6616796497047743	-1.6616796497047748
N_AQ.689	-1.4655016287965852	1.4655016287965847
N_AQ.69	-1.3088073626466958	1.3088073626466958
N_AQ.690	0.4148868841260229	-0.4148868841260224
N_AQ.691	-0.41304646051320687	0.4130464605132068
N_AQ.692	-1.4377486140276479	1.4377486140276476
N_AQ.693	-0.06515378572529062	0.0651537857252908
N_AQ.694	-1.2169329049448439	1.2169329049448436
N_AQ.695	1.5771735433810876	-1.5771735433810867
N_AQ.696	-1.370473731297992	1.370473731297992
N_AQ.697	-1.2687463777717682	1.2687463777717682
N_AQ.698	-0.20320241749005585	0.20320241749005583
N_AQ.699	-0.8572171531152164	0.8572171531152162
N_AQ.7	1.3181138579472151	-1.3181138579472147
N_AQ.70	-1.3126764672010203	1.3126764672010203
N_AQ.700	0.8200477304961802	-0.8200477304961798
N_AQ.701	-1.5396981752432088	1.5396981752432086
N_AQ.702	1.2710511422240283	-1.2710511422240276
N_AQ.703	0.0934457623928344	-0.09344576239283438
N_AQ.704	-0.9503393945540441	0.9503393945540441
N_AQ.705	-0.8437261273763741	0.8437261273763739
N_AQ.706	1.370880737768469	-1.3708807377684693
N_AQ.707	1.3892894749056657	-1.3892894749056657
N_AQ.708	-0.8161382996621883	0.8161382996621881
N_AQ.709	0.5853129091717596	-0.5853129091717594
N_AQ.71	-1.0040141890593597	1.0040141890593595
N_AQ.710	0.9109536182847628	-0.9109536182847628
N_AQ.711	-0.052440647680205725	0.05244064768020591
N_AQ.712	0.4394111039624141	-0.43941110396241406
N_AQ.713	-0.21009884142590166	0.21009884142590182
N_AQ.714	1.1134182019830716	-1.1134182019830714
N_AQ.715	0.6040122359462805	-0.6040122359462802
N_AQ.716	1.1467988091096637	-1.1467988091096635
N_AQ.717	0.20112063914146314	-0.20112063914146308
N_AQ.718	0.2699264898517526	-0.26992648985175255
N_AQ.719	0.7362972744677594	-0.736297274467759
N_AQ.72	0.6886760865057754	-0.6886760865057753
N_AQ.720	-1.3613104419251114	1.3613104419251112
N_AQ.721	-0.5974037113661775	0.5974037113661776
N_AQ.722	0.6284818748329293	-0.6284818748329292
N_AQ.723	-0.3029669814293263	0.30296698142932627
N_AQ.724	0.7985500049815013	-0.798550004981501
N_AQ.725	1.474571397345657	-1.474571397345657
N_AQ.726	-0.14623191779515718	0.14623191779515735
N_AQ.727	-1.118151499446547	1.1181514994465465
N_AQ.728	1.001722558721965	-1.001722558721965
N_AQ.729	0.3189127388122256	-0.3189127388122255
N_AQ.73	-0.0019793770577102025	0.001979377057710202
N_AQ.730	-0.1605402488514975	0.16054024885149767
N_AQ.731	0.3088197216845241	-0.3088197216845239
N_AQ.732	-0.6139323007172458	0.6139323007172456
N_AQ.733	1.183602081117406	-1.1836020811174053
N_AQ.734	-1.7348522672314945	1.7348522672314943
N_AQ.735	-1.1912578960320241	1.1912578960320241
N_AQ.736	1.5137564778574082	-1.5137564778574075
N_AQ.737	0.05709444037929491	-0.0570944403792947
N_AQ.738	1.5303576236398935	-1.5303576236398932
N_AQ.739	-1.0582143454860031	1.0582143454860031
N_AQ.74	0.3733149505891945	-0.3733149505891942
N_AQ.740	-1.5074219898692738	1.5074219898692731
N_AQ.741	0.7289174277193025	-0.7289174277193023
N_AQ.742	1.658398630492866	-1.6583986304928655
N_AQ.744	1.2811997796230472	-1.281199779623047
N_AQ.745	0.8512087039398172	-0.8512087039398171
N_AQ.746	-0.9718784156021224	0.9718784156021224
N_AQ.747	-0.21521257957098358	0.21521257957098375
N_AQ.748	1.4972524428808036	-1.4972524428808032
N_AQ.749	1.0886336211904766	-1.0886336211904764
N_AQ.75	-1.1381796907742807	1.1381796907742805
N_AQ.750	-0.9153964429213369	0.9153964429213369
N_AQ.751	1.1338430526202292	-1.133843052620229
N_AQ.752	-0.11945522557364278	0.11945522557364277
N_AQ.753	1.112290352279225	-1.1122903522792245
N_AQ.754	-0.9774400818985084	0.9774400818985083
N_AQ.755	1.2851476338854597	-1.285147633885459
N_AQ.756	-0.5564553171034597	0.5564553171034597
N_AQ.757	1.4547254415672053	-1.454725441567205
N_AQ.758	-1.7484270073099135	1.748427007309913
N_AQ.759	0.9025420662960991	-0.9025420662960986
N_AQ.76	1.38744171291524	-1.3874417129152399
N_AQ.760	-0.6353283961310309	0.6353283961310309
N_AQ.761	1.1947748895139398	-1.1947748895139392
N_AQ.762	0.14295795182720505	-0.14295795182720503
N_AQ.763	1.3890774434662572	-1.389077443466257
N_AQ.764	-0.4117483557826127	0.4117483557826128
N_AQ.765	-0.6375320749863799	0.6375320749863798
N_AQ.766	-0.639378737239311	0.6393787372393112
N_AQ.767	1.0032227165701952	-1.003222716570195
N_AQ.768	1.2710478348449705	-1.2710478348449703
N_AQ.769	0.011273034900798564	-0.011273034900798364
N_AQ.77	0.9784571393311066	-0.9784571393311063
N_AQ.770	-0.5831122671894446	0.5831122671894445
N_AQ.771	-0.9549512164523499	0.9549512164523495
N_AQ.772	1.395091696738252	-1.395091696738252
N_AQ.773	1.0728426933854533	-1.0728426933854531
N_AQ.774	0.32439144138771936	-0.32439144138771886
N_AQ.775	1.333372670132159	-1.3333726701321589
N_AQ.776	-1.3496832826107141	1.349683282610714
N_AQ.777	1.5861659568998001	-1.5861659568998
N_AQ.778	-0.739071805821183	0.739071805821183
N_AQ.779	-1.2780139750543258	1.2780139750543258
N_AQ.78	1.466672305900613	-1.4666723059006128
N_AQ.780	-1.3195448463812065	1.3195448463812065
N_AQ.781	0.9606680456002348	-0.9606680456002346
N_AQ.782	-1.371923665469995	1.3719236654699944
N_AQ.783	-0.370398254595216	0.37039825459521614
N_AQ.784	0.4286517288459407	-0.42865172884594066
N_AQ.785	1.4170681194824997	-1.4170681194824988
N_AQ.786	0.22941087660408002	-0.2294108766040802
N_AQ.787	1.4114519987256926	-1.4114519987256922
N_AQ.788	-0.17202960450291227	0.17202960450291244
N_AQ.789	0.3502274237488739	-0.35022742374887345
N_AQ.79	-1.4184326174713906	1.4184326174713902
N_AQ.790	1.3285372107528373	-1.3285372107528373
N_AQ.791	-0.012036216898537094	0.012036216898537093
N_AQ.792	-0.04159673686495992	0.04159673686496031
N_AQ.793	-1.2319613831893241	1.231961383189324
N_AQ.794	-1.326110471143088	1.3261104711430878
N_AQ.795	-0.3169286230368483	0.31692862303684827
N_AQ.796	-1.5165666268513367	1.5165666268513365
N_AQ.797	-0.08258156319730653	0.08258156319730671
N_AQ.798	0.8295164280985311	-0.8295164280985309
N_AQ.799	0.02954917895897765	-0.029549178958977643
N_AQ.8	1.6065861704677362	-1.606586170467735
N_AQ.80	1.12313740827469	-1.1231374082746899
N_AQ.800	1.121767083727827	-1.1217670837278269
N_AQ.801	1.3120085135194994	-1.312008513519499
N_AQ.802	1.4565245592633949	-1.4565245592633946
N_AQ.803	0.6932724353829474	-0.6932724353829468
N_AQ.804	0.18625708209816058	-0.18625708209816055
N_AQ.805	-1.1806781594940419	1.1806781594940414
N_AQ.806	-0.9001004721607065	0.9001004721607063
N_AQ.807	0.7625390819085373	-0.7625390819085367
N_AQ.808	0.2689103583367638	-0.26891035833676374
N_AQ.809	-0.6188445878373149	0.6188445878373148
N_AQ.81	1.1229841787880843	-1.1229841787880839
N_AQ.810	-0.5631582860796502	0.5631582860796503
N_AQ.811	0.9109571868412606	-0.9109571868412604
N_AQ.812	1.6347754628316078	-1.6347754628316071
N_AQ.813	-1.477276618729069	1.4772766187290687
N_AQ.814	0.8837881702317893	-0.8837881702317891
N_AQ.815	-1.0084772950797762	1.008477295079776
N_AQ.816	-1.262338445055871	1.2623384450558708
N_AQ.817	0.5937885085238046	-0.5937885085238043
N_AQ.818	1.1371793206201002	-1.1371793206201002
N_AQ.819	-0.3144281286771198	0.3144281286771197
N_AQ.82	1.159651360567399	-1.1596513605673988
N_AQ.820	1.3349942363104623	-1.334994236310462
N_AQ.821	-1.1862605276815137	1.1862605276815135
N_AQ.822	1.5169536404261241	-1.5169536404261237
N_AQ.823	0.32980314712938114	-0.32980314712938086
N_AQ.824	-1.7303544389370982	1.730354438937098
N_AQ.825	1.6286438003545063	-1.628643800354506
N_AQ.826	-1.0367981409838314	1.0367981409838314
N_AQ.827	-0.8096831249968856	0.8096831249968853
N_AQ.828	1.1740509000487218	-1.1740509000487214
N_AQ.829	-1.463802949215947	1.4638029492159468
N_AQ.83	-1.1164515374704556	1.1164515374704551
N_AQ.830	0.1877758645009807	-0.18777586450098047
N_AQ.831	0.1454091624919205	-0.1454091624919203
N_AQ.832	1.4443044628021713	-1.4443044628021704
N_AQ.833	1.0661816791404841	-1.0661816791404837
N_AQ.834	-0.1739459209095214	0.17394592090952157
N_AQ.835	1.2946059121682385	-1.294605912168238
N_AQ.836	-0.17207097429616006	0.1720709742961602
N_AQ.837	0.6513223954552156	-0.6513223954552155
N_AQ.838	0.9704878252629101	-0.97048782526291
N_AQ.839	-1.5507932795110977	1.5507932795110977
N_AQ.84	0.3804827223816449	-0.3804827223816448
N_AQ.840	1.6176810090862455	-1.6176810090862457
N_AQ.841	0.9831660857780239	-0.9831660857780238
N_AQ.842	-1.5251016689509298	1.52510166895093
N_AQ.843	-0.7298711261064563	0.7298711261064564
N_AQ.844	-0.08271222543559867	0.08271222543559864
N_AQ.845	0.6985439083708728	-0.6985439083708724
N_AQ.846	0.2859253050730358	-0.28592530507303576
N_AQ.847	0.3097675100920206	-0.3097675100920207
N_AQ.848	0.5295134011147226	-0.5295134011147227
N_AQ.849	0.37360491992460004	-0.37360491992459977
N_AQ.85	-0.7145673797631481	0.7145673797631481
N_AQ.850	-0.4623379926455533	0.46233799264555336
N_AQ.851	1.2686271421481174	-1.2686271421481174
N_AQ.852	-0.2811029926349934	0.28110299263499333
N_AQ.853	-0.43959578064020255	0.43959578064020266
N_AQ.854	1.1531407403159857	-1.1531407403159855
N_AQ.855	-0.42991274589858114	0.42991274589858125
N_AQ.856	-1.1323721783791036	1.1323721783791036
N_AQ.857	-0.46831524128069907	0.4683152412806992
N_AQ.858	-1.0665871643796627	1.0665871643796625
N_AQ.859	1.2629627009796986	-1.2629627009796982
N_AQ.86	-1.2313836594252765	1.2313836594252765
N_AQ.860	0.7287987025249447	-0.7287987025249446
N_AQ.861	-0.6820722375174539	0.6820722375174538
N_AQ.862	-0.05559993285080333	0.05559993285080332
N_AQ.863	-1.7088766104158424	1.708876610415842
N_AQ.864	-0.6235062824678562	0.6235062824678561
N_AQ.865	-1.2368235975337996	1.2368235975337991
N_AQ.866	-1.3687570725212796	1.3687570725212794
N_AQ.867	1.4601489591131984	-1.460148959113198
N_AQ.868	1.185972261833665	-1.1859722618336648
N_AQ.869	-1.1957919131002017	1.1957919131002017
N_AQ.87	-0.23611186076684162	0.23611186076684176
N_AQ.870	0.26537237886795434	-0.2653723788679543
N_AQ.871	-1.618080733633027	1.618080733633026
N_AQ.872	-0.5284774347994695	0.5284774347994696
N_AQ.873	0.9863729147972835	-0.9863729147972833
N_AQ.874	1.4480494806994295	-1.4480494806994293
N_AQ.875	0.48086868699151025	-0.48086868699151
N_AQ.876	0.6591956564545576	-0.6591956564545572
N_AQ.877	0.9551629197713892	-0.9551629197713886
N_AQ.878	0.7500013121129747	-0.7500013121129742
N_AQ.879	-1.5026163354027064	1.5026163354027064
N_AQ.88	0.7521906952957708	-0.7521906952957704
N_AQ.880	-1.6049861250066164	1.6049861250066162
N_AQ.881	-0.7395834246370077	0.7395834246370074
N_AQ.882	1.1336084963448751	-1.133608496344875
N_AQ.883	-1.2001879622599656	1.2001879622599654
N_AQ.884	-0.8868292074354643	0.8868292074354643
N_AQ.885	-0.6376738896569509	0.6376738896569509
N_AQ.886	0.9804279690906914	-0.9804279690906912
N_AQ.887	-1.6585506862524992	1.658550686252499
N_AQ.888	-0.2477786382821529	0.24777863828215285
N_AQ.889	1.4320504388445472	-1.4320504388445474
N_AQ.89	0.7368718582936634	-0.7368718582936631
N_AQ.890	-0.8518173302984083	0.8518173302984083
N_AQ.891	1.313916094600659	-1.313916094600659
N_AQ.892	0.9132995677709608	-0.9132995677709607
N_AQ.893	-1.53677077454761	1.5367707745476096
N_AQ.894	0.24000837593907295	-0.24000837593907293
N_AQ.895	1.1854397358713102	-1.1854397358713102
N_AQ.896	-0.6018663500397906	0.6018663500397907
N_AQ.897	1.5184886864482936	-1.518488686448293
N_AQ.898	-0.5015809307593616	0.5015809307593617
N_AQ.899	-0.59465495295506	0.5946549529550601
N_AQ.9	0.803123575953632	-0.8031235759536317
N_AQ.90	0.34890354793404665	-0.3489035479340462
N_AQ.900	1.582148339982212	-1.5821483399822116
N_AQ.901	0.8884627850651893	-0.8884627850651887
N_AQ.902	0.6897246075641597	-0.6897246075641598
N_AQ.903	0.8304213616756593	-0.8304213616756593
N_AQ.904	1.4032436363233525	-1.403243636323352
N_AQ.905	1.2808780664063892	-1.280878066406389
N_AQ.906	1.3320687474129416	-1.3320687474129413
N_AQ.907	-0.710475183634262	0.710475183634262
N_AQ.908	-1.1384187528070409	1.1384187528070409
N_AQ.909	-1.6081141206423215	1.608114120642321
N_AQ.91	1.232188336451745	-1.232188336451745
N_AQ.910	-1.1687584451414172	1.1687584451414172
N_AQ.911	1.0283399825405488	-1.0283399825405484
N_AQ.912	-0.30268981046665444	0.30268981046665455
N_AQ.913	-1.1859774698498309	1.1859774698498307
N_AQ.914	-1.397264499159282	1.3972644991592817
N_AQ.915	-1.1578445085533389	1.1578445085533389
N_AQ.916	0.9225779689999722	-0.9225779689999721
N_AQ.917	-0.40303358477840556	0.40303358477840545
N_AQ.918	-1.6280247404893862	1.6280247404893857
N_AQ.919	1.461893098715699	-1.461893098715699
N_AQ.92	-0.6251494136740865	0.6251494136740865
N_AQ.920	0.5097151963561842	-0.509715196356184
N_AQ.921	1.6122659294172754	-1.612265929417275
N_AQ.922	-0.09660897375080463	0.09660897375080461
N_AQ.923	-1.4348443048980422	1.434844304898042
N_AQ.924	-1.132383102353956	1.132383102353956
N_AQ.925	-0.970370893673425	0.9703708936734249
N_AQ.926	-0.03401859922240129	0.034018599222401476
N_AQ.927	-0.5381350599465935	0.5381350599465936
N_AQ.928	0.24214005767903707	-0.24214005767903685
N_AQ.929	-1.2306302595844314	1.2306302595844312
N_AQ.93	1.5914665053112456	-1.5914665053112453
N_AQ.930	-0.5402058718318294	0.5402058718318293
N_AQ.931	-0.5370213089809125	0.5370213089809124
N_AQ.932	1.3996727377930678	-1.3996727377930671
N_AQ.933	1.0336868713427303	-1.0336868713427299
N_AQ.934	0.6862630251792122	-0.6862630251792119
N_AQ.935	-0.23547799015314266	0.23547799015314283
N_AQ.936	-1.2318233652774164	1.2318233652774164
N_AQ.937	1.1737614804546055	-1.1737614804546053
N_AQ.938	0.09182035119622098	-0.09182035119622095
N_AQ.939	-1.2099189755929147	1.2099189755929147
N_AQ.94	0.3880140340780328	-0.38801403407803253
N_AQ.940	1.0528462301254096	-1.0528462301254096
N_AQ.941	1.4640180642779956	-1.4640180642779954
N_AQ.942	1.6415036648364738	-1.641503664836473
N_AQ.943	-0.6077160416871166	0.6077160416871165
N_AQ.944	0.09087689400747274	-0.09087689400747254
N_AQ.945	0.5581385976609002	-0.5581385976609001
N_AQ.946	-1.3018443902438754	1.3018443902438752
N_AQ.947	0.5006259476160049	-0.5006259476160049
N_AQ.948	-1.024159712533308	1.024159712533308
N_AQ.949	1.5831775647439814	-1.5831775647439814
N_AQ.950	0.8232648754324445	-0.8232648754324443
N_AQ.952	-1.2277922062227946	1.2277922062227946
N_AQ.953	1.2654316759203326	-1.2654316759203326
N_AQ.954	1.5301793164156263	-1.530179316415626
N_AQ.955	-1.1784348918098857	1.1784348918098855
N_AQ.956	-0.595449924594764	0.5954499245947639
N_AQ.957	-1.6626218552630097	1.6626218552630099
N_AQ.958	0.7184410586425697	-0.7184410586425691
N_AQ.959	0.1087008667182889	-0.10870086671828867
N_AQ.96	-0.3799709769593443	0.37997097695934423
N_AQ.960	0.0029982254856193123	-0.0029982254856193115
N_AQ.961	-0.8107981730683012	0.8107981730683012
N_AQ.962	0.3414572713361662	-0.34145727133616594
N_AQ.963	-1.0079426199844237	1.0079426199844237
N_AQ.964	0.5680757209995734	-0.5680757209995733
N_AQ.965	1.2450416715599542	-1.245041671559954
N_AQ.966	-0.16433922861746741	0.1643392286174674
N_AQ.967	-0.853362175380934	0.8533621753809338
N_AQ.968	0.4222150904305725	-0.4222150904305726
N_AQ.969	1.2588452290657344	-1.2588452290657342
N_AQ.97	1.5589608195638067	-1.5589608195638065
N_AQ.970	-0.8014057068577939	0.8014057068577938
N_AQ.971	-1.3696725445389166	1.369672544538916
N_AQ.972	-1.0276861555045789	1.0276861555045789
N_AQ.973	0.9565462734193556	-0.9565462734193552
N_AQ.974	-0.5789032103086287	0.5789032103086287
N_AQ.975	-0.9126159821308258	0.9126159821308258
N_AQ.976	1.6008848603141244	-1.600884860314124
N_AQ.977	1.2893301795266552	-1.2893301795266547
N_AQ.978	0.7266831024045626	-0.7266831024045622
N_AQ.979	-0.046834408057509616	0.04683440805751
N_AQ.98	0.0987835245506761	-0.09878352455067589
N_AQ.980	0.4861566130423608	-0.48615661304236074
N_AQ.981	-1.041174268918055	1.0411742689180548
N_AQ.982	-0.38192392978806966	0.3819239297880696
N_AQ.983	0.044738421199678406	-0.0447384211996784
N_AQ.984	0.3799613990060515	-0.3799613990060513
N_AQ.985	-1.3672910593910803	1.3672910593910803
N_AQ.986	0.8502572133198458	-0.8502572133198453
N_AQ.987	1.4614753382268408	-1.46147533822684
N_AQ.988	0.06157229277227035	-0.061572292772270144
N_AQ.989	-1.5769177130007481	1.576917713000748
N_AQ.99	-1.1965411639520778	1.1965411639520778
N_AQ.990	0.8458594821514601	-0.84585948215146
N_AQ.991	1.6006111325438235	-1.6006111325438235
N_AQ.992	1.000276197267279	-1.0002761972672787
N_AQ.993	0.996142502935152	-0.9961425029351516
N_AQ.994	-0.6115570471520501	0.61155704715205
N_AQ.995	0.35529840954311276	-0.3552984095431129
N_AQ.996	0.42906940084941586	-0.42906940084941597
N_AQ.997	1.4982316250956567	-1.4982316250956567
N_AQ.998	0.5725814766368649	-0.5725814766368648
N_AQ.999	1.3537994950817487	-1.3537994950817482
N_LP.1	1.5116931087839578	-1.5116931087839574
N_LP.10	-0.23268767739108662	0.23268767739108656
N_LP.100	0.747301001070155	-0.7473010010701546
N_LP.1000	0.3338621073464111	-0.333862107346411
N_LP.1001	-1.445902090549318	1.4459020905493178
N_LP.1002	-0.7272404442484007	0.7272404442484005
N_LP.1003	1.4918845346700702	-1.4918845346700702
N_LP.1004	-0.4007924031711384	0.4007924031711385
N_LP.1005	1.2238904802658634	-1.2238904802658632
N_LP.1006	0.2713639501089577	-0.2713639501089574
N_LP.1008	1.1611301666354752	-1.1611301666354747
N_LP.1009	0.4760688781480882	-0.4760688781480879
N_LP.101	-1.3766119767657967	1.3766119767657965
N_LP.1010	1.074767840809088	-1.074767840809088
N_LP.1011	0.19682009367652956	-0.19682009367652953
N_LP.1012	0.61523792239427	-0.6152379223942701
N_LP.1013	0.11287522476623957	-0.11287522476623954
N_LP.1014	-0.9149740642960386	0.9149740642960386
N_LP.1015	1.636148293966343	-1.6361482939663423
N_LP.1016	-1.6071510044497987	1.607151004449798
N_LP.1017	1.2591724560637203	-1.2591724560637199
N_LP.1018	0.3466715975401158	-0.3466715975401155
N_LP.1019	-1.197215627746118	1.197215627746118
N_LP.102	-1.3752336923939934	1.3752336923939934
N_LP.1020	-0.9901758956254674	0.9901758956254672
N_LP.1021	1.316819282947886	-1.3168192829478857
N_LP.1022	-0.9812545879530894	0.9812545879530894
N_LP.1023	-0.5408562969696311	0.5408562969696312
N_LP.1024	1.1071837433453944	-1.107183743345394
N_LP.1025	1.6117068362667837	-1.6117068362667837
N_LP.1026	-1.5686915952551206	1.5686915952551201
N_LP.1027	-0.3675515026518285	0.3675515026518286
N_LP.1028	-1.5413154900563446	1.5413154900563444
N_LP.1029	-0.08498789816557162	0.0849878981655718
N_LP.103	-0.41075044662888055	0.41075044662888066
N_LP.1030	0.022199038739714898	-0.022199038739714697
N_LP.1031	0.4065642344658062	-0.4065642344658063
N_LP.1032	-0.7185277877856816	0.7185277877856814
N_LP.1033	-0.3803194838310229	0.3803194838310228
N_LP.1034	-0.6026543407239071	0.6026543407239072
N_LP.1035	0.48731186709879504	-0.48731186709879476
N_LP.1036	0.6398669483975873	-0.639866948397587
N_LP.1038	1.3445966737388828	-1.3445966737388826
N_LP.1039	-0.18283387759717395	0.18283387759717412
N_LP.104	-0.281600545500285	0.2816005455002851
N_LP.1040	-1.0027293473154304	1.00272934731543
N_LP.1041	0.47284452092990464	-0.47284452092990437
N_LP.1042	-0.6961557771528045	0.6961557771528046
N_LP.1043	0.41232747383454404	-0.41232747383454377
N_LP.1044	-1.298120321718486	1.298120321718486
N_LP.1046	0.8633929561711695	-0.8633929561711692
N_LP.1047	0.2225648254901782	-0.22256482549017795
N_LP.1048	0.6363166514366217	-0.6363166514366216
N_LP.1049	-1.8069090433689292	1.8069090433689285
N_LP.105	-0.8073079152930553	0.8073079152930553
N_LP.1050	0.5076789914791531	-0.5076789914791527
N_LP.1051	-0.5831561262430841	0.583156126243084
N_LP.1052	-0.9091501728064507	0.9091501728064507
N_LP.1053	1.65865068335784	-1.65865068335784
N_LP.1054	1.2036993507359002	-1.2036993507359002
N_LP.1055	-0.6911411726164726	0.6911411726164725
N_LP.1056	-0.8922064286285003	0.8922064286285003
N_LP.1057	-1.076781619931124	1.076781619931124
N_LP.1058	0.7708328065715423	-0.7708328065715417
N_LP.1059	-1.0593975893646792	1.059397589364679
N_LP.106	-0.02373440316314961	0.023734403163149405
N_LP.1060	-1.6820710655122517	1.6820710655122513
N_LP.1061	-0.6161509090404104	0.6161509090404103
N_LP.1062	1.1562723462017737	-1.1562723462017732
N_LP.1063	0.5839039629281805	-0.5839039629281804
N_LP.1064	1.1766836427534597	-1.1766836427534595
N_LP.1065	-1.0155704324770785	1.0155704324770782
N_LP.1066	-0.36655855362024325	0.3665585536202432
N_LP.1067	0.767867804148262	-0.7678678041482618
N_LP.1068	0.05566592354573783	-0.055665923545737815
N_LP.1069	0.9210404499889143	-0.921040449988914
N_LP.107	0.9923945060222922	-0.992394506022292
N_LP.1070	1.4993216742400837	-1.4993216742400834
N_LP.1071	-1.387570669466472	1.3875706694664716
N_LP.1072	-1.2725363178126607	1.2725363178126605
N_LP.1073	-0.14601422600000089	0.14601422600000105
N_LP.1074	-1.3023656547347735	1.3023656547347733
N_LP.1075	-1.5323574203128156	1.5323574203128156
N_LP.1076	0.6331394977900208	-0.6331394977900202
N_LP.1077	-0.6624467146666808	0.6624467146666809
N_LP.1078	-1.4446180178861938	1.4446180178861936
N_LP.1079	-1.484193250800996	1.4841932508009956
N_LP.108	-0.05950406374082142	0.05950406374082121
N_LP.1080	0.5927503467479117	-0.5927503467479113
N_LP.1081	1.3578097076884212	-1.3578097076884212
N_LP.1082	-1.401362251938789	1.401362251938789
N_LP.1083	-0.13568597026499887	0.13568597026499904
N_LP.1084	-0.21672461392153053	0.21672461392153067
N_LP.1085	-1.6980892516324009	1.6980892516324009
N_LP.1086	-1.3495952607751904	1.34959526077519
N_LP.1087	0.8637737246656337	-0.8637737246656336
N_LP.1088	1.106568985291525	-1.1065689852915248
N_LP.1089	-1.2256526426544831	1.2256526426544831
N_LP.109	1.1145513959348583	-1.114551395934858
N_LP.1090	0.9895062804861527	-0.9895062804861525
N_LP.1091	1.2280371794380283	-1.2280371794380278
N_LP.1092	-1.384895614153967	1.3848956141539666
N_LP.1093	0.07606775368161785	-0.07606775368161783
N_LP.1094	-0.638791722581116	0.6387917225811162
N_LP.1095	0.3141280206153444	-0.3141280206153441
N_LP.1096	0.7689841595385074	-0.7689841595385071
N_LP.1097	-1.0550311909238925	1.0550311909238923
N_LP.1098	-0.6268564019766962	0.6268564019766961
N_LP.1099	-1.0664642055175801	1.0664642055175801
N_LP.11	-0.6536912059224943	0.6536912059224943
N_LP.110	1.4745348099857623	-1.474534809985762
N_LP.1100	1.1291613122215198	-1.1291613122215196
N_LP.1101	-1.3081525355632417	1.3081525355632415
N_LP.1102	-0.9114569648966347	0.9114569648966347
N_LP.1103	0.2760369101080944	-0.27603691010809434
N_LP.1104	0.9373899022986795	-0.9373899022986795
N_LP.1105	-0.8095406229501348	0.8095406229501348
N_LP.1106	-0.8288748803257046	0.8288748803257044
N_LP.1107	-0.8967805510087141	0.8967805510087141
N_LP.1108	0.9133994995470358	-0.9133994995470359
N_LP.1109	0.8636548099817257	-0.8636548099817253
N_LP.111	1.2178102224152907	-1.2178102224152905
N_LP.1110	-1.8184328489481305	1.81843284894813
N_LP.1111	1.246926006187511	-1.2469260061875105
N_LP.1112	-1.7473219410395766	1.7473219410395764
N_LP.1113	0.2978704799051664	-0.29787047990516635
N_LP.1114	-1.1617663041718396	1.1617663041718393
N_LP.1115	-0.374963368647304	0.37496336864730395
N_LP.1116	1.6926772584555168	-1.692677258455516
N_LP.1117	1.602853622000216	-1.6028536220002152
N_LP.1118	-1.5341929428948673	1.5341929428948675
N_LP.1119	1.059966224700034	-1.0599662247000339
N_LP.112	1.1389751158792203	-1.13897511587922
N_LP.1120	-0.6699133139038781	0.6699133139038781
N_LP.1121	-1.0078817881809674	1.0078817881809672
N_LP.1122	0.3848425907324038	-0.38484259073240357
N_LP.1123	1.2450823308221268	-1.2450823308221266
N_LP.1125	0.23957690560210212	-0.23957690560210188
N_LP.1126	-0.6753471766876181	0.6753471766876182
N_LP.1127	0.23617458604249456	-0.2361745860424943
N_LP.1128	0.018225677317009983	-0.018225677317010178
N_LP.1129	-0.28395885992578546	0.2839588599257854
N_LP.113	0.9040488498317977	-0.9040488498317977
N_LP.1130	0.06784768122562913	-0.06784768122562912
N_LP.1131	1.546056898691474	-1.5460568986914733
N_LP.1132	1.243282520025775	-1.2432825200257747
N_LP.1133	-1.718566772923139	1.7185667729231386
N_LP.1135	0.815063742049902	-0.8150637420499016
N_LP.1136	1.6677422165733407	-1.6677422165733398
N_LP.1137	1.6040869730793559	-1.6040869730793557
N_LP.1139	1.504934107172286	-1.5049341071722857
N_LP.114	0.10249499386499479	-0.10249499386499437
N_LP.1140	-0.26805098335650174	0.2680509833565017
N_LP.1141	0.5669864986124994	-0.5669864986124995
N_LP.1142	-0.8131052172749238	0.8131052172749236
N_LP.1143	-0.02516624048998677	0.025166240489986766
N_LP.1144	0.5155234656157035	-0.5155234656157036
N_LP.1145	-1.0277010729762839	1.0277010729762839
N_LP.1146	0.4002134637944596	-0.4002134637944591
N_LP.1147	0.18017286818111045	-0.18017286818111022
N_LP.1148	-0.24863087972749098	0.24863087972749115
N_LP.1149	-1.2409345463072077	1.2409345463072077
N_LP.115	-0.425719061075982	0.42571906107598195
N_LP.1150	-1.4862785442360824	1.486278544236082
N_LP.1151	1.0514477267177633	-1.0514477267177627
N_LP.1152	-0.7099693119044675	0.7099693119044677
N_LP.1153	-0.7771619939658151	0.777161993965815
N_LP.1154	1.5816504586332718	-1.5816504586332716
N_LP.1155	-0.40030304989835575	0.40030304989835563
N_LP.1156	-0.5653455476571313	0.5653455476571314
N_LP.1157	-0.2968098838646726	0.29680988386467255
N_LP.1158	0.23514761071606502	-0.23514761071606477
N_LP.1159	1.3055694253904426	-1.3055694253904422
N_LP.116	-0.32162007509396	0.3216200750939602
N_LP.1160	1.5564947466095362	-1.5564947466095356
N_LP.1161	0.965957970145274	-0.9659579701452735
N_LP.1162	0.8531729336909786	-0.8531729336909785
N_LP.1163	0.610279025473694	-0.6102790254736938
N_LP.1164	-1.7016749571432668	1.701674957143267
N_LP.1165	1.602848108584367	-1.6028481085843667
N_LP.1166	1.488525977557586	-1.4885259775575852
N_LP.1167	-1.1864329335141803	1.18643293351418
N_LP.1168	-1.310565829713733	1.3105658297137326
N_LP.1169	0.6690159186185503	-0.6690159186185499
N_LP.117	-1.7677848136463044	1.7677848136463037
N_LP.1170	-0.9977318721026127	0.9977318721026123
N_LP.1171	0.43906627781886914	-0.4390662778188688
N_LP.1172	-0.5261116629605428	0.5261116629605429
N_LP.1173	-1.1858489412592799	1.1858489412592796
N_LP.1174	0.42140485714542136	-0.4214048571454215
N_LP.1175	1.4760096501551943	-1.4760096501551938
N_LP.1176	-0.3016482973335012	0.30164829733350135
N_LP.1177	-1.181602820714241	1.181602820714241
N_LP.1178	-1.0512461398274449	1.0512461398274449
N_LP.1179	0.4785451368469865	-0.47854513684698663
N_LP.118	1.1739198667446844	-1.1739198667446842
N_LP.1180	0.3252506399137761	-0.32525063991377584
N_LP.1181	-1.0036909833635153	1.003690983363515
N_LP.1182	-1.1389324823985425	1.1389324823985423
N_LP.1183	-0.8422751143093471	0.8422751143093471
N_LP.1184	1.467474671490247	-1.4674746714902467
N_LP.1185	0.5596079537998628	-0.5596079537998625
N_LP.1186	-0.9595603258258205	0.9595603258258205
N_LP.1187	-1.5182984639015331	1.5182984639015333
N_LP.1188	-1.7765780326219054	1.776578032621905
N_LP.1189	-0.7349017298104612	0.7349017298104611
N_LP.119	-0.29631045946362616	0.29631045946362633
N_LP.1190	0.009996167017511664	-0.009996167017511466
N_LP.1191	0.1819477693468769	-0.18194776934687665
N_LP.1192	-1.6017866881440719	1.6017866881440719
N_LP.1194	-0.6104086790863736	0.6104086790863735
N_LP.1195	-0.17575470913501015	0.1757547091350103
N_LP.1196	1.5364707759465706	-1.5364707759465703
N_LP.1197	-0.624956445441219	0.624956445441219
N_LP.1198	1.4534517222818013	-1.4534517222818009
N_LP.1199	0.4572584514246024	-0.45725845142460214
N_LP.12	0.2780893466414545	-0.2780893466414543
N_LP.120	0.9485834203304156	-0.9485834203304154
N_LP.1201	-1.6912687333932463	1.6912687333932461
N_LP.1202	-1.252373695481348	1.252373695481348
N_LP.1203	0.9468375900749805	-0.9468375900749804
N_LP.1204	0.10203437861869642	-0.1020343786186966
N_LP.1205	-1.1531710177679517	1.1531710177679515
N_LP.1206	0.20856095264724817	-0.20856095264724792
N_LP.1207	1.6145588255104721	-1.6145588255104717
N_LP.1208	-1.1730135522881577	1.1730135522881573
N_LP.1209	0.4802068874280232	-0.4802068874280229
N_LP.121	1.4255557635793408	-1.4255557635793406
N_LP.1210	0.1355542187196707	-0.13555421871967027
N_LP.1211	-1.39944609001113	1.39944609001113
N_LP.1212	1.1456342766432557	-1.1456342766432555
N_LP.1213	0.5750570977142543	-0.575057097714254
N_LP.1214	-1.6817129776999957	1.6817129776999957
N_LP.1215	-1.1492421096833965	1.1492421096833962
N_LP.1216	-1.0189696469412124	1.0189696469412122
N_LP.1217	1.2071333066726435	-1.207133306672643
N_LP.1218	-0.29924137973139253	0.29924137973139264
N_LP.1219	1.067296955484172	-1.0672969554841714
N_LP.122	1.1878685094674923	-1.187868509467492
N_LP.1220	1.181836644376342	-1.1818366443763415
N_LP.1221	-0.9754802824856899	0.9754802824856899
N_LP.1222	-0.4355934230760236	0.4355934230760235
N_LP.1223	-1.3631372145833378	1.3631372145833374
N_LP.1224	-0.04507795025707926	0.04507795025707945
N_LP.1225	0.011733554835810647	-0.01173355483581025
N_LP.1226	1.492645495979387	-1.492645495979387
N_LP.1227	0.3327199479068132	-0.33271994790681314
N_LP.1228	0.3021633315448417	-0.30216333154484165
N_LP.1229	1.4383620681163674	-1.4383620681163671
N_LP.123	0.3069592182256367	-0.30695921822563643
N_LP.1230	-1.519320517465576	1.5193205174655755
N_LP.1231	0.7327314358255884	-0.7327314358255883
N_LP.1232	0.9467628526173516	-0.9467628526173515
N_LP.1233	0.3923331393414239	-0.39233313934142344
N_LP.1234	1.351691273197588	-1.351691273197588
N_LP.1235	-0.7780215907104475	0.7780215907104473
N_LP.1236	1.4538539260243843	-1.453853926024384
N_LP.1237	-1.227423728493486	1.227423728493486
N_LP.1238	-1.154899456450842	1.154899456450842
N_LP.1239	-1.5443253816846045	1.5443253816846048
N_LP.124	-0.8263858141001689	0.8263858141001689
N_LP.1240	-0.9714416531478823	0.9714416531478821
N_LP.1242	-1.3170927770699692	1.3170927770699692
N_LP.1243	-1.5433698848166577	1.5433698848166573
N_LP.1244	-1.4357752329458597	1.4357752329458595
N_LP.1245	-1.5865362584547222	1.5865362584547216
N_LP.1246	1.394928383755558	-1.3949283837555577
N_LP.1247	-1.1789217281049758	1.1789217281049758
N_LP.1248	-1.7119952416948656	1.7119952416948654
N_LP.1249	0.35118762422752015	-0.35118762422752026
N_LP.125	0.1272339161492985	-0.12723391614929846
N_LP.1250	0.3857065183072549	-0.3857065183072548
N_LP.1251	1.547067721964168	-1.5470677219641678
N_LP.1252	0.32213936181784303	-0.3221393618178426
N_LP.1253	0.6503463298066915	-0.6503463298066909
N_LP.1254	1.568995695774176	-1.5689956957741757
N_LP.1255	-1.2706523106524896	1.2706523106524896
N_LP.1256	0.08863617658129741	-0.0886361765812974
N_LP.1257	0.3467082590501778	-0.34670825905017755
N_LP.1258	-1.2703816818925906	1.2703816818925902
N_LP.1259	-1.00272413218404	1.0027241321840399
N_LP.126	1.1386534218019546	-1.1386534218019544
N_LP.1260	1.5715325574311503	-1.5715325574311498
N_LP.1261	-0.5238056307168379	0.5238056307168378
N_LP.1262	1.4368403795142148	-1.4368403795142142
N_LP.1263	-0.005940025822590365	0.005940025822590364
N_LP.1264	0.24640677345368517	-0.24640677345368492
N_LP.1266	-0.47829917195419464	0.47829917195419475
N_LP.1267	0.4234445235981265	-0.42344452359812623
N_LP.1268	1.2873880464966507	-1.2873880464966505
N_LP.1269	0.4582237639406559	-0.4582237639406558
N_LP.127	-1.7538352105746837	1.7538352105746835
N_LP.1270	-1.213818578818369	1.2138185788183689
N_LP.1271	0.12688801499078983	-0.1268880149907898
N_LP.1272	1.5536743709616032	-1.5536743709616025
N_LP.1273	0.7081752455202911	-0.7081752455202911
N_LP.1274	-1.562412537677773	1.5624125376777722
N_LP.1275	0.6678590849185162	-0.6678590849185163
N_LP.1276	1.324856706396548	-1.3248567063965477
N_LP.1277	1.6403129726976946	-1.6403129726976946
N_LP.1278	-1.0753148523678273	1.075314852367827
N_LP.1279	-1.3003664601361624	1.3003664601361624
N_LP.128	-1.5254732245581604	1.52547322455816
N_LP.1280	0.7970202930491627	-0.7970202930491623
N_LP.1281	0.4293428641467369	-0.4293428641467366
N_LP.1282	-1.0673613490993912	1.0673613490993912
N_LP.1283	1.2208304585438101	-1.22083045854381
N_LP.1284	1.0989833311768133	-1.0989833311768131
N_LP.1285	0.11875509991080185	-0.11875509991080163
N_LP.1287	-0.24133018677545454	0.24133018677545448
N_LP.1288	-0.963467147389242	0.963467147389242
N_LP.1289	0.24519860209563243	-0.24519860209563238
N_LP.1290	-1.3495614496111887	1.3495614496111885
N_LP.1291	0.27161089333533817	-0.2716108933353377
N_LP.1292	-1.1101690476791928	1.1101690476791926
N_LP.1293	0.20231296647341454	-0.2023129664734145
N_LP.1294	1.1602323828170502	-1.16023238281705
N_LP.1295	-1.5518584110029192	1.5518584110029188
N_LP.1296	-0.4910331141685688	0.49103311416856893
N_LP.1297	0.8064425514229034	-0.8064425514229032
N_LP.1298	-1.7493858144933219	1.7493858144933216
N_LP.1299	-0.12961051460258904	0.12961051460258902
N_LP.13	-0.622627767313336	0.6226277673133359
N_LP.130	-0.8617317514697481	0.8617317514697481
N_LP.1300	-0.08898189059840896	0.08898189059840914
N_LP.1301	-0.34595195980634363	0.34595195980634375
N_LP.1302	-0.5666104811806237	0.5666104811806238
N_LP.1303	0.18257490369734303	-0.1825749036973428
N_LP.1304	0.8610985796661644	-0.8610985796661643
N_LP.1305	1.3365496353901625	-1.336549635390162
N_LP.1306	0.5706441385930281	-0.5706441385930278
N_LP.1307	1.3887264102182482	-1.3887264102182482
N_LP.1308	-0.3696894347129771	0.3696894347129772
N_LP.1309	-0.5407733247815759	0.540773324781576
N_LP.131	-1.2793187352569892	1.2793187352569892
N_LP.1310	1.0363695058515627	-1.0363695058515625
N_LP.1311	0.17143795853132462	-0.1714379585313246
N_LP.1312	-0.15813723270265206	0.15813723270265223
N_LP.1313	-0.21461641254827926	0.2146164125482794
N_LP.1314	0.17045634197816137	-0.17045634197816134
N_LP.1315	-1.1575573720833876	1.1575573720833874
N_LP.1316	1.42116534748989	-1.4211653474898895
N_LP.1317	0.5578804335816855	-0.5578804335816854
N_LP.1318	0.03127396313668562	-0.03127396313668522
N_LP.1319	1.3162589210794673	-1.3162589210794673
N_LP.132	0.8892552468218059	-0.8892552468218057
N_LP.1320	0.9943634110966896	-0.9943634110966889
N_LP.1321	-0.9725301616163242	0.9725301616163242
N_LP.1322	0.6443491051729474	-0.6443491051729471
N_LP.1323	-0.33134571577436145	0.3313457157743616
N_LP.1324	0.8066917260388619	-0.8066917260388616
N_LP.1325	-1.3572612328872118	1.3572612328872116
N_LP.1326	-0.4255491461935358	0.4255491461935359
N_LP.1327	-0.9933824524049498	0.9933824524049498
N_LP.1328	-0.7646520217752264	0.7646520217752264
N_LP.1329	-1.1641952802917628	1.1641952802917626
N_LP.133	1.0914061243358595	-1.091406124335859
N_LP.1330	-1.271700991225409	1.2717009912254087
N_LP.1331	0.1036415058295612	-0.10364150582956118
N_LP.1332	-1.439270179833404	1.439270179833404
N_LP.1333	-0.8469464639853377	0.8469464639853377
N_LP.1334	-1.4661350309772192	1.466135030977219
N_LP.1335	0.007839815778621848	-0.007839815778621452
N_LP.1336	0.30665021299236045	-0.3066502129923604
N_LP.1337	-0.6232938567700453	0.6232938567700455
N_LP.1338	-1.24490736038581	1.2449073603858098
N_LP.1339	-1.1879064142341693	1.1879064142341693
N_LP.134	0.7900140627122014	-0.7900140627122011
N_LP.1340	0.16033688993414147	-0.16033688993414125
N_LP.1341	-1.1270382537896972	1.127038253789697
N_LP.1342	-0.9030547332128088	0.9030547332128086
N_LP.1343	-1.6614495669457556	1.6614495669457559
N_LP.1344	0.5345909956658058	-0.5345909956658059
N_LP.1345	-0.032941659800730654	0.03294165980073104
N_LP.1346	-1.4888686364773207	1.4888686364773205
N_LP.1347	-0.25304334375177057	0.2530433437517705
N_LP.1348	-1.184443866018863	1.184443866018863
N_LP.1349	1.5421822638087492	-1.5421822638087488
N_LP.135	1.376070511325881	-1.3760705113258809
N_LP.1350	0.3059788734491067	-0.3059788734491068
N_LP.1351	1.2898229759502675	-1.2898229759502673
N_LP.1352	1.528527390494223	-1.5285273904942223
N_LP.1353	-1.2198698653235245	1.2198698653235245
N_LP.1354	1.4207460434605863	-1.420746043460586
N_LP.1355	0.504493891610737	-0.5044938916107369
N_LP.1356	0.15063842196303498	-0.15063842196303476
N_LP.1357	-1.1049959229849062	1.104995922984906
N_LP.1358	0.645461584980481	-0.6454615849804807
N_LP.1359	1.394707662259543	-1.3947076622595427
N_LP.136	1.5633466621323653	-1.5633466621323648
N_LP.1360	-1.263020501044108	1.263020501044108
N_LP.1361	1.5142446927637718	-1.5142446927637718
N_LP.1362	1.0565403283515158	-1.0565403283515156
N_LP.1363	-1.605365700427622	1.6053657004276214
N_LP.1364	1.0439819330424955	-1.0439819330424953
N_LP.1365	0.14958507361287587	-0.14958507361287585
N_LP.1366	1.2183130791160912	-1.218313079116091
N_LP.1367	1.3671939854097763	-1.367193985409776
N_LP.1368	-0.8031524819012896	0.8031524819012896
N_LP.1369	-0.5854981766504046	0.5854981766504047
N_LP.137	-1.160749715648086	1.1607497156480857
N_LP.1370	-1.6715151966281536	1.6715151966281534
N_LP.1371	1.1332936483038472	-1.133293648303847
N_LP.1372	-0.09199783111797998	0.09199783111798016
N_LP.1373	0.5507454098117939	-0.5507454098117935
N_LP.1374	0.013252548565791555	-0.013252548565791158
N_LP.1375	-1.1497657871486493	1.1497657871486493
N_LP.1376	0.46506101367847574	-0.4650610136784757
N_LP.1377	1.028923629520005	-1.0289236295200048
N_LP.1378	0.4706114543155025	-0.4706114543155022
N_LP.1379	-0.20836731820825846	0.20836731820825863
N_LP.138	-0.7434353327849066	0.7434353327849064
N_LP.1380	-0.7242025395736902	0.7242025395736902
N_LP.1381	-0.17069203356209472	0.1706920335620947
N_LP.1382	-0.9895092210991141	0.9895092210991139
N_LP.1383	-1.6345324779158203	1.6345324779158203
N_LP.1384	-1.4356053739529617	1.4356053739529615
N_LP.1385	0.2752516252651942	-0.275251625265194
N_LP.1386	-1.5054946615121718	1.5054946615121718
N_LP.1387	0.477225940255787	-0.4772259402557865
N_LP.1388	-1.317450396863162	1.3174503968631617
N_LP.1389	-0.837867620963752	0.837867620963752
N_LP.139	-0.2939260096025251	0.293926009602525
N_LP.1390	1.3822293385324316	-1.3822293385324316
N_LP.1391	0.4846423968210852	-0.48464239682108506
N_LP.1392	-1.7077218234641078	1.707721823464107
N_LP.1393	0.5313536174463243	-0.5313536174463239
N_LP.1394	1.5471689553663694	-1.5471689553663692
N_LP.1395	0.7398309768325085	-0.7398309768325084
N_LP.1396	-1.6052346212218547	1.605234621221854
N_LP.1397	0.7916285356013233	-0.791628535601323
N_LP.1398	0.8101404486567344	-0.8101404486567342
N_LP.1399	-1.2303069362474819	1.2303069362474817
N_LP.14	0.3133181861955476	-0.31331818619554735
N_LP.140	0.33122867313676596	-0.33122867313676585
N_LP.1400	-0.4015849697788257	0.4015849697788256
N_LP.1401	0.16565333609868457	-0.16565333609868474
N_LP.1402	-1.0757816311446067	1.0757816311446067
N_LP.1403	0.4459427172059343	-0.44594271720593404
N_LP.1404	-1.0493009061370733	1.0493009061370733
N_LP.1405	-0.6972429525496869	0.6972429525496867
N_LP.1406	-0.1092611013567339	0.10926110135673388
N_LP.1407	-1.577599485420144	1.5775994854201434
N_LP.1408	-0.7540855818600394	0.7540855818600395
N_LP.1409	-0.4196819899186757	0.41968198991867584
N_LP.141	0.44562853069192426	-0.44562853069192415
N_LP.1410	0.9777787649793206	-0.9777787649793204
N_LP.1411	-1.2330573468413304	1.2330573468413304
N_LP.1412	0.8829298582121989	-0.8829298582121986
N_LP.1413	1.3154920020586351	-1.3154920020586347
N_LP.1415	-0.412278663415123	0.4122786634151231
N_LP.1416	1.5508356928915628	-1.5508356928915623
N_LP.1417	1.4551274381275887	-1.455127438127588
N_LP.1418	-1.4920538429999843	1.4920538429999846
N_LP.1419	-1.6316948955248305	1.63169489552483
N_LP.142	0.8146745413895196	-0.8146745413895193
N_LP.1420	-0.3715099604284584	0.3715099604284585
N_LP.1421	-1.5756168278300864	1.5756168278300866
N_LP.1422	-1.2417335867043686	1.2417335867043686
N_LP.1423	-1.3657508568047771	1.365750856804777
N_LP.1424	0.16238950791658943	-0.1623895079165892
N_LP.1425	-0.8968454582978044	0.8968454582978043
N_LP.1426	1.5347395117296636	-1.5347395117296632
N_LP.1427	-0.14708256183690363	0.1470825618369036
N_LP.1428	-0.08408583381521263	0.08408583381521262
N_LP.1429	-0.04054159350216845	0.040541593502168835
N_LP.143	1.2791771005465018	-1.2791771005465016
N_LP.1430	-0.9647342170504544	0.9647342170504541
N_LP.1431	1.661427786851611	-1.6614277868516112
N_LP.1432	-1.5020152995004075	1.5020152995004068
N_LP.1433	-0.4629613308119218	0.4629613308119219
N_LP.1434	0.9869172403792349	-0.9869172403792347
N_LP.1435	-1.1744157553279455	1.1744157553279455
N_LP.1436	-1.4046427630360083	1.404642763036008
N_LP.1437	1.179143684695563	-1.1791436846955627
N_LP.1438	-0.1968008761313018	0.19680087613130173
N_LP.1439	1.1876237285008122	-1.187623728500812
N_LP.144	1.3895168724413747	-1.3895168724413742
N_LP.1440	-0.8907381941678667	0.8907381941678665
N_LP.1441	0.7778676284603149	-0.7778676284603147
N_LP.1442	-0.9004154716760019	0.9004154716760018
N_LP.1443	-1.1703831902310042	1.1703831902310042
N_LP.1444	-1.6841053166909938	1.6841053166909936
N_LP.1445	0.8520892220792182	-0.8520892220792178
N_LP.1446	1.0130712700334736	-1.0130712700334734
N_LP.1447	1.256634353391928	-1.2566343533919273
N_LP.1448	-0.575963088659355	0.5759630886593549
N_LP.1449	0.09848765656048392	-0.09848765656048371
N_LP.145	-0.21516320351802673	0.2151632035180267
N_LP.1451	-1.1005616900138582	1.100561690013858
N_LP.1452	-1.607477422188715	1.6074774221887143
N_LP.1453	-0.4141967575791793	0.41419675757917923
N_LP.1454	-1.2625681406060734	1.2625681406060734
N_LP.1455	-0.47544851116140435	0.47544851116140446
N_LP.1456	0.6070266031869098	-0.6070266031869097
N_LP.1457	1.1869438245715656	-1.1869438245715653
N_LP.1458	-1.2859804548122828	1.2859804548122826
N_LP.1459	-1.108382451210705	1.1083824512107048
N_LP.146	-1.695802517435026	1.6958025174350255
N_LP.1460	-0.024391057425088975	0.024391057425088774
N_LP.1461	0.3049582299755135	-0.3049582299755134
N_LP.1462	-0.5353101334808238	0.5353101334808237
N_LP.1463	0.4475321674513156	-0.4475321674513153
N_LP.1464	-0.36303812168580485	0.3630381216858048
N_LP.1465	-0.9354829919455412	0.9354829919455411
N_LP.1466	-0.47380406126459446	0.47380406126459435
N_LP.1467	0.33366954494913237	-0.3336695449491323
N_LP.1468	-0.08780912912819656	0.08780912912819674
N_LP.1469	-0.6147505122431395	0.6147505122431394
N_LP.147	0.30322301233072135	-0.3032230123307211
N_LP.1470	0.07004030266367975	-0.07004030266367954
N_LP.1471	0.5995830922466711	-0.5995830922466706
N_LP.1472	0.05771284739389969	-0.057712847393899674
N_LP.1473	0.20942883285428318	-0.20942883285428313
N_LP.1474	0.025384054875284497	-0.0253840548752841
N_LP.1475	1.1036153269871205	-1.1036153269871198
N_LP.1476	1.0546813153072865	-1.054681315307286
N_LP.1477	1.16977972030769	-1.16977972030769
N_LP.1478	-1.304129697447441	1.3041296974474406
N_LP.1479	1.2282549934434588	-1.2282549934434586
N_LP.148	1.5799183687855045	-1.5799183687855038
N_LP.1480	-0.9262855843825266	0.9262855843825266
N_LP.1481	-0.18164427797172628	0.18164427797172644
N_LP.1482	1.2083531727252392	-1.208353172725239
N_LP.1483	-0.6173308887211166	0.6173308887211166
N_LP.1484	-0.13988961961076027	0.13988961961076044
N_LP.1485	0.28822713883021284	-0.2882271388302128
N_LP.1486	-1.4463914625480183	1.4463914625480183
N_LP.1487	0.7247577894260081	-0.7247577894260078
N_LP.1488	0.6274139866395919	-0.6274139866395918
N_LP.149	-0.5549269796734756	0.5549269796734757
N_LP.1490	0.9265114401641119	-0.9265114401641114
N_LP.1491	-0.8647662433480656	0.8647662433480656
N_LP.1492	-0.2795877791476688	0.2795877791476689
N_LP.1493	0.06351821354551433	-0.06351821354551412
N_LP.1494	1.2773136759413148	-1.2773136759413146
N_LP.1495	1.3224064266437643	-1.3224064266437638
N_LP.1496	1.217851039687811	-1.2178510396878108
N_LP.1497	-1.6498505230976646	1.6498505230976641
N_LP.1498	1.1726526277871687	-1.1726526277871685
N_LP.1499	1.1274281377828073	-1.1274281377828068
N_LP.15	-1.1407372226800023	1.1407372226800023
N_LP.150	-0.3027400019724656	0.30274000197246553
N_LP.1500	0.7268453035219099	-0.7268453035219098
N_LP.1501	0.24023242117917326	-0.24023242117917282
N_LP.1502	1.4394199323298813	-1.439419932329881
N_LP.1503	-1.5859669646388004	1.5859669646388
N_LP.1504	-0.6824539712873801	0.6824539712873801
N_LP.1505	-1.2341251789890428	1.2341251789890428
N_LP.1506	0.9180161104273733	-0.9180161104273727
N_LP.1507	0.5541135216478021	-0.554113521647802
N_LP.1508	1.3637576628926902	-1.3637576628926902
N_LP.1509	-1.4405579811620823	1.440557981162082
N_LP.151	-0.97619673027646	0.97619673027646
N_LP.1510	0.38071932217749405	-0.38071932217749377
N_LP.1511	-0.9698911422139744	0.9698911422139744
N_LP.1512	0.19913686489500296	-0.1991368648950027
N_LP.1513	-0.14506642736630337	0.14506642736630357
N_LP.1514	1.5907496268472376	-1.590749626847237
N_LP.1515	-1.3675587618931315	1.3675587618931315
N_LP.1516	1.1756075015035774	-1.175607501503577
N_LP.1517	-0.8687097260064556	0.8687097260064556
N_LP.1518	0.6153543326976129	-0.6153543326976125
N_LP.1519	-0.9430793445994977	0.9430793445994976
N_LP.152	-0.2706247125371381	0.27062471253713805
N_LP.1520	1.2678184692631254	-1.2678184692631254
N_LP.1521	1.3554087055219395	-1.355408705521939
N_LP.1522	-1.0077349597648262	1.0077349597648257
N_LP.1523	0.3671833722587358	-0.3671833722587357
N_LP.1524	0.2282040094723069	-0.22820400947230704
N_LP.1525	-1.353457343601005	1.353457343601005
N_LP.1526	-1.735304117351515	1.7353041173515147
N_LP.1527	-1.5756089183578772	1.5756089183578774
N_LP.1528	0.4085720640578087	-0.40857206405780844
N_LP.1529	0.30132350347063297	-0.30132350347063275
N_LP.153	-0.30058902006947436	0.3005890200694743
N_LP.1530	1.0334053990438976	-1.0334053990438974
N_LP.1531	1.2497406700808484	-1.2497406700808482
N_LP.1532	-1.6508250185187732	1.650825018518773
N_LP.1533	-0.5520255222487358	0.5520255222487359
N_LP.1534	0.8218002770672935	-0.8218002770672935
N_LP.1535	1.2537608034267615	-1.253760803426761
N_LP.1536	0.6682419784491392	-0.6682419784491391
N_LP.1537	-0.7139445138682361	0.7139445138682361
N_LP.1538	0.03454979786710459	-0.03454979786710458
N_LP.1539	0.8961448089657396	-0.8961448089657394
N_LP.154	-0.3561466346861466	0.35614663468614655
N_LP.1540	-0.6330265685528728	0.6330265685528729
N_LP.1541	-0.8555114727178283	0.8555114727178283
N_LP.1542	0.5264623576468028	-0.5264623576468027
N_LP.1543	1.5421979017801444	-1.5421979017801437
N_LP.1544	1.4462144362020315	-1.4462144362020313
N_LP.1545	1.2107712349104882	-1.210771234910488
N_LP.1546	-0.27846246430639787	0.2784624643063978
N_LP.1547	-1.4208286735715934	1.4208286735715931
N_LP.1548	-1.7142597436826825	1.7142597436826825
N_LP.1549	-1.5021221005764056	1.5021221005764054
N_LP.155	0.2173901116936085	-0.21739011169360867
N_LP.1550	0.08782430000940981	-0.08782430000941
N_LP.1551	-0.7716251266381244	0.7716251266381243
N_LP.1552	-0.8977038488854773	0.897703848885477
N_LP.1553	0.3747570189530436	-0.3747570189530433
N_LP.1554	1.1990166896357024	-1.1990166896357022
N_LP.1555	-1.1896968973727522	1.1896968973727522
N_LP.1556	-0.9743320609517225	0.9743320609517225
N_LP.1557	0.4743697468262356	-0.47436974682623534
N_LP.1558	-0.15436970636706313	0.1543697063670633
N_LP.1559	-1.5331138919398206	1.5331138919398204
N_LP.156	0.5075630708244925	-0.5075630708244925
N_LP.1560	-1.7103471003444581	1.7103471003444575
N_LP.1561	-1.4020610990708282	1.4020610990708282
N_LP.1562	-1.225458990831622	1.225458990831622
N_LP.1563	0.7070812965259982	-0.7070812965259983
N_LP.1564	-0.7260077448368335	0.7260077448368336
N_LP.1565	-1.0789658090460994	1.0789658090460994
N_LP.1566	0.517292254835153	-0.5172922548351526
N_LP.1567	-0.8932058223132338	0.8932058223132338
N_LP.1568	-0.19405537154171157	0.19405537154171154
N_LP.1569	1.1129243575422403	-1.11292435754224
N_LP.157	1.5205844597467424	-1.5205844597467417
N_LP.1570	1.2634322550883965	-1.2634322550883963
N_LP.1571	-0.9876225847941009	0.9876225847941005
N_LP.1572	1.4085264258460883	-1.4085264258460881
N_LP.1573	-1.4878818975282713	1.487881897528271
N_LP.1574	0.6718773080763494	-0.6718773080763488
N_LP.1575	0.5343423643761096	-0.534342364376109
N_LP.1576	-1.0688493203373362	1.068849320337336
N_LP.1577	-0.8501464921088839	0.8501464921088839
N_LP.1578	-0.2915643897967035	0.2915643897967036
N_LP.1579	-1.779055752110991	1.7790557521109909
N_LP.158	-0.42360404068139845	0.42360404068139834
N_LP.1580	-0.577174004601904	0.5771740046019042
N_LP.1581	0.10425871280286918	-0.10425871280286934
N_LP.1582	-0.3180942812111372	0.31809428121113736
N_LP.1583	-0.35160795116794	0.3516079511679399
N_LP.1584	0.7274393300864149	-0.7274393300864144
N_LP.1585	-0.44732910592620706	0.44732910592620695
N_LP.1586	0.0948028890705788	-0.09480288907057878
N_LP.1587	0.7278490071555913	-0.7278490071555912
N_LP.1588	1.0843121722027025	-1.0843121722027023
N_LP.1589	0.4432110793452479	-0.4432110793452478
N_LP.159	0.48161469649195965	-0.4816146964919593
N_LP.1590	1.0267090699356505	-1.0267090699356503
N_LP.1591	-1.0995149794124346	1.0995149794124344
N_LP.1592	1.2788631607051106	-1.2788631607051102
N_LP.1593	-0.3528938835141051	0.35289388351410506
N_LP.1594	0.6192426302858629	-0.6192426302858628
N_LP.1595	1.3889570390895005	-1.3889570390894999
N_LP.1596	-0.692170609563143	0.6921706095631429
N_LP.1597	1.3418355037799876	-1.3418355037799876
N_LP.1598	-0.7713401560405682	0.771340156040568
N_LP.1599	1.5096361433152257	-1.5096361433152252
N_LP.16	0.5511698388634221	-0.551169838863422
N_LP.160	-0.23199030026810696	0.2319903002681071
N_LP.1600	-1.4023262601260658	1.4023262601260653
N_LP.1601	-1.777560983469669	1.7775609834696686
N_LP.1602	-1.7571727371431023	1.7571727371431018
N_LP.1603	1.0896741847861864	-1.0896741847861864
N_LP.1604	1.3673977632475713	-1.3673977632475713
N_LP.1605	1.2956617826292909	-1.2956617826292904
N_LP.1606	-0.14413512162828196	0.14413512162828213
N_LP.1607	1.5334655675488762	-1.5334655675488758
N_LP.1608	-0.3555773512830602	0.3555773512830603
N_LP.1609	-0.8070392177509986	0.8070392177509986
N_LP.161	-0.15386485477917095	0.1538648547791711
N_LP.1610	-0.5132203652028472	0.5132203652028471
N_LP.1611	-1.2330266619155301	1.2330266619155301
N_LP.1612	0.3973006187545769	-0.397300618754577
N_LP.1613	-0.6045194657783559	0.6045194657783558
N_LP.1614	1.4484215301718928	-1.4484215301718921
N_LP.1615	1.167186745670588	-1.1671867456705878
N_LP.1616	-1.0868361755578164	1.0868361755578164
N_LP.1617	0.15394075877845045	-0.15394075877845043
N_LP.1618	1.2727665984842087	-1.2727665984842085
N_LP.1619	0.7889255794975135	-0.7889255794975134
N_LP.162	0.652863123635049	-0.6528631236350486
N_LP.1620	-1.0706365781873737	1.0706365781873732
N_LP.1621	1.356238825530448	-1.356238825530448
N_LP.1622	1.1405392634282665	-1.140539263428266
N_LP.1623	-0.5069747093576337	0.5069747093576338
N_LP.1624	0.12876230570306532	-0.1287623057030653
N_LP.1625	0.32824189476946897	-0.3282418947694687
N_LP.1626	-0.7348946235076557	0.7348946235076557
N_LP.1627	1.0960689689710852	-1.096068968971085
N_LP.1628	-0.8043207005505574	0.8043207005505573
N_LP.1629	-0.286102153716358	0.28610215371635794
N_LP.163	-0.9890781476323988	0.9890781476323987
N_LP.1630	-1.5917627632227476	1.5917627632227471
N_LP.1631	0.8355042380019827	-0.8355042380019826
N_LP.1632	0.9644987514441865	-0.9644987514441861
N_LP.1633	0.958702801568718	-0.9587028015687178
N_LP.1634	-0.508575785524061	0.5085757855240611
N_LP.1635	-1.5500862225110095	1.550086222511009
N_LP.1636	0.5455577180336458	-0.5455577180336457
N_LP.1637	-1.381599873540854	1.3815998735408535
N_LP.1638	-1.832180722042557	1.832180722042557
N_LP.1639	-1.592506525136324	1.5925065251363237
N_LP.164	-0.021407419365946628	0.02140741936594682
N_LP.1640	-0.2176766794550743	0.21767667945507424
N_LP.1641	1.1761739913544453	-1.1761739913544447
N_LP.1642	0.6318339335697639	-0.6318339335697636
N_LP.1643	0.03733691894290988	-0.03733691894290987
N_LP.1644	0.09074349055761106	-0.09074349055761105
N_LP.1645	-1.217998555320699	1.2179985553206987
N_LP.1646	-0.0661960965214523	0.06619609652145228
N_LP.1647	0.5218472778082784	-0.5218472778082783
N_LP.1648	1.398160468504926	-1.398160468504926
N_LP.1649	-1.710399461308474	1.710399461308474
N_LP.165	-1.0283885196177098	1.0283885196177098
N_LP.1650	-0.39318782136215463	0.39318782136215474
N_LP.1651	0.15622996349097168	-0.15622996349097165
N_LP.1652	-1.316746721400181	1.316746721400181
N_LP.1653	-1.1897043907891582	1.189704390789158
N_LP.1654	-1.7648437857285306	1.7648437857285304
N_LP.1655	-1.8304508796605559	1.8304508796605545
N_LP.1656	0.012436801791511807	-0.012436801791512
N_LP.1657	-0.03227850919888172	0.03227850919888191
N_LP.1658	-1.130323669559971	1.1303236695599705
N_LP.1659	-0.3140129053758745	0.31401290537587445
N_LP.166	-1.722988637237827	1.7229886372378267
N_LP.1660	-1.34394391637795	1.3439439163779499
N_LP.1661	-0.5621659318691378	0.5621659318691377
N_LP.1662	1.2275657980553285	-1.227565798055328
N_LP.1663	1.5064155715790393	-1.5064155715790386
N_LP.1664	0.9012769326223372	-0.9012769326223369
N_LP.1665	-0.4142014321515151	0.4142014321515153
N_LP.1666	0.6458221752605164	-0.6458221752605163
N_LP.1667	-1.5370421033026043	1.5370421033026045
N_LP.1668	-1.7274662866064627	1.7274662866064625
N_LP.1669	1.1590059519960587	-1.1590059519960585
N_LP.167	0.10739344570152631	-0.10739344570152629
N_LP.1670	0.8115491593134686	-0.811549159313468
N_LP.1671	-1.1281238333801313	1.1281238333801311
N_LP.1672	-1.2944928445417507	1.2944928445417507
N_LP.1673	-0.693246402094241	0.6932464020942412
N_LP.1674	0.23069821845783656	-0.2306982184578365
N_LP.1675	-0.7909564695502516	0.7909564695502517
N_LP.1676	-0.8591617945185392	0.859161794518539
N_LP.1677	-0.0782298942808967	0.07822989428089688
N_LP.1678	1.3626598591751997	-1.362659859175199
N_LP.1679	-1.6467490745052578	1.646749074505258
N_LP.168	0.7634830847521422	-0.7634830847521419
N_LP.1680	0.4230318465700872	-0.4230318465700869
N_LP.1681	-1.1658273549229832	1.165827354922983
N_LP.1682	0.9925761243021894	-0.9925761243021892
N_LP.1683	0.2607477482796991	-0.26074774827969904
N_LP.1684	0.8671831429597041	-0.8671831429597039
N_LP.1685	0.7302001748812267	-0.7302001748812266
N_LP.1686	-1.4662707541931101	1.46627075419311
N_LP.1687	0.16796852507398033	-0.1679685250739805
N_LP.1688	-0.049085601135897	0.0490856011358968
N_LP.1689	0.6378175311965701	-0.6378175311965698
N_LP.169	-0.32256674618173986	0.32256674618173997
N_LP.1690	1.1485243944237467	-1.1485243944237464
N_LP.1691	1.040284309207245	-1.0402843092072445
N_LP.1692	0.20107345377910843	-0.2010734537791084
N_LP.1693	1.4256544722263804	-1.4256544722263802
N_LP.1694	-1.5822136978842842	1.5822136978842836
N_LP.1695	0.682796805487392	-0.6827968054873917
N_LP.1696	-0.5435819107096781	0.5435819107096782
N_LP.1697	1.2786787600522072	-1.2786787600522067
N_LP.1698	-1.219825223868359	1.219825223868359
N_LP.1699	0.054135583613066474	-0.05413558361306607
N_LP.17	-1.0176227514637197	1.0176227514637195
N_LP.170	-0.007086853971799309	0.007086853971799505
N_LP.1700	-1.085792538035401	1.085792538035401
N_LP.1701	1.5821507467602007	-1.5821507467602003
N_LP.1702	1.393840701867306	-1.393840701867306
N_LP.1703	0.34212245458488255	-0.3421224545848821
N_LP.1704	1.1724564332881773	-1.1724564332881768
N_LP.1705	1.2146449424211403	-1.2146449424211399
N_LP.1706	1.230947103826701	-1.2309471038267008
N_LP.1707	-0.49587831477440053	0.49587831477440064
N_LP.1708	-0.7098901508691844	0.7098901508691845
N_LP.1709	0.5069427302492833	-0.5069427302492832
N_LP.171	-0.9912898070986356	0.9912898070986356
N_LP.1710	-0.3607321746476191	0.3607321746476192
N_LP.1711	-1.407953080472869	1.4079530804728686
N_LP.1712	-0.6596320069280367	0.6596320069280368
N_LP.1713	1.6267939730838743	-1.6267939730838743
N_LP.1714	0.7187810270619384	-0.718781027061938
N_LP.1715	0.24005152672399355	-0.24005152672399332
N_LP.1716	1.1069047946880366	-1.1069047946880362
N_LP.1717	0.15987605647658346	-0.15987605647658323
N_LP.1718	-1.0049262191871704	1.00492621918717
N_LP.1719	1.5712996337716507	-1.5712996337716512
N_LP.172	0.84945872865749	-0.8494587286574896
N_LP.1720	-0.9218425151453601	0.9218425151453599
N_LP.1721	0.3134079186169092	-0.31340791861690914
N_LP.1722	-0.4896061125818311	0.48960611258183123
N_LP.1723	1.281773472086817	-1.2817734720868168
N_LP.1724	-0.5757291679527781	0.5757291679527782
N_LP.1725	-1.3951275705862476	1.3951275705862474
N_LP.1726	0.6451236236084021	-0.6451236236084023
N_LP.1727	-1.2125250615395455	1.2125250615395453
N_LP.1728	-0.313115924998662	0.3131159249986621
N_LP.1729	0.2176598323665474	-0.21765983236654757
N_LP.173	0.9270713235274088	-0.9270713235274086
N_LP.1730	0.7557251253069491	-0.755725125306949
N_LP.1731	0.7113394060192693	-0.7113394060192689
N_LP.1732	-1.3559860182968264	1.3559860182968262
N_LP.1733	-0.42307488371367574	0.42307488371367585
N_LP.1734	-1.1557906432124803	1.1557906432124798
N_LP.1735	1.1198942662149465	-1.1198942662149458
N_LP.1736	-0.9921782466816482	0.9921782466816482
N_LP.1737	-0.244923672559148	0.24492367255914815
N_LP.1738	0.8778743484593512	-0.8778743484593509
N_LP.1739	0.09810945417667719	-0.09810945417667717
N_LP.174	1.6193279538952274	-1.6193279538952268
N_LP.1740	-0.40478917359184197	0.4047891735918419
N_LP.1741	-1.0869445530010988	1.0869445530010988
N_LP.1742	0.9181090421194226	-0.9181090421194221
N_LP.1743	-1.5183573979337397	1.5183573979337393
N_LP.1744	1.5474402789021633	-1.5474402789021622
N_LP.1745	-1.655605465149932	1.6556054651499323
N_LP.1746	0.928272798284519	-0.9282727982845188
N_LP.1747	1.4162258816763273	-1.4162258816763273
N_LP.1748	-0.8781018304530478	0.8781018304530478
N_LP.1749	0.6121207180575963	-0.6121207180575959
N_LP.175	-1.512325289286556	1.5123252892865557
N_LP.1750	-0.1562125993811725	0.15621259938117246
N_LP.1751	-1.4428161805460666	1.4428161805460666
N_LP.1752	-1.4933908910545899	1.4933908910545903
N_LP.1753	0.8923304326580412	-0.8923304326580412
N_LP.1754	0.42390540011273936	-0.4239054001127391
N_LP.1755	0.4533426771755423	-0.4533426771755422
N_LP.1756	1.4084487379495743	-1.4084487379495731
N_LP.1757	0.028659946502024358	-0.02865994650202396
N_LP.1758	1.3616569815546449	-1.3616569815546449
N_LP.1759	-0.9322659642614947	0.9322659642614947
N_LP.176	-1.6028310886875055	1.6028310886875048
N_LP.1760	0.13099595890375623	-0.1309959589037562
N_LP.1761	-0.27529565176416626	0.2752956517641662
N_LP.1762	-1.690666739121424	1.6906667391214236
N_LP.1763	1.2103031365512928	-1.2103031365512926
N_LP.1764	-0.6592660215819345	0.6592660215819346
N_LP.1765	-1.3416421474231166	1.3416421474231162
N_LP.1766	-0.10645062389611096	0.10645062389611094
N_LP.1767	0.6093146620557854	-0.6093146620557853
N_LP.1768	0.21621799174131404	-0.2162179917413138
N_LP.1769	1.060069885284052	-1.0600698852840515
N_LP.177	-1.1910096771779586	1.1910096771779586
N_LP.1770	-0.5281958126837286	0.5281958126837285
N_LP.1771	-0.2041169758163368	0.20411697581633698
N_LP.1772	0.4237279972156018	-0.42372799721560134
N_LP.1773	0.2989742753399476	-0.29897427533994714
N_LP.1774	-1.2744555017356953	1.274455501735695
N_LP.1775	-0.08859367405457214	0.08859367405457211
N_LP.1776	-1.1777290547127883	1.1777290547127883
N_LP.1777	-0.40550141578499344	0.40550141578499355
N_LP.1778	-1.3209074449433111	1.320907444943311
N_LP.1779	-1.7022787533105053	1.7022787533105055
N_LP.178	0.678787215563402	-0.6787872155634018
N_LP.1780	-0.6635693605312609	0.663569360531261
N_LP.1781	1.6324002312930201	-1.6324002312930195
N_LP.1782	1.571396903409143	-1.5713969034091428
N_LP.1783	0.38069946322705256	-0.3806994632270523
N_LP.1784	-0.7739299700641407	0.7739299700641404
N_LP.1785	-0.27325456895375155	0.2732545689537515
N_LP.1786	-1.0736606094740841	1.073660609474084
N_LP.1787	-1.3647848126697393	1.3647848126697386
N_LP.1788	0.714844755175824	-0.7148447551758239
N_LP.1789	-0.02437081277838276	0.02437081277838295
N_LP.179	-0.1038543311509232	0.10385433115092337
N_LP.1790	-0.2478934485152786	0.24789344851527875
N_LP.1791	0.9075603180205306	-0.90756031802053
N_LP.1792	1.4610874605890416	-1.4610874605890414
N_LP.1793	0.8027122068933605	-0.8027122068933602
N_LP.1794	-0.26039163912241287	0.26039163912241303
N_LP.1795	-0.7342049336357351	0.734204933635735
N_LP.1796	1.4857881266034525	-1.4857881266034518
N_LP.1797	0.6305059382545654	-0.630505938254565
N_LP.1798	0.008372748488891892	-0.008372748488892088
N_LP.1799	0.2663240279546615	-0.26632402795466126
N_LP.18	-1.337140862802671	1.3371408628026706
N_LP.180	0.5329844937201994	-0.532984493720199
N_LP.1800	0.09463372756570976	-0.09463372756570955
N_LP.1801	0.6367371194105648	-0.6367371194105644
N_LP.1802	0.36507263966296566	-0.3650726396629654
N_LP.1803	0.8237004954763398	-0.8237004954763395
N_LP.1804	-1.4812402326426775	1.4812402326426772
N_LP.1805	-0.4160573178973639	0.41605731789736383
N_LP.1806	-1.3446033790414538	1.3446033790414536
N_LP.1807	-0.6000405486028407	0.6000405486028408
N_LP.1808	0.8309995136174702	-0.8309995136174702
N_LP.1809	-0.48833120692149495	0.48833120692149506
N_LP.181	0.6911543274763844	-0.6911543274763844
N_LP.1810	-1.1934477834907962	1.1934477834907962
N_LP.1811	0.7793602228851361	-0.7793602228851358
N_LP.1812	0.7620611724272556	-0.7620611724272552
N_LP.1813	-1.135907678570996	1.1359076785709958
N_LP.1814	0.6458741196915057	-0.6458741196915053
N_LP.1815	0.7887220969775199	-0.7887220969775195
N_LP.1816	-0.36538479914758826	0.36538479914758837
N_LP.1817	-1.4871558169646473	1.4871558169646473
N_LP.1818	-0.4697630603932682	0.4697630603932683
N_LP.1819	-1.2036432318286114	1.203643231828611
N_LP.182	1.5280671273426638	-1.5280671273426631
N_LP.1820	1.1344138802861776	-1.134413880286177
N_LP.1821	-1.5842718143956582	1.584271814395658
N_LP.1822	0.9108733433393409	-0.9108733433393404
N_LP.1823	0.18543746203535222	-0.18543746203535236
N_LP.1824	0.38139021975409965	-0.3813902197540996
N_LP.1825	1.4803877401847403	-1.4803877401847403
N_LP.1826	1.4166051454400166	-1.4166051454400164
N_LP.1827	0.6553822330618414	-0.6553822330618411
N_LP.1828	-1.2766112231458322	1.2766112231458322
N_LP.1829	-1.3965610565689908	1.3965610565689905
N_LP.183	0.2895767582095556	-0.28957675820955553
N_LP.1830	-0.3965545502845583	0.39655455028455844
N_LP.1831	-0.21147504445911894	0.2114750444591189
N_LP.1832	-0.023104742568640525	0.023104742568640913
N_LP.1833	0.7421442253042932	-0.7421442253042934
N_LP.1834	-1.527057569106089	1.5270575691060888
N_LP.1835	1.4573785063709601	-1.45737850637096
N_LP.1836	1.2535730320350134	-1.2535730320350131
N_LP.1837	1.5321542760233007	-1.5321542760233005
N_LP.1838	-1.3316555429877837	1.3316555429877832
N_LP.1839	-0.847268635123047	0.8472686351230467
N_LP.184	-0.02636189017719288	0.02636189017719307
N_LP.1840	-0.26390284061712116	0.2639028406171211
N_LP.1841	-0.03633159167686234	0.03633159167686233
N_LP.1842	1.4023098797549591	-1.402309879754959
N_LP.1843	1.2499916312960342	-1.249991631296034
N_LP.1844	1.1706657336000292	-1.170665733600029
N_LP.1845	-1.3736688829396388	1.3736688829396386
N_LP.1846	0.24357246395372287	-0.24357246395372262
N_LP.1847	0.3230181609244071	-0.32301816092440705
N_LP.1848	-0.1746824528181364	0.17468245281813635
N_LP.1849	-1.1692286501619542	1.169228650161954
N_LP.185	1.6205408938719346	-1.6205408938719343
N_LP.1850	0.2952134417827988	-0.29521344178279874
N_LP.1851	1.187670705304628	-1.1876707053046278
N_LP.1852	1.3936426855183053	-1.3936426855183057
N_LP.1853	-1.491203977549134	1.491203977549134
N_LP.1854	-0.9875295672516359	0.9875295672516359
N_LP.1855	-1.534168677762414	1.534168677762414
N_LP.1856	-0.5933535876089202	0.5933535876089201
N_LP.1857	-1.2189254410926829	1.2189254410926829
N_LP.1858	0.9067089725876968	-0.9067089725876966
N_LP.1859	-0.2340483031867059	0.23404830318670586
N_LP.186	-0.9960119752780087	0.9960119752780084
N_LP.1860	-0.15221063239347546	0.15221063239347543
N_LP.1861	-1.1495411728395886	1.1495411728395886
N_LP.1862	-0.03783983274505158	0.03783983274505138
N_LP.1863	0.9959165574386395	-0.9959165574386389
N_LP.1864	0.7122807316011903	-0.71228073160119
N_LP.1865	1.1599812840945458	-1.1599812840945452
N_LP.1866	-1.6325354430247943	1.632535443024794
N_LP.1867	0.8331430170342174	-0.8331430170342173
N_LP.1868	1.137732728554098	-1.1377327285540977
N_LP.1869	1.1353136381882867	-1.1353136381882865
N_LP.187	0.042768571548968695	-0.04276857154896888
N_LP.1870	-0.9914491138548414	0.991449113854841
N_LP.1871	-1.4856079976363252	1.4856079976363252
N_LP.1872	-0.08368302737958434	0.08368302737958452
N_LP.1873	0.8341232404705067	-0.8341232404705063
N_LP.1874	-1.5332207846373647	1.5332207846373647
N_LP.1875	-1.400201206867176	1.400201206867176
N_LP.1876	-1.1050017768589424	1.1050017768589422
N_LP.1877	1.3323921744003824	-1.332392174400382
N_LP.1878	0.8386940585350051	-0.8386940585350047
N_LP.1879	-0.8816435505200364	0.8816435505200364
N_LP.188	-0.23696840534837038	0.23696840534837035
N_LP.1880	0.03133587526227776	-0.031335875262277754
N_LP.1881	1.5065202501457078	-1.5065202501457073
N_LP.1882	-0.889518689904351	0.889518689904351
N_LP.1883	1.397899631766489	-1.397899631766489
N_LP.1884	-1.5308343693206214	1.5308343693206212
N_LP.1885	1.379961774001223	-1.3799617740012233
N_LP.1886	1.3740975578446044	-1.3740975578446044
N_LP.1887	-1.8312943344444566	1.831294334444456
N_LP.1888	0.6896568795482443	-0.689656879548244
N_LP.1889	1.5794559339070968	-1.5794559339070964
N_LP.189	0.5906718528100009	-0.590671852810001
N_LP.1890	-0.4303719578674247	0.4303719578674246
N_LP.1891	-1.3637624943380795	1.3637624943380795
N_LP.1892	-0.0994763475609478	0.09947634756094798
N_LP.1893	-0.34686590323253513	0.3468659032325351
N_LP.1894	-0.2891518545954658	0.28915185459546594
N_LP.1895	1.1659268628634805	-1.1659268628634805
N_LP.1896	0.4148029328044255	-0.4148029328044254
N_LP.1897	-1.2375499888367643	1.2375499888367643
N_LP.1898	0.11309684200813552	-0.1130968420081353
N_LP.1899	1.0850367939461343	-1.085036793946134
N_LP.19	-0.7889453803959973	0.7889453803959973
N_LP.190	-0.36160940238664735	0.36160940238664746
N_LP.1900	0.2717641264532932	-0.2717641264532929
N_LP.1901	-1.0545659158210408	1.0545659158210408
N_LP.1902	-1.5540219380176692	1.5540219380176685
N_LP.1903	0.9171515075503681	-0.9171515075503679
N_LP.1904	-1.3460366196531888	1.3460366196531885
N_LP.1905	0.3867964842972153	-0.386796484297215
N_LP.1906	-1.045980509739627	1.0459805097396269
N_LP.1907	-1.1251371153354655	1.1251371153354652
N_LP.1908	-0.919456473674296	0.919456473674296
N_LP.1909	0.3351997802262878	-0.33519978022628755
N_LP.191	1.3643009669033153	-1.3643009669033153
N_LP.1910	0.14615615550976735	-0.14615615550976713
N_LP.1911	-0.26621746195394996	0.26621746195395013
N_LP.1912	-0.9041245142931855	0.9041245142931854
N_LP.1913	-0.7891080655636772	0.7891080655636773
N_LP.1914	-1.2014909907418725	1.2014909907418725
N_LP.1915	1.0453930801258957	-1.0453930801258957
N_LP.1916	-0.8737877609844554	0.8737877609844554
N_LP.1917	-0.9418973200111619	0.9418973200111618
N_LP.1918	0.1329399742545412	-0.132939974254541
N_LP.1919	-1.7541637106981178	1.7541637106981176
N_LP.192	-0.9284973187180753	0.9284973187180751
N_LP.1920	-0.6456788442022907	0.6456788442022906
N_LP.1921	1.4813152519879458	-1.481315251987946
N_LP.1922	-1.2699343301748043	1.2699343301748043
N_LP.1923	0.8963660966260889	-0.8963660966260887
N_LP.1924	-1.258157213352683	1.2581572133526828
N_LP.1925	-0.8236049917829652	0.8236049917829652
N_LP.1926	-0.16817860340576293	0.1681786034057631
N_LP.1927	1.6064764369820652	-1.6064764369820645
N_LP.1928	-0.08118012609390506	0.08118012609390524
N_LP.1929	0.6575914429673512	-0.6575914429673508
N_LP.193	-1.1105980823987558	1.1105980823987558
N_LP.1930	-1.2650252516397444	1.2650252516397442
N_LP.1931	0.7414207019760795	-0.7414207019760796
N_LP.1932	-0.8155870151986526	0.8155870151986526
N_LP.1933	1.4806488903105304	-1.4806488903105302
N_LP.1934	-1.455904542749847	1.455904542749847
N_LP.1935	1.034622197691619	-1.0346221976916183
N_LP.1936	-0.9757089624327013	0.9757089624327013
N_LP.1937	0.8331496166055993	-0.8331496166055989
N_LP.1938	-0.40507849859865885	0.40507849859865896
N_LP.1939	1.0523544111112886	-1.0523544111112884
N_LP.194	-1.5722168292589733	1.5722168292589733
N_LP.1940	1.5326715044462578	-1.532671504446257
N_LP.1941	-1.2420855971557636	1.2420855971557636
N_LP.1942	0.3033522890577007	-0.3033522890577006
N_LP.1943	-0.9189574763864381	0.9189574763864381
N_LP.1944	-1.3465054087821684	1.3465054087821684
N_LP.1945	-1.2672415895352787	1.2672415895352784
N_LP.1946	1.569767171591774	-1.5697671715917738
N_LP.1947	0.7317829657640356	-0.7317829657640352
N_LP.1948	-1.0557932608616694	1.0557932608616691
N_LP.1949	-1.06928627940857	1.06928627940857
N_LP.195	-1.5771995663858869	1.5771995663858867
N_LP.1950	-0.3628319410548318	0.3628319410548317
N_LP.1951	-1.2509078294214289	1.2509078294214289
N_LP.1952	0.7352585286701762	-0.7352585286701759
N_LP.1953	0.7318281629939953	-0.7318281629939948
N_LP.1954	1.6438137839842455	-1.643813783984245
N_LP.1955	-0.5692293428335555	0.5692293428335556
N_LP.1956	-0.006876393998938288	0.006876393998938287
N_LP.1957	1.556092790779436	-1.5560927907794349
N_LP.1958	-0.9478897802219564	0.9478897802219561
N_LP.1959	0.9258824844584994	-0.9258824844584992
N_LP.196	1.0251236360555476	-1.0251236360555471
N_LP.1960	0.20589997372702482	-0.2058999737270248
N_LP.1961	0.40407235935317304	-0.4040723593531728
N_LP.1962	-0.6876364987448579	0.6876364987448578
N_LP.1963	0.8908216893149383	-0.8908216893149382
N_LP.1964	-0.8545929619962843	0.8545929619962842
N_LP.1965	-1.3343781949716307	1.3343781949716307
N_LP.1966	-1.713931675498352	1.7139316754983516
N_LP.1967	-1.5406504856357774	1.5406504856357774
N_LP.1968	1.0310792368202841	-1.031079236820284
N_LP.1969	0.6634900854598287	-0.6634900854598283
N_LP.197	0.16590550615391603	-0.1659055061539158
N_LP.1970	-1.0790243584496646	1.0790243584496644
N_LP.1971	0.06132076583553872	-0.06132076583553851
N_LP.1972	-1.5900127954494079	1.5900127954494079
N_LP.1973	1.5561243081583884	-1.5561243081583884
N_LP.1974	1.0565171040987766	-1.0565171040987764
N_LP.1975	0.9976853487374799	-0.9976853487374795
N_LP.1976	0.43555895407442907	-0.435558954074429
N_LP.1977	-0.2159992816896359	0.21599928168963586
N_LP.1978	0.46660413735163525	-0.46660413735163514
N_LP.1979	-1.343152313040772	1.343152313040772
N_LP.198	0.2960657828784419	-0.2960657828784416
N_LP.1980	0.003947137084049807	-0.003947137084049807
N_LP.1981	-0.284216760312386	0.28421676031238613
N_LP.1982	-0.1595316785122861	0.15953167851228628
N_LP.1983	0.8286376088549257	-0.8286376088549253
N_LP.1984	0.4412379367315829	-0.441237936731583
N_LP.1985	1.0877589021583167	-1.0877589021583165
N_LP.1986	1.5979681851002	-1.5979681851001994
N_LP.1987	0.8574254646971601	-0.8574254646971596
N_LP.1988	1.4862152278627232	-1.4862152278627232
N_LP.1989	0.5340049432445018	-0.5340049432445015
N_LP.199	-1.1576073249909722	1.157607324990972
N_LP.1990	-1.039677798350089	1.039677798350089
N_LP.1991	-0.6119873458235997	0.6119873458235997
N_LP.1992	0.47663084330167416	-0.47663084330167405
N_LP.1993	-1.459048535235897	1.4590485352358968
N_LP.1994	-0.3563458911630406	0.3563458911630408
N_LP.1995	-0.18543233215775295	0.18543233215775293
N_LP.1996	0.4354664448422943	-0.4354664448422938
N_LP.1997	1.617708131942902	-1.617708131942902
N_LP.1998	0.3951731997997971	-0.39517319979979665
N_LP.1999	1.2407190608275525	-1.2407190608275518
N_LP.2	-0.6651951558013552	0.6651951558013551
N_LP.20	-1.4324234152135313	1.4324234152135313
N_LP.200	-1.110159589734912	1.1101595897349117
N_LP.2000	0.028493977828098455	-0.028493977828098056
N_LP.2001	-0.703902958334378	0.7039029583343781
N_LP.2002	0.9618460152889079	-0.9618460152889073
N_LP.2003	-1.3400730972127088	1.3400730972127088
N_LP.2004	-1.3793378680735833	1.3793378680735828
N_LP.2005	-0.408380733551098	0.40838073355109794
N_LP.2006	1.6037072272030237	-1.6037072272030233
N_LP.2007	-0.6716380977539532	0.6716380977539531
N_LP.2008	-1.3035745244256693	1.3035745244256691
N_LP.2009	1.0218196558662076	-1.021819655866207
N_LP.201	1.2670815673960103	-1.26708156739601
N_LP.2010	-1.0961784771230907	1.0961784771230907
N_LP.2011	-0.4550141920698884	0.4550141920698883
N_LP.2012	-0.30181616905237796	0.3018161690523781
N_LP.2013	-1.2092700753284118	1.2092700753284116
N_LP.2014	-1.3906077976078168	1.3906077976078168
N_LP.2015	-1.5428955306853516	1.5428955306853511
N_LP.2016	-0.021406218659667357	0.02140621865966755
N_LP.2017	0.2451663571625216	-0.24516635716252178
N_LP.2018	-0.9090462615197588	0.9090462615197588
N_LP.2019	-1.0587198573070729	1.0587198573070729
N_LP.202	1.259252529551284	-1.2592525295512835
N_LP.2020	0.09150083692706729	-0.09150083692706688
N_LP.2021	0.8008270948272224	-0.8008270948272223
N_LP.2022	-1.5615548739328318	1.561554873932832
N_LP.2023	-1.553649969488523	1.5536499694885233
N_LP.2024	-1.2981035900560511	1.2981035900560507
N_LP.2025	1.3586599173490348	-1.3586599173490344
N_LP.2026	1.2066417544789845	-1.2066417544789843
N_LP.2027	0.4557928829114816	-0.4557928829114815
N_LP.2028	0.19362657463185004	-0.1936265746318498
N_LP.2029	1.0715100077275195	-1.0715100077275193
N_LP.203	-1.6223788786991413	1.622378878699141
N_LP.2030	-0.5627580536598491	0.5627580536598492
N_LP.2031	-0.45931700437137896	0.45931700437137907
N_LP.2032	1.3444084690286022	-1.3444084690286016
N_LP.2033	0.6001423158068087	-0.6001423158068084
N_LP.2034	1.3854965507787238	-1.3854965507787231
N_LP.2035	0.4433653815497233	-0.44336538154972327
N_LP.2036	-1.5423763094703333	1.5423763094703329
N_LP.2037	1.6290842808097858	-1.6290842808097854
N_LP.2038	1.3931202077656422	-1.3931202077656415
N_LP.2039	-0.6719326069657251	0.6719326069657251
N_LP.204	1.5167124396969607	-1.5167124396969607
N_LP.2040	-0.016877864440408542	0.01687786444040854
N_LP.2041	1.035923045894968	-1.035923045894968
N_LP.2042	-0.20043311483397278	0.20043311483397272
N_LP.2043	1.122204867553631	-1.1222048675536305
N_LP.2044	-1.3991966149088013	1.3991966149088013
N_LP.2045	-0.8329083695566875	0.8329083695566872
N_LP.2046	-1.616451425885673	1.6164514258856726
N_LP.2047	-0.8815637257182786	0.8815637257182786
N_LP.2048	-0.7288811236607523	0.7288811236607524
N_LP.2049	0.47290353045614036	-0.4729035304561401
N_LP.205	-0.8577527800232541	0.857752780023254
N_LP.2050	-0.44553440396841	0.44553440396841004
N_LP.2051	-0.18079608667297584	0.18079608667297578
N_LP.2052	-1.5530076069938148	1.5530076069938146
N_LP.2053	-0.47038037155903545	0.47038037155903534
N_LP.2054	1.3655970358340168	-1.365597035834016
N_LP.2055	1.4866266338461422	-1.4866266338461411
N_LP.2056	-1.2510723262336132	1.2510723262336132
N_LP.2057	-1.645316904503668	1.6453169045036682
N_LP.2058	0.7286328894206539	-0.7286328894206535
N_LP.2059	-0.6906265972877993	0.6906265972877994
N_LP.206	0.7351307090883353	-0.7351307090883349
N_LP.2060	1.2384569483618897	-1.238456948361889
N_LP.2061	0.9920319935961208	-0.9920319935961208
N_LP.2062	0.09504187824662971	-0.0950418782466295
N_LP.2063	-0.37346828394631165	0.37346828394631176
N_LP.2064	1.5852660200017767	-1.5852660200017763
N_LP.2065	1.0833298033197623	-1.083329803319762
N_LP.2066	-1.1346883913055208	1.1346883913055206
N_LP.2067	1.2347773911785145	-1.2347773911785138
N_LP.2068	1.4978124210238095	-1.4978124210238093
N_LP.2069	1.1834719858086276	-1.1834719858086273
N_LP.207	-0.13318332027545832	0.13318332027545848
N_LP.2070	1.0220958040586736	-1.0220958040586734
N_LP.2071	1.5007577222842765	-1.5007577222842763
N_LP.2072	1.1413821858848296	-1.141382185884829
N_LP.2073	-1.0325485819375133	1.032548581937513
N_LP.2074	-1.6698647439830763	1.6698647439830758
N_LP.2075	0.19686349350176222	-0.19686349350176238
N_LP.2076	-1.4296567321679479	1.4296567321679479
N_LP.2077	1.0837849806489803	-1.08378498064898
N_LP.2078	-0.3227540239950549	0.32275402399505504
N_LP.2079	-0.17430316418491854	0.1743031641849187
N_LP.208	1.108073699701147	-1.1080736997011467
N_LP.2080	0.874565040088763	-0.874565040088763
N_LP.2081	-0.8890520503608044	0.8890520503608044
N_LP.2082	-0.03524561774801867	0.03524561774801866
N_LP.2083	0.7698080292139838	-0.769808029213984
N_LP.2084	-0.8184507115604679	0.8184507115604679
N_LP.2085	1.558741630106181	-1.5587416301061805
N_LP.2086	0.9495882982730545	-0.9495882982730544
N_LP.2087	-0.6620267637562037	0.6620267637562038
N_LP.2088	0.12563662439565065	-0.12563662439565063
N_LP.2089	-1.3730158346457508	1.3730158346457504
N_LP.209	0.34936664046868066	-0.34936664046868043
N_LP.2091	0.6752685596993149	-0.675268559699315
N_LP.2092	0.8694277816730465	-0.8694277816730464
N_LP.2093	1.0041478817636176	-1.0041478817636174
N_LP.2094	-0.6076410092851448	0.6076410092851449
N_LP.2095	1.4303504108235707	-1.4303504108235705
N_LP.2096	-0.738503445781661	0.738503445781661
N_LP.2097	-1.2134185257349157	1.2134185257349153
N_LP.2098	-0.1859749426022824	0.18597494260228234
N_LP.2099	1.659281721350604	-1.6592817213506033
N_LP.21	-0.5529279500482555	0.5529279500482553
N_LP.210	1.0736933309249712	-1.0736933309249708
N_LP.2100	1.1360267421605024	-1.136026742160502
N_LP.2101	0.09536800756128962	-0.0953680075612896
N_LP.2102	-0.21008592627984143	0.2100859262798414
N_LP.2103	0.911499509353235	-0.9114995093532349
N_LP.2104	1.33821588744705	-1.3382158874470496
N_LP.2105	-1.5486892875400764	1.5486892875400757
N_LP.2106	0.9406819331330378	-0.9406819331330378
N_LP.2107	0.09795385787040525	-0.09795385787040524
N_LP.2108	1.0602358542755554	-1.0602358542755552
N_LP.2109	0.7128407566875526	-0.7128407566875523
N_LP.211	-0.1623080949327468	0.16230809493274698
N_LP.2110	-1.1431409363117104	1.1431409363117102
N_LP.2111	-1.0891748746308192	1.0891748746308192
N_LP.2112	0.22081349820997506	-0.2208134982099748
N_LP.2113	0.4234255811917686	-0.4234255811917683
N_LP.2114	-1.6602016660699035	1.6602016660699033
N_LP.2115	0.10784763982976169	-0.10784763982976167
N_LP.2116	0.9049353869610383	-0.904935386961038
N_LP.2117	0.7812214720169602	-0.7812214720169601
N_LP.2118	-1.1779318441543876	1.1779318441543873
N_LP.2119	-0.1260915093136032	0.12609150931360316
N_LP.212	-1.358514391132475	1.3585143911324749
N_LP.2120	0.20174130172082994	-0.2017413017208299
N_LP.2121	-0.8205256807671095	0.8205256807671093
N_LP.2122	0.4261621948873447	-0.4261621948873446
N_LP.2123	-1.403518033809138	1.403518033809138
N_LP.2124	0.9828384194671363	-0.982838419467136
N_LP.2125	1.489514171743788	-1.4895141717437874
N_LP.2126	1.4387080939709718	-1.4387080939709713
N_LP.2127	-0.7282388872772405	0.7282388872772404
N_LP.2128	1.2487197088929098	-1.2487197088929094
N_LP.2129	-1.015684464354536	1.015684464354536
N_LP.213	0.17079016640979794	-0.1707901664097979
N_LP.2130	0.1439701618610933	-0.14397016186109327
N_LP.2131	1.3296044890261187	-1.3296044890261185
N_LP.2132	0.7479017161993808	-0.7479017161993807
N_LP.2133	-0.36993359149325455	0.36993359149325467
N_LP.2134	-1.5453708982888712	1.5453708982888705
N_LP.2135	0.08552845406007836	-0.08552845406007854
N_LP.2136	1.3743382602016911	-1.3743382602016907
N_LP.2137	-1.69049387127604	1.6904938712760398
N_LP.2138	0.8719959174145504	-0.8719959174145498
N_LP.2139	1.602651121667799	-1.602651121667799
N_LP.214	-0.8525528006192739	0.8525528006192737
N_LP.2140	0.5080663679391925	-0.5080663679391924
N_LP.2141	0.9743673247137528	-0.9743673247137522
N_LP.2142	0.9282801406924895	-0.9282801406924893
N_LP.2143	1.2332174383339634	-1.2332174383339631
N_LP.2144	-0.6569989298622786	0.6569989298622787
N_LP.2145	1.4222535690893572	-1.4222535690893565
N_LP.2146	0.6615455555674297	-0.6615455555674296
N_LP.2147	1.3259160591564785	-1.3259160591564783
N_LP.2148	0.04494489819758762	-0.04494489819758761
N_LP.2149	1.2935595430158413	-1.2935595430158409
N_LP.215	-0.05357700696108156	0.053577006961081544
N_LP.2150	0.2965362691575153	-0.29653626915751524
N_LP.2151	-0.2071619807269861	0.20716198072698608
N_LP.2152	-1.0339855211278282	1.0339855211278277
N_LP.2153	0.050904924752655976	-0.050904924752655574
N_LP.2154	1.3286428875189218	-1.3286428875189213
N_LP.2155	-0.3165317860220267	0.3165317860220268
N_LP.2156	1.281436058336111	-1.2814360583361109
N_LP.2157	-0.8080548241415313	0.8080548241415313
N_LP.2158	0.4544830959010347	-0.4544830959010344
N_LP.2159	-0.8268243120244299	0.82682431202443
N_LP.216	0.34889916399946796	-0.34889916399946785
N_LP.2160	1.2751619812048742	-1.2751619812048738
N_LP.2161	0.03622366083627573	-0.036223660836275526
N_LP.2162	-0.3638983872983932	0.3638983872983933
N_LP.2163	1.1015075422169949	-1.1015075422169947
N_LP.2164	-1.2497427704953823	1.249742770495382
N_LP.2165	1.1839359947360313	-1.183935994736031
N_LP.2166	-0.17142034228301747	0.17142034228301745
N_LP.2167	0.3348811107575773	-0.33488111075757704
N_LP.2168	0.20181231984157538	-0.20181231984157513
N_LP.2169	0.3678707274169633	-0.3678707274169632
N_LP.217	-0.4703995516302527	0.4703995516302526
N_LP.2170	1.42899650315948	-1.4289965031594793
N_LP.2171	1.3238068558363911	-1.323806855836391
N_LP.2172	1.4718405265726562	-1.471840526572656
N_LP.2173	-1.5532066352011982	1.5532066352011973
N_LP.2174	-1.4144054360271276	1.4144054360271274
N_LP.2175	-1.8171999245944217	1.8171999245944213
N_LP.2176	0.3195270953070052	-0.3195270953070051
N_LP.2177	0.8409627991098602	-0.8409627991098599
N_LP.2178	1.5994085739035389	-1.5994085739035386
N_LP.2179	0.3431453004908382	-0.3431453004908379
N_LP.218	0.6645814111574779	-0.6645814111574776
N_LP.2180	0.7700428561854661	-0.7700428561854658
N_LP.2181	-1.0659775808578948	1.0659775808578948
N_LP.2182	0.9327157272687945	-0.9327157272687943
N_LP.2183	-0.2867930621912826	0.2867930621912827
N_LP.2184	-0.36352588293873883	0.3635258829387388
N_LP.2185	0.06858948077394521	-0.0685894807739452
N_LP.2186	-0.8171454518400009	0.8171454518400008
N_LP.2187	1.5794001179595738	-1.5794001179595734
N_LP.2188	0.7858116213724508	-0.7858116213724504
N_LP.2189	0.11402186842183464	-0.11402186842183441
N_LP.219	-0.08096644080331943	0.08096644080331941
N_LP.2190	-1.4318565765805065	1.4318565765805065
N_LP.2191	-0.9415905459577315	0.9415905459577315
N_LP.2192	1.547822741820731	-1.5478227418207304
N_LP.2193	0.7028261646167051	-0.702826164616705
N_LP.2194	0.6864839689812224	-0.6864839689812221
N_LP.2195	-0.4583011200227673	0.4583011200227672
N_LP.2196	0.8892215027289784	-0.8892215027289779
N_LP.2197	0.6321397025372764	-0.6321397025372758
N_LP.2198	0.5629612733385679	-0.5629612733385677
N_LP.2199	0.90554738915162	-0.9055473891516198
N_LP.22	0.29478195226816734	-0.2947819522681671
N_LP.220	-0.7859961846408425	0.7859961846408423
N_LP.2200	-1.3079966197016597	1.3079966197016593
N_LP.2201	0.7160412863448462	-0.7160412863448459
N_LP.2202	-0.23348592103058438	0.23348592103058435
N_LP.2203	1.0896745475195915	-1.089674547519591
N_LP.2204	0.7558272466148466	-0.7558272466148462
N_LP.2205	-0.7355862390234266	0.7355862390234266
N_LP.2206	1.6061247493785602	-1.6061247493785606
N_LP.2207	1.3688750056142196	-1.3688750056142187
N_LP.2208	-1.547732051526396	1.547732051526396
N_LP.2209	-0.6481063313183565	0.6481063313183564
N_LP.221	1.0471742895639626	-1.0471742895639624
N_LP.2210	-0.7752838589277061	0.7752838589277062
N_LP.2211	1.1675880648328014	-1.167588064832801
N_LP.2212	0.507803130385822	-0.5078031303858215
N_LP.2213	0.7836794094782628	-0.7836794094782626
N_LP.2214	1.3381439618701916	-1.3381439618701914
N_LP.2215	-1.0124832651308076	1.0124832651308073
N_LP.2216	0.0802709563597143	-0.08027095635971429
N_LP.2217	-0.37817015917541985	0.37817015917541974
N_LP.2218	1.1693808508751933	-1.1693808508751926
N_LP.2219	-1.4764761958940877	1.4764761958940873
N_LP.222	0.7693516704037571	-0.7693516704037566
N_LP.2220	0.5983874285369813	-0.5983874285369812
N_LP.2221	-0.8287206302216898	0.8287206302216897
N_LP.2222	1.3659765526011238	-1.3659765526011236
N_LP.2223	-0.9183531974622026	0.9183531974622026
N_LP.2224	1.378887506690857	-1.3788875066908575
N_LP.2225	0.8238753986782849	-0.8238753986782844
N_LP.2226	-1.3191201422700198	1.3191201422700198
N_LP.2227	0.3878538617833344	-0.3878538617833346
N_LP.2228	-0.707075299916658	0.7070752999166579
N_LP.2229	-0.6417630437483354	0.6417630437483355
N_LP.223	-0.33881432005145606	0.33881432005145623
N_LP.2230	-0.45636574679882186	0.45636574679882175
N_LP.2231	0.8717825573966856	-0.8717825573966855
N_LP.2232	-0.8071401416183597	0.8071401416183597
N_LP.2233	0.9910765099661983	-0.9910765099661982
N_LP.2234	-1.24782480232814	1.2478248023281395
N_LP.2235	1.1850646998235814	-1.1850646998235812
N_LP.2236	-0.44685728135995273	0.4468572813599527
N_LP.2237	-0.5217207497798474	0.5217207497798475
N_LP.2238	1.4769094661798665	-1.4769094661798667
N_LP.2239	0.44621158354085083	-0.4462115835408505
N_LP.224	-1.3443888546093674	1.344388854609367
N_LP.2240	-0.8556450758864478	0.8556450758864477
N_LP.2241	-0.4404549531699001	0.4404549531699
N_LP.2242	-0.1672421472105255	0.16724214721052563
N_LP.2243	0.5554226378411641	-0.555422637841164
N_LP.2244	-0.8442542150397427	0.8442542150397427
N_LP.2245	0.5838932506937009	-0.5838932506937006
N_LP.2246	-1.141653603030718	1.1416536030307178
N_LP.2247	0.0887494185501579	-0.08874941855015768
N_LP.2248	-1.0833029269677776	1.0833029269677772
N_LP.2249	0.6506944873845746	-0.6506944873845745
N_LP.225	-0.9170773809162346	0.9170773809162344
N_LP.2250	0.21892392934430438	-0.21892392934430435
N_LP.2251	-1.0404099544861944	1.0404099544861944
N_LP.2252	1.0411766494780887	-1.0411766494780885
N_LP.2253	-1.4251706187539344	1.4251706187539344
N_LP.2254	0.4903659998802727	-0.4903659998802728
N_LP.2255	0.3505358585127496	-0.3505358585127494
N_LP.2256	0.686177186249263	-0.6861771862492629
N_LP.2257	0.3307905565177426	-0.3307905565177423
N_LP.2258	0.559814095429079	-0.5598140954290789
N_LP.2259	1.3650020222981618	-1.3650020222981616
N_LP.226	1.6223924361179485	-1.6223924361179474
N_LP.2260	0.34378931891949877	-0.34378931891949893
N_LP.2261	0.056104441782179	-0.05610444178217919
N_LP.2262	0.024975543772372398	-0.024975543772372
N_LP.2263	0.8373015803574129	-0.8373015803574126
N_LP.2264	-1.1549395883985676	1.1549395883985674
N_LP.2265	-1.56731640108951	1.5673164010895095
N_LP.2266	1.6282022010858634	-1.6282022010858628
N_LP.2267	0.8824922952799147	-0.8824922952799141
N_LP.2268	-1.1178228661876195	1.1178228661876195
N_LP.2269	-0.08642589981081024	0.08642589981081042
N_LP.227	-1.6461718640469714	1.6461718640469711
N_LP.2270	-0.7736671912109113	0.7736671912109112
N_LP.2271	0.7774770145554534	-0.7774770145554533
N_LP.2272	1.6047548369677391	-1.604754836967739
N_LP.2273	-0.339273076255957	0.33927307625595715
N_LP.2274	-0.6522120954337766	0.6522120954337765
N_LP.2275	-1.8041685276097643	1.8041685276097639
N_LP.2276	-1.672968389423936	1.6729683894239349
N_LP.2277	1.5277415476871272	-1.5277415476871263
N_LP.2278	1.5707871312888448	-1.5707871312888444
N_LP.2279	-0.6109475387528193	0.6109475387528194
N_LP.228	1.3633101822369542	-1.3633101822369538
N_LP.2280	-1.1717967222048347	1.1717967222048347
N_LP.2281	0.103804392503168	-0.10380439250316818
N_LP.2282	-1.4860383015618128	1.4860383015618126
N_LP.2283	1.369439391545054	-1.3694393915450542
N_LP.2284	-1.5383409487358621	1.538340948735862
N_LP.2285	1.5511091888770583	-1.5511091888770576
N_LP.2286	-0.9027169538382576	0.9027169538382573
N_LP.2287	0.34345730087858606	-0.3434573008785856
N_LP.2288	0.6505096573005685	-0.6505096573005682
N_LP.2289	0.924971392923157	-0.9249713929231569
N_LP.229	1.0169213275491122	-1.016921327549112
N_LP.2290	0.007429279972305671	-0.0074292799723056704
N_LP.2291	0.5602594524098685	-0.5602594524098682
N_LP.2292	-0.9913559320416233	0.9913559320416233
N_LP.2293	-1.3318447237311437	1.3318447237311435
N_LP.2294	0.02910945258429313	-0.029109452584293125
N_LP.2295	1.0784865276189401	-1.07848652761894
N_LP.2296	-1.5983072246316883	1.5983072246316883
N_LP.2297	-0.040377812213275896	0.04037781221327589
N_LP.2298	-0.8730956224378003	0.8730956224378003
N_LP.2299	-1.3802104903606305	1.3802104903606305
N_LP.23	-1.7344565469084186	1.7344565469084179
N_LP.230	1.0281007495110988	-1.0281007495110985
N_LP.2300	-0.45684164170326047	0.4568416417032606
N_LP.2301	0.2545535106831512	-0.25455351068315096
N_LP.2302	0.13328793193828944	-0.13328793193828922
N_LP.2303	-1.0413858925230015	1.0413858925230015
N_LP.2304	-0.6389912691277505	0.6389912691277504
N_LP.2305	-0.5085916764259119	0.5085916764259117
N_LP.2306	-0.1922402513200643	0.19224025132006445
N_LP.2307	-1.0742156362658626	1.0742156362658624
N_LP.2308	-1.1933993383164125	1.1933993383164125
N_LP.2309	-0.6933789278884737	0.6933789278884736
N_LP.231	1.2564458352382826	-1.2564458352382821
N_LP.2310	1.43384127131641	-1.4338412713164097
N_LP.2311	0.7459125138524341	-0.7459125138524337
N_LP.2312	-0.57154781419842	0.5715478141984199
N_LP.2313	-1.3732768248256086	1.3732768248256086
N_LP.2314	-1.445118438242784	1.4451184382427837
N_LP.2315	0.8264947692164548	-0.8264947692164547
N_LP.2316	-1.1363354163091957	1.1363354163091957
N_LP.2317	-1.1900803742775294	1.1900803742775294
N_LP.2318	-0.04596844895748788	0.045968448957487876
N_LP.2319	-0.3458281174070857	0.34582811740708563
N_LP.232	-0.5857747838571009	0.5857747838571008
N_LP.2320	1.5476689920422828	-1.547668992042282
N_LP.2321	1.0200077720466476	-1.0200077720466476
N_LP.2322	-0.6860955816809846	0.6860955816809845
N_LP.2323	-0.9812503330960732	0.9812503330960732
N_LP.2324	0.2835668495510491	-0.28356684955104905
N_LP.2325	1.1269662481715967	-1.1269662481715965
N_LP.2326	-0.7348701413464823	0.7348701413464822
N_LP.2327	0.09546812467410094	-0.09546812467410093
N_LP.2328	0.29125526304157573	-0.29125526304157584
N_LP.2329	-0.7957809469706563	0.7957809469706564
N_LP.233	-0.08376164949562284	0.08376164949562302
N_LP.2330	0.9970093126828613	-0.9970093126828613
N_LP.2331	-0.5971877384761655	0.5971877384761654
N_LP.2332	-1.4738612343694752	1.4738612343694752
N_LP.2333	-0.2156684923793101	0.21566849237931007
N_LP.2334	-1.6280292225330995	1.6280292225330997
N_LP.2335	0.05133010364688072	-0.051330103646880704
N_LP.2336	1.5718177305982297	-1.5718177305982288
N_LP.2337	0.14224451280962688	-0.14224451280962663
N_LP.2338	-0.5630575949027881	0.5630575949027882
N_LP.2339	-1.479495299330905	1.4794952993309047
N_LP.234	-0.5122959465829166	0.5122959465829167
N_LP.2340	-1.126859496078297	1.126859496078297
N_LP.2341	0.005056538038145532	-0.0050565380381451365
N_LP.2342	-0.4953525870529544	0.49535258705295426
N_LP.2343	1.0319305738293167	-1.031930573829316
N_LP.2344	-1.2797790464398178	1.2797790464398178
N_LP.2345	-0.42368589881392626	0.42368589881392615
N_LP.2346	1.1305316393153344	-1.1305316393153342
N_LP.2347	1.1537745148008578	-1.1537745148008574
N_LP.2348	0.43510778329950967	-0.43510778329950955
N_LP.2349	-0.8535068239960961	0.8535068239960961
N_LP.235	1.202063510266801	-1.2020635102668005
N_LP.2350	-0.8560031332936475	0.8560031332936473
N_LP.2351	-0.03975793572000038	0.03975793572000057
N_LP.2352	0.4251326470325528	-0.4251326470325527
N_LP.2353	-0.5759333136139334	0.5759333136139335
N_LP.2354	-0.7823897162070949	0.7823897162070947
N_LP.2355	-0.1652006614402367	0.16520066144023668
N_LP.2356	-0.9260282933344114	0.9260282933344114
N_LP.2357	-0.28711002007728076	0.2871100200772807
N_LP.2358	0.33412822587271707	-0.334128225872717
N_LP.2359	-1.0160500635888565	1.0160500635888565
N_LP.236	-0.4108315992709158	0.41083159927091567
N_LP.2360	-0.87283187271358	0.8728318727135799
N_LP.2361	1.5361593962099283	-1.536159396209928
N_LP.2362	-1.182928777006431	1.1829287770064307
N_LP.2363	1.49084478038421	-1.4908447803842098
N_LP.2364	-0.004094352516142636	0.004094352516142636
N_LP.2365	-0.3002004849153053	0.30020048491530527
N_LP.2366	-0.9578150030255966	0.9578150030255964
N_LP.2367	0.0011119472219594823	-0.0011119472219594821
N_LP.2368	-1.0462412307229996	1.0462412307229991
N_LP.2369	1.2625811697543106	-1.26258116975431
N_LP.237	0.17588047283898636	-0.17588047283898614
N_LP.2370	-0.014039992671592982	0.014039992671592979
N_LP.2371	-0.265736629891411	0.2657366298914111
